player_name,team_abbr,position,overall,espn_id,rating_source,rating_year
Angok Anyang,aamu,F,77.3,5243157,2k,2026
Bilal Abdur-Rahman,aamu,G,78.5,5177520,2k,2026
Gabe Kincy,aamu,G,70.7,5313394,2k,2026
Isaiah Ramey,aamu,G,68.8,5313398,2k,2026
Jalen Carruth,aamu,G,77.2,5313395,2k,2026
James Flippin,aamu,F,72.8,5243342,2k,2026
James Graham III,aamu,G,72.7,4711691,2k,2026
Jayden Jackson,aamu,G,71.3,5313396,2k,2026
Kintavious Dozier,aamu,G,74.6,5177572,2k,2026
Koron Davis,aamu,G,75.9,5174561,2k,2026
Lou Hutchinson,aamu,G,72.0,5105972,2k,2026
PJ Eason,aamu,F,73.5,5243339,2k,2026
Peyton Daniels Sr.,aamu,G,76.5,4683837,2k,2026
Sami Pissis,aamu,G,69.4,5108915,2k,2026
Samuel Onu,aamu,F,69.5,4897072,2k,2026
Tajden Davis,aamu,G,75.2,5313397,2k,2026
Bradyn Hubbard,acu,F,74.8,5241314,2k,2026
Cade Hornecker,acu,F,75.4,5107885,2k,2026
Cbo Newton,acu,G,74.0,5177575,2k,2026
Christian Alston,acu,G,78.5,5241312,2k,2026
Isaac Dye,acu,G,77.2,5314820,2k,2026
Isaiah Carrillo,acu,G,77.8,5314819,2k,2026
Joseph Scott,acu,F,72.2,5314818,2k,2026
Joseph Venzant,acu,G,71.3,4897572,2k,2026
Ma'Shy Hill,acu,F,76.0,5177705,2k,2026
Rich Smith,acu,G,72.0,5241310,2k,2026
Tylan Lewis,acu,G,74.6,5314817,2k,2026
Yaniel Rivera,acu,G,73.3,5177702,2k,2026
Zy Wright,acu,G,70.7,5260535,2k,2026
A.J. Patterson,af,G,70.7,5247860,2k,2026
Brendan Martin,af,F,70.8,5313896,2k,2026
Caleb Walker,af,F,67.6,5182084,2k,2026
Chris Catchings,af,G,78.5,5313900,2k,2026
Eli Robinson,af,F,69.5,5247864,2k,2026
Elliott Taite,af,G,68.8,5248174,2k,2026
Ethan Greenberg,af,G,74.6,5313898,2k,2026
Josh Gatete,af,F,75.4,5182078,2k,2026
Justin Hinds,af,G,74.0,5313897,2k,2026
Kam Sanders,af,G,69.4,5313893,2k,2026
Keaton Frisch,af,F,76.0,5313895,2k,2026
Kolby Gilles,af,F,74.8,5182079,2k,2026
Kyle Marshall,af,G,72.0,5247865,2k,2026
Lucas Hobin,af,F,72.8,5313899,2k,2026
Riley Dering,af,F,76.7,5313894,2k,2026
Sam Imade,af,F,72.2,5313901,2k,2026
Wesley Celichowski,af,C,76.8,5182077,2k,2026
Amani Lyles,akr,F,72.8,5108060,2k,2026
Bowen Hardman,akr,G,75.9,5105840,2k,2026
Chabi Barre,akr,F,78.0,5105882,2k,2026
Cody Head,akr,G,75.2,5176192,2k,2026
Conner Groce,akr,G,77.2,5241472,2k,2026
Eric Mahaffey,akr,G,72.7,5241471,2k,2026
Evan Mahaffey,akr,G,72.0,5105847,2k,2026
Josh Henderson,akr,G,74.6,5314280,2k,2026
Marvin Musiime-Kamali,akr,G,71.3,5176139,2k,2026
Ognjen Stankovic,akr,G,69.4,5314282,2k,2026
Rich Brisco,akr,F,77.3,5241469,2k,2026
Shammah Scott,akr,G,70.0,5106652,2k,2026
Sharron Young,akr,G,68.8,5241470,2k,2026
Tai Perkins,akr,G,70.7,5314279,2k,2026
Tavari Johnson,akr,G,74.0,5108059,2k,2026
Zach Halligan,akr,G,76.5,5176138,2k,2026
Aden Holloway,ala,G,74.6,4684276,2k,2026
Aiden Sherrell,ala,F,69.5,4873184,2k,2026
Amari Allen,ala,F,78.0,5101833,2k,2026
Collins Onyejiaka,ala,C,69.7,5311499,2k,2026
Davion Hannah,ala,G,75.2,5101805,2k,2026
Houston Mallette,ala,G,72.7,4709141,2k,2026
Jack Fagan,ala,G,75.9,5325014,2k,2026
Jacob Martin,ala,F,71.5,5325011,2k,2026
Jalil Bethea,ala,G,77.8,5101656,2k,2026
Keitenn Bristow,ala,F,76.0,5241440,2k,2026
Klark James,ala,G,74.0,5325013,2k,2026
Latrell Wrightsell,ala,G,68.8,4702484,2k,2026
London Jemison,ala,F,72.8,5144139,2k,2026
Noah Williamson,ala,C,68.4,5105668,2k,2026
Preston Murphy Jr.,ala,G,71.3,4433289,2k,2026
Taylor Bol Bowen,ala,F,76.7,4685658,2k,2026
Alex Hawkins,alcn,SG,75.4,5313434,2k,2026
Bryson Calamese,alcn,PG,78.5,5313433,2k,2026
Davian Williams,alcn,PG,71.3,5243188,2k,2026
Jameel Morris,alcn,PG,72.7,5177232,2k,2026
Jeremy Ellis,alcn,PF,76.8,5313432,2k,2026
Mike Jones,alcn,SG,74.1,5313435,2k,2026
Nick Woodard,alcn,SF,70.2,5242279,2k,2026
Omari Hamilton,alcn,F,76.0,5243190,2k,2026
Ray Glasgow,alcn,SG,76.7,5242993,2k,2026
Shane Lancaster,alcn,G,74.0,5107789,2k,2026
Travis Roberts,alcn,SG,71.5,4684734,2k,2026
Tycen McDaniels,alcn,F,72.8,5243189,2k,2026
William Henderson,alcn,F,74.8,5256466,2k,2026
Asjon Anderson,alst,G,77.8,5105478,2k,2026
Cameron Palesse,alst,G,71.3,4897484,2k,2026
Damarien Yates,alst,G,68.8,5240279,2k,2026
Damarion Bonds,alst,G,76.5,5114198,2k,2026
Damion Cox Jr.,alst,G,75.2,5313400,2k,2026
JaSteven Walker,alst,F,68.9,5107441,2k,2026
Jerquarius Stanback,alst,F,69.5,5242812,2k,2026
Jordon Marshall,alst,G,73.3,5242810,2k,2026
Kevin Alabi,alst,F,78.0,5242811,2k,2026
Mario Andrews,alst,C,76.2,5242808,2k,2026
Micah Simpson,alst,G,70.7,5242807,2k,2026
R'Chaun King,alst,F,74.1,5313402,2k,2026
Trey Miller,alst,G,72.0,5108892,2k,2026
Tyler Byrd,alst,G,75.9,5313399,2k,2026
Tyler Mack,alst,G,74.0,5178892,2k,2026
Tyler Mason,alst,F,72.2,5313401,2k,2026
Bryson Wheatfall,amcc,G,69.4,5314704,2k,2026
Cedric Horton,amcc,G,75.2,5314708,2k,2026
Cenker Evran,amcc,F,76.7,5314709,2k,2026
D'Avian Houston,amcc,G,74.6,4585602,2k,2026
Daniel Michelini-Jackson,amcc,G,74.0,5314705,2k,2026
Franck Yetna,amcc,F,67.6,5111902,2k,2026
Jaden Haire,amcc,F,75.4,5314706,2k,2026
Jamal Ambrose,amcc,F,78.0,5107267,2k,2026
Kam Parker,amcc,G,72.0,5176710,2k,2026
Kayden Crosby,amcc,F,77.3,5243129,2k,2026
Kobi Pearson,amcc,F,70.8,5314703,2k,2026
Leo Torbor,amcc,G,70.0,5107813,2k,2026
Mason Gibson,amcc,G,76.5,4898169,2k,2026
Michael Oaks,amcc,F,72.8,5193275,2k,2026
Nick Shogbonyo,amcc,G,70.7,5241914,2k,2026
Sheldon Williams,amcc,F,68.2,5243128,2k,2026
Trenton Pane,amcc,G,72.7,5314707,2k,2026
Adrian Samuels,amer,G,68.1,5105280,2k,2026
Carson McDonald,amer,F,70.8,5314449,2k,2026
Chris Eagan,amer,F,74.8,5314451,2k,2026
Dean Hogans,amer,G,74.6,5314445,2k,2026
Eric Michaels,amer,F,70.2,5242760,2k,2026
Geoff Sprouse,amer,G,66.8,5105660,2k,2026
Gibraltar Coleman,amer,F,76.0,5176026,2k,2026
Greg Jones,amer,F,72.8,5176028,2k,2026
Jack Anderson,amer,G,78.5,5314447,2k,2026
Julen Iturbe,amer,F,73.5,5242761,2k,2026
Kade Sebastian,amer,G,67.5,5314446,2k,2026
Kamran Prince,amer,G,68.8,5236228,2k,2026
Luke Brown,amer,F,77.3,5314450,2k,2026
Madden Collins,amer,G,75.9,5314444,2k,2026
Matt Mayock,amer,F,71.5,5176029,2k,2026
Matthew Casey,amer,G,77.2,5314448,2k,2026
Noah Jones,amer,F,72.2,5176027,2k,2026
Shane O'Reilly,amer,G,69.4,5242759,2k,2026
Wyatt Nausadis,amer,G,70.0,5242758,2k,2026
Alonzo Dodd,app,G,74.6,5108925,2k,2026
Andrin Njock,app,F,69.5,5239586,2k,2026
Brewer Carruth,app,G,76.5,5240665,2k,2026
Cameron O'Kelley,app,G,69.4,5239584,2k,2026
Chad Moodie,app,F,70.8,5177526,2k,2026
Dalyn Brandon,app,G,77.8,5240668,2k,2026
Eren Banks,app,G,78.5,5176798,2k,2026
Grant Clayton,app,F,74.8,5312356,2k,2026
Jacari Brim,app,G,77.2,5312352,2k,2026
Jalen Tot,app,G,68.8,5312355,2k,2026
Jason Clarke Jr.,app,G,75.9,5239579,2k,2026
KJ Vasser,app,G,68.1,5312351,2k,2026
Kasen Jennings,app,G,74.0,4700841,2k,2026
Luke Ledford,app,G,73.3,5176759,2k,2026
Luke Wilson,app,C,66.5,5176754,2k,2026
Michael Marcus Jr.,app,F,72.2,5239587,2k,2026
Ted Neal,app,G,70.7,5312353,2k,2026
Tre McKinnon,app,F,71.5,5312354,2k,2026
Anton Brookshire,apsu,PG,78.5,4683734,2k,2026
Collin Parker,apsu,F,72.2,5312891,2k,2026
Creighton Morisch,apsu,F,72.8,5312888,2k,2026
Hansel Enmanuel,apsu,PG,77.2,5108913,2k,2026
Ja'Corey Robinson,apsu,PG,72.0,5312890,2k,2026
Matt Enright,apsu,PG,76.5,5312887,2k,2026
Quan Lax,apsu,PG,75.2,5239753,2k,2026
Rashaud Marshall,apsu,F,74.1,5060699,2k,2026
Tate McCubbin,apsu,G,74.0,5239748,2k,2026
Terrell Gaines,apsu,PG,75.9,5239750,2k,2026
Travis Torain,apsu,G,71.3,5312889,2k,2026
Tyler Wagner,apsu,G,70.7,5312886,2k,2026
Zyree Collins,apsu,PG,77.8,5312885,2k,2026
Addison Arnold,ariz,G,77.8,4896359,2k,2026
Anthony Dell'Orso,ariz,G,75.9,5108141,2k,2026
Bryce James,ariz,G,73.3,5082287,2k,2026
Dwayne Aristode,ariz,F,78.0,5186456,2k,2026
Evan Nelson,ariz,G,70.7,4702960,2k,2026
Ivan Kharchenkov,ariz,F,72.2,5311896,2k,2026
Jackson Cook,ariz,G,76.5,5174956,2k,2026
Jackson Francois,ariz,G,74.6,5105542,2k,2026
Mabil Mawut,ariz,F,70.8,5311898,2k,2026
Motiejus Krivas,ariz,C,71.0,5174954,2k,2026
Sidi Gueye,ariz,F,73.5,5311897,2k,2026
Sven Djopmo,ariz,G,75.2,5239487,2k,2026
Tobe Awaka,ariz,F,76.7,5105555,2k,2026
Amere Brown,ark,G,78.5,5144085,2k,2026
Ayden Kelley,ark,G,75.9,5238196,2k,2026
Billy Richmond III,ark,G,74.0,5060732,2k,2026
D.J. Wagner,ark,G,71.3,4683777,2k,2026
Elmir Džafic,ark,C,76.8,5311500,2k,2026
Isaiah Sealy,ark,G,72.7,5101797,2k,2026
Jaden Karuletwa,ark,G,76.5,5238194,2k,2026
Karim Rtail,ark,G,73.3,5281348,2k,2026
Karter Knox,ark,G,75.2,4869777,2k,2026
Malique Ewin,ark,F,76.7,5105546,2k,2026
Nick Pringle,ark,F,74.1,4703887,2k,2026
Paulo Semedo,ark,F,71.5,5258495,2k,2026
Alex Engro,army,G,75.9,5243047,2k,2026
Brendon O'Keefe,army,G,69.4,5243046,2k,2026
Chanse Perkins,army,F,68.2,5108812,2k,2026
Dayon Polk,army,G,68.1,5243048,2k,2026
Dillon Watt,army,G,67.5,5314457,2k,2026
Dylan Benner,army,F,77.3,5314458,2k,2026
Dylan Murans,army,F,69.5,5243050,2k,2026
Jacen Holloway,army,F,72.8,5243043,2k,2026
Jackson Furman,army,G,74.6,5314456,2k,2026
Jackson Mayo,army,G,71.3,5108813,2k,2026
Jahaan Green,army,G,74.0,5314459,2k,2026
Jaxson Bell,army,G,78.5,5243049,2k,2026
Jorn Everson,army,F,74.8,5108810,2k,2026
Joshua Eli,army,F,76.0,5243044,2k,2026
Kevin McCarthy,army,G,70.7,5243045,2k,2026
Nnaemeka Ikechi,army,F,72.2,5243051,2k,2026
Ryan Curry,army,G,77.2,5176030,2k,2026
Tate Laczkowski,army,F,71.5,5176034,2k,2026
Aly Tounkara,arst,F,68.2,5242438,2k,2026
CJ Geathers,arst,G,75.2,5312386,2k,2026
Chandler Jackson,arst,G,72.0,4712843,2k,2026
Christian Harmon,arst,G,74.0,5312387,2k,2026
Chudi Dioramma,arst,F,76.0,5175409,2k,2026
Fredy-Salam Sylla,arst,G,69.4,5312391,2k,2026
Grayson Bennett,arst,F,78.0,5312385,2k,2026
Jalen Hampton,arst,G,74.6,5241394,2k,2026
Jaxon Ellingsworth,arst,F,75.4,5106055,2k,2026
Joey Chammaa,arst,G,77.2,5176449,2k,2026
Matt Hayman,arst,G,73.3,5109782,2k,2026
Rho Omed,arst,F,70.2,5331274,2k,2026
Royal Blue Smith,arst,G,70.0,5312390,2k,2026
TJ Caldwell,arst,G,77.8,5105545,2k,2026
Tim Matthews,arst,G,71.3,5312389,2k,2026
Weston Honeycutt,arst,G,72.7,5312388,2k,2026
Adante' Holiman,asu,G,75.2,4684620,2k,2026
Allen Mukeba,asu,F,71.5,5109033,2k,2026
Andrija Grbovic,asu,F,75.4,5311900,2k,2026
Anthony Johnson,asu,G,74.0,5189257,2k,2026
Bryce Ford,asu,G,76.5,5176231,2k,2026
Dame Salane,asu,C,69.0,5311902,2k,2026
Jovan Icitovic,asu,F,74.1,5311904,2k,2026
Kash Polk,asu,F,70.2,5144131,2k,2026
Marcus Adams Jr.,asu,F,78.0,5142326,2k,2026
Massamba Diop,asu,C,76.2,5311903,2k,2026
Maurice Odum,asu,G,71.3,5105457,2k,2026
Noah Meeusen,asu,G,72.7,5311901,2k,2026
Quentin McCoy,asu,G,73.3,5239488,2k,2026
Santiago Trouet,asu,F,68.9,5176444,2k,2026
Trevor Best,asu,G,77.8,5263625,2k,2026
Vijay Wallace,asu,G,68.8,5311899,2k,2026
Abdul Bashir,aub,G,78.5,5311501,2k,2026
Blake Muschalek,aub,G,73.3,5174652,2k,2026
Bradley Pearson,aub,G,71.3,5311505,2k,2026
CJ Williams,aub,G,68.1,5106287,2k,2026
Drake Cardwell,aub,G,77.2,5238198,2k,2026
Elyjah Freeman,aub,G,76.5,5311502,2k,2026
Emeka Opurum,aub,C,71.7,5311503,2k,2026
Filip Jovic,aub,F,74.8,5311506,2k,2026
Jeremiah Bowman,aub,G,77.8,5311504,2k,2026
Joah Shay,aub,G,70.0,5238197,2k,2026
Kaden Magwood,aub,G,74.6,5101808,2k,2026
KeShawn Murphy,aub,F,73.5,4683756,2k,2026
Kevin Overton,aub,G,72.0,5176314,2k,2026
Keyshawn Hall,aub,F,75.4,5075625,2k,2026
Reed Trapp,aub,G,69.4,5174653,2k,2026
Sebastian Williams-Adams,aub,F,67.0,5095154,2k,2026
Simon Walker,aub,G,68.8,5223184,2k,2026
Tahaad Pettiford,aub,G,70.7,4873089,2k,2026
Alex Farley,ball,G,74.6,5312914,2k,2026
Armoni Zeigler,ball,G,68.8,5177148,2k,2026
Cam Denson,ball,F,75.4,5105458,2k,2026
Davion Hill,ball,G,72.0,5176370,2k,2026
Devon Barnes,ball,G,78.5,5176789,2k,2026
Easton Foster,ball,F,72.8,5312912,2k,2026
Elmore James IV,ball,G,70.7,5108010,2k,2026
Fatt Hill,ball,G,71.3,5241480,2k,2026
Jai Anthoni Bearden,ball,F,77.3,5241481,2k,2026
Joey Hart,ball,G,72.7,5093254,2k,2026
Juwan Maxey,ball,G,69.4,5241705,2k,2026
Kayden Fish,ball,F,73.5,5103584,2k,2026
Kody Clancy,ball,G,77.2,5241482,2k,2026
Mason Jones,ball,F,69.5,5176167,2k,2026
Preston Copeland,ball,F,76.0,5312913,2k,2026
Zane Doughty,ball,C,74.2,5176168,2k,2026
Andre Iguodala II,bay,G,76.5,5196940,2k,2026
Caden Powell,bay,C,72.3,5107866,2k,2026
Dan Skillings Jr.,bay,G,72.0,5105811,2k,2026
Drew Perry,bay,G,74.0,5311905,2k,2026
Isaac Williams IV,bay,G,70.0,5243130,2k,2026
JJ White,bay,G,70.7,5107260,2k,2026
James Goodis,bay,G,77.2,5174781,2k,2026
James Nnaji,bay,C,74.2,5144059,2k,2026
Juslin Bodo Bodo,bay,C,76.8,5175662,2k,2026
Maikcol Perez,bay,F,74.1,5311907,2k,2026
Mayo Soyoye,bay,C,70.3,5311906,2k,2026
Michael Rataj,bay,G,72.7,5105627,2k,2026
Obi Agbim,bay,G,78.5,5241273,2k,2026
Tounde Yessoufou,bay,G,69.4,5095152,2k,2026
Will Kuykendall,bay,G,75.9,5174953,2k,2026
Aidan Shaw,bc,G,71.3,5105543,2k,2026
Akbar Waheed III,bc,G,68.8,5210830,2k,2026
Boden Kapke,bc,F,73.5,5103631,2k,2026
Caleb Steger,bc,G,70.7,5196919,2k,2026
Chase Forte,bc,G,75.9,4706918,2k,2026
Donald Hand Jr.,bc,G,75.2,4683629,2k,2026
Fred Payne,bc,G,73.3,4684268,2k,2026
Jack Bailey,bc,F,77.3,5144146,2k,2026
Jack DiDonna,bc,G,77.2,5183069,2k,2026
Jason Asemota,bc,F,78.0,5239489,2k,2026
Jayden Hastings,bc,F,74.1,4685671,2k,2026
Kany Tchanda,bc,F,69.5,5061602,2k,2026
Luka Toews,bc,G,69.4,5151855,2k,2026
Marko Radunovic,bc,G,72.0,5309819,2k,2026
Nick Petronio,bc,G,72.7,5238155,2k,2026
Will Eggemeier,bc,G,76.5,5238156,2k,2026
Ariel Bland,bcu,F,76.7,4900669,2k,2026
Arterio Morris,bcu,G,72.0,5106279,2k,2026
Dailon Minor,bcu,G,73.3,5313441,2k,2026
Daniel Rouzan,bcu,F,70.2,5108148,2k,2026
David Onanina,bcu,C,70.3,5106709,2k,2026
Doctor Bradley,bcu,G,76.5,5108978,2k,2026
Jakobi Heady,bcu,G,75.2,5178199,2k,2026
Jordan Johnson,bcu,G,74.0,5177605,2k,2026
Quentin Heady,bcu,F,74.1,5242938,2k,2026
Reggie Ward Jr.,bcu,F,69.5,5178203,2k,2026
Rickey Mitchell Jr.,bcu,G,72.7,5176249,2k,2026
Seneca Willoughby,bcu,G,69.4,5178200,2k,2026
Simeon Womack,bcu,G,68.8,5108848,2k,2026
Trayvon Barbary,bcu,G,77.8,5265246,2k,2026
Tyler Andrews,bcu,G,78.5,5109034,2k,2026
William Gonzalez,bcu,G,75.9,5243201,2k,2026
Aidan Noyes,bel,F,72.8,4710359,2k,2026
Brigham Rogers,bel,F,70.8,5176311,2k,2026
Cooper Haynes,bel,G,77.2,4873154,2k,2026
Drew Scharnowski,bel,F,70.2,5176309,2k,2026
Eoin Dillon,bel,F,78.0,5241333,2k,2026
Graydon Lemke,bel,F,75.4,5240585,2k,2026
Isaiah West,bel,G,69.4,4683784,2k,2026
Jabez Jenkins,bel,G,76.5,5241334,2k,2026
Jack Smiley,bel,G,70.0,5255092,2k,2026
Jake Dykstra,bel,G,77.8,5107972,2k,2026
Keith Robbins,bel,G,72.0,5107973,2k,2026
Nic McClain,bel,G,74.6,5175371,2k,2026
Sam Orme,bel,F,72.2,5176310,2k,2026
Tyler Lundblade,bel,G,75.2,4683944,2k,2026
Win Miller,bel,G,74.0,5176308,2k,2026
Ant McAfee,bell,G,73.3,5312899,2k,2026
Brian Waddell,bell,F,70.8,4823976,2k,2026
Darrius Bolden,bell,G,77.8,5312901,2k,2026
Dominique Murphy,bell,F,72.2,5312900,2k,2026
Donovan Hunter,bell,F,74.1,5176207,2k,2026
Grant Neal,bell,G,72.0,5239766,2k,2026
Grant Whitaker,bell,G,69.4,5175851,2k,2026
Jack Karasinski,bell,F,73.5,5106735,2k,2026
Jacob Wassler,bell,C,69.7,5312903,2k,2026
Kenyon Goodin,bell,G,75.2,5175850,2k,2026
Luke Anderson,bell,F,78.0,5175852,2k,2026
Michael Wilson Jr.,bell,F,68.2,5254207,2k,2026
Myles Watkins,bell,G,70.0,5239765,2k,2026
Sam Donald,bell,F,76.0,5312902,2k,2026
Tommy Clark,bell,G,77.2,5312898,2k,2026
Tyler Doyle,bell,G,75.9,5239763,2k,2026
Aiden Goins,bgsu,F,75.4,5312972,2k,2026
Alijah Adem,bgsu,G,78.5,5242565,2k,2026
Camden Karel,bgsu,F,74.8,5312971,2k,2026
Christian Dedivanaj,bgsu,G,77.2,5312970,2k,2026
Greg Spurgin,bgsu,F,70.2,4905915,2k,2026
Jason Kimbrough Jr.,bgsu,G,74.6,5312967,2k,2026
Javon Ruffin,bgsu,G,72.0,4693725,2k,2026
Javontae Campbell,bgsu,G,77.8,5242560,2k,2026
Jaxon Pardon,bgsu,G,72.7,5242559,2k,2026
Josiah Shackelford,bgsu,G,71.3,5312969,2k,2026
Justin Thomas,bgsu,G,69.4,5106773,2k,2026
Makhi Leach,bgsu,G,74.0,5312968,2k,2026
Mayar Wol,bgsu,F,67.6,5102799,2k,2026
Mohamed Maxamud,bgsu,F,72.8,5242563,2k,2026
Preston Squire,bgsu,F,69.5,5242564,2k,2026
Sam Towns,bgsu,F,68.2,4703531,2k,2026
Troy Glover II,bgsu,F,76.0,5112412,2k,2026
Bryson Wilson,bing,G,70.0,4895759,2k,2026
Demetrius Lilley,bing,C,73.0,5105848,2k,2026
Evan Ashe,bing,G,78.5,5174812,2k,2026
Jackson Benigni,bing,G,77.8,5106619,2k,2026
Jake Blackburn,bing,G,76.5,5312447,2k,2026
Jayden Kelsey,bing,G,75.2,5312444,2k,2026
Jayden Lemond,bing,G,74.6,4684622,2k,2026
Jeremiah Quigley,bing,G,72.7,5177097,2k,2026
Nevin Ibroci,bing,G,75.9,5241626,2k,2026
Ryan Richardson,bing,G,72.0,5312445,2k,2026
Sayerr Senghore,bing,F,70.8,5262128,2k,2026
Stephan Snagg,bing,F,70.2,5174814,2k,2026
Wes Peterson Jr.,bing,G,73.3,4897008,2k,2026
Zyier Beverly,bing,F,76.7,5312446,2k,2026
Aginaldo Neto,bois,G,70.7,5313902,2k,2026
Andrew Meadow,bois,F,70.8,5081887,2k,2026
Bhan Buom,bois,F,74.1,5313903,2k,2026
Brennan Ramirez,bois,G,69.4,5252550,2k,2026
Dominic Parolin,bois,F,69.5,4702518,2k,2026
Drew Fielder,bois,C,72.3,5082704,2k,2026
Dylan Andrews,bois,G,77.8,5105636,2k,2026
Ethan Lathan,bois,F,71.5,4873196,2k,2026
Javan Buchanan,bois,F,74.8,5241230,2k,2026
Julian Bowie,bois,G,75.9,5241229,2k,2026
Noah Bendinger,bois,G,77.2,5313904,2k,2026
Pearson Carmichael,bois,F,73.5,5117627,2k,2026
RJ Keene II,bois,G,72.7,4683941,2k,2026
Rayzhon Bergersen,bois,G,76.5,5191013,2k,2026
Spencer Ahrens,bois,F,78.0,5185444,2k,2026
AJ Smith,brad,F,72.8,5107626,2k,2026
Ahmet Jonovic,brad,C,74.9,5122918,2k,2026
Alex Huibregtse,brad,G,77.2,4702993,2k,2026
Corey Thomas,brad,F,72.2,5241358,2k,2026
Demarion Burch,brad,G,78.5,5176312,2k,2026
Dietrich Richardson,brad,G,75.2,5313820,2k,2026
Gus Rugaard,brad,G,74.6,5241361,2k,2026
Gustavo Guimares,brad,C,76.8,5313825,2k,2026
Handy Toussaint III,brad,F,71.5,5313823,2k,2026
Jackson Seastrunk,brad,G,74.0,5313822,2k,2026
Jaquan Johnson,brad,G,76.5,5241360,2k,2026
Kai Yu,brad,C,69.0,5175971,2k,2026
Matthew Zobrist,brad,G,69.4,5313821,2k,2026
Montana Wheeler,brad,G,70.7,5101794,2k,2026
Timoty van der Knaap,brad,G,71.3,5241359,2k,2026
Adrian Uchidiuno,brwn,G,70.0,5175855,2k,2026
Alexander Lesburt Jr.,brwn,G,74.0,5106208,2k,2026
Brady Loughlin,brwn,G,72.7,5312601,2k,2026
Charlie O'Sullivan,brwn,F,71.5,5312602,2k,2026
David Rochester,brwn,F,70.2,5241711,2k,2026
Drew Kania,brwn,F,74.8,5106207,2k,2026
Isaiah Langham,brwn,G,74.6,5312599,2k,2026
Jeremiah Jenkins,brwn,G,75.9,4873101,2k,2026
Jerrell Barron Jr.,brwn,G,78.5,5241710,2k,2026
Jonah Drezner,brwn,G,76.5,5312600,2k,2026
Landon Lewis,brwn,F,72.8,5106206,2k,2026
Luke Paragon,brwn,G,71.3,5175854,2k,2026
Malcolm Wrisby-Jefferson,brwn,G,69.4,5175853,2k,2026
N'famara Dabo,brwn,F,77.3,5175857,2k,2026
Wyatt DeGraaf,brwn,F,76.7,5241709,2k,2026
Aaron Davis III,bry,F,75.4,5174850,2k,2026
Ashley Sims II,bry,F,69.5,5313075,2k,2026
Daniel Akoue,bry,F,78.0,5313081,2k,2026
Ethane Bourgade,bry,F,76.0,5313082,2k,2026
Frankie Vassalluzzo,bry,G,68.8,5239716,2k,2026
Gio Sanford,bry,F,70.8,5313080,2k,2026
Jaheim Nyam,bry,G,73.3,5313077,2k,2026
Jakai Robinson,bry,G,72.7,4683741,2k,2026
Jason Sepe,bry,F,70.2,5239721,2k,2026
Joe Green,bry,G,74.6,5313078,2k,2026
Keegan Harvey,bry,F,73.5,4702741,2k,2026
Khalil Williams,bry,F,67.0,5239715,2k,2026
Langston Bailey,bry,G,77.2,5239719,2k,2026
Lennart Weber,bry,F,67.6,5313079,2k,2026
Michael DeOrsey,bry,G,75.2,5313084,2k,2026
Quincy Allen,bry,G,77.8,4433257,2k,2026
Reed Woerner,bry,G,66.8,5313083,2k,2026
Timofei Rudovskii,bry,F,71.5,5313085,2k,2026
Ty Tabales,bry,G,69.4,5313076,2k,2026
Andrew Bhesania,bu,F,76.0,5314462,2k,2026
Azmar Abdullah,bu,G,78.5,5242764,2k,2026
Ben Defty,bu,F,74.1,5242765,2k,2026
Ben Roy,bu,G,69.4,5105665,2k,2026
Chance Gladden,bu,G,74.0,5314460,2k,2026
Donte Tisinger Jr.,bu,G,68.8,5314463,2k,2026
Ethan Okwuosa,bu,G,70.0,5176036,2k,2026
Kyrone Alexander,bu,G,77.8,5176037,2k,2026
Malcolm Chimezie,bu,F,74.8,4684448,2k,2026
Matai Baptiste,bu,G,77.2,5176035,2k,2026
Michael McNair,bu,G,71.3,5176039,2k,2026
Otto Landrum,bu,F,71.5,5105666,2k,2026
Peter Carr,bu,G,75.9,5238191,2k,2026
Quinn Nielsen,bu,F,70.2,5176175,2k,2026
Sam Hughes,bu,F,72.8,5314461,2k,2026
Spencer Joyner,bu,G,72.7,5176040,2k,2026
Achile Spadone,buck,G,70.7,5242555,2k,2026
Aleksander Pachucki,buck,G,71.3,5239546,2k,2026
Amon Dörries,buck,C,74.9,5314477,2k,2026
Brady Muller,buck,F,72.2,5105667,2k,2026
Brandon McCreesh,buck,G,74.0,5176043,2k,2026
Grgur Brcic,buck,C,76.2,5176233,2k,2026
Jacob Meachem,buck,G,73.3,5314475,2k,2026
Jayden Williams,buck,G,69.4,5242553,2k,2026
Josh Fulton,buck,G,75.2,5105669,2k,2026
Kellen Welch,buck,F,69.5,5243652,2k,2026
Matt Lange,buck,G,74.6,5242554,2k,2026
Pat Curtin,buck,G,76.5,5314476,2k,2026
Patrick O'Brien,buck,F,71.5,5176042,2k,2026
Quin Berger,buck,G,78.5,5105976,2k,2026
Ruot Bijiek,buck,F,77.3,5105670,2k,2026
Aleksa Vlajic,buf,F,69.5,5312998,2k,2026
Angelo Brizzi,buf,G,77.8,4684022,2k,2026
Daniel Freitag,buf,G,76.5,5101672,2k,2026
Daniel Shao,buf,G,71.3,5243032,2k,2026
Derrick Talton Jr.,buf,G,70.7,5312996,2k,2026
Evan Romano,buf,G,72.7,5312999,2k,2026
Ezra McKenna,buf,F,74.8,5112334,2k,2026
Kyle Jones,buf,G,75.9,5312997,2k,2026
Matas Buteliauskas,buf,F,76.7,5312995,2k,2026
Mikhail Pocknett,buf,F,72.8,5180962,2k,2026
Noah Batchelor,buf,G,78.5,5105803,2k,2026
Omar Migues-Hibeljic,buf,G,74.6,5243025,2k,2026
Ryan Sabol,buf,G,72.0,5177188,2k,2026
Tim Oboh,buf,C,73.0,5243034,2k,2026
Azavier Robinson,but,G,70.0,5101796,2k,2026
Bryson Cardinal,but,F,76.0,5311947,2k,2026
Drayton Jones,but,C,73.6,5143607,2k,2026
Efeosa Oliogu-Elabor,but,F,70.2,5311946,2k,2026
Ethan McComb,but,G,72.0,5175355,2k,2026
Evan Haywood,but,G,75.9,5184903,2k,2026
Finley Bizjack,but,G,77.8,4848619,2k,2026
Jack McCaffery,but,F,72.2,5101835,2k,2026
Jackson Keith,but,F,72.8,5101859,2k,2026
Jalen Jackson,but,G,75.2,5107876,2k,2026
Jamie Kaiser Jr.,but,G,74.0,5060688,2k,2026
Kevin Ndzie,but,C,70.3,5311948,2k,2026
Michael Ajayi,but,F,78.0,5176517,2k,2026
Yame Butler,but,G,77.2,4700880,2k,2026
Yohan Traore,but,F,68.9,4869741,2k,2026
Abdullah Ahmed,byu,C,77.5,5183975,2k,2026
Aleksej Kostic,byu,G,74.6,5311908,2k,2026
Brody Kozlowski,byu,F,73.5,5243214,2k,2026
Dawson Baker,byu,G,77.8,4702626,2k,2026
Dominique Diomande,byu,F,75.4,5262996,2k,2026
Jared McGregor,byu,G,72.7,5105466,2k,2026
KJ Perry,byu,G,71.3,5329424,2k,2026
Keba Keita,byu,F,74.8,5105647,2k,2026
Kennard Davis Jr.,byu,F,76.0,4685654,2k,2026
Khadim Mboup,byu,F,72.8,5262601,2k,2026
Mihailo Boškovic,byu,F,76.7,5243211,2k,2026
Nate Pickens,byu,G,70.7,5107152,2k,2026
Robert Wright III,byu,G,69.4,5060709,2k,2026
Tyler Mrus,byu,F,71.5,5176299,2k,2026
Xavion Staton,byu,C,69.0,5143304,2k,2026
BJ Fisher,cal,G,72.7,5245385,2k,2026
Chris Bell,cal,F,77.3,4684627,2k,2026
Dai Dai Ames,cal,G,78.5,4845373,2k,2026
DeJuan Campbell,cal,G,75.9,5107343,2k,2026
Dhiaukuei Manyiel Dut,cal,F,70.2,5176804,2k,2026
John Camden,cal,F,76.0,4684155,2k,2026
Jorell Clark,cal,G,74.6,5311532,2k,2026
Jovani Ruff,cal,G,68.1,5041956,2k,2026
Justin Pippen,cal,G,68.8,5196370,2k,2026
Lee Dort,cal,F,72.8,4683672,2k,2026
Luke Butler,cal,G,77.2,5311533,2k,2026
Mantas Kocanas,cal,C,70.3,5239840,2k,2026
Milos Ilic,cal,C,71.0,4897890,2k,2026
Nolan Dorsey,cal,G,74.0,4703253,2k,2026
Rytis Petraitis,cal,F,68.9,5113388,2k,2026
Sammie Yeanay,cal,F,67.0,5061606,2k,2026
Semetri Carr,cal,G,75.2,5164560,2k,2026
Stephon Marbury II,cal,G,70.0,5238159,2k,2026
Broc Bidwell,cam,G,77.8,4782965,2k,2026
Cam Gregory,cam,G,74.0,5106610,2k,2026
Chris Fields Jr.,cam,F,74.8,5176752,2k,2026
DJ Smith,cam,G,70.7,4897215,2k,2026
Daniel Marcellinus,cam,F,71.5,5312139,2k,2026
Dominykas Butka,cam,G,77.2,5323982,2k,2026
Dovydas Butka,cam,F,76.0,5240935,2k,2026
Enoch Kalambay,cam,G,72.7,5176779,2k,2026
Israel Yaw,cam,F,69.5,5178894,2k,2026
Jeremiah Johnson,cam,G,73.3,4711262,2k,2026
Klairus Amir,cam,G,78.5,5312138,2k,2026
Muneer Newton,cam,F,70.8,5175796,2k,2026
Tasos Cook,cam,G,75.9,4897617,2k,2026
Terren Frank,cam,F,74.1,4433146,2k,2026
Andreo Ash,can,F,78.0,5311729,2k,2026
Anthony Benard,can,G,77.2,5176146,2k,2026
Brendan Oliver,can,F,70.2,5311728,2k,2026
Bryan Ndjonga,can,F,71.5,5175788,2k,2026
Chris Kumu,can,G,72.7,5311725,2k,2026
Evan van der Plas,can,F,68.9,5241462,2k,2026
Javante Edwards,can,G,75.2,5311726,2k,2026
Kahlil Singleton,can,G,70.0,5176059,2k,2026
King Ijeoma,can,F,73.5,5258414,2k,2026
Marcus Niblack,can,G,71.3,4703805,2k,2026
Max Jusianiec,can,G,73.3,5243383,2k,2026
Mike Evbagharu,can,G,74.6,5177167,2k,2026
Myles Wilmoth,can,F,68.2,4433560,2k,2026
Nicco DiGiulio,can,G,75.9,5177093,2k,2026
Trevor Augustine,can,G,77.8,5265865,2k,2026
Zach Christian,can,G,76.5,5311727,2k,2026
Camren Hunter,cark,G,74.6,4897018,2k,2026
Chris Mason,cark,F,71.5,5312924,2k,2026
Cole McCormick,cark,F,70.8,5239782,2k,2026
Ethan Thomas,cark,G,68.1,5239781,2k,2026
Harry Beauchamp,cark,G,77.8,5312922,2k,2026
J.C. Shulman,cark,G,68.8,5312920,2k,2026
Javion Guy-King,cark,G,75.2,4712848,2k,2026
Luke Moore,cark,G,70.7,5312926,2k,2026
Malchiah Marable,cark,F,72.8,5312925,2k,2026
Owen Derhmann,cark,G,75.9,5239778,2k,2026
Parker Applegate,cark,G,78.5,5247935,2k,2026
R.J. Newton,cark,G,70.0,5312921,2k,2026
Rashad Bolden,cark,G,77.2,4897558,2k,2026
Rylie Marshall,cark,G,72.7,5111680,2k,2026
Truman Byrne,cark,F,76.0,5312919,2k,2026
Ty Robinson,cark,G,69.4,5239780,2k,2026
Tyler Lee,cark,G,74.0,5239777,2k,2026
Bradey Henige,cbu,F,72.2,5241326,2k,2026
Chase Mayo Harmon,cbu,G,70.7,5314829,2k,2026
Devon Malcolm,cbu,F,70.8,5241323,2k,2026
Dominique Daniels Jr.,cbu,G,75.9,5178207,2k,2026
Jalen Dollar,cbu,G,74.6,5241322,2k,2026
Jayden Jackson,cbu,G,72.0,4897936,2k,2026
Jonathan Griman,cbu,F,72.8,5178211,2k,2026
Jordan Muller,cbu,G,70.0,5314832,2k,2026
Martel Williams,cbu,G,68.8,4702158,2k,2026
Miles Daniels,cbu,G,76.5,5314830,2k,2026
Monty Bowser,cbu,G,77.8,4591258,2k,2026
Mouhamadou Dioum,cbu,F,74.8,5241324,2k,2026
Nate Garcia,cbu,C,73.0,5314834,2k,2026
OJ Blankson,cbu,G,78.5,5314833,2k,2026
Rene D'Amelio,cbu,F,76.7,5314831,2k,2026
Thomas Ndong,cbu,F,68.9,5175014,2k,2026
Adam Fox,ccsu,G,77.2,5241695,2k,2026
Ashton Reynolds,ccsu,G,72.7,5312656,2k,2026
Corsley Edwards Jr.,ccsu,G,77.8,5312653,2k,2026
Daniel James,ccsu,F,75.4,5312654,2k,2026
Darin Smith Jr.,ccsu,F,70.2,5177229,2k,2026
Elijah Parker,ccsu,G,73.3,5312655,2k,2026
Gabe Spinelli,ccsu,G,70.0,5108787,2k,2026
Ja'Kobe Williams,ccsu,G,68.8,5117296,2k,2026
James Jones,ccsu,G,75.2,5241698,2k,2026
Jay Rodgers,ccsu,G,72.0,4703644,2k,2026
Jayden Mott,ccsu,F,73.5,5243056,2k,2026
Max Frazier,ccsu,F,76.0,5177169,2k,2026
Melo Sanchez,ccsu,G,71.3,5116128,2k,2026
Nico Ashley,ccsu,F,78.0,5115446,2k,2026
Rashawn Tibby,ccsu,F,68.9,5312657,2k,2026
Roddy Jones,ccsu,G,74.6,5241697,2k,2026
AJ Dancler,ccu,G,76.5,5177247,2k,2026
Andre Mulibea,ccu,G,71.3,4701246,2k,2026
Braeden MacVicar,ccu,F,72.2,5176792,2k,2026
Charles Dunlap,ccu,G,75.9,5239868,2k,2026
Connor Martin,ccu,F,71.5,5118041,2k,2026
DaJohn Craig,ccu,G,77.2,5172339,2k,2026
Derrick Green,ccu,F,74.8,5312427,2k,2026
Devin Brown,ccu,F,77.3,5312426,2k,2026
Jackson Keil,ccu,G,73.3,5239867,2k,2026
Jerry Ngopot,ccu,F,70.2,4898257,2k,2026
Joshua Beadle,ccu,G,78.5,4698718,2k,2026
Nadjrick Peat,ccu,F,69.5,5184709,2k,2026
Rasheed Jones,ccu,G,74.0,5107346,2k,2026
Reggie Hill,ccu,F,74.1,5108908,2k,2026
Tristan Thompson,ccu,G,69.4,5312425,2k,2026
A'lahn Sumler,chso,G,70.0,5106775,2k,2026
AJ Gladieux,chso,G,74.0,5313451,2k,2026
Anthony Gause,chso,G,74.6,5240411,2k,2026
Armari Carraway,chso,G,76.5,5313447,2k,2026
Brycen Blaine,chso,G,78.5,5107223,2k,2026
Devin Brafford,chso,F,77.3,5242928,2k,2026
Easton Hupp,chso,G,72.7,5313452,2k,2026
Jacob Taylor,chso,G,69.4,5313449,2k,2026
Jaquias Franklin,chso,G,75.2,5313448,2k,2026
Jesse Hafemeister,chso,F,72.8,5243382,2k,2026
Kaleb Lofton,chso,G,71.3,5180701,2k,2026
Lase Olalere,chso,F,70.2,5175655,2k,2026
Luke Williams,chso,G,68.8,5313450,2k,2026
Nate Brafford,chso,F,76.7,5107230,2k,2026
Reis Jones,chso,F,71.5,5107670,2k,2026
Trent Coleman,chso,F,75.4,5254986,2k,2026
Braelon Bush,chst,G,77.8,4703637,2k,2026
CJ Delancy,chst,F,74.8,5106594,2k,2026
CJ Ray,chst,F,71.5,5313922,2k,2026
Chauncey Gibson,chst,G,74.6,5105446,2k,2026
Corey Sands,chst,G,70.7,5191591,2k,2026
DaJuan Bates,chst,G,78.5,5110433,2k,2026
Dailliss Cox,chst,F,75.4,5241708,2k,2026
Dakari Thomas,chst,G,68.8,5243191,2k,2026
Daniel Zatsepin,chst,F,67.6,5313918,2k,2026
Deshawn Jean-Charles,chst,G,74.0,5109770,2k,2026
Doyel Cockrill III,chst,G,76.5,5247705,2k,2026
Greg Spate,chst,G,70.0,5177728,2k,2026
Joseph Owens,chst,F,72.2,5180772,2k,2026
Lionel Larvadain III,chst,G,73.3,5313921,2k,2026
Malek Robinson,chst,G,71.3,5313920,2k,2026
Marcus Tankersley,chst,G,69.4,5106744,2k,2026
Stephen Byard,chst,F,76.7,5177534,2k,2026
Bryson Buckingham,cin,G,77.2,5311909,2k,2026
Day Day Thomas,cin,G,70.0,5175032,2k,2026
Grant Darbyshire,cin,G,75.9,5105282,2k,2026
Halvine Dzellat,cin,C,74.2,5240256,2k,2026
Jalen Celestine,cin,G,76.5,4598611,2k,2026
Jalen Haynes,cin,F,73.5,4709151,2k,2026
Jizzle James,cin,G,73.3,5175033,2k,2026
Jordi Rodriguez,cin,G,71.3,5311911,2k,2026
Kerr Kriisa,cin,G,72.7,4683633,2k,2026
Keyshuan Tillery,cin,G,69.4,5196876,2k,2026
Lucas Atauri,cin,G,77.8,5311910,2k,2026
Moustapha Thiam,cin,C,69.7,5149078,2k,2026
Sencire Harris,cin,G,74.6,5105790,2k,2026
Shon Abaev,cin,G,78.5,5101852,2k,2026
Tyler McKinley,cin,F,71.5,4873163,2k,2026
Aidan Alexander,cit,F,77.3,5243247,2k,2026
Braxton Williams,cit,F,67.6,5314553,2k,2026
Carter Kingsbury,cit,G,71.3,4897421,2k,2026
Cassius Bonjasky,cit,F,76.0,5314556,2k,2026
Chase Williams,cit,F,67.0,5314554,2k,2026
Christian Moore,cit,F,69.5,5176171,2k,2026
Dante Kearse,cit,F,71.5,5243245,2k,2026
Eze Wali,cit,G,69.4,5243243,2k,2026
Gabe Hernandez,cit,G,73.3,5314552,2k,2026
Jack Walter,cit,G,68.8,5243246,2k,2026
Jameson Heck,cit,G,74.0,5314549,2k,2026
Keynan Davis,cit,G,75.9,5176173,2k,2026
Logan Applegate,cit,G,77.2,5314551,2k,2026
Logan Menefee,cit,F,70.2,5314557,2k,2026
Marcos Gonzales,cit,G,74.6,5314550,2k,2026
Rowan Irelan,cit,G,72.7,5176174,2k,2026
Simeon German,cit,F,74.8,5314555,2k,2026
Sola Adebisi,cit,F,78.0,5114809,2k,2026
Chevalier Emery,cle,G,77.2,5106598,2k,2026
David Giddens,cle,G,76.5,5313174,2k,2026
Dayan Nessah,cle,F,72.8,5239604,2k,2026
Foster Wonders,cle,G,69.4,4897481,2k,2026
Holden Pierre-Louis,cle,F,72.2,5240370,2k,2026
Ivan Spirov,cle,F,70.8,5313177,2k,2026
Jaidon Lipscomb,cle,G,74.0,5177686,2k,2026
Josiah Harris,cle,F,75.4,5106292,2k,2026
Kamari Jones,cle,G,74.6,5176378,2k,2026
Kevo St. Hilaire,cle,F,70.2,5313178,2k,2026
Lucas Burton,cle,F,77.3,5313176,2k,2026
Manny Hill,cle,G,75.2,5261965,2k,2026
Preist Ryan,cle,F,71.5,5176268,2k,2026
Tre Beard,cle,G,78.5,5182601,2k,2026
Waqo Tessema,cle,G,70.0,5313175,2k,2026
Ace Buckner,clem,G,78.5,5179085,2k,2026
Blake Davidson,clem,F,77.3,5311534,2k,2026
Butta Johnson,clem,G,74.6,5107144,2k,2026
Carter Welling,clem,F,70.2,5176397,2k,2026
Chase Thompson,clem,F,71.5,5196962,2k,2026
Dallas Thomas,clem,F,72.2,4869781,2k,2026
Dillon Hunter,clem,G,75.2,5105445,2k,2026
Jake Wahlin,clem,F,70.8,5174977,2k,2026
Jestin Porter,clem,G,74.0,5106880,2k,2026
Nick Davidson,clem,F,76.7,4699440,2k,2026
RJ Godfrey,clem,F,75.4,5105449,2k,2026
Trent Steinour,clem,F,72.8,5196959,2k,2026
Zac Foster,clem,G,76.5,5237299,2k,2026
Andrew Bailey,clt,F,78.0,5175048,2k,2026
Anton Bonke,clt,C,76.2,5240529,2k,2026
Arden Conyers,clt,F,74.8,5093265,2k,2026
Ben Bradford,clt,G,76.5,5239828,2k,2026
Damoni Harrison,clt,G,72.0,5242980,2k,2026
David Gomez,clt,F,72.2,5312040,2k,2026
Dezayne Mingo,clt,G,70.7,5240545,2k,2026
Ethan Butler,clt,F,75.4,4898117,2k,2026
Frank Oguche,clt,G,70.0,5312039,2k,2026
Jarne Elouna Eyenga,clt,F,73.5,5312041,2k,2026
Kuluel Mading,clt,C,70.3,4709150,2k,2026
Kylan Blackmon,clt,G,77.8,5107233,2k,2026
Major Freeman,clt,G,73.3,5242924,2k,2026
Nick Richart,clt,F,68.9,5175050,2k,2026
Raul Villar,clt,G,68.8,5312042,2k,2026
Spencer Elliott,clt,F,74.1,5175712,2k,2026
Jalen Kampen,cmu,G,72.0,5313257,2k,2026
Jaxson Whitaker,cmu,G,68.8,5313258,2k,2026
Jorden Brooks,cmu,G,75.9,5313262,2k,2026
Kareem Aburashed,cmu,C,77.5,5313259,2k,2026
Kayden Nation,cmu,F,69.5,5313261,2k,2026
Keenan Garner,cmu,F,73.5,5241663,2k,2026
Logan McIntire,cmu,G,71.3,5108789,2k,2026
Nathan Claerbaut,cmu,C,73.6,5313263,2k,2026
Nick Mullen,cmu,F,70.2,5116155,2k,2026
Nsikan Usen,cmu,F,68.9,5313256,2k,2026
Phat Phat Brooks,cmu,G,75.2,5239560,2k,2026
Rodney Johnson Jr.,cmu,F,72.2,5177611,2k,2026
Tamario Adley,cmu,G,77.8,5313260,2k,2026
Uchenna Amene,cmu,G,77.2,5313255,2k,2026
Ugnius Jarusevicius,cmu,F,72.8,5108721,2k,2026
Will Ashford,cmu,G,76.5,5257917,2k,2026
AJ Fowler,cofc,G,74.6,5313549,2k,2026
Bryce Baker,cofc,G,78.5,5106463,2k,2026
Chadlyn Traylor,cofc,G,68.8,5313546,2k,2026
Chol Machot,cofc,C,71.7,5313550,2k,2026
Chris Davis Jr.,cofc,G,76.5,5313548,2k,2026
Christian Reeves,cofc,C,69.7,5105444,2k,2026
Colby Duggan,cofc,F,74.8,5174947,2k,2026
Connor Hickman,cofc,G,74.0,4897447,2k,2026
Djordje Curcic,cofc,G,77.2,5174638,2k,2026
Jaxon Prunty,cofc,G,71.3,5060731,2k,2026
Jlynn Counter,cofc,G,77.8,5106754,2k,2026
Joey Scarpitti,cofc,G,70.0,5239614,2k,2026
Kendall Taylor,cofc,G,69.4,5313552,2k,2026
Martin Kalu,cofc,G,73.3,5313547,2k,2026
Mister Dean,cofc,G,75.9,5241746,2k,2026
Will Mortimore,cofc,F,71.5,5313551,2k,2026
Andrew Alekseyenko,colg,F,77.3,5314481,2k,2026
Ayomi Odetoyinbo,colg,F,70.8,5314480,2k,2026
Ben Tweedy,colg,G,70.0,5241633,2k,2026
Blake Forrest,colg,G,73.3,5242778,2k,2026
Brady Cummins,colg,G,74.0,5105671,2k,2026
Cameron Brennan,colg,F,76.7,5242777,2k,2026
Charlie Pugh,colg,G,70.7,5314478,2k,2026
Cooper Wright,colg,F,68.9,5176047,2k,2026
Ethan Brown,colg,F,76.0,5263812,2k,2026
Jalen Cox,colg,G,74.6,5176046,2k,2026
Jonathan Niv,colg,G,72.0,5314479,2k,2026
Josh Ahayere,colg,G,78.5,5242775,2k,2026
Kyle Carlesimo,colg,G,75.9,5107704,2k,2026
Parker Jones,colg,G,72.7,5176048,2k,2026
Sam Wright,colg,F,68.2,5176049,2k,2026
Stevie Clark,colg,G,75.2,5242776,2k,2026
Alon Michaeli,colo,F,71.5,5311912,2k,2026
Andrew Crawford,colo,G,78.5,5178038,2k,2026
Bangot Dak,colo,F,77.3,5175021,2k,2026
Barrington Hargress,colo,G,77.2,4712832,2k,2026
Elijah Malone,colo,C,72.3,5115357,2k,2026
Fawaz Ifaola,colo,C,74.9,5311913,2k,2026
Felix Kossaras,colo,G,74.0,5214643,2k,2026
Ian Inman,colo,G,75.2,5237434,2k,2026
Isaiah Johnson,colo,G,74.6,5254159,2k,2026
Jalin Holland,colo,G,76.5,5152729,2k,2026
Jon Mani,colo,G,72.7,5241919,2k,2026
Josiah Sanders,colo,G,70.0,5237444,2k,2026
Leonardo Van Elswyk,colo,C,68.4,5311914,2k,2026
Nick Randall,colo,F,70.2,5240258,2k,2026
Sebastian Rancik,colo,F,70.8,5144392,2k,2026
Avery Brown,colu,G,77.8,5106235,2k,2026
Blair Thompson,colu,F,68.2,5106237,2k,2026
Connor Igoe,colu,F,73.5,5313686,2k,2026
Dan Vessey,colu,G,68.1,5174806,2k,2026
Edwin Bai,colu,G,78.5,5313684,2k,2026
Gerard O'Keefe,colu,G,72.0,5241712,2k,2026
Hampton Sanders,colu,G,70.0,5313685,2k,2026
Josiah Cunningham,colu,G,75.9,5060729,2k,2026
Kenny Noland,colu,G,73.3,5106236,2k,2026
Leland Coleman,colu,F,76.0,5243061,2k,2026
Mason Ritter,colu,F,70.8,5241715,2k,2026
Miles Franklin,colu,G,74.6,5313687,2k,2026
Nicolo Romanelli,colu,G,70.7,5175886,2k,2026
Nigel Clarkson,colu,F,76.7,5241713,2k,2026
Richard Nweke,colu,F,72.2,5175887,2k,2026
Ryan Soulis,colu,F,68.9,5174631,2k,2026
Zine Eddine Bedri,colu,F,74.8,5113287,2k,2026
Alec Millender,conn,G,75.2,5241657,2k,2026
Braylon Mullins,conn,G,74.6,5196916,2k,2026
Dwayne Koroma,conn,F,75.4,4703011,2k,2026
Eric Reibe,conn,C,72.3,5152763,2k,2026
Jacob Furphy,conn,G,76.5,5248294,2k,2026
Jacob Ross,conn,F,72.2,5142624,2k,2026
Jayden Ross,conn,F,71.5,4895753,2k,2026
Jaylin Stewart,conn,F,70.2,4685647,2k,2026
Malachi Smith,conn,G,71.3,4683861,2k,2026
Rrezon Elezaj,conn,C,76.2,5312036,2k,2026
Silas Demary Jr.,conn,G,77.8,5054083,2k,2026
Solo Ball,conn,G,78.5,4895737,2k,2026
Uroš Paunovic,conn,G,74.0,5307570,2k,2026
Baasil Saunders,copp,G,70.7,5313944,2k,2026
Camaren Sparrow,copp,G,70.0,5176269,2k,2026
Chris Morgan,copp,F,72.8,4897522,2k,2026
Daveyon Lydner,copp,G,74.0,5313950,2k,2026
Demariontay Hall,copp,F,76.0,5252323,2k,2026
Elijah Taylor,copp,F,68.9,4433210,2k,2026
Favour Aire,copp,C,77.5,4684986,2k,2026
Hassan Perkins,copp,G,72.0,4896959,2k,2026
Hussain Williams,copp,G,68.1,5313946,2k,2026
Jamari Piercy,copp,G,71.3,5313948,2k,2026
Josiah Brown,copp,G,77.2,5313945,2k,2026
Khali Horton,copp,F,75.4,5176265,2k,2026
Macahi Nelson,copp,G,72.7,5108705,2k,2026
Nelson Lamizana,copp,F,74.1,5313949,2k,2026
Taj Thweatt,copp,F,68.2,4432364,2k,2026
Torrin Andrews,copp,G,77.8,5313947,2k,2026
Tyler Koenig,copp,F,74.8,5313951,2k,2026
AJ LaBeau,cor,F,71.5,5174972,2k,2026
AJ Rodriguez,cor,G,67.5,5241720,2k,2026
Adam Hinton,cor,G,74.0,5106243,2k,2026
Anthony Nimani,cor,G,70.7,5241718,2k,2026
Blake Lecklitner,cor,F,70.8,5313692,2k,2026
Cooper Noard,cor,G,69.4,5106247,2k,2026
Corbin Zentner,cor,G,66.2,5196671,2k,2026
DJ Nix,cor,F,69.5,4684840,2k,2026
DaMaryon Fishburn,cor,G,75.2,5313688,2k,2026
Elijah Griffin,cor,G,74.6,5313689,2k,2026
Gioacchino Panzini,cor,F,68.2,5241716,2k,2026
Ian Imegwu,cor,F,72.8,5175897,2k,2026
Jacob Beccles,cor,G,77.2,5175898,2k,2026
Jake Fiegen,cor,G,75.9,5175900,2k,2026
Jax Abalos,cor,F,78.0,5313690,2k,2026
Josh Baldwin,cor,G,77.8,5106245,2k,2026
Kaspar Sepp,cor,F,66.3,5176404,2k,2026
Mateen Rafiq,cor,G,68.1,5241717,2k,2026
Ryan Burbach,cor,G,76.5,5313691,2k,2026
Ty Iwanonkiw,cor,F,72.2,5241719,2k,2026
Aaron Price Jr.,cp,PF,70.3,5107280,2k,2026
Ali Assran,cp,F,78.0,5312010,2k,2026
Austin Goode,cp,F,73.5,5312011,2k,2026
Braden Freeman,cp,F,74.1,5312008,2k,2026
Cayden Ward,cp,G,68.8,5242269,2k,2026
Eric Brown,cp,F,76.7,5201356,2k,2026
Guzman Vasilic,cp,G,69.4,5242267,2k,2026
Hamad Mousa,cp,G,72.7,5239525,2k,2026
Jackson Mosley,cp,PG,73.3,5175173,2k,2026
Jake Davis,cp,G,76.5,5312009,2k,2026
Jason Scott,cp,G,70.7,5312006,2k,2026
Jess Esso Essis,cp,G,75.2,5312007,2k,2026
Kieran Elliott,cp,G,75.9,5242266,2k,2026
Luka Tarlac,cp,G,70.0,5105648,2k,2026
Peter Bandelj,cp,G,77.8,5242268,2k,2026
Troy Plumtree,cp,F,71.5,5312012,2k,2026
Aleksa Dimitrijevic,crei,C,76.8,5311956,2k,2026
Austin Swartz,crei,G,72.0,5144380,2k,2026
Blake Harper,crei,G,74.6,5243101,2k,2026
Fedor Zugic,crei,G,69.4,5075230,2k,2026
Hudson Greer,crei,G,75.2,5101788,2k,2026
Isaac Traudt,crei,F,69.5,4712866,2k,2026
Jackson McAndrew,crei,F,72.8,5061591,2k,2026
Jasen Green,crei,F,75.4,5105577,2k,2026
Josh Townley-Thomas,crei,F,70.2,5175359,2k,2026
Kerem Konan,crei,F,73.5,5311955,2k,2026
Liam McChesney,crei,F,72.2,4433038,2k,2026
Nik Graves,crei,G,76.5,5106863,2k,2026
Owen Freeman,crei,F,76.7,4894465,2k,2026
Shane Thomas,crei,G,71.3,5175358,2k,2026
Ty Davis,crei,G,78.5,5149116,2k,2026
Augustinas Kiudulas,csu,F,74.8,5176346,2k,2026
Brandon Rechsteiner,csu,G,71.3,5103590,2k,2026
Carey Booth,csu,F,78.0,5037880,2k,2026
Charlie Dortch,csu,F,76.0,5241233,2k,2026
Darnez Slater,csu,G,70.7,5241231,2k,2026
Docker Tedeschi,csu,F,69.5,5313906,2k,2026
Jase Butler,csu,G,77.8,5175589,2k,2026
Jevin Muniz,csu,G,72.7,5108770,2k,2026
Jojo McIver,csu,G,74.0,5313905,2k,2026
Jon Mekonnen,csu,F,72.8,5241232,2k,2026
Josh Pascarelli,csu,G,72.0,5177121,2k,2026
Kyle Jorgensen,csu,F,75.4,5241234,2k,2026
Nikola Djapa,csu,C,76.2,5177264,2k,2026
Rashaan Mbemba,csu,F,74.1,5176196,2k,2026
AJ George,csub,G,76.5,4897668,2k,2026
Bentley Waller,csub,G,70.7,5241844,2k,2026
CJ Hardy,csub,G,75.9,5241841,2k,2026
Caleb McCarty,csub,F,72.8,5179093,2k,2026
Colin Darby,csub,F,77.3,5241845,2k,2026
Dailin Smith,csub,G,71.3,4703106,2k,2026
Dylan Purnell,csub,G,72.0,5312304,2k,2026
Jaden Alexander,csub,G,78.5,5108983,2k,2026
Kadar Waller,csub,G,70.0,4899807,2k,2026
Mike Price,csub,G,72.7,5241842,2k,2026
Pierre Geneste Jr.,csub,C,76.2,5106879,2k,2026
Ronald Jessamy,csub,F,74.1,4895782,2k,2026
TJ James Jr.,csub,G,75.2,5312305,2k,2026
Tom Mark,csub,F,73.5,5175758,2k,2026
Bailey Nunn,csuf,G,74.0,5175404,2k,2026
Ben Winker,csuf,G,68.1,5312320,2k,2026
Bryce Cofield,csuf,G,78.5,5144135,2k,2026
Cam Smith,csuf,G,72.0,5312317,2k,2026
Christian Williams,csuf,G,68.8,5312315,2k,2026
Davis White,csuf,G,69.4,5312311,2k,2026
Jaden Henderson,csuf,G,75.9,4706262,2k,2026
Jefferson De La Cruz Monegro,csuf,G,77.8,5176246,2k,2026
Joshua Ward,csuf,G,70.7,5180837,2k,2026
KJ Garris,csuf,G,76.5,5312312,2k,2026
Karan Kolappa,csuf,G,74.6,5312316,2k,2026
Kendrick De Luna,csuf,F,76.7,5175763,2k,2026
Kidus Tilahun,csuf,G,71.3,5241870,2k,2026
Landon Seaman,csuf,F,72.2,4910887,2k,2026
Matthew Quinlan,csuf,G,73.3,5312319,2k,2026
Nicholas Khatchikian,csuf,G,75.2,5312318,2k,2026
Yesan Warren,csuf,G,70.0,5312314,2k,2026
Aleks Szymczyk,csun,C,68.4,5105528,2k,2026
Davius Loury,csun,F,70.8,5312429,2k,2026
Grady Lewis,csun,F,71.5,5117707,2k,2026
Greg Gazarian,csun,G,73.3,5241881,2k,2026
Jai Chisolm,csun,G,76.5,5312433,2k,2026
Jalen Barbee,csun,G,78.5,5241877,2k,2026
James Evans Jr.,csun,G,74.6,5241257,2k,2026
Jordan Brinson,csun,G,77.2,4432899,2k,2026
Joseph Barrio,csun,G,77.8,5241876,2k,2026
Joshua O'Garro,csun,G,70.7,4684167,2k,2026
Josiah Davis,csun,G,75.2,5106291,2k,2026
Larry Hughes II,csun,G,72.7,5105981,2k,2026
Mahmoud Fofana,csun,F,73.5,5175787,2k,2026
Max Rehl,csun,G,70.0,5312431,2k,2026
Omer Dahan,csun,G,75.9,5312432,2k,2026
Quinton Webb,csun,G,68.1,5107783,2k,2026
Robert Thibiant,csun,G,68.8,5241880,2k,2026
Anton Strelnikov,dart,C,71.0,5255091,2k,2026
Ben Brown,dart,G,77.2,5175919,2k,2026
Brandon Mitchell-Day,dart,F,73.5,5106240,2k,2026
Cam Hiatt,dart,G,75.9,5313700,2k,2026
Cameron McNamee,dart,G,74.6,5241722,2k,2026
Connor Amundsen,dart,PG,77.8,5152623,2k,2026
Jackson Munro,dart,F,72.8,5106242,2k,2026
Jayden Williams,dart,F,69.5,5106241,2k,2026
Kareem Thomas,dart,G,71.3,5241721,2k,2026
Khai Lockwood,dart,G,75.2,5324105,2k,2026
Nikola Abusara,dart,G,78.5,5175921,2k,2026
Patrick Tivnan Jr.,dart,F,70.2,5175920,2k,2026
Shanon Simango,dart,F,72.2,5241723,2k,2026
Tyler Garrett,dart,F,76.0,5313701,2k,2026
Brock Matheny,dav,G,71.3,5105870,2k,2026
Devin Brown,dav,G,77.2,5311849,2k,2026
Hunter Adam,dav,G,78.5,5174570,2k,2026
Ian Platteeuw,dav,G,70.0,5311851,2k,2026
JaQualon Roberts,dav,F,68.9,4848644,2k,2026
Joe Hurlburt,dav,G,74.0,5105613,2k,2026
John Nowland,dav,F,70.2,5311852,2k,2026
Josh Scovens,dav,G,68.8,5176031,2k,2026
Manie Joses,dav,F,72.8,5239519,2k,2026
Nick Coval,dav,G,75.9,5239520,2k,2026
Parker Friedrichsen,dav,G,75.2,4845382,2k,2026
Phillip Kavu,dav,G,72.7,5239521,2k,2026
RJ Greer,dav,G,74.6,5311850,2k,2026
Roberts Blums,dav,G,77.8,5239523,2k,2026
Sam Brown,dav,G,76.5,5182413,2k,2026
Sean Logan,dav,F,71.5,5105866,2k,2026
Amaël L'Etang,day,F,72.8,5239526,2k,2026
Bryce Heard,day,G,74.6,5041945,2k,2026
Damon Friery,day,F,75.4,5196941,2k,2026
De'Shayne Montgomery,day,G,71.3,5177122,2k,2026
Evan Dickey,day,G,76.5,5174575,2k,2026
Jacob Conner,day,F,77.3,5108991,2k,2026
Jaiun Simon,day,F,69.5,5174574,2k,2026
Jaron McKie,day,G,72.0,5101777,2k,2026
Javon Bennett,day,G,78.5,5106599,2k,2026
Jordan Derkack,day,G,77.2,5106600,2k,2026
Keonte Jones,day,G,74.0,5175785,2k,2026
Makai Grant,day,G,75.2,5174578,2k,2026
Malcolm Thomas,day,F,68.9,5101681,2k,2026
Sean Pouedet,day,G,70.7,5328797,2k,2026
Will Maxwell,day,G,72.7,5174577,2k,2026
Alex Kazanecki,del,G,73.3,5312333,2k,2026
Alex McFadden,del,G,72.0,5239620,2k,2026
Bouna Kebe,del,F,72.2,5240281,2k,2026
Brandon Baffone,del,G,78.5,5181545,2k,2026
Cavan Reilly,del,G,70.0,5105771,2k,2026
Christian Bliss,del,G,77.8,5142618,2k,2026
Houston Emory,del,F,75.4,5105772,2k,2026
Jameel Brown,del,G,77.2,5105846,2k,2026
Jayden Taylor,del,F,68.9,5312332,2k,2026
Justyn Fernandez,del,G,74.6,4917385,2k,2026
Lance Piper,del,G,70.7,5238226,2k,2026
Macon Emory,del,F,74.8,5239618,2k,2026
Mason Ellison,del,G,76.5,5312331,2k,2026
Nnanna Njoku,del,F,70.8,4433274,2k,2026
Tyler Houser,del,F,73.5,5107353,2k,2026
Carson Johnson,den,G,75.2,5314641,2k,2026
Corleone Dandridge,den,G,76.5,5314635,2k,2026
Devin Carney,den,G,77.8,5105884,2k,2026
Didier Maleng,den,F,72.8,5314642,2k,2026
Gabe Oldham,den,F,70.8,5314643,2k,2026
Ian Motta,den,F,72.2,4897910,2k,2026
Jeremiah Burke,den,F,78.0,5176954,2k,2026
Josh Lee,den,G,74.0,5176939,2k,2026
Julius Rollins,den,G,70.7,4898315,2k,2026
Kaden Holdbrook,den,G,75.9,5314639,2k,2026
Loch Cunningham,den,F,76.7,5241918,2k,2026
Logan Kinsey,den,F,74.1,5314636,2k,2026
Shaun Wysocki,den,F,68.9,5314634,2k,2026
Trajan Thompson,den,G,70.0,5314637,2k,2026
Zane Nelson,den,G,72.0,5314638,2k,2026
Amsal Delalic,dep,G,76.5,5238181,2k,2026
Brandon Maclin,dep,G,72.7,5241737,2k,2026
CJ Gunn,dep,G,75.2,5105796,2k,2026
Fabián Flores,dep,C,74.9,5312300,2k,2026
Ilija Milijaševic,dep,G,70.0,5312299,2k,2026
Isaiah Medina,dep,F,70.2,5254163,2k,2026
Jeremy Lorenz,dep,F,72.8,5176418,2k,2026
Jonas Johnson,dep,F,74.1,5312298,2k,2026
Kaleb Banks,dep,F,78.0,5105795,2k,2026
Khaman Maker,dep,C,71.0,4873206,2k,2026
Kruz McClure,dep,G,71.3,5254161,2k,2026
Layden Blocker,dep,G,77.2,4845358,2k,2026
NJ Benson,dep,F,77.3,5107903,2k,2026
Nate Kasher,dep,G,74.0,5240518,2k,2026
RJ Smith,dep,G,68.8,5105612,2k,2026
Théo Pierre-Justin,dep,F,68.9,5240520,2k,2026
Ayden Carter,detm,G,77.8,5313184,2k,2026
Jared Lary,detm,G,73.3,5191345,2k,2026
Je'kel Cotton,detm,G,77.2,5313181,2k,2026
Keshawn Fisher,detm,G,76.5,5313182,2k,2026
Lance Stone,detm,G,70.0,5215269,2k,2026
Legend Geeter,detm,F,75.4,4684296,2k,2026
London Maiden,detm,F,71.5,5108092,2k,2026
Nate Johnson,detm,G,74.6,5241614,2k,2026
Orlando Lovejoy,detm,G,72.7,5108764,2k,2026
Ryan Kalambay,detm,F,73.5,5241617,2k,2026
TJ Nadeau,detm,G,71.3,5241618,2k,2026
Tyler Spratt,detm,G,70.7,5241607,2k,2026
Xavier Istomin-Monroe,detm,C,74.2,5313183,2k,2026
Zak Abdalla,detm,G,78.5,5313185,2k,2026
Clem Edomwonyin,drex,F,74.1,5239625,2k,2026
Dillon Tingler,drex,G,70.7,5101666,2k,2026
Eli Beard,drex,G,77.8,5312144,2k,2026
Garfield Turner,drex,F,69.5,5105781,2k,2026
Horace Simmons Jr.,drex,F,70.8,5174941,2k,2026
Ignacio Campoy Galvez,drex,F,76.0,5312146,2k,2026
Josh Reed,drex,G,72.0,5239623,2k,2026
Kevon Vanderhorst,drex,G,69.4,5239624,2k,2026
Martin de LaPorterie,drex,F,74.8,5312145,2k,2026
Max Davis,drex,G,75.9,5105783,2k,2026
Moses Hipps,drex,G,73.3,5060723,2k,2026
Ralph Akuta,drex,F,78.0,5239626,2k,2026
Shane Blakeney,drex,G,77.2,5105778,2k,2026
Victor Panov,drex,F,72.2,5108105,2k,2026
Villiam Garcia Adsten,drex,G,74.0,5176529,2k,2026
Andrew Alia,drke,G,78.5,5107963,2k,2026
Braden Appelhans,drke,G,77.8,5107781,2k,2026
Bryson Bahl,drke,G,77.2,5313838,2k,2026
Eli Shetlar,drke,G,71.3,5176347,2k,2026
Griffen Goodbary,drke,F,73.5,5313836,2k,2026
Heri Bukinga,drke,F,76.0,5313839,2k,2026
Isaiah Carr,drke,F,75.4,4712893,2k,2026
Jaehshon Thomas,drke,G,70.7,5239829,2k,2026
Jalen Quinn,drke,G,72.7,5105965,2k,2026
LJ Rush,drke,G,72.0,5313837,2k,2026
Okku Federiko,drke,F,74.1,5186601,2k,2026
Owen Larson,drke,G,73.3,5241452,2k,2026
Wilguens Jr. Exacte,drke,F,74.8,5105646,2k,2026
Ademar Santos,dsu,F,72.8,5317276,2k,2026
Bessanty Saragba,dsu,F,72.2,5107879,2k,2026
Camian Shell,dsu,G,72.0,5174995,2k,2026
Corey Perkins,dsu,G,74.0,4897761,2k,2026
Cyril Obasogie,dsu,C,74.2,5317274,2k,2026
Dean Shepherd,dsu,G,71.3,5176278,2k,2026
Jalen St Clair,dsu,G,70.7,5317273,2k,2026
John Clemmons,dsu,G,77.2,5243397,2k,2026
Kareem Watson,dsu,F,68.9,5108720,2k,2026
Miles Webb,dsu,F,68.2,5106611,2k,2026
Muazibini Adamu,dsu,C,77.5,5317275,2k,2026
Omar Stephen,dsu,F,69.5,5326468,2k,2026
Ponce James,dsu,G,76.5,5243399,2k,2026
Rahmir Moore,dsu,G,75.9,4592477,2k,2026
Theodore Pendergrass III,dsu,G,74.6,5243398,2k,2026
Zion Bethea,dsu,G,77.8,4433577,2k,2026
Brock Davis,duke,G,77.8,5341547,2k,2026
Caleb Foster,duke,G,77.2,4711256,2k,2026
Cameron Sheffield,duke,G,73.3,4432321,2k,2026
Cayden Boozer,duke,G,78.5,5041937,2k,2026
Dame Sarr,duke,G,74.6,5287474,2k,2026
Darren Harris,duke,G,76.5,4873107,2k,2026
Ifeanyi Ufochukwu,duke,C,71.7,5107141,2k,2026
Jack Scott,duke,G,74.0,4888720,2k,2026
Nikolas Khamenia,duke,G,75.9,5144124,2k,2026
Patrick Ngongba II,duke,C,74.2,4873209,2k,2026
Sebastian Wilkins,duke,G,72.0,5144150,2k,2026
Alex Williams,duq,F,67.6,4897383,2k,2026
Arness Lawson,duq,G,72.0,5101772,2k,2026
Brandon Hall,duq,G,74.0,5239529,2k,2026
Cam Crawford,duq,G,77.2,4897466,2k,2026
David Dixon,duq,F,75.4,5105881,2k,2026
Dom Aekins,duq,G,78.5,5311857,2k,2026
Ethan Anish,duq,G,77.8,5174583,2k,2026
Frederik Jellum,duq,F,72.2,5311859,2k,2026
Jake DiMichele,duq,G,76.5,5174586,2k,2026
Jakub Necas,duq,F,69.5,5174582,2k,2026
Jimmie Williams,duq,G,67.5,5240353,2k,2026
John Hugley IV,duq,F,72.8,4432897,2k,2026
Lazar Milosevic,duq,F,70.2,5311860,2k,2026
Lucas Prolla,duq,G,69.4,5239527,2k,2026
Maximus Edwards,duq,G,75.2,4897708,2k,2026
Seamus McDermott,duq,G,71.3,5174585,2k,2026
Stef van Bussel,duq,C,67.8,5174643,2k,2026
Tarence Guinyard,duq,G,74.6,5243000,2k,2026
Corey Caulker,ecu,G,76.5,5312050,2k,2026
Daithi Quinn,ecu,G,70.0,5254179,2k,2026
Demitri Gardner,ecu,G,72.7,5252053,2k,2026
Eli DeLaurier,ecu,F,74.1,4858612,2k,2026
Giovanni Emejuru,ecu,C,73.0,4896939,2k,2026
Grant Smith,ecu,F,68.2,5175055,2k,2026
Isaiah Mbeng,ecu,G,71.3,5242592,2k,2026
Jake Baker,ecu,G,77.8,5312049,2k,2026
Jayshayne Woodard,ecu,G,68.1,5239830,2k,2026
Jordan Riley,ecu,G,69.4,4683942,2k,2026
Ladontae Felton,ecu,G,73.3,5239832,2k,2026
Luke Davis,ecu,F,74.8,5243062,2k,2026
Paddy D'Arcy,ecu,G,75.9,5312051,2k,2026
Reid Cason,ecu,F,76.7,5239834,2k,2026
Trevion LaBeaux,ecu,G,72.0,5239835,2k,2026
Tybo Bailey,ecu,G,78.5,5239833,2k,2026
Vito Perkovic,ecu,F,70.2,5312052,2k,2026
Andre Washington,eiu,G,70.7,4897987,2k,2026
Andrew Austin,eiu,F,78.0,5311583,2k,2026
JT Elder,eiu,G,77.2,5107814,2k,2026
Kooper Jacobi,eiu,F,74.8,4898343,2k,2026
Kyle Layton,eiu,G,74.0,5177610,2k,2026
Malik Olafioye,eiu,G,72.7,5177742,2k,2026
Markus Blackwell,eiu,G,77.8,5311579,2k,2026
Meechie White,eiu,G,70.0,5311580,2k,2026
Nazareth Fisher,eiu,F,76.0,4901611,2k,2026
Preston Turner,eiu,G,71.3,5311582,2k,2026
Prince Johnson,eiu,F,74.1,5311581,2k,2026
Shane Sims,eiu,G,72.0,5311584,2k,2026
Terry McMorris,eiu,F,72.8,5242423,2k,2026
Zion Fruster,eiu,G,75.9,5242420,2k,2026
Asa White,eku,C,70.3,5313638,2k,2026
Austin Ball,eku,F,78.0,4895779,2k,2026
Jackson Holt,eku,G,74.6,5106707,2k,2026
Jalen Cooper,eku,F,76.0,4909271,2k,2026
Jayden Harris,eku,F,74.8,5239786,2k,2026
Juan Cranford Jr.,eku,G,75.9,5242400,2k,2026
MJ Williams,eku,G,70.7,5313634,2k,2026
Mason Miles,eku,G,73.3,5313637,2k,2026
Montavious Myrick,eku,F,72.2,4898333,2k,2026
Trey Coles,eku,G,77.2,5313635,2k,2026
Turner Buttry,eku,G,77.8,5106705,2k,2026
Tyler Jackson,eku,G,74.0,5313633,2k,2026
Yvens Paul,eku,F,71.5,5239788,2k,2026
Alex Brabec,elon,G,78.5,5312150,2k,2026
Alex Olander,elon,F,70.8,5312151,2k,2026
Austin Williams,elon,G,68.8,5105788,2k,2026
Bryson Cokley,elon,G,77.2,5239594,2k,2026
Bryson Spell,elon,F,69.5,4897571,2k,2026
Caleb Middleton,elon,C,71.7,4873194,2k,2026
Chandler Cuthrell,elon,F,76.0,5175741,2k,2026
DeMarco Johnson,elon,G,74.0,5101807,2k,2026
Iker Garmendia,elon,F,75.4,5241422,2k,2026
Isaac Harrell,elon,F,74.8,5174938,2k,2026
Ja'Juan Carr,elon,G,77.8,4702777,2k,2026
Kacper Klaczek,elon,F,72.8,4897053,2k,2026
Ned Hull,elon,G,74.6,5174940,2k,2026
Randall Pettus II,elon,G,70.7,5177193,2k,2026
Savion Taylor,elon,G,69.4,5174939,2k,2026
Trey O'Neil,elon,G,72.0,5239638,2k,2026
Addison Patterson,emu,F,72.2,4592404,2k,2026
Aidan Rubio,emu,G,72.0,5176182,2k,2026
Braelon Green,emu,G,77.2,5175028,2k,2026
Carlos Hart,emu,G,75.9,5176654,2k,2026
Cooper Smith,emu,G,70.0,4401637,2k,2026
Godslove Nwabude,emu,F,72.8,5242935,2k,2026
Gregory Lawson II,emu,G,75.2,5313308,2k,2026
John Shanu II,emu,C,69.7,4703097,2k,2026
Jon Sanders II,emu,G,71.3,5176794,2k,2026
Mak Manciel,emu,G,74.6,5107246,2k,2026
Mbaye N'Diaye,emu,G,74.0,5242934,2k,2026
Mehki Ellison,emu,G,77.8,5240017,2k,2026
Merritt Alderink,emu,F,78.0,5241388,2k,2026
Mohammad Habhab,emu,F,76.0,5242937,2k,2026
Alex McCray,etam,G,74.6,5313495,2k,2026
Chris Adlam,etam,G,78.5,5243120,2k,2026
Damian Garcia,etam,G,76.5,5250755,2k,2026
Evan Phelps,etam,G,72.7,5176688,2k,2026
Gianni Hunt,etam,G,75.2,4431815,2k,2026
Josh Taylor,etam,F,69.5,4702889,2k,2026
Kamren Robinson,etam,G,72.0,5313492,2k,2026
Kollin Tolbert,etam,G,69.4,5119094,2k,2026
London Fields,etam,G,77.8,5176553,2k,2026
Michael Folarin,etam,F,76.7,4897854,2k,2026
Mykol Sanchez-Vega,etam,G,71.3,5243119,2k,2026
Noah Pagotto,etam,F,72.8,5313493,2k,2026
Parker Whisenhunt,etam,G,68.8,5313494,2k,2026
Ronnie Harrison,etam,F,75.4,5241435,2k,2026
Tay Mosher,etam,F,73.5,4708219,2k,2026
Vinny Sigona,etam,G,70.7,5107219,2k,2026
Allen Strothers,etsu,G,71.3,4897387,2k,2026
Blake Barkley,etsu,F,78.0,5174800,2k,2026
Brayden Crump,etsu,F,76.7,4873137,2k,2026
Brian Taylor II,etsu,G,70.0,5106766,2k,2026
Cam Morris III,etsu,F,73.5,5107271,2k,2026
Frederico Whitaker Jr.,etsu,G,69.4,5314498,2k,2026
Gabe Sisk,etsu,G,72.7,4711273,2k,2026
Henry Sisemore,etsu,F,72.8,5314500,2k,2026
Isaiah Sutherland,etsu,F,70.2,5314499,2k,2026
Jaylen Smith,etsu,G,72.0,5176209,2k,2026
Jordan McCullum,etsu,F,74.1,4873161,2k,2026
Joseph Carter,etsu,G,77.8,5325440,2k,2026
Maddox Huff,etsu,G,76.5,5314497,2k,2026
Maki Johnson,etsu,G,75.9,4845380,2k,2026
Milton Matthews III,etsu,G,75.2,4704090,2k,2026
AJ Casey,evan,F,74.8,4433286,2k,2026
Aaron Gutman,evan,G,74.0,5313848,2k,2026
Alex Hemenway,evan,G,73.3,4433001,2k,2026
Bryce Quinet,evan,G,70.0,5313845,2k,2026
Connor Turnbull,evan,F,68.9,4888885,2k,2026
Dakota Candler,evan,F,75.4,5177738,2k,2026
James Dyson-Merwe,evan,F,74.1,5313846,2k,2026
Joshua Hughes,evan,F,72.2,5177734,2k,2026
Kaia Berridge,evan,G,76.5,5241370,2k,2026
Keishon Porter,evan,G,70.7,4702212,2k,2026
Leif Moeller,evan,G,71.3,5313847,2k,2026
Leo Amari IV,evan,G,77.8,5176225,2k,2026
Marlon Barnes Jr.,evan,F,76.7,4701543,2k,2026
Trent Hundley,evan,F,71.5,5241372,2k,2026
Weston Aigner,evan,G,78.5,5177740,2k,2026
Alan Gballou,ewu,F,76.7,5313113,2k,2026
Alton Hamilton IV,ewu,F,76.0,5313112,2k,2026
Andrew Cook,ewu,G,77.8,4906817,2k,2026
Angelo Winkel,ewu,F,68.9,5241162,2k,2026
Cole Scherer,ewu,G,70.7,5313110,2k,2026
Elijah Thomas,ewu,G,70.0,5241164,2k,2026
Emmett Marquardt,ewu,F,74.8,5175374,2k,2026
Isaiah Moses,ewu,G,74.0,5176412,2k,2026
Johnny Radford,ewu,G,72.0,4708534,2k,2026
Jojo Anderson,ewu,G,78.5,5241269,2k,2026
Kiree Huie,ewu,F,75.4,5176321,2k,2026
Maddox Monson,ewu,G,74.6,5107191,2k,2026
Shaumba Ngoyi,ewu,F,72.8,5107196,2k,2026
Straton Rogers,ewu,G,71.3,5313111,2k,2026
Tyler Powell,ewu,G,72.7,4684146,2k,2026
Aidan May,fair,G,74.6,5241485,2k,2026
Braden Sparks,fair,G,69.4,5108879,2k,2026
Brandon Benjamin,fair,F,78.0,5311734,2k,2026
Cam Estevez,fair,G,75.9,5174619,2k,2026
Declan Wucherpfennig,fair,G,67.5,5311735,2k,2026
Deuce Turner,fair,G,68.8,4702497,2k,2026
Eric Mejia,fair,G,74.0,5311730,2k,2026
Halon Rawlins,fair,G,72.0,5311733,2k,2026
Isaac Munkadi,fair,F,72.8,5241486,2k,2026
Joe Ganton,fair,G,75.2,5177110,2k,2026
Luke Davidson,fair,G,76.5,5177108,2k,2026
Matt Curtis,fair,G,77.2,5177105,2k,2026
Michael Rogan,fair,G,70.7,5107183,2k,2026
Nasir Rodriguez,fair,G,71.3,5311731,2k,2026
Noah Best,fair,G,77.8,5105888,2k,2026
Peyton Smith,fair,F,69.5,5177111,2k,2026
Ryan Zan,fair,F,66.3,5105901,2k,2026
Tanner Ostop,fair,G,72.7,5241487,2k,2026
Tony Williams,fair,G,68.1,5311732,2k,2026
Amir Rahman,famu,G,72.7,5323983,2k,2026
Anquan Boldin Jr,famu,G,77.8,5177189,2k,2026
Anthony Knowles,famu,G,75.9,5313444,2k,2026
Antonio Baker Jr.,famu,G,78.5,5325879,2k,2026
Devere Palmer Jr,famu,G,73.3,5313445,2k,2026
Jacobi Hall,famu,F,76.0,5306623,2k,2026
Jaquan Sanders,famu,G,72.0,5105593,2k,2026
Jordan Chatman,famu,G,77.2,5107408,2k,2026
Kaleb Washington,famu,F,68.9,4684293,2k,2026
Lenard Taylor Jr.,famu,G,70.0,5243337,2k,2026
Malcolm Stute,famu,G,70.7,5243336,2k,2026
Micah Octave,famu,G,74.6,5177530,2k,2026
Miles Ndalama,famu,C,74.2,5313446,2k,2026
Tuscan Onuoha,famu,F,73.5,5241426,2k,2026
Tyler Shirley,famu,F,70.8,4897175,2k,2026
Amar Amkou,fau,G,78.5,5239836,2k,2026
Devin Vanterpool,fau,G,70.0,5175058,2k,2026
Devin Williams,fau,F,68.9,4685685,2k,2026
Isaiah Elohim,fau,G,76.5,4869767,2k,2026
Josiah Parker,fau,G,73.3,5312060,2k,2026
Kanaan Carlyle,fau,G,77.8,4683761,2k,2026
Lachlan Smith,fau,G,70.7,5312062,2k,2026
Liam Dayco-Green,fau,G,77.2,5239837,2k,2026
Max Langenfeld,fau,G,75.9,5239839,2k,2026
Maxim Logue,fau,F,74.8,5240885,2k,2026
Niccolo Moretti,fau,G,74.6,5126036,2k,2026
Vincent Neugebauer,fau,C,73.0,5312059,2k,2026
Xander Pintelon,fau,F,72.2,5312061,2k,2026
Yohann Sissoko,fau,G,71.3,5312057,2k,2026
Zion Sampaio,fau,G,72.0,5312058,2k,2026
Andrew Canda,fdu,G,77.8,5241778,2k,2026
Arthur Cox,fdu,F,76.7,5313938,2k,2026
Chid Ekwommadu,fdu,G,76.5,5241773,2k,2026
Cole Alexander,fdu,F,78.0,5107362,2k,2026
Cyril Martynov,fdu,C,70.3,5105432,2k,2026
David Jevtic,fdu,G,72.7,5313937,2k,2026
Eric Parnell,fdu,G,68.8,5174934,2k,2026
Joey Niesman,fdu,G,69.4,5313932,2k,2026
Josiah Francis,fdu,G,75.9,5241776,2k,2026
Kody Frey,fdu,G,75.2,5313933,2k,2026
Noah Melson,fdu,G,70.0,5176109,2k,2026
Ras Elijah Godbolt,fdu,G,74.6,5313936,2k,2026
Raysean Johnson,fdu,G,72.0,5241772,2k,2026
Sebastian Haubro,fdu,F,73.5,5313934,2k,2026
Taeshaud Jackson,fdu,F,72.8,5107349,2k,2026
Tyler McQuaid,fdu,G,70.7,5313935,2k,2026
BB Washington,fgcu,G,70.0,5239792,2k,2026
Brandon Dwyer,fgcu,G,76.5,4897069,2k,2026
Chase Konieczny,fgcu,F,74.1,5313661,2k,2026
Darren Williams,fgcu,G,68.8,5239791,2k,2026
Evan Barlow,fgcu,F,78.0,5246065,2k,2026
Gabe Tanner,fgcu,F,70.2,5313659,2k,2026
George Washington III,fgcu,G,69.4,4711274,2k,2026
Isaiah Malone,fgcu,F,72.8,5313662,2k,2026
J.R. Konieczny,fgcu,F,73.5,4575837,2k,2026
Jack Reddick,fgcu,G,72.0,5239790,2k,2026
Jordan Ellerbee,fgcu,G,75.9,5236221,2k,2026
Matt McCarthy,fgcu,G,72.7,5313660,2k,2026
Michael Duax,fgcu,F,76.7,4897479,2k,2026
Rahmir Barno,fgcu,G,77.8,4895738,2k,2026
Rory Stewart,fgcu,F,70.8,5105971,2k,2026
Tristen Guillouette,fgcu,C,74.2,5239793,2k,2026
Amarion Nimmers,fiu,G,73.3,5105799,2k,2026
Ashton Williamson,fiu,G,68.8,5242116,2k,2026
Aydan Clinton,fiu,F,77.3,5220980,2k,2026
Brit Harris,fiu,G,75.9,5241745,2k,2026
Corey Stephenson,fiu,G,70.0,5175759,2k,2026
Eric Dibami,fiu,F,76.7,5312338,2k,2026
Gvidas Gicevicius,fiu,F,76.0,5312337,2k,2026
Hamed Olayinka,fiu,F,71.5,5176648,2k,2026
Ibrahim Olajuwon,fiu,F,72.2,5242119,2k,2026
Jorge Santos,fiu,F,70.2,5323975,2k,2026
Julian Mackey,fiu,G,74.0,4719433,2k,2026
Kennedy Brown,fiu,F,78.0,5107262,2k,2026
Michael Kelvin II,fiu,F,74.1,5240265,2k,2026
Renato Ruiz,fiu,G,71.3,5177688,2k,2026
Thiago Sucatzky,fiu,G,69.4,5312336,2k,2026
Zawdie Jackson,fiu,G,75.2,5242602,2k,2026
AJ Brown,fla,G,78.5,5108014,2k,2026
Alex Condon,fla,F,76.0,5174657,2k,2026
Alex Kovatchev,fla,G,72.0,5175405,2k,2026
Alex Lloyd,fla,G,70.7,5041948,2k,2026
Boogie Fland,fla,G,75.9,5238195,2k,2026
CJ Ingram,fla,G,74.0,5217184,2k,2026
Cooper Josefsberg,fla,G,73.3,5174660,2k,2026
Isaiah Brown,fla,G,77.8,5144372,2k,2026
Micah Handlogten,fla,C,74.2,5108992,2k,2026
Olivier Rioux,fla,C,68.4,5184753,2k,2026
Rueben Chinyelu,fla,C,76.2,5174971,2k,2026
Thomas Haugh,fla,F,74.1,5080489,2k,2026
Urban Klavzar,fla,G,72.7,5238200,2k,2026
Viktor Mikic,fla,C,69.0,5238201,2k,2026
Xaivian Lee,fla,G,71.3,5107169,2k,2026
Abass Bodija,for,F,77.3,5241956,2k,2026
Aidan Crotty,for,G,77.2,5239547,2k,2026
Akira Jacobs,for,F,73.5,5176374,2k,2026
Christian Henry,for,G,75.2,5242936,2k,2026
Dejour Reaves,for,G,69.4,5175415,2k,2026
Demitri Gardner,for,G,76.5,5252053,2k,2026
Jace Howard,for,G,74.6,4611541,2k,2026
Jack Whitbourn,for,C,67.1,5241957,2k,2026
Jameson O'Toole,for,G,71.3,5174589,2k,2026
Kingston Price,for,G,70.0,5239545,2k,2026
Louis Lesmond,for,G,73.3,4898222,2k,2026
Marcus Greene,for,G,75.9,4897953,2k,2026
Max Miller,for,G,72.7,5239548,2k,2026
Rikus Schulte,for,F,68.2,5174571,2k,2026
Roor Akhuar,for,F,78.0,5311861,2k,2026
Ryan Pettis,for,G,70.7,5239544,2k,2026
Zarique Nutter,for,F,71.5,4703526,2k,2026
Aram Soqui Urbano,fres,G,70.7,5315574,2k,2026
Bastien Rieber,fres,G,71.3,5315578,2k,2026
Cameron Faas,fres,G,76.5,5177744,2k,2026
DJ Stickman,fres,G,70.0,5315573,2k,2026
David Douglas Jr.,fres,G,77.2,5176815,2k,2026
DeShawn Gory,fres,F,75.4,5315579,2k,2026
Gasper Kocevar,fres,C,72.3,5315575,2k,2026
Jac Mani,fres,F,72.2,5107167,2k,2026
Jake Heidbreder,fres,G,75.2,4903264,2k,2026
Makhan Diouf,fres,F,77.3,5142617,2k,2026
Matteo Porto,fres,G,72.0,5315577,2k,2026
Nathan Zulemie,fres,G,69.4,5315580,2k,2026
Troy Jenkins,fres,G,74.0,5241236,2k,2026
Wilson Jacques,fres,C,73.6,5315576,2k,2026
Zaon Collins,fres,G,78.5,5241239,2k,2026
AJ Swinton,fsu,F,70.2,4873208,2k,2026
Alex Steen,fsu,F,70.8,5316049,2k,2026
Alier Maluk,fsu,F,74.8,5238166,2k,2026
Cam Miles,fsu,G,74.0,5316046,2k,2026
Chauncey Wiggins,fsu,F,69.5,5105448,2k,2026
Jalen Crawford,fsu,G,77.8,5238165,2k,2026
Jasen Lopez,fsu,G,76.5,5332074,2k,2026
Kobe MaGee,fsu,G,75.9,5105779,2k,2026
Martin Somerville,fsu,G,72.0,5239821,2k,2026
Maximo Garcia-Plata,fsu,G,77.2,5316045,2k,2026
Robert McCray V,fsu,G,74.6,4685802,2k,2026
Shah Muhammad,fsu,F,72.8,5114231,2k,2026
Thomas Bassong,fsu,F,78.0,5316047,2k,2026
Xavier Osceola,fsu,G,72.7,5316048,2k,2026
Abijah Franklin,fur,G,76.5,5314508,2k,2026
Alex Wilkins,fur,G,69.4,5314511,2k,2026
Asa Thomas,fur,G,71.3,4895755,2k,2026
Ben Vander Wal,fur,F,69.5,5107369,2k,2026
Charles Johnston,fur,F,74.8,5243230,2k,2026
Cole Bowser,fur,G,78.5,5314509,2k,2026
Collin O'Neal,fur,G,73.3,5314510,2k,2026
Cooper Bowser,fur,F,77.3,5176136,2k,2026
Davis Molnar,fur,F,73.5,5107368,2k,2026
Eddrin Bronson,fur,G,77.2,5176133,2k,2026
Gunnar Lewis,fur,G,74.6,5314512,2k,2026
Mason Smith,fur,F,71.5,5243231,2k,2026
Owen Ritger,fur,F,72.2,5314514,2k,2026
Thomas Tillman,fur,F,70.2,5176205,2k,2026
Tom House,fur,G,75.9,4896557,2k,2026
Alden Applewhite,gaso,F,78.0,4898382,2k,2026
Amare Neal,gaso,G,73.3,5312453,2k,2026
Andres Burney,gaso,F,77.3,5175943,2k,2026
Cade Lomas,gaso,G,74.6,5312452,2k,2026
Cullen Schreiner,gaso,F,71.5,5312454,2k,2026
Dallas Gardner,gaso,G,75.9,5312450,2k,2026
Dwayne Williams Jr,gaso,G,68.1,5312449,2k,2026
Jayden Williams,gaso,G,68.8,5312448,2k,2026
Jefferson Koulibaly,gaso,G,75.2,4702464,2k,2026
Khayri Dunn,gaso,G,76.5,5312451,2k,2026
Nakavieon White,gaso,F,68.9,5239885,2k,2026
Pavle Ridesic,gaso,F,72.2,5312458,2k,2026
Sean Van Dorn Jr,gaso,G,70.7,5312455,2k,2026
Shainen Carter,gaso,F,76.7,5312456,2k,2026
Spudd Webb,gaso,G,70.0,5312457,2k,2026
Tsvet Sotirov,gaso,F,70.8,5174642,2k,2026
Tyren Moore,gaso,G,74.0,5107226,2k,2026
Anthony Enoh,gast,F,74.8,5180677,2k,2026
Ayouba Berthe,gast,G,77.8,5313070,2k,2026
Chris Jones,gast,G,74.0,5313072,2k,2026
Christian Beam,gast,C,77.5,5313071,2k,2026
Clash Peters,gast,F,71.5,5239901,2k,2026
Emmanuel Koveos,gast,G,73.3,5239900,2k,2026
Isaiah Sherrard,gast,F,70.2,5174974,2k,2026
Jakai Newton,gast,G,72.7,4895743,2k,2026
James Cooper,gast,F,75.4,4912212,2k,2026
Jelani Hamilton,gast,G,74.6,4895747,2k,2026
Joah Chappelle,gast,F,76.0,5313069,2k,2026
Kwame Tanic,gast,F,69.5,5239903,2k,2026
Malachi Brown,gast,G,77.2,5164367,2k,2026
Micah Tucker,gast,G,69.4,5313068,2k,2026
Trey Scott III,gast,F,70.8,5239902,2k,2026
Brady Fitzgerald,gb,G,76.5,5241636,2k,2026
C.J. O'Hara,gb,G,74.0,5241635,2k,2026
Caden Wilkins,gb,F,68.9,5241637,2k,2026
Dontrell Hewlett,gb,G,75.2,5183131,2k,2026
Josh Hines,gb,G,74.6,5115454,2k,2026
Justin Allen,gb,G,78.5,5313196,2k,2026
Keegan Van Kauwenberg,gb,G,70.0,5313194,2k,2026
LeBron Thomas,gb,G,71.3,5313200,2k,2026
Mac Wrecke,gb,G,68.8,5176812,2k,2026
Marcus Hall,gb,F,75.4,5176814,2k,2026
Maruan Cicic,gb,C,76.2,5313199,2k,2026
Preston Ruedinger,gb,G,73.3,4897485,2k,2026
Ramel Bethea,gb,F,77.3,5313193,2k,2026
Rob Stroud,gb,F,71.5,5313198,2k,2026
Trey Schachter,gb,G,72.7,5313197,2k,2026
Vukasin Todorovic,gb,F,70.2,5313195,2k,2026
Braylon Johnson,gcu,G,75.2,5241337,2k,2026
Brian Moore Jr.,gcu,G,74.6,5107895,2k,2026
Caleb Shaw,gcu,G,72.0,5107860,2k,2026
Cole Pepe,gcu,G,73.3,5313912,2k,2026
Dennis Evans,gcu,C,75.5,4872744,2k,2026
Dusty Stromer,gcu,G,70.0,4685662,2k,2026
Efe Demirel,gcu,C,76.2,5313911,2k,2026
Evan Boisdur,gcu,G,78.5,5313910,2k,2026
Jack Sawyer,gcu,F,72.2,5241313,2k,2026
Jaden Henley,gcu,G,75.9,5105821,2k,2026
Kaleb Smith,gcu,F,70.2,5107153,2k,2026
Luke Shaw,gcu,G,71.3,5313908,2k,2026
Makaih Williams,gcu,G,69.4,5176662,2k,2026
Nana Owusu-Anane,gcu,F,73.5,4898210,2k,2026
Wilhelm Breidenbach,gcu,F,77.3,4433600,2k,2026
Ben Woodward,gmu,G,68.8,5239596,2k,2026
Brayden O'Connor,gmu,G,72.7,5107269,2k,2026
Devin Booker,gmu,G,77.2,5254317,2k,2026
Dola Adebayo,gmu,F,78.0,4897976,2k,2026
Emmanuel Kanga,gmu,F,74.8,5196954,2k,2026
Fatt Hill,gmu,G,75.9,5241480,2k,2026
Isaiah Skinn,gmu,G,70.0,5312284,2k,2026
Jahari Long,gmu,G,74.6,4433512,2k,2026
Kory Mincy,gmu,G,73.3,5175671,2k,2026
Malik Presley,gmu,G,72.0,4848631,2k,2026
Masai Troutman,gmu,G,69.4,5106714,2k,2026
Nick Ellington,gmu,F,76.0,5107703,2k,2026
Riley Allenspach,gmu,F,77.3,4838752,2k,2026
Ryan-Preston Mendy,gmu,F,73.5,5312285,2k,2026
Stas Sivka,gmu,F,70.2,5239595,2k,2026
T.J. Prosise,gmu,G,71.3,5239597,2k,2026
Adam Miller,gonz,G,72.0,4432175,2k,2026
Alonzo Metz,gonz,G,72.7,5313011,2k,2026
Braden Huff,gonz,F,74.8,4894445,2k,2026
Braeden Smith,gonz,G,70.0,5105672,2k,2026
Cade Orness,gonz,G,71.3,5240584,2k,2026
Davis Fogle,gonz,G,77.2,5196913,2k,2026
Emmanuel Innocenti,gonz,F,73.5,5176787,2k,2026
Graham Ike,gonz,F,74.1,4703396,2k,2026
Ismaila Diagne,gonz,C,76.8,5240587,2k,2026
Jalen Warley,gonz,G,68.8,4683147,2k,2026
Joaquim ArauzMoore,gonz,G,78.5,5176259,2k,2026
Mario Saint-Supery,gonz,G,70.7,5313012,2k,2026
Noah Haaland,gonz,F,75.4,5240588,2k,2026
Parker Jefferson,gonz,F,72.8,5313013,2k,2026
Steele Venters,gonz,G,69.4,4592579,2k,2026
Tyon Grant-Foster,gonz,G,76.5,4700527,2k,2026
Antonio Munoz,gram,F,72.2,5314746,2k,2026
Chancellor Perkins,gram,G,71.3,5314747,2k,2026
Derrius Ward,gram,G,70.0,4700968,2k,2026
Devyn Franklin,gram,G,75.2,5259011,2k,2026
Jamil Muttilib,gram,G,72.0,5239582,2k,2026
Jimel Lane,gram,F,73.5,5112187,2k,2026
Mekhi Fitts,gram,F,75.4,5314748,2k,2026
Nazar Mahmoud,gram,G,73.3,5175742,2k,2026
P.J. Edwards,gram,G,76.5,4710427,2k,2026
Randarius Jones,gram,C,73.6,5176741,2k,2026
Richard Amaefule,gram,F,78.0,5255709,2k,2026
Rickey Ballard,gram,F,77.3,5112181,2k,2026
Roderick Coffee III,gram,F,76.7,5177557,2k,2026
Saliou Seye,gram,F,70.2,5176661,2k,2026
Akai Fleming,gt,G,77.2,5101784,2k,2026
Baye Ndongo,gt,F,73.5,5142356,2k,2026
Brandon Stores Jr.,gt,G,72.0,5144109,2k,2026
Chas Kelley III,gt,G,76.5,4888733,2k,2026
Cole Kirouac,gt,C,74.9,5172343,2k,2026
Davi Remagen,gt,G,72.7,5311960,2k,2026
Dyllan Thompson,gt,G,70.7,5238167,2k,2026
Eric Chatfield Jr.,gt,G,78.5,5248298,2k,2026
Jaeden Mustaf,gt,G,74.6,5060730,2k,2026
Kam Craft,gt,G,77.8,5105607,2k,2026
Kowacie Reeves Jr.,gt,F,72.8,4683757,2k,2026
Lamar Washington,gt,G,70.0,5106284,2k,2026
Mouhamed Sylla,gt,C,70.3,5258494,2k,2026
Peyton Marshall,gt,C,74.2,5061592,2k,2026
Austin Montgomery,gtwn,F,70.8,5105536,2k,2026
Caleb Williams,gtwn,F,68.2,5061569,2k,2026
DeShawn Harris-Smith,gtwn,G,75.2,4848622,2k,2026
Gabriel Landeira,gtwn,G,74.0,5325986,2k,2026
Hashem Asadallah,gtwn,G,77.8,5175362,2k,2026
Isaiah Abraham,gtwn,F,78.0,5093403,2k,2026
Jayden Fort,gtwn,F,76.0,5240521,2k,2026
Jeremiah Williams,gtwn,G,68.1,4701222,2k,2026
Julius Halaifonua,gtwn,C,74.9,5240524,2k,2026
KJ Lewis,gtwn,G,73.3,5174952,2k,2026
Kayvaun Mulready,gtwn,G,70.0,5101668,2k,2026
Langston Love,gtwn,G,72.7,4433265,2k,2026
Malik Mack,gtwn,G,72.0,5175952,2k,2026
Mason Moses,gtwn,G,70.7,5240523,2k,2026
Michael Van Raaphorst,gtwn,G,69.4,5240525,2k,2026
Seal Diouf,gtwn,C,76.2,5240526,2k,2026
Vince Iwuchukwu,gtwn,C,73.6,5105641,2k,2026
Amir Arrington,gw,G,77.8,5174600,2k,2026
Bubu Benjamin,gw,G,76.5,5176788,2k,2026
Christian Jones,gw,G,71.3,4685650,2k,2026
Garrett Johnson,gw,F,71.5,4898230,2k,2026
Jalen Rougier-Roane,gw,G,69.4,5254175,2k,2026
Jean Aranguren,gw,G,78.5,5177098,2k,2026
Luke Hunger,gw,F,72.2,5105833,2k,2026
Mohamed Binzagr,gw,G,75.2,5239605,2k,2026
Rafael Castro,gw,F,74.1,4684443,2k,2026
Tre Dinkins,gw,G,73.3,5107176,2k,2026
Trey Autry,gw,G,77.2,5174599,2k,2026
Trey Moss,gw,G,70.0,4708220,2k,2026
Ty Bevins,gw,G,75.9,5144371,2k,2026
Tyrone Marshall Jr.,gw,F,70.2,5106841,2k,2026
Vincent Chaudhri,gw,F,73.5,5144137,2k,2026
Ace Talbert,gweb,G,68.8,5177284,2k,2026
Ahmadou Ndiaye,gweb,G,71.3,5313459,2k,2026
Ashton King,gweb,G,72.7,5313457,2k,2026
Bo Barber,gweb,G,78.5,5113141,2k,2026
Cameron Gales,gweb,G,76.5,5240418,2k,2026
Colin Hawkins,gweb,G,75.9,5240419,2k,2026
Curtis Williams III,gweb,G,68.1,5313458,2k,2026
DJ Jefferson,gweb,G,73.3,4895353,2k,2026
Isaiah Hicks,gweb,G,75.2,5108113,2k,2026
Jacob Hogarth,gweb,F,74.1,5241489,2k,2026
Jacob Hudson,gweb,G,74.0,5240417,2k,2026
Jamias Ferere,gweb,G,77.2,5313453,2k,2026
Julius Clark,gweb,G,77.8,5313455,2k,2026
NaVuan Peterson,gweb,F,70.2,5180944,2k,2026
Paul Lindberg,gweb,G,72.0,5175658,2k,2026
Riek Riek,gweb,F,69.5,5313456,2k,2026
Spence Sims,gweb,G,69.4,5313454,2k,2026
AJ Staton-McCray,hall,G,70.7,4703837,2k,2026
Adam Clark,hall,G,78.5,5177275,2k,2026
Assane Mbaye,hall,C,73.0,5240537,2k,2026
David Gabriel,hall,G,75.2,5114229,2k,2026
Elijah Fisher,hall,G,75.9,5106288,2k,2026
Godswill Erheriene,hall,C,76.2,5101686,2k,2026
Jacob Dar,hall,G,77.8,5111629,2k,2026
Jahseem Felton,hall,G,76.5,4873098,2k,2026
Josh Rivera,hall,F,71.5,5105681,2k,2026
Mike Williams,hall,G,69.4,5174319,2k,2026
Najai Hines,hall,F,74.1,5292602,2k,2026
Patrick Suemnick,hall,F,69.5,4703002,2k,2026
Stephon Payne,hall,F,72.2,5108891,2k,2026
Tajuan Simpkins,hall,G,71.3,5239637,2k,2026
Trey Parker,hall,G,73.3,5238170,2k,2026
Aidan Haskins,hamp,F,75.4,5312155,2k,2026
Christian Watson,hamp,G,70.0,4684735,2k,2026
Daniel Johnson,hamp,G,75.2,5239644,2k,2026
Elijah Kennedy,hamp,G,74.6,4879743,2k,2026
Etienne Strothers,hamp,G,70.7,5176756,2k,2026
Eunique Rink,hamp,F,70.8,5239645,2k,2026
Hamza Asadallah,hamp,G,78.5,5239647,2k,2026
Jalyke Gaines-Wyatt,hamp,G,76.5,5177538,2k,2026
Josh Ogundele,hamp,F,71.5,4433231,2k,2026
Kellan Lewis,hamp,G,74.0,5239646,2k,2026
Kody Williams,hamp,G,69.4,5107203,2k,2026
Michael Eley,hamp,G,77.2,5107807,2k,2026
Peter Oduro,hamp,F,72.2,5105896,2k,2026
Quintin Cooper,hamp,G,77.8,5312156,2k,2026
Xzavier Long,hamp,F,72.8,4896367,2k,2026
Alex Touomou,harv,F,67.6,5248296,2k,2026
Austin Hunt,harv,G,73.3,5241727,2k,2026
Avner Dror,harv,F,74.8,5313719,2k,2026
Ben Eisendrath,harv,G,74.6,5241725,2k,2026
Chandler Pigge,harv,G,70.7,4902967,2k,2026
Dutch Dowdell,harv,G,75.9,5241729,2k,2026
Frankie Mannino,harv,G,72.7,5313716,2k,2026
Greg Cooper,harv,G,76.5,5106251,2k,2026
Joseph Quartey,harv,G,69.4,5313717,2k,2026
Kenan Parrish,harv,F,70.8,5241726,2k,2026
Luca Ace-Nasteski,harv,F,78.0,5175955,2k,2026
Payton Pitts,harv,G,70.0,5175956,2k,2026
Robert Hinton,harv,G,74.0,5061572,2k,2026
Ryan Sullivan,harv,F,68.2,5313718,2k,2026
Tey Barbour,harv,G,77.8,5241728,2k,2026
Thomas Batties III,harv,F,76.7,5175954,2k,2026
Xavier Nesbitt,harv,G,72.0,5175953,2k,2026
AJ Economou,haw,G,76.5,5241895,2k,2026
Aaron Hunkin-Claytor,haw,G,74.6,5241898,2k,2026
Dre Bullock,haw,G,78.5,5106877,2k,2026
Gytis Nemeiksa,haw,F,71.5,5175369,2k,2026
Harry Rouhliadeff,haw,F,70.8,5107204,2k,2026
Hunter Carter,haw,G,77.8,5254318,2k,2026
Hunter Erickson,haw,G,75.9,4701217,2k,2026
Isaac Finlinson,haw,F,74.8,5105472,2k,2026
Isaac Johnson,haw,C,73.0,4898118,2k,2026
Isaiah Kerr,haw,G,73.3,5107841,2k,2026
Jalen Myers,haw,F,72.2,5107607,2k,2026
Tanner Cuff,haw,G,77.2,5177731,2k,2026
Yacine Toumi,haw,F,70.2,4702598,2k,2026
Aidan Richard,hc,F,70.8,5242945,2k,2026
Aiden Disu,hc,F,75.4,5314484,2k,2026
Austin Mejia,hc,G,72.7,5314487,2k,2026
Ben Capron,hc,G,77.2,5105673,2k,2026
Chuck Hare,hc,F,73.5,5242944,2k,2026
DeAndre Williams,hc,G,68.8,5176058,2k,2026
Declan Ryan,hc,F,70.2,5176063,2k,2026
Ethan Clark,hc,F,76.0,5314486,2k,2026
Gabe Warren,hc,G,69.4,5143603,2k,2026
Jaden Kirkwood,hc,G,73.3,5105674,2k,2026
Joe Nugent,hc,G,72.0,5176062,2k,2026
John St. Germain III,hc,G,70.0,5252055,2k,2026
Jude Haigh,hc,G,74.6,5314483,2k,2026
Tim Finau,hc,F,74.8,5314485,2k,2026
Tyler Boston,hc,G,77.8,5242942,2k,2026
Will Aljancic,hc,F,78.0,5314482,2k,2026
Ahjany Lee,hcu,F,72.2,4838718,2k,2026
Brennen Byrd,hcu,F,76.0,5313502,2k,2026
Bryson Monroe,hcu,G,71.3,5116961,2k,2026
Caleb Gaston,hcu,F,74.8,5313501,2k,2026
D'Aundre Samuels,hcu,G,70.7,5242556,2k,2026
Demarco Bethea,hcu,F,77.3,5243123,2k,2026
Demari Williams,hcu,G,70.0,4691165,2k,2026
Elijah Brooks,hcu,G,77.2,5107282,2k,2026
Kylin Green,hcu,G,74.6,5241376,2k,2026
Mambourou Mara,hcu,F,71.5,5176950,2k,2026
Nehikhare Igiehon,hcu,F,73.5,5313500,2k,2026
Obadiah Curtis,hcu,G,75.9,5176766,2k,2026
Ryan Bartley,hcu,G,78.5,5313498,2k,2026
Trent Johnson,hcu,F,72.8,5176325,2k,2026
Will Wilson,hcu,G,69.4,5313499,2k,2026
A.J. Wills,hof,G,69.4,5176061,2k,2026
Alex Tsynkevich,hof,C,69.7,5177536,2k,2026
Amir Williams,hof,G,70.0,5239633,2k,2026
Biggie Patterson,hof,G,74.0,5241495,2k,2026
Brandon Morgan,hof,G,75.2,5243267,2k,2026
Carlos Lopez,hof,G,75.9,5177285,2k,2026
Cruz Davis,hof,G,77.8,5107198,2k,2026
German Plotnikov,hof,G,73.3,5105719,2k,2026
Jaeden Roberts,hof,G,72.0,5312164,2k,2026
Joshua Aaron Reaves,hof,G,72.7,4703169,2k,2026
Joshua DeCady,hof,F,76.7,5239632,2k,2026
Preston Edmead,hof,G,76.5,5236222,2k,2026
Silas Sunday,hof,F,70.8,4684984,2k,2026
Trey Boyd III,hof,G,78.5,5312162,2k,2026
Victory Onuetu,hof,F,74.1,5312163,2k,2026
Bryce Jackson,hou,G,77.8,5144098,2k,2026
Cedric Lath,hou,C,75.5,5117524,2k,2026
Chase McCarty,hou,F,75.4,5101660,2k,2026
Isiah Harwell,hou,G,78.5,5041942,2k,2026
Jacob McFarland,hou,C,74.2,5095062,2k,2026
Joseph Tugler,hou,F,72.8,5060700,2k,2026
Kalifa Sakho,hou,F,73.5,5176274,2k,2026
Kordel Jefferson,hou,G,77.2,5070506,2k,2026
Mercy Miller,hou,G,74.6,4873086,2k,2026
Milos Uzan,hou,G,72.7,5106272,2k,2026
Ramon Walker Jr.,hou,G,72.0,4708176,2k,2026
Alex Cotton,how,G,77.2,5175065,2k,2026
BJ Powell,how,G,70.7,5316214,2k,2026
Bryce Harris,how,G,75.2,4897768,2k,2026
Calvin Robins Jr.,how,F,69.5,5250600,2k,2026
Cam Gillus,how,G,75.9,5176075,2k,2026
Cedric Taylor III,how,G,68.8,5192142,2k,2026
Danas Kazakevicius,how,C,71.0,5316219,2k,2026
Ed Holland III,how,G,74.6,4898226,2k,2026
Isaiah Brown,how,G,78.5,5243100,2k,2026
Jeremiah Johnson,how,G,73.3,5316218,2k,2026
Julian Johnson,how,F,72.2,5316216,2k,2026
Ose Okojie,how,G,71.3,5107986,2k,2026
River Smith,how,G,69.4,5316217,2k,2026
Shane Frazier,how,G,76.5,5316215,2k,2026
Stefan Isailovic,how,F,73.5,5316213,2k,2026
Travelle Bryson,how,F,77.3,5316220,2k,2026
Aidan Sevilla,idho,G,70.0,4902201,2k,2026
Biko Johnson,idho,G,74.6,5177021,2k,2026
Brody Rowbury,idho,F,70.2,5108917,2k,2026
Ewan Steele,idho,F,68.9,5241270,2k,2026
Isaiah Brickner,idho,G,77.8,5107768,2k,2026
Jack Payne,idho,G,72.0,5107563,2k,2026
Jackson Rasmussen,idho,F,70.8,5237588,2k,2026
Kolton Mitchell,idho,G,72.7,5176318,2k,2026
Kristian Gonzalez,idho,G,77.2,5176303,2k,2026
Miles Klapper,idho,G,74.0,5176305,2k,2026
Seth Joba,idho,F,74.8,5174853,2k,2026
Talon Jenkins,idho,G,76.5,5313161,2k,2026
Titus Yearout,idho,G,68.8,5107820,2k,2026
Trevon Blassingame,idho,G,78.5,5106590,2k,2026
Tyler Linhardt,idho,F,72.8,5105650,2k,2026
Will Jenson,idho,F,75.4,5313162,2k,2026
Blake Daberkow,idst,F,74.1,5241286,2k,2026
Caleb Hollenbeck,idst,G,72.7,5313169,2k,2026
Caleb Van De Griend,idst,F,68.2,5313173,2k,2026
Cheikh Sow,idst,G,69.4,5241282,2k,2026
Connor Hollenbeck,idst,F,71.5,5241283,2k,2026
Evan Otten,idst,F,70.2,5176324,2k,2026
Gus Etchison,idst,PG,74.0,4898348,2k,2026
Jaedyn Brown,idst,G,75.9,5176319,2k,2026
Jamison Guerra,idst,PG,73.3,5313166,2k,2026
Kasen Carpenter,idst,G,75.2,5313172,2k,2026
Lachlan Brewer,idst,G,76.5,5241308,2k,2026
Landen Birley,idst,G,77.8,5313167,2k,2026
Louis Bond,idst,G,77.2,5313171,2k,2026
Martin Kheil,idst,G,71.3,5313170,2k,2026
Quin Patterson,idst,G,70.0,5107151,2k,2026
Trey Arland,idst,G,78.5,5313168,2k,2026
AJ Redd,ill,G,72.0,5121952,2k,2026
Andrej Stojakovic,ill,G,70.7,5175007,2k,2026
Ben Humrichous,ill,F,76.0,5177736,2k,2026
Blake Fagbemi,ill,G,77.2,5311834,2k,2026
Brandon Lee,ill,G,74.0,5311833,2k,2026
David Mirkovic,ill,F,72.8,5311832,2k,2026
Jake Davis,ill,F,77.3,5176150,2k,2026
Jason Jakstys,ill,F,74.1,5173645,2k,2026
Kylan Boswell,ill,G,78.5,4684269,2k,2026
Mihailo Petrovic,ill,G,72.7,5311835,2k,2026
Tomislav Ivisic,ill,C,74.9,5214642,2k,2026
Ty Rodgers,ill,G,71.3,5105792,2k,2026
Zvonimir Ivisic,ill,C,74.2,5174665,2k,2026
Boden Skunberg,ilst,G,71.3,4702671,2k,2026
Brandon Lieb,ilst,F,72.8,4684285,2k,2026
Cameron Barnes,ilst,F,77.3,5174297,2k,2026
Chase Walker,ilst,F,70.2,5176354,2k,2026
Isaac Ericksen,ilst,F,74.8,5313851,2k,2026
Jack Daugherty,ilst,F,75.4,5241373,2k,2026
Johnny Kinziger,ilst,G,74.6,5176352,2k,2026
Landon Moore,ilst,G,72.7,5106612,2k,2026
Landon Wolf,ilst,G,70.0,4897478,2k,2026
Mason Klabo,ilst,G,74.0,5313852,2k,2026
Nick Allen,ilst,F,78.0,5313854,2k,2026
Ty Blake,ilst,G,77.2,5176353,2k,2026
Ty Pence,ilst,G,72.0,5176351,2k,2026
Ty'Reek Coleman,ilst,G,76.5,5313853,2k,2026
Bruno Alocen,inst,G,78.5,5241387,2k,2026
Caden Huttenlocker,inst,G,74.6,5241386,2k,2026
Camp Wagner,inst,G,70.0,5175821,2k,2026
Cooper Bean,inst,G,77.8,5176348,2k,2026
Derek Vorst,inst,C,70.3,5176350,2k,2026
Enel St. Bernard,inst,F,72.2,5313861,2k,2026
Hunter Harding,inst,C,74.9,5176181,2k,2026
Ian Scott,inst,F,72.8,5115354,2k,2026
Jayan Walker,inst,G,69.4,5241385,2k,2026
Jo Van Buggenhout,inst,G,72.0,5313859,2k,2026
Markus Harding,inst,C,74.2,5108045,2k,2026
Martin Kaupanger,inst,G,74.0,5313862,2k,2026
Sivert Waerstad Nordheim,inst,G,70.7,5313860,2k,2026
Sterling Young,inst,G,68.8,5175049,2k,2026
Xavier Hall,inst,G,76.5,5190937,2k,2026
Zyair Greene,inst,G,77.2,5121360,2k,2026
Alliou Fall,iona,F,74.8,5311752,2k,2026
CJ Anthony,iona,G,77.2,4897054,2k,2026
Chase Cormier,iona,G,75.9,4838705,2k,2026
Connor Horan,iona,F,73.5,5241490,2k,2026
Denver Anglin,iona,G,77.8,5105596,2k,2026
Deondrea Lindsey,iona,F,71.5,5311748,2k,2026
Keshawn Williams,iona,G,68.8,4602029,2k,2026
Khalil Badru,iona,G,76.5,5239768,2k,2026
Kosy Akametu,iona,G,78.5,5109787,2k,2026
Lamin Sabally,iona,F,68.9,4897691,2k,2026
Luke Jungers,iona,F,72.2,5107259,2k,2026
Marko Pandiloski,iona,G,70.7,5311750,2k,2026
Matt Reed,iona,F,69.5,4858602,2k,2026
Ore Odutayo,iona,F,70.8,5311751,2k,2026
Oscar Hourruitiner Jr.,iona,G,73.3,5311749,2k,2026
Toby Harris,iona,F,74.1,5110696,2k,2026
Alvaro Folgueiras,iowa,F,76.7,5177211,2k,2026
Brendan Hausen,iowa,G,76.5,5105589,2k,2026
Cam Manyawu,iowa,F,72.8,5176283,2k,2026
Cooper Koch,iowa,F,74.1,4873203,2k,2026
Isaia Howard,iowa,G,75.9,5241366,2k,2026
Jacob Koch,iowa,G,74.0,5239551,2k,2026
Joey Matteoni,iowa,F,72.2,5241367,2k,2026
Kael Combs,iowa,G,77.8,5176280,2k,2026
Peyton McCollum,iowa,G,72.0,5311840,2k,2026
Tate Sage,iowa,G,71.3,5311842,2k,2026
Tavion Banks,iowa,G,78.5,5241363,2k,2026
Trevin Jirak,iowa,C,74.2,5311843,2k,2026
Trey Thompson,iowa,F,70.2,5311841,2k,2026
Anthony Rise,isu,G,72.0,5311915,2k,2026
Blake Buchanan,isu,F,77.3,5079838,2k,2026
Cade Kelderman,isu,G,76.5,5175036,2k,2026
Dominick Nelson,isu,G,73.3,5241380,2k,2026
Dominykas Pleta,isu,F,72.2,5281369,2k,2026
Eric Mulder,isu,F,73.5,5106790,2k,2026
Jamarion Batemon,isu,G,78.5,5217196,2k,2026
Killyan Toure,isu,G,71.3,5248302,2k,2026
Mason Williams,isu,G,70.7,5175370,2k,2026
Milan Momcilovic,isu,F,74.1,4848637,2k,2026
Nate Heise,isu,G,77.2,4703912,2k,2026
Tamin Lipsey,isu,G,75.9,5106254,2k,2026
Xzavion Mitchell,isu,F,74.8,5101856,2k,2026
Aleksa Ristic,iu,G,70.7,5311836,2k,2026
Andrej Acimovic,iu,C,77.5,5311837,2k,2026
Conor Enright,iu,G,74.0,4897451,2k,2026
Drew Snively,iu,G,69.4,5311839,2k,2026
Ian Stephens,iu,G,68.8,5174783,2k,2026
Jasai Miles,iu,G,72.0,5143601,2k,2026
Jason Drake,iu,G,74.6,5106739,2k,2026
Jordan Rayford,iu,G,71.3,5113383,2k,2026
Josh Harris,iu,F,72.2,5239996,2k,2026
Lamar Wilkerson,iu,G,68.1,5105876,2k,2026
Nick Dorn,iu,G,75.2,5174935,2k,2026
Reed Bailey,iu,F,76.7,5105865,2k,2026
Sam Alexis,iu,F,77.3,5107375,2k,2026
Tayton Conerway,iu,G,76.5,5176737,2k,2026
Trent Sisley,iu,F,69.5,5101827,2k,2026
Tryce Grensing,iu,G,73.3,5311838,2k,2026
Tucker DeVries,iu,F,75.4,4837238,2k,2026
Aiden Miller,iuin,F,72.2,5313215,2k,2026
Ajay Holubar,iuin,G,73.3,5115456,2k,2026
Corey Boston,iuin,G,78.5,5313208,2k,2026
Finley Woodward,iuin,F,68.9,5313210,2k,2026
Gabe Stewart,iuin,F,70.2,5313216,2k,2026
Garrett Sever,iuin,G,71.3,5313211,2k,2026
JP Dragas,iuin,G,75.2,5313209,2k,2026
Jaxon Edwards,iuin,G,74.6,5107890,2k,2026
Kameron Tinsley,iuin,F,69.5,5313214,2k,2026
Kyler D'Augustino,iuin,G,76.5,5313212,2k,2026
Lav Cvetkovic,iuin,F,76.7,5261271,2k,2026
Maguire Mitchell,iuin,G,72.0,5313213,2k,2026
Matt Compas,iuin,G,77.8,5181934,2k,2026
Micah Davis,iuin,G,75.9,5239785,2k,2026
Reece Hagy,iuin,F,73.5,5313207,2k,2026
Allen Udemadu,jax,F,68.9,5176296,2k,2026
Anakin Brown,jax,G,77.2,5243205,2k,2026
Charles Caporaso,jax,C,75.5,5313677,2k,2026
Chris Arias,jax,G,78.5,5243204,2k,2026
Chris Lockett Jr.,jax,G,72.7,4683768,2k,2026
Donovan Rivers,jax,F,70.8,5179287,2k,2026
Enrico Borio,jax,F,77.3,5243210,2k,2026
Evan Sterck,jax,G,70.7,5313678,2k,2026
Hayden Wood,jax,G,68.1,5313674,2k,2026
Jason Thirdkill Jr.,jax,F,69.5,5108085,2k,2026
Jaylen Jones,jax,G,74.0,4845388,2k,2026
Jaylen Jordon,jax,F,72.8,5122260,2k,2026
Lamont Jackson,jax,G,74.6,5243206,2k,2026
Michael Harper Jr.,jax,G,75.2,5313675,2k,2026
Roman Loux,jax,G,72.0,5313676,2k,2026
Simon Wheeler,jax,G,68.8,5243207,2k,2026
Tito Deng,jax,F,75.4,5179284,2k,2026
Cael Jones,jkst,G,76.5,5314765,2k,2026
Daeshun Ruffin,jkst,G,73.3,4432638,2k,2026
Delyle Williams,jkst,G,70.0,5177579,2k,2026
Devin Ree,jkst,F,73.5,5105431,2k,2026
Deyan Kolev,jkst,F,75.4,5314763,2k,2026
Dionjahe Thomas,jkst,F,70.8,5107301,2k,2026
Dorian McMillian,jkst,G,75.2,5243344,2k,2026
Ebo Wilson,jkst,C,67.8,5243346,2k,2026
Jalen Tatum,jkst,G,72.0,5243345,2k,2026
Jayme Mitchell Jr.,jkst,G,74.6,4897873,2k,2026
Kedrick Simmons,jkst,F,72.2,5314762,2k,2026
Keiveon Hunt,jkst,G,77.2,5107382,2k,2026
Kobe Butler,jkst,F,78.0,5314766,2k,2026
Mike Williams,jkst,G,69.4,5314764,2k,2026
Raevon Thomas,jkst,F,70.2,5254840,2k,2026
Tamarion Hoover,jkst,G,77.8,5243343,2k,2026
Bradley Douglas,jmu,G,76.5,5177352,2k,2026
Chance Lundy,jmu,G,73.3,5313094,2k,2026
Christian Brown,jmu,F,78.0,5313093,2k,2026
Cliff Davis,jmu,G,77.2,5176669,2k,2026
Eddie Ricks III,jmu,F,70.8,5177359,2k,2026
Eli Wilborn,jmu,F,68.9,5177286,2k,2026
Gabe Newhof,jmu,F,71.5,5313098,2k,2026
Ike Cornish,jmu,G,77.8,4684158,2k,2026
Josh Stephen,jmu,G,70.7,5313097,2k,2026
Justin McBride,jmu,F,72.2,4685664,2k,2026
Justin Taylor,jmu,G,70.0,4684746,2k,2026
Kose Egbule,jmu,G,75.9,5252289,2k,2026
Paul Jones III,jmu,G,74.6,5241759,2k,2026
Paul Lewis,jmu,G,74.0,5105279,2k,2026
Preston Fowler,jmu,F,74.8,5313096,2k,2026
Al Amadou,joes,F,77.3,4895777,2k,2026
Anthony Finkley,joes,F,76.7,5174634,2k,2026
Austin Williford,joes,G,69.4,5236333,2k,2026
Billy Rayer,joes,G,72.7,5239677,2k,2026
Dasear Haskins,joes,G,75.9,5174636,2k,2026
Derek Simpson,joes,G,72.0,5105858,2k,2026
Jaden Smith,joes,C,70.3,5061597,2k,2026
Jaiden Glover-Toscano,joes,G,76.5,5142608,2k,2026
Justice Ajogbor,joes,C,77.5,4702962,2k,2026
Kevin Kearney,joes,F,74.1,5239675,2k,2026
Khaafiq Myers,joes,G,73.3,5239676,2k,2026
Mekai Johnson,joes,G,75.2,5239678,2k,2026
Owen Verna,joes,G,70.0,5152730,2k,2026
Steven Solano,joes,C,69.7,5061599,2k,2026
Will Lange,joes,G,74.0,5174635,2k,2026
AC Bryant,jxst,G,77.8,5177521,2k,2026
Aidan Driggers,jxst,F,76.7,5242122,2k,2026
Aitor Anabitarte,jxst,F,78.0,4709991,2k,2026
Bencao Vungo,jxst,G,69.4,5196348,2k,2026
Connor Loy,jxst,G,73.3,5312343,2k,2026
Emondrek Erkins-Ford,jxst,F,75.4,5312342,2k,2026
Iaroslav Niagu,jxst,F,71.5,5105645,2k,2026
Jacoby Hill,jxst,G,74.0,5312340,2k,2026
Jamar Franklin,jxst,G,74.6,5106456,2k,2026
Jaye Nash,jxst,G,72.7,5060718,2k,2026
Jordan Vick,jxst,G,70.0,5312341,2k,2026
Marcus Fitzgerald Jr.,jxst,G,75.2,4703415,2k,2026
Mostapha El Moutaouakkil,jxst,G,76.5,5240082,2k,2026
Thomas Tut,jxst,F,70.2,5107805,2k,2026
Toby Nnadozie,jxst,G,71.3,5108777,2k,2026
Addarin Scott,kc,F,69.5,5174654,2k,2026
Babacar Mbengue,kc,F,71.5,5205881,2k,2026
CJ Evans,kc,G,74.6,5314675,2k,2026
Chris Dockery,kc,G,75.2,5108143,2k,2026
Cory Curtis Jr.,kc,G,75.9,5241911,2k,2026
D'Andre Harrison,kc,F,72.8,5144143,2k,2026
Jamaria Clark,kc,G,76.5,5314676,2k,2026
Jason Hilliard,kc,F,72.2,5314678,2k,2026
Jayson Petty,kc,G,70.7,5177741,2k,2026
Jerome Palm,kc,F,70.8,5107872,2k,2026
Karmello Branch,kc,G,77.8,5314674,2k,2026
Kasheem Grady II,kc,G,74.0,5241652,2k,2026
Kernan Bundy,kc,G,77.2,5241488,2k,2026
Max Sims,kc,G,69.4,5174813,2k,2026
Trey Booker-Lowery,kc,G,78.5,5314677,2k,2026
Amir Taylor,kenn,F,68.2,5312348,2k,2026
Braedan Lue,kenn,F,74.1,5242126,2k,2026
Brendan Tousignaut,kenn,G,67.5,5312349,2k,2026
Charles Stone,kenn,G,69.4,5106664,2k,2026
Chase Clemmons,kenn,G,78.5,4894459,2k,2026
Darius Washington III,kenn,G,66.8,5312344,2k,2026
Davin Cosby Jr.,kenn,G,77.8,5132733,2k,2026
Dozie Onyirimba,kenn,F,72.8,5242128,2k,2026
Eric Holland,kenn,G,75.9,5106665,2k,2026
Frankquon Sherman,kenn,F,70.8,5176187,2k,2026
Jaden Harris,kenn,G,76.5,5176770,2k,2026
Jamil Miller,kenn,F,73.5,5242125,2k,2026
Kaden Rickard,kenn,G,72.7,5312345,2k,2026
Nigel Thomas,kenn,F,67.6,5312346,2k,2026
Perry Smith Jr.,kenn,C,69.0,5107296,2k,2026
RJ Johnson,kenn,G,75.2,5176186,2k,2026
Ramone Seals,kenn,F,71.5,5101667,2k,2026
Simeon Cottle,kenn,G,77.2,5106660,2k,2026
Trey Simpson,kenn,F,70.2,5312350,2k,2026
Brenden Moss,kent,G,72.7,5108090,2k,2026
Cian Medley,kent,G,73.3,5174637,2k,2026
Deandre Jones,kent,F,74.1,5242947,2k,2026
Delrecco Gillespie,kent,F,76.7,5108093,2k,2026
Dezmon Briscoe,kent,F,78.0,5313326,2k,2026
Drew Huffman,kent,F,74.8,5242949,2k,2026
Dylan Lakatos,kent,G,74.0,5315165,2k,2026
Jahari Williamson,kent,G,68.8,5176400,2k,2026
Jamal Sumlin,kent,G,71.3,5106846,2k,2026
Jaymen Townsend,kent,F,70.2,5313327,2k,2026
Landon Vanderwarker,kent,F,69.5,5313325,2k,2026
Magnus Entenmann,kent,F,77.3,5108091,2k,2026
Morgan Safford,kent,G,72.0,4593739,2k,2026
Omer Hamama,kent,G,75.9,5313328,2k,2026
Quinn Woidke,kent,G,68.1,5313324,2k,2026
Rayvon Griffith,kent,F,76.0,4683765,2k,2026
Rob Whaley Jr.,kent,F,68.9,5176262,2k,2026
Abdi Bashir Jr.,ksu,G,78.5,5174959,2k,2026
Andrej Kostic,ksu,F,72.8,5311923,2k,2026
C.J. Jones,ksu,G,74.0,5107878,2k,2026
David Castillo,ksu,G,77.2,4869768,2k,2026
Dorin Buca,ksu,C,76.8,5311921,2k,2026
Elias Rapieque,ksu,F,70.2,5311919,2k,2026
Exavier Wilson,ksu,G,70.0,5311920,2k,2026
Khamari McGriff,ksu,F,71.5,4897715,2k,2026
Marcus Johnson,ksu,F,74.8,5242561,2k,2026
Mobi Ikegwuruka,ksu,G,75.9,5240263,2k,2026
Nate Johnson,ksu,G,74.6,4898278,2k,2026
P.J. Haggerty,ksu,G,76.5,5106275,2k,2026
Stephen Osei,ksu,F,70.8,5311922,2k,2026
Taj Manning,ksu,F,72.2,5106266,2k,2026
Bryson Tiller,ku,F,69.5,5041958,2k,2026
Corbin Allen,ku,G,78.5,5311917,2k,2026
Elmarko Jackson,ku,G,74.0,4872739,2k,2026
Flory Bidunga,ku,F,77.3,5044426,2k,2026
Jamari McDowell,ku,G,72.7,5103571,2k,2026
Jayden Dawson,ku,G,75.2,5105964,2k,2026
Justin Cross,ku,F,75.4,5175889,2k,2026
Kohl Rosario,ku,G,71.3,5291864,2k,2026
Melvin Council Jr.,ku,G,76.5,5177301,2k,2026
Nginyu Ngala,ku,G,72.0,5311916,2k,2026
Paul Mbiya,ku,C,72.3,5281379,2k,2026
Samis Calderon,ku,F,76.7,5252599,2k,2026
Tre White,ku,G,69.4,5105643,2k,2026
Wilder Evers,ku,G,74.6,5106260,2k,2026
Will Thengvall,ku,G,70.7,5240262,2k,2026
Alex Chaikin,laf,G,75.2,5243038,2k,2026
Andrew Phillips,laf,G,70.0,5176067,2k,2026
Ashton Wallace,laf,G,66.8,5323977,2k,2026
Beckett Currie,laf,G,74.6,5323980,2k,2026
Caleb Williams,laf,G,66.2,5243035,2k,2026
Chris Rubayo,laf,F,68.2,4897903,2k,2026
Christian Humphrey-Rembert,laf,F,72.2,5323979,2k,2026
Devin Hines,laf,G,73.3,4897902,2k,2026
Folabomi Fayemi,laf,G,74.0,5243037,2k,2026
Joshua Wyche,laf,G,65.5,5176068,2k,2026
Justin Vander Baan,laf,C,66.5,4701168,2k,2026
KaiMani Murdock,laf,G,71.3,5323978,2k,2026
Luka Savicevic,laf,G,68.1,4898292,2k,2026
Luke Azzinaro,laf,F,78.0,5323976,2k,2026
Luke Bevilacqua,laf,F,76.0,5144158,2k,2026
Malik Rasul,laf,F,68.9,4873186,2k,2026
Mark Butler,laf,G,75.9,5176065,2k,2026
Misha Bednostin,laf,C,76.8,5176066,2k,2026
Ryan Pettit,laf,G,70.7,5105678,2k,2026
Shareef Jackson,laf,F,71.5,5323981,2k,2026
TJ Berger,laf,G,77.2,4433589,2k,2026
Andrew Holifield,lam,F,74.1,5116468,2k,2026
B.B. Knight,lam,G,74.0,5106641,2k,2026
Braden East,lam,F,76.7,5242573,2k,2026
Christian Thomas,lam,PF,69.7,5313556,2k,2026
Cody Pennebaker,lam,G,72.0,5108080,2k,2026
Eian Lowe,lam,G,72.7,5313555,2k,2026
Errol White,lam,F,69.5,5176637,2k,2026
Izuchukwu Emelife,lam,C,75.5,5313559,2k,2026
Janko Bulajic,lam,C,76.8,5123799,2k,2026
Jayden Barrs,lam,G,78.5,5176636,2k,2026
Jayden Gambrell,lam,G,75.2,5242574,2k,2026
King-Njhsanni Wilhite,lam,G,69.4,5313554,2k,2026
Quinton Sanders,lam,G,71.3,5313553,2k,2026
Rob Lee Jr.,lam,G,73.3,5313558,2k,2026
Spencer Ezewiro,lam,F,75.4,5313557,2k,2026
Arlan Masharaliyev,las,G,69.4,5311866,2k,2026
Ashton Walker,las,G,68.1,5311862,2k,2026
Bowyn Beatty,las,F,76.7,5175408,2k,2026
Damon Strand,las,G,68.8,5239811,2k,2026
Edwin Daniel,las,F,74.8,5311865,2k,2026
Eric Acker,las,G,78.5,5177260,2k,2026
Jaden Johnson,las,G,71.3,5240616,2k,2026
Jaeden Marshall,las,G,70.0,5107261,2k,2026
Jerome Brewer Jr.,las,F,76.0,5108930,2k,2026
Josiah Harris,las,F,72.8,5106607,2k,2026
Josue Grullon,las,G,74.0,5243005,2k,2026
Justin Archer,las,F,77.3,5107507,2k,2026
Max Lipacis,las,F,70.2,5311864,2k,2026
Nas Hart,las,F,71.5,5311863,2k,2026
Noah Collier,las,F,75.4,4432204,2k,2026
Rob Dockery,las,G,74.6,5174292,2k,2026
Truth Harris,las,G,72.7,4703804,2k,2026
Christian Jones,lbsu,G,74.0,5312979,2k,2026
Cole Farrell,lbsu,G,75.9,5108150,2k,2026
Dallas Washington,lbsu,F,69.5,5101834,2k,2026
Derrick Michael Xzavierro,lbsu,F,68.9,5106309,2k,2026
Gavin Sykes,lbsu,G,70.7,5196921,2k,2026
Grant Gondrezick II,lbsu,G,75.2,5174936,2k,2026
Immanuel Lewis,lbsu,G,72.7,5253392,2k,2026
Isaiah Lewis,lbsu,G,72.0,5242546,2k,2026
JJ Chaikovsky,lbsu,F,76.7,5175808,2k,2026
Jayden Alexander,lbsu,G,78.5,5312978,2k,2026
Leopold Levillain,lbsu,F,72.8,5312977,2k,2026
Petar Majstorovic,lbsu,F,70.8,5238187,2k,2026
Rob Diaz III,lbsu,G,76.5,5312976,2k,2026
Shaquil Bender,lbsu,G,77.8,5177115,2k,2026
Shay Johnson Jr.,lbsu,F,74.1,4897531,2k,2026
Alfredo Addesa,leh,F,78.0,5243040,2k,2026
Andrew Urosevic,leh,G,70.7,5314503,2k,2026
Brendan Reed,leh,G,72.0,5105682,2k,2026
Bube Momah,leh,F,72.8,5105683,2k,2026
Caesar Burrows,leh,G,75.9,5314504,2k,2026
Caleb Thomas,leh,G,71.3,5314505,2k,2026
Edouard Benoit,leh,F,76.0,5243039,2k,2026
Hank Alvey,leh,F,76.7,5243042,2k,2026
Henri Adiassa,leh,C,76.8,5105684,2k,2026
Jake Pike,leh,F,72.2,5176078,2k,2026
Jalen Vazquez,leh,G,70.0,5314506,2k,2026
Joshua Ingram,leh,G,74.6,5176077,2k,2026
Nasir Whitlock,leh,G,69.4,5176076,2k,2026
Peter Kramer,leh,G,74.0,5243041,2k,2026
Tommy Conniff,leh,C,74.2,5105685,2k,2026
Ametri Moss,lem,G,72.7,5176210,2k,2026
Deng Garang,lem,G,76.5,5177248,2k,2026
Eli Greenberg,lem,G,75.9,5313953,2k,2026
Isaac Nyakundi,lem,F,71.5,5241781,2k,2026
Jakai Sanders,lem,G,70.0,5242916,2k,2026
Jakob Blakley,lem,G,78.5,5241779,2k,2026
Josiah Lee,lem,G,74.0,5313954,2k,2026
Kaelin Thomas,lem,G,69.4,5177251,2k,2026
Nate Fouts,lem,F,76.7,5177253,2k,2026
Sam Donnelly,lem,G,77.8,5241782,2k,2026
Samuel Hincapie,lem,G,75.2,5313955,2k,2026
Shilo Jackson,lem,F,74.1,5176713,2k,2026
Tennessee Rainwater,lem,G,71.3,5176649,2k,2026
Trent Mosquera,lem,G,73.3,5177250,2k,2026
Trevor Roe,lem,F,70.2,5175676,2k,2026
Brady Kester,lib,F,72.8,5313665,2k,2026
Brett Decker Jr.,lib,G,77.2,5242130,2k,2026
Colin Porter,lib,G,72.0,5107070,2k,2026
Drew Grimes,lib,F,75.4,5254335,2k,2026
Isaiah Ihnen,lib,F,74.1,4592702,2k,2026
JC Shirer Jr.,lib,G,71.3,5107071,2k,2026
JJ Harper,lib,G,75.2,5119095,2k,2026
Josh Smith,lib,F,70.2,4700859,2k,2026
Kaden Metheny,lib,G,72.7,4703572,2k,2026
Ryan Jones Jr.,lib,F,73.5,5238192,2k,2026
TJ Drain,lib,F,76.0,5254331,2k,2026
Torr Sorensen,lib,F,69.5,5313663,2k,2026
Zach Cleveland,lib,F,77.3,5107069,2k,2026
Zander Carter,lib,G,78.5,5254332,2k,2026
Zander Yates,lib,F,68.9,4897412,2k,2026
Charlie Williams,lip,C,67.8,5106738,2k,2026
Cole Middleton,lip,F,72.2,4781728,2k,2026
Devyn Martin,lip,F,72.8,5313704,2k,2026
Ethan Duncan,lip,G,75.2,4897775,2k,2026
Grant Asman,lip,F,77.3,4897583,2k,2026
Josh Scott,lip,F,70.2,5313707,2k,2026
Kellan Boylan,lip,F,76.7,5113385,2k,2026
Kennedy Okpara,lip,F,71.5,5313705,2k,2026
Logan Suber,lip,G,70.0,5176191,2k,2026
Luke Carter,lip,G,75.9,5239795,2k,2026
Luke Jack,lip,F,73.5,5313703,2k,2026
Mateo Esmeraldo,lip,G,74.6,5107530,2k,2026
Miles White,lip,G,69.4,5239794,2k,2026
Or Ashkenazi,lip,F,78.0,5313706,2k,2026
Ross Candelino,lip,G,76.5,5105864,2k,2026
Titas Sargiunas,lip,F,70.8,5175660,2k,2026
A.J. Neal Jr.,liu,G,71.3,4897671,2k,2026
Caleb Johnson,liu,F,75.4,5175939,2k,2026
Eddie Munyak,liu,G,72.7,5243274,2k,2026
Faheim Meran,liu,G,74.0,5109771,2k,2026
Gavin Pendergast,liu,G,70.7,5243275,2k,2026
Greg Gordon,liu,G,76.5,5177096,2k,2026
Isaiah Miranda,liu,F,72.8,5121428,2k,2026
Jamal Fuller,liu,G,77.8,5122836,2k,2026
Jomo Goings,liu,G,77.2,5314163,2k,2026
Malachi Davis,liu,G,78.5,5175029,2k,2026
Mason Porter-Brown,liu,F,69.5,5314165,2k,2026
Max Ndlovu-Fraser,liu,G,72.0,5314164,2k,2026
Shadrak Lasu,liu,F,74.8,5243273,2k,2026
Tre'shawn Sheppard,liu,G,69.4,5177262,2k,2026
Xinyi Li,liu,F,74.1,5181768,2k,2026
Ben Menker,lmd,G,73.3,5242966,2k,2026
Braeden Speed,lmd,G,72.0,5242964,2k,2026
Carter Berg-McLean,lmd,G,77.2,5314513,2k,2026
Emmett Adair,lmd,F,78.0,5314516,2k,2026
Everett Barnes,lmd,F,77.3,5314515,2k,2026
Garrett Brennan,lmd,G,76.5,5105688,2k,2026
Goap Kodi,lmd,F,73.5,5242965,2k,2026
Jacob Theodosiou,lmd,G,69.4,5176286,2k,2026
Jonas Sirtautas,lmd,F,72.2,5176285,2k,2026
Jordan Stiemke,lmd,G,70.0,5176082,2k,2026
Peter Sposito,lmd,G,71.3,5198359,2k,2026
Sam Springer,lmd,F,70.2,5247862,2k,2026
Sebastien Emenalo,lmd,G,74.6,5314517,2k,2026
Troy Cicero Jr.,lmd,G,75.9,5176081,2k,2026
Tyson Commander,lmd,G,75.2,5105689,2k,2026
AJ Thomas,lmu,G,71.3,5314795,2k,2026
Aaron McBride,lmu,F,73.5,4872743,2k,2026
Cooper Smith,lmu,G,72.0,5314802,2k,2026
George Tupy,lmu,F,69.5,5197991,2k,2026
Jael Martin,lmu,F,74.1,5240619,2k,2026
Jalen Shelley,lmu,F,72.8,5037874,2k,2026
Jan Vide,lmu,G,69.4,5174984,2k,2026
Josh Dalton,lmu,F,76.0,5314796,2k,2026
Kevin Carney,lmu,G,77.2,5176567,2k,2026
Marley Zeller,lmu,G,68.8,5240614,2k,2026
Myron Amey Jr.,lmu,G,78.5,4897534,2k,2026
Nakyel Shelton,lmu,G,72.7,5177341,2k,2026
Rick Issanza,lmu,C,74.9,4592217,2k,2026
Rodney Brown Jr.,lmu,G,77.8,5037870,2k,2026
Rokas Jocius,lmu,F,74.8,5105904,2k,2026
Tanner Thomas,lmu,G,70.7,4897974,2k,2026
Alphonzo Billups III,long,G,77.2,5106039,2k,2026
Elijah Jones,long,F,74.8,5176811,2k,2026
Elijah Kelly,long,G,74.0,5313508,2k,2026
Elijah Tucker,long,F,69.5,4684309,2k,2026
Emanuel Richards,long,G,71.3,5175665,2k,2026
Gerald Burr III,long,G,76.5,5313510,2k,2026
Isaiah Kalala,long,F,74.1,5313509,2k,2026
Jacoi Hutchinson,long,G,75.9,4845378,2k,2026
Jaylen Benard,long,G,77.8,5175669,2k,2026
Jaylin Payne,long,F,71.5,5313511,2k,2026
Jerome Williams,long,G,69.4,5313512,2k,2026
Johan Nziemi,long,F,72.2,5175666,2k,2026
KJ McClurg,long,G,73.3,4701156,2k,2026
Quadri Bashiru,long,F,78.0,5313513,2k,2026
Redd Thompson Jr.,long,G,70.7,5101649,2k,2026
Adrian Wooley,lou,G,70.7,5242127,2k,2026
Aly Khalifa,lou,C,74.2,4702739,2k,2026
Cole Sherman,lou,G,71.3,5106779,2k,2026
Isaac McKneely,lou,G,74.0,4712845,2k,2026
J'Vonne Hadley,lou,G,77.2,4702784,2k,2026
Kasean Pryor,lou,F,72.8,4589481,2k,2026
Khani Rooths,lou,F,71.5,4873187,2k,2026
Kobe Rodgers,lou,G,72.7,5174946,2k,2026
London Johnson,lou,G,75.9,5104203,2k,2026
Mouhamed Camara,lou,F,78.0,5311966,2k,2026
Sananda Fru,lou,F,77.3,5311967,2k,2026
Spencer Legg,lou,G,74.6,5105765,2k,2026
Vangelis Zougris,lou,F,69.5,5311969,2k,2026
Will Hanke,lou,G,76.5,5311968,2k,2026
Braxton Bayless,lr,G,78.5,5107792,2k,2026
Caleb Pennyfeather,lr,F,72.8,5242548,2k,2026
Cameron Wallace,lr,F,68.9,5314309,2k,2026
Christian Hughes,lr,G,75.9,5177351,2k,2026
Johnathan Lawson,lr,G,74.6,4432589,2k,2026
Joseph Thomas,lr,G,70.0,5242545,2k,2026
KK Robinson,lr,G,71.3,4565207,2k,2026
Kachi Nzeh,lr,F,73.5,4895787,2k,2026
Kellen Robinson,lr,G,72.7,5144094,2k,2026
Khasen Robinson,lr,G,72.0,5314307,2k,2026
Terrion Burgess,lr,F,77.3,5101825,2k,2026
Tracy Steele Jr.,lr,G,70.7,4904926,2k,2026
Travonne Jackson,lr,G,75.2,5242547,2k,2026
Truman Claytor IV,lr,F,76.7,5314308,2k,2026
Tuongthach Gatkek,lr,F,76.0,4896453,2k,2026
Dedan Thomas Jr.,lsu,G,70.7,4873093,2k,2026
Jaden Bobbett,lsu,G,78.5,5239549,2k,2026
Jalen Reece,lsu,G,73.3,5101776,2k,2026
Jalen Reed,lsu,F,72.2,5105534,2k,2026
Marcus Vaughn,lsu,F,69.5,5331717,2k,2026
Marquel Sutton,lsu,F,71.5,5107264,2k,2026
Matt Gilhool,lsu,F,76.7,5311511,2k,2026
Max Mackinnon,lsu,G,75.9,5105785,2k,2026
Mazi Mosley,lsu,G,74.6,5144106,2k,2026
Mike Nwoko,lsu,F,73.5,4895795,2k,2026
PJ Carter,lsu,G,77.8,4702000,2k,2026
Pablo Tamba,lsu,F,70.8,4897898,2k,2026
Rashad King,lsu,G,76.5,5106715,2k,2026
Robert Miller III,lsu,F,74.8,5061596,2k,2026
Ron Zipper,lsu,G,69.4,5311512,2k,2026
A'Meir Williams,lt,F,69.5,5313673,2k,2026
AJ Bates,lt,G,77.2,5060724,2k,2026
Avery Thomas II,lt,F,70.8,5313669,2k,2026
DJ Dudley,lt,G,75.9,5313667,2k,2026
Jaylen Fenner,lt,G,75.2,5254333,2k,2026
Jermaurhiyun Anderson,lt,G,77.8,5313668,2k,2026
Kaden Cooper,lt,G,76.5,5070505,2k,2026
Keegan Rowell,lt,G,72.0,5313670,2k,2026
Kylan Howze,lt,F,73.5,5313671,2k,2026
Lachlan Thompson,lt,G,70.7,5263909,2k,2026
Melian Martinez,lt,C,71.7,5313672,2k,2026
Scooter Williams,lt,G,69.4,5243118,2k,2026
Sir Issac Herron,lt,F,74.1,4897258,2k,2026
Will Allen,lt,F,78.0,4897501,2k,2026
Will Jeffress,lt,F,72.8,4701841,2k,2026
Alexander Richardson,luc,C,71.0,5311867,2k,2026
Brayden Young,luc,F,68.9,5239630,2k,2026
Caleb Reese,luc,G,72.7,5105967,2k,2026
Chuck Love,luc,G,74.6,5101822,2k,2026
Daniil Glazkov,luc,G,76.5,5239627,2k,2026
Deywilk Tavarez,luc,G,70.0,5176275,2k,2026
Dominick Harris,luc,G,75.9,4432198,2k,2026
Joshua Ola-Joseph,luc,F,72.8,5105822,2k,2026
Justin Moore,luc,G,74.0,5105780,2k,2026
Kayde Dotson,luc,G,77.2,5241246,2k,2026
Kymany Houinsou,luc,G,75.2,5105659,2k,2026
Miles Rubin,luc,C,69.7,5174609,2k,2026
Nic Anderson,luc,G,77.8,5252606,2k,2026
Sam Yurasek,luc,G,68.8,5193438,2k,2026
Xavier Amos,luc,F,78.0,5108022,2k,2026
Zachary Royster,luc,F,70.8,5239631,2k,2026
Anthony Isaac,man,F,74.1,5311760,2k,2026
Aryan Arora,man,G,78.5,4901653,2k,2026
Asier Miguel,man,G,71.3,5311767,2k,2026
Brett Rumpel,man,G,68.1,4897050,2k,2026
Devin Dinkins,man,G,76.5,5105895,2k,2026
Erik Oliver-Bush,man,G,70.0,5311761,2k,2026
Fraser Roxburgh,man,F,68.2,5241537,2k,2026
Jackson Delaney,man,G,77.2,5185184,2k,2026
Jaden Winston,man,G,66.8,5177116,2k,2026
Jaeden Robley,man,G,69.4,5311762,2k,2026
Jameson Borodawka,man,G,77.8,5311764,2k,2026
Louis Fairtlough,man,G,75.2,5241534,2k,2026
Marko Ljubicic,man,F,72.2,5246878,2k,2026
Michael Lawlor,man,F,72.8,5181767,2k,2026
Nick Lukmann,man,G,72.0,5311766,2k,2026
Omari Moore,man,G,70.7,5311765,2k,2026
Quron Elliott,man,G,75.9,5311763,2k,2026
Terrance Jones,man,G,74.0,4898280,2k,2026
Will Sydnor,man,F,67.0,5241535,2k,2026
Adrien Stevens,marq,G,68.8,5196920,2k,2026
Ben Gold,marq,F,76.7,5105599,2k,2026
Braeden Brenn,marq,F,78.0,5311977,2k,2026
Caedin Hamilton,marq,F,76.0,5175364,2k,2026
Casey O'Malley,marq,G,72.7,5175365,2k,2026
Chase Ross,marq,G,69.4,5105598,2k,2026
Damarius Owens,marq,F,71.5,5061595,2k,2026
Ian Miletic,marq,F,73.5,5248297,2k,2026
Jonah Lucas,marq,G,74.6,5105602,2k,2026
Joshua Clark,marq,F,77.3,5240527,2k,2026
Michael Phillips II,marq,F,69.5,5248300,2k,2026
Nash Walker,marq,G,68.1,5326288,2k,2026
Nigel James Jr.,marq,G,75.9,5144086,2k,2026
Royce Parham,marq,F,70.8,5101676,2k,2026
Sean Jones,marq,G,75.2,5105600,2k,2026
Sheek Pearson,marq,F,70.2,5280899,2k,2026
Tre Norman,marq,G,73.3,4895745,2k,2026
Bilal Osman,mass,F,71.5,5313354,2k,2026
Charles Outlaw,mass,F,70.8,5313355,2k,2026
Daniel Hankins-Sanford,mass,F,72.8,5105551,2k,2026
Danny Carbuccia,mass,G,76.5,5041934,2k,2026
Dimitri Clerc,mass,F,74.8,5313356,2k,2026
Donovan Brown,mass,G,77.2,5257084,2k,2026
Dwayne Wimbley Jr.,mass,F,68.9,5101843,2k,2026
Isaiah Placide,mass,G,70.0,5313353,2k,2026
Jayden Ndjigue,mass,G,72.7,5174614,2k,2026
Josh Engel,mass,G,74.0,5239650,2k,2026
K'Jei Parker,mass,G,70.7,5177558,2k,2026
Leonardo Bettiol,mass,F,77.3,4896505,2k,2026
Luka Damjanac,mass,F,74.1,5239651,2k,2026
Marcus Banks Jr.,mass,G,78.5,4897361,2k,2026
Rollie Castineyra,mass,G,75.9,5174618,2k,2026
Abdou Akim Mazou Tahirou,mcn,F,71.5,5313570,2k,2026
Carl Cherenfant,mcn,G,76.5,4711271,2k,2026
DJ Richards Jr.,mcn,G,70.0,5106843,2k,2026
Erik Villarreal,mcn,G,69.4,5242577,2k,2026
Garwey Dual,mcn,G,75.2,5077373,2k,2026
JJ Rembert,mcn,G,70.7,5186554,2k,2026
Jacolb Fredson-Cole,mcn,F,74.1,5238222,2k,2026
Javohn Garcia,mcn,G,74.0,4701125,2k,2026
Jerrell Colbert,mcn,F,75.4,4433273,2k,2026
Kaleb Brewer,mcn,G,77.8,5313568,2k,2026
Larry Johnson,mcn,G,73.3,5144375,2k,2026
Peitok Machar,mcn,F,72.2,5313569,2k,2026
T'Johnn Brown,mcn,G,77.2,4845366,2k,2026
Tyshawn Archie,mcn,G,78.5,5175726,2k,2026
Yanis Ndjonga,mcn,F,70.8,5175027,2k,2026
Aleks Alston,md,F,77.3,5311975,2k,2026
Andre Mills,md,G,74.0,5144378,2k,2026
Collin Metcalf,md,C,73.6,5106718,2k,2026
Darius Adams,md,G,78.5,5311972,2k,2026
David Coit,md,G,76.5,5108023,2k,2026
Elijah Saunders,md,F,70.8,4870565,2k,2026
George Turkson Jr.,md,G,70.0,5037877,2k,2026
Guillermo Del Pino,md,G,75.9,5311974,2k,2026
Isaiah Watts,md,G,68.8,5174970,2k,2026
Jaziah Harper,md,G,75.2,5311973,2k,2026
Lukas Sotell,md,G,70.7,5181259,2k,2026
Myles Rice,md,G,72.0,4709133,2k,2026
Nick Blake,md,G,77.2,5311976,2k,2026
Pharrel Payne,md,F,72.2,5105823,2k,2026
Rakease Passmore,md,G,73.3,5101661,2k,2026
Solomon Washington,md,F,68.9,5105562,2k,2026
Ace Flagg,me,F,73.5,5093143,2k,2026
Amare Allen,me,F,78.0,5239747,2k,2026
Bashir N'Galang,me,G,70.7,5313109,2k,2026
Caleb Crawford,me,G,74.6,5239745,2k,2026
Darius Lopes,me,G,72.0,5239746,2k,2026
Emmitt Byther,me,F,75.4,5313107,2k,2026
Isaac Bonilla,me,G,76.5,5175691,2k,2026
John Shea,me,F,68.9,5107210,2k,2026
Joshua Ojuri,me,F,69.5,5313108,2k,2026
Keelan Steele,me,F,68.2,5107211,2k,2026
Killian Gribben,me,F,72.2,5107810,2k,2026
Logan Carey,me,G,75.2,5175690,2k,2026
Mekhi Gray,me,G,73.3,4701160,2k,2026
Ryan Mabrey,me,G,71.3,5108029,2k,2026
TJ Biel,me,F,76.7,5177368,2k,2026
Yanis Bamba,me,F,77.3,5175745,2k,2026
Aaron Bradshaw,mem,F,76.0,4685683,2k,2026
Arop Arop,mem,F,77.3,5175888,2k,2026
Ashton Hardaway,mem,F,74.1,4711280,2k,2026
Curtis Givens III,mem,G,75.2,5037872,2k,2026
Dug McDaniel,mem,G,72.0,5105805,2k,2026
Hasan Abdul Hakim,mem,G,78.5,5176660,2k,2026
Julius Thedford,mem,G,70.0,5242617,2k,2026
Mason Matthews,mem,F,72.2,5180726,2k,2026
Quante Berry,mem,G,77.2,5105618,2k,2026
Simon Majok,mem,C,72.3,5313374,2k,2026
Sincere Parker,mem,G,71.3,5105984,2k,2026
Tariq Ingraham,mem,F,73.5,4431995,2k,2026
Thierno Sylla,mem,C,69.7,5106647,2k,2026
William Whorton,mem,F,68.9,5177047,2k,2026
Zach Davis,mem,G,75.9,5105548,2k,2026
Alex Koch,mer,F,74.8,5243235,2k,2026
Armani Mighty,mer,C,73.6,4917161,2k,2026
Baraka Okojie,mer,G,73.3,5174594,2k,2026
Bendji Pierre,mer,F,70.8,5105414,2k,2026
Brady Shoulders,mer,G,70.0,5243236,2k,2026
Braeden Carlsen,mer,G,78.5,5243237,2k,2026
Connor Serven,mer,F,70.2,4702097,2k,2026
Jaydon Cole,mer,G,77.8,5314530,2k,2026
Kyle Cuffe Jr.,mer,G,77.2,4816087,2k,2026
NJ Nganga,mer,G,74.0,5314528,2k,2026
Pero Zubac,mer,F,68.2,5314529,2k,2026
Petras Padegimas,mer,F,72.2,5174576,2k,2026
Quinton Perkins II,mer,G,72.0,5176784,2k,2026
TJ Grant,mer,G,76.5,5108878,2k,2026
Tristan Gross,mer,G,75.9,4845379,2k,2026
Zaire Williams,mer,G,69.4,4897951,2k,2026
Bernie Blunt III,merc,G,78.5,4898243,2k,2026
Brady Conner,merc,G,77.2,5315591,2k,2026
Cameron Johnson,merc,F,72.8,5315592,2k,2026
Chris Leman,merc,F,71.5,5315593,2k,2026
Christian Gamble,merc,G,75.2,5243380,2k,2026
Deshaun Jackson Jr.,merc,G,74.0,5243378,2k,2026
Emilis Butkus,merc,G,77.8,5107162,2k,2026
Jake Lemelman,merc,G,71.3,5243381,2k,2026
James Thomas,merc,F,68.9,5243386,2k,2026
Kaden Fuhrmann,merc,G,75.9,5252076,2k,2026
Mykolas Ivanauskas,merc,F,74.1,5243379,2k,2026
Or Faran,merc,G,76.5,5315594,2k,2026
Qadir Martin,merc,F,70.2,4873160,2k,2026
Sean Lang,merc,G,72.7,4709424,2k,2026
Vladimir Pavlovic,merc,G,70.0,5175024,2k,2026
Dante Allen,mia,G,78.5,5142709,2k,2026
Ernest Udeh Jr.,mia,C,71.0,5106261,2k,2026
John Laboy II,mia,G,74.6,5311985,2k,2026
Jordyn Kee,mia,G,75.2,5214525,2k,2026
Malik Reneau,mia,F,72.2,5105798,2k,2026
Marcus Allen,mia,G,77.8,4869762,2k,2026
Noam Dovrat,mia,G,76.5,5311986,2k,2026
Salih Altuntas,mia,F,76.7,5311984,2k,2026
Shelton Henderson,mia,F,75.4,5101809,2k,2026
Timotej Malovec,mia,F,72.8,5281366,2k,2026
Treyvon Maddox,mia,F,73.5,5101821,2k,2026
Tru Washington,mia,G,71.3,4845368,2k,2026
Charlie May,mich,G,72.0,5106648,2k,2026
Elliot Cadeau,mich,G,77.8,4869764,2k,2026
Harrison Hochberg,mich,F,73.5,5174787,2k,2026
Howard Eisley Jr.,mich,G,76.5,5239559,2k,2026
L.J. Cason,mich,G,77.2,5214641,2k,2026
Malick Kordel,mich,C,72.3,5311988,2k,2026
Nimari Burnett,mich,G,78.5,4433138,2k,2026
Oscar Goodman,mich,F,74.8,5244505,2k,2026
Ricky Liburd,mich,G,72.7,5311987,2k,2026
Roddy Gayle Jr.,mich,G,75.9,5105836,2k,2026
Trey McKenney,mich,G,71.3,5041954,2k,2026
Will Tschetter,mich,F,70.2,4684596,2k,2026
Winters Grady,mich,G,74.6,5174808,2k,2026
Aaron Franklin,milw,G,75.2,5176835,2k,2026
Amar Augillard,milw,G,78.5,4897222,2k,2026
Austin Villarreal,milw,G,68.8,5241671,2k,2026
Chandler Jackson,milw,F,73.5,5313245,2k,2026
Danilo Jovanovich,milw,F,72.8,4838711,2k,2026
Esyah Pippa-White,milw,G,70.0,5241668,2k,2026
Faizon Fields,milw,F,75.4,5106461,2k,2026
Isaiah Dorceus,milw,G,77.2,5313242,2k,2026
John Lovelace Jr.,milw,G,72.0,5106810,2k,2026
Josh Dixon,milw,G,77.8,5144090,2k,2026
Ned Renfree,milw,G,69.4,5313244,2k,2026
Sekou Konneh,milw,F,72.2,5240519,2k,2026
Seth Hubbard,milw,G,74.6,5108000,2k,2026
Simeon Murchison,milw,F,70.2,4858608,2k,2026
Stevie Elam,milw,G,76.5,5313243,2k,2026
Tate Mackenzie,milw,F,70.8,5313246,2k,2026
BJ Omot,minn,F,74.1,5107285,2k,2026
Bobby Durkin,minn,F,76.7,5174568,2k,2026
Cade Tyson,minn,G,70.7,5107970,2k,2026
Chance Stephens,minn,G,72.0,5105459,2k,2026
Chansey Willis Jr.,minn,G,69.4,5243095,2k,2026
Grayson Grove,minn,F,75.4,5239570,2k,2026
Isaac Asuma,minn,G,78.5,5144165,2k,2026
Jaylen Crocker-Johnson,minn,F,77.3,4894462,2k,2026
Kai Shinholster,minn,G,73.3,5254164,2k,2026
Langston Reynolds,minn,G,74.0,5107857,2k,2026
Max Lorenson,minn,G,75.2,5311996,2k,2026
Maximus Gizzi,minn,G,76.5,5311997,2k,2026
Nehemiah Turner,minn,F,70.8,5239776,2k,2026
RJ Spencer,minn,G,72.7,5311998,2k,2026
Robert Vaihola,minn,F,69.5,4897515,2k,2026
AJ Storr,miss,G,68.8,5105603,2k,2026
Augusto Cassiá,miss,F,77.3,5175354,2k,2026
Corey Chest,miss,F,76.7,4858606,2k,2026
Eduardo Klafke,miss,G,72.0,5171788,2k,2026
Hobert Grayson IV,miss,G,74.6,5259006,2k,2026
Ilias Kamardine,miss,G,72.7,5311523,2k,2026
James Scott,miss,F,69.5,5102798,2k,2026
Kezza Giffa,miss,G,75.2,4897575,2k,2026
Koren Johnson,miss,G,74.0,5105649,2k,2026
Malik Dia,miss,F,75.4,4712862,2k,2026
Max Smith,miss,G,69.4,5238223,2k,2026
Niko Bundalo,miss,F,78.0,5196939,2k,2026
Patton Pinkins,miss,G,70.7,5144099,2k,2026
Travis Perry,miss,G,71.3,4873100,2k,2026
Tylis Jordan,miss,F,72.8,5144115,2k,2026
Zach Day,miss,G,76.5,5238224,2k,2026
Aaron Rowe,miz,G,70.7,5041957,2k,2026
Annor Boateng,miz,G,77.8,5238218,2k,2026
Anthony Robinson II,miz,G,71.3,5054085,2k,2026
Jacob Crews,miz,G,76.5,4432515,2k,2026
Jayden Stone,miz,G,70.0,4432196,2k,2026
Jevon Porter,miz,F,72.2,4684798,2k,2026
Luke Northweather,miz,F,74.1,5106269,2k,2026
Mark Mitchell,miz,G,75.2,4433285,2k,2026
Nicholas Randall,miz,G,72.0,5144151,2k,2026
Sebastian Mack,miz,G,75.9,4711270,2k,2026
Shawn Phillips Jr.,miz,C,73.0,5105537,2k,2026
T.O. Barrett,miz,G,78.5,5144166,2k,2026
Trent Burns,miz,C,76.2,5169569,2k,2026
Trent Pierce,miz,G,73.3,5037881,2k,2026
Almar Atlason,moh,F,77.3,5176313,2k,2026
Antwone Woolfolk,moh,F,68.9,5105859,2k,2026
Blake Anderson,moh,G,78.5,5176216,2k,2026
Brady Ganley,moh,G,75.9,5313369,2k,2026
Brant Byers,moh,G,77.2,5243053,2k,2026
Eian Elmer,moh,G,76.5,5093252,2k,2026
Eli Yofan,moh,G,68.1,5108031,2k,2026
Ethan Wright,moh,F,68.2,5243054,2k,2026
Evan Ipsaro,moh,G,75.2,5176212,2k,2026
Jackson Kotecki,moh,F,73.5,5176215,2k,2026
Justin Kirby,moh,G,74.6,5313370,2k,2026
Kyle Waltz,moh,F,69.5,5313373,2k,2026
Leshawn Stowers,moh,G,71.3,5313372,2k,2026
Luke Skaljac,moh,G,72.0,5101653,2k,2026
Peter Suder,moh,G,70.7,5106674,2k,2026
Trey Perry,moh,G,73.3,5313368,2k,2026
Tyler Robbins,moh,F,72.2,5313371,2k,2026
Andrew Ball,monm,G,78.5,5106702,2k,2026
Anthony Martinez,monm,G,74.6,5312166,2k,2026
Corey Miller,monm,G,73.3,5174960,2k,2026
Cornelius Robinson III,monm,F,68.9,5174962,2k,2026
Dok Muordar,monm,C,71.7,5107158,2k,2026
Jack Collins,monm,G,77.8,5106703,2k,2026
Jack Leahy,monm,G,75.2,5174961,2k,2026
Jason Rivera-Torres,monm,F,69.5,5174288,2k,2026
Jinup Dobuol,monm,F,76.7,5240966,2k,2026
Justin Ray,monm,G,70.7,5242598,2k,2026
Kavion McClain,monm,F,73.5,5177703,2k,2026
Lucas Orchard,monm,G,72.0,5242599,2k,2026
O'Marion Harvey,monm,F,75.4,5101818,2k,2026
Quinn Peters,monm,F,70.8,5174963,2k,2026
Stefanos Spartalis,monm,F,68.2,5313726,2k,2026
Zubayr Griffin,monm,G,76.5,5312165,2k,2026
Amari Jedkins,mont,F,73.5,5106752,2k,2026
Brooklyn Hicks,mont,G,75.2,5101624,2k,2026
Chase Henderson,mont,G,75.9,5177695,2k,2026
Connor Dick,mont,G,76.5,5177698,2k,2026
Courtney Anderson Jr.,mont,G,77.8,4685648,2k,2026
Grant Kepley,mont,G,73.3,5315596,2k,2026
Kadyn Betts,mont,F,76.7,5105819,2k,2026
Kenyon Aguino,mont,F,78.0,5315598,2k,2026
Luke Moxon,mont,G,72.0,5315597,2k,2026
Malik Messina-Moore,mont,G,72.7,5105454,2k,2026
Money Williams,mont,G,69.4,5177694,2k,2026
Te'Jon Sawyer,mont,F,70.8,4702042,2k,2026
Trae Taylor,mont,F,70.2,5315595,2k,2026
Tyler Isaak,mont,G,74.6,5106313,2k,2026
Tyler Thompson,mont,G,70.0,5060727,2k,2026
Anouar Mellouk,more,F,73.5,4897051,2k,2026
Chase Dawson,more,G,77.2,5247158,2k,2026
Clayton Parker,more,F,72.8,5314330,2k,2026
Davion Cunningham,more,G,77.8,5107477,2k,2026
George Marshall,more,G,74.6,5177360,2k,2026
Jace Winkleman,more,G,70.7,5242552,2k,2026
Jacob Wilson,more,G,71.3,5108070,2k,2026
Jaden Priester,more,F,72.2,5314329,2k,2026
Jarvis Wright,more,G,70.0,5314328,2k,2026
Jon Carroll,more,F,78.0,5314326,2k,2026
Josiah LeGree,more,G,75.2,5241383,2k,2026
Kameren Wright,more,G,69.4,5144120,2k,2026
Tamaury Releford,more,C,71.0,5240034,2k,2026
Tyonne Farrell,more,F,75.4,5239660,2k,2026
Vince Dawson III,more,G,76.5,5314327,2k,2026
Alfred Worrell Jr.,morg,G,69.4,5240664,2k,2026
Breon Barnett,morg,G,77.8,5314181,2k,2026
Christian Meeks,morg,G,72.7,5314179,2k,2026
Christian Oliver,morg,C,71.0,5176294,2k,2026
Dallas James,morg,C,73.6,4704086,2k,2026
David Bumpass,morg,G,77.2,5314180,2k,2026
Elijah Davis,morg,G,76.5,5263816,2k,2026
Eugene Alvin,morg,F,78.0,5314182,2k,2026
Jayden Socka,morg,F,70.2,5243114,2k,2026
Manok Lual,morg,F,72.8,5247441,2k,2026
Marland Harris,morg,F,74.8,5243111,2k,2026
Matar Wade,morg,F,69.5,5243110,2k,2026
Rob Lawson,morg,G,74.0,5107977,2k,2026
Trent Edwards,morg,F,75.4,5176291,2k,2026
Walter Peggs Jr.,morg,G,71.3,5110002,2k,2026
Amar Kuljuhovic,most,G,73.3,5176947,2k,2026
Antwan Burnett,most,G,77.2,4433185,2k,2026
Cameron Boone,most,F,78.0,5313697,2k,2026
Collin Clark,most,F,75.4,5313694,2k,2026
Darrion Sutton,most,F,70.8,5144381,2k,2026
Keith Palek III,most,F,71.5,5313696,2k,2026
Kobi Williams,most,G,70.7,5190926,2k,2026
Logan Epes,most,G,74.6,5241391,2k,2026
Melakih Cunningham,most,G,75.2,5313695,2k,2026
Michael Osei-Bonsu,most,F,72.2,5241397,2k,2026
Ryder Cheesman,most,G,76.5,5313698,2k,2026
Trey Williams Jr.,most,G,70.0,5313693,2k,2026
Tyrique Brooks,most,G,77.8,5252116,2k,2026
Zaxton King,most,G,74.0,5241395,2k,2026
Aliou Cisse,mrmk,F,77.3,5314296,2k,2026
Andrés Marrero,mrmk,G,73.3,4897066,2k,2026
Brandon Legris,mrmk,F,73.5,5106603,2k,2026
Brendan Johnson,mrmk,G,75.9,5242631,2k,2026
David Munro,mrmk,F,71.5,5314301,2k,2026
Dylan Veillette,mrmk,F,68.9,5314295,2k,2026
Ernest Shelton,mrmk,G,71.3,5314297,2k,2026
Jacob Moore,mrmk,F,72.2,5314299,2k,2026
Jaylen Stinson,mrmk,G,70.7,4897704,2k,2026
KC Ugwuakazi,mrmk,F,69.5,5176686,2k,2026
Kevair Kennedy,mrmk,G,75.2,5314298,2k,2026
Malik Edmead,mrmk,G,76.5,4703155,2k,2026
Quinn Kwasniak,mrmk,G,74.6,5314300,2k,2026
Todd Brogna,mrmk,F,78.0,5177298,2k,2026
Tye Dorset,mrmk,G,77.2,5242629,2k,2026
Bryce Slay,mrsh,G,71.3,5313149,2k,2026
Caleb Hollenbeck,mrsh,G,75.9,5313169,2k,2026
Connor Hollenbeck,mrsh,F,74.8,5241283,2k,2026
Drew Fuquay,mrsh,F,76.7,5313146,2k,2026
Erich Harding,mrsh,F,76.0,5240547,2k,2026
Grant Moore,mrsh,G,73.3,5240549,2k,2026
Jalen Speer,mrsh,G,70.0,4704015,2k,2026
Kai Spears,mrsh,G,70.7,5105514,2k,2026
Kaiden White,mrsh,G,68.8,5240546,2k,2026
Landen Joseph,mrsh,G,74.0,5313148,2k,2026
Matt Van Komen,mrsh,C,68.4,4432858,2k,2026
Noah Otshudi,mrsh,G,72.0,5313147,2k,2026
Shamarrie Hugie,mrsh,G,74.6,5313150,2k,2026
Will Moore,mrsh,G,72.7,5240548,2k,2026
Wilson Dubinsky,mrsh,G,78.5,5179092,2k,2026
Wyatt Fricks,mrsh,F,77.3,4897504,2k,2026
Antoni Vlogianitis,mrst,G,70.7,5242623,2k,2026
Elijah Lewis,mrst,G,74.6,5242621,2k,2026
Jaden Daughtry,mrst,F,76.7,5107770,2k,2026
Jadin Collins-Roberts,mrst,G,77.8,5242619,2k,2026
Jason Schofield,mrst,C,70.3,5177120,2k,2026
Jordan Gabriel,mrst,C,75.5,5314854,2k,2026
Justin Menard,mrst,G,73.3,5241491,2k,2026
Martin Kawa,mrst,G,75.2,4897651,2k,2026
Myles Parker,mrst,F,72.2,5279252,2k,2026
Parby Kabamba,mrst,F,75.4,5242622,2k,2026
Rhyjon Blackwell,mrst,G,78.5,5107299,2k,2026
Ricky McKenzie,mrst,G,74.0,5242124,2k,2026
Tarik Watson,mrst,C,69.0,4873195,2k,2026
Trace Salton,mrst,F,71.5,5107769,2k,2026
Abdou Khadre Kébé,msm,G,73.3,5242638,2k,2026
Anastasios Rozakeas,msm,G,69.4,5238163,2k,2026
Anthony Arrington,msm,G,77.8,5107325,2k,2026
Arlandus Keyes,msm,G,74.0,5242635,2k,2026
Elijah Espinosa,msm,F,75.4,5242637,2k,2026
Jaxon Hartman,msm,G,74.6,5242636,2k,2026
John Miller IV,msm,G,70.7,5314335,2k,2026
Justin Amadi,msm,F,78.0,4702765,2k,2026
Justin May,msm,G,72.0,5314336,2k,2026
Luke McEldon,msm,F,70.8,5176362,2k,2026
Mason So,msm,G,68.8,5176220,2k,2026
Noah Rogers,msm,G,70.0,5324103,2k,2026
Patrick Haigh,msm,G,75.2,5177124,2k,2026
Trey Deveaux,msm,F,76.7,5243013,2k,2026
Xavier Lipscomb,msm,G,72.7,4702218,2k,2026
Yakhya Diop,msm,F,76.0,5314337,2k,2026
Achor Achor,msst,F,78.0,5107364,2k,2026
Amier Ali,msst,G,77.8,4873130,2k,2026
Brandon Walker,msst,F,69.5,5105487,2k,2026
Cameren Paul,msst,G,70.7,5101824,2k,2026
Dellquan Warren,msst,G,69.4,4873112,2k,2026
Gai Chol,msst,C,74.9,4685688,2k,2026
Ja'Borri McGhee,msst,G,71.3,5240392,2k,2026
Jamarion Davis-Fleming,msst,F,74.8,5220874,2k,2026
Jayden Epps,msst,G,74.6,5105791,2k,2026
Josh Hubbard,msst,G,73.3,4895740,2k,2026
King Grace,msst,G,74.0,5142708,2k,2026
Quincy Ballard,msst,C,76.2,4683134,2k,2026
Sergej Macura,msst,F,71.5,5311740,2k,2026
Shawn Jones Jr.,msst,G,72.7,5105540,2k,2026
Tee Bartlett,msst,C,75.5,5101830,2k,2026
Brennan Walton,msu,F,70.8,5239563,2k,2026
Cam Ward,msu,F,69.5,5101798,2k,2026
Carson Cooper,msu,C,76.8,5105817,2k,2026
Coen Carr,msu,F,78.0,4872740,2k,2026
Colin Walton,msu,F,70.2,5239564,2k,2026
Denham Wojcik,msu,G,69.4,4610138,2k,2026
Divine Ugochukwu,msu,G,72.0,5060733,2k,2026
Jaxon Kohler,msu,F,74.8,5105815,2k,2026
Jeremy Fears Jr.,msu,G,77.2,4711255,2k,2026
Jesse McCulloch,msu,F,74.1,5239562,2k,2026
Jordan Scott,msu,F,72.8,5196931,2k,2026
Kaleb Glenn,msu,F,75.4,4685668,2k,2026
Kur Teng,msu,G,72.7,4873111,2k,2026
Nick Sanders,msu,G,74.0,5105818,2k,2026
Trey Fort,msu,G,76.5,4703411,2k,2026
CJ Purdie,mtst,G,71.3,5313223,2k,2026
Calum Rutherfurd,mtst,F,70.2,5175379,2k,2026
Cavin Holden,mtst,G,75.2,5313224,2k,2026
Chris Hodges,mtst,F,75.4,4433615,2k,2026
Christian King,mtst,F,73.5,5313225,2k,2026
Davian Brown,mtst,G,77.8,5313221,2k,2026
Grayson Gaddis,mtst,F,76.0,5241294,2k,2026
Howie Keene,mtst,G,74.6,5313222,2k,2026
Jaden Steppe,mtst,F,69.5,5061605,2k,2026
James Steward,mtst,F,68.9,5313227,2k,2026
Jed Miller,mtst,G,72.0,5107844,2k,2026
Jeremiah Davis,mtst,G,77.2,5241290,2k,2026
Patrick McMahon,mtst,G,72.7,4897923,2k,2026
Seth Amunrud,mtst,G,78.5,5313226,2k,2026
Waka Mbatch,mtst,F,72.8,5174671,2k,2026
Alec Oglesby,mtsu,G,71.3,4702696,2k,2026
Brandon Oloumou,mtsu,C,69.7,5313682,2k,2026
Charvez Ambrose,mtsu,G,77.8,5313680,2k,2026
Chris Loofe,mtsu,F,71.5,5176765,2k,2026
Jahvin Carter,mtsu,G,76.5,5149117,2k,2026
James Dent Jr.,mtsu,G,75.9,5177651,2k,2026
Jarred Hall,mtsu,F,74.1,4848642,2k,2026
Jax Howard,mtsu,G,74.0,5313681,2k,2026
Kamari Lands,mtsu,G,72.7,4610140,2k,2026
Latoya Barclay,mtsu,F,76.7,2177661,2k,2026
Luka Jovanovic,mtsu,C,72.3,5313679,2k,2026
Marcus Whitlock Jr.,mtsu,G,69.4,5176188,2k,2026
Savon Wykle,mtsu,G,68.8,5313683,2k,2026
Sean Smith,mtsu,G,70.0,5177533,2k,2026
Torey Alston,mtsu,F,78.0,5176763,2k,2026
Tre Green,mtsu,G,75.2,5106881,2k,2026
Ben Shtolzberg,mur,G,71.3,5105578,2k,2026
Brayden Shorter,mur,G,72.0,5313872,2k,2026
Brock Vice,mur,F,68.2,5175357,2k,2026
Dillon Butler,mur,G,77.8,5313871,2k,2026
Dylan Anderson,mur,C,77.5,4432739,2k,2026
Fred King,mur,C,73.0,5105580,2k,2026
JJ Traynor,mur,F,68.9,4596711,2k,2026
Javon Jackson,mur,G,74.6,5113534,2k,2026
KJ Tenner,mur,G,70.0,5240511,2k,2026
KyeRon Lindsay-Martin,mur,F,72.8,5105531,2k,2026
Lachlan Crate,mur,G,76.5,5313870,2k,2026
Layne Taylor,mur,G,70.7,5239783,2k,2026
Mason Miller,mur,F,72.2,4683755,2k,2026
Mathis Courbon,mur,G,77.2,5313868,2k,2026
Roman Domon,mur,G,75.9,5313873,2k,2026
Tristian Ford,mur,G,75.2,5313869,2k,2026
Antonio Sisk,mvsu,G,69.4,5243350,2k,2026
Chance Sutton,mvsu,F,68.2,5314772,2k,2026
Daniel Mayfield,mvsu,F,74.1,5314775,2k,2026
Delkedric Holmes,mvsu,G,77.2,5118089,2k,2026
Derrick Singleton,mvsu,F,69.5,5314776,2k,2026
George Ivory III,mvsu,G,75.9,4703150,2k,2026
Jonathan Pace,mvsu,F,71.5,5243355,2k,2026
Lamont Sams,mvsu,F,70.2,5191584,2k,2026
Michael James,mvsu,G,75.2,5314773,2k,2026
Mussa Mzein,mvsu,C,71.7,5189254,2k,2026
PJ McDonald,mvsu,F,73.5,5229620,2k,2026
Patrick Punch,mvsu,G,71.3,5314771,2k,2026
Samuel Murray,mvsu,F,72.8,5107896,2k,2026
Tyrone Iroghama,mvsu,G,76.5,5314774,2k,2026
X'Zaevion Barnett,mvsu,G,78.5,5314777,2k,2026
Xzayvion Childress,mvsu,G,77.8,5332491,2k,2026
Arne Osojnik,nau,G,73.3,5176190,2k,2026
Brennan Peterson,nau,G,72.7,5313240,2k,2026
Chris Komin,nau,G,74.0,5313239,2k,2026
Diego Campisano,nau,F,76.0,4897938,2k,2026
Erez Poran,nau,G,71.3,5313241,2k,2026
Isaiah Shaw,nau,G,70.7,4896885,2k,2026
JT Amundsen,nau,G,77.8,5313238,2k,2026
Karl Poom,nau,F,71.5,5248277,2k,2026
Kavon Bradford,nau,G,77.2,5243033,2k,2026
Oakland Fort,nau,G,75.2,4888717,2k,2026
Ryan Abelman,nau,G,78.5,5107851,2k,2026
Traivar Jackson,nau,F,74.1,5176783,2k,2026
Walker Timme,nau,F,69.5,5107304,2k,2026
Zack Davidson,nau,F,75.4,5177696,2k,2026
Aidan Kehoe,navy,C,69.0,5105698,2k,2026
Austin Benigni,navy,G,77.8,5105691,2k,2026
C.J. Kearns,navy,F,70.2,5314524,2k,2026
Cam Cole,navy,G,76.5,5176084,2k,2026
Cam Cormany,navy,G,75.9,5105693,2k,2026
Colin Pollock,navy,F,64.3,5314519,2k,2026
Cooper Jackson,navy,F,70.8,5242961,2k,2026
David Burnett,navy,G,77.2,5242959,2k,2026
Davyn de Jongh,navy,G,75.2,5242957,2k,2026
Donovan Draper,navy,F,74.1,5176087,2k,2026
Jerry Ashley Jr.,navy,F,78.0,5314521,2k,2026
Jinwoo Kim,navy,G,69.4,5176086,2k,2026
Jordan McConnell,navy,C,66.5,5314522,2k,2026
Jordan Pennick,navy,G,65.5,5176091,2k,2026
Julian Gabbidon,navy,G,74.0,5176093,2k,2026
Julien King,navy,G,68.8,5242956,2k,2026
Luke Morgan,navy,F,65.7,5314523,2k,2026
Matt Gaffney,navy,G,73.3,5314518,2k,2026
Mike Woods,navy,F,62.4,5105694,2k,2026
Nyles Howard,navy,G,72.0,5176094,2k,2026
Owen Gray,navy,F,72.2,5242962,2k,2026
Reiss Whitaker,navy,F,63.0,5176085,2k,2026
Sam Krist,navy,G,68.1,5105695,2k,2026
Steven McLeod,navy,G,66.8,5314520,2k,2026
Tobi Raji,navy,F,63.7,5242960,2k,2026
Amadou Doumbia,ncat,F,76.0,5239652,2k,2026
Brooklyn Vick,ncat,G,70.7,5312172,2k,2026
Bryson Ogletree,ncat,G,72.0,5242272,2k,2026
Chanler Montgomery,ncat,G,72.7,5242273,2k,2026
Dwayne Pierce,ncat,G,71.3,5312174,2k,2026
Efstratios Kalliontzis,ncat,C,74.2,5242274,2k,2026
Jalal McKie,ncat,G,74.0,5175000,2k,2026
KJ Debrick,ncat,F,76.7,5177701,2k,2026
Lewis Walker,ncat,F,69.5,5239649,2k,2026
Lureon Walker,ncat,G,69.4,5247156,2k,2026
Mujahiid Burton,ncat,G,78.5,5312171,2k,2026
Trent Middleton Jr.,ncat,G,73.3,5176166,2k,2026
Uchenna Kellman-Nicholes,ncat,G,74.6,5174998,2k,2026
Will Felton,ncat,C,74.9,4693724,2k,2026
Yancarlos Cueto,ncat,G,77.8,5312173,2k,2026
Zamoku Weluche-Ume,ncat,F,68.2,5174601,2k,2026
Caleb Ellison,nccu,G,72.7,5179290,2k,2026
Camren Daniels,nccu,G,75.2,5243400,2k,2026
Dionte Johnson,nccu,G,72.0,5108775,2k,2026
Gage Lattimore,nccu,G,71.3,5314190,2k,2026
Gbenga Olubi,nccu,F,69.5,5179293,2k,2026
Jae Slack,nccu,F,68.9,5176670,2k,2026
Jonathan Dunn,nccu,F,73.5,5107900,2k,2026
Justin Edwards,nccu,G,73.3,5258958,2k,2026
Kelechi Okworogwo,nccu,F,70.2,5106673,2k,2026
Khalil Arnold,nccu,G,77.8,5314188,2k,2026
Khouri Carvey,nccu,F,75.4,5242551,2k,2026
Kyric Davis,nccu,G,74.6,5240023,2k,2026
Perry Smith Jr.,nccu,C,67.8,5107296,2k,2026
Ramondo Battle II,nccu,F,76.7,5241371,2k,2026
Ryan Archey,nccu,G,78.5,5176266,2k,2026
Tekao Carpenter,nccu,G,76.5,5239749,2k,2026
Alyn Breed,ncsu,G,77.2,4585590,2k,2026
Colt Langdon,ncsu,F,72.8,5142707,2k,2026
Darrion Williams,ncsu,F,68.9,4937074,2k,2026
Jayme Kontuniemi,ncsu,G,74.0,5311994,2k,2026
Jerry Deng,ncsu,F,75.4,5174958,2k,2026
Jordan Snell,ncsu,G,70.7,5105430,2k,2026
Matt Able,ncsu,G,78.5,5196877,2k,2026
Musa Sagnia,ncsu,F,70.8,5311995,2k,2026
Paul McNeil Jr.,ncsu,G,72.0,4873151,2k,2026
Quadir Copeland,ncsu,G,76.5,4683860,2k,2026
Scottie Ebube,ncsu,C,74.2,4897482,2k,2026
Terrance Arceneaux,ncsu,G,77.8,5106059,2k,2026
Tre Holloman,ncsu,G,74.6,5105816,2k,2026
Ven-Allen Lubin,ncsu,F,72.2,4684799,2k,2026
Zymicah Wilkins,ncsu,F,69.5,5101858,2k,2026
Brady Koehler,nd,F,73.5,5312256,2k,2026
Brady Stevens,nd,G,70.7,5238175,2k,2026
Braeden Shrewsberry,nd,G,71.3,4912455,2k,2026
Cole Certa,nd,G,77.2,5144373,2k,2026
Garrett Sundra,nd,F,69.5,5142610,2k,2026
Jalen Haralson,nd,F,74.8,5312258,2k,2026
Kebba Njie,nd,F,71.5,5105845,2k,2026
Logan Imes,nd,G,74.6,4872727,2k,2026
Luke Devine,nd,F,76.0,5312260,2k,2026
Mark Zackery IV,nd,G,69.4,5141770,2k,2026
Markus Burton,nd,G,77.8,5101623,2k,2026
Matthew MacLellan,nd,F,72.8,5312261,2k,2026
Ryder Frost,nd,F,75.4,5312257,2k,2026
Sir Mohammed,nd,G,72.7,5137653,2k,2026
Tommy Ahneman,nd,C,77.5,5312259,2k,2026
Andy Stefonowicz,ndsu,G,71.3,5241640,2k,2026
Caleb Schoenrock,ndsu,F,73.5,5314782,2k,2026
Carson Smith,ndsu,G,72.7,5241641,2k,2026
Damari Wheeler-Thomas,ndsu,G,70.0,5107273,2k,2026
Dom Clay,ndsu,G,77.2,5314781,2k,2026
Emil Skytta,ndsu,G,73.3,5108046,2k,2026
Markhi Strickland,ndsu,G,70.7,4432494,2k,2026
Max Majerle,ndsu,G,75.9,5108047,2k,2026
Noah Feddersen,ndsu,F,76.0,5107278,2k,2026
Riley Massey,ndsu,G,75.2,5314779,2k,2026
Riley Saunders,ndsu,G,74.6,5314780,2k,2026
Tay Smith,ndsu,G,72.0,4901166,2k,2026
Trevian Carson,ndsu,G,77.8,5314778,2k,2026
Treyson Anderson,ndsu,F,78.0,5241642,2k,2026
Haris Elezovic,ne,F,76.7,5240514,2k,2026
JB Frankel,ne,G,75.9,5175017,2k,2026
LA Pratt,ne,G,71.3,5105787,2k,2026
Liam Koelsch,ne,C,73.0,5312179,2k,2026
Luca Soroa Schaller,ne,G,70.7,5242277,2k,2026
Mike Loughnane,ne,G,73.3,5174569,2k,2026
Miles Newton,ne,G,72.7,5312178,2k,2026
Petar Pinter,ne,C,71.0,5312180,2k,2026
Ryan Williams,ne,G,70.0,5242276,2k,2026
Ty Francis,ne,F,76.0,5312177,2k,2026
William Kermoury,ne,G,74.6,5175016,2k,2026
Xander Alarie,ne,F,77.3,5238169,2k,2026
Xavier Abreu,ne,G,78.5,5312176,2k,2026
Youri Fritz,ne,F,74.8,5107178,2k,2026
Berke Buyuktuncel,neb,F,76.0,5174982,2k,2026
Braden Frager,neb,F,73.5,5239571,2k,2026
Cale Jacobsen,neb,G,72.0,5105827,2k,2026
Connor Essegian,neb,G,74.6,5105861,2k,2026
Henry Burt,neb,F,76.7,5105828,2k,2026
Jamarques Lawrence,neb,G,70.7,5105825,2k,2026
Jared Garcia,neb,F,72.8,4702740,2k,2026
Justin Bolis,neb,F,77.3,5239573,2k,2026
Kendall Blue,neb,G,78.5,5109018,2k,2026
Leo Curtis,neb,F,74.8,5263670,2k,2026
Pryce Sandfort,neb,F,68.2,4858604,2k,2026
Quentin Rhymes,neb,G,69.4,5254162,2k,2026
Rienk Mast,neb,F,69.5,4592677,2k,2026
Sam Hoiberg,neb,G,72.7,4897432,2k,2026
Ugnius Jarusevicius,neb,F,70.8,5108721,2k,2026
Will Cooper,neb,F,75.4,5248172,2k,2026
Amire Robinson,nev,G,72.7,5176227,2k,2026
Christopher Baudreau,nev,F,76.7,5313916,2k,2026
Chuck Bailey III,nev,G,77.8,5177732,2k,2026
Corey Camper Jr.,nev,G,76.5,5177690,2k,2026
Elijah Price,nev,F,72.8,5176317,2k,2026
Ethan Croley,nev,F,74.1,5313917,2k,2026
Jeriah Coleman,nev,C,74.9,4703196,2k,2026
Joel Armotrading,nev,C,77.5,5175170,2k,2026
Kaleb Lowery,nev,F,73.5,5119063,2k,2026
Myles Walker,nev,G,71.3,5313913,2k,2026
Peyton White,nev,G,70.0,5313915,2k,2026
Tayshawn Comer,nev,G,75.2,5106706,2k,2026
Tyler Rolison,nev,G,72.0,4845370,2k,2026
Vaughn Weems,nev,G,70.7,5313914,2k,2026
Aidan Losiewicz,nhvn,G,69.4,5314310,2k,2026
Andre Pasha,nhvn,F,66.3,5314320,2k,2026
Dior Kennedy,nhvn,G,70.7,5314313,2k,2026
Dominick LaDuca,nhvn,G,70.0,5314311,2k,2026
Jabri Fitzpatrick,nhvn,G,74.0,5185239,2k,2026
Jagger Bascombe,nhvn,G,77.2,5242624,2k,2026
John Oladipo,nhvn,G,67.5,5314318,2k,2026
Justice Hanna,nhvn,G,72.7,5314312,2k,2026
Kheni Briggs,nhvn,G,76.5,5108121,2k,2026
Kyle Kearson,nhvn,G,71.3,5314324,2k,2026
Maison Adeleye,nhvn,G,78.5,5252503,2k,2026
Matiss Ogle,nhvn,G,68.1,5314325,2k,2026
Najimi George,nhvn,G,73.3,5314323,2k,2026
Nathan Narcisse,nhvn,G,68.8,5314316,2k,2026
Owen Hotaling,nhvn,G,72.0,5314314,2k,2026
Stefano Faloppa,nhvn,F,74.1,5243011,2k,2026
Teshaun Steele,nhvn,G,66.2,5314319,2k,2026
Timothy Coleman,nhvn,F,74.8,5314317,2k,2026
Tristan Burth,nhvn,F,75.4,5314321,2k,2026
Vere Anthony,nhvn,G,77.8,5314315,2k,2026
Zoumana Traore,nhvn,G,65.5,5314322,2k,2026
AJ McBride,nia,G,75.9,5242644,2k,2026
Brian Griffith,nia,G,77.8,5314360,2k,2026
Drew Larson,nia,F,76.0,5314361,2k,2026
Gael Dalmau,nia,G,78.5,5314359,2k,2026
Josiah Sabino,nia,G,74.0,5106680,2k,2026
Justin Hawkins,nia,F,76.7,5314356,2k,2026
Justin Page,nia,G,75.2,5175174,2k,2026
Kabeya Tshibangu,nia,C,71.7,5314358,2k,2026
Landon Williams,nia,G,71.3,5242642,2k,2026
Reggie Prudhomme,nia,G,74.6,5314357,2k,2026
Trenton Walters,nia,G,72.0,5175675,2k,2026
Vice Zanki,nia,F,70.2,5175375,2k,2026
Will Shortt,nia,F,72.8,5242643,2k,2026
Chaydon Stone,nich,G,70.7,5239815,2k,2026
Christian Winborne,nich,G,70.0,5105975,2k,2026
Domanic Betancourt,nich,F,78.0,5190869,2k,2026
Grant Sanders,nich,F,71.5,5116500,2k,2026
Jalik Dunkley,nich,G,77.2,5313592,2k,2026
Jalin Rice,nich,G,72.7,5177699,2k,2026
Jaylen Searles,nich,G,71.3,5176646,2k,2026
Jordan Matthews,nich,G,74.0,5313590,2k,2026
Kevin Pazmino,nich,G,73.3,5238199,2k,2026
Nick Krass,nich,G,75.2,5105625,2k,2026
Sincere Malone,nich,F,74.1,5107701,2k,2026
Trae English,nich,G,76.5,4897337,2k,2026
Zaiden Cross,nich,G,77.8,5313591,2k,2026
Zee Hamoda,nich,G,75.9,4897548,2k,2026
Carlos Coronado,niu,G,77.8,5314202,2k,2026
Daemar Kelly,niu,G,75.2,5177140,2k,2026
Dylan Ducommun,niu,G,77.2,5314208,2k,2026
Gianni Cobb,niu,G,78.5,5241714,2k,2026
Gustav Winther,niu,F,68.2,5314209,2k,2026
Hassan Washington,niu,F,70.2,5314204,2k,2026
Isaiah Stewart,niu,G,74.0,5314206,2k,2026
Isaiah Washington,niu,G,70.0,5243254,2k,2026
JJ Taylor,niu,F,72.8,5175063,2k,2026
Jao Ituka,niu,G,76.5,4896378,2k,2026
Jaylen Wharton,niu,F,68.9,5240355,2k,2026
Ladji Kante,niu,F,75.4,5314205,2k,2026
Lataevyon Taylor,niu,G,72.7,5177542,2k,2026
Makhai Valentine,niu,G,72.0,5241390,2k,2026
Max Laskey,niu,G,74.6,5314207,2k,2026
Taj Walters,niu,G,71.3,5314203,2k,2026
AJ Altobelli,njit,G,77.8,5313132,2k,2026
Ari Fulton,njit,G,73.3,5239758,2k,2026
Cameron Piggee,njit,G,71.3,5175806,2k,2026
David Bolden,njit,G,75.9,5313131,2k,2026
Jeffrey Akintolu,njit,F,78.0,5175807,2k,2026
Jeremy Clayville,njit,G,75.2,5242401,2k,2026
John Kelly,njit,F,71.5,5239759,2k,2026
Jordan Rogers,njit,F,69.5,5239762,2k,2026
Malachi Arrington,njit,C,76.2,5239761,2k,2026
Melvyn Ebonkoli,njit,F,73.5,4703977,2k,2026
Quentin Duncan,njit,G,74.6,5239757,2k,2026
Rocco Awad,njit,G,76.5,5313134,2k,2026
Sebastian Robinson,njit,G,70.7,5175802,2k,2026
Stefan Jimenez-Vojnic,njit,C,71.7,5239756,2k,2026
Zack Scherler,njit,F,68.9,5313133,2k,2026
Addison Archer,nku,F,77.3,5313282,2k,2026
Bryce Darbyshire,nku,G,77.2,5177192,2k,2026
Dan Gherezgher,nku,G,75.2,5241674,2k,2026
Donovan Oday,nku,G,73.3,5107298,2k,2026
Donovan Rakotonanahary,nku,G,72.7,5241676,2k,2026
Ethan Elliott,nku,G,75.9,5313281,2k,2026
JJ Apathjang,nku,G,78.5,5313284,2k,2026
Juanma Ruiz,nku,F,70.8,5313283,2k,2026
Kael Robinson,nku,F,71.5,4904206,2k,2026
LJ Wells,nku,F,69.5,5106776,2k,2026
Mitchel Minor,nku,G,74.6,5106778,2k,2026
Ryan Tolliver,nku,G,70.7,5313279,2k,2026
Shawn Nelson,nku,G,74.0,5313280,2k,2026
Tae Dozier,nku,G,76.5,4901934,2k,2026
Amarco Doyle,nmsu,F,78.0,5314527,2k,2026
Anthony Wrzeszcz,nmsu,G,69.4,5105877,2k,2026
Augustine Ekwe,nmsu,C,76.2,5240272,2k,2026
Chris Terrell,nmsu,G,70.7,5180743,2k,2026
Christian Villegas,nmsu,G,70.0,5176709,2k,2026
Cyr Malonga,nmsu,C,74.2,5175054,2k,2026
Elijah Elliott,nmsu,G,76.5,4897978,2k,2026
Gabe Pickens,nmsu,G,72.7,5242601,2k,2026
Jae'Coby Osborne,nmsu,F,72.8,5242603,2k,2026
Jayland Randall,nmsu,G,72.0,5107453,2k,2026
Jemel Jones,nmsu,G,75.9,5241846,2k,2026
Julius Mims,nmsu,F,74.1,5176298,2k,2026
Kyrese Mullen,nmsu,F,73.5,5106697,2k,2026
Omarr Smith,nmsu,G,71.3,5314526,2k,2026
Teysean Eaglestaff,nmsu,F,77.3,5241655,2k,2026
Adrean Newton,norf,G,72.0,5314183,2k,2026
Ahmad Torrence,norf,G,70.7,5314184,2k,2026
Anthony McComb III,norf,G,73.3,5108049,2k,2026
Devon Ellis,norf,F,76.0,5178891,2k,2026
Dian Wright-Forde,norf,G,69.4,5176708,2k,2026
Dramane Camara,norf,G,77.8,5175361,2k,2026
Elijah Jamison,norf,G,75.9,5106767,2k,2026
Jaquel Morris,norf,F,72.2,5108030,2k,2026
Jordan Leaks,norf,G,74.6,5176751,2k,2026
Keyontae Lewis,norf,F,73.5,5106634,2k,2026
Mekhi Reid,norf,F,70.8,5189033,2k,2026
Melo Baines,norf,F,78.0,5243395,2k,2026
My'kel Jenkins,norf,G,75.2,5243394,2k,2026
Ryan Williams,norf,G,70.0,5314186,2k,2026
Yel Deeng,norf,F,76.7,5314185,2k,2026
Angelo Ciaravino,nu,G,77.8,5239575,2k,2026
Arrinten Page,nu,F,72.8,5060696,2k,2026
Blake Smith,nu,G,71.3,5105834,2k,2026
Cade Bennerman,nu,F,78.0,5196943,2k,2026
Gus Hurlburt,nu,F,74.8,5105835,2k,2026
Jake West,nu,G,70.7,5221322,2k,2026
Jayden Reid,nu,G,72.7,4895746,2k,2026
Jordan Clayton,nu,G,77.2,5093250,2k,2026
Justin Mullins,nu,G,74.0,5107289,2k,2026
K.J. Windham,nu,G,70.0,5101650,2k,2026
Max Green,nu,G,75.9,5242943,2k,2026
Phoenix Gill,nu,G,76.5,5254158,2k,2026
Tre Singleton,nu,F,71.5,5226071,2k,2026
Tyler Kropp,nu,F,74.1,5144141,2k,2026
CJ Larry,nwst,PG,75.9,5314536,2k,2026
Chip Brunt,nwst,G,77.2,5176415,2k,2026
Chris Mubiru,nwst,G,74.0,5176672,2k,2026
Izzy Miles,nwst,G,74.6,5176781,2k,2026
J.C. Riley Jr.,nwst,C,71.0,5176673,2k,2026
Justin Redmond,nwst,G,72.7,5243093,2k,2026
Kordrick Turner,nwst,F,70.2,5314538,2k,2026
Landyn Jumawan,nwst,G,76.5,5243089,2k,2026
Micah Thomas,nwst,G,71.3,4897467,2k,2026
Moustapha Loum,nwst,F,74.8,5314537,2k,2026
Omar Adegbola,nwst,G,78.5,5175026,2k,2026
Quentin Bolton,nwst,G,77.8,5175654,2k,2026
Seth Ned,nwst,G,73.3,5314539,2k,2026
Willie Williams,nwst,F,69.5,5243094,2k,2026
Brett White II,oak,G,71.3,5313712,2k,2026
Brody Robinson,oak,G,73.3,5107377,2k,2026
Donny Yeager,oak,G,70.7,5313709,2k,2026
Hamoudy Mashhour,oak,G,75.2,5313708,2k,2026
Isaac Garrett,oak,F,77.3,5313714,2k,2026
Khoi Thurmon,oak,G,72.7,5313713,2k,2026
MJ Yeager,oak,G,70.0,5313711,2k,2026
Michael Houge,oak,F,76.7,5177149,2k,2026
Nassim Mashhour,oak,G,74.6,5241679,2k,2026
Nate Deer,oak,F,78.0,5240688,2k,2026
Tuburu Naivalurua,oak,F,73.5,5177207,2k,2026
Warren Marshall IV,oak,G,75.9,5241684,2k,2026
William Kassi,oak,G,76.5,5313710,2k,2026
Ziare Wells,oak,G,72.0,5315124,2k,2026
Ben Nacey,odu,F,73.5,5240620,2k,2026
CJ Parker,odu,G,73.3,5240617,2k,2026
Caelum Swanton-Rodger,odu,F,70.8,5105804,2k,2026
Cooper Jones,odu,G,75.2,5106462,2k,2026
Donovan Raymond,odu,F,72.2,4711303,2k,2026
Drew McKenna,odu,G,74.6,5197113,2k,2026
Elijah Flowers,odu,F,76.7,5313180,2k,2026
Jared Turner,odu,F,69.5,5106717,2k,2026
Jordan Battle,odu,G,78.5,4896969,2k,2026
KC Shaw,odu,G,72.0,5243387,2k,2026
LJ Thomas,odu,G,70.7,4683842,2k,2026
Rieco Hellams,odu,G,76.5,5246872,2k,2026
Robert Davis Jr.,odu,G,77.8,5174612,2k,2026
Scottie Hubbard,odu,G,75.9,5240615,2k,2026
Stephaun Walker,odu,F,68.9,5106791,2k,2026
Zacch Wiggins,odu,G,68.8,5313179,2k,2026
Aidan Hadaway,ohio,F,73.5,5108011,2k,2026
Ajay Sheldon,ohio,G,70.0,5108009,2k,2026
Ayden Evans,ohio,F,74.8,4873136,2k,2026
Carter Reese,ohio,G,70.7,5314212,2k,2026
Chase Boals,ohio,F,78.0,5243082,2k,2026
Dior Conners,ohio,G,76.5,5239578,2k,2026
Elijah Elliott,ohio,G,75.9,5243080,2k,2026
JJ Kelly,ohio,G,73.3,5314210,2k,2026
Jackson Paveletzke,ohio,G,71.3,5107317,2k,2026
Jalen Breath,ohio,F,77.3,4897370,2k,2026
Javan Simmons,ohio,F,68.9,5108006,2k,2026
Jesse Burris,ohio,G,77.2,5243083,2k,2026
Jordan Fisher,ohio,F,74.1,5314213,2k,2026
Kiir Kuany,ohio,F,72.2,5243081,2k,2026
Zay Mosley,ohio,F,71.5,5314211,2k,2026
Andrija Vukovic,okst,F,68.9,5240264,2k,2026
Anthony Roy,okst,G,70.0,4701189,2k,2026
Benjamin Ahmed,okst,C,77.5,5210965,2k,2026
Christian Coleman,okst,G,76.5,4901961,2k,2026
Daniel Guetta,okst,G,73.3,5311925,2k,2026
Isaiah Coleman,okst,G,75.9,4884257,2k,2026
Jaylen Curry,okst,G,74.6,5174611,2k,2026
Kanye Clary,okst,G,77.8,5105844,2k,2026
Kirk Cole,okst,G,77.2,4897148,2k,2026
Lefteris Mantzoukas,okst,F,71.5,5311926,2k,2026
Mekhi Ragland,okst,F,70.2,5196960,2k,2026
Parsa Fallah,okst,F,73.5,4897970,2k,2026
Robert Jennings II,okst,F,72.2,5106286,2k,2026
Ryan Crotty,okst,G,75.2,5215268,2k,2026
Vyctorius Miller,okst,G,71.3,5238208,2k,2026
Aidan Skradis,oma,G,70.0,5241627,2k,2026
Benji Nelson,oma,F,74.1,5314814,2k,2026
Brandon Orgilbold,oma,G,73.3,5181402,2k,2026
Brock Scholl,oma,F,70.8,5314815,2k,2026
Christian Richardson,oma,C,71.0,5241909,2k,2026
Deng Mayar,oma,F,74.8,5176948,2k,2026
Grant Stubblefield,oma,G,69.4,5177015,2k,2026
Isaac Ondekane,oma,C,73.0,5177349,2k,2026
Ja'Sean Glover,oma,G,77.2,5107263,2k,2026
Julian Margrave,oma,F,76.0,5106459,2k,2026
Kamryn Thomas,oma,F,68.2,5241629,2k,2026
Khamani Cooper,oma,G,78.5,5241630,2k,2026
Lance Waddles,oma,G,68.1,5107275,2k,2026
Paul Djobet,oma,G,77.8,5095063,2k,2026
Rob Matos,oma,G,75.9,5182715,2k,2026
Tony Osburn,oma,G,72.7,5107268,2k,2026
Valentino Simon,oma,F,70.2,5241628,2k,2026
Devon Pryor,ore,F,70.8,5152761,2k,2026
Dezdrick Lindsay,ore,F,72.2,5239600,2k,2026
Drew Carter,ore,G,77.8,5176387,2k,2026
Efe Vatan,ore,F,67.6,5312015,2k,2026
Ege Demir,ore,C,76.2,5312018,2k,2026
JJ Frakes,ore,G,75.9,5312016,2k,2026
Jackson Shelstad,ore,G,70.7,4845361,2k,2026
Jamari Phillips,ore,G,72.0,4869779,2k,2026
Kwame Evans Jr.,ore,F,76.0,4683769,2k,2026
Luke Johnson,ore,F,74.1,5252351,2k,2026
Miles Stewart,ore,F,68.9,4897769,2k,2026
Nate Bittle,ore,C,77.5,4432586,2k,2026
Oleksandr Kobzystyi,ore,F,73.5,5234300,2k,2026
Rian Gonzales,ore,G,75.2,5312017,2k,2026
Sean Stewart,ore,F,68.2,4869739,2k,2026
Takai Simpkins,ore,G,70.0,5174937,2k,2026
Wei Lin,ore,G,73.3,5312019,2k,2026
Dez White,orst,G,71.3,5175842,2k,2026
Gavin Marrs,orst,F,74.8,5175012,2k,2026
Isaiah Sy,orst,F,71.5,5240883,2k,2026
Ja'Quavis Williford,orst,G,70.7,5240880,2k,2026
Johan Munch,orst,F,74.1,5240884,2k,2026
Jorge Diaz Graham,orst,F,76.7,5105411,2k,2026
Josiah Lake II,orst,G,75.9,5175011,2k,2026
Kaan Yarkut,orst,F,68.9,5240881,2k,2026
Keziah Ekissi,orst,G,76.5,5313086,2k,2026
Malcolm Christie,orst,G,77.8,5241683,2k,2026
Matija Samar,orst,G,73.3,5313087,2k,2026
Noah Amenhauser,orst,C,77.5,4895790,2k,2026
Olavi Suutela,orst,F,72.2,5313088,2k,2026
Stephen Olowoniyi,orst,F,73.5,5176335,2k,2026
Yaak Yaak,orst,C,69.0,5176771,2k,2026
Aaron Jacob,oru,F,74.8,5314801,2k,2026
Alex Couto,oru,G,78.5,5314800,2k,2026
Baron Smith Jr.,oru,F,71.5,5240286,2k,2026
Cal Furnish,oru,G,77.2,5314798,2k,2026
Chase Martin,oru,G,74.0,5107320,2k,2026
Connor Dow,oru,G,77.8,5101865,2k,2026
Jack Turner,oru,G,70.7,5239629,2k,2026
Lane Sparks,oru,G,71.3,5314803,2k,2026
Laymen McGrady,oru,G,73.3,5314797,2k,2026
Luke Gray,oru,F,76.0,5241624,2k,2026
Martins Kilups,oru,G,74.6,5314799,2k,2026
Ofri Naveh,oru,F,72.2,5175352,2k,2026
Ty Harper,oru,G,75.9,4683748,2k,2026
Yuto Yamanouchi-Williams,oru,F,69.5,5108086,2k,2026
Amare Bynum,osu,F,78.0,5196946,2k,2026
Brandon Noel,osu,F,72.2,4702994,2k,2026
Braylen Nash,osu,G,74.0,5239598,2k,2026
Christoph Tilly,osu,C,69.7,5109790,2k,2026
Colin White,osu,F,69.5,5101675,2k,2026
Devin Royal,osu,F,70.8,4895776,2k,2026
Gabe Cupps,osu,G,77.2,4845387,2k,2026
Ivan Njegovan,osu,C,72.3,5239599,2k,2026
John Mobley Jr.,osu,G,74.6,5060708,2k,2026
Josh Ojianwuna,osu,F,71.5,4894236,2k,2026
Mathieu Grujicic,osu,G,76.5,5290629,2k,2026
Myles Herro,osu,G,75.9,5290626,2k,2026
Puff Johnson,osu,G,75.2,4701846,2k,2026
Taison Chatman,osu,G,77.8,4685646,2k,2026
Alec Blair,ou,G,77.8,5144114,2k,2026
Andreas Holst,ou,F,73.5,5237344,2k,2026
Dayton Forsythe,ou,G,75.2,5238221,2k,2026
Derrion Reid,ou,F,69.5,5095155,2k,2026
Finley Keeffe,ou,F,72.2,5311518,2k,2026
Jadon Jones,ou,G,73.3,4611534,2k,2026
Jake Hansen,ou,G,74.6,5281371,2k,2026
Jeff Nwankwo,ou,G,71.3,5238220,2k,2026
Kai Rogers,ou,F,68.9,5101844,2k,2026
Kirill Elatontsev,ou,C,74.9,5329888,2k,2026
Kuol Atak,ou,F,78.0,5144388,2k,2026
Mohamed Wague,ou,F,68.2,5106293,2k,2026
Nijel Pack,ou,G,70.7,4576062,2k,2026
Reid Lovelace,ou,G,72.0,5175059,2k,2026
Tae Davis,ou,F,76.0,5105594,2k,2026
Xzayvier Brown,ou,G,77.2,5174633,2k,2026
Alexis Marmolejos,pac,G,71.3,5242571,2k,2026
Augustas Brazdeikis,pac,F,78.0,5314767,2k,2026
Carlsheon Young,pac,G,67.5,5101764,2k,2026
Clayton Mpiana,pac,F,70.2,5314770,2k,2026
Dominic Capriotti,pac,G,77.2,5106783,2k,2026
Elias Ralph,pac,F,68.9,5240903,2k,2026
Emmanuel Manyuon,pac,G,72.0,5314768,2k,2026
Eyal Harel,pac,G,75.2,5314769,2k,2026
Isaac Jack,pac,F,73.5,5108762,2k,2026
Jaden Clayton,pac,G,76.5,5107209,2k,2026
Jaion Pitt,pac,F,69.5,5101832,2k,2026
Justin Rochelin,pac,G,68.8,4709142,2k,2026
KC Ibekwe,pac,C,73.6,5105631,2k,2026
Kajus Kublickas,pac,G,72.7,5174659,2k,2026
Kellen Hampton,pac,F,75.4,5144130,2k,2026
Kris Keinys,pac,F,72.8,5174796,2k,2026
Noah Budu,pac,G,77.8,5240908,2k,2026
TJ Wainwright,pac,G,68.1,4683947,2k,2026
AJ Levine,penn,G,74.6,5241732,2k,2026
Alex Massung,penn,G,73.3,5241733,2k,2026
Augustus Gerhart,penn,F,76.7,5182415,2k,2026
Bradyn Foster,penn,F,77.3,5241735,2k,2026
Cam Thrower,penn,G,69.4,5107164,2k,2026
Chris Ubochi,penn,C,67.8,5107165,2k,2026
Dalton Scantlebury,penn,C,69.0,5314646,2k,2026
Dylan Williams,penn,G,67.5,5241734,2k,2026
Ethan Roberts,penn,F,70.2,5108811,2k,2026
Jay Jones,penn,G,76.5,5314644,2k,2026
Johnnie Walter,penn,F,67.6,5108098,2k,2026
Lucas Lueth,penn,F,73.5,5314648,2k,2026
Michael Zanoni,penn,F,66.3,5108877,2k,2026
Michelangelo Oberti,penn,C,71.7,5241736,2k,2026
Niklas Polonowski,penn,F,71.5,5182416,2k,2026
Payton Kamin,penn,F,75.4,5314647,2k,2026
Ryan Altman,penn,F,78.0,5314645,2k,2026
TJ Power,penn,F,70.8,4684843,2k,2026
William Kruse,penn,F,74.8,5314649,2k,2026
Aaron Clark,pepp,G,77.2,4895742,2k,2026
Anto Balian,pepp,G,78.5,5314740,2k,2026
Danilo Dožic,pepp,C,74.9,5240937,2k,2026
David Mager,pepp,G,74.0,5105456,2k,2026
Javon Cooley,pepp,G,76.5,4703833,2k,2026
Luka Vudragovic,pepp,G,68.8,5314742,2k,2026
Nikola Radovanovic,pepp,F,71.5,5314741,2k,2026
Pasha Shemirani,pepp,F,70.8,5241238,2k,2026
Pavle Stošic,pepp,F,70.2,5176260,2k,2026
Preston Phillips,pepp,F,72.8,4897456,2k,2026
Stefan Cicic,pepp,C,76.8,5240380,2k,2026
Styles Phipps,pepp,G,72.7,5241336,2k,2026
Ty Virgil,pepp,G,69.4,5314739,2k,2026
Vladimir Sudar,pepp,F,69.5,5314738,2k,2026
Yassine Gharram,pepp,G,75.2,4898248,2k,2026
Yonatan Levy,pepp,F,74.1,5262456,2k,2026
Chris Morgan,pfw,G,73.3,5106785,2k,2026
Corey Hadnot II,pfw,G,76.5,5177707,2k,2026
Danny Kelly,pfw,G,75.2,5313723,2k,2026
Darius Duffy,pfw,F,77.3,5176836,2k,2026
DeAndre Craig Jr.,pfw,G,78.5,5176937,2k,2026
Deangelo Elisee,pfw,F,76.7,5106786,2k,2026
EJ Mosley,pfw,G,72.0,5313721,2k,2026
Ebrahim Kaba,pfw,G,75.9,5239710,2k,2026
Ja'Corey Lipkins,pfw,G,74.0,5313720,2k,2026
Mason Shrout,pfw,G,70.0,5241687,2k,2026
Maximus Nelson,pfw,F,70.8,5107870,2k,2026
Mikale Stevenson,pfw,G,69.4,5177573,2k,2026
Quentin Morgan,pfw,F,72.2,5313725,2k,2026
Solomon Richard,pfw,G,70.7,5313724,2k,2026
Yuval Levin,pfw,F,74.1,5313722,2k,2026
Amdy Ndiaye,pitt,F,70.8,5238179,2k,2026
Barry Dunning Jr.,pitt,G,76.5,4683675,2k,2026
Benjamin Mayhew,pitt,F,73.5,5174566,2k,2026
Brandin Cummings,pitt,G,77.2,5060728,2k,2026
Cameron Corhen,pitt,F,77.3,4712902,2k,2026
Damarco Minor,pitt,G,73.3,5107652,2k,2026
Dishon Jackson,pitt,C,74.2,4432926,2k,2026
Henry Lau,pitt,F,74.1,5312286,2k,2026
Jajuan Nelson,pitt,F,70.2,5174567,2k,2026
Kieran Mullen,pitt,C,71.0,5312287,2k,2026
Macari Moore,pitt,G,72.7,5196882,2k,2026
Nojus Indrusaitis,pitt,G,75.9,5101664,2k,2026
Omari Witherspoon,pitt,G,69.4,5237300,2k,2026
Papa Amadou Kante,pitt,F,78.0,5174565,2k,2026
Roman Siulepa,pitt,F,69.5,5312288,2k,2026
Cameron Williams,port,F,68.2,5314723,2k,2026
Carlin Briggs,port,G,77.2,5240968,2k,2026
Dante Censori-Hercules,port,G,76.5,5314718,2k,2026
Garrett Nuckolls,port,G,70.7,5314720,2k,2026
James O'Donnell,port,F,69.5,5241061,2k,2026
Jermaine Ballisager Webb,port,C,76.8,5105662,2k,2026
Joel Foxwell,port,G,75.9,5314722,2k,2026
Kelson Gebbers,port,G,75.2,5176495,2k,2026
Marchelo Moreira,port,G,72.0,5314721,2k,2026
Matúš Hronský,port,F,73.5,5105883,2k,2026
Mikah Ballew,port,G,78.5,5240973,2k,2026
NaVaughn Long,port,G,72.7,5240970,2k,2026
Preston Lee,port,G,73.3,5240967,2k,2026
Riley Parker,port,G,69.4,5242402,2k,2026
Sam Noland,port,G,71.3,4906451,2k,2026
Timo George,port,F,74.1,5314717,2k,2026
Amare Anderson,pres,G,77.8,5313515,2k,2026
Augustine Ayelyine,pres,F,76.7,5313516,2k,2026
Carl Parrish,pres,G,74.0,5175672,2k,2026
Chidi Chiakwelu,pres,F,75.4,5241605,2k,2026
Erik Taylor,pres,G,71.3,5242608,2k,2026
Iverson King,pres,G,74.6,5241602,2k,2026
JD Bowden,pres,G,76.5,5313514,2k,2026
Jaylen Peterson,pres,F,72.8,5107524,2k,2026
Jonah Pierce,pres,F,71.5,5175673,2k,2026
Josh Pickett,pres,G,72.7,5241915,2k,2026
Khalon Hudson,pres,G,75.2,5241604,2k,2026
Luke Allison,pres,G,78.5,5241603,2k,2026
Triston Wilson,pres,G,70.7,5241606,2k,2026
CJ Happy,prin,F,74.8,5241741,2k,2026
Cash McSweeney,prin,F,70.8,5314681,2k,2026
Cooper Mueller,prin,G,70.7,5247624,2k,2026
Dalen Davis,prin,G,77.2,5177175,2k,2026
Jack Stanton,prin,G,69.4,5241743,2k,2026
Jackson Hicke,prin,G,74.6,5177174,2k,2026
Jacob Hammond,prin,F,75.4,5236224,2k,2026
Jacob Huggins,prin,F,73.5,5177173,2k,2026
Jake Sussberg,prin,G,68.8,5314680,2k,2026
Landon Clark,prin,G,77.8,5221328,2k,2026
Lucas Denault,prin,G,76.5,5335077,2k,2026
Malik Abdullahi,prin,F,78.0,5174791,2k,2026
Peyton Seals,prin,G,70.0,5241740,2k,2026
Ryan Mandes,prin,G,72.0,5314679,2k,2026
Sebastian Whitfield,prin,F,67.6,5314682,2k,2026
Will Kutzler,prin,F,72.2,5325995,2k,2026
Zio Kim,prin,G,73.3,5241742,2k,2026
Cole Hargrove,prov,F,74.1,5105782,2k,2026
Corey Floyd Jr.,prov,G,75.2,4684718,2k,2026
Daquan Davis,prov,G,77.2,5101651,2k,2026
Duncan Powell,prov,F,70.8,4565204,2k,2026
Jack Williams,prov,G,69.4,5311992,2k,2026
Jamier Jones,prov,F,72.8,5041949,2k,2026
Jason Edwards,prov,G,76.5,5175064,2k,2026
Jaylen Harrell,prov,G,74.0,5144104,2k,2026
Jaylin Sellers,prov,G,70.7,4898010,2k,2026
Nilavan Daniels,prov,G,77.8,5240530,2k,2026
Oswin Erhunmwunse,prov,F,75.4,5164558,2k,2026
Peteris Pinnis,prov,F,71.5,5311993,2k,2026
Rich Barron,prov,F,78.0,5142324,2k,2026
Ryan Mela,prov,G,72.7,5156117,2k,2026
Stefan Vaaks,prov,G,70.0,5311991,2k,2026
Alex Dupre,prst,G,75.2,5241305,2k,2026
Brayden Barron,prst,F,78.0,5313266,2k,2026
Brycen Long,prst,G,73.3,4586322,2k,2026
Charles Chukwu,prst,F,76.0,4838708,2k,2026
Colt Ness,prst,G,71.3,5313264,2k,2026
Isaac Brice,prst,F,76.7,5177095,2k,2026
Isaiah Williams,prst,G,68.1,5313265,2k,2026
Jaylin Henderson,prst,G,74.6,5175974,2k,2026
Kean Webb,prst,F,68.2,5241003,2k,2026
Kelcy Phipps,prst,G,70.7,5175677,2k,2026
Keyon Kensie Jr.,prst,G,74.0,5176451,2k,2026
Matt Beatty,prst,C,76.8,5313267,2k,2026
Mozae Downing-Rivers,prst,G,75.9,5241389,2k,2026
Samuel Stewart IV,prst,G,70.0,5188809,2k,2026
Sebastian Tidor,prst,G,69.4,5241303,2k,2026
Terri Miller Jr.,prst,F,72.2,5175976,2k,2026
Tre-Vaughn Minott,prst,C,71.0,4712656,2k,2026
Chris Lotito,psu,F,74.1,5312029,2k,2026
Dominick Stewart,psu,G,71.3,5173445,2k,2026
Eli Rice,psu,G,72.0,5093264,2k,2026
Freddie Dilione V,psu,G,77.2,5125192,2k,2026
Ivan Juric,psu,F,74.8,5312025,2k,2026
Josh Reed,psu,F,72.2,4838723,2k,2026
Justin Houser,psu,F,75.4,5217197,2k,2026
Kayden Mingo,psu,G,74.0,5144108,2k,2026
Mason Blackwood,psu,F,78.0,4873144,2k,2026
Melih Tunca,psu,G,70.7,5312026,2k,2026
Reggie Grodin,psu,G,76.5,5312027,2k,2026
Saša Ciani,psu,F,77.3,5170078,2k,2026
Tibor Mirtic,psu,F,72.8,5312028,2k,2026
Aaron Fine,pur,G,75.9,5239503,2k,2026
Antione West Jr,pur,G,70.0,5144111,2k,2026
C.J. Cox,pur,G,76.5,5175591,2k,2026
Daniel Jacobsen,pur,C,73.6,5144147,2k,2026
Fletcher Loyer,pur,G,73.3,5105853,2k,2026
Gicarri Harris,pur,G,75.2,5101658,2k,2026
Jace Rayl,pur,G,70.7,5174804,2k,2026
Jack Benter,pur,G,78.5,5102618,2k,2026
Jack Lusk,pur,G,72.7,5239504,2k,2026
Liam Murphy,pur,F,70.8,4702975,2k,2026
Omer Mayer,pur,G,72.0,5312035,2k,2026
Oscar Cluff,pur,C,76.2,5174973,2k,2026
Raleigh Burgess,pur,F,77.3,5061582,2k,2026
Sam King,pur,F,73.5,5105856,2k,2026
Corey Dunning,pv,F,76.0,4904924,2k,2026
Cory Wells,pv,F,70.2,4904928,2k,2026
Dontae Horne,pv,G,75.2,5176727,2k,2026
Doug Young,pv,G,69.4,5177138,2k,2026
Elijah Mitchell,pv,G,72.0,5314805,2k,2026
Hassane Diallo,pv,F,76.7,5190922,2k,2026
Isaiah Foster,pv,G,75.9,5243361,2k,2026
Jannoy Thomas,pv,G,71.3,5314804,2k,2026
Joey Madimba,pv,G,73.3,4705371,2k,2026
Keeshawn Mason,pv,F,72.2,5247621,2k,2026
Lance Williams,pv,G,70.0,4904931,2k,2026
Marcel Bryant,pv,F,77.3,5177019,2k,2026
Ryan Bolton Jr.,pv,C,77.5,5176729,2k,2026
Seryee Lewis,pv,F,73.5,5243098,2k,2026
Tai'Reon Joseph,pv,G,74.6,4703215,2k,2026
Akintola Akinniyi,quin,F,78.0,5242909,2k,2026
Amarri Monroe,quin,F,74.8,5107321,2k,2026
Asim Jones,quin,G,76.5,5242115,2k,2026
Braylan Ritvo,quin,F,71.5,5198203,2k,2026
Christopher Skenderi,quin,F,70.8,5311608,2k,2026
Grant Randall,quin,F,73.5,5242905,2k,2026
Jaden Zimmerman,quin,G,69.4,5242908,2k,2026
Jayden Reid,quin,F,72.8,5311606,2k,2026
Keith McKnight,quin,G,75.9,5311609,2k,2026
Nate Guerengomba,quin,G,77.2,5239648,2k,2026
Ronell Giles Jr.,quin,G,77.8,4703194,2k,2026
Sam Nosakhare,quin,F,74.1,5311610,2k,2026
Samson Reilly,quin,G,72.7,5242906,2k,2026
Spence Wewe,quin,F,69.5,5242907,2k,2026
Tai Turnage,quin,G,70.7,5311607,2k,2026
Bradley Land,rad,G,72.7,5111589,2k,2026
Brennan Rigsby Jr.,rad,G,71.3,5105622,2k,2026
Del Jones,rad,G,75.2,4873143,2k,2026
Dennis Parker Jr.,rad,G,72.0,4848630,2k,2026
Diogo Alves,rad,G,78.5,5313524,2k,2026
Frederik Erichsen,rad,F,76.7,5313521,2k,2026
Gabriel Ferreira,rad,C,75.5,5313522,2k,2026
Jaylon Johnson,rad,G,75.9,5242992,2k,2026
Louie Jordan,rad,F,74.1,5108145,2k,2026
Lukas Walls,rad,G,70.0,5176159,2k,2026
Mari Jordan,rad,G,74.0,4894453,2k,2026
Tyson Brown,rad,F,77.3,5174621,2k,2026
Warren Keel Jr.,rad,G,73.3,5313523,2k,2026
Zion Walker,rad,G,70.7,4873191,2k,2026
Always Wright,rgv,G,69.4,5174620,2k,2026
Dane Christensen,rgv,F,76.0,5314733,2k,2026
Demarris Winters,rgv,G,70.0,5314732,2k,2026
Filip Brankovic,rgv,F,76.7,5314736,2k,2026
Jalen Ricks,rgv,G,72.0,4711900,2k,2026
Jaylen Washington,rgv,G,70.7,5243136,2k,2026
Julien Gomez,rgv,G,74.0,5314734,2k,2026
Koree Cotton,rgv,G,75.9,5176333,2k,2026
Kwo Agwa,rgv,F,78.0,5176685,2k,2026
Kye Dickson,rgv,F,74.1,5179289,2k,2026
Luis Ramirez,rgv,G,72.7,5314735,2k,2026
Marshal Destremau,rgv,F,74.8,5114447,2k,2026
Marvin McGhee III,rgv,G,73.3,5108718,2k,2026
Mustafo Vanjov,rgv,C,70.3,5182458,2k,2026
Zae Blake,rgv,G,77.8,5106750,2k,2026
Aaron Powell,rice,G,69.4,4873091,2k,2026
Andrew Akuchie,rice,F,78.0,5107142,2k,2026
Bodey Howell,rice,G,72.7,5254173,2k,2026
Cam Carroll,rice,G,75.9,5144088,2k,2026
Cole Andrews-Heitz,rice,G,77.2,5175820,2k,2026
Dallas Hobbs,rice,G,73.3,5177125,2k,2026
Eternity Eguagie,rice,F,74.1,5312069,2k,2026
Evan Cochran,rice,F,74.8,5254172,2k,2026
George Perkins,rice,F,69.5,5107143,2k,2026
Jalen Smith,rice,G,68.8,4690767,2k,2026
Jimmy Oladokun Jr.,rice,F,71.5,5117583,2k,2026
Jordan Williams,rice,G,68.1,5105561,2k,2026
Nick Anderson,rice,G,77.8,5243364,2k,2026
Presley Patterson,rice,G,71.3,5105524,2k,2026
Stephen Giwa,rice,C,73.0,5107293,2k,2026
Trae Broadnax,rice,G,76.5,4702522,2k,2026
Trey Patterson,rice,F,70.2,4713885,2k,2026
AJ Lopez,rich,G,74.6,4897192,2k,2026
Aiden Argabright,rich,G,78.5,5254316,2k,2026
Apostolos Roumoglou,rich,F,70.8,5105566,2k,2026
Bryson McGlothin,rich,F,73.5,5239674,2k,2026
Collin Tanner,rich,G,70.7,5174628,2k,2026
David Thomas,rich,G,70.0,5176149,2k,2026
Donovan Richardson,rich,G,72.7,5254319,2k,2026
Dylan Homenick,rich,C,74.9,5311870,2k,2026
Jaden Daughtry,rich,F,76.7,5176349,2k,2026
Jaylen Robinson,rich,F,71.5,5239673,2k,2026
Jonathan Beagle,rich,F,77.3,5106043,2k,2026
Kirby Mooney,rich,G,73.3,5239672,2k,2026
Mike Walz,rich,C,67.8,5105974,2k,2026
Mikkel Tyne,rich,G,69.4,5174629,2k,2026
Will Harper III,rich,G,76.5,5254321,2k,2026
Will Johnston,rich,G,75.2,5105481,2k,2026
AB Coulibaly,rid,G,77.2,5314466,2k,2026
Antwan Wilson,rid,G,69.4,5178893,2k,2026
Caleb Smith,rid,G,70.7,5314464,2k,2026
Cole McCabe,rid,F,72.2,5242913,2k,2026
Daniel Helterhoff,rid,F,73.5,5116517,2k,2026
Davis Bynum,rid,F,77.3,5241869,2k,2026
Devean Williams,rid,G,70.0,5107177,2k,2026
Flash Burton,rid,G,78.5,5242911,2k,2026
Jamir McNeil,rid,G,72.0,5314465,2k,2026
Kristupas Kepežinskas,rid,G,73.3,5314468,2k,2026
Maurizio D'Alessandro,rid,G,75.9,5242912,2k,2026
Mohamad Diallo,rid,F,74.8,5112245,2k,2026
Shemani Fuller,rid,F,74.1,4898349,2k,2026
Xaviel Rodriguez,rid,G,71.3,5314467,2k,2026
Zion Cruz,rid,G,76.5,5105581,2k,2026
Albert Vargas,rmu,G,69.4,5313733,2k,2026
Cam Wilds,rmu,G,68.8,5313730,2k,2026
Cyril Arvanitis,rmu,G,78.5,5106795,2k,2026
Darius Livingston,rmu,G,74.0,5313731,2k,2026
DeSean Goode,rmu,F,75.4,5241658,2k,2026
Eddie Cooke III,rmu,F,76.0,5257959,2k,2026
Jeremiah Littlejohn,rmu,G,74.6,5313734,2k,2026
Josh Hill,rmu,F,74.8,5196867,2k,2026
Kaleb Brown,rmu,G,77.8,4690766,2k,2026
Nikolaos Chitikoudis,rmu,F,76.7,5175001,2k,2026
Ryan Prather Jr.,rmu,G,71.3,5108062,2k,2026
Samuel Obenjo,rmu,F,72.2,5313732,2k,2026
Ta'Zir Smith,rmu,G,70.0,5240756,2k,2026
Tanner O'Grady,rmu,G,73.3,5106794,2k,2026
Ubong Okon,rmu,C,71.0,5177532,2k,2026
Vasilije Serafimoski,rmu,G,70.7,5177212,2k,2026
Baye Fall,rutg,C,74.9,4683770,2k,2026
Bryce Dortch,rutg,F,76.0,5144387,2k,2026
Chris Nwuli,rutg,F,71.5,5081348,2k,2026
Darren Buchanan Jr.,rutg,G,77.8,5105402,2k,2026
Denis Badalau,rutg,F,78.0,5312037,2k,2026
Dorian Jones,rutg,G,73.3,5101811,2k,2026
Dylan Grant,rutg,F,73.5,5061576,2k,2026
Emmanuel Ogbole,rutg,C,70.3,5174805,2k,2026
Gevonte Ware,rutg,C,69.0,5101841,2k,2026
Harun Zrno,rutg,G,69.4,5264730,2k,2026
Jamichael Davis,rutg,G,77.2,5142358,2k,2026
Kaden Powers,rutg,G,70.7,5248301,2k,2026
Lino Mark,rutg,G,72.7,5234749,2k,2026
Max Fradkin,rutg,G,75.2,5239609,2k,2026
Tariq Francis,rutg,G,74.6,5175809,2k,2026
Arman Madi,sac,G,74.0,5175391,2k,2026
Brandon Gardner,sac,F,76.0,4711296,2k,2026
Isaiah Bronson,sac,G,77.8,5313276,2k,2026
Jahni Summers,sac,G,71.3,5241384,2k,2026
Jayden Teat,sac,G,70.7,5174976,2k,2026
Jeremiah Cherry,sac,F,76.7,5241260,2k,2026
Jeremiah Nyarko,sac,F,72.8,4712865,2k,2026
Mark Lavrenov,sac,F,74.1,5313277,2k,2026
Mikey Williams,sac,G,70.0,4683786,2k,2026
Prophet Johnson,sac,G,75.2,5177722,2k,2026
Romari Robinson,sac,G,72.0,5313274,2k,2026
Shaqir O'Neal,sac,F,72.2,4684156,2k,2026
Taj Glover,sac,G,75.9,5240356,2k,2026
Zach Anderson,sac,G,78.5,5313275,2k,2026
Cade Norris,sam,G,70.7,5241374,2k,2026
Caleb Harrison,sam,F,73.5,5243240,2k,2026
Cooper Davenport,sam,G,75.9,5314544,2k,2026
Corey Brown,sam,G,77.2,5243239,2k,2026
DaJion Humphrey,sam,G,72.7,4589475,2k,2026
Dylan Faulkner,sam,F,74.8,5176193,2k,2026
Hamed Olayinka,sam,F,68.9,5176648,2k,2026
Isaiah Campbell-Finch,sam,G,76.5,5101768,2k,2026
JD Gossett,sam,G,74.6,5314543,2k,2026
Jadin Booth,sam,G,77.8,4702680,2k,2026
Jaxon Pollard,sam,F,68.2,5176239,2k,2026
Joshua Hughes,sam,F,72.8,5107366,2k,2026
Judson Bjornstad,sam,F,78.0,5247933,2k,2026
Kam Martin,sam,G,71.3,5241906,2k,2026
Keaton Norris,sam,G,70.0,4898194,2k,2026
Will Shaver,sam,C,67.1,4684838,2k,2026
Zach Lamey,sam,G,72.0,5176194,2k,2026
Zion Wilburn,sam,G,67.5,5144382,2k,2026
Achille Lonati,sbu,G,73.3,5311886,2k,2026
Amar'e Marshall,sbu,G,72.7,4897701,2k,2026
Andrew Osasuyi,sbu,C,70.3,5311889,2k,2026
Brayden Jackson,sbu,G,74.0,5243027,2k,2026
Broek Ostrom,sbu,G,70.7,5113400,2k,2026
Cayden Charles,sbu,G,77.8,5311887,2k,2026
Daniel Egbuniwe,sbu,F,76.0,5108796,2k,2026
Darryl Simmons II,sbu,G,70.0,5175657,2k,2026
Dasonte Bowen,sbu,G,78.5,5105801,2k,2026
Frank Mitchell,sbu,F,71.5,5107180,2k,2026
Ilia Ermakov,sbu,G,75.9,5311884,2k,2026
Jack DeRose,sbu,G,77.2,5174668,2k,2026
Joe Grahovac,sbu,F,74.8,5311888,2k,2026
John Ikpotokin,sbu,F,74.1,5311885,2k,2026
Xander Wedlow,sbu,C,68.4,5239712,2k,2026
Abu Yarmah,sc,G,69.4,5311524,2k,2026
Cam Scott,sc,G,73.3,4869784,2k,2026
Christ Essandoko,sc,F,76.0,5105978,2k,2026
EJ Walker,sc,F,69.5,5101846,2k,2026
Eli Ellis,sc,G,77.2,5101774,2k,2026
Eli Sparkman,sc,G,72.0,5105549,2k,2026
Elijah Strong,sc,F,70.8,5174555,2k,2026
Grant Polk,sc,G,74.0,5254178,2k,2026
Hayden Assemian,sc,F,78.0,5173589,2k,2026
Jordan Butler,sc,F,77.3,4683763,2k,2026
Kobe Knox,sc,G,74.6,4896884,2k,2026
Meechie Johnson,sc,G,75.9,4710770,2k,2026
Mike Sharavjamts,sc,G,72.7,5105875,2k,2026
Myles Stute,sc,G,70.7,4433340,2k,2026
Nordin Kapic,sc,F,74.8,5112189,2k,2026
Cameron Clark,scst,F,77.3,5241847,2k,2026
Chris Parker,scst,G,72.7,5317337,2k,2026
Colin McKenzie,scst,G,75.2,5106054,2k,2026
D'Shay Knights Wright,scst,F,75.4,5243409,2k,2026
Derwin Hodge Jr.,scst,F,76.7,5317333,2k,2026
Florian Tenebay,scst,G,72.0,5243404,2k,2026
Jamal Miles,scst,G,74.6,5243407,2k,2026
James Morrow,scst,G,74.0,5179094,2k,2026
Jayden Johnson,scst,G,76.5,5243405,2k,2026
Noah Treadwell,scst,G,70.7,5317332,2k,2026
Owen Bronston Jr.,scst,G,78.5,5323987,2k,2026
Rayniel Wright,scst,G,70.0,5323988,2k,2026
Teon Tindal,scst,C,70.3,5317336,2k,2026
Tim Okojie,scst,C,72.3,5317334,2k,2026
Brad Longcor III,scu,G,72.7,5313100,2k,2026
Brendan Yarusso,scu,G,68.8,5109791,2k,2026
Brenton Knapper,scu,G,73.3,4897209,2k,2026
Bukky Oboye,scu,C,69.7,5176361,2k,2026
Chris Tadjo,scu,F,68.9,5183810,2k,2026
Christian Hammond,scu,G,74.0,5176359,2k,2026
Elijah Mahi,scu,F,71.5,5241069,2k,2026
Francis Chukwudebelu,scu,C,76.8,5041940,2k,2026
Gehrig Normand,scu,G,71.3,5086370,2k,2026
Jake Ensminger,scu,G,75.2,5109789,2k,2026
Juan Reyna,scu,G,70.0,4897872,2k,2026
KJ Cochran,scu,G,77.2,5196879,2k,2026
Malachi Douyon,scu,G,75.9,5109788,2k,2026
Noah Badibanga,scu,F,78.0,5313101,2k,2026
Sash Gavalyugov,scu,G,74.6,5215425,2k,2026
Thierry Darlan,scu,G,76.5,5147928,2k,2026
Ashton Smith,sdak,F,66.3,4701266,2k,2026
Caleb Kizer,sdak,F,68.2,4706147,2k,2026
Cameron Fens,sdak,C,71.0,5107880,2k,2026
Ethan Kizer,sdak,F,67.6,5176683,2k,2026
Evan Anderson,sdak,G,78.5,5241620,2k,2026
Isaac Bruns,sdak,G,76.5,5177042,2k,2026
Jake Brack,sdak,F,76.7,5177043,2k,2026
Jalen Hayes,sdak,G,70.7,5177045,2k,2026
Jesse McIntosh,sdak,G,67.5,5314753,2k,2026
Jonah Funk,sdak,F,70.8,5314754,2k,2026
Jordan Crawford,sdak,G,74.0,5105758,2k,2026
Josiah Dotzler,sdak,G,73.3,5093266,2k,2026
Luke Bruns,sdak,G,75.9,5314752,2k,2026
Porter Ihnen,sdak,G,69.4,5241619,2k,2026
Shey Eberwein,sdak,G,72.7,5177041,2k,2026
Silas Bennion,sdak,G,77.8,5247744,2k,2026
Trent Hudgens,sdak,G,70.0,4701187,2k,2026
Uzziah Buntyn,sdak,G,75.2,5314750,2k,2026
Vince Buzelis,sdak,G,74.6,5314751,2k,2026
Alec Squires,sdst,C,69.7,5241457,2k,2026
Andrell Burton Jr.,sdst,G,77.2,5241455,2k,2026
Bubz Alvarez,sdst,G,78.5,5177049,2k,2026
Caleb Delzell,sdst,F,75.4,5314724,2k,2026
Damon Wilkinson,sdst,C,69.0,5177051,2k,2026
Davis Kern,sdst,F,72.8,5314726,2k,2026
Jaden Jackson,sdst,G,74.0,5241454,2k,2026
Jaden Rogers,sdst,G,72.0,5314725,2k,2026
Jadyn Cascio Jensen,sdst,G,76.5,5241456,2k,2026
Joe Sayler,sdst,G,71.3,5177048,2k,2026
Kalen Garry,sdst,G,75.2,5107255,2k,2026
Luke Haertle,sdst,G,74.6,5105862,2k,2026
Matthew Mors,sdst,F,72.2,4590359,2k,2026
Trey Buchanan,sdst,G,77.8,5239550,2k,2026
BJ Davis,sdsu,G,77.2,5176241,2k,2026
Cam Lawin,sdsu,G,72.0,5107803,2k,2026
Elzie Harrington,sdsu,G,73.3,5313924,2k,2026
Jeremiah Oden,sdsu,F,69.5,4703399,2k,2026
Latrell Davis,sdsu,G,76.5,5176251,2k,2026
Magoon Gwath,sdsu,F,73.5,5176240,2k,2026
Miles Byrd,sdsu,G,78.5,5107804,2k,2026
Miles Heide,sdsu,F,72.2,5176243,2k,2026
Pharaoh Compton,sdsu,F,77.3,5061584,2k,2026
Raymar Gonzales,sdsu,G,74.6,5313926,2k,2026
Reese Dixon-Waters,sdsu,G,75.2,5313927,2k,2026
Sean Newman Jr.,sdsu,G,70.7,5175973,2k,2026
Tae Simmons,sdsu,F,68.9,5313925,2k,2026
Taj DeGourville,sdsu,G,75.9,4873147,2k,2026
Thokbor Majak,sdsu,F,70.8,5184755,2k,2026
Austin Maurer,sea,C,71.0,5241338,2k,2026
Brayden Maldonado,sea,G,72.7,5241342,2k,2026
Brock Felder,sea,F,74.8,5177725,2k,2026
Eric Zheng,sea,G,68.8,5241348,2k,2026
Houran Dan,sea,C,74.9,5241344,2k,2026
JT White,sea,G,70.0,5313142,2k,2026
Jeremiah Harshman,sea,G,74.6,5313140,2k,2026
John Christofilis,sea,G,76.5,4433606,2k,2026
Jojo Murphy,sea,G,71.3,5313139,2k,2026
Junseok Yeo,sea,F,68.9,5176261,2k,2026
Maleek Arington,sea,G,77.2,5107830,2k,2026
Miles Amos,sea,G,77.8,5313138,2k,2026
Ray Adams,sea,F,78.0,5241346,2k,2026
Stratos Papastavrou,sea,F,70.2,5313141,2k,2026
Will Heimbrodt,sea,F,73.5,5177716,2k,2026
Yuto Kawashima,sea,F,72.8,5241349,2k,2026
Ahmed Essahaty,sela,G,75.2,5124659,2k,2026
Amir Chaney,sela,PG,77.2,5314566,2k,2026
CJ Booker,sela,PG,77.8,5176658,2k,2026
Cody Al-Naziat,sela,G,78.5,5314565,2k,2026
Ethan Pickett,sela,G,70.0,5176390,2k,2026
Garrett Shoemaker,sela,F,68.9,5314567,2k,2026
Isaiah Gaines,sela,F,72.8,5106865,2k,2026
Jaiden Lawrence,sela,G,71.3,5243105,2k,2026
Jalen Forrest,sela,G,74.0,5107520,2k,2026
Jeremy Elyzee,sela,F,75.4,5243102,2k,2026
Kyle Edison,sela,G,76.5,5243104,2k,2026
Makhi Myles,sela,F,70.2,5240393,2k,2026
Peter Hemschemeier,sela,G,72.7,5314564,2k,2026
Seth Jones,sela,G,72.0,5240906,2k,2026
Ubong-Abasi Etim,sela,C,73.6,5108048,2k,2026
BJ Ward,semo,G,70.0,5177367,2k,2026
Blaize Sagna,semo,G,72.0,5240019,2k,2026
Braxton Stacker,semo,G,71.3,5107891,2k,2026
Brendan Terry,semo,F,70.2,5242974,2k,2026
David Idada,semo,C,73.6,5107642,2k,2026
Elliot Lowndes,semo,F,73.5,5242977,2k,2026
Jay Reynolds,semo,G,73.3,5242976,2k,2026
Landren Blocker,semo,G,77.2,5242134,2k,2026
Luke Almodovar,semo,G,78.5,5314339,2k,2026
Marqueas Bell,semo,G,77.8,5177370,2k,2026
PJ Farmer,semo,G,75.9,5314338,2k,2026
Saxton Hoepker,semo,F,74.8,5242975,2k,2026
Trace Sadler,semo,F,72.2,5236226,2k,2026
Troy Cole Jr.,semo,G,76.5,5242973,2k,2026
Aidan Braccia,sf,G,76.5,5107971,2k,2026
David Fuchs,sf,F,74.1,5174624,2k,2026
Guillermo Diaz Graham,sf,F,74.8,5105410,2k,2026
Isa Silva,sf,G,71.3,4433614,2k,2026
Junjie Wang,sf,F,69.5,5176426,2k,2026
Legend Smiley,sf,G,70.7,5101799,2k,2026
Mookie Cook,sf,F,75.4,4683767,2k,2026
Ndewedo Newbury,sf,F,72.2,4875213,2k,2026
Ryan Beasley,sf,G,77.8,5176425,2k,2026
Saba Gigiberia,sf,C,73.0,4433208,2k,2026
Sean Blakely Drummond,sf,G,77.2,5313124,2k,2026
Tyrone Riley IV,sf,G,72.0,5037875,2k,2026
Veniamin Abosi,sf,G,78.5,5241062,2k,2026
Vukasin Masic,sf,G,73.3,4702764,2k,2026
Weilun Zhao,sf,G,69.4,5313125,2k,2026
Ahamed Mohammed,sfa,G,72.7,5314594,2k,2026
Bryceson Melvin,sfa,G,73.3,5314588,2k,2026
Chrishawn Christmas,sfa,G,76.5,5177516,2k,2026
Christian Green,sfa,G,74.6,5247636,2k,2026
Eltramon Smith Jr.,sfa,F,69.5,5314592,2k,2026
Gediminas Alisas,sfa,F,78.0,5314593,2k,2026
Harris Dar,sfa,G,75.2,5314589,2k,2026
Jerald Colonel,sfa,F,75.4,5243088,2k,2026
Kam Burton,sfa,G,77.8,5176674,2k,2026
Keon Thompson,sfa,G,69.4,5106037,2k,2026
Lateef Patrick,sfa,G,71.3,5314591,2k,2026
Marcus Scurry,sfa,G,70.7,5314586,2k,2026
Narit Chotikavanic,sfa,G,77.2,5314587,2k,2026
Tichyque Musaka,sfa,F,71.5,5175392,2k,2026
Yohan Gutierrez,sfa,F,73.5,5314590,2k,2026
Ahmad Harrison,sfpa,G,77.2,5247200,2k,2026
Brandon Rabish,sfpa,G,73.3,5315067,2k,2026
Brandon Russell,sfpa,G,72.0,5315062,2k,2026
Cameron Tweedy,sfpa,F,69.5,5106589,2k,2026
Carson Rhodes,sfpa,G,72.7,5242404,2k,2026
Chris Moncrief,sfpa,G,75.2,5108786,2k,2026
Gestin Liberis,sfpa,F,76.0,5106614,2k,2026
KJ Swain Jr.,sfpa,G,70.7,5177291,2k,2026
Kam Wylie,sfpa,F,67.0,5315065,2k,2026
Kofi Asare,sfpa,C,77.5,5315066,2k,2026
Melvin Weaver III,sfpa,G,69.4,5315064,2k,2026
Paris Papadatos,sfpa,G,74.6,5315063,2k,2026
Ralph Martino Jr.,sfpa,G,75.9,5243388,2k,2026
Ryen Gresko,sfpa,G,77.8,5177290,2k,2026
Skylar Wicks,sfpa,G,68.1,4703980,2k,2026
Trey Weiand,sfpa,G,68.8,5242405,2k,2026
Victor Payne,sfpa,G,74.0,5242403,2k,2026
Zion Russell,sfpa,G,71.3,4898334,2k,2026
CJ Beaumont,shsu,G,78.5,5176773,2k,2026
Cheikh Ndiaye,shsu,F,71.5,5242610,2k,2026
Damon Nicholas Jr.,shsu,G,70.7,4896936,2k,2026
Isaiah Manning,shsu,F,72.8,4895786,2k,2026
Jackson Rogers,shsu,G,70.0,5242609,2k,2026
Jacob Walker,shsu,G,69.4,5314535,2k,2026
Jacobe Coleman,shsu,G,76.5,5241724,2k,2026
Jaxson Ford,shsu,F,74.8,5242606,2k,2026
Justin Begg,shsu,G,77.8,5060702,2k,2026
Kashie Natt,shsu,G,72.7,5117648,2k,2026
Matt Dann,shsu,F,75.4,5314534,2k,2026
Nathan Nguyen,shsu,G,71.3,5314533,2k,2026
Noah Benny,shsu,G,77.2,5314532,2k,2026
Po'Boigh King,shsu,G,74.0,5179294,2k,2026
Veljko Ilic,shsu,F,74.1,4897888,2k,2026
Abdou Yadd,shu,F,68.2,5144128,2k,2026
Alex Woodring,shu,F,68.9,5243024,2k,2026
Anquan Hill,shu,F,72.8,4709320,2k,2026
Dashon Gittens,shu,G,75.2,4712834,2k,2026
Fallou Gueye,shu,G,74.0,5243023,2k,2026
Griffin Barrouk,shu,G,78.5,4897700,2k,2026
Jaden Slaughter,shu,G,70.0,5243020,2k,2026
Jeremiah Jacobs,shu,G,72.7,5312136,2k,2026
Kevin Pikiell,shu,G,72.0,5312137,2k,2026
Lucius Gibson-Savadel,shu,F,75.4,5177281,2k,2026
Malik Sheppard,shu,G,70.7,5243022,2k,2026
Mekhi Conner,shu,G,77.2,5243019,2k,2026
Mooda Gittens,shu,G,74.6,5312135,2k,2026
Nyle Ralph-Beyer,shu,G,71.3,5243018,2k,2026
Taj Bryant,shu,G,77.8,5243021,2k,2026
Yann Farell,shu,F,76.0,5105988,2k,2026
Antonio Chandler,sie,F,78.0,5314192,2k,2026
Brendan Coyle,sie,F,76.7,5107811,2k,2026
Chris Torres,sie,G,68.1,5242923,2k,2026
Christian Jones,sie,G,72.7,5314193,2k,2026
Cooper Nadler,sie,G,70.0,5242929,2k,2026
Danny Murray,sie,G,70.7,5314196,2k,2026
Francis Folefac,sie,F,74.8,5314195,2k,2026
Gavin Doty,sie,G,76.5,5242926,2k,2026
Isaiah Henderson,sie,F,73.5,5314191,2k,2026
Justice Shoats,sie,G,68.8,5242922,2k,2026
Marcus Jackson,sie,G,73.3,5106044,2k,2026
Mosi Clayton,sie,G,77.8,5177164,2k,2026
Owen Schlager,sie,G,69.4,5314194,2k,2026
Reid Ducharme,sie,G,75.9,4685660,2k,2026
Riley Mulvey,sie,C,70.3,4685004,2k,2026
Tajae Jones,sie,F,71.5,5242925,2k,2026
Tasman Goodrick,sie,F,74.1,5178209,2k,2026
Caden Hawkins,siu,G,77.2,5313874,2k,2026
Damien Mayo Jr.,siu,G,75.2,5107899,2k,2026
Daniel Pauliukonis,siu,F,73.5,5313876,2k,2026
Davion Sykes,siu,G,71.3,5106452,2k,2026
Drew Steffe,siu,G,72.0,4711281,2k,2026
Isaiah Stafford,siu,G,72.7,5176403,2k,2026
Jaheem Webber,siu,C,69.0,5061607,2k,2026
Jalen Haynes,siu,G,76.5,5313875,2k,2026
Jorge Moreno,siu,F,74.1,5241419,2k,2026
Luke Walsh,siu,G,70.7,5313877,2k,2026
Max Pikaar,siu,F,72.8,5239709,2k,2026
Prince Aligbe,siu,F,78.0,4609653,2k,2026
Quel'Ron House,siu,G,75.9,5242121,2k,2026
Rolyns Aligbe,siu,F,77.3,5241417,2k,2026
Arnas Sakenis,siue,C,70.3,5107655,2k,2026
CJ Hall,siue,G,75.2,5183116,2k,2026
Corentin Efono,siue,G,75.9,5314333,2k,2026
Darius Robinson Jr.,siue,G,72.0,5241623,2k,2026
Darrion Baker,siue,F,76.7,5176137,2k,2026
Dehrio McCaskill,siue,G,73.3,5314332,2k,2026
Harrison Alexander,siue,G,78.5,5174316,2k,2026
Iwo Baganc,siue,F,77.3,5314334,2k,2026
Jack Campion,siue,G,76.5,5107627,2k,2026
Jo Valrie,siue,F,68.9,5182713,2k,2026
Jordan Pickett,siue,G,72.7,5177364,2k,2026
Kyle Thomas,siue,F,70.2,5107708,2k,2026
Myles Thompson,siue,F,69.5,5242970,2k,2026
Ring Malith,siue,G,74.0,5242967,2k,2026
Tyler King,siue,G,74.6,5314331,2k,2026
Adrian Myers,sjsu,F,71.5,5142584,2k,2026
Ben Roseborough,sjsu,G,70.0,4873192,2k,2026
Christian Wise,sjsu,F,68.2,5176254,2k,2026
Colby Garland,sjsu,G,77.2,5176315,2k,2026
Damase Coly,sjsu,G,77.8,5313929,2k,2026
Douglas Langford,sjsu,F,73.5,5248295,2k,2026
Eren Karakaya,sjsu,C,73.6,5313930,2k,2026
JaVaughn Hannah,sjsu,G,75.2,5107997,2k,2026
Jaden Goodall,sjsu,F,76.0,5061574,2k,2026
Japhet Moupadele,sjsu,F,72.2,5313931,2k,2026
Jermaine Washington,sjsu,G,69.4,5241251,2k,2026
Marcus Overstreet,sjsu,F,70.2,5243238,2k,2026
Melvin Bell Jr.,sjsu,G,78.5,5101782,2k,2026
Pasha Goodarzi,sjsu,G,75.9,5176252,2k,2026
Sadraque NgaNga,sjsu,F,70.8,4432749,2k,2026
Yaphet Moundi,sjsu,F,72.8,5241493,2k,2026
Casper Pohto,sju,G,74.6,5312301,2k,2026
Dylan Darling,sju,G,78.5,5105658,2k,2026
Fotis Konstantinidis,sju,G,76.5,5312302,2k,2026
Handje Tamba,sju,C,70.3,4896480,2k,2026
Ian Jackson,sju,G,77.2,4869770,2k,2026
Imran Suljanovic,sju,F,71.5,5312303,2k,2026
Joson Sanon,sju,G,73.3,5142625,2k,2026
Kelvin Odih,sju,G,75.2,5226072,2k,2026
Lefteris Liotopoulos,sju,G,75.9,5145712,2k,2026
Oziyah Sellers,sju,G,72.7,5105642,2k,2026
Ruben Prey,sju,F,73.5,5240539,2k,2026
Sadiku Ibine Ayo,sju,F,77.3,5107197,2k,2026
Amari McCottry,slu,G,71.3,5239707,2k,2026
Badara Diakite,slu,F,76.0,5311879,2k,2026
Brady Dunlap,slu,F,75.4,4685659,2k,2026
Cam Hutson,slu,G,74.0,5254323,2k,2026
Dion Brown,slu,G,77.2,5107242,2k,2026
Dylan Warlick,slu,F,67.6,5061579,2k,2026
Isaac Holmes,slu,G,74.6,5107907,2k,2026
Ishan Sharma,slu,F,68.9,5183809,2k,2026
Jaden Schertz,slu,G,70.0,5107905,2k,2026
Jax Kerr,slu,F,72.2,5236225,2k,2026
Kalu Anya,slu,F,78.0,5106205,2k,2026
Kellen Thames,slu,G,68.8,5105980,2k,2026
Luke Laczkowski,slu,G,72.0,5254324,2k,2026
Paul Otieno,slu,F,70.2,5107797,2k,2026
Quentin Jones,slu,G,73.3,5175171,2k,2026
Robbie Avila,slu,C,76.8,4917097,2k,2026
Trey Green,slu,G,75.2,4711258,2k,2026
Andrew McKeever,smc,C,70.3,5176481,2k,2026
Cade Bennett,smc,G,78.5,5105419,2k,2026
Dillan Shaw,smc,G,70.0,5313031,2k,2026
Harry Wessels,smc,C,68.4,5105418,2k,2026
Jazz Gardner,smc,C,73.6,4685682,2k,2026
Joshua Dent,smc,G,77.2,5183875,2k,2026
Kevin Gad,smc,F,74.8,5105421,2k,2026
Liam Campbell,smc,G,77.8,5101655,2k,2026
Mantas Juzenas,smc,G,73.3,5313030,2k,2026
Mikey Lewis,smc,G,72.7,5240980,2k,2026
Oliver Faubert,smc,F,75.4,5240981,2k,2026
Paulius Murauskas,smc,F,70.2,5174955,2k,2026
Rory Hawke,smc,G,74.0,5123978,2k,2026
Tony Duckett,smc,G,76.5,5241001,2k,2026
Trent MacLean,smc,F,71.5,5313032,2k,2026
B.J. Davis-Ray,smu,G,78.5,5041938,2k,2026
B.J. Edwards,smu,G,77.8,5105552,2k,2026
Billy White III,smu,F,70.2,5280896,2k,2026
Boopie Miller,smu,G,75.9,4898283,2k,2026
Chance Puryear,smu,F,74.1,5144391,2k,2026
Corey Washington,smu,F,70.8,5110039,2k,2026
Jaden Toombs,smu,C,73.0,5101840,2k,2026
Jermaine O'Neal Jr.,smu,F,74.8,5312289,2k,2026
Mitchell Holmes,smu,F,76.7,5238182,2k,2026
Niccolo Kalischer-Stork,smu,G,76.5,5238183,2k,2026
Nigel Walls,smu,F,72.2,5101828,2k,2026
Sam Walters,smu,F,71.5,4683781,2k,2026
Samet Yigitoglu,smu,C,69.0,5238184,2k,2026
Trey Utter,smu,G,73.3,5106638,2k,2026
AJ Barnes,sou,F,76.7,5243369,2k,2026
Andre Nunley,sou,G,69.4,5177597,2k,2026
Ashton Magee,sou,F,70.2,5101848,2k,2026
Brandon Hardy,sou,G,74.0,5176556,2k,2026
Cam Amboree,sou,G,77.8,5108073,2k,2026
D'Mari Wiltz,sou,G,66.8,5261771,2k,2026
DaMariee Jones,sou,F,71.5,4905542,2k,2026
Fazl Oshodi,sou,G,68.1,5314838,2k,2026
Femi Olaniyan,sou,F,68.2,5314837,2k,2026
Jayce Depron,sou,G,75.9,5243367,2k,2026
Joe Manning,sou,G,70.0,5243368,2k,2026
Keith Lamar,sou,F,70.8,4585609,2k,2026
Lionel Bell,sou,F,76.0,5243370,2k,2026
Malek Abdelgowad,sou,F,78.0,5176382,2k,2026
Michael Jacobs,sou,G,72.7,5243366,2k,2026
Puoch Dobuol,sou,F,74.1,5243371,2k,2026
Rondae Hill,sou,G,73.3,5314835,2k,2026
Terrance Dixon Jr.,sou,F,74.8,5175066,2k,2026
Trey Shephard,sou,G,67.5,5314836,2k,2026
Adetokunbo Bakare,spu,G,77.8,4590362,2k,2026
Akil Watson,spu,F,70.8,4683783,2k,2026
Bol Agu,spu,F,78.0,5314170,2k,2026
Brent Bland,spu,G,77.2,4898256,2k,2026
Bryce Eaton,spu,G,76.5,5176176,2k,2026
Elijah Perkins,spu,G,74.0,5106667,2k,2026
Eric Morgan Jr.,spu,G,74.6,5112342,2k,2026
J'Quan Ewing,spu,F,75.4,4897807,2k,2026
Jahki Gupton,spu,F,74.8,5314169,2k,2026
Lucas Scroggins,spu,F,72.2,5176401,2k,2026
Rob Wilmote,spu,G,70.0,5329573,2k,2026
Shaedon Simpson,spu,G,72.0,5176179,2k,2026
TJ Robinson,spu,G,73.3,5314168,2k,2026
Zaakir Williamson,spu,F,70.2,4898370,2k,2026
AJ Rohosy,stan,F,71.5,5105657,2k,2026
Aidan Cammann,stan,F,76.7,5175009,2k,2026
Anthony Batson Jr.,stan,G,77.8,5183923,2k,2026
Benny Gealer,stan,G,75.9,5105633,2k,2026
Cameron Grant,stan,F,74.1,5175008,2k,2026
Chisom Okpara,stan,F,72.2,4684745,2k,2026
Donavin Young,stan,F,68.2,5214644,2k,2026
Ethan Kitch,stan,G,73.3,5238186,2k,2026
Evan Stinson,stan,F,70.2,5164370,2k,2026
Jaylen Thompson,stan,F,69.5,5105634,2k,2026
Jeremy Dent-Smith,stan,G,76.5,5189814,2k,2026
Kristers Skrinda,stan,F,70.8,5312292,2k,2026
Myles Jones,stan,G,74.0,5312291,2k,2026
Oskar Giltay,stan,F,74.8,5312293,2k,2026
Ryan Agarwal,stan,G,78.5,5105632,2k,2026
Tallis Toure,stan,F,68.9,5152726,2k,2026
Andrej Shoshkikj,stbk,G,70.7,5312188,2k,2026
Andrew Okafor,stbk,F,72.2,5312185,2k,2026
Collin O'Connor,stbk,G,73.3,5242281,2k,2026
Erik Pratt,stbk,G,71.3,5105560,2k,2026
Ethan Simmon,stbk,G,70.0,5312184,2k,2026
Jake Harbatkin,stbk,G,75.2,5312186,2k,2026
Jonah Butler,stbk,G,77.8,5312182,2k,2026
Leon Nahar,stbk,F,73.5,5106723,2k,2026
Liam Dagostino,stbk,G,77.2,5312183,2k,2026
Oleg Kojenets,stbk,F,74.1,4810230,2k,2026
Quin Gorman,stbk,F,75.4,5242282,2k,2026
Richard Goods,stbk,F,76.0,5239643,2k,2026
Rob Brown III,stbk,G,78.5,4898228,2k,2026
Toby Onyekonwu,stbk,G,72.0,5106719,2k,2026
Tomas Valentiny,stbk,F,68.9,5312187,2k,2026
Alex Doyle,stet,F,76.7,5177677,2k,2026
Ben Gladieux,stet,G,76.5,5240020,2k,2026
Calvin Sirmans III,stet,G,69.4,5314559,2k,2026
Collin Kuhl,stet,F,74.1,5176799,2k,2026
Daniel Macgregor,stet,G,73.3,5240018,2k,2026
Ethan Copeland,stet,G,78.5,5314558,2k,2026
Finley Sheridan,stet,F,69.5,5177678,2k,2026
Isaac Jones,stet,G,75.2,5177676,2k,2026
J.R. Leonard,stet,G,74.0,5314561,2k,2026
Jake Johnson,stet,G,75.9,5314562,2k,2026
Jamie Phillips Jr.,stet,G,71.3,5240016,2k,2026
Janusz Ratowski,stet,F,70.2,5238231,2k,2026
Matar Diop,stet,F,77.3,5174799,2k,2026
Miller McGowan,stet,G,72.7,5314560,2k,2026
Sean Morgan,stet,G,72.0,5314563,2k,2026
Adam Tauer,stmn,G,70.0,5177053,2k,2026
Austin Herro,stmn,G,75.2,4685653,2k,2026
Ben Oosterbaan,stmn,F,70.2,5177054,2k,2026
Carter Bjerke,stmn,F,78.0,5109020,2k,2026
Hayden Tibbits,stmn,G,68.8,5177052,2k,2026
Isaiah Johnson-Arigu,stmn,F,72.8,5171688,2k,2026
Jack Tauer,stmn,G,69.4,5314673,2k,2026
Jermaine Coleman,stmn,G,77.8,5177708,2k,2026
Kyle Counts,stmn,F,76.7,5241412,2k,2026
Luka Momcilovic,stmn,F,70.8,5314672,2k,2026
Nick Janowski,stmn,G,74.0,5060721,2k,2026
Nolan Minessale,stmn,G,72.0,5241415,2k,2026
Ryan Dufault,stmn,G,76.5,4897245,2k,2026
Ryan Lafferty,stmn,G,72.7,5241414,2k,2026
Tim Franks,stmn,G,75.9,5241413,2k,2026
Tommy Humphries Jr.,stmn,G,74.6,5176134,2k,2026
Anthony Holden,sto,G,75.2,5315088,2k,2026
Charlie Diamantis,sto,G,77.2,5182714,2k,2026
Chas Stinson,sto,G,70.0,5106620,2k,2026
Colin Byrne,sto,G,77.8,5315087,2k,2026
Cory Lovell,sto,F,72.8,5315086,2k,2026
Davante Hackett,sto,G,75.9,5315084,2k,2026
Eino Montin,sto,G,71.3,5242408,2k,2026
Ethan Meuser,sto,F,71.5,5106628,2k,2026
Hermann Koffi,sto,G,74.0,5242407,2k,2026
Norbu Jenpa,sto,G,74.6,5315085,2k,2026
Pearse McGuinn,sto,F,72.2,5242410,2k,2026
Raymond Espinal-Guzman,sto,F,76.0,4897973,2k,2026
Rex Sunderland,sto,G,69.4,5107184,2k,2026
Ridvan Tutic,sto,F,68.2,5107189,2k,2026
Trenton Ruth,sto,G,70.7,5315083,2k,2026
William Batchelder,sto,G,78.5,5105675,2k,2026
Brayden Johnson,suu,G,72.0,5314852,2k,2026
Cale Barclay,suu,F,77.3,5314853,2k,2026
Chuks Isitua,suu,F,72.2,4433271,2k,2026
Dylan Jones,suu,G,71.3,5241777,2k,2026
Elijah Duval,suu,G,74.6,5314849,2k,2026
Isaiah Cottrell,suu,F,74.8,4432201,2k,2026
Jaiden Feroah,suu,F,73.5,5242946,2k,2026
Jalen Lee,suu,G,70.0,5243271,2k,2026
Juok Riak,suu,F,68.9,5314851,2k,2026
Kai Burdick,suu,C,74.9,5241352,2k,2026
Langston Binns,suu,G,76.5,5241351,2k,2026
Logan Stephens,suu,G,68.8,4897439,2k,2026
Lorenzo Abellar,suu,G,78.5,5241350,2k,2026
Tanner Hayhurst,suu,G,73.3,5105463,2k,2026
Zach Bell,suu,G,77.2,5179285,2k,2026
Zeplin Kidd,suu,G,70.7,5314850,2k,2026
Aaron Womack,syr,G,70.0,5239196,2k,2026
Bryce Zephir,syr,G,69.4,4897519,2k,2026
Calvin Russell III,syr,G,72.7,5331892,2k,2026
Donnie Freeman,syr,F,75.4,4873145,2k,2026
Ibrahim Souare,syr,F,71.5,5174559,2k,2026
J.J. Starling,syr,G,71.3,4683697,2k,2026
Kiyan Anthony,syr,G,78.5,5120280,2k,2026
Luke Fennell,syr,G,76.5,5311847,2k,2026
Naithan George,syr,G,75.2,5174557,2k,2026
Nate Kingz,syr,G,74.6,5240882,2k,2026
Noah Lobdell,syr,G,73.3,5238188,2k,2026
Sadiq White Jr.,syr,F,70.2,5101831,2k,2026
Tiefing Diawara,syr,C,76.2,5311848,2k,2026
Tyler Betsey,syr,F,77.3,4873141,2k,2026
William Kyle III,syr,F,73.5,5107258,2k,2026
Ali Dibba,tam,G,77.2,4896862,2k,2026
Chris McDermott,tam,F,70.8,5061578,2k,2026
Federiko Federiko,tam,F,75.4,5105412,2k,2026
Jacari Lane,tam,G,72.0,5107078,2k,2026
Jamie Vinson,tam,F,68.9,5101692,2k,2026
Jeremiah Green,tam,G,75.2,5041941,2k,2026
Josh Holloway,tam,G,73.3,5176160,2k,2026
Mackenzie Mgbako,tam,F,70.2,4683779,2k,2026
Marcus Hill,tam,G,74.0,5176153,2k,2026
Noah Shelby,tam,G,70.0,4823977,2k,2026
Pop Isaacs,tam,G,72.7,5106285,2k,2026
Rashaun Agee,tam,F,78.0,4593815,2k,2026
Rubén Dominguez,tam,G,76.5,5311530,2k,2026
Rylan Griffen,tam,G,74.6,4683682,2k,2026
Zach Clemence,tam,F,77.3,4683146,2k,2026
AJ Dent Jr.,tar,F,77.3,5314856,2k,2026
Andy Sigiscar,tar,F,67.6,5241444,2k,2026
Cam McDowell,tar,G,71.3,4896462,2k,2026
Cameron Thomas,tar,G,67.5,5314857,2k,2026
Chris Mpaka,tar,F,69.5,5241442,2k,2026
DJ Dormu,tar,G,77.2,5314858,2k,2026
Damion Porter Jr.,tar,G,68.8,5314860,2k,2026
Dior Johnson,tar,G,74.0,4432741,2k,2026
Freddy Hicks,tar,G,75.9,4705373,2k,2026
Jaden Jinks,tar,F,74.1,5314861,2k,2026
Jordan Mizell,tar,G,70.7,5241436,2k,2026
Joseph Martinez,tar,G,72.0,5176786,2k,2026
Kade Douglas,tar,G,76.5,5176664,2k,2026
Kaia Isaac,tar,G,75.2,5314859,2k,2026
Leroy Kelly IV,tar,G,73.3,5144089,2k,2026
Malek Archie,tar,G,78.5,5241437,2k,2026
Matyas Vrabel,tar,F,66.3,5250204,2k,2026
Ocypher Owens,tar,F,68.9,5177252,2k,2026
Roy Marom,tar,G,72.7,5241443,2k,2026
Adam Stewart,tcu,C,69.0,5240268,2k,2026
Ashton Simmons,tcu,G,70.7,5179086,2k,2026
Brock Harding,tcu,G,76.5,5103589,2k,2026
David Punch,tcu,F,72.2,5164368,2k,2026
Drew McElroy,tcu,G,74.6,5240269,2k,2026
Jace Posey,tcu,G,73.3,5101654,2k,2026
Jayden Pierre,tcu,G,74.0,5105619,2k,2026
Kayden Edwards,tcu,G,77.2,5101787,2k,2026
Liutauras Lelevicius,tcu,G,75.2,5245624,2k,2026
Malick Diallo,tcu,C,77.5,5061583,2k,2026
Micah Robinson,tcu,F,71.5,5037876,2k,2026
RJ Jones,tcu,G,75.9,5175042,2k,2026
Tanner Toolson,tcu,G,68.8,5105461,2k,2026
Trey Stuart,tcu,G,69.4,5106277,2k,2026
Vianney Salatchoum,tcu,C,70.3,5242117,2k,2026
Xavier Edmonds,tcu,F,77.3,5311928,2k,2026
AJ Smith,tem,G,70.7,5107357,2k,2026
Aiden Tobiason,tem,G,70.0,5240369,2k,2026
Ayuba Bryant Jr.,tem,F,78.0,5313565,2k,2026
Babatunde Durodola,tem,F,76.7,5240368,2k,2026
CJ Hines,tem,G,73.3,5177528,2k,2026
Cam Wallace,tem,G,69.4,5254181,2k,2026
Connor Gal,tem,G,75.2,5113363,2k,2026
Derrian Ford,tem,G,75.9,4684720,2k,2026
Gavin Griffiths,tem,G,74.0,4884255,2k,2026
Jamai Felt,tem,F,76.0,5108050,2k,2026
Jordan Mason,tem,G,71.3,5106453,2k,2026
Masiah Gilyard,tem,G,74.6,5241536,2k,2026
Mohamed Keita,tem,C,71.7,5105605,2k,2026
Olin Chamberlain Jr.,tem,G,77.8,5101771,2k,2026
Spencer Mahoney,tem,F,71.5,5060690,2k,2026
Amaree Abram,tenn,G,78.5,5105544,2k,2026
Amari Evans,tenn,G,74.0,5196914,2k,2026
Bishop Boswell,tenn,G,77.8,5101648,2k,2026
Cade Phillips,tenn,F,70.2,4848640,2k,2026
Campbell Duncan,tenn,G,75.2,5238229,2k,2026
Clarence Massamba,tenn,G,72.0,5196942,2k,2026
DeWayne Brown II,tenn,F,76.7,5142710,2k,2026
Ethan Burg,tenn,G,76.5,5311527,2k,2026
Gavin Paull,tenn,G,71.3,5238228,2k,2026
Grant Hurst,tenn,G,72.7,4897332,2k,2026
J.P. Estrella,tenn,F,74.1,5093142,2k,2026
Jaylen Carey,tenn,F,75.4,4685687,2k,2026
Troy Henderson,tenn,G,73.3,5311526,2k,2026
Anthon McDermott,tex,G,74.6,5191718,2k,2026
Brandon Taylor,tex,G,72.7,5176687,2k,2026
Camden Heide,tex,F,75.4,5105855,2k,2026
Chendall Weaver,tex,G,70.7,5105486,2k,2026
Cole Bott,tex,F,78.0,4897760,2k,2026
Declan Duru Jr.,tex,F,76.0,5311528,2k,2026
John Clark,tex,F,77.3,5149079,2k,2026
Jordan Pope,tex,G,73.3,5105624,2k,2026
Lassina Traore,tex,F,71.5,4897052,2k,2026
Lewis Obiorah,tex,C,73.0,5311529,2k,2026
Matas Vokietaitis,tex,C,70.3,5239838,2k,2026
Nic Codie,tex,F,76.7,5149083,2k,2026
Simeon Wilcher,tex,G,70.0,4683785,2k,2026
Tramon Mark,tex,G,75.2,4432243,2k,2026
Ade Popoola,tlsa,G,72.0,5313566,2k,2026
Cal Conroy,tlsa,G,76.5,5240386,2k,2026
Carter Benton,tlsa,G,77.2,5240910,2k,2026
David Green,tlsa,F,74.1,5174623,2k,2026
Doryan Onwuchekwa,tlsa,C,71.7,4873179,2k,2026
Ian Smikle,tlsa,F,68.9,5101691,2k,2026
Jaylen Lawal,tlsa,G,74.0,5254171,2k,2026
KJ Martin Jr.,tlsa,F,72.8,5254174,2k,2026
Leon Sifferlin,tlsa,G,70.0,5313567,2k,2026
Miles Barnstable,tlsa,G,78.5,5241411,2k,2026
Myles Rigsby,tlsa,G,71.3,5176734,2k,2026
Romad Dean,tlsa,F,75.4,5105890,2k,2026
Terrance Ford Jr.,tlsa,G,75.2,5107248,2k,2026
Tylen Riley,tlsa,G,70.7,5178210,2k,2026
Tyler Behrend,tlsa,F,77.3,5240387,2k,2026
Aaron Nkrumah,tnst,G,70.7,5182573,2k,2026
Alex Garcia,tnst,F,76.0,5106807,2k,2026
Antoine Lorick III,tnst,F,70.8,5242989,2k,2026
Carlous Williams,tnst,F,68.2,5175727,2k,2026
Damon Howard Jr.,tnst,G,74.6,5314352,2k,2026
Dante Harris,tnst,G,75.2,4596531,2k,2026
JC Brooks,tnst,F,76.7,5242986,2k,2026
Jabrion Spikes,tnst,G,69.4,5314353,2k,2026
Jalen Pitre,tnst,F,69.5,5105453,2k,2026
Jayden Jones,tnst,G,74.0,5314354,2k,2026
Jean Yvens Lafleur,tnst,F,72.2,5314355,2k,2026
Kavien Jones,tnst,F,72.8,5242991,2k,2026
Khalil London,tnst,G,72.0,5105760,2k,2026
Maddux Bodenhamer,tnst,G,77.8,5242987,2k,2026
Ogien Ayo,tnst,F,78.0,5256521,2k,2026
Travis Harper II,tnst,G,75.9,5242985,2k,2026
Brandon Muntu,tntc,G,74.6,5176245,2k,2026
C.J. McPherson,tntc,G,75.2,5314366,2k,2026
Colin Ayers,tntc,G,78.5,5242997,2k,2026
Dani Pounds,tntc,F,71.5,5176571,2k,2026
Grant Slatten,tntc,G,70.7,4687377,2k,2026
Hagan Preston,tntc,G,71.3,5314365,2k,2026
Ja'Quavian Florence,tntc,G,75.9,4702026,2k,2026
JaJuan Nicholls,tntc,F,73.5,5242994,2k,2026
Jacobe Whitted,tntc,G,68.8,5314362,2k,2026
Jah'Kim Payne,tntc,G,72.7,5314363,2k,2026
Maguire Evans,tntc,G,77.2,5314368,2k,2026
Malik Ferguson,tntc,G,76.5,5176803,2k,2026
Mekhi Cameron,tntc,G,77.8,5175414,2k,2026
Mekhi Turner,tntc,F,69.5,5242123,2k,2026
Owen Varnado,tntc,F,68.9,5314367,2k,2026
Ty Owens,tntc,G,73.3,5314364,2k,2026
Austin Parks,tol,C,73.0,4711260,2k,2026
Chris Riddle,tol,F,72.2,4905252,2k,2026
Jaylan Ouwinga,tol,F,74.1,5243086,2k,2026
Kyler Vanderjagt,tol,G,71.3,5107969,2k,2026
Leroy Blyden Jr.,tol,G,78.5,5314225,2k,2026
London Praytor,tol,F,72.8,5314228,2k,2026
Mynor Strong,tol,G,72.0,5314226,2k,2026
Phoenix Glassnor,tol,G,77.2,5314229,2k,2026
Sean Craig,tol,F,77.3,5115458,2k,2026
Sonny Wilson,tol,G,70.7,4845365,2k,2026
Toby Nwokolo,tol,F,75.4,5314224,2k,2026
Tyler Ode,tol,G,75.2,5147322,2k,2026
Will James Jr.,tol,G,76.5,5314227,2k,2026
Abdou Samb,tow,F,72.8,4709321,2k,2026
Brandon Holmes,tow,F,74.1,5312323,2k,2026
Caleb Embeya,tow,F,74.8,5242587,2k,2026
Chike Ndefo,tow,G,74.0,5242583,2k,2026
Dylan Williamson,tow,G,70.0,5106727,2k,2026
Jack Doumbia Jr.,tow,F,75.4,5107976,2k,2026
Jaiden Cole,tow,G,77.8,5175145,2k,2026
Jaquan Womack,tow,G,69.4,5312322,2k,2026
Jon Barton,tow,G,78.5,5312321,2k,2026
Mor Seck,tow,C,71.0,5107205,2k,2026
Ryan Conway,tow,G,76.5,4683948,2k,2026
Ryan Skerry,tow,G,71.3,5242586,2k,2026
Tyler Coleman,tow,F,76.7,4897711,2k,2026
Tyler Schmidt,tow,G,72.7,4707808,2k,2026
Tyler Tejada,tow,G,70.7,5175148,2k,2026
Austin Cross,troy,G,74.6,5240749,2k,2026
Cobi Campbell,troy,G,77.2,5240746,2k,2026
Cooper Campbell,troy,G,76.5,5240745,2k,2026
Corbin Green,troy,F,72.2,5113386,2k,2026
Emmanuel Clarton,troy,G,75.9,5313364,2k,2026
Evan Griffin,troy,F,71.5,5240748,2k,2026
Hikaru Awata,troy,G,78.5,5313367,2k,2026
Javen Colbert,troy,G,75.2,5313365,2k,2026
Javier Gilgeous-Glasgow,troy,G,73.3,5313366,2k,2026
Jerrell Bellamy,troy,C,76.8,5176735,2k,2026
Kameryn Mitchell,troy,G,70.7,5176738,2k,2026
Kerrington Kiel,troy,F,70.8,5176731,2k,2026
Theo Seng,troy,F,69.5,4897957,2k,2026
Thomas Dowd,troy,F,73.5,5176732,2k,2026
Victor Valdes,troy,F,68.9,5176736,2k,2026
Donovan Atwell,ttu,G,77.8,5107355,2k,2026
JT Toppin,ttu,F,70.8,5143604,2k,2026
Jack Francis,ttu,G,75.9,5175077,2k,2026
Jaylen Petty,ttu,G,72.0,5221321,2k,2026
Jazz Henderson,ttu,G,74.6,5240270,2k,2026
Josiah Moseley,ttu,F,72.2,5152656,2k,2026
LaTrell Hoover,ttu,F,73.5,5311931,2k,2026
LeJuan Watts,ttu,F,70.2,5107312,2k,2026
Leon Horner,ttu,G,73.3,5240271,2k,2026
Luke Bamgboye,ttu,F,76.7,5061581,2k,2026
Marial Akuentok,ttu,F,78.0,5311930,2k,2026
Nolan Groves,ttu,G,75.2,5311929,2k,2026
Tyeree Bryan,ttu,G,76.5,5108120,2k,2026
Asher Woods,tuln,G,69.4,5107350,2k,2026
Curtis Williams Jr.,tuln,G,70.0,4683782,2k,2026
Davion Bradford,tuln,C,77.5,4700530,2k,2026
Jake Shapiro,tuln,G,71.3,5106640,2k,2026
Joseph Teich,tuln,G,70.7,5240379,2k,2026
Josiah Moore,tuln,G,74.0,5241622,2k,2026
KJ Greene,tuln,G,75.9,5240378,2k,2026
Luke Cronin,tuln,F,76.7,5174602,2k,2026
Luke Rasmussen,tuln,G,72.7,5176064,2k,2026
Percy Daniels,tuln,C,75.5,4684988,2k,2026
Robert Moore,tuln,G,73.3,5314344,2k,2026
Rowan Brumbaugh,tuln,G,77.8,5106280,2k,2026
Scotty Middleton,tuln,F,74.1,4711279,2k,2026
Tyler Ringgold,tuln,F,71.5,5174293,2k,2026
Vasilije Kuridza,tuln,F,74.8,5314345,2k,2026
Ahmed Nedal Abdelrahman,txso,G,70.7,5323990,2k,2026
Alex Anderson,txso,G,77.8,4897173,2k,2026
Anthony Andrews,txso,F,76.7,5323991,2k,2026
Bryce Roberts,txso,G,68.8,5183379,2k,2026
Cameron Patterson,txso,G,70.0,5101657,2k,2026
Duane Posey,txso,G,69.4,5107438,2k,2026
Jaylen Wysinger,txso,G,68.1,5177608,2k,2026
Jordan Gorecki,txso,C,74.2,5323989,2k,2026
Jordan Hamilton,txso,G,74.0,5242969,2k,2026
Josh Akpovwa,txso,F,78.0,5176581,2k,2026
Josh Farmer,txso,F,76.0,4897689,2k,2026
Kehlin Farooq,txso,G,75.9,4897773,2k,2026
Kolby Granger,txso,G,74.6,4897772,2k,2026
Oumar Koureissi,txso,F,71.5,5106677,2k,2026
Troy Hupstead,txso,F,72.2,5108778,2k,2026
Zaire Hayes,txso,G,73.3,5185673,2k,2026
Zytarious Mortle,txso,G,71.3,5110173,2k,2026
Blake Lander,txst,G,66.8,5118036,2k,2026
Brewer Carruth,txst,G,75.2,5240665,2k,2026
Cameron Simpson,txst,G,61.6,5183926,2k,2026
Chandler Watts,txst,G,59.0,5313271,2k,2026
Chiante' Tramble,txst,G,59.6,5313269,2k,2026
Curt Lewis,txst,G,65.5,4593474,2k,2026
DJ Hall,txst,F,68.9,5313358,2k,2026
Dalyn Brandon,txst,G,76.5,5240668,2k,2026
Deke Thompson,txst,G,60.3,5313362,2k,2026
Dimp Pernell,txst,G,62.9,5313361,2k,2026
Djahi Binet,txst,F,77.3,5177539,2k,2026
Dylan Brumfield,txst,G,75.9,5180818,2k,2026
EJ Paymon,txst,F,63.0,5238213,2k,2026
Fallou Diagne,txst,C,72.3,5106839,2k,2026
Felipe Patino,txst,G,64.2,5313272,2k,2026
Franck Emmou,txst,G,72.0,5174858,2k,2026
IJ Ezuma,txst,F,70.8,4898338,2k,2026
Isaac Taveras,txst,G,61.0,5176218,2k,2026
Isaiah Barganier,txst,F,78.0,5105485,2k,2026
Israel Hart,txst,G,68.8,5313268,2k,2026
Jaelyn Lee,txst,G,66.2,5105563,2k,2026
Jalen Bolden,txst,G,77.2,5108069,2k,2026
Jett Montgomery,txst,G,64.8,5240666,2k,2026
Kaden Gumbs,txst,G,70.0,5176728,2k,2026
Ky Pernell,txst,G,62.2,5313359,2k,2026
Kyndall Davis,txst,G,74.0,4703205,2k,2026
Makai Willis,txst,C,56.7,4896371,2k,2026
Mark Drone,txst,G,72.7,5240685,2k,2026
Robert Cowherd,txst,G,74.6,5105547,2k,2026
Robert Fields,txst,C,69.7,5313360,2k,2026
Tay Knox,txst,C,66.5,5177655,2k,2026
Tegra Izay,txst,C,67.1,4700971,2k,2026
Tylik Weeks,txst,F,57.8,5313270,2k,2026
Ahmad Robinson,uab,G,70.0,5175704,2k,2026
Ari Gooch,uab,G,75.9,5312078,2k,2026
Chance Westry,uab,G,69.4,4683680,2k,2026
Daniel Rivera,uab,F,70.2,5105982,2k,2026
Dayjaun Anderson,uab,G,78.5,5177218,2k,2026
Evan Chatman,uab,F,76.7,5312079,2k,2026
Jacob Meyer,uab,G,72.0,5176795,2k,2026
Joao Das Chagas,uab,C,75.5,5105470,2k,2026
Joey Kahn,uab,G,74.6,5107237,2k,2026
Jorden Pittman,uab,G,71.3,5312080,2k,2026
Justin Holloway,uab,F,74.8,5312081,2k,2026
KyeRon Lindsay-Martin,uab,F,73.5,5105531,2k,2026
Lance Carr,uab,F,77.3,5248299,2k,2026
Quaran McPherson,uab,G,72.7,4432524,2k,2026
Salim London,uab,G,73.3,5101806,2k,2026
Abdoulaye Fall,ualb,G,77.2,5313145,2k,2026
Amir Lindsey,ualb,G,74.0,5239812,2k,2026
Bautista Giralt,ualb,C,74.9,5175795,2k,2026
Ife West-Ingram,ualb,F,68.2,5177145,2k,2026
Isaac Abidde,ualb,F,78.0,4897200,2k,2026
Jaden Kempson,ualb,G,74.6,5313144,2k,2026
Ma'Kye Taylor,ualb,F,68.9,5239814,2k,2026
Miles Rose,ualb,G,70.0,5174669,2k,2026
Nas Muhammad,ualb,G,72.7,5176224,2k,2026
Okechukwu Okeke,ualb,F,71.5,5177685,2k,2026
Sully Adewale,ualb,F,77.3,5177099,2k,2026
Tarique Foster,ualb,F,76.0,5174615,2k,2026
Wilkin Paulino,ualb,G,71.3,5313143,2k,2026
Will Richardson,ualb,G,70.7,5105887,2k,2026
Yaya Keita,ualb,C,74.2,4684461,2k,2026
Zacharie Matulu,ualb,G,73.3,5175797,2k,2026
Ahmad Johnson,uapb,G,75.2,5106662,2k,2026
Alex Mirhosseini,uapb,G,74.0,5259802,2k,2026
Anthony Sellars,uapb,G,70.7,5243193,2k,2026
Dennis Asoro,uapb,F,78.0,5243198,2k,2026
Harrison Pickett,uapb,G,72.7,5313438,2k,2026
Jahmari Hamilton-Brown,uapb,G,76.5,5313437,2k,2026
Jai'chaunn Hayes,uapb,G,75.9,5313436,2k,2026
Jaquan Scott,uapb,F,70.8,5174317,2k,2026
Kyle Brown,uapb,F,77.3,5243199,2k,2026
Milhan Charles,uapb,G,77.2,5313440,2k,2026
Quion Williams,uapb,G,69.4,5106274,2k,2026
Ramel Lloyd Jr.,uapb,G,74.6,5105824,2k,2026
Travis Pourciau,uapb,F,71.5,5189243,2k,2026
Trejon Ware,uapb,G,70.0,4908501,2k,2026
Trevon Payton,uapb,G,73.3,5185598,2k,2026
Abdullah Amzil,ucd,F,78.0,5313004,2k,2026
Brayden Fagbemi,ucd,G,75.2,5239775,2k,2026
Carl Daughtery Jr.,ucd,G,76.5,5106684,2k,2026
Chase Rawlins,ucd,G,73.3,5313000,2k,2026
Connor Sevilla,ucd,G,72.0,5176386,2k,2026
Cyril Franklin Jr.,ucd,G,74.6,5313001,2k,2026
Isaiah Chappell,ucd,F,77.3,5241920,2k,2026
Jalen Stokes,ucd,G,71.3,5254339,2k,2026
Jonathan Noudjihidi,ucd,C,73.0,5313003,2k,2026
Marcus Wilson,ucd,G,70.0,5241070,2k,2026
Niko Rocak,ucd,F,72.2,4702596,2k,2026
Nils Cooper,ucd,G,77.2,5176518,2k,2026
Omer Suljanovic,ucd,F,70.2,5313005,2k,2026
Ylan Esso-Essis,ucd,G,75.9,5313002,2k,2026
Carmelo Pacheco,ucf,G,71.3,5242634,2k,2026
Chris Johnson,ucf,G,74.0,5175069,2k,2026
Devan Cambridge,ucf,F,76.0,4567588,2k,2026
Elijah Hulsewe,ucf,C,73.6,5108850,2k,2026
George Beale Jr.,ucf,G,78.5,5107975,2k,2026
Jamichael Stillwell,ucf,F,69.5,5241667,2k,2026
Jeremy Foumena,ucf,C,74.9,5105970,2k,2026
John Bol,ucf,C,76.8,4915060,2k,2026
Jordan Burks,ucf,F,76.7,5060684,2k,2026
Kris Parker,ucf,G,70.7,4848623,2k,2026
Poohpha Warakulnukroh,ucf,G,69.4,5106645,2k,2026
Riley Kugel,ucf,G,72.0,5105529,2k,2026
Tanner Jones,ucf,G,72.7,5311933,2k,2026
Themus Fulks,ucf,G,75.2,4704078,2k,2026
Zach Johnson,ucf,G,73.3,5311932,2k,2026
Akiva McBirney-Griffin,uci,F,68.9,4897678,2k,2026
Andre Henry,uci,G,73.3,4702629,2k,2026
Ben Egbo,uci,G,75.9,5176396,2k,2026
Bryce Goldman,uci,G,74.0,5254330,2k,2026
Derin Saran,uci,G,67.5,5176395,2k,2026
Elijah Chol,uci,F,76.7,5107163,2k,2026
Harrison Carrington,uci,F,77.3,5105615,2k,2026
Joshua Palmer,uci,G,68.8,5313008,2k,2026
Jovan Jester Jr.,uci,G,70.7,5241931,2k,2026
Jurian Dixon,uci,G,76.5,4711267,2k,2026
Kyle Evans,uci,F,74.1,5107567,2k,2026
Langston Redfield,uci,G,68.1,4897677,2k,2026
Luke Isaak,uci,G,71.3,5313009,2k,2026
Mason Hodges,uci,F,72.2,5313010,2k,2026
Nes Emeneke,uci,F,74.8,5254329,2k,2026
Tama Isaac,uci,G,72.0,5313007,2k,2026
Tishan Ahir,uci,G,78.5,5241932,2k,2026
Torian Lee,uci,G,70.0,5241929,2k,2026
Anthony Peoples Jr.,ucla,F,71.5,5243402,2k,2026
Brandon Williams,ucla,G,70.0,5174981,2k,2026
Christian Horry,ucla,G,74.0,5239622,2k,2026
Donovan Dent,ucla,G,75.2,5107782,2k,2026
Eric Dailey Jr.,ucla,G,75.9,4610012,2k,2026
Eric Freeny,ucla,G,74.6,5149633,2k,2026
Evan Manjikian,ucla,F,72.2,5105639,2k,2026
Jack Seidler,ucla,G,70.7,5105640,2k,2026
Jamar Brown,ucla,G,77.2,5177743,2k,2026
Markell Alston,ucla,G,78.5,5312038,2k,2026
Skyy Clark,ucla,G,76.5,5105794,2k,2026
Steven Jamerson II,ucla,F,72.8,5105417,2k,2026
Trent Perry,ucla,G,71.3,5060706,2k,2026
Xavier Booker,ucla,F,77.3,4711304,2k,2026
Amaury McKinney,ucr,F,72.8,5313036,2k,2026
Andrew Henderson,ucr,G,75.9,5181503,2k,2026
BJ Kolly,ucr,F,73.5,5241291,2k,2026
Ben Waller,ucr,G,70.0,5313035,2k,2026
Daniel Tobiloba,ucr,C,69.7,5175833,2k,2026
De'Undrae Perteete Jr.,ucr,G,72.7,5313033,2k,2026
Denzel Hines,ucr,F,74.8,5175663,2k,2026
Dylan Godfrey,ucr,F,77.3,5241460,2k,2026
EJ Spillman,ucr,G,72.0,5313034,2k,2026
Gavin Haase,ucr,G,76.5,5313037,2k,2026
Jailen Daniel-Dalton,ucr,F,78.0,5180714,2k,2026
Marqui Worthy Jr.,ucr,G,69.4,5174613,2k,2026
Osiris Grady,ucr,F,76.7,4858609,2k,2026
Parker Strauss,ucr,G,71.3,5174801,2k,2026
Tyler Jones,ucr,G,74.6,5241955,2k,2026
Aidan Mahaney,ucsb,G,73.3,4684628,2k,2026
Bryce Bedgood,ucsb,F,78.0,5242263,2k,2026
CJ Shaw,ucsb,G,71.3,5215271,2k,2026
Colin Smith,ucsb,F,68.2,4684812,2k,2026
Evans Kipruto,ucsb,C,74.2,5107146,2k,2026
Hosana Kitenge,ucsb,F,74.1,4593883,2k,2026
Isaac Shingange,ucsb,G,70.7,5108984,2k,2026
Jason Fontenet II,ucsb,G,77.2,5176464,2k,2026
John Simcoe,ucsb,F,69.5,5313074,2k,2026
Koat Keat Tong,ucsb,F,75.4,4685013,2k,2026
Kyle Haughy,ucsb,F,76.0,5324104,2k,2026
Luke Zuffelato,ucsb,G,68.1,5313073,2k,2026
Marvin McGhee IV,ucsb,G,72.7,5241843,2k,2026
Michael Simcoe,ucsb,F,68.9,5254322,2k,2026
Miro Little,ucsb,G,74.0,5033017,2k,2026
Zachiah Clark,ucsb,G,77.8,5242264,2k,2026
Zion Sensley,ucsb,G,72.0,5242262,2k,2026
Aidan Burke,ucsd,G,76.5,5176423,2k,2026
Alex Chaikin,ucsd,G,75.9,5243038,2k,2026
Bol Dengdit,ucsd,F,74.1,5105426,2k,2026
Cade Pendleton,ucsd,F,70.2,5107149,2k,2026
Christopher Cox,ucsd,G,75.2,5241960,2k,2026
Dimitrije Vukicevic,ucsd,C,67.8,5241073,2k,2026
Emanuel Prospere II,ucsd,G,70.0,5313049,2k,2026
Hudson Mayes,ucsd,G,72.0,5313048,2k,2026
Jaden Vance,ucsd,F,68.9,5313050,2k,2026
Jasen Brooks,ucsd,G,77.2,5176421,2k,2026
Leo Beath,ucsd,F,78.0,5106867,2k,2026
Ryder Elisaldez,ucsd,G,73.3,5241959,2k,2026
Tom Beattie,ucsd,G,77.8,5176372,2k,2026
Trap Johnson,ucsd,G,72.7,5241292,2k,2026
Tyson Dunn,ucsd,G,74.0,5243026,2k,2026
Yaqub Mir,ucsd,G,71.3,5176424,2k,2026
Blue Cain,uga,G,77.2,5174661,2k,2026
Brandon Klatsky,uga,G,74.0,5105530,2k,2026
Dylan James,uga,F,74.8,4895794,2k,2026
Jackson McVey,uga,C,72.3,5144145,2k,2026
Jaden Newell,uga,F,71.5,5105532,2k,2026
Jake Wilkins,uga,F,69.5,5142622,2k,2026
Jeremiah Wilkinson,uga,G,69.4,5165276,2k,2026
Jordan Ross,uga,G,71.3,4711402,2k,2026
Justin Abson,uga,F,78.0,5238204,2k,2026
Justin Bailey,uga,G,77.8,5107490,2k,2026
Kanon Catchings,uga,F,76.0,5243212,2k,2026
Kareem Stagg,uga,F,70.2,5144153,2k,2026
Marcus Millender,uga,G,72.7,5176681,2k,2026
Markel Jennings,uga,G,74.6,5174664,2k,2026
Somtochukwu Cyril,uga,C,74.9,5238203,2k,2026
AJ Morgan,uic,G,72.7,5313881,2k,2026
Abdul Momoh,uic,F,72.8,4896534,2k,2026
Ahmad Henderson II,uic,G,75.2,5177126,2k,2026
Andy Johnson,uic,G,74.6,5313880,2k,2026
Ante Beljan,uic,F,77.3,5108799,2k,2026
Carlos Harris III,uic,G,75.9,5241421,2k,2026
Chris Walker,uic,G,70.7,4897213,2k,2026
Elijah Crawford,uic,G,77.2,5060703,2k,2026
Jayce Nathaniel,uic,F,71.5,5174452,2k,2026
Josiah Hammons,uic,G,76.5,5176577,2k,2026
Mekhi Lowery,uic,G,74.0,5175146,2k,2026
Nano Barrantes,uic,F,78.0,5313878,2k,2026
Rashund Washington Jr.,uic,G,69.4,5313879,2k,2026
Sam Silverstein,uic,G,71.3,4702961,2k,2026
Tai Walters-Whitaker,uic,G,70.0,5313882,2k,2026
Amani Drummond,uiw,G,76.5,5108042,2k,2026
Davion Bailey,uiw,G,78.5,5176164,2k,2026
Drew Barbee,uiw,F,77.3,5176183,2k,2026
Esteban Mann,uiw,F,74.1,5313506,2k,2026
Harold Woods,uiw,G,69.4,5106716,2k,2026
Harrison Reede,uiw,G,73.3,5177719,2k,2026
Isaiah Kortas,uiw,G,75.2,5242569,2k,2026
Jayden Williams,uiw,C,69.0,4869785,2k,2026
Jordan Pyke,uiw,F,73.5,5242568,2k,2026
Lewis Rowe,uiw,C,71.7,4897366,2k,2026
Love Bettis,uiw,G,77.2,5106711,2k,2026
Marcus Glover,uiw,F,75.4,5176580,2k,2026
Mihael Tomic,uiw,G,70.7,5313507,2k,2026
Tahj Staveskie,uiw,G,71.3,4896368,2k,2026
Tyler Simon,uiw,F,71.5,4683939,2k,2026
Andrija Jelavic,uk,F,74.1,5281347,2k,2026
Brandon Garrison,uk,F,76.0,4711306,2k,2026
Braydon Hawthorne,uk,F,75.4,5101820,2k,2026
Collin Chandler,uk,G,77.8,5238207,2k,2026
Denzel Aberdeen,uk,G,78.5,5105527,2k,2026
Jaland Lowe,uk,G,73.3,4684270,2k,2026
Jasper Johnson,uk,G,74.0,5095153,2k,2026
Kam Williams,uk,G,70.0,4873183,2k,2026
Malachi Moreno,uk,C,71.7,5101849,2k,2026
Mouhamed Dioubate,uk,F,76.7,4895780,2k,2026
Reece Potter,uk,F,70.8,5176217,2k,2026
Trent Noah,uk,F,71.5,5175592,2k,2026
Walker Horn,uk,G,75.2,5105283,2k,2026
Zach Tow,uk,F,70.2,5252266,2k,2026
Christian Landry,ul,G,73.3,5176557,2k,2026
Dariyus Woodson,ul,F,67.0,5241645,2k,2026
De'Vion Lavergne,ul,G,72.7,5241686,2k,2026
Dorian Finister,ul,G,75.2,5106265,2k,2026
Jamyron Keller,ul,G,74.0,4711257,2k,2026
Jaxon Olvera,ul,G,68.8,5240934,2k,2026
Jeremiah Evans,ul,F,75.4,4873220,2k,2026
Joshua Lewis,ul,F,71.5,5313126,2k,2026
Karris Bilal,ul,G,78.5,5104196,2k,2026
Kyran Ratliff,ul,F,67.6,5107218,2k,2026
Logan Myers,ul,G,70.0,5313129,2k,2026
Michael Mouton,ul,G,70.7,5240083,2k,2026
Mike Collins,ul,G,77.8,5313127,2k,2026
Milan Mejia,ul,G,71.3,4706561,2k,2026
Rahman Olajuwon,ul,F,68.9,5313130,2k,2026
Sean Elkinton,ul,F,76.0,5242135,2k,2026
Todd Jones Jr.,ul,F,74.1,5240972,2k,2026
Zeke Cook,ul,F,76.7,5107381,2k,2026
Ajay Tew,ulm,G,69.4,5176750,2k,2026
Alex Huguet Carrasco,ulm,G,73.3,5313384,2k,2026
Alex Molofeev,ulm,G,72.0,5313382,2k,2026
Ayomide Bamisile,ulm,F,77.3,5174978,2k,2026
Brady Craig,ulm,F,74.8,5323985,2k,2026
Brentay Noel,ulm,F,70.8,5177603,2k,2026
Cam Campbell,ulm,G,76.5,5183838,2k,2026
Dylan Diaz,ulm,G,74.6,5313379,2k,2026
Krystian Lewis,ulm,G,72.7,5313381,2k,2026
Lavell Brodnex,ulm,G,77.2,5106632,2k,2026
MJ Russell,ulm,G,70.7,5105539,2k,2026
Micah Caster,ulm,G,75.9,5240757,2k,2026
Przemek Hartman,ulm,F,73.5,5313380,2k,2026
Renars Sondors,ulm,F,69.5,5240758,2k,2026
Wiggy Ball,ulm,G,78.5,5313383,2k,2026
Ace Valentine,umbc,G,69.4,5174860,2k,2026
Caden Diggs,umbc,F,75.4,5196866,2k,2026
Cougar Downing,umbc,G,75.2,5177355,2k,2026
DJ Armstrong Jr.,umbc,G,78.5,5252505,2k,2026
Daylon Dickerson,umbc,F,76.0,5239816,2k,2026
Devin Ceaser,umbc,G,77.8,4888718,2k,2026
Jah'Likai King,umbc,G,72.7,5313186,2k,2026
Jake Stout,umbc,F,70.8,5239818,2k,2026
Jose Roberto Tanchyn,umbc,F,70.2,5182581,2k,2026
Josh Odunowo,umbc,F,71.5,4702976,2k,2026
Paul Greene,umbc,F,73.5,5313187,2k,2026
Regimantas Ciunys,umbc,F,76.7,5107238,2k,2026
Riley Jacobs,umbc,F,72.8,5313189,2k,2026
Saahil Thakkar,umbc,G,70.0,5313190,2k,2026
Tim Eze,umbc,F,74.1,5239817,2k,2026
Christopher Flippin,umes,PF,75.5,5243393,2k,2026
Devin Thomas,umes,G,70.7,5314174,2k,2026
Dorion Staples,umes,F,71.5,5107653,2k,2026
Jaden Cooper,umes,G,77.2,4898212,2k,2026
Jaden Johnson,umes,PG,74.6,5314172,2k,2026
Javoy Thompson,umes,G,70.0,5176356,2k,2026
Joseph Locandro,umes,F,73.5,5314176,2k,2026
Justin Monden,umes,G,73.3,5314175,2k,2026
Levi Beckwith,umes,SF,78.0,5314177,2k,2026
Maurice Vassel,umes,F,68.9,4873199,2k,2026
Maurio Hanson Jr.,umes,F,74.8,5241693,2k,2026
Michael Teal,umes,G,71.3,5179096,2k,2026
Trey Brown,umes,PG,77.8,5314173,2k,2026
Trey Hall,umes,F,75.4,4703893,2k,2026
Zion Obanla,umes,G,72.7,5314171,2k,2026
Angel Montas Jr.,uml,G,74.6,5105889,2k,2026
Austin Green,uml,F,76.0,5240686,2k,2026
Darrel Yepdo,uml,G,70.7,5313151,2k,2026
Isaiah Walter,uml,G,71.3,5239822,2k,2026
JJ Massaquoi,uml,G,75.2,5313154,2k,2026
Jared Frey,uml,G,77.2,5106722,2k,2026
Jerrell Roberson II,uml,F,72.8,5107225,2k,2026
Keenan Bey,uml,F,78.0,5175814,2k,2026
Khalil Farmer,uml,G,77.8,5105717,2k,2026
Kris Johnson,uml,G,75.9,5239820,2k,2026
Shawn Simmons II,uml,F,72.2,5174632,2k,2026
Victor Okojie,uml,F,73.5,5313153,2k,2026
Xavier Spencer,uml,G,72.0,5313152,2k,2026
Braylon Patton,una,G,72.0,5314349,2k,2026
Canin Jefferson,una,G,74.0,5176200,2k,2026
Corneilous Williams,una,F,69.5,5105533,2k,2026
Cortez Graham-Howard,una,G,75.2,5314351,2k,2026
Dallas Howell,una,F,74.1,4709454,2k,2026
DarKaun King,una,F,72.2,5239803,2k,2026
Donte Bacchus,una,F,77.3,5239797,2k,2026
Israel Jenrette,una,C,72.3,5239801,2k,2026
Jamal Albritton,una,C,77.5,5176204,2k,2026
Kedar Bodie,una,G,77.2,5314350,2k,2026
Kevin de Kovachich,una,G,75.9,5239798,2k,2026
King Walker,una,G,71.3,5239800,2k,2026
Mitchell Chaffee,una,C,75.5,5239802,2k,2026
Tank Washington,una,F,70.2,5314348,2k,2026
Derek Dixon,unc,G,75.9,5144097,2k,2026
Elijah Davis,unc,G,77.2,5116699,2k,2026
Evan Smith,unc,G,72.0,5312013,2k,2026
Isaiah Denis,unc,G,76.5,5217193,2k,2026
Ivan Matlekovic,unc,C,72.3,5241596,2k,2026
James Brown,unc,F,77.3,4869763,2k,2026
Jarin Stevenson,unc,F,70.8,4873181,2k,2026
Jaydon Young,unc,G,70.0,4711266,2k,2026
John Holbrook,unc,F,73.5,5238173,2k,2026
Jonathan Powell,unc,G,72.7,5101669,2k,2026
Kyan Evans,unc,G,75.2,5093253,2k,2026
Luka Bogavac,unc,G,78.5,5312014,2k,2026
Seth Trimble,unc,G,70.7,4712836,2k,2026
Zayden High,unc,F,74.1,4895793,2k,2026
Brayden Rivers,unca,SF,72.2,5313544,2k,2026
Connor Dubsky,unca,G,77.2,5174622,2k,2026
Corey Jones,unca,G,75.9,5176357,2k,2026
DJ Patrick,unca,G,74.0,4897129,2k,2026
Daniel Thomas,unca,F,69.5,5241247,2k,2026
David Hermes,unca,F,76.0,5240406,2k,2026
Hugo Maton,unca,G,75.2,5313543,2k,2026
Jakel Powell,unca,G,73.3,5175057,2k,2026
Julian Clarke,unca,PG,77.8,5241757,2k,2026
Justin Wright,unca,G,68.8,4704109,2k,2026
Kameron Taylor,unca,G,71.3,5241756,2k,2026
Mitchell Taylor,unca,G,70.7,5179095,2k,2026
Myles Mayfield,unca,F,74.1,5313542,2k,2026
Rasheed Baldwin,unca,G,78.5,5176358,2k,2026
Sage Tolentino,unca,F,68.9,4838724,2k,2026
Toyaz Solomon,unca,F,71.5,5176355,2k,2026
Antwann Jones,uncg,G,75.2,4396634,2k,2026
Assane Mandian,uncg,G,73.3,5314569,2k,2026
Braylen Bowman,uncg,G,77.8,5314572,2k,2026
Chane Bynum,uncg,F,76.0,5314571,2k,2026
Clinton Efinda,uncg,F,75.4,5243252,2k,2026
Clyde Bailey II,uncg,G,78.5,5243253,2k,2026
Domas Kauzonas,uncg,F,74.1,5176222,2k,2026
Donald Whitehead Jr.,uncg,G,70.0,5314573,2k,2026
Jordan Brown,uncg,G,77.2,5314568,2k,2026
Justin Neely,uncg,F,71.5,4896620,2k,2026
KJ Younger,uncg,G,69.4,5314574,2k,2026
Landon King,uncg,G,74.0,5314575,2k,2026
Lilian Marville,uncg,G,72.7,5314576,2k,2026
Noah Norgaard,uncg,G,71.3,5314570,2k,2026
Valentino Pinedo,uncg,F,70.2,5106053,2k,2026
Ariik Mawien,unco,G,72.7,5241299,2k,2026
Brock Wisne,unco,F,68.9,5107858,2k,2026
Chancellor White,unco,G,70.0,5107217,2k,2026
Egan Shields,unco,C,69.7,5175417,2k,2026
Hunter Caldwell,unco,C,75.5,5241300,2k,2026
Ibu Yamazaki,unco,F,68.2,5107514,2k,2026
Kaden Ericksen,unco,G,74.0,5313251,2k,2026
Quinn Denker,unco,G,75.2,5176300,2k,2026
Ring Nyeri,unco,F,71.5,5241653,2k,2026
Steven Ramirez Jr.,unco,G,71.3,5313252,2k,2026
Tanner Braketa,unco,G,77.2,5313253,2k,2026
Vincent Delano,unco,G,75.9,5176494,2k,2026
Walker Asp,unco,F,78.0,5241298,2k,2026
Will Dixion III,unco,G,74.6,5313254,2k,2026
William Humer,unco,F,72.8,5176255,2k,2026
Zach Bloch,unco,G,77.8,4897944,2k,2026
Adam Tokpah,uncw,F,71.5,5312325,2k,2026
CJ Luster II,uncw,G,75.9,5242278,2k,2026
Christian May,uncw,G,74.6,5106728,2k,2026
Gavin Walsh,uncw,F,70.8,5174815,2k,2026
Grady Whitt,uncw,G,70.0,5175023,2k,2026
Greedy Williams,uncw,G,69.4,5108909,2k,2026
Jahnathan Lamothe,uncw,G,76.5,4711264,2k,2026
JoJo Fullwood,uncw,G,77.8,5242591,2k,2026
Madison Durr,uncw,G,78.5,5107358,2k,2026
Makel Smith,uncw,G,72.7,5242588,2k,2026
Makoi Mabor Makoi,uncw,F,74.8,5242590,2k,2026
Matija Prodanovic,uncw,F,73.5,5312324,2k,2026
Noah Ross,uncw,G,73.3,5106732,2k,2026
Nolan Hodge,uncw,G,77.2,5106731,2k,2026
Patrick Wessler,uncw,F,70.2,4838717,2k,2026
Anthony Doppler,und,G,75.2,5176952,2k,2026
Anthony Smith III,und,G,70.7,5314757,2k,2026
Eli King,und,G,73.3,5106253,2k,2026
Garrett Anderson,und,G,78.5,5314760,2k,2026
George Natsvlishvili,und,F,71.5,5241647,2k,2026
Greyson Uelmen,und,G,69.4,5241648,2k,2026
Josh Jones,und,C,73.0,5177038,2k,2026
Karson Ouse,und,F,70.8,5314756,2k,2026
Marley Curtis,und,F,76.7,5314755,2k,2026
Matthew Bothun,und,F,77.3,5176951,2k,2026
Micah Curtis,und,F,76.0,5314758,2k,2026
Reggie Thomas,und,G,70.0,5241646,2k,2026
Ryan Erikson,und,F,74.1,5176949,2k,2026
Wylee Delorme,und,G,75.9,5314761,2k,2026
Zach Kraft,und,G,72.7,5176946,2k,2026
Alex Vargo,unf,G,70.7,4702988,2k,2026
Arden Begaj,unf,F,78.0,5239997,2k,2026
BJ Plummer,unf,F,71.5,5314453,2k,2026
Dalton Gayman,unf,F,76.0,5257916,2k,2026
Dante Oliver,unf,G,73.3,5239995,2k,2026
Devin Hines,unf,G,75.9,4897902,2k,2026
Gabe Jacobs,unf,G,74.6,5314455,2k,2026
Kamrin Oriol,unf,G,72.7,5119069,2k,2026
Kent Jackson,unf,G,75.2,5243208,2k,2026
Mason Lee,unf,F,73.5,5176208,2k,2026
Mason Watkins,unf,G,70.0,5314452,2k,2026
Nestor Dyachok,unf,F,76.7,5177724,2k,2026
Taylor Thompson,unf,G,71.3,5239994,2k,2026
Trey Cady,unf,F,77.3,5314454,2k,2026
Antoni Siewruk,unh,G,71.3,5239771,2k,2026
Belal El Shakery,unh,F,76.7,5176417,2k,2026
Comeh Emuobor,unh,G,76.5,5103832,2k,2026
Davide Poser,unh,F,73.5,5175705,2k,2026
Dylan Saunders,unh,F,71.5,5177101,2k,2026
Giannos Xanthopoulos,unh,C,69.0,5313121,2k,2026
Jack Graham,unh,G,75.9,5174630,2k,2026
John Squire,unh,F,70.2,5176520,2k,2026
Jon O'Neill,unh,F,74.1,5239772,2k,2026
KiJan Robinson,unh,G,73.3,5174932,2k,2026
Myles Blackley,unh,G,77.8,5313120,2k,2026
Nick Sanford,unh,G,72.7,5239769,2k,2026
R.J. Kennedy,unh,G,75.2,5240394,2k,2026
Tyler Bike,unh,G,78.5,5313119,2k,2026
Ben Schwieger,uni,F,70.8,4897474,2k,2026
Cade Courbat,uni,G,76.5,5241410,2k,2026
Chase Courbat,uni,F,75.4,4897480,2k,2026
Geon Hutchins,uni,G,73.3,5315804,2k,2026
Hunter Jacobson,uni,G,72.7,5107889,2k,2026
Ismael Diouf,uni,F,74.8,5238171,2k,2026
Jalen Wilson,uni,F,67.6,5144119,2k,2026
Kyle Pock,uni,F,71.5,5176385,2k,2026
Leon Bond III,uni,F,78.0,4838704,2k,2026
Levi Valdo,uni,G,69.4,5315805,2k,2026
Marino Dubravcic,uni,F,74.1,5239492,2k,2026
Max Weisbrod,uni,G,68.8,5241408,2k,2026
RJ Taylor,uni,G,70.0,5176384,2k,2026
Redek Born,uni,G,77.8,5241407,2k,2026
Trey Campbell,uni,G,77.2,5107887,2k,2026
Tristan Smith,uni,F,70.2,5315806,2k,2026
Will Hornseth,uni,F,73.5,5241409,2k,2026
Al Green,unlv,G,72.0,5242133,2k,2026
Dra Gibbs-Lawhorn,unlv,G,72.7,4711259,2k,2026
Emmanuel Stephen,unlv,C,69.0,5164369,2k,2026
Howie Fleming Jr.,unlv,G,73.3,4703899,2k,2026
Issac Williamson,unlv,G,69.4,5313939,2k,2026
Jacob Bannarbie,unlv,F,77.3,5176263,2k,2026
Jalen Cunningham,unlv,G,75.2,5313940,2k,2026
Kimani Hamilton,unlv,F,70.8,5105538,2k,2026
Ladji Dembele,unlv,F,73.5,5117582,2k,2026
Mason Abittan,unlv,G,78.5,5239111,2k,2026
Myles Che,unlv,G,75.9,5176112,2k,2026
Naas Cunningham,unlv,F,74.1,4869766,2k,2026
Tyrin Jones,unlv,F,70.2,5236223,2k,2026
Walter Brown,unlv,F,76.7,5313941,2k,2026
Xavier Brumfield,unlv,G,76.5,5313942,2k,2026
Antonio Chol,unm,F,76.7,5105860,2k,2026
Chris Howell,unm,G,75.2,4684163,2k,2026
Deyton Albury,unm,G,78.5,5176237,2k,2026
JT Rock,unm,C,70.3,5061598,2k,2026
Jake Hall,unm,G,76.5,5254338,2k,2026
Kallai Patton,unm,G,73.3,5239634,2k,2026
Kevin Patton Jr.,unm,G,72.7,5176443,2k,2026
Luke Haupt,unm,G,75.9,5188026,2k,2026
Milos Vicentic,unm,F,69.5,5241961,2k,2026
Sir Marius Jones,unm,G,74.6,5315584,2k,2026
Tajavis Miller,unm,G,74.0,5107272,2k,2026
Timéo Pons,unm,G,72.0,5315586,2k,2026
Tomislav Buljan,unm,F,77.3,5315585,2k,2026
Uriah Tenette,unm,G,70.7,5254340,2k,2026
Churchill Abass,uno,C,77.5,5175360,2k,2026
Coleton Benson,uno,G,77.8,5108809,2k,2026
Enzo Boudouma,uno,F,76.7,5313580,2k,2026
Eze Nwakamma,uno,F,71.5,5313576,2k,2026
Grant Kemp,uno,G,74.0,5115621,2k,2026
Hercy Miller,uno,G,72.7,4709140,2k,2026
Irish Coquia,uno,G,74.6,5313574,2k,2026
Jakevion Buckley,uno,G,76.5,5108082,2k,2026
Jamal Chretien II,uno,G,75.9,5313578,2k,2026
Kedrick Osby,uno,F,70.8,5313579,2k,2026
MJ Thomas,uno,F,68.2,4848628,2k,2026
Mathok Majok,uno,C,72.3,5174617,2k,2026
Panagiotis Pagonis,uno,F,70.2,5313581,2k,2026
TJ Cope,uno,G,75.2,5313575,2k,2026
Vieux Sanneh,uno,F,68.9,5313577,2k,2026
William Patterson,uno,C,69.0,5174289,2k,2026
Buddy Hammer Jr.,unt,F,76.0,5313378,2k,2026
Cahmai Crosby,unt,G,77.8,5313375,2k,2026
Cole Franklin,unt,G,77.2,5241611,2k,2026
Curtis Stinson Jr.,unt,G,72.7,5313377,2k,2026
David Terrell Jr.,unt,G,72.0,5177691,2k,2026
Demarion Watson,unt,G,71.3,5106255,2k,2026
Dylan Arnett,unt,F,78.0,5106742,2k,2026
EJ Horton,unt,G,75.9,5313376,2k,2026
Je'Shawn Stevenson,unt,G,73.3,5241608,2k,2026
Josiah Shackleford,unt,F,73.5,5106682,2k,2026
Reece Robinson,unt,F,74.1,5241610,2k,2026
Will McClendon,unt,G,75.2,4433275,2k,2026
Breylin Garcia,upst,F,74.8,5241749,2k,2026
CJ Rich,upst,G,71.3,5176345,2k,2026
Carmelo Adkins,upst,G,78.5,5183294,2k,2026
Chico Johnson,upst,G,74.0,4845362,2k,2026
Coen Collier,upst,C,75.5,5313529,2k,2026
Isaiah Skinner,upst,G,70.7,5241744,2k,2026
Jafeth Martinez,upst,F,71.5,5313531,2k,2026
Kanye Jones,upst,G,73.3,5108759,2k,2026
Karmani Gregory,upst,G,74.6,5241748,2k,2026
Learic Davis,upst,F,75.4,5108806,2k,2026
Mason Bendinger,upst,G,77.8,5313530,2k,2026
Nic Book,upst,F,76.7,5241747,2k,2026
TJ Lewis,upst,G,72.7,5313528,2k,2026
Tyler Smith,upst,G,70.0,5313527,2k,2026
Alex Crawford,uri,F,75.4,4897620,2k,2026
Barrett Loer,uri,G,70.7,5254325,2k,2026
Damone King,uri,G,71.3,5239657,2k,2026
Drissa Traore,uri,F,68.2,4684303,2k,2026
Jahmere Tripp,uri,F,67.6,4848629,2k,2026
Jalen Harper,uri,G,75.2,5311868,2k,2026
Javon Perry,uri,F,69.5,5311869,2k,2026
Jaymien Aponte,uri,G,78.5,5239658,2k,2026
Jimmy Ball,uri,G,77.8,5105973,2k,2026
Jonah Hinton,uri,G,74.6,5239711,2k,2026
Keeyan Itejere,uri,F,72.2,4684207,2k,2026
Miftah Ibiyemi,uri,G,74.0,5184110,2k,2026
Moek Icke,uri,C,72.3,5239656,2k,2026
Mouhamed Sow,uri,F,68.9,4898259,2k,2026
Myles Corey,uri,G,76.5,4706260,2k,2026
RJ Johnson,uri,G,72.0,5108122,2k,2026
Tyler Cochran,uri,G,77.2,4431930,2k,2026
Adam Olsen,usa,F,72.8,5313206,2k,2026
Brian Hawthorne,usa,G,75.9,5313203,2k,2026
Chaze Harris,usa,G,76.5,5189001,2k,2026
Desmond Williams,usa,G,71.3,5313204,2k,2026
Hantz Louis-Jeune,usa,G,74.0,5107410,2k,2026
JJ Wheat,usa,G,72.0,5240643,2k,2026
Jayden Cooper,usa,G,77.2,5240641,2k,2026
John Broom,usa,G,77.8,5176682,2k,2026
Maxwell Land,usa,G,75.2,4433582,2k,2026
Peyton Law,usa,F,74.1,5313205,2k,2026
Randy Brady,usa,F,78.0,4433611,2k,2026
Samuel Shoptaw,usa,G,72.7,5313201,2k,2026
Stephen Williams,usa,F,70.2,5313202,2k,2026
Alijah Arenas,usc,G,78.5,5144495,2k,2026
Amarion Dickerson,usc,G,74.6,5241689,2k,2026
Brit Burden,usc,F,76.0,5254917,2k,2026
EJ Neal Jr.,usc,G,71.3,5176301,2k,2026
Ezra Ausar,usc,F,77.3,5106051,2k,2026
Gabe Dynes,usc,C,73.0,5177227,2k,2026
Jacob Cofie,usc,F,75.4,4873219,2k,2026
Jaden Brownell,usc,F,76.7,5243241,2k,2026
Jerry Easter II,usc,G,73.3,5101762,2k,2026
Jonah Goorin,usc,G,72.7,5239636,2k,2026
Jordan Marsh,usc,G,72.0,5176755,2k,2026
Kam Woods,usc,G,68.8,4702046,2k,2026
Patrick O'Brien,usc,G,70.7,5312043,2k,2026
Rodney Rice,usc,G,70.0,4684634,2k,2026
Ryan Cornish,usc,G,75.2,4898190,2k,2026
Terrance Williams II,usc,F,68.9,4702236,2k,2026
Adrian McIntyre,usd,G,68.8,5185563,2k,2026
Alejandro Aviles,usd,F,78.0,5101837,2k,2026
Assane Diop,usd,F,73.5,4711295,2k,2026
Boden Grant,usd,G,71.3,5313156,2k,2026
Brandon Benjamin,usd,G,77.2,5313158,2k,2026
Caleb Versher,usd,G,66.8,5313157,2k,2026
D'Arrae Goodwin,usd,F,72.2,5313155,2k,2026
Dominique Ford,usd,G,73.3,5107819,2k,2026
Emmanuel Callas,usd,G,75.2,5105416,2k,2026
Gavin Ripp,usd,F,67.0,5241002,2k,2026
Josh Hecht,usd,G,70.7,5176448,2k,2026
Juanse Gorosito,usd,G,72.0,4870444,2k,2026
Kjay Bradley Jr.,usd,G,75.9,5240999,2k,2026
Neel Beniwal,usd,G,77.8,5105415,2k,2026
Nick Del Bosque,usd,G,74.6,5241005,2k,2026
Piotr Winkowski,usd,C,65.2,5313160,2k,2026
Tim Moore Jr.,usd,F,67.6,5239760,2k,2026
Toneari Lane,usd,G,69.4,4702226,2k,2026
Ty-Laur Johnson,usd,G,70.0,4845369,2k,2026
Vuk Boskovic,usd,F,76.0,5313159,2k,2026
Adriel Nyorha,usf,G,72.0,5313563,2k,2026
CJ Brown,usf,G,77.8,5183925,2k,2026
Caleb Sanders,usf,F,69.5,5313561,2k,2026
Daimion Collins,usf,F,76.0,4611412,2k,2026
De'Ante Green,usf,F,74.8,4684795,2k,2026
Devin Haid,usf,G,74.6,5241694,2k,2026
Gavin Hightower,usf,G,74.0,5101765,2k,2026
Isaiah Jones,usf,F,72.8,4067423,2k,2026
Joseph Pinion,usf,G,70.7,4699760,2k,2026
Josh Omojafo,usf,G,71.3,5241690,2k,2026
Onyx Nnani,usf,F,72.2,5196957,2k,2026
Tristan Beckford,usf,F,78.0,5313562,2k,2026
Wes Enis,usf,G,75.9,5313560,2k,2026
Xavier Brown,usf,G,77.2,5107222,2k,2026
Alfred Worrell Jr.,usm,G,66.8,5240664,2k,2026
Blake Lander,usm,G,72.7,5118036,2k,2026
Brewer Carruth,usm,G,76.5,5240665,2k,2026
Chandler Watts,usm,G,68.1,5313271,2k,2026
Chiante' Tramble,usm,G,68.8,5313269,2k,2026
Curt Lewis,usm,G,72.0,4593474,2k,2026
Dalyn Brandon,usm,G,77.8,5240668,2k,2026
Djahi Binet,usm,F,78.0,5177539,2k,2026
Dylan Brumfield,usm,G,77.2,5180818,2k,2026
EJ Paymon,usm,F,69.5,5238213,2k,2026
Fallou Diagne,usm,C,74.2,5106839,2k,2026
Felipe Patino,usm,G,70.7,5313272,2k,2026
IJ Ezuma,usm,F,74.1,4898338,2k,2026
Isaac Taveras,usm,G,69.4,5176218,2k,2026
Israel Hart,usm,G,74.0,5313268,2k,2026
Jett Montgomery,usm,G,71.3,5240666,2k,2026
Robert Cowherd,usm,G,75.9,5105547,2k,2026
Tegra Izay,usm,C,72.3,4700971,2k,2026
Tylik Weeks,usm,F,67.0,5313270,2k,2026
Adlan Elamin,usu,F,74.1,5195079,2k,2026
Brayden Boe,usu,G,76.5,5144136,2k,2026
David Iweze,usu,F,72.8,5255259,2k,2026
Drake Allen,usu,G,78.5,5105494,2k,2026
Elijah Perryman,usu,G,70.7,5255260,2k,2026
Garry Clark,usu,F,75.4,5108973,2k,2026
Jordy Barnes,usu,G,77.2,5241264,2k,2026
Karson Templin,usu,F,69.5,5176273,2k,2026
Kingston Tosi,usu,F,68.9,5152734,2k,2026
Kolby King,usu,G,71.3,5105604,2k,2026
Luke Kearney,usu,F,72.2,5182081,2k,2026
MJ Collins Jr.,usu,G,75.2,5105401,2k,2026
Mason Falslev,usu,G,74.0,5107864,2k,2026
Tucker Anderson,usu,F,77.3,5175860,2k,2026
Zach Keller,usu,F,71.5,4896363,2k,2026
Alex Bossinakis,uta,G,78.5,5252372,2k,2026
Amari Reed,uta,F,72.2,5196935,2k,2026
Augustine Youssef,uta,G,70.0,5314872,2k,2026
Bahsil Laster,uta,G,75.2,5314870,2k,2026
Cameron Jackson,uta,F,75.4,5241428,2k,2026
Cash Chavis,uta,G,77.8,5183293,2k,2026
Jayden Smoot,uta,G,70.7,5314871,2k,2026
Jordan Lowery,uta,G,74.6,5144092,2k,2026
Marcell McCreary,uta,G,73.3,5113390,2k,2026
Marcus Rigsby Jr.,uta,G,72.0,5176733,2k,2026
Miles Goodman,uta,F,76.7,5061587,2k,2026
Raysean Seamster,uta,F,70.8,5241424,2k,2026
Stoney Hadnot,uta,F,76.0,5241453,2k,2026
Tyran Mason,uta,G,74.0,5240285,2k,2026
Alvin Jackson III,utah,G,74.0,5311936,2k,2026
Ayomide Bamisile,utah,F,77.3,5174978,2k,2026
Babacar Faye,utah,F,75.4,4897000,2k,2026
Colin McHaney,utah,C,71.7,5331175,2k,2026
Don McHenry,utah,G,72.0,4903216,2k,2026
Ibrahima Traore,utah,F,68.9,5240509,2k,2026
Jacob Patrick,utah,G,70.7,5311934,2k,2026
James Okonkwo,utah,F,70.8,4897777,2k,2026
Jerry Huang,utah,G,74.6,5174979,2k,2026
Josh Hayes,utah,F,74.8,5176757,2k,2026
Keanu Dawes,utah,F,76.0,5060685,2k,2026
Kendyl Sanders,utah,F,69.5,5311935,2k,2026
Lucas Langarita,utah,G,73.3,5331713,2k,2026
Obomate Abbey,utah,G,78.5,5311937,2k,2026
Seydou Traore,utah,F,68.2,5177114,2k,2026
Terrence Brown,utah,G,77.2,5177233,2k,2026
Billy Smith,utc,G,70.0,5108028,2k,2026
Brennan Watkins,utc,G,68.1,4897364,2k,2026
Collin Mulholland,utc,F,71.5,5176111,2k,2026
Houston Holland,utc,G,74.0,5243217,2k,2026
Jikari Johnson,utc,G,73.3,5116435,2k,2026
Jordan Frison,utc,G,75.2,5314472,2k,2026
Josh Bowman,utc,F,77.3,5314474,2k,2026
Latif Diouf,utc,F,75.4,5243219,2k,2026
Liam Vitters,utc,G,69.4,5243218,2k,2026
Makai Richards,utc,C,70.3,4897859,2k,2026
Parker Robison,utc,G,70.7,5243222,2k,2026
Ryan Lopez,utc,G,72.7,5181765,2k,2026
Sean Cusano,utc,G,77.2,5176110,2k,2026
Sebastian Hartmann,utc,G,74.6,5175372,2k,2026
Tate Darner,utc,G,76.5,5314470,2k,2026
Teddy Washington Jr.,utc,G,68.8,5176712,2k,2026
Zach Bleshoy,utc,G,78.5,5314471,2k,2026
Bobby Montgomery Jr.,utep,G,74.0,5254337,2k,2026
C.J. Smith,utep,F,72.8,5240267,2k,2026
Caleb Blackwell,utep,G,78.5,5107455,2k,2026
Cassius Brooks,utep,G,77.8,5314540,2k,2026
David Tubek,utep,F,71.5,5113182,2k,2026
Elijah Jones,utep,F,74.8,5106056,2k,2026
Jamal West Jr.,utep,F,69.5,5176665,2k,2026
Jordan Hernandez,utep,G,76.5,5242613,2k,2026
KJ Thomas,utep,G,72.7,5242612,2k,2026
Kaseem Watson,utep,F,70.8,5108719,2k,2026
LA Hayes,utep,G,77.2,5176206,2k,2026
Mouhamed Mbaye,utep,C,73.6,5314541,2k,2026
Trey Horton III,utep,G,75.9,5177692,2k,2026
Tyreese Watson,utep,G,70.7,5176747,2k,2026
AJ Hopkins,utm,F,75.4,5243006,2k,2026
Afan Trnka,utm,G,67.5,5243002,2k,2026
Ama Sow,utm,F,67.6,5314374,2k,2026
Andrija Bukumirovic,utm,F,77.3,5242999,2k,2026
Charlie King,utm,F,73.5,5314373,2k,2026
Damien King,utm,G,73.3,5314372,2k,2026
Dragos Lungu,utm,G,72.7,5176445,2k,2026
Enrique Moya,utm,G,72.0,5314370,2k,2026
Filip Petkovski,utm,G,70.7,5314376,2k,2026
Filip Radakovic,utm,G,69.4,5243012,2k,2026
James Bass,utm,F,78.0,5314371,2k,2026
Lamine Niang,utm,F,70.8,5108101,2k,2026
Luca Colceag,utm,F,76.7,5107843,2k,2026
Lucas Williams,utm,G,66.8,5243008,2k,2026
Matas Deniusas,utm,F,76.0,5314377,2k,2026
Pedro Santos,utm,G,68.8,5243004,2k,2026
Ty Price,utm,G,70.0,5101773,2k,2026
Vladimir Khryapa,utm,F,74.1,5314375,2k,2026
Will Hopkins,utm,G,75.2,5314369,2k,2026
Austin Nunez,utsa,G,72.0,4712837,2k,2026
Baboucarr Njie,utsa,F,72.8,5240407,2k,2026
Brent Moss,utsa,G,74.0,5313654,2k,2026
Daniel Akitoby,utsa,F,78.0,5176290,2k,2026
Dorian Hayes,utsa,G,74.6,5221325,2k,2026
Jackson Fazande,utsa,F,74.8,5240408,2k,2026
Jamir Simpson,utsa,G,70.0,5111919,2k,2026
Kaidon Rayfield,utsa,F,70.8,5101826,2k,2026
LJ Brown,utsa,G,76.5,4905284,2k,2026
Macaleab Rich,utsa,G,70.7,5103628,2k,2026
Matheo Coffi,utsa,F,75.4,5313655,2k,2026
Mo Njie,utsa,C,71.7,4898293,2k,2026
Pierce Spencer,utsa,G,69.4,4703670,2k,2026
Stanley Borden,utsa,C,76.2,4897107,2k,2026
Vasean Allette,utsa,PG,77.8,5176569,2k,2026
Boston Harker,utu,G,74.0,5314821,2k,2026
Britton Berrett,utu,G,77.2,5241402,2k,2026
Chance Trujillo,utu,G,70.7,4897982,2k,2026
Dallin Grant,utu,F,74.1,5176272,2k,2026
Dario Domingos,utu,F,74.8,5105493,2k,2026
Ethan Potter,utu,F,71.5,5105471,2k,2026
Hunter Schenck,utu,G,71.3,5241398,2k,2026
Jusaun Holt,utu,G,73.3,4684152,2k,2026
Madiba Owona,utu,G,72.7,5241399,2k,2026
Marvel Allen,utu,G,78.5,4711268,2k,2026
Noah Bolanga,utu,G,76.5,5245765,2k,2026
Preston Vandermyde,utu,G,70.0,5241401,2k,2026
Samuel Ariyibi,utu,F,77.3,4898377,2k,2026
Tanner Davis,utu,G,75.9,5314822,2k,2026
Carter Lang,uva,F,74.1,4894460,2k,2026
Chance Mallory,uva,G,73.3,5150404,2k,2026
Dallin Hall,uva,G,75.2,5105464,2k,2026
Desmond Roberts,uva,G,72.0,5174572,2k,2026
Devin Tillis,uva,F,70.2,4703393,2k,2026
Elijah Gertrude,uva,G,76.5,5080790,2k,2026
Jacari White,uva,G,70.0,5107274,2k,2026
Johann Grunloh,uva,C,74.9,5311844,2k,2026
Malik Thomas,uva,G,71.3,4683758,2k,2026
Martin Carrere,uva,G,77.8,5239714,2k,2026
Owen Odom,uva,G,72.7,5311845,2k,2026
Sam Lewis,uva,G,74.0,5176232,2k,2026
Silas Barksdale,uva,F,78.0,5144157,2k,2026
Thijs De Ridder,uva,F,76.7,5311846,2k,2026
Ben Johnson,uvm,G,75.2,4897010,2k,2026
Ben Michaels,uvm,F,72.2,5243028,2k,2026
Ben Wesson,uvm,G,70.0,5239824,2k,2026
Chris Kuzemka,uvm,G,74.6,4897889,2k,2026
David Simon,uvm,F,70.8,5176447,2k,2026
Drew Bessette,uvm,F,77.3,5239826,2k,2026
Gus Yalden,uvm,F,68.2,4685686,2k,2026
Jackson Skipper,uvm,F,70.2,4870563,2k,2026
Lucas Mari,uvm,G,73.3,5313192,2k,2026
Momo Nkugwa,uvm,G,72.0,5313191,2k,2026
Noah Barnett,uvm,F,78.0,4895789,2k,2026
Sean Blake,uvm,G,77.2,5239825,2k,2026
Sincere Clemons,uvm,G,76.5,5239827,2k,2026
TJ Hurley,uvm,G,75.9,5107295,2k,2026
TJ Long,uvm,G,74.0,4896370,2k,2026
Trey Woodyard,uvm,F,68.9,4897489,2k,2026
AJ Dixon,uvu,G,77.8,5243016,2k,2026
AJ Riggs,uvu,G,72.7,5314812,2k,2026
Braden Housley,uvu,G,75.2,5105495,2k,2026
Hayden Welling,uvu,F,68.9,5107161,2k,2026
Isaac Davis,uvu,F,78.0,4873202,2k,2026
Isaac Hawkins,uvu,F,76.7,5314813,2k,2026
Jackson Holcombe,uvu,G,75.9,5176632,2k,2026
Jaxson Roberts,uvu,G,72.0,5314811,2k,2026
Joul Karram,uvu,C,73.6,5240506,2k,2026
Noah Taitz,uvu,G,71.3,4432398,2k,2026
Sherman Weatherspoon IV,uvu,G,70.7,5176399,2k,2026
Trevan Leonhardt,uvu,G,74.0,5105468,2k,2026
Tyler Hendricks,uvu,G,76.5,4838703,2k,2026
Tyler Medaris,uvu,F,72.8,5241377,2k,2026
Tyler Weaver,uvu,F,69.5,5241382,2k,2026
Brody Whitaker,val,G,68.1,5313884,2k,2026
Camden Webster,val,G,68.8,5313885,2k,2026
Carter Hopoi,val,F,75.4,5313888,2k,2026
Isaiah Barnes,val,G,78.5,4683946,2k,2026
JT Pettigrew,val,F,73.5,5313886,2k,2026
Jayden Watson,val,F,68.9,5241432,2k,2026
Joe Vick,val,G,70.7,5107871,2k,2026
Justus McNair,val,G,74.6,5241429,2k,2026
Kobe Walker,val,C,69.0,5313889,2k,2026
Kyonte Thomas,val,G,72.7,5313890,2k,2026
Mark Brown Jr.,val,G,77.8,5313887,2k,2026
Nick Lombardi,val,G,75.2,5241433,2k,2026
Owen Dease,val,F,76.0,4897302,2k,2026
Rakim Chaney,val,G,77.2,5313883,2k,2026
Sader Servilus,val,G,73.3,5313892,2k,2026
Shon Tupuola,val,C,70.3,5180868,2k,2026
Tucker Tornatta,val,C,71.0,5313891,2k,2026
Chandler Bing,van,G,78.5,5311759,2k,2026
Coleson Messer,van,G,72.7,5174287,2k,2026
Devin McGlockton,van,F,72.8,4791227,2k,2026
Duke Miles,van,G,72.0,4702049,2k,2026
Frankie Collins,van,G,77.8,4433616,2k,2026
George Kimble III,van,G,74.6,5239784,2k,2026
Jalen Washington,van,C,69.0,4433625,2k,2026
Jayden Leverett,van,C,73.0,5254169,2k,2026
Jaylon Dean-Vines,van,G,77.2,5221327,2k,2026
Mason Nicholson,van,F,70.8,5106670,2k,2026
Mike James,van,G,75.9,4684164,2k,2026
Miles Keeffe,van,G,75.2,5105281,2k,2026
Tyler Harris,van,F,76.0,5176497,2k,2026
Tyler Tanner,van,G,70.7,5187600,2k,2026
Ahmad Nowell,vcu,G,72.7,4869778,2k,2026
Barry Evans,vcu,F,76.0,5105987,2k,2026
Brandon Jennings,vcu,G,74.6,5239713,2k,2026
Christian Fermin,vcu,F,75.4,5106041,2k,2026
Jadrian Tracey,vcu,G,70.7,4701030,2k,2026
Jordan Tillery,vcu,G,71.3,5311892,2k,2026
Jordann Dumont,vcu,F,76.7,5117584,2k,2026
Keyshawn Mitchell,vcu,F,72.8,5174851,2k,2026
Lazar Djokovic,vcu,F,77.3,5175368,2k,2026
Michael Belle,vcu,F,78.0,5174672,2k,2026
Nyk Lewis,vcu,G,74.0,5311890,2k,2026
Obinnaya Okafor,vcu,F,71.5,5106042,2k,2026
Terrence Hill Jr.,vcu,G,75.2,5060712,2k,2026
Tyrell Ward,vcu,G,70.0,4684733,2k,2026
Acaden Lewis,vill,G,74.0,5144105,2k,2026
Braden Pierce,vill,C,69.7,5142360,2k,2026
Bryce Lindsay,vill,G,73.3,5174291,2k,2026
Chris Jeffrey,vill,G,74.6,5221332,2k,2026
Devin Askew,vill,G,78.5,4702467,2k,2026
Duke Brennan,vill,F,77.3,4870569,2k,2026
Malachi Palmer,vill,G,72.0,5239554,2k,2026
Malcolm Flaggs,vill,G,76.5,5105576,2k,2026
Matt Hodge,vill,F,74.8,5175588,2k,2026
Nico Onyekwere,vill,C,71.7,5281374,2k,2026
Tafara Gapare,vill,F,75.4,5106034,2k,2026
Tyler Perkins,vill,G,71.3,5182412,2k,2026
Wade Chiddick,vill,G,77.2,5240540,2k,2026
Zion Stanford,vill,G,70.0,5175067,2k,2026
AJ Clark,vmi,G,77.2,5176334,2k,2026
Alexander Daushvili,vmi,F,76.0,5314582,2k,2026
Branford Edmonds III,vmi,G,75.9,5314583,2k,2026
Cal Liston,vmi,F,72.2,5243262,2k,2026
Jaylen Pazon,vmi,G,72.0,5243265,2k,2026
Kaden Stuckey,vmi,F,70.2,5243264,2k,2026
Linus Holmstrom,vmi,G,74.6,5243263,2k,2026
Mario Tatum Jr.,vmi,G,70.0,5314580,2k,2026
Mason Hagedorn,vmi,F,74.8,5238193,2k,2026
Mason Lawson,vmi,G,73.3,5314584,2k,2026
Rickey Bradley Jr.,vmi,G,77.8,5107351,2k,2026
Robert Peters,vmi,F,70.8,5176339,2k,2026
TJ Johnson,vmi,F,73.5,5107076,2k,2026
Tan Yildizoglu,vmi,G,69.4,5176530,2k,2026
Walker Andrews,vmi,G,78.5,5176337,2k,2026
Amani Hansberry,vt,F,73.5,4685673,2k,2026
Antonio Dorn,vt,C,75.5,5311831,2k,2026
Ben Hammond,vt,G,74.6,4873105,2k,2026
Brett Freeman,vt,G,75.9,5311827,2k,2026
Christian Gurdak,vt,C,74.2,5101850,2k,2026
Izaiah Pasha,vt,G,72.0,5239617,2k,2026
Jaden Schutt,vt,G,70.7,4712846,2k,2026
Jailen Bedford,vt,G,77.8,5177040,2k,2026
Neoklis Avdalas,vt,G,78.5,5311829,2k,2026
Shamarius Peterkin,vt,G,71.3,5311828,2k,2026
Sin'Cere Jones,vt,F,72.2,5311826,2k,2026
Solomon Davis,vt,C,76.2,5311830,2k,2026
Tyler Johnson,vt,G,73.3,5165275,2k,2026
Binael Basil,wag,F,75.4,5317320,2k,2026
Bryan Akanmu,wag,F,78.0,5317318,2k,2026
Di'Andre Howell-South,wag,G,71.3,4897959,2k,2026
Eddie Placer,wag,G,68.8,5176342,2k,2026
Elijah Brown,wag,G,74.6,5317315,2k,2026
Huascar Cuevas,wag,G,73.3,5317319,2k,2026
Jaden Baker,wag,G,76.5,5247448,2k,2026
John Awoke,wag,G,77.2,5317316,2k,2026
Keyontae Lewis,wag,F,69.5,5106634,2k,2026
Makhai Anderson,wag,G,77.8,5242415,2k,2026
Michael Cooper,wag,G,74.0,5317317,2k,2026
Nick Jones,wag,G,70.7,5317314,2k,2026
Rahmir Moore,wag,G,69.4,4592477,2k,2026
Sam Smith,wag,F,67.6,5317321,2k,2026
Travis Gray,wag,G,72.0,5177687,2k,2026
Zae Blake,wag,G,75.2,5106750,2k,2026
Zaire Williams,wag,G,67.5,4897951,2k,2026
Zavier Fitch,wag,F,72.2,5242414,2k,2026
Anson Beard Jr.,wake,G,77.8,5312296,2k,2026
Cooper Schwieger,wake,F,69.5,5176402,2k,2026
Dimitrije Kovacevic,wake,F,72.2,5312297,2k,2026
Isaac Carr,wake,G,75.9,5237435,2k,2026
Jaylen Cross,wake,F,74.1,5196911,2k,2026
Juke Harris,wake,G,74.0,5142609,2k,2026
Marqus Marion,wake,F,71.5,5174579,2k,2026
Mekhi Mason,wake,G,71.3,4905250,2k,2026
Myles Colvin,wake,G,75.2,4894452,2k,2026
Nate Calmese,wake,G,76.5,5108081,2k,2026
Omaha Biliew,wake,F,76.7,5175037,2k,2026
Owen Kmety,wake,F,72.8,5105342,2k,2026
Sebastian Akins,wake,G,78.5,5241913,2k,2026
Tre'Von Spillers,wake,F,68.9,5176758,2k,2026
Vincent Ricchiuti,wake,F,70.2,5174580,2k,2026
Will Underwood,wake,G,68.8,5174581,2k,2026
BJ Roy,wash,G,72.0,5312047,2k,2026
Bryson Tucker,wash,F,69.5,4873180,2k,2026
Christian Nitu,wash,F,74.1,5238164,2k,2026
Courtland Muldrew,wash,G,75.2,5221320,2k,2026
Desmond Claude,wash,G,78.5,5105606,2k,2026
Franck Kepnang,wash,C,75.5,4711400,2k,2026
JJ Mandaquit,wash,G,75.9,5101766,2k,2026
Jacob Ognacevic,wash,F,73.5,4703983,2k,2026
Jasir Rencher,wash,F,72.2,5144117,2k,2026
Lathan Sommerville,wash,C,70.3,5101689,2k,2026
Mady Traore,wash,F,70.2,5122917,2k,2026
Nikola Dzepina,wash,F,76.7,5328456,2k,2026
Quimari Peterson,wash,G,73.3,4897465,2k,2026
Wesley Yates III,wash,G,69.4,4869737,2k,2026
Zoom Diallo,wash,G,77.8,5060705,2k,2026
Abdulai Fanta Kabba,wcu,C,71.0,5241916,2k,2026
Anthony McCall,wcu,G,66.8,5107800,2k,2026
Anthony Purnell Jr.,wcu,G,64.2,5314604,2k,2026
CJ Hyland,wcu,G,69.4,5243266,2k,2026
Chase McKey,wcu,F,65.7,4897502,2k,2026
Cord Stansberry,wcu,G,61.0,5105455,2k,2026
Davante Dennis,wcu,F,73.5,4897343,2k,2026
Dinari Boykin,wcu,G,77.2,5112616,2k,2026
Donovan Fromhartz,wcu,F,70.8,5314610,2k,2026
Drew Hollifield,wcu,G,70.0,5225519,2k,2026
Dylan Blair,wcu,G,78.5,5176033,2k,2026
Fischer Brown,wcu,G,76.5,5243270,2k,2026
Gabe Moss,wcu,F,65.0,5105773,2k,2026
Gavin Dalen,wcu,F,74.1,5314608,2k,2026
Jake Warren,wcu,F,58.5,5177238,2k,2026
Jaysean Williams,wcu,G,58.3,5314606,2k,2026
Joe Sedora,wcu,F,62.4,5239602,2k,2026
Julien Soumaoro,wcu,G,61.6,4897626,2k,2026
Justin Johnson,wcu,G,68.1,5239588,2k,2026
Larenzo Jerkins,wcu,G,68.8,5314609,2k,2026
Luke Boyd,wcu,G,77.8,5314605,2k,2026
Marcus Kell,wcu,F,67.0,5107345,2k,2026
Max Williams,wcu,G,57.7,5243269,2k,2026
Myles Grey,wcu,G,70.7,5314603,2k,2026
Nix Varano,wcu,G,59.6,5107802,2k,2026
Ruben Rodriguez Jr.,wcu,G,63.5,5177144,2k,2026
Samuel Dada,wcu,F,74.8,5315246,2k,2026
Tahlan Pettway,wcu,G,64.8,5315245,2k,2026
Tayeshaun Smith,wcu,F,61.8,5315247,2k,2026
Tidjiane Dioumassi,wcu,G,72.7,5177606,2k,2026
Titian DeRosa,wcu,G,73.3,5315244,2k,2026
Vernon Collins,wcu,F,75.4,5107172,2k,2026
Xavier Vann,wcu,G,60.3,5314607,2k,2026
Anthony Moore,web,G,74.0,5313293,2k,2026
ArDarius Grayson,web,G,75.9,5313295,2k,2026
Bourgeois Tshilobo,web,F,70.2,5313296,2k,2026
Brady Smith,web,G,72.0,5240507,2k,2026
David Hansen,web,F,74.8,5241319,2k,2026
Declan Cutler,web,F,76.7,5241318,2k,2026
Duce Paschal,web,G,73.3,5313294,2k,2026
Edwin Suarez Jr.,web,F,70.8,5313291,2k,2026
Jace Whiting,web,G,69.4,5107474,2k,2026
Malek Gomma,web,F,76.0,5177717,2k,2026
Nigel Burris,web,F,78.0,5107824,2k,2026
Tijan Saine Jr.,web,G,72.7,5313292,2k,2026
Trevor Hennig,web,G,74.6,5241316,2k,2026
Tyler Christensen,web,G,77.8,5313297,2k,2026
Viljami Vartiainen,web,G,70.0,5175397,2k,2026
Brady Hardewig,wga,G,75.2,5240024,2k,2026
Cameron Merritt,wga,G,73.3,5240035,2k,2026
Chas Lewless,wga,G,74.0,5241000,2k,2026
Eric Baldassarre,wga,G,78.5,5240030,2k,2026
JaVar Daniel,wga,F,76.7,5194058,2k,2026
Josh Smith,wga,G,71.3,5179291,2k,2026
Kenneth Chime,wga,F,77.3,5240033,2k,2026
Kolten Griffin,wga,F,75.4,5240029,2k,2026
Maddox Fowles,wga,F,76.0,5314546,2k,2026
Malcolm Noel,wga,G,72.7,5115866,2k,2026
Matija Žužic,wga,G,68.8,5243003,2k,2026
Max Young,wga,G,69.4,5240032,2k,2026
Micah Smith,wga,F,70.2,5239886,2k,2026
Nate Jones,wga,G,74.6,5184642,2k,2026
Shelton Williams-Dryden,wga,F,69.5,5240027,2k,2026
Xavier Shegog,wga,F,71.5,5240026,2k,2026
Brian Amuneke,wich,G,78.5,5241241,2k,2026
Dillon Battie,wich,F,77.3,5181250,2k,2026
Dre Kindell,wich,G,72.7,5313656,2k,2026
Emmanuel Okorafor,wich,F,71.5,5125176,2k,2026
Henry Thengvall,wich,F,70.2,5106651,2k,2026
Jaret Valencia,wich,F,69.5,5106701,2k,2026
Joy Ighovodja,wich,G,73.3,5175746,2k,2026
Karon Boyd,wich,F,76.0,5176140,2k,2026
Kenyon Giles,wich,G,75.2,5107508,2k,2026
Michael Gray Jr.,wich,G,74.6,4710354,2k,2026
Noah Hill,wich,F,73.5,5313658,2k,2026
Pierre Couisnard,wich,G,75.9,5313657,2k,2026
TJ Williams,wich,G,69.4,4873115,2k,2026
Tyrus Rathan-Mayes,wich,G,71.3,5254177,2k,2026
Will Berg,wich,C,76.2,5105857,2k,2026
Braylhan Thomas,win,G,70.0,5239884,2k,2026
Cam Christy,win,G,77.2,5119172,2k,2026
Daylen Berry,win,G,78.5,4897458,2k,2026
Ed Nnamoko,win,F,70.8,5107220,2k,2026
Henry Harrison,win,G,74.0,5177682,2k,2026
Isaiah Wilson,win,G,69.4,4700973,2k,2026
Josh Meo,win,G,72.0,5239866,2k,2026
Kaleb Evans,win,G,75.2,5313545,2k,2026
Kareem Rozier,win,G,70.7,5105885,2k,2026
Kody Clouet,win,G,76.5,4906515,2k,2026
Logan Duncomb,win,C,74.9,4682856,2k,2026
Pharrell Boyogueno,win,G,77.8,5240416,2k,2026
Seifeldin Hendawy,win,G,73.3,5239628,2k,2026
Tai Hamilton,win,F,74.1,5176753,2k,2026
Tommy Kamarad,win,F,72.2,5241760,2k,2026
Aleksas Bieliauskas,wis,F,78.0,5312048,2k,2026
Andrew Rohde,wis,G,70.0,5109019,2k,2026
Austin Rapp,wis,F,70.8,5240971,2k,2026
Braeden Carrington,wis,G,76.5,5105820,2k,2026
Elijah Gray,wis,F,74.1,5105894,2k,2026
Hayden Jones,wis,G,72.7,5252600,2k,2026
Isaac Gard,wis,G,75.9,5105863,2k,2026
Jack Janicki,wis,G,73.3,5174807,2k,2026
Jack Robison,wis,F,70.2,5110430,2k,2026
John Blackwell,wis,G,77.8,5103630,2k,2026
Nick Boyd,wis,G,77.2,4702654,2k,2026
Nolan Winter,wis,F,68.9,4895783,2k,2026
Riccardo Greppi,wis,F,73.5,5239655,2k,2026
Will Garlock,wis,F,74.8,5215270,2k,2026
Zach Kinziger,wis,G,72.0,5144103,2k,2026
Antwaun Massey,wiu,F,72.8,5241420,2k,2026
Danny Stephens,wiu,G,70.0,5174298,2k,2026
Francis Okwuosah,wiu,F,72.2,4904792,2k,2026
Goanar Biliew,wiu,F,78.0,5107966,2k,2026
Ifiok Peter,wiu,F,71.5,5243015,2k,2026
Isaiah Griffin,wiu,F,75.4,5176322,2k,2026
Jack Riley,wiu,F,70.2,5314439,2k,2026
Jake Edwards,wiu,G,76.5,5314442,2k,2026
Karyiek Dixon,wiu,F,76.7,5314441,2k,2026
Lucas Lorenzen,wiu,G,74.0,5314440,2k,2026
Makai Kvamme,wiu,G,74.6,5314443,2k,2026
Marcus Pigram,wiu,G,71.3,5176169,2k,2026
Nick Hittle,wiu,F,74.8,4703910,2k,2026
Steven Tipton,wiu,G,69.4,5125137,2k,2026
Tyran Cook,wiu,G,77.8,5176331,2k,2026
Armelo Boone,wku,G,78.5,5313164,2k,2026
Blaise Keita,wku,F,74.8,5105826,2k,2026
Bryant Selebangue,wku,F,70.2,5106643,2k,2026
Cade Stinnett,wku,G,69.4,5242616,2k,2026
Cam Haffner,wku,G,75.9,5107700,2k,2026
Grant Newell,wku,F,72.2,5105587,2k,2026
Jack Edelen,wku,G,77.2,5176778,2k,2026
Kade Unseld,wku,G,68.8,5242615,2k,2026
LJ Hackman,wku,G,76.5,5313163,2k,2026
Lawson Rice,wku,G,71.3,5313165,2k,2026
Leeroy Odiahi,wku,F,71.5,5176572,2k,2026
Louie Semona,wku,F,69.5,5177297,2k,2026
Noah Boyde,wku,F,77.3,5238209,2k,2026
Ryan Myers,wku,G,73.3,4703009,2k,2026
Teagan Moore,wku,G,74.6,5176780,2k,2026
Terrion Murdix,wku,G,74.0,4897301,2k,2026
Cade Haskins,wm,F,75.4,4898189,2k,2026
Chase Lowe,wm,G,72.7,5106734,2k,2026
Colin Ndaw,wm,G,71.3,5242593,2k,2026
Ethan Connery,wm,G,77.8,5312327,2k,2026
Finn Lally,wm,F,72.8,5242597,2k,2026
Jhei-R Jones,wm,G,74.0,5312328,2k,2026
Jo'el Emanuel,wm,F,76.7,5106588,2k,2026
Kaleb Spencer,wm,F,69.5,5312330,2k,2026
Kilian Brockhoff,wm,F,78.0,5176465,2k,2026
Kyle Frazier,wm,G,76.5,5193634,2k,2026
Kyle Pulliam,wm,G,70.7,5242594,2k,2026
Miles Hicks,wm,G,75.2,5106737,2k,2026
Reese Miller,wm,G,72.0,5312326,2k,2026
Ryan Jackson Jr.,wm,G,74.6,5242596,2k,2026
Tunde Vahlberg Fasasi,wm,F,68.9,5174608,2k,2026
Brady Swartz,wmu,G,72.0,5314284,2k,2026
Camden Thompson,wmu,G,71.3,5314287,2k,2026
Carson Vis,wmu,G,70.7,5314285,2k,2026
Declan Peterson,wmu,C,73.6,5314286,2k,2026
EJ Ryans,wmu,G,74.0,5243096,2k,2026
Hudson Ward,wmu,F,69.5,5239603,2k,2026
Jalen Griffith,wmu,G,75.9,5179286,2k,2026
Jayden Brewer,wmu,G,77.8,5106869,2k,2026
Junior Sileu,wmu,F,72.8,5243099,2k,2026
Justice Williams,wmu,G,69.4,4683676,2k,2026
Max Burton,wmu,F,76.7,5107999,2k,2026
Michael Sulaka,wmu,F,72.2,5176248,2k,2026
Nicholas Errica,wmu,G,76.5,5264646,2k,2026
Sharod Barnes,wmu,G,78.5,5314283,2k,2026
Trey Lewis,wmu,G,75.2,5105966,2k,2026
Alessandro Perotti,wof,F,74.1,5314614,2k,2026
Brendan Rigsbee,wof,G,72.7,5121357,2k,2026
Brian Sumpter,wof,F,70.8,5314611,2k,2026
Callum Richard,wof,C,73.0,5175056,2k,2026
Cannon Richards,wof,F,72.8,5243277,2k,2026
Cayden Vasko,wof,G,70.0,5176177,2k,2026
Chace Watley,wof,G,69.4,5314612,2k,2026
Davis Miller,wof,G,75.9,5314617,2k,2026
Grayson Collins,wof,G,78.5,5314616,2k,2026
Jayden Tyler,wof,G,70.7,5314613,2k,2026
Kahmare Holmes,wof,G,77.2,5243278,2k,2026
Luke Flynn,wof,G,77.8,5243276,2k,2026
Maximo Ortega,wof,G,75.2,5314615,2k,2026
Nils Machowski,wof,G,76.5,5175080,2k,2026
Rex Stirling,wof,F,71.5,5314618,2k,2026
Alex Bruskotter,wrst,G,77.8,5241699,2k,2026
Andrea Holden,wrst,F,72.8,5241700,2k,2026
Ayden Davis,wrst,C,74.2,5241701,2k,2026
Bryan Etumnu,wrst,F,73.5,5106602,2k,2026
Dominic Pangonis,wrst,G,72.0,5243109,2k,2026
Isaiah Williams,wrst,G,70.7,5314629,2k,2026
Kellen Pickett,wrst,F,70.8,5314627,2k,2026
Logan Woods,wrst,G,70.0,5106806,2k,2026
Michael Cooper,wrst,G,75.9,5314630,2k,2026
Michael Imariagbe,wrst,F,72.2,4707481,2k,2026
PJ Douglas,wrst,G,74.6,5314628,2k,2026
Sam Alamutu,wrst,G,78.5,4898006,2k,2026
Solomon Callaghan,wrst,G,76.5,5177215,2k,2026
TJ Burch,wrst,G,77.2,5241483,2k,2026
Ace Glass,wsu,G,77.2,5313054,2k,2026
Adria Rodriguez,wsu,G,73.3,5313053,2k,2026
Brunel Madzou,wsu,G,75.9,5313051,2k,2026
Dio Blakely,wsu,G,78.5,5313052,2k,2026
Dominik Robinson,wsu,F,73.5,5313055,2k,2026
Eemeli Yalaho,wsu,F,69.5,5175078,2k,2026
Emmanuel Ugbo,wsu,F,71.5,5195304,2k,2026
Jerone Morton,wsu,G,75.2,5177358,2k,2026
Kase Wynott,wsu,G,70.7,5241074,2k,2026
ND Okafor,wsu,F,74.1,5105588,2k,2026
Parker Gerrits,wsu,G,77.8,5117606,2k,2026
Rihards Vavers,wsu,F,70.8,5177139,2k,2026
Simon Hildebrandt,wsu,F,76.0,5241593,2k,2026
Tomas Thrastarson,wsu,G,72.7,5241071,2k,2026
Abraham Oyeadier,wvu,C,69.7,5240513,2k,2026
Amir Jenkins,wvu,G,73.3,5293246,2k,2026
Brenen Lorient,wvu,F,72.2,5106864,2k,2026
Chance Moore,wvu,G,72.0,4433596,2k,2026
DJ Thomas,wvu,F,69.5,5311938,2k,2026
Evans Barning Jr.,wvu,F,78.0,5311939,2k,2026
Harlan Obioha,wvu,C,70.3,4920142,2k,2026
Honor Huff,wvu,G,74.0,4897365,2k,2026
Jackson Fields,wvu,F,76.0,5106449,2k,2026
Jasper Floyd,wvu,G,75.9,5177104,2k,2026
Jayden Forsythe,wvu,G,75.2,5237433,2k,2026
MJ Feenane,wvu,G,77.2,5311940,2k,2026
Morris Ugusuk,wvu,G,69.4,5174294,2k,2026
Niyol Hauet,wvu,G,74.6,5241321,2k,2026
Treysen Eaglestaff,wvu,F,77.3,5107287,2k,2026
Abou Magassa,wyo,F,74.1,5174639,2k,2026
Adam Harakow,wyo,G,75.9,5187519,2k,2026
Damarion Dennis,wyo,G,77.2,5243127,2k,2026
Garrett Spielman,wyo,G,71.3,5241274,2k,2026
Gavin Gores,wyo,F,76.0,5313754,2k,2026
Jared Harris,wyo,G,75.2,5060710,2k,2026
Khaden Bennett,wyo,G,77.8,5177137,2k,2026
Kiani Saxon,wyo,F,71.5,5313753,2k,2026
Leland Walker,wyo,G,69.4,4712838,2k,2026
Matija Belic,wyo,F,78.0,5107147,2k,2026
Nasir Meyer,wyo,G,74.0,5313752,2k,2026
Neil Summers,wyo,F,70.2,5313757,2k,2026
Simm-Marten Saadi,wyo,F,72.2,5313756,2k,2026
Talan Taylor,wyo,G,70.0,5313755,2k,2026
Uriyah Rojas,wyo,G,73.3,5313751,2k,2026
All Wright,xav,G,66.2,5241430,2k,2026
Anthony Robinson,xav,F,70.2,5143921,2k,2026
Cam'Ron Fletcher,xav,F,76.0,4432182,2k,2026
Filip Borovicanin,xav,F,77.3,5105569,2k,2026
Gabriel Pozzato,xav,F,70.8,5241369,2k,2026
Henry Thole,xav,F,68.9,5240541,2k,2026
Ian Sabourin,xav,F,69.5,5105609,2k,2026
Isaiah Walker,xav,G,68.1,4897261,2k,2026
John Hugley IV,xav,F,74.8,4432897,2k,2026
Jovan Milicevic,xav,F,73.5,5101673,2k,2026
Kason Westphal,xav,C,66.5,5315032,2k,2026
Lassina Traore,xav,F,68.2,4897052,2k,2026
Luke Naser,xav,G,72.7,5241258,2k,2026
Malik Messina-Moore,xav,G,74.6,5105454,2k,2026
Michael Wolf,xav,G,66.8,5105608,2k,2026
Mier Panoam,xav,G,72.0,5175711,2k,2026
Pape N'Diaye,xav,F,72.8,5152658,2k,2026
Roddie Anderson III,xav,G,78.5,5107148,2k,2026
Tre Carroll,xav,F,76.7,4684289,2k,2026
Trey Green,xav,G,75.9,4711258,2k,2026
Alvin Loving,yale,G,74.6,5313387,2k,2026
Casey Simmons,yale,G,72.7,4432692,2k,2026
Courtney Wallace,yale,G,70.0,5313385,2k,2026
Daniel Ogunyemi,yale,F,72.8,5313389,2k,2026
Devon Arlington,yale,G,77.8,5107175,2k,2026
Isaac Celiscar,yale,F,75.4,5241754,2k,2026
Jack Sullivan,yale,F,71.5,5313388,2k,2026
Jacob Tsai,yale,G,70.7,5313386,2k,2026
Jeannot Basima,yale,G,77.2,5177186,2k,2026
Jordan Brathwaite,yale,G,76.5,5241753,2k,2026
Nick Townsend,yale,F,70.8,5107174,2k,2026
Riley Fox,yale,F,74.8,5241755,2k,2026
Samson Aletan,yale,C,77.5,5177187,2k,2026
Trevor Mullin,yale,G,74.0,5177185,2k,2026
Bryson Dawkins,ysu,G,76.5,5107077,2k,2026
Cam Polak,ysu,G,73.3,5314620,2k,2026
Connor Swider,ysu,F,69.5,5314624,2k,2026
Cris Carroll,ysu,F,76.7,5241706,2k,2026
Derrick Anderson,ysu,G,78.5,5314621,2k,2026
Drew King,ysu,G,75.2,5107307,2k,2026
Imanuel Zorgvol,ysu,C,68.4,4898165,2k,2026
Jaiden Haynes,ysu,G,75.9,5314622,2k,2026
Jason Nelson,ysu,G,74.0,4710358,2k,2026
Markus Navarra,ysu,F,74.1,5314623,2k,2026
Rich Rolf,ysu,F,71.5,5106862,2k,2026
Shaheed Solebo,ysu,G,70.7,5241703,2k,2026
Tae Blackshear,ysu,G,77.8,5314625,2k,2026
Tyler Robinett,ysu,F,72.2,4708533,2k,2026
Vlad Salaridze,ysu,F,70.8,5107154,2k,2026
