player_name,team_abbr,position,overall,espn_id,rating_source,rating_year
Andrew Billings,ari,DT,73.0,3051775,madden,2026
Andrew Wingard,ari,S,76.0,3918331,madden,2026
Austin Keys,ari,LB,62.0,4429185,madden,2026
BJ Ojulari,ari,LB,72.0,4429111,madden,2026
Bam Knight,ari,RB,57.6,4427728,madden,2026
Baron Browning,ari,LB,74.0,4241987,madden,2026
Blake Gillikin,ari,P,74.0,4045180,madden,2026
Bryson Green,ari,WR,62.6,4432705,madden,2026
Budda Baker,ari,S,91.0,3127287,madden,2026
Cameron Robertson,ari,LB,55.0,4900789,madden,2026
Carson Beck,ari,QB,74.0,4430841,madden,2026
Casey Kreiter,ari,LS,70.0,17304,madden,2026
Chad Ryland,ari,PK,75.0,4363538,madden,2026
Chase Bisontis,ari,G,71.2,4870596,madden,2026
Christian Jones,ari,OT,67.0,4362103,madden,2026
Cody Simon,ari,LB,70.0,4429071,madden,2026
Corey Kiner,ari,RB,67.0,4431431,madden,2026
Dadrion Taylor-Demerson,ari,S,72.0,4428633,madden,2026
Damonic Williams,ari,DT,55.0,4685582,madden,2026
Dante Stills,ari,DT,71.0,4362225,madden,2026
Darius Robinson,ari,DE,70.0,4569480,madden,2026
Demontrey Jacobs,ari,OT,66.0,4250935,madden,2026
Denzel Burke,ari,CB,71.0,4432668,madden,2026
Devin Duvernay,ari,WR,74.0,4039050,madden,2026
Eku Leota,ari,LB,55.0,4361272,madden,2026
Elijah Culp,ari,CB,55.0,4572261,madden,2026
Elijah Higgins,ari,TE,68.0,4426844,madden,2026
Elijah Jones,ari,CB,71.0,4360203,madden,2026
Elijah Wilkinson,ari,OT,71.0,3059839,madden,2026
Elliott Brown,ari,LB,55.0,4240826,madden,2026
Gardner Minshew II,ari,QB,70.0,4038524,madden,2026
Garrett Williams,ari,CB,78.0,4568506,madden,2026
Harrison Wallace III,ari,WR,55.0,4699354,madden,2026
Hayden Conner,ari,G,65.0,4431214,madden,2026
Hjalte Froholdt,ari,C,84.0,3886633,madden,2026
Ihmir Smith-Marsette,ari,WR,55.0,4240573,madden,2026
Isaac Seumalo,ari,G,81.0,2978247,madden,2026
Isaiah Adams,ari,G,70.0,5084939,madden,2026
Isaiah Oliver,ari,S,72.0,3915437,madden,2026
Jack Gibbens,ari,LB,72.0,4249739,madden,2026
Jacoby Brissett,ari,QB,75.0,2578570,madden,2026
Jaden Davis,ari,CB,55.0,4426435,madden,2026
Jalen Brooks,ari,WR,67.0,4692835,madden,2026
James Conner,ari,RB,85.0,3045147,madden,2026
Jameson Geers,ari,TE,62.3,4588298,madden,2026
Jayden Williams,ari,OT,69.0,4709718,madden,2026
Jeremiyah Love,ari,RB,88.0,4870808,madden,2026
Joey Blount,ari,S,64.0,4240824,madden,2026
Jon Gaines II,ari,G,66.0,4367199,madden,2026
Jonah Williams,ari,DE,69.0,4032481,madden,2026
Jordan Burch,ari,LB,73.0,4428996,madden,2026
Josh Fryar,ari,OT,63.0,4429782,madden,2026
Josh Sweat,ari,LB,85.0,3693166,madden,2026
Ka'ena De Cambra,ari,G,67.3,4875802,madden,2026
Kaleb Proctor,ari,DT,55.0,5084514,madden,2026
Kalen King,ari,CB,65.0,4431433,madden,2026
Karson Sharar,ari,LB,55.0,4709695,madden,2026
Kedon Slovis,ari,QB,57.0,4428512,madden,2026
Kei'Trel Clark,ari,CB,74.0,4426923,madden,2026
Kendrick Bourne,ari,WR,77.0,3045523,madden,2026
Kenny Yeboah,ari,TE,64.0,4044144,madden,2026
Kitan Crawford,ari,S,66.0,4430821,madden,2026
Kyler Murray,ari,QB,86,,madden,2026
L.J. Collier,ari,DE,68.0,3116449,madden,2026
Mack Wilson Sr.,ari,LB,79.0,4040983,madden,2026
Marvin Harrison Jr.,ari,WR,88.0,4432708,madden,2026
Matt Pryor,ari,OT,70.0,3055886,madden,2026
Max Melton,ari,CB,74.0,4698113,madden,2026
Michael Wilson,ari,WR,81.0,4360761,madden,2026
Olisaemeka Udoh,ari,OT,67.0,3120502,madden,2026
Owen Pappoe,ari,LB,67.0,4567219,madden,2026
PJ Mustipher,ari,DT,65.0,4361421,madden,2026
Paris Johnson Jr.,ari,OT,85.0,4428991,madden,2026
Reggie Virgil,ari,WR,55.0,4869132,madden,2026
Rivaldo Fairweather,ari,TE,65.5,4605858,madden,2026
Roy Lopez,ari,DT,72.0,4040805,madden,2026
Sean Murphy-Bunting,ari,CB,78.0,3932886,madden,2026
Simi Fehoko,ari,WR,67.0,4360739,madden,2026
Starling Thomas V,ari,CB,73.0,4363408,madden,2026
Teagan Quitoriano,ari,TE,63.0,4374045,madden,2026
Tejhaun Palmer,ari,WR,55.5,4875912,madden,2026
Tip Reiman,ari,TE,65.0,4696700,madden,2026
Trey Benson,ari,RB,77.0,4429275,madden,2026
Trey McBride,ari,TE,97.0,4361307,madden,2026
Tyler Allgeier,ari,RB,80.0,4373626,madden,2026
Valentin Senn,ari,OT,55.0,4428458,madden,2026
Walter Nolen III,ari,DT,78.0,4685503,madden,2026
Will Johnson,ari,CB,77.0,4685408,madden,2026
Wydett Williams Jr.,ari,S,90.0,5099542,madden,2026
Xavier Weaver,ari,WR,66.0,4428811,madden,2026
Zachary Carter,ari,DT,55.0,4240619,madden,2026
Zaven Collins,ari,LB,76.0,4244606,madden,2026
A.J. Terrell Jr.,atl,CB,88.0,4239995,madden,2026
A.J. Woods,atl,CB,55.0,4428932,madden,2026
Andrew Stueber,atl,G,63.0,4258207,madden,2026
Anterio Thompson,atl,DT,55.0,5150660,madden,2026
Austin Hooper,atl,TE,74.0,3043275,madden,2026
Avieon Terrell,atl,CB,55.0,4870988,madden,2026
Azeez Ojulari,atl,LB,73.0,4379409,madden,2026
Bijan Robinson,atl,RB,91.0,4430807,madden,2026
Billy Bowman Jr.,atl,S,73.0,4431194,madden,2026
Bralen Trice,atl,LB,71.0,4428713,madden,2026
Brandon Dorlus,atl,DT,73.0,4427090,madden,2026
Brandon Walton,atl,OT,55.0,4040778,madden,2026
Brian Robinson Jr.,atl,RB,78.0,4241474,madden,2026
C.J. Henderson,atl,CB,70.0,4240596,madden,2026
Cameron Thomas,atl,DE,70.0,4361510,madden,2026
Carlos Allen Jr.,atl,DT,55.0,4696117,madden,2026
Cash Jones,atl,RB,95.0,4881826,madden,2026
Channing Tindall,atl,LB,68.0,4379414,madden,2026
Charlie Woerner,atl,TE,65.0,4035020,madden,2026
Chris Blair,atl,WR,73.7,4369886,madden,2026
Chris Lindstrom,atl,G,93.0,3672833,madden,2026
Chris Williams,atl,DT,64.0,4034530,madden,2026
Christian Harris,atl,LB,72.0,4567099,madden,2026
Clark Phillips III,atl,CB,75.0,4429067,madden,2026
Cobee Bryant,atl,CB,65.0,4429324,madden,2026
Corey Levin,atl,G,64.0,2973637,madden,2026
Da'Shawn Hand,atl,DT,74.0,3126352,madden,2026
Darnay Holmes,atl,CB,72.0,4242973,madden,2026
Darren Hall,atl,CB,66.0,4261606,madden,2026
Daveren Rayner,atl,LB,55.0,4430670,madden,2026
DeAngelo Malone,atl,LB,62.0,4243457,madden,2026
DeMarcco Hellams,atl,S,69.0,4567111,madden,2026
Devonnsha Maxwell,atl,DT,55.0,4247287,madden,2026
Divine Deablo,atl,LB,81.0,4037626,madden,2026
Drake London,atl,WR,87.0,4426502,madden,2026
Dylan Drummond,atl,WR,66.0,4363551,madden,2026
Ethan Onianwa,atl,OT,57.4,4683194,madden,2026
Harold Perkins Jr.,atl,LB,55.0,4685502,madden,2026
JD Bertrand,atl,LB,69.0,4428872,madden,2026
Jack Nelson,atl,OT,63.0,4693369,madden,2026
Jack Strand,atl,QB,55.2,5344782,madden,2026
Jack Velling,atl,TE,55.0,4832827,madden,2026
Jahan Dotson,atl,WR,74.0,4361409,madden,2026
Jake Bailey,atl,P,78.0,3931395,madden,2026
Jake Matthews,atl,OT,89.0,16713,madden,2026
Jalon Walker,atl,LB,79.0,4685597,madden,2026
James Brockermeyer,atl,C,70.9,4567783,madden,2026
James Pearce Jr.,atl,LB,79.0,5081394,madden,2026
Jammie Robinson,atl,S,68.0,4430411,madden,2026
Jawaan Taylor,atl,OT,75.0,4034961,madden,2026
Jessie Bates III,atl,S,89.0,3919512,madden,2026
Joshua Simon,atl,TE,55.0,4430482,madden,2026
Juice Wells Jr.,atl,WR,79.0,4696062,madden,2026
Kam Dewberry,atl,G,69.9,4685332,madden,2026
Keelan Marion,atl,WR,62.6,4604004,madden,2026
Kendal Daniels,atl,LB,55.0,4595343,madden,2026
Keshawn Banks,atl,DE,55.0,4361508,madden,2026
Kirk Cousins,atl,QB,87,,madden,2026
Kyle Hinton,atl,G,63.0,4682831,madden,2026
Kyle Pitts Sr.,atl,TE,80.0,4360248,madden,2026
LaCale London,atl,DE,69.0,4376288,madden,2026
Layden Robinson,atl,G,56.3,4428368,madden,2026
Le'Meke Brockington,atl,WR,71.7,4596010,madden,2026
Liam McCullough,atl,LS,64.0,3915528,madden,2026
Maason Smith,atl,DT,69.0,4431567,madden,2026
Malcolm DeWalt IV,atl,CB,55.0,5225251,madden,2026
Malik Verdon,atl,S,55.0,4684636,madden,2026
Matthew Bergeron,atl,G,76.0,4568510,madden,2026
Matthew Hayball,atl,P,55.0,4571597,madden,2026
Michael Jerrell,atl,OT,65.0,5209093,madden,2026
Michael Penix Jr.,atl,QB,72.0,4360423,madden,2026
Mike Ford Jr.,atl,CB,73.0,3050916,madden,2026
Mike Hughes,atl,CB,76.0,3895841,madden,2026
Nathan Carter,atl,RB,67.0,4605841,madden,2026
Natrone Brooks,atl,CB,63.0,4689989,madden,2026
Nick Folk,atl,PK,88.0,10621,madden,2026
Olamide Zaccheaus,atl,WR,73.0,3917914,madden,2026
Philip Florenzo,atl,LS,55.0,4890180,madden,2026
Riley Mahlman,atl,OT,61.3,4431448,madden,2026
Ross Blacklock,atl,DT,55.0,4038557,madden,2026
Ryan Neuzil,atl,C,80.0,4036444,madden,2026
Samson Ebukam,atl,DE,76.0,3045527,madden,2026
Storm Norton,atl,OT,63.0,2973014,madden,2026
Sydney Brown,atl,S,72.0,4360386,madden,2026
Trevor Siemian,atl,QB,56.5,2511109,madden,2026
Troy Andersen,atl,LB,71.0,4247807,madden,2026
Tua Tagovailoa,atl,QB,74.0,4241479,madden,2026
Tyler Goodson,atl,RB,68.0,4429676,madden,2026
Vinny Anthony II,atl,WR,75.0,4869816,madden,2026
Wanya Morris,atl,OT,69.0,4570577,madden,2026
Xavier Watts,atl,S,79.0,4431005,madden,2026
Zach Harrison,atl,DE,73.0,4426412,madden,2026
Zachariah Branch,atl,WR,73.0,4870612,madden,2026
Aaron Graves,bal,DT,55.0,4685355,madden,2026
Adam Randall,bal,RB,58.7,4685526,madden,2026
Adisa Isaac,bal,LB,72.0,4426372,madden,2026
Aeneas Peebles,bal,DT,67.0,4565311,madden,2026
Amani Oruwariye,bal,CB,55.0,3116175,madden,2026
Andrew Vorhees,bal,G,71.0,4243220,madden,2026
Bilhal Kone,bal,CB,69.0,5083656,madden,2026
Broderick Washington Jr.,bal,DT,71.0,3915837,madden,2026
CJ Okoye,bal,DT,63.0,5144942,madden,2026
Calais Campbell,bal,DE,82.0,11284,madden,2026
Carl Jones,bal,LB,64.0,4569428,madden,2026
Carson Vinson,bal,OT,67.0,4769895,madden,2026
Chandler Rivers,bal,CB,55.0,4702918,madden,2026
Chidobe Awuzie,bal,CB,83.0,3052101,madden,2026
Corey Bullock,bal,C,60.0,4576075,madden,2026
Cornelius Johnson,bal,WR,65.7,4426479,madden,2026
Cortez Braham Jr.,bal,WR,74.8,5081997,madden,2026
Danny Pinter,bal,C,66.0,3915470,madden,2026
David Olajiga,bal,DT,55.0,5211114,madden,2026
Dayton Wade,bal,WR,55.0,4428763,madden,2026
Derrick Henry,bal,RB,88.0,3043078,madden,2026
Devontez Walker,bal,WR,71.0,4696882,madden,2026
Diego Pavia,bal,QB,63.4,5084180,madden,2026
Diego Pounds,bal,OT,57.8,4602984,madden,2026
Dion Wilson Jr.,bal,DT,55.0,4697761,madden,2026
Dominic DeLuca,bal,LB,55.0,4875379,madden,2026
Dontae McMillan,bal,RB,62.6,4427971,madden,2026
Durham Smythe,bal,TE,71.0,3052897,madden,2026
Elijah Sarratt,bal,WR,57.9,5088338,madden,2026
Elijah Tau-Tolliver,bal,RB,55.0,4876311,madden,2026
Emery Jones Jr.,bal,OT,71.0,4685736,madden,2026
Ethan Burke,bal,LB,55.0,4908867,madden,2026
Evan Beerntsen,bal,G,74.9,4572675,madden,2026
Gerad Lichtenhan,bal,OT,61.7,4686768,madden,2026
Ja'Kobi Lane,bal,WR,64.4,4870847,madden,2026
Jahquez Robinson,bal,S,55.0,4433887,madden,2026
Jared Penning,bal,G,61.3,4428225,madden,2026
Jay Higgins IV,bal,LB,61.0,4565350,madden,2026
Jaylinn Hawkins,bal,S,78.0,3858276,madden,2026
Joe Fagnano,bal,QB,73.2,4429582,madden,2026
John Jenkins,bal,DT,75.0,15846,madden,2026
John Simpson,bal,G,80.0,4035479,madden,2026
Josh Cuevas,bal,TE,72.5,4876132,madden,2026
Jovaughn Gwyn,bal,G,64.0,4362845,madden,2026
Justice Hill,bal,RB,77.0,4038441,madden,2026
K'Von Wallace,bal,CB,72.0,4035463,madden,2026
Kaimon Rucker,bal,LB,55.0,4433904,madden,2026
Keondre Jackson,bal,S,60.0,4878287,madden,2026
Keyon Martin,bal,CB,65.0,4694334,madden,2026
Kyle Hamilton,bal,S,93.0,4575517,madden,2026
LaJohntay Wester,bal,WR,70.0,4690143,madden,2026
Lamar Jackson,bal,QB,96.0,3916387,madden,2026
Lardarius Webb Jr.,bal,CB,55.0,5151144,madden,2026
Lucas Scott,bal,FB,55.2,4879972,madden,2026
Luke Elzinga,bal,P,55.0,4427146,madden,2026
Malaki Starks,bal,S,78.0,4685530,madden,2026
Mark Andrews,bal,TE,90.0,3116365,madden,2026
Marlon Humphrey,bal,CB,87.0,3126356,madden,2026
Marquise Robinson,bal,CB,55.0,5082541,madden,2026
Matthew Hibner,bal,TE,67.9,4432260,madden,2026
Matthew McDoom,bal,CB,55.0,4685443,madden,2026
Mike Green,bal,LB,75.0,4683188,madden,2026
Nate Wiggins,bal,CB,83.0,4601278,madden,2026
Nick Dawkins,bal,C,71.3,4431060,madden,2026
Nick Moore,bal,LS,70.0,3915184,madden,2026
Nnamdi Madubuike,bal,DT,55.0,4035245,madden,2026
Octavian Smith Jr.,bal,WR,55.9,4869520,madden,2026
Olaivavega Ioane,bal,G,66.5,4832793,madden,2026
Rasheen Ali,bal,RB,69.0,4690013,madden,2026
Rashod Bateman,bal,WR,77.0,4360939,madden,2026
Rayshaun Benny,bal,DT,55.0,4432661,madden,2026
Reid Williford,bal,LB,55.0,4880362,madden,2026
Robert Longerbeam,bal,CB,69.0,4575860,madden,2026
Roger Rosengarten,bal,OT,78.0,4430876,madden,2026
Ronnie Stanley,bal,OT,86.0,2980153,madden,2026
Roquan Smith,bal,LB,95.0,3915189,madden,2026
Ryan Eckley,bal,P,55.0,5084956,madden,2026
Silas Walters,bal,S,55.0,4880219,madden,2026
Skylar Thompson,bal,QB,64.0,4036419,madden,2026
T.J. Tampa,bal,CB,70.0,4575483,madden,2026
Tavius Robinson,bal,LB,74.0,4690179,madden,2026
Teddye Buchanan,bal,LB,75.0,4698244,madden,2026
Travis Jones,bal,DT,79.0,4362139,madden,2026
Trenton Simpson,bal,LB,78.0,4430831,madden,2026
Trey Hendrickson,bal,LB,90.0,3052743,madden,2026
Ty Pezza,bal,TE,60.1,5084402,madden,2026
Tyler Huntley,bal,QB,68.0,4035671,madden,2026
Tyler Loop,bal,PK,78.0,4697745,madden,2026
Xavier Guillory,bal,WR,70.9,4695910,madden,2026
Zay Flowers,bal,WR,85.0,4429615,madden,2026
Zion Young,bal,DE,55.0,4839501,madden,2026
Alec Anderson,buf,OT,66.0,4367203,madden,2026
Andre Jones Jr.,buf,DE,55.0,4249214,madden,2026
Ar'maj Reed-Adams,buf,G,55.0,4606712,madden,2026
Austin Corbett,buf,C,76.0,3056608,madden,2026
Ben VanSumeren,buf,FB,64.0,4372070,madden,2026
Bradley Chubb,buf,LB,78.0,3116733,madden,2026
Bruno Fina,buf,OT,62.8,4570706,madden,2026
C.J. Gardner-Johnson,buf,S,75.0,4034953,madden,2026
Cade Denhoff,buf,DE,55.0,4567943,madden,2026
Chase Lundt,buf,OT,65.0,4427843,madden,2026
Christian Benford,buf,CB,83.0,4379778,madden,2026
Cole Bishop,buf,S,80.0,4676004,madden,2026
Connor McGovern,buf,C,81.0,4033748,madden,2026
DJ Moore,buf,WR,85.0,3915416,madden,2026
Da'Metrius Weatherspoon,buf,OT,55.0,4878824,madden,2026
Dalton Kincaid,buf,TE,81.0,4385690,madden,2026
Damar Hamlin,buf,S,73.0,4036060,madden,2026
Davison Igbinosun,buf,CB,55.0,4832035,madden,2026
Dawson Knox,buf,TE,76.0,3930086,madden,2026
DeWayne Carter,buf,DT,70.0,4426883,madden,2026
Dee Alford,buf,CB,73.0,4401823,madden,2026
Demetrius Flannigan-Fowles,buf,LB,62.0,3931424,madden,2026
Deone Walker,buf,DT,72.0,4831989,madden,2026
Deven Thompkins,buf,WR,65.0,4374187,madden,2026
Dion Dawkins,buf,OT,88.0,3051324,madden,2026
Dorian Strong,buf,CB,55.0,4568703,madden,2026
Dorian Williams,buf,LB,74.0,4568624,madden,2026
Ed Oliver,buf,DT,82.0,4039303,madden,2026
Frank Gore Jr.,buf,RB,63.7,4429805,madden,2026
Geno Stone,buf,S,79.0,4240575,madden,2026
Greg Rousseau,buf,LB,88.0,4362506,madden,2026
Ian Wheeler,buf,RB,55.0,4579554,madden,2026
Ja'Mori Maclin,buf,WR,57.7,4430270,madden,2026
Jackson Acker,buf,FB,73.9,4431152,madden,2026
Jackson Hawes,buf,TE,68.0,4573699,madden,2026
Jalen Virgil,buf,WR,55.0,4036448,madden,2026
Jalon Kilgore,buf,S,55.0,5076951,madden,2026
James Cook III,buf,RB,86.0,4379399,madden,2026
Javon Solomon,buf,LB,69.0,4428548,madden,2026
Jimmy Ciarlo,buf,LB,64.0,4689804,madden,2026
Joe Andreessen,buf,LB,69.0,4366349,madden,2026
Jordan Dunbar,buf,CB,55.0,4576144,madden,2026
Jordan Hancock,buf,CB,70.0,4596480,madden,2026
Josh Allen,buf,QB,97.0,3918298,madden,2026
Joshua Palmer,buf,WR,76.0,4242433,madden,2026
Jude Bowry,buf,OT,70.6,4869533,madden,2026
Kaleb Elarms-Orr,buf,LB,55.0,4594321,madden,2026
Kani Walker,buf,CB,55.0,4682749,madden,2026
Keleki Latu,buf,TE,62.0,4688552,madden,2026
Keon Coleman,buf,WR,75.0,4635008,madden,2026
Keonta Jenkins,buf,LB,55.0,4577066,madden,2026
Khalil Shakir,buf,WR,82.0,4373678,madden,2026
Kody Huisman,buf,DT,55.0,4879270,madden,2026
Kyle Allen,buf,QB,60.0,3115293,madden,2026
Landon Jackson,buf,DE,73.0,4432715,madden,2026
Lloyd Cushenberry III,buf,C,75.0,4035448,madden,2026
Mac Dalena,buf,WR,66.8,4431053,madden,2026
Max Tomczak,buf,WR,55.0,4878956,madden,2026
Maxwell Hairston,buf,CB,78.0,4688931,madden,2026
Mecole Hardman Jr.,buf,WR,73.0,4035004,madden,2026
Micah Hyde,buf,S,84,,madden,2026
Michael Hoecht,buf,DE,75.0,4033234,madden,2026
Mike Danna,buf,DE,77.0,3915487,madden,2026
Mitch Wishnowsky,buf,P,76.0,4035685,madden,2026
Nick Broeker,buf,G,71.5,4426498,madden,2026
O'Cyrus Torrence,buf,G,75.0,4428696,madden,2026
Phidarian Mathis,buf,DT,69.0,4241468,madden,2026
Ray Davis,buf,RB,75.0,4429501,madden,2026
Reid Ferguson,buf,LS,71.0,2976549,madden,2026
Sam Franklin Jr.,buf,S,69.0,4044133,madden,2026
Sedrick Van Pran-Granger,buf,C,66.0,4430815,madden,2026
Shane Buechele,buf,QB,52.0,4039034,madden,2026
Shane Zylstra,buf,TE,66.0,4608362,madden,2026
Skyler Bell,buf,WR,73.3,4683153,madden,2026
Spencer Brown,buf,OT,85.0,4030899,madden,2026
Stefon Diggs,buf,WR,93,,madden,2026
Stephen Gosnell,buf,WR,63.5,4432215,madden,2026
T.J. Sanders,buf,DT,73.0,4684527,madden,2026
TJ Parker,buf,LB,55.0,4870886,madden,2026
Te'Cory Couch,buf,CB,55.0,4427348,madden,2026
Terrel Bernard,buf,LB,83.0,4259166,madden,2026
Theron Gaines,buf,LB,55.0,5084058,madden,2026
Tommy Akingbesote,buf,DT,55.0,4683450,madden,2026
Tommy Doman Jr.,buf,P,55.0,4682758,madden,2026
Toriano Pride Jr.,buf,CB,55.0,4698598,madden,2026
Travis Clayton,buf,OT,68.0,5209587,madden,2026
Trent Sherfield,buf,WR,72.0,3122168,madden,2026
Ty Johnson,buf,RB,74.0,3915411,madden,2026
Tylan Grable,buf,OT,63.0,4368828,madden,2026
Tyler Bass,buf,PK,74.0,3917232,madden,2026
Tyrell Shavers,buf,WR,69.0,4241476,madden,2026
Von Miller,buf,LB,88,,madden,2026
Wande Owens,buf,S,55.0,4573684,madden,2026
Zane Durant,buf,DT,55.0,4685347,madden,2026
Zion Logue,buf,DT,55.0,4427826,madden,2026
AJ Dillon,car,RB,75.0,4239934,madden,2026
Aaron Hall,car,DT,55.0,4602967,madden,2026
Ainias Smith,car,WR,55.0,4428532,madden,2026
Akayleb Evans,car,CB,71.0,4244607,madden,2026
Albert Reese IV,car,OT,55.0,4683506,madden,2026
Anthony Tyus III,car,RB,55.0,4709392,madden,2026
Bam Martin-Scott,car,LB,63.0,4880613,madden,2026
Bobby Brown III,car,DT,74.0,4372518,madden,2026
Brian Burns,car,DE,90,,madden,2026
Bryce Young,car,QB,80.0,4685720,madden,2026
Brycen Tremayne,car,WR,68.0,4360763,madden,2026
Cam Jackson,car,DT,70.0,4687513,madden,2026
Cam Miller,car,CB,55.0,4702576,madden,2026
Chandler Zavala,car,G,64.0,4710661,madden,2026
Chau Smith-Wade,car,CB,73.0,4697636,madden,2026
Chris Brazzell II,car,WR,74.9,5091739,madden,2026
Chuba Hubbard,car,RB,82.0,4241416,madden,2026
Claudin Cherelus,car,LB,69.0,4256224,madden,2026
Corey Thornton,car,CB,65.0,4431426,madden,2026
Damien Lewis,car,G,85.0,4362647,madden,2026
Dan Chisena,car,WR,72.3,3929637,madden,2026
David Moore,car,WR,71.0,4212909,madden,2026
DeVonta Smith,car,CB,89.0,4594449,madden,2026
Demani Richardson,car,S,65.0,4426926,madden,2026
Derrick Brown,car,DT,96.0,4035495,madden,2026
Devin Lloyd,car,LB,86.0,4243256,madden,2026
Diontae Johnson,car,WR,85,,madden,2026
Feleipe Franks,car,TE,54.0,4034948,madden,2026
Haynes King,car,QB,61.6,4428993,madden,2026
Ikem Ekwonu,car,OT,80.0,4427132,madden,2026
Isaia Glass,car,OT,63.2,4686358,madden,2026
Isaiah Simmons,car,S,74.0,4035462,madden,2026
Isaiah Smith,car,LB,55.0,4816330,madden,2026
JJ Jansen,car,LS,78.0,11759,madden,2026
Ja'Tavion Sanders,car,TE,70.0,4431588,madden,2026
Ja'Tyre Carter,car,G,73.1,4369950,madden,2026
Ja'seem Reed,car,WR,55.0,4876995,madden,2026
Jackson Kuwatch,car,LB,55.0,4875592,madden,2026
Jaelan Phillips,car,LB,81.0,4242975,madden,2026
Jalen Coker,car,WR,75.0,4695883,madden,2026
James Mitchell,car,TE,65.0,4361988,madden,2026
Jared Bartlett,car,LB,55.0,4426646,madden,2026
Jared Harrison-Hunte,car,DE,64.0,4427401,madden,2026
Jaycee Horn,car,CB,89.0,4362847,madden,2026
Jaylon Guilbeau,car,CB,55.0,4685375,madden,2026
Jimmy Horn Jr.,car,WR,67.0,4708486,madden,2026
John Metchie III,car,WR,73.0,4567096,madden,2026
Jonathon Brooks,car,RB,76.0,4678008,madden,2026
Joshua Gray,car,G,64.0,4570485,madden,2026
Kenny Pickett,car,QB,66.0,4240703,madden,2026
Kobe Prentice,car,WR,55.0,4869965,madden,2026
LaBryan Ray,car,DE,67.0,4241473,madden,2026
Lathan Ransom,car,S,70.0,4429110,madden,2026
Lee Hunter,car,DT,55.0,4431551,madden,2026
Luke Fortner,car,C,71.0,4035048,madden,2026
Maema Njongmeta,car,LB,62.0,4428125,madden,2026
Malick Meiga,car,WR,58.0,4570636,madden,2026
Mapalo Mwansa,car,LB,55.0,5279357,madden,2026
Michael Reid,car,CB,55.0,4775268,madden,2026
Mike Jackson,car,CB,79.0,3917853,madden,2026
Miles Davis,car,RB,70.5,4613105,madden,2026
Mitchell Evans,car,TE,69.0,4683243,madden,2026
Monroe Freeling,car,OT,63.8,4870694,madden,2026
Nic Scourton,car,LB,75.0,4833355,madden,2026
Nick Hampton,car,LB,69.0,4360773,madden,2026
Nick Samac,car,C,62.0,4428421,madden,2026
Nick Scott,car,S,75.0,3116179,madden,2026
Parker Petersen,car,DT,55.0,4875848,madden,2026
Patrick Jones II,car,LB,72.0,4036063,madden,2026
Princely Umanmielen,car,LB,72.0,4429166,madden,2026
Rasheed Walker,car,OT,79.0,4361429,madden,2026
Robert Hunt,car,G,81.0,3917592,madden,2026
Robert Rochell,car,CB,69.0,4032200,madden,2026
Ryan Fitzgerald,car,PK,76.0,4568263,madden,2026
Saahdiq Charles,car,G,72.5,4242230,madden,2026
Sam Hecht,car,C,61.7,4874515,madden,2026
Sam Martin,car,P,74.0,15928,madden,2026
Stone Forsythe,car,OT,64.0,4034962,madden,2026
Taylor Moton,car,OT,84.0,2973051,madden,2026
Tershawn Wharton,car,DT,74.0,4058925,madden,2026
Tetairoa McMillan,car,WR,83.0,4685472,madden,2026
Thomas Incoom,car,LB,66.0,4714157,madden,2026
Tommy Tremble,car,TE,72.0,4372780,madden,2026
Tre'von Moehrig,car,S,81.0,4362487,madden,2026
Trevin Wallace,car,LB,74.0,4683815,madden,2026
Trevis Gipson,car,LB,71.0,3917016,madden,2026
Trevor Etienne,car,RB,71.0,4685350,madden,2026
Tyrek Funderburk,car,CB,55.0,4367330,madden,2026
Tywone Malone Jr.,car,DT,55.0,4432729,madden,2026
Will Grier,car,QB,64.9,3115252,madden,2026
Will Lee III,car,CB,55.0,5151083,madden,2026
Xavier Legette,car,WR,74.0,4430034,madden,2026
Zakee Wheatley,car,S,55.0,4566384,madden,2026
Anthony Johnson Jr.,chi,S,55.0,4361748,madden,2026
Austin Booker,chi,DE,73.0,4683553,madden,2026
Beau Gardner,chi,LS,55.0,4696723,madden,2026
Braxton Jones,chi,OT,73.0,4251007,madden,2026
Brittain Brown,chi,RB,61.0,4036032,madden,2026
Caden Barnett,chi,G,73.0,4709983,madden,2026
Cairo Santos,chi,PK,78.0,17427,madden,2026
Caleb Williams,chi,QB,85.0,4431611,madden,2026
Cam Lewis,chi,CB,74.0,3916577,madden,2026
Case Keenum,chi,QB,63.0,15168,madden,2026
Coby Bryant,chi,S,76.0,4239094,madden,2026
Cole Kmet,chi,TE,78.0,4258595,madden,2026
Coleman Bennett,chi,RB,71.7,4694074,madden,2026
Colston Loveland,chi,TE,84.0,4723086,madden,2026
D'Andre Swift,chi,RB,85.0,4259545,madden,2026
D'Marco Jackson,chi,LB,71.0,4241007,madden,2026
Dallis Flowers,chi,CB,55.0,4917592,madden,2026
Daniel Hardy,chi,DE,68.0,4365629,madden,2026
Darnell Wright,chi,OT,87.0,4426358,madden,2026
Dayo Odeyingbo,chi,DE,73.0,4242659,madden,2026
Devin Bush,chi,LB,86.0,4036261,madden,2026
Dillon Thieneman,chi,S,55.0,4954445,madden,2026
Dontae Manning,chi,CB,55.0,4430805,madden,2026
Elijah Hicks,chi,S,68.0,4242402,madden,2026
Garrett Bradbury,chi,C,76.0,3116729,madden,2026
Gervarrius Owens,chi,S,55.0,4567482,madden,2026
Gervon Dexter Sr.,chi,DT,79.0,4429014,madden,2026
Grady Jarrett,chi,DE,81.0,2576492,madden,2026
Hayden Large,chi,TE,59.5,5150662,madden,2026
JP Richardson,chi,WR,55.0,4685183,madden,2026
Jack Sanborn,chi,LB,71.0,4372576,madden,2026
Jahdae Walker,chi,WR,69.0,5160110,madden,2026
James Lynch,chi,DT,68.0,4259181,madden,2026
Jamree Kromah,chi,DE,55.0,4372463,madden,2026
Jaren Kump,chi,C,59.7,4608746,madden,2026
Jayden Loving,chi,DT,55.0,4877376,madden,2026
Jaylon Johnson,chi,CB,90.0,4243253,madden,2026
Jaylon Jones,chi,CB,70.0,4047655,madden,2026
Jedrick Wills Jr.,chi,OT,55.0,4241482,madden,2026
Jeremiah Martin,chi,DE,55.0,4372523,madden,2026
Joe Thuney,chi,G,96.0,2577773,madden,2026
Jon Rhattigan,chi,LB,63.0,4258485,madden,2026
Jonah Jackson,chi,G,78.0,3930040,madden,2026
Jonathan Garvin,chi,DE,55.0,4240655,madden,2026
Jordan McFadden,chi,G,66.0,4360319,madden,2026
Jordan van den Berg,chi,DT,55.0,4875381,madden,2026
Josh Blackwell,chi,CB,65.0,4240459,madden,2026
KC Eziomume,chi,CB,55.0,4769880,madden,2026
Kaden Davis,chi,WR,69.0,5065495,madden,2026
Kalif Raymond,chi,WR,75.0,2973405,madden,2026
Kentavius Street,chi,DT,71.0,3116726,madden,2026
Keyshaun Elliott,chi,LB,55.0,4911952,madden,2026
Kiran Amegadjie,chi,OT,69.0,4883090,madden,2026
Kyle Hergel,chi,G,67.8,4384683,madden,2026
Kyle Monangai,chi,RB,78.0,4608686,madden,2026
Kyler Gordon,chi,CB,82.0,4361093,madden,2026
Kyron Hudson,chi,WR,67.7,4432784,madden,2026
Logan Jones,chi,C,62.9,4686907,madden,2026
Luke Elkin,chi,LS,55.0,4873482,madden,2026
Luke Newman,chi,OT,66.0,4695895,madden,2026
Luther Burden III,chi,WR,79.0,4685278,madden,2026
Malik Muhammad,chi,CB,55.0,4870953,madden,2026
Mason Murphy,chi,OT,55.0,4682479,madden,2026
Maurice Alexander,chi,WR,75.5,3914307,madden,2026
Miller Moss,chi,QB,58.3,4431580,madden,2026
Montez Sweat,chi,DE,82.0,3134690,madden,2026
Nephi Sewell,chi,LB,68.0,4241611,madden,2026
Neville Gallimore,chi,DT,72.0,3892883,madden,2026
Nikola Kalinic,chi,TE,62.8,4916349,madden,2026
Noah Sewell,chi,LB,68.0,4430822,madden,2026
Omari Kelly,chi,WR,62.5,4701951,madden,2026
Ozzy Trapilo,chi,OT,73.0,4432595,madden,2026
Qadir Ismail,chi,TE,66.0,4379769,madden,2026
Rome Odunze,chi,WR,82.0,4431299,madden,2026
Roschon Johnson,chi,RB,71.0,4426386,madden,2026
Ruben Hyppolite II,chi,LB,67.0,4429970,madden,2026
Salvon Ahmed,chi,RB,69.0,4243315,madden,2026
Sam Roush,chi,TE,55.0,4685504,madden,2026
Scotty Miller,chi,WR,70.0,3914397,madden,2026
Shemar Turner,chi,DT,72.0,4432804,madden,2026
Skyler Thomas,chi,S,55.0,4879561,madden,2026
Stephen Carlson,chi,TE,68.6,3948283,madden,2026
T.J. Edwards,chi,LB,81.0,3121544,madden,2026
Terell Smith,chi,CB,69.0,4360935,madden,2026
Theo Benedet,chi,OT,67.0,5125873,madden,2026
Tony Fields II,chi,LB,55.0,4245655,madden,2026
Tory Taylor,chi,P,75.0,4686889,madden,2026
Tyrique Stevenson,chi,CB,76.0,4426374,madden,2026
Tyson Bagent,chi,QB,59.0,4434153,madden,2026
Wayne Matthews III,chi,LB,55.0,4684963,madden,2026
Zavion Thomas,chi,WR,55.0,4869748,madden,2026
Amarius Mims,cin,OT,76.0,4431571,madden,2026
Andrei Iosivas,cin,WR,73.0,4368003,madden,2026
Andrew Coker,cin,OT,65.6,4429430,madden,2026
Antwaun Powell-Ryland,cin,LB,55.0,4429009,madden,2026
B.J. Hill,cin,DT,76.0,3116748,madden,2026
Barrett Carter,cin,LB,69.0,4431519,madden,2026
Boye Mafe,cin,DE,78.0,4240754,madden,2026
Bralyn Lux,cin,CB,55.0,4575559,madden,2026
Brian Parker II,cin,OT,55.0,4689117,madden,2026
Bryan Cook,cin,S,80.0,4247726,madden,2026
Cam Grandy,cin,TE,61.0,4700712,madden,2026
Cashius Howell,cin,DE,55.0,4710752,madden,2026
Cedric Johnson,cin,DE,69.0,4430065,madden,2026
Ceyair Wright,cin,CB,55.0,4431619,madden,2026
Charlie Jones,cin,WR,70.0,4257188,madden,2026
Chase Brown,cin,RB,82.0,4362238,madden,2026
Christian Jones,cin,OT,70.0,4686368,madden,2026
Cody Ford,cin,OT,68.0,3707061,madden,2026
Colbie Young,cin,WR,55.0,5092508,madden,2026
Connor Lew,cin,C,55.0,4870866,madden,2026
Corey Robinson II,cin,OT,55.0,4705561,madden,2026
DJ Ivey,cin,CB,67.0,4362502,madden,2026
DJ Turner II,cin,CB,83.0,4572036,madden,2026
Daijahn Anthony,cin,S,66.0,4874448,madden,2026
Dalton Risner,cin,G,74.0,3125082,madden,2026
Dax Hill,cin,CB,78.0,4426422,madden,2026
Demetrius Knight Jr.,cin,LB,73.0,4427729,madden,2026
Dexter Lawrence II,cin,DT,93.0,4035483,madden,2026
Dohnte Meyers,cin,WR,55.2,4384852,madden,2026
Drew Sample,cin,TE,68.0,3127310,madden,2026
Dylan Fairchild,cin,G,72.0,4646773,madden,2026
Eric Gentry,cin,LB,55.0,4602656,madden,2026
Erick All Jr.,cin,TE,68.0,4427834,madden,2026
Evan McPherson,cin,PK,81.0,4360234,madden,2026
Gary Brightwell,cin,RB,72.9,4245645,madden,2026
Howard Cross III,cin,DT,61.0,4426992,madden,2026
Isaiah Foskey,cin,DE,70.0,4426457,madden,2026
Isaiah Nwokobia,cin,S,55.0,4597253,madden,2026
Ja'Marr Chase,cin,WR,96.0,4362628,madden,2026
Ja'Sir Taylor,cin,CB,71.0,4240434,madden,2026
Jack Dingle,cin,LB,55.0,4683128,madden,2026
Jack Endries,cin,TE,65.9,5085189,madden,2026
Jacob Bayer,cin,C,72.6,4879478,madden,2026
Jalen Davis,cin,CB,67.0,3125356,madden,2026
Jalen Kimber,cin,CB,55.0,4430819,madden,2026
Jalen Rivers,cin,G,67.0,4429010,madden,2026
Jamal Haynes,cin,RB,61.9,4611995,madden,2026
Javon Foster,cin,OT,62.3,4362769,madden,2026
Joe Burrow,cin,QB,94.0,3915511,madden,2026
Joe Flacco,cin,QB,73.0,11252,madden,2026
Joe Giles-Harris,cin,LB,64.0,3917797,madden,2026
Joe Mixon,cin,RB,86,,madden,2026
Jonathan Allen,cin,DT,88.0,3054840,madden,2026
Jordan Battle,cin,S,76.0,4567098,madden,2026
Jordan Jefferson,cin,DT,69.0,4569448,madden,2026
Jordan Moore,cin,WR,55.0,4594444,madden,2026
Josh Johnson,cin,QB,61.0,11394,madden,2026
Josh Kattus,cin,TE,55.5,4819215,madden,2026
Josh Newton,cin,CB,71.0,4365319,madden,2026
Ke'Shawn Williams,cin,WR,66.0,4570738,madden,2026
Kendall Milton,cin,RB,55.0,4429012,madden,2026
Kendric Pryor,cin,WR,55.0,4035776,madden,2026
Kentrel Bullock,cin,RB,69.7,4430992,madden,2026
Kris Jenkins Jr.,cin,DT,74.0,4432301,madden,2026
Kyle Dugger,cin,S,77.0,4401811,madden,2026
Landon Robinson,cin,DT,55.0,5081542,madden,2026
Liam Anderson,cin,LB,55.0,4368056,madden,2026
Liam Brown,cin,G,71.0,4876200,madden,2026
McKinnley Jackson,cin,DT,69.0,4692680,madden,2026
Mike Gesicki,cin,TE,77.0,3116164,madden,2026
Mitchell Tinsley,cin,WR,71.0,4690070,madden,2026
Myles Murphy,cin,DE,73.0,4428985,madden,2026
Noah Thomas,cin,WR,55.0,4718457,madden,2026
Oren Burks,cin,LB,69.0,3051746,madden,2026
Orlando Brown Jr.,cin,OT,76.0,3116370,madden,2026
PJ Jules,cin,S,63.0,4429946,madden,2026
Russ Yeast,cin,S,55.0,4240071,madden,2026
Ryan Rehkow,cin,P,75.0,4608820,madden,2026
Samaje Perine,cin,RB,76.0,3116389,madden,2026
Sean Clifford,cin,QB,57.0,4259592,madden,2026
Shaka Heyward,cin,LB,62.0,4360413,madden,2026
Shemar Stewart,cin,DE,74.0,4685562,madden,2026
Swayze Bozeman,cin,LB,65.0,4570546,madden,2026
T.J. Slaton Jr.,cin,DT,70.0,4240612,madden,2026
Tacario Davis,cin,CB,55.0,4726127,madden,2026
Tahj Brooks,cin,RB,71.0,4429299,madden,2026
Tanner Hudson,cin,TE,68.0,3050481,madden,2026
Ted Karras,cin,C,76.0,2576188,madden,2026
Tee Higgins,cin,WR,88.0,4239993,madden,2026
William Wagner,cin,LS,63.0,4572051,madden,2026
Xavier Johnson,cin,WR,59.1,4385430,madden,2026
Aaron Anderson,cle,WR,73.1,4691138,madden,2026
Adin Huntington,cle,DE,65.0,4605792,madden,2026
Ahmani Marshall,cle,RB,55.0,4432374,madden,2026
Alex Wright,cle,DE,72.0,4570119,madden,2026
Amari Cooper,cle,WR,87,,madden,2026
Andre Szmyt,cle,PK,71.0,4258620,madden,2026
Austin Barber,cle,OT,70.5,4597310,madden,2026
Benton Whitley,cle,LB,55.0,4247722,madden,2026
Blake Whiteheart,cle,TE,62.0,4362018,madden,2026
Brenden Bates,cle,TE,64.0,4362603,madden,2026
Carsen Ryan,cle,TE,55.0,4685540,madden,2026
Carson Schwesinger,cle,LB,82.0,4876017,madden,2026
Cedric Tillman,cle,WR,74.0,4369863,madden,2026
Christopher Edmonds,cle,S,62.0,4572922,madden,2026
Corey Bojorquez,cle,P,80.0,4039396,madden,2026
D'Angelo Ross,cle,CB,64.0,3139389,madden,2026
Daniel Thomas,cle,S,66.0,4035505,madden,2026
Davon Booth,cle,RB,70.0,5153650,madden,2026
Dawand Jones,cle,OT,68.0,4427637,madden,2026
Denzel Boston,cle,WR,69.9,4832800,madden,2026
Denzel Ward,cle,CB,93.0,3915535,madden,2026
Deshaun Watson,cle,QB,84.0,3122840,madden,2026
Dillon Gabriel,cle,QB,67.0,4427238,madden,2026
Dom Jones,cle,CB,63.0,4572519,madden,2026
Donovan McMillon,cle,S,62.0,4686027,madden,2026
Dylan Sampson,cle,RB,75.0,5081397,madden,2026
Easton Mascarenas-Arnold,cle,LB,63.0,5085888,madden,2026
Edefuan Ulofoshio,cle,LB,55.0,4374280,madden,2026
Elgton Jenkins,cle,C,86.0,3115485,madden,2026
Elijah Chatman,cle,DT,55.0,4429392,madden,2026
Emmanuel McNeil-Warren,cle,S,55.0,4837186,madden,2026
Gage Larvadain,cle,WR,66.0,4877203,madden,2026
Grant Delpit,cle,S,82.0,4242208,madden,2026
Harold Fannin Jr.,cle,TE,80.0,5083076,madden,2026
Isaiah Bond,cle,WR,69.0,4808839,madden,2026
Isaiah McGuire,cle,DE,72.0,4427963,madden,2026
Izavion Miller,cle,OT,55.0,5150290,madden,2026
Jack Conley,cle,OT,64.6,4426955,madden,2026
Jack Stoll,cle,TE,65.0,4034862,madden,2026
Jamari Thrash,cle,WR,69.0,4428678,madden,2026
Jared Verse,cle,DE,88.0,4578085,madden,2026
Jeremiah Byers,cle,OT,61.0,4575664,madden,2026
Jeremiah Owusu-Koramoah,cle,LB,83.0,4258599,madden,2026
Jerry Jeudy,cle,WR,81.0,4241463,madden,2026
Joe Royer,cle,TE,55.0,4565859,madden,2026
Julian Okwara,cle,DE,55.0,4046690,madden,2026
Justin Jefferson,cle,LB,98.0,5150249,madden,2026
KC Concepcion,cle,WR,67.3,4870653,madden,2026
KT Leveston,cle,OT,67.0,4373079,madden,2026
Kalia Davis,cle,DT,67.0,4243541,madden,2026
Kendrick Green,cle,G,69.0,4240548,madden,2026
Khordae Sydnor,cle,DE,55.0,4683129,madden,2026
Kingsley Eguakun,cle,C,58.0,4567410,madden,2026
Kole Wilson,cle,WR,55.0,5096863,madden,2026
Logan Fano,cle,DE,55.0,5080699,madden,2026
Luke Floriea,cle,WR,63.4,4566157,madden,2026
Luke Wypler,cle,C,66.0,4430806,madden,2026
Malachi Corley,cle,WR,69.0,4613104,madden,2026
Maliek Collins,cle,DT,77.0,3040471,madden,2026
Mason Graham,cle,DT,80.0,4873232,madden,2026
Michael Burton,cle,FB,67.0,2515270,madden,2026
Michael Coats Jr.,cle,CB,55.0,5160391,madden,2026
Mike Hall Jr.,cle,DT,72.0,4600415,madden,2026
Myles Bryant,cle,CB,68.0,4039010,madden,2026
Myles Garrett,cle,DE,97,,madden,2026
Myles Harden,cle,CB,68.0,4695783,madden,2026
Nate Evans,cle,CB,55.0,4600389,madden,2026
Nathaniel Watson,cle,LB,68.0,4362895,madden,2026
Nick Chubb,cle,RB,88,,madden,2026
Nik Constantinou,cle,P,55.0,4578937,madden,2026
Parker Brailsford,cle,C,67.7,4816090,madden,2026
Quincy Williams,cle,LB,79.0,3110565,madden,2026
Quinshon Judkins,cle,RB,81.0,4685702,madden,2026
Raheim Sanders,cle,RB,69.0,4601080,madden,2026
Reid Carrico,cle,LB,55.0,4432673,madden,2026
Rex Sunahara,cle,LS,58.0,3913293,madden,2026
Ronnie Hickman,cle,S,76.0,4569620,madden,2026
Sam Kamara,cle,DT,61.0,4033855,madden,2026
Shedeur Sanders,cle,QB,69.0,4432762,madden,2026
Spencer Fano,cle,OT,62.0,4870723,madden,2026
T.J. Harden,cle,RB,60.3,5086027,madden,2026
Taylen Green,cle,QB,62.4,4431325,madden,2026
Teven Jenkins,cle,G,77.0,4038457,madden,2026
Tre Avery,cle,CB,62.0,4259300,madden,2026
Tylan Wallace,cle,WR,71.0,4241424,madden,2026
Tyre Phillips,cle,OT,55.0,4242247,madden,2026
Tyreak Sapp,cle,DE,55.0,4889957,madden,2026
Tyron Herring,cle,CB,55.0,4427461,madden,2026
Tyson Campbell,cle,CB,79.0,4379397,madden,2026
Tytus Howard,cle,OT,80.0,3131498,madden,2026
Wes Pahl,cle,P,55.0,4690083,madden,2026
Winston Reid,cle,LB,67.0,4251125,madden,2026
Zak Zinter,cle,G,70.0,4433963,madden,2026
Zion Johnson,cle,G,78.0,4247347,madden,2026
Zion Washington,cle,S,55.0,4709014,madden,2026
Adedayo Odeleye,dal,DE,55.0,5066095,madden,2026
Ajani Cornelius,dal,OT,65.0,4696203,madden,2026
Alijah Clark,dal,S,65.0,4595352,madden,2026
Ameer Speed,dal,CB,55.0,4259546,madden,2026
Anthony Smith,dal,WR,55.0,4685110,madden,2026
Brandon Aubrey,dal,PK,87.0,3953687,madden,2026
Brevyn Spann-Ford,dal,TE,65.0,4360967,madden,2026
Bryan Anger,dal,P,79.0,14950,madden,2026
Caelen Carson,dal,CB,72.0,4431006,madden,2026
Caleb Downs,dal,S,55.0,4870706,madden,2026
Camden Brown,dal,WR,72.8,4808759,madden,2026
CeeDee Lamb,dal,WR,95.0,4241389,madden,2026
Charles Snowden,dal,DE,55.0,4240849,madden,2026
Chris Glaser,dal,G,68.3,4240836,madden,2026
Cobie Durant,dal,CB,81.0,4384549,madden,2026
Cooper Beebe,dal,C,75.0,4426663,madden,2026
Curtis Robinson,dal,LB,59.0,4044448,madden,2026
D.J. Withers,dal,DT,55.0,4682915,madden,2026
DJ Rogers,dal,TE,55.5,4710711,madden,2026
DJ Wingfield,dal,G,55.0,5082352,madden,2026
DaRon Bland,dal,CB,82.0,4248911,madden,2026
Dak Prescott,dal,QB,91.0,2577417,madden,2026
DeMarvion Overshown,dal,LB,77.0,4362088,madden,2026
Dee Winters,dal,LB,77.0,4428914,madden,2026
Denzel Mims,dal,WR,60.4,4035403,madden,2026
Derion Kendrick,dal,CB,75.0,4360307,madden,2026
Devin Moore,dal,CB,55.0,4702577,madden,2026
Dominic Richardson,dal,RB,56.6,4430689,madden,2026
Donovan Ezeiruaku,dal,DE,75.0,4683848,madden,2026
Drew Shelton,dal,OT,55.0,4685554,madden,2026
George Pickens,dal,WR,88.0,4426354,madden,2026
Hunter Luepke,dal,RB,72.0,4383396,madden,2026
Isaiah Land,dal,LB,55.0,4574551,madden,2026
Israel Abanikanda,dal,RB,75.5,4429202,madden,2026
Jaden Smith,dal,WR,55.0,4581750,madden,2026
Jaishawn Barham,dal,LB,55.0,4685266,madden,2026
Jake Ferguson,dal,TE,82.0,4242355,madden,2026
Jalen Thompson,dal,S,83.0,4043089,madden,2026
James Houston,dal,DE,72.0,4240608,madden,2026
Javonte Williams,dal,RB,85.0,4361579,madden,2026
Jay Toia,dal,DT,65.0,4431603,madden,2026
Jaydon Blue,dal,RB,73.0,4685279,madden,2026
Joe Milton III,dal,QB,68.0,4360698,madden,2026
Jonathan Bullard,dal,DE,73.0,2980097,madden,2026
Jonathan Mingo,dal,WR,71.0,4426485,madden,2026
Jordan Hudson,dal,WR,66.2,4685409,madden,2026
Josh Butler,dal,CB,69.0,3929814,madden,2026
Julius Wood,dal,S,55.0,4872841,madden,2026
Justin Barron,dal,LB,55.0,4429249,madden,2026
KaVontae Turpin,dal,WR,76.0,3676833,madden,2026
Kelvin Gilliam Jr.,dal,DT,55.0,4431547,madden,2026
Kenny Clark,dal,DT,78.0,3122752,madden,2026
LT Overton,dal,DE,55.0,4870960,madden,2026
Langston Patterson,dal,LB,55.0,4557348,madden,2026
Luke Schoonmaker,dal,TE,69.0,4372096,madden,2026
Malachi Lawrence,dal,LB,55.0,4710067,madden,2026
Malik Davis,dal,RB,73.0,4240603,madden,2026
Malik Hooker,dal,S,78.0,3121415,madden,2026
Marcellus Johnson,dal,OT,63.6,4363547,madden,2026
Marist Liufau,dal,LB,71.0,4427816,madden,2026
Markquese Bell,dal,S,72.0,4241921,madden,2026
Marquez Valdes-Scantling,dal,WR,74.0,3051738,madden,2026
Matt Hennessy,dal,C,67.0,4044138,madden,2026
Micah Parsons,dal,LB,97,,madden,2026
Michael Trigg,dal,TE,55.0,4594749,madden,2026
Nate Thomas,dal,OT,66.0,4428656,madden,2026
Nick Leverett,dal,G,62.5,3920591,madden,2026
Otito Ogbonnia,dal,DT,68.0,4367210,madden,2026
P.J. Locke,dal,S,74.0,3929850,madden,2026
Phil Mafah,dal,RB,68.0,4431562,madden,2026
Princeton Fant,dal,TE,69.8,4242442,madden,2026
Quinnen Williams,dal,DT,90.0,4040982,madden,2026
Rashan Gary,dal,LB,84.0,4046523,madden,2026
Reddy Steward,dal,CB,65.0,4428584,madden,2026
Ryan Flournoy,dal,WR,76.0,5083754,madden,2026
Sam Howell,dal,QB,65.0,4426875,madden,2026
Shavon Revel Jr.,dal,CB,71.0,5095865,madden,2026
Shemar James,dal,LB,70.0,4685400,madden,2026
Shiyazh Pete,dal,OT,57.1,4880106,madden,2026
T.J. Bass,dal,G,69.0,4685120,madden,2026
Terence Steele,dal,OT,75.0,3915834,madden,2026
Tommy Dunn Jr.,dal,DT,55.0,4689364,madden,2026
Traeshon Holden,dal,WR,67.5,4429172,madden,2026
Trent Sieg,dal,LS,73.0,3052357,madden,2026
Trevon Diggs,dal,CB,88,,madden,2026
Trevor Keegan,dal,G,66.0,4427140,madden,2026
Trikweze Bridges,dal,CB,68.0,4426513,madden,2026
Tyler Booker,dal,G,82.0,4685263,madden,2026
Tyler Guyton,dal,OT,73.0,4609048,madden,2026
Tyler Johnson,dal,WR,70.0,2310331,madden,2026
Tyler Smith,dal,G,88.0,4568652,madden,2026
Tyrus Wheat,dal,DE,65.0,4689333,madden,2026
Zion Childress,dal,CB,63.0,4685841,madden,2026
Adam Prentice,den,FB,69.0,3929914,madden,2026
Adam Trautman,den,TE,71.0,3911853,madden,2026
Alex Forsyth,den,C,67.0,4242503,madden,2026
Alex Palczewski,den,OT,70.0,4240551,madden,2026
Alex Singleton,den,LB,84.0,2612151,madden,2026
Ben Powers,den,G,75.0,4037650,madden,2026
Blake Cotton,den,CB,55.0,5098200,madden,2026
Bo Nix,den,QB,82.0,4426338,madden,2026
Brandon Jones,den,S,83.0,4039059,madden,2026
Brent Austin,den,CB,55.0,5082398,madden,2026
Caleb Lohner,den,TE,59.1,4432208,madden,2026
Calvin Throckmorton,den,G,67.0,3915147,madden,2026
Cam Ross,den,WR,55.0,4569001,madden,2026
Cody Schrader,den,RB,67.0,4391845,madden,2026
Courtland Sutton,den,WR,86.0,3128429,madden,2026
D.J. Jones,den,DT,77.0,3894915,madden,2026
Dallen Bentley,den,TE,72.8,5159802,madden,2026
Dane Key,den,WR,65.0,4685424,madden,2026
Dasan McCullough,den,LB,55.0,4685439,madden,2026
Devon Key,den,S,65.0,4037559,madden,2026
Dondrea Tillman,den,LB,70.0,5216101,madden,2026
Drew Sanders,den,LB,71.0,4685721,madden,2026
Evan Engram,den,TE,78.0,3051876,madden,2026
Eyioma Uwazurike,den,DE,69.0,4066109,madden,2026
Frank Crum,den,OT,64.0,4361691,madden,2026
Garett Bolles,den,OT,96.0,4035662,madden,2026
Gavin Ortega,den,OT,55.0,5085625,madden,2026
Hakeem Butler,den,WR,71.8,3917940,madden,2026
J.K. Dobbins,den,RB,83.0,4241985,madden,2026
JL Skinner,den,S,66.0,4428503,madden,2026
Ja'Quan McMillian,den,CB,76.0,4567462,madden,2026
Jaden Robinson,den,CB,55.0,4374032,madden,2026
Jahdae Barron,den,CB,75.0,4430925,madden,2026
Jaleel McLaughlin,den,RB,71.0,4722893,madden,2026
Jarrett Stidham,den,QB,63.0,3892775,madden,2026
Javonte Williams,den,RB,84,,madden,2026
Jaylen Waddle,den,WR,86.0,4372016,madden,2026
Jeremy Crawshaw,den,P,79.0,4589212,madden,2026
Johnny Walker,den,LB,60.0,4430973,madden,2026
Jonah Coleman,den,RB,70.0,4702555,madden,2026
Jonah Elliss,den,LB,73.0,4687592,madden,2026
Jonathon Cooper,den,LB,83.0,4040608,madden,2026
Jordan Jackson,den,DT,65.0,4261090,madden,2026
Jordan Miller,den,DT,55.0,4362524,madden,2026
Jordan Turner,den,LB,63.0,4693373,madden,2026
Joseph Manjack IV,den,WR,59.5,4683227,madden,2026
Justin Joly,den,TE,61.7,4912052,madden,2026
Justin Strnad,den,LB,74.0,3919548,madden,2026
Kage Casey,den,OT,69.2,4868598,madden,2026
Karene Reid,den,LB,62.0,4875336,madden,2026
Kolbe Katsis,den,WR,62.1,5225419,madden,2026
Kris Abrams-Draine,den,CB,73.0,4429193,madden,2026
Kristian Williams,den,DT,55.0,4428886,madden,2026
Levelle Bailey,den,LB,55.0,4428241,madden,2026
Lil'Jordan Humphrey,den,WR,69.0,4039057,madden,2026
Lucas Krull,den,TE,64.0,4360231,madden,2026
Luke Basso,den,LS,55.0,4875296,madden,2026
Luke Wattenberg,den,C,78.0,4039018,madden,2026
Malcolm Roach,den,DT,72.0,4039064,madden,2026
Marvin Mims Jr.,den,WR,78.0,4686472,madden,2026
Matt Henningsen,den,DE,55.0,4242358,madden,2026
Matt Peart,den,OT,67.0,3921936,madden,2026
Michael Bandy,den,WR,63.0,4034704,madden,2026
Michael Deiter,den,C,67.7,3121541,madden,2026
Mike McGlinchey,den,OT,82.0,3052885,madden,2026
Miles Scott,den,S,55.0,4880014,madden,2026
Mitchell Fraboni,den,LS,68.0,3139166,madden,2026
Nate Adkins,den,TE,62.0,4383440,madden,2026
Nick Gargiulo,den,G,66.0,4368033,madden,2026
Nik Bonitto,den,LB,91.0,4360259,madden,2026
Parker Robertson,den,S,55.0,4892440,madden,2026
Pat Bryant,den,WR,72.0,4600981,madden,2026
Pat Surtain II,den,CB,94.0,4372012,madden,2026
Patrick Surtain II,den,CB,94,,madden,2026
Que Robinson,den,LB,69.0,4692048,madden,2026
Quinn Meinerz,den,G,95.0,4608138,madden,2026
RJ Harvey,den,RB,79.0,4568490,madden,2026
Red Murdock,den,LB,55.0,4912190,madden,2026
Reese Taylor,den,CB,66.0,4371946,madden,2026
Reid Holskey,den,OT,62.0,4429951,madden,2026
Riley Moss,den,CB,77.0,4382401,madden,2026
Sai'vion Jones,den,DE,70.0,4603189,madden,2026
Sam Ehlinger,den,QB,56.0,4241820,madden,2026
Sean Fresch,den,CB,55.0,4565769,madden,2026
Talanoa Hufanga,den,S,88.0,4360853,madden,2026
Taurean York,den,LB,55.0,4917859,madden,2026
Troy Franklin,den,WR,79.0,4431280,madden,2026
Tycen Anderson,den,S,65.0,4257240,madden,2026
Tyler Badie,den,RB,69.0,4362748,madden,2026
Tyler Miller,den,OT,55.0,4686442,madden,2026
Tyler Onyedim,den,DT,55.0,4683535,madden,2026
Wil Lutz,den,PK,78.0,2985659,madden,2026
Zach Allen,den,DE,87.0,3915282,madden,2026
Aamaris Brown,det,CB,92.0,4565445,madden,2026
Ahmed Hassanein,det,DE,55.0,4710422,madden,2026
Aidan Hutchinson,det,DE,90.0,4372099,madden,2026
Aidan Keanaaina,det,DT,55.0,4430121,madden,2026
Alim McNeill,det,DT,83.0,4361662,madden,2026
Amon-Ra St. Brown,det,WR,92.0,4374302,madden,2026
Anthony Lucas,det,DE,55.0,4685442,madden,2026
Avonte Maddox,det,CB,73.0,3123938,madden,2026
Ben Bartch,det,G,72.0,4611506,madden,2026
Blake Miller,det,OT,57.4,5081450,madden,2026
Brian Branch,det,S,91.0,4692025,madden,2026
Brock Wright,det,TE,66.0,4242392,madden,2026
Cade Mays,det,C,74.0,4361788,madden,2026
Cedrick Wilson Jr.,det,WR,71.0,4036335,madden,2026
Chris Smith,det,DT,55.0,4367835,madden,2026
Christian Izien,det,S,73.0,4372459,madden,2026
Christian Mahogany,det,G,72.0,4427864,madden,2026
Chuck Clark,det,S,78.0,3045463,madden,2026
Colby Sorsdal,det,OT,63.0,4367775,madden,2026
D.J. Reed,det,CB,87.0,3139387,madden,2026
DJ Wonnum,det,LB,76.0,4038849,madden,2026
Damone Clark,det,LB,71.0,4362636,madden,2026
Dan Jackson,det,S,55.0,4575115,madden,2026
De'Shawn Rucker,det,CB,55.0,4682505,madden,2026
Derrick Barnes,det,LB,74.0,4260409,madden,2026
Derrick Moore,det,DE,55.0,4685461,madden,2026
Devin Cochran,det,OT,71.7,4035270,madden,2026
Dominic Lovett,det,WR,67.0,4596439,madden,2026
Ennis Rakestraw Jr.,det,CB,72.0,4566092,madden,2026
Eric O'Neill,det,DE,55.0,4892218,madden,2026
Erick Hunter,det,LB,55.0,4890074,madden,2026
Giovanni Manu,det,OT,67.0,5209589,madden,2026
Greg Dortch,det,WR,74.0,4037235,madden,2026
Hogan Hatten,det,LS,77.0,4571755,madden,2026
Isaac TeSlaa,det,WR,73.0,5123663,madden,2026
Isiah Pacheco,det,RB,76.0,4361529,madden,2026
Jabari Small,det,RB,55.0,4432545,madden,2026
Jack Campbell,det,LB,87.0,4569465,madden,2026
Jack Fox,det,P,79.0,3916370,madden,2026
Jackson Meeks,det,WR,60.0,4602788,madden,2026
Jacob Saylors,det,RB,66.0,4383429,madden,2026
Jahmyr Gibbs,det,RB,88.0,4429795,madden,2026
Jake Bates,det,PK,76.0,4689936,madden,2026
Jameson Williams,det,WR,85.0,4426388,madden,2026
Jared Goff,det,QB,87.0,3046779,madden,2026
Jay Tufele,det,DT,68.0,4259647,madden,2026
Jimmy Rolder,det,LB,55.0,4896353,madden,2026
Joe Bachie,det,LB,67.0,4036507,madden,2026
Juice Scruggs,det,G,70.0,4361425,madden,2026
Justin Jackson,det,RB,67.3,3116136,madden,2026
Keith Abney II,det,CB,55.0,5093004,madden,2026
Kendrick Law,det,WR,55.0,4685441,madden,2026
Kerby Joseph,det,S,91.0,4360383,madden,2026
Khalil Dorsey,det,CB,64.0,4027919,madden,2026
Kye Robichaux,det,RB,55.0,4880638,madden,2026
Larry Borom,det,OT,70.0,4241217,madden,2026
Lawrence Keys III,det,WR,65.9,4372769,madden,2026
Levi Onwuzurike,det,DE,74.0,4039020,madden,2026
Loren Strickland,det,S,64.0,4917439,madden,2026
Lucky Jackson,det,WR,96.0,3915802,madden,2026
Luke Altmyer,det,QB,77.9,4597679,madden,2026
Malcolm Rodriguez,det,LB,74.0,4241411,madden,2026
Malik Cunningham,det,WR,72.4,4240069,madden,2026
Mason Miller,det,G,58.2,4693332,madden,2026
Mekhi Wingo,det,DT,70.0,4586333,madden,2026
Melvin Priestly,det,OT,55.0,4917235,madden,2026
Michael Niese,det,G,64.0,4051353,madden,2026
Miles Frazier,det,G,69.0,4608890,madden,2026
Miles Kitselman,det,TE,64.2,5089453,madden,2026
Myles Adams,det,DE,55.0,4039164,madden,2026
Nick Whiteside,det,CB,66.0,5143915,madden,2026
Payton Turner,det,DE,73.0,4240269,madden,2026
Penei Sewell,det,OT,98.0,4373825,madden,2026
Rock Ya-Sin,det,CB,72.0,3910229,madden,2026
Roger McCreary,det,CB,78.0,4371973,madden,2026
Sam LaPorta,det,TE,87.0,4430027,madden,2026
Seth McLaughlin,det,C,59.2,4429187,madden,2026
Sione Vaki,det,RB,68.0,4912274,madden,2026
Skyler Gill-Howard,det,DT,55.0,5103940,madden,2026
Tarik Black,det,WR,75.6,4258170,madden,2026
Tate Ratledge,det,G,76.0,4429035,madden,2026
Tay Martin,det,WR,62.0,4245144,madden,2026
Teddy Bridgewater,det,QB,67.0,16728,madden,2026
Terrion Arnold,det,CB,76.0,4592837,madden,2026
Thomas Gordon,det,TE,68.1,4569615,madden,2026
Thomas Harper,det,S,70.0,4569323,madden,2026
Tom Kennedy,det,WR,68.0,3126997,madden,2026
Trevor Nowaske,det,LB,64.0,5144894,madden,2026
Tyleik Williams,det,DT,76.0,4431615,madden,2026
Tyler Conklin,det,TE,72.0,3915486,madden,2026
Tyler Lacy,det,DT,68.0,4361861,madden,2026
Tyre West,det,DT,55.0,4685609,madden,2026
Zach Horton,det,TE,67.5,4877824,madden,2026
Aaron Banks,gb,G,73.0,4242390,madden,2026
Anthony Belton,gb,OT,70.0,4873706,madden,2026
Anthony Campbell,gb,DT,55.0,4887255,madden,2026
Arron Mosby,gb,DE,63.0,4242996,madden,2026
Barryn Sorrell,gb,DE,70.0,4683643,madden,2026
Benjamin St-Juste,gb,CB,77.0,4258206,madden,2026
Bo Melton,gb,CB,72.0,4259305,madden,2026
Brandon Cisse,gb,CB,55.0,5076652,madden,2026
Brant Banks,gb,OT,64.0,4426623,madden,2026
Brenden Rice,gb,WR,55.0,4686781,madden,2026
Brenton Cox Jr.,gb,DE,66.0,4361776,madden,2026
Carrington Valentine,gb,CB,77.0,4430965,madden,2026
Chris Brooks,gb,RB,68.0,3149687,madden,2026
Chris McClellan,gb,DT,55.0,4820574,madden,2026
Christian Watson,gb,WR,79.0,4248528,madden,2026
Collin Oliver,gb,DE,70.0,4683059,madden,2026
Dalton Cooper,gb,OT,67.7,4426972,madden,2026
Damien Martinez,gb,RB,60.7,4808830,madden,2026
Dani Dennis-Sutton,gb,DE,55.0,4685315,madden,2026
Daniel Whelan,gb,P,74.0,4248789,madden,2026
Dante Barnett,gb,DT,55.0,5278715,madden,2026
Darian Kinnard,gb,OT,68.0,4362611,madden,2026
Davante Adams,gb,WR,91,,madden,2026
Devonte Wyatt,gb,DT,78.0,4361791,madden,2026
Dillon Wade,gb,G,55.0,4581189,madden,2026
Domani Jackson,gb,CB,55.0,4685402,madden,2026
Donovan Jennings,gb,G,64.0,4360887,madden,2026
Drake Dabney,gb,TE,68.0,4429466,madden,2026
Dylan Barrett,gb,G,71.8,4429248,madden,2026
Edgerrin Cooper,gb,LB,80.0,4430438,madden,2026
Evan Williams,gb,S,76.0,4428863,madden,2026
Isaiah McDuffie,gb,LB,78.0,4239947,madden,2026
Isaiah Neyor,gb,WR,56.7,4428116,madden,2026
J. Michael Sturdivant,gb,WR,55.0,4635009,madden,2026
Jacob Monk,gb,C,65.0,4428037,madden,2026
Jaden Crumedy,gb,DT,70.0,4362910,madden,2026
Jaden Nixon,gb,RB,55.5,4683165,madden,2026
Jager Burton,gb,C,68.8,4569661,madden,2026
Javon Bullard,gb,S,75.0,4688930,madden,2026
Javon Hargrave,gb,DT,80.0,2983055,madden,2026
Jayden Reed,gb,WR,80.0,4362249,madden,2026
Jaylin Simpson,gb,S,66.0,4567225,madden,2026
John Williams,gb,G,63.0,2312707,madden,2026
Johnathan Baldwin,gb,S,63.0,4709980,madden,2026
Jonathan Ford,gb,DT,63.0,4259762,madden,2026
Jordan Love,gb,QB,88.0,4036378,madden,2026
Jordan Morgan,gb,G,74.0,3821571,madden,2026
Jordon Riley,gb,DT,68.0,4240677,madden,2026
Josh Gesky,gb,G,67.2,4687706,madden,2026
Josh Jacobs,gb,RB,87.0,4047365,madden,2026
Josh Whyle,gb,TE,69.0,4360086,madden,2026
Kamal Hadden,gb,CB,67.0,4427356,madden,2026
Karl Brooks,gb,DE,70.0,4373423,madden,2026
Karsen Barnhart,gb,G,72.4,4426638,madden,2026
Keisean Nixon,gb,CB,78.0,4259493,madden,2026
Kitan Oladapo,gb,S,67.0,4374037,madden,2026
Kristian Welch,gb,LB,63.0,4036153,madden,2026
Kyle McCord,gb,QB,60.9,4433971,madden,2026
Kyron Drones,gb,QB,69.4,4678010,madden,2026
Lucas Havrisik,gb,PK,68.0,4245661,madden,2026
Lukas Van Ness,gb,DE,76.0,4686906,madden,2026
Luke Lachey,gb,TE,62.2,4432338,madden,2026
Luke Musgrave,gb,TE,70.0,4428085,madden,2026
MJ Devonshire Jr.,gb,CB,55.0,4427068,madden,2026
MarShawn Lloyd,gb,RB,72.0,4429023,madden,2026
Mark Perry,gb,S,55.0,4428223,madden,2026
Marlon Jones,gb,CB,55.0,4570773,madden,2026
Matt Orzech,gb,LS,61.0,4422336,madden,2026
Matthew Golden,gb,WR,78.0,4701936,madden,2026
Messiah Swinson,gb,TE,55.0,4362770,madden,2026
Micah Parsons,gb,DE,98.0,4361423,madden,2026
Murvin Kenion III,gb,S,55.0,5083167,madden,2026
Nazir Stackhouse,gb,DT,66.0,4429142,madden,2026
Nick Niemann,gb,LB,66.0,4036141,madden,2026
Nyjalik Kelly,gb,DE,55.0,4726151,madden,2026
Pierre Strong Jr.,gb,RB,55.0,4249836,madden,2026
RJ Maryland,gb,TE,59.6,4702913,madden,2026
Rashan Gary,gb,DE,88,,madden,2026
Savion Williams,gb,WR,70.0,4431487,madden,2026
Sean Rhyan,gb,G,71.0,4426411,madden,2026
Shemar Bartholomew,gb,CB,67.0,4371336,madden,2026
Skyy Moore,gb,WR,72.0,4430191,madden,2026
TJ Quinn,gb,LB,55.0,4684030,madden,2026
Travis Glover,gb,OT,64.0,4361904,madden,2026
Trey Smack,gb,PK,55.0,4869461,madden,2026
Tucker Kraft,gb,TE,85.0,4572680,madden,2026
Ty'Ron Hopper,gb,LB,66.0,4567406,madden,2026
Tyrod Taylor,gb,QB,69.0,14163,madden,2026
Warren Brinson,gb,DT,66.0,4429136,madden,2026
Will Sheppard,gb,WR,68.0,4608679,madden,2026
Xavier McKinney,gb,S,92.0,4241470,madden,2026
Zach Tom,gb,OT,87.0,4240435,madden,2026
Zaire Franklin,gb,LB,79.0,3124005,madden,2026
Aiden Fisher,hou,LB,55.0,4912338,madden,2026
Aireontae Ersery,hou,OT,71.0,4429693,madden,2026
Ajani Carter,hou,CB,64.0,4429379,madden,2026
Ali Gaye,hou,DE,66.0,4243321,madden,2026
Alijah Huzzie,hou,CB,64.0,4577494,madden,2026
Austin Brinkman,hou,LS,65.0,4690999,madden,2026
Azeez Al-Shaair,hou,LB,83.0,3919117,madden,2026
Blake Fisher,hou,OT,70.0,4432699,madden,2026
Braden Smith,hou,OT,82.0,3121595,madden,2026
Brandon Codrington,hou,CB,65.0,4576069,madden,2026
Brevin Jordan,hou,TE,68.0,4362504,madden,2026
British Brooks,hou,RB,68.0,4373273,madden,2026
C.J. Stroud,hou,QB,91.0,4432577,madden,2026
Cade Stover,hou,TE,67.0,4426496,madden,2026
Calen Bullock,hou,S,80.0,4431517,madden,2026
Collin Wright,hou,CB,55.0,4833376,madden,2026
Dalton Schultz,hou,TE,84.0,3117256,madden,2026
Daniel Sobkowicz,hou,WR,55.0,4878293,madden,2026
Danielle Hunter,hou,DE,92.0,2976560,madden,2026
David Montgomery,hou,RB,84.0,4035538,madden,2026
Davis Mills,hou,QB,66.0,4242546,madden,2026
Derek Stingley Jr.,hou,CB,92.0,4426434,madden,2026
Derrick Graham,hou,OT,66.8,4686142,madden,2026
Dominic Bailey,hou,DT,55.0,4686304,madden,2026
Dominique Robinson,hou,DE,69.0,4244300,madden,2026
Dylan Horton,hou,DE,67.0,4374066,madden,2026
E.J. Speed,hou,LB,75.0,3071353,madden,2026
Ed Ingram,hou,G,77.0,4242227,madden,2026
Eli Cox,hou,C,69.9,4426981,madden,2026
Evan Brown,hou,G,73.0,3128412,madden,2026
Evan Hull,hou,RB,66.0,4569609,madden,2026
Febechi Nwaiwu,hou,G,55.3,4880873,madden,2026
Foster Moreau,hou,TE,72.0,3843945,madden,2026
Graham Mertz,hou,QB,60.0,4426335,madden,2026
Henry To'oTo'o,hou,LB,75.0,4426350,madden,2026
Ja'Marcus Ingram,hou,CB,72.0,4240059,madden,2026
Jack Stonehouse,hou,P,55.0,4874436,madden,2026
Jake Andrews,hou,C,71.0,4362732,madden,2026
Jake Hansen,hou,LB,64.0,4033812,madden,2026
Jake Hummel,hou,LB,62.0,4241250,madden,2026
Jalen Pitre,hou,S,86.0,4241223,madden,2026
Jamal Hill,hou,LB,66.0,4427479,madden,2026
James Neal III,hou,OT,89.0,5081880,madden,2026
Jared Wayne,hou,WR,55.0,4430681,madden,2026
Jarrett Kingston,hou,OT,67.0,4373474,madden,2026
Jarrett Patterson,hou,G,70.0,4372774,madden,2026
Jawhar Jordan,hou,RB,71.0,4429939,madden,2026
Jayden Higgins,hou,WR,77.0,4877706,madden,2026
Jaylen Reed,hou,S,68.0,4432758,madden,2026
Jaylin Noel,hou,WR,73.0,4586312,madden,2026
Jaylin Smith,hou,CB,70.0,4594277,madden,2026
Jha'Quan Jackson,hou,WR,64.2,4427575,madden,2026
Joe Mixon,hou,RB,86,,madden,2026
Josh Kelly,hou,WR,62.3,4575558,madden,2026
Josh Pitsenberger,hou,RB,55.0,5094042,madden,2026
Junior Tafuna,hou,DT,55.0,4695607,madden,2026
Justin Watson,hou,WR,73.0,3118892,madden,2026
K.C. Ossai,hou,LB,55.0,4687188,madden,2026
Ka'imi Fairbairn,hou,PK,81.0,2971573,madden,2026
Kaevon Merriweather,hou,S,66.0,4360502,madden,2026
Kai Kroeger,hou,P,69.0,4570033,madden,2026
Kamari Lassiter,hou,CB,87.0,4602699,madden,2026
Kamari Ramsey,hou,S,55.0,4685518,madden,2026
Kayden McDonald,hou,DT,55.0,4870893,madden,2026
Keylan Rutledge,hou,G,55.0,4839498,madden,2026
Kyonte Hamilton,hou,DT,66.0,4677281,madden,2026
Layne Pryor,hou,TE,55.0,4878842,madden,2026
Lewis Bond,hou,WR,74.6,4683159,madden,2026
Logan Hall,hou,DE,74.0,4360189,madden,2026
Louis Hansen,hou,TE,66.5,4569727,madden,2026
M.J. Stewart,hou,S,70.0,3116679,madden,2026
Marlin Klein,hou,TE,60.0,4695705,madden,2026
Marte Mapu,hou,LB,71.0,4248899,madden,2026
Naquan Jones,hou,DT,65.0,4046716,madden,2026
Nico Collins,hou,WR,89.0,4258173,madden,2026
Noah Whittington,hou,RB,55.0,4432631,madden,2026
Reed Blankenship,hou,S,79.0,4243956,madden,2026
Sabastian Harsh,hou,DE,55.0,4699802,madden,2026
Sam Hagen,hou,G,67.6,4879242,madden,2026
Sheldon Rankins,hou,DT,81.0,2970204,madden,2026
Solomon Byrd,hou,DE,62.0,4361689,madden,2026
Stefon Diggs,hou,WR,93,,madden,2026
Stephen Hall,hou,CB,55.0,5153071,madden,2026
Tank Dell,hou,WR,79.0,4366031,madden,2026
Tommy Togiai,hou,DT,75.0,4361366,madden,2026
Tremon Smith,hou,CB,68.0,3134448,madden,2026
Trent Brown,hou,OT,79.0,3043109,madden,2026
Treyvohn Saunders,hou,WR,55.0,5085942,madden,2026
Wade Woodaz,hou,LB,55.0,4837286,madden,2026
Will Anderson Jr.,hou,DE,90.0,4685724,madden,2026
Woody Marks,hou,RB,79.0,4429059,madden,2026
Wyatt Teller,hou,G,79.0,3045474,madden,2026
Xavier Hutchinson,hou,WR,73.0,4686422,madden,2026
Xavier Thomas,hou,LB,71.0,4360304,madden,2026
A.J. Haulcy,ind,S,55.0,4905664,madden,2026
Adetomiwa Adebawore,ind,DT,69.0,4427635,madden,2026
Akeem Davis-Gaither,ind,LB,72.0,3917142,madden,2026
Alec Pierce,ind,WR,84.0,4360078,madden,2026
Anderson Castle,ind,RB,73.1,4612558,madden,2026
Anthony Gould,ind,WR,69.0,4429684,madden,2026
Anthony Richardson Sr.,ind,QB,84.0,4429084,madden,2026
Arden Key,ind,DE,74.0,3843843,madden,2026
Ashton Dulin,ind,WR,72.0,4061956,madden,2026
Austin Ajiake,ind,LB,66.0,4374171,madden,2026
Austin Brown,ind,S,55.0,4827042,madden,2026
Bayron Matos,ind,OT,62.5,4612507,madden,2026
Ben Nikkel,ind,S,55.0,4874465,madden,2026
Bernhard Raimann,ind,OT,86.0,4362580,madden,2026
Blake Freeland,ind,OT,65.0,4429636,madden,2026
Blake Grupe,ind,PK,73.0,4259619,madden,2026
Bryce Boettcher,ind,LB,55.0,5088571,madden,2026
CJ Allen,ind,LB,55.0,4870598,madden,2026
Caden Curry,ind,LB,55.0,4685324,madden,2026
Cam Bynum,ind,S,84.0,4035861,madden,2026
Cam Taylor-Britt,ind,CB,81.0,4361196,madden,2026
Cameron Ball,ind,DT,55.0,4691878,madden,2026
Cameron Mitchell,ind,CB,70.0,4569607,madden,2026
Carson Towt,ind,TE,55.0,4702120,madden,2026
Charvarius Ward,ind,CB,88.0,4037361,madden,2026
Colby Wooden,ind,DT,69.0,4567224,madden,2026
Coleman Owen,ind,WR,60.6,4578436,madden,2026
DJ Giddens,ind,RB,70.0,4874509,madden,2026
Dalton Tucker,ind,G,65.0,4370363,madden,2026
Daniel Jones,ind,QB,78.0,3917792,madden,2026
Daniel Scott,ind,S,68.0,4242415,madden,2026
DeForest Buckner,ind,DT,92.0,2971282,madden,2026
Deion Burks,ind,WR,74.2,4683151,madden,2026
Derrick Nnadi,ind,DT,73.0,3122930,madden,2026
Devin Veresuk,ind,LB,55.0,5278709,madden,2026
Drew Ogletree,ind,TE,66.0,4722908,madden,2026
Durell Nchami,ind,DE,55.0,4360638,madden,2026
EJ Horton Jr.,ind,WR,67.7,4608533,madden,2026
Easton Stick,ind,QB,62.0,3120590,madden,2026
Eli Pancol,ind,WR,59.9,4430288,madden,2026
Geno VanDeMark,ind,C,55.0,4875981,madden,2026
George Gumbs Jr.,ind,LB,55.0,4708238,madden,2026
Grover Stewart,ind,DT,85.0,4058825,madden,2026
Hunter Wohler,ind,S,65.0,4432789,madden,2026
JT Tuimoloau,ind,DE,74.0,4566154,madden,2026
Jai'Onte' McMillan,ind,CB,55.0,4690803,madden,2026
Jalen Farmer,ind,G,71.1,4838270,madden,2026
Jalen Travis,ind,OT,68.0,4892240,madden,2026
Jaylon Carlies,ind,LB,70.0,4601021,madden,2026
Jaylon Jones,ind,CB,73.0,4685145,madden,2026
Jerry Tillery,ind,DT,71.0,3863182,madden,2026
Jimmy Morrissey,ind,C,61.0,4046165,madden,2026
Johnathan Edwards,ind,CB,67.0,4695991,madden,2026
Jonathan Owens,ind,S,72.0,4331768,madden,2026
Jonathan Taylor,ind,RB,91.0,4242335,madden,2026
Josh Downs,ind,WR,80.0,4688813,madden,2026
Josh Kreutz,ind,C,64.9,4709386,madden,2026
Josh Sills,ind,G,55.0,4039243,madden,2026
Juanyeh Thomas,ind,S,66.0,4360590,madden,2026
Justin Walley,ind,CB,71.0,4682909,madden,2026
Laiatu Latu,ind,DE,81.0,4426473,madden,2026
Laquon Treadwell,ind,WR,68.0,3051889,madden,2026
Lincoln Pare,ind,RB,58.8,4608607,madden,2026
Luke Rhodes,ind,LS,79.0,2566045,madden,2026
Luke Tenuta,ind,OT,62.0,4361979,madden,2026
Matt Goncalves,ind,G,75.0,4427298,madden,2026
Mekhi Blackmon,ind,CB,76.0,4360677,madden,2026
Michael Pittman Jr.,ind,WR,86,,madden,2026
Micheal Clemons,ind,DE,71.0,4240896,madden,2026
Mitchell Melton,ind,LB,55.0,4693205,madden,2026
Mo Alie-Cox,ind,TE,71.0,2998565,madden,2026
Nick Westbrook-Ikhine,ind,WR,74.0,3929785,madden,2026
Nolan Rucci,ind,OT,55.0,4431587,madden,2026
Quenton Nelson,ind,G,94.0,3129308,madden,2026
Raylen Sharpe,ind,WR,56.0,4872957,madden,2026
Rigoberto Sanchez,ind,P,83.0,3914922,madden,2026
Riley Leonard,ind,QB,67.0,4683423,madden,2026
Rob Carter Jr.,ind,CB,55.0,4885625,madden,2026
Sahmir Hagans,ind,WR,68.4,4612246,madden,2026
Sauce Gardner,ind,CB,90.0,4427250,madden,2026
Sean McKeon,ind,TE,62.2,4036275,madden,2026
Seth McGowan,ind,RB,63.3,4686468,madden,2026
Spencer Shrader,ind,PK,74.0,4571557,madden,2026
Tahj Chambers,ind,LB,55.0,4692638,madden,2026
Tanor Bortolini,ind,C,83.0,4430957,madden,2026
Tim Smith,ind,DT,55.0,4692033,madden,2026
Trey Washington,ind,S,62.0,4599160,madden,2026
Tyler Warren,ind,TE,83.0,4431459,madden,2026
Ulysses Bentley IV,ind,RB,75.0,4426689,madden,2026
West Weeks,ind,LB,55.0,4587724,madden,2026
Will Mallory,ind,TE,65.0,4362523,madden,2026
Albert Regis,jax,DT,55.0,4612298,madden,2026
Ameer Abdullah,jax,RB,72.0,2576336,madden,2026
Anton Harrison,jax,OT,77.0,4692525,madden,2026
Antonio Johnson,jax,S,76.0,4429168,madden,2026
Arik Armstead,jax,DT,76.0,2971275,madden,2026
Austin Trammell,jax,WR,65.0,4244856,madden,2026
B.J. Green II,jax,DE,64.0,4875266,madden,2026
Ben Patterson,jax,WR,55.0,5346736,madden,2026
Bhayshul Tuten,jax,RB,76.0,4882093,madden,2026
Brady Boyd,jax,WR,71.5,4594319,madden,2026
Branson Combs,jax,LB,62.0,4572704,madden,2026
Brenton Strange,jax,TE,77.0,4430539,madden,2026
Brian Thomas Jr.,jax,WR,81.0,4432773,madden,2026
Bryan Thomas Jr.,jax,DE,81.0,4836472,madden,2026
CJ Williams,jax,WR,55.0,5085024,madden,2026
Caleb Ransaw,jax,CB,73.0,4683347,madden,2026
Calvin Ridley,jax,WR,85,,madden,2026
Cam Little,jax,PK,80.0,4686361,madden,2026
Cam'Ron Silmon-Craig,jax,S,55.0,4877475,madden,2026
Carter Bradley,jax,QB,71.8,4362260,madden,2026
Chandler Brayboy,jax,WR,70.2,4573243,madden,2026
Chris Rodriguez Jr.,jax,RB,72.0,4362619,madden,2026
Christian Braswell,jax,CB,66.0,4257580,madden,2026
Chuma Edoga,jax,G,68.0,3701582,madden,2026
Cole Van Lanen,jax,OT,72.0,4035791,madden,2026
DaVon Hamilton,jax,DT,73.0,3915520,madden,2026
Dane Jackson,jax,CB,71.0,3895791,madden,2026
Danny Striggow,jax,DE,65.0,4573319,madden,2026
DeeJay Dallas,jax,RB,68.0,4240631,madden,2026
Dennis Gardeck,jax,LB,74.0,4334300,madden,2026
Devin Neal,jax,S,55.0,4431292,madden,2026
Devon Marshall,jax,CB,55.0,5083287,madden,2026
Emmanuel Pregnon,jax,G,55.0,4608929,madden,2026
Eric Murray,jax,S,74.0,2970716,madden,2026
Ethan Conner,jax,TE,65.9,5151528,madden,2026
Ezra Cleveland,jax,G,80.0,4048231,madden,2026
Foyesade Oluokun,jax,LB,85.0,3050073,madden,2026
Garrett DiGiorgio,jax,OT,63.6,4684542,madden,2026
Hunter Long,jax,TE,65.0,4239944,madden,2026
J'Mari Taylor,jax,RB,91.0,4713118,madden,2026
Jabbar Muhammad,jax,CB,55.0,4432440,madden,2026
Jack Kiser,jax,LB,68.0,4427716,madden,2026
Jakobi Meyers,jax,WR,82.0,3916433,madden,2026
Jalen Hunt,jax,DE,55.0,4577189,madden,2026
Jalen Huskey,jax,S,55.0,4912185,madden,2026
Jalen McLeod,jax,LB,64.0,4576129,madden,2026
Jarrian Jones,jax,CB,78.0,4426448,madden,2026
Jerome Carvin,jax,C,67.4,4369859,madden,2026
Jimto Obidegwu,jax,OT,55.0,4684970,madden,2026
Joey Aguilar,jax,QB,74.4,5151948,madden,2026
Jonah Monheim,jax,C,63.0,4430481,madden,2026
Josh Allen,jax,DE,85,,madden,2026
Josh Cameron,jax,WR,69.5,4879194,madden,2026
Josh Hines-Allen,jax,DE,88.0,3915239,madden,2026
Jourdan Lewis,jax,CB,81.0,3045207,madden,2026
Keivie Rose,jax,DT,55.0,4428390,madden,2026
Keni-H Lovely,jax,CB,55.0,4362236,madden,2026
Kilian Zierer,jax,OT,55.0,4689088,madden,2026
LeQuint Allen Jr.,jax,RB,71.0,4911851,madden,2026
Logan Cooke,jax,P,76.0,3115480,madden,2026
Matt Dickerson,jax,DE,65.0,3134316,madden,2026
Michael Wortham,jax,WR,55.0,5152117,madden,2026
Montaric Brown,jax,CB,74.0,4242149,madden,2026
Nate Boerkircher,jax,TE,71.1,4686248,madden,2026
Nick Mullens,jax,QB,61.0,3059989,madden,2026
Parker Hughes,jax,LB,55.0,4880861,madden,2026
Parker Washington,jax,WR,80.0,4432620,madden,2026
Patrick Herbert,jax,TE,62.0,4429811,madden,2026
Patrick Mekari,jax,G,73.0,3863820,madden,2026
Preston Hodge,jax,CB,55.0,5081718,madden,2026
Quindarius Dunnigan,jax,DE,55.0,4427117,madden,2026
Quintin Morris,jax,TE,64.0,4244049,madden,2026
Quinton Bohanna,jax,DT,67.0,4259978,madden,2026
Rayuan Lane III,jax,S,66.0,4880675,madden,2026
Ricky Lee,jax,OT,57.8,4369308,madden,2026
Robert Hainsey,jax,C,74.0,4242391,madden,2026
Ross Matiscik,jax,LS,72.0,3928931,madden,2026
Ruke Orhorhoro,jax,DT,73.0,4430271,madden,2026
T.J. Bollers,jax,DE,55.0,4431162,madden,2026
Tanner Koziol,jax,TE,60.1,4917427,madden,2026
Tim Jones,jax,WR,64.0,4245131,madden,2026
Travis Etienne,jax,RB,87,,madden,2026
Travis Hunter,jax,WR,82.0,4685415,madden,2026
Travon Walker,jax,DE,80.0,4426349,madden,2026
Trebor Pena,jax,WR,55.0,4575862,madden,2026
Trevian Thomas,jax,S,63.0,4570633,madden,2026
Trevor Lawrence,jax,QB,86.0,4360310,madden,2026
Trystan Colon,jax,C,66.1,4035112,madden,2026
Ventrell Miller,jax,LB,69.0,4240610,madden,2026
Walker Little,jax,OT,77.0,4242554,madden,2026
Wesley Williams,jax,DE,55.0,4832922,madden,2026
Wyatt Milum,jax,G,71.0,4431463,madden,2026
Yasir Abdullah,jax,LB,64.0,4360807,madden,2026
Zach Durfee,jax,DE,55.0,5121433,madden,2026
Alohi Gilman,kc,S,79.0,4039413,madden,2026
Amari McNeill,kc,DT,55.0,4708859,madden,2026
Andrew Armstrong,kc,WR,75.7,5093923,madden,2026
Anthony Dunn Jr.,kc,DE,55.0,4880478,madden,2026
Ashton Gillotte,kc,DE,73.0,4684432,madden,2026
Brashard Smith,kc,RB,73.0,4596602,madden,2026
Bryce Phillips,kc,CB,55.0,5084574,madden,2026
C.J. Hanson,kc,G,64.0,4571810,madden,2026
Chamarri Conner,kc,S,76.0,4361964,madden,2026
Chris Jones,kc,DT,95.0,3044859,madden,2026
Chris Oladokun,kc,QB,55.0,4044111,madden,2026
Chris Roland-Wallace,kc,CB,67.0,4428383,madden,2026
Chukwuebuka Godrick,kc,OT,66.6,5144457,madden,2026
Cole Brevard,kc,DT,55.0,4430818,madden,2026
Cole Christiansen,kc,LB,55.0,4036959,madden,2026
Cooper McDonald,kc,LB,64.0,4567826,madden,2026
Creed Humphrey,kc,C,95.0,4241385,madden,2026
Cyrus Allen,kc,WR,76.4,4912218,madden,2026
D'Arco Perkins-McAllister,kc,CB,55.0,4880312,madden,2026
Damon Payne,kc,DT,55.0,4431503,madden,2026
DeShon Singleton,kc,S,55.0,5081093,madden,2026
Drue Tranquill,kc,LB,89.0,3129310,madden,2026
EJ Smith,kc,RB,55.0,4430825,madden,2026
Emari Demercado,kc,RB,70.0,4362478,madden,2026
Emmett Johnson,kc,RB,64.2,4832955,madden,2026
Esa Pole,kc,OT,61.0,5153070,madden,2026
Ethan Downs,kc,DE,55.0,4431534,madden,2026
Ethan Driskell,kc,OT,62.0,4571627,madden,2026
Felix Anudike-Uzomah,kc,DE,72.0,4612387,madden,2026
Garrett Nussmeier,kc,QB,61.8,4567747,madden,2026
George Karlaftis,kc,DE,82.0,4426659,madden,2026
Harrison Butker,kc,PK,81.0,3055899,madden,2026
Hunter Nourzad,kc,C,66.0,4367645,madden,2026
Isiah Pacheco,kc,RB,85,,madden,2026
Jack Cochrane,kc,LB,62.0,4249766,madden,2026
Jacob De Jesus,kc,WR,71.8,5155179,madden,2026
Jaden Hicks,kc,S,73.0,4685232,madden,2026
Jadon Canady,kc,CB,55.0,4710706,madden,2026
Jake Briningstool,kc,TE,63.0,4431196,madden,2026
Jalen Royals,kc,WR,71.0,5082630,madden,2026
James Winchester,kc,LS,75.0,16665,madden,2026
Jared Wiley,kc,TE,69.0,4430723,madden,2026
Jason Brownlee,kc,WR,67.0,4689988,madden,2026
Jaydn Ott,kc,RB,58.3,4685489,madden,2026
Jaylon Moore,kc,OT,71.0,4043041,madden,2026
Jeff Caldwell,kc,WR,73.1,4885466,madden,2026
Jeffrey Bassa,kc,LB,67.0,4602389,madden,2026
Jimmy Holiday,kc,WR,66.0,4431142,madden,2026
John Michael Gyllenborg,kc,TE,66.3,4708490,madden,2026
Josh Simmons,kc,OT,81.0,4569659,madden,2026
Josh Thompson,kc,G,55.0,4682692,madden,2026
Justin Fields,kc,QB,72.0,4362887,madden,2026
Kader Kohou,kc,CB,76.0,4291489,madden,2026
Kahlil Benson,kc,OT,73.1,4566190,madden,2026
Kaiir Elam,kc,CB,72.0,4567399,madden,2026
Kam Arnold,kc,LB,55.0,4429224,madden,2026
Kenneth Walker III,kc,RB,90.0,4567048,madden,2026
Kevin Knowles,kc,CB,64.0,4602648,madden,2026
Khyiris Tonga,kc,DT,73.0,4256074,madden,2026
Kingsley Suamataia,kc,OT,75.0,4431595,madden,2026
Kristian Fulton,kc,CB,77.0,4035433,madden,2026
L'Jarius Sneed,kc,CB,80.0,4040432,madden,2026
Mansoor Delane,kc,CB,55.0,4880124,madden,2026
Marcus Harris,kc,DT,55.0,4573152,madden,2026
Mason Pline,kc,TE,57.2,4911517,madden,2026
Matt Araiza,kc,P,75.0,4361496,madden,2026
Matt Waletzko,kc,OT,55.0,4370876,madden,2026
Melvin Smith Jr.,kc,CB,55.0,5278708,madden,2026
Mike Caliendo,kc,G,65.0,4043039,madden,2026
Nick Bolton,kc,LB,81.0,4362759,madden,2026
Nikko Remigio,kc,WR,67.0,4372716,madden,2026
Noah Gray,kc,TE,74.0,4240472,madden,2026
Nohl Williams,kc,CB,73.0,4610705,madden,2026
Omari Evans,kc,WR,69.9,4702908,madden,2026
Omarr Norman-Lott,kc,DT,71.0,4591008,madden,2026
Patrick Mahomes,kc,QB,99.0,3139477,madden,2026
Pete Nygra,kc,OT,58.1,4682626,madden,2026
Peter Woods,kc,DT,55.0,4871063,madden,2026
R Mason Thomas,kc,DE,55.0,5081927,madden,2026
Rashee Rice,kc,WR,84.0,4428331,madden,2026
Tanner McCalister,kc,S,55.0,4361824,madden,2026
Travis Kelce,kc,TE,96.0,15847,madden,2026
Tre Watson,kc,TE,55.0,4685784,madden,2026
Trey Smith,kc,G,91.0,4242459,madden,2026
Tyquan Thornton,kc,WR,75.0,4362921,madden,2026
Tyreke Smith,kc,DE,91.0,4361340,madden,2026
Vincent Anthony Jr.,kc,DE,55.0,4875123,madden,2026
Wesley Bissainthe,kc,LB,55.0,4685275,madden,2026
Xavier Loyd,kc,WR,63.4,4874510,madden,2026
Xavier Nwankpa,kc,S,55.0,4685491,madden,2026
Xavier Worthy,kc,WR,79.0,4683062,madden,2026
Zelmar Vedder,kc,CB,55.0,5083530,madden,2026
AJ Arcuri,la,OT,74.7,4046707,madden,2026
Al'zillion Hamilton,la,CB,55.0,4690606,madden,2026
Alaric Jackson,la,OT,83.0,4036135,madden,2026
Alex Johnson,la,CB,55.0,4367181,madden,2026
Austin Blaske,la,OT,72.7,4430949,madden,2026
Beaux Limmer,la,C,71.0,4567175,madden,2026
Bill Norton,la,DT,55.0,4426401,madden,2026
Blake Corum,la,RB,78.0,4429096,madden,2026
Braden Fiske,la,DE,80.0,4362245,madden,2026
Brennan Presley,la,WR,60.4,4431342,madden,2026
Bryce Henderson,la,OT,66.2,4695796,madden,2026
Byron Young,la,LB,84.0,4875196,madden,2026
CJ Daniels,la,WR,71.5,4605951,madden,2026
Cam Lampkin,la,CB,55.0,4427752,madden,2026
Colby Parkinson,la,TE,73.0,4242557,madden,2026
Coleman Shelton,la,C,78.0,3052180,madden,2026
Dan Villari,la,TE,55.0,4608858,madden,2026
Darryl Peterson III,la,LB,55.0,4598574,madden,2026
Davante Adams,la,WR,90.0,16800,madden,2026
David Quessenberry,la,OT,68.0,15946,madden,2026
Davis Allen,la,TE,67.0,4426553,madden,2026
Dean Connors,la,RB,72.3,5082269,madden,2026
Desjuan Johnson,la,DE,65.0,4362294,madden,2026
Drey Norwood,la,CB,55.0,4431581,madden,2026
Dylan McMahon,la,C,61.5,4430155,madden,2026
Eddie Walls III,la,LB,55.0,4877357,madden,2026
Elias Neal,la,LB,55.0,4428098,madden,2026
Emmanuel Forbes Jr.,la,CB,75.0,4429767,madden,2026
Ethan Evans,la,P,80.0,5125875,madden,2026
Grant Stuard,la,LB,64.0,4240255,madden,2026
Harrison Mevis,la,PK,70.0,4574716,madden,2026
Jarquez Hunter,la,RB,72.0,4710341,madden,2026
Jaxson Moi,la,DT,55.0,4791223,madden,2026
Jaylen McCollough,la,S,69.0,4427120,madden,2026
Jaylen Watson,la,CB,79.0,4697639,madden,2026
Joe Cardona,la,LS,60.0,2575907,madden,2026
Jordan Waters,la,RB,55.0,4428803,madden,2026
Jordan Whittington,la,WR,72.0,4569382,madden,2026
Josaiah Stewart,la,LB,74.0,4682983,madden,2026
Josh Wallace,la,CB,67.0,4572371,madden,2026
Justin Dedich,la,G,67.0,4360859,madden,2026
Kam Curl,la,S,84.0,4242154,madden,2026
Kamren Kinchens,la,S,81.0,4596363,madden,2026
Keagen Trost,la,OT,55.0,4575003,madden,2026
Keir Thomas II,la,LB,62.0,4038843,madden,2026
Kevin Dotson,la,G,87.0,3917599,madden,2026
Kobie Turner,la,DE,85.0,4250621,madden,2026
Konata Mumpfield,la,WR,71.0,4710855,madden,2026
Kyren Williams,la,RB,89.0,4430737,madden,2026
Larrell Murchison,la,DE,67.0,4240123,madden,2026
Mario Williams,la,WR,55.0,4431618,madden,2026
Mark Redman,la,TE,58.1,4431346,madden,2026
Matthew Caldwell,la,QB,74.4,4877717,madden,2026
Matthew Stafford,la,QB,98.0,12483,madden,2026
Max Klare,la,TE,64.0,4833029,madden,2026
Myles Garrett,la,DE,99.0,3122132,madden,2026
Nate Landman,la,LB,86.0,4243181,madden,2026
Nate Valcarcel,la,S,55.0,4695781,madden,2026
Nick Andersen,la,S,55.0,4690182,madden,2026
Nikhai Hill-Green,la,LB,55.0,4432266,madden,2026
Nyzier Fourqurean,la,CB,55.0,5160648,madden,2026
Omar Speights,la,LB,78.0,4428550,madden,2026
Payton Zdroik,la,DT,55.0,5085164,madden,2026
Poona Ford,la,DT,82.0,3125114,madden,2026
Puka Nacua,la,WR,97.0,4426515,madden,2026
Quentin Lake,la,S,82.0,4249128,madden,2026
Rohan Jones,la,TE,64.6,5083509,madden,2026
Ronnie Rivers,la,RB,67.0,4243003,madden,2026
Shaun Dolac,la,LB,69.0,4693848,madden,2026
Stetson Bennett IV,la,QB,63.0,4259553,madden,2026
Steve Avila,la,G,79.0,4362474,madden,2026
Tanner Ingle,la,S,55.0,4361651,madden,2026
Terrance Ferguson,la,TE,70.0,4570037,madden,2026
Tim Keenan III,la,DT,55.0,4431414,madden,2026
Tomon Fox,la,LB,64.0,4037520,madden,2026
Trent McDuffie,la,CB,94.0,4426405,madden,2026
Tru Edwards,la,WR,69.5,4875786,madden,2026
Ty Hamilton,la,DT,71.0,4431118,madden,2026
Ty Simpson,la,QB,57.5,4685522,madden,2026
Tyler Davis,la,DE,74.0,4568217,madden,2026
Tyler Higbee,la,TE,73.0,2573401,madden,2026
Tyler Scott,la,WR,57.8,4565908,madden,2026
Warren McClendon Jr.,la,OT,73.0,4426512,madden,2026
Wesley Bailey,la,LB,55.0,4430919,madden,2026
Wyatt Bowles,la,G,73.6,4374196,madden,2026
Xavier Smith,la,WR,68.0,4386544,madden,2026
Akheem Mesidor,lac,LB,55.0,4429190,madden,2026
Alec Ingold,lac,FB,74.0,3917668,madden,2026
Alex Harkey,lac,G,67.5,5082660,madden,2026
Amar Johnson,lac,RB,64.3,4878878,madden,2026
Austin Ekeler,lac,RB,88,,madden,2026
Avery Smith,lac,CB,55.0,5082331,madden,2026
Ben Cleveland,lac,G,68.0,4035002,madden,2026
Branson Taylor,lac,G,55.0,4433914,madden,2026
Brenen Thompson,lac,WR,55.0,4685553,madden,2026
Bud Dupree,lac,LB,72.0,2576702,madden,2026
Cam Hart,lac,CB,73.0,4427404,madden,2026
Cameron Dicker,lac,PK,82.0,4362081,madden,2026
Charlie Kolar,lac,TE,68.0,4241263,madden,2026
Cole Strange,lac,G,73.0,4051001,madden,2026
DJ Uiagalelei,lac,QB,55.0,4429020,madden,2026
Daiyan Henley,lac,LB,82.0,4241597,madden,2026
Dalevon Campbell,lac,WR,65.0,4569372,madden,2026
Dalvin Tomlinson,lac,DT,75.0,2979860,madden,2026
David Njoku,lac,TE,81.0,3123076,madden,2026
Deane Leonard,lac,CB,68.0,4690171,madden,2026
Del'Shawn Phillips,lac,LB,65.0,4240528,madden,2026
Denzel Perryman,lac,LB,76.0,2579621,madden,2026
Derius Davis,lac,WR,70.0,4362477,madden,2026
Derwin James Jr.,lac,S,93.0,3691739,madden,2026
Devin Grant,lac,S,55.0,4870141,madden,2026
Devonte Ross,lac,WR,55.0,4709678,madden,2026
Donte Jackson,lac,CB,82.0,3843769,madden,2026
Elijah Molden,lac,CB,79.0,4243328,madden,2026
Emany Johnson,lac,LB,55.0,4361437,madden,2026
Eric Rogers,lac,CB,62.0,4433895,madden,2026
Evan Svoboda,lac,TE,55.0,5082633,madden,2026
Garmon Randolph,lac,LB,55.0,4428304,madden,2026
Genesis Smith,lac,S,84.0,4950551,madden,2026
Greg Desrosiers Jr.,lac,RB,70.1,4691889,madden,2026
Isaiah World,lac,OT,55.0,5084965,madden,2026
Isas Waxter,lac,CB,55.0,4574105,madden,2026
JK Scott,lac,P,80.0,3126368,madden,2026
JaQuae Jackson,lac,WR,65.4,5160748,madden,2026
Jacob Spomer,lac,C,55.0,5082312,madden,2026
Jacobian Guillory II,lac,DT,55.0,4429124,madden,2026
Jahmeer Carter,lac,DT,55.0,4429371,madden,2026
Jake Slaughter,lac,C,55.0,4682506,madden,2026
Jamaree Caldwell,lac,DT,71.0,5089178,madden,2026
Jaret Patterson,lac,RB,67.0,4362452,madden,2026
Jerand Bradley,lac,TE,73.5,4565184,madden,2026
Joe Alt,lac,OT,85.0,4683487,madden,2026
Joey Bosa,lac,DE,91,,madden,2026
Johnny Pascuzzi,lac,TE,56.6,4873485,madden,2026
Josh Harris,lac,LS,81.0,15151,madden,2026
Josh Kaltenberger,lac,C,62.0,4430114,madden,2026
Junior Colson,lac,LB,71.0,4431212,madden,2026
Justin Eboigbe,lac,DT,73.0,4567138,madden,2026
Justin Herbert,lac,QB,92.0,4038941,madden,2026
Kayode Awosika,lac,G,63.0,4040842,madden,2026
KeAndre Lambert-Smith,lac,WR,70.0,4430870,madden,2026
Keaton Mitchell,lac,RB,75.0,4596334,madden,2026
Keenan Allen,lac,WR,89,,madden,2026
Kendall Williamson,lac,S,64.0,4360745,madden,2026
Khalil Mack,lac,LB,86.0,16710,madden,2026
Kimani Vidal,lac,RB,77.0,4430968,madden,2026
Kyle Kennard,lac,LB,69.0,4432333,madden,2026
Ladd McConkey,lac,WR,83.0,4612826,madden,2026
Laekin Vakalahi,lac,OT,55.0,5211218,madden,2026
Lander Barton,lac,LB,55.0,4685272,madden,2026
Logan Taylor,lac,G,55.0,4682789,madden,2026
Luke Grimm,lac,WR,69.3,4433830,madden,2026
Mante Morrow,lac,WR,58.9,5222064,madden,2026
Marlowe Wax,lac,LB,64.0,4431467,madden,2026
Myles Purchase,lac,S,55.0,4701177,madden,2026
Nadame Tucker,lac,LB,55.0,5081483,madden,2026
Nick Barrett,lac,DT,55.0,4682818,madden,2026
Nikko Reed,lac,CB,64.0,4691043,madden,2026
Noah Avinger,lac,S,55.0,4432659,madden,2026
Omarion Hampton,lac,RB,81.0,4685382,madden,2026
Oronde Gadsden,lac,TE,75.0,4595342,madden,2026
Quentin Johnston,lac,WR,80.0,4429025,madden,2026
RJ Mickens,lac,S,70.0,4429018,madden,2026
Rashawn Slater,lac,OT,92.0,4242283,madden,2026
Rodney Shelley,lac,CB,55.0,4838693,madden,2026
Scott Matlock,lac,FB,69.0,4373684,madden,2026
Sincere Brown,lac,WR,73.9,4568687,madden,2026
Tarheeb Still,lac,CB,80.0,4432571,madden,2026
TeRah Edwards,lac,DT,55.0,4431077,madden,2026
Teair Tart,lac,DT,77.0,4374269,madden,2026
Terry Webb,lac,DT,55.0,5152226,madden,2026
Tony Jefferson,lac,S,80.0,16195,madden,2026
Travis Burke,lac,OT,71.2,4876658,madden,2026
Tre' Harris,lac,WR,73.0,4686612,madden,2026
Trevor Penning,lac,G,70.0,4248627,madden,2026
Trey Lance,lac,QB,63.0,4383351,madden,2026
Trey Pipkins III,lac,OT,69.0,4411189,madden,2026
Troy Dye,lac,LB,71.0,4038946,madden,2026
Tuli Tuipulotu,lac,LB,78.0,4431442,madden,2026
Tyler Biadasz,lac,C,80.0,4035788,madden,2026
Aaron Donald,lar,DT,98,,madden,2026
Cooper Kupp,lar,WR,93,,madden,2026
Matthew Stafford,lar,QB,89,,madden,2026
Puka Nacua,lar,WR,90,,madden,2026
AJ Cole,lv,P,79.0,3686689,madden,2026
Adam Butler,lv,DT,73.0,2972342,madden,2026
Aidan O'Connell,lv,QB,67.0,4260394,madden,2026
Albert Okwuegbunam Jr.,lv,TE,55.0,4035115,madden,2026
Alex Ward,lv,LS,62.0,4243545,madden,2026
Ashton Jeanty,lv,RB,83.0,4890973,madden,2026
Atonio Mafi,lv,G,62.0,4367202,madden,2026
Benito Jones,lv,DT,68.0,4035299,madden,2026
Brandon Cleveland,lv,DT,55.0,4685305,madden,2026
Brandon Johnson,lv,WR,62.1,4035198,madden,2026
Brennan Jackson,lv,LB,70.0,4373471,madden,2026
Brock Bowers,lv,TE,93.0,4432665,madden,2026
Caleb Offord,lv,CB,55.0,4565558,madden,2026
Caleb Rogers,lv,G,70.0,4433889,madden,2026
Cameron McGrone,lv,LB,65.0,4372085,madden,2026
Carter Runyon,lv,TE,59.0,5155825,madden,2026
Charles Grant,lv,OT,70.0,4694505,madden,2026
Chase Roberts,lv,WR,55.0,4714388,madden,2026
Chigozie Anusiem,lv,CB,65.0,4360475,madden,2026
Chris Collier,lv,RB,69.4,4698191,madden,2026
Chris Thomas,lv,LB,55.0,4779136,madden,2026
Cian Slone,lv,DE,55.0,5153665,madden,2026
Cody Lindenberg,lv,LB,62.0,4685126,madden,2026
Connor Heyward,lv,FB,66.0,4241961,madden,2026
Corey Rucker,lv,WR,55.0,4433901,madden,2026
DJ Glaze,lv,OT,72.0,4606683,madden,2026
Dalton Johnson,lv,S,85.0,4682488,madden,2026
Dalton Wagner,lv,OT,55.0,4242177,madden,2026
Dareke Young,lv,WR,67.0,4401805,madden,2026
Darien Porter,lv,CB,74.0,4430330,madden,2026
Decamerion Richardson,lv,CB,69.0,4605498,madden,2026
Devin Lafayette,lv,S,55.0,4607937,madden,2026
Devyn Perkins,lv,S,55.0,4694588,madden,2026
Dont'e Thornton Jr.,lv,WR,68.0,4432775,madden,2026
Dylan Laube,lv,RB,68.0,4366963,madden,2026
E.J. Williams Jr.,lv,WR,55.0,4686093,madden,2026
Eric Stokes,lv,CB,77.0,4259561,madden,2026
Fernando Mendoza,lv,QB,59.8,4837248,madden,2026
Gary Smith III,lv,DT,55.0,4431390,madden,2026
Greedy Vance,lv,CB,63.0,4686337,madden,2026
Hezekiah Masses,lv,CB,55.0,4917354,madden,2026
Ian Thomas,lv,TE,69.0,4045305,madden,2026
Isaiah Jatta,lv,OT,61.4,5157075,madden,2026
Isaiah Pola-Mao,lv,S,71.0,4259632,madden,2026
JJ Pegues,lv,DT,67.0,4430896,madden,2026
Jack Bech,lv,WR,72.0,4603186,madden,2026
Jackson Powers-Johnson,lv,G,78.0,4875295,madden,2026
Jacob Clark,lv,QB,71.5,4569535,madden,2026
Jahfari Harvey,lv,DE,63.0,4427408,madden,2026
Jalen Nailor,lv,WR,77.0,4382466,madden,2026
Jeremy Chinn,lv,S,82.0,4043169,madden,2026
Jermod McCoy,lv,CB,55.0,5157289,madden,2026
Jonah Laulu,lv,DT,69.0,4373956,madden,2026
Jonathan Brady,lv,WR,71.8,4832806,madden,2026
Jordan Meredith,lv,C,72.0,4076803,madden,2026
Justin Pickett,lv,G,55.0,4688538,madden,2026
Justin Shorter,lv,WR,60.0,4361426,madden,2026
Kamar Missouri,lv,OT,55.0,4698114,madden,2026
Kansei Matsuzawa,lv,PK,55.0,5158921,madden,2026
Keyron Crawford,lv,DE,55.0,4911904,madden,2026
Kirk Cousins,lv,QB,73.0,14880,madden,2026
Kolton Miller,lv,OT,91.0,3134312,madden,2026
Kwity Paye,lv,DE,77.0,4258194,madden,2026
Laki Tasi,lv,DT,55.0,5278710,madden,2026
Malcolm Koonce,lv,DE,73.0,4239719,madden,2026
Malik Benson,lv,WR,73.1,5150247,madden,2026
Matt Gay,lv,PK,75.0,4249087,madden,2026
Maxx Crosby,lv,DE,97.0,3916655,madden,2026
Michael Mayer,lv,TE,72.0,4429086,madden,2026
Mike Washington Jr.,lv,RB,55.0,4686658,madden,2026
Nakobe Dean,lv,LB,78.0,4426340,madden,2026
Niklas Henning,lv,OT,63.3,5348412,madden,2026
Patrick Gurd,lv,TE,65.6,4693208,madden,2026
Phillip Dorsett II,lv,WR,94.0,2579604,madden,2026
Quay Walker,lv,LB,80.0,4379416,madden,2026
Roman Hemby,lv,RB,65.5,4688835,madden,2026
Segun Olubi,lv,LB,65.0,4260703,madden,2026
Shedrick Jackson,lv,WR,64.0,4361332,madden,2026
Spencer Burford,lv,G,67.0,4362999,madden,2026
Tanner Wall,lv,S,55.0,4875435,madden,2026
Taron Johnson,lv,CB,84.0,3121003,madden,2026
Thomas Booker IV,lv,DT,67.0,4360749,madden,2026
Tommy Eichenberg,lv,LB,70.0,4429560,madden,2026
Tonka Hemingway,lv,DT,68.0,4429109,madden,2026
Tre Tucker,lv,WR,78.0,4428718,madden,2026
Treven Ma'ae,lv,DT,55.0,4427852,madden,2026
Trey Zuhn III,lv,C,55.0,4431623,madden,2026
Treydan Stukes,lv,S,55.0,4697757,madden,2026
Tristin McCollum,lv,S,62.0,4250393,madden,2026
Tyler Duzansky,lv,LS,55.0,4880472,madden,2026
Tyler Linderbaum,lv,C,87.0,4360499,madden,2026
Will Putnam,lv,C,59.0,4426393,madden,2026
Xavian Sorey Jr.,lv,LB,55.0,4431570,madden,2026
A.J. Green III,mia,CB,68.0,4038437,madden,2026
AJ Henning,mia,WR,60.3,4429053,madden,2026
Aaron Brewer,mia,C,85.0,4040537,madden,2026
Alex Austin,mia,CB,70.0,4426599,madden,2026
Alex Huntley,mia,DT,55.0,4430877,madden,2026
Andrew Meyer,mia,C,62.0,4362064,madden,2026
Anthony Hankerson,mia,RB,61.1,4685385,madden,2026
Austin Jackson,mia,OT,74.0,4271632,madden,2026
Ben Sims,mia,TE,62.0,4373030,madden,2026
Bradley Pinion,mia,P,77.0,2977680,madden,2026
Caleb Douglas,mia,WR,66.2,4869645,madden,2026
Cam Miller,mia,QB,60.0,4693331,madden,2026
Cameron Goode,mia,LB,66.0,4035857,madden,2026
Carlos Washington Jr.,mia,RB,55.0,4248425,madden,2026
Carter Warren,mia,OT,55.0,4240723,madden,2026
Charlie Heck,mia,OT,64.0,3895840,madden,2026
Chop Robinson,mia,LB,75.0,4431586,madden,2026
Chris Bell,mia,WR,70.7,4869961,madden,2026
Chris Johnson,mia,CB,55.0,4869579,madden,2026
Cole Turner,mia,TE,55.0,4361438,madden,2026
DJ Campbell,mia,G,68.3,5081977,madden,2026
DJ Herman,mia,FB,57.7,4685116,madden,2026
Dante Trader Jr.,mia,S,67.0,4431664,madden,2026
Darrell Baker Jr.,mia,CB,74.0,4036660,madden,2026
David Ojabo,mia,LB,72.0,4426507,madden,2026
De'Von Achane,mia,RB,87.0,4429160,madden,2026
Donaven McCulley,mia,WR,57.1,4596347,madden,2026
Donovan Edwards,mia,RB,64.4,4431536,madden,2026
Ethan Bonner,mia,CB,67.0,4360746,madden,2026
Ethan Robinson,mia,CB,55.0,4876614,madden,2026
Gottlieb Ayedze,mia,OT,69.4,5145719,madden,2026
Greg Dulcich,mia,TE,70.0,4367209,madden,2026
Jackson Woodard,mia,LB,63.0,4685637,madden,2026
Jacob Rodriguez,mia,LB,55.0,4566094,madden,2026
Jalen Reagor,mia,WR,55.0,4241802,madden,2026
Jalen Tolbert,mia,WR,74.0,4249417,madden,2026
Jamaree Salyer,mia,G,70.0,4379412,madden,2026
James Ester,mia,G,63.7,4429576,madden,2026
Jason Marshall Jr.,mia,CB,69.0,4432730,madden,2026
Jaylen Waddle,mia,WR,90,,madden,2026
Jaylen Wright,mia,RB,73.0,4682745,madden,2026
Jim Bonifas,mia,C,68.6,4613269,madden,2026
Jonah Savaiinaea,mia,G,68.0,4819257,madden,2026
Jordan Phillips,mia,DT,71.0,4837188,madden,2026
Jordyn Brooks,mia,LB,82.0,4043130,madden,2026
Josh Priebe,mia,G,55.0,4432503,madden,2026
Josh Uche,mia,LB,75.0,4046528,madden,2026
JuJu Brents,mia,CB,72.0,4360488,madden,2026
Kadyn Proctor,mia,OT,55.0,4870976,madden,2026
Kahlil Saunders,mia,DT,55.0,4599150,madden,2026
Keith Cooper Jr.,mia,DT,55.0,4712462,madden,2026
Kenneth Grant,mia,DT,75.0,4894654,madden,2026
Kevin Cline,mia,OT,66.1,4431025,madden,2026
Kevin Coleman Jr.,mia,WR,67.5,4685307,madden,2026
Kyle Louis,mia,LB,55.0,4880273,madden,2026
Lonnie Johnson Jr.,mia,S,73.0,4240780,madden,2026
Louis Moore,mia,S,55.0,5081323,madden,2026
Major Burns,mia,S,55.0,4429036,madden,2026
Malik Washington,mia,WR,73.0,4569603,madden,2026
Malik Willis,mia,QB,71.0,4242512,madden,2026
Marco Wilson,mia,CB,69.0,4240595,madden,2026
Mark Gronowski,mia,QB,63.3,4695400,madden,2026
Marques Cox,mia,OT,64.8,4374089,madden,2026
Mason Reiger,mia,DE,55.0,4691903,madden,2026
Matthew Butler,mia,DT,67.0,4242457,madden,2026
Max Llewellyn,mia,DE,55.0,4683101,madden,2026
Michael Taaffe,mia,S,55.0,4880346,madden,2026
Miles Battle,mia,CB,64.0,4372413,madden,2026
Ollie Gordon II,mia,RB,73.0,4711533,madden,2026
Omar Brown,mia,S,55.0,4426794,madden,2026
Patrick Paul,mia,OT,80.0,4567493,madden,2026
Quinn Ewers,mia,QB,63.0,4889929,madden,2026
Rene Konga,mia,DT,55.0,4698109,madden,2026
Riley Patterson,mia,PK,72.0,4243371,madden,2026
Robert Beal Jr.,mia,DE,63.0,4259558,madden,2026
Rodney McGraw,mia,DE,55.0,4433974,madden,2026
Ronnie Harrison Jr.,mia,LB,71.0,3859006,madden,2026
Seth Coleman,mia,DE,55.0,4429436,madden,2026
Seydou Traore,mia,TE,55.0,4714379,madden,2026
Storm Duck,mia,CB,63.0,4427103,madden,2026
Tahj Washington,mia,WR,68.0,4567506,madden,2026
Terrace Marshall Jr.,mia,WR,57.7,4362630,madden,2026
Theo Wease Jr.,mia,WR,55.0,4426535,madden,2026
Trey Moore,mia,LB,55.0,4879212,madden,2026
Tua Tagovailoa,mia,QB,88,,madden,2026
Tucker Addington,mia,LS,55.0,4034729,madden,2026
Tutu Atwell,mia,WR,75.0,4360797,madden,2026
Tyreek Hill,mia,WR,97,,madden,2026
Tyrel Dodson,mia,LB,77.0,4035232,madden,2026
Will Kacmarek,mia,TE,57.4,4880236,madden,2026
Willie Gay Jr.,mia,LB,72.0,4259804,madden,2026
Xavien Howard,mia,CB,89,,madden,2026
Zach Sieler,mia,DT,83.0,3057956,madden,2026
Zane Gonzalez,mia,PK,74.0,3043234,madden,2026
Zayne Anderson,mia,S,66.0,3932335,madden,2026
Zeek Biggers,mia,DT,65.0,4683276,madden,2026
Aaron Jones Sr.,min,RB,80.0,3042519,madden,2026
Andrew DePaola,min,LS,81.0,15726,madden,2026
Andrew Van Ginkel,min,LB,83.0,3133487,madden,2026
Arden Walker,min,LB,55.0,4592569,madden,2026
Bangally Kamara,min,LB,55.0,4432325,madden,2026
Ben Yurosek,min,TE,62.0,4433959,madden,2026
Blake Brandel,min,G,72.0,3930270,madden,2026
Blake Cashman,min,LB,81.0,3728281,madden,2026
Bo Richter,min,LB,69.0,4875564,madden,2026
Brett Thorson,min,P,55.0,4799994,madden,2026
Brian O'Neill,min,OT,87.0,3123954,madden,2026
Bryson Nesbit,min,TE,55.0,4602969,madden,2026
Byron Murphy Jr.,min,CB,84.0,4038999,madden,2026
Caleb Banks,min,DT,55.0,4602019,madden,2026
Caleb Tiernan,min,OT,55.0,4592836,madden,2026
Cam'Ron Stewart,min,LB,55.0,4682643,madden,2026
Carson Wentz,min,QB,68.0,2573079,madden,2026
Charles Demmings,min,CB,55.0,5091793,madden,2026
Chaz Chambliss,min,LB,65.0,4431520,madden,2026
Christian Darrisaw,min,OT,90.0,4361985,madden,2026
Da'Veawn Armstead,min,CB,55.0,4705513,madden,2026
Dallas Turner,min,LB,77.0,4565190,madden,2026
Delby Lemieux,min,C,57.0,5085519,madden,2026
Demond Claiborne,min,RB,69.7,4832846,madden,2026
Dillon Bell,min,WR,74.1,4712579,madden,2026
Domonique Orange,min,DT,55.0,4698728,madden,2026
Donovan Jackson,min,G,75.0,4431553,madden,2026
Dontae Fleming,min,WR,67.6,4565297,madden,2026
Dwight McGlothern,min,CB,66.0,4429128,madden,2026
Elijah Williams,min,DE,62.0,4696782,madden,2026
Eric Johnson II,min,DT,65.0,4050971,madden,2026
Eric Wilson,min,LB,75.0,3056916,madden,2026
Gavin Bartholomew,min,TE,64.0,4708049,madden,2026
Gavin Gerhardt,min,C,64.8,4433823,madden,2026
Harrison Smith,min,S,88,,madden,2026
Henry Byrd,min,G,70.3,4367995,madden,2026
Isaiah Rodgers,min,CB,80.0,4044540,madden,2026
Isaiahh Loudermilk,min,DT,65.0,4035798,madden,2026
Ivan Pace Jr.,min,LB,77.0,4430280,madden,2026
J.J. McCarthy,min,QB,71.0,4433970,madden,2026
Jacob Roberts,min,LB,55.0,4575369,madden,2026
Jacob Thomas,min,S,55.0,5082397,madden,2026
Jahvaree Ritzie,min,DE,55.0,4431584,madden,2026
Jake Golday,min,LB,55.0,4877652,madden,2026
Jakobe Thomas,min,S,55.0,4710865,madden,2026
Jalen Redmond,min,DT,79.0,4360277,madden,2026
James Pierre,min,CB,77.0,4259252,madden,2026
Jauan Jennings,min,WR,81.0,3886598,madden,2026
Jay Ward,min,S,69.0,4568007,madden,2026
Jeshaun Jones,min,WR,62.4,4360637,madden,2026
Joe Huber,min,G,62.0,4690210,madden,2026
Johnny Hekker,min,P,77.0,15153,madden,2026
Jordan Addison,min,WR,84.0,4429205,madden,2026
Jordan Mason,min,RB,81.0,4360569,madden,2026
Josh Oliver,min,TE,73.0,3921690,madden,2026
Josh Ross,min,LB,55.0,4258198,madden,2026
Joshua Metellus,min,S,82.0,4046537,madden,2026
Justin Jefferson,min,WR,98.0,4262921,madden,2026
Kahlef Hailassie,min,CB,61.0,4373814,madden,2026
Kejon Owens,min,RB,55.0,4431304,madden,2026
Keli Lawson,min,LB,55.0,4684084,madden,2026
Kirk Cousins,min,QB,87,,madden,2026
Kyler Murray,min,QB,75.0,3917315,madden,2026
Levi Drake Rodriguez,min,DT,69.0,5093973,madden,2026
Luke Wysong,min,WR,55.0,4682761,madden,2026
Marcus Allen,min,CB,55.0,5081412,madden,2026
Marcus Sanders Jr.,min,WR,55.0,4907543,madden,2026
Marshall Lang,min,TE,59.4,4566195,madden,2026
Max Bredeson,min,FB,70.8,4878695,madden,2026
Max Brosmer,min,QB,59.0,4573398,madden,2026
Michael Briscoe,min,WR,72.1,4688418,madden,2026
Michael Jurgens,min,G,62.0,4362010,madden,2026
Myles Price,min,WR,66.0,4430656,madden,2026
Ryan Van Demark,min,OT,64.0,4239140,madden,2026
Smith Vilbert,min,DE,55.0,4428758,madden,2026
T.J. Hockenson,min,TE,83.0,4036133,madden,2026
Tai Felton,min,WR,71.0,4565185,madden,2026
Taki Taimani,min,DT,55.0,4361114,madden,2026
Tavierre Thomas,min,S,71.0,4334405,madden,2026
Terrill Davis,min,WR,68.9,5279633,madden,2026
Theo Jackson,min,S,70.0,4242436,madden,2026
Tomas Rimac,min,G,55.0,4683244,madden,2026
Trayvon Rudolph,min,WR,55.0,4433906,madden,2026
Tristan Leigh,min,OT,57.1,4431443,madden,2026
Tyler Batty,min,LB,63.0,4608794,madden,2026
Tyreek Chappell,min,CB,55.0,4602676,madden,2026
Tyrion Ingram-Dawkins,min,DE,67.0,4629149,madden,2026
Vershon Lee,min,G,59.3,4430218,madden,2026
Walter Rouse,min,OT,63.0,4428394,madden,2026
Will Fries,min,G,78.0,4045176,madden,2026
Will Reichard,min,PK,82.0,4567104,madden,2026
Zavier Scott,min,RB,70.0,4257364,madden,2026
Zemaiah Vaughn,min,CB,55.0,4695609,madden,2026
A.J. Brown,ne,WR,89.0,4047646,madden,2026
Alijah Vera-Tucker,ne,G,83.0,4259646,madden,2026
Amari Gainer,ne,LB,55.0,4360469,madden,2026
Andrew Rupcich,ne,G,55.0,4916597,madden,2026
Andy Borregales,ne,PK,74.0,4569923,madden,2026
Behren Morton,ne,QB,55.7,4431465,madden,2026
Ben Brown,ne,C,65.0,4362890,madden,2026
Bradyn Swinson,ne,LB,69.0,4431424,madden,2026
Brandon Crossley,ne,CB,55.0,4429480,madden,2026
Brenden Schooler,ne,S,66.0,4047941,madden,2026
Brock Lampe,ne,FB,57.9,4875767,madden,2026
Bryce Baringer,ne,P,78.0,4240545,madden,2026
CJ Dippre,ne,TE,62.0,4596545,madden,2026
Caedan Wallace,ne,OT,69.0,4426446,madden,2026
Caleb Lomu,ne,OT,56.6,4921438,madden,2026
Cameron Dorner,ne,WR,67.7,5295981,madden,2026
Carlton Davis III,ne,CB,85.0,3916923,madden,2026
Chad Muma,ne,LB,70.0,4361707,madden,2026
Channing Canada,ne,CB,55.0,4688779,madden,2026
Charles Woods,ne,CB,65.0,4368113,madden,2026
Christian Barmore,ne,DT,79.0,4372030,madden,2026
Christian Elliss,ne,LB,73.0,4245273,madden,2026
Christian Gonzalez,ne,CB,98.0,4686772,madden,2026
Cory Durden,ne,DT,68.0,4240042,madden,2026
Craig Woodson,ne,S,81.0,4428930,madden,2026
Dametrious Crownover,ne,OT,68.9,4431526,madden,2026
David Blay Jr.,ne,DT,55.0,5150999,madden,2026
DeMario Douglas,ne,WR,77.0,4427095,madden,2026
Dell Pettus,ne,S,69.0,4428232,madden,2026
Drake Maye,ne,QB,93.0,4431452,madden,2026
Dre'Mont Jones,ne,DE,75.0,3915525,madden,2026
Efton Chism III,ne,WR,68.0,4695193,madden,2026
Eli Raridon,ne,TE,55.0,4831959,madden,2026
Elijah Ponder,ne,LB,68.0,4688432,madden,2026
Eric Gregory,ne,DT,64.0,4567171,madden,2026
Gabe Jacas,ne,LB,55.0,4837244,madden,2026
Harold Landry III,ne,LB,82.0,3122793,madden,2026
Hunter Henry,ne,TE,86.0,3046439,madden,2026
Jack Westover,ne,FB,72.0,4361100,madden,2026
Jacob Rizy,ne,OT,55.0,4695758,madden,2026
Jalen Hurd,ne,WR,61.8,3115328,madden,2026
Jam Miller,ne,RB,56.1,4685477,madden,2026
James Hudson III,ne,OT,63.0,4258181,madden,2026
Jared Wilson,ne,C,72.0,4599198,madden,2026
Jeremiah Pharms Jr.,ne,DT,69.0,5081728,madden,2026
Jeremiah Webb,ne,WR,55.0,4572655,madden,2026
Jesse Luketa,ne,LB,55.0,4361419,madden,2026
Jimmy Kibble,ne,WR,60.5,4832914,madden,2026
John Saunders Jr.,ne,S,64.0,4608762,madden,2026
JonDarius Morgan,ne,G,55.0,4684174,madden,2026
Joshua Farmer,ne,DT,71.0,4611993,madden,2026
Julian Ashby,ne,LS,65.0,4695254,madden,2026
Julian Hill,ne,TE,63.0,4365395,madden,2026
K.J. Britt,ne,LB,71.0,4242521,madden,2026
Karon Prunty,ne,CB,55.0,4606666,madden,2026
Kayshon Boutte,ne,WR,80.0,4429022,madden,2026
Kenneth Harris,ne,CB,55.0,4685970,madden,2026
Kevin Byard,ne,S,84.0,2574056,madden,2026
Khalil Jacobs,ne,LB,55.0,4912116,madden,2026
Kindle Vildor,ne,CB,72.0,4036651,madden,2026
Kobee Minor,ne,CB,65.0,4566100,madden,2026
Kyle Dixon,ne,WR,68.3,5011554,madden,2026
Kyle Williams,ne,WR,73.0,4613202,madden,2026
Lan Larison,ne,RB,58.7,4698253,madden,2026
Leonard Taylor III,ne,DT,65.0,4431598,madden,2026
Lorenz Metz,ne,OT,55.3,4360063,madden,2026
Mack Hollins,ne,WR,77.0,2991662,madden,2026
Marcellas Dial Jr.,ne,CB,66.0,4875079,madden,2026
Marcus Bryant,ne,OT,64.0,4565293,madden,2026
Marcus Jones,ne,CB,82.0,4241720,madden,2026
Mehki Butler,ne,G,72.4,4880087,madden,2026
Mike Brown,ne,S,64.0,4244310,madden,2026
Mike Onwenu,ne,G,86.0,4046545,madden,2026
Milton Williams,ne,DE,86.0,4239699,madden,2026
Morgan Moses,ne,OT,82.0,16771,madden,2026
Myles Montgomery,ne,RB,55.5,4676889,madden,2026
Namdi Obiazor,ne,LB,55.0,5085407,madden,2026
Nick DeGennaro,ne,WR,70.3,4692796,madden,2026
Otis Reese,ne,LB,55.0,4379411,madden,2026
Peter Manuma,ne,S,55.0,5084124,madden,2026
Quintayvious Hutchins,ne,LB,55.0,4698181,madden,2026
Reggie Gilliam,ne,FB,83.0,4039505,madden,2026
Rhamondre Stevenson,ne,RB,77.0,4569173,madden,2026
Robert Spillane,ne,LB,85.0,3129446,madden,2026
Romeo Doubs,ne,WR,79.0,4361432,madden,2026
Sebastian Gutierrez,ne,OT,63.1,5041985,madden,2026
Tanner Arkin,ne,TE,75.1,4683308,madden,2026
Terrell Jennings,ne,RB,65.0,4427600,madden,2026
Tommy DeVito,ne,QB,61.0,4240391,madden,2026
Travis Shaw,ne,DT,55.0,4685551,madden,2026
TreVeyon Henderson,ne,RB,82.0,4432710,madden,2026
Will Campbell,ne,OT,81.0,4685298,madden,2026
Xavier Holmes,ne,LB,55.0,4877877,madden,2026
Alan Herron,no,OT,63.7,5164879,madden,2026
Alex Wollschlaeger,no,OT,55.0,4433930,madden,2026
Alvin Kamara,no,RB,87.0,3054850,madden,2026
Anfernee Jennings,no,LB,77.0,3925350,madden,2026
Asim Richards,no,OT,64.0,4430379,madden,2026
Audric Estime,no,RB,70.0,4569682,madden,2026
Barion Brown,no,WR,72.8,4698597,madden,2026
Barry Wesley,no,OT,61.0,4256055,madden,2026
Beanie Bishop,no,CB,55.0,4363052,madden,2026
Brock Rechsteiner,no,WR,55.0,4877738,madden,2026
Bryan Bresee,no,DT,75.0,4428988,madden,2026
Bryce Lance,no,WR,63.1,4879276,madden,2026
Bub Means,no,WR,70.0,4427985,madden,2026
CJ Donaldson,no,RB,69.7,5081999,madden,2026
Cameron Jordan,no,DE,88.0,13971,madden,2026
Carl Granderson,no,DE,79.0,3918310,madden,2026
Cesar Ruiz,no,G,76.0,4258199,madden,2026
Charlie Smyth,no,PK,77.0,5208518,madden,2026
Chase Young,no,DE,81.0,4241986,madden,2026
Chris Olave,no,WR,88.0,4361370,madden,2026
Chris Rumph II,no,DE,70.0,4240475,madden,2026
Christen Miller,no,DT,55.0,4685479,madden,2026
Cody Hardy,no,TE,65.3,5086529,madden,2026
Dalys Beanum,no,CB,55.0,4695407,madden,2026
Danny Stutsman,no,LB,70.0,4683215,madden,2026
David Edwards,no,G,79.0,3917660,madden,2026
Davon Godchaux,no,DT,78.0,3115383,madden,2026
Derek Carr,no,QB,84,,madden,2026
Devaughn Vele,no,WR,74.0,4569559,madden,2026
Devin Neal,no,RB,72.0,4682652,madden,2026
Dillon Radunz,no,G,72.0,4040945,madden,2026
Easton Kilty,no,OT,61.7,4696488,madden,2026
Elliott Davison,no,S,55.0,4688366,madden,2026
Erik McCoy,no,C,88.0,3917331,madden,2026
Fadil Diggs,no,DE,55.0,4429073,madden,2026
Hunter Dekkers,no,QB,72.5,4565358,madden,2026
Isaac Yiadom,no,CB,72.0,3122797,madden,2026
Isaiah Stalbird,no,LB,63.0,4361194,madden,2026
Ja'Lynn Polk,no,WR,73.0,4430637,madden,2026
Jackson Sirmon,no,LB,55.0,4361101,madden,2026
Jalen Moreno-Cropper,no,WR,59.2,4426990,madden,2026
Jay'viar Suggs,no,DT,55.0,5213029,madden,2026
Jayden Price,no,CB,55.0,4383391,madden,2026
Jaylan Ford,no,LB,69.0,4566088,madden,2026
Jeremiah Wright,no,G,55.0,4433938,madden,2026
John Ridgeway III,no,DT,66.0,4248047,madden,2026
Jonas Sanker,no,S,77.0,4683813,madden,2026
Jordan Howden,no,S,74.0,4360949,madden,2026
Jordyn Tyson,no,WR,55.0,4880281,madden,2026
Julian Blackmon,no,S,78.0,4035661,madden,2026
Justin Reid,no,S,85.0,3931399,madden,2026
Juwan Johnson,no,TE,79.0,3929645,madden,2026
Kaden Elliss,no,LB,84.0,3124890,madden,2026
Keeshawn Silver,no,DT,55.0,4432764,madden,2026
Kelvin Banks Jr.,no,OT,77.0,4685260,madden,2026
Kendre Miller,no,RB,76.0,4599739,madden,2026
Kevin Austin Jr.,no,WR,63.0,4372758,madden,2026
Khristian Boyd,no,DT,70.0,4384595,madden,2026
Kool-Aid McKinstry,no,CB,76.0,4433975,madden,2026
Lorenzo Styles Jr.,no,S,55.0,4432768,madden,2026
Martin Emerson Jr.,no,CB,75.0,4429568,madden,2026
Mason Tipton,no,WR,70.0,4573697,madden,2026
Michael Heldman,no,DE,55.0,4705926,madden,2026
Moliki Matavao,no,TE,62.0,4432731,madden,2026
Myles Cole,no,DE,55.0,4365303,madden,2026
Nathan Shepherd,no,DT,74.0,4076951,madden,2026
Nick Saldiveri,no,OT,63.0,4361600,madden,2026
Noah Fant,no,TE,73.0,4036131,madden,2026
Oscar Delp,no,TE,69.9,4702559,madden,2026
Pete Werner,no,LB,75.0,4241993,madden,2026
Quincy Riley,no,CB,73.0,4428350,madden,2026
Rejzohn Wright,no,CB,65.0,4696043,madden,2026
Ronnie Bell,no,WR,73.5,4372063,madden,2026
Ryan Wright,no,P,75.0,4361823,madden,2026
Spencer Rattler,no,QB,70.0,4426339,madden,2026
TJ Hall,no,CB,55.0,4873075,madden,2026
Taliese Fuaga,no,OT,77.0,4606711,madden,2026
Tanner Brown,no,PK,55.0,4696736,madden,2026
Terrell Burgess,no,S,72.0,4035663,madden,2026
Torricelli Simpkins III,no,G,61.0,4696902,madden,2026
Travis Etienne Jr.,no,RB,87.0,4239996,madden,2026
Trey Palmer,no,WR,71.0,4426407,madden,2026
Treyton Welch,no,TE,55.0,4430684,madden,2026
Ty Chandler,no,RB,73.0,4242431,madden,2026
Tyler Shough,no,QB,77.0,4360689,madden,2026
Tyree Wilson,no,DE,73.0,4372533,madden,2026
Vernon Broughton,no,DT,68.0,4429040,madden,2026
William Sherman,no,G,59.0,4243186,madden,2026
Xavier Truss,no,OT,61.0,4427080,madden,2026
Zach Wilson,no,QB,65.0,4361259,madden,2026
Zach Wood,no,LS,79.0,2575788,madden,2026
Zaire Mitchell-Paden,no,TE,60.0,4876006,madden,2026
Zxavian Harris,no,DT,55.0,4685365,madden,2026
Aaron Stinnie,nyg,G,69.0,3049339,madden,2026
Abdul Carter,nyg,LB,81.0,4725996,madden,2026
Andrew Thomas,nyg,OT,93.0,4259566,madden,2026
Anquin Barnes Jr.,nyg,DT,55.0,4602016,madden,2026
Ar'Darius Washington,nyg,S,78.0,4362492,madden,2026
Art Green,nyg,CB,65.0,4689674,madden,2026
Arvell Reese,nyg,LB,55.0,4950400,madden,2026
Beau Brade,nyg,S,63.0,4429291,madden,2026
Beaux Collins,nyg,WR,67.0,4431210,madden,2026
Ben Barten,nyg,DT,55.0,4429250,madden,2026
Ben Mann,nyg,LS,55.0,4883114,madden,2026
Ben Sauls,nyg,PK,70.0,4566158,madden,2026
Bobby Jamison-Travis,nyg,DT,55.0,5159928,madden,2026
Brandon Allen,nyg,QB,54.0,2574511,madden,2026
Braxton Berrios,nyg,WR,72.0,3123075,madden,2026
Brian Burns,nyg,LB,89.0,4035631,madden,2026
Bryan Hudson,nyg,C,60.7,4426489,madden,2026
Caleb Murphy,nyg,LB,64.0,4911489,madden,2026
Calvin Austin III,nyg,WR,76.0,4243389,madden,2026
Cam Jones,nyg,LB,64.0,4371959,madden,2026
Cam Skattebo,nyg,RB,81.0,4696981,madden,2026
Chauncey Golston,nyg,DE,73.0,4036132,madden,2026
Chris Manhertz,nyg,TE,71.0,2531358,madden,2026
Colton Hood,nyg,CB,55.0,4921249,madden,2026
DJ Reader,nyg,DT,84.0,2977670,madden,2026
Dalen Cambre,nyg,WR,66.0,4570296,madden,2026
Damon Bankston,nyg,RB,72.7,4876378,madden,2026
Daniel Faalele,nyg,G,74.0,4360964,madden,2026
Dante Miller,nyg,RB,56.5,4367510,madden,2026
Darius Alexander,nyg,DT,72.0,4426542,madden,2026
Darius Muasau,nyg,LB,70.0,4428072,madden,2026
Darius Slayton,nyg,WR,78.0,3916945,madden,2026
Darnell Mooney,nyg,WR,77.0,4040655,madden,2026
Deonte Banks,nyg,CB,75.0,4428328,madden,2026
Devin Singletary,nyg,RB,76.0,4040761,madden,2026
Dominic Zvada,nyg,PK,55.0,5082424,madden,2026
Dru Phillips,nyg,CB,78.0,4431321,madden,2026
Elijah Campbell,nyg,S,63.0,3932901,madden,2026
Eric Gray,nyg,RB,67.0,4570561,madden,2026
Evan Neal,nyg,OT,73.0,4567134,madden,2026
Francis Mauigoa,nyg,OT,56.3,4870914,madden,2026
Greg Newsome II,nyg,CB,79.0,4361266,madden,2026
Gunner Olszewski,nyg,WR,66.0,4424106,madden,2026
Isaiah Hodgins,nyg,WR,71.0,4242540,madden,2026
Isaiah Likely,nyg,TE,75.0,4361050,madden,2026
J.C. Davis,nyg,OT,66.7,5082353,madden,2026
Jack Kelly,nyg,LB,55.0,4876380,madden,2026
Jake Kubas,nyg,G,59.7,4383405,madden,2026
Jalin Hyatt,nyg,WR,70.0,4692590,madden,2026
Jameis Winston,nyg,QB,71.0,2969939,madden,2026
Jarrick Bernard-Converse,nyg,CB,66.0,4361834,madden,2026
Jarrod Gray,nyg,OT,61.5,5360470,madden,2026
Jason Pinnock,nyg,S,73.0,4240706,madden,2026
Jaxson Dart,nyg,QB,76.0,4689114,madden,2026
Jermaine Eluemunor,nyg,OT,78.0,3115303,madden,2026
Jevon Holland,nyg,S,83.0,4373809,madden,2026
John Michael Schmitz Jr.,nyg,C,73.0,4240771,madden,2026
Jon Runyan,nyg,G,74.0,3929936,madden,2026
Jordan Stout,nyg,P,76.0,4260224,madden,2026
Josh Tupou,nyg,DT,55.0,2979632,madden,2026
Joshua Ezeudu,nyg,G,64.0,4373280,madden,2026
JuJu Smith-Schuster,nyg,WR,77.0,3120348,madden,2026
Kayvon Thibodeaux,nyg,LB,78.0,4426326,madden,2026
Khalid Kareem,nyg,DE,67.0,4039029,madden,2026
Korie Black,nyg,CB,68.0,4429281,madden,2026
Leki Fotu,nyg,DT,70.0,4035666,madden,2026
Lucas Patrick,nyg,G,72.0,2576736,madden,2026
Malachi Fields,nyg,WR,65.4,4682648,madden,2026
Malik Nabers,nyg,WR,86.0,4595348,madden,2026
Marcus Mbow,nyg,OT,67.0,4686362,madden,2026
Micah McFadden,nyg,LB,76.0,4371961,madden,2026
Nic Jones,nyg,CB,64.0,4427636,madden,2026
Odell Beckham Jr.,nyg,WR,72.6,16733,madden,2026
Patrick Ricard,nyg,FB,82.0,2975417,madden,2026
Paulson Adebo,nyg,CB,78.0,4242547,madden,2026
Raheem Layne,nyg,S,55.0,4258237,madden,2026
Rico Payton,nyg,CB,66.0,4368350,madden,2026
Roy Robertson-Harris,nyg,DT,73.0,2574891,madden,2026
Ryan Miller,nyg,WR,66.0,4369466,madden,2026
Ryan Schernecke,nyg,OT,55.0,5344428,madden,2026
Sam Roberts,nyg,DT,68.0,4077786,madden,2026
Shelby Harris,nyg,DT,77.0,16837,madden,2026
Tanner Conner,nyg,TE,57.0,4047422,madden,2026
Thaddeus Dixon,nyg,CB,55.0,5151880,madden,2026
Theo Johnson,nyg,TE,77.0,4429148,madden,2026
Thomas Fidone II,nyg,TE,65.0,4590292,madden,2026
Trace Ford,nyg,LB,55.0,4427207,madden,2026
Tremaine Edmunds,nyg,LB,82.0,3929950,madden,2026
Tyler Nubin,nyg,S,74.0,4430261,madden,2026
Tyrone Tracy Jr.,nyg,RB,79.0,4360516,madden,2026
Xavier Gipson,nyg,WR,71.0,4427278,madden,2026
Zacch Pickens,nyg,DT,68.0,4426332,madden,2026
Zaire Barnes,nyg,LB,65.0,4362234,madden,2026
Aaron Rodgers,nyj,QB,90,,madden,2026
Adonai Mitchell,nyj,WR,75.0,4597500,madden,2026
Andre Cisco,nyj,S,77.0,4361939,madden,2026
Andrew Beck,nyj,FB,68.0,3125107,madden,2026
Anez Cooper,nyj,G,87.0,4905597,madden,2026
Arian Smith,nyj,WR,68.0,4429105,madden,2026
Armand Membou,nyj,OT,83.0,4789907,madden,2026
Austin McNamara,nyj,P,73.0,4427982,madden,2026
Azareye'h Thomas,nyj,CB,74.0,4685596,madden,2026
Bailey Zappe,nyj,QB,55.0,4250360,madden,2026
Brady Cook,nyj,QB,62.0,4429435,madden,2026
Braelon Allen,nyj,RB,72.0,4685247,madden,2026
Braiden McGregor,nyj,DE,67.0,4429005,madden,2026
Brandon Stephens,nyj,CB,76.0,4035824,madden,2026
Breece Hall,nyj,RB,89.0,4427366,madden,2026
Cade Klubnik,nyj,QB,66.6,4685413,madden,2026
Cade York,nyj,PK,70.0,4428963,madden,2026
Caullin Lacy,nyj,WR,64.9,4430185,madden,2026
Chase Curtis,nyj,TE,69.8,4695223,madden,2026
Chase Wilson,nyj,LB,55.0,4568713,madden,2026
Chip Trayanum,nyj,RB,55.0,4430893,madden,2026
Chukwuma Okorafor,nyj,OT,67.0,3129473,madden,2026
Courtland Ford,nyj,OT,66.8,4429770,madden,2026
D'Angelo Ponds,nyj,CB,55.0,5118340,madden,2026
DT Sheffield,nyj,WR,55.0,5153056,madden,2026
Dane Belton,nyj,S,76.0,4426686,madden,2026
Darrell Jackson Jr.,nyj,DT,55.0,4612836,madden,2026
David Bailey,nyj,LB,55.0,4685248,madden,2026
David Onyemata,nyj,DT,79.0,4002046,madden,2026
Dean Clark,nyj,S,64.0,4426921,madden,2026
Demario Davis,nyj,LB,91.0,14958,madden,2026
Dylan Parham,nyj,G,75.0,4243375,madden,2026
Eric Watts,nyj,DE,65.0,4569016,madden,2026
Garrett Wilson,nyj,WR,88.0,4569618,madden,2026
Garrison Grimes,nyj,LS,55.0,4879195,madden,2026
Gee Scott Jr.,nyj,WR,55.0,4429115,madden,2026
Geno Smith,nyj,QB,70.0,15864,madden,2026
Harrison Phillips,nyj,DT,78.0,3117255,madden,2026
Isaiah Davis,nyj,RB,70.0,4695404,madden,2026
Isaiah Williams,nyj,WR,67.0,4569371,madden,2026
Jack Heflin,nyj,DT,55.0,4039485,madden,2026
Jaden Keller,nyj,LB,55.0,4700756,madden,2026
Jalen Walthall,nyj,WR,55.0,4875788,madden,2026
Jamaal Pritchett,nyj,WR,57.1,4892576,madden,2026
Jamien Sherwood,nyj,LB,77.0,4361331,madden,2026
Jarius Monroe,nyj,S,62.0,4430182,madden,2026
Jarvis Brownlee Jr.,nyj,CB,75.0,4426817,madden,2026
Jason Sanders,nyj,PK,77.0,3124679,madden,2026
Jelani Woods,nyj,TE,67.0,4241410,madden,2026
Jeremy Ruckert,nyj,TE,68.0,4361372,madden,2026
Joe Tippmann,nyj,C,79.0,4428681,madden,2026
Jordan Clark,nyj,CB,63.0,4429411,madden,2026
Joseph Ossai,nyj,DE,74.0,4362094,madden,2026
Josh Myers,nyj,C,72.0,4242000,madden,2026
Jowon Briggs,nyj,DT,74.0,4426676,madden,2026
Keidron Smith,nyj,S,64.0,4372418,madden,2026
Kene Nwangwu,nyj,RB,67.0,4035537,madden,2026
Kenyon Sadiq,nyj,TE,55.0,5083315,madden,2026
Kiko Mauigoa,nyj,LB,55.0,4700136,madden,2026
Kingsley Enagbare,nyj,LB,72.0,4362840,madden,2026
Kingsley Jonathan,nyj,DE,55.0,4240405,madden,2026
Kobe King,nyj,LB,66.0,4588300,madden,2026
Kohl Levao,nyj,G,63.8,4373951,madden,2026
Landon Young,nyj,OT,62.0,4035079,madden,2026
Liam Fornadel,nyj,G,67.7,4249599,madden,2026
Malachi Moore,nyj,S,71.0,4692024,madden,2026
Malik McClain,nyj,WR,63.6,4682509,madden,2026
Marcelino McCrary-Ball,nyj,LB,64.0,4045299,madden,2026
Marquis Hayes,nyj,G,66.4,4241382,madden,2026
Mason Taylor,nyj,TE,74.0,4808766,madden,2026
Max Mitchell,nyj,OT,66.0,4373656,madden,2026
Mazi Smith,nyj,DT,70.0,4426347,madden,2026
Minkah Fitzpatrick,nyj,S,89.0,3925345,madden,2026
Mory Bamba,nyj,CB,55.0,5092196,madden,2026
Mykal Walker,nyj,LB,70.0,4243009,madden,2026
Nahshon Wright,nyj,CB,75.0,4570470,madden,2026
Nathan Voorhis,nyj,LB,55.0,4880093,madden,2026
Olu Fashanu,nyj,OT,75.0,4431809,madden,2026
Omar Cooper Jr.,nyj,WR,71.4,4723820,madden,2026
Paschal Ekeji,nyj,DE,55.0,5279356,madden,2026
Payton Page,nyj,DT,55.0,4431582,madden,2026
Quentin Skinner,nyj,WR,55.0,4613050,madden,2026
Qwan'tez Stiggers,nyj,CB,67.0,5208977,madden,2026
Sam Scott,nyj,RB,55.0,4700138,madden,2026
Samuel Womack III,nyj,CB,72.0,4280416,madden,2026
Sauce Gardner,nyj,CB,92,,madden,2026
T'Vondre Sweat,nyj,DT,79.0,4428617,madden,2026
Thomas Hennessy,nyj,LS,73.0,2983155,madden,2026
Tim Patrick,nyj,WR,76.0,3134353,madden,2026
Tre Brown,nyj,CB,71.0,4241373,madden,2026
Tyler Baron,nyj,DE,69.0,4692555,madden,2026
VJ Payne,nyj,S,55.0,4837388,madden,2026
Will McDonald IV,nyj,DE,78.0,4361767,madden,2026
Xavier Hill,nyj,G,65.7,4431133,madden,2026
Xavier Newman,nyj,G,58.0,4259186,madden,2026
A.J. Brown,phi,WR,94,,madden,2026
AJ Epenesa,phi,DE,75.0,4240585,madden,2026
Ambry Thomas,phi,CB,55.0,4258209,madden,2026
Andre' Sam,phi,S,55.0,4250510,madden,2026
Andrew Mukuba,phi,S,74.0,4602197,madden,2026
Andy Dalton,phi,QB,70.0,14012,madden,2026
Arnold Ebiketie,phi,LB,77.0,4257591,madden,2026
Braden Mann,phi,P,79.0,4035239,madden,2026
Britain Covey,phi,WR,65.0,3926231,madden,2026
Byron Young,phi,DT,69.0,4567123,madden,2026
Cam Jurgens,phi,C,77.0,4361178,madden,2026
Cameron Latu,phi,TE,65.0,4372026,madden,2026
Cameron Williams,phi,OT,66.0,4685590,madden,2026
Carson Steele,phi,RB,55.0,4714365,madden,2026
Chance Campbell,phi,LB,55.0,4372051,madden,2026
Cole Payton,phi,QB,57.8,4879250,madden,2026
Cole Wisniewski,phi,S,55.0,4693345,madden,2026
Cooper DeJean,phi,CB,85.0,4682618,madden,2026
Dae'Quan Wright,phi,TE,55.0,4838696,madden,2026
Dallas Goedert,phi,TE,88.0,3121023,madden,2026
Dameon Pierce,phi,RB,74.0,4360238,madden,2026
Danny Gray,phi,WR,69.8,4689546,madden,2026
Darius Cooper,phi,WR,68.0,4715355,madden,2026
DeVonta Smith,phi,WR,89.0,4241478,madden,2026
Deontae Lawson,phi,LB,55.0,4432725,madden,2026
Dontayvion Wicks,phi,WR,76.0,4428850,madden,2026
Drew Kendall,phi,C,65.0,4567802,madden,2026
E.J. Jenkins,phi,TE,66.8,4248557,madden,2026
Eli Stowers,phi,TE,55.0,4431574,madden,2026
Elijah Mitchell,phi,RB,74.0,4241555,madden,2026
Elijah Moore,phi,WR,76.0,4372414,madden,2026
Erik Ezukanma,phi,WR,71.1,4362186,madden,2026
Fred Johnson,phi,OT,66.0,3915106,madden,2026
Gabe Hall,phi,DT,64.0,4429731,madden,2026
Grant Calcaterra,phi,TE,69.0,4241374,madden,2026
Haason Reddick,phi,LB,90,,madden,2026
Hollin Pierce,phi,OT,55.0,4698119,madden,2026
Hollywood Brown,phi,WR,75.0,4241372,madden,2026
J.T. Gray,phi,S,62.0,3115481,madden,2026
Jaeden Roberts,phi,G,55.0,4431529,madden,2026
Jake Elliott,phi,PK,79.0,3050478,madden,2026
Jake Majors,phi,C,59.8,4430814,madden,2026
Jakorian Bennett,phi,CB,73.0,4686911,madden,2026
Jalen Carter,phi,DT,89.0,4685759,madden,2026
Jalen Hurts,phi,QB,93.0,4040715,madden,2026
Jalyx Hunt,phi,LB,74.0,4571162,madden,2026
Jeremiah Trotter Jr.,phi,LB,67.0,4432777,madden,2026
Jihaad Campbell,phi,LB,79.0,4685287,madden,2026
John Ojukwu,phi,OT,61.0,4240015,madden,2026
Johnny Mundt,phi,TE,68.0,3052096,madden,2026
Johnny Wilson,phi,WR,68.0,4686104,madden,2026
Jonathan Greenard,phi,LB,85.0,3916409,madden,2026
Jonathan Jones,phi,CB,73.0,2971027,madden,2026
Jordan Davis,phi,DT,82.0,4381558,madden,2026
Jordan Mailata,phi,OT,91.0,4334215,madden,2026
Jose Ramirez,phi,LB,55.0,4569068,madden,2026
Joshua Weru,phi,DE,55.0,5344965,madden,2026
Kapena Gushiken,phi,S,55.0,5153072,madden,2026
Kelee Ringo,phi,CB,73.0,4428992,madden,2026
Keyshawn James-Newby,phi,LB,55.0,5165139,madden,2026
Landon Dickerson,phi,G,85.0,4035624,madden,2026
Lane Johnson,phi,OT,99.0,15797,madden,2026
Mac McWilliams,phi,CB,71.0,4689651,madden,2026
Makai Lemon,phi,WR,62.6,4870795,madden,2026
Marcus Epps,phi,S,75.0,3139368,madden,2026
Markel Bell,phi,OT,74.3,5219831,madden,2026
Maximus Pulley,phi,S,55.0,5082391,madden,2026
Micah Morris,phi,G,58.2,4432738,madden,2026
Michael Carter II,phi,CB,76.0,4240456,madden,2026
Mike Jordan,phi,G,69.0,4040622,madden,2026
Moro Ojomo,phi,DT,75.0,4362116,madden,2026
Myles Hinton,phi,OT,65.0,4429000,madden,2026
Nolan Smith Jr.,phi,LB,83.0,4426331,madden,2026
Quez Watkins,phi,WR,55.0,4050373,madden,2026
Quinyon Mitchell,phi,CB,89.0,4686273,madden,2026
Riq Woolen,phi,CB,81.0,4245185,madden,2026
Rocco Underwood,phi,LS,55.0,4686566,madden,2026
Samori Toure,phi,WR,55.0,4027873,madden,2026
Saquon Barkley,phi,RB,91.0,3929630,madden,2026
Shaun Wade,phi,CB,55.0,4241995,madden,2026
Smael Mondon Jr.,phi,LB,69.0,4431573,madden,2026
Stone Smartt,phi,TE,64.0,4250764,madden,2026
Ta'Quon Graham,phi,DE,69.0,4262197,madden,2026
Tank Bigsby,phi,RB,77.0,4429013,madden,2026
Tanner McKee,phi,QB,64.0,4685201,madden,2026
Tariq Castro-Fields,phi,CB,55.0,4259590,madden,2026
Tucker Large,phi,S,55.0,4878896,madden,2026
Ty Robinson,phi,DT,71.0,4569586,madden,2026
Tyler Steen,phi,G,74.0,4362805,madden,2026
Uar Bernard,phi,DT,55.0,5344966,madden,2026
Will Shipley,phi,RB,72.0,4431545,madden,2026
Willie Lampkin,phi,C,63.0,4582836,madden,2026
Zack Baun,phi,LB,90.0,3917657,madden,2026
Zion Wilson,phi,DT,55.0,4872850,madden,2026
A.T. Perry,pit,WR,56.9,4362019,madden,2026
Aaron Rodgers,pit,QB,80.0,8439,madden,2026
Ahmari Harvey,pit,CB,55.0,4432709,madden,2026
Alex Highsmith,pit,LB,87.0,4037333,madden,2026
Anthony Goodlow,pit,DE,55.0,4372378,madden,2026
Asante Samuel Jr.,pit,CB,76.0,4363034,madden,2026
Ben Skowronek,pit,WR,70.0,4035656,madden,2026
Brandin Echols,pit,CB,75.0,4567979,madden,2026
Brandon Smith,pit,WR,55.0,4240577,madden,2026
Brock Hoffman,pit,C,67.0,4241087,madden,2026
Broderick Jones,pit,OT,71.0,4428990,madden,2026
Cameron Heyward,pit,DT,95.0,13977,madden,2026
Cameron Johnston,pit,P,74.0,3051397,madden,2026
Carson Bruener,pit,LB,64.0,4429490,madden,2026
Chris Boswell,pit,PK,86.0,17372,madden,2026
Christian Kuntz,pit,LS,62.0,2978524,madden,2026
Cole Burgess,pit,WR,74.4,5192448,madden,2026
Cole Holcomb,pit,LB,75.0,3116689,madden,2026
D'Shawn Jamison,pit,CB,55.0,4362082,madden,2026
DK Metcalf,pit,WR,85.0,4047650,madden,2026
Daequan Hardy,pit,CB,55.0,4429743,madden,2026
Darnell Savage,pit,S,72.0,3915419,madden,2026
Darnell Washington,pit,TE,76.0,4430802,madden,2026
Daryl Porter Jr.,pit,CB,55.0,4691005,madden,2026
Daylen Everette,pit,CB,55.0,4685327,madden,2026
DeShon Elliott,pit,S,80.0,3929846,madden,2026
Dean Lowry,pit,DT,71.0,2974348,madden,2026
Derrick Harmon,pit,DT,77.0,4682980,madden,2026
Devan Boykin,pit,CB,55.0,4430961,madden,2026
Doneiko Slaughter,pit,CB,55.0,4692628,madden,2026
Donte Kent,pit,CB,68.0,4608004,madden,2026
Doug Nester,pit,G,58.3,4426368,madden,2026
Drew Allar,pit,QB,78.0,4714771,madden,2026
Dylan Cook,pit,OT,63.0,4570898,madden,2026
Eli Heidenreich,pit,RB,66.8,5081508,madden,2026
Esezi Otomewo,pit,DT,66.0,4240759,madden,2026
Gabriel Rubio,pit,DE,55.0,4431533,madden,2026
Gennings Dunker,pit,G,70.0,4431258,madden,2026
George Pickens,pit,WR,84,,madden,2026
Germie Bernard,pit,WR,75.1,4685261,madden,2026
Greg Crippen,pit,C,71.6,4432684,madden,2026
JJ Galbreath,pit,TE,66.9,4695800,madden,2026
Jack Driscoll,pit,OT,67.0,3932668,madden,2026
Jack Henderson,pit,S,55.0,4696820,madden,2026
Jack Sawyer,pit,LB,72.0,4431590,madden,2026
Jacoby Windmon,pit,LB,55.0,4428909,madden,2026
Jaheim Bell,pit,TE,74.7,4429262,madden,2026
Jalen Ramsey,pit,CB,94.0,3045373,madden,2026
Jamel Dean,pit,CB,86.0,3873935,madden,2026
Jamin Davis,pit,LB,67.0,4240778,madden,2026
Jaquan Brisker,pit,S,86.0,4570044,madden,2026
Jaylen Warren,pit,RB,82.0,4569987,madden,2026
Joaquin Davis,pit,WR,67.0,4696907,madden,2026
Joey Porter Jr.,pit,CB,85.0,4426506,madden,2026
Julius Welschof,pit,LB,55.0,4372098,madden,2026
Kaden Wetjen,pit,WR,55.0,5081338,madden,2026
Kaleb Johnson,pit,RB,74.0,4819231,madden,2026
Keeanu Benton,pit,DT,76.0,4426694,madden,2026
Kevin Jobity Jr.,pit,DT,55.0,5084849,madden,2026
Kyler Baugh,pit,DT,55.0,4573443,madden,2026
Laith Marjan,pit,PK,55.0,4710727,madden,2026
Lake McRee,pit,TE,59.1,4566198,madden,2026
Levi Wentz,pit,WR,55.0,4613132,madden,2026
Lew Nichols,pit,RB,57.7,4428119,madden,2026
Logan Lee,pit,DT,70.0,4569474,madden,2026
Lorenzo Thompson,pit,OT,55.0,4367040,madden,2026
Malik Harrison,pit,LB,73.0,4040615,madden,2026
Mason McCormick,pit,G,77.0,4368304,madden,2026
Mason Rudolph,pit,QB,66.0,3116407,madden,2026
Max Hurleman,pit,RB,64.2,4694237,madden,2026
Max Iheanachor,pit,OT,62.0,5150136,madden,2026
Michael Pittman Jr.,pit,WR,84.0,4035687,madden,2026
Minkah Fitzpatrick,pit,S,92,,madden,2026
Nick Herbig,pit,LB,78.0,4429164,madden,2026
Pat Freiermuth,pit,TE,79.0,4361411,madden,2026
Patrick Queen,pit,LB,80.0,4242207,madden,2026
Payton Wilson,pit,LB,75.0,4361652,madden,2026
Rico Dowdle,pit,RB,84.0,4038815,madden,2026
Riley Nowakowski,pit,FB,55.5,4693370,madden,2026
Robert Spears-Jennings,pit,S,55.0,4820584,madden,2026
Robert Tonyan,pit,TE,67.0,2975674,madden,2026
Roman Wilson,pit,WR,71.0,4431492,madden,2026
Russell Wilson,pit,QB,82,,madden,2026
Ryan McCollum,pit,C,54.0,4035253,madden,2026
Sebastian Castro,pit,S,62.0,4426882,madden,2026
Sebastian Joseph-Day,pit,DT,78.0,3047495,madden,2026
Spencer Anderson,pit,G,67.0,4372056,madden,2026
Steven Jones,pit,G,61.6,4373830,madden,2026
T.J. Watt,pit,LB,97.0,3045282,madden,2026
Tamon Lynum,pit,CB,55.0,4565353,madden,2026
Travis Homer,pit,RB,69.0,4037457,madden,2026
Troy Fautanu,pit,OT,77.0,4427170,madden,2026
Will Howard,pit,QB,64.0,4429955,madden,2026
Yahya Black,pit,DE,68.0,4430947,madden,2026
Zach Frazier,pit,C,85.0,4429775,madden,2026
AJ Barner,sea,TE,75.0,4576297,madden,2026
AJ Finley,sea,S,63.0,4427190,madden,2026
Abraham Lucas,sea,OT,83.0,4245171,madden,2026
Aidan Hubbard,sea,LB,55.0,4603089,madden,2026
Amari Kight,sea,OT,60.0,4567135,madden,2026
Andre Fuller,sea,CB,55.0,4693934,madden,2026
Anthony Bradford,sea,G,72.0,4429211,madden,2026
Beau Stephens,sea,G,55.0,4592823,madden,2026
Bobby Hart,sea,OT,64.0,2576789,madden,2026
Bobby Wagner,sea,LB,90,,madden,2026
Brady Russell,sea,FB,61.0,4243176,madden,2026
Brandon Pili,sea,DT,63.0,4259651,madden,2026
Bryce Cabeldue,sea,G,66.0,4612077,madden,2026
Bubba Thomas,sea,DT,55.0,4428657,madden,2026
Bud Clark,sea,S,55.0,4430262,madden,2026
Byron Murphy II,sea,DT,55.0,4570040,madden,2026
Charles Cross,sea,OT,83.0,4426376,madden,2026
Chazz Surratt,sea,LB,64.0,4037521,madden,2026
Chris Paul Jr.,sea,LB,75.0,4602943,madden,2026
Chris Stoll,sea,LS,62.0,4259606,madden,2026
Christian Haynes,sea,G,72.0,4362135,madden,2026
Cody White,sea,WR,64.0,4241983,madden,2026
Connor O'Toole,sea,LB,64.0,4605491,madden,2026
Cooper Kupp,sea,WR,84.0,2977187,madden,2026
D'Anthony Bell,sea,S,67.0,4608386,madden,2026
DK Metcalf,sea,WR,90,,madden,2026
Dante Fowler Jr.,sea,LB,75.0,2980100,madden,2026
DeMarcus Lawrence,sea,LB,87.0,16802,madden,2026
Derick Hall,sea,LB,77.0,4567226,madden,2026
Deven Eastern,sea,DT,55.0,4609203,madden,2026
Devon Witherspoon,sea,CB,91.0,4575431,madden,2026
Drake Thomas,sea,LB,75.0,4428659,madden,2026
Drew Lock,sea,QB,66.0,3924327,madden,2026
Elijah Arroyo,sea,TE,70.0,4678006,madden,2026
Emanuel Wilson,sea,RB,73.0,4887558,madden,2026
Emmanuel Henderson Jr.,sea,WR,65.2,4685381,madden,2026
Eric Saubert,sea,TE,67.0,2975863,madden,2026
Ernest Jones IV,sea,LB,83.0,4362851,madden,2026
Federico Maranges,sea,C,57.2,4430070,madden,2026
Geno Smith,sea,QB,84,,madden,2026
George Holani,sea,RB,67.0,4429835,madden,2026
Grey Zabel,sea,G,79.0,4693346,madden,2026
Harrison Bryant,sea,TE,70.0,4040774,madden,2026
Irv Charles,sea,WR,64.0,3929636,madden,2026
J.R. Singleton,sea,DT,55.0,4686447,madden,2026
Ja'Markis Weston,sea,LB,61.0,4567416,madden,2026
Jacardia Wright,sea,RB,55.0,4428943,madden,2026
Jadarian Price,sea,RB,55.0,4685512,madden,2026
Jake Bobo,sea,WR,69.0,4360405,madden,2026
Jalan Gaines,sea,LB,55.0,5087235,madden,2026
Jalen Milroe,sea,QB,65.0,4432734,madden,2026
Jalen Sundell,sea,C,69.0,4383409,madden,2026
Jamie Sheriff,sea,LB,55.0,4685984,madden,2026
Jared Ivey,sea,LB,59.0,4605478,madden,2026
Jarran Reed,sea,DT,78.0,3115312,madden,2026
Jason Myers,sea,PK,84.0,2473037,madden,2026
Jaxon Smith-Njigba,sea,WR,95.0,4430878,madden,2026
Josh Jobe,sea,CB,77.0,4372020,madden,2026
Josh Jones,sea,G,71.0,3914630,madden,2026
Julian Love,sea,S,85.0,4046675,madden,2026
Julian Neal,sea,CB,55.0,4684543,madden,2026
Kenneth Walker III,sea,RB,86,,madden,2026
Kenny McIntosh,sea,RB,64.0,4427391,madden,2026
Lance Mason,sea,TE,57.0,5097854,madden,2026
Leonard Williams,sea,DT,88.0,2971622,madden,2026
Logan Brown,sea,OT,69.7,4570075,madden,2026
Marvin Jones Jr.,sea,LB,55.0,4685425,madden,2026
Mason Richman,sea,G,63.0,4432525,madden,2026
Maxen Hook,sea,S,55.0,4431145,madden,2026
Michael Dansby,sea,CB,55.0,2094390,madden,2026
Michael Dickson,sea,P,85.0,3929851,madden,2026
Mike Morris,sea,DE,68.0,4572055,madden,2026
Montorie Foster Jr.,sea,WR,67.1,4600597,madden,2026
Nehemiah Pritchett,sea,CB,69.0,4567222,madden,2026
Nick Emmanwori,sea,S,85.0,4869523,madden,2026
Nick Kallerup,sea,TE,60.0,4569547,madden,2026
Noah Igbinoghene,sea,CB,71.0,4242516,madden,2026
Olu Oluwatimi,sea,C,66.0,4370807,madden,2026
Patrick O'Connell,sea,LB,57.0,4364623,madden,2026
Rashad Rochelle,sea,WR,55.0,4700149,madden,2026
Rashid Shaheed,sea,WR,79.0,4032473,madden,2026
Ricky White III,sea,WR,55.0,4431479,madden,2026
Robbie Ouzts,sea,FB,73.0,4691688,madden,2026
Rodney Thomas II,sea,S,70.0,4248455,madden,2026
Rylie Mills,sea,DT,69.0,4430838,madden,2026
Sam Darnold,sea,QB,85.0,3912547,madden,2026
Shemar Jean-Charles,sea,CB,55.0,4036430,madden,2026
Tory Horton,sea,WR,75.0,4597703,madden,2026
Ty Okada,sea,S,70.0,4247808,madden,2026
Tyrice Knight,sea,LB,75.0,4686540,madden,2026
Tyrone Broden,sea,CB,55.0,4429313,madden,2026
Uchenna Nwosu,sea,LB,77.0,3120358,madden,2026
Uso Seumalo,sea,DT,55.0,5081916,madden,2026
Velus Jones Jr.,sea,WR,68.0,4035693,madden,2026
Zach Charbonnet,sea,RB,82.0,4426385,madden,2026
Adrian Martinez,sf,QB,60.0,4361182,madden,2026
Alfred Collins,sf,DT,72.0,4430835,madden,2026
Andrew Farmer II,sf,DE,55.0,4394894,madden,2026
Ashtyn Davis,sf,S,73.0,3858271,madden,2026
Austen Pleasants,sf,OT,65.0,3920814,madden,2026
Brandon Aiyuk,sf,WR,84.0,4360438,madden,2026
Brandon Parker,sf,OT,57.9,3072292,madden,2026
Brayden Willis,sf,TE,63.0,4360290,madden,2026
Brett Toth,sf,C,64.0,3129116,madden,2026
Brock Purdy,sf,QB,90.0,4361741,madden,2026
Bryson Eason,sf,DT,55.0,4431561,madden,2026
C.J. West,sf,DT,69.0,4686308,madden,2026
Cameron Sample,sf,DE,71.0,4243923,madden,2026
Carver Willis,sf,OT,55.0,4565779,madden,2026
Christian Kirk,sf,WR,78.0,3895856,madden,2026
Christian McCaffrey,sf,RB,97.0,3117251,madden,2026
Colton Dowell,sf,WR,71.0,4250945,madden,2026
Colton McKivitz,sf,OT,81.0,3916075,madden,2026
Connor Colby,sf,G,66.0,4431523,madden,2026
Corliss Waitman,sf,P,76.0,3125280,madden,2026
Darrell Luter Jr.,sf,CB,69.0,4685978,madden,2026
Darrick Forrest,sf,S,55.0,4239088,madden,2026
De'Zhaun Stribling,sf,WR,55.0,4710714,madden,2026
Deebo Samuel,sf,WR,89,,madden,2026
Demarcus Robinson,sf,WR,76.0,3043116,madden,2026
Deommodore Lenoir,sf,CB,81.0,4242488,madden,2026
Derrick Canteen,sf,CB,55.0,4429366,madden,2026
Dominick Puni,sf,G,82.0,5092959,madden,2026
Drake Nugent,sf,C,59.1,4428144,madden,2026
Dre Greenlaw,sf,LB,88.0,3916903,madden,2026
Eddy Pineiro,sf,PK,77.0,4034949,madden,2026
Eli Apple,sf,CB,55.0,3040506,madden,2026
Enrique Cruz Jr.,sf,OT,70.3,4691556,madden,2026
Ephesians Prysock,sf,CB,55.0,4685523,madden,2026
Evan Anderson,sf,DT,55.0,4612182,madden,2026
Fred Warner,sf,LB,97.0,3138826,madden,2026
Garret Wallow,sf,LB,62.0,4241807,madden,2026
George Kittle,sf,TE,93.0,3040151,madden,2026
Gracen Halton,sf,DT,55.0,4685369,madden,2026
Hayden Rucci,sf,TE,61.0,4428396,madden,2026
Isaac Alarcon,sf,OT,74.2,4686629,madden,2026
Isaac Guerendo,sf,RB,73.0,4372561,madden,2026
Jack Bouwmeester,sf,P,55.0,4426752,madden,2026
Jack Jones,sf,CB,76.0,4035686,madden,2026
Jacob Cowing,sf,WR,71.0,4575665,madden,2026
Jaden Dugger,sf,LB,55.0,5086161,madden,2026
Jake Brendel,sf,C,77.0,2577185,madden,2026
Jake Tonges,sf,TE,72.0,4259147,madden,2026
Jakob Robinson,sf,CB,55.0,4612272,madden,2026
Jalen Graham,sf,LB,55.0,4570410,madden,2026
Jalen Stroman,sf,S,55.0,4683155,madden,2026
James Thompson Jr.,sf,DT,55.0,4693371,madden,2026
Ji'Ayir Brown,sf,S,74.0,4693644,madden,2026
Jon Weeks,sf,LS,69.0,13729,madden,2026
Jordan James,sf,RB,72.0,4685397,madden,2026
Jordan Watkins,sf,WR,69.0,4431466,madden,2026
Junior Bergen,sf,WR,75.5,4887918,madden,2026
Kaelon Black,sf,RB,74.4,4696044,madden,2026
Keion White,sf,DE,73.0,4243493,madden,2026
Kevin Givens,sf,DT,73.0,3929641,madden,2026
Khalil Dinkins,sf,TE,70.6,4699678,madden,2026
Kurtis Rourke,sf,QB,62.0,4430431,madden,2026
Kyle Juszczyk,sf,FB,88.0,16002,madden,2026
Larry Worth III,sf,LB,55.0,5085268,madden,2026
Luke Farrell,sf,TE,64.0,4040612,madden,2026
Luke Gifford,sf,LB,64.0,3116097,madden,2026
Mac Jones,sf,QB,74.0,4241464,madden,2026
Malik Mustapha,sf,S,74.0,4696211,madden,2026
Malik Turner,sf,WR,55.0,3115928,madden,2026
Marques Sigle,sf,S,73.0,4693337,madden,2026
Mikail Kamara,sf,DE,55.0,4696051,madden,2026
Mike Evans,sf,WR,91.0,16737,madden,2026
Mykel Williams,sf,DE,77.0,4685623,madden,2026
Nate Hobbs,sf,CB,80.0,4240542,madden,2026
Nick Bosa,sf,DE,96.0,4040605,madden,2026
Nick Martin,sf,LB,71.0,4573188,madden,2026
Nick Zakelj,sf,OT,55.0,4247590,madden,2026
Osa Odighizuwa,sf,DT,77.0,4035840,madden,2026
Patrick McMorris,sf,S,55.0,4430158,madden,2026
Patrick Taylor Jr.,sf,RB,61.0,4039358,madden,2026
Renardo Green,sf,CB,77.0,4427325,madden,2026
Ricky Pearsall,sf,WR,80.0,4428209,madden,2026
Robert Jones,sf,G,70.0,4570495,madden,2026
Romello Height,sf,DE,55.0,4432244,madden,2026
Sam Okuayinonu,sf,DT,68.0,4569497,madden,2026
Sebastian Valdez,sf,DT,55.0,4775220,madden,2026
Sincere McCormick,sf,RB,61.4,4430104,madden,2026
Siran Neal,sf,CB,66.0,3057524,madden,2026
Tatum Bethune,sf,LB,70.0,4426698,madden,2026
Trent Williams,sf,OT,97.0,13241,madden,2026
Upton Stout,sf,CB,75.0,4565200,madden,2026
Vederian Lowe,sf,OT,66.0,4240554,madden,2026
Wesley Grimes,sf,WR,69.0,4888723,madden,2026
Will Pauling,sf,WR,59.3,4683114,madden,2026
William Bradley-King,sf,DE,55.0,4036476,madden,2026
Zach Thomas,sf,OT,55.0,4036834,madden,2026
A'Shawn Robinson,tb,DT,77.0,3054857,madden,2026
Al-Quadin Muhammad,tb,LB,76.0,3051942,madden,2026
Alex Anzalone,tb,LB,80.0,3043107,madden,2026
Anthony Nelson,tb,LB,74.0,3894856,madden,2026
Antoine Winfield Jr.,tb,S,92.0,4034790,madden,2026
Ayden Garnes,tb,CB,55.0,4890885,madden,2026
B.T. Potter,tb,PK,55.0,4360317,madden,2026
Baker Mayfield,tb,QB,85.0,3052587,madden,2026
Bauer Sharp,tb,TE,55.0,4890373,madden,2026
Ben Bredeson,tb,G,74.0,4046551,madden,2026
Ben Scott,tb,G,55.0,4569202,madden,2026
Benjamin Chukwuma,tb,OT,60.0,4690787,madden,2026
Benjamin Morrison,tb,CB,75.0,4816107,madden,2026
Billy Schrauth,tb,G,55.0,4685549,madden,2026
Bucky Irving,tb,RB,86.0,4596448,madden,2026
Cade Otton,tb,TE,75.0,4243331,madden,2026
Caden Fordham,tb,LB,55.0,4683096,madden,2026
Calijah Kancey,tb,DT,76.0,4427673,madden,2026
Chase Lucas,tb,CB,67.0,4047846,madden,2026
Chase McLaughlin,tb,PK,78.0,3150744,madden,2026
Chris Braswell,tb,LB,73.0,4428989,madden,2026
Chris Godwin Jr.,tb,WR,88.0,3116165,madden,2026
Christian Rozeboom,tb,LB,73.0,3909013,madden,2026
Cody Mauch,tb,G,78.0,4248545,madden,2026
Connor Bazelak,tb,QB,57.0,4426444,madden,2026
Damarion Williams,tb,CB,55.0,4567480,madden,2026
Dan Feeney,tb,G,70.0,2979482,madden,2026
David Sills V,tb,WR,69.0,3871102,madden,2026
David Walker,tb,LB,69.0,5085355,madden,2026
DeMonte Capehart,tb,DT,55.0,4429007,madden,2026
Dean Patterson,tb,WR,55.0,4875613,madden,2026
Dennis Houston,tb,WR,62.7,4572786,madden,2026
Deshawn McKnight,tb,DT,55.0,4683248,madden,2026
Devin Culp,tb,TE,62.0,4361112,madden,2026
Elijah Klein,tb,G,69.0,4362066,madden,2026
Elijah Roberts,tb,DE,70.0,4690795,madden,2026
Elijah Simmons,tb,DT,67.0,4430478,madden,2026
Emeka Egbuka,tb,WR,81.0,4567750,madden,2026
Eric Rivers Jr.,tb,WR,55.0,4713277,madden,2026
Evan Deckers,tb,LS,60.0,4361727,madden,2026
Garrett Greene,tb,WR,64.0,4429847,madden,2026
Graham Barton,tb,C,76.0,4429251,madden,2026
Haggai Ndubuisi,tb,DT,55.0,5033343,madden,2026
Henry Lutovsky,tb,G,57.7,4594329,madden,2026
JJ Roberts,tb,S,64.0,4566165,madden,2026
Ja'Qurious Conley,tb,S,55.0,4429137,madden,2026
Jack Pyburn,tb,LB,55.0,4837252,madden,2026
Jacob Parrish,tb,CB,77.0,4912847,madden,2026
Jake Browning,tb,QB,67.0,3886812,madden,2026
Jalen McMillan,tb,WR,74.0,4430834,madden,2026
Jalon Daniels,tb,QB,70.9,4596472,madden,2026
Javin Wright,tb,LB,55.0,4428941,madden,2026
Jayson Jones,tb,DT,55.0,4431184,madden,2026
John Bullock,tb,LB,65.0,4569563,madden,2026
Josh Hayes,tb,CB,69.0,4248533,madden,2026
Josh Williams,tb,RB,68.0,4568024,madden,2026
Josiah Green,tb,DT,55.0,4878213,madden,2026
Josiah Trotter,tb,LB,55.0,4870998,madden,2026
Justin Skule,tb,OT,67.0,3915777,madden,2026
Kadarius Calloway,tb,RB,71.3,5151965,madden,2026
Kameron Johnson,tb,WR,64.0,5097554,madden,2026
Keionte Scott,tb,CB,55.0,5093694,madden,2026
Kemon Hall,tb,CB,61.0,4243831,madden,2026
Kenny Fletcher Jr.,tb,TE,66.3,4746099,madden,2026
Kenny Gainwell,tb,RB,79.0,4371733,madden,2026
Ko Kieft,tb,TE,65.0,4034779,madden,2026
Lavonte David,tb,LB,89,,madden,2026
Luke Goedeke,tb,OT,84.0,4380507,madden,2026
Luke Haggard,tb,G,64.0,4686884,madden,2026
Marcus Banks,tb,S,55.0,4567109,madden,2026
Marshall Foerner,tb,OT,64.6,4608357,madden,2026
Mike Evans,tb,WR,90,,madden,2026
Miles Killebrew,tb,S,67.0,2575164,madden,2026
Mohamed Kamara,tb,LB,55.0,4427677,madden,2026
Nash Hutmacher,tb,DT,55.0,4431153,madden,2026
Nick Jackson,tb,LB,61.0,4568492,madden,2026
Paul Rubelt,tb,OT,55.0,4567896,madden,2026
Payne Durham,tb,TE,64.0,4372505,madden,2026
Rakeem Nunez-Roches,tb,DT,70.0,2575453,madden,2026
Rashad Wisdom,tb,S,64.0,4428917,madden,2026
Riley Dixon,tb,P,76.0,2577619,madden,2026
Rueben Bain Jr.,tb,LB,55.0,4870617,madden,2026
Scott Daly,tb,LS,57.0,2980138,madden,2026
Sean Tucker,tb,RB,71.0,4430871,madden,2026
SirVocea Dennis,tb,LB,72.0,4429511,madden,2026
Ted Hurst III,tb,WR,62.1,5220680,madden,2026
Tez Johnson,tb,WR,73.0,4608810,madden,2026
Tristan Wirfs,tb,OT,95.0,4240589,madden,2026
Tykee Smith,tb,S,79.0,4428522,madden,2026
Vita Vea,tb,DT,94.0,3134362,madden,2026
Yasir Holmes,tb,LB,55.0,5225091,madden,2026
Yaya Diaby,tb,LB,79.0,4686334,madden,2026
Zyon McCollum,tb,CB,81.0,4250392,madden,2026
Aamil Wagner,ten,OT,55.0,4685564,madden,2026
Alontae Taylor,ten,CB,77.0,4369835,madden,2026
Amani Hooker,ten,S,78.0,4036134,madden,2026
Andre James,ten,C,61.4,3932244,madden,2026
Anthony Hill Jr.,ten,LB,55.0,4870805,madden,2026
Austin Deculus,ten,OT,64.0,4242229,madden,2026
Austin Schlottmann,ten,C,67.0,4038544,madden,2026
Bishop Fitzgerald,ten,S,55.0,5151810,madden,2026
Brandon Crenshaw-Dickson,ten,OT,61.0,4426987,madden,2026
Bryce Oliver,ten,WR,65.0,4362617,madden,2026
C.J. Ravenell,ten,DE,63.0,4700676,madden,2026
Calvin Ridley,ten,WR,78.0,3925357,madden,2026
Cam Horsley,ten,DT,55.0,4431147,madden,2026
Cam Ward,ten,QB,73.0,4688380,madden,2026
Carnell Tate,ten,WR,55.0,4871023,madden,2026
Cedric Gray,ten,LB,78.0,4429834,madden,2026
Chimere Dike,ten,WR,74.0,4431268,madden,2026
Cody Barton,ten,LB,78.0,3926229,madden,2026
Cor'Dale Flott,ten,CB,78.0,4429607,madden,2026
Cordell Volson,ten,G,55.0,4040950,madden,2026
Courtney Jackson,ten,WR,63.5,4565172,madden,2026
Dan Moore Jr.,ten,OT,73.0,4240920,madden,2026
Daniel Bellinger,ten,TE,71.0,4361516,madden,2026
David Ebuka Agoha,ten,DE,55.0,5144941,madden,2026
David Martin-Robinson,ten,TE,62.0,4360978,madden,2026
Dorian Mausi,ten,LB,62.0,4573318,madden,2026
Drew Moss,ten,G,62.0,4879480,madden,2026
Earnest Brown IV,ten,DE,55.0,4242292,madden,2026
Elic Ayomanor,ten,WR,77.0,4883647,madden,2026
Erick Hallett II,ten,S,66.0,4373320,madden,2026
Fernando Carmona,ten,G,70.8,4710000,madden,2026
Garrett Dellinger,ten,G,64.0,4431252,madden,2026
Gunnar Helm,ten,TE,70.0,4686728,madden,2026
Hank Beatty,ten,WR,72.6,4814930,madden,2026
Hendon Hooker,ten,QB,65.2,4240858,madden,2026
JC Latham,ten,OT,79.0,4431437,madden,2026
Jackie Marshall,ten,DT,55.0,5081785,madden,2026
Jackson Slater,ten,G,67.0,4876319,madden,2026
Jacob Martin,ten,DE,76.0,3138764,madden,2026
Jalen McMurray,ten,CB,55.0,4683455,madden,2026
Jalyn Holmes,ten,DE,55.0,3121414,madden,2026
James Williams Sr.,ten,LB,67.0,4431613,madden,2026
Jaren Kanak,ten,TE,61.2,4877034,madden,2026
Jaylen Harrell,ten,LB,66.0,4429058,madden,2026
Jeadyn Lukus,ten,CB,55.0,4685444,madden,2026
Jeffery Simmons,ten,DT,95.0,4035369,madden,2026
Jermaine Johnson II,ten,DE,77.0,4567962,madden,2026
Jerrick Reed II,ten,S,65.0,4570084,madden,2026
Joel Wilson,ten,TE,55.0,4362570,madden,2026
Joey Slye,ten,PK,76.0,3124084,madden,2026
John Franklin-Myers,ten,DE,80.0,3120464,madden,2026
Jordan Elliott,ten,DT,70.0,4039052,madden,2026
Joshua Williams,ten,CB,74.0,4917635,madden,2026
Julius Chestnut,ten,RB,67.0,4367567,madden,2026
K.J. Osborn,ten,WR,55.0,3916566,madden,2026
Kalel Mullings,ten,RB,69.0,4429121,madden,2026
Keldric Faulk,ten,DE,55.0,4870707,madden,2026
Kendell Brooks,ten,S,63.0,4585317,madden,2026
Kevin Winston Jr.,ten,S,73.0,4685617,madden,2026
Keydrain Calligan,ten,CB,55.0,4606181,madden,2026
Kylen Granson,ten,TE,69.0,4039160,madden,2026
Lance McCutcheon,ten,WR,59.0,4247812,madden,2026
Latrell McCutchin Sr.,ten,CB,55.0,4433972,madden,2026
Malik Herring,ten,DE,63.0,4259547,madden,2026
Mani Powell,ten,LB,55.0,4833031,madden,2026
Marcus Harris,ten,CB,71.0,4570469,madden,2026
Mason Kinsey,ten,WR,63.0,4057082,madden,2026
Micah Robinson,ten,CB,67.0,4695280,madden,2026
Michael Carter,ten,RB,71.0,4240657,madden,2026
Mitchell Trubisky,ten,QB,64.0,3039707,madden,2026
Mohamoud Diabate,ten,LB,70.0,4567403,madden,2026
Morgan Cox,ten,LS,66.0,13848,madden,2026
Nicholas Singleton,ten,RB,55.0,4685555,madden,2026
Oluwafemi Oladejo,ten,DE,73.0,4876057,madden,2026
Pat Coogan,ten,C,67.9,4596542,madden,2026
Peter Skoronski,ten,G,84.0,4429100,madden,2026
Rasheed Miller,ten,OT,56.3,4568699,madden,2026
Ryan Hayes,ten,OT,63.5,4372091,madden,2026
Sanoussi Kane,ten,S,66.0,4430118,madden,2026
Sean Brown,ten,LB,55.0,4684139,madden,2026
Shad Banks Jr.,ten,LB,55.0,4431158,madden,2026
Solomon Thomas,ten,DT,72.0,3117258,madden,2026
Timmy Horne,ten,DT,55.0,4045701,madden,2026
Tommy Townsend,ten,P,78.0,3915398,madden,2026
Tony Adams,ten,S,76.0,4240532,madden,2026
Tony Pollard,ten,RB,83.0,3916148,madden,2026
Truman Jones,ten,DE,65.0,4367828,madden,2026
Tyjae Spears,ten,RB,77.0,4428557,madden,2026
Tyren Montgomery,ten,WR,57.7,5103197,madden,2026
Wan'Dale Robinson,ten,WR,83.0,4569587,madden,2026
Will Levis,ten,QB,68.0,4361418,madden,2026
Xavier Restrepo,ten,WR,55.0,4431353,madden,2026
Ahkello Witherspoon,wsh,CB,77.0,3122630,madden,2026
Ale Kaho,wsh,LB,65.0,4361090,madden,2026
Amik Robertson,wsh,CB,77.0,4239694,madden,2026
Andre Carter II,wsh,LB,65.0,4577333,madden,2026
Andrew Wylie,wsh,G,74.0,3042702,madden,2026
Anthony Firkser,wsh,TE,64.0,3049698,madden,2026
Antonio Hamilton Sr.,wsh,CB,73.0,3056354,madden,2026
Antonio Williams,wsh,WR,55.0,5081432,madden,2026
Athan Kaliakmanis,wsh,QB,60.9,4432722,madden,2026
Ben Sinnott,wsh,TE,69.0,4690923,madden,2026
Brandon Coleman,wsh,G,71.0,4685030,madden,2026
Car'lin Vigers,wsh,CB,55.0,4917486,madden,2026
Charles Omenihu,wsh,DE,75.0,3929865,madden,2026
Chig Okonkwo,wsh,TE,76.0,4360635,madden,2026
Chris Hilton Jr.,wsh,WR,61.9,4431334,madden,2026
Chris Paul,wsh,G,55.0,4244615,madden,2026
Colson Yankoff,wsh,TE,61.0,4361088,madden,2026
DJ Davidson,wsh,DT,67.0,4242899,madden,2026
DJ Johnson,wsh,DE,71.0,4240623,madden,2026
Darius Rush,wsh,CB,55.0,4362858,madden,2026
Daron Payne,wsh,DT,84.0,3925354,madden,2026
Deatrich Wise Jr.,wsh,DE,74.0,2980080,madden,2026
Dorance Armstrong,wsh,DE,79.0,3928979,madden,2026
Drake Jackson,wsh,DE,73.0,4569511,madden,2026
Drew Stevens,wsh,PK,55.0,5081335,madden,2026
Dyami Brown,wsh,WR,75.0,4361577,madden,2026
Foster Sarell,wsh,OT,56.0,4242555,madden,2026
Frankie Luvu,wsh,LB,79.0,3127273,madden,2026
Fred Davis II,wsh,CB,55.0,4686092,madden,2026
Jacoby Jones,wsh,WR,65.0,5083297,madden,2026
Jacory Croskey-Merritt,wsh,RB,78.0,4575131,madden,2026
Jaden Bradley,wsh,WR,72.3,4683111,madden,2026
Jake Moody,wsh,PK,68.0,4372066,madden,2026
Javon Kinlaw,wsh,DT,72.0,4259491,madden,2026
Javontae Jean-Baptiste,wsh,LB,66.0,4361357,madden,2026
Jayden Daniels,wsh,QB,79.0,4426348,madden,2026
Jaylin Lane,wsh,WR,74.0,4602667,madden,2026
Jeffrey M'ba,wsh,DT,55.0,5081056,madden,2026
Jer'Zhan Newton,wsh,DT,76.0,4430560,madden,2026
Jeremy McNichols,wsh,RB,73.0,3127586,madden,2026
Jeremy Reaves,wsh,S,73.0,3125248,madden,2026
Jerome Ford,wsh,RB,75.0,4372019,madden,2026
John Bates,wsh,TE,66.0,4048228,madden,2026
Jordan Magee,wsh,LB,67.0,4568617,madden,2026
Josh Conerly Jr.,wsh,OT,72.0,4685326,madden,2026
Joshua Josephs,wsh,LB,55.0,5081392,madden,2026
Julian Good-Jones,wsh,G,65.0,3917949,madden,2026
K'Lavon Chaisson,wsh,LB,75.0,4242205,madden,2026
Kain Medrano,wsh,LB,66.0,4427984,madden,2026
Kaytron Allen,wsh,RB,89.0,4685246,madden,2026
Laremy Tunsil,wsh,OT,94.0,3051890,madden,2026
Lawrence Cager,wsh,TE,69.3,3917849,madden,2026
Leo Chenal,wsh,LB,84.0,4426901,madden,2026
Luke McCaffrey,wsh,WR,72.0,4426948,madden,2026
Malaesala Aumavae-Laulu,wsh,G,73.1,4569301,madden,2026
Malik Spencer,wsh,S,55.0,4782664,madden,2026
Marcus Mariota,wsh,QB,72.0,2576980,madden,2026
Matt Gulbin,wsh,C,62.3,4683463,madden,2026
Mike Sainristil,wsh,CB,77.0,4428414,madden,2026
Nick Allegretti,wsh,G,73.0,3115922,madden,2026
Nick Bellore,wsh,LB,69.0,14471,madden,2026
Nick Cross,wsh,S,81.0,4426403,madden,2026
Nick Nash,wsh,WR,55.0,4570242,madden,2026
Odafe Oweh,wsh,LB,80.0,4361422,madden,2026
Percy Butler,wsh,S,71.0,4363097,madden,2026
Quan Martin,wsh,S,55.0,4360378,madden,2026
Quentin Moore,wsh,TE,55.0,4875350,madden,2026
Qwuantrezz Knight,wsh,S,55.0,4036219,madden,2026
Rachaad White,wsh,RB,78.0,4697815,madden,2026
Ricky Barber,wsh,DT,55.0,4428343,madden,2026
Robert Henry Jr.,wsh,RB,62.0,5151317,madden,2026
Robert McDaniel,wsh,S,55.0,4574814,madden,2026
Sam Cosmi,wsh,G,87.0,4262199,madden,2026
Sam Hartman,wsh,QB,57.0,4361994,madden,2026
Shy Tuttle,wsh,DT,71.0,3886601,madden,2026
Sonny Styles,wsh,LB,55.0,5081807,madden,2026
T.J. Maguranyanga,wsh,DE,55.0,5278092,madden,2026
Tanoa Togiai,wsh,G,55.0,4605488,madden,2026
Terry McLaurin,wsh,WR,90.0,3121422,madden,2026
Tim Settle,wsh,DT,73.0,3929956,madden,2026
Timothy McKay,wsh,G,56.8,4568320,madden,2026
Tre Hawkins III,wsh,CB,55.0,4686553,madden,2026
Trent Scott,wsh,OT,60.0,3123303,madden,2026
Tress Way,wsh,P,77.0,16166,madden,2026
Trey Amos,wsh,CB,77.0,4574689,madden,2026
Treylon Burks,wsh,WR,73.0,4567156,madden,2026
Tyler Cooper,wsh,G,67.9,4429456,madden,2026
Tyler Ott,wsh,LS,66.0,17378,madden,2026
Tyler Owens,wsh,S,65.0,4572460,madden,2026
Van Jefferson,wsh,WR,72.0,3930066,madden,2026
Will Harris,wsh,S,72.0,3915297,madden,2026
