season,date,game_pk,venue_id,hp_ump_id,has_ump
2018,2018-03-29,529407,4169.0,427520,1.0
2018,2018-03-29,529419,3289.0,427090,1.0
2018,2018-03-29,529414,2.0,427538,1.0
2018,2018-03-29,529411,13.0,427339,1.0
2018,2018-03-29,529415,14.0,427095,1.0
2018,2018-03-29,529406,12.0,427362,1.0
2018,2018-03-29,529412,10.0,427019,1.0
2018,2018-03-29,529416,4705.0,427299,1.0
2018,2018-03-29,529413,2680.0,427103,1.0
2018,2018-03-29,529408,7.0,427192,1.0
2018,2018-03-29,529418,22.0,427533,1.0
2018,2018-03-29,529410,15.0,427058,1.0
2018,2018-03-29,529409,680.0,427235,1.0
2018,2018-03-30,529417,2394.0,427156,1.0
2018,2018-03-30,529420,2602.0,427269,1.0
2018,2018-03-30,529427,14.0,427361,1.0
2018,2018-03-30,529421,12.0,427113,1.0
2018,2018-03-30,529422,4169.0,427537,1.0
2018,2018-03-30,529428,4705.0,427184,1.0
2018,2018-03-30,529424,13.0,427292,1.0
2018,2018-03-30,529423,15.0,427081,1.0
2018,2018-03-30,529425,10.0,427013,1.0
2018,2018-03-30,529429,22.0,427424,1.0
2018,2018-03-30,529426,2680.0,427053,1.0
2018,2018-03-31,529443,3289.0,427366,1.0
2018,2018-03-31,529444,2602.0,511890,1.0
2018,2018-03-31,529436,10.0,431232,1.0
2018,2018-03-31,529435,13.0,427224,1.0
2018,2018-03-31,529439,14.0,482608,1.0
2018,2018-03-31,529433,680.0,427315,1.0
2018,2018-03-31,529430,12.0,427164,1.0
2018,2018-03-31,529438,2.0,427139,1.0
2018,2018-03-31,529440,4705.0,483569,1.0
2018,2018-03-31,529431,4169.0,427197,1.0
2018,2018-03-31,529432,7.0,427248,1.0
2018,2018-03-31,529434,15.0,484183,1.0
2018,2018-03-31,529437,2680.0,427286,1.0
2018,2018-03-31,529442,22.0,427115,1.0
2018,2018-04-01,529441,2394.0,544728,1.0
2018,2018-04-01,529451,2.0,427168,1.0
2018,2018-04-01,529452,14.0,482663,1.0
2018,2018-04-01,529453,2394.0,483561,1.0
2018,2018-04-01,529455,3289.0,427044,1.0
2018,2018-04-01,529445,12.0,484499,1.0
2018,2018-04-01,529446,4169.0,547380,1.0
2018,2018-04-01,529449,13.0,573597,1.0
2018,2018-04-01,529450,10.0,504381,1.0
2018,2018-04-01,529456,2602.0,427243,1.0
2018,2018-04-01,529448,680.0,427554,1.0
2018,2018-04-01,529454,22.0,483630,1.0
2018,2018-04-28,529447,7.0,427184,1.0
2018,2018-04-02,529465,31.0,482620,1.0
2018,2018-04-02,529463,2394.0,427206,1.0
2018,2018-04-02,529467,32.0,428442,1.0
2018,2018-04-02,529459,2602.0,427095,1.0
2018,2018-04-02,529460,14.0,490319,1.0
2018,2018-04-02,529457,2392.0,427534,1.0
2018,2018-04-02,529458,4169.0,427339,1.0
2018,2018-04-02,529470,4705.0,427552,1.0
2018,2018-04-02,529464,15.0,573596,1.0
2018,2018-04-02,529469,10.0,482666,1.0
2018,2018-04-02,529461,1.0,427533,1.0
2018,2018-04-02,529462,2680.0,427315,1.0
2018,2018-04-03,529468,3313.0,483919,1.0
2018,2018-07-09,529466,3289.0,503077,1.0
2018,2018-04-03,529477,2394.0,427093,1.0
2018,2018-04-03,529480,2395.0,427019,1.0
2018,2018-04-03,529472,4169.0,521251,1.0
2018,2018-04-03,529474,14.0,427299,1.0
2018,2018-04-03,529479,3289.0,427344,1.0
2018,2018-04-03,529483,4705.0,427509,1.0
2018,2018-04-03,529481,32.0,427269,1.0
2018,2018-04-03,529471,2392.0,427413,1.0
2018,2018-04-03,529478,15.0,427103,1.0
2018,2018-04-03,529482,10.0,427235,1.0
2018,2018-04-03,529475,1.0,427424,1.0
2018,2018-04-03,529476,2680.0,427129,1.0
2018,2018-05-19,529473,2602.0,573596,1.0
2018,2018-04-04,529496,4705.0,427128,1.0
2018,2018-04-04,529494,3313.0,427538,1.0
2018,2018-04-04,529491,3289.0,427220,1.0
2018,2018-04-04,529484,2392.0,483561,1.0
2018,2018-04-04,529489,15.0,427053,1.0
2018,2018-04-04,529486,1.0,427115,1.0
2018,2018-04-04,529490,31.0,427090,1.0
2018,2018-04-04,529485,14.0,427184,1.0
2018,2018-04-04,529492,2395.0,427013,1.0
2018,2018-04-04,529493,32.0,503490,1.0
2018,2018-04-04,529495,10.0,503502,1.0
2018,2018-04-04,529487,2680.0,431232,1.0
2018,2018-04-20,529488,2394.0,482608,1.0
2018,2018-04-05,529504,3309.0,427139,1.0
2018,2018-04-05,529506,3.0,429805,1.0
2018,2018-04-05,529503,2681.0,427361,1.0
2018,2018-04-05,529507,10.0,427554,1.0
2018,2018-04-05,529501,2680.0,482631,1.0
2018,2018-04-05,529505,3312.0,483564,1.0
2018,2018-04-05,529502,4.0,427243,1.0
2018,2018-04-05,529498,3313.0,427292,1.0
2018,2018-04-05,529500,31.0,483569,1.0
2018,2018-04-05,529497,2889.0,483912,1.0
2018,2018-04-05,529499,32.0,427366,1.0
2018,2018-04-06,529512,5.0,577468,1.0
2018,2018-04-06,529508,19.0,544728,1.0
2018,2018-04-06,529511,31.0,490319,1.0
2018,2018-04-06,529509,3313.0,427224,1.0
2018,2018-04-06,529516,13.0,483630,1.0
2018,2018-04-06,529515,2392.0,482666,1.0
2018,2018-04-06,529510,32.0,489985,1.0
2018,2018-04-06,529514,1.0,427286,1.0
2018,2018-04-28,529513,2395.0,503586,1.0
2018,2018-04-07,529526,3309.0,427168,1.0
2018,2018-04-07,529530,3.0,484198,1.0
2018,2018-04-07,529519,3313.0,427339,1.0
2018,2018-04-07,529529,3312.0,503077,1.0
2018,2018-04-07,529522,4.0,428442,1.0
2018,2018-04-07,529517,2889.0,427552,1.0
2018,2018-04-07,529520,32.0,482620,1.0
2018,2018-04-07,529523,5.0,504381,1.0
2018,2018-04-07,529524,2395.0,427315,1.0
2018,2018-04-07,529525,2681.0,482608,1.0
2018,2018-04-07,529521,31.0,427299,1.0
2018,2018-04-07,529528,2392.0,427235,1.0
2018,2018-04-07,529531,13.0,427533,1.0
2018,2018-04-07,529518,19.0,427534,1.0
2018,2018-04-07,529527,1.0,573596,1.0
2018,2018-04-08,529545,3.0,427344,1.0
2018,2018-04-08,529534,3313.0,521251,1.0
2018,2018-04-08,529538,5.0,427019,1.0
2018,2018-04-08,529536,31.0,427184,1.0
2018,2018-04-08,529540,2681.0,547380,1.0
2018,2018-04-08,529543,2392.0,503502,1.0
2018,2018-04-08,529537,4.0,427269,1.0
2018,2018-04-08,529535,32.0,427090,1.0
2018,2018-04-08,529532,2889.0,427509,1.0
2018,2018-04-08,529546,13.0,427424,1.0
2018,2018-04-08,529533,19.0,427413,1.0
2018,2018-04-08,529539,2395.0,427129,1.0
2018,2018-04-08,529542,1.0,427103,1.0
2018,2018-04-08,529541,3309.0,483919,1.0
2018,2018-05-14,529544,3312.0,482666,1.0
2018,2018-04-09,529558,4.0,521889,1.0
2018,2018-04-09,529550,5.0,427362,1.0
2018,2018-04-09,529559,2.0,503490,1.0
2018,2018-04-09,529549,2681.0,427292,1.0
2018,2018-04-09,529548,3309.0,427044,1.0
2018,2018-04-09,529553,2889.0,483561,1.0
2018,2018-04-09,529554,4169.0,427554,1.0
2018,2018-04-09,529552,13.0,427220,1.0
2018,2018-04-09,529551,3312.0,431232,1.0
2018,2018-04-09,529557,7.0,427053,1.0
2018,2018-04-09,529556,19.0,482641,1.0
2018,2018-04-09,529547,2395.0,427095,1.0
2018,2018-04-10,529555,17.0,427206,1.0
2018,2018-04-10,529572,4.0,427058,1.0
2018,2018-04-10,529563,5.0,427113,1.0
2018,2018-04-10,529573,2.0,427243,1.0
2018,2018-04-10,529562,2681.0,573597,1.0
2018,2018-04-10,529561,3309.0,427366,1.0
2018,2018-04-10,529567,4169.0,482666,1.0
2018,2018-04-10,529568,3.0,427520,1.0
2018,2018-04-10,529565,13.0,429805,1.0
2018,2018-04-10,529564,3312.0,482631,1.0
2018,2018-04-10,529571,7.0,427286,1.0
2018,2018-04-10,529566,2889.0,544728,1.0
2018,2018-04-10,529570,19.0,503586,1.0
2018,2018-04-10,529569,22.0,427128,1.0
2018,2018-04-10,529560,2395.0,427361,1.0
2018,2018-04-11,529575,3309.0,489985,1.0
2018,2018-04-11,529578,3312.0,427315,1.0
2018,2018-04-11,529580,2889.0,427534,1.0
2018,2018-04-11,529587,4.0,427081,1.0
2018,2018-04-11,529586,7.0,605672,1.0
2018,2018-04-11,529585,19.0,427192,1.0
2018,2018-04-11,529574,2395.0,482608,1.0
2018,2018-04-11,529577,5.0,427164,1.0
2018,2018-04-11,529588,2.0,511890,1.0
2018,2018-04-11,529576,2681.0,427339,1.0
2018,2018-04-11,529581,4169.0,427235,1.0
2018,2018-04-11,529582,3.0,427537,1.0
2018,2018-04-11,529584,17.0,483564,1.0
2018,2018-04-11,529579,13.0,484198,1.0
2018,2018-04-11,529583,22.0,483912,1.0
2018,2018-04-12,529594,17.0,594151,1.0
2018,2018-04-12,529591,5.0,484499,1.0
2018,2018-04-12,529596,2602.0,427344,1.0
2018,2018-04-12,529590,3309.0,521251,1.0
2018,2018-04-12,529593,3.0,427197,1.0
2018,2018-04-12,529589,3312.0,427413,1.0
2018,2018-04-12,529592,7.0,427269,1.0
2018,2018-04-12,529595,2680.0,427552,1.0
2018,2018-04-13,529598,17.0,427129,1.0
2018,2018-04-13,529609,2602.0,427220,1.0
2018,2018-04-13,529601,3309.0,427292,1.0
2018,2018-04-13,529599,3.0,484183,1.0
2018,2018-04-13,529611,5.0,427103,1.0
2018,2018-04-13,529606,12.0,503502,1.0
2018,2018-04-13,529607,4169.0,427362,1.0
2018,2018-04-13,529604,2394.0,427090,1.0
2018,2018-04-13,529603,3289.0,482663,1.0
2018,2018-04-13,529610,2392.0,427093,1.0
2018,2018-04-13,529602,7.0,503490,1.0
2018,2018-04-13,529597,22.0,427248,1.0
2018,2018-04-13,529605,680.0,547380,1.0
2018,2018-04-13,529608,2680.0,427509,1.0
2018,2018-06-05,529600,3312.0,427090,1.0
2018,2018-04-14,529614,3.0,521889,1.0
2018,2018-04-14,529616,3309.0,573597,1.0
2018,2018-04-14,529624,2602.0,429805,1.0
2018,2018-04-14,529613,17.0,431232,1.0
2018,2018-04-14,529625,2392.0,427206,1.0
2018,2018-04-14,529621,12.0,427554,1.0
2018,2018-04-14,529622,4169.0,427113,1.0
2018,2018-04-14,529618,3289.0,427520,1.0
2018,2018-04-14,529617,7.0,427243,1.0
2018,2018-04-14,529623,2680.0,427128,1.0
2018,2018-04-14,529612,22.0,482641,1.0
2018,2018-04-14,529620,680.0,427095,1.0
2018,2018-06-04,529619,2394.0,427220,1.0
2018,2018-09-28,529615,3312.0,427533,1.0
2018,2018-05-03,529626,5.0,427053,1.0
2018,2018-04-15,529629,3.0,427058,1.0
2018,2018-04-15,529639,2602.0,484198,1.0
2018,2018-04-15,529636,12.0,482666,1.0
2018,2018-04-15,529637,4169.0,427164,1.0
2018,2018-04-15,529633,3289.0,427537,1.0
2018,2018-04-15,529631,3309.0,427339,1.0
2018,2018-04-15,529627,22.0,503586,1.0
2018,2018-04-15,529635,680.0,482608,1.0
2018,2018-04-15,529638,2680.0,483912,1.0
2018,2018-04-15,529640,2392.0,503077,1.0
2018,2018-05-03,529641,5.0,427286,1.0
2018,2018-06-04,529634,2394.0,484198,1.0
2018,2018-08-20,529630,3312.0,521051,1.0
2018,2018-06-25,529632,7.0,483569,1.0
2018,2018-05-14,529628,17.0,575629,1.0
2018,2018-04-16,529649,3313.0,483561,1.0
2018,2018-04-16,529645,31.0,427248,1.0
2018,2018-04-16,529653,3289.0,427013,1.0
2018,2018-04-16,529652,12.0,482631,1.0
2018,2018-04-16,529650,4705.0,427538,1.0
2018,2018-04-16,529644,32.0,428442,1.0
2018,2018-04-16,529643,10.0,427115,1.0
2018,2018-04-16,529648,2680.0,547380,1.0
2018,2018-04-16,529646,680.0,427192,1.0
2018,2018-05-17,529642,3.0,427413,1.0
2018,2018-07-21,529651,17.0,427013,1.0
2018,2018-04-17,529647,14.0,483630,1.0
2018,2018-04-17,529661,14.0,427224,1.0
2018,2018-04-17,529663,3313.0,544728,1.0
2018,2018-04-17,529654,2394.0,427197,1.0
2018,2018-04-17,529659,31.0,605672,1.0
2018,2018-04-17,529668,3289.0,504381,1.0
2018,2018-04-17,529667,12.0,427315,1.0
2018,2018-04-17,529658,2535.0,484183,1.0
2018,2018-04-17,529664,4705.0,427139,1.0
2018,2018-04-17,529657,32.0,511890,1.0
2018,2018-04-17,529666,17.0,484499,1.0
2018,2018-04-17,529665,15.0,483564,1.0
2018,2018-04-17,529656,10.0,489985,1.0
2018,2018-04-17,529655,1.0,483569,1.0
2018,2018-04-17,529662,2680.0,427095,1.0
2018,2018-04-17,529660,680.0,503493,1.0
2018,2018-04-18,529674,31.0,427103,1.0
2018,2018-04-18,529669,2394.0,482663,1.0
2018,2018-04-18,529681,12.0,427129,1.0
2018,2018-04-18,529672,32.0,427269,1.0
2018,2018-04-18,529671,10.0,427533,1.0
2018,2018-04-18,529676,14.0,427292,1.0
2018,2018-04-18,529682,3289.0,524988,1.0
2018,2018-04-18,529673,2535.0,521889,1.0
2018,2018-04-18,529678,4705.0,427168,1.0
2018,2018-04-18,529679,15.0,427093,1.0
2018,2018-04-18,529670,1.0,490319,1.0
2018,2018-04-18,529677,2680.0,427537,1.0
2018,2018-04-18,529675,680.0,482641,1.0
2018,2018-04-19,529680,17.0,427362,1.0
2018,2018-04-19,529683,2394.0,427520,1.0
2018,2018-04-19,529685,680.0,503586,1.0
2018,2018-04-19,529690,3313.0,427019,1.0
2018,2018-04-19,529688,2681.0,427534,1.0
2018,2018-04-19,529687,4705.0,573596,1.0
2018,2018-04-19,529686,32.0,431232,1.0
2018,2018-04-19,529689,15.0,427206,1.0
2018,2018-04-19,529684,1.0,427299,1.0
2018,2018-04-20,529696,2394.0,547380,1.0
2018,2018-04-20,529694,2.0,573597,1.0
2018,2018-04-20,529700,2681.0,427413,1.0
2018,2018-04-20,529704,3313.0,427013,1.0
2018,2018-04-20,529698,12.0,427243,1.0
2018,2018-04-20,529699,4705.0,427248,1.0
2018,2018-04-20,529703,13.0,427081,1.0
2018,2018-04-20,529695,4.0,427113,1.0
2018,2018-04-20,529697,32.0,482631,1.0
2018,2018-04-20,529693,2889.0,427053,1.0
2018,2018-04-20,529692,19.0,483569,1.0
2018,2018-04-20,529701,15.0,427424,1.0
2018,2018-04-20,529691,10.0,427192,1.0
2018,2018-04-20,529702,1.0,483919,1.0
2018,2018-04-20,529705,22.0,503490,1.0
2018,2018-04-21,529719,3313.0,504381,1.0
2018,2018-04-21,529711,2394.0,594151,1.0
2018,2018-04-21,529708,2889.0,427197,1.0
2018,2018-04-21,529709,2.0,427224,1.0
2018,2018-04-21,529715,2681.0,483561,1.0
2018,2018-04-21,529713,12.0,428442,1.0
2018,2018-04-21,529714,4705.0,605672,1.0
2018,2018-04-21,529710,4.0,427164,1.0
2018,2018-04-21,529712,32.0,427315,1.0
2018,2018-04-21,529718,13.0,427058,1.0
2018,2018-04-21,529707,19.0,490319,1.0
2018,2018-04-21,529716,15.0,427115,1.0
2018,2018-04-21,529706,10.0,427537,1.0
2018,2018-04-21,529717,1.0,427538,1.0
2018,2018-04-21,529720,22.0,483564,1.0
2018,2018-04-22,529724,2.0,483630,1.0
2018,2018-04-22,529734,3313.0,524988,1.0
2018,2018-04-22,529726,2394.0,427095,1.0
2018,2018-04-22,529728,12.0,511890,1.0
2018,2018-04-22,529730,2681.0,544728,1.0
2018,2018-04-22,529725,4.0,484499,1.0
2018,2018-04-22,529727,32.0,427129,1.0
2018,2018-04-22,529723,2889.0,482663,1.0
2018,2018-04-22,529733,13.0,596740,1.0
2018,2018-04-22,529722,19.0,484183,1.0
2018,2018-04-22,529721,10.0,482641,1.0
2018,2018-04-22,529732,1.0,427139,1.0
2018,2018-04-22,529731,15.0,489985,1.0
2018,2018-04-22,529735,22.0,427093,1.0
2018,2018-05-28,529729,4705.0,427093,1.0
2018,2018-04-23,529736,2602.0,482620,1.0
2018,2018-04-23,529737,2.0,427339,1.0
2018,2018-04-23,529740,3313.0,427235,1.0
2018,2018-04-23,529741,13.0,427184,1.0
2018,2018-04-23,529738,2392.0,521889,1.0
2018,2018-04-23,529743,4.0,431232,1.0
2018,2018-04-23,529742,19.0,427206,1.0
2018,2018-04-23,529739,22.0,427168,1.0
2018,2018-04-23,529744,2395.0,427344,1.0
2018,2018-04-24,529757,4.0,482631,1.0
2018,2018-04-24,529748,5.0,427019,1.0
2018,2018-04-24,529753,3313.0,503502,1.0
2018,2018-04-24,529746,2602.0,427366,1.0
2018,2018-04-24,529745,2681.0,573597,1.0
2018,2018-04-24,529747,14.0,427248,1.0
2018,2018-04-24,529755,13.0,483569,1.0
2018,2018-04-24,529750,2392.0,427081,1.0
2018,2018-04-24,529754,2889.0,503586,1.0
2018,2018-04-24,529752,7.0,427533,1.0
2018,2018-04-24,529756,19.0,503077,1.0
2018,2018-04-24,529751,22.0,483919,1.0
2018,2018-04-24,529759,2395.0,427220,1.0
2018,2018-04-25,529749,31.0,427509,1.0
2018,2018-05-12,529758,2.0,573596,1.0
2018,2018-04-25,529765,2392.0,427058,1.0
2018,2018-04-25,529772,4.0,427315,1.0
2018,2018-04-25,529771,19.0,427537,1.0
2018,2018-04-25,529774,2395.0,429805,1.0
2018,2018-04-25,529764,31.0,427552,1.0
2018,2018-04-25,529768,3313.0,427554,1.0
2018,2018-04-25,529761,2602.0,427090,1.0
2018,2018-04-25,529773,2.0,427534,1.0
2018,2018-04-25,529760,2681.0,427224,1.0
2018,2018-04-25,529762,14.0,482608,1.0
2018,2018-04-25,529763,5.0,427013,1.0
2018,2018-04-25,529766,22.0,427538,1.0
2018,2018-04-25,529770,13.0,490319,1.0
2018,2018-04-25,529769,2889.0,427192,1.0
2018,2018-04-25,529767,7.0,427424,1.0
2018,2018-04-26,529779,31.0,427128,1.0
2018,2018-04-26,529776,2602.0,427044,1.0
2018,2018-04-26,529775,2681.0,483630,1.0
2018,2018-04-26,529781,3313.0,482666,1.0
2018,2018-04-26,529782,2889.0,596740,1.0
2018,2018-04-26,529783,5.0,427115,1.0
2018,2018-04-26,529784,2.0,427156,1.0
2018,2018-04-26,529777,14.0,594151,1.0
2018,2018-04-26,529780,17.0,484183,1.0
2018,2018-04-26,529778,7.0,427299,1.0
2018,2018-04-27,529792,17.0,521889,1.0
2018,2018-04-27,529790,2.0,427129,1.0
2018,2018-04-27,529785,3309.0,427413,1.0
2018,2018-04-27,529797,31.0,427339,1.0
2018,2018-04-27,529786,2681.0,427361,1.0
2018,2018-04-27,529799,14.0,483912,1.0
2018,2018-04-27,529796,5.0,489985,1.0
2018,2018-04-27,529798,3.0,427235,1.0
2018,2018-04-27,529789,4169.0,482620,1.0
2018,2018-04-27,529795,2392.0,483564,1.0
2018,2018-04-27,529788,3312.0,504381,1.0
2018,2018-04-27,529787,7.0,503493,1.0
2018,2018-04-27,529794,1.0,484198,1.0
2018,2018-04-27,529793,2680.0,427139,1.0
2018,2018-04-27,529791,2395.0,482641,1.0
2018,2018-04-28,529803,3312.0,524988,1.0
2018,2018-04-28,529802,7.0,483569,1.0
2018,2018-04-28,529807,17.0,427081,1.0
2018,2018-04-28,529800,3309.0,544728,1.0
2018,2018-04-28,529806,2395.0,427192,1.0
2018,2018-04-28,529813,3.0,503502,1.0
2018,2018-04-28,529814,14.0,427552,1.0
2018,2018-04-28,529811,5.0,427533,1.0
2018,2018-04-28,529801,2681.0,427095,1.0
2018,2018-04-28,529805,2.0,482631,1.0
2018,2018-04-28,529812,31.0,573597,1.0
2018,2018-04-28,529810,2392.0,427206,1.0
2018,2018-04-28,529804,4169.0,427366,1.0
2018,2018-04-28,529808,2680.0,427168,1.0
2018,2018-04-28,529809,1.0,427344,1.0
2018,2018-04-29,529820,2.0,431232,1.0
2018,2018-04-29,529828,3.0,427554,1.0
2018,2018-04-29,529829,14.0,427509,1.0
2018,2018-04-29,529826,5.0,427424,1.0
2018,2018-04-29,529819,4169.0,427090,1.0
2018,2018-04-29,529815,3309.0,427534,1.0
2018,2018-04-29,529827,31.0,427224,1.0
2018,2018-04-29,529816,2681.0,482608,1.0
2018,2018-04-29,529825,2392.0,503490,1.0
2018,2018-04-29,529818,3312.0,427019,1.0
2018,2018-04-29,529817,7.0,490319,1.0
2018,2018-04-29,529822,17.0,427058,1.0
2018,2018-04-29,529823,2680.0,483919,1.0
2018,2018-04-29,529821,2395.0,427248,1.0
2018,2018-04-29,529824,1.0,427220,1.0
2018,2018-04-30,529839,5.0,427103,1.0
2018,2018-04-30,529830,17.0,427362,1.0
2018,2018-04-30,529836,3309.0,427129,1.0
2018,2018-04-30,529831,3.0,427044,1.0
2018,2018-04-30,529838,2394.0,521889,1.0
2018,2018-04-30,529835,4169.0,427269,1.0
2018,2018-04-30,529833,2602.0,427128,1.0
2018,2018-04-30,529840,3312.0,503077,1.0
2018,2018-04-30,529834,2392.0,483630,1.0
2018,2018-04-30,529832,15.0,427299,1.0
2018,2018-04-30,529837,2395.0,427520,1.0
2018,2018-05-01,529854,5.0,573596,1.0
2018,2018-05-01,529851,3309.0,482631,1.0
2018,2018-05-01,529845,3.0,482620,1.0
2018,2018-05-01,529853,2394.0,427243,1.0
2018,2018-05-01,529841,3289.0,427156,1.0
2018,2018-05-01,529850,4169.0,605672,1.0
2018,2018-05-01,529847,2602.0,483912,1.0
2018,2018-05-01,529844,17.0,427113,1.0
2018,2018-05-01,529855,3312.0,482641,1.0
2018,2018-05-01,529848,2392.0,427533,1.0
2018,2018-05-01,529843,2889.0,482666,1.0
2018,2018-05-01,529846,15.0,427184,1.0
2018,2018-05-01,529842,1.0,427115,1.0
2018,2018-05-01,529849,680.0,429805,1.0
2018,2018-05-01,529852,2395.0,427537,1.0
2018,2018-05-02,529860,3.0,427366,1.0
2018,2018-05-02,529868,2394.0,489985,1.0
2018,2018-05-02,529869,5.0,503490,1.0
2018,2018-05-02,529870,3312.0,483564,1.0
2018,2018-05-02,529858,2889.0,427235,1.0
2018,2018-05-02,529859,17.0,427164,1.0
2018,2018-05-02,529867,2395.0,427197,1.0
2018,2018-05-02,529866,3309.0,427081,1.0
2018,2018-05-02,529856,3289.0,483561,1.0
2018,2018-05-02,529865,4169.0,428442,1.0
2018,2018-05-02,529862,2602.0,427552,1.0
2018,2018-05-02,529863,2392.0,427315,1.0
2018,2018-05-02,529861,15.0,483569,1.0
2018,2018-05-02,529857,1.0,577468,1.0
2018,2018-05-02,529864,680.0,484198,1.0
2018,2018-05-03,529879,3309.0,431232,1.0
2018,2018-05-03,529871,3289.0,544728,1.0
2018,2018-05-03,529877,2392.0,427424,1.0
2018,2018-05-03,529874,7.0,484499,1.0
2018,2018-05-03,529875,15.0,490319,1.0
2018,2018-05-03,529873,13.0,427093,1.0
2018,2018-05-03,529876,4.0,427058,1.0
2018,2018-05-03,529872,1.0,427192,1.0
2018,2018-05-03,529878,680.0,503502,1.0
2018,2018-05-04,529891,3309.0,427128,1.0
2018,2018-05-04,529883,3313.0,427509,1.0
2018,2018-05-04,529884,3289.0,427129,1.0
2018,2018-05-04,529894,12.0,427090,1.0
2018,2018-05-04,529889,2602.0,427103,1.0
2018,2018-05-04,529893,4705.0,427299,1.0
2018,2018-05-04,529881,13.0,503077,1.0
2018,2018-05-04,529890,4.0,484183,1.0
2018,2018-05-04,529892,32.0,511890,1.0
2018,2018-05-04,529885,7.0,427362,1.0
2018,2018-05-04,529882,2889.0,427344,1.0
2018,2018-05-04,529888,2701.0,483630,1.0
2018,2018-05-04,529886,15.0,427248,1.0
2018,2018-05-04,529880,10.0,482663,1.0
2018,2018-05-04,529887,680.0,427554,1.0
2018,2018-05-05,529898,3313.0,427413,1.0
2018,2018-05-05,529897,2889.0,427220,1.0
2018,2018-05-05,529907,3309.0,483912,1.0
2018,2018-05-05,529900,7.0,427113,1.0
2018,2018-05-05,529910,12.0,427044,1.0
2018,2018-05-05,529899,3289.0,482631,1.0
2018,2018-05-05,529903,2701.0,427533,1.0
2018,2018-05-05,529909,4705.0,427184,1.0
2018,2018-05-05,529905,4.0,521889,1.0
2018,2018-05-05,529904,2602.0,573596,1.0
2018,2018-05-05,529908,32.0,427269,1.0
2018,2018-05-05,529896,13.0,482641,1.0
2018,2018-05-05,529901,15.0,427115,1.0
2018,2018-05-05,529895,10.0,427520,1.0
2018,2018-05-05,529902,680.0,482666,1.0
2018,2018-05-06,529914,3313.0,483561,1.0
2018,2018-05-06,529915,3289.0,427081,1.0
2018,2018-05-06,529925,12.0,605672,1.0
2018,2018-05-06,529922,3309.0,503493,1.0
2018,2018-05-06,529924,4705.0,483569,1.0
2018,2018-05-06,529921,4.0,489985,1.0
2018,2018-05-06,529923,32.0,427243,1.0
2018,2018-05-06,529916,7.0,596740,1.0
2018,2018-05-06,529912,13.0,483564,1.0
2018,2018-05-06,529911,10.0,427537,1.0
2018,2018-05-06,529917,15.0,577468,1.0
2018,2018-05-06,529919,2701.0,427315,1.0
2018,2018-05-06,529918,680.0,427235,1.0
2018,2018-05-06,529920,2602.0,427053,1.0
2018,2018-05-06,529913,2889.0,429805,1.0
2018,2018-05-07,529931,2681.0,427286,1.0
2018,2018-05-07,529930,2602.0,427292,1.0
2018,2018-05-07,529926,13.0,484198,1.0
2018,2018-05-07,529928,17.0,427013,1.0
2018,2018-05-07,529929,2889.0,427552,1.0
2018,2018-05-07,529927,10.0,427538,1.0
2018,2018-05-07,529932,2680.0,427192,1.0
2018,2018-05-08,529942,2889.0,427509,1.0
2018,2018-05-08,529939,2.0,547380,1.0
2018,2018-05-08,529945,2681.0,427103,1.0
2018,2018-05-08,529935,3313.0,427058,1.0
2018,2018-05-08,529946,14.0,428442,1.0
2018,2018-05-08,529943,2602.0,427339,1.0
2018,2018-05-08,529934,12.0,427093,1.0
2018,2018-05-08,529936,32.0,484499,1.0
2018,2018-05-08,529937,13.0,427344,1.0
2018,2018-05-08,529941,17.0,504381,1.0
2018,2018-05-08,529944,4.0,427424,1.0
2018,2018-05-08,529940,19.0,490319,1.0
2018,2018-05-08,529938,10.0,427139,1.0
2018,2018-05-08,529933,22.0,427197,1.0
2018,2018-05-08,529947,2680.0,503586,1.0
2018,2018-05-09,529957,2602.0,573597,1.0
2018,2018-05-09,529951,32.0,427164,1.0
2018,2018-05-09,529952,13.0,427220,1.0
2018,2018-05-09,529958,4.0,483630,1.0
2018,2018-05-09,529956,17.0,427019,1.0
2018,2018-05-09,529955,19.0,427299,1.0
2018,2018-05-09,529953,10.0,427168,1.0
2018,2018-05-09,529954,2.0,427361,1.0
2018,2018-05-09,529959,2681.0,573596,1.0
2018,2018-05-09,529950,3313.0,484183,1.0
2018,2018-05-09,529960,14.0,511890,1.0
2018,2018-05-09,529949,12.0,503077,1.0
2018,2018-05-09,529961,2680.0,427115,1.0
2018,2018-05-09,529948,22.0,482663,1.0
2018,2018-05-10,529968,2681.0,427053,1.0
2018,2018-05-10,529965,2.0,427095,1.0
2018,2018-05-10,529963,3313.0,521889,1.0
2018,2018-05-10,529969,14.0,427269,1.0
2018,2018-05-10,529962,4169.0,427128,1.0
2018,2018-05-10,529966,19.0,544728,1.0
2018,2018-05-10,529971,15.0,483919,1.0
2018,2018-05-10,529967,1.0,427520,1.0
2018,2018-05-10,529964,22.0,427344,1.0
2018,2018-05-10,529970,2680.0,427362,1.0
2018,2018-05-11,529974,17.0,427192,1.0
2018,2018-05-11,529981,31.0,503490,1.0
2018,2018-05-11,529984,2.0,427286,1.0
2018,2018-05-11,529979,2681.0,483564,1.0
2018,2018-05-11,529980,3313.0,427243,1.0
2018,2018-05-11,529973,14.0,427224,1.0
2018,2018-05-11,529976,5.0,427081,1.0
2018,2018-05-11,529972,4169.0,503493,1.0
2018,2018-05-11,529985,2392.0,427184,1.0
2018,2018-05-11,529977,19.0,427013,1.0
2018,2018-05-11,529986,15.0,427538,1.0
2018,2018-05-11,529978,1.0,427537,1.0
2018,2018-05-11,529975,22.0,484198,1.0
2018,2018-05-11,529983,2680.0,427113,1.0
2018,2018-05-12,529982,2394.0,547380,1.0
2018,2018-05-12,529995,3313.0,428442,1.0
2018,2018-05-12,529989,17.0,482641,1.0
2018,2018-05-12,529999,2.0,427103,1.0
2018,2018-05-12,530001,15.0,427139,1.0
2018,2018-05-12,529988,14.0,427292,1.0
2018,2018-05-12,529991,5.0,427058,1.0
2018,2018-05-12,529997,2394.0,482608,1.0
2018,2018-05-12,529996,31.0,427206,1.0
2018,2018-05-12,530000,2392.0,596740,1.0
2018,2018-05-12,529987,4169.0,427552,1.0
2018,2018-05-12,529992,19.0,504381,1.0
2018,2018-05-12,529998,2680.0,484499,1.0
2018,2018-05-12,529993,1.0,427197,1.0
2018,2018-05-12,529990,22.0,605672,1.0
2018,2018-08-16,529994,2681.0,483919,1.0
2018,2018-05-13,530014,2.0,427053,1.0
2018,2018-05-13,530010,3313.0,511890,1.0
2018,2018-05-13,530003,14.0,427339,1.0
2018,2018-05-13,530006,5.0,484183,1.0
2018,2018-05-13,530012,2394.0,427361,1.0
2018,2018-05-13,530002,4169.0,427509,1.0
2018,2018-05-13,530011,31.0,427093,1.0
2018,2018-05-13,530009,2681.0,427424,1.0
2018,2018-05-13,530015,2392.0,490319,1.0
2018,2018-05-13,530004,17.0,503586,1.0
2018,2018-05-13,530007,19.0,427019,1.0
2018,2018-05-13,530008,1.0,482663,1.0
2018,2018-05-13,530005,22.0,427220,1.0
2018,2018-05-13,530013,2680.0,489985,1.0
2018,2018-05-13,530016,15.0,427168,1.0
2018,2018-05-14,530023,7.0,427128,1.0
2018,2018-05-14,530018,2394.0,573597,1.0
2018,2018-05-14,530022,3.0,521251,1.0
2018,2018-05-14,530021,15.0,429805,1.0
2018,2018-05-14,530020,1.0,427366,1.0
2018,2018-05-14,530019,2680.0,427520,1.0
2018,2018-05-14,530017,2395.0,483919,1.0
2018,2018-05-15,530028,2680.0,427537,1.0
2018,2018-05-15,530025,31.0,431232,1.0
2018,2018-05-15,530032,3309.0,427013,1.0
2018,2018-05-15,530027,2394.0,577468,1.0
2018,2018-05-15,530033,3.0,427533,1.0
2018,2018-05-15,530038,3289.0,427534,1.0
2018,2018-05-15,530030,4169.0,427299,1.0
2018,2018-05-15,530024,4705.0,427554,1.0
2018,2018-05-15,530035,3312.0,482608,1.0
2018,2018-05-15,530036,7.0,503493,1.0
2018,2018-05-15,530031,15.0,484198,1.0
2018,2018-05-15,530029,1.0,427090,1.0
2018,2018-05-15,530037,680.0,427164,1.0
2018,2018-05-15,530026,2395.0,427538,1.0
2018,2018-07-12,530034,2.0,483561,1.0
2018,2018-05-16,530048,2.0,427192,1.0
2018,2018-05-16,530040,31.0,427129,1.0
2018,2018-05-16,530042,2394.0,427224,1.0
2018,2018-05-16,530052,3289.0,544728,1.0
2018,2018-05-16,530049,3312.0,427220,1.0
2018,2018-05-16,530050,7.0,483912,1.0
2018,2018-05-16,530051,680.0,427362,1.0
2018,2018-05-16,530045,15.0,605672,1.0
2018,2018-05-16,530041,2395.0,427139,1.0
2018,2018-05-16,530047,3.0,483630,1.0
2018,2018-05-16,530044,4169.0,427184,1.0
2018,2018-05-16,530039,4705.0,547380,1.0
2018,2018-05-16,530043,1.0,482620,1.0
2018,2018-06-18,530046,3309.0,573597,1.0
2018,2018-05-17,530056,4169.0,596740,1.0
2018,2018-05-17,530059,31.0,504381,1.0
2018,2018-05-17,530057,14.0,482641,1.0
2018,2018-05-17,530058,2889.0,594151,1.0
2018,2018-05-17,530061,4.0,427361,1.0
2018,2018-05-17,530060,1.0,427113,1.0
2018,2018-05-17,530055,680.0,427509,1.0
2018,2018-05-17,530054,2395.0,503490,1.0
2018,2018-08-30,530053,4705.0,427129,1.0
2018,2018-05-18,530074,31.0,427019,1.0
2018,2018-05-18,530072,14.0,503586,1.0
2018,2018-05-18,530063,3.0,483561,1.0
2018,2018-05-18,530064,2602.0,427424,1.0
2018,2018-05-18,530062,3289.0,483569,1.0
2018,2018-05-18,530069,4705.0,427339,1.0
2018,2018-05-18,530065,2392.0,427344,1.0
2018,2018-05-18,530076,4.0,482666,1.0
2018,2018-05-18,530070,3312.0,427168,1.0
2018,2018-05-18,530073,2889.0,482663,1.0
2018,2018-05-18,530071,7.0,427235,1.0
2018,2018-05-18,530075,1.0,484499,1.0
2018,2018-05-18,530067,680.0,427128,1.0
2018,2018-05-18,530066,2395.0,427366,1.0
2018,2018-05-19,530068,3309.0,482631,1.0
2018,2018-05-19,530087,14.0,575629,1.0
2018,2018-05-19,530079,2602.0,521251,1.0
2018,2018-05-19,530083,3309.0,427095,1.0
2018,2018-05-19,530088,2889.0,427520,1.0
2018,2018-05-19,530081,2395.0,427044,1.0
2018,2018-05-19,530080,2392.0,429805,1.0
2018,2018-05-19,530089,31.0,427292,1.0
2018,2018-05-19,530078,3.0,427534,1.0
2018,2018-05-19,530077,3289.0,427299,1.0
2018,2018-05-19,530091,4.0,482608,1.0
2018,2018-05-19,530084,4705.0,573597,1.0
2018,2018-05-19,530085,3312.0,483919,1.0
2018,2018-05-19,530086,7.0,427554,1.0
2018,2018-05-19,530090,1.0,427164,1.0
2018,2018-05-19,530082,680.0,427552,1.0
2018,2018-05-20,530093,3.0,544728,1.0
2018,2018-05-20,530102,14.0,427192,1.0
2018,2018-05-20,530094,2602.0,483630,1.0
2018,2018-05-20,530092,3289.0,427184,1.0
2018,2018-05-20,530098,3309.0,431232,1.0
2018,2018-05-20,530104,31.0,524988,1.0
2018,2018-05-20,530099,4705.0,577468,1.0
2018,2018-05-20,530106,4.0,427220,1.0
2018,2018-05-20,530100,3312.0,427538,1.0
2018,2018-05-20,530103,2889.0,427537,1.0
2018,2018-05-20,530101,7.0,547380,1.0
2018,2018-05-20,530096,2395.0,482620,1.0
2018,2018-05-20,530105,1.0,427362,1.0
2018,2018-05-20,530097,680.0,483912,1.0
2018,2018-05-20,530095,2392.0,484198,1.0
2018,2018-05-21,530115,3309.0,521889,1.0
2018,2018-05-21,530108,2681.0,428442,1.0
2018,2018-05-21,530113,3289.0,427129,1.0
2018,2018-05-21,530107,32.0,427197,1.0
2018,2018-05-21,530114,13.0,427103,1.0
2018,2018-05-21,530111,3312.0,427269,1.0
2018,2018-05-21,530109,4.0,605672,1.0
2018,2018-05-21,530112,2889.0,427139,1.0
2018,2018-05-21,530110,22.0,503502,1.0
2018,2018-05-22,530120,17.0,504381,1.0
2018,2018-05-22,530128,3309.0,427081,1.0
2018,2018-05-22,530117,2681.0,483561,1.0
2018,2018-05-22,530124,14.0,427115,1.0
2018,2018-05-22,530127,2602.0,427113,1.0
2018,2018-05-22,530119,12.0,503077,1.0
2018,2018-05-22,530125,3289.0,482631,1.0
2018,2018-05-22,530116,32.0,427220,1.0
2018,2018-05-22,530126,13.0,573596,1.0
2018,2018-05-22,530129,2392.0,427509,1.0
2018,2018-05-22,530122,3312.0,427243,1.0
2018,2018-05-22,530118,4.0,427344,1.0
2018,2018-05-22,530123,2889.0,427168,1.0
2018,2018-05-22,530130,10.0,427286,1.0
2018,2018-05-22,530121,22.0,427315,1.0
2018,2018-05-23,530137,3312.0,489985,1.0
2018,2018-05-23,530131,32.0,427520,1.0
2018,2018-05-23,530138,2889.0,483919,1.0
2018,2018-05-23,530144,2392.0,427128,1.0
2018,2018-05-23,530143,3309.0,427058,1.0
2018,2018-05-23,530132,2681.0,427413,1.0
2018,2018-05-23,530141,13.0,544728,1.0
2018,2018-05-23,530139,14.0,427533,1.0
2018,2018-05-23,530142,2602.0,484499,1.0
2018,2018-05-23,530134,12.0,483564,1.0
2018,2018-05-23,530140,3289.0,427095,1.0
2018,2018-05-23,530135,17.0,427019,1.0
2018,2018-05-23,530133,4.0,429805,1.0
2018,2018-05-23,530145,10.0,427366,1.0
2018,2018-05-23,530136,22.0,427235,1.0
2018,2018-05-24,530152,2602.0,427164,1.0
2018,2018-05-24,530150,14.0,427424,1.0
2018,2018-05-24,530146,4.0,484198,1.0
2018,2018-05-24,530153,10.0,427044,1.0
2018,2018-05-24,530148,5.0,427534,1.0
2018,2018-05-24,530147,12.0,427206,1.0
2018,2018-05-24,530149,13.0,511890,1.0
2018,2018-05-24,530151,32.0,427552,1.0
2018,2018-05-25,530165,17.0,484183,1.0
2018,2018-05-25,530166,31.0,605672,1.0
2018,2018-05-25,530167,2681.0,427538,1.0
2018,2018-05-25,530161,3313.0,431232,1.0
2018,2018-05-25,530159,5.0,428442,1.0
2018,2018-05-25,530156,12.0,521251,1.0
2018,2018-05-25,530155,3.0,427362,1.0
2018,2018-05-25,530157,2394.0,427053,1.0
2018,2018-05-25,530168,4169.0,427537,1.0
2018,2018-05-25,530160,13.0,427269,1.0
2018,2018-05-25,530163,32.0,483912,1.0
2018,2018-05-25,530158,19.0,503077,1.0
2018,2018-05-25,530154,10.0,427554,1.0
2018,2018-05-25,530164,22.0,482620,1.0
2018,2018-05-25,530162,680.0,427013,1.0
2018,2018-05-26,530170,3.0,427113,1.0
2018,2018-05-26,530169,10.0,503502,1.0
2018,2018-05-26,530181,31.0,427344,1.0
2018,2018-05-26,530175,13.0,427243,1.0
2018,2018-05-26,530182,2681.0,427139,1.0
2018,2018-05-26,530171,12.0,427115,1.0
2018,2018-05-26,530172,2394.0,427197,1.0
2018,2018-05-26,530183,4169.0,427220,1.0
2018,2018-05-26,530178,32.0,427168,1.0
2018,2018-05-26,530174,5.0,483561,1.0
2018,2018-05-26,530180,17.0,521889,1.0
2018,2018-05-26,530176,3313.0,427093,1.0
2018,2018-05-26,530173,19.0,427129,1.0
2018,2018-05-26,530179,22.0,427286,1.0
2018,2018-05-26,530177,680.0,524988,1.0
2018,2018-05-27,530185,3.0,484499,1.0
2018,2018-05-27,530191,3313.0,482631,1.0
2018,2018-05-27,530189,5.0,427413,1.0
2018,2018-05-27,530186,12.0,427533,1.0
2018,2018-05-27,530187,2394.0,573596,1.0
2018,2018-05-27,530198,4169.0,594151,1.0
2018,2018-05-27,530196,31.0,429805,1.0
2018,2018-05-27,530197,2681.0,427509,1.0
2018,2018-05-27,530193,32.0,427128,1.0
2018,2018-05-27,530190,13.0,489985,1.0
2018,2018-05-27,530188,19.0,483564,1.0
2018,2018-05-27,530184,10.0,427315,1.0
2018,2018-05-27,530194,22.0,427366,1.0
2018,2018-05-27,530192,680.0,504381,1.0
2018,2018-05-27,530195,17.0,427081,1.0
2018,2018-05-28,530213,2.0,427164,1.0
2018,2018-05-28,530212,3.0,490319,1.0
2018,2018-05-28,530202,3313.0,482641,1.0
2018,2018-05-28,530203,2394.0,483919,1.0
2018,2018-05-28,530206,4705.0,427537,1.0
2018,2018-05-28,530199,31.0,427534,1.0
2018,2018-05-28,530209,32.0,427058,1.0
2018,2018-05-28,530210,10.0,427361,1.0
2018,2018-05-28,530201,15.0,427044,1.0
2018,2018-05-28,530211,680.0,427224,1.0
2018,2018-05-28,530200,5.0,427552,1.0
2018,2018-05-28,530204,2680.0,482666,1.0
2018,2018-05-28,530208,19.0,511890,1.0
2018,2018-05-28,530205,7.0,427206,1.0
2018,2018-05-28,530207,22.0,427019,1.0
2018,2018-05-29,530215,5.0,483912,1.0
2018,2018-05-29,530228,2.0,427362,1.0
2018,2018-05-29,530214,31.0,427053,1.0
2018,2018-05-29,530217,3313.0,503586,1.0
2018,2018-05-29,530218,2394.0,427184,1.0
2018,2018-05-29,530227,3.0,483569,1.0
2018,2018-05-29,530221,4705.0,427197,1.0
2018,2018-05-29,530224,32.0,484183,1.0
2018,2018-05-29,530220,7.0,503077,1.0
2018,2018-05-29,530223,19.0,427269,1.0
2018,2018-05-29,530216,15.0,482620,1.0
2018,2018-05-29,530225,10.0,427013,1.0
2018,2018-05-29,530226,680.0,427339,1.0
2018,2018-05-29,530222,22.0,427095,1.0
2018,2018-05-29,530219,2680.0,427554,1.0
2018,2018-05-30,530242,3.0,427299,1.0
2018,2018-05-30,530230,5.0,427509,1.0
2018,2018-05-30,530239,32.0,521889,1.0
2018,2018-05-30,530231,15.0,427366,1.0
2018,2018-05-30,530232,3313.0,489985,1.0
2018,2018-05-30,530243,2.0,427113,1.0
2018,2018-05-30,530229,31.0,573596,1.0
2018,2018-05-30,530233,2394.0,427139,1.0
2018,2018-05-30,530236,4705.0,521251,1.0
2018,2018-05-30,530235,7.0,427286,1.0
2018,2018-05-30,530238,19.0,427243,1.0
2018,2018-05-30,530240,10.0,482608,1.0
2018,2018-05-30,530241,680.0,503490,1.0
2018,2018-05-30,530237,22.0,524988,1.0
2018,2018-05-30,530234,2680.0,503502,1.0
2018,2018-05-31,530247,2394.0,427168,1.0
2018,2018-05-31,530252,10.0,547380,1.0
2018,2018-05-31,530245,3289.0,427192,1.0
2018,2018-05-31,530251,2889.0,428442,1.0
2018,2018-05-31,530250,22.0,504381,1.0
2018,2018-05-31,530254,4705.0,483564,1.0
2018,2018-05-31,530244,2392.0,427537,1.0
2018,2018-05-31,530246,3312.0,596740,1.0
2018,2018-05-31,530248,2680.0,427315,1.0
2018,2018-05-31,530253,680.0,573597,1.0
2018,2018-07-09,530249,2.0,483630,1.0
2018,2018-06-01,530262,2.0,427128,1.0
2018,2018-06-01,530256,3289.0,482641,1.0
2018,2018-06-01,530268,2394.0,484499,1.0
2018,2018-06-01,530269,4705.0,427206,1.0
2018,2018-06-01,530255,2392.0,427093,1.0
2018,2018-06-01,530258,3312.0,490319,1.0
2018,2018-06-01,530261,4.0,483919,1.0
2018,2018-06-01,530263,7.0,427081,1.0
2018,2018-06-01,530265,2889.0,511890,1.0
2018,2018-06-01,530259,19.0,427103,1.0
2018,2018-06-01,530260,15.0,427019,1.0
2018,2018-06-01,530267,1.0,427090,1.0
2018,2018-06-01,530257,2680.0,427361,1.0
2018,2018-06-01,530266,680.0,482666,1.0
2018,2018-06-01,530264,2395.0,427224,1.0
2018,2018-06-02,530276,4.0,427184,1.0
2018,2018-06-02,530278,7.0,427058,1.0
2018,2018-06-02,530280,2889.0,427269,1.0
2018,2018-06-02,530277,2.0,427552,1.0
2018,2018-06-02,530283,2394.0,427164,1.0
2018,2018-06-02,530273,3312.0,483569,1.0
2018,2018-06-02,530284,4705.0,503077,1.0
2018,2018-06-02,530270,2392.0,427197,1.0
2018,2018-06-02,530274,19.0,544728,1.0
2018,2018-06-02,530271,3289.0,503586,1.0
2018,2018-06-02,530272,2680.0,427013,1.0
2018,2018-06-02,530282,1.0,427044,1.0
2018,2018-06-02,530279,2395.0,427339,1.0
2018,2018-06-02,530281,680.0,427554,1.0
2018,2018-06-02,530275,15.0,427095,1.0
2018,2018-06-03,530286,3289.0,489985,1.0
2018,2018-06-03,530298,2394.0,427362,1.0
2018,2018-06-03,530299,4705.0,427286,1.0
2018,2018-06-03,530288,3312.0,427299,1.0
2018,2018-06-03,530291,4.0,521051,1.0
2018,2018-06-03,530293,7.0,484183,1.0
2018,2018-06-03,530295,2889.0,427243,1.0
2018,2018-06-03,530289,19.0,427053,1.0
2018,2018-06-03,530294,2395.0,503490,1.0
2018,2018-06-03,530297,1.0,482620,1.0
2018,2018-06-03,530296,680.0,503502,1.0
2018,2018-06-03,530290,15.0,524988,1.0
2018,2018-06-03,530287,2680.0,482608,1.0
2018,2018-06-03,530285,2392.0,521251,1.0
2018,2018-08-25,530292,2.0,511890,1.0
2018,2018-06-04,530302,1.0,573597,1.0
2018,2018-06-04,530300,2395.0,483561,1.0
2018,2018-06-04,530301,2680.0,483919,1.0
2018,2018-06-05,530306,3312.0,427366,1.0
2018,2018-06-05,530310,31.0,427424,1.0
2018,2018-06-05,530317,3309.0,504381,1.0
2018,2018-06-05,530313,14.0,427344,1.0
2018,2018-06-05,530307,2602.0,427192,1.0
2018,2018-06-05,530308,3.0,483630,1.0
2018,2018-06-05,530305,3289.0,427235,1.0
2018,2018-06-05,530312,5.0,428442,1.0
2018,2018-06-05,530314,13.0,427520,1.0
2018,2018-06-05,530315,17.0,490319,1.0
2018,2018-06-05,530316,2392.0,547380,1.0
2018,2018-06-05,530311,2889.0,427139,1.0
2018,2018-06-05,530309,1.0,427224,1.0
2018,2018-06-05,530304,2680.0,427103,1.0
2018,2018-06-05,530303,2395.0,427413,1.0
2018,2018-06-06,530332,3309.0,427019,1.0
2018,2018-06-06,530320,3289.0,427315,1.0
2018,2018-06-06,530327,5.0,511890,1.0
2018,2018-06-06,530319,2680.0,544728,1.0
2018,2018-06-06,530318,2395.0,427534,1.0
2018,2018-06-06,530325,31.0,427129,1.0
2018,2018-06-06,530328,14.0,429805,1.0
2018,2018-06-06,530322,2602.0,482641,1.0
2018,2018-06-06,530323,3.0,427115,1.0
2018,2018-06-06,530329,13.0,427197,1.0
2018,2018-06-06,530330,17.0,483569,1.0
2018,2018-06-06,530331,2392.0,427361,1.0
2018,2018-06-06,530321,3312.0,427044,1.0
2018,2018-06-06,530326,2889.0,573596,1.0
2018,2018-06-06,530324,1.0,427339,1.0
2018,2018-06-07,530335,2602.0,503586,1.0
2018,2018-06-07,530339,31.0,577468,1.0
2018,2018-06-07,530334,3312.0,482620,1.0
2018,2018-06-07,530340,2889.0,427538,1.0
2018,2018-06-07,530341,17.0,521051,1.0
2018,2018-06-07,530333,14.0,427013,1.0
2018,2018-06-07,530336,3.0,605672,1.0
2018,2018-06-07,530342,12.0,521251,1.0
2018,2018-06-07,530337,13.0,482666,1.0
2018,2018-06-07,530338,10.0,483561,1.0
2018,2018-06-08,530353,17.0,431232,1.0
2018,2018-06-08,530355,3309.0,427095,1.0
2018,2018-06-08,530351,2681.0,427366,1.0
2018,2018-06-08,530345,14.0,524988,1.0
2018,2018-06-08,530347,2394.0,489985,1.0
2018,2018-06-08,530357,2602.0,427053,1.0
2018,2018-06-08,530356,12.0,482663,1.0
2018,2018-06-08,530346,3.0,427269,1.0
2018,2018-06-08,530354,4169.0,427299,1.0
2018,2018-06-08,530352,3289.0,427533,1.0
2018,2018-06-08,530348,13.0,503502,1.0
2018,2018-06-08,530350,3312.0,482631,1.0
2018,2018-06-08,530343,19.0,503490,1.0
2018,2018-06-08,530349,10.0,503493,1.0
2018,2018-06-08,530344,22.0,484198,1.0
2018,2018-06-09,530370,3309.0,482608,1.0
2018,2018-06-09,530366,2681.0,427090,1.0
2018,2018-06-09,530360,14.0,504381,1.0
2018,2018-06-09,530365,3312.0,427424,1.0
2018,2018-06-09,530368,17.0,427139,1.0
2018,2018-06-09,530364,10.0,427413,1.0
2018,2018-06-09,530361,3.0,575629,1.0
2018,2018-06-09,530362,2394.0,427192,1.0
2018,2018-06-09,530372,2602.0,427286,1.0
2018,2018-06-09,530371,12.0,427243,1.0
2018,2018-06-09,530369,4169.0,490319,1.0
2018,2018-06-09,530358,19.0,573597,1.0
2018,2018-06-09,530363,13.0,427235,1.0
2018,2018-06-09,530367,3289.0,483630,1.0
2018,2018-06-09,530359,22.0,427220,1.0
2018,2018-06-10,530376,3.0,428442,1.0
2018,2018-06-10,530375,14.0,427019,1.0
2018,2018-06-10,530377,2394.0,482641,1.0
2018,2018-06-10,530387,2602.0,427103,1.0
2018,2018-06-10,530386,12.0,427197,1.0
2018,2018-06-10,530384,4169.0,483569,1.0
2018,2018-06-10,530381,2681.0,427044,1.0
2018,2018-06-10,530380,3312.0,427129,1.0
2018,2018-06-10,530383,17.0,596740,1.0
2018,2018-06-10,530378,13.0,427315,1.0
2018,2018-06-10,530373,19.0,427224,1.0
2018,2018-06-10,530379,10.0,427534,1.0
2018,2018-06-10,530385,3309.0,547380,1.0
2018,2018-06-10,530374,22.0,427344,1.0
2018,2018-06-10,530382,3289.0,427115,1.0
2018,2018-06-11,530388,2.0,544728,1.0
2018,2018-06-11,530395,12.0,427538,1.0
2018,2018-06-11,530394,4169.0,605672,1.0
2018,2018-06-11,530390,4.0,427361,1.0
2018,2018-06-11,530389,32.0,521251,1.0
2018,2018-06-11,530393,2889.0,427339,1.0
2018,2018-06-11,530392,15.0,427554,1.0
2018,2018-06-11,530391,680.0,483564,1.0
2018,2018-06-12,530396,2.0,427053,1.0
2018,2018-06-12,530400,2681.0,577468,1.0
2018,2018-06-12,530410,3313.0,482620,1.0
2018,2018-06-12,530409,12.0,431232,1.0
2018,2018-06-12,530403,2394.0,483912,1.0
2018,2018-06-12,530407,4169.0,427533,1.0
2018,2018-06-12,530404,4705.0,521889,1.0
2018,2018-06-12,530399,4.0,524988,1.0
2018,2018-06-12,530397,32.0,482631,1.0
2018,2018-06-12,530398,7.0,427113,1.0
2018,2018-06-12,530406,2889.0,503490,1.0
2018,2018-06-12,530405,15.0,482666,1.0
2018,2018-06-12,530401,10.0,429805,1.0
2018,2018-06-12,530402,680.0,503077,1.0
2018,2018-06-12,530408,22.0,483561,1.0
2018,2018-06-13,530419,4705.0,427081,1.0
2018,2018-06-13,530424,12.0,427139,1.0
2018,2018-06-13,530412,32.0,427424,1.0
2018,2018-06-13,530411,2.0,427286,1.0
2018,2018-06-13,530420,15.0,503502,1.0
2018,2018-06-13,530417,680.0,427206,1.0
2018,2018-06-13,530415,2681.0,427269,1.0
2018,2018-06-13,530425,3313.0,427366,1.0
2018,2018-06-13,530418,2394.0,427509,1.0
2018,2018-06-13,530422,4169.0,483630,1.0
2018,2018-06-13,530414,4.0,482608,1.0
2018,2018-06-13,530413,7.0,484499,1.0
2018,2018-06-13,530421,2889.0,573597,1.0
2018,2018-06-13,530416,10.0,484198,1.0
2018,2018-06-13,530423,22.0,503493,1.0
2018,2018-06-14,530433,4169.0,427115,1.0
2018,2018-06-14,530428,2681.0,511890,1.0
2018,2018-06-14,530430,2394.0,427128,1.0
2018,2018-06-14,530427,4.0,547380,1.0
2018,2018-06-14,530429,10.0,427220,1.0
2018,2018-06-14,530434,3313.0,596740,1.0
2018,2018-06-14,530432,4705.0,483919,1.0
2018,2018-06-14,530431,15.0,427129,1.0
2018,2018-06-14,530426,680.0,427413,1.0
2018,2018-06-15,530437,31.0,427552,1.0
2018,2018-06-15,530442,2.0,427090,1.0
2018,2018-06-15,530448,3313.0,427224,1.0
2018,2018-06-15,530449,14.0,428442,1.0
2018,2018-06-15,530443,5.0,427235,1.0
2018,2018-06-15,530446,4705.0,427538,1.0
2018,2018-06-15,530438,13.0,427344,1.0
2018,2018-06-15,530439,4.0,427058,1.0
2018,2018-06-15,530445,32.0,427164,1.0
2018,2018-06-15,530440,7.0,605672,1.0
2018,2018-06-15,530436,2889.0,427361,1.0
2018,2018-06-15,530441,10.0,573596,1.0
2018,2018-06-15,530444,15.0,431232,1.0
2018,2018-06-15,530435,680.0,427534,1.0
2018,2018-06-15,530447,22.0,427093,1.0
2018,2018-06-16,530463,3313.0,427339,1.0
2018,2018-06-16,530454,4.0,484183,1.0
2018,2018-06-16,530455,7.0,427533,1.0
2018,2018-06-16,530456,10.0,544728,1.0
2018,2018-06-16,530452,31.0,483912,1.0
2018,2018-06-16,530453,13.0,429805,1.0
2018,2018-06-16,530457,2.0,427044,1.0
2018,2018-06-16,530464,14.0,577468,1.0
2018,2018-06-16,530458,5.0,427554,1.0
2018,2018-06-16,530460,32.0,427362,1.0
2018,2018-06-16,530461,4705.0,427139,1.0
2018,2018-06-16,530450,680.0,483561,1.0
2018,2018-06-16,530462,22.0,483564,1.0
2018,2018-06-16,530451,2889.0,524988,1.0
2018,2018-06-16,530459,15.0,482631,1.0
2018,2018-06-17,530472,2.0,482620,1.0
2018,2018-06-17,530479,14.0,427269,1.0
2018,2018-06-17,530473,5.0,482666,1.0
2018,2018-06-17,530467,31.0,427509,1.0
2018,2018-06-17,530476,4705.0,521051,1.0
2018,2018-06-17,530478,3313.0,503490,1.0
2018,2018-06-17,530469,4.0,521889,1.0
2018,2018-06-17,530475,32.0,427113,1.0
2018,2018-06-17,530470,7.0,483630,1.0
2018,2018-06-17,530468,13.0,484198,1.0
2018,2018-06-17,530471,10.0,427053,1.0
2018,2018-06-17,530474,15.0,427424,1.0
2018,2018-06-17,530465,680.0,483569,1.0
2018,2018-06-17,530477,22.0,503077,1.0
2018,2018-06-17,530466,2889.0,482608,1.0
2018,2018-06-18,530486,2681.0,427081,1.0
2018,2018-06-18,530484,31.0,427520,1.0
2018,2018-06-18,530481,5.0,427013,1.0
2018,2018-06-18,530487,2392.0,427286,1.0
2018,2018-06-18,530488,7.0,427315,1.0
2018,2018-06-18,530485,19.0,427413,1.0
2018,2018-06-18,530480,1.0,427184,1.0
2018,2018-06-18,530483,2395.0,484499,1.0
2018,2018-06-19,530482,17.0,503586,1.0
2018,2018-06-19,530495,17.0,427192,1.0
2018,2018-06-19,530491,3309.0,427224,1.0
2018,2018-06-19,530501,2681.0,427058,1.0
2018,2018-06-19,530500,3313.0,511890,1.0
2018,2018-06-19,530497,31.0,482663,1.0
2018,2018-06-19,530490,14.0,427128,1.0
2018,2018-06-19,530494,2602.0,503502,1.0
2018,2018-06-19,530493,5.0,596809,1.0
2018,2018-06-19,530502,2392.0,573596,1.0
2018,2018-06-19,530492,3312.0,547380,1.0
2018,2018-06-19,530503,7.0,427129,1.0
2018,2018-06-19,530498,19.0,427534,1.0
2018,2018-06-19,530489,1.0,427299,1.0
2018,2018-06-19,530499,2680.0,427206,1.0
2018,2018-06-19,530496,2395.0,427164,1.0
2018,2018-06-20,530508,2602.0,427235,1.0
2018,2018-06-20,530504,14.0,427552,1.0
2018,2018-06-20,530515,2681.0,484183,1.0
2018,2018-06-20,530507,5.0,504381,1.0
2018,2018-06-20,530509,17.0,489985,1.0
2018,2018-06-20,530513,2680.0,503493,1.0
2018,2018-06-20,530510,2395.0,596740,1.0
2018,2018-06-20,530505,3309.0,427339,1.0
2018,2018-06-20,530514,3313.0,428442,1.0
2018,2018-06-20,530516,2392.0,544728,1.0
2018,2018-06-20,530506,3312.0,427362,1.0
2018,2018-06-20,530517,7.0,431232,1.0
2018,2018-06-20,530512,19.0,483561,1.0
2018,2018-07-14,530511,31.0,547380,1.0
2018,2018-06-21,530525,3313.0,427243,1.0
2018,2018-06-21,530520,3312.0,524988,1.0
2018,2018-06-21,530522,19.0,503077,1.0
2018,2018-06-21,530519,3309.0,503490,1.0
2018,2018-06-21,530518,31.0,521889,1.0
2018,2018-06-21,530521,2602.0,490319,1.0
2018,2018-06-21,530526,32.0,483912,1.0
2018,2018-06-21,530527,1.0,427113,1.0
2018,2018-06-21,530524,2395.0,427103,1.0
2018,2018-06-22,530523,4.0,482666,1.0
2018,2018-06-22,530536,4.0,427554,1.0
2018,2018-06-22,530528,31.0,427081,1.0
2018,2018-06-22,530537,3309.0,427197,1.0
2018,2018-06-22,530530,2602.0,605672,1.0
2018,2018-06-22,530531,5.0,427095,1.0
2018,2018-06-22,530533,3289.0,573597,1.0
2018,2018-06-22,530539,3.0,482631,1.0
2018,2018-06-22,530535,12.0,427093,1.0
2018,2018-06-22,530529,4705.0,427019,1.0
2018,2018-06-22,530532,2392.0,427413,1.0
2018,2018-06-22,530541,3312.0,482641,1.0
2018,2018-06-22,530540,32.0,427509,1.0
2018,2018-06-22,530534,19.0,482608,1.0
2018,2018-06-22,530542,1.0,484499,1.0
2018,2018-06-22,530538,2395.0,427286,1.0
2018,2018-06-23,530556,3312.0,503586,1.0
2018,2018-06-23,530551,4.0,503502,1.0
2018,2018-06-23,530549,19.0,547380,1.0
2018,2018-06-23,530543,31.0,427058,1.0
2018,2018-06-23,530553,2395.0,573596,1.0
2018,2018-06-23,530552,3309.0,427520,1.0
2018,2018-06-23,530545,2602.0,427184,1.0
2018,2018-06-23,530544,4705.0,427013,1.0
2018,2018-06-23,530550,12.0,483564,1.0
2018,2018-06-23,530555,32.0,427128,1.0
2018,2018-06-23,530546,5.0,511890,1.0
2018,2018-06-23,530547,2392.0,427534,1.0
2018,2018-06-23,530548,3289.0,427224,1.0
2018,2018-06-23,530554,3.0,427315,1.0
2018,2018-06-23,530557,1.0,427164,1.0
2018,2018-06-24,530569,3.0,427129,1.0
2018,2018-06-24,530560,2602.0,427299,1.0
2018,2018-06-24,530561,5.0,428442,1.0
2018,2018-06-24,530563,3289.0,427339,1.0
2018,2018-06-24,530565,12.0,427206,1.0
2018,2018-06-24,530558,31.0,484183,1.0
2018,2018-06-24,530559,4705.0,596809,1.0
2018,2018-06-24,530562,2392.0,483561,1.0
2018,2018-06-24,530571,3312.0,427192,1.0
2018,2018-06-24,530566,4.0,427235,1.0
2018,2018-06-24,530570,32.0,427552,1.0
2018,2018-06-24,530564,19.0,427362,1.0
2018,2018-06-24,530568,2395.0,544728,1.0
2018,2018-06-24,530572,1.0,429805,1.0
2018,2018-06-24,530567,3309.0,482663,1.0
2018,2018-06-25,530578,2394.0,504381,1.0
2018,2018-06-25,530581,2.0,521889,1.0
2018,2018-06-25,530577,2681.0,427538,1.0
2018,2018-06-25,530579,3289.0,427366,1.0
2018,2018-06-25,530583,12.0,431232,1.0
2018,2018-06-25,530573,4169.0,503077,1.0
2018,2018-06-25,530575,4705.0,427361,1.0
2018,2018-06-25,530580,13.0,427413,1.0
2018,2018-06-25,530582,2392.0,489985,1.0
2018,2018-06-25,530576,2889.0,427537,1.0
2018,2018-06-25,530574,22.0,427220,1.0
2018,2018-06-26,530598,12.0,427315,1.0
2018,2018-06-26,530596,2.0,427081,1.0
2018,2018-06-26,530592,2681.0,483919,1.0
2018,2018-06-26,530590,3.0,503490,1.0
2018,2018-06-26,530593,2394.0,427019,1.0
2018,2018-06-26,530594,3289.0,427090,1.0
2018,2018-06-26,530584,4169.0,427093,1.0
2018,2018-06-26,530586,4705.0,524988,1.0
2018,2018-06-26,530595,13.0,596805,1.0
2018,2018-06-26,530597,2392.0,482641,1.0
2018,2018-06-26,530591,4.0,427103,1.0
2018,2018-06-26,530589,32.0,490319,1.0
2018,2018-06-26,530587,2889.0,427197,1.0
2018,2018-06-26,530585,22.0,427344,1.0
2018,2018-06-26,530588,2395.0,483630,1.0
2018,2018-06-27,530601,4705.0,547380,1.0
2018,2018-06-27,530612,2392.0,503586,1.0
2018,2018-06-27,530604,32.0,427184,1.0
2018,2018-06-27,530611,2.0,427058,1.0
2018,2018-06-27,530607,2681.0,427139,1.0
2018,2018-06-27,530605,3.0,573597,1.0
2018,2018-06-27,530608,2394.0,427013,1.0
2018,2018-06-27,530609,3289.0,427044,1.0
2018,2018-06-27,530599,4169.0,483564,1.0
2018,2018-06-27,530610,13.0,427534,1.0
2018,2018-06-27,530606,4.0,573596,1.0
2018,2018-06-27,530602,2889.0,427520,1.0
2018,2018-06-27,530600,22.0,429805,1.0
2018,2018-06-27,530603,2395.0,427115,1.0
2018,2018-06-28,530613,4169.0,427206,1.0
2018,2018-06-28,530620,2394.0,596809,1.0
2018,2018-06-28,530619,4.0,544728,1.0
2018,2018-06-28,530621,2.0,484183,1.0
2018,2018-06-28,530614,22.0,484198,1.0
2018,2018-06-28,530615,2395.0,427533,1.0
2018,2018-06-28,530622,2681.0,427095,1.0
2018,2018-06-28,530617,3.0,427224,1.0
2018,2018-06-28,530616,12.0,427299,1.0
2018,2018-06-28,530618,2602.0,577468,1.0
2018,2018-06-29,530633,17.0,482663,1.0
2018,2018-06-29,530631,2.0,503077,1.0
2018,2018-06-29,530637,2681.0,427361,1.0
2018,2018-06-29,530624,3313.0,482620,1.0
2018,2018-06-29,530628,14.0,427053,1.0
2018,2018-06-29,530629,12.0,483569,1.0
2018,2018-06-29,530634,4169.0,521889,1.0
2018,2018-06-29,530632,2602.0,427129,1.0
2018,2018-06-29,530625,13.0,427168,1.0
2018,2018-06-29,530623,2889.0,427339,1.0
2018,2018-06-29,530636,15.0,427019,1.0
2018,2018-06-29,530626,10.0,483561,1.0
2018,2018-06-29,530627,22.0,427192,1.0
2018,2018-06-29,530635,2680.0,427220,1.0
2018,2018-06-29,530630,680.0,427424,1.0
2018,2018-06-30,530643,14.0,427103,1.0
2018,2018-06-30,530648,17.0,427537,1.0
2018,2018-06-30,530646,2.0,427093,1.0
2018,2018-06-30,530641,10.0,427413,1.0
2018,2018-06-30,530644,12.0,490319,1.0
2018,2018-06-30,530649,4169.0,427081,1.0
2018,2018-06-30,530647,2602.0,431232,1.0
2018,2018-06-30,530652,2681.0,524988,1.0
2018,2018-06-30,530642,22.0,504381,1.0
2018,2018-06-30,530638,2889.0,503490,1.0
2018,2018-06-30,530639,3313.0,427366,1.0
2018,2018-06-30,530640,13.0,427538,1.0
2018,2018-06-30,530650,2680.0,427344,1.0
2018,2018-06-30,530645,680.0,483630,1.0
2018,2018-06-30,530651,15.0,489985,1.0
2018,2018-07-01,530661,2.0,483564,1.0
2018,2018-07-01,530658,14.0,573596,1.0
2018,2018-07-01,530659,12.0,427184,1.0
2018,2018-07-01,530664,4169.0,427058,1.0
2018,2018-07-01,530662,2602.0,427315,1.0
2018,2018-07-01,530667,2681.0,547380,1.0
2018,2018-07-01,530653,2889.0,573597,1.0
2018,2018-07-01,530663,17.0,427197,1.0
2018,2018-07-01,530655,13.0,483919,1.0
2018,2018-07-01,530656,10.0,596805,1.0
2018,2018-07-01,530657,22.0,427013,1.0
2018,2018-07-01,530665,2680.0,429805,1.0
2018,2018-07-01,530660,680.0,427115,1.0
2018,2018-07-01,530666,15.0,482641,1.0
2018,2018-07-01,530654,3313.0,427090,1.0
2018,2018-07-02,530672,14.0,544728,1.0
2018,2018-07-02,530669,3309.0,427299,1.0
2018,2018-07-02,530668,3313.0,482631,1.0
2018,2018-07-02,530670,2602.0,521889,1.0
2018,2018-07-02,530677,4169.0,427224,1.0
2018,2018-07-02,530673,32.0,427139,1.0
2018,2018-07-02,530671,7.0,427044,1.0
2018,2018-07-02,530675,19.0,484198,1.0
2018,2018-07-02,530676,15.0,427164,1.0
2018,2018-07-02,530674,22.0,427113,1.0
2018,2018-07-03,530683,17.0,427533,1.0
2018,2018-07-03,530686,32.0,427168,1.0
2018,2018-07-03,530680,3309.0,483569,1.0
2018,2018-07-03,530679,2681.0,427053,1.0
2018,2018-07-03,530678,3313.0,577468,1.0
2018,2018-07-03,530687,14.0,427554,1.0
2018,2018-07-03,530681,2602.0,427081,1.0
2018,2018-07-03,530692,4169.0,427339,1.0
2018,2018-07-03,530684,13.0,427243,1.0
2018,2018-07-03,530690,19.0,427220,1.0
2018,2018-07-03,530682,7.0,482620,1.0
2018,2018-07-03,530689,10.0,427509,1.0
2018,2018-07-03,530691,15.0,427534,1.0
2018,2018-07-03,530688,22.0,484499,1.0
2018,2018-07-03,530685,680.0,503586,1.0
2018,2018-07-04,530695,3309.0,490319,1.0
2018,2018-07-04,530693,3313.0,431232,1.0
2018,2018-07-04,530707,4169.0,503490,1.0
2018,2018-07-04,530698,17.0,427424,1.0
2018,2018-07-04,530704,10.0,427128,1.0
2018,2018-07-04,530694,2681.0,427103,1.0
2018,2018-07-04,530700,680.0,427192,1.0
2018,2018-07-04,530701,32.0,427538,1.0
2018,2018-07-04,530699,13.0,511890,1.0
2018,2018-07-04,530702,14.0,482666,1.0
2018,2018-07-04,530696,2602.0,427058,1.0
2018,2018-07-04,530703,22.0,596740,1.0
2018,2018-07-04,530705,19.0,427344,1.0
2018,2018-07-04,530697,7.0,427366,1.0
2018,2018-07-04,530706,15.0,427413,1.0
2018,2018-07-05,530712,3309.0,483630,1.0
2018,2018-07-05,530715,2394.0,573597,1.0
2018,2018-07-05,530709,3312.0,427299,1.0
2018,2018-07-05,530710,2392.0,429805,1.0
2018,2018-07-05,530708,32.0,427269,1.0
2018,2018-07-05,530713,15.0,427362,1.0
2018,2018-07-05,530711,680.0,483919,1.0
2018,2018-07-05,530714,2395.0,427090,1.0
2018,2018-07-06,530720,17.0,483912,1.0
2018,2018-07-06,530726,31.0,427315,1.0
2018,2018-07-06,530723,3309.0,427115,1.0
2018,2018-07-06,530724,14.0,427164,1.0
2018,2018-07-06,530725,5.0,503493,1.0
2018,2018-07-06,530729,3289.0,427286,1.0
2018,2018-07-06,530730,2394.0,427224,1.0
2018,2018-07-06,530717,3312.0,483569,1.0
2018,2018-07-06,530719,2392.0,484198,1.0
2018,2018-07-06,530716,32.0,428442,1.0
2018,2018-07-06,530718,7.0,503502,1.0
2018,2018-07-06,530727,15.0,427113,1.0
2018,2018-07-06,530722,1.0,489985,1.0
2018,2018-07-06,530721,680.0,427139,1.0
2018,2018-07-06,530728,2395.0,427044,1.0
2018,2018-07-07,530732,3312.0,521051,1.0
2018,2018-07-07,530735,17.0,482641,1.0
2018,2018-07-07,530743,2395.0,482620,1.0
2018,2018-07-07,530741,31.0,427520,1.0
2018,2018-07-07,530739,14.0,483561,1.0
2018,2018-07-07,530740,5.0,521889,1.0
2018,2018-07-07,530736,680.0,427168,1.0
2018,2018-07-07,530744,3289.0,544728,1.0
2018,2018-07-07,530745,2394.0,427339,1.0
2018,2018-07-07,530734,2392.0,427220,1.0
2018,2018-07-07,530731,32.0,427243,1.0
2018,2018-07-07,530733,7.0,427235,1.0
2018,2018-07-07,530737,1.0,427552,1.0
2018,2018-07-07,530738,3309.0,427533,1.0
2018,2018-07-07,530742,15.0,484499,1.0
2018,2018-07-08,530754,14.0,596805,1.0
2018,2018-07-08,530755,5.0,427081,1.0
2018,2018-07-08,530759,3289.0,427053,1.0
2018,2018-07-08,530760,2394.0,503490,1.0
2018,2018-07-08,530756,31.0,482631,1.0
2018,2018-07-08,530753,3309.0,427424,1.0
2018,2018-07-08,530747,3312.0,490319,1.0
2018,2018-07-08,530749,2392.0,427344,1.0
2018,2018-07-08,530746,32.0,511890,1.0
2018,2018-07-08,530748,7.0,427554,1.0
2018,2018-07-08,530750,17.0,503586,1.0
2018,2018-07-08,530758,2395.0,427366,1.0
2018,2018-07-08,530757,15.0,596740,1.0
2018,2018-07-08,530751,680.0,427538,1.0
2018,2018-07-08,530752,1.0,427509,1.0
2018,2018-07-09,530767,2.0,427197,1.0
2018,2018-07-09,530769,3289.0,427206,1.0
2018,2018-07-09,530771,31.0,573597,1.0
2018,2018-07-09,530762,5.0,427269,1.0
2018,2018-07-09,530763,12.0,427534,1.0
2018,2018-07-09,530770,3.0,429805,1.0
2018,2018-07-09,530766,4169.0,427192,1.0
2018,2018-07-09,530768,2392.0,427520,1.0
2018,2018-07-09,530764,3312.0,504381,1.0
2018,2018-07-09,530765,2680.0,427184,1.0
2018,2018-07-09,530761,2395.0,427362,1.0
2018,2018-07-10,530786,31.0,427224,1.0
2018,2018-07-10,530779,2.0,575629,1.0
2018,2018-07-10,530774,5.0,428442,1.0
2018,2018-07-10,530775,12.0,427164,1.0
2018,2018-07-10,530784,3.0,484198,1.0
2018,2018-07-10,530781,3289.0,427093,1.0
2018,2018-07-10,530778,4169.0,483912,1.0
2018,2018-07-10,530785,4705.0,484183,1.0
2018,2018-07-10,530780,2392.0,482663,1.0
2018,2018-07-10,530776,3312.0,524988,1.0
2018,2018-07-10,530783,4.0,427095,1.0
2018,2018-07-10,530772,19.0,427128,1.0
2018,2018-07-10,530782,1.0,482666,1.0
2018,2018-07-10,530777,2680.0,483569,1.0
2018,2018-07-10,530773,2395.0,427113,1.0
2018,2018-07-11,530790,12.0,521051,1.0
2018,2018-07-11,530801,31.0,427339,1.0
2018,2018-07-11,530791,3312.0,427019,1.0
2018,2018-07-11,530788,2395.0,484499,1.0
2018,2018-07-11,530794,2.0,427424,1.0
2018,2018-07-11,530789,5.0,596809,1.0
2018,2018-07-11,530799,3.0,427243,1.0
2018,2018-07-11,530796,3289.0,483564,1.0
2018,2018-07-11,530793,4169.0,482641,1.0
2018,2018-07-11,530800,4705.0,427058,1.0
2018,2018-07-11,530795,2392.0,544728,1.0
2018,2018-07-11,530798,4.0,427361,1.0
2018,2018-07-11,530787,19.0,489985,1.0
2018,2018-07-11,530797,1.0,503502,1.0
2018,2018-07-11,530792,2680.0,521251,1.0
2018,2018-07-12,530806,2392.0,427537,1.0
2018,2018-07-12,530802,19.0,427552,1.0
2018,2018-07-12,530804,31.0,482608,1.0
2018,2018-07-12,530810,3289.0,427344,1.0
2018,2018-07-12,530809,3.0,503586,1.0
2018,2018-07-12,530805,5.0,503490,1.0
2018,2018-07-12,530808,3312.0,511890,1.0
2018,2018-07-12,530807,1.0,427235,1.0
2018,2018-07-12,530803,2680.0,490319,1.0
2018,2018-07-13,530823,2.0,427534,1.0
2018,2018-07-13,530817,31.0,427095,1.0
2018,2018-07-13,530825,3289.0,596805,1.0
2018,2018-07-13,530824,3.0,427192,1.0
2018,2018-07-13,530820,4169.0,503493,1.0
2018,2018-07-13,530818,5.0,573597,1.0
2018,2018-07-13,530811,4705.0,427206,1.0
2018,2018-07-13,530814,2392.0,427013,1.0
2018,2018-07-13,530822,3312.0,427269,1.0
2018,2018-07-13,530815,4.0,427509,1.0
2018,2018-07-13,530813,2889.0,483630,1.0
2018,2018-07-13,530821,19.0,596740,1.0
2018,2018-07-13,530816,22.0,427520,1.0
2018,2018-07-13,530812,2680.0,427554,1.0
2018,2018-07-13,530819,2395.0,427184,1.0
2018,2018-07-14,530832,31.0,427361,1.0
2018,2018-07-14,530839,3.0,483912,1.0
2018,2018-07-14,530837,3312.0,428442,1.0
2018,2018-07-14,530830,4.0,503077,1.0
2018,2018-07-14,530829,2392.0,573596,1.0
2018,2018-07-14,530840,3289.0,484198,1.0
2018,2018-07-14,530828,2889.0,427197,1.0
2018,2018-07-14,530826,4705.0,482631,1.0
2018,2018-07-14,530835,4169.0,427081,1.0
2018,2018-07-14,530831,22.0,482663,1.0
2018,2018-07-14,530838,2.0,427164,1.0
2018,2018-07-14,530833,5.0,427224,1.0
2018,2018-07-14,530836,19.0,427362,1.0
2018,2018-07-14,530834,2395.0,483569,1.0
2018,2018-07-14,530827,2680.0,482666,1.0
2018,2018-07-15,530853,2.0,484183,1.0
2018,2018-07-15,530854,3.0,482641,1.0
2018,2018-07-15,530855,3289.0,427243,1.0
2018,2018-07-15,530850,4169.0,429805,1.0
2018,2018-07-15,530848,5.0,427339,1.0
2018,2018-07-15,530841,4705.0,427093,1.0
2018,2018-07-15,530847,31.0,544728,1.0
2018,2018-07-15,530844,2392.0,524988,1.0
2018,2018-07-15,530852,3312.0,596809,1.0
2018,2018-07-15,530845,4.0,489985,1.0
2018,2018-07-15,530843,2889.0,575629,1.0
2018,2018-07-15,530851,19.0,427113,1.0
2018,2018-07-15,530849,2395.0,521251,1.0
2018,2018-07-15,530846,22.0,521051,1.0
2018,2018-07-15,530842,2680.0,503502,1.0
2018,2018-07-19,530857,17.0,427095,1.0
2018,2018-07-20,530872,17.0,521251,1.0
2018,2018-07-20,530870,2681.0,511890,1.0
2018,2018-07-20,530858,3309.0,427090,1.0
2018,2018-07-20,530868,3313.0,427537,1.0
2018,2018-07-20,530859,14.0,427139,1.0
2018,2018-07-20,530860,2394.0,427058,1.0
2018,2018-07-20,530869,2602.0,503586,1.0
2018,2018-07-20,530866,12.0,484499,1.0
2018,2018-07-20,530862,13.0,427235,1.0
2018,2018-07-20,530865,32.0,483561,1.0
2018,2018-07-20,530867,7.0,427533,1.0
2018,2018-07-20,530871,10.0,573596,1.0
2018,2018-07-20,530863,15.0,482608,1.0
2018,2018-07-20,530864,1.0,503490,1.0
2018,2018-07-20,530861,680.0,427299,1.0
2018,2018-07-21,530887,17.0,504381,1.0
2018,2018-07-21,530883,3313.0,427520,1.0
2018,2018-07-21,530874,14.0,427538,1.0
2018,2018-07-21,530875,2394.0,521889,1.0
2018,2018-07-21,530881,12.0,427362,1.0
2018,2018-07-21,530884,2602.0,427184,1.0
2018,2018-07-21,530880,32.0,427534,1.0
2018,2018-07-21,530879,1.0,573597,1.0
2018,2018-07-21,530882,7.0,427424,1.0
2018,2018-07-21,530877,13.0,427554,1.0
2018,2018-07-21,530878,15.0,427361,1.0
2018,2018-07-21,530886,10.0,427286,1.0
2018,2018-07-21,530876,680.0,490319,1.0
2018,2018-07-22,530885,2681.0,575629,1.0
2018,2018-08-07,530873,3309.0,490319,1.0
2018,2018-07-22,530900,2681.0,596740,1.0
2018,2018-07-22,530889,14.0,521051,1.0
2018,2018-07-22,530890,2394.0,427081,1.0
2018,2018-07-22,530899,2602.0,489985,1.0
2018,2018-07-22,530896,12.0,427164,1.0
2018,2018-07-22,530888,3309.0,427044,1.0
2018,2018-07-22,530895,32.0,503493,1.0
2018,2018-07-22,530897,7.0,483630,1.0
2018,2018-07-22,530902,17.0,427019,1.0
2018,2018-07-22,530892,13.0,482666,1.0
2018,2018-07-22,530901,10.0,427103,1.0
2018,2018-07-22,530894,1.0,427224,1.0
2018,2018-07-22,530893,15.0,594151,1.0
2018,2018-07-22,530891,680.0,524988,1.0
2018,2018-08-13,530898,3313.0,427164,1.0
2018,2018-07-23,530905,2.0,482620,1.0
2018,2018-07-23,530908,2681.0,503502,1.0
2018,2018-07-23,530909,14.0,482663,1.0
2018,2018-07-23,530912,5.0,427344,1.0
2018,2018-07-23,530913,3289.0,427113,1.0
2018,2018-07-23,530914,2602.0,427243,1.0
2018,2018-07-23,530904,4169.0,483919,1.0
2018,2018-07-23,530910,12.0,427552,1.0
2018,2018-07-23,530903,17.0,427053,1.0
2018,2018-07-23,530911,13.0,427095,1.0
2018,2018-07-23,530915,32.0,544728,1.0
2018,2018-07-23,530907,7.0,427315,1.0
2018,2018-07-23,530906,1.0,596809,1.0
2018,2018-07-24,530917,4169.0,427139,1.0
2018,2018-07-24,530918,2.0,427366,1.0
2018,2018-07-24,530922,2681.0,427206,1.0
2018,2018-07-24,530923,14.0,427537,1.0
2018,2018-07-24,530926,5.0,484198,1.0
2018,2018-07-24,530927,3289.0,484499,1.0
2018,2018-07-24,530929,2602.0,428442,1.0
2018,2018-07-24,530924,12.0,427509,1.0
2018,2018-07-24,530916,17.0,427129,1.0
2018,2018-07-24,530925,13.0,521251,1.0
2018,2018-07-24,530930,32.0,427533,1.0
2018,2018-07-24,530920,7.0,427235,1.0
2018,2018-07-24,530921,19.0,483569,1.0
2018,2018-07-24,530919,1.0,573596,1.0
2018,2018-07-24,530928,680.0,547380,1.0
2018,2018-07-25,530941,3289.0,489985,1.0
2018,2018-07-25,530938,12.0,483912,1.0
2018,2018-07-25,530943,2602.0,427269,1.0
2018,2018-07-25,530936,2681.0,503077,1.0
2018,2018-07-25,530940,5.0,521051,1.0
2018,2018-07-25,530944,32.0,483564,1.0
2018,2018-07-25,530934,7.0,427554,1.0
2018,2018-07-25,530931,17.0,431232,1.0
2018,2018-07-25,530937,14.0,503493,1.0
2018,2018-07-25,530942,680.0,482608,1.0
2018,2018-07-25,530939,13.0,427013,1.0
2018,2018-07-25,530935,19.0,427299,1.0
2018,2018-07-25,530933,1.0,427286,1.0
2018,2018-08-11,530932,2.0,503586,1.0
2018,2018-07-26,530945,17.0,482631,1.0
2018,2018-07-26,530946,1.0,427103,1.0
2018,2018-07-26,530951,31.0,483630,1.0
2018,2018-07-26,530954,2.0,427093,1.0
2018,2018-07-26,530947,3313.0,427164,1.0
2018,2018-07-26,530950,3.0,427168,1.0
2018,2018-07-26,530953,2602.0,427197,1.0
2018,2018-07-26,530955,4169.0,427220,1.0
2018,2018-07-26,530948,4705.0,427243,1.0
2018,2018-07-26,530952,13.0,427019,1.0
2018,2018-07-26,530949,2395.0,482666,1.0
2018,2018-07-27,530963,31.0,544728,1.0
2018,2018-07-27,530967,2.0,596740,1.0
2018,2018-07-27,530958,2394.0,427361,1.0
2018,2018-07-27,530962,3.0,427538,1.0
2018,2018-07-27,530965,2602.0,427344,1.0
2018,2018-07-27,530970,4169.0,503490,1.0
2018,2018-07-27,530960,4705.0,511890,1.0
2018,2018-07-27,530968,2392.0,427520,1.0
2018,2018-07-27,530969,4.0,427044,1.0
2018,2018-07-27,530957,2889.0,490319,1.0
2018,2018-07-27,530964,19.0,427053,1.0
2018,2018-07-27,530966,1.0,427095,1.0
2018,2018-07-27,530956,2680.0,596809,1.0
2018,2018-07-27,530961,2395.0,427235,1.0
2018,2018-07-28,530959,3313.0,484499,1.0
2018,2018-07-28,530974,3313.0,489985,1.0
2018,2018-07-28,530972,2889.0,427184,1.0
2018,2018-07-28,530973,2394.0,594151,1.0
2018,2018-07-28,530980,2602.0,484198,1.0
2018,2018-07-28,530978,31.0,427533,1.0
2018,2018-07-28,530982,2.0,428442,1.0
2018,2018-07-28,530983,2392.0,482663,1.0
2018,2018-07-28,530977,3.0,483919,1.0
2018,2018-07-28,530975,4705.0,427269,1.0
2018,2018-07-28,530984,4.0,482620,1.0
2018,2018-07-28,530985,4169.0,427509,1.0
2018,2018-07-28,530979,19.0,427129,1.0
2018,2018-07-28,530971,2680.0,427315,1.0
2018,2018-07-28,530976,2395.0,503502,1.0
2018,2018-07-28,530981,1.0,521251,1.0
2018,2018-07-29,530997,2.0,503077,1.0
2018,2018-07-29,530992,3.0,427139,1.0
2018,2018-07-29,530989,3313.0,427113,1.0
2018,2018-07-29,530988,2394.0,547380,1.0
2018,2018-07-29,530995,2602.0,521051,1.0
2018,2018-07-29,531000,4169.0,483912,1.0
2018,2018-07-29,530993,31.0,483564,1.0
2018,2018-07-29,530990,4705.0,575629,1.0
2018,2018-07-29,530998,2392.0,427537,1.0
2018,2018-07-29,530999,4.0,427366,1.0
2018,2018-07-29,530994,19.0,524988,1.0
2018,2018-07-29,530991,2395.0,427554,1.0
2018,2018-07-29,530996,1.0,427013,1.0
2018,2018-07-29,530986,2680.0,427286,1.0
2018,2018-07-29,530987,2889.0,483569,1.0
2018,2018-07-30,531006,3.0,427164,1.0
2018,2018-07-30,531004,4705.0,427093,1.0
2018,2018-07-30,531002,2889.0,427168,1.0
2018,2018-07-30,531001,3312.0,427090,1.0
2018,2018-07-30,531008,15.0,427220,1.0
2018,2018-07-30,531009,10.0,482666,1.0
2018,2018-07-30,531003,680.0,483561,1.0
2018,2018-07-30,531007,2680.0,482631,1.0
2018,2018-07-30,531005,22.0,573596,1.0
2018,2018-07-31,531022,2680.0,427053,1.0
2018,2018-07-31,531020,3309.0,482641,1.0
2018,2018-07-31,531011,31.0,427339,1.0
2018,2018-07-31,531010,3313.0,484183,1.0
2018,2018-07-31,531012,2394.0,503493,1.0
2018,2018-07-31,531017,12.0,429805,1.0
2018,2018-07-31,531021,3.0,427362,1.0
2018,2018-07-31,531018,4705.0,596740,1.0
2018,2018-07-31,531013,3312.0,427044,1.0
2018,2018-07-31,531016,4.0,427019,1.0
2018,2018-07-31,531014,2889.0,427538,1.0
2018,2018-07-31,531023,15.0,503490,1.0
2018,2018-07-31,531024,10.0,427235,1.0
2018,2018-07-31,531015,680.0,427534,1.0
2018,2018-07-31,531019,22.0,427103,1.0
2018,2018-08-01,531035,3309.0,427366,1.0
2018,2018-08-01,531025,3313.0,427058,1.0
2018,2018-08-01,531027,2394.0,427520,1.0
2018,2018-08-01,531028,3312.0,482620,1.0
2018,2018-08-01,531036,10.0,503502,1.0
2018,2018-08-01,531030,680.0,573597,1.0
2018,2018-08-01,531026,31.0,427197,1.0
2018,2018-08-01,531032,12.0,427344,1.0
2018,2018-08-01,531031,4.0,504381,1.0
2018,2018-08-01,531029,2889.0,544728,1.0
2018,2018-08-01,531034,22.0,427315,1.0
2018,2018-08-13,531033,4705.0,482608,1.0
2018,2018-08-02,531042,12.0,484198,1.0
2018,2018-08-02,531040,2889.0,483919,1.0
2018,2018-08-02,531041,4.0,521251,1.0
2018,2018-08-02,531039,3309.0,489985,1.0
2018,2018-08-02,531043,2681.0,482663,1.0
2018,2018-08-02,531037,3289.0,521889,1.0
2018,2018-08-02,531045,3.0,483564,1.0
2018,2018-08-02,531046,17.0,575629,1.0
2018,2018-08-02,531038,13.0,427129,1.0
2018,2018-08-02,531044,22.0,427286,1.0
2018,2018-08-02,531047,15.0,427413,1.0
2018,2018-08-02,531048,680.0,427509,1.0
2018,2018-08-03,531060,17.0,427090,1.0
2018,2018-08-03,531062,31.0,427013,1.0
2018,2018-08-03,531058,2681.0,427537,1.0
2018,2018-08-03,531057,5.0,427168,1.0
2018,2018-08-03,531049,3289.0,484183,1.0
2018,2018-08-03,531051,12.0,594151,1.0
2018,2018-08-03,531059,3.0,503077,1.0
2018,2018-08-03,531050,13.0,524988,1.0
2018,2018-08-03,531056,3312.0,521051,1.0
2018,2018-08-03,531053,32.0,503586,1.0
2018,2018-08-03,531061,15.0,483561,1.0
2018,2018-08-03,531054,10.0,573596,1.0
2018,2018-08-03,531055,22.0,427554,1.0
2018,2018-08-03,531063,680.0,483912,1.0
2018,2018-08-04,531052,3309.0,484499,1.0
2018,2018-08-04,531067,3309.0,427164,1.0
2018,2018-08-04,531075,17.0,427044,1.0
2018,2018-08-04,531074,3.0,427093,1.0
2018,2018-08-04,531066,12.0,483630,1.0
2018,2018-08-04,531077,31.0,427019,1.0
2018,2018-08-04,531073,2681.0,503493,1.0
2018,2018-08-04,531072,5.0,427538,1.0
2018,2018-08-04,531071,3312.0,429805,1.0
2018,2018-08-04,531064,3289.0,427058,1.0
2018,2018-08-04,531068,32.0,596809,1.0
2018,2018-08-04,531065,13.0,482631,1.0
2018,2018-08-04,531076,15.0,427534,1.0
2018,2018-08-04,531069,10.0,427103,1.0
2018,2018-08-04,531070,22.0,482666,1.0
2018,2018-08-04,531078,680.0,427552,1.0
2018,2018-08-05,531087,5.0,544728,1.0
2018,2018-08-05,531079,3289.0,503490,1.0
2018,2018-08-05,531081,12.0,427339,1.0
2018,2018-08-05,531082,3309.0,427362,1.0
2018,2018-08-05,531092,31.0,504381,1.0
2018,2018-08-05,531088,2681.0,427520,1.0
2018,2018-08-05,531086,3312.0,427344,1.0
2018,2018-08-05,531083,32.0,482641,1.0
2018,2018-08-05,531090,17.0,427220,1.0
2018,2018-08-05,531080,13.0,427053,1.0
2018,2018-08-05,531084,10.0,427315,1.0
2018,2018-08-05,531085,22.0,427235,1.0
2018,2018-08-05,531091,15.0,573597,1.0
2018,2018-08-05,531093,680.0,596740,1.0
2018,2018-08-05,531089,3.0,482620,1.0
2018,2018-08-06,531095,3289.0,427095,1.0
2018,2018-08-06,531098,5.0,427243,1.0
2018,2018-08-06,531103,4169.0,427424,1.0
2018,2018-08-06,531102,13.0,503502,1.0
2018,2018-08-06,531099,4.0,427129,1.0
2018,2018-08-06,531094,7.0,483919,1.0
2018,2018-08-06,531101,19.0,427081,1.0
2018,2018-08-06,531100,15.0,427366,1.0
2018,2018-08-06,531096,1.0,427413,1.0
2018,2018-08-06,531097,2395.0,511890,1.0
2018,2018-08-07,531104,3309.0,427299,1.0
2018,2018-08-07,531110,2395.0,503493,1.0
2018,2018-08-07,531106,14.0,427224,1.0
2018,2018-08-07,531108,3289.0,521251,1.0
2018,2018-08-07,531105,12.0,427361,1.0
2018,2018-08-07,531112,5.0,503586,1.0
2018,2018-08-07,531118,4169.0,489985,1.0
2018,2018-08-07,531117,13.0,503077,1.0
2018,2018-08-07,531113,4.0,431232,1.0
2018,2018-08-07,531116,32.0,521051,1.0
2018,2018-08-07,531107,7.0,427139,1.0
2018,2018-08-07,531115,19.0,521889,1.0
2018,2018-08-07,531114,15.0,575629,1.0
2018,2018-08-07,531111,10.0,427509,1.0
2018,2018-08-07,531109,1.0,524988,1.0
2018,2018-08-08,531123,3289.0,427013,1.0
2018,2018-08-08,531131,13.0,427093,1.0
2018,2018-08-08,531129,19.0,484183,1.0
2018,2018-08-08,531128,15.0,427044,1.0
2018,2018-08-08,531124,1.0,427534,1.0
2018,2018-08-08,531119,3309.0,427184,1.0
2018,2018-08-08,531121,14.0,594151,1.0
2018,2018-08-08,531120,12.0,427113,1.0
2018,2018-08-08,531126,5.0,596809,1.0
2018,2018-08-08,531132,4169.0,427533,1.0
2018,2018-08-08,531127,4.0,482631,1.0
2018,2018-08-08,531130,32.0,484198,1.0
2018,2018-08-08,531122,7.0,427538,1.0
2018,2018-08-08,531125,10.0,483912,1.0
2018,2018-08-09,531133,3309.0,483569,1.0
2018,2018-08-09,531137,5.0,482641,1.0
2018,2018-08-09,531139,32.0,429805,1.0
2018,2018-08-09,531141,3313.0,504381,1.0
2018,2018-08-09,531135,14.0,573597,1.0
2018,2018-08-09,531134,12.0,482608,1.0
2018,2018-08-09,531140,2392.0,544728,1.0
2018,2018-08-09,531136,19.0,427269,1.0
2018,2018-08-09,531138,2395.0,482620,1.0
2018,2018-08-10,531156,17.0,427344,1.0
2018,2018-08-10,531143,2.0,427243,1.0
2018,2018-08-10,531155,3313.0,427095,1.0
2018,2018-08-10,531154,14.0,483561,1.0
2018,2018-08-10,531142,2602.0,490319,1.0
2018,2018-08-10,531147,2394.0,427220,1.0
2018,2018-08-10,531148,4169.0,427339,1.0
2018,2018-08-10,531146,4705.0,483630,1.0
2018,2018-08-10,531152,2392.0,427139,1.0
2018,2018-08-10,531144,4.0,547380,1.0
2018,2018-08-10,531153,7.0,427206,1.0
2018,2018-08-10,531145,19.0,428442,1.0
2018,2018-08-10,531149,1.0,503490,1.0
2018,2018-08-10,531150,2680.0,427552,1.0
2018,2018-08-10,531151,2395.0,427366,1.0
2018,2018-08-11,531158,2.0,427537,1.0
2018,2018-08-11,531170,3313.0,521251,1.0
2018,2018-08-11,531171,17.0,521051,1.0
2018,2018-08-11,531169,14.0,427413,1.0
2018,2018-08-11,531162,2394.0,427129,1.0
2018,2018-08-11,531157,2602.0,427299,1.0
2018,2018-08-11,531167,2392.0,427538,1.0
2018,2018-08-11,531159,4.0,427361,1.0
2018,2018-08-11,531163,4169.0,427224,1.0
2018,2018-08-11,531161,4705.0,427424,1.0
2018,2018-08-11,531168,7.0,503502,1.0
2018,2018-08-11,531160,19.0,511890,1.0
2018,2018-08-11,531165,2680.0,596740,1.0
2018,2018-08-11,531166,2395.0,575629,1.0
2018,2018-08-11,531164,1.0,427081,1.0
2018,2018-08-12,531173,2.0,482641,1.0
2018,2018-08-12,531185,3313.0,427013,1.0
2018,2018-08-12,531184,14.0,596809,1.0
2018,2018-08-12,531172,2602.0,427184,1.0
2018,2018-08-12,531177,2394.0,431232,1.0
2018,2018-08-12,531178,4169.0,594151,1.0
2018,2018-08-12,531176,4705.0,489985,1.0
2018,2018-08-12,531182,2392.0,483919,1.0
2018,2018-08-12,531174,4.0,524988,1.0
2018,2018-08-12,531183,7.0,503077,1.0
2018,2018-08-12,531175,19.0,503493,1.0
2018,2018-08-12,531180,2680.0,427509,1.0
2018,2018-08-12,531181,2395.0,427044,1.0
2018,2018-08-12,531179,1.0,521889,1.0
2018,2018-08-12,531186,17.0,484198,1.0
2018,2018-08-13,531190,4705.0,547380,1.0
2018,2018-08-13,531188,2602.0,427533,1.0
2018,2018-08-13,531187,2394.0,427197,1.0
2018,2018-08-13,531195,13.0,427286,1.0
2018,2018-08-13,531194,2889.0,427053,1.0
2018,2018-08-13,531193,7.0,482631,1.0
2018,2018-08-13,531192,10.0,427058,1.0
2018,2018-08-13,531189,2680.0,427554,1.0
2018,2018-08-13,531191,22.0,484183,1.0
2018,2018-08-14,531202,17.0,427093,1.0
2018,2018-08-14,531203,2.0,427362,1.0
2018,2018-08-14,531196,2681.0,504381,1.0
2018,2018-08-14,531207,3313.0,544728,1.0
2018,2018-08-14,531198,2602.0,483630,1.0
2018,2018-08-14,531197,2394.0,427537,1.0
2018,2018-08-14,531201,4705.0,427361,1.0
2018,2018-08-14,531210,13.0,427103,1.0
2018,2018-08-14,531199,2392.0,427090,1.0
2018,2018-08-14,531204,3312.0,427538,1.0
2018,2018-08-14,531209,2889.0,503586,1.0
2018,2018-08-14,531208,7.0,427243,1.0
2018,2018-08-14,531206,10.0,428442,1.0
2018,2018-08-14,531200,2680.0,427235,1.0
2018,2018-08-14,531205,22.0,427081,1.0
2018,2018-08-15,531219,3312.0,427139,1.0
2018,2018-08-15,531212,2394.0,596740,1.0
2018,2018-08-15,531217,17.0,427206,1.0
2018,2018-08-15,531221,10.0,511890,1.0
2018,2018-08-15,531218,2.0,596805,1.0
2018,2018-08-15,531211,2681.0,427095,1.0
2018,2018-08-15,531222,3313.0,490319,1.0
2018,2018-08-15,531213,2602.0,427424,1.0
2018,2018-08-15,531216,4705.0,431232,1.0
2018,2018-08-15,531214,2392.0,482620,1.0
2018,2018-08-15,531224,2889.0,482666,1.0
2018,2018-08-15,531223,7.0,503490,1.0
2018,2018-08-15,531215,2680.0,594151,1.0
2018,2018-08-15,531220,22.0,521889,1.0
2018,2018-08-16,531231,3313.0,427299,1.0
2018,2018-08-16,531230,2681.0,427168,1.0
2018,2018-08-16,531226,31.0,482608,1.0
2018,2018-08-16,531233,2889.0,482641,1.0
2018,2018-08-16,531227,4705.0,573596,1.0
2018,2018-08-16,531229,13.0,483569,1.0
2018,2018-08-16,531228,3312.0,484499,1.0
2018,2018-08-16,531232,7.0,427129,1.0
2018,2018-08-16,531225,2680.0,503493,1.0
2018,2018-08-17,531245,2681.0,605672,1.0
2018,2018-08-17,531236,31.0,547380,1.0
2018,2018-08-17,531243,3309.0,521251,1.0
2018,2018-08-17,531248,3313.0,427520,1.0
2018,2018-08-17,531235,5.0,427184,1.0
2018,2018-08-17,531246,2602.0,503502,1.0
2018,2018-08-17,531247,3.0,489985,1.0
2018,2018-08-17,531237,4705.0,427286,1.0
2018,2018-08-17,531241,13.0,427044,1.0
2018,2018-08-17,531238,3312.0,427113,1.0
2018,2018-08-17,531240,4.0,427053,1.0
2018,2018-08-17,531244,2889.0,427058,1.0
2018,2018-08-17,531239,10.0,427315,1.0
2018,2018-08-17,531234,2680.0,428442,1.0
2018,2018-08-17,531242,680.0,482631,1.0
2018,2018-08-18,531263,3313.0,482663,1.0
2018,2018-08-18,531250,5.0,544728,1.0
2018,2018-08-18,531254,10.0,427554,1.0
2018,2018-08-18,531260,2681.0,427103,1.0
2018,2018-08-18,531251,31.0,427361,1.0
2018,2018-08-18,531258,3309.0,427019,1.0
2018,2018-08-18,531261,2602.0,483564,1.0
2018,2018-08-18,531262,3.0,427533,1.0
2018,2018-08-18,531253,3312.0,427362,1.0
2018,2018-08-18,531252,4705.0,427538,1.0
2018,2018-08-18,531255,4.0,503586,1.0
2018,2018-08-18,531259,2889.0,484183,1.0
2018,2018-08-18,531256,13.0,427090,1.0
2018,2018-08-18,531249,2680.0,427081,1.0
2018,2018-08-18,531257,680.0,427243,1.0
2018,2018-08-19,531277,3.0,483630,1.0
2018,2018-08-19,531278,3313.0,427537,1.0
2018,2018-08-19,531265,5.0,490319,1.0
2018,2018-08-19,531276,2602.0,427093,1.0
2018,2018-08-19,531266,31.0,431232,1.0
2018,2018-08-19,531267,4705.0,427139,1.0
2018,2018-08-19,531273,3309.0,504381,1.0
2018,2018-08-19,531268,3312.0,596805,1.0
2018,2018-08-19,531270,4.0,596809,1.0
2018,2018-08-19,531274,2889.0,594151,1.0
2018,2018-08-19,531271,13.0,482620,1.0
2018,2018-08-19,531269,10.0,482666,1.0
2018,2018-08-19,531264,2680.0,511890,1.0
2018,2018-08-19,531272,680.0,427164,1.0
2018,2018-08-19,531275,2735.0,427197,1.0
2018,2018-08-20,531279,31.0,427520,1.0
2018,2018-08-20,531280,14.0,503077,1.0
2018,2018-08-20,531282,3.0,573596,1.0
2018,2018-08-20,531285,3289.0,427366,1.0
2018,2018-08-20,531284,12.0,482608,1.0
2018,2018-08-20,531281,32.0,482641,1.0
2018,2018-08-20,531287,10.0,427129,1.0
2018,2018-08-20,531283,680.0,483912,1.0
2018,2018-08-20,531286,22.0,427235,1.0
2018,2018-08-21,531298,3309.0,521889,1.0
2018,2018-08-21,531288,31.0,521251,1.0
2018,2018-08-21,531289,14.0,503502,1.0
2018,2018-08-21,531292,3.0,427286,1.0
2018,2018-08-21,531290,2394.0,503493,1.0
2018,2018-08-21,531300,3289.0,489985,1.0
2018,2018-08-21,531294,12.0,547380,1.0
2018,2018-08-21,531297,4169.0,429805,1.0
2018,2018-08-21,531296,4.0,427044,1.0
2018,2018-08-21,531291,32.0,503586,1.0
2018,2018-08-21,531299,19.0,573597,1.0
2018,2018-08-21,531295,15.0,484499,1.0
2018,2018-08-21,531302,10.0,482631,1.0
2018,2018-08-21,531293,680.0,427552,1.0
2018,2018-08-21,531301,22.0,427554,1.0
2018,2018-08-22,531304,14.0,483564,1.0
2018,2018-08-22,531311,4.0,427090,1.0
2018,2018-08-22,531306,32.0,596809,1.0
2018,2018-08-22,531317,10.0,503490,1.0
2018,2018-08-22,531308,680.0,596740,1.0
2018,2018-08-22,531313,3309.0,427058,1.0
2018,2018-08-22,531303,31.0,482663,1.0
2018,2018-08-22,531307,3.0,605672,1.0
2018,2018-08-22,531305,2394.0,427315,1.0
2018,2018-08-22,531315,3289.0,483561,1.0
2018,2018-08-22,531309,12.0,427361,1.0
2018,2018-08-22,531312,4169.0,427344,1.0
2018,2018-08-22,531314,19.0,427339,1.0
2018,2018-08-22,531310,15.0,427113,1.0
2018,2018-08-22,531316,22.0,431232,1.0
2018,2018-08-23,531321,3.0,427103,1.0
2018,2018-08-23,531324,3309.0,427081,1.0
2018,2018-08-23,531326,3289.0,427413,1.0
2018,2018-08-23,531319,2394.0,427093,1.0
2018,2018-08-23,531325,19.0,544728,1.0
2018,2018-08-23,531322,12.0,596805,1.0
2018,2018-08-23,531318,4169.0,482620,1.0
2018,2018-08-23,531320,17.0,427197,1.0
2018,2018-08-23,531323,3312.0,427509,1.0
2018,2018-08-24,531330,17.0,427520,1.0
2018,2018-08-24,531333,2.0,428442,1.0
2018,2018-08-24,531335,14.0,573596,1.0
2018,2018-08-24,531341,3289.0,482608,1.0
2018,2018-08-24,531328,12.0,427220,1.0
2018,2018-08-24,531329,2394.0,503077,1.0
2018,2018-08-24,531327,4169.0,521051,1.0
2018,2018-08-24,531334,3312.0,483912,1.0
2018,2018-08-24,531336,32.0,482666,1.0
2018,2018-08-24,531331,7.0,594151,1.0
2018,2018-08-24,531339,19.0,427366,1.0
2018,2018-08-24,531338,15.0,427224,1.0
2018,2018-08-24,531332,1.0,427243,1.0
2018,2018-08-24,531337,22.0,427192,1.0
2018,2018-08-24,531340,2395.0,427362,1.0
2018,2018-08-25,531348,2.0,503493,1.0
2018,2018-08-25,531345,17.0,521251,1.0
2018,2018-08-25,531356,3289.0,547380,1.0
2018,2018-08-25,531355,2395.0,427164,1.0
2018,2018-08-25,531350,14.0,427286,1.0
2018,2018-08-25,531343,12.0,484198,1.0
2018,2018-08-25,531344,2394.0,503502,1.0
2018,2018-08-25,531349,3312.0,427552,1.0
2018,2018-08-25,531342,4169.0,427044,1.0
2018,2018-08-25,531351,32.0,427235,1.0
2018,2018-08-25,531346,7.0,521889,1.0
2018,2018-08-25,531353,15.0,573597,1.0
2018,2018-08-25,531354,19.0,484183,1.0
2018,2018-08-25,531347,1.0,427129,1.0
2018,2018-08-25,531352,22.0,503586,1.0
2018,2018-08-26,531365,14.0,489985,1.0
2018,2018-08-26,531371,3289.0,544728,1.0
2018,2018-08-26,531358,12.0,429805,1.0
2018,2018-08-26,531359,2394.0,427537,1.0
2018,2018-08-26,531357,4169.0,427090,1.0
2018,2018-08-26,531364,3312.0,596740,1.0
2018,2018-08-26,531366,32.0,503490,1.0
2018,2018-08-26,531361,7.0,427058,1.0
2018,2018-08-26,531360,17.0,482663,1.0
2018,2018-08-26,531369,19.0,483561,1.0
2018,2018-08-26,531370,2395.0,596805,1.0
2018,2018-08-26,531362,1.0,482631,1.0
2018,2018-08-26,531367,22.0,596809,1.0
2018,2018-08-26,531368,15.0,605672,1.0
2018,2018-08-26,531363,2.0,427315,1.0
2018,2018-08-27,531377,2.0,427168,1.0
2018,2018-08-27,531378,2681.0,427554,1.0
2018,2018-08-27,531373,3313.0,427053,1.0
2018,2018-08-27,531375,17.0,427081,1.0
2018,2018-08-27,531376,2392.0,427424,1.0
2018,2018-08-27,531374,1.0,483564,1.0
2018,2018-08-27,531372,2395.0,427192,1.0
2018,2018-08-28,531392,2.0,483919,1.0
2018,2018-08-28,531393,2681.0,427235,1.0
2018,2018-08-28,531380,3313.0,573596,1.0
2018,2018-08-28,531386,5.0,427339,1.0
2018,2018-08-28,531384,3.0,427361,1.0
2018,2018-08-28,531385,2602.0,427534,1.0
2018,2018-08-28,531391,4705.0,431232,1.0
2018,2018-08-28,531387,17.0,594151,1.0
2018,2018-08-28,531383,13.0,427013,1.0
2018,2018-08-28,531388,2392.0,490319,1.0
2018,2018-08-28,531382,7.0,427344,1.0
2018,2018-08-28,531389,2889.0,427509,1.0
2018,2018-08-28,531381,1.0,503077,1.0
2018,2018-08-28,531390,2680.0,483569,1.0
2018,2018-08-28,531379,2395.0,482641,1.0
2018,2018-08-29,531402,2392.0,427533,1.0
2018,2018-08-29,531396,7.0,427220,1.0
2018,2018-08-29,531401,17.0,521889,1.0
2018,2018-08-29,531404,2680.0,427299,1.0
2018,2018-08-29,531398,3.0,482608,1.0
2018,2018-08-29,531406,2.0,427139,1.0
2018,2018-08-29,531407,2681.0,503490,1.0
2018,2018-08-29,531395,3313.0,427286,1.0
2018,2018-08-29,531400,5.0,427224,1.0
2018,2018-08-29,531399,2602.0,427413,1.0
2018,2018-08-29,531405,4705.0,427095,1.0
2018,2018-08-29,531397,13.0,503493,1.0
2018,2018-08-29,531403,2889.0,484198,1.0
2018,2018-08-29,531394,2395.0,484183,1.0
2018,2018-08-30,531413,2602.0,521051,1.0
2018,2018-08-30,531414,5.0,573597,1.0
2018,2018-08-30,531411,3313.0,547380,1.0
2018,2018-08-30,531415,2889.0,427552,1.0
2018,2018-08-30,531412,2392.0,427058,1.0
2018,2018-08-30,531409,4.0,427019,1.0
2018,2018-08-30,531416,10.0,503586,1.0
2018,2018-08-30,531408,22.0,503502,1.0
2018,2018-08-30,531410,2680.0,483630,1.0
2018,2018-08-31,531420,2681.0,427538,1.0
2018,2018-08-31,531423,3313.0,544728,1.0
2018,2018-08-31,531425,3309.0,489985,1.0
2018,2018-08-31,531430,5.0,427315,1.0
2018,2018-08-31,531431,4169.0,596740,1.0
2018,2018-08-31,531428,4705.0,483561,1.0
2018,2018-08-31,531426,13.0,429805,1.0
2018,2018-08-31,531424,2392.0,427081,1.0
2018,2018-08-31,531419,4.0,504381,1.0
2018,2018-08-31,531418,7.0,521251,1.0
2018,2018-08-31,531421,2889.0,596805,1.0
2018,2018-08-31,531429,10.0,427192,1.0
2018,2018-08-31,531417,22.0,427206,1.0
2018,2018-08-31,531422,2680.0,427424,1.0
2018,2018-08-31,531427,2395.0,482631,1.0
2018,2018-09-01,531442,2395.0,431232,1.0
2018,2018-09-01,531438,3313.0,427361,1.0
2018,2018-09-01,531435,2681.0,427168,1.0
2018,2018-09-01,531440,3309.0,427053,1.0
2018,2018-09-01,531439,2392.0,594151,1.0
2018,2018-09-01,531445,5.0,427554,1.0
2018,2018-09-01,531443,4705.0,427534,1.0
2018,2018-09-01,531434,4.0,427013,1.0
2018,2018-09-01,531446,4169.0,427509,1.0
2018,2018-09-01,531433,7.0,427184,1.0
2018,2018-09-01,531436,2889.0,427339,1.0
2018,2018-09-01,531441,13.0,427344,1.0
2018,2018-09-01,531437,2680.0,605672,1.0
2018,2018-09-01,531444,10.0,482641,1.0
2018,2018-09-01,531432,22.0,483564,1.0
2018,2018-09-02,531453,3313.0,482608,1.0
2018,2018-09-02,531461,4169.0,483912,1.0
2018,2018-09-02,531450,2681.0,483919,1.0
2018,2018-09-02,531455,3309.0,573596,1.0
2018,2018-09-02,531449,4.0,503493,1.0
2018,2018-09-02,531448,7.0,483569,1.0
2018,2018-09-02,531451,2889.0,427224,1.0
2018,2018-09-02,531456,13.0,484198,1.0
2018,2018-09-02,531459,10.0,484183,1.0
2018,2018-09-02,531457,2395.0,427095,1.0
2018,2018-09-02,531447,22.0,503077,1.0
2018,2018-09-02,531452,2680.0,427533,1.0
2018,2018-09-02,531460,5.0,427235,1.0
2018,2018-09-02,531458,4705.0,427413,1.0
2018,2018-09-02,531454,2392.0,521889,1.0
2018,2018-09-03,531475,3309.0,482620,1.0
2018,2018-09-03,531463,4705.0,427552,1.0
2018,2018-09-03,531472,4169.0,596809,1.0
2018,2018-09-03,531465,31.0,427019,1.0
2018,2018-09-03,531469,2392.0,427113,1.0
2018,2018-09-03,531466,4.0,482666,1.0
2018,2018-09-03,531464,32.0,573597,1.0
2018,2018-09-03,531474,19.0,427197,1.0
2018,2018-09-03,531471,10.0,427093,1.0
2018,2018-09-03,531467,5.0,427139,1.0
2018,2018-09-03,531476,14.0,428442,1.0
2018,2018-09-03,531468,13.0,427299,1.0
2018,2018-09-03,531470,22.0,483630,1.0
2018,2018-09-03,531473,15.0,427220,1.0
2018,2018-09-03,531462,680.0,427129,1.0
2018,2018-09-04,531480,31.0,504381,1.0
2018,2018-09-04,531490,3309.0,544728,1.0
2018,2018-09-04,531491,14.0,511890,1.0
2018,2018-09-04,531482,5.0,427538,1.0
2018,2018-09-04,531487,4169.0,483561,1.0
2018,2018-09-04,531478,4705.0,596740,1.0
2018,2018-09-04,531483,13.0,490319,1.0
2018,2018-09-04,531484,2392.0,521051,1.0
2018,2018-09-04,531481,4.0,503490,1.0
2018,2018-09-04,531479,32.0,482663,1.0
2018,2018-09-04,531489,19.0,521251,1.0
2018,2018-09-04,531488,15.0,429805,1.0
2018,2018-09-04,531486,10.0,427206,1.0
2018,2018-09-04,531485,22.0,605672,1.0
2018,2018-09-04,531477,680.0,596805,1.0
2018,2018-09-05,531493,4705.0,427509,1.0
2018,2018-09-05,531497,5.0,427168,1.0
2018,2018-09-05,531495,31.0,427013,1.0
2018,2018-09-05,531504,3309.0,427044,1.0
2018,2018-09-05,531505,14.0,594151,1.0
2018,2018-09-05,531502,4169.0,427534,1.0
2018,2018-09-05,531500,22.0,427533,1.0
2018,2018-09-05,531498,13.0,427184,1.0
2018,2018-09-05,531499,2392.0,427362,1.0
2018,2018-09-05,531496,4.0,427315,1.0
2018,2018-09-05,531494,32.0,427339,1.0
2018,2018-09-05,531503,19.0,427520,1.0
2018,2018-09-05,531501,10.0,483564,1.0
2018,2018-09-05,531492,680.0,431232,1.0
2018,2018-09-06,531509,2602.0,427235,1.0
2018,2018-09-06,531507,3309.0,483912,1.0
2018,2018-09-06,531508,14.0,489985,1.0
2018,2018-09-06,531506,15.0,483919,1.0
2018,2018-09-07,531521,2602.0,482666,1.0
2018,2018-09-07,531518,31.0,483569,1.0
2018,2018-09-07,531513,14.0,484198,1.0
2018,2018-09-07,531514,3.0,427366,1.0
2018,2018-09-07,531523,2394.0,427413,1.0
2018,2018-09-07,531511,12.0,427090,1.0
2018,2018-09-07,531520,3289.0,503493,1.0
2018,2018-09-07,531515,3312.0,427095,1.0
2018,2018-09-07,531516,4.0,427537,1.0
2018,2018-09-07,531522,32.0,503077,1.0
2018,2018-09-07,531517,19.0,427164,1.0
2018,2018-09-07,531510,15.0,427139,1.0
2018,2018-09-07,531524,10.0,427224,1.0
2018,2018-09-07,531519,680.0,427424,1.0
2018,2018-09-08,531512,3309.0,596740,1.0
2018,2018-09-08,531533,31.0,427299,1.0
2018,2018-09-08,531527,3309.0,427552,1.0
2018,2018-09-08,531536,2602.0,503490,1.0
2018,2018-09-08,531529,3.0,482663,1.0
2018,2018-09-08,531539,10.0,573597,1.0
2018,2018-09-08,531528,14.0,427220,1.0
2018,2018-09-08,531538,2394.0,596809,1.0
2018,2018-09-08,531526,12.0,482620,1.0
2018,2018-09-08,531530,3312.0,427129,1.0
2018,2018-09-08,531535,3289.0,427053,1.0
2018,2018-09-08,531531,4.0,427197,1.0
2018,2018-09-08,531537,32.0,427093,1.0
2018,2018-09-08,531532,19.0,427113,1.0
2018,2018-09-08,531525,15.0,427538,1.0
2018,2018-09-08,531534,680.0,483630,1.0
2018,2018-09-09,531543,14.0,429805,1.0
2018,2018-09-09,531553,2394.0,483561,1.0
2018,2018-09-09,531541,12.0,544728,1.0
2018,2018-09-09,531550,3289.0,504381,1.0
2018,2018-09-09,531545,3312.0,596805,1.0
2018,2018-09-09,531546,4.0,521251,1.0
2018,2018-09-09,531552,32.0,427206,1.0
2018,2018-09-09,531547,19.0,521051,1.0
2018,2018-09-09,531554,10.0,594151,1.0
2018,2018-09-09,531551,2602.0,427315,1.0
2018,2018-09-09,531540,15.0,427168,1.0
2018,2018-09-09,531549,680.0,605672,1.0
2018,2018-09-09,531544,3.0,511890,1.0
2018,2018-09-13,531542,3309.0,573596,1.0
2018,2018-09-09,531548,31.0,0,0.0
2018,2018-09-10,531559,2394.0,427286,1.0
2018,2018-09-10,531560,2602.0,427520,1.0
2018,2018-09-10,531558,12.0,547380,1.0
2018,2018-09-10,531562,17.0,427058,1.0
2018,2018-09-10,531563,3312.0,427243,1.0
2018,2018-09-10,531564,2889.0,484499,1.0
2018,2018-09-10,531557,7.0,427534,1.0
2018,2018-09-10,531555,19.0,427044,1.0
2018,2018-09-10,531565,1.0,503586,1.0
2018,2018-09-10,531556,2395.0,427533,1.0
2018,2018-09-11,531566,2681.0,482631,1.0
2018,2018-09-13,531561,3289.0,521051,1.0
2018,2018-09-11,531581,2681.0,427129,1.0
2018,2018-09-11,531571,2394.0,577468,1.0
2018,2018-09-11,531572,2602.0,596740,1.0
2018,2018-09-11,531576,2.0,489985,1.0
2018,2018-09-11,531570,12.0,427053,1.0
2018,2018-09-11,531580,3.0,427554,1.0
2018,2018-09-11,531573,3289.0,483564,1.0
2018,2018-09-11,531574,17.0,427081,1.0
2018,2018-09-11,531575,3312.0,428442,1.0
2018,2018-09-11,531577,2889.0,427362,1.0
2018,2018-09-11,531569,7.0,427413,1.0
2018,2018-09-11,531567,19.0,427090,1.0
2018,2018-09-11,531579,1.0,427192,1.0
2018,2018-09-11,531578,680.0,427339,1.0
2018,2018-09-11,531568,2395.0,427424,1.0
2018,2018-09-12,531587,2602.0,427197,1.0
2018,2018-09-12,531586,2394.0,427103,1.0
2018,2018-09-12,531585,12.0,427361,1.0
2018,2018-09-12,531592,2889.0,427164,1.0
2018,2018-09-12,531583,2395.0,483630,1.0
2018,2018-09-12,531588,3289.0,503077,1.0
2018,2018-09-12,531593,680.0,427224,1.0
2018,2018-09-12,531591,2.0,427344,1.0
2018,2018-09-12,531596,2681.0,427537,1.0
2018,2018-09-12,531595,3.0,482666,1.0
2018,2018-09-12,531589,17.0,484183,1.0
2018,2018-09-12,531590,3312.0,503493,1.0
2018,2018-09-12,531584,7.0,596809,1.0
2018,2018-09-12,531582,19.0,427093,1.0
2018,2018-09-12,531594,1.0,482641,1.0
2018,2018-09-13,531597,19.0,482620,1.0
2018,2018-09-13,531599,3289.0,427206,1.0
2018,2018-09-13,531601,2.0,427220,1.0
2018,2018-09-13,531603,3.0,503490,1.0
2018,2018-09-13,531598,2889.0,511890,1.0
2018,2018-09-13,531600,7.0,521889,1.0
2018,2018-09-13,531602,1.0,483561,1.0
2018,2018-09-14,531605,2.0,483564,1.0
2018,2018-09-14,531610,2681.0,427315,1.0
2018,2018-09-14,531617,3313.0,427286,1.0
2018,2018-09-14,531608,5.0,605672,1.0
2018,2018-09-14,531612,3.0,429805,1.0
2018,2018-09-14,531613,12.0,482663,1.0
2018,2018-09-14,531618,4705.0,427113,1.0
2018,2018-09-14,531606,17.0,596805,1.0
2018,2018-09-14,531604,2392.0,482608,1.0
2018,2018-09-14,531614,32.0,544728,1.0
2018,2018-09-14,531609,2889.0,427243,1.0
2018,2018-09-14,531611,7.0,427058,1.0
2018,2018-09-14,531615,1.0,427534,1.0
2018,2018-09-14,531616,2680.0,427044,1.0
2018,2018-09-14,531607,2395.0,573597,1.0
2018,2018-09-15,531624,2889.0,428442,1.0
2018,2018-09-15,531633,4705.0,484499,1.0
2018,2018-09-15,531623,5.0,427533,1.0
2018,2018-09-15,531621,17.0,427129,1.0
2018,2018-09-15,531627,3.0,489985,1.0
2018,2018-09-15,531632,3313.0,577468,1.0
2018,2018-09-15,531628,12.0,427520,1.0
2018,2018-09-15,531620,2.0,503077,1.0
2018,2018-09-15,531625,2681.0,427554,1.0
2018,2018-09-15,531619,2392.0,547380,1.0
2018,2018-09-15,531629,32.0,503586,1.0
2018,2018-09-15,531626,7.0,521251,1.0
2018,2018-09-15,531631,2680.0,427090,1.0
2018,2018-09-15,531622,2395.0,594151,1.0
2018,2018-09-15,531630,1.0,427413,1.0
2018,2018-09-16,531642,3.0,427344,1.0
2018,2018-09-16,531635,2.0,521051,1.0
2018,2018-09-16,531647,3313.0,427103,1.0
2018,2018-09-16,531638,5.0,427164,1.0
2018,2018-09-16,531643,12.0,596740,1.0
2018,2018-09-16,531648,4705.0,427093,1.0
2018,2018-09-16,531640,2681.0,482666,1.0
2018,2018-09-16,531634,2392.0,427053,1.0
2018,2018-09-16,531644,32.0,482641,1.0
2018,2018-09-16,531641,7.0,484183,1.0
2018,2018-09-16,531636,17.0,482631,1.0
2018,2018-09-16,531637,2395.0,427339,1.0
2018,2018-09-16,531645,1.0,596809,1.0
2018,2018-09-16,531646,2680.0,503502,1.0
2018,2018-09-16,531639,2889.0,427081,1.0
2018,2018-09-17,531652,31.0,427361,1.0
2018,2018-09-17,531659,2.0,427537,1.0
2018,2018-09-17,531654,2681.0,427362,1.0
2018,2018-09-17,531653,2394.0,427184,1.0
2018,2018-09-17,531660,4169.0,573596,1.0
2018,2018-09-17,531657,4705.0,427235,1.0
2018,2018-09-17,531650,32.0,483630,1.0
2018,2018-09-17,531658,13.0,521889,1.0
2018,2018-09-17,531656,2392.0,427192,1.0
2018,2018-09-17,531649,15.0,427019,1.0
2018,2018-09-17,531651,22.0,483561,1.0
2018,2018-09-17,531655,2680.0,483919,1.0
2018,2018-09-18,531666,31.0,482608,1.0
2018,2018-09-18,531674,2.0,482663,1.0
2018,2018-09-18,531669,2681.0,427113,1.0
2018,2018-09-18,531661,3313.0,431232,1.0
2018,2018-09-18,531668,2394.0,503490,1.0
2018,2018-09-18,531663,5.0,483912,1.0
2018,2018-09-18,531675,4169.0,427286,1.0
2018,2018-09-18,531672,4705.0,483569,1.0
2018,2018-09-18,531664,32.0,605672,1.0
2018,2018-09-18,531673,13.0,427058,1.0
2018,2018-09-18,531671,2392.0,544728,1.0
2018,2018-09-18,531662,15.0,427424,1.0
2018,2018-09-18,531667,10.0,427243,1.0
2018,2018-09-18,531665,22.0,427534,1.0
2018,2018-09-18,531670,2680.0,427139,1.0
2018,2018-09-19,531687,4705.0,427554,1.0
2018,2018-09-19,531683,2394.0,427299,1.0
2018,2018-09-19,531688,13.0,521251,1.0
2018,2018-09-19,531684,2681.0,503493,1.0
2018,2018-09-19,531681,31.0,596805,1.0
2018,2018-09-19,531689,2.0,427520,1.0
2018,2018-09-19,531676,3313.0,427197,1.0
2018,2018-09-19,531678,5.0,427552,1.0
2018,2018-09-19,531679,32.0,427533,1.0
2018,2018-09-19,531686,2392.0,503586,1.0
2018,2018-09-19,531685,2680.0,427538,1.0
2018,2018-09-19,531677,15.0,427013,1.0
2018,2018-09-19,531682,10.0,428442,1.0
2018,2018-09-19,531680,22.0,427413,1.0
2018,2018-09-20,531694,10.0,575629,1.0
2018,2018-09-20,531695,3309.0,482666,1.0
2018,2018-09-20,531690,3313.0,427095,1.0
2018,2018-09-20,531697,14.0,427164,1.0
2018,2018-09-20,531693,2394.0,482641,1.0
2018,2018-09-20,531691,5.0,503502,1.0
2018,2018-09-20,531692,4169.0,484183,1.0
2018,2018-09-20,531696,4705.0,427537,1.0
2018,2018-09-21,531700,4.0,489985,1.0
2018,2018-09-21,531707,3309.0,427235,1.0
2018,2018-09-21,531698,3313.0,547380,1.0
2018,2018-09-21,531705,31.0,427168,1.0
2018,2018-09-21,531712,14.0,427362,1.0
2018,2018-09-21,531699,5.0,490319,1.0
2018,2018-09-21,531703,2394.0,427192,1.0
2018,2018-09-21,531701,4169.0,521889,1.0
2018,2018-09-21,531708,4705.0,427103,1.0
2018,2018-09-21,531711,13.0,596740,1.0
2018,2018-09-21,531704,2392.0,504381,1.0
2018,2018-09-21,531710,2889.0,482631,1.0
2018,2018-09-21,531702,15.0,427081,1.0
2018,2018-09-21,531706,10.0,483561,1.0
2018,2018-09-21,531709,22.0,483630,1.0
2018,2018-09-22,531725,2889.0,431232,1.0
2018,2018-09-22,531723,4705.0,573596,1.0
2018,2018-09-22,531722,3309.0,503490,1.0
2018,2018-09-22,531713,3313.0,427361,1.0
2018,2018-09-22,531727,14.0,427113,1.0
2018,2018-09-22,531718,2394.0,544728,1.0
2018,2018-09-22,531720,31.0,483912,1.0
2018,2018-09-22,531714,5.0,427184,1.0
2018,2018-09-22,531719,2392.0,427019,1.0
2018,2018-09-22,531715,4.0,483919,1.0
2018,2018-09-22,531716,4169.0,427058,1.0
2018,2018-09-22,531726,13.0,427053,1.0
2018,2018-09-22,531717,15.0,427243,1.0
2018,2018-09-22,531721,10.0,427534,1.0
2018,2018-09-22,531724,22.0,605672,1.0
2018,2018-09-23,531728,3313.0,482608,1.0
2018,2018-09-23,531742,14.0,503493,1.0
2018,2018-09-23,531733,2394.0,503586,1.0
2018,2018-09-23,531731,4169.0,521251,1.0
2018,2018-09-23,531737,3309.0,427554,1.0
2018,2018-09-23,531738,4705.0,427286,1.0
2018,2018-09-23,531735,31.0,427552,1.0
2018,2018-09-23,531734,2392.0,594151,1.0
2018,2018-09-23,531730,4.0,427139,1.0
2018,2018-09-23,531740,2889.0,577468,1.0
2018,2018-09-23,531741,13.0,482663,1.0
2018,2018-09-23,531736,10.0,427413,1.0
2018,2018-09-23,531732,15.0,427197,1.0
2018,2018-09-23,531739,22.0,427424,1.0
2018,2018-09-23,531729,5.0,483569,1.0
2018,2018-09-24,531747,3309.0,427220,1.0
2018,2018-09-24,531745,14.0,427095,1.0
2018,2018-09-24,531743,3.0,427509,1.0
2018,2018-09-24,531749,12.0,427299,1.0
2018,2018-09-24,531752,17.0,427315,1.0
2018,2018-09-24,531744,4.0,484499,1.0
2018,2018-09-24,531748,2889.0,427013,1.0
2018,2018-09-24,531751,19.0,427533,1.0
2018,2018-09-24,531746,15.0,427538,1.0
2018,2018-09-24,531754,1.0,427103,1.0
2018,2018-09-24,531750,680.0,427224,1.0
2018,2018-09-24,531753,2395.0,511890,1.0
2018,2018-09-25,531760,2602.0,427206,1.0
2018,2018-09-25,531762,3309.0,484198,1.0
2018,2018-09-25,531759,14.0,482631,1.0
2018,2018-09-25,531755,3289.0,482620,1.0
2018,2018-09-25,531764,12.0,490319,1.0
2018,2018-09-25,531767,17.0,482666,1.0
2018,2018-09-25,531758,3312.0,427520,1.0
2018,2018-09-25,531757,4.0,427164,1.0
2018,2018-09-25,531763,2889.0,504381,1.0
2018,2018-09-25,531766,19.0,483630,1.0
2018,2018-09-25,531761,15.0,427168,1.0
2018,2018-09-25,531769,1.0,573596,1.0
2018,2018-09-25,531765,680.0,573597,1.0
2018,2018-09-25,531768,2395.0,521051,1.0
2018,2018-09-26,531756,3.0,503502,1.0
2018,2018-09-26,531771,3.0,483912,1.0
2018,2018-09-26,531777,3309.0,489985,1.0
2018,2018-09-26,531774,14.0,427129,1.0
2018,2018-09-26,531775,2602.0,483564,1.0
2018,2018-09-26,531770,3289.0,427044,1.0
2018,2018-09-26,531779,12.0,427184,1.0
2018,2018-09-26,531778,2889.0,427019,1.0
2018,2018-09-26,531782,17.0,427235,1.0
2018,2018-09-26,531773,3312.0,596740,1.0
2018,2018-09-26,531772,4.0,427362,1.0
2018,2018-09-26,531781,19.0,429805,1.0
2018,2018-09-26,531776,15.0,483919,1.0
2018,2018-09-26,531784,1.0,577468,1.0
2018,2018-09-26,531780,680.0,427339,1.0
2018,2018-09-26,531783,2395.0,596809,1.0
2018,2018-09-27,531789,12.0,483569,1.0
2018,2018-09-27,531790,19.0,427424,1.0
2018,2018-09-27,531785,3289.0,427090,1.0
2018,2018-09-27,531791,17.0,427554,1.0
2018,2018-09-27,531787,3312.0,427537,1.0
2018,2018-09-27,531786,7.0,431232,1.0
2018,2018-09-27,531792,680.0,427243,1.0
2018,2018-09-29,531788,2.0,484198,1.0
2018,2018-09-28,531795,3312.0,483630,1.0
2018,2018-09-28,531804,17.0,503077,1.0
2018,2018-09-28,531803,2602.0,427366,1.0
2018,2018-09-28,531798,2.0,427344,1.0
2018,2018-09-28,531794,2681.0,427299,1.0
2018,2018-09-28,531806,12.0,427053,1.0
2018,2018-09-28,531800,3289.0,427552,1.0
2018,2018-09-28,531801,3.0,427113,1.0
2018,2018-09-28,531807,19.0,482663,1.0
2018,2018-09-28,531797,32.0,427315,1.0
2018,2018-09-28,531796,7.0,427095,1.0
2018,2018-09-28,531802,1.0,427139,1.0
2018,2018-09-28,531793,2680.0,427224,1.0
2018,2018-09-28,531805,680.0,511890,1.0
2018,2018-09-28,531799,2395.0,427286,1.0
2018,2018-09-29,531819,17.0,427093,1.0
2018,2018-09-29,531816,3.0,484499,1.0
2018,2018-09-29,531813,2.0,427220,1.0
2018,2018-09-29,531814,2395.0,427103,1.0
2018,2018-09-29,531818,2602.0,482620,1.0
2018,2018-09-29,531821,12.0,427013,1.0
2018,2018-09-29,531809,2681.0,490319,1.0
2018,2018-09-29,531810,3312.0,596805,1.0
2018,2018-09-29,531815,3289.0,427509,1.0
2018,2018-09-29,531812,32.0,482666,1.0
2018,2018-09-29,531811,7.0,482631,1.0
2018,2018-09-29,531822,19.0,427520,1.0
2018,2018-09-29,531808,2680.0,573597,1.0
2018,2018-09-29,531817,1.0,427538,1.0
2018,2018-09-29,531820,680.0,521051,1.0
2018,2018-09-30,531828,2.0,489985,1.0
2018,2018-09-30,531829,2395.0,429805,1.0
2018,2018-09-30,531824,2681.0,427184,1.0
2018,2018-09-30,531831,3.0,544728,1.0
2018,2018-09-30,531832,1.0,427168,1.0
2018,2018-09-30,531837,19.0,427537,1.0
2018,2018-09-30,531833,2602.0,427044,1.0
2018,2018-09-30,531823,2680.0,575629,1.0
2018,2018-09-30,531835,680.0,596809,1.0
2018,2018-09-30,531836,12.0,504381,1.0
2018,2018-09-30,531825,3312.0,427424,1.0
2018,2018-09-30,531830,3289.0,503502,1.0
2018,2018-09-30,531827,32.0,427235,1.0
2018,2018-09-30,531826,7.0,427129,1.0
2018,2018-09-30,531834,17.0,427206,1.0
2018,2018-10-01,570334,17.0,427090,1.0
2018,2018-10-01,570335,22.0,427534,1.0
2018,2018-10-02,563347,17.0,427197,1.0
2018,2018-10-03,563346,3313.0,427554,1.0
2018,2018-10-04,563383,32.0,483912,1.0
2018,2018-10-04,563388,22.0,482641,1.0
2018,2018-10-05,563378,2392.0,482620,1.0
2018,2018-10-05,563384,32.0,427095,1.0
2018,2018-10-05,563348,3.0,484183,1.0
2018,2018-10-05,563389,22.0,427013,1.0
2018,2018-10-06,563379,2392.0,431232,1.0
2018,2018-10-06,563374,3.0,483564,1.0
2018,2018-10-07,563385,19.0,427019,1.0
2018,2018-10-07,563390,4705.0,427058,1.0
2018,2018-10-08,563380,5.0,427299,1.0
2018,2018-10-08,563391,4705.0,427206,1.0
2018,2018-10-08,563375,3313.0,427552,1.0
2018,2018-10-09,563376,3313.0,427220,1.0
2018,2018-10-12,563400,32.0,482608,1.0
2018,2018-10-13,563401,32.0,484198,1.0
2018,2018-10-13,563393,3.0,428442,1.0
2018,2018-10-14,563394,3.0,483569,1.0
2018,2018-10-15,563402,22.0,427103,1.0
2018,2018-10-16,563395,2392.0,427538,1.0
2018,2018-10-16,563403,22.0,427537,1.0
2018,2018-10-17,563404,22.0,427554,1.0
2018,2018-10-17,563396,2392.0,427053,1.0
2018,2018-10-18,563397,2392.0,427197,1.0
2018,2018-10-19,563405,32.0,427192,1.0
2018,2018-10-20,563406,32.0,427184,1.0
2018,2018-10-23,563407,3.0,427509,1.0
2018,2018-10-24,563408,3.0,427095,1.0
2018,2018-10-26,563409,22.0,427019,1.0
2018,2018-10-27,563410,22.0,431232,1.0
2018,2018-10-28,563411,22.0,427362,1.0
2019,2019-03-20,566083,2397.0,427362,1.0
2019,2019-03-21,566084,2397.0,427534,1.0
2019,2019-03-28,565895,3309.0,427344,1.0
2019,2019-03-28,567456,3313.0,427090,1.0
2019,2019-03-28,567552,32.0,427058,1.0
2019,2019-03-28,567059,2681.0,427552,1.0
2019,2019-03-28,566864,14.0,427108,1.0
2019,2019-03-28,566664,12.0,427235,1.0
2019,2019-03-28,566763,13.0,427269,1.0
2019,2019-03-28,566086,10.0,427156,1.0
2019,2019-03-28,565799,22.0,427192,1.0
2019,2019-03-28,565220,2602.0,427538,1.0
2019,2019-03-28,566275,2680.0,427019,1.0
2019,2019-03-28,566962,3312.0,427206,1.0
2019,2019-03-28,567359,4169.0,427103,1.0
2019,2019-03-28,565702,7.0,427339,1.0
2019,2019-03-28,566372,680.0,427520,1.0
2019,2019-03-29,566865,14.0,427220,1.0
2019,2019-03-29,566665,12.0,427248,1.0
2019,2019-03-29,567360,4169.0,427184,1.0
2019,2019-03-29,567553,32.0,427243,1.0
2019,2019-03-29,566087,10.0,427534,1.0
2019,2019-03-29,565800,22.0,482608,1.0
2019,2019-03-29,566373,680.0,427315,1.0
2019,2019-03-29,566276,2680.0,427013,1.0
2019,2019-03-30,565896,3309.0,427139,1.0
2019,2019-03-30,567457,3313.0,427361,1.0
2019,2019-03-30,566963,3312.0,427093,1.0
2019,2019-03-30,565703,7.0,427292,1.0
2019,2019-03-30,566866,14.0,427224,1.0
2019,2019-03-30,567060,2681.0,427509,1.0
2019,2019-03-30,566666,12.0,427554,1.0
2019,2019-03-30,567361,4169.0,427286,1.0
2019,2019-03-30,567554,32.0,482641,1.0
2019,2019-03-30,566764,13.0,427366,1.0
2019,2019-03-30,566277,2680.0,483630,1.0
2019,2019-03-30,566088,10.0,427197,1.0
2019,2019-03-30,565801,22.0,503586,1.0
2019,2019-03-30,566374,680.0,483564,1.0
2019,2019-05-27,565221,2602.0,596740,1.0
2019,2019-03-31,567458,3313.0,427044,1.0
2019,2019-03-31,566867,14.0,489985,1.0
2019,2019-03-31,565222,2602.0,427081,1.0
2019,2019-03-31,566667,12.0,484499,1.0
2019,2019-03-31,567362,4169.0,573596,1.0
2019,2019-03-31,565897,3309.0,547380,1.0
2019,2019-03-31,566964,3312.0,429805,1.0
2019,2019-03-31,567555,32.0,511890,1.0
2019,2019-03-31,565704,7.0,427168,1.0
2019,2019-03-31,566765,13.0,428442,1.0
2019,2019-03-31,566089,10.0,483561,1.0
2019,2019-03-31,565802,22.0,544728,1.0
2019,2019-03-31,566375,680.0,482663,1.0
2019,2019-03-31,566278,2680.0,594151,1.0
2019,2019-03-31,567061,2681.0,427128,1.0
2019,2019-04-01,566180,31.0,427299,1.0
2019,2019-04-01,565316,5.0,427108,1.0
2019,2019-04-01,567459,3313.0,427103,1.0
2019,2019-04-01,565223,2602.0,427362,1.0
2019,2019-04-01,566868,14.0,482620,1.0
2019,2019-04-01,566668,12.0,427164,1.0
2019,2019-04-01,567157,4705.0,427058,1.0
2019,2019-04-01,567363,4169.0,427235,1.0
2019,2019-04-01,566766,13.0,573597,1.0
2019,2019-04-01,566090,10.0,427095,1.0
2019,2019-04-01,566279,2680.0,427156,1.0
2019,2019-04-01,566376,680.0,427533,1.0
2019,2019-04-01,565803,22.0,427520,1.0
2019,2019-04-02,567460,3313.0,427286,1.0
2019,2019-04-02,565224,2602.0,427113,1.0
2019,2019-04-02,565898,3309.0,427144,1.0
2019,2019-04-02,566869,14.0,427344,1.0
2019,2019-04-02,566669,12.0,504381,1.0
2019,2019-04-02,567364,4169.0,427248,1.0
2019,2019-04-02,566767,13.0,427339,1.0
2019,2019-04-02,565705,7.0,483919,1.0
2019,2019-04-02,566091,10.0,427184,1.0
2019,2019-04-02,566280,2680.0,427534,1.0
2019,2019-04-02,566377,680.0,427424,1.0
2019,2019-04-02,565804,22.0,427315,1.0
2019,2019-04-03,565225,2602.0,427413,1.0
2019,2019-04-03,565899,3309.0,427129,1.0
2019,2019-04-03,566670,12.0,427538,1.0
2019,2019-04-03,565317,5.0,427220,1.0
2019,2019-04-03,565706,7.0,427269,1.0
2019,2019-04-03,566281,2680.0,427197,1.0
2019,2019-04-03,567461,3313.0,605672,1.0
2019,2019-04-03,566870,14.0,596740,1.0
2019,2019-04-03,567365,4169.0,427554,1.0
2019,2019-04-03,566181,31.0,427537,1.0
2019,2019-04-03,567158,4705.0,427243,1.0
2019,2019-04-03,566768,13.0,427292,1.0
2019,2019-04-03,566092,10.0,503586,1.0
2019,2019-04-03,565805,22.0,483564,1.0
2019,2019-04-04,565510,2394.0,427139,1.0
2019,2019-04-04,565990,3289.0,573596,1.0
2019,2019-04-04,564930,2.0,427224,1.0
2019,2019-04-04,566093,10.0,544728,1.0
2019,2019-04-04,565318,5.0,484499,1.0
2019,2019-04-04,566182,31.0,427366,1.0
2019,2019-04-04,567159,4705.0,482641,1.0
2019,2019-04-04,564734,1.0,482663,1.0
2019,2019-04-05,567263,4.0,431232,1.0
2019,2019-04-05,566567,2889.0,484198,1.0
2019,2019-04-05,565413,19.0,483561,1.0
2019,2019-04-05,566471,2395.0,427095,1.0
2019,2019-04-05,566183,31.0,428442,1.0
2019,2019-04-05,567062,2681.0,484183,1.0
2019,2019-04-05,564833,15.0,427168,1.0
2019,2019-04-05,565319,5.0,427235,1.0
2019,2019-04-05,567160,4705.0,427081,1.0
2019,2019-04-05,565606,2392.0,511890,1.0
2019,2019-04-05,567556,32.0,490319,1.0
2019,2019-04-05,564735,1.0,427520,1.0
2019,2019-04-06,565511,2394.0,482620,1.0
2019,2019-04-06,565991,3289.0,427103,1.0
2019,2019-04-06,566184,31.0,483919,1.0
2019,2019-04-06,567063,2681.0,427362,1.0
2019,2019-04-06,567264,4.0,482631,1.0
2019,2019-04-06,566568,2889.0,521889,1.0
2019,2019-04-06,566472,2395.0,427184,1.0
2019,2019-04-06,564736,1.0,427315,1.0
2019,2019-04-06,565320,5.0,427248,1.0
2019,2019-04-06,564931,2.0,547380,1.0
2019,2019-04-06,565607,2392.0,427058,1.0
2019,2019-04-06,567557,32.0,483569,1.0
2019,2019-04-06,567161,4705.0,427164,1.0
2019,2019-04-06,564834,15.0,573597,1.0
2019,2019-04-06,565414,19.0,427156,1.0
2019,2019-04-07,567064,2681.0,427113,1.0
2019,2019-04-07,564932,2.0,427108,1.0
2019,2019-04-07,565512,2394.0,427344,1.0
2019,2019-04-07,565992,3289.0,427286,1.0
2019,2019-04-07,565321,5.0,427554,1.0
2019,2019-04-07,567162,4705.0,504381,1.0
2019,2019-04-07,566185,31.0,427269,1.0
2019,2019-04-07,565608,2392.0,427243,1.0
2019,2019-04-07,567265,4.0,427144,1.0
2019,2019-04-07,567558,32.0,427299,1.0
2019,2019-04-07,566569,2889.0,427533,1.0
2019,2019-04-07,566473,2395.0,503586,1.0
2019,2019-04-07,564737,1.0,483564,1.0
2019,2019-04-07,564835,15.0,427339,1.0
2019,2019-04-07,565415,19.0,427534,1.0
2019,2019-04-08,567266,4.0,427537,1.0
2019,2019-04-08,565124,17.0,427129,1.0
2019,2019-04-08,564933,2.0,427235,1.0
2019,2019-04-08,567065,2681.0,427424,1.0
2019,2019-04-08,565609,2392.0,482663,1.0
2019,2019-04-08,566570,2889.0,596740,1.0
2019,2019-04-08,565707,7.0,511890,1.0
2019,2019-04-08,565416,19.0,427292,1.0
2019,2019-04-08,566474,2395.0,605672,1.0
2019,2019-04-08,564738,1.0,503077,1.0
2019,2019-04-09,565513,2394.0,427019,1.0
2019,2019-04-09,565027,3.0,427197,1.0
2019,2019-04-09,567267,4.0,490319,1.0
2019,2019-04-09,565226,2602.0,544728,1.0
2019,2019-04-09,564934,2.0,431232,1.0
2019,2019-04-09,567066,2681.0,484198,1.0
2019,2019-04-09,565993,3289.0,483912,1.0
2019,2019-04-09,566571,2889.0,427139,1.0
2019,2019-04-09,565610,2392.0,427520,1.0
2019,2019-04-09,565708,7.0,427058,1.0
2019,2019-04-09,565417,19.0,427168,1.0
2019,2019-04-09,564836,15.0,482666,1.0
2019,2019-04-09,566475,2395.0,573596,1.0
2019,2019-04-09,564739,1.0,427206,1.0
2019,2019-04-10,565514,2394.0,503493,1.0
2019,2019-04-10,567268,4.0,483569,1.0
2019,2019-04-10,566476,2395.0,427103,1.0
2019,2019-04-10,565227,2602.0,427095,1.0
2019,2019-04-10,564935,2.0,489985,1.0
2019,2019-04-10,567067,2681.0,521889,1.0
2019,2019-04-10,565994,3289.0,427552,1.0
2019,2019-04-10,565611,2392.0,427315,1.0
2019,2019-04-10,566572,2889.0,482620,1.0
2019,2019-04-10,565125,17.0,484499,1.0
2019,2019-04-10,565709,7.0,594151,1.0
2019,2019-04-10,564837,15.0,427090,1.0
2019,2019-04-10,564740,1.0,427093,1.0
2019,2019-08-26,565418,19.0,544728,1.0
2019,2019-04-11,564936,2.0,427554,1.0
2019,2019-04-11,565228,2602.0,427184,1.0
2019,2019-04-11,565515,2394.0,427013,1.0
2019,2019-04-11,565710,7.0,427243,1.0
2019,2019-04-11,566573,2889.0,427344,1.0
2019,2019-04-11,565028,3.0,483561,1.0
2019,2019-04-11,567163,4705.0,483564,1.0
2019,2019-04-11,565126,17.0,482631,1.0
2019,2019-04-11,564838,15.0,427509,1.0
2019,2019-04-11,566477,2395.0,427361,1.0
2019,2019-04-12,565127,17.0,573597,1.0
2019,2019-04-12,565900,3309.0,482608,1.0
2019,2019-04-12,567462,3313.0,483630,1.0
2019,2019-04-12,566871,14.0,511890,1.0
2019,2019-04-12,565029,3.0,427533,1.0
2019,2019-04-12,567366,4169.0,427299,1.0
2019,2019-04-12,567164,4705.0,503490,1.0
2019,2019-04-12,566769,13.0,596740,1.0
2019,2019-04-12,565711,7.0,427144,1.0
2019,2019-04-12,564839,15.0,427128,1.0
2019,2019-04-12,566378,680.0,503077,1.0
2019,2019-04-12,565806,22.0,427286,1.0
2019,2019-04-12,566478,2395.0,427044,1.0
2019,2019-05-11,566965,3312.0,489985,1.0
2019,2019-04-13,565030,3.0,427424,1.0
2019,2019-04-13,567463,3313.0,427019,1.0
2019,2019-04-13,566966,3312.0,427156,1.0
2019,2019-04-13,565128,17.0,427339,1.0
2019,2019-04-13,566872,14.0,427058,1.0
2019,2019-04-13,565901,3309.0,544728,1.0
2019,2019-04-13,566479,2395.0,482666,1.0
2019,2019-04-13,567367,4169.0,427537,1.0
2019,2019-04-13,565229,2701.0,427248,1.0
2019,2019-04-13,565712,7.0,427129,1.0
2019,2019-04-13,567165,4705.0,427315,1.0
2019,2019-04-13,564840,15.0,483912,1.0
2019,2019-04-13,566379,680.0,490319,1.0
2019,2019-04-13,565807,22.0,605672,1.0
2019,2019-06-08,566770,13.0,427286,1.0
2019,2019-04-14,565031,3.0,521251,1.0
2019,2019-04-14,567464,3313.0,503493,1.0
2019,2019-04-14,566873,14.0,594151,1.0
2019,2019-04-14,567368,4169.0,596809,1.0
2019,2019-04-14,565902,3309.0,427095,1.0
2019,2019-04-14,566967,3312.0,427534,1.0
2019,2019-04-14,565713,7.0,484499,1.0
2019,2019-04-14,566771,13.0,427139,1.0
2019,2019-04-14,566480,2395.0,427090,1.0
2019,2019-04-14,564841,15.0,427552,1.0
2019,2019-04-14,566380,680.0,429805,1.0
2019,2019-04-14,565230,2701.0,427235,1.0
2019,2019-04-14,565808,22.0,427103,1.0
2019,2019-04-14,567166,4705.0,484198,1.0
2019,2019-06-03,565129,17.0,427339,1.0
2019,2019-04-15,565032,3.0,521889,1.0
2019,2019-04-15,567068,2681.0,427013,1.0
2019,2019-04-15,567369,4169.0,427366,1.0
2019,2019-04-15,566968,3312.0,482631,1.0
2019,2019-04-15,567559,32.0,427292,1.0
2019,2019-04-15,566772,13.0,427184,1.0
2019,2019-04-15,567269,4.0,427538,1.0
2019,2019-04-15,565809,22.0,427220,1.0
2019,2019-04-15,566282,2680.0,427093,1.0
2019,2019-04-15,566381,680.0,427509,1.0
2019,2019-04-16,567465,3313.0,427243,1.0
2019,2019-04-16,565516,2394.0,431232,1.0
2019,2019-04-16,565903,3309.0,427413,1.0
2019,2019-04-16,567069,2681.0,483630,1.0
2019,2019-04-16,566671,12.0,427361,1.0
2019,2019-04-16,567370,4169.0,428442,1.0
2019,2019-04-16,567167,4705.0,427533,1.0
2019,2019-04-16,566969,3312.0,427144,1.0
2019,2019-04-16,567560,32.0,427168,1.0
2019,2019-04-16,566773,13.0,547380,1.0
2019,2019-04-16,567270,4.0,427081,1.0
2019,2019-04-16,566283,2680.0,489985,1.0
2019,2019-04-16,566094,10.0,427197,1.0
2019,2019-04-16,565810,22.0,427224,1.0
2019,2019-04-16,566382,680.0,427128,1.0
2019,2019-04-17,567070,2681.0,427019,1.0
2019,2019-04-17,567561,32.0,544728,1.0
2019,2019-04-17,567271,4.0,596740,1.0
2019,2019-04-17,565811,22.0,521051,1.0
2019,2019-04-17,567466,3313.0,482641,1.0
2019,2019-04-17,565517,2394.0,427554,1.0
2019,2019-04-17,566383,680.0,483912,1.0
2019,2019-04-17,565904,3309.0,427362,1.0
2019,2019-04-17,566672,12.0,427044,1.0
2019,2019-04-17,567371,4169.0,483919,1.0
2019,2019-04-17,567168,4705.0,427424,1.0
2019,2019-04-17,566970,3312.0,427129,1.0
2019,2019-04-17,566774,13.0,605672,1.0
2019,2019-04-17,566095,10.0,483561,1.0
2019,2019-04-18,567169,4705.0,594151,1.0
2019,2019-04-18,565905,3309.0,596809,1.0
2019,2019-04-18,566971,3312.0,503493,1.0
2019,2019-04-18,565518,2394.0,503077,1.0
2019,2019-04-18,567467,3313.0,427339,1.0
2019,2019-04-18,566673,12.0,482666,1.0
2019,2019-04-18,567562,32.0,427269,1.0
2019,2019-04-18,565419,19.0,504381,1.0
2019,2019-04-18,564741,1.0,427108,1.0
2019,2019-04-18,566284,2680.0,427156,1.0
2019,2019-04-19,565130,17.0,427248,1.0
2019,2019-04-19,566186,31.0,427095,1.0
2019,2019-04-19,567468,3313.0,427168,1.0
2019,2019-04-19,566674,12.0,427552,1.0
2019,2019-04-19,565519,2394.0,429805,1.0
2019,2019-04-19,567372,4169.0,427090,1.0
2019,2019-04-19,566775,13.0,521889,1.0
2019,2019-04-19,567563,32.0,427366,1.0
2019,2019-04-19,566574,2889.0,482631,1.0
2019,2019-04-19,565420,19.0,427538,1.0
2019,2019-04-19,564742,1.0,427220,1.0
2019,2019-04-19,566096,10.0,427113,1.0
2019,2019-04-19,566285,2680.0,427534,1.0
2019,2019-04-20,564937,2.0,427058,1.0
2019,2019-04-20,565322,5.0,427184,1.0
2019,2019-04-20,567469,3313.0,544728,1.0
2019,2019-04-20,566575,2889.0,427144,1.0
2019,2019-04-20,565131,17.0,427235,1.0
2019,2019-04-20,566187,31.0,427013,1.0
2019,2019-04-20,564938,2.0,511890,1.0
2019,2019-04-20,566097,10.0,484183,1.0
2019,2019-04-20,565323,5.0,427103,1.0
2019,2019-04-20,566675,12.0,427509,1.0
2019,2019-04-20,567373,4169.0,427361,1.0
2019,2019-04-20,567564,32.0,428442,1.0
2019,2019-04-20,566776,13.0,427533,1.0
2019,2019-04-20,565421,19.0,427081,1.0
2019,2019-04-20,566286,2680.0,427197,1.0
2019,2019-04-20,564743,1.0,427224,1.0
2019,2019-08-06,565520,2394.0,427534,1.0
2019,2019-04-21,564939,2.0,427243,1.0
2019,2019-04-21,567470,3313.0,427292,1.0
2019,2019-04-21,565521,2394.0,427093,1.0
2019,2019-04-21,567374,4169.0,427044,1.0
2019,2019-04-21,566188,31.0,483630,1.0
2019,2019-04-21,566676,12.0,427128,1.0
2019,2019-04-21,567565,32.0,483919,1.0
2019,2019-04-21,566576,2889.0,427129,1.0
2019,2019-04-21,565132,17.0,431232,1.0
2019,2019-04-21,566777,13.0,427537,1.0
2019,2019-04-21,565422,19.0,427164,1.0
2019,2019-04-21,564744,1.0,521051,1.0
2019,2019-04-21,566098,10.0,427413,1.0
2019,2019-04-21,566287,2680.0,483561,1.0
2019,2019-04-21,565324,5.0,547380,1.0
2019,2019-04-22,566189,31.0,605672,1.0
2019,2019-04-22,564940,2.0,503493,1.0
2019,2019-04-22,566677,12.0,427269,1.0
2019,2019-04-22,565995,3289.0,427053,1.0
2019,2019-04-22,566577,2889.0,427424,1.0
2019,2019-04-22,565612,2392.0,427108,1.0
2019,2019-04-22,565423,19.0,483569,1.0
2019,2019-04-22,566099,10.0,504381,1.0
2019,2019-04-22,564745,1.0,427156,1.0
2019,2019-04-23,565033,3.0,482663,1.0
2019,2019-04-23,565034,3.0,483564,1.0
2019,2019-04-23,565325,5.0,427344,1.0
2019,2019-04-23,565231,2602.0,503077,1.0
2019,2019-04-23,566190,31.0,427103,1.0
2019,2019-04-23,564941,2.0,427095,1.0
2019,2019-04-23,566874,14.0,427554,1.0
2019,2019-04-23,566678,12.0,427366,1.0
2019,2019-04-23,565996,3289.0,482608,1.0
2019,2019-04-23,566578,2889.0,484198,1.0
2019,2019-04-23,565133,17.0,427019,1.0
2019,2019-04-23,565613,2392.0,427220,1.0
2019,2019-04-23,565424,19.0,427299,1.0
2019,2019-04-23,566100,10.0,427538,1.0
2019,2019-04-23,564746,1.0,427534,1.0
2019,2019-04-23,566288,2680.0,427362,1.0
2019,2019-04-24,566679,12.0,428442,1.0
2019,2019-04-24,565326,5.0,484499,1.0
2019,2019-04-24,566579,2889.0,427533,1.0
2019,2019-04-24,565425,19.0,427537,1.0
2019,2019-04-24,566101,10.0,427081,1.0
2019,2019-04-24,566289,2680.0,427113,1.0
2019,2019-04-24,566875,14.0,427248,1.0
2019,2019-04-24,565232,2602.0,429805,1.0
2019,2019-04-24,566191,31.0,482620,1.0
2019,2019-04-24,564942,2.0,431232,1.0
2019,2019-04-24,565035,3.0,427315,1.0
2019,2019-04-24,565997,3289.0,427192,1.0
2019,2019-04-24,565134,17.0,489985,1.0
2019,2019-04-24,565614,2392.0,427224,1.0
2019,2019-04-24,564747,1.0,427197,1.0
2019,2019-04-25,566192,31.0,573596,1.0
2019,2019-04-25,565135,17.0,427013,1.0
2019,2019-04-25,565233,2602.0,427093,1.0
2019,2019-04-25,567071,2681.0,482631,1.0
2019,2019-04-25,565036,3.0,427520,1.0
2019,2019-04-25,565615,2392.0,483919,1.0
2019,2019-04-25,564748,1.0,503502,1.0
2019,2019-04-25,566384,680.0,503586,1.0
2019,2019-04-26,565906,3309.0,427164,1.0
2019,2019-04-26,567072,2681.0,544728,1.0
2019,2019-04-26,566876,14.0,482663,1.0
2019,2019-04-26,565998,3289.0,427206,1.0
2019,2019-04-26,567170,4705.0,547380,1.0
2019,2019-04-26,565616,2392.0,427269,1.0
2019,2019-04-26,566972,3312.0,605672,1.0
2019,2019-04-26,567272,4.0,484183,1.0
2019,2019-04-26,565714,7.0,490319,1.0
2019,2019-04-26,566580,2889.0,483630,1.0
2019,2019-04-26,564842,15.0,427156,1.0
2019,2019-04-26,565812,22.0,427144,1.0
2019,2019-04-26,566385,680.0,427053,1.0
2019,2019-04-26,566481,2395.0,594151,1.0
2019,2019-06-08,565037,3.0,427113,1.0
2019,2019-04-27,566973,3312.0,427103,1.0
2019,2019-04-27,566581,2889.0,427019,1.0
2019,2019-04-27,566877,14.0,483564,1.0
2019,2019-04-27,565617,2392.0,427366,1.0
2019,2019-04-27,565907,3309.0,504381,1.0
2019,2019-04-27,565038,3.0,503490,1.0
2019,2019-04-27,566482,2395.0,427424,1.0
2019,2019-04-27,567073,2681.0,427554,1.0
2019,2019-04-27,565999,3289.0,503077,1.0
2019,2019-04-27,565715,7.0,427299,1.0
2019,2019-04-27,567171,4705.0,427108,1.0
2019,2019-04-27,564843,15.0,427534,1.0
2019,2019-04-27,565813,22.0,427129,1.0
2019,2019-04-27,566386,680.0,482608,1.0
2019,2019-07-03,567273,4.0,427344,1.0
2019,2019-04-28,565039,3.0,427139,1.0
2019,2019-04-28,567074,2681.0,427248,1.0
2019,2019-04-28,566878,14.0,427315,1.0
2019,2019-04-28,566000,3289.0,429805,1.0
2019,2019-04-28,567172,4705.0,427220,1.0
2019,2019-04-28,565908,3309.0,427538,1.0
2019,2019-04-28,566974,3312.0,482620,1.0
2019,2019-04-28,567274,4.0,427413,1.0
2019,2019-04-28,565716,7.0,489985,1.0
2019,2019-04-28,566582,2889.0,427095,1.0
2019,2019-04-28,566483,2395.0,484198,1.0
2019,2019-04-28,564844,15.0,427197,1.0
2019,2019-04-28,565814,22.0,503493,1.0
2019,2019-04-28,566387,680.0,427192,1.0
2019,2019-04-28,565618,2392.0,428442,1.0
2019,2019-04-29,565909,3309.0,511890,1.0
2019,2019-04-29,566001,3289.0,573597,1.0
2019,2019-04-29,565040,3.0,427093,1.0
2019,2019-04-29,567173,4705.0,427537,1.0
2019,2019-04-29,566975,3312.0,482641,1.0
2019,2019-04-29,567566,32.0,427362,1.0
2019,2019-04-29,567275,4.0,427520,1.0
2019,2019-04-29,565717,7.0,483630,1.0
2019,2019-04-29,566484,2395.0,483912,1.0
2019,2019-04-30,565910,3309.0,427058,1.0
2019,2019-04-30,567075,2681.0,482666,1.0
2019,2019-04-30,566002,3289.0,427339,1.0
2019,2019-04-30,565041,3.0,427206,1.0
2019,2019-04-30,567375,4169.0,503502,1.0
2019,2019-04-30,567179,4705.0,490319,1.0
2019,2019-04-30,566976,3312.0,427344,1.0
2019,2019-04-30,567567,32.0,596740,1.0
2019,2019-04-30,566778,13.0,427224,1.0
2019,2019-04-30,564845,15.0,431232,1.0
2019,2019-04-30,566485,2395.0,427552,1.0
2019,2019-04-30,564749,1.0,503586,1.0
2019,2019-04-30,566388,680.0,427533,1.0
2019,2019-05-01,567276,4.0,483564,1.0
2019,2019-05-01,565718,7.0,427019,1.0
2019,2019-05-01,565042,3.0,503077,1.0
2019,2019-05-01,565719,7.0,544728,1.0
2019,2019-05-01,566779,13.0,547380,1.0
2019,2019-05-01,564846,15.0,427144,1.0
2019,2019-05-01,567277,4.0,482663,1.0
2019,2019-05-01,566389,680.0,521889,1.0
2019,2019-05-01,565911,3309.0,521051,1.0
2019,2019-05-01,567076,2681.0,427090,1.0
2019,2019-05-01,566003,3289.0,427292,1.0
2019,2019-05-01,567376,4169.0,427156,1.0
2019,2019-05-01,567180,4705.0,427361,1.0
2019,2019-05-01,567568,32.0,427113,1.0
2019,2019-05-01,566977,3312.0,503490,1.0
2019,2019-05-01,566486,2395.0,427509,1.0
2019,2019-05-01,564750,1.0,427053,1.0
2019,2019-05-02,566004,3289.0,427168,1.0
2019,2019-05-02,567181,4705.0,489985,1.0
2019,2019-05-02,566978,3312.0,427139,1.0
2019,2019-05-02,567569,32.0,482620,1.0
2019,2019-05-02,565720,7.0,427095,1.0
2019,2019-05-02,565912,3309.0,427243,1.0
2019,2019-05-02,567278,4.0,521251,1.0
2019,2019-05-02,564751,1.0,482608,1.0
2019,2019-05-03,565136,17.0,427315,1.0
2019,2019-05-03,566193,31.0,427339,1.0
2019,2019-05-03,564943,2.0,427534,1.0
2019,2019-05-03,567077,2681.0,427344,1.0
2019,2019-05-03,567471,3313.0,427128,1.0
2019,2019-05-03,565522,2394.0,482641,1.0
2019,2019-05-03,565327,5.0,429805,1.0
2019,2019-05-03,565234,2602.0,427537,1.0
2019,2019-05-03,567377,4169.0,427362,1.0
2019,2019-05-03,566780,13.0,482631,1.0
2019,2019-05-03,567279,4.0,427044,1.0
2019,2019-05-03,567570,32.0,427108,1.0
2019,2019-05-03,565426,19.0,427192,1.0
2019,2019-05-03,566290,2680.0,427424,1.0
2019,2019-05-04,567472,3313.0,483912,1.0
2019,2019-05-04,565137,17.0,427520,1.0
2019,2019-05-04,565523,2394.0,511890,1.0
2019,2019-05-04,565328,5.0,427093,1.0
2019,2019-05-04,567378,4169.0,596740,1.0
2019,2019-05-04,566194,31.0,573597,1.0
2019,2019-05-04,564944,2.0,483561,1.0
2019,2019-05-04,567078,2681.0,503490,1.0
2019,2019-05-04,564752,2701.0,427013,1.0
2019,2019-05-04,565235,2602.0,490319,1.0
2019,2019-05-04,567280,4.0,482666,1.0
2019,2019-05-04,567571,32.0,427220,1.0
2019,2019-05-04,566781,13.0,427129,1.0
2019,2019-05-04,565427,19.0,503586,1.0
2019,2019-05-04,566291,2680.0,484198,1.0
2019,2019-05-05,565524,2394.0,427058,1.0
2019,2019-05-05,565329,5.0,427206,1.0
2019,2019-05-05,567379,4169.0,427413,1.0
2019,2019-05-05,566195,31.0,427292,1.0
2019,2019-05-05,567079,2681.0,482620,1.0
2019,2019-05-05,567281,4.0,427090,1.0
2019,2019-05-05,567572,32.0,427224,1.0
2019,2019-05-05,566782,13.0,431232,1.0
2019,2019-05-05,565428,19.0,427053,1.0
2019,2019-05-05,567473,3313.0,427552,1.0
2019,2019-05-05,564753,2701.0,483630,1.0
2019,2019-05-05,566292,2680.0,594151,1.0
2019,2019-05-05,565236,2602.0,427361,1.0
2019,2019-05-05,565138,17.0,482663,1.0
2019,2019-07-13,564945,2.0,484499,1.0
2019,2019-05-06,565237,2602.0,489985,1.0
2019,2019-05-06,565330,5.0,427168,1.0
2019,2019-05-06,567474,3313.0,547380,1.0
2019,2019-05-06,564946,2.0,427509,1.0
2019,2019-05-06,566879,14.0,503077,1.0
2019,2019-05-06,566680,12.0,427235,1.0
2019,2019-05-06,567573,32.0,521251,1.0
2019,2019-05-06,566583,2889.0,427113,1.0
2019,2019-05-06,565139,17.0,427243,1.0
2019,2019-05-06,565619,2392.0,573596,1.0
2019,2019-05-06,566293,2680.0,427139,1.0
2019,2019-05-06,565815,22.0,427081,1.0
2019,2019-05-07,565331,5.0,427339,1.0
2019,2019-05-07,567475,3313.0,427108,1.0
2019,2019-05-07,564947,2.0,596809,1.0
2019,2019-05-07,566196,31.0,427537,1.0
2019,2019-05-07,566880,14.0,429805,1.0
2019,2019-05-07,565525,2394.0,521889,1.0
2019,2019-05-07,566681,12.0,484499,1.0
2019,2019-05-07,567574,32.0,427044,1.0
2019,2019-05-07,566584,2889.0,427362,1.0
2019,2019-05-07,565140,17.0,482641,1.0
2019,2019-05-07,565620,2392.0,427184,1.0
2019,2019-05-07,565429,19.0,427019,1.0
2019,2019-05-07,566102,10.0,483919,1.0
2019,2019-05-07,566294,2680.0,427344,1.0
2019,2019-05-07,565816,22.0,427164,1.0
2019,2019-05-08,566197,31.0,490319,1.0
2019,2019-05-08,566682,12.0,427554,1.0
2019,2019-05-08,567575,32.0,482666,1.0
2019,2019-05-08,566585,2889.0,596740,1.0
2019,2019-05-08,566295,2680.0,427128,1.0
2019,2019-05-08,565332,5.0,573597,1.0
2019,2019-05-08,567476,3313.0,427220,1.0
2019,2019-05-08,564948,2.0,483912,1.0
2019,2019-05-08,566881,14.0,427093,1.0
2019,2019-05-08,565526,2394.0,427533,1.0
2019,2019-05-08,565141,17.0,511890,1.0
2019,2019-05-08,565621,2392.0,427286,1.0
2019,2019-05-08,566103,10.0,427269,1.0
2019,2019-05-08,565817,22.0,504381,1.0
2019,2019-07-15,565430,19.0,482663,1.0
2019,2019-05-09,565527,2394.0,484198,1.0
2019,2019-05-09,565333,5.0,427292,1.0
2019,2019-05-09,565142,17.0,427058,1.0
2019,2019-05-09,565431,19.0,544728,1.0
2019,2019-05-09,566104,10.0,503502,1.0
2019,2019-05-09,567477,3313.0,427224,1.0
2019,2019-05-09,566586,2889.0,427552,1.0
2019,2019-05-09,565622,2392.0,427248,1.0
2019,2019-05-09,564847,15.0,503490,1.0
2019,2019-05-09,565818,22.0,427103,1.0
2019,2019-05-10,565143,17.0,427538,1.0
2019,2019-05-10,564949,2.0,427206,1.0
2019,2019-05-10,566882,14.0,547380,1.0
2019,2019-05-10,565043,3.0,427243,1.0
2019,2019-05-10,566005,3289.0,594151,1.0
2019,2019-05-10,566683,12.0,484183,1.0
2019,2019-05-10,565623,2392.0,427235,1.0
2019,2019-05-10,566979,3312.0,427361,1.0
2019,2019-05-10,566587,2889.0,427509,1.0
2019,2019-05-10,565721,7.0,483564,1.0
2019,2019-05-10,565432,19.0,427366,1.0
2019,2019-05-10,566105,10.0,427013,1.0
2019,2019-05-10,564848,15.0,427139,1.0
2019,2019-05-10,565819,22.0,573596,1.0
2019,2019-05-10,566487,2395.0,427090,1.0
2019,2019-05-11,565044,3.0,482641,1.0
2019,2019-05-11,566980,3312.0,427537,1.0
2019,2019-05-11,566588,2889.0,596809,1.0
2019,2019-05-11,565144,17.0,427081,1.0
2019,2019-05-11,566883,14.0,427108,1.0
2019,2019-05-11,564950,2.0,503077,1.0
2019,2019-05-11,566106,10.0,427019,1.0
2019,2019-05-11,566684,12.0,427113,1.0
2019,2019-05-11,566006,3289.0,521889,1.0
2019,2019-05-11,565722,7.0,427093,1.0
2019,2019-05-11,565433,19.0,428442,1.0
2019,2019-05-11,565624,2392.0,484499,1.0
2019,2019-05-11,564849,15.0,427344,1.0
2019,2019-05-11,566488,2395.0,521251,1.0
2019,2019-05-11,565820,22.0,605672,1.0
2019,2019-05-12,564951,2.0,521051,1.0
2019,2019-05-12,565045,3.0,511890,1.0
2019,2019-05-12,566884,14.0,427220,1.0
2019,2019-05-12,566685,12.0,427413,1.0
2019,2019-05-12,565625,2392.0,427554,1.0
2019,2019-05-12,566981,3312.0,490319,1.0
2019,2019-05-12,566589,2889.0,483912,1.0
2019,2019-05-12,565723,7.0,573597,1.0
2019,2019-05-12,565434,19.0,483919,1.0
2019,2019-05-12,566489,2395.0,427044,1.0
2019,2019-05-12,566107,10.0,544728,1.0
2019,2019-05-12,565821,22.0,427286,1.0
2019,2019-05-12,564850,15.0,427128,1.0
2019,2019-05-12,565145,17.0,427164,1.0
2019,2019-08-05,566007,3289.0,503490,1.0
2019,2019-05-13,567080,2681.0,483561,1.0
2019,2019-05-13,565528,2394.0,427144,1.0
2019,2019-05-13,566982,3312.0,504381,1.0
2019,2019-05-13,567282,4.0,427552,1.0
2019,2019-05-13,564851,15.0,427095,1.0
2019,2019-05-13,566390,680.0,482666,1.0
2019,2019-05-15,567478,3313.0,489985,1.0
2019,2019-05-14,567283,4.0,427509,1.0
2019,2019-05-14,565238,2602.0,427224,1.0
2019,2019-05-14,565913,3309.0,427362,1.0
2019,2019-05-14,567081,2681.0,594151,1.0
2019,2019-05-14,565046,3.0,483564,1.0
2019,2019-05-14,565529,2394.0,482631,1.0
2019,2019-05-14,567380,4169.0,427103,1.0
2019,2019-05-14,567182,4705.0,427248,1.0
2019,2019-05-14,566983,3312.0,427538,1.0
2019,2019-05-14,565724,7.0,427269,1.0
2019,2019-05-14,564852,15.0,427013,1.0
2019,2019-05-14,566490,2395.0,427139,1.0
2019,2019-05-14,565822,22.0,427315,1.0
2019,2019-05-14,566391,680.0,427090,1.0
2019,2019-08-12,567479,3313.0,503502,1.0
2019,2019-05-15,566984,3312.0,427081,1.0
2019,2019-05-15,567480,3313.0,427197,1.0
2019,2019-05-15,564853,15.0,427019,1.0
2019,2019-05-15,566491,2395.0,482641,1.0
2019,2019-05-15,565239,2602.0,577468,1.0
2019,2019-05-15,565914,3309.0,484183,1.0
2019,2019-05-15,567082,2681.0,427156,1.0
2019,2019-05-15,565047,3.0,503493,1.0
2019,2019-05-15,565530,2394.0,427129,1.0
2019,2019-05-15,567381,4169.0,573596,1.0
2019,2019-05-15,567183,4705.0,427235,1.0
2019,2019-05-15,565725,7.0,427366,1.0
2019,2019-05-15,565823,22.0,482608,1.0
2019,2019-05-16,565915,3309.0,427113,1.0
2019,2019-05-16,567083,2681.0,427534,1.0
2019,2019-05-16,565531,2394.0,427128,1.0
2019,2019-05-16,565726,7.0,428442,1.0
2019,2019-05-16,565334,5.0,431232,1.0
2019,2019-05-16,565240,2602.0,427108,1.0
2019,2019-05-16,567184,4705.0,427554,1.0
2019,2019-05-16,567284,4.0,596809,1.0
2019,2019-05-16,566296,2680.0,427361,1.0
2019,2019-05-16,566392,680.0,503586,1.0
2019,2019-05-17,565916,3309.0,427248,1.0
2019,2019-05-17,567084,2681.0,427220,1.0
2019,2019-05-17,567481,3313.0,483630,1.0
2019,2019-05-17,565335,5.0,427144,1.0
2019,2019-05-17,565048,3.0,427413,1.0
2019,2019-05-17,565241,2602.0,427520,1.0
2019,2019-05-17,565532,2394.0,483912,1.0
2019,2019-05-17,567382,4169.0,427537,1.0
2019,2019-05-17,567185,4705.0,483919,1.0
2019,2019-05-17,566783,13.0,427344,1.0
2019,2019-05-17,567285,4.0,427286,1.0
2019,2019-05-17,564854,15.0,427164,1.0
2019,2019-05-17,564754,1.0,483561,1.0
2019,2019-05-17,566297,2680.0,427044,1.0
2019,2019-05-17,566393,680.0,596740,1.0
2019,2019-05-18,567482,3313.0,427095,1.0
2019,2019-05-18,567286,4.0,427103,1.0
2019,2019-05-18,566784,13.0,482620,1.0
2019,2019-05-18,567085,2681.0,427224,1.0
2019,2019-05-18,565336,5.0,482631,1.0
2019,2019-05-18,565242,2602.0,482663,1.0
2019,2019-05-18,565533,2394.0,427552,1.0
2019,2019-05-18,567383,4169.0,427053,1.0
2019,2019-05-18,565049,3.0,427362,1.0
2019,2019-05-18,565917,3309.0,427235,1.0
2019,2019-05-18,567186,4705.0,427269,1.0
2019,2019-05-18,566298,2680.0,482666,1.0
2019,2019-05-18,564755,1.0,427197,1.0
2019,2019-05-18,564855,15.0,504381,1.0
2019,2019-05-18,566394,680.0,427315,1.0
2019,2019-05-19,565050,3.0,484183,1.0
2019,2019-05-19,567086,2681.0,577468,1.0
2019,2019-05-19,567483,3313.0,427013,1.0
2019,2019-05-19,565337,5.0,427129,1.0
2019,2019-05-19,565243,2602.0,483564,1.0
2019,2019-05-19,565534,2394.0,427509,1.0
2019,2019-05-19,567384,4169.0,490319,1.0
2019,2019-05-19,567187,4705.0,427366,1.0
2019,2019-05-19,567287,4.0,573596,1.0
2019,2019-05-19,566785,13.0,605672,1.0
2019,2019-05-19,564756,1.0,427156,1.0
2019,2019-05-19,566299,2680.0,427090,1.0
2019,2019-05-19,564856,15.0,427538,1.0
2019,2019-05-19,566395,680.0,482608,1.0
2019,2019-05-19,565918,3309.0,427554,1.0
2019,2019-05-20,566885,14.0,427533,1.0
2019,2019-05-20,565338,5.0,544728,1.0
2019,2019-05-20,564952,2.0,503493,1.0
2019,2019-05-20,566008,3289.0,427144,1.0
2019,2019-05-20,566786,13.0,427081,1.0
2019,2019-05-20,565146,17.0,483569,1.0
2019,2019-05-20,565626,2392.0,428442,1.0
2019,2019-05-20,566492,2395.0,427534,1.0
2019,2019-05-20,564757,1.0,427058,1.0
2019,2019-05-20,566300,2680.0,427168,1.0
2019,2019-05-21,565339,5.0,427108,1.0
2019,2019-05-21,566198,31.0,429805,1.0
2019,2019-05-21,565147,17.0,427537,1.0
2019,2019-05-21,564953,2.0,427520,1.0
2019,2019-05-21,566886,14.0,484198,1.0
2019,2019-05-21,566009,3289.0,482631,1.0
2019,2019-05-21,566686,12.0,427139,1.0
2019,2019-05-21,565535,2394.0,427361,1.0
2019,2019-05-21,567576,32.0,489985,1.0
2019,2019-05-21,566787,13.0,427164,1.0
2019,2019-05-21,565627,2392.0,483919,1.0
2019,2019-05-21,566493,2395.0,483561,1.0
2019,2019-05-21,564758,1.0,427243,1.0
2019,2019-05-21,566301,2680.0,427339,1.0
2019,2019-05-22,566590,2889.0,596740,1.0
2019,2019-05-22,565340,5.0,427220,1.0
2019,2019-05-22,567577,32.0,483912,1.0
2019,2019-05-22,566591,2889.0,503586,1.0
2019,2019-05-22,566788,13.0,504381,1.0
2019,2019-05-22,566302,2680.0,427292,1.0
2019,2019-05-22,566199,31.0,427206,1.0
2019,2019-05-22,564954,2.0,482663,1.0
2019,2019-05-22,566887,14.0,577468,1.0
2019,2019-05-22,566010,3289.0,503502,1.0
2019,2019-05-22,566687,12.0,427344,1.0
2019,2019-05-22,565536,2394.0,427044,1.0
2019,2019-05-22,565148,17.0,503490,1.0
2019,2019-05-22,565628,2392.0,427269,1.0
2019,2019-05-22,566494,2395.0,427197,1.0
2019,2019-05-23,564759,1.0,482641,1.0
2019,2019-05-23,566011,3289.0,427129,1.0
2019,2019-05-23,566200,31.0,503077,1.0
2019,2019-05-23,564955,2.0,427424,1.0
2019,2019-05-23,566888,14.0,521889,1.0
2019,2019-05-23,565537,2394.0,482666,1.0
2019,2019-05-23,565149,17.0,427053,1.0
2019,2019-05-23,566495,2395.0,427156,1.0
2019,2019-05-23,565341,5.0,427538,1.0
2019,2019-05-23,565629,2392.0,427366,1.0
2019,2019-05-24,565150,17.0,482620,1.0
2019,2019-05-24,566201,31.0,547380,1.0
2019,2019-05-24,565919,3309.0,427552,1.0
2019,2019-05-24,566889,14.0,427093,1.0
2019,2019-05-24,566012,3289.0,573597,1.0
2019,2019-05-24,565342,5.0,427081,1.0
2019,2019-05-24,565630,2392.0,427315,1.0
2019,2019-05-24,566985,3312.0,503493,1.0
2019,2019-05-24,567578,32.0,427144,1.0
2019,2019-05-24,566592,2889.0,490319,1.0
2019,2019-05-24,565435,19.0,511890,1.0
2019,2019-05-24,566108,10.0,427534,1.0
2019,2019-05-24,564760,1.0,427533,1.0
2019,2019-05-24,566496,2395.0,428442,1.0
2019,2019-05-25,565727,7.0,594151,1.0
2019,2019-05-25,566986,3312.0,427520,1.0
2019,2019-05-25,565728,7.0,427044,1.0
2019,2019-05-25,565151,17.0,605672,1.0
2019,2019-05-25,566890,14.0,429805,1.0
2019,2019-05-25,566497,2395.0,483919,1.0
2019,2019-05-25,565920,3309.0,427509,1.0
2019,2019-05-25,566109,10.0,483561,1.0
2019,2019-05-25,566013,3289.0,427168,1.0
2019,2019-05-25,565343,5.0,427164,1.0
2019,2019-05-25,567579,32.0,482631,1.0
2019,2019-05-25,565631,2392.0,482608,1.0
2019,2019-05-25,566202,31.0,544728,1.0
2019,2019-05-25,566593,2889.0,483569,1.0
2019,2019-05-25,565436,19.0,427058,1.0
2019,2019-05-25,564761,1.0,484198,1.0
2019,2019-05-26,566891,14.0,427206,1.0
2019,2019-05-26,566014,3289.0,427339,1.0
2019,2019-05-26,565344,5.0,504381,1.0
2019,2019-05-26,566203,31.0,427108,1.0
2019,2019-05-26,565921,3309.0,489985,1.0
2019,2019-05-26,565632,2392.0,503586,1.0
2019,2019-05-26,566987,3312.0,482663,1.0
2019,2019-05-26,567580,32.0,503502,1.0
2019,2019-05-26,565729,7.0,427090,1.0
2019,2019-05-26,565152,17.0,427139,1.0
2019,2019-05-26,565437,19.0,427243,1.0
2019,2019-05-26,566498,2395.0,524988,1.0
2019,2019-05-26,566110,10.0,427197,1.0
2019,2019-05-26,564762,1.0,577468,1.0
2019,2019-05-26,566594,2889.0,427537,1.0
2019,2019-05-27,564956,2.0,503077,1.0
2019,2019-05-27,565922,3309.0,483912,1.0
2019,2019-05-27,567484,3313.0,427538,1.0
2019,2019-05-27,565244,2602.0,427113,1.0
2019,2019-05-27,566688,12.0,431232,1.0
2019,2019-05-27,565633,2392.0,427361,1.0
2019,2019-05-27,567288,4.0,427344,1.0
2019,2019-05-27,565438,19.0,427286,1.0
2019,2019-05-27,565051,3.0,427292,1.0
2019,2019-05-27,566111,10.0,427366,1.0
2019,2019-05-27,566988,3312.0,427019,1.0
2019,2019-05-27,565824,22.0,521889,1.0
2019,2019-05-27,566396,680.0,484499,1.0
2019,2019-05-28,567485,3313.0,427081,1.0
2019,2019-05-28,565245,2602.0,427362,1.0
2019,2019-05-28,564957,2.0,427093,1.0
2019,2019-05-28,567087,2681.0,427128,1.0
2019,2019-05-28,565052,3.0,573597,1.0
2019,2019-05-28,566689,12.0,427192,1.0
2019,2019-05-28,567385,4169.0,482641,1.0
2019,2019-05-28,567188,4705.0,483564,1.0
2019,2019-05-28,565634,2392.0,482666,1.0
2019,2019-05-28,567289,4.0,482620,1.0
2019,2019-05-28,566989,3312.0,483630,1.0
2019,2019-05-28,565439,19.0,596805,1.0
2019,2019-05-28,566112,10.0,428442,1.0
2019,2019-05-28,565825,22.0,427533,1.0
2019,2019-05-28,566397,680.0,427248,1.0
2019,2019-05-29,565246,2602.0,484183,1.0
2019,2019-05-29,567486,3313.0,427164,1.0
2019,2019-05-29,566113,10.0,483919,1.0
2019,2019-05-29,566398,680.0,427235,1.0
2019,2019-05-29,565053,3.0,427168,1.0
2019,2019-05-29,564958,2.0,429805,1.0
2019,2019-05-29,567088,2681.0,427509,1.0
2019,2019-05-29,566690,12.0,482608,1.0
2019,2019-05-29,567386,4169.0,511890,1.0
2019,2019-05-29,567189,4705.0,503493,1.0
2019,2019-05-29,565635,2392.0,427044,1.0
2019,2019-05-29,567290,4.0,427053,1.0
2019,2019-05-29,565440,19.0,427103,1.0
2019,2019-05-29,565826,22.0,484198,1.0
2019,2019-05-30,567089,2681.0,427095,1.0
2019,2019-05-30,567387,4169.0,427058,1.0
2019,2019-05-30,565441,19.0,573596,1.0
2019,2019-05-30,566204,31.0,427315,1.0
2019,2019-05-30,566691,12.0,427339,1.0
2019,2019-05-30,566789,13.0,427206,1.0
2019,2019-05-30,567291,4.0,427090,1.0
2019,2019-05-30,565827,22.0,427424,1.0
2019,2019-05-30,566399,680.0,594151,1.0
2019,2019-08-03,567487,3313.0,427129,1.0
2019,2019-05-31,564959,2.0,483912,1.0
2019,2019-05-31,567488,3313.0,605672,1.0
2019,2019-05-31,566205,31.0,483564,1.0
2019,2019-05-31,565247,2602.0,544728,1.0
2019,2019-05-31,566692,12.0,427292,1.0
2019,2019-05-31,567190,4705.0,427243,1.0
2019,2019-05-31,566790,13.0,503077,1.0
2019,2019-05-31,567292,4.0,427361,1.0
2019,2019-05-31,566595,2889.0,427113,1.0
2019,2019-05-31,565442,19.0,524988,1.0
2019,2019-05-31,564857,15.0,427554,1.0
2019,2019-05-31,566114,10.0,521889,1.0
2019,2019-05-31,566400,680.0,427013,1.0
2019,2019-05-31,565828,22.0,503586,1.0
2019,2019-05-31,566303,2680.0,427286,1.0
2019,2019-06-01,566693,12.0,573597,1.0
2019,2019-06-01,567293,4.0,482666,1.0
2019,2019-06-01,564960,2.0,427128,1.0
2019,2019-06-01,566791,13.0,503502,1.0
2019,2019-06-01,566206,31.0,427093,1.0
2019,2019-06-01,565248,2602.0,427538,1.0
2019,2019-06-01,567191,4705.0,482641,1.0
2019,2019-06-01,566401,680.0,427019,1.0
2019,2019-06-01,566596,2889.0,482631,1.0
2019,2019-06-01,567489,3313.0,427344,1.0
2019,2019-06-01,565443,19.0,427366,1.0
2019,2019-06-01,566115,10.0,577468,1.0
2019,2019-06-01,564858,15.0,427248,1.0
2019,2019-06-01,565829,22.0,431232,1.0
2019,2019-06-01,566304,2680.0,596805,1.0
2019,2019-06-02,564961,2.0,503490,1.0
2019,2019-06-02,565249,2602.0,427081,1.0
2019,2019-06-02,566694,12.0,427168,1.0
2019,2019-06-02,567192,4705.0,511890,1.0
2019,2019-06-02,566207,31.0,503493,1.0
2019,2019-06-02,567294,4.0,427044,1.0
2019,2019-06-02,566597,2889.0,427362,1.0
2019,2019-06-02,566792,13.0,429805,1.0
2019,2019-06-02,565444,19.0,428442,1.0
2019,2019-06-02,566116,10.0,484198,1.0
2019,2019-06-02,564859,15.0,427235,1.0
2019,2019-06-02,566402,680.0,483630,1.0
2019,2019-06-02,565830,22.0,596740,1.0
2019,2019-06-02,566305,2680.0,427103,1.0
2019,2019-06-02,567490,3313.0,482620,1.0
2019,2019-06-03,564860,15.0,427058,1.0
2019,2019-06-03,566403,680.0,573596,1.0
2019,2019-06-03,566306,2680.0,594151,1.0
2019,2019-06-04,566208,31.0,427552,1.0
2019,2019-06-04,565923,3309.0,427156,1.0
2019,2019-06-04,566892,14.0,427220,1.0
2019,2019-06-04,566015,3289.0,427206,1.0
2019,2019-06-04,565538,2394.0,427129,1.0
2019,2019-06-04,565345,5.0,484183,1.0
2019,2019-06-04,567581,32.0,427192,1.0
2019,2019-06-04,565153,17.0,427292,1.0
2019,2019-06-04,566793,13.0,483919,1.0
2019,2019-06-04,565730,7.0,427554,1.0
2019,2019-06-04,566598,2889.0,427520,1.0
2019,2019-06-04,564861,15.0,427243,1.0
2019,2019-06-04,564763,1.0,427164,1.0
2019,2019-06-04,566404,680.0,427286,1.0
2019,2019-06-04,566307,2680.0,427013,1.0
2019,2019-06-05,565924,3309.0,427534,1.0
2019,2019-06-05,564862,15.0,482641,1.0
2019,2019-06-05,566308,2680.0,427019,1.0
2019,2019-06-05,566209,31.0,427509,1.0
2019,2019-06-05,566893,14.0,427224,1.0
2019,2019-06-05,566016,3289.0,490319,1.0
2019,2019-06-05,565539,2394.0,427144,1.0
2019,2019-06-05,565346,5.0,427113,1.0
2019,2019-06-05,567582,32.0,503586,1.0
2019,2019-06-05,565154,17.0,573597,1.0
2019,2019-06-05,566794,13.0,427366,1.0
2019,2019-06-05,565731,7.0,484499,1.0
2019,2019-06-05,564764,1.0,504381,1.0
2019,2019-06-05,566405,680.0,596805,1.0
2019,2019-08-31,566599,2889.0,482620,1.0
2019,2019-06-06,566017,3289.0,427537,1.0
2019,2019-06-06,566210,31.0,427128,1.0
2019,2019-06-06,565540,2394.0,482631,1.0
2019,2019-06-06,565732,7.0,427248,1.0
2019,2019-06-06,566600,2889.0,483564,1.0
2019,2019-06-06,567583,32.0,489985,1.0
2019,2019-06-06,565155,17.0,427168,1.0
2019,2019-06-06,566406,680.0,427103,1.0
2019,2019-06-06,566894,14.0,547380,1.0
2019,2019-06-06,565347,5.0,577468,1.0
2019,2019-06-06,566795,13.0,427269,1.0
2019,2019-06-06,564765,1.0,427095,1.0
2019,2019-06-06,566309,2680.0,511890,1.0
2019,2019-06-07,565156,17.0,427053,1.0
2019,2019-06-07,567090,2681.0,427220,1.0
2019,2019-06-07,566895,14.0,483561,1.0
2019,2019-06-07,566018,3289.0,503490,1.0
2019,2019-06-07,565054,3.0,427362,1.0
2019,2019-06-07,565541,2394.0,428442,1.0
2019,2019-06-07,567388,4169.0,427108,1.0
2019,2019-06-07,565348,5.0,482663,1.0
2019,2019-06-07,566796,13.0,573596,1.0
2019,2019-06-07,565636,2392.0,483630,1.0
2019,2019-06-07,567584,32.0,427235,1.0
2019,2019-06-07,565733,7.0,431232,1.0
2019,2019-06-07,564766,1.0,427339,1.0
2019,2019-06-07,566310,2680.0,427058,1.0
2019,2019-06-07,566499,2395.0,427081,1.0
2019,2019-06-08,565055,3.0,484183,1.0
2019,2019-06-08,566797,13.0,596805,1.0
2019,2019-06-08,565734,7.0,427129,1.0
2019,2019-06-08,566896,14.0,427197,1.0
2019,2019-06-08,567091,2681.0,483569,1.0
2019,2019-06-08,565637,2392.0,594151,1.0
2019,2019-06-08,565542,2394.0,489985,1.0
2019,2019-06-08,567389,4169.0,503502,1.0
2019,2019-06-08,565349,5.0,503493,1.0
2019,2019-06-08,567585,32.0,427554,1.0
2019,2019-06-08,566019,3289.0,427552,1.0
2019,2019-06-08,566500,2395.0,427164,1.0
2019,2019-06-08,565157,17.0,484499,1.0
2019,2019-06-08,564767,1.0,427292,1.0
2019,2019-06-08,566311,2680.0,427243,1.0
2019,2019-06-09,565056,3.0,577468,1.0
2019,2019-06-09,567092,2681.0,490319,1.0
2019,2019-06-09,566897,14.0,427156,1.0
2019,2019-06-09,566020,3289.0,427509,1.0
2019,2019-06-09,565543,2394.0,427366,1.0
2019,2019-06-09,567390,4169.0,427224,1.0
2019,2019-06-09,565350,5.0,427520,1.0
2019,2019-06-09,565638,2392.0,427013,1.0
2019,2019-06-09,567586,32.0,483919,1.0
2019,2019-06-09,565735,7.0,427144,1.0
2019,2019-06-09,566798,13.0,427103,1.0
2019,2019-06-09,566501,2395.0,504381,1.0
2019,2019-06-09,564768,1.0,605672,1.0
2019,2019-06-09,566312,2680.0,482641,1.0
2019,2019-06-09,565158,17.0,503586,1.0
2019,2019-06-10,567093,2681.0,547380,1.0
2019,2019-06-10,566695,12.0,483564,1.0
2019,2019-06-10,565057,3.0,427537,1.0
2019,2019-06-10,567391,4169.0,427235,1.0
2019,2019-06-10,567193,4705.0,427192,1.0
2019,2019-06-10,567295,4.0,427269,1.0
2019,2019-06-10,565445,19.0,511890,1.0
2019,2019-06-10,564769,1.0,427093,1.0
2019,2019-06-11,567491,3313.0,427361,1.0
2019,2019-06-11,567492,3313.0,482666,1.0
2019,2019-06-11,564962,2.0,427424,1.0
2019,2019-06-11,567094,2681.0,427108,1.0
2019,2019-06-11,565351,5.0,427534,1.0
2019,2019-06-11,566696,12.0,482663,1.0
2019,2019-06-11,565058,3.0,427220,1.0
2019,2019-06-11,567392,4169.0,503490,1.0
2019,2019-06-11,567199,4705.0,427053,1.0
2019,2019-06-11,566990,3312.0,482631,1.0
2019,2019-06-11,567296,4.0,489985,1.0
2019,2019-06-11,565639,2392.0,427139,1.0
2019,2019-06-11,565736,7.0,427538,1.0
2019,2019-06-11,565446,19.0,427058,1.0
2019,2019-06-11,566502,2395.0,573597,1.0
2019,2019-06-11,564770,1.0,544728,1.0
2019,2019-06-12,566697,12.0,503493,1.0
2019,2019-06-12,565352,5.0,483561,1.0
2019,2019-06-12,565447,19.0,577468,1.0
2019,2019-06-12,565059,3.0,483569,1.0
2019,2019-06-12,564963,2.0,521889,1.0
2019,2019-06-12,567095,2681.0,503502,1.0
2019,2019-06-12,567393,4169.0,427554,1.0
2019,2019-06-12,567200,4705.0,596740,1.0
2019,2019-06-12,566991,3312.0,431232,1.0
2019,2019-06-12,565640,2392.0,596809,1.0
2019,2019-06-12,565737,7.0,427081,1.0
2019,2019-06-12,566503,2395.0,427168,1.0
2019,2019-06-13,567201,4705.0,503586,1.0
2019,2019-06-13,566992,3312.0,427129,1.0
2019,2019-06-13,565925,3309.0,427315,1.0
2019,2019-06-13,564964,2.0,427533,1.0
2019,2019-06-13,566021,3289.0,483919,1.0
2019,2019-06-13,566698,12.0,482620,1.0
2019,2019-06-13,565060,3.0,490319,1.0
2019,2019-06-13,565738,5365.0,484198,1.0
2019,2019-06-13,567297,4.0,503077,1.0
2019,2019-06-13,565448,19.0,427197,1.0
2019,2019-06-13,565831,22.0,427090,1.0
2019,2019-06-14,564965,2.0,427053,1.0
2019,2019-06-14,565926,3309.0,483564,1.0
2019,2019-06-14,565544,2394.0,427248,1.0
2019,2019-06-14,566022,3289.0,427269,1.0
2019,2019-06-14,566699,12.0,428442,1.0
2019,2019-06-14,565250,2602.0,427339,1.0
2019,2019-06-14,567394,4169.0,482641,1.0
2019,2019-06-14,567202,4705.0,605672,1.0
2019,2019-06-14,565641,2392.0,427538,1.0
2019,2019-06-14,566993,3312.0,427537,1.0
2019,2019-06-14,567298,4.0,429805,1.0
2019,2019-06-14,565449,19.0,427156,1.0
2019,2019-06-14,566117,10.0,427224,1.0
2019,2019-06-14,565832,22.0,427044,1.0
2019,2019-06-14,566504,2395.0,427144,1.0
2019,2019-06-15,566700,12.0,427139,1.0
2019,2019-06-15,564966,2.0,596740,1.0
2019,2019-06-15,565927,3309.0,482663,1.0
2019,2019-06-15,566505,2395.0,482631,1.0
2019,2019-06-15,565642,2392.0,427081,1.0
2019,2019-06-15,565545,2394.0,484499,1.0
2019,2019-06-15,567395,4169.0,511890,1.0
2019,2019-06-15,566023,3289.0,427366,1.0
2019,2019-06-15,565251,2602.0,427292,1.0
2019,2019-06-15,566994,3312.0,427220,1.0
2019,2019-06-15,567299,4.0,427093,1.0
2019,2019-06-15,567203,4705.0,427424,1.0
2019,2019-06-15,565450,19.0,427534,1.0
2019,2019-06-15,566118,10.0,547380,1.0
2019,2019-06-15,565833,22.0,503490,1.0
2019,2019-06-16,564967,2.0,503586,1.0
2019,2019-06-16,565546,2394.0,427235,1.0
2019,2019-06-16,566024,3289.0,594151,1.0
2019,2019-06-16,566701,12.0,596809,1.0
2019,2019-06-16,565252,2602.0,573597,1.0
2019,2019-06-16,567396,4169.0,427058,1.0
2019,2019-06-16,567204,4705.0,521889,1.0
2019,2019-06-16,565928,3309.0,503493,1.0
2019,2019-06-16,565643,2392.0,524988,1.0
2019,2019-06-16,566995,3312.0,483569,1.0
2019,2019-06-16,567300,4.0,544728,1.0
2019,2019-06-16,565451,19.0,483561,1.0
2019,2019-06-16,566506,2395.0,431232,1.0
2019,2019-06-16,566119,10.0,427108,1.0
2019,2019-06-16,565834,22.0,482666,1.0
2019,2019-06-17,567493,3313.0,427168,1.0
2019,2019-06-17,566898,14.0,427128,1.0
2019,2019-06-17,565253,2602.0,577468,1.0
2019,2019-06-17,567205,4705.0,427248,1.0
2019,2019-06-17,566799,13.0,482620,1.0
2019,2019-06-17,566996,3312.0,427533,1.0
2019,2019-06-17,566601,2889.0,503077,1.0
2019,2019-06-17,566120,10.0,596805,1.0
2019,2019-06-17,566407,680.0,427197,1.0
2019,2019-06-17,565835,22.0,503502,1.0
2019,2019-06-17,566313,2680.0,427090,1.0
2019,2019-06-19,565929,3309.0,427361,1.0
2019,2019-06-18,566211,31.0,427315,1.0
2019,2019-06-18,567494,3313.0,427339,1.0
2019,2019-06-18,566899,14.0,483912,1.0
2019,2019-06-18,565254,2602.0,482641,1.0
2019,2019-06-18,567206,4705.0,484499,1.0
2019,2019-06-18,566800,13.0,484198,1.0
2019,2019-06-18,565159,17.0,427362,1.0
2019,2019-06-18,566997,3312.0,605672,1.0
2019,2019-06-18,566602,2889.0,429805,1.0
2019,2019-06-18,564863,15.0,427019,1.0
2019,2019-06-18,566121,10.0,427144,1.0
2019,2019-06-18,566408,680.0,427156,1.0
2019,2019-06-18,565836,22.0,427224,1.0
2019,2019-06-18,566314,2680.0,427044,1.0
2019,2019-09-24,565930,3309.0,484198,1.0
2019,2019-06-19,565255,2602.0,511890,1.0
2019,2019-06-19,565931,3309.0,594151,1.0
2019,2019-06-19,567495,3313.0,524988,1.0
2019,2019-06-19,566122,10.0,482631,1.0
2019,2019-06-19,566315,2680.0,503490,1.0
2019,2019-06-19,566409,680.0,427534,1.0
2019,2019-06-19,566212,31.0,483564,1.0
2019,2019-06-19,566900,14.0,427552,1.0
2019,2019-06-19,567207,4705.0,503493,1.0
2019,2019-06-19,566801,13.0,427344,1.0
2019,2019-06-19,565160,17.0,484183,1.0
2019,2019-06-19,566998,3312.0,427424,1.0
2019,2019-06-19,566603,2889.0,427093,1.0
2019,2019-06-19,564864,15.0,427220,1.0
2019,2019-06-19,565837,22.0,547380,1.0
2019,2019-06-20,566802,13.0,427139,1.0
2019,2019-06-20,564865,15.0,483630,1.0
2019,2019-06-20,565932,3309.0,427095,1.0
2019,2019-06-20,567496,3313.0,427235,1.0
2019,2019-06-20,566901,14.0,427509,1.0
2019,2019-06-20,566604,2889.0,427206,1.0
2019,2019-06-20,565161,17.0,482663,1.0
2019,2019-06-20,567587,32.0,427113,1.0
2019,2019-06-20,565739,7.0,573597,1.0
2019,2019-06-20,566123,10.0,521889,1.0
2019,2019-06-20,566410,680.0,482666,1.0
2019,2019-06-20,565838,22.0,427108,1.0
2019,2019-06-21,565162,17.0,427520,1.0
2019,2019-06-21,566213,31.0,427128,1.0
2019,2019-06-21,565933,3309.0,482620,1.0
2019,2019-06-21,567096,2681.0,483561,1.0
2019,2019-06-21,567497,3313.0,427248,1.0
2019,2019-06-21,565353,5.0,427243,1.0
2019,2019-06-21,565061,3.0,503077,1.0
2019,2019-06-21,566803,13.0,503502,1.0
2019,2019-06-21,567588,32.0,596740,1.0
2019,2019-06-21,566605,2889.0,427013,1.0
2019,2019-06-21,565740,7.0,427168,1.0
2019,2019-06-21,564866,15.0,573596,1.0
2019,2019-06-21,566124,10.0,427533,1.0
2019,2019-06-21,565839,22.0,431232,1.0
2019,2019-06-21,566411,680.0,427090,1.0
2019,2019-06-22,566606,2889.0,427019,1.0
2019,2019-06-22,565741,7.0,427339,1.0
2019,2019-06-22,565163,17.0,427315,1.0
2019,2019-06-22,566214,31.0,483912,1.0
2019,2019-06-22,565062,3.0,429805,1.0
2019,2019-06-22,567097,2681.0,427197,1.0
2019,2019-06-22,566125,10.0,605672,1.0
2019,2019-06-22,565354,5.0,577468,1.0
2019,2019-06-22,566412,680.0,427044,1.0
2019,2019-06-22,567589,32.0,427362,1.0
2019,2019-06-22,565840,22.0,596805,1.0
2019,2019-06-22,565934,3309.0,484198,1.0
2019,2019-06-22,567498,3313.0,484499,1.0
2019,2019-06-22,566804,13.0,427224,1.0
2019,2019-06-22,564867,15.0,427361,1.0
2019,2019-06-23,565063,3.0,427093,1.0
2019,2019-06-23,567098,2681.0,427156,1.0
2019,2019-06-23,565355,5.0,482641,1.0
2019,2019-06-23,566215,31.0,427552,1.0
2019,2019-06-23,565935,3309.0,427344,1.0
2019,2019-06-23,567499,3313.0,503493,1.0
2019,2019-06-23,567590,32.0,484183,1.0
2019,2019-06-23,565742,7.0,524988,1.0
2019,2019-06-23,565164,17.0,483564,1.0
2019,2019-06-23,566805,13.0,547380,1.0
2019,2019-06-23,566126,10.0,427424,1.0
2019,2019-06-23,565841,22.0,427144,1.0
2019,2019-06-23,566413,680.0,503490,1.0
2019,2019-06-23,564868,15.0,594151,1.0
2019,2019-06-23,566607,2889.0,427220,1.0
2019,2019-06-24,567099,2681.0,504381,1.0
2019,2019-06-24,567500,3313.0,427113,1.0
2019,2019-06-24,565356,5.0,427509,1.0
2019,2019-06-24,565064,3.0,427534,1.0
2019,2019-06-24,565165,17.0,483630,1.0
2019,2019-06-24,564869,15.0,521889,1.0
2019,2019-06-24,566507,2395.0,483569,1.0
2019,2019-06-25,564968,2.0,427108,1.0
2019,2019-06-25,567100,2681.0,427538,1.0
2019,2019-06-25,567501,3313.0,427197,1.0
2019,2019-06-25,565357,5.0,427128,1.0
2019,2019-06-25,565547,2394.0,428442,1.0
2019,2019-06-25,565065,3.0,483561,1.0
2019,2019-06-25,567397,4169.0,482631,1.0
2019,2019-06-25,565166,17.0,427013,1.0
2019,2019-06-25,565644,2392.0,483919,1.0
2019,2019-06-25,566999,3312.0,427206,1.0
2019,2019-06-25,567591,32.0,427235,1.0
2019,2019-06-25,566608,2889.0,573597,1.0
2019,2019-06-25,564870,15.0,427533,1.0
2019,2019-06-25,566508,2395.0,596740,1.0
2019,2019-06-25,564771,1.0,427095,1.0
2019,2019-06-26,565066,3.0,577468,1.0
2019,2019-06-26,567502,3313.0,484183,1.0
2019,2019-06-26,565358,5.0,483912,1.0
2019,2019-06-26,564969,2.0,427220,1.0
2019,2019-06-26,564871,15.0,484198,1.0
2019,2019-06-26,566509,2395.0,490319,1.0
2019,2019-06-26,567101,2681.0,427081,1.0
2019,2019-06-26,565548,2394.0,427053,1.0
2019,2019-06-26,567398,4169.0,427129,1.0
2019,2019-06-26,566609,2889.0,427292,1.0
2019,2019-06-26,565167,17.0,427019,1.0
2019,2019-06-26,564772,1.0,573596,1.0
2019,2019-06-26,565645,2392.0,639723,1.0
2019,2019-06-26,567000,3312.0,427362,1.0
2019,2019-06-26,567592,32.0,427554,1.0
2019,2019-06-27,567102,2681.0,503502,1.0
2019,2019-06-27,565549,2394.0,503586,1.0
2019,2019-06-27,567001,3312.0,503077,1.0
2019,2019-06-27,565646,2392.0,427269,1.0
2019,2019-06-27,567593,32.0,489985,1.0
2019,2019-06-27,565168,17.0,544728,1.0
2019,2019-06-27,567399,4169.0,596805,1.0
2019,2019-06-27,565452,19.0,427413,1.0
2019,2019-06-27,566512,2395.0,427248,1.0
2019,2019-06-27,564773,1.0,427093,1.0
2019,2019-06-28,564970,2.0,427164,1.0
2019,2019-06-28,566902,14.0,503490,1.0
2019,2019-06-28,565256,2602.0,521889,1.0
2019,2019-06-28,565550,2394.0,427366,1.0
2019,2019-06-28,566702,12.0,427144,1.0
2019,2019-06-28,566025,3289.0,427156,1.0
2019,2019-06-28,567400,4169.0,483630,1.0
2019,2019-06-28,565647,2392.0,427339,1.0
2019,2019-06-28,567301,4.0,484499,1.0
2019,2019-06-28,567594,32.0,429805,1.0
2019,2019-06-28,565453,19.0,427113,1.0
2019,2019-06-28,564774,1.0,596740,1.0
2019,2019-06-28,566316,2680.0,427103,1.0
2019,2019-06-28,566510,2395.0,605672,1.0
2019,2019-06-29,565067,5381.0,427224,1.0
2019,2019-06-29,564971,2.0,504381,1.0
2019,2019-06-29,566903,14.0,428442,1.0
2019,2019-06-29,565257,2602.0,427533,1.0
2019,2019-06-29,565551,2394.0,483919,1.0
2019,2019-06-29,566703,12.0,482631,1.0
2019,2019-06-29,566026,3289.0,427534,1.0
2019,2019-06-29,567401,4169.0,427013,1.0
2019,2019-06-29,567302,4.0,427235,1.0
2019,2019-06-29,565454,19.0,427197,1.0
2019,2019-06-29,565648,2392.0,524988,1.0
2019,2019-06-29,567595,32.0,427206,1.0
2019,2019-06-29,566511,2395.0,427128,1.0
2019,2019-06-29,564775,1.0,427362,1.0
2019,2019-06-29,566317,2680.0,483569,1.0
2019,2019-06-30,565068,5381.0,547380,1.0
2019,2019-06-30,564972,2.0,427538,1.0
2019,2019-06-30,566904,14.0,427053,1.0
2019,2019-06-30,565258,2602.0,484198,1.0
2019,2019-06-30,565552,2394.0,639723,1.0
2019,2019-06-30,566704,12.0,427129,1.0
2019,2019-06-30,567402,4169.0,427019,1.0
2019,2019-06-30,565649,2392.0,573597,1.0
2019,2019-06-30,567303,4.0,427554,1.0
2019,2019-06-30,567596,32.0,503493,1.0
2019,2019-06-30,565455,19.0,484183,1.0
2019,2019-06-30,566513,2395.0,483912,1.0
2019,2019-06-30,564776,1.0,490319,1.0
2019,2019-06-30,566318,2680.0,427095,1.0
2019,2019-06-30,566027,3289.0,483561,1.0
2019,2019-07-01,566905,14.0,503586,1.0
2019,2019-07-01,566216,31.0,427081,1.0
2019,2019-07-01,566705,12.0,544728,1.0
2019,2019-07-01,565259,2602.0,596805,1.0
2019,2019-07-01,566319,2680.0,503502,1.0
2019,2019-08-20,566806,13.0,429805,1.0
2019,2019-07-02,566217,31.0,427164,1.0
2019,2019-07-02,565936,3309.0,503490,1.0
2019,2019-07-02,566906,14.0,482663,1.0
2019,2019-07-02,566706,12.0,483630,1.0
2019,2019-07-02,566028,3289.0,427058,1.0
2019,2019-07-02,565260,2602.0,431232,1.0
2019,2019-07-02,567208,4705.0,482666,1.0
2019,2019-07-02,566807,13.0,427292,1.0
2019,2019-07-02,565456,19.0,503077,1.0
2019,2019-07-02,565743,7.0,573596,1.0
2019,2019-07-02,566127,10.0,427156,1.0
2019,2019-07-02,565842,22.0,427537,1.0
2019,2019-07-02,566320,2680.0,427413,1.0
2019,2019-07-02,566414,680.0,427509,1.0
2019,2019-09-27,567304,4.0,0,0.0
2019,2019-07-03,567305,4.0,427139,1.0
2019,2019-07-03,565937,3309.0,427197,1.0
2019,2019-07-03,566218,31.0,504381,1.0
2019,2019-07-03,566907,14.0,427520,1.0
2019,2019-07-03,566707,12.0,427013,1.0
2019,2019-07-03,566029,3289.0,427243,1.0
2019,2019-07-03,565261,2602.0,482631,1.0
2019,2019-07-03,567209,4705.0,427090,1.0
2019,2019-07-03,566808,13.0,427168,1.0
2019,2019-07-03,565457,19.0,429805,1.0
2019,2019-07-03,565744,7.0,427103,1.0
2019,2019-07-03,566128,10.0,577468,1.0
2019,2019-07-03,566321,2680.0,427362,1.0
2019,2019-07-03,565843,22.0,483569,1.0
2019,2019-07-03,566415,680.0,605672,1.0
2019,2019-07-04,565938,3309.0,427053,1.0
2019,2019-07-04,565745,7.0,427286,1.0
2019,2019-07-04,567306,4.0,596740,1.0
2019,2019-07-04,565262,2602.0,427129,1.0
2019,2019-07-04,566219,31.0,427538,1.0
2019,2019-07-04,566129,10.0,483561,1.0
2019,2019-07-04,566416,680.0,427128,1.0
2019,2019-07-04,566708,12.0,427019,1.0
2019,2019-07-04,566908,14.0,489985,1.0
2019,2019-07-04,567210,4705.0,427361,1.0
2019,2019-07-04,566809,13.0,524988,1.0
2019,2019-07-04,565844,22.0,427206,1.0
2019,2019-07-05,565939,3309.0,544728,1.0
2019,2019-07-05,566220,31.0,482620,1.0
2019,2019-07-05,566909,14.0,482641,1.0
2019,2019-07-05,565553,2394.0,427081,1.0
2019,2019-07-05,566030,3289.0,427192,1.0
2019,2019-07-05,566709,12.0,427537,1.0
2019,2019-07-05,567211,4705.0,573597,1.0
2019,2019-07-05,565650,2392.0,596805,1.0
2019,2019-07-05,567002,3312.0,639723,1.0
2019,2019-07-05,564872,15.0,427044,1.0
2019,2019-07-05,565845,22.0,503493,1.0
2019,2019-07-05,566417,680.0,484183,1.0
2019,2019-07-05,566514,2395.0,427315,1.0
2019,2019-07-06,567003,3312.0,573596,1.0
2019,2019-07-06,566910,14.0,511890,1.0
2019,2019-07-06,565940,3309.0,483630,1.0
2019,2019-07-06,566221,31.0,490319,1.0
2019,2019-07-06,565263,2602.0,483564,1.0
2019,2019-07-06,565554,2394.0,427164,1.0
2019,2019-07-06,567212,4705.0,427292,1.0
2019,2019-07-06,566710,12.0,427362,1.0
2019,2019-07-06,565651,2392.0,431232,1.0
2019,2019-07-06,566031,3289.0,503586,1.0
2019,2019-07-06,567307,4.0,483912,1.0
2019,2019-07-06,566515,2395.0,427156,1.0
2019,2019-07-06,564873,15.0,427344,1.0
2019,2019-07-06,565846,22.0,503077,1.0
2019,2019-07-06,566418,680.0,427095,1.0
2019,2019-07-07,566911,14.0,427058,1.0
2019,2019-07-07,565264,2602.0,482663,1.0
2019,2019-07-07,565555,2394.0,504381,1.0
2019,2019-07-07,566032,3289.0,427197,1.0
2019,2019-07-07,566711,12.0,483569,1.0
2019,2019-07-07,567213,4705.0,427168,1.0
2019,2019-07-07,565941,3309.0,427013,1.0
2019,2019-07-07,566222,31.0,482666,1.0
2019,2019-07-07,565652,2392.0,482631,1.0
2019,2019-07-07,567004,3312.0,427103,1.0
2019,2019-07-07,567308,4.0,427509,1.0
2019,2019-07-07,566516,2395.0,577468,1.0
2019,2019-07-07,564874,15.0,427139,1.0
2019,2019-07-07,565847,22.0,429805,1.0
2019,2019-07-07,566419,680.0,503502,1.0
2019,2019-07-11,566810,13.0,427552,1.0
2019,2019-07-12,565169,17.0,427019,1.0
2019,2019-07-12,567103,2681.0,427248,1.0
2019,2019-07-12,564973,2.0,427235,1.0
2019,2019-07-12,567503,3313.0,427538,1.0
2019,2019-07-12,565069,3.0,427093,1.0
2019,2019-07-12,565359,5.0,427339,1.0
2019,2019-07-12,567403,4169.0,482620,1.0
2019,2019-07-12,566811,13.0,427128,1.0
2019,2019-07-12,567597,32.0,427192,1.0
2019,2019-07-12,565746,7.0,427243,1.0
2019,2019-07-12,566610,2889.0,427206,1.0
2019,2019-07-12,565458,19.0,427081,1.0
2019,2019-07-12,564777,1.0,427361,1.0
2019,2019-07-12,566130,10.0,427520,1.0
2019,2019-07-12,566322,2680.0,427108,1.0
2019,2019-07-13,564974,2.0,427554,1.0
2019,2019-07-13,567504,3313.0,427164,1.0
2019,2019-07-13,565170,17.0,544728,1.0
2019,2019-07-13,566131,10.0,427315,1.0
2019,2019-07-13,567404,4169.0,596740,1.0
2019,2019-07-13,565360,5.0,573597,1.0
2019,2019-07-13,565747,7.0,482641,1.0
2019,2019-07-13,565070,3.0,639723,1.0
2019,2019-07-13,566611,2889.0,596805,1.0
2019,2019-07-13,567104,2681.0,483561,1.0
2019,2019-07-13,567598,32.0,521251,1.0
2019,2019-07-13,566812,13.0,483912,1.0
2019,2019-07-13,565459,19.0,428442,1.0
2019,2019-07-13,566323,2680.0,503490,1.0
2019,2019-07-13,564778,1.0,427044,1.0
2019,2019-07-14,564975,2.0,503493,1.0
2019,2019-07-14,567105,2681.0,427197,1.0
2019,2019-07-14,567505,3313.0,503502,1.0
2019,2019-07-14,565361,5.0,427292,1.0
2019,2019-07-14,567405,4169.0,427344,1.0
2019,2019-07-14,567599,32.0,427053,1.0
2019,2019-07-14,565748,7.0,511890,1.0
2019,2019-07-14,566612,2889.0,503077,1.0
2019,2019-07-14,565171,17.0,483630,1.0
2019,2019-07-14,566813,13.0,427509,1.0
2019,2019-07-14,565460,19.0,605672,1.0
2019,2019-07-14,564779,1.0,594151,1.0
2019,2019-07-14,566132,10.0,489985,1.0
2019,2019-07-14,566324,2680.0,547380,1.0
2019,2019-07-14,565071,3.0,573596,1.0
2019,2019-07-15,565461,19.0,483564,1.0
2019,2019-07-15,567106,2681.0,427139,1.0
2019,2019-07-15,567506,3313.0,427103,1.0
2019,2019-07-15,565362,5.0,427113,1.0
2019,2019-07-15,565072,3.0,577468,1.0
2019,2019-07-15,565172,17.0,427235,1.0
2019,2019-07-15,567600,32.0,490319,1.0
2019,2019-07-15,566613,2889.0,427058,1.0
2019,2019-07-15,565749,7.0,429805,1.0
2019,2019-07-15,564780,1.0,427424,1.0
2019,2019-07-16,564976,2.0,431232,1.0
2019,2019-07-16,567107,2681.0,482620,1.0
2019,2019-07-16,567507,3313.0,427093,1.0
2019,2019-07-16,565363,5.0,427413,1.0
2019,2019-07-16,565073,3.0,427248,1.0
2019,2019-07-16,567406,4169.0,427090,1.0
2019,2019-07-16,565173,17.0,484499,1.0
2019,2019-07-16,566814,13.0,427220,1.0
2019,2019-07-16,567005,3312.0,427552,1.0
2019,2019-07-16,567601,32.0,427243,1.0
2019,2019-07-16,566614,2889.0,427129,1.0
2019,2019-07-16,565750,7.0,427206,1.0
2019,2019-07-16,565462,19.0,489985,1.0
2019,2019-07-16,564781,1.0,521889,1.0
2019,2019-07-16,566133,10.0,427366,1.0
2019,2019-07-17,567006,3312.0,427128,1.0
2019,2019-07-17,566615,2889.0,482641,1.0
2019,2019-07-17,567602,32.0,544728,1.0
2019,2019-07-17,565174,17.0,427554,1.0
2019,2019-07-17,565463,19.0,427520,1.0
2019,2019-07-17,566134,10.0,483919,1.0
2019,2019-07-17,564977,2.0,482631,1.0
2019,2019-07-17,567108,2681.0,596740,1.0
2019,2019-07-17,565364,5.0,521251,1.0
2019,2019-07-17,565074,3.0,483561,1.0
2019,2019-07-17,567407,4169.0,482666,1.0
2019,2019-07-17,566815,13.0,427224,1.0
2019,2019-07-17,565751,7.0,596805,1.0
2019,2019-07-17,564782,1.0,427533,1.0
2019,2019-07-18,567508,3313.0,573596,1.0
2019,2019-07-18,567408,4169.0,427361,1.0
2019,2019-07-18,567109,2681.0,427344,1.0
2019,2019-07-18,565075,3.0,427197,1.0
2019,2019-07-18,565752,7.0,503077,1.0
2019,2019-07-18,567509,3313.0,639723,1.0
2019,2019-07-18,565365,5.0,484183,1.0
2019,2019-07-18,565265,2602.0,503490,1.0
2019,2019-07-18,567214,4705.0,483912,1.0
2019,2019-07-18,567007,3312.0,511890,1.0
2019,2019-07-18,564783,1.0,484198,1.0
2019,2019-07-18,564875,15.0,503493,1.0
2019,2019-07-18,566517,2395.0,605672,1.0
2019,2019-07-19,565175,17.0,483564,1.0
2019,2019-07-19,564978,2.0,429805,1.0
2019,2019-07-19,566223,31.0,427113,1.0
2019,2019-07-19,567510,3313.0,427139,1.0
2019,2019-07-19,565366,5.0,427315,1.0
2019,2019-07-19,565266,2602.0,547380,1.0
2019,2019-07-19,565556,2394.0,427103,1.0
2019,2019-07-19,566712,12.0,427044,1.0
2019,2019-07-19,567215,4705.0,427509,1.0
2019,2019-07-19,565653,2392.0,427248,1.0
2019,2019-07-19,567008,3312.0,427058,1.0
2019,2019-07-19,564876,15.0,427235,1.0
2019,2019-07-19,566420,680.0,483569,1.0
2019,2019-07-19,565848,22.0,427424,1.0
2019,2019-07-19,566518,2395.0,428442,1.0
2019,2019-07-20,567511,3313.0,482620,1.0
2019,2019-07-20,565176,17.0,482663,1.0
2019,2019-07-20,566519,2395.0,427366,1.0
2019,2019-07-20,565557,2394.0,427093,1.0
2019,2019-07-20,566713,12.0,427090,1.0
2019,2019-07-20,564979,2.0,427206,1.0
2019,2019-07-20,566224,31.0,427413,1.0
2019,2019-07-20,565367,5.0,503502,1.0
2019,2019-07-20,565267,2602.0,427220,1.0
2019,2019-07-20,565654,2392.0,483561,1.0
2019,2019-07-20,567009,3312.0,482641,1.0
2019,2019-07-20,567216,4705.0,427552,1.0
2019,2019-07-20,564877,15.0,484499,1.0
2019,2019-07-20,566421,680.0,490319,1.0
2019,2019-07-20,565849,22.0,521889,1.0
2019,2019-07-21,564980,2.0,596805,1.0
2019,2019-07-21,567512,3313.0,596740,1.0
2019,2019-07-21,565368,5.0,431232,1.0
2019,2019-07-21,565268,2602.0,427224,1.0
2019,2019-07-21,565558,2394.0,639723,1.0
2019,2019-07-21,566714,12.0,482666,1.0
2019,2019-07-21,566225,31.0,521251,1.0
2019,2019-07-21,565655,2392.0,427197,1.0
2019,2019-07-21,567010,3312.0,596809,1.0
2019,2019-07-21,565177,17.0,489985,1.0
2019,2019-07-21,566520,2395.0,483919,1.0
2019,2019-07-21,566422,680.0,427243,1.0
2019,2019-07-21,565850,22.0,427533,1.0
2019,2019-07-21,564878,15.0,427554,1.0
2019,2019-07-21,567217,4705.0,427128,1.0
2019,2019-07-22,566226,31.0,482631,1.0
2019,2019-07-22,566912,14.0,427361,1.0
2019,2019-07-22,566715,12.0,503490,1.0
2019,2019-07-22,565656,2392.0,427013,1.0
2019,2019-07-22,567309,4.0,427168,1.0
2019,2019-07-22,567011,3312.0,427520,1.0
2019,2019-07-22,567603,32.0,573596,1.0
2019,2019-07-22,564879,15.0,484198,1.0
2019,2019-07-22,566521,2395.0,427537,1.0
2019,2019-07-22,566423,680.0,504381,1.0
2019,2019-07-24,565942,3309.0,427292,1.0
2019,2019-07-23,565943,3309.0,427339,1.0
2019,2019-07-23,566227,31.0,427129,1.0
2019,2019-07-23,566913,14.0,521051,1.0
2019,2019-07-23,566033,3289.0,503586,1.0
2019,2019-07-23,566716,12.0,547380,1.0
2019,2019-07-23,565559,2394.0,605672,1.0
2019,2019-07-23,567218,4705.0,484183,1.0
2019,2019-07-23,565657,2392.0,427095,1.0
2019,2019-07-23,567310,4.0,427058,1.0
2019,2019-07-23,567012,3312.0,594151,1.0
2019,2019-07-23,567604,32.0,427184,1.0
2019,2019-07-23,564880,15.0,427424,1.0
2019,2019-07-23,566522,2395.0,483569,1.0
2019,2019-07-23,565851,22.0,503493,1.0
2019,2019-07-23,566424,680.0,427538,1.0
2019,2019-07-24,566717,12.0,427220,1.0
2019,2019-07-24,565944,3309.0,596805,1.0
2019,2019-07-24,565560,2394.0,428442,1.0
2019,2019-07-24,565658,2392.0,483630,1.0
2019,2019-07-24,567605,32.0,427103,1.0
2019,2019-07-24,564881,15.0,544728,1.0
2019,2019-07-24,566425,680.0,427164,1.0
2019,2019-07-24,566523,2395.0,490319,1.0
2019,2019-07-24,566228,31.0,427315,1.0
2019,2019-07-24,566914,14.0,427090,1.0
2019,2019-07-24,566034,3289.0,503502,1.0
2019,2019-07-24,567219,4705.0,427362,1.0
2019,2019-07-24,567311,4.0,596809,1.0
2019,2019-07-24,567013,3312.0,482663,1.0
2019,2019-07-24,565852,22.0,427248,1.0
2019,2019-07-25,566035,3289.0,427192,1.0
2019,2019-07-25,566229,31.0,431232,1.0
2019,2019-07-25,565945,3309.0,573597,1.0
2019,2019-07-25,565076,3.0,482666,1.0
2019,2019-07-25,567312,4.0,427224,1.0
2019,2019-07-25,565753,7.0,427081,1.0
2019,2019-07-25,564784,1.0,427413,1.0
2019,2019-07-25,566135,10.0,427235,1.0
2019,2019-07-25,566426,680.0,427019,1.0
2019,2019-07-26,565269,2602.0,427533,1.0
2019,2019-07-26,565946,3309.0,427366,1.0
2019,2019-07-26,567110,2681.0,427053,1.0
2019,2019-07-26,566915,14.0,427339,1.0
2019,2019-07-26,566036,3289.0,427243,1.0
2019,2019-07-26,567409,4169.0,482631,1.0
2019,2019-07-26,565077,3.0,427361,1.0
2019,2019-07-26,567313,4.0,503490,1.0
2019,2019-07-26,567606,32.0,482641,1.0
2019,2019-07-26,565754,7.0,427520,1.0
2019,2019-07-26,566616,2889.0,639723,1.0
2019,2019-07-26,564785,1.0,427113,1.0
2019,2019-07-26,566136,10.0,484499,1.0
2019,2019-07-26,566427,680.0,427013,1.0
2019,2019-07-26,566325,2680.0,596740,1.0
2019,2019-07-27,566916,14.0,483569,1.0
2019,2019-07-27,565947,3309.0,483564,1.0
2019,2019-07-27,565078,3.0,521051,1.0
2019,2019-07-27,566428,680.0,427095,1.0
2019,2019-07-27,567410,4169.0,427129,1.0
2019,2019-07-27,567111,2681.0,503586,1.0
2019,2019-07-27,565270,2602.0,484198,1.0
2019,2019-07-27,566037,3289.0,427537,1.0
2019,2019-07-27,567314,4.0,547380,1.0
2019,2019-07-27,567607,32.0,427168,1.0
2019,2019-07-27,565755,7.0,594151,1.0
2019,2019-07-27,566617,2889.0,573596,1.0
2019,2019-07-27,566326,2680.0,504381,1.0
2019,2019-07-27,564786,1.0,484183,1.0
2019,2019-07-27,566137,10.0,503493,1.0
2019,2019-07-28,567112,2681.0,503502,1.0
2019,2019-07-28,566917,14.0,596805,1.0
2019,2019-07-28,565271,2602.0,427344,1.0
2019,2019-07-28,566038,3289.0,429805,1.0
2019,2019-07-28,567411,4169.0,427315,1.0
2019,2019-07-28,565948,3309.0,605672,1.0
2019,2019-07-28,567315,4.0,427220,1.0
2019,2019-07-28,567608,32.0,427058,1.0
2019,2019-07-28,565756,7.0,482663,1.0
2019,2019-07-28,566618,2889.0,427184,1.0
2019,2019-07-28,564787,1.0,427362,1.0
2019,2019-07-28,566138,10.0,427248,1.0
2019,2019-07-28,566429,680.0,483630,1.0
2019,2019-07-28,566327,2680.0,427538,1.0
2019,2019-07-28,565079,3.0,427090,1.0
2019,2019-07-29,565949,3309.0,503077,1.0
2019,2019-07-29,565272,2602.0,427081,1.0
2019,2019-07-29,567412,4169.0,431232,1.0
2019,2019-07-29,565757,7.0,427139,1.0
2019,2019-07-29,565464,19.0,427013,1.0
2019,2019-07-29,564788,1.0,427292,1.0
2019,2019-07-29,566328,2680.0,427235,1.0
2019,2019-07-30,566329,2680.0,484499,1.0
2019,2019-07-30,567113,2681.0,482631,1.0
2019,2019-07-30,565950,3309.0,521251,1.0
2019,2019-07-30,567513,3313.0,483564,1.0
2019,2019-07-30,565369,5.0,427113,1.0
2019,2019-07-30,565273,2602.0,427520,1.0
2019,2019-07-30,565080,3.0,427509,1.0
2019,2019-07-30,567413,4169.0,427534,1.0
2019,2019-07-30,566816,13.0,427053,1.0
2019,2019-07-30,567316,4.0,544728,1.0
2019,2019-07-30,566619,2889.0,427164,1.0
2019,2019-07-30,565758,7.0,482620,1.0
2019,2019-07-30,565465,19.0,545402,1.0
2019,2019-07-30,564789,1.0,573597,1.0
2019,2019-07-30,566139,10.0,427554,1.0
2019,2019-07-31,565951,3309.0,427093,1.0
2019,2019-07-31,565274,2602.0,594151,1.0
2019,2019-07-31,567514,3313.0,427366,1.0
2019,2019-07-31,565759,7.0,489985,1.0
2019,2019-07-31,565466,19.0,427095,1.0
2019,2019-07-31,564790,1.0,427339,1.0
2019,2019-07-31,567114,2681.0,427129,1.0
2019,2019-07-31,565370,5.0,503490,1.0
2019,2019-07-31,565081,3.0,503493,1.0
2019,2019-07-31,567414,4169.0,427156,1.0
2019,2019-07-31,566817,13.0,483912,1.0
2019,2019-07-31,567317,4.0,427533,1.0
2019,2019-07-31,566620,2889.0,596740,1.0
2019,2019-07-31,566140,10.0,521051,1.0
2019,2019-08-01,567415,4169.0,483561,1.0
2019,2019-08-01,567115,2681.0,427315,1.0
2019,2019-08-01,567318,4.0,427184,1.0
2019,2019-08-01,566141,10.0,484183,1.0
2019,2019-08-01,564981,2.0,483919,1.0
2019,2019-08-01,565371,5.0,483569,1.0
2019,2019-08-01,565082,3.0,427552,1.0
2019,2019-08-01,566621,2889.0,504381,1.0
2019,2019-08-01,567220,4705.0,577468,1.0
2019,2019-08-01,565853,22.0,596805,1.0
2019,2019-08-02,565178,17.0,483630,1.0
2019,2019-08-02,566230,31.0,596809,1.0
2019,2019-08-02,564982,2.0,605672,1.0
2019,2019-08-02,567116,2681.0,427128,1.0
2019,2019-08-02,567515,3313.0,431232,1.0
2019,2019-08-02,565372,5.0,427192,1.0
2019,2019-08-02,567221,4705.0,427248,1.0
2019,2019-08-02,566818,13.0,482663,1.0
2019,2019-08-02,565659,2392.0,427362,1.0
2019,2019-08-02,567014,3312.0,427538,1.0
2019,2019-08-02,565467,19.0,429805,1.0
2019,2019-08-02,564882,15.0,427344,1.0
2019,2019-08-02,565854,22.0,427292,1.0
2019,2019-08-03,567516,3313.0,482631,1.0
2019,2019-08-03,565179,17.0,427013,1.0
2019,2019-08-03,566718,12.0,427537,1.0
2019,2019-08-03,566231,31.0,427534,1.0
2019,2019-08-03,564983,2.0,427197,1.0
2019,2019-08-03,567117,2681.0,427509,1.0
2019,2019-08-03,565373,5.0,503502,1.0
2019,2019-08-03,565660,2392.0,427554,1.0
2019,2019-08-03,567015,3312.0,427164,1.0
2019,2019-08-03,567222,4705.0,427235,1.0
2019,2019-08-03,566824,13.0,427081,1.0
2019,2019-08-03,564883,15.0,427139,1.0
2019,2019-08-03,565468,19.0,503077,1.0
2019,2019-08-03,566142,10.0,521889,1.0
2019,2019-08-03,565855,22.0,573597,1.0
2019,2019-08-04,564984,2.0,427366,1.0
2019,2019-08-04,567118,2681.0,483912,1.0
2019,2019-08-04,565374,5.0,427053,1.0
2019,2019-08-04,566719,12.0,490319,1.0
2019,2019-08-04,567223,4705.0,484499,1.0
2019,2019-08-04,566232,31.0,427156,1.0
2019,2019-08-04,565661,2392.0,521051,1.0
2019,2019-08-04,567016,3312.0,596740,1.0
2019,2019-08-04,565180,17.0,545402,1.0
2019,2019-08-04,566825,13.0,427520,1.0
2019,2019-08-04,565469,19.0,521251,1.0
2019,2019-08-04,566143,10.0,544728,1.0
2019,2019-08-04,564884,15.0,482620,1.0
2019,2019-08-04,565856,22.0,427339,1.0
2019,2019-08-04,567517,3313.0,427315,1.0
2019,2019-08-05,566039,3289.0,427554,1.0
2019,2019-08-05,564985,2.0,427224,1.0
2019,2019-08-05,566233,31.0,504381,1.0
2019,2019-08-05,565275,2602.0,427019,1.0
2019,2019-08-05,565083,3.0,503586,1.0
2019,2019-08-05,565375,5.0,483919,1.0
2019,2019-08-05,566720,12.0,484183,1.0
2019,2019-08-05,565561,2394.0,483561,1.0
2019,2019-08-05,565181,17.0,427044,1.0
2019,2019-08-05,567017,3312.0,427113,1.0
2019,2019-08-05,564885,15.0,427093,1.0
2019,2019-08-05,566524,2395.0,427184,1.0
2019,2019-08-05,565857,22.0,489985,1.0
2019,2019-08-06,565562,2394.0,503493,1.0
2019,2019-08-06,564986,2.0,547380,1.0
2019,2019-08-06,566234,31.0,427538,1.0
2019,2019-08-06,565276,2602.0,483630,1.0
2019,2019-08-06,565084,3.0,427192,1.0
2019,2019-08-06,566721,12.0,427413,1.0
2019,2019-08-06,566040,3289.0,427248,1.0
2019,2019-08-06,565182,17.0,482666,1.0
2019,2019-08-06,565662,2392.0,427243,1.0
2019,2019-08-06,567018,3312.0,483569,1.0
2019,2019-08-06,564886,15.0,427206,1.0
2019,2019-08-06,566525,2395.0,427103,1.0
2019,2019-08-06,566430,680.0,427533,1.0
2019,2019-08-06,565858,22.0,427344,1.0
2019,2019-08-07,565376,5.0,427197,1.0
2019,2019-08-07,566041,3289.0,484499,1.0
2019,2019-08-07,565377,5.0,428442,1.0
2019,2019-08-07,566722,12.0,427362,1.0
2019,2019-08-07,567019,3312.0,605672,1.0
2019,2019-08-07,565563,2394.0,427156,1.0
2019,2019-08-07,565663,2392.0,482641,1.0
2019,2019-08-07,565183,17.0,427361,1.0
2019,2019-08-07,565859,22.0,427139,1.0
2019,2019-08-07,566526,2395.0,427286,1.0
2019,2019-08-07,566431,680.0,427424,1.0
2019,2019-08-07,564987,2.0,427220,1.0
2019,2019-08-07,566235,31.0,427164,1.0
2019,2019-08-07,565085,3.0,503502,1.0
2019,2019-08-07,564887,15.0,503077,1.0
2019,2019-08-08,566918,14.0,427554,1.0
2019,2019-08-08,565086,3.0,427366,1.0
2019,2019-08-08,565277,2602.0,490319,1.0
2019,2019-08-08,565564,2394.0,427537,1.0
2019,2019-08-08,567416,4169.0,427013,1.0
2019,2019-08-08,567020,3312.0,427058,1.0
2019,2019-08-08,566527,2395.0,427090,1.0
2019,2019-08-08,566330,2680.0,573596,1.0
2019,2019-08-09,567319,4.0,596740,1.0
2019,2019-08-09,564988,2.0,483561,1.0
2019,2019-08-09,566919,14.0,503490,1.0
2019,2019-08-09,565087,3.0,483919,1.0
2019,2019-08-09,565278,2602.0,427224,1.0
2019,2019-08-09,565565,2394.0,427113,1.0
2019,2019-08-09,566042,3289.0,427053,1.0
2019,2019-08-09,567417,4169.0,545402,1.0
2019,2019-08-09,567021,3312.0,511890,1.0
2019,2019-08-09,567609,32.0,521889,1.0
2019,2019-08-09,566622,2889.0,427292,1.0
2019,2019-08-09,565860,22.0,594151,1.0
2019,2019-08-09,566331,2680.0,427184,1.0
2019,2019-08-09,566432,680.0,482620,1.0
2019,2019-08-09,566528,2395.0,427044,1.0
2019,2019-08-10,566920,14.0,427248,1.0
2019,2019-08-10,565088,3.0,428442,1.0
2019,2019-08-10,566529,2395.0,544728,1.0
2019,2019-08-10,565566,2394.0,483569,1.0
2019,2019-08-10,567418,4169.0,427019,1.0
2019,2019-08-10,564989,2.0,427534,1.0
2019,2019-08-10,565279,2602.0,547380,1.0
2019,2019-08-10,566043,3289.0,503586,1.0
2019,2019-08-10,567022,3312.0,427243,1.0
2019,2019-08-10,567320,4.0,504381,1.0
2019,2019-08-10,567610,32.0,484198,1.0
2019,2019-08-10,566623,2889.0,427093,1.0
2019,2019-08-10,566332,2680.0,427103,1.0
2019,2019-08-10,565861,22.0,484183,1.0
2019,2019-08-10,566433,680.0,489985,1.0
2019,2019-08-11,565089,3.0,596805,1.0
2019,2019-08-11,564990,2.0,503493,1.0
2019,2019-08-11,566921,14.0,484499,1.0
2019,2019-08-11,565280,2602.0,427220,1.0
2019,2019-08-11,565567,2394.0,605672,1.0
2019,2019-08-11,566044,3289.0,482666,1.0
2019,2019-08-11,567419,4169.0,483630,1.0
2019,2019-08-11,567023,3312.0,482641,1.0
2019,2019-08-11,567321,4.0,427538,1.0
2019,2019-08-11,567611,32.0,427533,1.0
2019,2019-08-11,566624,2889.0,427206,1.0
2019,2019-08-11,566333,2680.0,427286,1.0
2019,2019-08-11,565862,22.0,427413,1.0
2019,2019-08-11,566434,680.0,427344,1.0
2019,2019-08-11,566530,2395.0,427361,1.0
2019,2019-08-12,567518,3313.0,503586,1.0
2019,2019-08-12,565952,3309.0,427424,1.0
2019,2019-08-12,566922,14.0,427058,1.0
2019,2019-08-12,565378,5.0,427013,1.0
2019,2019-08-12,565470,19.0,427090,1.0
2019,2019-08-12,564791,1.0,427362,1.0
2019,2019-08-12,566334,2680.0,427315,1.0
2019,2019-08-13,567322,4.0,521251,1.0
2019,2019-08-13,567323,4.0,429805,1.0
2019,2019-08-13,565953,3309.0,521889,1.0
2019,2019-08-13,567119,2681.0,427168,1.0
2019,2019-08-13,567519,3313.0,427243,1.0
2019,2019-08-13,566923,14.0,511890,1.0
2019,2019-08-13,565379,5.0,545402,1.0
2019,2019-08-13,565568,2394.0,427081,1.0
2019,2019-08-13,567420,4169.0,431232,1.0
2019,2019-08-13,567224,4705.0,483564,1.0
2019,2019-08-13,567612,32.0,427128,1.0
2019,2019-08-13,565760,7.0,573596,1.0
2019,2019-08-13,565471,19.0,427044,1.0
2019,2019-08-13,566531,2395.0,427139,1.0
2019,2019-08-13,564792,1.0,427113,1.0
2019,2019-08-13,566335,2680.0,482663,1.0
2019,2019-08-14,566924,14.0,503493,1.0
2019,2019-08-14,567520,3313.0,427053,1.0
2019,2019-08-14,565380,5.0,427019,1.0
2019,2019-08-14,567324,4.0,427093,1.0
2019,2019-08-14,567613,32.0,427509,1.0
2019,2019-08-14,565472,19.0,482620,1.0
2019,2019-08-14,566336,2680.0,605672,1.0
2019,2019-08-14,566532,2395.0,503490,1.0
2019,2019-08-14,565954,3309.0,484198,1.0
2019,2019-08-14,567120,2681.0,427292,1.0
2019,2019-08-14,565569,2394.0,596740,1.0
2019,2019-08-14,567421,4169.0,482631,1.0
2019,2019-08-14,567225,4705.0,483919,1.0
2019,2019-08-14,564793,1.0,484183,1.0
2019,2019-08-14,565761,7.0,427184,1.0
2019,2019-08-15,565570,2394.0,504381,1.0
2019,2019-08-15,567422,4169.0,544728,1.0
2019,2019-08-15,567121,2681.0,573597,1.0
2019,2019-08-15,567521,3313.0,427206,1.0
2019,2019-08-15,565281,2602.0,577468,1.0
2019,2019-08-15,567226,4705.0,428442,1.0
2019,2019-08-15,566826,13.0,427103,1.0
2019,2019-08-15,564888,15.0,427520,1.0
2019,2019-08-15,566144,10.0,503502,1.0
2019,2019-08-15,564794,1.0,489985,1.0
2019,2019-08-16,566236,31.0,427533,1.0
2019,2019-08-16,567122,2681.0,482641,1.0
2019,2019-08-16,567522,3313.0,429805,1.0
2019,2019-08-16,565955,3309.0,427095,1.0
2019,2019-08-16,566925,14.0,483630,1.0
2019,2019-08-16,565090,3.0,427538,1.0
2019,2019-08-16,565282,2602.0,483912,1.0
2019,2019-08-16,566723,12.0,427129,1.0
2019,2019-08-16,567227,4705.0,482666,1.0
2019,2019-08-16,566827,13.0,427286,1.0
2019,2019-08-16,565762,7.0,427339,1.0
2019,2019-08-16,565473,19.0,427413,1.0
2019,2019-08-16,564889,15.0,427315,1.0
2019,2019-08-16,566145,10.0,503586,1.0
2019,2019-08-16,564795,1.0,427344,1.0
2019,2019-08-17,567523,3313.0,521251,1.0
2019,2019-08-17,566237,31.0,427424,1.0
2019,2019-08-17,566926,14.0,427013,1.0
2019,2019-08-17,566146,10.0,482620,1.0
2019,2019-08-17,566724,12.0,483564,1.0
2019,2019-08-17,565283,2602.0,427128,1.0
2019,2019-08-17,567123,2681.0,427058,1.0
2019,2019-08-17,565956,3309.0,511890,1.0
2019,2019-08-17,565091,3.0,427081,1.0
2019,2019-08-17,565763,7.0,596805,1.0
2019,2019-08-17,567228,4705.0,427361,1.0
2019,2019-08-17,566828,13.0,573596,1.0
2019,2019-08-17,564890,15.0,482663,1.0
2019,2019-08-17,565474,19.0,427362,1.0
2019,2019-08-17,564796,1.0,427139,1.0
2019,2019-08-18,565092,3.0,596740,1.0
2019,2019-08-18,567124,2681.0,524988,1.0
2019,2019-08-18,567524,3313.0,427093,1.0
2019,2019-08-18,566927,14.0,545402,1.0
2019,2019-08-18,565284,2602.0,427509,1.0
2019,2019-08-18,566725,12.0,427113,1.0
2019,2019-08-18,567229,4705.0,427090,1.0
2019,2019-08-18,565957,3309.0,483919,1.0
2019,2019-08-18,565764,7.0,427292,1.0
2019,2019-08-18,566829,13.0,427184,1.0
2019,2019-08-18,565475,19.0,594151,1.0
2019,2019-08-18,566147,10.0,427053,1.0
2019,2019-08-18,564797,1.0,503490,1.0
2019,2019-08-18,564891,15.0,605672,1.0
2019,2019-08-18,566238,2735.0,521889,1.0
2019,2019-08-19,564991,2.0,427235,1.0
2019,2019-08-19,566239,31.0,427243,1.0
2019,2019-08-19,565285,2602.0,427366,1.0
2019,2019-08-19,566726,12.0,427044,1.0
2019,2019-08-19,566625,2889.0,427019,1.0
2019,2019-08-19,566830,13.0,427206,1.0
2019,2019-08-19,565664,2392.0,427315,1.0
2019,2019-08-19,567024,3312.0,573597,1.0
2019,2019-08-19,564892,15.0,503586,1.0
2019,2019-08-20,566831,13.0,521251,1.0
2019,2019-08-20,564992,2.0,427554,1.0
2019,2019-08-20,566240,31.0,482641,1.0
2019,2019-08-20,566045,3289.0,427156,1.0
2019,2019-08-20,565286,2602.0,482631,1.0
2019,2019-08-20,566727,12.0,482666,1.0
2019,2019-08-20,565093,3.0,427248,1.0
2019,2019-08-20,567230,4705.0,484198,1.0
2019,2019-08-20,566626,2889.0,483630,1.0
2019,2019-08-20,565184,17.0,427224,1.0
2019,2019-08-20,565665,2392.0,482663,1.0
2019,2019-08-20,567025,3312.0,427534,1.0
2019,2019-08-20,564893,15.0,483564,1.0
2019,2019-08-20,566148,10.0,577468,1.0
2019,2019-08-20,565863,22.0,427103,1.0
2019,2019-08-21,565287,2602.0,544728,1.0
2019,2019-08-21,566728,12.0,596805,1.0
2019,2019-08-21,567026,3312.0,596740,1.0
2019,2019-08-21,564894,15.0,503490,1.0
2019,2019-08-21,564993,2.0,594151,1.0
2019,2019-08-21,566241,31.0,427058,1.0
2019,2019-08-21,566832,13.0,503077,1.0
2019,2019-08-21,566046,3289.0,483561,1.0
2019,2019-08-21,565094,3.0,427537,1.0
2019,2019-08-21,567231,4705.0,427533,1.0
2019,2019-08-21,566627,2889.0,427013,1.0
2019,2019-08-21,565185,17.0,547380,1.0
2019,2019-08-21,565666,2392.0,511890,1.0
2019,2019-08-21,566149,10.0,483912,1.0
2019,2019-08-21,565864,22.0,427286,1.0
2019,2019-08-22,565186,17.0,427361,1.0
2019,2019-08-22,566242,31.0,524988,1.0
2019,2019-08-22,564994,2.0,545402,1.0
2019,2019-08-22,566047,3289.0,427197,1.0
2019,2019-08-22,567232,4705.0,503493,1.0
2019,2019-08-22,566628,2889.0,427129,1.0
2019,2019-08-22,565667,2392.0,605672,1.0
2019,2019-08-22,567325,4.0,484499,1.0
2019,2019-08-22,566150,10.0,427128,1.0
2019,2019-08-22,565865,22.0,573596,1.0
2019,2019-08-23,565187,17.0,490319,1.0
2019,2019-08-23,566243,31.0,427093,1.0
2019,2019-08-23,564995,2.0,427019,1.0
2019,2019-08-23,565381,5.0,427220,1.0
2019,2019-08-23,566048,3289.0,427243,1.0
2019,2019-08-23,567423,4169.0,427520,1.0
2019,2019-08-23,565668,2392.0,521889,1.0
2019,2019-08-23,567027,3312.0,427509,1.0
2019,2019-08-23,567326,4.0,427235,1.0
2019,2019-08-23,567614,32.0,503502,1.0
2019,2019-08-23,566629,2889.0,482631,1.0
2019,2019-08-23,566337,2680.0,427206,1.0
2019,2019-08-23,566435,680.0,427095,1.0
2019,2019-08-23,565866,22.0,427292,1.0
2019,2019-08-24,565188,17.0,483569,1.0
2019,2019-08-24,565867,22.0,573597,1.0
2019,2019-08-24,567424,4169.0,427315,1.0
2019,2019-08-24,566244,31.0,427090,1.0
2019,2019-08-24,564996,2.0,483630,1.0
2019,2019-08-24,565669,2392.0,484198,1.0
2019,2019-08-24,565382,5.0,427224,1.0
2019,2019-08-24,567028,3312.0,503586,1.0
2019,2019-08-24,566049,3289.0,482641,1.0
2019,2019-08-24,567327,4.0,427554,1.0
2019,2019-08-24,567615,32.0,427156,1.0
2019,2019-08-24,566630,2889.0,427144,1.0
2019,2019-08-24,566338,2680.0,429805,1.0
2019,2019-08-24,566151,10.0,427184,1.0
2019,2019-08-24,566436,680.0,577468,1.0
2019,2019-08-25,564997,2.0,427013,1.0
2019,2019-08-25,565383,5.0,547380,1.0
2019,2019-08-25,566050,3289.0,427058,1.0
2019,2019-08-25,567425,4169.0,482663,1.0
2019,2019-08-25,566245,31.0,427044,1.0
2019,2019-08-25,565670,2392.0,427533,1.0
2019,2019-08-25,567029,3312.0,483564,1.0
2019,2019-08-25,567328,4.0,594151,1.0
2019,2019-08-25,567616,32.0,483561,1.0
2019,2019-08-25,566631,2889.0,431232,1.0
2019,2019-08-25,565189,17.0,427248,1.0
2019,2019-08-25,566152,10.0,596805,1.0
2019,2019-08-25,566339,2680.0,521251,1.0
2019,2019-08-25,566437,680.0,483912,1.0
2019,2019-08-25,565868,22.0,427534,1.0
2019,2019-08-26,567125,2681.0,427366,1.0
2019,2019-08-26,567617,32.0,427220,1.0
2019,2019-08-26,567426,4169.0,427537,1.0
2019,2019-08-26,565765,7.0,427197,1.0
2019,2019-08-26,566533,2395.0,503077,1.0
2019,2019-08-26,566340,2680.0,427128,1.0
2019,2019-08-26,566438,680.0,484499,1.0
2019,2019-08-27,565958,3309.0,605672,1.0
2019,2019-08-27,567126,2681.0,428442,1.0
2019,2019-08-27,566928,14.0,484183,1.0
2019,2019-08-27,565571,2394.0,503493,1.0
2019,2019-08-27,566051,3289.0,489985,1.0
2019,2019-08-27,567427,4169.0,503502,1.0
2019,2019-08-27,567618,32.0,427315,1.0
2019,2019-08-27,565671,2392.0,573596,1.0
2019,2019-08-27,567329,4.0,427164,1.0
2019,2019-08-27,565766,7.0,427156,1.0
2019,2019-08-27,565476,19.0,596740,1.0
2019,2019-08-27,566534,2395.0,427206,1.0
2019,2019-08-27,564798,1.0,427129,1.0
2019,2019-08-27,566341,2680.0,427509,1.0
2019,2019-08-27,566439,680.0,427235,1.0
2019,2019-08-28,567619,32.0,524988,1.0
2019,2019-08-28,566440,680.0,427554,1.0
2019,2019-08-28,567127,2681.0,605673,1.0
2019,2019-08-28,565959,3309.0,427520,1.0
2019,2019-08-28,566929,14.0,427413,1.0
2019,2019-08-28,565572,2394.0,521889,1.0
2019,2019-08-28,566052,3289.0,427139,1.0
2019,2019-08-28,567428,4169.0,483569,1.0
2019,2019-08-28,565672,2392.0,427184,1.0
2019,2019-08-28,567330,4.0,504381,1.0
2019,2019-08-28,565767,7.0,503490,1.0
2019,2019-08-28,565477,19.0,427339,1.0
2019,2019-08-28,566342,2680.0,577468,1.0
2019,2019-08-28,564799,1.0,427144,1.0
2019,2019-08-29,565573,2394.0,484198,1.0
2019,2019-08-29,565768,7.0,427534,1.0
2019,2019-08-29,565673,2392.0,490319,1.0
2019,2019-08-29,567331,4.0,427538,1.0
2019,2019-08-29,566053,3289.0,427344,1.0
2019,2019-08-29,567429,4169.0,427248,1.0
2019,2019-08-29,566833,13.0,573597,1.0
2019,2019-08-29,565478,19.0,429805,1.0
2019,2019-08-29,564895,15.0,483919,1.0
2019,2019-08-29,566535,2395.0,594151,1.0
2019,2019-08-30,565190,17.0,483912,1.0
2019,2019-08-30,567128,2681.0,427081,1.0
2019,2019-08-30,565960,3309.0,483561,1.0
2019,2019-08-30,567525,3313.0,427424,1.0
2019,2019-08-30,566930,14.0,482631,1.0
2019,2019-08-30,566729,12.0,427537,1.0
2019,2019-08-30,565574,2394.0,596805,1.0
2019,2019-08-30,567233,4705.0,427286,1.0
2019,2019-08-30,566834,13.0,427093,1.0
2019,2019-08-30,565769,7.0,427362,1.0
2019,2019-08-30,565479,19.0,521251,1.0
2019,2019-08-30,564896,15.0,427366,1.0
2019,2019-08-30,564800,1.0,483564,1.0
2019,2019-08-30,566536,2395.0,484499,1.0
2019,2019-09-01,566632,2889.0,427344,1.0
2019,2019-08-31,567526,3313.0,503493,1.0
2019,2019-08-31,566633,2889.0,489985,1.0
2019,2019-08-31,565191,17.0,427128,1.0
2019,2019-08-31,566931,14.0,427129,1.0
2019,2019-08-31,567129,2681.0,504381,1.0
2019,2019-08-31,566730,12.0,483569,1.0
2019,2019-08-31,565575,2394.0,547380,1.0
2019,2019-08-31,565961,3309.0,544728,1.0
2019,2019-08-31,565770,7.0,427113,1.0
2019,2019-08-31,567234,4705.0,573596,1.0
2019,2019-08-31,566835,13.0,596740,1.0
2019,2019-08-31,564897,15.0,428442,1.0
2019,2019-08-31,565480,19.0,503077,1.0
2019,2019-08-31,566537,2395.0,427235,1.0
2019,2019-08-31,564801,1.0,482663,1.0
2019,2019-09-01,566634,2889.0,427139,1.0
2019,2019-09-01,567527,3313.0,521889,1.0
2019,2019-09-01,566932,14.0,427144,1.0
2019,2019-09-01,566731,12.0,427248,1.0
2019,2019-09-01,565576,2394.0,427220,1.0
2019,2019-09-01,565962,3309.0,431232,1.0
2019,2019-09-01,565771,7.0,484183,1.0
2019,2019-09-01,565192,17.0,427509,1.0
2019,2019-09-01,566836,13.0,427339,1.0
2019,2019-09-01,565481,19.0,427206,1.0
2019,2019-09-01,566538,2395.0,427554,1.0
2019,2019-09-01,564802,1.0,605672,1.0
2019,2019-09-01,564898,15.0,605673,1.0
2019,2019-09-01,567235,4705.0,427184,1.0
2019,2019-09-01,567130,2681.0,427538,1.0
2019,2019-09-02,565963,3309.0,484198,1.0
2019,2019-09-02,567528,3313.0,503490,1.0
2019,2019-09-02,566732,12.0,427156,1.0
2019,2019-09-02,565577,2394.0,427361,1.0
2019,2019-09-02,567236,4705.0,490319,1.0
2019,2019-09-02,565288,2602.0,511890,1.0
2019,2019-09-02,566635,2889.0,427362,1.0
2019,2019-09-02,565193,17.0,503502,1.0
2019,2019-09-02,564899,15.0,427019,1.0
2019,2019-09-02,567620,32.0,521251,1.0
2019,2019-09-02,565384,5.0,427053,1.0
2019,2019-09-02,565869,22.0,427520,1.0
2019,2019-09-03,566733,12.0,427533,1.0
2019,2019-09-03,566734,12.0,483561,1.0
2019,2019-09-03,567529,3313.0,427081,1.0
2019,2019-09-03,565289,2602.0,427243,1.0
2019,2019-09-03,565964,3309.0,427424,1.0
2019,2019-09-03,566246,31.0,596805,1.0
2019,2019-09-03,565095,3.0,482666,1.0
2019,2019-09-03,565385,5.0,503586,1.0
2019,2019-09-03,567237,4705.0,427537,1.0
2019,2019-09-03,567621,32.0,489985,1.0
2019,2019-09-03,566636,2889.0,427113,1.0
2019,2019-09-03,565194,17.0,482631,1.0
2019,2019-09-03,565772,7.0,577468,1.0
2019,2019-09-03,564900,15.0,427095,1.0
2019,2019-09-03,566153,10.0,483919,1.0
2019,2019-09-03,565870,22.0,483564,1.0
2019,2019-09-04,565965,3309.0,503493,1.0
2019,2019-09-04,567530,3313.0,504381,1.0
2019,2019-09-04,565290,2602.0,524988,1.0
2019,2019-09-04,566247,31.0,547380,1.0
2019,2019-09-04,565096,3.0,594151,1.0
2019,2019-09-04,565386,5.0,639723,1.0
2019,2019-09-04,566637,2889.0,596740,1.0
2019,2019-09-04,565773,7.0,483912,1.0
2019,2019-09-04,564901,15.0,483630,1.0
2019,2019-09-04,566154,10.0,427366,1.0
2019,2019-09-04,565871,22.0,482663,1.0
2019,2019-09-05,565291,2602.0,427058,1.0
2019,2019-09-05,565387,5.0,482620,1.0
2019,2019-09-05,565774,7.0,427128,1.0
2019,2019-09-05,566638,2889.0,484183,1.0
2019,2019-09-05,566155,10.0,428442,1.0
2019,2019-09-05,564998,2.0,521889,1.0
2019,2019-09-05,566248,31.0,427220,1.0
2019,2019-09-05,566735,12.0,427139,1.0
2019,2019-09-05,565097,3.0,427090,1.0
2019,2019-09-05,567622,32.0,483569,1.0
2019,2019-09-05,567238,4705.0,427129,1.0
2019,2019-09-05,565674,2392.0,427538,1.0
2019,2019-09-06,566249,31.0,427013,1.0
2019,2019-09-06,564999,2.0,484198,1.0
2019,2019-09-06,565292,2602.0,427533,1.0
2019,2019-09-06,566736,12.0,427344,1.0
2019,2019-09-06,566054,3289.0,427044,1.0
2019,2019-09-06,567430,4169.0,511890,1.0
2019,2019-09-06,565098,3.0,427509,1.0
2019,2019-09-06,567239,4705.0,427144,1.0
2019,2019-09-06,565675,2392.0,427248,1.0
2019,2019-09-06,567030,3312.0,427362,1.0
2019,2019-09-06,567332,4.0,427361,1.0
2019,2019-09-06,567623,32.0,427081,1.0
2019,2019-09-06,566156,10.0,427520,1.0
2019,2019-09-06,566343,2680.0,605673,1.0
2019,2019-09-06,565872,22.0,427534,1.0
2019,2019-09-07,565099,3.0,427292,1.0
2019,2019-09-07,565293,2602.0,503586,1.0
2019,2019-09-07,566737,12.0,521251,1.0
2019,2019-09-07,567431,4169.0,427243,1.0
2019,2019-09-07,566250,31.0,427019,1.0
2019,2019-09-07,565000,2.0,427424,1.0
2019,2019-09-07,565676,2392.0,521051,1.0
2019,2019-09-07,567031,3312.0,427113,1.0
2019,2019-09-07,566055,3289.0,482666,1.0
2019,2019-09-07,567333,4.0,596805,1.0
2019,2019-09-07,567624,32.0,490319,1.0
2019,2019-09-07,567240,4705.0,503502,1.0
2019,2019-09-07,566344,2680.0,483919,1.0
2019,2019-09-07,566157,10.0,483564,1.0
2019,2019-09-07,565873,22.0,427413,1.0
2019,2019-09-08,565001,2.0,639723,1.0
2019,2019-09-08,565294,2602.0,575629,1.0
2019,2019-09-08,566738,12.0,489985,1.0
2019,2019-09-08,566056,3289.0,594151,1.0
2019,2019-09-08,567432,4169.0,524988,1.0
2019,2019-09-08,567241,4705.0,482631,1.0
2019,2019-09-08,566251,31.0,577468,1.0
2019,2019-09-08,565677,2392.0,427537,1.0
2019,2019-09-08,567032,3312.0,596740,1.0
2019,2019-09-08,567334,4.0,547380,1.0
2019,2019-09-08,567625,32.0,504381,1.0
2019,2019-09-08,566158,10.0,482663,1.0
2019,2019-09-08,566345,2680.0,427366,1.0
2019,2019-09-08,565874,22.0,483561,1.0
2019,2019-09-08,565100,3.0,483912,1.0
2019,2019-09-09,567131,2681.0,483630,1.0
2019,2019-09-09,566057,3289.0,573597,1.0
2019,2019-09-09,565101,3.0,427128,1.0
2019,2019-09-09,567433,4169.0,427053,1.0
2019,2019-09-09,565678,2392.0,482641,1.0
2019,2019-09-09,566539,2395.0,431232,1.0
2019,2019-09-09,564803,1.0,427197,1.0
2019,2019-09-09,566346,2680.0,427090,1.0
2019,2019-09-10,565578,2394.0,483569,1.0
2019,2019-09-10,565002,2.0,596809,1.0
2019,2019-09-10,567132,2681.0,427013,1.0
2019,2019-09-10,566933,14.0,521889,1.0
2019,2019-09-10,566058,3289.0,427139,1.0
2019,2019-09-10,567434,4169.0,427095,1.0
2019,2019-09-10,567033,3312.0,429805,1.0
2019,2019-09-10,566837,13.0,427509,1.0
2019,2019-09-10,565679,2392.0,482620,1.0
2019,2019-09-10,567335,4.0,427315,1.0
2019,2019-09-10,565482,19.0,427286,1.0
2019,2019-09-10,566540,2395.0,427144,1.0
2019,2019-09-10,564804,1.0,427534,1.0
2019,2019-09-10,566347,2680.0,427044,1.0
2019,2019-09-10,566441,680.0,427361,1.0
2019,2019-09-11,565003,2.0,484499,1.0
2019,2019-09-11,567133,2681.0,427019,1.0
2019,2019-09-11,566934,14.0,484198,1.0
2019,2019-09-11,566059,3289.0,427339,1.0
2019,2019-09-11,567435,4169.0,503586,1.0
2019,2019-09-11,567034,3312.0,427093,1.0
2019,2019-09-11,566838,13.0,427413,1.0
2019,2019-09-11,564805,1.0,524988,1.0
2019,2019-09-11,565680,2392.0,427243,1.0
2019,2019-09-11,567336,4.0,483564,1.0
2019,2019-09-11,565483,19.0,573596,1.0
2019,2019-09-11,566541,2395.0,427184,1.0
2019,2019-09-11,566348,2680.0,482666,1.0
2019,2019-09-11,566442,680.0,596805,1.0
2019,2019-09-12,565579,2394.0,521051,1.0
2019,2019-09-12,566060,3289.0,427292,1.0
2019,2019-09-12,565580,2394.0,427248,1.0
2019,2019-09-12,567436,4169.0,575629,1.0
2019,2019-09-12,567337,4.0,605672,1.0
2019,2019-09-12,565484,19.0,427103,1.0
2019,2019-09-12,566349,2680.0,594151,1.0
2019,2019-09-12,566542,2395.0,503502,1.0
2019,2019-09-12,566935,14.0,503490,1.0
2019,2019-09-12,565004,2.0,427235,1.0
2019,2019-09-12,567134,2681.0,577468,1.0
2019,2019-09-12,567035,3312.0,503077,1.0
2019,2019-09-12,566839,13.0,483912,1.0
2019,2019-09-12,565681,2392.0,484183,1.0
2019,2019-09-12,566443,680.0,427224,1.0
2019,2019-09-13,565195,17.0,482663,1.0
2019,2019-09-13,565966,3309.0,427128,1.0
2019,2019-09-13,566936,14.0,427554,1.0
2019,2019-09-13,565581,2394.0,427013,1.0
2019,2019-09-13,566061,3289.0,427537,1.0
2019,2019-09-13,566840,13.0,427053,1.0
2019,2019-09-13,565775,7.0,483561,1.0
2019,2019-09-13,566639,2889.0,427206,1.0
2019,2019-09-13,565485,19.0,547380,1.0
2019,2019-09-13,564902,15.0,431232,1.0
2019,2019-09-13,564806,1.0,427286,1.0
2019,2019-09-13,566444,680.0,511890,1.0
2019,2019-09-13,566543,2395.0,427090,1.0
2019,2019-09-14,565388,5.0,427533,1.0
2019,2019-09-14,565389,5.0,521889,1.0
2019,2019-09-14,565196,17.0,427315,1.0
2019,2019-09-14,566937,14.0,596809,1.0
2019,2019-09-14,565967,3309.0,427509,1.0
2019,2019-09-14,565582,2394.0,427019,1.0
2019,2019-09-14,567135,2681.0,427129,1.0
2019,2019-09-14,566062,3289.0,521251,1.0
2019,2019-09-14,565776,7.0,427197,1.0
2019,2019-09-14,566640,2889.0,429805,1.0
2019,2019-09-14,566841,13.0,490319,1.0
2019,2019-09-14,564903,15.0,482631,1.0
2019,2019-09-14,565486,19.0,427361,1.0
2019,2019-09-14,566544,2395.0,427044,1.0
2019,2019-09-14,564807,1.0,427095,1.0
2019,2019-09-14,566445,680.0,482641,1.0
2019,2019-09-15,567136,2681.0,573597,1.0
2019,2019-09-15,566938,14.0,484499,1.0
2019,2019-09-15,565583,2394.0,503490,1.0
2019,2019-09-15,565390,5.0,484198,1.0
2019,2019-09-15,565968,3309.0,427534,1.0
2019,2019-09-15,565777,7.0,596740,1.0
2019,2019-09-15,566641,2889.0,427093,1.0
2019,2019-09-15,565197,17.0,483564,1.0
2019,2019-09-15,566842,13.0,503586,1.0
2019,2019-09-15,565487,19.0,596805,1.0
2019,2019-09-15,566545,2395.0,482666,1.0
2019,2019-09-15,564808,1.0,573596,1.0
2019,2019-09-15,564904,15.0,427184,1.0
2019,2019-09-15,566446,680.0,605673,1.0
2019,2019-09-15,566063,3289.0,483569,1.0
2019,2019-09-16,565584,2394.0,577468,1.0
2019,2019-09-16,567036,3312.0,427156,1.0
2019,2019-09-16,567626,32.0,427339,1.0
2019,2019-09-16,566642,2889.0,427235,1.0
2019,2019-09-16,565198,17.0,427362,1.0
2019,2019-09-16,565488,19.0,503502,1.0
2019,2019-09-16,564905,15.0,427103,1.0
2019,2019-09-16,566159,10.0,427044,1.0
2019,2019-09-17,567531,3313.0,427344,1.0
2019,2019-09-17,566252,31.0,428442,1.0
2019,2019-09-17,565005,2.0,427520,1.0
2019,2019-09-17,565391,5.0,503077,1.0
2019,2019-09-17,565102,3.0,427538,1.0
2019,2019-09-17,567242,4705.0,427224,1.0
2019,2019-09-17,567037,3312.0,483561,1.0
2019,2019-09-17,567627,32.0,427292,1.0
2019,2019-09-17,566643,2889.0,427554,1.0
2019,2019-09-17,565199,17.0,427113,1.0
2019,2019-09-17,565682,2392.0,427220,1.0
2019,2019-09-17,565489,19.0,431232,1.0
2019,2019-09-17,564906,15.0,521051,1.0
2019,2019-09-17,566160,10.0,596809,1.0
2019,2019-09-17,565875,22.0,427058,1.0
2019,2019-09-18,566644,2889.0,483630,1.0
2019,2019-09-18,565490,19.0,427095,1.0
2019,2019-09-18,566161,10.0,482666,1.0
2019,2019-09-18,564907,15.0,427286,1.0
2019,2019-09-18,567532,3313.0,427139,1.0
2019,2019-09-18,566253,31.0,575629,1.0
2019,2019-09-18,565006,2.0,427315,1.0
2019,2019-09-18,565392,5.0,521251,1.0
2019,2019-09-18,565103,3.0,427081,1.0
2019,2019-09-18,567243,4705.0,547380,1.0
2019,2019-09-18,567038,3312.0,427197,1.0
2019,2019-09-18,567628,32.0,524988,1.0
2019,2019-09-18,565200,17.0,427413,1.0
2019,2019-09-18,565876,22.0,482641,1.0
2019,2019-09-18,565683,2392.0,427013,1.0
2019,2019-09-19,567244,4705.0,482620,1.0
2019,2019-09-19,566254,31.0,427366,1.0
2019,2019-09-19,565104,3.0,504381,1.0
2019,2019-09-19,567629,32.0,427129,1.0
2019,2019-09-19,567533,3313.0,489985,1.0
2019,2019-09-19,565007,2.0,483564,1.0
2019,2019-09-19,565393,5.0,427206,1.0
2019,2019-09-19,565201,17.0,427534,1.0
2019,2019-09-19,567039,3312.0,484499,1.0
2019,2019-09-20,565202,17.0,427156,1.0
2019,2019-09-20,565008,2.0,427093,1.0
2019,2019-09-20,567534,3313.0,427538,1.0
2019,2019-09-20,565295,2602.0,483919,1.0
2019,2019-09-20,566739,12.0,427361,1.0
2019,2019-09-20,565394,5.0,427520,1.0
2019,2019-09-20,565585,2394.0,596740,1.0
2019,2019-09-20,567437,4169.0,427019,1.0
2019,2019-09-20,567245,4705.0,427339,1.0
2019,2019-09-20,565684,2392.0,482631,1.0
2019,2019-09-20,567040,3312.0,427235,1.0
2019,2019-09-20,567630,32.0,484183,1.0
2019,2019-09-20,566162,10.0,573596,1.0
2019,2019-09-20,565877,22.0,427184,1.0
2019,2019-09-20,566350,2680.0,429805,1.0
2019,2019-09-21,567535,3313.0,605672,1.0
2019,2019-09-21,565203,17.0,483561,1.0
2019,2019-09-21,565296,2602.0,428442,1.0
2019,2019-09-21,566740,12.0,427224,1.0
2019,2019-09-21,565586,2394.0,427344,1.0
2019,2019-09-21,567438,4169.0,503490,1.0
2019,2019-09-21,565009,2.0,503077,1.0
2019,2019-09-21,565685,2392.0,503502,1.0
2019,2019-09-21,567041,3312.0,427554,1.0
2019,2019-09-21,565395,5.0,427315,1.0
2019,2019-09-21,567631,32.0,427362,1.0
2019,2019-09-21,567246,4705.0,427292,1.0
2019,2019-09-21,566351,2680.0,605673,1.0
2019,2019-09-21,566163,10.0,427103,1.0
2019,2019-09-21,565878,22.0,427044,1.0
2019,2019-09-22,565010,2.0,521251,1.0
2019,2019-09-22,567536,3313.0,427081,1.0
2019,2019-09-22,565297,2602.0,575629,1.0
2019,2019-09-22,566741,12.0,547380,1.0
2019,2019-09-22,565587,2394.0,427139,1.0
2019,2019-09-22,567439,4169.0,427220,1.0
2019,2019-09-22,567247,4705.0,524988,1.0
2019,2019-09-22,565686,2392.0,431232,1.0
2019,2019-09-22,567042,3312.0,577468,1.0
2019,2019-09-22,567632,32.0,427113,1.0
2019,2019-09-22,565204,17.0,427197,1.0
2019,2019-09-22,566164,10.0,521051,1.0
2019,2019-09-22,565879,22.0,544728,1.0
2019,2019-09-22,566352,2680.0,427058,1.0
2019,2019-09-22,565396,5.0,483564,1.0
2019,2019-09-23,565969,3309.0,427533,1.0
2019,2019-09-23,566939,14.0,427248,1.0
2019,2019-09-23,566742,12.0,482620,1.0
2019,2019-09-23,566064,3289.0,427538,1.0
2019,2019-09-23,564908,15.0,482663,1.0
2019,2019-09-24,565970,3309.0,521889,1.0
2019,2019-09-24,565588,2394.0,427413,1.0
2019,2019-09-24,565298,2602.0,489985,1.0
2019,2019-09-24,566255,31.0,427129,1.0
2019,2019-09-24,566940,14.0,596740,1.0
2019,2019-09-24,566065,3289.0,490319,1.0
2019,2019-09-24,566743,12.0,573597,1.0
2019,2019-09-24,566843,13.0,427090,1.0
2019,2019-09-24,567338,4.0,427366,1.0
2019,2019-09-24,565778,7.0,427243,1.0
2019,2019-09-24,564909,15.0,427520,1.0
2019,2019-09-24,566546,2395.0,482641,1.0
2019,2019-09-24,564809,1.0,483912,1.0
2019,2019-09-24,566353,2680.0,427053,1.0
2019,2019-09-24,566447,680.0,484499,1.0
2019,2019-09-25,564910,15.0,427315,1.0
2019,2019-09-25,565589,2394.0,594151,1.0
2019,2019-09-25,565299,2602.0,427344,1.0
2019,2019-09-25,566256,31.0,427361,1.0
2019,2019-09-25,565971,3309.0,521251,1.0
2019,2019-09-25,566941,14.0,427537,1.0
2019,2019-09-25,566066,3289.0,605672,1.0
2019,2019-09-25,566744,12.0,484183,1.0
2019,2019-09-25,566844,13.0,596805,1.0
2019,2019-09-25,567339,4.0,483919,1.0
2019,2019-09-25,565779,7.0,503502,1.0
2019,2019-09-25,566547,2395.0,429805,1.0
2019,2019-09-25,564810,1.0,427128,1.0
2019,2019-09-25,566354,2680.0,503586,1.0
2019,2019-09-25,566448,680.0,427235,1.0
2019,2019-09-26,565300,2602.0,427139,1.0
2019,2019-09-26,565590,2394.0,427362,1.0
2019,2019-09-26,566845,13.0,427044,1.0
2019,2019-09-26,566355,2680.0,427192,1.0
2019,2019-09-26,566548,2395.0,605673,1.0
2019,2019-09-26,565972,3309.0,483569,1.0
2019,2019-09-26,566257,31.0,427224,1.0
2019,2019-09-26,566067,3289.0,427081,1.0
2019,2019-09-26,567340,4.0,428442,1.0
2019,2019-09-26,564811,1.0,482663,1.0
2019,2019-09-26,566449,680.0,427220,1.0
2019,2019-09-27,565973,3309.0,427538,1.0
2019,2019-09-27,566258,31.0,483630,1.0
2019,2019-09-27,567137,2681.0,482620,1.0
2019,2019-09-27,566942,14.0,427113,1.0
2019,2019-09-27,565105,3.0,575629,1.0
2019,2019-09-27,566068,3289.0,427533,1.0
2019,2019-09-27,566846,13.0,427058,1.0
2019,2019-09-27,565491,19.0,521051,1.0
2019,2019-09-27,566645,2889.0,504381,1.0
2019,2019-09-27,565780,7.0,547380,1.0
2019,2019-09-27,564911,15.0,427509,1.0
2019,2019-09-27,564812,1.0,521251,1.0
2019,2019-09-27,566450,680.0,431232,1.0
2019,2019-09-27,566549,2395.0,427554,1.0
2019,2019-09-28,567341,4.0,427292,1.0
2019,2019-09-28,565106,3.0,427366,1.0
2019,2019-09-28,565781,7.0,427361,1.0
2019,2019-09-28,566943,14.0,427413,1.0
2019,2019-09-28,567342,4.0,427339,1.0
2019,2019-09-28,565974,3309.0,427129,1.0
2019,2019-09-28,566550,2395.0,577468,1.0
2019,2019-09-28,567138,2681.0,489985,1.0
2019,2019-09-28,566259,31.0,427248,1.0
2019,2019-09-28,566646,2889.0,427090,1.0
2019,2019-09-28,566069,3289.0,521889,1.0
2019,2019-09-28,566847,13.0,482641,1.0
2019,2019-09-28,564912,15.0,596809,1.0
2019,2019-09-28,565492,19.0,427053,1.0
2019,2019-09-28,564813,1.0,427520,1.0
2019,2019-09-28,566451,680.0,503502,1.0
2019,2019-09-29,565107,3.0,483919,1.0
2019,2019-09-29,565975,3309.0,484183,1.0
2019,2019-09-29,566260,31.0,596740,1.0
2019,2019-09-29,566551,2395.0,484499,1.0
2019,2019-09-29,567139,2681.0,427344,1.0
2019,2019-09-29,566848,13.0,490319,1.0
2019,2019-09-29,564814,1.0,427315,1.0
2019,2019-09-29,566944,14.0,427362,1.0
2019,2019-09-29,564913,15.0,483912,1.0
2019,2019-09-29,566452,680.0,427243,1.0
2019,2019-09-29,566070,3289.0,484198,1.0
2019,2019-09-29,567343,4.0,573597,1.0
2019,2019-09-29,565493,19.0,503586,1.0
2019,2019-09-29,566647,2889.0,427139,1.0
2019,2019-09-29,565782,7.0,596805,1.0
2019,2019-10-01,599336,3309.0,427156,1.0
2019,2019-10-02,599335,10.0,431232,1.0
2019,2019-10-03,599352,4705.0,573596,1.0
2019,2019-10-03,599347,22.0,504381,1.0
2019,2019-10-04,599337,2392.0,483630,1.0
2019,2019-10-04,599353,4705.0,484198,1.0
2019,2019-10-04,599342,3313.0,484499,1.0
2019,2019-10-04,599348,22.0,490319,1.0
2019,2019-10-05,599343,3313.0,429805,1.0
2019,2019-10-05,599338,2392.0,427129,1.0
2019,2019-10-06,599354,2889.0,427235,1.0
2019,2019-10-06,599349,3309.0,427019,1.0
2019,2019-10-07,599339,12.0,427533,1.0
2019,2019-10-07,599355,2889.0,427554,1.0
2019,2019-10-07,599350,3309.0,427139,1.0
2019,2019-10-07,599344,3312.0,427058,1.0
2019,2019-10-08,599340,12.0,428442,1.0
2019,2019-10-09,599356,4705.0,427206,1.0
2019,2019-10-09,599351,22.0,427315,1.0
2019,2019-10-10,599341,2392.0,427339,1.0
2019,2019-10-11,599364,2889.0,483912,1.0
2019,2019-10-12,599365,2889.0,482620,1.0
2019,2019-10-12,599357,2392.0,427534,1.0
2019,2019-10-13,599358,2392.0,484183,1.0
2019,2019-10-14,599366,3309.0,427344,1.0
2019,2019-10-15,599359,3313.0,427362,1.0
2019,2019-10-15,599367,3309.0,427093,1.0
2019,2019-10-17,599360,3313.0,483564,1.0
2019,2019-10-18,599361,3313.0,427053,1.0
2019,2019-10-19,599362,2392.0,427243,1.0
2019,2019-10-22,599371,2392.0,484198,1.0
2019,2019-10-23,599372,2392.0,427139,1.0
2019,2019-10-25,599373,3309.0,427058,1.0
2019,2019-10-26,599374,3309.0,428442,1.0
2019,2019-10-27,599375,3309.0,427013,1.0
2019,2019-10-29,599376,2392.0,427235,1.0
2019,2019-10-30,599377,2392.0,427554,1.0
2020,2020-07-23,630851,3309.0,427220,1.0
2020,2020-07-23,631377,22.0,427344,1.0
2020,2020-07-24,631242,3289.0,427361,1.0
2020,2020-07-24,631589,2602.0,427520,1.0
2020,2020-07-24,630966,12.0,427538,1.0
2020,2020-07-24,631121,2681.0,427509,1.0
2020,2020-07-24,631563,5.0,427248,1.0
2020,2020-07-24,631641,17.0,427362,1.0
2020,2020-07-24,631664,3.0,427533,1.0
2020,2020-07-24,630941,5325.0,427424,1.0
2020,2020-07-24,631514,4.0,427534,1.0
2020,2020-07-24,630989,2889.0,427339,1.0
2020,2020-07-24,631091,2680.0,427019,1.0
2020,2020-07-24,631438,2392.0,427315,1.0
2020,2020-07-24,631378,22.0,554242,1.0
2020,2020-07-24,631182,10.0,427286,1.0
2020,2020-07-25,631642,17.0,427044,1.0
2020,2020-07-25,631666,3.0,427168,1.0
2020,2020-07-25,631515,4.0,573596,1.0
2020,2020-07-25,630992,2889.0,427224,1.0
2020,2020-07-25,630967,12.0,427537,1.0
2020,2020-07-25,630942,5325.0,427554,1.0
2020,2020-07-25,631108,2681.0,482666,1.0
2020,2020-07-25,631181,10.0,483912,1.0
2020,2020-07-25,631453,2392.0,427197,1.0
2020,2020-07-25,631382,22.0,427139,1.0
2020,2020-07-25,631241,3289.0,431232,1.0
2020,2020-07-25,631603,2602.0,427013,1.0
2020,2020-07-25,631565,5.0,427164,1.0
2020,2020-07-25,630899,3309.0,483564,1.0
2020,2020-07-25,631092,2680.0,482641,1.0
2020,2020-07-26,631126,2681.0,503502,1.0
2020,2020-07-26,630856,3309.0,504381,1.0
2020,2020-07-26,631591,2602.0,482620,1.0
2020,2020-07-26,631566,5.0,503586,1.0
2020,2020-07-26,630968,12.0,483569,1.0
2020,2020-07-26,631668,3.0,484198,1.0
2020,2020-07-26,631441,2392.0,484183,1.0
2020,2020-07-26,631517,4.0,594151,1.0
2020,2020-07-26,630993,2889.0,490319,1.0
2020,2020-07-26,631643,17.0,483630,1.0
2020,2020-07-26,630943,5325.0,483561,1.0
2020,2020-07-26,631165,10.0,427243,1.0
2020,2020-07-26,631097,2680.0,483919,1.0
2020,2020-07-26,631240,3289.0,547380,1.0
2020,2020-07-26,631384,22.0,427128,1.0
2020,2020-07-27,631168,10.0,503077,1.0
2020,2020-07-27,631098,2680.0,511890,1.0
2020,2020-07-27,630861,3309.0,427292,1.0
2020,2020-07-27,631592,2602.0,482663,1.0
2020,2020-07-27,630969,12.0,596809,1.0
2020,2020-07-27,631130,31.0,664265,1.0
2020,2020-07-27,631489,2394.0,575629,1.0
2020,2020-07-27,631442,2392.0,573597,1.0
2020,2020-07-27,631669,3.0,427053,1.0
2020,2020-08-05,631127,2681.0,483564,1.0
2020,2020-07-28,631567,5.0,427164,1.0
2020,2020-08-05,631339,4169.0,484499,1.0
2020,2020-07-28,631573,5.0,521251,1.0
2020,2020-07-28,630866,3309.0,429805,1.0
2020,2020-07-28,631593,2602.0,427520,1.0
2020,2020-07-28,630970,12.0,427361,1.0
2020,2020-07-28,631132,31.0,427362,1.0
2020,2020-07-28,631490,2394.0,427534,1.0
2020,2020-07-28,631663,3.0,428442,1.0
2020,2020-07-28,631269,3312.0,605672,1.0
2020,2020-07-28,630944,5325.0,427019,1.0
2020,2020-07-28,631443,2392.0,427315,1.0
2020,2020-07-28,631171,10.0,596805,1.0
2020,2020-07-28,631387,1.0,427344,1.0
2020,2020-07-28,631014,2395.0,427286,1.0
2020,2020-08-06,631129,2681.0,504381,1.0
2020,2020-08-06,631340,4169.0,503490,1.0
2020,2020-07-29,631172,10.0,427424,1.0
2020,2020-07-29,630940,5325.0,482641,1.0
2020,2020-07-29,630916,3309.0,521889,1.0
2020,2020-07-29,631569,5.0,427248,1.0
2020,2020-07-29,631594,2602.0,427013,1.0
2020,2020-07-29,631137,31.0,427044,1.0
2020,2020-07-29,631492,2394.0,573596,1.0
2020,2020-07-29,631444,2392.0,427197,1.0
2020,2020-07-29,631239,3289.0,482631,1.0
2020,2020-07-29,630272,4705.0,431232,1.0
2020,2020-07-29,630495,2.0,484499,1.0
2020,2020-07-29,631270,3312.0,427339,1.0
2020,2020-07-29,631033,2395.0,483912,1.0
2020,2020-07-29,631389,1.0,554242,1.0
2020,2020-08-03,631219,3313.0,544728,1.0
2020,2020-08-04,630575,2.0,427292,1.0
2020,2020-07-30,630917,3309.0,427538,1.0
2020,2020-07-30,630496,2.0,503490,1.0
2020,2020-07-30,631238,3289.0,503493,1.0
2020,2020-07-30,631271,3312.0,427224,1.0
2020,2020-07-30,631494,2394.0,594151,1.0
2020,2020-07-30,630346,4705.0,547380,1.0
2020,2020-07-30,630145,15.0,483919,1.0
2020,2020-07-30,631390,1.0,427139,1.0
2020,2020-07-30,631018,2395.0,524988,1.0
2020,2020-08-29,631595,2602.0,544728,1.0
2020,2020-08-05,631220,3313.0,427220,1.0
2020,2020-08-05,630591,2.0,429805,1.0
2020,2020-07-31,631222,3313.0,489985,1.0
2020,2020-07-31,631480,2394.0,482663,1.0
2020,2020-07-31,630275,4705.0,427533,1.0
2020,2020-07-31,630592,2.0,596809,1.0
2020,2020-07-31,631410,7.0,503586,1.0
2020,2020-07-31,631539,19.0,427243,1.0
2020,2020-07-31,631272,3312.0,490319,1.0
2020,2020-07-31,631647,17.0,575629,1.0
2020,2020-07-31,631391,1.0,484183,1.0
2020,2020-07-31,631019,2395.0,427554,1.0
2020,2020-07-31,630201,15.0,511890,1.0
2020,2020-07-31,631066,680.0,427128,1.0
2020,2020-09-16,631289,32.0,623938,1.0
2020,2020-08-22,631341,4169.0,484499,1.0
2020,2020-08-01,631413,7.0,521251,1.0
2020,2020-08-01,631392,1.0,573597,1.0
2020,2020-08-01,631224,3313.0,427053,1.0
2020,2020-08-01,631273,3312.0,605672,1.0
2020,2020-08-01,630278,4705.0,427168,1.0
2020,2020-08-01,630492,2.0,427361,1.0
2020,2020-08-01,630100,15.0,427019,1.0
2020,2020-08-01,631540,19.0,427286,1.0
2020,2020-08-01,631622,17.0,427534,1.0
2020,2020-08-01,631067,680.0,427344,1.0
2020,2020-08-01,631020,2395.0,483561,1.0
2020,2020-08-02,631469,2394.0,427013,1.0
2020,2020-08-20,630919,2681.0,639723,1.0
2020,2020-08-20,630918,2681.0,483569,1.0
2020,2020-09-18,631342,4169.0,483569,1.0
2020,2020-09-14,631288,32.0,484499,1.0
2020,2020-08-02,631470,2394.0,427520,1.0
2020,2020-08-02,630493,2.0,431232,1.0
2020,2020-08-02,630280,4705.0,484198,1.0
2020,2020-08-02,631415,7.0,427164,1.0
2020,2020-08-02,631274,3312.0,427339,1.0
2020,2020-08-02,631606,17.0,573596,1.0
2020,2020-08-02,631541,19.0,503077,1.0
2020,2020-08-02,631021,2395.0,596805,1.0
2020,2020-08-02,631393,1.0,427315,1.0
2020,2020-08-02,630101,15.0,482641,1.0
2020,2020-08-02,631068,680.0,554242,1.0
2020,2020-08-02,631210,3313.0,428442,1.0
2020,2020-09-20,631329,4169.0,486200,1.0
2020,2020-09-25,631292,32.0,428442,1.0
2020,2020-09-18,630907,2681.0,573596,1.0
2020,2020-08-03,631596,2602.0,427224,1.0
2020,2020-08-03,630281,4705.0,503493,1.0
2020,2020-08-03,631275,3312.0,483630,1.0
2020,2020-08-03,631293,32.0,427248,1.0
2020,2020-08-03,631645,17.0,482620,1.0
2020,2020-08-03,631542,19.0,427424,1.0
2020,2020-08-03,631090,2680.0,524988,1.0
2020,2020-08-03,631070,680.0,427139,1.0
2020,2020-08-04,631276,3312.0,664265,1.0
2020,2020-08-04,631597,2602.0,490319,1.0
2020,2020-08-04,630971,12.0,622329,1.0
2020,2020-08-04,630874,3309.0,427113,1.0
2020,2020-08-04,630284,4705.0,427533,1.0
2020,2020-08-04,631294,32.0,503586,1.0
2020,2020-08-04,631608,17.0,482663,1.0
2020,2020-08-04,631543,19.0,483561,1.0
2020,2020-08-04,630109,15.0,511890,1.0
2020,2020-08-04,631069,2680.0,483912,1.0
2020,2020-08-04,631173,10.0,427128,1.0
2020,2020-08-04,631057,680.0,427197,1.0
2020,2020-08-13,631472,2394.0,0,0.0
2020,2020-09-11,631318,4169.0,427537,1.0
2020,2020-08-05,630878,3309.0,427509,1.0
2020,2020-08-05,630972,12.0,427538,1.0
2020,2020-08-05,631140,31.0,427362,1.0
2020,2020-08-05,631570,5.0,605672,1.0
2020,2020-08-05,630307,4705.0,427168,1.0
2020,2020-08-05,631417,7.0,605673,1.0
2020,2020-08-05,631518,4.0,521251,1.0
2020,2020-08-05,631544,19.0,503077,1.0
2020,2020-08-05,630110,15.0,521051,1.0
2020,2020-08-05,631085,2680.0,483919,1.0
2020,2020-08-05,631174,10.0,427344,1.0
2020,2020-08-05,631043,680.0,484183,1.0
2020,2020-08-13,631471,2394.0,0,0.0
2020,2020-09-10,630994,2394.0,503502,1.0
2020,2020-09-13,631320,4169.0,521889,1.0
2020,2020-09-04,630497,2.0,483630,1.0
2020,2020-08-06,631148,31.0,427044,1.0
2020,2020-08-06,631545,19.0,596805,1.0
2020,2020-08-06,631175,10.0,554242,1.0
2020,2020-08-06,631042,680.0,573597,1.0
2020,2020-08-06,631571,5.0,427339,1.0
2020,2020-08-06,630111,15.0,427019,1.0
2020,2020-08-06,631425,7.0,427013,1.0
2020,2020-08-06,630313,4705.0,484198,1.0
2020,2020-08-06,631513,4.0,427164,1.0
2020,2020-09-10,630995,2394.0,575629,1.0
2020,2020-09-14,631321,4169.0,622329,1.0
2020,2020-08-07,630879,3309.0,482666,1.0
2020,2020-08-07,630974,12.0,521889,1.0
2020,2020-08-07,631105,31.0,594151,1.0
2020,2020-08-07,631237,3289.0,482631,1.0
2020,2020-08-07,631623,3.0,547380,1.0
2020,2020-08-07,631419,7.0,483630,1.0
2020,2020-08-07,631504,4.0,490319,1.0
2020,2020-08-07,631295,32.0,503586,1.0
2020,2020-08-07,630920,5325.0,427139,1.0
2020,2020-08-07,631176,10.0,482641,1.0
2020,2020-08-07,631073,2680.0,427243,1.0
2020,2020-08-07,631045,680.0,427315,1.0
2020,2020-08-07,631358,22.0,427424,1.0
2020,2020-08-09,631131,2681.0,484499,1.0
2020,2020-08-17,630996,2889.0,575629,1.0
2020,2020-08-08,631503,4.0,482663,1.0
2020,2020-08-08,630962,12.0,427537,1.0
2020,2020-08-08,630973,12.0,483569,1.0
2020,2020-08-08,631106,31.0,596740,1.0
2020,2020-08-08,631177,10.0,511890,1.0
2020,2020-08-08,630880,3309.0,503502,1.0
2020,2020-08-08,631133,2681.0,427292,1.0
2020,2020-08-08,630935,5325.0,427344,1.0
2020,2020-08-08,631420,7.0,664265,1.0
2020,2020-08-08,631236,3289.0,489985,1.0
2020,2020-08-08,631296,32.0,521251,1.0
2020,2020-08-08,631658,3.0,427361,1.0
2020,2020-08-08,631074,2680.0,524988,1.0
2020,2020-08-08,631046,680.0,427197,1.0
2020,2020-08-08,631343,22.0,483561,1.0
2020,2020-08-19,630997,2889.0,623938,1.0
2020,2020-08-09,630882,3309.0,427113,1.0
2020,2020-08-09,631136,2681.0,429805,1.0
2020,2020-08-09,631235,3289.0,427053,1.0
2020,2020-08-09,630946,12.0,427538,1.0
2020,2020-08-09,631110,31.0,427534,1.0
2020,2020-08-09,631630,3.0,596809,1.0
2020,2020-08-09,631421,7.0,427362,1.0
2020,2020-08-09,631297,32.0,623938,1.0
2020,2020-08-09,630922,5325.0,608158,1.0
2020,2020-08-09,631178,10.0,521051,1.0
2020,2020-08-09,631075,2680.0,483912,1.0
2020,2020-08-09,631047,680.0,484183,1.0
2020,2020-08-09,631373,22.0,503077,1.0
2020,2020-08-09,631506,4.0,605672,1.0
2020,2020-09-05,630998,2889.0,504381,1.0
2020,2020-08-10,631138,2681.0,503490,1.0
2020,2020-08-10,631233,3289.0,431232,1.0
2020,2020-08-10,631473,2394.0,427248,1.0
2020,2020-08-10,631631,3.0,521889,1.0
2020,2020-08-10,631298,32.0,427224,1.0
2020,2020-08-10,631546,19.0,573597,1.0
2020,2020-08-10,630923,5325.0,554242,1.0
2020,2020-08-10,631445,2392.0,427019,1.0
2020,2020-08-10,631395,1.0,483919,1.0
2020,2020-08-10,631346,22.0,596805,1.0
2020,2020-08-27,630999,2889.0,490319,1.0
2020,2020-08-11,630901,2756.0,428442,1.0
2020,2020-08-11,631598,2602.0,427044,1.0
2020,2020-08-11,631139,2681.0,573596,1.0
2020,2020-08-11,631192,3313.0,427292,1.0
2020,2020-08-11,631572,5.0,482666,1.0
2020,2020-08-11,631243,3289.0,596740,1.0
2020,2020-08-11,631474,2394.0,427164,1.0
2020,2020-08-11,631646,3.0,427537,1.0
2020,2020-08-11,631299,32.0,427339,1.0
2020,2020-08-11,631547,19.0,427315,1.0
2020,2020-08-11,630924,5325.0,427128,1.0
2020,2020-08-11,631446,2392.0,482641,1.0
2020,2020-08-11,631396,1.0,427243,1.0
2020,2020-08-11,631347,22.0,427424,1.0
2020,2020-08-27,631000,2889.0,427339,1.0
2020,2020-08-12,631475,2394.0,503586,1.0
2020,2020-08-12,631535,19.0,427197,1.0
2020,2020-08-12,631397,1.0,427286,1.0
2020,2020-08-12,631568,5.0,427509,1.0
2020,2020-08-12,630902,2756.0,577468,1.0
2020,2020-08-12,631599,2602.0,482620,1.0
2020,2020-08-12,631141,2681.0,594151,1.0
2020,2020-08-12,631208,3313.0,429805,1.0
2020,2020-08-12,631232,3289.0,596809,1.0
2020,2020-08-12,631447,2392.0,623949,1.0
2020,2020-08-12,631300,32.0,490319,1.0
2020,2020-08-12,631648,3.0,483569,1.0
2020,2020-08-12,630926,5325.0,427344,1.0
2020,2020-08-12,631350,22.0,483561,1.0
2020,2020-09-18,630987,2889.0,605672,1.0
2020,2020-08-13,631231,3289.0,547380,1.0
2020,2020-08-13,631142,2681.0,503493,1.0
2020,2020-08-13,631650,3.0,639723,1.0
2020,2020-08-13,631600,2602.0,521251,1.0
2020,2020-08-13,631609,17.0,605672,1.0
2020,2020-08-13,631351,22.0,503077,1.0
2020,2020-08-14,630903,2756.0,521889,1.0
2020,2020-08-14,631683,2.0,427220,1.0
2020,2020-08-14,631150,2681.0,427533,1.0
2020,2020-08-14,631196,3313.0,431232,1.0
2020,2020-08-14,631476,2394.0,503502,1.0
2020,2020-08-14,631601,2602.0,427248,1.0
2020,2020-08-14,631322,4169.0,482631,1.0
2020,2020-08-14,631610,17.0,427224,1.0
2020,2020-08-14,631516,19.0,427139,1.0
2020,2020-08-14,631448,2392.0,521051,1.0
2020,2020-08-14,631381,1.0,596805,1.0
2020,2020-08-14,630115,15.0,484183,1.0
2020,2020-08-14,631022,2395.0,483912,1.0
2020,2020-08-15,631279,3312.0,664265,1.0
2020,2020-08-15,631507,4.0,427013,1.0
2020,2020-08-15,631508,4.0,427520,1.0
2020,2020-08-15,631280,3312.0,483630,1.0
2020,2020-08-15,631611,17.0,427339,1.0
2020,2020-08-15,631151,2681.0,427168,1.0
2020,2020-08-15,631477,2394.0,427113,1.0
2020,2020-08-15,631330,4169.0,427053,1.0
2020,2020-08-15,630905,2756.0,427537,1.0
2020,2020-08-15,631023,2395.0,427243,1.0
2020,2020-08-15,631197,3313.0,596740,1.0
2020,2020-08-15,631449,2392.0,427019,1.0
2020,2020-08-15,630568,2.0,483564,1.0
2020,2020-08-15,630116,15.0,427315,1.0
2020,2020-08-15,631533,19.0,608158,1.0
2020,2020-08-15,631363,1.0,427424,1.0
2020,2020-09-04,631602,2602.0,427053,1.0
2020,2020-08-16,631679,2.0,504381,1.0
2020,2020-08-16,631124,2681.0,484198,1.0
2020,2020-08-16,631479,2394.0,482666,1.0
2020,2020-08-16,631324,4169.0,428442,1.0
2020,2020-08-16,630872,2756.0,483569,1.0
2020,2020-08-16,631450,2392.0,482641,1.0
2020,2020-08-16,631252,3312.0,545402,1.0
2020,2020-08-16,631491,4.0,605673,1.0
2020,2020-08-16,631612,17.0,490319,1.0
2020,2020-08-16,631521,19.0,554242,1.0
2020,2020-08-16,631024,2395.0,607886,1.0
2020,2020-08-16,631364,1.0,483561,1.0
2020,2020-08-16,630117,15.0,427197,1.0
2020,2020-08-16,631198,3313.0,596809,1.0
2020,2020-09-14,631590,2602.0,427113,1.0
2020,2020-08-17,631613,17.0,427509,1.0
2020,2020-08-17,631199,3313.0,547380,1.0
2020,2020-08-17,630316,4705.0,489985,1.0
2020,2020-08-17,631325,4169.0,503493,1.0
2020,2020-08-17,631678,2.0,544728,1.0
2020,2020-08-17,631258,3312.0,427362,1.0
2020,2020-08-17,631493,4.0,482620,1.0
2020,2020-08-17,630927,5325.0,598411,1.0
2020,2020-08-17,631451,2392.0,427128,1.0
2020,2020-08-17,630118,15.0,427286,1.0
2020,2020-08-17,631352,22.0,511890,1.0
2020,2020-08-17,631365,1.0,503077,1.0
2020,2020-08-18,631452,2392.0,427139,1.0
2020,2020-08-18,630928,5325.0,484183,1.0
2020,2020-08-18,631366,1.0,596805,1.0
2020,2020-08-18,630174,15.0,483912,1.0
2020,2020-08-18,631114,31.0,427164,1.0
2020,2020-08-18,631200,3313.0,431232,1.0
2020,2020-08-18,631353,22.0,521051,1.0
2020,2020-08-18,630322,4705.0,577468,1.0
2020,2020-08-18,631326,4169.0,427533,1.0
2020,2020-08-18,631651,3.0,521889,1.0
2020,2020-08-18,631681,2.0,427220,1.0
2020,2020-08-18,631496,4.0,482663,1.0
2020,2020-08-18,631260,3312.0,605672,1.0
2020,2020-08-18,631620,17.0,427113,1.0
2020,2020-08-19,631422,7.0,664265,1.0
2020,2020-08-19,631682,2.0,483564,1.0
2020,2020-08-19,631652,3.0,427537,1.0
2020,2020-08-19,631621,17.0,503502,1.0
2020,2020-08-19,631418,7.0,483630,1.0
2020,2020-08-19,631120,31.0,503586,1.0
2020,2020-08-19,631201,3313.0,596740,1.0
2020,2020-08-19,631327,4169.0,622329,1.0
2020,2020-08-19,631497,4.0,427013,1.0
2020,2020-08-19,631249,3312.0,427224,1.0
2020,2020-08-19,631522,19.0,427344,1.0
2020,2020-08-19,631076,2680.0,427315,1.0
2020,2020-08-19,631179,10.0,623946,1.0
2020,2020-08-19,631048,680.0,483919,1.0
2020,2020-08-19,631025,2395.0,427424,1.0
2020,2020-09-04,630323,4705.0,483569,1.0
2020,2020-08-20,631202,3313.0,596809,1.0
2020,2020-08-20,631498,4.0,605673,1.0
2020,2020-08-20,631523,19.0,554242,1.0
2020,2020-08-20,631118,31.0,521251,1.0
2020,2020-08-20,631049,680.0,482641,1.0
2020,2020-08-20,631248,3312.0,427339,1.0
2020,2020-08-20,631684,2.0,504381,1.0
2020,2020-08-20,631077,2680.0,427197,1.0
2020,2020-08-20,630986,2889.0,427044,1.0
2020,2020-08-20,631180,10.0,427243,1.0
2020,2020-08-20,631026,2395.0,483561,1.0
2020,2020-08-25,631323,4169.0,431232,1.0
2020,2020-08-21,630886,3309.0,427292,1.0
2020,2020-08-21,630960,12.0,427168,1.0
2020,2020-08-21,631103,31.0,544728,1.0
2020,2020-08-21,631548,5.0,482620,1.0
2020,2020-08-21,630324,4705.0,482631,1.0
2020,2020-08-21,631665,2.0,427248,1.0
2020,2020-08-21,631409,7.0,605672,1.0
2020,2020-08-21,630990,2889.0,607884,1.0
2020,2020-08-21,631633,17.0,482666,1.0
2020,2020-08-21,631078,2680.0,524988,1.0
2020,2020-08-21,631050,680.0,511890,1.0
2020,2020-08-21,631348,22.0,427128,1.0
2020,2020-08-21,631186,10.0,573597,1.0
2020,2020-08-21,631027,2395.0,427286,1.0
2020,2020-08-28,631230,3289.0,482663,1.0
2020,2020-08-22,630890,3309.0,503490,1.0
2020,2020-08-22,631104,31.0,427220,1.0
2020,2020-08-22,631154,10.0,596805,1.0
2020,2020-08-22,630948,12.0,503493,1.0
2020,2020-08-22,631403,7.0,427224,1.0
2020,2020-08-22,631564,5.0,427013,1.0
2020,2020-08-22,630338,4705.0,489985,1.0
2020,2020-08-22,631667,2.0,427164,1.0
2020,2020-08-22,630991,2889.0,483630,1.0
2020,2020-08-22,631638,17.0,427509,1.0
2020,2020-08-22,631349,22.0,427139,1.0
2020,2020-08-22,631079,2680.0,598411,1.0
2020,2020-08-22,631051,680.0,521051,1.0
2020,2020-08-22,631028,2395.0,483912,1.0
2020,2020-08-30,631229,3289.0,427520,1.0
2020,2020-08-23,630897,3309.0,594151,1.0
2020,2020-08-23,631670,2.0,503586,1.0
2020,2020-08-23,631551,5.0,605673,1.0
2020,2020-08-23,630949,12.0,429805,1.0
2020,2020-08-23,631107,31.0,483564,1.0
2020,2020-08-23,631412,7.0,490319,1.0
2020,2020-08-23,630976,2889.0,664265,1.0
2020,2020-08-23,631639,17.0,427113,1.0
2020,2020-08-23,631354,22.0,427344,1.0
2020,2020-08-23,631170,10.0,427424,1.0
2020,2020-08-23,631080,2680.0,484183,1.0
2020,2020-08-23,631029,2395.0,503077,1.0
2020,2020-08-23,631052,680.0,483919,1.0
2020,2020-08-23,630273,4705.0,577468,1.0
2020,2020-09-03,631234,3289.0,431232,1.0
2020,2020-08-24,630950,12.0,622329,1.0
2020,2020-08-24,630898,3309.0,482663,1.0
2020,2020-08-24,631468,2394.0,504381,1.0
2020,2020-08-24,631552,5.0,427292,1.0
2020,2020-08-24,630929,5325.0,483561,1.0
2020,2020-08-24,631301,32.0,503502,1.0
2020,2020-08-24,630977,2889.0,427339,1.0
2020,2020-08-24,631439,2392.0,427315,1.0
2020,2020-08-24,630193,15.0,554242,1.0
2020,2020-08-25,631423,2392.0,427197,1.0
2020,2020-08-25,631426,2392.0,623949,1.0
2020,2020-08-25,631227,3289.0,547380,1.0
2020,2020-08-25,630855,3309.0,482620,1.0
2020,2020-08-25,630862,2756.0,427248,1.0
2020,2020-08-25,630951,12.0,427168,1.0
2020,2020-08-25,631467,2394.0,544728,1.0
2020,2020-08-25,631553,5.0,503490,1.0
2020,2020-08-25,630930,5325.0,573597,1.0
2020,2020-08-25,631499,4.0,427044,1.0
2020,2020-08-25,631302,32.0,575629,1.0
2020,2020-08-25,630978,2889.0,605672,1.0
2020,2020-08-25,631081,2680.0,427019,1.0
2020,2020-08-25,630194,15.0,427128,1.0
2020,2020-08-25,631015,2395.0,427243,1.0
2020,2020-08-26,630360,4705.0,482631,1.0
2020,2020-08-26,631500,4.0,623938,1.0
2020,2020-08-26,630361,4705.0,428442,1.0
2020,2020-08-26,630853,3309.0,427520,1.0
2020,2020-08-26,630863,2756.0,521251,1.0
2020,2020-08-26,630952,12.0,503493,1.0
2020,2020-08-26,631455,2394.0,427220,1.0
2020,2020-08-26,631554,5.0,484499,1.0
2020,2020-08-26,631226,3289.0,596740,1.0
2020,2020-08-26,630931,5325.0,596805,1.0
2020,2020-08-26,630979,2889.0,427224,1.0
2020,2020-08-26,630099,15.0,427139,1.0
2020,2020-09-05,631440,2392.0,483912,1.0
2020,2020-08-27,631303,32.0,545402,1.0
2020,2020-08-27,631082,2680.0,521051,1.0
2020,2020-08-27,631001,2395.0,483912,1.0
2020,2020-08-27,631083,2680.0,524988,1.0
2020,2020-08-27,631017,2395.0,427286,1.0
2020,2020-08-27,631290,32.0,482666,1.0
2020,2020-09-25,630203,15.0,644661,1.0
2020,2020-09-12,630932,5325.0,427286,1.0
2020,2020-09-04,630865,2756.0,639723,1.0
2020,2020-09-22,630896,3309.0,483569,1.0
2020,2020-09-17,630953,12.0,623949,1.0
2020,2020-09-04,631456,2394.0,503490,1.0
2020,2020-08-31,631223,3289.0,427013,1.0
2020,2020-08-28,631203,3313.0,427013,1.0
2020,2020-08-28,630871,2756.0,484198,1.0
2020,2020-08-28,631125,2681.0,427534,1.0
2020,2020-08-28,631582,2602.0,483564,1.0
2020,2020-08-28,631501,4.0,427113,1.0
2020,2020-08-28,631304,4169.0,427361,1.0
2020,2020-08-28,631653,3.0,503586,1.0
2020,2020-08-28,630933,5325.0,608158,1.0
2020,2020-08-28,631291,32.0,483630,1.0
2020,2020-08-28,630980,2889.0,607884,1.0
2020,2020-08-28,631524,19.0,483919,1.0
2020,2020-08-28,631394,1.0,484183,1.0
2020,2020-08-28,630216,15.0,427344,1.0
2020,2020-08-29,631457,2394.0,503490,1.0
2020,2020-08-29,631427,2392.0,573597,1.0
2020,2020-08-29,631204,3313.0,596809,1.0
2020,2020-08-29,631458,2394.0,429805,1.0
2020,2020-08-29,630981,2889.0,605672,1.0
2020,2020-08-29,631134,2681.0,573596,1.0
2020,2020-08-29,631502,4.0,503502,1.0
2020,2020-08-29,631581,2602.0,504381,1.0
2020,2020-08-29,631428,2392.0,483561,1.0
2020,2020-08-29,631319,4169.0,547380,1.0
2020,2020-08-29,630906,2756.0,427168,1.0
2020,2020-08-29,630934,5325.0,503077,1.0
2020,2020-08-29,631277,32.0,664265,1.0
2020,2020-08-29,631654,3.0,427164,1.0
2020,2020-08-29,631525,19.0,427019,1.0
2020,2020-08-29,630217,15.0,554242,1.0
2020,2020-08-29,631369,1.0,427315,1.0
2020,2020-08-30,631205,3313.0,482620,1.0
2020,2020-08-30,631584,2602.0,427220,1.0
2020,2020-08-30,631459,2394.0,427292,1.0
2020,2020-08-30,631306,4169.0,622329,1.0
2020,2020-08-30,631655,3.0,427248,1.0
2020,2020-08-30,631505,4.0,575629,1.0
2020,2020-08-30,631278,32.0,427044,1.0
2020,2020-08-30,630982,2889.0,427224,1.0
2020,2020-08-30,630921,5325.0,427243,1.0
2020,2020-08-30,630852,2756.0,503493,1.0
2020,2020-08-30,631526,19.0,524988,1.0
2020,2020-08-30,631371,1.0,427197,1.0
2020,2020-08-30,630219,15.0,427128,1.0
2020,2020-08-30,631135,2681.0,594151,1.0
2020,2020-09-08,631429,2392.0,427019,1.0
2020,2020-08-31,630900,2756.0,573769,1.0
2020,2020-08-31,631374,1.0,623946,1.0
2020,2020-08-31,631585,2602.0,605670,1.0
2020,2020-08-31,631143,2681.0,489985,1.0
2020,2020-08-31,631206,3313.0,596740,1.0
2020,2020-08-31,631656,3.0,521889,1.0
2020,2020-08-31,631281,32.0,427362,1.0
2020,2020-08-31,631414,7.0,607884,1.0
2020,2020-08-31,631247,3312.0,482666,1.0
2020,2020-08-31,631527,19.0,521051,1.0
2020,2020-09-01,631586,2602.0,504381,1.0
2020,2020-09-01,631307,4169.0,484198,1.0
2020,2020-09-01,631109,31.0,483630,1.0
2020,2020-09-01,631153,2681.0,427053,1.0
2020,2020-09-01,631207,3313.0,577468,1.0
2020,2020-09-01,631657,3.0,427538,1.0
2020,2020-09-01,631671,2.0,596809,1.0
2020,2020-09-01,631287,32.0,605673,1.0
2020,2020-09-01,631416,7.0,490319,1.0
2020,2020-09-01,631430,2392.0,427286,1.0
2020,2020-09-01,631261,3312.0,427113,1.0
2020,2020-09-01,631528,19.0,427139,1.0
2020,2020-09-01,631355,22.0,484183,1.0
2020,2020-09-14,631053,680.0,427139,1.0
2020,2020-09-02,631529,19.0,427344,1.0
2020,2020-09-02,631673,2.0,482620,1.0
2020,2020-09-02,631587,2602.0,544728,1.0
2020,2020-09-02,631308,4169.0,427533,1.0
2020,2020-09-02,631111,31.0,664265,1.0
2020,2020-09-02,631145,2681.0,428442,1.0
2020,2020-09-02,631194,3313.0,547380,1.0
2020,2020-09-02,631624,3.0,427537,1.0
2020,2020-09-02,631283,32.0,484499,1.0
2020,2020-09-02,631404,7.0,605672,1.0
2020,2020-09-02,631431,2392.0,483912,1.0
2020,2020-09-02,631253,3312.0,503502,1.0
2020,2020-09-02,631356,22.0,427315,1.0
2020,2020-09-02,631379,1.0,482641,1.0
2020,2020-09-14,631054,680.0,427128,1.0
2020,2020-09-03,631112,31.0,427044,1.0
2020,2020-09-03,631432,2392.0,503077,1.0
2020,2020-09-03,631146,2681.0,482631,1.0
2020,2020-09-03,631368,1.0,427019,1.0
2020,2020-09-03,631614,3.0,644760,1.0
2020,2020-09-03,631405,7.0,575629,1.0
2020,2020-09-03,631370,22.0,623946,1.0
2020,2020-09-26,631055,680.0,511890,1.0
2020,2020-09-04,631262,3312.0,429805,1.0
2020,2020-09-04,631113,31.0,489985,1.0
2020,2020-09-04,631649,3.0,573596,1.0
2020,2020-09-04,630371,4705.0,427538,1.0
2020,2020-09-04,631674,2.0,427362,1.0
2020,2020-09-04,630954,12.0,427168,1.0
2020,2020-09-04,631221,3289.0,427361,1.0
2020,2020-09-04,631555,5.0,427339,1.0
2020,2020-09-04,631406,7.0,482666,1.0
2020,2020-09-04,631644,17.0,427220,1.0
2020,2020-09-04,631357,1.0,427243,1.0
2020,2020-09-04,631041,680.0,596805,1.0
2020,2020-09-04,631345,22.0,573597,1.0
2020,2020-09-04,631156,10.0,483919,1.0
2020,2020-09-04,631003,2395.0,554242,1.0
2020,2020-09-05,631157,10.0,511890,1.0
2020,2020-09-05,631607,17.0,483564,1.0
2020,2020-09-05,630955,12.0,503493,1.0
2020,2020-09-05,631115,31.0,428442,1.0
2020,2020-09-05,631408,7.0,427113,1.0
2020,2020-09-05,631388,1.0,427286,1.0
2020,2020-09-05,631264,3312.0,605673,1.0
2020,2020-09-05,631228,3289.0,596740,1.0
2020,2020-09-05,630383,4705.0,521889,1.0
2020,2020-09-05,631556,5.0,490319,1.0
2020,2020-09-05,631625,3.0,427534,1.0
2020,2020-09-05,631675,2.0,664265,1.0
2020,2020-09-05,631328,22.0,427315,1.0
2020,2020-09-05,631044,680.0,503586,1.0
2020,2020-09-05,631004,2395.0,427128,1.0
2020,2020-09-06,631676,2.0,427044,1.0
2020,2020-09-06,631209,3289.0,577468,1.0
2020,2020-09-06,630491,4705.0,427537,1.0
2020,2020-09-06,630956,12.0,484198,1.0
2020,2020-09-06,631557,5.0,573769,1.0
2020,2020-09-06,631116,31.0,482631,1.0
2020,2020-09-06,631626,3.0,594151,1.0
2020,2020-09-06,631407,7.0,503502,1.0
2020,2020-09-06,631254,3312.0,427292,1.0
2020,2020-09-06,631005,2395.0,427139,1.0
2020,2020-09-06,631359,1.0,524988,1.0
2020,2020-09-06,631158,10.0,521051,1.0
2020,2020-09-06,631030,680.0,483561,1.0
2020,2020-09-06,631604,17.0,623938,1.0
2020,2020-09-06,631344,22.0,623946,1.0
2020,2020-09-07,631225,3289.0,431232,1.0
2020,2020-09-07,630415,4705.0,608093,1.0
2020,2020-09-07,631255,3312.0,484499,1.0
2020,2020-09-07,631605,17.0,544728,1.0
2020,2020-09-07,631031,680.0,644661,1.0
2020,2020-09-07,630857,3309.0,427533,1.0
2020,2020-09-07,631558,5.0,489985,1.0
2020,2020-09-07,630859,2756.0,573596,1.0
2020,2020-09-07,631006,2395.0,427344,1.0
2020,2020-09-07,631159,10.0,482641,1.0
2020,2020-09-07,631084,2680.0,503077,1.0
2020,2020-09-08,630983,2889.0,427509,1.0
2020,2020-09-08,630984,2889.0,482666,1.0
2020,2020-09-08,631149,2681.0,521251,1.0
2020,2020-09-08,631152,2681.0,427164,1.0
2020,2020-09-08,630867,3309.0,427168,1.0
2020,2020-09-08,631559,5.0,427053,1.0
2020,2020-09-08,631160,10.0,483919,1.0
2020,2020-09-08,630860,2756.0,639723,1.0
2020,2020-09-08,631096,31.0,605672,1.0
2020,2020-09-08,631211,3289.0,547380,1.0
2020,2020-09-08,630438,4705.0,483569,1.0
2020,2020-09-08,631460,2394.0,483564,1.0
2020,2020-09-08,630904,5325.0,427243,1.0
2020,2020-09-08,631615,17.0,429805,1.0
2020,2020-09-08,631071,2680.0,573597,1.0
2020,2020-09-08,630220,15.0,554242,1.0
2020,2020-09-08,631007,2395.0,596805,1.0
2020,2020-09-09,631461,2394.0,504381,1.0
2020,2020-09-09,631560,5.0,428442,1.0
2020,2020-09-09,630864,2756.0,427534,1.0
2020,2020-09-09,631100,31.0,427339,1.0
2020,2020-09-09,631212,3289.0,577468,1.0
2020,2020-09-09,630439,4705.0,521889,1.0
2020,2020-09-09,630925,5325.0,427286,1.0
2020,2020-09-09,631056,2680.0,427315,1.0
2020,2020-09-09,631616,17.0,503490,1.0
2020,2020-09-09,631161,10.0,521051,1.0
2020,2020-09-09,630221,15.0,427128,1.0
2020,2020-09-09,631008,2395.0,483561,1.0
2020,2020-09-10,631162,10.0,511890,1.0
2020,2020-09-10,630908,5325.0,483912,1.0
2020,2020-09-10,630869,3309.0,427520,1.0
2020,2020-09-10,631561,5.0,482631,1.0
2020,2020-09-10,630957,12.0,427248,1.0
2020,2020-09-10,631309,4169.0,622329,1.0
2020,2020-09-10,631634,17.0,427292,1.0
2020,2020-09-10,631072,2680.0,427424,1.0
2020,2020-09-10,630223,15.0,427139,1.0
2020,2020-09-11,631183,3313.0,573596,1.0
2020,2020-09-11,631184,3313.0,594151,1.0
2020,2020-09-11,631310,4169.0,427538,1.0
2020,2020-09-11,630873,3309.0,482663,1.0
2020,2020-09-11,630868,2756.0,427361,1.0
2020,2020-09-11,630958,12.0,503586,1.0
2020,2020-09-11,631399,7.0,427224,1.0
2020,2020-09-11,630909,5325.0,524988,1.0
2020,2020-09-11,631256,3312.0,489985,1.0
2020,2020-09-11,631478,4.0,623938,1.0
2020,2020-09-11,631284,32.0,484499,1.0
2020,2020-09-11,630985,2889.0,427113,1.0
2020,2020-09-11,631530,19.0,484183,1.0
2020,2020-09-11,630224,15.0,427344,1.0
2020,2020-09-13,631058,2680.0,596805,1.0
2020,2020-09-12,631185,3313.0,639723,1.0
2020,2020-09-12,630910,5325.0,427243,1.0
2020,2020-09-12,630877,3309.0,427013,1.0
2020,2020-09-12,631311,4169.0,486200,1.0
2020,2020-09-12,630870,2756.0,596740,1.0
2020,2020-09-12,630959,12.0,521251,1.0
2020,2020-09-12,631400,7.0,490319,1.0
2020,2020-09-12,631495,4.0,544728,1.0
2020,2020-09-12,631285,32.0,429805,1.0
2020,2020-09-12,631331,22.0,482641,1.0
2020,2020-09-12,631257,3312.0,427053,1.0
2020,2020-09-12,631531,19.0,503077,1.0
2020,2020-09-12,630225,15.0,598411,1.0
2020,2020-09-12,630988,2889.0,482666,1.0
2020,2020-09-25,631059,2680.0,554242,1.0
2020,2020-09-13,630883,3309.0,482620,1.0
2020,2020-09-13,631187,3313.0,427534,1.0
2020,2020-09-13,630947,12.0,427164,1.0
2020,2020-09-13,631312,4169.0,427538,1.0
2020,2020-09-13,631401,7.0,605672,1.0
2020,2020-09-13,631259,3312.0,428442,1.0
2020,2020-09-13,631481,4.0,483564,1.0
2020,2020-09-13,631286,32.0,503490,1.0
2020,2020-09-13,630961,2889.0,607884,1.0
2020,2020-09-13,630911,5325.0,483912,1.0
2020,2020-09-13,630875,2756.0,431232,1.0
2020,2020-09-13,631532,19.0,573597,1.0
2020,2020-09-13,630226,15.0,554242,1.0
2020,2020-09-13,631060,2680.0,644661,1.0
2020,2020-09-13,631332,22.0,427019,1.0
2020,2020-09-14,631588,2602.0,427509,1.0
2020,2020-09-14,631282,32.0,427292,1.0
2020,2020-09-14,631677,2.0,594151,1.0
2020,2020-09-14,631482,4.0,427220,1.0
2020,2020-09-14,631061,2680.0,483919,1.0
2020,2020-09-15,631574,2602.0,503502,1.0
2020,2020-09-15,630936,12.0,427248,1.0
2020,2020-09-15,631314,4169.0,427164,1.0
2020,2020-09-15,631144,2681.0,503493,1.0
2020,2020-09-15,631195,3313.0,427362,1.0
2020,2020-09-15,631462,2394.0,427339,1.0
2020,2020-09-15,631680,2.0,596809,1.0
2020,2020-09-15,631263,32.0,545402,1.0
2020,2020-09-15,631433,2392.0,427243,1.0
2020,2020-09-15,631483,4.0,504381,1.0
2020,2020-09-15,631618,17.0,482631,1.0
2020,2020-09-15,631520,19.0,427197,1.0
2020,2020-09-15,631062,2680.0,511890,1.0
2020,2020-09-15,631360,1.0,483561,1.0
2020,2020-09-16,631032,680.0,427344,1.0
2020,2020-09-16,630937,12.0,503586,1.0
2020,2020-09-16,631509,19.0,484183,1.0
2020,2020-09-16,631063,2680.0,482641,1.0
2020,2020-09-16,631265,32.0,503490,1.0
2020,2020-09-16,631575,2602.0,482666,1.0
2020,2020-09-16,631315,4169.0,596740,1.0
2020,2020-09-16,631119,2681.0,484198,1.0
2020,2020-09-16,631189,3313.0,483630,1.0
2020,2020-09-16,631463,2394.0,427224,1.0
2020,2020-09-16,631659,2.0,639723,1.0
2020,2020-09-16,631434,2392.0,503077,1.0
2020,2020-09-16,631484,4.0,544728,1.0
2020,2020-09-16,631619,17.0,489985,1.0
2020,2020-09-16,631361,1.0,427424,1.0
2020,2020-09-17,631034,680.0,554242,1.0
2020,2020-09-17,631313,4169.0,521889,1.0
2020,2020-09-17,631485,4.0,483564,1.0
2020,2020-09-17,631362,1.0,644661,1.0
2020,2020-09-17,631660,2.0,521251,1.0
2020,2020-09-17,631101,31.0,577468,1.0
2020,2020-09-17,631117,2681.0,427533,1.0
2020,2020-09-17,631190,3313.0,427044,1.0
2020,2020-09-17,631464,2394.0,427509,1.0
2020,2020-09-17,631435,2392.0,524988,1.0
2020,2020-09-17,631510,19.0,427019,1.0
2020,2020-09-18,631102,31.0,490319,1.0
2020,2020-09-18,631122,2681.0,594151,1.0
2020,2020-09-18,631316,4169.0,427538,1.0
2020,2020-09-18,631465,2394.0,427113,1.0
2020,2020-09-18,631213,3289.0,644760,1.0
2020,2020-09-18,631576,2602.0,427053,1.0
2020,2020-09-18,631627,3.0,547380,1.0
2020,2020-09-18,631661,2.0,605674,1.0
2020,2020-09-18,631436,2392.0,483912,1.0
2020,2020-09-18,631511,19.0,483919,1.0
2020,2020-09-18,631266,32.0,429805,1.0
2020,2020-09-18,631629,17.0,427220,1.0
2020,2020-09-18,631367,1.0,596805,1.0
2020,2020-09-18,631040,2680.0,427128,1.0
2020,2020-09-18,631163,10.0,427315,1.0
2020,2020-09-19,631164,10.0,573597,1.0
2020,2020-09-19,631123,2681.0,482620,1.0
2020,2020-09-19,631466,2394.0,503502,1.0
2020,2020-09-19,631317,4169.0,608093,1.0
2020,2020-09-19,631147,31.0,427339,1.0
2020,2020-09-19,631214,3289.0,503493,1.0
2020,2020-09-19,631577,2602.0,428442,1.0
2020,2020-09-19,631437,2392.0,427243,1.0
2020,2020-09-19,631267,32.0,545402,1.0
2020,2020-09-19,631628,3.0,427361,1.0
2020,2020-09-19,631662,2.0,427248,1.0
2020,2020-09-19,631512,19.0,511890,1.0
2020,2020-09-19,631632,17.0,504381,1.0
2020,2020-09-19,631036,2680.0,427139,1.0
2020,2020-09-19,631372,1.0,483561,1.0
2020,2020-09-20,631672,2.0,503586,1.0
2020,2020-09-20,631635,3.0,596740,1.0
2020,2020-09-20,631454,2394.0,482666,1.0
2020,2020-09-20,631215,3289.0,484198,1.0
2020,2020-09-20,631578,2602.0,482631,1.0
2020,2020-09-20,631305,4169.0,427538,1.0
2020,2020-09-20,631424,2392.0,503077,1.0
2020,2020-09-20,631268,32.0,503490,1.0
2020,2020-09-20,631128,2681.0,639723,1.0
2020,2020-09-20,631519,19.0,482641,1.0
2020,2020-09-20,631086,31.0,427224,1.0
2020,2020-09-20,631037,2680.0,427344,1.0
2020,2020-09-20,631166,10.0,427197,1.0
2020,2020-09-20,631375,1.0,427424,1.0
2020,2020-09-20,631617,17.0,544728,1.0
2020,2020-09-21,631376,1.0,644661,1.0
2020,2020-09-21,630884,3309.0,608093,1.0
2020,2020-09-21,631562,5.0,483564,1.0
2020,2020-09-21,630876,2756.0,431232,1.0
2020,2020-09-21,631579,2602.0,489985,1.0
2020,2020-09-21,631087,31.0,573596,1.0
2020,2020-09-21,631216,3289.0,427520,1.0
2020,2020-09-21,630440,4705.0,427533,1.0
2020,2020-09-21,631402,7.0,427292,1.0
2020,2020-09-21,631038,680.0,427286,1.0
2020,2020-09-21,631009,2395.0,427019,1.0
2020,2020-09-22,630888,3309.0,521889,1.0
2020,2020-09-22,631550,5.0,427220,1.0
2020,2020-09-22,630881,2756.0,547380,1.0
2020,2020-09-22,631580,2602.0,427053,1.0
2020,2020-09-22,631088,31.0,427534,1.0
2020,2020-09-22,631217,3289.0,482663,1.0
2020,2020-09-22,630385,4705.0,503493,1.0
2020,2020-09-22,631636,3.0,521251,1.0
2020,2020-09-22,631251,3312.0,427509,1.0
2020,2020-09-22,631411,7.0,484499,1.0
2020,2020-09-22,631064,2680.0,554242,1.0
2020,2020-09-22,631039,680.0,483912,1.0
2020,2020-09-22,630243,15.0,596805,1.0
2020,2020-09-22,631333,22.0,484183,1.0
2020,2020-09-22,631010,2395.0,483919,1.0
2020,2020-09-23,631065,2680.0,427128,1.0
2020,2020-09-23,630892,3309.0,427538,1.0
2020,2020-09-23,630263,15.0,521051,1.0
2020,2020-09-23,631534,5.0,504381,1.0
2020,2020-09-23,630885,2756.0,596809,1.0
2020,2020-09-23,631035,680.0,427243,1.0
2020,2020-09-23,631583,2602.0,428442,1.0
2020,2020-09-23,631089,31.0,594151,1.0
2020,2020-09-23,631218,3289.0,427013,1.0
2020,2020-09-23,630554,4705.0,644760,1.0
2020,2020-09-23,631637,3.0,427164,1.0
2020,2020-09-23,631250,3312.0,427113,1.0
2020,2020-09-23,631380,7.0,429805,1.0
2020,2020-09-23,631334,22.0,427315,1.0
2020,2020-09-23,631011,2395.0,511890,1.0
2020,2020-09-24,631099,31.0,639723,1.0
2020,2020-09-24,631012,2395.0,482641,1.0
2020,2020-09-24,630893,3309.0,521889,1.0
2020,2020-09-24,631549,5.0,544728,1.0
2020,2020-09-24,630887,2756.0,596740,1.0
2020,2020-09-24,631685,4705.0,484198,1.0
2020,2020-09-24,631640,3.0,605674,1.0
2020,2020-09-24,631398,7.0,503490,1.0
2020,2020-09-24,630912,5325.0,503077,1.0
2020,2020-09-24,630975,2889.0,605670,1.0
2020,2020-09-24,631335,22.0,573597,1.0
2020,2020-09-25,630963,2889.0,489985,1.0
2020,2020-09-25,630889,2756.0,427361,1.0
2020,2020-09-25,630270,15.0,427424,1.0
2020,2020-09-25,630938,12.0,482620,1.0
2020,2020-09-25,631191,3313.0,483630,1.0
2020,2020-09-25,631536,5.0,573596,1.0
2020,2020-09-25,631013,2395.0,427139,1.0
2020,2020-09-25,630569,4705.0,427533,1.0
2020,2020-09-25,631383,7.0,427292,1.0
2020,2020-09-25,630913,5325.0,427286,1.0
2020,2020-09-25,631246,3312.0,503502,1.0
2020,2020-09-25,631486,4.0,483564,1.0
2020,2020-09-25,631336,22.0,427197,1.0
2020,2020-09-25,631167,10.0,427019,1.0
2020,2020-09-26,630894,3309.0,486200,1.0
2020,2020-09-26,631193,3313.0,427362,1.0
2020,2020-09-26,630895,3309.0,483569,1.0
2020,2020-09-26,631169,10.0,483919,1.0
2020,2020-09-26,630891,2756.0,547380,1.0
2020,2020-09-26,631385,7.0,484499,1.0
2020,2020-09-26,630914,5325.0,483912,1.0
2020,2020-09-26,630939,12.0,427520,1.0
2020,2020-09-26,630964,2889.0,482631,1.0
2020,2020-09-26,631537,5.0,427534,1.0
2020,2020-09-26,631245,3312.0,482666,1.0
2020,2020-09-26,630570,4705.0,644760,1.0
2020,2020-09-26,631487,4.0,427220,1.0
2020,2020-09-26,630271,15.0,483561,1.0
2020,2020-09-26,631337,22.0,484183,1.0
2020,2020-09-26,631016,2395.0,427344,1.0
2020,2020-09-27,631386,7.0,623938,1.0
2020,2020-09-27,630854,3309.0,608093,1.0
2020,2020-09-27,631002,2395.0,427128,1.0
2020,2020-09-27,630915,5325.0,427243,1.0
2020,2020-09-27,631188,3313.0,427044,1.0
2020,2020-09-27,630858,2756.0,545402,1.0
2020,2020-09-27,630202,15.0,521051,1.0
2020,2020-09-27,631338,22.0,623946,1.0
2020,2020-09-27,631538,5.0,594151,1.0
2020,2020-09-27,631155,10.0,482641,1.0
2020,2020-09-27,631244,3312.0,427509,1.0
2020,2020-09-27,630945,12.0,482663,1.0
2020,2020-09-27,630573,4705.0,427168,1.0
2020,2020-09-27,631488,4.0,504381,1.0
2020,2020-09-27,630965,2889.0,427053,1.0
2020,2020-09-29,635907,3312.0,482666,1.0
2020,2020-09-29,635910,10.0,503077,1.0
2020,2020-09-29,635913,12.0,547380,1.0
2020,2020-09-29,635904,5.0,490319,1.0
2020,2020-09-30,635914,4705.0,521889,1.0
2020,2020-09-30,635906,3312.0,484499,1.0
2020,2020-09-30,635889,17.0,573596,1.0
2020,2020-09-30,635909,10.0,483912,1.0
2020,2020-09-30,635912,12.0,482620,1.0
2020,2020-09-30,635884,2680.0,573597,1.0
2020,2020-09-30,635903,5.0,483630,1.0
2020,2020-09-30,635893,22.0,483919,1.0
2020,2020-10-01,635894,4705.0,427168,1.0
2020,2020-10-01,635908,10.0,427019,1.0
2020,2020-10-01,635918,2680.0,484183,1.0
2020,2020-10-01,635876,22.0,511890,1.0
2020,2020-10-02,635935,17.0,504381,1.0
2020,2020-10-02,635932,2680.0,428442,1.0
2020,2020-10-05,635916,22.0,503586,1.0
2020,2020-10-05,635901,2680.0,482663,1.0
2020,2020-10-06,635885,2392.0,427164,1.0
2020,2020-10-06,635940,22.0,427224,1.0
2020,2020-10-06,635900,2680.0,427044,1.0
2020,2020-10-06,635892,5325.0,483561,1.0
2020,2020-10-07,635883,2392.0,483564,1.0
2020,2020-10-07,635927,22.0,427339,1.0
2020,2020-10-07,635899,2680.0,427053,1.0
2020,2020-10-07,635933,5325.0,427220,1.0
2020,2020-10-08,635921,2392.0,427533,1.0
2020,2020-10-08,635936,22.0,427113,1.0
2020,2020-10-08,635938,2680.0,429805,1.0
2020,2020-10-08,635898,5325.0,427344,1.0
2020,2020-10-09,635920,2680.0,427243,1.0
2020,2020-10-11,635917,2680.0,484499,1.0
2020,2020-10-12,635937,2680.0,483630,1.0
2020,2020-10-12,635881,5325.0,573596,1.0
2020,2020-10-13,635931,5325.0,504381,1.0
2020,2020-10-13,635915,2680.0,427362,1.0
2020,2020-10-14,635880,5325.0,427424,1.0
2020,2020-10-14,635939,2680.0,482620,1.0
2020,2020-10-15,635930,2680.0,427019,1.0
2020,2020-10-15,635928,5325.0,484183,1.0
2020,2020-10-16,635929,2680.0,427509,1.0
2020,2020-10-16,635879,5325.0,427248,1.0
2020,2020-10-17,635924,5325.0,484198,1.0
2020,2020-10-17,635895,2680.0,427013,1.0
2020,2020-10-18,635888,5325.0,428442,1.0
2020,2020-10-20,635925,5325.0,427113,1.0
2020,2020-10-21,635896,5325.0,429805,1.0
2020,2020-10-23,635923,5325.0,427344,1.0
2020,2020-10-24,635897,5325.0,427197,1.0
2020,2020-10-25,635887,5325.0,427243,1.0
2020,2020-10-27,635886,5325.0,427339,1.0
2021,2021-04-01,634642,3313.0,427053,1.0
2021,2021-04-01,634645,2394.0,427184,1.0
2021,2021-04-01,634638,32.0,427095,1.0
2021,2021-04-01,634634,17.0,427533,1.0
2021,2021-04-01,634622,2681.0,427344,1.0
2021,2021-04-01,634615,19.0,427534,1.0
2021,2021-04-01,634618,2680.0,427019,1.0
2021,2021-04-01,634636,2602.0,427424,1.0
2021,2021-04-01,634630,7.0,427339,1.0
2021,2021-04-01,634652,4169.0,427299,1.0
2021,2021-04-01,634655,1.0,427520,1.0
2021,2021-04-01,634640,10.0,427192,1.0
2021,2021-04-01,634625,680.0,427362,1.0
2021,2021-04-02,634627,3.0,427538,1.0
2021,2021-06-19,634647,3309.0,503077,1.0
2021,2021-04-02,634602,4169.0,427537,1.0
2021,2021-04-02,634653,19.0,482620,1.0
2021,2021-04-02,634631,1.0,427243,1.0
2021,2021-04-02,634605,10.0,482641,1.0
2021,2021-04-02,634576,2680.0,427220,1.0
2021,2021-04-02,634578,680.0,427113,1.0
2021,2021-04-03,634644,3313.0,428442,1.0
2021,2021-04-03,634577,3.0,427292,1.0
2021,2021-04-03,634573,2394.0,427013,1.0
2021,2021-04-03,634604,7.0,427224,1.0
2021,2021-04-03,634643,17.0,427197,1.0
2021,2021-04-03,634580,2681.0,427139,1.0
2021,2021-04-03,634629,10.0,483564,1.0
2021,2021-04-03,634654,2602.0,427413,1.0
2021,2021-04-03,634596,4169.0,482631,1.0
2021,2021-04-03,634575,32.0,427044,1.0
2021,2021-04-03,634633,19.0,573596,1.0
2021,2021-04-03,634623,2680.0,521889,1.0
2021,2021-04-03,634646,1.0,482663,1.0
2021,2021-04-03,634639,680.0,503586,1.0
2021,2021-06-28,634620,3309.0,598411,1.0
2021,2021-04-04,634617,2681.0,427286,1.0
2021,2021-04-04,634607,3313.0,490319,1.0
2021,2021-04-04,634610,3.0,427129,1.0
2021,2021-04-04,634611,2394.0,596809,1.0
2021,2021-04-04,634560,2602.0,429805,1.0
2021,2021-04-04,634593,7.0,483569,1.0
2021,2021-04-04,634597,32.0,431232,1.0
2021,2021-04-04,634613,17.0,594151,1.0
2021,2021-04-04,634557,19.0,521251,1.0
2021,2021-04-04,634651,10.0,503493,1.0
2021,2021-04-04,634572,2680.0,664265,1.0
2021,2021-04-04,634637,1.0,554242,1.0
2021,2021-09-04,634556,3309.0,521251,1.0
2021,2021-04-05,634588,2394.0,503077,1.0
2021,2021-04-05,634612,5325.0,596740,1.0
2021,2021-04-05,634616,5.0,489985,1.0
2021,2021-04-05,634587,3313.0,427235,1.0
2021,2021-04-05,634558,2602.0,504381,1.0
2021,2021-04-05,634562,4169.0,511890,1.0
2021,2021-04-05,634606,2681.0,427366,1.0
2021,2021-04-05,634601,3.0,427248,1.0
2021,2021-04-05,634566,17.0,484198,1.0
2021,2021-04-05,634552,1.0,427019,1.0
2021,2021-04-05,634600,10.0,427192,1.0
2021,2021-04-05,634591,2680.0,427520,1.0
2021,2021-04-05,634551,680.0,484499,1.0
2021,2021-04-07,634595,3309.0,639723,1.0
2021,2021-04-06,634603,2394.0,427095,1.0
2021,2021-04-06,634624,3309.0,427315,1.0
2021,2021-04-06,634586,1.0,427220,1.0
2021,2021-04-06,634599,3313.0,427168,1.0
2021,2021-04-06,634530,2602.0,427184,1.0
2021,2021-04-06,634594,4169.0,427299,1.0
2021,2021-04-06,634608,2681.0,482666,1.0
2021,2021-04-06,634590,3.0,427164,1.0
2021,2021-04-06,634559,17.0,427533,1.0
2021,2021-04-06,634635,5325.0,427339,1.0
2021,2021-04-06,634619,19.0,427534,1.0
2021,2021-04-06,634628,10.0,482641,1.0
2021,2021-04-06,634529,2680.0,427243,1.0
2021,2021-04-06,634609,680.0,427362,1.0
2021,2021-04-07,634527,3309.0,483561,1.0
2021,2021-04-07,634570,2602.0,427013,1.0
2021,2021-04-07,634589,5.0,427424,1.0
2021,2021-04-07,634641,3.0,482608,1.0
2021,2021-04-07,634598,2394.0,427044,1.0
2021,2021-04-07,634583,5325.0,427224,1.0
2021,2021-04-07,634549,17.0,427197,1.0
2021,2021-04-07,634567,10.0,483564,1.0
2021,2021-04-07,634626,2681.0,503502,1.0
2021,2021-04-07,634563,2680.0,427128,1.0
2021,2021-04-07,634592,680.0,521051,1.0
2021,2021-04-07,634585,4169.0,427509,1.0
2021,2021-04-07,634539,3313.0,427554,1.0
2021,2021-04-07,634542,19.0,482620,1.0
2021,2021-04-08,634584,3289.0,427292,1.0
2021,2021-04-08,634555,31.0,596809,1.0
2021,2021-04-08,634544,2.0,605672,1.0
2021,2021-04-08,634564,19.0,573596,1.0
2021,2021-04-08,634550,3312.0,427113,1.0
2021,2021-04-08,634565,4.0,427413,1.0
2021,2021-04-08,634568,2889.0,577468,1.0
2021,2021-04-08,634545,2536.0,623938,1.0
2021,2021-04-08,634546,2392.0,521889,1.0
2021,2021-04-09,634499,12.0,483912,1.0
2021,2021-04-09,634533,22.0,503493,1.0
2021,2021-04-09,634494,2395.0,521251,1.0
2021,2021-04-09,634512,2536.0,511890,1.0
2021,2021-04-09,634505,5.0,431232,1.0
2021,2021-04-09,634534,4705.0,547380,1.0
2021,2021-04-09,634478,5325.0,483569,1.0
2021,2021-04-09,634537,2392.0,664265,1.0
2021,2021-04-09,634540,15.0,554242,1.0
2021,2021-04-10,632201,3289.0,427366,1.0
2021,2021-04-10,632217,12.0,427235,1.0
2021,2021-04-10,632205,3312.0,503077,1.0
2021,2021-04-10,632222,2889.0,484198,1.0
2021,2021-04-10,632202,2392.0,427019,1.0
2021,2021-04-10,632169,2395.0,596805,1.0
2021,2021-04-10,632218,5.0,427095,1.0
2021,2021-04-10,632195,31.0,504381,1.0
2021,2021-04-10,634491,2.0,427248,1.0
2021,2021-04-10,632193,5325.0,596740,1.0
2021,2021-04-10,632227,2536.0,427299,1.0
2021,2021-04-10,634524,4705.0,427315,1.0
2021,2021-04-10,634484,15.0,427520,1.0
2021,2021-04-10,632191,22.0,427192,1.0
2021,2021-05-14,634656,4.0,483564,1.0
2021,2021-04-11,632200,2.0,427164,1.0
2021,2021-04-11,632225,31.0,427184,1.0
2021,2021-04-11,632228,5.0,605674,1.0
2021,2021-04-11,632192,3289.0,427509,1.0
2021,2021-04-11,632232,12.0,427168,1.0
2021,2021-04-11,632215,3312.0,484499,1.0
2021,2021-04-11,632170,4.0,429805,1.0
2021,2021-04-11,632196,2889.0,427533,1.0
2021,2021-04-11,632233,5325.0,639723,1.0
2021,2021-04-11,632188,2395.0,482620,1.0
2021,2021-04-11,632209,15.0,427243,1.0
2021,2021-04-11,632214,22.0,482641,1.0
2021,2021-04-11,632207,4705.0,483561,1.0
2021,2021-08-10,632208,2536.0,427339,1.0
2021,2021-04-12,632198,31.0,427339,1.0
2021,2021-04-12,632203,2536.0,427537,1.0
2021,2021-04-12,632204,12.0,427554,1.0
2021,2021-04-12,632219,4705.0,427509,1.0
2021,2021-04-12,632221,32.0,427362,1.0
2021,2021-04-12,632230,2889.0,483564,1.0
2021,2021-04-12,632220,2392.0,427220,1.0
2021,2021-04-12,632197,7.0,427197,1.0
2021,2021-04-12,632216,4.0,573597,1.0
2021,2021-04-12,632231,15.0,482663,1.0
2021,2021-04-12,634648,2395.0,573596,1.0
2021,2021-04-14,632223,3312.0,644760,1.0
2021,2021-04-13,632224,2.0,427292,1.0
2021,2021-04-13,632226,3289.0,544728,1.0
2021,2021-04-13,632190,3312.0,427053,1.0
2021,2021-04-13,632206,15.0,428442,1.0
2021,2021-04-13,632213,2.0,503502,1.0
2021,2021-04-13,632189,3289.0,427538,1.0
2021,2021-04-13,634535,31.0,483569,1.0
2021,2021-04-13,634569,2536.0,623938,1.0
2021,2021-04-13,634489,12.0,575629,1.0
2021,2021-04-13,632211,4705.0,547380,1.0
2021,2021-04-13,632194,32.0,482631,1.0
2021,2021-04-13,634502,2889.0,427013,1.0
2021,2021-04-13,632229,2392.0,521889,1.0
2021,2021-04-13,632210,7.0,484198,1.0
2021,2021-04-13,632199,4.0,427344,1.0
2021,2021-04-13,634510,2395.0,521251,1.0
2021,2021-04-13,632212,22.0,427206,1.0
2021,2021-04-14,634513,2536.0,503586,1.0
2021,2021-04-14,634541,2889.0,503493,1.0
2021,2021-04-14,634553,32.0,427113,1.0
2021,2021-04-14,634495,7.0,482666,1.0
2021,2021-04-14,634574,3312.0,503490,1.0
2021,2021-04-14,634582,2395.0,427534,1.0
2021,2021-04-14,634523,31.0,596740,1.0
2021,2021-04-14,634521,2392.0,664265,1.0
2021,2021-04-14,634496,12.0,427235,1.0
2021,2021-04-14,634528,3289.0,573769,1.0
2021,2021-04-14,634581,4705.0,427315,1.0
2021,2021-04-14,634516,4.0,427139,1.0
2021,2021-04-14,634614,22.0,427093,1.0
2021,2021-04-15,634472,2.0,605674,1.0
2021,2021-04-15,634579,4705.0,483561,1.0
2021,2021-04-15,634621,31.0,639723,1.0
2021,2021-04-15,634571,2.0,427366,1.0
2021,2021-04-15,634554,3312.0,490319,1.0
2021,2021-04-15,634501,4.0,427286,1.0
2021,2021-04-15,634481,3309.0,554242,1.0
2021,2021-04-15,634522,12.0,427168,1.0
2021,2021-04-15,634475,7.0,577468,1.0
2021,2021-04-15,634632,10.0,427019,1.0
2021,2021-04-15,634547,22.0,484183,1.0
2021,2021-06-25,634515,3289.0,605672,1.0
2021,2021-04-16,634548,17.0,521051,1.0
2021,2021-04-16,634469,3309.0,427520,1.0
2021,2021-04-16,634474,2681.0,427192,1.0
2021,2021-04-16,634464,3313.0,427299,1.0
2021,2021-04-16,634482,2602.0,482620,1.0
2021,2021-04-16,634519,4169.0,427509,1.0
2021,2021-04-16,634463,5325.0,427554,1.0
2021,2021-04-16,634483,32.0,427224,1.0
2021,2021-04-16,634526,1.0,427053,1.0
2021,2021-04-16,634525,10.0,427220,1.0
2021,2021-04-16,634531,2680.0,483919,1.0
2021,2021-04-16,634517,680.0,503502,1.0
2021,2021-04-18,634518,3.0,427139,1.0
2021,2021-04-17,634520,7.0,484198,1.0
2021,2021-04-17,634561,19.0,544728,1.0
2021,2021-04-17,634507,3309.0,482663,1.0
2021,2021-04-17,634500,3313.0,427537,1.0
2021,2021-04-17,634477,7.0,427197,1.0
2021,2021-04-17,634462,17.0,427362,1.0
2021,2021-04-17,634470,2681.0,483564,1.0
2021,2021-04-17,634471,3.0,573597,1.0
2021,2021-04-17,634479,10.0,521889,1.0
2021,2021-04-17,634460,2602.0,573596,1.0
2021,2021-04-17,634485,19.0,427129,1.0
2021,2021-04-17,634450,4169.0,547380,1.0
2021,2021-04-17,634543,5325.0,575629,1.0
2021,2021-04-17,634473,32.0,427339,1.0
2021,2021-04-17,634449,2680.0,427206,1.0
2021,2021-04-17,634447,680.0,427292,1.0
2021,2021-05-20,634465,1.0,490319,1.0
2021,2021-04-18,634493,3309.0,428442,1.0
2021,2021-04-18,634498,2681.0,427013,1.0
2021,2021-04-18,634458,3313.0,623938,1.0
2021,2021-04-18,634487,2602.0,521251,1.0
2021,2021-04-18,634532,3.0,427344,1.0
2021,2021-04-18,634425,4169.0,427315,1.0
2021,2021-04-18,634442,7.0,482666,1.0
2021,2021-04-18,634455,32.0,483569,1.0
2021,2021-04-18,634511,5325.0,427235,1.0
2021,2021-04-18,634468,19.0,427538,1.0
2021,2021-04-18,634480,10.0,664265,1.0
2021,2021-04-18,634488,2680.0,427093,1.0
2021,2021-04-18,634538,680.0,427366,1.0
2021,2021-04-18,634506,17.0,482631,1.0
2021,2021-05-20,634441,1.0,427044,1.0
2021,2021-04-19,634445,3.0,427286,1.0
2021,2021-04-19,634431,3309.0,554242,1.0
2021,2021-04-19,634457,2681.0,427044,1.0
2021,2021-04-19,634396,7.0,577468,1.0
2021,2021-04-19,634536,1.0,503490,1.0
2021,2021-04-19,634421,680.0,489985,1.0
2021,2021-04-19,634399,2680.0,484183,1.0
2021,2021-04-20,634466,10.0,482608,1.0
2021,2021-04-20,634417,680.0,427424,1.0
2021,2021-04-20,634397,5.0,427128,1.0
2021,2021-04-20,634490,10.0,605672,1.0
2021,2021-04-20,634422,3313.0,427113,1.0
2021,2021-04-20,634408,2602.0,596740,1.0
2021,2021-04-20,634427,4169.0,483912,1.0
2021,2021-04-20,634509,3309.0,427520,1.0
2021,2021-04-20,634439,2681.0,431232,1.0
2021,2021-04-20,634409,3.0,573597,1.0
2021,2021-04-20,634411,17.0,596805,1.0
2021,2021-04-20,634407,7.0,594151,1.0
2021,2021-04-20,634406,19.0,605674,1.0
2021,2021-04-20,634398,1.0,639723,1.0
2021,2021-04-20,634392,2680.0,483919,1.0
2021,2021-04-21,634390,2394.0,573596,1.0
2021,2021-04-21,634428,2681.0,503077,1.0
2021,2021-04-21,634497,4169.0,427168,1.0
2021,2021-04-21,634423,2394.0,482620,1.0
2021,2021-04-21,634424,19.0,503502,1.0
2021,2021-04-21,634440,10.0,427248,1.0
2021,2021-04-21,634405,3309.0,482663,1.0
2021,2021-04-21,634430,1.0,490319,1.0
2021,2021-04-21,634476,2680.0,427206,1.0
2021,2021-04-21,634504,3313.0,484499,1.0
2021,2021-04-21,634444,2602.0,573769,1.0
2021,2021-04-21,634459,3.0,427139,1.0
2021,2021-04-21,634453,17.0,427129,1.0
2021,2021-04-21,634446,7.0,427533,1.0
2021,2021-05-31,634452,5.0,428442,1.0
2021,2021-04-22,634514,2602.0,427339,1.0
2021,2021-04-22,634492,2394.0,427534,1.0
2021,2021-04-22,634436,5.0,504381,1.0
2021,2021-04-22,634508,3.0,427344,1.0
2021,2021-04-22,634419,17.0,544728,1.0
2021,2021-04-22,634438,2392.0,427292,1.0
2021,2021-04-22,634432,2395.0,427554,1.0
2021,2021-04-22,634420,22.0,427413,1.0
2021,2021-04-23,634426,17.0,427093,1.0
2021,2021-04-23,634389,2.0,521051,1.0
2021,2021-04-23,634412,2394.0,521251,1.0
2021,2021-04-23,634429,3289.0,427243,1.0
2021,2021-04-23,634386,3.0,427286,1.0
2021,2021-04-23,634413,12.0,427197,1.0
2021,2021-04-23,634437,5.0,427164,1.0
2021,2021-04-23,634415,4705.0,483569,1.0
2021,2021-04-23,634383,2392.0,427366,1.0
2021,2021-04-23,634434,3312.0,664265,1.0
2021,2021-04-23,634435,4.0,427053,1.0
2021,2021-04-23,634378,2889.0,427538,1.0
2021,2021-04-23,634401,19.0,427095,1.0
2021,2021-04-23,634369,2395.0,575629,1.0
2021,2021-04-23,634370,22.0,429805,1.0
2021,2021-04-24,634375,2394.0,573596,1.0
2021,2021-04-24,634373,3.0,623938,1.0
2021,2021-04-24,634467,3312.0,605672,1.0
2021,2021-04-24,634395,2889.0,596805,1.0
2021,2021-04-24,634416,17.0,484183,1.0
2021,2021-04-24,634443,3289.0,554242,1.0
2021,2021-04-24,634366,2392.0,605674,1.0
2021,2021-04-24,634358,12.0,577468,1.0
2021,2021-04-24,634486,5.0,427184,1.0
2021,2021-04-24,634367,2.0,482631,1.0
2021,2021-04-24,634384,4.0,503490,1.0
2021,2021-04-24,634418,19.0,427044,1.0
2021,2021-04-24,634503,2395.0,483912,1.0
2021,2021-04-24,634361,22.0,489985,1.0
2021,2021-04-25,634380,4705.0,573769,1.0
2021,2021-04-25,634454,2.0,427113,1.0
2021,2021-04-25,634448,2394.0,482620,1.0
2021,2021-04-25,634344,3289.0,427139,1.0
2021,2021-04-25,634355,3.0,573597,1.0
2021,2021-04-25,634376,12.0,594151,1.0
2021,2021-04-25,634372,5.0,427128,1.0
2021,2021-04-25,634404,4705.0,596740,1.0
2021,2021-04-25,634403,2392.0,503502,1.0
2021,2021-04-25,634349,3312.0,482608,1.0
2021,2021-04-25,634393,4.0,639723,1.0
2021,2021-04-25,634456,2889.0,427129,1.0
2021,2021-04-25,634400,17.0,483919,1.0
2021,2021-04-25,634388,19.0,596809,1.0
2021,2021-04-25,634342,2395.0,427168,1.0
2021,2021-04-25,634356,22.0,427424,1.0
2021,2021-04-26,634451,2394.0,427534,1.0
2021,2021-04-26,634394,5.0,427206,1.0
2021,2021-04-26,634433,2.0,504381,1.0
2021,2021-04-26,634343,12.0,503493,1.0
2021,2021-04-26,634402,4705.0,427339,1.0
2021,2021-04-26,634461,32.0,427235,1.0
2021,2021-04-26,634345,2889.0,428442,1.0
2021,2021-04-26,634377,5325.0,482666,1.0
2021,2021-04-26,634382,2392.0,483561,1.0
2021,2021-04-26,634374,2395.0,503077,1.0
2021,2021-04-26,634363,22.0,427019,1.0
2021,2021-04-27,634339,5.0,427093,1.0
2021,2021-04-27,634331,31.0,427164,1.0
2021,2021-04-27,634387,2.0,427184,1.0
2021,2021-04-27,634335,2536.0,427533,1.0
2021,2021-04-27,634410,3289.0,511890,1.0
2021,2021-04-27,634368,12.0,431232,1.0
2021,2021-04-27,634351,4705.0,483569,1.0
2021,2021-04-27,634320,32.0,575629,1.0
2021,2021-04-27,634318,2889.0,490319,1.0
2021,2021-04-27,634359,5325.0,427292,1.0
2021,2021-04-27,634333,2392.0,427509,1.0
2021,2021-04-27,634332,4.0,521251,1.0
2021,2021-04-27,634364,15.0,427413,1.0
2021,2021-04-27,634354,2395.0,427095,1.0
2021,2021-04-27,634379,22.0,427220,1.0
2021,2021-04-28,634371,5.0,484183,1.0
2021,2021-04-28,634317,32.0,483912,1.0
2021,2021-04-28,634365,22.0,427013,1.0
2021,2021-04-28,634315,31.0,664265,1.0
2021,2021-04-28,634310,3289.0,427299,1.0
2021,2021-04-28,634362,2.0,608093,1.0
2021,2021-04-28,634348,2536.0,484198,1.0
2021,2021-04-28,634308,12.0,427192,1.0
2021,2021-04-28,634414,4705.0,607884,1.0
2021,2021-04-28,634314,2889.0,503490,1.0
2021,2021-04-28,634350,5325.0,427366,1.0
2021,2021-04-28,634360,2392.0,644661,1.0
2021,2021-04-28,634322,15.0,429805,1.0
2021,2021-04-28,634309,2395.0,427044,1.0
2021,2021-04-29,634357,4.0,482620,1.0
2021,2021-04-29,634300,2.0,427128,1.0
2021,2021-04-29,634296,12.0,482641,1.0
2021,2021-04-29,634352,2889.0,639723,1.0
2021,2021-04-29,634353,2392.0,427315,1.0
2021,2021-04-29,634330,4.0,503586,1.0
2021,2021-04-29,634347,4705.0,482631,1.0
2021,2021-04-29,634346,32.0,521889,1.0
2021,2021-04-29,634289,5325.0,605674,1.0
2021,2021-04-29,634385,15.0,489985,1.0
2021,2021-04-30,634325,31.0,428442,1.0
2021,2021-04-30,634336,2681.0,605672,1.0
2021,2021-04-30,634274,3309.0,577468,1.0
2021,2021-04-30,634327,3313.0,605670,1.0
2021,2021-04-30,634305,2602.0,427168,1.0
2021,2021-04-30,634275,12.0,503493,1.0
2021,2021-04-30,634280,2536.0,427339,1.0
2021,2021-04-30,634337,5325.0,482666,1.0
2021,2021-04-30,634391,3312.0,623938,1.0
2021,2021-04-30,634288,4.0,427534,1.0
2021,2021-04-30,634290,32.0,427019,1.0
2021,2021-04-30,634328,15.0,427424,1.0
2021,2021-04-30,634381,10.0,504381,1.0
2021,2021-04-30,634287,680.0,483561,1.0
2021,2021-04-30,634303,2680.0,503077,1.0
2021,2021-05-01,634304,3309.0,594151,1.0
2021,2021-05-01,634295,3313.0,427243,1.0
2021,2021-05-01,634329,3312.0,427206,1.0
2021,2021-05-01,634326,4.0,521251,1.0
2021,2021-05-01,634319,10.0,427184,1.0
2021,2021-05-01,634273,2602.0,427235,1.0
2021,2021-05-01,634307,12.0,431232,1.0
2021,2021-05-01,634276,2681.0,482608,1.0
2021,2021-05-01,634284,31.0,490319,1.0
2021,2021-05-01,634271,5325.0,427292,1.0
2021,2021-05-01,634338,32.0,427220,1.0
2021,2021-05-01,634312,2536.0,483569,1.0
2021,2021-05-01,634286,15.0,427413,1.0
2021,2021-05-01,634316,2680.0,596809,1.0
2021,2021-05-01,634272,680.0,427509,1.0
2021,2021-05-02,634260,31.0,503490,1.0
2021,2021-05-02,634259,3309.0,427533,1.0
2021,2021-05-02,634311,3313.0,511890,1.0
2021,2021-05-02,634256,2536.0,607884,1.0
2021,2021-05-02,634298,2602.0,575629,1.0
2021,2021-05-02,634323,12.0,427192,1.0
2021,2021-05-02,634341,3312.0,427093,1.0
2021,2021-05-02,634302,4.0,503586,1.0
2021,2021-05-02,634282,32.0,427013,1.0
2021,2021-05-02,634268,5325.0,427366,1.0
2021,2021-05-02,634306,10.0,608093,1.0
2021,2021-05-02,634299,15.0,596805,1.0
2021,2021-05-02,634340,680.0,547380,1.0
2021,2021-05-02,634301,2680.0,427044,1.0
2021,2021-05-02,634257,2681.0,427164,1.0
2021,2021-05-03,634244,2681.0,427537,1.0
2021,2021-05-03,634285,3312.0,484183,1.0
2021,2021-05-03,634292,2889.0,427053,1.0
2021,2021-05-03,634258,7.0,483564,1.0
2021,2021-05-03,634334,1.0,482641,1.0
2021,2021-05-03,634293,10.0,427344,1.0
2021,2021-05-03,634243,2680.0,544728,1.0
2021,2021-05-03,634242,680.0,427315,1.0
2021,2021-05-04,634264,17.0,427019,1.0
2021,2021-05-04,634254,19.0,427424,1.0
2021,2021-05-04,634321,17.0,521889,1.0
2021,2021-05-04,634246,19.0,489985,1.0
2021,2021-05-04,634251,2602.0,483912,1.0
2021,2021-05-04,634245,4169.0,482631,1.0
2021,2021-05-04,634297,3309.0,427362,1.0
2021,2021-05-04,634269,3313.0,664265,1.0
2021,2021-05-04,634324,2681.0,605670,1.0
2021,2021-05-04,634241,3.0,503502,1.0
2021,2021-05-04,634229,3312.0,623938,1.0
2021,2021-05-04,634277,7.0,554242,1.0
2021,2021-05-04,634267,1.0,503493,1.0
2021,2021-05-04,634278,10.0,427139,1.0
2021,2021-05-04,634313,2680.0,427538,1.0
2021,2021-05-04,634265,680.0,483561,1.0
2021,2021-05-05,634239,2889.0,428442,1.0
2021,2021-05-05,634270,2602.0,427235,1.0
2021,2021-05-05,634225,19.0,427413,1.0
2021,2021-05-05,634220,680.0,427509,1.0
2021,2021-05-05,634250,2889.0,639723,1.0
2021,2021-05-05,634249,4169.0,573769,1.0
2021,2021-05-05,634266,3309.0,484499,1.0
2021,2021-05-05,634217,3313.0,605672,1.0
2021,2021-05-05,634294,2681.0,427243,1.0
2021,2021-05-05,634228,3.0,482666,1.0
2021,2021-05-05,634230,17.0,605674,1.0
2021,2021-05-05,634279,3312.0,483919,1.0
2021,2021-05-05,634226,7.0,427220,1.0
2021,2021-05-05,634227,2680.0,596809,1.0
2021,2021-05-05,634281,1.0,503586,1.0
2021,2021-05-05,634248,10.0,427286,1.0
2021,2021-05-06,634224,3313.0,427248,1.0
2021,2021-05-06,634283,2681.0,511890,1.0
2021,2021-05-06,634255,3.0,427292,1.0
2021,2021-05-06,634261,3312.0,427093,1.0
2021,2021-05-06,634223,2889.0,490319,1.0
2021,2021-05-06,634233,7.0,482663,1.0
2021,2021-05-06,634231,10.0,573597,1.0
2021,2021-05-06,634232,3309.0,521051,1.0
2021,2021-05-06,634291,4169.0,596740,1.0
2021,2021-05-06,634247,1.0,427192,1.0
2021,2021-05-07,634216,17.0,427053,1.0
2021,2021-05-07,634209,2.0,427366,1.0
2021,2021-05-07,634234,3313.0,547380,1.0
2021,2021-05-07,634203,5.0,427013,1.0
2021,2021-05-07,634252,3289.0,573596,1.0
2021,2021-05-07,634204,2394.0,427554,1.0
2021,2021-05-07,634195,4169.0,427339,1.0
2021,2021-05-07,634219,4705.0,427537,1.0
2021,2021-05-07,634253,5325.0,484183,1.0
2021,2021-05-07,634201,2392.0,427164,1.0
2021,2021-05-07,634235,7.0,483564,1.0
2021,2021-05-07,634200,2889.0,596805,1.0
2021,2021-05-07,634213,1.0,482641,1.0
2021,2021-05-07,634263,10.0,427344,1.0
2021,2021-05-07,634240,2395.0,427129,1.0
2021,2021-05-08,634221,3313.0,427315,1.0
2021,2021-05-08,634165,2889.0,489985,1.0
2021,2021-05-08,634212,17.0,639723,1.0
2021,2021-05-08,634178,2395.0,544728,1.0
2021,2021-05-08,634236,10.0,427139,1.0
2021,2021-05-08,634214,2394.0,575629,1.0
2021,2021-05-08,634187,5.0,427019,1.0
2021,2021-05-08,634215,4169.0,482631,1.0
2021,2021-05-08,634196,2.0,503502,1.0
2021,2021-05-08,634171,5325.0,623938,1.0
2021,2021-05-08,634190,3289.0,427362,1.0
2021,2021-05-08,634193,2392.0,664265,1.0
2021,2021-05-08,634197,7.0,554242,1.0
2021,2021-05-08,634199,4705.0,605670,1.0
2021,2021-05-08,634262,1.0,503493,1.0
2021,2021-05-09,634177,2.0,482666,1.0
2021,2021-05-09,634218,3313.0,483561,1.0
2021,2021-05-09,634184,3289.0,484499,1.0
2021,2021-05-09,634207,4169.0,573769,1.0
2021,2021-05-09,634192,2392.0,605672,1.0
2021,2021-05-09,634167,7.0,427220,1.0
2021,2021-05-09,634194,2889.0,427424,1.0
2021,2021-05-09,634237,17.0,428442,1.0
2021,2021-05-09,634182,5325.0,427093,1.0
2021,2021-05-09,634185,2395.0,427538,1.0
2021,2021-05-09,634205,1.0,503586,1.0
2021,2021-05-09,634211,10.0,427286,1.0
2021,2021-05-09,634175,4705.0,427243,1.0
2021,2021-08-09,634173,5.0,427103,1.0
2021,2021-07-17,634222,2394.0,427537,1.0
2021,2021-05-10,634152,31.0,482620,1.0
2021,2021-05-10,634176,2.0,427292,1.0
2021,2021-05-10,634181,2392.0,484198,1.0
2021,2021-05-10,634157,15.0,503077,1.0
2021,2021-05-10,634153,2395.0,483919,1.0
2021,2021-05-12,634155,19.0,596809,1.0
2021,2021-05-11,634164,2395.0,484183,1.0
2021,2021-05-11,634189,5.0,521889,1.0
2021,2021-05-11,634174,31.0,573596,1.0
2021,2021-05-11,634144,3309.0,427113,1.0
2021,2021-05-11,634179,2394.0,427520,1.0
2021,2021-05-11,634170,3289.0,427509,1.0
2021,2021-05-11,634202,3.0,503502,1.0
2021,2021-05-11,634169,12.0,573597,1.0
2021,2021-05-11,634163,4705.0,427248,1.0
2021,2021-05-11,634159,32.0,427413,1.0
2021,2021-05-11,634156,2392.0,427533,1.0
2021,2021-05-11,634147,4.0,503490,1.0
2021,2021-05-11,634149,19.0,427129,1.0
2021,2021-05-11,634180,15.0,431232,1.0
2021,2021-05-11,634142,22.0,427184,1.0
2021,2021-05-12,634128,3289.0,547380,1.0
2021,2021-05-12,634137,31.0,521251,1.0
2021,2021-05-12,634129,5.0,427013,1.0
2021,2021-05-12,634208,19.0,544728,1.0
2021,2021-05-12,634151,3309.0,521051,1.0
2021,2021-05-12,634186,2394.0,483564,1.0
2021,2021-05-12,634154,3.0,605674,1.0
2021,2021-05-12,634210,12.0,427344,1.0
2021,2021-05-12,634238,4705.0,427164,1.0
2021,2021-05-12,634198,32.0,596805,1.0
2021,2021-05-12,634172,2392.0,427197,1.0
2021,2021-05-12,634160,4.0,503493,1.0
2021,2021-05-12,634183,15.0,427044,1.0
2021,2021-05-12,634140,22.0,427128,1.0
2021,2021-05-13,634114,4705.0,482608,1.0
2021,2021-05-13,634103,3309.0,427362,1.0
2021,2021-05-13,634117,2394.0,554242,1.0
2021,2021-05-13,634158,32.0,429805,1.0
2021,2021-05-13,634125,4.0,427053,1.0
2021,2021-05-13,634113,31.0,623938,1.0
2021,2021-05-13,634150,3.0,482666,1.0
2021,2021-05-13,634126,12.0,427139,1.0
2021,2021-05-13,634141,2392.0,594151,1.0
2021,2021-05-13,634191,19.0,427538,1.0
2021,2021-05-13,634136,15.0,607886,1.0
2021,2021-05-13,634135,680.0,427019,1.0
2021,2021-05-14,634166,4.0,482663,1.0
2021,2021-05-14,634108,31.0,427206,1.0
2021,2021-05-14,634146,2.0,427315,1.0
2021,2021-05-14,634138,3.0,427292,1.0
2021,2021-05-14,634206,2394.0,483630,1.0
2021,2021-05-14,634093,12.0,427286,1.0
2021,2021-05-14,634119,2536.0,482631,1.0
2021,2021-05-14,634123,2392.0,484198,1.0
2021,2021-05-14,634131,3312.0,427424,1.0
2021,2021-05-14,634118,32.0,428442,1.0
2021,2021-05-14,634121,19.0,427129,1.0
2021,2021-05-14,634162,15.0,484499,1.0
2021,2021-05-14,634110,680.0,427220,1.0
2021,2021-05-14,634132,2680.0,605670,1.0
2021,2021-05-14,634145,22.0,503077,1.0
2021,2021-05-15,634105,12.0,573597,1.0
2021,2021-05-15,634080,3312.0,427413,1.0
2021,2021-05-15,634095,3.0,503502,1.0
2021,2021-05-15,634111,2394.0,482620,1.0
2021,2021-05-15,634085,31.0,483919,1.0
2021,2021-05-15,634104,2.0,577468,1.0
2021,2021-05-15,634161,2392.0,427533,1.0
2021,2021-05-15,634127,4.0,427520,1.0
2021,2021-05-15,634106,32.0,503490,1.0
2021,2021-05-15,634139,2536.0,427248,1.0
2021,2021-05-15,634148,19.0,544728,1.0
2021,2021-05-15,634097,15.0,427113,1.0
2021,2021-05-15,634143,2680.0,504381,1.0
2021,2021-05-15,634084,680.0,521889,1.0
2021,2021-05-15,634096,22.0,431232,1.0
2021,2021-05-16,634094,31.0,484183,1.0
2021,2021-05-16,634086,2.0,427509,1.0
2021,2021-05-16,634069,2536.0,427164,1.0
2021,2021-05-16,634100,3.0,605674,1.0
2021,2021-05-16,634083,2394.0,573596,1.0
2021,2021-05-16,634071,12.0,427344,1.0
2021,2021-05-16,634068,2392.0,427197,1.0
2021,2021-05-16,634188,3312.0,596805,1.0
2021,2021-05-16,634124,4.0,554242,1.0
2021,2021-05-16,634134,32.0,573769,1.0
2021,2021-05-16,634098,19.0,596809,1.0
2021,2021-05-16,634130,15.0,521051,1.0
2021,2021-05-16,634087,680.0,427013,1.0
2021,2021-05-16,634122,22.0,427044,1.0
2021,2021-05-16,634090,2680.0,427184,1.0
2021,2021-05-17,634070,2602.0,427538,1.0
2021,2021-05-17,634063,4705.0,427168,1.0
2021,2021-05-17,634076,17.0,521251,1.0
2021,2021-05-17,634077,3312.0,429805,1.0
2021,2021-05-17,634099,5325.0,427139,1.0
2021,2021-05-17,634101,1.0,490319,1.0
2021,2021-05-17,634091,22.0,427128,1.0
2021,2021-05-17,634057,2680.0,511890,1.0
2021,2021-05-17,634082,680.0,427019,1.0
2021,2021-05-18,634058,2602.0,427292,1.0
2021,2021-05-18,634075,2.0,427224,1.0
2021,2021-05-18,634051,2681.0,482608,1.0
2021,2021-05-18,634107,4705.0,427235,1.0
2021,2021-05-18,634133,2536.0,427315,1.0
2021,2021-05-18,634052,17.0,483630,1.0
2021,2021-05-18,634073,3312.0,427424,1.0
2021,2021-05-18,634109,2889.0,623938,1.0
2021,2021-05-18,634067,5325.0,427286,1.0
2021,2021-05-18,634043,7.0,427192,1.0
2021,2021-05-18,634102,1.0,503077,1.0
2021,2021-05-18,634050,10.0,594151,1.0
2021,2021-05-18,634092,22.0,605670,1.0
2021,2021-05-18,634065,2680.0,427537,1.0
2021,2021-05-18,634115,680.0,427220,1.0
2021,2021-05-19,634030,3312.0,489985,1.0
2021,2021-05-19,634031,2680.0,503586,1.0
2021,2021-05-19,634061,2602.0,427129,1.0
2021,2021-05-19,634055,2.0,483569,1.0
2021,2021-05-19,634044,2681.0,605672,1.0
2021,2021-05-19,634066,4705.0,483912,1.0
2021,2021-05-19,634116,2536.0,577468,1.0
2021,2021-05-19,634053,17.0,482620,1.0
2021,2021-05-19,634026,2889.0,427206,1.0
2021,2021-05-19,634168,5325.0,596809,1.0
2021,2021-05-19,634029,1.0,664265,1.0
2021,2021-05-19,634037,7.0,482641,1.0
2021,2021-05-19,634034,10.0,598411,1.0
2021,2021-05-19,634033,22.0,504381,1.0
2021,2021-05-19,634046,680.0,554242,1.0
2021,2021-05-20,634020,2602.0,544728,1.0
2021,2021-05-20,634120,2.0,596740,1.0
2021,2021-05-20,634047,5325.0,427344,1.0
2021,2021-05-20,634112,17.0,573596,1.0
2021,2021-05-20,634045,10.0,484198,1.0
2021,2021-05-20,634039,2681.0,427248,1.0
2021,2021-05-20,634041,4705.0,427554,1.0
2021,2021-05-20,634018,2536.0,427533,1.0
2021,2021-05-20,634059,22.0,427243,1.0
2021,2021-05-21,634012,3309.0,521251,1.0
2021,2021-05-21,634054,2681.0,605674,1.0
2021,2021-05-21,634014,3313.0,503502,1.0
2021,2021-05-21,634015,5.0,431232,1.0
2021,2021-05-21,634089,4169.0,427509,1.0
2021,2021-05-21,634027,2602.0,575629,1.0
2021,2021-05-21,634036,4705.0,644760,1.0
2021,2021-05-21,634078,2536.0,427339,1.0
2021,2021-05-21,634008,5325.0,427139,1.0
2021,2021-05-21,634088,7.0,503493,1.0
2021,2021-05-21,634022,2889.0,483919,1.0
2021,2021-05-21,634016,19.0,427128,1.0
2021,2021-05-21,634028,1.0,521051,1.0
2021,2021-05-21,634013,2395.0,427197,1.0
2021,2021-05-21,634019,2680.0,427013,1.0
2021,2021-05-22,634035,3313.0,429805,1.0
2021,2021-05-22,634010,19.0,605670,1.0
2021,2021-05-22,634062,3309.0,483630,1.0
2021,2021-05-22,634079,5325.0,427286,1.0
2021,2021-05-22,634001,7.0,483561,1.0
2021,2021-05-22,634038,5.0,503077,1.0
2021,2021-05-22,634049,4705.0,427235,1.0
2021,2021-05-22,633999,4169.0,427315,1.0
2021,2021-05-22,634017,2602.0,427292,1.0
2021,2021-05-22,634011,2395.0,594151,1.0
2021,2021-05-22,634032,2889.0,427093,1.0
2021,2021-05-22,633984,2681.0,482608,1.0
2021,2021-05-22,634081,2536.0,483569,1.0
2021,2021-05-22,633991,2680.0,427019,1.0
2021,2021-05-22,634000,1.0,511890,1.0
2021,2021-05-23,633977,3309.0,482620,1.0
2021,2021-05-23,634004,2681.0,605672,1.0
2021,2021-05-23,634009,3313.0,427424,1.0
2021,2021-05-23,633975,2536.0,596740,1.0
2021,2021-05-23,634007,5.0,664265,1.0
2021,2021-05-23,633998,4169.0,577468,1.0
2021,2021-05-23,633989,2602.0,427129,1.0
2021,2021-05-23,634060,4705.0,483912,1.0
2021,2021-05-23,634002,7.0,427192,1.0
2021,2021-05-23,634025,5325.0,596809,1.0
2021,2021-05-23,633995,19.0,504381,1.0
2021,2021-05-23,633980,2395.0,598411,1.0
2021,2021-05-23,633985,1.0,427537,1.0
2021,2021-05-23,633996,2680.0,427220,1.0
2021,2021-05-23,633973,2889.0,623938,1.0
2021,2021-05-24,633963,2536.0,608093,1.0
2021,2021-05-24,633976,4169.0,427554,1.0
2021,2021-05-24,633981,2394.0,547380,1.0
2021,2021-05-24,634056,3289.0,427044,1.0
2021,2021-05-24,633982,3312.0,427520,1.0
2021,2021-05-24,633992,32.0,427366,1.0
2021,2021-05-24,633994,4.0,483564,1.0
2021,2021-05-24,633955,10.0,427362,1.0
2021,2021-05-25,633941,31.0,427344,1.0
2021,2021-05-25,633969,4169.0,644760,1.0
2021,2021-05-25,633965,3309.0,489985,1.0
2021,2021-05-25,633956,3313.0,482641,1.0
2021,2021-05-25,633970,2394.0,427509,1.0
2021,2021-05-25,634023,3289.0,431232,1.0
2021,2021-05-25,633990,12.0,490319,1.0
2021,2021-05-25,633958,3.0,427339,1.0
2021,2021-05-25,634048,3312.0,482663,1.0
2021,2021-05-25,633962,32.0,427090,1.0
2021,2021-05-25,633953,2392.0,554242,1.0
2021,2021-05-25,633951,4.0,427538,1.0
2021,2021-05-25,633972,1.0,484499,1.0
2021,2021-05-25,633945,10.0,605674,1.0
2021,2021-05-25,633979,15.0,503586,1.0
2021,2021-05-26,633928,3312.0,623938,1.0
2021,2021-05-26,633971,4.0,544728,1.0
2021,2021-05-26,634074,10.0,427113,1.0
2021,2021-05-26,633940,1.0,427128,1.0
2021,2021-05-26,633967,31.0,427139,1.0
2021,2021-05-26,633901,4169.0,427235,1.0
2021,2021-05-26,633890,3309.0,596805,1.0
2021,2021-05-26,633986,2394.0,483561,1.0
2021,2021-05-26,634064,12.0,503490,1.0
2021,2021-05-26,633993,3.0,596740,1.0
2021,2021-05-26,634021,2392.0,521889,1.0
2021,2021-05-26,633927,32.0,482666,1.0
2021,2021-05-26,633939,15.0,521051,1.0
2021,2021-05-27,633910,3313.0,483630,1.0
2021,2021-05-27,633912,3289.0,664265,1.0
2021,2021-05-27,633922,3289.0,503077,1.0
2021,2021-05-27,633957,4169.0,483912,1.0
2021,2021-05-27,633888,31.0,596809,1.0
2021,2021-05-27,633943,2394.0,577468,1.0
2021,2021-05-27,633937,32.0,503502,1.0
2021,2021-05-27,633915,12.0,427053,1.0
2021,2021-05-27,633974,3313.0,503493,1.0
2021,2021-05-27,634003,3309.0,429805,1.0
2021,2021-05-27,633924,4.0,427019,1.0
2021,2021-05-27,633964,10.0,427243,1.0
2021,2021-05-27,633914,15.0,482631,1.0
2021,2021-05-27,633930,22.0,605670,1.0
2021,2021-05-27,633934,680.0,511890,1.0
2021,2021-05-28,634024,17.0,427129,1.0
2021,2021-05-28,633966,5.0,573597,1.0
2021,2021-05-28,634040,3.0,427044,1.0
2021,2021-05-28,633961,2394.0,483569,1.0
2021,2021-05-28,633918,2392.0,428442,1.0
2021,2021-05-28,633932,3312.0,547380,1.0
2021,2021-05-28,634006,10.0,427520,1.0
2021,2021-05-28,633987,15.0,427362,1.0
2021,2021-05-28,633921,22.0,427184,1.0
2021,2021-05-28,633997,680.0,427537,1.0
2021,2021-05-29,634005,31.0,427366,1.0
2021,2021-05-29,633916,3309.0,427554,1.0
2021,2021-06-21,633899,3289.0,482620,1.0
2021,2021-05-29,633887,4.0,554242,1.0
2021,2021-05-29,633936,31.0,427090,1.0
2021,2021-05-29,633894,12.0,427192,1.0
2021,2021-05-29,633950,3309.0,644760,1.0
2021,2021-05-29,633944,3312.0,427509,1.0
2021,2021-05-29,633960,4.0,427220,1.0
2021,2021-05-29,633875,17.0,483564,1.0
2021,2021-05-29,633929,10.0,482663,1.0
2021,2021-05-29,633874,2392.0,490319,1.0
2021,2021-05-29,633903,3.0,431232,1.0
2021,2021-05-29,633949,2394.0,573769,1.0
2021,2021-05-29,633938,22.0,484499,1.0
2021,2021-05-29,633959,3289.0,427413,1.0
2021,2021-05-29,633913,15.0,605674,1.0
2021,2021-05-29,633947,680.0,503586,1.0
2021,2021-05-30,634042,5.0,427344,1.0
2021,2021-05-30,633978,31.0,482666,1.0
2021,2021-05-30,633933,3309.0,427235,1.0
2021,2021-05-30,633935,5.0,427139,1.0
2021,2021-05-30,633892,12.0,482641,1.0
2021,2021-05-30,633854,2394.0,427339,1.0
2021,2021-05-30,633942,2392.0,503490,1.0
2021,2021-05-30,633881,3312.0,483561,1.0
2021,2021-05-30,633872,4.0,521889,1.0
2021,2021-05-30,633931,17.0,427538,1.0
2021,2021-05-30,633889,10.0,623938,1.0
2021,2021-05-30,633923,22.0,427128,1.0
2021,2021-05-30,633946,15.0,427113,1.0
2021,2021-05-30,633968,680.0,521051,1.0
2021,2021-06-07,634072,3.0,427192,1.0
2021,2021-07-26,633925,3289.0,573597,1.0
2021,2021-05-31,633919,2.0,503502,1.0
2021,2021-05-31,633898,3313.0,484198,1.0
2021,2021-05-31,633983,2602.0,596809,1.0
2021,2021-05-31,633948,32.0,503077,1.0
2021,2021-05-31,633870,17.0,427248,1.0
2021,2021-05-31,633884,5.0,503493,1.0
2021,2021-05-31,633897,2395.0,482631,1.0
2021,2021-05-31,633896,2392.0,427315,1.0
2021,2021-05-31,633849,680.0,573596,1.0
2021,2021-05-31,633917,4705.0,427206,1.0
2021,2021-05-31,633900,7.0,427129,1.0
2021,2021-05-31,633851,22.0,511890,1.0
2021,2021-05-31,633926,15.0,427053,1.0
2021,2021-06-01,633877,5.0,484183,1.0
2021,2021-06-01,633856,2.0,427366,1.0
2021,2021-06-01,633861,3313.0,427197,1.0
2021,2021-06-01,633857,2756.0,605670,1.0
2021,2021-06-01,633868,2602.0,573597,1.0
2021,2021-06-01,633863,4705.0,483919,1.0
2021,2021-06-01,633878,32.0,664265,1.0
2021,2021-06-01,633880,17.0,427164,1.0
2021,2021-06-01,633873,2392.0,547380,1.0
2021,2021-06-01,633891,7.0,483564,1.0
2021,2021-06-01,633895,19.0,427243,1.0
2021,2021-06-01,633885,15.0,573769,1.0
2021,2021-06-01,633864,2395.0,427362,1.0
2021,2021-06-01,633871,680.0,521251,1.0
2021,2021-06-01,633879,22.0,427537,1.0
2021,2021-06-02,633855,17.0,482608,1.0
2021,2021-06-02,633834,15.0,490319,1.0
2021,2021-06-02,633853,2.0,427090,1.0
2021,2021-06-02,633882,3313.0,594151,1.0
2021,2021-06-02,633844,2756.0,427184,1.0
2021,2021-06-02,633883,4705.0,427093,1.0
2021,2021-06-02,633842,2392.0,427509,1.0
2021,2021-06-02,633848,19.0,427520,1.0
2021,2021-06-02,633988,22.0,503586,1.0
2021,2021-06-02,633954,680.0,482620,1.0
2021,2021-06-28,633867,2602.0,511890,1.0
2021,2021-09-23,633866,5.0,521051,1.0
2021,2021-06-03,633836,4705.0,644760,1.0
2021,2021-06-03,633819,3313.0,489985,1.0
2021,2021-06-03,633831,2392.0,483561,1.0
2021,2021-06-03,633860,19.0,482663,1.0
2021,2021-06-03,633835,31.0,427192,1.0
2021,2021-06-03,633876,32.0,554242,1.0
2021,2021-06-03,633833,7.0,605674,1.0
2021,2021-06-03,633859,4.0,504381,1.0
2021,2021-06-03,633809,2889.0,605672,1.0
2021,2021-06-03,633832,1.0,503490,1.0
2021,2021-06-03,633823,2395.0,427113,1.0
2021,2021-06-03,633841,2680.0,521051,1.0
2021,2021-06-04,633818,2.0,427206,1.0
2021,2021-06-04,633862,2681.0,482666,1.0
2021,2021-06-04,633858,31.0,503493,1.0
2021,2021-06-04,633824,3313.0,427344,1.0
2021,2021-06-04,633815,2756.0,573596,1.0
2021,2021-06-04,633820,4705.0,623938,1.0
2021,2021-06-04,633830,5325.0,427315,1.0
2021,2021-06-04,633838,7.0,484499,1.0
2021,2021-06-04,633840,4.0,427128,1.0
2021,2021-06-04,633846,32.0,427538,1.0
2021,2021-06-04,633825,2889.0,427248,1.0
2021,2021-06-04,633865,19.0,484198,1.0
2021,2021-06-04,633837,1.0,427053,1.0
2021,2021-06-04,633817,2395.0,427044,1.0
2021,2021-06-04,633816,2680.0,511890,1.0
2021,2021-06-05,633920,4.0,605670,1.0
2021,2021-06-05,633797,2889.0,427164,1.0
2021,2021-06-05,633800,2756.0,521251,1.0
2021,2021-06-05,633807,2.0,483919,1.0
2021,2021-06-05,633839,5325.0,577468,1.0
2021,2021-06-05,633795,2681.0,503502,1.0
2021,2021-06-05,633787,31.0,428442,1.0
2021,2021-06-05,633799,7.0,482631,1.0
2021,2021-06-05,633827,32.0,427129,1.0
2021,2021-06-05,633886,2395.0,503077,1.0
2021,2021-06-05,633828,4705.0,427243,1.0
2021,2021-06-05,633852,3313.0,427286,1.0
2021,2021-06-05,633850,19.0,427197,1.0
2021,2021-06-05,633845,1.0,573769,1.0
2021,2021-06-05,633821,2680.0,427537,1.0
2021,2021-06-06,633814,2.0,427093,1.0
2021,2021-06-06,633786,2681.0,427366,1.0
2021,2021-06-06,633794,31.0,484183,1.0
2021,2021-06-06,633780,2756.0,482620,1.0
2021,2021-06-06,633810,4705.0,427520,1.0
2021,2021-06-06,633893,7.0,427362,1.0
2021,2021-06-06,633774,4.0,427184,1.0
2021,2021-06-06,633798,32.0,483564,1.0
2021,2021-06-06,633808,2889.0,482608,1.0
2021,2021-06-06,633802,5325.0,427509,1.0
2021,2021-06-06,633847,19.0,594151,1.0
2021,2021-06-06,633869,2395.0,664265,1.0
2021,2021-06-06,633843,1.0,490319,1.0
2021,2021-06-06,633806,2680.0,503586,1.0
2021,2021-06-06,633812,3313.0,573597,1.0
2021,2021-06-07,633796,1.0,431232,1.0
2021,2021-06-07,633779,2680.0,483569,1.0
2021,2021-06-08,633773,2.0,427533,1.0
2021,2021-06-08,633772,31.0,605672,1.0
2021,2021-06-08,633785,2681.0,554242,1.0
2021,2021-06-08,633793,3.0,483630,1.0
2021,2021-06-08,633822,2394.0,429805,1.0
2021,2021-06-08,633766,12.0,427113,1.0
2021,2021-06-08,633813,4169.0,427164,1.0
2021,2021-06-08,633801,2602.0,504381,1.0
2021,2021-06-08,633752,5325.0,427019,1.0
2021,2021-06-08,633788,4.0,482663,1.0
2021,2021-06-08,633804,3312.0,521051,1.0
2021,2021-06-08,633778,2889.0,503490,1.0
2021,2021-06-08,633826,1.0,482666,1.0
2021,2021-06-08,633765,10.0,483912,1.0
2021,2021-06-08,633777,2680.0,596740,1.0
2021,2021-06-09,633756,5325.0,575629,1.0
2021,2021-06-09,633784,10.0,427554,1.0
2021,2021-06-09,633739,2680.0,577468,1.0
2021,2021-06-09,633811,2.0,484198,1.0
2021,2021-06-09,633753,31.0,644760,1.0
2021,2021-06-09,633764,2681.0,427538,1.0
2021,2021-06-09,633803,3.0,427243,1.0
2021,2021-06-09,633759,2394.0,596805,1.0
2021,2021-06-09,633767,12.0,605674,1.0
2021,2021-06-09,633738,4169.0,573596,1.0
2021,2021-06-09,633791,2602.0,427128,1.0
2021,2021-06-09,633783,4.0,623938,1.0
2021,2021-06-09,633792,3312.0,511890,1.0
2021,2021-06-09,633775,2889.0,427053,1.0
2021,2021-06-09,633776,1.0,503077,1.0
2021,2021-06-10,633744,31.0,427248,1.0
2021,2021-06-10,633757,2602.0,605670,1.0
2021,2021-06-10,633762,2681.0,427413,1.0
2021,2021-06-10,633754,2394.0,427424,1.0
2021,2021-06-10,633758,3.0,503493,1.0
2021,2021-06-10,633748,4169.0,521251,1.0
2021,2021-06-10,633733,4.0,483564,1.0
2021,2021-06-10,633790,3312.0,427537,1.0
2021,2021-06-10,633770,10.0,521889,1.0
2021,2021-06-12,633745,3309.0,490319,1.0
2021,2021-06-11,633742,17.0,598411,1.0
2021,2021-06-11,633746,3309.0,573769,1.0
2021,2021-06-11,633741,2602.0,483630,1.0
2021,2021-06-11,633771,3289.0,484499,1.0
2021,2021-06-11,633743,5.0,664265,1.0
2021,2021-06-11,633781,12.0,503586,1.0
2021,2021-06-11,633735,3.0,427339,1.0
2021,2021-06-11,633789,2394.0,482620,1.0
2021,2021-06-11,633782,4169.0,427197,1.0
2021,2021-06-11,633720,3312.0,483561,1.0
2021,2021-06-11,633768,32.0,427520,1.0
2021,2021-06-11,633731,15.0,427184,1.0
2021,2021-06-11,633717,10.0,427013,1.0
2021,2021-06-11,633761,22.0,544728,1.0
2021,2021-06-12,633698,3309.0,503490,1.0
2021,2021-06-12,633763,2681.0,489985,1.0
2021,2021-06-12,633718,10.0,427019,1.0
2021,2021-06-12,633712,15.0,504381,1.0
2021,2021-06-12,633730,2602.0,427243,1.0
2021,2021-06-12,633732,3289.0,427362,1.0
2021,2021-06-12,633725,5.0,431232,1.0
2021,2021-06-12,633699,12.0,521051,1.0
2021,2021-06-12,633751,3.0,483569,1.0
2021,2021-06-12,633721,2394.0,427164,1.0
2021,2021-06-12,633704,4169.0,594151,1.0
2021,2021-06-12,633726,32.0,482663,1.0
2021,2021-06-12,633740,17.0,427235,1.0
2021,2021-06-12,633736,3312.0,605672,1.0
2021,2021-06-12,633723,22.0,554242,1.0
2021,2021-06-13,633710,3309.0,427053,1.0
2021,2021-06-13,633715,2681.0,429805,1.0
2021,2021-06-13,633711,2602.0,573597,1.0
2021,2021-06-13,633722,3289.0,427113,1.0
2021,2021-06-13,633690,5.0,482666,1.0
2021,2021-06-13,633737,12.0,511890,1.0
2021,2021-06-13,633728,3.0,596740,1.0
2021,2021-06-13,633688,2394.0,573596,1.0
2021,2021-06-13,633805,4169.0,427533,1.0
2021,2021-06-13,633749,3312.0,644760,1.0
2021,2021-06-13,633713,32.0,483564,1.0
2021,2021-06-13,633707,10.0,575629,1.0
2021,2021-06-13,633696,15.0,427128,1.0
2021,2021-06-13,633719,22.0,427538,1.0
2021,2021-06-13,633689,17.0,483912,1.0
2021,2021-06-14,633693,3309.0,484198,1.0
2021,2021-06-14,633705,5.0,427554,1.0
2021,2021-06-14,633678,3289.0,547380,1.0
2021,2021-06-14,633700,3.0,577468,1.0
2021,2021-06-14,633655,7.0,503493,1.0
2021,2021-06-14,633673,4.0,503502,1.0
2021,2021-06-14,633680,32.0,596805,1.0
2021,2021-06-14,633727,2889.0,427520,1.0
2021,2021-06-14,633703,19.0,427139,1.0
2021,2021-06-14,633729,10.0,544728,1.0
2021,2021-06-14,633734,2395.0,427206,1.0
2021,2021-06-14,633716,680.0,605670,1.0
2021,2021-06-14,633652,22.0,482631,1.0
2021,2021-06-15,633684,3309.0,605673,1.0
2021,2021-06-15,633653,2756.0,503077,1.0
2021,2021-06-15,633769,5.0,598411,1.0
2021,2021-06-15,633681,3289.0,427315,1.0
2021,2021-06-15,633724,4705.0,521889,1.0
2021,2021-06-15,633755,7.0,483630,1.0
2021,2021-06-15,633829,2392.0,427339,1.0
2021,2021-06-15,633676,4.0,428442,1.0
2021,2021-06-15,633714,32.0,427509,1.0
2021,2021-06-15,633694,2889.0,427197,1.0
2021,2021-06-15,633701,19.0,427344,1.0
2021,2021-06-15,633656,10.0,554242,1.0
2021,2021-06-15,633679,2395.0,484183,1.0
2021,2021-06-15,633626,680.0,427184,1.0
2021,2021-06-15,633675,22.0,605674,1.0
2021,2021-06-16,633709,2889.0,596809,1.0
2021,2021-06-16,633612,7.0,427243,1.0
2021,2021-06-16,633634,4.0,427090,1.0
2021,2021-06-16,633665,32.0,489985,1.0
2021,2021-06-16,633706,19.0,644661,1.0
2021,2021-06-16,633632,10.0,427286,1.0
2021,2021-06-16,633628,3309.0,594151,1.0
2021,2021-06-16,633695,2756.0,427044,1.0
2021,2021-06-16,633659,5.0,427235,1.0
2021,2021-06-16,633630,3289.0,483561,1.0
2021,2021-06-16,633708,4705.0,427013,1.0
2021,2021-06-16,633619,2392.0,483569,1.0
2021,2021-06-16,633645,2395.0,644760,1.0
2021,2021-06-16,633658,680.0,504381,1.0
2021,2021-06-16,633677,22.0,484499,1.0
2021,2021-06-17,633641,5.0,483912,1.0
2021,2021-06-17,633622,2395.0,427093,1.0
2021,2021-06-17,633633,2756.0,431232,1.0
2021,2021-06-17,633692,3289.0,503586,1.0
2021,2021-06-17,633691,4705.0,429805,1.0
2021,2021-06-17,633687,2392.0,427533,1.0
2021,2021-06-17,633617,2680.0,482663,1.0
2021,2021-06-17,633623,19.0,427362,1.0
2021,2021-06-17,633624,1.0,573769,1.0
2021,2021-06-17,633697,680.0,427538,1.0
2021,2021-06-18,633618,3309.0,427095,1.0
2021,2021-06-18,633584,31.0,547380,1.0
2021,2021-06-18,633593,2.0,596740,1.0
2021,2021-06-18,633609,3313.0,427129,1.0
2021,2021-06-18,633607,4705.0,596805,1.0
2021,2021-06-18,633579,5325.0,427206,1.0
2021,2021-06-18,633638,17.0,427220,1.0
2021,2021-06-18,633683,7.0,427554,1.0
2021,2021-06-18,633702,2392.0,484198,1.0
2021,2021-06-18,633616,19.0,482631,1.0
2021,2021-06-18,633654,1.0,503502,1.0
2021,2021-06-18,633604,15.0,573597,1.0
2021,2021-06-18,633600,2395.0,483919,1.0
2021,2021-06-18,633596,2680.0,427520,1.0
2021,2021-06-18,633615,680.0,511890,1.0
2021,2021-06-19,633583,3309.0,427044,1.0
2021,2021-06-19,633606,3313.0,503493,1.0
2021,2021-06-19,633613,17.0,575629,1.0
2021,2021-06-19,633590,31.0,427315,1.0
2021,2021-06-19,633573,2.0,577468,1.0
2021,2021-06-19,633594,5325.0,484183,1.0
2021,2021-06-19,633592,2395.0,605670,1.0
2021,2021-06-19,633585,7.0,598411,1.0
2021,2021-06-19,633597,2680.0,596809,1.0
2021,2021-06-19,633576,2392.0,605673,1.0
2021,2021-06-19,633577,19.0,605674,1.0
2021,2021-06-19,633650,1.0,428442,1.0
2021,2021-06-19,633598,15.0,427139,1.0
2021,2021-06-19,633661,680.0,544728,1.0
2021,2021-06-20,633610,4705.0,427537,1.0
2021,2021-06-20,633557,3309.0,431232,1.0
2021,2021-06-20,633550,31.0,483561,1.0
2021,2021-06-20,633636,2.0,427339,1.0
2021,2021-06-20,633575,3313.0,483630,1.0
2021,2021-06-20,633558,7.0,427235,1.0
2021,2021-06-20,633565,4705.0,489985,1.0
2021,2021-06-20,633602,2392.0,594151,1.0
2021,2021-06-20,633629,17.0,521889,1.0
2021,2021-06-20,633574,5325.0,644760,1.0
2021,2021-06-20,633567,19.0,484499,1.0
2021,2021-06-20,633611,2395.0,427184,1.0
2021,2021-06-20,633563,1.0,427090,1.0
2021,2021-06-20,633582,15.0,427344,1.0
2021,2021-06-20,633566,2680.0,482663,1.0
2021,2021-06-20,633554,680.0,554242,1.0
2021,2021-06-21,633760,3289.0,521251,1.0
2021,2021-06-21,633747,2.0,427220,1.0
2021,2021-06-21,633542,17.0,521051,1.0
2021,2021-06-21,633605,5325.0,427248,1.0
2021,2021-06-21,633588,3312.0,483912,1.0
2021,2021-06-21,633533,15.0,482666,1.0
2021,2021-06-21,633651,2680.0,490319,1.0
2021,2021-06-22,633580,3312.0,427554,1.0
2021,2021-06-22,633547,2.0,427019,1.0
2021,2021-06-22,633549,2681.0,427509,1.0
2021,2021-06-22,633572,31.0,483569,1.0
2021,2021-06-22,633621,3313.0,427286,1.0
2021,2021-06-22,633526,2394.0,427538,1.0
2021,2021-06-22,633519,12.0,427093,1.0
2021,2021-06-22,633750,3289.0,573596,1.0
2021,2021-06-22,633571,4169.0,427113,1.0
2021,2021-06-22,633537,17.0,503586,1.0
2021,2021-06-22,633532,5325.0,596805,1.0
2021,2021-06-22,633670,1.0,427139,1.0
2021,2021-06-22,633603,15.0,573769,1.0
2021,2021-06-22,633540,2680.0,503490,1.0
2021,2021-06-22,633528,680.0,427533,1.0
2021,2021-06-23,633569,31.0,427243,1.0
2021,2021-06-23,633546,2681.0,547380,1.0
2021,2021-06-23,633541,2394.0,427129,1.0
2021,2021-06-23,633578,15.0,503502,1.0
2021,2021-06-23,633570,1.0,596809,1.0
2021,2021-06-23,633614,680.0,427197,1.0
2021,2021-06-23,633568,2.0,644760,1.0
2021,2021-06-23,633551,3313.0,573597,1.0
2021,2021-06-23,633524,12.0,427206,1.0
2021,2021-06-23,633561,3289.0,427292,1.0
2021,2021-06-23,633513,4169.0,482631,1.0
2021,2021-06-23,633553,5325.0,427164,1.0
2021,2021-06-23,633627,2680.0,428442,1.0
2021,2021-06-24,633559,3313.0,605673,1.0
2021,2021-06-24,633503,5325.0,482608,1.0
2021,2021-06-24,633560,2756.0,544728,1.0
2021,2021-06-24,633564,2394.0,598411,1.0
2021,2021-06-24,633517,12.0,483919,1.0
2021,2021-06-24,633514,2602.0,605674,1.0
2021,2021-06-24,633548,4169.0,596740,1.0
2021,2021-06-24,633538,3312.0,484198,1.0
2021,2021-06-24,633502,2889.0,511890,1.0
2021,2021-06-24,633505,22.0,427366,1.0
2021,2021-06-25,633545,3289.0,483564,1.0
2021,2021-06-25,633599,32.0,427248,1.0
2021,2021-06-25,633536,2756.0,554242,1.0
2021,2021-06-25,633535,12.0,427344,1.0
2021,2021-06-25,633521,2602.0,484499,1.0
2021,2021-06-25,633591,4169.0,577468,1.0
2021,2021-06-25,633543,3.0,427053,1.0
2021,2021-06-25,633556,5325.0,521251,1.0
2021,2021-06-25,633555,3312.0,594151,1.0
2021,2021-06-25,633620,4.0,484183,1.0
2021,2021-06-25,633498,2889.0,427537,1.0
2021,2021-06-25,633523,2395.0,427315,1.0
2021,2021-06-25,633608,22.0,482666,1.0
2021,2021-06-25,633492,2680.0,521889,1.0
2021,2021-06-26,633530,2394.0,427235,1.0
2021,2021-06-26,633509,2394.0,483912,1.0
2021,2021-06-26,633501,4.0,427093,1.0
2021,2021-06-26,633589,2889.0,521051,1.0
2021,2021-06-26,633520,2756.0,427538,1.0
2021,2021-06-26,633534,5325.0,482620,1.0
2021,2021-06-26,633525,12.0,427286,1.0
2021,2021-06-26,633539,3289.0,427139,1.0
2021,2021-06-26,633510,2602.0,427113,1.0
2021,2021-06-26,633552,4169.0,483569,1.0
2021,2021-06-26,633518,32.0,596805,1.0
2021,2021-06-26,633562,22.0,573769,1.0
2021,2021-06-26,633531,3.0,490319,1.0
2021,2021-06-26,633500,2395.0,483561,1.0
2021,2021-06-26,633512,2680.0,427013,1.0
2021,2021-09-14,633581,3312.0,482631,1.0
2021,2021-06-27,633515,2756.0,427129,1.0
2021,2021-06-27,633494,2394.0,427554,1.0
2021,2021-06-27,633459,12.0,573597,1.0
2021,2021-06-27,633504,3289.0,596809,1.0
2021,2021-06-27,633493,2602.0,482631,1.0
2021,2021-06-27,633489,4169.0,427243,1.0
2021,2021-06-27,633477,3.0,503490,1.0
2021,2021-06-27,633473,3312.0,427197,1.0
2021,2021-06-27,633486,32.0,427164,1.0
2021,2021-06-27,633482,2889.0,503586,1.0
2021,2021-06-27,633516,5325.0,573596,1.0
2021,2021-06-27,633527,2395.0,427509,1.0
2021,2021-06-27,633544,2680.0,427019,1.0
2021,2021-06-27,633499,4.0,427206,1.0
2021,2021-06-27,633472,22.0,503502,1.0
2021,2021-06-28,633465,19.0,427128,1.0
2021,2021-06-28,633601,3313.0,482608,1.0
2021,2021-06-28,633466,5.0,605674,1.0
2021,2021-06-28,633475,3.0,429805,1.0
2021,2021-06-28,633483,2392.0,427095,1.0
2021,2021-06-28,633450,32.0,427362,1.0
2021,2021-06-28,633490,2889.0,596740,1.0
2021,2021-06-28,633458,22.0,427220,1.0
2021,2021-07-19,633476,4.0,484198,1.0
2021,2021-06-29,633443,3309.0,427235,1.0
2021,2021-06-29,633495,2681.0,483919,1.0
2021,2021-06-29,633444,3313.0,427248,1.0
2021,2021-06-29,633497,2756.0,483564,1.0
2021,2021-06-29,633496,3.0,427424,1.0
2021,2021-06-29,633454,2602.0,427537,1.0
2021,2021-06-29,633587,4705.0,644760,1.0
2021,2021-06-29,633449,2392.0,608093,1.0
2021,2021-06-29,633478,4.0,503493,1.0
2021,2021-06-29,633446,32.0,521251,1.0
2021,2021-06-29,633508,2889.0,577468,1.0
2021,2021-06-29,633455,19.0,484183,1.0
2021,2021-06-29,633488,10.0,427090,1.0
2021,2021-06-29,633471,22.0,521889,1.0
2021,2021-06-30,633506,5.0,482631,1.0
2021,2021-06-30,633426,2889.0,483569,1.0
2021,2021-06-30,633474,32.0,605672,1.0
2021,2021-06-30,633491,19.0,605670,1.0
2021,2021-06-30,633427,3309.0,503490,1.0
2021,2021-06-30,633432,5.0,489985,1.0
2021,2021-06-30,633419,2681.0,427093,1.0
2021,2021-06-30,633484,3313.0,596805,1.0
2021,2021-06-30,633445,2756.0,482663,1.0
2021,2021-06-30,633467,3.0,575629,1.0
2021,2021-06-30,633435,2602.0,521051,1.0
2021,2021-06-30,633437,4705.0,484198,1.0
2021,2021-06-30,633485,2392.0,427044,1.0
2021,2021-06-30,633479,4.0,503077,1.0
2021,2021-06-30,633461,10.0,482666,1.0
2021,2021-07-01,633456,2756.0,596809,1.0
2021,2021-07-01,633457,3.0,427413,1.0
2021,2021-07-01,633529,4.0,482641,1.0
2021,2021-07-01,633405,10.0,573769,1.0
2021,2021-07-01,633481,3309.0,427113,1.0
2021,2021-07-01,633463,31.0,431232,1.0
2021,2021-07-01,633469,5.0,427339,1.0
2021,2021-07-01,633480,2602.0,503586,1.0
2021,2021-07-01,633418,4705.0,594151,1.0
2021,2021-07-01,633460,19.0,427013,1.0
2021,2021-07-01,633438,15.0,573596,1.0
2021,2021-08-16,633421,3313.0,608093,1.0
2021,2021-07-16,633447,2681.0,431232,1.0
2021,2021-07-02,633448,2681.0,427197,1.0
2021,2021-07-02,633404,3309.0,605674,1.0
2021,2021-07-02,633507,31.0,427095,1.0
2021,2021-07-02,633464,2756.0,511890,1.0
2021,2021-07-02,633462,2602.0,427554,1.0
2021,2021-07-02,633451,5.0,596740,1.0
2021,2021-07-02,633420,2394.0,545402,1.0
2021,2021-07-02,633468,4705.0,427164,1.0
2021,2021-07-02,633415,19.0,427019,1.0
2021,2021-07-02,633433,7.0,427184,1.0
2021,2021-07-02,633402,1.0,429805,1.0
2021,2021-07-02,633452,10.0,521889,1.0
2021,2021-07-02,633470,15.0,427362,1.0
2021,2021-07-02,633511,680.0,483630,1.0
2021,2021-07-04,633522,3313.0,427129,1.0
2021,2021-07-03,633440,3313.0,427090,1.0
2021,2021-07-03,633403,2756.0,427537,1.0
2021,2021-07-03,633390,2681.0,644760,1.0
2021,2021-07-03,633387,31.0,608093,1.0
2021,2021-07-03,633441,2602.0,598411,1.0
2021,2021-07-03,633439,7.0,504381,1.0
2021,2021-07-03,633442,2394.0,427206,1.0
2021,2021-07-03,633416,4705.0,482608,1.0
2021,2021-07-03,633429,5.0,577468,1.0
2021,2021-07-03,633430,3309.0,489985,1.0
2021,2021-07-03,633401,10.0,483564,1.0
2021,2021-07-03,633424,19.0,427220,1.0
2021,2021-07-03,633453,1.0,427424,1.0
2021,2021-07-03,633388,15.0,521251,1.0
2021,2021-07-03,633379,680.0,503493,1.0
2021,2021-07-04,633398,3309.0,482631,1.0
2021,2021-07-04,633374,2681.0,484198,1.0
2021,2021-07-04,633422,31.0,427044,1.0
2021,2021-07-04,633408,2756.0,521051,1.0
2021,2021-07-04,633428,2602.0,427235,1.0
2021,2021-07-04,633414,5.0,483569,1.0
2021,2021-07-04,633410,2394.0,483919,1.0
2021,2021-07-04,633423,4705.0,427248,1.0
2021,2021-07-04,633417,3313.0,503502,1.0
2021,2021-07-04,633431,7.0,427128,1.0
2021,2021-07-04,633434,19.0,554242,1.0
2021,2021-07-04,633391,1.0,575629,1.0
2021,2021-07-04,633399,10.0,482663,1.0
2021,2021-07-04,633425,680.0,503077,1.0
2021,2021-07-04,633436,15.0,605672,1.0
2021,2021-07-05,633380,2395.0,482641,1.0
2021,2021-07-05,633361,4169.0,483912,1.0
2021,2021-07-05,633411,31.0,484183,1.0
2021,2021-07-05,633353,12.0,605670,1.0
2021,2021-07-05,633487,3312.0,427339,1.0
2021,2021-07-05,633412,3289.0,503586,1.0
2021,2021-07-05,633400,5325.0,427139,1.0
2021,2021-07-05,633386,17.0,544728,1.0
2021,2021-07-05,633363,7.0,427164,1.0
2021,2021-07-05,633389,1.0,427315,1.0
2021,2021-07-05,633378,2680.0,431232,1.0
2021,2021-07-06,633413,2.0,427053,1.0
2021,2021-07-06,633384,31.0,545402,1.0
2021,2021-07-06,633376,4169.0,547380,1.0
2021,2021-07-06,633364,5325.0,573597,1.0
2021,2021-07-06,633393,17.0,427538,1.0
2021,2021-07-06,633369,7.0,482608,1.0
2021,2021-07-06,633406,2392.0,573596,1.0
2021,2021-07-06,633352,3312.0,596740,1.0
2021,2021-07-06,633370,1.0,483561,1.0
2021,2021-07-06,633381,15.0,596809,1.0
2021,2021-07-06,633358,2395.0,503493,1.0
2021,2021-07-06,633396,2680.0,427095,1.0
2021,2021-07-06,633382,680.0,427413,1.0
2021,2021-07-07,633360,12.0,504381,1.0
2021,2021-07-07,633395,3289.0,511890,1.0
2021,2021-07-07,633339,12.0,427184,1.0
2021,2021-07-07,633330,31.0,427206,1.0
2021,2021-07-07,633335,3312.0,427224,1.0
2021,2021-07-07,633349,5325.0,596805,1.0
2021,2021-07-07,633383,7.0,605672,1.0
2021,2021-07-07,633342,3289.0,521051,1.0
2021,2021-07-07,633385,1.0,644760,1.0
2021,2021-07-07,633332,2.0,573769,1.0
2021,2021-07-07,633333,4169.0,598411,1.0
2021,2021-07-07,633375,17.0,554242,1.0
2021,2021-07-07,633368,2392.0,482620,1.0
2021,2021-07-07,633355,15.0,427243,1.0
2021,2021-07-07,633347,2395.0,577468,1.0
2021,2021-07-07,633362,2680.0,608093,1.0
2021,2021-07-07,633371,680.0,429805,1.0
2021,2021-07-08,633334,4169.0,427235,1.0
2021,2021-07-08,633354,2392.0,521251,1.0
2021,2021-07-08,633392,15.0,483564,1.0
2021,2021-07-08,633315,680.0,489985,1.0
2021,2021-07-08,633409,5.0,428442,1.0
2021,2021-07-08,633397,17.0,427129,1.0
2021,2021-07-08,633359,3312.0,427128,1.0
2021,2021-07-08,633351,32.0,427366,1.0
2021,2021-07-08,633343,2680.0,427044,1.0
2021,2021-09-11,633331,2.0,482663,1.0
2021,2021-07-10,633326,3289.0,482608,1.0
2021,2021-07-09,633365,17.0,427509,1.0
2021,2021-07-09,633377,2.0,484499,1.0
2021,2021-07-09,633373,5.0,503586,1.0
2021,2021-07-09,633308,3289.0,427248,1.0
2021,2021-07-09,633338,12.0,483569,1.0
2021,2021-07-09,633357,3.0,427534,1.0
2021,2021-07-09,633336,4169.0,490319,1.0
2021,2021-07-09,633345,5325.0,544728,1.0
2021,2021-07-09,633366,3312.0,605670,1.0
2021,2021-07-09,633348,2392.0,483919,1.0
2021,2021-07-09,633407,32.0,427139,1.0
2021,2021-07-09,633322,2395.0,482663,1.0
2021,2021-07-09,633320,22.0,427424,1.0
2021,2021-07-09,633367,2680.0,503077,1.0
2021,2021-07-09,633341,680.0,431232,1.0
2021,2021-07-10,633293,12.0,573596,1.0
2021,2021-07-10,633289,3312.0,427184,1.0
2021,2021-07-10,633294,2395.0,596809,1.0
2021,2021-07-10,633316,5325.0,427538,1.0
2021,2021-07-10,633350,2.0,483912,1.0
2021,2021-07-10,633295,3289.0,427164,1.0
2021,2021-07-10,633344,3.0,427339,1.0
2021,2021-07-10,633312,4169.0,503490,1.0
2021,2021-07-10,633317,5.0,511890,1.0
2021,2021-07-10,633356,17.0,427315,1.0
2021,2021-07-10,633304,2392.0,484183,1.0
2021,2021-07-10,633313,32.0,573597,1.0
2021,2021-07-10,633311,22.0,427413,1.0
2021,2021-07-10,633301,2680.0,503502,1.0
2021,2021-07-10,633288,680.0,427095,1.0
2021,2021-07-11,633282,2.0,598411,1.0
2021,2021-07-11,633325,3289.0,605672,1.0
2021,2021-07-11,633270,12.0,482620,1.0
2021,2021-07-11,633327,3.0,596740,1.0
2021,2021-07-11,633324,4169.0,427053,1.0
2021,2021-07-11,633307,3312.0,504381,1.0
2021,2021-07-11,633340,2392.0,545402,1.0
2021,2021-07-11,633274,32.0,596805,1.0
2021,2021-07-11,633297,5325.0,554242,1.0
2021,2021-07-11,633279,2395.0,427243,1.0
2021,2021-07-11,633302,22.0,429805,1.0
2021,2021-07-11,633314,2680.0,482641,1.0
2021,2021-07-11,633318,680.0,608093,1.0
2021,2021-09-20,633394,5.0,573769,1.0
2021,2021-09-24,633337,17.0,427139,1.0
2021,2021-08-17,633291,3313.0,427339,1.0
2021,2021-07-16,633283,2681.0,427044,1.0
2021,2021-07-16,633346,31.0,427520,1.0
2021,2021-07-16,633305,3309.0,428442,1.0
2021,2021-07-16,633310,3313.0,427113,1.0
2021,2021-07-16,633266,2756.0,427184,1.0
2021,2021-07-16,633263,2602.0,427509,1.0
2021,2021-07-16,633265,4705.0,427292,1.0
2021,2021-07-16,633328,7.0,521251,1.0
2021,2021-07-16,633309,4.0,427344,1.0
2021,2021-07-16,633285,2889.0,489985,1.0
2021,2021-07-16,633321,19.0,503077,1.0
2021,2021-07-16,633323,1.0,427129,1.0
2021,2021-07-16,633296,15.0,427013,1.0
2021,2021-07-16,633264,10.0,427248,1.0
2021,2021-08-30,633372,2394.0,483564,1.0
2021,2021-07-17,633275,2394.0,503586,1.0
2021,2021-07-17,633306,10.0,427164,1.0
2021,2021-07-17,633319,15.0,427019,1.0
2021,2021-07-17,633299,2681.0,427095,1.0
2021,2021-07-17,633290,31.0,427243,1.0
2021,2021-07-17,633267,3309.0,490319,1.0
2021,2021-07-17,633248,7.0,427534,1.0
2021,2021-07-17,633253,2602.0,547380,1.0
2021,2021-07-17,633281,2889.0,427424,1.0
2021,2021-07-17,633262,4.0,427286,1.0
2021,2021-07-17,633298,3313.0,427362,1.0
2021,2021-07-17,633303,4705.0,482663,1.0
2021,2021-07-17,633261,19.0,483919,1.0
2021,2021-07-17,633286,1.0,544728,1.0
2021,2021-07-18,633292,2756.0,596809,1.0
2021,2021-07-18,633235,31.0,573769,1.0
2021,2021-07-18,633256,2756.0,521889,1.0
2021,2021-07-18,633280,2394.0,521051,1.0
2021,2021-07-18,633252,2602.0,483561,1.0
2021,2021-07-18,633237,4705.0,482641,1.0
2021,2021-07-18,633239,2681.0,427093,1.0
2021,2021-07-18,633287,7.0,573596,1.0
2021,2021-07-18,633247,4.0,482608,1.0
2021,2021-07-18,633228,2889.0,429805,1.0
2021,2021-07-18,633300,3309.0,503490,1.0
2021,2021-07-18,633255,19.0,484183,1.0
2021,2021-07-18,633238,10.0,573597,1.0
2021,2021-07-18,633284,1.0,427538,1.0
2021,2021-07-18,633251,15.0,427128,1.0
2021,2021-07-18,633273,3313.0,484499,1.0
2021,2021-07-19,633278,4.0,594151,1.0
2021,2021-07-19,633233,3309.0,577468,1.0
2021,2021-07-19,633218,2756.0,427413,1.0
2021,2021-07-19,633271,2602.0,427224,1.0
2021,2021-07-19,633236,12.0,482666,1.0
2021,2021-07-19,633329,2394.0,427044,1.0
2021,2021-07-19,633277,2392.0,554242,1.0
2021,2021-07-19,633226,2889.0,482631,1.0
2021,2021-07-19,633249,10.0,427139,1.0
2021,2021-07-19,633243,15.0,427554,1.0
2021,2021-07-19,633259,22.0,605672,1.0
2021,2021-07-21,633224,4705.0,547380,1.0
2021,2021-07-20,633207,10.0,427344,1.0
2021,2021-07-20,633223,32.0,427220,1.0
2021,2021-07-20,633242,3309.0,427206,1.0
2021,2021-07-20,633216,3313.0,427053,1.0
2021,2021-07-20,633234,2602.0,483569,1.0
2021,2021-07-20,633257,12.0,427366,1.0
2021,2021-07-20,633212,2394.0,503077,1.0
2021,2021-07-20,633240,4705.0,427315,1.0
2021,2021-07-20,633200,2392.0,427129,1.0
2021,2021-07-20,633268,4.0,503493,1.0
2021,2021-07-20,633230,2889.0,427113,1.0
2021,2021-07-20,633245,19.0,482620,1.0
2021,2021-07-20,633254,15.0,598411,1.0
2021,2021-07-20,633199,22.0,427248,1.0
2021,2021-08-07,633246,2756.0,598411,1.0
2021,2021-07-21,633225,12.0,427090,1.0
2021,2021-07-21,633250,4705.0,427509,1.0
2021,2021-07-21,633196,2602.0,427339,1.0
2021,2021-07-21,633227,32.0,427013,1.0
2021,2021-07-21,633190,19.0,521251,1.0
2021,2021-07-21,633260,15.0,483912,1.0
2021,2021-07-21,633191,3309.0,484183,1.0
2021,2021-07-21,633213,3313.0,428442,1.0
2021,2021-07-21,633187,2756.0,489985,1.0
2021,2021-07-21,633203,2394.0,431232,1.0
2021,2021-07-21,633222,2392.0,490319,1.0
2021,2021-07-21,633205,4.0,427197,1.0
2021,2021-07-21,633241,2889.0,427362,1.0
2021,2021-07-21,633217,22.0,427164,1.0
2021,2021-07-22,633258,2394.0,427292,1.0
2021,2021-07-22,633276,2681.0,427019,1.0
2021,2021-07-22,633180,5.0,427424,1.0
2021,2021-07-22,633269,4169.0,427286,1.0
2021,2021-07-22,633193,3.0,594151,1.0
2021,2021-07-22,633178,2889.0,484499,1.0
2021,2021-07-22,633220,3312.0,427093,1.0
2021,2021-07-22,633231,680.0,427235,1.0
2021,2021-07-22,633244,22.0,596740,1.0
2021,2021-07-23,633170,17.0,427534,1.0
2021,2021-07-23,633176,2.0,427538,1.0
2021,2021-07-23,633214,2681.0,521889,1.0
2021,2021-07-23,633184,2602.0,427044,1.0
2021,2021-07-23,633211,5.0,429805,1.0
2021,2021-07-23,633221,3289.0,503502,1.0
2021,2021-07-23,633164,4169.0,623946,1.0
2021,2021-07-23,633181,3.0,484198,1.0
2021,2021-07-23,633232,7.0,596809,1.0
2021,2021-07-23,633208,2392.0,521051,1.0
2021,2021-07-23,633159,3312.0,577468,1.0
2021,2021-07-23,633163,32.0,596805,1.0
2021,2021-07-23,633215,2395.0,482631,1.0
2021,2021-07-23,633173,22.0,427224,1.0
2021,2021-07-23,633229,680.0,427554,1.0
2021,2021-07-24,633186,17.0,573596,1.0
2021,2021-07-24,633154,3.0,503493,1.0
2021,2021-07-24,633202,2681.0,427220,1.0
2021,2021-07-24,633210,4169.0,427139,1.0
2021,2021-07-24,633195,2.0,544728,1.0
2021,2021-07-24,633201,7.0,427053,1.0
2021,2021-07-24,633175,2602.0,503077,1.0
2021,2021-07-24,633185,5.0,427413,1.0
2021,2021-07-24,633197,2392.0,427315,1.0
2021,2021-07-24,633272,3289.0,482666,1.0
2021,2021-07-24,633209,3312.0,427206,1.0
2021,2021-07-24,633167,32.0,605672,1.0
2021,2021-07-24,633144,2395.0,427113,1.0
2021,2021-07-24,633188,22.0,483569,1.0
2021,2021-07-24,633140,680.0,598411,1.0
2021,2021-07-25,633156,2.0,554242,1.0
2021,2021-07-25,633192,2681.0,427013,1.0
2021,2021-07-25,633177,2602.0,431232,1.0
2021,2021-07-25,633194,5.0,489985,1.0
2021,2021-07-25,633174,3289.0,427366,1.0
2021,2021-07-25,633135,4169.0,427344,1.0
2021,2021-07-25,633198,3.0,427197,1.0
2021,2021-07-25,633183,7.0,573769,1.0
2021,2021-07-25,633136,2392.0,427509,1.0
2021,2021-07-25,633179,3312.0,484183,1.0
2021,2021-07-25,633204,17.0,482620,1.0
2021,2021-07-25,633171,2395.0,427362,1.0
2021,2021-07-25,633172,22.0,427339,1.0
2021,2021-07-25,633169,680.0,483912,1.0
2021,2021-07-25,633151,32.0,427248,1.0
2021,2021-07-26,633145,3289.0,427286,1.0
2021,2021-07-26,633168,2681.0,521251,1.0
2021,2021-07-26,633219,3.0,483561,1.0
2021,2021-07-26,633182,17.0,427093,1.0
2021,2021-07-26,633133,3312.0,427520,1.0
2021,2021-07-26,633121,7.0,427095,1.0
2021,2021-07-26,633157,1.0,427128,1.0
2021,2021-07-26,633206,680.0,511890,1.0
2021,2021-07-27,633152,2681.0,427534,1.0
2021,2021-07-27,633153,2.0,427424,1.0
2021,2021-07-27,633161,31.0,503490,1.0
2021,2021-07-27,633189,5.0,594151,1.0
2021,2021-07-27,633147,3289.0,664265,1.0
2021,2021-07-27,633143,12.0,427164,1.0
2021,2021-07-27,633160,17.0,482608,1.0
2021,2021-07-27,633150,5325.0,484499,1.0
2021,2021-07-27,633137,3312.0,483564,1.0
2021,2021-07-27,633166,7.0,427044,1.0
2021,2021-07-27,633139,1.0,427184,1.0
2021,2021-07-27,633149,2395.0,427235,1.0
2021,2021-07-27,633155,2680.0,427090,1.0
2021,2021-07-27,633158,680.0,503586,1.0
2021,2021-07-28,633162,3.0,547380,1.0
2021,2021-07-28,633123,5.0,427243,1.0
2021,2021-07-28,633138,3312.0,573769,1.0
2021,2021-07-28,633110,3.0,521051,1.0
2021,2021-07-28,633146,680.0,644760,1.0
2021,2021-07-28,633096,2680.0,503502,1.0
2021,2021-07-28,633098,2.0,429805,1.0
2021,2021-07-28,633113,31.0,428442,1.0
2021,2021-07-28,633148,3289.0,623946,1.0
2021,2021-07-28,633122,12.0,504381,1.0
2021,2021-07-28,633103,17.0,482641,1.0
2021,2021-07-28,633097,5325.0,427113,1.0
2021,2021-07-28,633114,7.0,577468,1.0
2021,2021-07-28,633130,1.0,607884,1.0
2021,2021-07-28,633125,2395.0,427554,1.0
2021,2021-07-29,633134,2681.0,482620,1.0
2021,2021-07-29,633081,2681.0,573596,1.0
2021,2021-07-29,633083,3289.0,427139,1.0
2021,2021-07-29,633104,12.0,596805,1.0
2021,2021-07-29,633141,7.0,431232,1.0
2021,2021-07-29,633124,17.0,605670,1.0
2021,2021-07-29,633109,2395.0,598411,1.0
2021,2021-07-29,633093,31.0,596809,1.0
2021,2021-07-29,633115,2394.0,503493,1.0
2021,2021-07-29,633126,3.0,427315,1.0
2021,2021-07-29,633111,1.0,427537,1.0
2021,2021-07-29,633065,2680.0,482631,1.0
2021,2021-07-30,633094,3309.0,427286,1.0
2021,2021-07-30,633108,31.0,427413,1.0
2021,2021-07-30,633091,14.0,605672,1.0
2021,2021-07-30,633107,2394.0,427197,1.0
2021,2021-07-30,633100,3289.0,427053,1.0
2021,2021-07-30,633165,12.0,521251,1.0
2021,2021-07-30,633073,4169.0,483564,1.0
2021,2021-07-30,633131,4705.0,427095,1.0
2021,2021-07-30,633116,5325.0,482608,1.0
2021,2021-07-30,633128,4.0,554242,1.0
2021,2021-07-30,633119,2889.0,483561,1.0
2021,2021-07-30,633118,1.0,511890,1.0
2021,2021-07-30,633102,15.0,427103,1.0
2021,2021-07-30,633120,2395.0,482666,1.0
2021,2021-07-30,633112,2680.0,427362,1.0
2021,2021-07-31,633085,14.0,427164,1.0
2021,2021-07-31,633080,1.0,503586,1.0
2021,2021-07-31,633088,2395.0,427366,1.0
2021,2021-07-31,633105,2394.0,594151,1.0
2021,2021-07-31,633090,12.0,427013,1.0
2021,2021-07-31,633092,4169.0,427520,1.0
2021,2021-07-31,633132,3309.0,573597,1.0
2021,2021-07-31,633106,5325.0,482641,1.0
2021,2021-07-31,633076,31.0,489985,1.0
2021,2021-07-31,633063,3289.0,503490,1.0
2021,2021-07-31,633058,4.0,483912,1.0
2021,2021-07-31,633127,2889.0,547380,1.0
2021,2021-07-31,633117,4705.0,427044,1.0
2021,2021-07-31,633099,15.0,427128,1.0
2021,2021-07-31,633142,2680.0,484499,1.0
2021,2021-08-01,633044,3309.0,623946,1.0
2021,2021-08-01,633082,31.0,427424,1.0
2021,2021-08-01,633067,14.0,504381,1.0
2021,2021-08-01,633050,2394.0,427243,1.0
2021,2021-08-01,633129,3289.0,428442,1.0
2021,2021-08-01,633069,4169.0,573769,1.0
2021,2021-08-01,633095,4705.0,577468,1.0
2021,2021-08-01,633047,4.0,427235,1.0
2021,2021-08-01,633024,2889.0,521051,1.0
2021,2021-08-01,633075,5325.0,605670,1.0
2021,2021-08-01,633086,2395.0,427090,1.0
2021,2021-08-01,633048,1.0,644760,1.0
2021,2021-08-01,633101,15.0,427184,1.0
2021,2021-08-01,633084,2680.0,664265,1.0
2021,2021-08-01,633089,12.0,573596,1.0
2021,2021-08-02,633041,14.0,483564,1.0
2021,2021-08-02,633057,3309.0,427554,1.0
2021,2021-08-02,633078,3313.0,483919,1.0
2021,2021-08-02,633070,12.0,596740,1.0
2021,2021-08-02,633079,4169.0,427019,1.0
2021,2021-08-02,633054,5325.0,427538,1.0
2021,2021-08-02,633072,32.0,427509,1.0
2021,2021-08-02,633077,15.0,503493,1.0
2021,2021-08-03,633066,3309.0,598411,1.0
2021,2021-08-03,633023,3313.0,427093,1.0
2021,2021-08-03,633036,14.0,427520,1.0
2021,2021-08-03,633087,2394.0,427248,1.0
2021,2021-08-03,633005,12.0,427224,1.0
2021,2021-08-03,633045,2602.0,503502,1.0
2021,2021-08-03,633049,4169.0,521889,1.0
2021,2021-08-03,633056,5325.0,544728,1.0
2021,2021-08-03,633030,4.0,427537,1.0
2021,2021-08-03,633059,32.0,427315,1.0
2021,2021-08-03,633032,2889.0,429805,1.0
2021,2021-08-03,633038,19.0,503077,1.0
2021,2021-08-03,633022,10.0,607884,1.0
2021,2021-08-03,633025,15.0,427197,1.0
2021,2021-08-03,633061,22.0,596809,1.0
2021,2021-08-04,633071,2602.0,482666,1.0
2021,2021-08-04,633027,12.0,483569,1.0
2021,2021-08-04,633068,32.0,483561,1.0
2021,2021-08-04,633010,10.0,427103,1.0
2021,2021-08-04,633040,3309.0,483912,1.0
2021,2021-08-04,633018,3313.0,427206,1.0
2021,2021-08-04,633011,14.0,482663,1.0
2021,2021-08-04,633052,2394.0,605672,1.0
2021,2021-08-04,633021,4169.0,427220,1.0
2021,2021-08-04,633055,5325.0,521051,1.0
2021,2021-08-04,633053,4.0,427292,1.0
2021,2021-08-04,633037,2889.0,483630,1.0
2021,2021-08-04,633060,19.0,427095,1.0
2021,2021-08-04,633019,22.0,427053,1.0
2021,2021-08-04,633046,15.0,594151,1.0
2021,2021-08-05,633033,4169.0,575629,1.0
2021,2021-08-05,633026,2394.0,482608,1.0
2021,2021-08-05,633004,5325.0,608158,1.0
2021,2021-08-05,633064,19.0,427044,1.0
2021,2021-08-05,633042,15.0,484198,1.0
2021,2021-08-05,632992,3309.0,489985,1.0
2021,2021-08-05,633013,3313.0,547380,1.0
2021,2021-08-05,633003,14.0,573769,1.0
2021,2021-08-05,633034,2602.0,623946,1.0
2021,2021-08-05,632998,2392.0,427339,1.0
2021,2021-08-05,633015,4.0,644760,1.0
2021,2021-08-05,633043,2889.0,427243,1.0
2021,2021-08-06,632980,17.0,427366,1.0
2021,2021-08-06,633006,2.0,427520,1.0
2021,2021-08-06,633074,2681.0,427538,1.0
2021,2021-08-06,633062,3313.0,427509,1.0
2021,2021-08-06,632974,14.0,427554,1.0
2021,2021-08-06,632990,5.0,427128,1.0
2021,2021-08-06,633002,2602.0,483919,1.0
2021,2021-08-06,633031,4705.0,596805,1.0
2021,2021-08-06,633029,2392.0,596740,1.0
2021,2021-08-06,633020,32.0,511890,1.0
2021,2021-08-06,632982,2889.0,427019,1.0
2021,2021-08-06,633035,19.0,503490,1.0
2021,2021-08-06,633017,10.0,503493,1.0
2021,2021-08-06,633028,22.0,573597,1.0
2021,2021-08-06,633008,2680.0,427344,1.0
2021,2021-08-07,632950,3313.0,427315,1.0
2021,2021-08-07,633012,17.0,427090,1.0
2021,2021-08-07,632963,14.0,483912,1.0
2021,2021-08-07,632962,10.0,427197,1.0
2021,2021-08-07,632981,2681.0,427129,1.0
2021,2021-08-07,633014,2.0,482663,1.0
2021,2021-08-07,632993,5.0,427184,1.0
2021,2021-08-07,632999,2602.0,427093,1.0
2021,2021-08-07,632995,2392.0,427224,1.0
2021,2021-08-07,632983,32.0,427537,1.0
2021,2021-08-07,632968,2889.0,521889,1.0
2021,2021-08-07,632994,4705.0,427248,1.0
2021,2021-08-07,633001,19.0,490319,1.0
2021,2021-08-07,632988,2680.0,503077,1.0
2021,2021-08-07,632986,22.0,605670,1.0
2021,2021-08-08,632971,2.0,427424,1.0
2021,2021-08-08,632967,2681.0,544728,1.0
2021,2021-08-08,632953,3313.0,483561,1.0
2021,2021-08-08,633007,14.0,605671,1.0
2021,2021-08-08,632991,5.0,607884,1.0
2021,2021-08-08,633009,2602.0,427206,1.0
2021,2021-08-08,632975,4705.0,605672,1.0
2021,2021-08-08,632957,2392.0,483569,1.0
2021,2021-08-08,632945,32.0,427292,1.0
2021,2021-08-08,632985,2889.0,427220,1.0
2021,2021-08-08,632977,19.0,596809,1.0
2021,2021-08-08,633039,10.0,594151,1.0
2021,2021-08-08,632956,22.0,483630,1.0
2021,2021-08-08,633051,2680.0,577468,1.0
2021,2021-08-08,632970,17.0,503502,1.0
2021,2021-08-09,632964,3312.0,482631,1.0
2021,2021-08-09,632979,7.0,427286,1.0
2021,2021-08-09,632942,2680.0,482620,1.0
2021,2021-08-10,632997,17.0,429805,1.0
2021,2021-08-10,633000,17.0,427413,1.0
2021,2021-08-10,632940,1.0,596740,1.0
2021,2021-08-10,632960,2.0,431232,1.0
2021,2021-08-10,632948,31.0,482666,1.0
2021,2021-08-10,632984,2681.0,547380,1.0
2021,2021-08-10,632966,3289.0,484198,1.0
2021,2021-08-10,632978,5.0,575629,1.0
2021,2021-08-10,632996,3.0,427538,1.0
2021,2021-08-10,632989,4705.0,504381,1.0
2021,2021-08-10,632973,2392.0,482608,1.0
2021,2021-08-10,632934,3312.0,427362,1.0
2021,2021-08-10,632987,7.0,427344,1.0
2021,2021-08-10,632933,2395.0,428442,1.0
2021,2021-08-10,632955,680.0,623946,1.0
2021,2021-08-10,632976,2680.0,521251,1.0
2021,2021-08-11,632927,3312.0,484499,1.0
2021,2021-08-11,632904,2392.0,596805,1.0
2021,2021-08-11,632935,7.0,427139,1.0
2021,2021-08-11,632959,2680.0,427534,1.0
2021,2021-08-11,632922,2.0,427509,1.0
2021,2021-08-11,632928,31.0,554242,1.0
2021,2021-08-11,632915,2681.0,573769,1.0
2021,2021-08-11,632937,5.0,427019,1.0
2021,2021-08-11,632931,3.0,503586,1.0
2021,2021-08-11,632923,4705.0,427184,1.0
2021,2021-08-11,632946,17.0,605670,1.0
2021,2021-08-11,632965,1.0,427224,1.0
2021,2021-08-11,632951,2395.0,503490,1.0
2021,2021-08-11,632952,680.0,483919,1.0
2021,2021-08-12,632912,3289.0,483912,1.0
2021,2021-08-12,632949,3289.0,503493,1.0
2021,2021-08-12,632944,31.0,427090,1.0
2021,2021-08-12,632969,2681.0,427315,1.0
2021,2021-08-12,632900,5.0,521889,1.0
2021,2021-08-12,633016,17.0,427129,1.0
2021,2021-08-12,632938,2.0,503077,1.0
2021,2021-08-12,632903,3.0,427537,1.0
2021,2021-08-12,632947,680.0,427093,1.0
2021,2021-08-12,632929,4705.0,607884,1.0
2021,2021-08-12,632924,,573596,1.0
2021,2021-08-12,632918,1.0,608093,1.0
2021,2021-08-12,632914,15.0,427248,1.0
2021,2021-08-12,632939,2395.0,573597,1.0
2021,2021-08-13,632901,2681.0,594151,1.0
2021,2021-08-13,632921,3309.0,483561,1.0
2021,2021-08-13,632902,3.0,427103,1.0
2021,2021-08-13,632920,2394.0,503502,1.0
2021,2021-08-13,632911,3289.0,482620,1.0
2021,2021-08-13,632930,4169.0,644760,1.0
2021,2021-08-13,632936,5325.0,427339,1.0
2021,2021-08-13,632943,7.0,490319,1.0
2021,2021-08-13,632926,3312.0,577468,1.0
2021,2021-08-13,632972,1.0,484183,1.0
2021,2021-08-13,632932,15.0,427554,1.0
2021,2021-08-13,632906,2395.0,545402,1.0
2021,2021-08-13,632954,680.0,427424,1.0
2021,2021-08-14,632820,31.0,427013,1.0
2021,2021-08-14,632897,31.0,575629,1.0
2021,2021-08-14,632916,2681.0,484198,1.0
2021,2021-08-14,632905,3.0,504381,1.0
2021,2021-08-14,632885,3309.0,547380,1.0
2021,2021-08-14,632819,2394.0,482666,1.0
2021,2021-08-14,632941,4169.0,427538,1.0
2021,2021-08-14,632894,5325.0,596740,1.0
2021,2021-08-14,632958,3289.0,521251,1.0
2021,2021-08-14,632818,7.0,596809,1.0
2021,2021-08-14,632913,3312.0,431232,1.0
2021,2021-08-14,632898,4.0,427113,1.0
2021,2021-08-14,632877,15.0,482608,1.0
2021,2021-08-14,632889,2395.0,427344,1.0
2021,2021-08-14,632925,1.0,623946,1.0
2021,2021-08-14,632907,680.0,489985,1.0
2021,2021-08-15,632891,2681.0,503493,1.0
2021,2021-08-15,632867,3309.0,573769,1.0
2021,2021-08-15,632876,31.0,427019,1.0
2021,2021-08-15,632961,3.0,427184,1.0
2021,2021-08-15,632910,2394.0,554242,1.0
2021,2021-08-15,632874,4169.0,503586,1.0
2021,2021-08-15,632860,7.0,428442,1.0
2021,2021-08-15,632866,3312.0,427509,1.0
2021,2021-08-15,632899,4.0,482631,1.0
2021,2021-08-15,632847,5325.0,427224,1.0
2021,2021-08-15,632863,2395.0,427139,1.0
2021,2021-08-15,632881,1.0,483919,1.0
2021,2021-08-15,632917,15.0,596805,1.0
2021,2021-08-15,632857,680.0,427413,1.0
2021,2021-08-15,632895,3289.0,573596,1.0
2021,2021-08-16,632878,2602.0,503490,1.0
2021,2021-08-16,632890,12.0,482641,1.0
2021,2021-08-16,632858,4169.0,521889,1.0
2021,2021-08-16,632883,7.0,607884,1.0
2021,2021-08-16,632873,3312.0,483630,1.0
2021,2021-08-16,632892,4.0,427292,1.0
2021,2021-08-16,632813,19.0,503077,1.0
2021,2021-08-16,632886,2395.0,427248,1.0
2021,2021-08-16,632882,22.0,573597,1.0
2021,2021-08-17,632893,3313.0,596740,1.0
2021,2021-08-17,632825,3309.0,427220,1.0
2021,2021-08-17,632871,2602.0,490319,1.0
2021,2021-08-17,632868,2394.0,427537,1.0
2021,2021-08-17,632864,12.0,427192,1.0
2021,2021-08-17,632872,4169.0,577468,1.0
2021,2021-08-17,632884,2889.0,427197,1.0
2021,2021-08-17,632853,5325.0,427366,1.0
2021,2021-08-17,632875,7.0,427103,1.0
2021,2021-08-17,632880,3312.0,427554,1.0
2021,2021-08-17,632908,4.0,544728,1.0
2021,2021-08-17,632851,19.0,427243,1.0
2021,2021-08-17,632869,15.0,427093,1.0
2021,2021-08-17,632919,2395.0,605672,1.0
2021,2021-08-17,632909,22.0,545402,1.0
2021,2021-08-18,632839,2602.0,596809,1.0
2021,2021-08-18,632831,3312.0,427235,1.0
2021,2021-08-18,632862,19.0,482663,1.0
2021,2021-08-18,632850,2395.0,482608,1.0
2021,2021-08-18,632856,3309.0,427013,1.0
2021,2021-08-18,632852,3313.0,483569,1.0
2021,2021-08-18,632861,2394.0,644760,1.0
2021,2021-08-18,632849,12.0,573769,1.0
2021,2021-08-18,632865,4169.0,431232,1.0
2021,2021-08-18,632844,2889.0,594151,1.0
2021,2021-08-18,632855,5325.0,503502,1.0
2021,2021-08-18,632859,7.0,427128,1.0
2021,2021-08-18,632854,4.0,521051,1.0
2021,2021-08-18,632848,15.0,484183,1.0
2021,2021-08-18,632887,22.0,427344,1.0
2021,2021-08-19,632846,2394.0,511890,1.0
2021,2021-08-19,632833,12.0,428442,1.0
2021,2021-08-19,632838,5325.0,482666,1.0
2021,2021-08-19,632843,7.0,504381,1.0
2021,2021-08-19,632823,4.0,427129,1.0
2021,2021-08-19,632841,15.0,427206,1.0
2021,2021-08-19,632840,3313.0,575629,1.0
2021,2021-08-19,632816,2602.0,483912,1.0
2021,2021-08-19,632845,2889.0,484198,1.0
2021,2021-08-19,632835,22.0,427520,1.0
2021,2021-08-20,632826,17.0,547380,1.0
2021,2021-08-20,632814,2.0,503586,1.0
2021,2021-08-20,632799,3313.0,427019,1.0
2021,2021-08-20,632888,14.0,427292,1.0
2021,2021-08-20,632837,5.0,427197,1.0
2021,2021-08-20,632827,3.0,596805,1.0
2021,2021-08-20,632836,12.0,607884,1.0
2021,2021-08-20,632832,2602.0,483630,1.0
2021,2021-08-20,632774,2392.0,503077,1.0
2021,2021-08-20,632896,32.0,427053,1.0
2021,2021-08-20,632815,2889.0,427044,1.0
2021,2021-08-20,632828,19.0,554242,1.0
2021,2021-08-20,632809,10.0,483919,1.0
2021,2021-08-20,632811,22.0,598411,1.0
2021,2021-08-20,632817,2680.0,427139,1.0
2021,2021-08-21,632821,3313.0,427220,1.0
2021,2021-08-21,632804,12.0,427103,1.0
2021,2021-08-21,632824,17.0,427339,1.0
2021,2021-08-21,632775,14.0,544728,1.0
2021,2021-08-21,632795,22.0,427243,1.0
2021,2021-08-21,632829,32.0,503490,1.0
2021,2021-08-21,632842,10.0,427093,1.0
2021,2021-08-21,632780,5.0,594151,1.0
2021,2021-08-21,632834,2392.0,482641,1.0
2021,2021-08-21,632797,2602.0,427554,1.0
2021,2021-08-21,632879,2.0,427537,1.0
2021,2021-08-21,632870,3.0,427248,1.0
2021,2021-08-21,632810,2889.0,577468,1.0
2021,2021-08-21,632790,19.0,427366,1.0
2021,2021-08-21,632806,2680.0,573597,1.0
2021,2021-08-22,632772,2.0,644760,1.0
2021,2021-08-22,632784,14.0,521051,1.0
2021,2021-08-22,632785,12.0,427128,1.0
2021,2021-08-22,632801,2602.0,608093,1.0
2021,2021-08-22,632793,2392.0,427192,1.0
2021,2021-08-22,632786,32.0,490319,1.0
2021,2021-08-22,632794,2889.0,427129,1.0
2021,2021-08-22,632771,17.0,596740,1.0
2021,2021-08-22,632803,19.0,503502,1.0
2021,2021-08-22,632830,2680.0,545402,1.0
2021,2021-08-22,632791,10.0,484183,1.0
2021,2021-08-22,632796,22.0,482663,1.0
2021,2021-08-22,632812,2735.0,483564,1.0
2021,2021-09-13,632730,3313.0,427362,1.0
2021,2021-08-23,632773,3.0,605672,1.0
2021,2021-08-23,632798,31.0,503586,1.0
2021,2021-08-23,632787,14.0,428442,1.0
2021,2021-08-23,632805,4705.0,427534,1.0
2021,2021-08-23,632792,17.0,427362,1.0
2021,2021-08-23,632770,2392.0,429805,1.0
2021,2021-08-23,632758,10.0,483561,1.0
2021,2021-08-24,632769,10.0,483912,1.0
2021,2021-08-24,632807,2.0,427090,1.0
2021,2021-08-24,632744,31.0,484198,1.0
2021,2021-08-24,632777,2681.0,503493,1.0
2021,2021-08-24,632779,14.0,427053,1.0
2021,2021-08-24,632802,3289.0,427184,1.0
2021,2021-08-24,632783,5.0,427344,1.0
2021,2021-08-24,632755,3.0,427206,1.0
2021,2021-08-24,632789,4169.0,427292,1.0
2021,2021-08-24,632763,4705.0,482620,1.0
2021,2021-08-24,632781,2889.0,427235,1.0
2021,2021-08-24,632776,2392.0,427424,1.0
2021,2021-08-24,632728,32.0,431232,1.0
2021,2021-08-24,632748,2680.0,483569,1.0
2021,2021-08-25,632822,17.0,596805,1.0
2021,2021-08-25,632751,2889.0,547380,1.0
2021,2021-08-25,632768,2392.0,598411,1.0
2021,2021-08-25,632738,17.0,484499,1.0
2021,2021-08-25,632756,2.0,554242,1.0
2021,2021-08-25,632778,31.0,427113,1.0
2021,2021-08-25,632727,2681.0,483564,1.0
2021,2021-08-25,632752,14.0,503490,1.0
2021,2021-08-25,632747,3289.0,573769,1.0
2021,2021-08-25,632766,5.0,427139,1.0
2021,2021-08-25,632767,3.0,483919,1.0
2021,2021-08-25,632760,4169.0,544728,1.0
2021,2021-08-25,632761,32.0,427044,1.0
2021,2021-08-25,632764,2680.0,427224,1.0
2021,2021-08-26,632743,2.0,427366,1.0
2021,2021-08-26,632726,32.0,483630,1.0
2021,2021-08-26,632724,14.0,490319,1.0
2021,2021-08-26,632729,31.0,521251,1.0
2021,2021-08-26,632746,2681.0,427509,1.0
2021,2021-08-26,632745,3289.0,482641,1.0
2021,2021-08-26,632788,5.0,573597,1.0
2021,2021-08-26,632741,3.0,427197,1.0
2021,2021-08-26,632754,4169.0,427538,1.0
2021,2021-08-26,632685,2680.0,596809,1.0
2021,2021-08-26,632749,10.0,429805,1.0
2021,2021-08-26,632739,680.0,482631,1.0
2021,2021-08-27,632762,31.0,489985,1.0
2021,2021-08-27,632720,2.0,427344,1.0
2021,2021-08-27,632808,2681.0,427315,1.0
2021,2021-08-27,632735,5.0,521051,1.0
2021,2021-08-27,632800,3289.0,503586,1.0
2021,2021-08-27,632709,2394.0,484183,1.0
2021,2021-08-27,632742,4169.0,503502,1.0
2021,2021-08-27,632732,4705.0,428442,1.0
2021,2021-08-27,632734,5325.0,577468,1.0
2021,2021-08-27,632718,4.0,482663,1.0
2021,2021-08-27,632759,3312.0,427192,1.0
2021,2021-08-27,632782,1.0,427339,1.0
2021,2021-08-27,632725,10.0,504381,1.0
2021,2021-08-27,632740,22.0,427554,1.0
2021,2021-08-27,632753,680.0,427362,1.0
2021,2021-08-28,632737,5.0,427292,1.0
2021,2021-08-28,632706,10.0,427413,1.0
2021,2021-08-28,632713,680.0,484499,1.0
2021,2021-08-28,632712,2681.0,483561,1.0
2021,2021-08-28,632719,2394.0,644760,1.0
2021,2021-08-28,632757,4169.0,427090,1.0
2021,2021-08-28,632723,31.0,427534,1.0
2021,2021-08-28,632721,2.0,427139,1.0
2021,2021-08-28,632702,5325.0,431232,1.0
2021,2021-08-28,632717,3289.0,427113,1.0
2021,2021-08-28,632722,4.0,427520,1.0
2021,2021-08-28,632716,3312.0,573769,1.0
2021,2021-08-28,632733,4705.0,427053,1.0
2021,2021-08-28,632697,1.0,483569,1.0
2021,2021-08-28,632707,22.0,608093,1.0
2021,2021-08-29,632698,31.0,482620,1.0
2021,2021-08-29,632736,2.0,573597,1.0
2021,2021-08-29,632673,2681.0,547380,1.0
2021,2021-08-29,632704,5.0,544728,1.0
2021,2021-08-29,632711,3289.0,427128,1.0
2021,2021-08-29,632750,2394.0,427093,1.0
2021,2021-08-29,632684,4169.0,554242,1.0
2021,2021-08-29,632701,4705.0,503490,1.0
2021,2021-08-29,632765,4.0,503493,1.0
2021,2021-08-29,632705,3312.0,483630,1.0
2021,2021-08-29,632696,5325.0,427044,1.0
2021,2021-08-29,632714,22.0,427235,1.0
2021,2021-08-29,632693,680.0,596805,1.0
2021,2021-08-29,632700,10.0,598411,1.0
2021,2021-08-30,632692,2602.0,483919,1.0
2021,2021-08-30,632691,3309.0,482608,1.0
2021,2021-08-30,632668,14.0,521251,1.0
2021,2021-08-30,632664,12.0,594151,1.0
2021,2021-08-30,632678,5325.0,504381,1.0
2021,2021-08-30,632690,1.0,483912,1.0
2021,2021-08-30,632703,15.0,429805,1.0
2021,2021-08-30,632687,2395.0,521889,1.0
2021,2021-08-30,632665,680.0,427224,1.0
2021,2021-08-30,632674,22.0,482631,1.0
2021,2021-08-31,632677,3309.0,427248,1.0
2021,2021-08-31,632715,14.0,427534,1.0
2021,2021-08-31,632688,2394.0,427243,1.0
2021,2021-08-31,632669,12.0,484198,1.0
2021,2021-08-31,632679,3289.0,427315,1.0
2021,2021-08-31,632680,5325.0,427103,1.0
2021,2021-08-31,632676,7.0,427013,1.0
2021,2021-08-31,632694,3312.0,427538,1.0
2021,2021-08-31,632683,4.0,482666,1.0
2021,2021-08-31,632675,1.0,427554,1.0
2021,2021-08-31,632672,15.0,427413,1.0
2021,2021-08-31,632682,2395.0,605673,1.0
2021,2021-08-31,632657,680.0,596809,1.0
2021,2021-08-31,632663,22.0,427362,1.0
2021,2021-09-01,632699,2602.0,483630,1.0
2021,2021-09-01,632731,2602.0,484183,1.0
2021,2021-09-01,632641,5325.0,554242,1.0
2021,2021-09-01,632681,15.0,598411,1.0
2021,2021-09-01,632648,680.0,596740,1.0
2021,2021-09-01,632640,14.0,573596,1.0
2021,2021-09-01,632655,1.0,608093,1.0
2021,2021-09-01,632710,2394.0,427520,1.0
2021,2021-09-01,632653,12.0,644760,1.0
2021,2021-09-01,632662,7.0,482641,1.0
2021,2021-09-01,632689,3312.0,427129,1.0
2021,2021-09-01,632671,4.0,427366,1.0
2021,2021-09-01,632661,2395.0,427019,1.0
2021,2021-09-01,632656,22.0,484499,1.0
2021,2021-09-02,632670,3309.0,545402,1.0
2021,2021-09-28,632666,3289.0,503493,1.0
2021,2021-09-02,632686,2394.0,503493,1.0
2021,2021-09-02,632659,2395.0,427220,1.0
2021,2021-09-02,632630,12.0,427197,1.0
2021,2021-09-02,632650,3289.0,483561,1.0
2021,2021-09-02,632646,17.0,427093,1.0
2021,2021-09-02,632635,7.0,427192,1.0
2021,2021-09-02,632695,19.0,483569,1.0
2021,2021-09-03,632660,17.0,483630,1.0
2021,2021-09-03,632617,3309.0,427113,1.0
2021,2021-09-03,632642,3313.0,596805,1.0
2021,2021-09-03,632629,14.0,427090,1.0
2021,2021-09-03,632639,3.0,483564,1.0
2021,2021-09-03,632654,2602.0,605672,1.0
2021,2021-09-03,632627,12.0,427235,1.0
2021,2021-09-03,632621,4169.0,594151,1.0
2021,2021-09-03,632633,7.0,547380,1.0
2021,2021-09-03,632638,32.0,427184,1.0
2021,2021-09-03,632644,19.0,427224,1.0
2021,2021-09-03,632632,1.0,573769,1.0
2021,2021-09-03,632708,15.0,521889,1.0
2021,2021-09-03,632645,2395.0,503077,1.0
2021,2021-09-03,632651,2680.0,427292,1.0
2021,2021-09-04,632611,3309.0,427534,1.0
2021,2021-09-04,632622,3313.0,482631,1.0
2021,2021-09-04,632624,17.0,484183,1.0
2021,2021-09-04,632616,14.0,605670,1.0
2021,2021-09-04,632600,12.0,483912,1.0
2021,2021-09-04,632634,3.0,427520,1.0
2021,2021-09-04,632626,4169.0,484198,1.0
2021,2021-09-04,632649,2602.0,482608,1.0
2021,2021-09-04,632652,7.0,427509,1.0
2021,2021-09-04,632667,32.0,427128,1.0
2021,2021-09-04,632623,15.0,605673,1.0
2021,2021-09-04,632615,19.0,596809,1.0
2021,2021-09-04,632612,2680.0,483919,1.0
2021,2021-09-04,632636,2395.0,429805,1.0
2021,2021-09-04,632625,1.0,427013,1.0
2021,2021-09-05,632598,3309.0,573596,1.0
2021,2021-09-05,632582,3313.0,427362,1.0
2021,2021-09-05,632607,14.0,482666,1.0
2021,2021-09-05,632592,3.0,427243,1.0
2021,2021-09-05,632618,2602.0,427248,1.0
2021,2021-09-05,632605,12.0,427554,1.0
2021,2021-09-05,632602,4169.0,644760,1.0
2021,2021-09-05,632614,7.0,639723,1.0
2021,2021-09-05,632610,32.0,504381,1.0
2021,2021-09-05,632613,17.0,427206,1.0
2021,2021-09-05,632606,19.0,596740,1.0
2021,2021-09-05,632619,1.0,482641,1.0
2021,2021-09-05,632647,2680.0,427538,1.0
2021,2021-09-05,632601,15.0,427019,1.0
2021,2021-09-05,632599,2395.0,427413,1.0
2021,2021-09-06,632658,2.0,490319,1.0
2021,2021-09-06,632604,3309.0,482620,1.0
2021,2021-09-06,632593,3313.0,503586,1.0
2021,2021-09-06,632603,3.0,484499,1.0
2021,2021-09-06,632585,31.0,427184,1.0
2021,2021-09-06,632584,32.0,483630,1.0
2021,2021-09-06,632597,17.0,483564,1.0
2021,2021-09-06,632608,19.0,427129,1.0
2021,2021-09-06,632628,2889.0,545402,1.0
2021,2021-09-06,632591,5.0,427366,1.0
2021,2021-09-06,632596,2392.0,427286,1.0
2021,2021-09-06,632620,1.0,427192,1.0
2021,2021-09-07,632586,5.0,427090,1.0
2021,2021-09-07,632560,31.0,427128,1.0
2021,2021-09-07,632572,4169.0,598411,1.0
2021,2021-09-07,632594,2.0,428442,1.0
2021,2021-09-07,632577,3313.0,503502,1.0
2021,2021-09-07,632588,3.0,482631,1.0
2021,2021-09-07,632583,4705.0,427220,1.0
2021,2021-09-07,632637,17.0,577468,1.0
2021,2021-09-07,632569,32.0,427339,1.0
2021,2021-09-07,632558,2889.0,605672,1.0
2021,2021-09-07,632590,2392.0,427344,1.0
2021,2021-09-07,632587,19.0,544728,1.0
2021,2021-09-07,632595,15.0,521251,1.0
2021,2021-09-07,632578,10.0,573769,1.0
2021,2021-09-07,632581,2680.0,483561,1.0
2021,2021-09-08,632580,2392.0,573597,1.0
2021,2021-09-08,632589,19.0,521051,1.0
2021,2021-09-08,632573,15.0,503490,1.0
2021,2021-09-08,632579,5.0,605670,1.0
2021,2021-09-08,632609,31.0,605674,1.0
2021,2021-09-08,632574,4169.0,429805,1.0
2021,2021-09-08,632576,2.0,503493,1.0
2021,2021-09-08,632567,3313.0,554242,1.0
2021,2021-09-08,632575,3.0,596805,1.0
2021,2021-09-08,632554,4705.0,427013,1.0
2021,2021-09-08,632566,17.0,431232,1.0
2021,2021-09-08,632565,32.0,483912,1.0
2021,2021-09-08,632643,2889.0,482608,1.0
2021,2021-09-08,632631,2680.0,427315,1.0
2021,2021-09-08,632545,10.0,427292,1.0
2021,2021-09-09,632564,2889.0,427248,1.0
2021,2021-09-09,632562,10.0,483569,1.0
2021,2021-09-09,632561,5.0,482666,1.0
2021,2021-09-09,632536,4169.0,489985,1.0
2021,2021-09-09,632556,2.0,427053,1.0
2021,2021-09-09,632548,2681.0,596740,1.0
2021,2021-09-09,632546,3313.0,427139,1.0
2021,2021-09-09,632570,4705.0,605673,1.0
2021,2021-09-10,632550,17.0,596809,1.0
2021,2021-09-10,632555,31.0,427413,1.0
2021,2021-09-10,632563,2.0,427554,1.0
2021,2021-09-10,632537,2681.0,427113,1.0
2021,2021-09-10,632543,2394.0,490319,1.0
2021,2021-09-10,632552,3289.0,427019,1.0
2021,2021-09-10,632557,5.0,545402,1.0
2021,2021-09-10,632571,4705.0,427538,1.0
2021,2021-09-10,632549,2392.0,427366,1.0
2021,2021-09-10,632541,3312.0,504381,1.0
2021,2021-09-10,632559,4.0,503077,1.0
2021,2021-09-10,632534,2889.0,503586,1.0
2021,2021-09-10,632544,10.0,644760,1.0
2021,2021-09-10,632542,22.0,573596,1.0
2021,2021-09-10,632528,680.0,482641,1.0
2021,2021-09-11,632547,17.0,547380,1.0
2021,2021-09-11,632535,10.0,427286,1.0
2021,2021-09-11,632539,2.0,427224,1.0
2021,2021-09-11,632540,2681.0,482631,1.0
2021,2021-09-11,632515,2394.0,428442,1.0
2021,2021-09-11,632533,5.0,605672,1.0
2021,2021-09-11,632501,31.0,598411,1.0
2021,2021-09-11,632529,2392.0,427090,1.0
2021,2021-09-11,632527,3312.0,427184,1.0
2021,2021-09-11,632531,4.0,483564,1.0
2021,2021-09-11,632525,2889.0,503502,1.0
2021,2021-09-11,632538,4705.0,427129,1.0
2021,2021-09-11,632551,3289.0,427220,1.0
2021,2021-09-11,632530,22.0,482620,1.0
2021,2021-09-11,632517,680.0,573769,1.0
2021,2021-09-12,632512,2394.0,427053,1.0
2021,2021-09-12,632526,31.0,429805,1.0
2021,2021-09-12,632498,2.0,575629,1.0
2021,2021-09-12,632514,2681.0,596805,1.0
2021,2021-09-12,632510,5.0,482608,1.0
2021,2021-09-12,632523,4705.0,544728,1.0
2021,2021-09-12,632532,2392.0,605670,1.0
2021,2021-09-12,632519,3312.0,521251,1.0
2021,2021-09-12,632513,4.0,577468,1.0
2021,2021-09-12,632516,2889.0,554242,1.0
2021,2021-09-12,632508,17.0,483561,1.0
2021,2021-09-12,632553,10.0,427344,1.0
2021,2021-09-12,632568,22.0,503490,1.0
2021,2021-09-12,632524,680.0,427292,1.0
2021,2021-09-12,632522,3289.0,427013,1.0
2021,2021-09-13,632518,3309.0,427366,1.0
2021,2021-09-13,632489,14.0,427093,1.0
2021,2021-09-13,632478,3289.0,427339,1.0
2021,2021-09-13,632502,5325.0,427520,1.0
2021,2021-09-13,632520,2395.0,573597,1.0
2021,2021-09-13,632509,22.0,484198,1.0
2021,2021-09-13,632507,680.0,511890,1.0
2021,2021-09-14,632493,3312.0,427113,1.0
2021,2021-09-14,632503,31.0,427235,1.0
2021,2021-09-14,632499,2394.0,427139,1.0
2021,2021-09-14,632495,2681.0,521889,1.0
2021,2021-09-14,632496,3309.0,503502,1.0
2021,2021-09-14,632500,2.0,427509,1.0
2021,2021-09-14,632497,14.0,484183,1.0
2021,2021-09-14,632492,3289.0,608093,1.0
2021,2021-09-14,632504,4705.0,427044,1.0
2021,2021-09-14,632482,5325.0,427243,1.0
2021,2021-09-14,632511,7.0,489985,1.0
2021,2021-09-14,632506,4.0,427534,1.0
2021,2021-09-14,632491,2395.0,490319,1.0
2021,2021-09-14,632505,22.0,427533,1.0
2021,2021-09-14,632480,680.0,639723,1.0
2021,2021-09-15,632477,3309.0,427090,1.0
2021,2021-09-15,632479,2394.0,644760,1.0
2021,2021-09-15,632483,14.0,605672,1.0
2021,2021-09-15,632481,680.0,427537,1.0
2021,2021-09-15,632487,31.0,596740,1.0
2021,2021-09-15,632486,2681.0,482641,1.0
2021,2021-09-15,632494,2.0,596809,1.0
2021,2021-09-15,632521,3289.0,427224,1.0
2021,2021-09-15,632465,4705.0,431232,1.0
2021,2021-09-15,632463,3312.0,596805,1.0
2021,2021-09-15,632485,5325.0,521051,1.0
2021,2021-09-15,632471,7.0,427413,1.0
2021,2021-09-15,632490,4.0,573596,1.0
2021,2021-09-15,632464,2395.0,428442,1.0
2021,2021-09-15,632484,22.0,623938,1.0
2021,2021-09-16,632462,31.0,427554,1.0
2021,2021-09-16,632468,7.0,598411,1.0
2021,2021-09-16,632476,4.0,482620,1.0
2021,2021-09-16,632473,2395.0,427053,1.0
2021,2021-09-16,632452,2.0,547380,1.0
2021,2021-09-16,632475,2681.0,573769,1.0
2021,2021-09-16,632474,12.0,483569,1.0
2021,2021-09-16,632472,5325.0,482663,1.0
2021,2021-09-16,632457,4705.0,0,0.0
2021,2021-09-17,632450,3309.0,427520,1.0
2021,2021-09-17,632458,3313.0,521251,1.0
2021,2021-09-17,632430,14.0,483561,1.0
2021,2021-09-17,632454,3.0,427286,1.0
2021,2021-09-17,632470,2602.0,427248,1.0
2021,2021-09-17,632440,12.0,427339,1.0
2021,2021-09-17,632467,3289.0,577468,1.0
2021,2021-09-17,632460,4169.0,427220,1.0
2021,2021-09-17,632459,5325.0,573597,1.0
2021,2021-09-17,632469,2392.0,427362,1.0
2021,2021-09-17,632445,7.0,575629,1.0
2021,2021-09-17,632461,32.0,482608,1.0
2021,2021-09-17,632436,2889.0,483919,1.0
2021,2021-09-17,632466,1.0,503490,1.0
2021,2021-09-17,632453,2395.0,427315,1.0
2021,2021-09-18,632441,3313.0,427534,1.0
2021,2021-09-18,632451,3.0,427344,1.0
2021,2021-09-18,632455,2602.0,427366,1.0
2021,2021-09-18,632431,14.0,427509,1.0
2021,2021-09-18,632417,3309.0,427243,1.0
2021,2021-09-18,632427,12.0,608093,1.0
2021,2021-09-18,632448,4169.0,605673,1.0
2021,2021-09-18,632439,5325.0,427197,1.0
2021,2021-09-18,632456,2392.0,482631,1.0
2021,2021-09-18,632449,7.0,427235,1.0
2021,2021-09-18,632488,2889.0,427093,1.0
2021,2021-09-18,632447,3289.0,427044,1.0
2021,2021-09-18,632425,32.0,489985,1.0
2021,2021-09-18,632442,2395.0,503586,1.0
2021,2021-09-18,632444,1.0,428442,1.0
2021,2021-09-19,632438,3309.0,521051,1.0
2021,2021-09-19,632380,3313.0,573596,1.0
2021,2021-09-19,632446,14.0,596809,1.0
2021,2021-09-19,632419,3.0,427139,1.0
2021,2021-09-19,632432,2602.0,503502,1.0
2021,2021-09-19,632421,12.0,427224,1.0
2021,2021-09-19,632411,4169.0,482641,1.0
2021,2021-09-19,632422,2392.0,427113,1.0
2021,2021-09-19,632416,7.0,596740,1.0
2021,2021-09-19,632413,32.0,427413,1.0
2021,2021-09-19,632443,2889.0,484183,1.0
2021,2021-09-19,632434,5325.0,427533,1.0
2021,2021-09-19,632433,2395.0,511890,1.0
2021,2021-09-19,632420,1.0,623938,1.0
2021,2021-09-19,632407,3289.0,431232,1.0
2021,2021-09-20,632437,5.0,482666,1.0
2021,2021-09-20,632435,2602.0,482620,1.0
2021,2021-09-20,632423,2394.0,427013,1.0
2021,2021-09-20,632408,4169.0,644760,1.0
2021,2021-09-20,632429,2681.0,482663,1.0
2021,2021-09-20,632414,3313.0,427248,1.0
2021,2021-09-20,632406,12.0,427292,1.0
2021,2021-09-20,632415,32.0,596805,1.0
2021,2021-09-20,632424,1.0,598411,1.0
2021,2021-09-20,632412,10.0,427128,1.0
2021,2021-09-20,632426,15.0,483912,1.0
2021,2021-09-21,632405,2394.0,427220,1.0
2021,2021-09-21,632398,5.0,605673,1.0
2021,2021-09-21,632403,2602.0,521251,1.0
2021,2021-09-21,632379,4169.0,573597,1.0
2021,2021-09-21,632402,2681.0,483564,1.0
2021,2021-09-21,632396,3313.0,577468,1.0
2021,2021-09-21,632410,3.0,427206,1.0
2021,2021-09-21,632391,12.0,427538,1.0
2021,2021-09-21,632404,17.0,490319,1.0
2021,2021-09-21,632397,32.0,427362,1.0
2021,2021-09-21,632399,19.0,483569,1.0
2021,2021-09-21,632418,1.0,429805,1.0
2021,2021-09-21,632401,10.0,504381,1.0
2021,2021-09-21,632428,15.0,427554,1.0
2021,2021-09-21,632378,2680.0,484198,1.0
2021,2021-09-22,632377,12.0,427129,1.0
2021,2021-09-22,632385,4169.0,427344,1.0
2021,2021-09-22,632382,2681.0,427243,1.0
2021,2021-09-22,632381,3313.0,605672,1.0
2021,2021-09-22,632389,3.0,483919,1.0
2021,2021-09-22,632400,17.0,503490,1.0
2021,2021-09-22,632386,32.0,427113,1.0
2021,2021-09-22,632394,19.0,427339,1.0
2021,2021-09-22,632395,1.0,489985,1.0
2021,2021-09-22,632383,10.0,427184,1.0
2021,2021-09-22,632392,15.0,575629,1.0
2021,2021-09-22,632384,2680.0,594151,1.0
2021,2021-09-27,632388,2602.0,521889,1.0
2021,2021-09-27,632393,2394.0,483561,1.0
2021,2021-09-27,632409,5.0,521051,1.0
2021,2021-09-23,632372,5.0,482663,1.0
2021,2021-09-23,632367,32.0,547380,1.0
2021,2021-09-23,632376,19.0,427224,1.0
2021,2021-09-23,632368,10.0,605674,1.0
2021,2021-09-23,632374,15.0,427235,1.0
2021,2021-09-23,632370,2680.0,427197,1.0
2021,2021-09-23,632387,2602.0,521889,1.0
2021,2021-09-23,632390,2.0,573596,1.0
2021,2021-09-23,632365,2681.0,427053,1.0
2021,2021-09-23,632375,3312.0,482608,1.0
2021,2021-09-23,632371,1.0,427103,1.0
2021,2021-09-24,632339,17.0,427286,1.0
2021,2021-09-24,632369,2.0,482620,1.0
2021,2021-09-24,632360,2681.0,428442,1.0
2021,2021-09-24,632361,2394.0,427093,1.0
2021,2021-09-24,632364,2602.0,596809,1.0
2021,2021-09-24,632363,5.0,605673,1.0
2021,2021-09-24,632358,12.0,596805,1.0
2021,2021-09-24,632373,3.0,544728,1.0
2021,2021-09-24,632362,19.0,483912,1.0
2021,2021-09-24,632357,3312.0,427248,1.0
2021,2021-09-24,632366,32.0,482641,1.0
2021,2021-09-24,632359,1.0,427533,1.0
2021,2021-09-24,632340,15.0,598411,1.0
2021,2021-09-24,632356,10.0,596740,1.0
2021,2021-09-24,632352,2680.0,427128,1.0
2021,2021-09-25,632351,17.0,573597,1.0
2021,2021-09-25,632341,2681.0,490319,1.0
2021,2021-09-25,632342,10.0,483569,1.0
2021,2021-09-25,632354,3.0,427292,1.0
2021,2021-09-25,632347,2394.0,427206,1.0
2021,2021-09-25,632335,12.0,484499,1.0
2021,2021-09-25,632355,2.0,521251,1.0
2021,2021-09-25,632338,2602.0,427013,1.0
2021,2021-09-25,632350,3312.0,577468,1.0
2021,2021-09-25,632346,32.0,427534,1.0
2021,2021-09-25,632343,2680.0,504381,1.0
2021,2021-09-25,632348,5.0,483564,1.0
2021,2021-09-25,632353,15.0,489985,1.0
2021,2021-09-25,632349,19.0,427554,1.0
2021,2021-09-25,632344,1.0,484198,1.0
2021,2021-09-26,632326,2394.0,623938,1.0
2021,2021-09-26,632334,2.0,605671,1.0
2021,2021-09-26,632329,2681.0,503490,1.0
2021,2021-09-26,632333,2602.0,427220,1.0
2021,2021-09-26,632330,5.0,427243,1.0
2021,2021-09-26,632290,12.0,427362,1.0
2021,2021-09-26,632336,3312.0,605672,1.0
2021,2021-09-26,632328,32.0,484183,1.0
2021,2021-09-26,632332,17.0,427344,1.0
2021,2021-09-26,632331,19.0,575629,1.0
2021,2021-09-26,632324,10.0,427339,1.0
2021,2021-09-26,632327,1.0,594151,1.0
2021,2021-09-26,632337,15.0,427103,1.0
2021,2021-09-26,632325,2680.0,427184,1.0
2021,2021-09-26,632345,3.0,427538,1.0
2021,2021-09-27,632319,19.0,623946,1.0
2021,2021-09-27,632323,680.0,427019,1.0
2021,2021-09-28,632311,3289.0,482663,1.0
2021,2021-09-28,632313,31.0,427197,1.0
2021,2021-09-28,632317,2.0,482631,1.0
2021,2021-09-28,632288,14.0,427286,1.0
2021,2021-09-28,632320,4705.0,483564,1.0
2021,2021-09-28,632289,3312.0,429805,1.0
2021,2021-09-28,632314,2889.0,427129,1.0
2021,2021-09-28,632308,5325.0,427235,1.0
2021,2021-09-28,632315,7.0,596809,1.0
2021,2021-09-28,632316,2392.0,605674,1.0
2021,2021-09-28,632321,4.0,427315,1.0
2021,2021-09-28,632322,19.0,521251,1.0
2021,2021-09-28,632307,2395.0,482608,1.0
2021,2021-09-28,632318,22.0,483630,1.0
2021,2021-09-28,632312,680.0,503077,1.0
2021,2021-09-29,632310,19.0,511890,1.0
2021,2021-09-29,632287,31.0,427533,1.0
2021,2021-09-29,632309,2.0,596805,1.0
2021,2021-09-29,632296,14.0,573597,1.0
2021,2021-09-29,632303,3289.0,427520,1.0
2021,2021-09-29,632306,4705.0,427090,1.0
2021,2021-09-29,632300,3312.0,598411,1.0
2021,2021-09-29,632301,2889.0,544728,1.0
2021,2021-09-29,632295,5325.0,483912,1.0
2021,2021-09-29,632302,7.0,427013,1.0
2021,2021-09-29,632305,2392.0,427128,1.0
2021,2021-09-29,632304,4.0,427509,1.0
2021,2021-09-29,632298,2395.0,427248,1.0
2021,2021-09-29,632297,22.0,503586,1.0
2021,2021-09-29,632299,680.0,427044,1.0
2021,2021-09-30,632281,2889.0,427103,1.0
2021,2021-09-30,632275,5325.0,545402,1.0
2021,2021-09-30,632286,31.0,577468,1.0
2021,2021-09-30,632294,2.0,484499,1.0
2021,2021-09-30,632280,14.0,427243,1.0
2021,2021-09-30,632292,2392.0,504381,1.0
2021,2021-09-30,632283,3289.0,521051,1.0
2021,2021-09-30,632293,4705.0,482666,1.0
2021,2021-09-30,632285,3312.0,489985,1.0
2021,2021-09-30,632284,7.0,427220,1.0
2021,2021-09-30,632278,2395.0,594151,1.0
2021,2021-09-30,632291,22.0,573769,1.0
2021,2021-10-01,632250,31.0,427362,1.0
2021,2021-10-01,632261,3309.0,428442,1.0
2021,2021-10-01,632282,3313.0,521889,1.0
2021,2021-10-01,632268,14.0,484198,1.0
2021,2021-10-01,632271,4169.0,547380,1.0
2021,2021-10-01,632277,4705.0,427344,1.0
2021,2021-10-01,632248,5325.0,427413,1.0
2021,2021-10-01,632279,2392.0,427235,1.0
2021,2021-10-01,632272,7.0,483564,1.0
2021,2021-10-01,632274,4.0,427537,1.0
2021,2021-10-01,632266,2889.0,427184,1.0
2021,2021-10-01,632276,15.0,483630,1.0
2021,2021-10-01,632267,2395.0,427538,1.0
2021,2021-10-01,632270,680.0,605672,1.0
2021,2021-10-01,632273,22.0,431232,1.0
2021,2021-10-02,632259,3313.0,427013,1.0
2021,2021-10-02,632247,14.0,427197,1.0
2021,2021-10-02,632244,3309.0,427093,1.0
2021,2021-10-02,632256,2395.0,427292,1.0
2021,2021-10-02,632263,4169.0,483561,1.0
2021,2021-10-02,632258,31.0,482631,1.0
2021,2021-10-02,632251,5325.0,598411,1.0
2021,2021-10-02,632249,2392.0,575629,1.0
2021,2021-10-02,632264,7.0,503493,1.0
2021,2021-10-02,632265,4.0,623946,1.0
2021,2021-10-02,632257,2889.0,605674,1.0
2021,2021-10-02,632262,4705.0,427286,1.0
2021,2021-10-02,632269,15.0,503586,1.0
2021,2021-10-02,632255,680.0,482608,1.0
2021,2021-10-02,632260,22.0,427019,1.0
2021,2021-10-03,632234,3309.0,427090,1.0
2021,2021-10-03,632240,31.0,596805,1.0
2021,2021-10-03,632241,2395.0,427129,1.0
2021,2021-10-03,632236,5325.0,554242,1.0
2021,2021-10-03,632239,3313.0,427220,1.0
2021,2021-10-03,632235,14.0,427533,1.0
2021,2021-10-03,632253,15.0,596809,1.0
2021,2021-10-03,632245,2392.0,483912,1.0
2021,2021-10-03,632237,680.0,427248,1.0
2021,2021-10-03,632243,7.0,427520,1.0
2021,2021-10-03,632252,4.0,521251,1.0
2021,2021-10-03,632246,4169.0,427315,1.0
2021,2021-10-03,632242,22.0,503077,1.0
2021,2021-10-03,632238,2889.0,427128,1.0
2021,2021-10-03,632254,4705.0,573597,1.0
2021,2021-10-05,660938,3.0,427053,1.0
2021,2021-10-06,660937,22.0,427538,1.0
2021,2021-10-07,660936,2392.0,503077,1.0
2021,2021-10-07,660929,12.0,483564,1.0
2021,2021-10-08,660934,2392.0,482620,1.0
2021,2021-10-08,660917,32.0,482631,1.0
2021,2021-10-08,660932,12.0,482666,1.0
2021,2021-10-08,660933,2395.0,547380,1.0
2021,2021-10-09,660907,32.0,483912,1.0
2021,2021-10-09,660925,2395.0,427220,1.0
2021,2021-10-10,660928,3.0,427235,1.0
2021,2021-10-10,660931,4.0,427206,1.0
2021,2021-10-11,660905,4705.0,427315,1.0
2021,2021-10-11,660927,3.0,427292,1.0
2021,2021-10-11,660919,22.0,427019,1.0
2021,2021-10-12,660926,4.0,483569,1.0
2021,2021-10-12,660914,4705.0,427413,1.0
2021,2021-10-12,660918,22.0,573596,1.0
2021,2021-10-14,660920,2395.0,427139,1.0
2021,2021-10-15,660896,2392.0,482663,1.0
2021,2021-10-16,660913,2392.0,427128,1.0
2021,2021-10-16,660924,4705.0,503586,1.0
2021,2021-10-17,660922,4705.0,490319,1.0
2021,2021-10-18,660898,3.0,427344,1.0
2021,2021-10-19,660916,22.0,427339,1.0
2021,2021-10-19,660923,3.0,427113,1.0
2021,2021-10-20,660900,3.0,427248,1.0
2021,2021-10-20,660904,22.0,428442,1.0
2021,2021-10-21,660903,22.0,427053,1.0
2021,2021-10-22,660899,2392.0,427554,1.0
2021,2021-10-23,660921,4705.0,427013,1.0
2021,2021-10-26,660897,2392.0,482620,1.0
2021,2021-10-27,660908,2392.0,427292,1.0
2021,2021-10-29,660910,4705.0,427206,1.0
2021,2021-10-30,660902,4705.0,483564,1.0
2021,2021-10-31,660911,4705.0,427019,1.0
2021,2021-11-02,660906,2392.0,483912,1.0
2022,2022-04-07,663178,17.0,427019,1.0
2022,2022-04-07,662766,7.0,427093,1.0
2022,2022-04-07,662021,2889.0,427424,1.0
2022,2022-04-07,662571,3309.0,427053,1.0
2022,2022-04-07,661577,4705.0,427299,1.0
2022,2022-04-07,661042,1.0,427224,1.0
2022,2022-04-07,663418,15.0,427520,1.0
2022,2022-04-08,661333,3313.0,427113,1.0
2022,2022-04-08,661750,3312.0,427292,1.0
2022,2022-04-08,662888,2394.0,427243,1.0
2022,2022-04-08,661131,2681.0,427248,1.0
2022,2022-04-08,661918,12.0,427362,1.0
2022,2022-04-08,662933,19.0,427533,1.0
2022,2022-04-08,662124,2395.0,427315,1.0
2022,2022-04-08,662559,3309.0,427197,1.0
2022,2022-04-08,661782,14.0,427534,1.0
2022,2022-04-08,661576,4705.0,427537,1.0
2022,2022-04-08,661041,1.0,483569,1.0
2022,2022-04-08,663417,15.0,483564,1.0
2022,2022-05-30,663147,17.0,427286,1.0
2022,2022-04-09,661917,12.0,427044,1.0
2022,2022-04-09,662864,2394.0,482641,1.0
2022,2022-04-09,661756,3312.0,427168,1.0
2022,2022-04-09,662020,2889.0,429805,1.0
2022,2022-04-09,663205,17.0,427013,1.0
2022,2022-04-09,661803,14.0,427164,1.0
2022,2022-04-09,661130,2681.0,482608,1.0
2022,2022-04-09,662123,2395.0,483561,1.0
2022,2022-04-09,661332,3313.0,427366,1.0
2022,2022-04-09,662765,7.0,484183,1.0
2022,2022-04-09,662588,3309.0,490319,1.0
2022,2022-04-09,661575,4705.0,489985,1.0
2022,2022-04-09,662931,19.0,484198,1.0
2022,2022-04-09,663404,15.0,503493,1.0
2022,2022-04-09,661040,1.0,596740,1.0
2022,2022-04-10,661129,2681.0,521251,1.0
2022,2022-04-10,661916,12.0,484499,1.0
2022,2022-04-10,662887,2394.0,483630,1.0
2022,2022-04-10,662570,3309.0,596809,1.0
2022,2022-04-10,661573,4705.0,503077,1.0
2022,2022-04-10,661802,14.0,573597,1.0
2022,2022-04-10,662755,7.0,483919,1.0
2022,2022-04-10,661738,3312.0,482620,1.0
2022,2022-04-10,662019,2889.0,483912,1.0
2022,2022-04-10,663204,17.0,544728,1.0
2022,2022-04-10,662934,19.0,573769,1.0
2022,2022-04-10,662122,2395.0,594151,1.0
2022,2022-04-10,661039,1.0,605674,1.0
2022,2022-04-10,663395,15.0,608093,1.0
2022,2022-04-10,661316,3313.0,503586,1.0
2022,2022-04-11,662754,7.0,623938,1.0
2022,2022-04-11,663403,2.0,431232,1.0
2022,2022-04-11,662042,5325.0,427344,1.0
2022,2022-04-11,662863,2394.0,521889,1.0
2022,2022-04-11,661915,12.0,427299,1.0
2022,2022-04-11,661637,2681.0,503502,1.0
2022,2022-04-11,661315,3313.0,427144,1.0
2022,2022-04-11,661572,4705.0,427220,1.0
2022,2022-04-11,661754,3312.0,547380,1.0
2022,2022-04-11,661036,1.0,521051,1.0
2022,2022-04-11,662116,2395.0,427184,1.0
2022,2022-06-14,662018,2889.0,623949,1.0
2022,2022-04-12,662862,2394.0,427362,1.0
2022,2022-04-12,663088,2602.0,427520,1.0
2022,2022-04-12,661538,4.0,427093,1.0
2022,2022-04-12,662318,31.0,605672,1.0
2022,2022-04-12,661944,12.0,427537,1.0
2022,2022-04-12,661636,2681.0,427243,1.0
2022,2022-04-12,661314,3313.0,428442,1.0
2022,2022-04-12,663295,2.0,427113,1.0
2022,2022-04-12,661038,1.0,427315,1.0
2022,2022-04-12,661571,4705.0,427554,1.0
2022,2022-04-12,661753,3312.0,427339,1.0
2022,2022-04-12,662017,2889.0,427292,1.0
2022,2022-04-12,661995,5325.0,427139,1.0
2022,2022-04-12,663411,15.0,596805,1.0
2022,2022-04-12,662104,2395.0,427197,1.0
2022,2022-04-13,661570,4705.0,482666,1.0
2022,2022-04-13,663117,2602.0,483564,1.0
2022,2022-04-13,662317,31.0,427533,1.0
2022,2022-04-13,661643,2681.0,482641,1.0
2022,2022-04-13,662885,2394.0,427044,1.0
2022,2022-04-13,661734,3312.0,427224,1.0
2022,2022-04-13,663341,15.0,427424,1.0
2022,2022-04-13,662115,2395.0,427128,1.0
2022,2022-04-13,661943,12.0,489985,1.0
2022,2022-04-13,661313,3313.0,427129,1.0
2022,2022-04-13,663433,2.0,575629,1.0
2022,2022-04-13,661530,4.0,484183,1.0
2022,2022-05-02,662009,2889.0,554242,1.0
2022,2022-04-14,661942,12.0,503077,1.0
2022,2022-04-14,661529,4.0,483919,1.0
2022,2022-04-14,661292,32.0,483561,1.0
2022,2022-04-14,662307,31.0,596740,1.0
2022,2022-04-14,661418,4169.0,484198,1.0
2022,2022-04-14,661312,3313.0,573596,1.0
2022,2022-04-14,661993,5325.0,483630,1.0
2022,2022-04-14,662702,7.0,427053,1.0
2022,2022-04-14,662237,2680.0,427286,1.0
2022,2022-04-14,662950,19.0,427168,1.0
2022,2022-04-14,662627,22.0,429805,1.0
2022,2022-04-15,662485,3289.0,427366,1.0
2022,2022-04-15,663265,3.0,427299,1.0
2022,2022-04-15,662291,31.0,605674,1.0
2022,2022-04-15,661417,4169.0,511890,1.0
2022,2022-04-15,663357,2.0,427206,1.0
2022,2022-04-15,661792,14.0,521889,1.0
2022,2022-04-15,663136,5.0,427144,1.0
2022,2022-04-15,661528,4.0,482663,1.0
2022,2022-04-15,662014,5325.0,503502,1.0
2022,2022-04-15,662701,7.0,427220,1.0
2022,2022-04-15,661267,32.0,594151,1.0
2022,2022-04-15,662960,19.0,482620,1.0
2022,2022-04-15,662236,2680.0,577468,1.0
2022,2022-04-15,662192,680.0,504381,1.0
2022,2022-04-15,662620,22.0,483912,1.0
2022,2022-04-16,662626,3289.0,431232,1.0
2022,2022-04-16,661527,4.0,608093,1.0
2022,2022-04-16,661759,14.0,427362,1.0
2022,2022-04-16,662235,2680.0,427344,1.0
2022,2022-04-16,662798,7.0,427554,1.0
2022,2022-04-16,663238,3.0,427537,1.0
2022,2022-04-16,663076,5.0,428442,1.0
2022,2022-04-16,661416,4169.0,605672,1.0
2022,2022-04-16,662290,31.0,427339,1.0
2022,2022-04-16,661981,5325.0,427243,1.0
2022,2022-04-16,663266,2.0,427093,1.0
2022,2022-04-16,661335,32.0,427534,1.0
2022,2022-04-16,662966,19.0,547380,1.0
2022,2022-04-16,662206,680.0,427184,1.0
2022,2022-04-16,662619,22.0,596805,1.0
2022,2022-04-17,663365,2.0,484183,1.0
2022,2022-04-17,662294,31.0,427224,1.0
2022,2022-04-17,663308,3.0,489985,1.0
2022,2022-04-17,661804,14.0,575629,1.0
2022,2022-04-17,662625,3289.0,484499,1.0
2022,2022-04-17,663132,5.0,427129,1.0
2022,2022-04-17,661415,4169.0,427533,1.0
2022,2022-04-17,661462,4.0,427520,1.0
2022,2022-04-17,661226,32.0,427315,1.0
2022,2022-04-17,662038,5325.0,482641,1.0
2022,2022-04-17,662930,19.0,427292,1.0
2022,2022-04-17,662618,22.0,427424,1.0
2022,2022-04-17,662174,680.0,521051,1.0
2022,2022-04-17,662234,2680.0,427139,1.0
2022,2022-07-11,662700,7.0,484183,1.0
2022,2022-04-18,663236,3.0,503077,1.0
2022,2022-04-18,663197,17.0,429805,1.0
2022,2022-04-18,661242,32.0,427248,1.0
2022,2022-04-18,662928,2392.0,483564,1.0
2022,2022-04-18,662929,19.0,573596,1.0
2022,2022-04-18,662407,10.0,427128,1.0
2022,2022-04-18,662233,2680.0,427053,1.0
2022,2022-04-18,662617,22.0,503490,1.0
2022,2022-07-12,663087,5.0,596740,1.0
2022,2022-04-19,662587,3309.0,598411,1.0
2022,2022-04-19,662616,3289.0,594151,1.0
2022,2022-04-19,662583,3309.0,427019,1.0
2022,2022-04-19,662350,3289.0,503586,1.0
2022,2022-04-19,661405,4169.0,483919,1.0
2022,2022-04-19,662896,2394.0,554242,1.0
2022,2022-04-19,663249,3.0,482666,1.0
2022,2022-04-19,663196,17.0,483912,1.0
2022,2022-04-19,661211,32.0,482608,1.0
2022,2022-04-19,662927,2392.0,605674,1.0
2022,2022-04-19,662753,7.0,427286,1.0
2022,2022-04-19,662925,19.0,427144,1.0
2022,2022-04-19,662406,10.0,504381,1.0
2022,2022-04-19,662232,2680.0,623938,1.0
2022,2022-04-19,662161,680.0,427168,1.0
2022,2022-04-19,662717,22.0,427164,1.0
2022,2022-04-20,663075,5.0,427366,1.0
2022,2022-04-20,661203,32.0,644760,1.0
2022,2022-04-20,663094,5.0,427113,1.0
2022,2022-04-20,662924,19.0,605670,1.0
2022,2022-04-20,662734,22.0,605671,1.0
2022,2022-04-20,662231,2680.0,605673,1.0
2022,2022-04-20,662392,10.0,427184,1.0
2022,2022-04-20,663146,17.0,596805,1.0
2022,2022-04-20,662926,2392.0,427339,1.0
2022,2022-04-20,661404,4169.0,427206,1.0
2022,2022-04-20,662861,2394.0,427299,1.0
2022,2022-04-20,662560,3309.0,427013,1.0
2022,2022-04-20,662349,3289.0,623949,1.0
2022,2022-04-20,663247,3.0,427220,1.0
2022,2022-04-20,662703,7.0,577468,1.0
2022,2022-04-20,662178,680.0,573769,1.0
2022,2022-04-21,662593,3289.0,427315,1.0
2022,2022-04-21,663093,5.0,431232,1.0
2022,2022-04-21,662850,2394.0,427537,1.0
2022,2022-04-21,663225,3.0,428442,1.0
2022,2022-04-21,662742,7.0,608093,1.0
2022,2022-04-21,662391,10.0,521051,1.0
2022,2022-04-21,662558,3309.0,544728,1.0
2022,2022-04-21,661391,4169.0,427093,1.0
2022,2022-04-21,663145,17.0,427129,1.0
2022,2022-04-21,662177,680.0,547380,1.0
2022,2022-04-22,663169,2602.0,575629,1.0
2022,2022-04-22,662557,3309.0,484183,1.0
2022,2022-04-22,661311,3313.0,427424,1.0
2022,2022-04-22,661621,2681.0,427554,1.0
2022,2022-04-22,661914,12.0,483569,1.0
2022,2022-04-22,661569,4705.0,598411,1.0
2022,2022-04-22,663195,17.0,573596,1.0
2022,2022-04-22,662922,2392.0,503077,1.0
2022,2022-04-22,661755,3312.0,427534,1.0
2022,2022-04-22,661037,1.0,490319,1.0
2022,2022-04-22,663394,15.0,427128,1.0
2022,2022-04-22,662230,2680.0,427292,1.0
2022,2022-04-22,662175,680.0,521251,1.0
2022,2022-04-22,662390,10.0,427139,1.0
2022,2022-04-23,662849,2394.0,594151,1.0
2022,2022-04-23,662549,3309.0,483919,1.0
2022,2022-04-23,661310,3313.0,429805,1.0
2022,2022-04-23,662848,2394.0,503586,1.0
2022,2022-04-23,663144,17.0,427144,1.0
2022,2022-04-23,661752,3312.0,573597,1.0
2022,2022-04-23,661620,2681.0,482666,1.0
2022,2022-04-23,662389,10.0,427286,1.0
2022,2022-04-23,663100,2602.0,427113,1.0
2022,2022-04-23,662875,2392.0,554242,1.0
2022,2022-04-23,661941,12.0,427224,1.0
2022,2022-04-23,661568,4705.0,427019,1.0
2022,2022-04-23,663384,15.0,504381,1.0
2022,2022-04-23,662276,2680.0,427168,1.0
2022,2022-04-23,661035,1.0,596809,1.0
2022,2022-04-23,662191,680.0,427248,1.0
2022,2022-04-24,662853,2394.0,623949,1.0
2022,2022-04-24,661931,12.0,605674,1.0
2022,2022-04-24,662539,3309.0,427206,1.0
2022,2022-04-24,661590,4705.0,427013,1.0
2022,2022-04-24,661317,3313.0,483912,1.0
2022,2022-04-24,663111,2602.0,427366,1.0
2022,2022-04-24,662921,2392.0,427299,1.0
2022,2022-04-24,661781,3312.0,503490,1.0
2022,2022-04-24,663166,17.0,605670,1.0
2022,2022-04-24,661033,1.0,427053,1.0
2022,2022-04-24,662388,10.0,577468,1.0
2022,2022-04-24,663361,15.0,427184,1.0
2022,2022-04-24,662274,2680.0,573769,1.0
2022,2022-04-24,662188,680.0,482608,1.0
2022,2022-04-24,661640,2681.0,427220,1.0
2022,2022-04-25,661210,32.0,427164,1.0
2022,2022-04-25,661639,2681.0,427044,1.0
2022,2022-04-25,661760,14.0,483564,1.0
2022,2022-04-25,662008,2889.0,484198,1.0
2022,2022-04-25,661979,5325.0,623938,1.0
2022,2022-04-25,661034,1.0,608093,1.0
2022,2022-04-25,663382,15.0,644760,1.0
2022,2022-04-26,662297,31.0,596740,1.0
2022,2022-04-26,663079,2602.0,427537,1.0
2022,2022-04-26,661929,12.0,427093,1.0
2022,2022-04-26,661567,2681.0,521889,1.0
2022,2022-04-26,662540,3309.0,427534,1.0
2022,2022-04-26,661309,3313.0,544728,1.0
2022,2022-04-26,661758,14.0,482663,1.0
2022,2022-04-26,661536,4.0,521051,1.0
2022,2022-04-26,661589,4705.0,483561,1.0
2022,2022-04-26,661733,3312.0,483630,1.0
2022,2022-04-26,662007,2889.0,427533,1.0
2022,2022-04-26,661980,5325.0,490319,1.0
2022,2022-04-26,661032,1.0,427344,1.0
2022,2022-04-26,663383,15.0,521251,1.0
2022,2022-04-26,662086,2395.0,482620,1.0
2022,2022-04-27,662048,2889.0,605672,1.0
2022,2022-04-27,661533,4.0,427128,1.0
2022,2022-04-27,663393,15.0,427248,1.0
2022,2022-04-27,662289,31.0,427339,1.0
2022,2022-04-27,663148,2602.0,489985,1.0
2022,2022-04-27,661909,12.0,484183,1.0
2022,2022-04-27,661638,2681.0,427362,1.0
2022,2022-04-27,662546,3309.0,573597,1.0
2022,2022-04-27,661306,3313.0,598411,1.0
2022,2022-04-27,661757,14.0,503493,1.0
2022,2022-04-27,661552,4705.0,427315,1.0
2022,2022-04-27,661739,3312.0,503502,1.0
2022,2022-04-27,661964,5325.0,596809,1.0
2022,2022-04-27,663439,1.0,427286,1.0
2022,2022-04-27,662066,2395.0,547380,1.0
2022,2022-04-28,663078,2602.0,554242,1.0
2022,2022-04-28,662295,31.0,483569,1.0
2022,2022-04-28,661641,2681.0,484499,1.0
2022,2022-04-28,662538,3309.0,503490,1.0
2022,2022-04-28,661305,3313.0,427019,1.0
2022,2022-04-28,661908,12.0,575629,1.0
2022,2022-04-28,661729,3312.0,427243,1.0
2022,2022-04-28,661912,5325.0,427053,1.0
2022,2022-04-28,661532,4.0,504381,1.0
2022,2022-04-28,661827,14.0,427520,1.0
2022,2022-04-28,663432,1.0,577468,1.0
2022,2022-04-28,661551,4705.0,511890,1.0
2022,2022-04-28,662047,2889.0,605671,1.0
2022,2022-04-29,662296,31.0,484198,1.0
2022,2022-04-29,661390,4169.0,623949,1.0
2022,2022-04-29,663337,2.0,482641,1.0
2022,2022-04-29,661826,14.0,427013,1.0
2022,2022-04-29,661907,12.0,427197,1.0
2022,2022-04-29,662592,3289.0,605674,1.0
2022,2022-04-29,661535,4.0,482663,1.0
2022,2022-04-29,661911,5325.0,427206,1.0
2022,2022-04-29,662741,7.0,427044,1.0
2022,2022-04-29,661209,32.0,427299,1.0
2022,2022-04-29,662037,2889.0,427292,1.0
2022,2022-04-29,663009,19.0,483912,1.0
2022,2022-04-29,662405,10.0,427184,1.0
2022,2022-04-29,662699,22.0,608093,1.0
2022,2022-04-29,662081,2395.0,482608,1.0
2022,2022-04-30,662036,2889.0,573769,1.0
2022,2022-04-30,661825,14.0,544728,1.0
2022,2022-04-30,662084,2395.0,644760,1.0
2022,2022-04-30,661534,4.0,427520,1.0
2022,2022-04-30,662393,10.0,521051,1.0
2022,2022-04-30,661906,12.0,490319,1.0
2022,2022-04-30,661389,4169.0,483561,1.0
2022,2022-04-30,662288,31.0,427533,1.0
2022,2022-04-30,663364,2.0,483630,1.0
2022,2022-04-30,661901,5325.0,427093,1.0
2022,2022-04-30,662591,3289.0,596740,1.0
2022,2022-04-30,662797,7.0,521889,1.0
2022,2022-04-30,661208,32.0,427537,1.0
2022,2022-04-30,663008,19.0,503586,1.0
2022,2022-04-30,662698,22.0,427344,1.0
2022,2022-05-01,663363,2.0,503502,1.0
2022,2022-05-01,661905,12.0,596809,1.0
2022,2022-05-01,662293,31.0,605672,1.0
2022,2022-05-01,661824,14.0,598411,1.0
2022,2022-05-01,661365,4169.0,427315,1.0
2022,2022-05-01,661531,4.0,483564,1.0
2022,2022-05-01,662691,7.0,427362,1.0
2022,2022-05-01,661216,32.0,489985,1.0
2022,2022-05-01,661988,2889.0,482620,1.0
2022,2022-05-01,661935,5325.0,484183,1.0
2022,2022-05-01,663007,19.0,503490,1.0
2022,2022-05-01,662106,2395.0,521251,1.0
2022,2022-05-01,662397,10.0,427128,1.0
2022,2022-05-01,662716,22.0,427286,1.0
2022,2022-05-01,662579,3289.0,427339,1.0
2022,2022-05-02,661526,4.0,503493,1.0
2022,2022-05-02,661362,4169.0,596805,1.0
2022,2022-05-02,663362,2.0,511890,1.0
2022,2022-05-02,661823,14.0,547380,1.0
2022,2022-05-02,662578,3289.0,431232,1.0
2022,2022-05-02,662920,2392.0,484499,1.0
2022,2022-05-02,662387,10.0,428442,1.0
2022,2022-05-03,662569,3289.0,427113,1.0
2022,2022-05-03,662459,3289.0,573769,1.0
2022,2022-05-03,661364,4169.0,482641,1.0
2022,2022-05-03,661635,2681.0,482663,1.0
2022,2022-05-03,663463,2.0,484198,1.0
2022,2022-05-03,661796,14.0,427292,1.0
2022,2022-05-03,663237,3.0,427129,1.0
2022,2022-05-03,663165,17.0,577468,1.0
2022,2022-05-03,661200,32.0,427243,1.0
2022,2022-05-03,662919,2392.0,427044,1.0
2022,2022-05-03,662690,7.0,503077,1.0
2022,2022-05-03,662994,19.0,504381,1.0
2022,2022-05-03,662386,10.0,427554,1.0
2022,2022-05-03,662708,22.0,605670,1.0
2022,2022-05-04,663068,5.0,483919,1.0
2022,2022-05-04,662839,2394.0,644760,1.0
2022,2022-05-04,661363,4169.0,605674,1.0
2022,2022-05-04,662838,2394.0,490319,1.0
2022,2022-05-04,663067,5.0,575629,1.0
2022,2022-05-04,662739,7.0,427537,1.0
2022,2022-05-04,662577,3289.0,427366,1.0
2022,2022-05-04,662835,2392.0,521889,1.0
2022,2022-05-04,662382,10.0,482666,1.0
2022,2022-05-04,661634,2681.0,427520,1.0
2022,2022-05-04,663462,2.0,427533,1.0
2022,2022-05-04,661795,14.0,427168,1.0
2022,2022-05-04,663248,3.0,573596,1.0
2022,2022-05-04,663164,17.0,608093,1.0
2022,2022-05-04,661197,32.0,623949,1.0
2022,2022-05-04,662993,19.0,427184,1.0
2022,2022-05-04,662707,22.0,427197,1.0
2022,2022-05-05,663227,3.0,427144,1.0
2022,2022-05-05,661204,32.0,483630,1.0
2022,2022-05-05,663013,19.0,521051,1.0
2022,2022-05-05,663066,5.0,427053,1.0
2022,2022-05-05,661619,2681.0,427093,1.0
2022,2022-05-05,661341,2.0,605672,1.0
2022,2022-05-05,662816,2392.0,483564,1.0
2022,2022-05-05,662189,680.0,483912,1.0
2022,2022-05-05,662262,2680.0,427220,1.0
2022,2022-05-05,662105,2395.0,427344,1.0
2022,2022-05-06,663224,3.0,482620,1.0
2022,2022-05-06,661541,4705.0,427362,1.0
2022,2022-05-06,662815,2392.0,596805,1.0
2022,2022-05-06,661775,3312.0,598411,1.0
2022,2022-05-06,663431,1.0,489985,1.0
2022,2022-05-06,663360,15.0,503502,1.0
2022,2022-05-06,662187,680.0,503586,1.0
2022,2022-05-06,662272,2680.0,428442,1.0
2022,2022-05-06,662103,2395.0,427139,1.0
2022,2022-05-07,663142,17.0,573769,1.0
2022,2022-07-07,663071,2602.0,427220,1.0
2022,2022-05-08,661345,2.0,623938,1.0
2022,2022-08-20,661628,2681.0,484198,1.0
2022,2022-05-08,661304,3313.0,511890,1.0
2022,2022-05-07,663057,5.0,490319,1.0
2022,2022-05-07,663089,2602.0,504381,1.0
2022,2022-05-07,663070,2602.0,427128,1.0
2022,2022-05-07,663162,17.0,431232,1.0
2022,2022-05-07,663056,5.0,596809,1.0
2022,2022-05-07,661701,3312.0,427129,1.0
2022,2022-05-07,662796,2392.0,482641,1.0
2022,2022-05-07,663226,3.0,547380,1.0
2022,2022-05-07,662102,2395.0,577468,1.0
2022,2022-05-07,661540,4705.0,484499,1.0
2022,2022-05-07,663359,15.0,427243,1.0
2022,2022-05-07,662261,2680.0,482666,1.0
2022,2022-05-07,663430,1.0,554242,1.0
2022,2022-05-07,662159,680.0,605670,1.0
2022,2022-05-09,661303,3313.0,594151,1.0
2022,2022-05-08,661627,2681.0,575629,1.0
2022,2022-05-09,661349,2.0,427053,1.0
2022,2022-05-08,663278,3.0,427292,1.0
2022,2022-05-08,661626,2681.0,484183,1.0
2022,2022-05-08,661307,2.0,503493,1.0
2022,2022-05-08,661302,3313.0,427164,1.0
2022,2022-05-08,661550,4705.0,427044,1.0
2022,2022-05-08,663069,2602.0,427184,1.0
2022,2022-05-08,663086,5.0,644760,1.0
2022,2022-05-08,662795,2392.0,427424,1.0
2022,2022-05-08,661700,3312.0,573596,1.0
2022,2022-05-08,662098,2395.0,608093,1.0
2022,2022-05-08,663429,1.0,503077,1.0
2022,2022-05-08,663368,15.0,623949,1.0
2022,2022-05-08,662160,680.0,427197,1.0
2022,2022-05-08,662260,2680.0,623946,1.0
2022,2022-05-08,663161,17.0,427113,1.0
2022,2022-05-09,662287,31.0,427224,1.0
2022,2022-05-09,663101,2602.0,484198,1.0
2022,2022-05-09,662837,2394.0,521051,1.0
2022,2022-05-09,661525,4.0,605671,1.0
2022,2022-05-09,663438,1.0,483630,1.0
2022,2022-05-09,662259,2680.0,427248,1.0
2022,2022-05-09,662158,680.0,427344,1.0
2022,2022-05-09,663366,15.0,427144,1.0
2022,2022-05-09,662097,2395.0,427019,1.0
2022,2022-05-10,662412,2394.0,504381,1.0
2022,2022-05-10,662855,2394.0,623938,1.0
2022,2022-05-10,662292,31.0,483569,1.0
2022,2022-05-10,663090,2602.0,605672,1.0
2022,2022-05-10,662537,3309.0,605674,1.0
2022,2022-05-10,661301,3313.0,483561,1.0
2022,2022-05-10,661549,4705.0,490319,1.0
2022,2022-05-10,661696,3312.0,427534,1.0
2022,2022-05-10,661987,2889.0,427220,1.0
2022,2022-05-10,662016,5325.0,483912,1.0
2022,2022-05-10,661524,4.0,427537,1.0
2022,2022-05-10,663416,1.0,503502,1.0
2022,2022-05-10,662258,2680.0,482608,1.0
2022,2022-05-10,662157,680.0,427139,1.0
2022,2022-05-10,663350,15.0,427129,1.0
2022,2022-05-10,662096,2395.0,427013,1.0
2022,2022-05-11,662385,31.0,596740,1.0
2022,2022-05-11,661300,3313.0,427315,1.0
2022,2022-05-11,663074,2602.0,427533,1.0
2022,2022-05-11,662176,680.0,427286,1.0
2022,2022-05-11,663358,15.0,554242,1.0
2022,2022-05-11,662095,2395.0,544728,1.0
2022,2022-05-11,662273,2680.0,521251,1.0
2022,2022-05-11,662526,3309.0,503586,1.0
2022,2022-05-11,663450,1.0,427243,1.0
2022,2022-05-11,662873,2394.0,608158,1.0
2022,2022-05-11,661548,4705.0,644760,1.0
2022,2022-05-11,661702,3312.0,503490,1.0
2022,2022-05-11,662006,2889.0,428442,1.0
2022,2022-05-11,661899,5325.0,596805,1.0
2022,2022-07-23,661523,4.0,484183,1.0
2022,2022-05-12,662548,3309.0,431232,1.0
2022,2022-05-12,662872,2394.0,427184,1.0
2022,2022-05-12,662005,2889.0,482666,1.0
2022,2022-05-12,661694,3312.0,605670,1.0
2022,2022-05-12,662372,31.0,575629,1.0
2022,2022-05-12,661883,5325.0,427424,1.0
2022,2022-05-12,661519,4.0,427197,1.0
2022,2022-05-12,662706,22.0,573596,1.0
2022,2022-05-13,662494,31.0,594151,1.0
2022,2022-05-13,661361,4169.0,427164,1.0
2022,2022-05-13,662525,3309.0,573769,1.0
2022,2022-05-13,662851,2394.0,511890,1.0
2022,2022-05-13,662523,3289.0,489985,1.0
2022,2022-05-13,661904,12.0,427113,1.0
2022,2022-05-13,661547,4705.0,429805,1.0
2022,2022-05-13,661882,5325.0,608093,1.0
2022,2022-05-13,661698,3312.0,483630,1.0
2022,2022-05-13,661491,4.0,427053,1.0
2022,2022-05-13,661986,2889.0,521051,1.0
2022,2022-05-13,663012,19.0,427339,1.0
2022,2022-05-13,663349,15.0,598411,1.0
2022,2022-05-13,662381,10.0,623949,1.0
2022,2022-05-13,662705,22.0,427144,1.0
2022,2022-05-14,661985,2889.0,504381,1.0
2022,2022-05-14,661546,4705.0,483912,1.0
2022,2022-05-14,662379,10.0,482608,1.0
2022,2022-05-14,662399,10.0,521251,1.0
2022,2022-05-14,662844,2394.0,605672,1.0
2022,2022-05-14,661903,12.0,503586,1.0
2022,2022-05-14,661414,4169.0,427534,1.0
2022,2022-05-14,662384,31.0,483561,1.0
2022,2022-05-14,662547,3309.0,484198,1.0
2022,2022-05-14,661147,5325.0,427344,1.0
2022,2022-05-14,662568,3289.0,503077,1.0
2022,2022-05-14,661695,3312.0,503502,1.0
2022,2022-05-14,661490,4.0,490319,1.0
2022,2022-05-14,663348,15.0,427019,1.0
2022,2022-05-14,663011,19.0,427224,1.0
2022,2022-05-14,662704,22.0,482641,1.0
2022,2022-05-15,661545,4705.0,596805,1.0
2022,2022-05-15,662528,3309.0,427220,1.0
2022,2022-05-15,662519,31.0,427315,1.0
2022,2022-05-15,662843,2394.0,605674,1.0
2022,2022-05-15,662567,3289.0,427537,1.0
2022,2022-05-15,661902,12.0,608158,1.0
2022,2022-05-15,661403,4169.0,503490,1.0
2022,2022-05-15,661732,3312.0,623938,1.0
2022,2022-05-15,661489,4.0,644760,1.0
2022,2022-05-15,661146,5325.0,427286,1.0
2022,2022-05-15,663010,19.0,483569,1.0
2022,2022-05-15,662380,10.0,427168,1.0
2022,2022-05-15,663367,15.0,427013,1.0
2022,2022-05-15,662696,22.0,554242,1.0
2022,2022-05-15,661984,2889.0,427184,1.0
2022,2022-05-16,661961,12.0,428442,1.0
2022,2022-05-16,661402,4169.0,596809,1.0
2022,2022-05-16,661308,2.0,482620,1.0
2022,2022-05-16,661794,14.0,427533,1.0
2022,2022-05-16,663275,3.0,484183,1.0
2022,2022-05-16,663151,17.0,483564,1.0
2022,2022-05-16,661212,32.0,483919,1.0
2022,2022-05-16,661145,5325.0,521889,1.0
2022,2022-05-16,662728,7.0,575629,1.0
2022,2022-05-16,663005,19.0,573596,1.0
2022,2022-05-16,662378,10.0,544728,1.0
2022,2022-05-16,662695,22.0,427520,1.0
2022,2022-05-17,662566,3289.0,427164,1.0
2022,2022-05-17,662780,7.0,594151,1.0
2022,2022-05-17,662727,7.0,483561,1.0
2022,2022-05-17,662628,22.0,482663,1.0
2022,2022-05-17,662697,22.0,503493,1.0
2022,2022-05-17,662507,3289.0,573597,1.0
2022,2022-05-17,663032,5.0,596740,1.0
2022,2022-05-17,662053,12.0,573769,1.0
2022,2022-05-17,661401,4169.0,427197,1.0
2022,2022-05-17,661625,2681.0,483630,1.0
2022,2022-05-17,661342,2.0,547380,1.0
2022,2022-05-17,661765,14.0,511890,1.0
2022,2022-05-17,663271,3.0,521051,1.0
2022,2022-05-17,663157,17.0,623949,1.0
2022,2022-05-17,661196,32.0,427093,1.0
2022,2022-05-17,661126,5325.0,427362,1.0
2022,2022-05-17,663004,19.0,427144,1.0
2022,2022-05-17,662370,10.0,598411,1.0
2022,2022-05-18,662054,12.0,482666,1.0
2022,2022-05-18,661202,32.0,605673,1.0
2022,2022-05-18,663003,19.0,427129,1.0
2022,2022-05-18,662377,10.0,427019,1.0
2022,2022-05-18,662744,22.0,577468,1.0
2022,2022-05-18,663270,3.0,504381,1.0
2022,2022-05-18,661400,4169.0,427053,1.0
2022,2022-05-18,661624,2681.0,427243,1.0
2022,2022-05-18,661344,2.0,605670,1.0
2022,2022-05-18,661767,14.0,489985,1.0
2022,2022-05-18,662554,3289.0,427534,1.0
2022,2022-05-18,663156,17.0,521251,1.0
2022,2022-05-18,661125,5325.0,427044,1.0
2022,2022-05-18,662726,7.0,608093,1.0
2022,2022-05-19,663043,5.0,427339,1.0
2022,2022-05-19,661347,2.0,484499,1.0
2022,2022-05-19,661623,2681.0,623938,1.0
2022,2022-05-19,662520,3289.0,503490,1.0
2022,2022-05-19,662715,7.0,427315,1.0
2022,2022-05-19,663269,3.0,482608,1.0
2022,2022-05-19,663193,17.0,644760,1.0
2022,2022-05-19,662778,2392.0,554242,1.0
2022,2022-05-20,663143,17.0,596809,1.0
2022,2022-05-20,662506,31.0,605674,1.0
2022,2022-05-20,661339,4169.0,427224,1.0
2022,2022-05-20,661348,2.0,573597,1.0
2022,2022-05-20,661632,2681.0,482620,1.0
2022,2022-05-20,661766,14.0,482641,1.0
2022,2022-05-20,663135,5.0,575629,1.0
2022,2022-05-20,663268,3.0,483564,1.0
2022,2022-05-20,662764,2392.0,573596,1.0
2022,2022-05-20,662714,7.0,427220,1.0
2022,2022-05-20,661195,32.0,605671,1.0
2022,2022-05-20,663449,1.0,427520,1.0
2022,2022-05-20,662078,2395.0,544728,1.0
2022,2022-05-22,661290,3313.0,427184,1.0
2022,2022-05-21,663002,19.0,427206,1.0
2022,2022-05-21,661289,3313.0,521051,1.0
2022,2022-05-21,663194,17.0,427197,1.0
2022,2022-05-21,661793,14.0,483630,1.0
2022,2022-05-21,663001,19.0,483919,1.0
2022,2022-05-21,662077,2395.0,598411,1.0
2022,2022-05-21,663234,3.0,503077,1.0
2022,2022-05-21,661631,2681.0,547380,1.0
2022,2022-05-21,661399,4169.0,596740,1.0
2022,2022-05-21,662478,31.0,427533,1.0
2022,2022-05-21,661291,2.0,427164,1.0
2022,2022-05-21,662763,2392.0,427144,1.0
2022,2022-05-21,662713,7.0,428442,1.0
2022,2022-05-21,661280,32.0,521889,1.0
2022,2022-05-21,663448,1.0,482663,1.0
2022,2022-07-14,663123,5.0,427424,1.0
2022,2022-05-22,662479,31.0,511890,1.0
2022,2022-05-22,663277,3.0,623949,1.0
2022,2022-05-22,661279,2.0,427534,1.0
2022,2022-05-22,661611,2681.0,605670,1.0
2022,2022-05-22,661763,14.0,427243,1.0
2022,2022-05-22,663120,5.0,594151,1.0
2022,2022-05-22,661398,4169.0,608093,1.0
2022,2022-05-22,662857,2392.0,483569,1.0
2022,2022-05-22,662712,7.0,573769,1.0
2022,2022-05-22,661248,32.0,427362,1.0
2022,2022-05-22,663150,17.0,427053,1.0
2022,2022-05-22,661288,3313.0,504381,1.0
2022,2022-05-22,662982,19.0,427093,1.0
2022,2022-05-22,662076,2395.0,427019,1.0
2022,2022-05-22,663447,1.0,503493,1.0
2022,2022-05-23,662455,31.0,490319,1.0
2022,2022-05-23,663073,2602.0,482620,1.0
2022,2022-05-23,662524,3309.0,623938,1.0
2022,2022-05-23,661287,3313.0,503490,1.0
2022,2022-05-23,661544,4705.0,427537,1.0
2022,2022-05-23,661730,3312.0,484499,1.0
2022,2022-05-23,661999,2889.0,554242,1.0
2022,2022-05-23,662858,2392.0,482663,1.0
2022,2022-05-23,663340,15.0,484183,1.0
2022,2022-05-23,662135,680.0,427424,1.0
2022,2022-05-23,662257,2680.0,431232,1.0
2022,2022-05-23,662075,2395.0,482666,1.0
2022,2022-05-24,662454,31.0,644760,1.0
2022,2022-05-24,663103,2602.0,547380,1.0
2022,2022-05-24,661978,12.0,427248,1.0
2022,2022-05-24,662536,3309.0,482641,1.0
2022,2022-05-24,661285,3313.0,427344,1.0
2022,2022-05-24,661543,4705.0,503077,1.0
2022,2022-05-24,661699,3312.0,427044,1.0
2022,2022-05-24,661998,2889.0,573596,1.0
2022,2022-05-24,662846,2392.0,427520,1.0
2022,2022-05-24,661488,4.0,484198,1.0
2022,2022-05-24,663381,1.0,427286,1.0
2022,2022-05-24,663339,15.0,427206,1.0
2022,2022-05-24,662134,680.0,605673,1.0
2022,2022-05-24,662229,2680.0,427113,1.0
2022,2022-05-24,662074,2395.0,577468,1.0
2022,2022-05-25,662453,31.0,596809,1.0
2022,2022-05-25,661772,3312.0,605671,1.0
2022,2022-05-25,662093,2395.0,428442,1.0
2022,2022-05-25,662527,3309.0,503502,1.0
2022,2022-05-25,662133,680.0,483912,1.0
2022,2022-05-25,662228,2680.0,503586,1.0
2022,2022-05-25,663082,2602.0,605670,1.0
2022,2022-05-25,662052,12.0,483564,1.0
2022,2022-05-25,661286,3313.0,623946,1.0
2022,2022-05-25,661542,4705.0,575629,1.0
2022,2022-05-25,662845,2392.0,608093,1.0
2022,2022-05-25,661487,4.0,605674,1.0
2022,2022-05-25,663446,1.0,544728,1.0
2022,2022-05-26,663081,2602.0,504381,1.0
2022,2022-05-26,662051,12.0,427144,1.0
2022,2022-05-26,662515,3309.0,503493,1.0
2022,2022-05-26,662842,2394.0,427139,1.0
2022,2022-05-26,661574,4705.0,489985,1.0
2022,2022-05-26,661771,3312.0,427053,1.0
2022,2022-05-26,661997,2889.0,427164,1.0
2022,2022-05-26,661486,4.0,429805,1.0
2022,2022-05-26,663445,1.0,596805,1.0
2022,2022-05-26,663338,15.0,573769,1.0
2022,2022-05-26,662376,10.0,483919,1.0
2022,2022-05-27,663080,2602.0,427537,1.0
2022,2022-05-27,663276,3.0,427243,1.0
2022,2022-05-27,662543,3289.0,605672,1.0
2022,2022-05-27,661960,12.0,427129,1.0
2022,2022-05-27,661539,4705.0,482620,1.0
2022,2022-05-27,661777,3312.0,490319,1.0
2022,2022-05-27,661992,2889.0,623949,1.0
2022,2022-05-27,663444,1.0,427424,1.0
2022,2022-05-27,663347,15.0,482666,1.0
2022,2022-05-27,662281,2680.0,427362,1.0
2022,2022-05-27,662132,680.0,608158,1.0
2022,2022-05-27,662369,10.0,427093,1.0
2022,2022-05-28,662514,3309.0,427520,1.0
2022,2022-07-04,662841,2394.0,596805,1.0
2022,2022-05-28,662513,3309.0,482663,1.0
2022,2022-05-28,663257,3.0,482641,1.0
2022,2022-05-28,663309,3.0,623938,1.0
2022,2022-05-28,661774,3312.0,644760,1.0
2022,2022-05-28,661991,2889.0,573597,1.0
2022,2022-05-28,662375,10.0,484183,1.0
2022,2022-05-28,662852,2394.0,503490,1.0
2022,2022-05-28,663118,2602.0,503077,1.0
2022,2022-05-28,661537,4705.0,547380,1.0
2022,2022-05-28,661933,12.0,554242,1.0
2022,2022-05-28,663330,15.0,577468,1.0
2022,2022-05-28,662556,3289.0,484198,1.0
2022,2022-05-28,661518,4.0,598411,1.0
2022,2022-05-28,663400,1.0,605673,1.0
2022,2022-05-28,662280,2680.0,484499,1.0
2022,2022-05-28,662131,680.0,431232,1.0
2022,2022-05-29,663072,2602.0,575629,1.0
2022,2022-05-29,663299,3.0,503502,1.0
2022,2022-05-29,662512,3309.0,608093,1.0
2022,2022-05-29,661517,4705.0,605670,1.0
2022,2022-05-29,662840,2394.0,427344,1.0
2022,2022-05-29,661910,12.0,573596,1.0
2022,2022-05-29,661731,3312.0,596809,1.0
2022,2022-05-29,661461,4.0,427019,1.0
2022,2022-05-29,661990,2889.0,483564,1.0
2022,2022-05-29,662374,10.0,427206,1.0
2022,2022-05-29,663414,1.0,483912,1.0
2022,2022-05-29,663328,15.0,428442,1.0
2022,2022-05-29,662279,2680.0,427044,1.0
2022,2022-05-29,662130,680.0,427113,1.0
2022,2022-05-29,662555,3289.0,605674,1.0
2022,2022-05-30,663149,17.0,427139,1.0
2022,2022-05-30,662854,2394.0,489985,1.0
2022,2022-05-30,661989,2889.0,427013,1.0
2022,2022-05-30,661613,2681.0,503493,1.0
2022,2022-05-30,662373,10.0,521889,1.0
2022,2022-05-30,662992,19.0,427220,1.0
2022,2022-05-30,663109,5.0,427534,1.0
2022,2022-05-30,663298,3.0,483630,1.0
2022,2022-05-30,662545,3289.0,521051,1.0
2022,2022-05-30,661900,5325.0,427339,1.0
2022,2022-05-30,663327,15.0,596805,1.0
2022,2022-05-30,662743,22.0,503586,1.0
2022,2022-05-31,662806,2394.0,427537,1.0
2022,2022-05-31,662836,2394.0,503077,1.0
2022,2022-05-31,663034,5.0,596740,1.0
2022,2022-05-31,661618,2681.0,482663,1.0
2022,2022-05-31,661075,2.0,483561,1.0
2022,2022-05-31,661331,3313.0,427248,1.0
2022,2022-05-31,661797,14.0,482641,1.0
2022,2022-05-31,663297,3.0,427129,1.0
2022,2022-05-31,662544,3289.0,504381,1.0
2022,2022-05-31,661977,2889.0,503490,1.0
2022,2022-05-31,661884,5325.0,427224,1.0
2022,2022-05-31,663154,17.0,427344,1.0
2022,2022-05-31,662367,10.0,484499,1.0
2022,2022-05-31,663329,15.0,427424,1.0
2022,2022-05-31,662735,22.0,608158,1.0
2022,2022-06-01,662991,19.0,482666,1.0
2022,2022-06-01,663031,5.0,573597,1.0
2022,2022-06-01,662457,3289.0,490319,1.0
2022,2022-06-01,661982,2889.0,598411,1.0
2022,2022-06-01,662981,19.0,577468,1.0
2022,2022-06-01,662366,10.0,483912,1.0
2022,2022-06-01,663326,15.0,605673,1.0
2022,2022-06-01,661612,2681.0,427520,1.0
2022,2022-06-01,661343,2.0,483564,1.0
2022,2022-06-01,661764,14.0,623938,1.0
2022,2022-06-01,663296,3.0,554242,1.0
2022,2022-06-01,662833,2394.0,605670,1.0
2022,2022-06-01,661963,5325.0,483569,1.0
2022,2022-06-01,663184,17.0,623946,1.0
2022,2022-06-01,662721,22.0,431232,1.0
2022,2022-06-02,661330,3313.0,521251,1.0
2022,2022-06-02,661329,3313.0,623949,1.0
2022,2022-06-02,662832,2394.0,575629,1.0
2022,2022-06-02,661934,5325.0,605674,1.0
2022,2022-06-02,661762,14.0,503502,1.0
2022,2022-06-02,663091,2602.0,427164,1.0
2022,2022-06-02,661397,4169.0,427139,1.0
2022,2022-06-02,661247,2.0,573769,1.0
2022,2022-06-02,661340,32.0,484198,1.0
2022,2022-06-02,663139,17.0,427144,1.0
2022,2022-06-02,663000,19.0,427113,1.0
2022,2022-06-02,662693,22.0,427044,1.0
2022,2022-06-03,663153,17.0,573596,1.0
2022,2022-06-03,663119,2602.0,605671,1.0
2022,2022-06-03,661396,4169.0,427286,1.0
2022,2022-06-03,661058,2.0,608093,1.0
2022,2022-06-03,662452,31.0,427248,1.0
2022,2022-06-03,661642,2681.0,594151,1.0
2022,2022-06-03,661318,3313.0,596809,1.0
2022,2022-06-03,661761,14.0,428442,1.0
2022,2022-06-03,661897,12.0,427537,1.0
2022,2022-06-03,661913,5325.0,427019,1.0
2022,2022-06-03,662692,7.0,427339,1.0
2022,2022-06-03,661334,32.0,521051,1.0
2022,2022-06-03,662980,19.0,503586,1.0
2022,2022-06-03,662365,10.0,429805,1.0
2022,2022-06-03,662720,22.0,521889,1.0
2022,2022-06-04,661278,3313.0,482641,1.0
2022,2022-06-04,663179,17.0,427129,1.0
2022,2022-06-04,663152,17.0,554242,1.0
2022,2022-06-04,661749,14.0,427220,1.0
2022,2022-06-04,661346,2.0,503493,1.0
2022,2022-06-04,662451,31.0,596740,1.0
2022,2022-06-04,661936,5325.0,427013,1.0
2022,2022-06-04,662364,10.0,596805,1.0
2022,2022-06-04,662689,7.0,427224,1.0
2022,2022-06-04,663102,2602.0,573597,1.0
2022,2022-06-04,661896,12.0,503077,1.0
2022,2022-06-04,661395,4169.0,427344,1.0
2022,2022-06-04,661214,32.0,504381,1.0
2022,2022-06-04,661615,2681.0,427315,1.0
2022,2022-06-04,662987,19.0,608158,1.0
2022,2022-06-04,662687,22.0,484499,1.0
2022,2022-06-05,661277,3313.0,427243,1.0
2022,2022-06-05,661151,2.0,482663,1.0
2022,2022-06-05,662450,31.0,521251,1.0
2022,2022-06-05,661633,2681.0,483564,1.0
2022,2022-06-05,661747,14.0,482666,1.0
2022,2022-06-05,663058,2602.0,575629,1.0
2022,2022-06-05,661895,12.0,489985,1.0
2022,2022-06-05,661394,4169.0,577468,1.0
2022,2022-06-05,662688,7.0,483569,1.0
2022,2022-06-05,661241,32.0,605672,1.0
2022,2022-06-05,661962,5325.0,503490,1.0
2022,2022-06-05,662990,19.0,483912,1.0
2022,2022-06-05,662363,10.0,427424,1.0
2022,2022-06-05,662612,22.0,545402,1.0
2022,2022-06-05,663138,17.0,623938,1.0
2022,2022-06-06,663065,2602.0,605670,1.0
2022,2022-06-06,662762,2392.0,427197,1.0
2022,2022-06-06,662613,7.0,427520,1.0
2022,2022-06-06,663399,1.0,482620,1.0
2022,2022-06-06,662278,2680.0,483919,1.0
2022,2022-06-07,663134,5.0,503502,1.0
2022,2022-06-07,663122,5.0,483561,1.0
2022,2022-06-07,663064,2602.0,428442,1.0
2022,2022-06-07,661169,4169.0,544728,1.0
2022,2022-06-07,661170,2.0,427533,1.0
2022,2022-06-07,662449,31.0,427164,1.0
2022,2022-06-07,661894,12.0,521051,1.0
2022,2022-06-07,661516,4705.0,623949,1.0
2022,2022-06-07,661693,3312.0,605673,1.0
2022,2022-06-07,662761,2392.0,490319,1.0
2022,2022-06-07,662678,7.0,608093,1.0
2022,2022-06-07,661460,4.0,605674,1.0
2022,2022-06-07,661205,32.0,427113,1.0
2022,2022-06-07,663391,1.0,547380,1.0
2022,2022-06-07,662277,2680.0,427093,1.0
2022,2022-06-07,662092,2395.0,573597,1.0
2022,2022-06-08,662448,31.0,575629,1.0
2022,2022-06-08,662679,7.0,503493,1.0
2022,2022-06-08,663050,2602.0,427220,1.0
2022,2022-06-08,662760,2392.0,596809,1.0
2022,2022-06-08,661150,4169.0,598411,1.0
2022,2022-06-08,661892,12.0,427053,1.0
2022,2022-06-08,663055,5.0,573769,1.0
2022,2022-06-08,661515,4705.0,427248,1.0
2022,2022-06-08,661681,3312.0,429805,1.0
2022,2022-06-08,661459,4.0,427339,1.0
2022,2022-06-08,661188,32.0,503586,1.0
2022,2022-06-08,663398,1.0,484183,1.0
2022,2022-06-08,662223,2680.0,623946,1.0
2022,2022-06-08,662094,2395.0,484198,1.0
2022,2022-08-18,661109,2.0,623949,1.0
2022,2022-06-09,663049,2602.0,483569,1.0
2022,2022-06-09,661891,12.0,504381,1.0
2022,2022-06-09,661458,4.0,427224,1.0
2022,2022-06-09,661194,32.0,608158,1.0
2022,2022-06-09,662091,2395.0,521889,1.0
2022,2022-06-09,661149,4169.0,427019,1.0
2022,2022-06-09,663015,5.0,644760,1.0
2022,2022-06-09,661514,4705.0,482663,1.0
2022,2022-06-09,661697,3312.0,596805,1.0
2022,2022-06-09,662677,7.0,482608,1.0
2022,2022-06-09,663413,1.0,605671,1.0
2022,2022-06-10,661617,2681.0,554242,1.0
2022,2022-06-10,661284,3313.0,573596,1.0
2022,2022-06-10,662511,3309.0,594151,1.0
2022,2022-06-10,663014,5.0,427129,1.0
2022,2022-06-10,662831,2394.0,427013,1.0
2022,2022-06-10,661513,4705.0,427520,1.0
2022,2022-06-10,662676,7.0,521251,1.0
2022,2022-06-10,661678,3312.0,665576,1.0
2022,2022-06-10,661485,4.0,427424,1.0
2022,2022-06-10,662759,2392.0,484499,1.0
2022,2022-06-10,661983,2889.0,427206,1.0
2022,2022-06-10,663390,1.0,596740,1.0
2022,2022-06-10,662275,2680.0,605670,1.0
2022,2022-06-10,662129,680.0,483564,1.0
2022,2022-06-10,662090,2395.0,482620,1.0
2022,2022-06-11,661680,3312.0,503490,1.0
2022,2022-06-11,661484,4.0,605673,1.0
2022,2022-06-11,661976,2889.0,483919,1.0
2022,2022-06-11,661614,2681.0,427197,1.0
2022,2022-06-11,662510,3309.0,427315,1.0
2022,2022-06-11,662674,7.0,623949,1.0
2022,2022-06-11,663084,5.0,605672,1.0
2022,2022-06-11,662251,2680.0,482641,1.0
2022,2022-06-11,662222,2680.0,427220,1.0
2022,2022-06-11,662830,2394.0,544728,1.0
2022,2022-06-11,661160,4705.0,608093,1.0
2022,2022-06-11,662756,2392.0,484198,1.0
2022,2022-06-11,662089,2395.0,547380,1.0
2022,2022-06-11,661276,3313.0,521051,1.0
2022,2022-06-11,663412,1.0,605674,1.0
2022,2022-06-11,662128,680.0,427113,1.0
2022,2022-06-12,663083,5.0,427144,1.0
2022,2022-06-12,661622,2681.0,490319,1.0
2022,2022-06-12,661144,4705.0,503493,1.0
2022,2022-06-12,661270,3313.0,427053,1.0
2022,2022-06-12,662542,3309.0,483561,1.0
2022,2022-06-12,662829,2394.0,598411,1.0
2022,2022-06-12,662673,7.0,427248,1.0
2022,2022-06-12,661679,3312.0,427164,1.0
2022,2022-06-12,661483,4.0,429805,1.0
2022,2022-06-12,662758,2392.0,623938,1.0
2022,2022-06-12,661975,2889.0,427093,1.0
2022,2022-06-12,662085,2395.0,503502,1.0
2022,2022-06-12,662256,2680.0,483569,1.0
2022,2022-06-12,662127,680.0,503586,1.0
2022,2022-06-12,663397,1.0,622329,1.0
2022,2022-06-13,662505,3309.0,644760,1.0
2022,2022-06-13,661629,2681.0,596805,1.0
2022,2022-06-13,661746,14.0,575629,1.0
2022,2022-06-13,662828,2394.0,427139,1.0
2022,2022-06-13,661974,2889.0,482608,1.0
2022,2022-06-13,663183,17.0,427044,1.0
2022,2022-06-13,661881,5325.0,427243,1.0
2022,2022-06-13,663345,15.0,427339,1.0
2022,2022-06-13,662069,2395.0,427537,1.0
2022,2022-06-13,662126,680.0,482666,1.0
2022,2022-06-14,661973,2889.0,521251,1.0
2022,2022-06-14,662503,3309.0,511890,1.0
2022,2022-06-14,661616,2681.0,427424,1.0
2022,2022-06-14,661328,3313.0,623946,1.0
2022,2022-06-14,661745,14.0,489985,1.0
2022,2022-06-14,663279,3.0,427019,1.0
2022,2022-06-14,662884,2394.0,427344,1.0
2022,2022-06-14,662441,3289.0,596809,1.0
2022,2022-06-14,663182,17.0,521889,1.0
2022,2022-06-14,661880,5325.0,608093,1.0
2022,2022-06-14,662935,19.0,605671,1.0
2022,2022-06-14,663342,15.0,596740,1.0
2022,2022-06-14,662068,2395.0,503077,1.0
2022,2022-06-14,662611,22.0,608158,1.0
2022,2022-06-14,662125,680.0,605670,1.0
2022,2022-06-15,661583,2681.0,605673,1.0
2022,2022-06-15,662883,2394.0,573769,1.0
2022,2022-06-15,661845,5325.0,503502,1.0
2022,2022-06-15,663336,15.0,521051,1.0
2022,2022-06-15,662082,2395.0,427299,1.0
2022,2022-06-15,662173,680.0,482641,1.0
2022,2022-06-15,662504,3309.0,484198,1.0
2022,2022-06-15,661327,3313.0,484183,1.0
2022,2022-06-15,661744,14.0,490319,1.0
2022,2022-06-15,663235,3.0,427013,1.0
2022,2022-06-15,662480,3289.0,554242,1.0
2022,2022-06-15,661972,2889.0,427248,1.0
2022,2022-06-15,663155,17.0,427286,1.0
2022,2022-06-15,662893,19.0,482620,1.0
2022,2022-06-15,662694,22.0,483564,1.0
2022,2022-06-16,663267,3.0,427129,1.0
2022,2022-06-16,663125,17.0,623938,1.0
2022,2022-06-16,661743,14.0,427144,1.0
2022,2022-06-16,662986,19.0,547380,1.0
2022,2022-06-16,662501,3309.0,545402,1.0
2022,2022-06-16,661326,3313.0,483919,1.0
2022,2022-06-16,662827,2394.0,664265,1.0
2022,2022-06-16,662535,3289.0,427053,1.0
2022,2022-06-16,662172,680.0,486200,1.0
2022,2022-06-17,662580,3309.0,482608,1.0
2022,2022-06-17,662502,3309.0,623949,1.0
2022,2022-06-17,663124,17.0,577468,1.0
2022,2022-06-17,661093,2.0,427044,1.0
2022,2022-06-17,663063,2602.0,427243,1.0
2022,2022-06-17,662437,31.0,483912,1.0
2022,2022-06-17,661742,14.0,427197,1.0
2022,2022-06-17,663256,3.0,575629,1.0
2022,2022-06-17,662826,2394.0,483569,1.0
2022,2022-06-17,662534,3289.0,483561,1.0
2022,2022-06-17,662757,2392.0,427093,1.0
2022,2022-06-17,662985,19.0,598411,1.0
2022,2022-06-17,662362,10.0,427292,1.0
2022,2022-06-17,663335,15.0,427113,1.0
2022,2022-06-17,662719,22.0,427220,1.0
2022,2022-06-17,662171,680.0,427537,1.0
2022,2022-06-18,663239,17.0,427139,1.0
2022,2022-06-18,661748,14.0,596809,1.0
2022,2022-06-18,661123,31.0,596805,1.0
2022,2022-06-18,661127,2.0,427362,1.0
2022,2022-06-18,662368,10.0,482620,1.0
2022,2022-06-18,662194,680.0,503077,1.0
2022,2022-06-18,662170,680.0,427299,1.0
2022,2022-06-18,662802,2394.0,427339,1.0
2022,2022-06-18,662752,2392.0,623946,1.0
2022,2022-06-18,662533,3289.0,644760,1.0
2022,2022-06-18,663062,2602.0,608093,1.0
2022,2022-06-18,662500,3309.0,521251,1.0
2022,2022-06-18,662686,22.0,482666,1.0
2022,2022-06-18,663255,3.0,489985,1.0
2022,2022-06-18,662999,19.0,544728,1.0
2022,2022-06-18,663351,15.0,503586,1.0
2022,2022-06-19,662553,3309.0,427248,1.0
2022,2022-06-19,661122,31.0,427424,1.0
2022,2022-06-19,663254,3.0,490319,1.0
2022,2022-06-19,661074,2.0,521889,1.0
2022,2022-06-19,661741,14.0,605674,1.0
2022,2022-06-19,662807,2394.0,596740,1.0
2022,2022-06-19,662532,3289.0,511890,1.0
2022,2022-06-19,663061,2602.0,483630,1.0
2022,2022-06-19,663218,17.0,427344,1.0
2022,2022-06-19,662998,19.0,427013,1.0
2022,2022-06-19,662361,10.0,623945,1.0
2022,2022-06-19,662590,22.0,605670,1.0
2022,2022-06-19,662169,680.0,521051,1.0
2022,2022-06-19,663334,15.0,427224,1.0
2022,2022-06-19,662751,2392.0,484183,1.0
2022,2022-06-20,662522,3289.0,484198,1.0
2022,2022-06-20,661121,31.0,483919,1.0
2022,2022-06-20,663253,3.0,427520,1.0
2022,2022-06-20,661893,12.0,503502,1.0
2022,2022-06-20,661143,4705.0,427144,1.0
2022,2022-06-20,661482,4.0,594151,1.0
2022,2022-06-20,661186,32.0,573769,1.0
2022,2022-06-20,663443,1.0,427534,1.0
2022,2022-06-20,662221,2680.0,482641,1.0
2022,2022-06-21,663041,2602.0,605672,1.0
2022,2022-06-21,661148,4169.0,427044,1.0
2022,2022-06-21,661198,2.0,605673,1.0
2022,2022-06-21,661124,31.0,427093,1.0
2022,2022-06-21,663246,3.0,483564,1.0
2022,2022-06-21,661890,12.0,427243,1.0
2022,2022-06-21,661142,4705.0,575629,1.0
2022,2022-06-21,661677,3312.0,428442,1.0
2022,2022-06-21,661846,5325.0,605671,1.0
2022,2022-06-21,662750,2392.0,427537,1.0
2022,2022-06-21,661481,4.0,427139,1.0
2022,2022-06-21,661192,32.0,577468,1.0
2022,2022-06-21,663442,1.0,598411,1.0
2022,2022-06-21,662248,2680.0,545402,1.0
2022,2022-06-21,662360,10.0,427113,1.0
2022,2022-06-22,662749,2392.0,503077,1.0
2022,2022-06-22,661457,4.0,554242,1.0
2022,2022-06-22,661851,5325.0,482620,1.0
2022,2022-06-22,662245,2680.0,427128,1.0
2022,2022-06-22,663040,2602.0,644760,1.0
2022,2022-06-22,661393,4169.0,483569,1.0
2022,2022-06-22,661246,2.0,483912,1.0
2022,2022-06-22,661107,31.0,623946,1.0
2022,2022-06-22,663252,3.0,605674,1.0
2022,2022-06-22,661889,12.0,608093,1.0
2022,2022-06-22,661141,4705.0,573596,1.0
2022,2022-06-22,661690,3312.0,427220,1.0
2022,2022-06-22,661230,32.0,427286,1.0
2022,2022-06-22,662359,10.0,623938,1.0
2022,2022-06-22,663389,1.0,573597,1.0
2022,2022-06-23,661392,4169.0,665576,1.0
2022,2022-06-23,661140,4705.0,427129,1.0
2022,2022-06-23,663039,2602.0,511890,1.0
2022,2022-06-23,661106,31.0,484183,1.0
2022,2022-06-23,661685,3312.0,482666,1.0
2022,2022-06-23,661183,32.0,427344,1.0
2022,2022-06-23,662358,10.0,544728,1.0
2022,2022-06-23,661325,3313.0,596805,1.0
2022,2022-06-23,661456,4.0,483630,1.0
2022,2022-06-23,662227,2680.0,483561,1.0
2022,2022-06-24,661382,4169.0,427144,1.0
2022,2022-06-24,661274,3313.0,429805,1.0
2022,2022-06-24,663054,5.0,484198,1.0
2022,2022-06-24,661888,12.0,605670,1.0
2022,2022-06-24,661139,4705.0,483919,1.0
2022,2022-06-24,661844,5325.0,431232,1.0
2022,2022-06-24,662664,7.0,521051,1.0
2022,2022-06-24,661684,3312.0,503493,1.0
2022,2022-06-24,661455,4.0,503502,1.0
2022,2022-06-24,661190,32.0,596740,1.0
2022,2022-06-24,661971,2889.0,503490,1.0
2022,2022-06-24,663388,1.0,504381,1.0
2022,2022-06-24,663333,15.0,573769,1.0
2022,2022-06-24,662255,2680.0,594151,1.0
2022,2022-06-24,662067,2395.0,427164,1.0
2022,2022-06-25,661271,3313.0,605673,1.0
2022,2022-06-25,661887,12.0,428442,1.0
2022,2022-06-25,661454,4.0,427243,1.0
2022,2022-06-25,661970,2889.0,427013,1.0
2022,2022-06-25,661898,5325.0,427113,1.0
2022,2022-06-25,662672,7.0,503077,1.0
2022,2022-06-25,661381,4169.0,575629,1.0
2022,2022-06-25,661264,32.0,427224,1.0
2022,2022-06-25,663042,5.0,605672,1.0
2022,2022-06-25,662083,2395.0,427534,1.0
2022,2022-06-25,661686,3312.0,427362,1.0
2022,2022-06-25,661138,4705.0,427044,1.0
2022,2022-06-25,663441,1.0,482641,1.0
2022,2022-06-25,663346,15.0,577468,1.0
2022,2022-06-25,662247,2680.0,427139,1.0
2022,2022-06-26,661380,4169.0,573596,1.0
2022,2022-06-26,661273,3313.0,483912,1.0
2022,2022-06-26,663121,5.0,644760,1.0
2022,2022-06-26,661886,12.0,427220,1.0
2022,2022-06-26,662665,7.0,489985,1.0
2022,2022-06-26,661692,3312.0,483564,1.0
2022,2022-06-26,661453,4.0,608093,1.0
2022,2022-06-26,661206,32.0,427019,1.0
2022,2022-06-26,661969,2889.0,605671,1.0
2022,2022-06-26,661847,5325.0,623938,1.0
2022,2022-06-26,662061,2395.0,598411,1.0
2022,2022-06-26,663387,1.0,545402,1.0
2022,2022-06-26,663331,15.0,427286,1.0
2022,2022-06-26,662254,2680.0,554242,1.0
2022,2022-06-26,661512,4705.0,623946,1.0
2022,2022-06-27,662487,3309.0,484198,1.0
2022,2022-06-27,661275,3313.0,484499,1.0
2022,2022-06-27,661740,14.0,427299,1.0
2022,2022-06-27,663016,5.0,608158,1.0
2022,2022-06-27,661968,2889.0,503586,1.0
2022,2022-06-27,662681,7.0,483569,1.0
2022,2022-06-27,662912,19.0,427053,1.0
2022,2022-06-27,663440,1.0,482608,1.0
2022,2022-06-27,662168,680.0,427344,1.0
2022,2022-06-28,663045,5.0,427013,1.0
2022,2022-06-28,663033,5.0,544728,1.0
2022,2022-06-28,662484,3309.0,605672,1.0
2022,2022-06-28,661580,2681.0,596805,1.0
2022,2022-06-28,661272,3313.0,521889,1.0
2022,2022-06-28,661728,14.0,521051,1.0
2022,2022-06-28,662521,3289.0,547380,1.0
2022,2022-06-28,661885,12.0,427520,1.0
2022,2022-06-28,661967,2889.0,427113,1.0
2022,2022-06-28,663231,17.0,427128,1.0
2022,2022-06-28,662615,7.0,665576,1.0
2022,2022-06-28,662911,19.0,427197,1.0
2022,2022-06-28,663392,1.0,521251,1.0
2022,2022-06-28,663344,15.0,573597,1.0
2022,2022-06-28,662060,2395.0,427315,1.0
2022,2022-06-28,662186,680.0,573769,1.0
2022,2022-06-29,661879,12.0,482663,1.0
2022,2022-06-29,662493,3309.0,664265,1.0
2022,2022-06-29,661263,3313.0,623949,1.0
2022,2022-06-29,662440,3289.0,503490,1.0
2022,2022-06-29,662675,7.0,427224,1.0
2022,2022-06-29,663325,15.0,427164,1.0
2022,2022-06-29,662080,2395.0,483561,1.0
2022,2022-06-29,662151,680.0,427139,1.0
2022,2022-06-29,661584,2681.0,511890,1.0
2022,2022-06-29,661727,14.0,482666,1.0
2022,2022-06-29,663030,5.0,598411,1.0
2022,2022-06-29,661134,2889.0,431232,1.0
2022,2022-06-29,663215,17.0,504381,1.0
2022,2022-06-29,662894,19.0,596809,1.0
2022,2022-06-29,663396,1.0,605671,1.0
2022,2022-06-30,662983,5.0,427019,1.0
2022,2022-06-30,661579,2681.0,605673,1.0
2022,2022-06-30,662788,2392.0,427286,1.0
2022,2022-06-30,661105,31.0,427292,1.0
2022,2022-06-30,661726,14.0,427533,1.0
2022,2022-06-30,663199,17.0,483564,1.0
2022,2022-06-30,662733,22.0,427248,1.0
2022,2022-06-30,662150,680.0,608093,1.0
2022,2022-07-01,663185,17.0,596740,1.0
2022,2022-07-01,661725,14.0,484198,1.0
2022,2022-07-01,661582,2681.0,605674,1.0
2022,2022-07-01,662492,3309.0,427013,1.0
2022,2022-07-01,663038,2602.0,623938,1.0
2022,2022-07-01,661104,31.0,427220,1.0
2022,2022-07-01,662834,2394.0,427053,1.0
2022,2022-07-01,662439,3289.0,427424,1.0
2022,2022-07-01,662997,19.0,503077,1.0
2022,2022-07-01,662748,2392.0,427344,1.0
2022,2022-07-01,661691,3312.0,594151,1.0
2022,2022-07-01,662609,22.0,482608,1.0
2022,2022-07-01,662149,680.0,573597,1.0
2022,2022-07-01,662079,2395.0,490319,1.0
2022,2022-07-02,662964,5.0,545402,1.0
2022,2022-07-02,661724,14.0,605672,1.0
2022,2022-07-02,661836,14.0,623946,1.0
2022,2022-07-02,662954,5.0,427128,1.0
2022,2022-07-02,661683,3312.0,554242,1.0
2022,2022-07-02,661581,2681.0,503493,1.0
2022,2022-07-02,662101,2395.0,427197,1.0
2022,2022-07-02,662482,3309.0,544728,1.0
2022,2022-07-02,661103,31.0,547380,1.0
2022,2022-07-02,662890,2392.0,573769,1.0
2022,2022-07-02,662904,2394.0,427044,1.0
2022,2022-07-02,662163,680.0,503490,1.0
2022,2022-07-02,662456,3289.0,596805,1.0
2022,2022-07-02,663037,2602.0,503586,1.0
2022,2022-07-02,663198,17.0,483569,1.0
2022,2022-07-02,662718,22.0,521251,1.0
2022,2022-07-02,662910,19.0,427299,1.0
2022,2022-07-03,662794,2394.0,484499,1.0
2022,2022-07-03,662486,3309.0,598411,1.0
2022,2022-07-03,661102,31.0,608158,1.0
2022,2022-07-03,661723,14.0,644760,1.0
2022,2022-07-03,662509,3289.0,511890,1.0
2022,2022-07-03,663052,2602.0,427113,1.0
2022,2022-07-03,662957,5.0,504381,1.0
2022,2022-07-03,662889,2392.0,427139,1.0
2022,2022-07-03,661689,3312.0,427315,1.0
2022,2022-07-03,663186,17.0,665576,1.0
2022,2022-07-03,662913,19.0,521051,1.0
2022,2022-07-03,662099,2395.0,664265,1.0
2022,2022-07-03,662684,22.0,605671,1.0
2022,2022-07-03,662162,680.0,427164,1.0
2022,2022-07-03,661630,2681.0,427520,1.0
2022,2022-07-04,662541,3309.0,427019,1.0
2022,2022-07-04,661073,2.0,483630,1.0
2022,2022-07-04,662906,2394.0,623938,1.0
2022,2022-07-04,663251,3.0,427093,1.0
2022,2022-07-04,662874,2392.0,482641,1.0
2022,2022-07-04,661181,32.0,521889,1.0
2022,2022-07-04,663343,15.0,427248,1.0
2022,2022-07-04,663036,2602.0,428442,1.0
2022,2022-07-04,662270,2680.0,427129,1.0
2022,2022-07-04,661511,4705.0,482620,1.0
2022,2022-07-04,661452,4.0,482663,1.0
2022,2022-07-04,662355,10.0,596809,1.0
2022,2022-07-04,662732,22.0,427534,1.0
2022,2022-07-05,662226,2680.0,427144,1.0
2022,2022-07-05,663035,2602.0,623945,1.0
2022,2022-07-05,661379,4169.0,483561,1.0
2022,2022-07-05,661244,2.0,429805,1.0
2022,2022-07-05,661578,2681.0,577468,1.0
2022,2022-07-05,662329,31.0,427013,1.0
2022,2022-07-05,662905,2394.0,431232,1.0
2022,2022-07-05,663245,3.0,483919,1.0
2022,2022-07-05,661510,4705.0,427292,1.0
2022,2022-07-05,662847,2392.0,503502,1.0
2022,2022-07-05,661426,4.0,622329,1.0
2022,2022-07-05,661187,32.0,483564,1.0
2022,2022-07-05,663320,15.0,573597,1.0
2022,2022-07-05,662354,10.0,490319,1.0
2022,2022-07-05,662731,22.0,608093,1.0
2022,2022-07-06,662814,2394.0,503586,1.0
2022,2022-07-06,661413,4.0,503493,1.0
2022,2022-07-06,661225,32.0,623949,1.0
2022,2022-07-06,662353,10.0,427197,1.0
2022,2022-07-06,663051,2602.0,607884,1.0
2022,2022-07-06,661378,4169.0,594151,1.0
2022,2022-07-06,661245,2.0,545402,1.0
2022,2022-07-06,661564,2681.0,427344,1.0
2022,2022-07-06,662328,31.0,544728,1.0
2022,2022-07-06,663244,3.0,575629,1.0
2022,2022-07-06,661509,4705.0,547380,1.0
2022,2022-07-06,662747,2392.0,639723,1.0
2022,2022-07-06,663318,15.0,482608,1.0
2022,2022-07-06,662630,22.0,644760,1.0
2022,2022-07-07,662746,2392.0,427243,1.0
2022,2022-07-07,663140,2602.0,605673,1.0
2022,2022-07-07,661566,2681.0,573769,1.0
2022,2022-07-07,661091,2.0,598411,1.0
2022,2022-07-07,662508,3289.0,484183,1.0
2022,2022-07-07,663233,3.0,623938,1.0
2022,2022-07-07,661521,4705.0,608158,1.0
2022,2022-07-07,661425,4.0,503490,1.0
2022,2022-07-07,663317,15.0,573596,1.0
2022,2022-07-07,662253,2680.0,427520,1.0
2022,2022-07-07,662730,22.0,664265,1.0
2022,2022-07-07,662156,680.0,427044,1.0
2022,2022-07-08,663053,2602.0,554242,1.0
2022,2022-07-08,661108,2.0,427019,1.0
2022,2022-07-08,662498,3289.0,427093,1.0
2022,2022-07-08,663202,3.0,431232,1.0
2022,2022-07-08,661522,4705.0,482641,1.0
2022,2022-07-08,661843,5325.0,503077,1.0
2022,2022-07-08,662614,7.0,482620,1.0
2022,2022-07-08,661412,4.0,427164,1.0
2022,2022-07-08,661177,32.0,427139,1.0
2022,2022-07-08,661136,2889.0,427128,1.0
2022,2022-07-08,663319,15.0,665576,1.0
2022,2022-07-08,662352,10.0,427248,1.0
2022,2022-07-08,662225,2680.0,482663,1.0
2022,2022-07-08,662610,22.0,596809,1.0
2022,2022-07-08,662155,680.0,484499,1.0
2022,2022-07-09,661411,4.0,427534,1.0
2022,2022-07-09,661137,2889.0,483630,1.0
2022,2022-07-09,661071,2.0,427013,1.0
2022,2022-07-09,661842,5325.0,428442,1.0
2022,2022-07-09,662351,10.0,521251,1.0
2022,2022-07-09,663310,15.0,427129,1.0
2022,2022-07-09,662663,7.0,427292,1.0
2022,2022-07-09,663092,2602.0,427315,1.0
2022,2022-07-09,661508,4705.0,503502,1.0
2022,2022-07-09,662497,3289.0,483919,1.0
2022,2022-07-09,661224,32.0,577468,1.0
2022,2022-07-09,662266,2680.0,483564,1.0
2022,2022-07-09,663223,3.0,427299,1.0
2022,2022-07-09,662683,22.0,490319,1.0
2022,2022-07-09,662147,680.0,521889,1.0
2022,2022-07-10,661092,2.0,544728,1.0
2022,2022-07-10,661520,4705.0,639723,1.0
2022,2022-07-10,663048,2602.0,483561,1.0
2022,2022-07-10,662496,3289.0,575629,1.0
2022,2022-07-10,662662,7.0,547380,1.0
2022,2022-07-10,661410,4.0,608093,1.0
2022,2022-07-10,661178,32.0,427344,1.0
2022,2022-07-10,661135,2889.0,429805,1.0
2022,2022-07-10,661808,5325.0,623945,1.0
2022,2022-07-10,662215,10.0,573597,1.0
2022,2022-07-10,663307,15.0,427144,1.0
2022,2022-07-10,662729,22.0,427197,1.0
2022,2022-07-10,662198,2680.0,503493,1.0
2022,2022-07-10,662183,680.0,623949,1.0
2022,2022-07-10,663232,3.0,503586,1.0
2022,2022-07-11,662661,7.0,427093,1.0
2022,2022-07-11,661324,4169.0,427220,1.0
2022,2022-07-11,661878,12.0,608158,1.0
2022,2022-07-11,662956,5.0,605670,1.0
2022,2022-07-11,661120,2889.0,573769,1.0
2022,2022-07-11,661507,4705.0,503490,1.0
2022,2022-07-11,661814,5325.0,427243,1.0
2022,2022-07-11,662996,19.0,427339,1.0
2022,2022-07-11,662100,2395.0,427533,1.0
2022,2022-07-12,662976,5.0,554242,1.0
2022,2022-07-12,661377,4169.0,596809,1.0
2022,2022-07-12,661262,3313.0,489985,1.0
2022,2022-07-12,661722,14.0,605672,1.0
2022,2022-07-12,661877,12.0,482620,1.0
2022,2022-07-12,661506,4705.0,427164,1.0
2022,2022-07-12,661688,3312.0,427053,1.0
2022,2022-07-12,661119,2889.0,504381,1.0
2022,2022-07-12,663187,17.0,573596,1.0
2022,2022-07-12,661813,5325.0,503502,1.0
2022,2022-07-12,662660,7.0,483919,1.0
2022,2022-07-12,662984,19.0,483569,1.0
2022,2022-07-12,663402,1.0,427362,1.0
2022,2022-07-12,662108,2395.0,511890,1.0
2022,2022-07-13,662531,3309.0,545402,1.0
2022,2022-07-13,662517,3309.0,427366,1.0
2022,2022-07-13,661505,4705.0,427534,1.0
2022,2022-07-13,661687,3312.0,664265,1.0
2022,2022-07-13,662659,7.0,575629,1.0
2022,2022-07-13,662107,2395.0,605673,1.0
2022,2022-07-13,661376,4169.0,428442,1.0
2022,2022-07-13,661269,3313.0,521051,1.0
2022,2022-07-13,661721,14.0,598411,1.0
2022,2022-07-13,661876,12.0,427292,1.0
2022,2022-07-13,662949,5.0,503586,1.0
2022,2022-07-13,661118,2889.0,427248,1.0
2022,2022-07-13,663230,17.0,665576,1.0
2022,2022-07-13,661812,5325.0,483630,1.0
2022,2022-07-13,662895,19.0,623946,1.0
2022,2022-07-13,663401,1.0,427044,1.0
2022,2022-07-14,661375,4169.0,623945,1.0
2022,2022-07-14,661100,19.0,427224,1.0
2022,2022-07-14,662518,3309.0,490319,1.0
2022,2022-07-14,661261,3313.0,427299,1.0
2022,2022-07-14,661720,14.0,429805,1.0
2022,2022-07-14,661875,12.0,547380,1.0
2022,2022-07-14,661117,2889.0,521251,1.0
2022,2022-07-14,661675,3312.0,427315,1.0
2022,2022-07-14,661101,17.0,639723,1.0
2022,2022-07-14,661811,5325.0,608093,1.0
2022,2022-07-14,663386,1.0,484499,1.0
2022,2022-07-14,662109,2395.0,427129,1.0
2022,2022-07-15,661374,4169.0,608158,1.0
2022,2022-07-15,662516,3309.0,427197,1.0
2022,2022-07-15,661260,3313.0,482666,1.0
2022,2022-07-15,661719,14.0,521889,1.0
2022,2022-07-15,662942,5.0,427554,1.0
2022,2022-07-15,661874,12.0,503077,1.0
2022,2022-07-15,661810,5325.0,503490,1.0
2022,2022-07-15,662923,2392.0,427339,1.0
2022,2022-07-15,661674,3312.0,483561,1.0
2022,2022-07-15,661116,2889.0,484198,1.0
2022,2022-07-15,661113,19.0,482608,1.0
2022,2022-07-15,663385,1.0,484183,1.0
2022,2022-07-15,662197,2680.0,427344,1.0
2022,2022-07-15,662072,2395.0,573597,1.0
2022,2022-07-16,661115,17.0,483630,1.0
2022,2022-07-16,661673,3312.0,605672,1.0
2022,2022-07-16,661966,2889.0,427533,1.0
2022,2022-07-16,661114,17.0,594151,1.0
2022,2022-07-16,661718,14.0,545402,1.0
2022,2022-07-16,661081,19.0,605671,1.0
2022,2022-07-16,661809,5325.0,427164,1.0
2022,2022-07-16,662483,3309.0,427053,1.0
2022,2022-07-16,662952,5.0,427220,1.0
2022,2022-07-16,662909,2392.0,483569,1.0
2022,2022-07-16,661873,12.0,489985,1.0
2022,2022-07-16,661359,4169.0,482620,1.0
2022,2022-07-16,661259,3313.0,596805,1.0
2022,2022-07-16,662113,2395.0,573596,1.0
2022,2022-07-16,662271,2680.0,623949,1.0
2022,2022-07-16,663415,1.0,427093,1.0
2022,2022-07-17,661717,14.0,427366,1.0
2022,2022-07-17,662530,3309.0,664265,1.0
2022,2022-07-17,661258,3313.0,596740,1.0
2022,2022-07-17,661872,12.0,521051,1.0
2022,2022-07-17,661373,4169.0,427292,1.0
2022,2022-07-17,662908,2392.0,623946,1.0
2022,2022-07-17,661672,3312.0,598411,1.0
2022,2022-07-17,661082,17.0,427243,1.0
2022,2022-07-17,661821,5325.0,427534,1.0
2022,2022-07-17,661080,19.0,427248,1.0
2022,2022-07-17,662059,2395.0,665576,1.0
2022,2022-07-17,662269,2680.0,427362,1.0
2022,2022-08-15,662948,5.0,484198,1.0
2022,2022-09-17,661965,2889.0,427366,1.0
2022,2022-07-21,661421,4169.0,427286,1.0
2022,2022-07-21,662776,2392.0,483919,1.0
2022,2022-07-21,662775,2392.0,554242,1.0
2022,2022-07-21,662411,10.0,544728,1.0
2022,2022-07-21,662408,10.0,598411,1.0
2022,2022-07-21,662685,22.0,483561,1.0
2022,2022-07-22,663060,2602.0,596809,1.0
2022,2022-07-22,661560,2681.0,484499,1.0
2022,2022-07-22,662327,31.0,596805,1.0
2022,2022-07-22,661072,2.0,427168,1.0
2022,2022-07-22,662481,3289.0,428442,1.0
2022,2022-07-22,663222,3.0,427139,1.0
2022,2022-07-22,661504,4705.0,511890,1.0
2022,2022-07-22,662658,7.0,427129,1.0
2022,2022-07-22,661409,4.0,483564,1.0
2022,2022-07-22,661193,32.0,427113,1.0
2022,2022-07-22,663306,15.0,503490,1.0
2022,2022-07-22,662344,10.0,605670,1.0
2022,2022-07-22,662167,680.0,427520,1.0
2022,2022-07-22,662589,22.0,427315,1.0
2022,2022-07-23,661408,4.0,623949,1.0
2022,2022-07-23,662146,680.0,482663,1.0
2022,2022-07-23,663221,3.0,577468,1.0
2022,2022-07-23,661559,2681.0,427044,1.0
2022,2022-07-23,662902,2394.0,503502,1.0
2022,2022-07-23,663047,2602.0,427053,1.0
2022,2022-07-23,662436,31.0,483912,1.0
2022,2022-07-23,661057,2.0,521251,1.0
2022,2022-07-23,662495,3289.0,427554,1.0
2022,2022-07-23,662657,7.0,427144,1.0
2022,2022-07-23,661201,32.0,427366,1.0
2022,2022-07-23,662608,22.0,594151,1.0
2022,2022-07-23,661503,4705.0,484198,1.0
2022,2022-07-23,663305,15.0,427164,1.0
2022,2022-07-23,662348,10.0,427019,1.0
2022,2022-07-24,661556,2681.0,521889,1.0
2022,2022-07-24,663220,3.0,427344,1.0
2022,2022-07-24,661502,4705.0,545402,1.0
2022,2022-07-24,662357,31.0,623938,1.0
2022,2022-07-24,661056,2.0,482608,1.0
2022,2022-07-24,663059,2602.0,573769,1.0
2022,2022-07-24,662901,2394.0,605671,1.0
2022,2022-07-24,662656,7.0,573596,1.0
2022,2022-07-24,661407,4.0,554242,1.0
2022,2022-07-24,661184,32.0,521051,1.0
2022,2022-07-24,662343,10.0,427013,1.0
2022,2022-07-24,663316,15.0,427534,1.0
2022,2022-07-24,662145,680.0,503493,1.0
2022,2022-07-24,662682,22.0,623946,1.0
2022,2022-07-24,662458,3289.0,482666,1.0
2022,2022-07-25,663046,2602.0,427224,1.0
2022,2022-07-25,661055,2.0,427424,1.0
2022,2022-07-25,661555,2681.0,429805,1.0
2022,2022-07-25,663219,3.0,427248,1.0
2022,2022-07-25,662809,2394.0,427197,1.0
2022,2022-07-25,661065,17.0,483564,1.0
2022,2022-07-25,662655,7.0,482641,1.0
2022,2022-07-25,661231,32.0,503586,1.0
2022,2022-07-25,662347,10.0,608093,1.0
2022,2022-07-25,663315,15.0,544728,1.0
2022,2022-07-25,662576,22.0,547380,1.0
2022,2022-07-25,662166,680.0,503077,1.0
2022,2022-07-26,661064,17.0,483561,1.0
2022,2022-07-26,663029,2602.0,427339,1.0
2022,2022-07-26,661054,2.0,596805,1.0
2022,2022-07-26,661563,2681.0,427128,1.0
2022,2022-07-26,661716,14.0,427113,1.0
2022,2022-07-26,663203,3.0,427168,1.0
2022,2022-07-26,662813,2394.0,490319,1.0
2022,2022-07-26,662438,3289.0,427286,1.0
2022,2022-07-26,662653,7.0,483630,1.0
2022,2022-07-26,661281,32.0,605673,1.0
2022,2022-07-26,661079,19.0,644760,1.0
2022,2022-07-26,662346,10.0,573597,1.0
2022,2022-07-26,663314,15.0,598411,1.0
2022,2022-07-26,662573,22.0,482620,1.0
2022,2022-07-26,662184,680.0,489985,1.0
2022,2022-07-27,661554,2681.0,504381,1.0
2022,2022-07-27,662900,2394.0,427053,1.0
2022,2022-07-27,662652,7.0,503502,1.0
2022,2022-07-27,661249,32.0,427520,1.0
2022,2022-07-27,662565,22.0,554242,1.0
2022,2022-07-27,661078,19.0,596740,1.0
2022,2022-07-27,662345,10.0,503490,1.0
2022,2022-07-27,663294,15.0,427019,1.0
2022,2022-07-27,662165,680.0,427299,1.0
2022,2022-07-27,663028,2602.0,605670,1.0
2022,2022-07-27,661053,2.0,483912,1.0
2022,2022-07-27,661715,14.0,427366,1.0
2022,2022-07-27,663191,3.0,521251,1.0
2022,2022-07-27,662420,3289.0,427139,1.0
2022,2022-07-28,661052,2.0,623938,1.0
2022,2022-07-28,663027,2602.0,483569,1.0
2022,2022-07-28,662326,31.0,577468,1.0
2022,2022-07-28,661257,3313.0,594151,1.0
2022,2022-07-28,661714,14.0,427315,1.0
2022,2022-07-28,663200,3.0,482608,1.0
2022,2022-07-28,662907,2392.0,427013,1.0
2022,2022-07-28,661077,19.0,427164,1.0
2022,2022-07-28,663380,1.0,427292,1.0
2022,2022-07-28,662058,2395.0,605671,1.0
2022,2022-07-29,663026,2602.0,482663,1.0
2022,2022-07-29,661372,4169.0,575629,1.0
2022,2022-07-29,662477,3309.0,427248,1.0
2022,2022-07-29,662435,31.0,427344,1.0
2022,2022-07-29,661256,3313.0,427197,1.0
2022,2022-07-29,661713,14.0,596809,1.0
2022,2022-07-29,661871,12.0,427224,1.0
2022,2022-07-29,663190,3.0,427424,1.0
2022,2022-07-29,661501,4705.0,427129,1.0
2022,2022-07-29,662745,2392.0,544728,1.0
2022,2022-07-29,661406,4.0,521051,1.0
2022,2022-07-29,661076,19.0,608093,1.0
2022,2022-07-29,663379,1.0,547380,1.0
2022,2022-07-29,662268,2680.0,623946,1.0
2022,2022-07-29,662057,2395.0,482641,1.0
2022,2022-07-30,661870,12.0,427339,1.0
2022,2022-07-30,661255,3313.0,490319,1.0
2022,2022-07-30,661712,14.0,605673,1.0
2022,2022-07-30,663192,3.0,596805,1.0
2022,2022-07-30,661371,4169.0,429805,1.0
2022,2022-07-30,663025,2602.0,503493,1.0
2022,2022-07-30,662738,2392.0,598411,1.0
2022,2022-07-30,662476,3309.0,427168,1.0
2022,2022-07-30,662196,2680.0,503077,1.0
2022,2022-07-30,662415,31.0,427286,1.0
2022,2022-07-30,661451,4.0,503586,1.0
2022,2022-07-30,661499,4705.0,431232,1.0
2022,2022-07-30,662989,19.0,573597,1.0
2022,2022-07-30,662112,2395.0,483630,1.0
2022,2022-07-30,663378,1.0,482620,1.0
2022,2022-07-31,661711,14.0,483561,1.0
2022,2022-07-31,662475,3309.0,521251,1.0
2022,2022-07-31,662414,31.0,427139,1.0
2022,2022-07-31,661498,4705.0,644760,1.0
2022,2022-07-31,661254,3313.0,427053,1.0
2022,2022-07-31,663189,3.0,483912,1.0
2022,2022-07-31,663024,2602.0,483564,1.0
2022,2022-07-31,661869,12.0,596740,1.0
2022,2022-07-31,661370,4169.0,427128,1.0
2022,2022-07-31,662918,2392.0,427019,1.0
2022,2022-07-31,661388,4.0,427113,1.0
2022,2022-07-31,662988,19.0,503490,1.0
2022,2022-07-31,663377,1.0,554242,1.0
2022,2022-07-31,662267,2680.0,489985,1.0
2022,2022-07-31,662071,2395.0,503502,1.0
2022,2022-08-01,661369,4169.0,427366,1.0
2022,2022-08-01,662474,3309.0,427520,1.0
2022,2022-08-01,661268,3313.0,427362,1.0
2022,2022-08-01,662947,5.0,504381,1.0
2022,2022-08-01,661671,3312.0,427292,1.0
2022,2022-08-01,661820,5325.0,482608,1.0
2022,2022-08-01,662737,2392.0,427220,1.0
2022,2022-08-01,661387,4.0,427533,1.0
2022,2022-08-01,662224,2680.0,605671,1.0
2022,2022-08-01,662070,2395.0,427093,1.0
2022,2022-08-02,662250,2680.0,427243,1.0
2022,2022-08-02,662220,2680.0,482641,1.0
2022,2022-08-02,661368,4169.0,521051,1.0
2022,2022-08-02,662529,3309.0,482663,1.0
2022,2022-08-02,661253,3313.0,484499,1.0
2022,2022-08-02,662298,31.0,483569,1.0
2022,2022-08-02,662941,5.0,575629,1.0
2022,2022-08-02,661868,12.0,577468,1.0
2022,2022-08-02,661496,4705.0,608093,1.0
2022,2022-08-02,661661,3312.0,547380,1.0
2022,2022-08-02,661959,2889.0,623946,1.0
2022,2022-08-02,661819,5325.0,427248,1.0
2022,2022-08-02,662736,2392.0,428442,1.0
2022,2022-08-02,661386,4.0,511890,1.0
2022,2022-08-02,663376,1.0,544728,1.0
2022,2022-08-02,662056,2395.0,483919,1.0
2022,2022-08-03,661867,12.0,427344,1.0
2022,2022-08-03,661500,4705.0,573597,1.0
2022,2022-08-03,661293,3313.0,427044,1.0
2022,2022-08-03,662946,5.0,431232,1.0
2022,2022-08-03,661664,3312.0,482620,1.0
2022,2022-08-03,661818,5325.0,605672,1.0
2022,2022-08-03,662725,2392.0,427554,1.0
2022,2022-08-03,661385,4.0,605670,1.0
2022,2022-08-03,662552,3309.0,503493,1.0
2022,2022-08-03,661367,4169.0,503586,1.0
2022,2022-08-03,662324,31.0,427224,1.0
2022,2022-08-03,663375,1.0,598411,1.0
2022,2022-08-03,662244,2680.0,503502,1.0
2022,2022-08-03,662055,2395.0,484183,1.0
2022,2022-08-04,661945,2889.0,503077,1.0
2022,2022-08-04,662303,31.0,427339,1.0
2022,2022-08-04,661932,2889.0,489985,1.0
2022,2022-08-04,662114,2395.0,483564,1.0
2022,2022-08-04,663374,1.0,427019,1.0
2022,2022-08-04,662219,2680.0,483630,1.0
2022,2022-08-04,661565,2681.0,427113,1.0
2022,2022-08-04,662975,5.0,427286,1.0
2022,2022-08-04,662812,2394.0,644760,1.0
2022,2022-08-04,662419,3289.0,521889,1.0
2022,2022-08-04,661660,3312.0,484198,1.0
2022,2022-08-04,661817,5325.0,427128,1.0
2022,2022-08-04,662651,7.0,427534,1.0
2022,2022-08-05,661063,17.0,573769,1.0
2022,2022-08-05,661048,2.0,554242,1.0
2022,2022-08-05,661562,2681.0,427366,1.0
2022,2022-08-05,662945,5.0,605674,1.0
2022,2022-08-05,662811,2394.0,482608,1.0
2022,2022-08-05,662418,3289.0,605671,1.0
2022,2022-08-05,661816,5325.0,504381,1.0
2022,2022-08-05,662650,7.0,503490,1.0
2022,2022-08-05,661659,3312.0,511890,1.0
2022,2022-08-05,661174,32.0,482666,1.0
2022,2022-08-05,661946,2889.0,596740,1.0
2022,2022-08-05,663313,15.0,483919,1.0
2022,2022-08-05,662564,22.0,427537,1.0
2022,2022-08-05,662164,680.0,427243,1.0
2022,2022-08-06,662499,3289.0,427362,1.0
2022,2022-08-06,662417,3289.0,484499,1.0
2022,2022-08-06,661062,17.0,427520,1.0
2022,2022-08-06,662154,680.0,503502,1.0
2022,2022-08-06,662193,680.0,483630,1.0
2022,2022-08-06,661050,2.0,427292,1.0
2022,2022-08-06,661561,2681.0,521051,1.0
2022,2022-08-06,662937,5.0,577468,1.0
2022,2022-08-06,662856,2394.0,427248,1.0
2022,2022-08-06,661815,5325.0,431232,1.0
2022,2022-08-06,662308,10.0,427093,1.0
2022,2022-08-06,662649,7.0,608093,1.0
2022,2022-08-06,661662,3312.0,605670,1.0
2022,2022-08-06,661949,2889.0,483569,1.0
2022,2022-08-06,661173,32.0,427220,1.0
2022,2022-08-06,663288,15.0,623938,1.0
2022,2022-08-06,662654,22.0,544728,1.0
2022,2022-08-07,662944,5.0,427344,1.0
2022,2022-08-07,661049,2.0,547380,1.0
2022,2022-08-07,661558,2681.0,503586,1.0
2022,2022-08-07,662810,2394.0,605672,1.0
2022,2022-08-07,662648,7.0,573597,1.0
2022,2022-08-07,661653,3312.0,427168,1.0
2022,2022-08-07,661172,32.0,428442,1.0
2022,2022-08-07,661948,2889.0,427224,1.0
2022,2022-08-07,661061,17.0,482663,1.0
2022,2022-08-07,661835,5325.0,482631,1.0
2022,2022-08-07,662332,10.0,623946,1.0
2022,2022-08-07,663300,15.0,484183,1.0
2022,2022-08-07,662153,680.0,482641,1.0
2022,2022-08-07,662416,3289.0,427044,1.0
2022,2022-08-07,662563,22.0,427013,1.0
2022,2022-08-08,661047,2.0,490319,1.0
2022,2022-08-08,662445,3289.0,427144,1.0
2022,2022-08-08,661060,17.0,427424,1.0
2022,2022-08-08,662331,10.0,427128,1.0
2022,2022-08-08,663304,15.0,503077,1.0
2022,2022-08-08,662218,2680.0,503493,1.0
2022,2022-08-08,662152,680.0,427315,1.0
2022,2022-08-09,662647,7.0,427339,1.0
2022,2022-08-09,662779,7.0,596740,1.0
2022,2022-08-09,661046,2.0,596809,1.0
2022,2022-08-09,661553,2681.0,427286,1.0
2022,2022-08-09,662793,2394.0,427164,1.0
2022,2022-08-09,662444,3289.0,573596,1.0
2022,2022-08-09,663201,3.0,521251,1.0
2022,2022-08-09,661059,17.0,596805,1.0
2022,2022-08-09,662724,2392.0,483564,1.0
2022,2022-08-09,661182,32.0,427243,1.0
2022,2022-08-09,662979,19.0,484198,1.0
2022,2022-08-09,662330,10.0,575629,1.0
2022,2022-08-09,663303,15.0,427537,1.0
2022,2022-08-09,662246,2680.0,573769,1.0
2022,2022-08-09,662562,22.0,427019,1.0
2022,2022-08-09,662148,680.0,594151,1.0
2022,2022-08-10,662443,3289.0,427129,1.0
2022,2022-08-10,661207,32.0,503502,1.0
2022,2022-08-10,663229,17.0,483912,1.0
2022,2022-08-10,662316,10.0,429805,1.0
2022,2022-08-10,662217,2680.0,482663,1.0
2022,2022-08-10,662185,680.0,483561,1.0
2022,2022-08-10,661557,2681.0,605674,1.0
2022,2022-08-10,662791,2394.0,427534,1.0
2022,2022-08-10,663188,3.0,644760,1.0
2022,2022-08-10,662723,2392.0,427093,1.0
2022,2022-08-10,662639,7.0,623949,1.0
2022,2022-08-10,662892,19.0,427197,1.0
2022,2022-08-10,663302,15.0,427554,1.0
2022,2022-08-10,662575,22.0,598411,1.0
2022,2022-09-05,661045,2.0,521889,1.0
2022,2022-08-11,661608,2681.0,577468,1.0
2022,2022-08-11,662790,2394.0,503490,1.0
2022,2022-08-11,662722,2392.0,608093,1.0
2022,2022-08-11,662645,7.0,483569,1.0
2022,2022-08-11,662891,19.0,605670,1.0
2022,2022-08-11,663293,15.0,623938,1.0
2022,2022-08-11,663274,3.0,521051,1.0
2022,2022-08-11,663023,,483630,1.0
2022,2022-08-12,661366,4169.0,544728,1.0
2022,2022-08-12,662551,3309.0,554242,1.0
2022,2022-08-12,661710,14.0,605671,1.0
2022,2022-08-12,661866,12.0,573597,1.0
2022,2022-08-12,662434,3289.0,482608,1.0
2022,2022-08-12,661384,4.0,503077,1.0
2022,2022-08-12,663177,3.0,427053,1.0
2022,2022-08-12,661791,5325.0,427339,1.0
2022,2022-08-12,662671,7.0,482631,1.0
2022,2022-08-12,662817,2392.0,639723,1.0
2022,2022-08-12,661947,2889.0,427139,1.0
2022,2022-08-12,662978,19.0,503493,1.0
2022,2022-08-12,663373,1.0,484183,1.0
2022,2022-08-12,662111,2395.0,605672,1.0
2022,2022-08-13,661428,4169.0,427013,1.0
2022,2022-08-13,661360,4169.0,598411,1.0
2022,2022-08-13,661709,14.0,427424,1.0
2022,2022-08-13,661865,12.0,427164,1.0
2022,2022-08-13,663022,2602.0,482641,1.0
2022,2022-08-13,662473,3309.0,427144,1.0
2022,2022-08-13,662670,7.0,547380,1.0
2022,2022-08-13,662824,2392.0,427315,1.0
2022,2022-08-13,662428,3289.0,427168,1.0
2022,2022-08-13,661383,4.0,427537,1.0
2022,2022-08-13,661790,5325.0,596740,1.0
2022,2022-08-13,663176,3.0,490319,1.0
2022,2022-08-13,661951,2889.0,427286,1.0
2022,2022-08-13,662882,19.0,427520,1.0
2022,2022-08-13,662110,2395.0,511890,1.0
2022,2022-08-13,663372,1.0,483564,1.0
2022,2022-08-14,662472,3309.0,573596,1.0
2022,2022-08-14,661708,14.0,596805,1.0
2022,2022-08-14,663021,2602.0,427243,1.0
2022,2022-08-14,661864,12.0,427534,1.0
2022,2022-08-14,662427,3289.0,521251,1.0
2022,2022-08-14,661338,4169.0,427019,1.0
2022,2022-08-14,662669,7.0,575629,1.0
2022,2022-08-14,662801,2392.0,594151,1.0
2022,2022-08-14,661450,4.0,427554,1.0
2022,2022-08-14,661957,2889.0,605674,1.0
2022,2022-08-14,661789,5325.0,623949,1.0
2022,2022-08-14,662881,19.0,573769,1.0
2022,2022-08-14,662035,2395.0,427197,1.0
2022,2022-08-14,663371,1.0,427093,1.0
2022,2022-08-14,663175,3.0,596809,1.0
2022,2022-08-15,662977,5.0,544728,1.0
2022,2022-08-15,663020,2602.0,608093,1.0
2022,2022-08-15,661358,4169.0,427248,1.0
2022,2022-08-15,662471,3309.0,483569,1.0
2022,2022-08-15,661283,3313.0,482666,1.0
2022,2022-08-15,661707,14.0,503490,1.0
2022,2022-08-15,661497,4705.0,429805,1.0
2022,2022-08-15,661676,3312.0,427533,1.0
2022,2022-08-15,661834,5325.0,521889,1.0
2022,2022-08-15,661449,4.0,482620,1.0
2022,2022-08-15,661199,32.0,431232,1.0
2022,2022-08-15,663370,1.0,427113,1.0
2022,2022-08-15,662034,2395.0,483919,1.0
2022,2022-08-16,663019,2602.0,573597,1.0
2022,2022-08-16,661357,4169.0,644760,1.0
2022,2022-08-16,662550,3309.0,427339,1.0
2022,2022-08-16,662302,31.0,577468,1.0
2022,2022-08-16,661250,3313.0,605671,1.0
2022,2022-08-16,661706,14.0,427144,1.0
2022,2022-08-16,662943,5.0,427013,1.0
2022,2022-08-16,661495,4705.0,482631,1.0
2022,2022-08-16,661682,3312.0,605670,1.0
2022,2022-08-16,661955,2889.0,427299,1.0
2022,2022-08-16,661833,5325.0,427362,1.0
2022,2022-08-16,661448,4.0,554242,1.0
2022,2022-08-16,661191,32.0,482663,1.0
2022,2022-08-16,663369,1.0,427366,1.0
2022,2022-08-16,662004,2395.0,484183,1.0
2022,2022-08-17,663017,2602.0,427164,1.0
2022,2022-08-17,662470,3309.0,596740,1.0
2022,2022-08-17,661654,3312.0,605672,1.0
2022,2022-08-17,661705,14.0,623946,1.0
2022,2022-08-17,663408,1.0,521051,1.0
2022,2022-08-17,661356,4169.0,521251,1.0
2022,2022-08-17,662301,31.0,427139,1.0
2022,2022-08-17,661266,3313.0,428442,1.0
2022,2022-08-17,662951,5.0,598411,1.0
2022,2022-08-17,661494,4705.0,504381,1.0
2022,2022-08-17,661938,2889.0,489985,1.0
2022,2022-08-17,661788,5325.0,484499,1.0
2022,2022-08-17,661447,4.0,547380,1.0
2022,2022-08-17,661171,32.0,503493,1.0
2022,2022-08-17,662003,2395.0,483564,1.0
2022,2022-08-18,661937,2889.0,427537,1.0
2022,2022-08-18,661787,5325.0,605673,1.0
2022,2022-08-18,661446,4.0,594151,1.0
2022,2022-08-18,661179,32.0,573769,1.0
2022,2022-08-18,662002,2395.0,427093,1.0
2022,2022-08-18,662413,31.0,427344,1.0
2022,2022-08-18,661265,3313.0,427534,1.0
2022,2022-08-18,661863,12.0,427248,1.0
2022,2022-08-18,661493,4705.0,575629,1.0
2022,2022-08-18,662182,2680.0,503586,1.0
2022,2022-08-19,663228,17.0,639723,1.0
2022,2022-08-19,661044,2.0,429805,1.0
2022,2022-08-19,662396,31.0,544728,1.0
2022,2022-08-19,661607,2681.0,511890,1.0
2022,2022-08-19,661319,3313.0,608093,1.0
2022,2022-08-19,662808,2394.0,427554,1.0
2022,2022-08-19,661862,12.0,644760,1.0
2022,2022-08-19,662936,5.0,431232,1.0
2022,2022-08-19,661492,4705.0,483569,1.0
2022,2022-08-19,661655,3312.0,573596,1.0
2022,2022-08-19,662880,19.0,482620,1.0
2022,2022-08-19,662181,2680.0,427113,1.0
2022,2022-08-19,662341,10.0,427286,1.0
2022,2022-08-19,663292,15.0,521889,1.0
2022,2022-08-19,662574,22.0,483919,1.0
2022,2022-08-20,661606,2681.0,605672,1.0
2022,2022-08-20,661240,3313.0,573597,1.0
2022,2022-08-20,662917,2394.0,482666,1.0
2022,2022-08-20,663116,17.0,427299,1.0
2022,2022-08-20,661043,2.0,482631,1.0
2022,2022-08-20,661861,12.0,596805,1.0
2022,2022-08-20,662953,5.0,482663,1.0
2022,2022-08-20,662395,31.0,503490,1.0
2022,2022-08-20,661670,3312.0,427144,1.0
2022,2022-08-20,662340,10.0,577468,1.0
2022,2022-08-20,661610,4705.0,596740,1.0
2022,2022-08-20,662879,19.0,484499,1.0
2022,2022-08-20,663291,15.0,427362,1.0
2022,2022-08-20,662180,2680.0,427366,1.0
2022,2022-08-20,662561,22.0,484183,1.0
2022,2022-08-21,662300,31.0,427013,1.0
2022,2022-08-21,661602,2681.0,427533,1.0
2022,2022-08-21,661480,4705.0,623949,1.0
2022,2022-08-21,661239,3313.0,427164,1.0
2022,2022-08-21,662805,2394.0,605671,1.0
2022,2022-08-21,661860,12.0,521251,1.0
2022,2022-08-21,661652,3312.0,427129,1.0
2022,2022-08-21,663115,17.0,489985,1.0
2022,2022-08-21,662878,19.0,554242,1.0
2022,2022-08-21,662315,10.0,427139,1.0
2022,2022-08-21,662179,2680.0,521051,1.0
2022,2022-08-21,663301,15.0,427044,1.0
2022,2022-08-21,662600,22.0,483564,1.0
2022,2022-08-21,661051,2735.0,504381,1.0
2022,2022-09-15,662974,5.0,484198,1.0
2022,2022-08-22,662767,7.0,427292,1.0
2022,2022-08-22,661601,2681.0,427248,1.0
2022,2022-08-22,662394,31.0,427537,1.0
2022,2022-08-22,661238,3313.0,483561,1.0
2022,2022-08-22,661859,12.0,427520,1.0
2022,2022-08-22,661658,3312.0,623946,1.0
2022,2022-08-22,663114,17.0,623938,1.0
2022,2022-08-22,662314,10.0,427197,1.0
2022,2022-08-22,662594,22.0,503502,1.0
2022,2022-08-23,663163,17.0,483912,1.0
2022,2022-08-23,663113,17.0,575629,1.0
2022,2022-08-23,661600,2681.0,644760,1.0
2022,2022-08-23,662383,31.0,639723,1.0
2022,2022-08-23,663461,2.0,428442,1.0
2022,2022-08-23,661237,3313.0,427315,1.0
2022,2022-08-23,662914,2394.0,573596,1.0
2022,2022-08-23,661858,12.0,503493,1.0
2022,2022-08-23,663174,3.0,503586,1.0
2022,2022-08-23,662668,7.0,547380,1.0
2022,2022-08-23,662800,2392.0,427128,1.0
2022,2022-08-23,662876,19.0,427344,1.0
2022,2022-08-23,662213,2680.0,521889,1.0
2022,2022-08-23,662339,10.0,490319,1.0
2022,2022-08-23,662142,680.0,427093,1.0
2022,2022-08-23,662605,22.0,483630,1.0
2022,2022-08-24,662371,31.0,605673,1.0
2022,2022-08-24,662916,2394.0,427144,1.0
2022,2022-08-24,662877,19.0,427286,1.0
2022,2022-08-24,662338,10.0,605674,1.0
2022,2022-08-24,662212,2680.0,427362,1.0
2022,2022-08-24,662144,680.0,483919,1.0
2022,2022-08-24,661605,2681.0,482631,1.0
2022,2022-08-24,663460,2.0,427554,1.0
2022,2022-08-24,661857,12.0,573769,1.0
2022,2022-08-24,663173,3.0,427113,1.0
2022,2022-08-24,663216,17.0,596805,1.0
2022,2022-08-24,662640,7.0,482620,1.0
2022,2022-08-24,662799,2392.0,429805,1.0
2022,2022-08-24,662604,22.0,482641,1.0
2022,2022-08-25,661856,12.0,482663,1.0
2022,2022-08-25,663240,17.0,427424,1.0
2022,2022-08-25,662141,680.0,594151,1.0
2022,2022-08-25,661604,2681.0,521251,1.0
2022,2022-08-25,663459,2.0,482666,1.0
2022,2022-08-25,662433,3289.0,489985,1.0
2022,2022-08-25,663172,3.0,431232,1.0
2022,2022-08-25,662711,2392.0,545402,1.0
2022,2022-08-25,662337,10.0,427243,1.0
2022,2022-08-26,661355,4169.0,427220,1.0
2022,2022-08-26,662469,3309.0,427520,1.0
2022,2022-08-26,661603,2681.0,427129,1.0
2022,2022-08-26,661704,14.0,483912,1.0
2022,2022-08-26,662432,3289.0,427537,1.0
2022,2022-08-26,663171,3.0,577468,1.0
2022,2022-08-26,661786,5325.0,504381,1.0
2022,2022-08-26,662710,2392.0,608093,1.0
2022,2022-08-26,662667,7.0,521051,1.0
2022,2022-08-26,661669,3312.0,554242,1.0
2022,2022-08-26,661445,4.0,427053,1.0
2022,2022-08-26,661189,32.0,427044,1.0
2022,2022-08-26,661940,2889.0,427248,1.0
2022,2022-08-26,662342,10.0,503502,1.0
2022,2022-08-26,662143,680.0,605670,1.0
2022,2022-08-27,661703,14.0,575629,1.0
2022,2022-08-27,663170,3.0,427139,1.0
2022,2022-08-27,661599,2681.0,623946,1.0
2022,2022-08-27,661354,4169.0,428442,1.0
2022,2022-08-27,662468,3309.0,503493,1.0
2022,2022-08-27,661785,5325.0,427128,1.0
2022,2022-08-27,661090,2392.0,483564,1.0
2022,2022-08-27,662442,3289.0,639723,1.0
2022,2022-08-27,662666,7.0,503586,1.0
2022,2022-08-27,661444,4.0,596809,1.0
2022,2022-08-27,661180,32.0,484499,1.0
2022,2022-08-27,661657,3312.0,427292,1.0
2022,2022-08-27,661939,2889.0,644760,1.0
2022,2022-08-27,662336,10.0,483630,1.0
2022,2022-08-27,662140,680.0,483561,1.0
2022,2022-08-28,661353,4169.0,427554,1.0
2022,2022-08-28,662467,3309.0,573769,1.0
2022,2022-08-28,663211,3.0,427344,1.0
2022,2022-08-28,661598,2681.0,573596,1.0
2022,2022-08-28,661773,14.0,596805,1.0
2022,2022-08-28,662446,3289.0,503077,1.0
2022,2022-08-28,661089,2392.0,427093,1.0
2022,2022-08-28,662638,7.0,427113,1.0
2022,2022-08-28,661663,3312.0,547380,1.0
2022,2022-08-28,661443,4.0,427197,1.0
2022,2022-08-28,661168,32.0,521889,1.0
2022,2022-08-28,661784,5325.0,429805,1.0
2022,2022-08-28,662335,10.0,482641,1.0
2022,2022-08-28,662139,680.0,427315,1.0
2022,2022-08-28,661950,2889.0,482631,1.0
2022,2022-08-29,663018,2602.0,483919,1.0
2022,2022-08-29,661352,4169.0,482666,1.0
2022,2022-08-29,661801,14.0,427366,1.0
2022,2022-08-29,661651,3312.0,427339,1.0
2022,2022-08-29,661167,32.0,605674,1.0
2022,2022-08-29,663424,1.0,511890,1.0
2022,2022-08-29,663332,15.0,594151,1.0
2022,2022-08-29,662001,2395.0,427243,1.0
2022,2022-08-30,662973,5.0,489985,1.0
2022,2022-08-30,663137,2602.0,608093,1.0
2022,2022-08-30,661351,4169.0,427424,1.0
2022,2022-08-30,662466,3309.0,605672,1.0
2022,2022-08-30,661800,14.0,431232,1.0
2022,2022-08-30,662426,3289.0,427019,1.0
2022,2022-08-30,662804,2394.0,503490,1.0
2022,2022-08-30,661479,4705.0,427362,1.0
2022,2022-08-30,661648,3312.0,483569,1.0
2022,2022-08-30,661832,5325.0,427220,1.0
2022,2022-08-30,661442,4.0,427286,1.0
2022,2022-08-30,661166,32.0,490319,1.0
2022,2022-08-30,663437,1.0,484198,1.0
2022,2022-08-30,663286,15.0,605670,1.0
2022,2022-08-30,662000,2395.0,503502,1.0
2022,2022-08-31,661831,5325.0,428442,1.0
2022,2022-08-31,661165,32.0,427053,1.0
2022,2022-08-31,662033,2395.0,482641,1.0
2022,2022-08-31,662972,5.0,427299,1.0
2022,2022-08-31,662995,2602.0,483564,1.0
2022,2022-08-31,661350,4169.0,483912,1.0
2022,2022-08-31,662465,3309.0,482620,1.0
2022,2022-08-31,661779,14.0,521051,1.0
2022,2022-08-31,662447,3289.0,598411,1.0
2022,2022-08-31,662903,2394.0,573597,1.0
2022,2022-08-31,661478,4705.0,427044,1.0
2022,2022-08-31,661649,3312.0,644760,1.0
2022,2022-08-31,661441,4.0,577468,1.0
2022,2022-08-31,663410,1.0,596809,1.0
2022,2022-08-31,663312,15.0,483561,1.0
2022,2022-09-01,662785,2394.0,427164,1.0
2022,2022-09-01,661440,4.0,427344,1.0
2022,2022-09-01,662491,3309.0,427292,1.0
2022,2022-09-01,662410,3289.0,544728,1.0
2022,2022-09-01,662971,5.0,639723,1.0
2022,2022-09-01,663210,3.0,503586,1.0
2022,2022-09-01,661477,4705.0,484499,1.0
2022,2022-09-01,663290,15.0,573769,1.0
2022,2022-09-02,662356,31.0,482631,1.0
2022,2022-09-02,663133,2602.0,575629,1.0
2022,2022-09-02,663356,2.0,427139,1.0
2022,2022-09-02,662915,2394.0,503077,1.0
2022,2022-09-02,662409,3289.0,521889,1.0
2022,2022-09-02,662961,5.0,427554,1.0
2022,2022-09-02,663212,3.0,427366,1.0
2022,2022-09-02,661855,12.0,596740,1.0
2022,2022-09-02,661476,4705.0,484183,1.0
2022,2022-09-02,661439,4.0,623949,1.0
2022,2022-09-02,661920,2889.0,483630,1.0
2022,2022-09-02,663428,1.0,427197,1.0
2022,2022-09-02,663285,15.0,511890,1.0
2022,2022-09-02,662603,22.0,427315,1.0
2022,2022-09-02,662032,2395.0,554242,1.0
2022,2022-09-03,662031,2395.0,503490,1.0
2022,2022-09-03,663214,3.0,431232,1.0
2022,2022-09-03,662803,2394.0,489985,1.0
2022,2022-09-03,661854,12.0,427339,1.0
2022,2022-09-03,662286,31.0,427019,1.0
2022,2022-09-03,663355,2.0,427286,1.0
2022,2022-09-03,662425,3289.0,427362,1.0
2022,2022-09-03,662963,5.0,482666,1.0
2022,2022-09-03,661928,2889.0,503502,1.0
2022,2022-09-03,661438,4.0,605672,1.0
2022,2022-09-03,661475,4705.0,483919,1.0
2022,2022-09-03,663321,15.0,484198,1.0
2022,2022-09-03,663436,1.0,605674,1.0
2022,2022-09-03,662597,22.0,594151,1.0
2022,2022-09-04,663108,2602.0,596805,1.0
2022,2022-09-04,662299,31.0,598411,1.0
2022,2022-09-04,663107,2602.0,503493,1.0
2022,2022-09-04,663354,2.0,577468,1.0
2022,2022-09-04,663213,3.0,521051,1.0
2022,2022-09-04,661474,4705.0,608093,1.0
2022,2022-09-04,662786,2394.0,427299,1.0
2022,2022-09-04,662424,3289.0,427044,1.0
2022,2022-09-04,661853,12.0,483569,1.0
2022,2022-09-04,661437,4.0,482620,1.0
2022,2022-09-04,661927,2889.0,427533,1.0
2022,2022-09-04,662962,5.0,427220,1.0
2022,2022-09-04,662030,2395.0,573597,1.0
2022,2022-09-04,663435,1.0,490319,1.0
2022,2022-09-04,663311,15.0,596809,1.0
2022,2022-09-04,662599,22.0,605670,1.0
2022,2022-09-05,663353,2.0,484499,1.0
2022,2022-09-05,661236,3313.0,482663,1.0
2022,2022-09-05,661852,12.0,544728,1.0
2022,2022-09-05,662860,19.0,427164,1.0
2022,2022-09-05,661926,2889.0,639723,1.0
2022,2022-09-05,662211,2680.0,427197,1.0
2022,2022-09-05,662121,680.0,573769,1.0
2022,2022-09-05,661088,2392.0,521251,1.0
2022,2022-09-05,662646,7.0,482641,1.0
2022,2022-09-05,663434,1.0,427144,1.0
2022,2022-09-05,662602,22.0,644760,1.0
2022,2022-09-07,662283,31.0,484183,1.0
2022,2022-09-06,662282,31.0,575629,1.0
2022,2022-09-06,662043,12.0,427013,1.0
2022,2022-09-06,661597,2681.0,428442,1.0
2022,2022-09-06,663458,2.0,427362,1.0
2022,2022-09-06,663242,17.0,547380,1.0
2022,2022-09-06,661925,2889.0,427537,1.0
2022,2022-09-06,662644,7.0,503077,1.0
2022,2022-09-06,661087,2392.0,427248,1.0
2022,2022-09-06,662859,19.0,554242,1.0
2022,2022-09-06,663407,1.0,427129,1.0
2022,2022-09-06,662205,2680.0,483919,1.0
2022,2022-09-06,662313,10.0,483561,1.0
2022,2022-09-06,662138,680.0,511890,1.0
2022,2022-09-06,662601,22.0,427128,1.0
2022,2022-09-07,661235,3313.0,605673,1.0
2022,2022-09-07,662285,31.0,596805,1.0
2022,2022-09-07,661251,3313.0,503493,1.0
2022,2022-09-07,662871,19.0,503490,1.0
2022,2022-09-07,662312,10.0,427315,1.0
2022,2022-09-07,663409,1.0,573596,1.0
2022,2022-09-07,662582,22.0,429805,1.0
2022,2022-09-07,662137,680.0,484198,1.0
2022,2022-09-07,662065,12.0,482631,1.0
2022,2022-09-07,661596,2681.0,482608,1.0
2022,2022-09-07,663457,2.0,623946,1.0
2022,2022-09-07,663168,17.0,623949,1.0
2022,2022-09-07,661924,2889.0,489985,1.0
2022,2022-09-07,662643,7.0,521051,1.0
2022,2022-09-07,661086,2392.0,608093,1.0
2022,2022-09-07,662216,2680.0,605674,1.0
2022,2022-09-08,661923,2889.0,427299,1.0
2022,2022-09-08,663241,17.0,607886,1.0
2022,2022-09-08,661219,32.0,484499,1.0
2022,2022-09-08,661233,32.0,521889,1.0
2022,2022-09-08,661595,2681.0,482666,1.0
2022,2022-09-08,661252,3313.0,427520,1.0
2022,2022-09-08,662334,10.0,573597,1.0
2022,2022-09-09,663217,17.0,427533,1.0
2022,2022-09-09,662284,31.0,482620,1.0
2022,2022-09-09,661337,4169.0,431232,1.0
2022,2022-09-09,663456,2.0,483630,1.0
2022,2022-09-09,661594,2681.0,482663,1.0
2022,2022-09-09,661234,3313.0,427113,1.0
2022,2022-09-09,661830,5325.0,504381,1.0
2022,2022-09-09,661085,2392.0,594151,1.0
2022,2022-09-09,662637,7.0,490319,1.0
2022,2022-09-09,661650,3312.0,427019,1.0
2022,2022-09-09,661185,32.0,608158,1.0
2022,2022-09-09,662870,19.0,503077,1.0
2022,2022-09-09,661850,2680.0,427554,1.0
2022,2022-09-09,662136,680.0,623938,1.0
2022,2022-09-09,662333,10.0,427164,1.0
2022,2022-09-10,661282,3313.0,427093,1.0
2022,2022-09-10,663127,17.0,573769,1.0
2022,2022-09-10,662322,10.0,554242,1.0
2022,2022-09-10,662636,7.0,427197,1.0
2022,2022-09-10,663455,2.0,428442,1.0
2022,2022-09-10,661593,2681.0,503493,1.0
2022,2022-09-10,661323,4169.0,575629,1.0
2022,2022-09-10,661841,5325.0,644760,1.0
2022,2022-09-10,661084,2392.0,605670,1.0
2022,2022-09-10,661665,3312.0,544728,1.0
2022,2022-09-10,661175,32.0,427362,1.0
2022,2022-09-10,662265,31.0,547380,1.0
2022,2022-09-10,662869,19.0,427537,1.0
2022,2022-09-10,661849,2680.0,521251,1.0
2022,2022-09-10,662088,680.0,427144,1.0
2022,2022-09-11,663264,2.0,598411,1.0
2022,2022-09-11,661592,2681.0,605673,1.0
2022,2022-09-11,662325,31.0,623949,1.0
2022,2022-09-11,661232,3313.0,503502,1.0
2022,2022-09-11,661322,4169.0,427220,1.0
2022,2022-09-11,661083,2392.0,483561,1.0
2022,2022-09-11,662635,7.0,605674,1.0
2022,2022-09-11,661647,3312.0,605671,1.0
2022,2022-09-11,661176,32.0,623946,1.0
2022,2022-09-11,661839,5325.0,427128,1.0
2022,2022-09-11,662868,19.0,489985,1.0
2022,2022-09-11,662323,10.0,503490,1.0
2022,2022-09-11,661848,2680.0,427248,1.0
2022,2022-09-11,662120,680.0,427129,1.0
2022,2022-09-11,663130,17.0,511890,1.0
2022,2022-09-12,661420,4169.0,596805,1.0
2022,2022-09-12,661419,4169.0,483912,1.0
2022,2022-09-12,662970,5.0,427292,1.0
2022,2022-09-12,662782,2394.0,484183,1.0
2022,2022-09-12,663085,2602.0,427520,1.0
2022,2022-09-12,661799,14.0,639723,1.0
2022,2022-09-12,662423,3289.0,427366,1.0
2022,2022-09-12,663324,15.0,596740,1.0
2022,2022-09-12,662029,2395.0,427344,1.0
2022,2022-09-13,663158,2602.0,503493,1.0
2022,2022-09-13,663106,2602.0,482663,1.0
2022,2022-09-13,661840,14.0,594151,1.0
2022,2022-09-13,661798,14.0,605670,1.0
2022,2022-09-13,662965,5.0,483630,1.0
2022,2022-09-13,662787,2394.0,483919,1.0
2022,2022-09-13,661320,4169.0,427044,1.0
2022,2022-09-13,662464,3309.0,504381,1.0
2022,2022-09-13,662430,3289.0,427113,1.0
2022,2022-09-13,663160,3.0,427533,1.0
2022,2022-09-13,661645,3312.0,482608,1.0
2022,2022-09-13,661922,2889.0,573596,1.0
2022,2022-09-13,661838,5325.0,431232,1.0
2022,2022-09-13,661436,4.0,427053,1.0
2022,2022-09-13,663323,15.0,545402,1.0
2022,2022-09-13,662119,680.0,573597,1.0
2022,2022-09-13,662028,2395.0,427139,1.0
2022,2022-09-14,663006,2602.0,605673,1.0
2022,2022-09-14,662969,5.0,547380,1.0
2022,2022-09-14,662792,2394.0,427093,1.0
2022,2022-09-14,661435,4.0,608158,1.0
2022,2022-09-14,662027,2395.0,427286,1.0
2022,2022-09-14,662118,680.0,427164,1.0
2022,2022-09-14,661336,4169.0,484499,1.0
2022,2022-09-14,662463,3309.0,429805,1.0
2022,2022-09-14,661770,14.0,483561,1.0
2022,2022-09-14,662422,3289.0,427537,1.0
2022,2022-09-14,663159,3.0,521051,1.0
2022,2022-09-14,661646,3312.0,608093,1.0
2022,2022-09-14,661921,2889.0,623938,1.0
2022,2022-09-14,661829,5325.0,575629,1.0
2022,2022-09-14,663322,15.0,483569,1.0
2022,2022-09-15,661822,14.0,427315,1.0
2022,2022-09-15,661321,4169.0,427362,1.0
2022,2022-09-15,662709,2392.0,490319,1.0
2022,2022-09-15,662398,3289.0,598411,1.0
2022,2022-09-15,661644,3312.0,521251,1.0
2022,2022-09-15,661919,2889.0,605674,1.0
2022,2022-09-15,663284,15.0,577468,1.0
2022,2022-09-16,663126,17.0,427144,1.0
2022,2022-09-16,662490,3309.0,427248,1.0
2022,2022-09-16,661776,14.0,605672,1.0
2022,2022-09-16,663209,3.0,594151,1.0
2022,2022-09-16,662404,3289.0,484183,1.0
2022,2022-09-16,662064,12.0,623946,1.0
2022,2022-09-16,662959,5.0,644760,1.0
2022,2022-09-16,662781,2394.0,482663,1.0
2022,2022-09-16,661473,4705.0,596809,1.0
2022,2022-09-16,662740,2392.0,427197,1.0
2022,2022-09-16,661164,32.0,554242,1.0
2022,2022-09-16,661953,2889.0,605671,1.0
2022,2022-09-16,663427,1.0,427339,1.0
2022,2022-09-16,663283,15.0,427344,1.0
2022,2022-09-16,662026,2395.0,596805,1.0
2022,2022-09-17,663141,5.0,504381,1.0
2022,2022-09-17,662958,5.0,427128,1.0
2022,2022-09-17,661952,2889.0,431232,1.0
2022,2022-09-17,663129,17.0,427129,1.0
2022,2022-09-17,661769,14.0,511890,1.0
2022,2022-09-17,662462,3309.0,482608,1.0
2022,2022-09-17,663208,3.0,605670,1.0
2022,2022-09-17,662015,12.0,427044,1.0
2022,2022-09-17,662784,2394.0,503493,1.0
2022,2022-09-17,662823,2392.0,427053,1.0
2022,2022-09-17,662403,3289.0,483919,1.0
2022,2022-09-17,661163,32.0,503490,1.0
2022,2022-09-17,661472,4705.0,483630,1.0
2022,2022-09-17,663289,15.0,427139,1.0
2022,2022-09-17,662024,2395.0,503586,1.0
2022,2022-09-17,663426,1.0,639723,1.0
2022,2022-09-18,662783,2394.0,605673,1.0
2022,2022-09-18,661994,12.0,484499,1.0
2022,2022-09-18,663207,3.0,483561,1.0
2022,2022-09-18,661471,4705.0,547380,1.0
2022,2022-09-18,662461,3309.0,608093,1.0
2022,2022-09-18,661780,14.0,427533,1.0
2022,2022-09-18,662402,3289.0,427093,1.0
2022,2022-09-18,662968,5.0,429805,1.0
2022,2022-09-18,662822,2392.0,608158,1.0
2022,2022-09-18,661162,32.0,573597,1.0
2022,2022-09-18,661930,2889.0,427113,1.0
2022,2022-09-18,663112,17.0,573596,1.0
2022,2022-09-18,663425,1.0,596740,1.0
2022,2022-09-18,663287,15.0,623945,1.0
2022,2022-09-18,662025,2395.0,483912,1.0
2022,2022-09-19,663044,5.0,598411,1.0
2022,2022-09-19,663423,1.0,483569,1.0
2022,2022-09-19,662013,12.0,605674,1.0
2022,2022-09-19,661299,4169.0,427286,1.0
2022,2022-09-19,663263,2.0,482641,1.0
2022,2022-09-19,661470,4705.0,427243,1.0
2022,2022-09-19,661161,32.0,427315,1.0
2022,2022-09-19,662886,19.0,482631,1.0
2022,2022-09-19,662622,22.0,644760,1.0
2022,2022-09-20,662621,22.0,482666,1.0
2022,2022-09-20,662607,22.0,427220,1.0
2022,2022-09-20,663104,2602.0,484183,1.0
2022,2022-09-20,662012,12.0,427366,1.0
2022,2022-09-20,661298,4169.0,623949,1.0
2022,2022-09-20,661591,2681.0,490319,1.0
2022,2022-09-20,663262,2.0,554242,1.0
2022,2022-09-20,661229,3313.0,483564,1.0
2022,2022-09-20,661469,4705.0,503502,1.0
2022,2022-09-20,661159,32.0,594151,1.0
2022,2022-09-20,661837,5325.0,577468,1.0
2022,2022-09-20,662634,7.0,623946,1.0
2022,2022-09-20,661434,4.0,575629,1.0
2022,2022-09-20,662867,19.0,427019,1.0
2022,2022-09-20,662321,10.0,623938,1.0
2022,2022-09-20,662204,2680.0,427339,1.0
2022,2022-09-21,661468,4705.0,521051,1.0
2022,2022-09-21,661158,32.0,605670,1.0
2022,2022-09-21,661070,2602.0,483919,1.0
2022,2022-09-21,662011,12.0,431232,1.0
2022,2022-09-21,661297,4169.0,482620,1.0
2022,2022-09-21,661588,2681.0,427197,1.0
2022,2022-09-21,663261,2.0,503490,1.0
2022,2022-09-21,661228,3313.0,503077,1.0
2022,2022-09-21,661783,5325.0,427344,1.0
2022,2022-09-21,662633,7.0,427044,1.0
2022,2022-09-21,661433,4.0,503586,1.0
2022,2022-09-21,662899,19.0,427013,1.0
2022,2022-09-21,662320,10.0,427144,1.0
2022,2022-09-21,662203,2680.0,639723,1.0
2022,2022-09-21,662606,22.0,428442,1.0
2022,2022-09-22,661806,5325.0,427139,1.0
2022,2022-09-22,662632,7.0,521889,1.0
2022,2022-09-22,662898,19.0,544728,1.0
2022,2022-09-22,662306,10.0,427129,1.0
2022,2022-09-22,662202,2680.0,596740,1.0
2022,2022-09-22,662264,31.0,427113,1.0
2022,2022-09-22,662041,12.0,427093,1.0
2022,2022-09-22,661069,2602.0,427053,1.0
2022,2022-09-22,663260,2.0,483561,1.0
2022,2022-09-22,661609,2681.0,427164,1.0
2022,2022-09-22,661243,3313.0,547380,1.0
2022,2022-09-22,661432,4.0,483912,1.0
2022,2022-09-22,662586,22.0,427554,1.0
2022,2022-09-23,662263,31.0,605674,1.0
2022,2022-09-23,661296,4169.0,598411,1.0
2022,2022-09-23,661068,2602.0,596809,1.0
2022,2022-09-23,663259,2.0,427315,1.0
2022,2022-09-23,661587,2681.0,573597,1.0
2022,2022-09-23,661222,3313.0,427286,1.0
2022,2022-09-23,662040,12.0,427206,1.0
2022,2022-09-23,661807,5325.0,573596,1.0
2022,2022-09-23,662897,19.0,429805,1.0
2022,2022-09-23,662642,7.0,483630,1.0
2022,2022-09-23,661668,3312.0,427537,1.0
2022,2022-09-23,661431,4.0,484499,1.0
2022,2022-09-23,662305,10.0,482666,1.0
2022,2022-09-23,663282,15.0,483569,1.0
2022,2022-09-23,662585,22.0,482631,1.0
2022,2022-09-24,661221,3313.0,623949,1.0
2022,2022-09-24,661586,2681.0,554242,1.0
2022,2022-09-24,662311,10.0,427220,1.0
2022,2022-09-24,662039,12.0,484183,1.0
2022,2022-09-24,661295,4169.0,577468,1.0
2022,2022-09-24,662249,31.0,427366,1.0
2022,2022-09-24,661067,2602.0,490319,1.0
2022,2022-09-24,663258,2.0,594151,1.0
2022,2022-09-24,661805,5325.0,623938,1.0
2022,2022-09-24,662641,7.0,427243,1.0
2022,2022-09-24,661656,3312.0,489985,1.0
2022,2022-09-24,661430,4.0,623946,1.0
2022,2022-09-24,662866,19.0,575629,1.0
2022,2022-09-24,663281,15.0,427339,1.0
2022,2022-09-24,662584,22.0,427019,1.0
2022,2022-09-25,663454,2.0,605670,1.0
2022,2022-09-25,661585,2681.0,503490,1.0
2022,2022-09-25,662063,12.0,483919,1.0
2022,2022-09-25,662243,31.0,431232,1.0
2022,2022-09-25,661294,4169.0,427344,1.0
2022,2022-09-25,661066,2602.0,427197,1.0
2022,2022-09-25,662631,7.0,482641,1.0
2022,2022-09-25,661667,3312.0,483564,1.0
2022,2022-09-25,661429,4.0,427044,1.0
2022,2022-09-25,661828,5325.0,427144,1.0
2022,2022-09-25,662865,19.0,503586,1.0
2022,2022-09-25,663280,15.0,639723,1.0
2022,2022-09-25,662310,10.0,428442,1.0
2022,2022-09-25,662598,22.0,427013,1.0
2022,2022-09-25,661220,3313.0,482620,1.0
2022,2022-09-26,662242,31.0,573596,1.0
2022,2022-09-26,662460,3309.0,503077,1.0
2022,2022-09-26,661768,14.0,427113,1.0
2022,2022-09-26,663250,3.0,596805,1.0
2022,2022-09-27,662955,5.0,427053,1.0
2022,2022-09-27,662241,31.0,623938,1.0
2022,2022-09-27,662774,2394.0,605672,1.0
2022,2022-09-27,662489,3309.0,427537,1.0
2022,2022-09-27,661778,14.0,605674,1.0
2022,2022-09-27,663206,3.0,573597,1.0
2022,2022-09-27,662401,3289.0,503502,1.0
2022,2022-09-27,663128,17.0,544728,1.0
2022,2022-09-27,661666,3312.0,596740,1.0
2022,2022-09-27,661155,32.0,427554,1.0
2022,2022-09-27,662821,2392.0,521051,1.0
2022,2022-09-27,663422,1.0,427362,1.0
2022,2022-09-27,662210,2680.0,503493,1.0
2022,2022-09-27,662117,680.0,644760,1.0
2022,2022-09-27,662046,2395.0,521251,1.0
2022,2022-09-28,662240,31.0,623945,1.0
2022,2022-09-28,662967,5.0,596809,1.0
2022,2022-09-28,662773,2394.0,427129,1.0
2022,2022-09-28,661099,3309.0,489985,1.0
2022,2022-09-28,661737,14.0,427366,1.0
2022,2022-09-28,663181,3.0,575629,1.0
2022,2022-09-28,662400,3289.0,483630,1.0
2022,2022-09-28,663098,17.0,482631,1.0
2022,2022-09-28,661133,3312.0,483569,1.0
2022,2022-09-28,661154,32.0,482666,1.0
2022,2022-09-28,662820,2392.0,484198,1.0
2022,2022-09-28,663421,1.0,521889,1.0
2022,2022-09-28,662214,2680.0,482663,1.0
2022,2022-09-28,661112,680.0,427128,1.0
2022,2022-09-28,662045,2395.0,427248,1.0
2022,2022-09-29,662772,2394.0,623949,1.0
2022,2022-09-29,661132,3312.0,427339,1.0
2022,2022-09-29,663180,3.0,483912,1.0
2022,2022-09-29,663110,17.0,427019,1.0
2022,2022-09-29,662932,5.0,605670,1.0
2022,2022-09-29,661156,32.0,427206,1.0
2022,2022-09-29,663420,1.0,623946,1.0
2022,2022-09-29,662209,2680.0,554242,1.0
2022,2022-09-29,661128,680.0,504381,1.0
2022,2022-09-29,662050,2395.0,482608,1.0
2022,2022-09-30,661097,3309.0,427243,1.0
2022,2022-09-30,663099,17.0,639723,1.0
2022,2022-09-30,661218,3313.0,490319,1.0
2022,2022-09-30,661751,14.0,427164,1.0
2022,2022-09-30,662940,5.0,431232,1.0
2022,2022-09-30,662771,2394.0,596805,1.0
2022,2022-09-30,661467,4705.0,544728,1.0
2022,2022-09-30,662819,2392.0,427220,1.0
2022,2022-09-30,661157,32.0,503077,1.0
2022,2022-09-30,661958,2889.0,482620,1.0
2022,2022-09-30,663406,1.0,486200,1.0
2022,2022-09-30,661111,680.0,427520,1.0
2022,2022-09-30,662208,2680.0,427013,1.0
2022,2022-09-30,662596,22.0,511890,1.0
2022,2022-09-30,662049,2395.0,427044,1.0
2022,2022-10-01,661098,3309.0,503502,1.0
2022,2022-10-01,662572,3309.0,482641,1.0
2022,2022-10-01,661217,3313.0,427053,1.0
2022,2022-10-01,663167,17.0,596740,1.0
2022,2022-10-01,661736,14.0,573596,1.0
2022,2022-10-01,662023,2395.0,427362,1.0
2022,2022-10-01,661110,680.0,503493,1.0
2022,2022-10-01,662939,5.0,503586,1.0
2022,2022-10-01,662770,2394.0,605671,1.0
2022,2022-10-01,661152,32.0,427537,1.0
2022,2022-10-01,661956,2889.0,605672,1.0
2022,2022-10-01,662818,2392.0,428442,1.0
2022,2022-10-01,661466,4705.0,427129,1.0
2022,2022-10-01,662207,2680.0,644760,1.0
2022,2022-10-01,663405,1.0,521251,1.0
2022,2022-10-01,662595,22.0,427533,1.0
2022,2022-10-02,662769,2394.0,575629,1.0
2022,2022-10-02,661096,3309.0,483630,1.0
2022,2022-10-02,661215,3313.0,596809,1.0
2022,2022-10-02,661735,14.0,623938,1.0
2022,2022-10-02,662938,5.0,605674,1.0
2022,2022-10-02,662825,2392.0,427554,1.0
2022,2022-10-02,661153,32.0,489985,1.0
2022,2022-10-02,661954,2889.0,622329,1.0
2022,2022-10-02,663097,17.0,483569,1.0
2022,2022-10-02,662022,2395.0,521889,1.0
2022,2022-10-02,663419,1.0,427248,1.0
2022,2022-10-02,662581,22.0,521051,1.0
2022,2022-10-02,662087,680.0,482663,1.0
2022,2022-10-02,662190,2680.0,427128,1.0
2022,2022-10-02,661465,4705.0,482631,1.0
2022,2022-10-03,663105,5.0,427019,1.0
2022,2022-10-03,662309,31.0,427339,1.0
2022,2022-10-03,663096,2602.0,605673,1.0
2022,2022-10-03,661424,4169.0,484499,1.0
2022,2022-10-03,663273,2.0,427139,1.0
2022,2022-10-03,662044,5325.0,427164,1.0
2022,2022-10-03,663453,3.0,427113,1.0
2022,2022-10-03,661213,32.0,429805,1.0
2022,2022-10-03,662777,2392.0,427520,1.0
2022,2022-10-03,661464,4.0,483561,1.0
2022,2022-10-03,662431,10.0,504381,1.0
2022,2022-10-03,662201,680.0,482608,1.0
2022,2022-10-03,662239,2680.0,484198,1.0
2022,2022-10-03,662629,22.0,623946,1.0
2022,2022-10-04,661095,3289.0,427220,1.0
2022,2022-10-04,662062,5325.0,573597,1.0
2022,2022-10-04,662010,5325.0,503490,1.0
2022,2022-10-04,661094,3289.0,482666,1.0
2022,2022-10-04,663077,5.0,544728,1.0
2022,2022-10-04,662200,680.0,427197,1.0
2022,2022-10-04,662199,680.0,521251,1.0
2022,2022-10-04,662319,31.0,639723,1.0
2022,2022-10-04,663243,2602.0,427093,1.0
2022,2022-10-04,661423,4169.0,490319,1.0
2022,2022-10-04,663452,3.0,431232,1.0
2022,2022-10-04,661223,32.0,483912,1.0
2022,2022-10-04,662768,2392.0,483564,1.0
2022,2022-10-04,661463,4.0,427315,1.0
2022,2022-10-04,662429,10.0,427013,1.0
2022,2022-10-04,662252,2680.0,511890,1.0
2022,2022-10-04,662624,22.0,427044,1.0
2022,2022-10-05,663272,2.0,427286,1.0
2022,2022-10-05,663451,2.0,427344,1.0
2022,2022-10-05,662421,10.0,644760,1.0
2022,2022-10-05,662304,31.0,596740,1.0
2022,2022-10-05,661996,5325.0,607886,1.0
2022,2022-10-05,663131,2602.0,605674,1.0
2022,2022-10-05,663095,5.0,605670,1.0
2022,2022-10-05,662488,3289.0,428442,1.0
2022,2022-10-05,662195,680.0,427248,1.0
2022,2022-10-05,662238,2680.0,427533,1.0
2022,2022-10-05,663352,3.0,503586,1.0
2022,2022-10-05,662789,2392.0,483919,1.0
2022,2022-10-05,661427,4.0,594151,1.0
2022,2022-10-05,661422,4169.0,427053,1.0
2022,2022-10-05,661227,32.0,484183,1.0
2022,2022-10-05,662623,22.0,427362,1.0
2022,2022-10-07,715770,5.0,427139,1.0
2022,2022-10-07,715764,2889.0,482666,1.0
2022,2022-10-07,715767,14.0,483561,1.0
2022,2022-10-07,715761,3289.0,482641,1.0
2022,2022-10-08,715769,5.0,503077,1.0
2022,2022-10-08,715766,14.0,429805,1.0
2022,2022-10-08,715760,3289.0,427197,1.0
2022,2022-10-08,715763,2889.0,483569,1.0
2022,2022-10-09,715759,3289.0,482620,1.0
2022,2022-10-11,715743,4705.0,482663,1.0
2022,2022-10-11,715758,2392.0,573596,1.0
2022,2022-10-11,715753,3313.0,490319,1.0
2022,2022-10-11,715748,22.0,503586,1.0
2022,2022-10-12,715742,4705.0,544728,1.0
2022,2022-10-12,715747,22.0,503490,1.0
2022,2022-10-13,715757,2392.0,596740,1.0
2022,2022-10-14,715752,3313.0,605672,1.0
2022,2022-10-14,715741,2681.0,427344,1.0
2022,2022-10-14,715746,2680.0,427053,1.0
2022,2022-10-15,715740,2681.0,521889,1.0
2022,2022-10-15,715756,680.0,427243,1.0
2022,2022-10-15,715751,5.0,427248,1.0
2022,2022-10-15,715745,2680.0,483630,1.0
2022,2022-10-16,715750,5.0,504381,1.0
2022,2022-10-18,715749,3313.0,484198,1.0
2022,2022-10-18,715731,2680.0,427286,1.0
2022,2022-10-19,715730,2680.0,483561,1.0
2022,2022-10-19,715738,2392.0,483912,1.0
2022,2022-10-20,715737,2392.0,482666,1.0
2022,2022-10-21,715729,2681.0,427019,1.0
2022,2022-10-22,715736,3313.0,427315,1.0
2022,2022-10-22,715728,2681.0,503077,1.0
2022,2022-10-23,715727,2681.0,511890,1.0
2022,2022-10-23,715735,3313.0,482641,1.0
2022,2022-10-28,715724,2392.0,428442,1.0
2022,2022-10-29,715723,2392.0,573596,1.0
2022,2022-11-01,715722,2681.0,427248,1.0
2022,2022-11-02,715721,2681.0,503586,1.0
2022,2022-11-03,715720,2681.0,490319,1.0
2022,2022-11-05,715719,2392.0,427013,1.0
2023,2023-03-30,718780,3309.0,483564,1.0
2023,2023-03-30,718781,3313.0,427113,1.0
2023,2023-03-30,718782,3.0,427013,1.0
2023,2023-03-30,718777,17.0,427292,1.0
2023,2023-03-30,718776,12.0,427299,1.0
2023,2023-03-30,718779,5325.0,427362,1.0
2023,2023-03-30,718773,2602.0,427533,1.0
2023,2023-03-30,718772,2889.0,427248,1.0
2023,2023-03-30,718775,7.0,429805,1.0
2023,2023-03-30,718774,4169.0,427520,1.0
2023,2023-03-30,718768,2392.0,427344,1.0
2023,2023-03-30,718778,2680.0,482620,1.0
2023,2023-03-30,718769,10.0,482641,1.0
2023,2023-03-30,718770,22.0,427243,1.0
2023,2023-03-30,718767,680.0,427053,1.0
2023,2023-03-31,718771,4169.0,427197,1.0
2023,2023-03-31,718764,2392.0,427128,1.0
2023,2023-03-31,718766,2680.0,427366,1.0
2023,2023-03-31,718765,22.0,427537,1.0
2023,2023-03-31,718763,680.0,490319,1.0
2023,2023-04-01,718760,2392.0,489985,1.0
2023,2023-04-01,718759,2889.0,482608,1.0
2023,2023-04-01,718758,17.0,484183,1.0
2023,2023-04-01,718752,5325.0,427044,1.0
2023,2023-04-01,718753,3309.0,427093,1.0
2023,2023-04-01,718762,3313.0,427164,1.0
2023,2023-04-01,718757,10.0,484499,1.0
2023,2023-04-01,718761,3.0,504381,1.0
2023,2023-04-01,718756,2602.0,427129,1.0
2023,2023-04-01,718754,12.0,483569,1.0
2023,2023-04-01,718751,7.0,427286,1.0
2023,2023-04-01,718755,4169.0,482663,1.0
2023,2023-04-01,718750,2680.0,573596,1.0
2023,2023-04-01,718749,22.0,483630,1.0
2023,2023-04-01,718746,680.0,503586,1.0
2023,2023-04-02,718742,12.0,521051,1.0
2023,2023-04-02,718748,3.0,596809,1.0
2023,2023-04-02,718743,3309.0,483919,1.0
2023,2023-04-02,718747,3313.0,623938,1.0
2023,2023-04-02,718744,2602.0,521889,1.0
2023,2023-04-02,718741,4169.0,554242,1.0
2023,2023-04-02,718745,7.0,605673,1.0
2023,2023-04-02,718740,2392.0,577468,1.0
2023,2023-04-02,718737,2889.0,573597,1.0
2023,2023-04-02,718738,17.0,547380,1.0
2023,2023-04-02,718734,10.0,511890,1.0
2023,2023-04-02,718736,22.0,503502,1.0
2023,2023-04-02,718733,2680.0,598411,1.0
2023,2023-04-02,718735,680.0,639723,1.0
2023,2023-04-02,718739,5325.0,503490,1.0
2023,2023-04-03,718731,32.0,484198,1.0
2023,2023-04-03,718730,4.0,428442,1.0
2023,2023-04-03,718728,2602.0,427344,1.0
2023,2023-04-03,718729,4169.0,482631,1.0
2023,2023-04-03,718732,3309.0,427520,1.0
2023,2023-04-03,718725,3313.0,427144,1.0
2023,2023-04-03,718724,3.0,644760,1.0
2023,2023-04-03,718719,7.0,503077,1.0
2023,2023-04-03,718727,2889.0,427413,1.0
2023,2023-04-03,718726,5325.0,427243,1.0
2023,2023-04-03,718723,2392.0,521251,1.0
2023,2023-04-03,718721,10.0,427315,1.0
2023,2023-04-03,718722,2680.0,596740,1.0
2023,2023-04-03,718720,680.0,605671,1.0
2023,2023-04-03,718718,22.0,427053,1.0
2023,2023-04-04,718717,2680.0,427292,1.0
2023,2023-04-04,718716,2602.0,427128,1.0
2023,2023-04-04,718714,4169.0,427113,1.0
2023,2023-04-04,718715,3309.0,427197,1.0
2023,2023-04-04,718710,3313.0,431232,1.0
2023,2023-04-04,718713,3.0,427248,1.0
2023,2023-04-04,718708,7.0,427299,1.0
2023,2023-04-04,718712,32.0,427554,1.0
2023,2023-04-04,718711,2889.0,608093,1.0
2023,2023-04-04,718709,5325.0,427537,1.0
2023,2023-04-04,718705,2392.0,427362,1.0
2023,2023-04-04,718707,10.0,427139,1.0
2023,2023-04-04,718706,680.0,427366,1.0
2023,2023-04-04,718703,22.0,490319,1.0
2023,2023-04-05,718704,3309.0,605670,1.0
2023,2023-04-05,718699,3313.0,544728,1.0
2023,2023-04-05,718701,4169.0,427164,1.0
2023,2023-04-05,718697,2889.0,429805,1.0
2023,2023-04-05,718702,3.0,482608,1.0
2023,2023-04-05,718698,32.0,483912,1.0
2023,2023-04-05,718694,5325.0,483630,1.0
2023,2023-04-05,718696,2392.0,427044,1.0
2023,2023-04-05,718695,4.0,482666,1.0
2023,2023-04-05,718689,10.0,483561,1.0
2023,2023-04-05,718691,680.0,573596,1.0
2023,2023-04-05,718692,7.0,483569,1.0
2023,2023-09-01,718700,2602.0,427164,1.0
2023,2023-04-06,718690,2394.0,554242,1.0
2023,2023-04-06,718686,7.0,484499,1.0
2023,2023-04-06,718687,4.0,596805,1.0
2023,2023-04-06,718682,19.0,484183,1.0
2023,2023-04-06,718681,4705.0,605672,1.0
2023,2023-04-06,718683,15.0,594151,1.0
2023,2023-04-07,718693,3289.0,503490,1.0
2023,2023-04-07,718685,2681.0,503493,1.0
2023,2023-04-07,718688,2.0,489985,1.0
2023,2023-04-07,718684,3312.0,503586,1.0
2023,2023-04-07,718675,17.0,598411,1.0
2023,2023-04-07,718677,5.0,608158,1.0
2023,2023-04-07,718679,31.0,605674,1.0
2023,2023-04-07,718680,2395.0,623949,1.0
2023,2023-04-07,718678,12.0,503502,1.0
2023,2023-04-07,718676,4705.0,427144,1.0
2023,2023-04-07,718674,32.0,503077,1.0
2023,2023-04-07,718673,19.0,547380,1.0
2023,2023-04-07,718670,1.0,427286,1.0
2023,2023-04-07,718671,15.0,427315,1.0
2023,2023-04-08,718666,3312.0,639723,1.0
2023,2023-04-08,718672,2395.0,644760,1.0
2023,2023-04-08,718669,17.0,605671,1.0
2023,2023-04-08,718668,2681.0,484198,1.0
2023,2023-04-08,718667,2394.0,427197,1.0
2023,2023-04-08,718665,12.0,427243,1.0
2023,2023-04-08,718661,3289.0,521251,1.0
2023,2023-04-08,718663,5.0,428442,1.0
2023,2023-04-08,718662,31.0,482631,1.0
2023,2023-04-08,718664,2.0,577468,1.0
2023,2023-04-08,718660,32.0,427299,1.0
2023,2023-04-08,718659,4705.0,431232,1.0
2023,2023-04-08,718656,15.0,427139,1.0
2023,2023-04-08,718658,19.0,596740,1.0
2023,2023-04-08,718657,1.0,427413,1.0
2023,2023-04-09,718652,2681.0,427554,1.0
2023,2023-04-09,718654,2394.0,482663,1.0
2023,2023-04-09,718655,12.0,427537,1.0
2023,2023-04-09,718653,31.0,427113,1.0
2023,2023-04-09,718651,2.0,427344,1.0
2023,2023-04-09,718646,5.0,482666,1.0
2023,2023-04-09,718647,3289.0,427362,1.0
2023,2023-04-09,718649,3312.0,427053,1.0
2023,2023-04-09,718650,32.0,483569,1.0
2023,2023-04-09,718642,17.0,427366,1.0
2023,2023-04-09,718645,19.0,427292,1.0
2023,2023-04-09,718643,2395.0,427248,1.0
2023,2023-04-09,718644,1.0,623945,1.0
2023,2023-04-09,718639,15.0,483561,1.0
2023,2023-04-09,718648,4705.0,544728,1.0
2023,2023-04-10,718640,3312.0,483912,1.0
2023,2023-04-10,718637,5.0,427520,1.0
2023,2023-04-10,718635,2.0,623946,1.0
2023,2023-04-10,718632,31.0,521051,1.0
2023,2023-04-10,718638,12.0,605672,1.0
2023,2023-04-10,718633,2681.0,596805,1.0
2023,2023-04-10,718634,3289.0,427013,1.0
2023,2023-04-10,718636,4705.0,483630,1.0
2023,2023-04-10,718628,17.0,608093,1.0
2023,2023-04-10,718630,5325.0,484183,1.0
2023,2023-04-10,718629,19.0,575629,1.0
2023,2023-04-10,718631,1.0,594151,1.0
2023,2023-04-10,718627,15.0,482608,1.0
2023,2023-04-10,718641,2395.0,429805,1.0
2023,2023-04-11,718626,5.0,554242,1.0
2023,2023-04-11,718618,2.0,427533,1.0
2023,2023-04-11,718623,31.0,503077,1.0
2023,2023-04-11,718625,12.0,427144,1.0
2023,2023-04-11,718619,2681.0,608158,1.0
2023,2023-04-11,718622,14.0,623938,1.0
2023,2023-04-11,718621,3289.0,504381,1.0
2023,2023-04-11,718620,4705.0,503502,1.0
2023,2023-04-11,718617,17.0,482641,1.0
2023,2023-04-11,718616,3312.0,503493,1.0
2023,2023-04-11,718615,5325.0,547380,1.0
2023,2023-04-11,718613,19.0,483564,1.0
2023,2023-04-11,718614,1.0,427315,1.0
2023,2023-04-11,718611,15.0,623949,1.0
2023,2023-04-11,718624,2395.0,427286,1.0
2023,2023-04-12,718608,31.0,427299,1.0
2023,2023-04-12,718610,3289.0,596809,1.0
2023,2023-04-12,718605,3312.0,484198,1.0
2023,2023-04-12,718604,5.0,427197,1.0
2023,2023-04-12,718606,17.0,484499,1.0
2023,2023-04-12,718607,19.0,427093,1.0
2023,2023-04-12,718598,15.0,573597,1.0
2023,2023-04-12,718609,2681.0,428442,1.0
2023,2023-04-12,718602,1.0,427139,1.0
2023,2023-04-12,718599,2.0,427129,1.0
2023,2023-04-12,718600,12.0,431232,1.0
2023,2023-04-12,718603,14.0,605674,1.0
2023,2023-04-12,718601,4705.0,427243,1.0
2023,2023-04-12,718595,5325.0,596740,1.0
2023,2023-04-12,718612,2395.0,605673,1.0
2023,2023-04-13,718596,2.0,521889,1.0
2023,2023-04-13,718594,12.0,544728,1.0
2023,2023-04-13,718597,2602.0,482663,1.0
2023,2023-04-13,718590,3313.0,482666,1.0
2023,2023-04-13,718593,14.0,482631,1.0
2023,2023-04-13,718591,2889.0,605670,1.0
2023,2023-04-13,718589,2680.0,483919,1.0
2023,2023-04-14,718585,2394.0,623946,1.0
2023,2023-04-14,718586,2602.0,554242,1.0
2023,2023-04-14,718584,4169.0,605672,1.0
2023,2023-04-14,718592,3309.0,427537,1.0
2023,2023-04-14,718588,3313.0,596805,1.0
2023,2023-04-14,718587,14.0,483561,1.0
2023,2023-04-14,718580,3.0,427292,1.0
2023,2023-04-14,718583,4.0,623945,1.0
2023,2023-04-14,718581,2392.0,427113,1.0
2023,2023-04-14,718579,7.0,511890,1.0
2023,2023-04-14,718582,2889.0,427013,1.0
2023,2023-04-14,718578,10.0,427248,1.0
2023,2023-04-14,718574,2680.0,575629,1.0
2023,2023-04-14,718575,22.0,427554,1.0
2023,2023-04-14,718577,680.0,521051,1.0
2023,2023-04-15,718572,3313.0,608158,1.0
2023,2023-04-15,718571,2394.0,427533,1.0
2023,2023-04-15,718570,4.0,429805,1.0
2023,2023-04-15,718568,2889.0,504381,1.0
2023,2023-04-15,718569,14.0,594151,1.0
2023,2023-04-15,718573,3309.0,483630,1.0
2023,2023-04-15,718560,2680.0,483564,1.0
2023,2023-04-15,718565,10.0,482608,1.0
2023,2023-04-15,718576,3.0,484183,1.0
2023,2023-04-15,718566,2602.0,573769,1.0
2023,2023-04-15,718563,7.0,608093,1.0
2023,2023-04-15,718567,4169.0,427144,1.0
2023,2023-04-15,718562,2392.0,623938,1.0
2023,2023-04-15,718564,22.0,483912,1.0
2023,2023-04-15,718561,680.0,503077,1.0
2023,2023-04-16,718559,3.0,547380,1.0
2023,2023-04-16,718555,3309.0,503502,1.0
2023,2023-04-16,718557,3313.0,428442,1.0
2023,2023-04-16,718556,14.0,427315,1.0
2023,2023-04-16,718554,2602.0,427197,1.0
2023,2023-04-16,718550,4169.0,431232,1.0
2023,2023-04-16,718551,7.0,482641,1.0
2023,2023-04-16,718553,4.0,427286,1.0
2023,2023-04-16,718548,2889.0,596809,1.0
2023,2023-04-16,718546,10.0,623949,1.0
2023,2023-04-16,718547,22.0,503493,1.0
2023,2023-04-16,718545,680.0,665576,1.0
2023,2023-04-16,718549,2680.0,427093,1.0
2023,2023-04-16,718552,2392.0,605674,1.0
2023,2023-07-24,718558,2394.0,605673,1.0
2023,2023-04-17,718540,3.0,596740,1.0
2023,2023-04-17,718542,2602.0,427164,1.0
2023,2023-04-17,718544,4169.0,427139,1.0
2023,2023-04-17,718539,7.0,427129,1.0
2023,2023-04-17,718538,2889.0,484499,1.0
2023,2023-04-17,718537,2392.0,573596,1.0
2023,2023-04-17,718535,19.0,573597,1.0
2023,2023-04-17,718536,10.0,483569,1.0
2023,2023-04-17,718533,2680.0,427344,1.0
2023,2023-04-17,718534,680.0,484198,1.0
2023,2023-04-17,718532,22.0,483919,1.0
2023,2023-04-18,718541,2394.0,427413,1.0
2023,2023-04-18,718543,4.0,503490,1.0
2023,2023-04-18,718530,2394.0,605673,1.0
2023,2023-04-18,718525,4.0,427044,1.0
2023,2023-04-18,718526,2602.0,482631,1.0
2023,2023-04-18,718528,4169.0,483561,1.0
2023,2023-04-18,718531,3309.0,427292,1.0
2023,2023-04-18,718529,3313.0,605670,1.0
2023,2023-04-18,718524,3.0,490319,1.0
2023,2023-04-18,718522,7.0,521889,1.0
2023,2023-04-18,718527,2889.0,511890,1.0
2023,2023-04-18,718520,2392.0,598411,1.0
2023,2023-04-18,718521,19.0,427248,1.0
2023,2023-04-18,718523,10.0,521051,1.0
2023,2023-04-18,718519,2680.0,489985,1.0
2023,2023-04-18,718517,680.0,427554,1.0
2023,2023-04-18,718516,22.0,575629,1.0
2023,2023-04-19,718515,2602.0,623938,1.0
2023,2023-04-19,718513,2394.0,429805,1.0
2023,2023-04-19,718511,4169.0,605671,1.0
2023,2023-04-19,718512,2889.0,608093,1.0
2023,2023-04-19,718514,7.0,623946,1.0
2023,2023-04-19,718510,4.0,521251,1.0
2023,2023-04-19,718508,22.0,483564,1.0
2023,2023-04-19,718509,19.0,644760,1.0
2023,2023-04-19,718506,10.0,503077,1.0
2023,2023-04-19,718507,2680.0,577468,1.0
2023,2023-04-19,718502,680.0,483912,1.0
2023,2023-04-19,718518,3309.0,484183,1.0
2023,2023-04-19,718504,3313.0,427013,1.0
2023,2023-04-19,718505,3.0,503586,1.0
2023,2023-04-19,718501,2392.0,623945,1.0
2023,2023-04-20,718497,3.0,639723,1.0
2023,2023-04-20,718496,3313.0,504381,1.0
2023,2023-04-20,718500,31.0,547380,1.0
2023,2023-04-20,718498,2681.0,427286,1.0
2023,2023-04-20,718499,17.0,605674,1.0
2023,2023-04-20,718494,15.0,608158,1.0
2023,2023-04-20,718503,2395.0,427128,1.0
2023,2023-04-21,718491,17.0,427164,1.0
2023,2023-04-21,718492,31.0,596740,1.0
2023,2023-04-21,718486,12.0,427533,1.0
2023,2023-04-21,718495,2.0,665576,1.0
2023,2023-04-21,718493,2681.0,605673,1.0
2023,2023-04-21,718487,3313.0,482641,1.0
2023,2023-04-21,718489,4705.0,427362,1.0
2023,2023-04-21,718490,5325.0,427053,1.0
2023,2023-04-21,718482,3312.0,427366,1.0
2023,2023-04-21,718483,32.0,427315,1.0
2023,2023-04-21,718485,1.0,427093,1.0
2023,2023-04-21,718484,15.0,484198,1.0
2023,2023-04-21,718481,680.0,623949,1.0
2023,2023-04-21,718480,2395.0,427344,1.0
2023,2023-04-22,718488,5.0,605670,1.0
2023,2023-04-22,718476,3313.0,484499,1.0
2023,2023-04-22,718468,3312.0,573596,1.0
2023,2023-04-22,718479,17.0,482631,1.0
2023,2023-04-22,718475,2681.0,427413,1.0
2023,2023-04-22,718473,5.0,596809,1.0
2023,2023-04-22,718478,2395.0,489985,1.0
2023,2023-04-22,718477,12.0,427129,1.0
2023,2023-04-22,718474,31.0,484183,1.0
2023,2023-04-22,718472,2.0,483569,1.0
2023,2023-04-22,718469,5325.0,490319,1.0
2023,2023-04-22,718470,32.0,427139,1.0
2023,2023-04-22,718471,4705.0,427044,1.0
2023,2023-04-22,718467,15.0,427554,1.0
2023,2023-04-22,718466,1.0,483919,1.0
2023,2023-04-22,718464,680.0,573597,1.0
2023,2023-04-23,718458,2681.0,429805,1.0
2023,2023-04-23,718459,2.0,521051,1.0
2023,2023-04-23,718463,31.0,621660,1.0
2023,2023-04-23,718462,4705.0,503490,1.0
2023,2023-04-23,718465,3313.0,511890,1.0
2023,2023-04-23,718457,12.0,521889,1.0
2023,2023-04-23,718460,5.0,427013,1.0
2023,2023-04-23,718454,3312.0,598411,1.0
2023,2023-04-23,718461,32.0,483561,1.0
2023,2023-04-23,718451,17.0,623938,1.0
2023,2023-04-23,718453,5325.0,503586,1.0
2023,2023-04-23,718452,1.0,575629,1.0
2023,2023-04-23,718456,15.0,483912,1.0
2023,2023-04-23,718450,680.0,427248,1.0
2023,2023-04-23,718455,2395.0,577468,1.0
2023,2023-04-24,718448,5.0,594151,1.0
2023,2023-04-24,718447,2.0,608093,1.0
2023,2023-04-24,718449,12.0,427299,1.0
2023,2023-04-24,718445,2602.0,504381,1.0
2023,2023-04-24,718444,14.0,482663,1.0
2023,2023-04-24,718443,4705.0,427315,1.0
2023,2023-04-24,718442,3312.0,427128,1.0
2023,2023-04-24,718441,32.0,427243,1.0
2023,2023-04-24,718437,1.0,608158,1.0
2023,2023-04-24,718438,15.0,482666,1.0
2023,2023-04-24,718446,2395.0,544728,1.0
2023,2023-04-25,718440,5.0,427139,1.0
2023,2023-04-25,718435,2.0,482641,1.0
2023,2023-04-25,718432,31.0,521251,1.0
2023,2023-04-25,718436,12.0,665576,1.0
2023,2023-04-25,718434,2602.0,596809,1.0
2023,2023-04-25,718430,2681.0,427113,1.0
2023,2023-04-25,718433,14.0,573769,1.0
2023,2023-04-25,718431,3289.0,639723,1.0
2023,2023-04-25,718429,4705.0,427366,1.0
2023,2023-04-25,718426,17.0,644760,1.0
2023,2023-04-25,718427,3312.0,427344,1.0
2023,2023-04-25,718428,32.0,427537,1.0
2023,2023-04-25,718425,1.0,503493,1.0
2023,2023-04-25,718422,15.0,596805,1.0
2023,2023-04-25,718439,2395.0,605672,1.0
2023,2023-04-26,718424,2602.0,605670,1.0
2023,2023-04-26,718416,2.0,484499,1.0
2023,2023-04-26,718420,14.0,427197,1.0
2023,2023-04-26,718421,5.0,554242,1.0
2023,2023-04-26,718417,3312.0,489985,1.0
2023,2023-04-26,718419,32.0,483630,1.0
2023,2023-04-26,718418,15.0,664263,1.0
2023,2023-04-26,718413,31.0,427362,1.0
2023,2023-04-26,718414,12.0,483569,1.0
2023,2023-04-26,718415,2681.0,605674,1.0
2023,2023-04-26,718412,3289.0,427053,1.0
2023,2023-04-26,718411,4705.0,573596,1.0
2023,2023-04-26,718407,17.0,623949,1.0
2023,2023-04-26,718408,1.0,427554,1.0
2023,2023-04-26,718423,2395.0,427144,1.0
2023,2023-04-27,718410,4705.0,598411,1.0
2023,2023-04-27,718403,31.0,427044,1.0
2023,2023-04-27,718404,2681.0,427164,1.0
2023,2023-04-27,718406,17.0,573597,1.0
2023,2023-04-27,718409,2395.0,431232,1.0
2023,2023-04-27,718402,1.0,483912,1.0
2023,2023-04-27,718405,2394.0,605671,1.0
2023,2023-04-27,718398,3289.0,490319,1.0
2023,2023-04-27,718396,4.0,623945,1.0
2023,2023-04-27,718400,3312.0,521051,1.0
2023,2023-04-27,718397,5325.0,483561,1.0
2023,2023-04-28,718387,3312.0,427299,1.0
2023,2023-04-28,718391,4169.0,577468,1.0
2023,2023-04-28,718392,14.0,503586,1.0
2023,2023-04-28,718395,3.0,503490,1.0
2023,2023-04-28,718394,3289.0,511890,1.0
2023,2023-04-28,718393,4.0,427243,1.0
2023,2023-04-28,718388,5325.0,503502,1.0
2023,2023-04-28,718389,2392.0,427013,1.0
2023,2023-04-28,718386,32.0,482608,1.0
2023,2023-04-28,718390,19.0,544728,1.0
2023,2023-04-28,718380,10.0,428442,1.0
2023,2023-04-28,718382,22.0,608158,1.0
2023,2023-04-29,718401,2394.0,554242,1.0
2023,2023-04-29,718399,3309.0,427113,1.0
2023,2023-04-29,718381,2394.0,594151,1.0
2023,2023-04-29,718383,3309.0,623938,1.0
2023,2023-04-29,718378,3312.0,665576,1.0
2023,2023-04-29,718379,14.0,639723,1.0
2023,2023-04-29,718375,4169.0,427128,1.0
2023,2023-04-29,718377,10.0,482666,1.0
2023,2023-04-29,718385,3.0,521251,1.0
2023,2023-04-29,718372,2392.0,504381,1.0
2023,2023-04-29,718384,5340.0,427315,1.0
2023,2023-04-29,718374,5325.0,573769,1.0
2023,2023-04-29,718373,4.0,427537,1.0
2023,2023-04-29,718376,32.0,644760,1.0
2023,2023-04-29,718366,19.0,621660,1.0
2023,2023-04-29,718369,22.0,503493,1.0
2023,2023-08-12,718371,3289.0,658292,1.0
2023,2023-04-30,718364,4169.0,427344,1.0
2023,2023-04-30,718370,3.0,427362,1.0
2023,2023-04-30,718367,3309.0,605674,1.0
2023,2023-04-30,718363,14.0,427053,1.0
2023,2023-04-30,718360,2394.0,427139,1.0
2023,2023-04-30,718362,3312.0,483569,1.0
2023,2023-04-30,718355,4.0,483630,1.0
2023,2023-04-30,718365,32.0,623949,1.0
2023,2023-04-30,718356,5325.0,427197,1.0
2023,2023-04-30,718358,19.0,427144,1.0
2023,2023-04-30,718368,5340.0,573596,1.0
2023,2023-04-30,718357,10.0,596805,1.0
2023,2023-04-30,718359,22.0,427554,1.0
2023,2023-04-30,718354,2392.0,596809,1.0
2023,2023-05-01,718361,3289.0,608093,1.0
2023,2023-05-01,718352,3289.0,484499,1.0
2023,2023-05-01,718349,3309.0,427286,1.0
2023,2023-05-01,718351,3313.0,547380,1.0
2023,2023-05-01,718353,3.0,605670,1.0
2023,2023-05-01,718350,2392.0,623946,1.0
2023,2023-05-01,718345,2680.0,431232,1.0
2023,2023-05-01,718343,22.0,482663,1.0
2023,2023-05-02,718347,12.0,482641,1.0
2023,2023-05-02,718346,4169.0,483561,1.0
2023,2023-05-02,718344,3309.0,605673,1.0
2023,2023-05-02,718339,3313.0,596740,1.0
2023,2023-05-02,718341,3.0,427013,1.0
2023,2023-05-02,718340,4.0,483564,1.0
2023,2023-05-02,718336,7.0,489985,1.0
2023,2023-05-02,718338,2889.0,623945,1.0
2023,2023-05-02,718342,5325.0,484198,1.0
2023,2023-05-02,718337,2392.0,427533,1.0
2023,2023-05-02,718334,19.0,664263,1.0
2023,2023-05-02,718335,2680.0,544728,1.0
2023,2023-05-02,718332,10.0,427366,1.0
2023,2023-05-02,718331,22.0,573769,1.0
2023,2023-05-03,718348,2394.0,482608,1.0
2023,2023-05-03,718329,2394.0,573597,1.0
2023,2023-05-03,718325,5325.0,608158,1.0
2023,2023-05-03,718326,2392.0,427129,1.0
2023,2023-05-03,718330,2680.0,605672,1.0
2023,2023-05-03,718327,22.0,554242,1.0
2023,2023-05-03,718328,12.0,511890,1.0
2023,2023-05-03,718321,4169.0,605671,1.0
2023,2023-05-03,718333,3309.0,427413,1.0
2023,2023-05-03,718324,3313.0,484183,1.0
2023,2023-05-03,718323,3.0,504381,1.0
2023,2023-05-03,718322,4.0,427093,1.0
2023,2023-05-03,718314,7.0,577468,1.0
2023,2023-05-03,718320,2889.0,427243,1.0
2023,2023-05-03,718315,19.0,428442,1.0
2023,2023-05-03,718319,10.0,598411,1.0
2023,2023-05-04,718317,3309.0,429805,1.0
2023,2023-05-04,718318,2394.0,644760,1.0
2023,2023-05-04,718309,12.0,484499,1.0
2023,2023-05-04,718311,2889.0,427537,1.0
2023,2023-05-04,718312,7.0,427128,1.0
2023,2023-05-04,718310,4.0,483919,1.0
2023,2023-05-04,718313,19.0,482666,1.0
2023,2023-05-04,718304,10.0,621660,1.0
2023,2023-05-04,718308,4169.0,594151,1.0
2023,2023-05-04,718316,3.0,596809,1.0
2023,2023-05-05,718303,17.0,503493,1.0
2023,2023-05-05,718307,31.0,623949,1.0
2023,2023-05-05,718305,2602.0,427286,1.0
2023,2023-05-05,718300,12.0,605670,1.0
2023,2023-05-05,718301,2681.0,427139,1.0
2023,2023-05-05,718302,3289.0,483630,1.0
2023,2023-05-05,718306,5.0,427248,1.0
2023,2023-05-05,718298,4705.0,521889,1.0
2023,2023-05-05,718299,7.0,427144,1.0
2023,2023-05-05,718292,2889.0,608093,1.0
2023,2023-05-05,718294,1.0,503502,1.0
2023,2023-05-05,718296,15.0,427344,1.0
2023,2023-05-05,718295,2680.0,596805,1.0
2023,2023-05-05,718297,680.0,575629,1.0
2023,2023-05-05,718293,2395.0,427197,1.0
2023,2023-05-06,718288,2889.0,482641,1.0
2023,2023-05-06,718289,17.0,427554,1.0
2023,2023-05-06,718290,3289.0,623945,1.0
2023,2023-05-06,718291,12.0,427013,1.0
2023,2023-05-06,718285,5.0,573597,1.0
2023,2023-05-06,718286,31.0,547380,1.0
2023,2023-05-06,718281,2602.0,605673,1.0
2023,2023-05-06,718280,7.0,431232,1.0
2023,2023-05-06,718284,2681.0,483561,1.0
2023,2023-05-06,718283,4705.0,623946,1.0
2023,2023-05-06,718287,2395.0,482663,1.0
2023,2023-05-06,718282,15.0,489985,1.0
2023,2023-05-06,718279,2680.0,664263,1.0
2023,2023-05-06,718275,1.0,427366,1.0
2023,2023-05-06,718274,680.0,483564,1.0
2023,2023-05-07,718277,4705.0,427533,1.0
2023,2023-05-07,718278,31.0,596740,1.0
2023,2023-05-07,718270,2681.0,605671,1.0
2023,2023-05-07,718276,3289.0,427243,1.0
2023,2023-05-07,718273,5.0,482608,1.0
2023,2023-05-07,718271,12.0,504381,1.0
2023,2023-05-07,718268,7.0,544728,1.0
2023,2023-05-07,718272,2889.0,511890,1.0
2023,2023-05-07,718269,17.0,484198,1.0
2023,2023-05-07,718267,2395.0,573769,1.0
2023,2023-05-07,718264,1.0,598411,1.0
2023,2023-05-07,718263,15.0,577468,1.0
2023,2023-05-07,718265,680.0,427093,1.0
2023,2023-05-07,718262,2602.0,427413,1.0
2023,2023-05-07,718266,2680.0,428442,1.0
2023,2023-05-08,718261,5.0,521051,1.0
2023,2023-05-08,718258,31.0,608158,1.0
2023,2023-05-08,718259,2.0,429805,1.0
2023,2023-05-08,718255,3313.0,482631,1.0
2023,2023-05-08,718256,17.0,427044,1.0
2023,2023-05-08,718253,7.0,484499,1.0
2023,2023-05-08,718257,32.0,427315,1.0
2023,2023-05-08,718254,1.0,482666,1.0
2023,2023-05-08,718251,680.0,427128,1.0
2023,2023-05-08,718249,15.0,483919,1.0
2023,2023-05-08,718260,2395.0,621660,1.0
2023,2023-05-09,718248,5.0,427299,1.0
2023,2023-05-09,718252,31.0,503493,1.0
2023,2023-05-09,718246,2.0,427286,1.0
2023,2023-05-09,718243,2602.0,427129,1.0
2023,2023-05-09,718244,2681.0,605672,1.0
2023,2023-05-09,718247,3313.0,427164,1.0
2023,2023-05-09,718245,4705.0,484183,1.0
2023,2023-05-09,718240,17.0,605674,1.0
2023,2023-05-09,718242,3312.0,503586,1.0
2023,2023-05-09,718238,7.0,608093,1.0
2023,2023-05-09,718241,32.0,594151,1.0
2023,2023-05-09,718237,1.0,596805,1.0
2023,2023-05-09,718239,680.0,427344,1.0
2023,2023-05-09,718236,15.0,575629,1.0
2023,2023-05-09,718250,2395.0,503490,1.0
2023,2023-05-10,718231,31.0,483912,1.0
2023,2023-05-10,718232,3313.0,623938,1.0
2023,2023-05-10,718234,5.0,503077,1.0
2023,2023-05-10,718228,32.0,427139,1.0
2023,2023-05-10,718229,680.0,489985,1.0
2023,2023-05-10,718226,15.0,483564,1.0
2023,2023-05-10,718230,2395.0,427366,1.0
2023,2023-05-10,718233,2681.0,431232,1.0
2023,2023-05-10,718235,1.0,664263,1.0
2023,2023-05-10,718227,2.0,605673,1.0
2023,2023-05-10,718225,2602.0,521889,1.0
2023,2023-05-10,718220,4705.0,623949,1.0
2023,2023-05-10,718221,17.0,521251,1.0
2023,2023-05-10,718224,3312.0,639723,1.0
2023,2023-05-10,718222,7.0,482641,1.0
2023,2023-05-11,718223,2602.0,623946,1.0
2023,2023-05-11,718216,3312.0,665576,1.0
2023,2023-05-11,718218,7.0,511890,1.0
2023,2023-05-11,718219,3313.0,484198,1.0
2023,2023-05-11,718215,15.0,605671,1.0
2023,2023-05-11,718217,10.0,427093,1.0
2023,2023-05-12,718208,2394.0,427413,1.0
2023,2023-05-12,718212,4169.0,547380,1.0
2023,2023-05-12,718214,3309.0,427144,1.0
2023,2023-05-12,718213,2.0,428442,1.0
2023,2023-05-12,718210,3313.0,608158,1.0
2023,2023-05-12,718206,14.0,427113,1.0
2023,2023-05-12,718205,5.0,484499,1.0
2023,2023-05-12,718211,3.0,521051,1.0
2023,2023-05-12,718209,3312.0,573596,1.0
2023,2023-05-12,718207,4.0,427533,1.0
2023,2023-05-12,718204,32.0,427053,1.0
2023,2023-05-12,718202,19.0,427362,1.0
2023,2023-05-12,718199,15.0,427315,1.0
2023,2023-05-12,718200,10.0,483919,1.0
2023,2023-05-12,718201,22.0,573769,1.0
2023,2023-05-13,718197,3313.0,503493,1.0
2023,2023-05-13,718194,2394.0,429805,1.0
2023,2023-05-13,718198,4169.0,596740,1.0
2023,2023-05-13,718195,3312.0,621660,1.0
2023,2023-05-13,718192,14.0,482631,1.0
2023,2023-05-13,718203,3309.0,544728,1.0
2023,2023-05-13,718190,10.0,575629,1.0
2023,2023-05-13,718196,3.0,658292,1.0
2023,2023-05-13,718191,5.0,608093,1.0
2023,2023-05-13,718193,2.0,482666,1.0
2023,2023-05-13,718183,32.0,503586,1.0
2023,2023-05-13,718185,22.0,427128,1.0
2023,2023-05-13,718189,4.0,427129,1.0
2023,2023-05-13,718184,15.0,594151,1.0
2023,2023-05-13,718188,19.0,490319,1.0
2023,2023-05-14,718182,5.0,482641,1.0
2023,2023-05-14,718179,2.0,596805,1.0
2023,2023-05-14,718180,3313.0,483912,1.0
2023,2023-05-14,718181,14.0,427164,1.0
2023,2023-05-14,718173,2394.0,427286,1.0
2023,2023-05-14,718178,4169.0,484183,1.0
2023,2023-05-14,718175,3312.0,503490,1.0
2023,2023-05-14,718176,4.0,521889,1.0
2023,2023-05-14,718177,32.0,639723,1.0
2023,2023-05-14,718174,19.0,605674,1.0
2023,2023-05-14,718172,10.0,483564,1.0
2023,2023-05-14,718168,22.0,427344,1.0
2023,2023-05-14,718169,15.0,427139,1.0
2023,2023-05-14,718186,3309.0,605672,1.0
2023,2023-05-14,718187,3.0,483569,1.0
2023,2023-05-15,718167,3309.0,431232,1.0
2023,2023-05-15,718171,2.0,427366,1.0
2023,2023-05-15,718164,14.0,623949,1.0
2023,2023-05-15,718163,3.0,623938,1.0
2023,2023-05-15,718166,2889.0,623946,1.0
2023,2023-05-15,718165,5325.0,596809,1.0
2023,2023-05-15,718158,2392.0,554242,1.0
2023,2023-05-15,718161,19.0,503077,1.0
2023,2023-05-15,718160,10.0,427537,1.0
2023,2023-05-15,718162,2680.0,483561,1.0
2023,2023-05-15,718170,2395.0,577468,1.0
2023,2023-05-15,718159,22.0,427093,1.0
2023,2023-05-16,718154,2.0,573596,1.0
2023,2023-05-16,718155,2394.0,427144,1.0
2023,2023-05-16,718153,4169.0,427053,1.0
2023,2023-05-16,718157,14.0,428442,1.0
2023,2023-05-16,718149,3.0,427113,1.0
2023,2023-05-16,718150,3289.0,521251,1.0
2023,2023-05-16,718151,2889.0,427533,1.0
2023,2023-05-16,718148,5325.0,605670,1.0
2023,2023-05-16,718152,2392.0,427197,1.0
2023,2023-05-16,718147,4.0,644760,1.0
2023,2023-05-16,718145,19.0,521051,1.0
2023,2023-05-16,718146,10.0,665576,1.0
2023,2023-05-16,718144,2680.0,605671,1.0
2023,2023-05-16,718156,2395.0,573769,1.0
2023,2023-05-16,718141,22.0,575629,1.0
2023,2023-05-17,718142,2394.0,544728,1.0
2023,2023-05-17,718138,19.0,483569,1.0
2023,2023-05-17,718136,22.0,483564,1.0
2023,2023-05-17,718139,10.0,503502,1.0
2023,2023-05-17,718143,2395.0,427128,1.0
2023,2023-05-17,718140,2680.0,427315,1.0
2023,2023-05-17,718137,2.0,621660,1.0
2023,2023-05-17,718132,4169.0,503586,1.0
2023,2023-05-17,718134,14.0,482666,1.0
2023,2023-05-17,718133,3.0,482631,1.0
2023,2023-05-17,718135,3289.0,427362,1.0
2023,2023-05-17,718131,2889.0,427129,1.0
2023,2023-05-17,718126,5325.0,427013,1.0
2023,2023-05-17,718127,2392.0,482663,1.0
2023,2023-05-17,718129,4.0,427248,1.0
2023,2023-05-18,718128,2.0,598411,1.0
2023,2023-05-18,718122,3289.0,427044,1.0
2023,2023-05-18,718130,4169.0,490319,1.0
2023,2023-05-18,718125,4.0,573597,1.0
2023,2023-05-18,718121,14.0,596805,1.0
2023,2023-05-18,718124,2889.0,605672,1.0
2023,2023-05-19,718118,31.0,503490,1.0
2023,2023-05-19,718120,2602.0,427366,1.0
2023,2023-05-19,718117,12.0,427299,1.0
2023,2023-05-19,718123,3309.0,623949,1.0
2023,2023-05-19,718116,2681.0,427164,1.0
2023,2023-05-19,718115,14.0,644760,1.0
2023,2023-05-19,718119,3289.0,504381,1.0
2023,2023-05-19,718110,4705.0,664263,1.0
2023,2023-05-19,718114,5325.0,594151,1.0
2023,2023-05-19,718112,2392.0,639723,1.0
2023,2023-05-19,718111,4.0,605674,1.0
2023,2023-05-19,718113,2889.0,431232,1.0
2023,2023-05-19,718106,1.0,427344,1.0
2023,2023-05-19,718107,2680.0,521889,1.0
2023,2023-05-19,718105,2395.0,427243,1.0
2023,2023-05-20,718104,4.0,427093,1.0
2023,2023-05-20,718102,14.0,427248,1.0
2023,2023-05-20,718108,3309.0,428442,1.0
2023,2023-05-20,718101,31.0,521251,1.0
2023,2023-05-20,718100,5325.0,483561,1.0
2023,2023-05-20,718097,2681.0,623938,1.0
2023,2023-05-20,718103,2395.0,427537,1.0
2023,2023-05-20,718098,2392.0,427053,1.0
2023,2023-05-20,718095,2602.0,573596,1.0
2023,2023-05-20,718093,12.0,503077,1.0
2023,2023-05-20,718109,2889.0,427144,1.0
2023,2023-05-20,718094,4705.0,554242,1.0
2023,2023-05-20,718096,1.0,577468,1.0
2023,2023-05-20,718092,2680.0,623946,1.0
2023,2023-05-21,718099,3289.0,596809,1.0
2023,2023-05-21,718085,2602.0,621660,1.0
2023,2023-05-21,718089,3309.0,482666,1.0
2023,2023-05-21,718091,31.0,427362,1.0
2023,2023-05-21,718088,2681.0,427113,1.0
2023,2023-05-21,718090,4705.0,427197,1.0
2023,2023-05-21,718087,14.0,573597,1.0
2023,2023-05-21,718082,3289.0,605670,1.0
2023,2023-05-21,718081,12.0,521051,1.0
2023,2023-05-21,718086,2392.0,503586,1.0
2023,2023-05-21,718084,4.0,575629,1.0
2023,2023-05-21,718083,2889.0,544728,1.0
2023,2023-05-21,718076,5325.0,605671,1.0
2023,2023-05-21,718078,2395.0,665576,1.0
2023,2023-05-21,718080,1.0,573769,1.0
2023,2023-05-21,718079,2680.0,427533,1.0
2023,2023-05-22,718072,5.0,605672,1.0
2023,2023-05-22,718075,31.0,608158,1.0
2023,2023-05-22,718071,2602.0,427013,1.0
2023,2023-05-22,718077,12.0,490319,1.0
2023,2023-05-22,718073,2681.0,484499,1.0
2023,2023-05-22,718074,4705.0,484198,1.0
2023,2023-05-22,718066,7.0,427044,1.0
2023,2023-05-22,718067,3312.0,605673,1.0
2023,2023-05-22,718068,32.0,483564,1.0
2023,2023-05-22,718069,19.0,427129,1.0
2023,2023-05-22,718070,1.0,503502,1.0
2023,2023-05-22,718062,680.0,427292,1.0
2023,2023-05-23,718063,5.0,431232,1.0
2023,2023-05-23,718065,31.0,644760,1.0
2023,2023-05-23,718059,2602.0,504381,1.0
2023,2023-05-23,718061,12.0,639723,1.0
2023,2023-05-23,718060,2681.0,511890,1.0
2023,2023-05-23,718064,3309.0,598411,1.0
2023,2023-05-23,718058,3313.0,482663,1.0
2023,2023-05-23,718057,4705.0,427554,1.0
2023,2023-05-23,718049,7.0,503490,1.0
2023,2023-05-23,718055,17.0,427128,1.0
2023,2023-05-23,718054,3312.0,427413,1.0
2023,2023-05-23,718056,32.0,605674,1.0
2023,2023-05-23,718051,19.0,658292,1.0
2023,2023-05-23,718053,1.0,427243,1.0
2023,2023-05-23,718050,680.0,547380,1.0
2023,2023-05-24,718045,31.0,427248,1.0
2023,2023-05-24,718043,2681.0,608093,1.0
2023,2023-05-24,718047,3312.0,429805,1.0
2023,2023-05-24,718048,5.0,544728,1.0
2023,2023-05-24,718046,32.0,483919,1.0
2023,2023-05-24,718041,2602.0,596809,1.0
2023,2023-05-24,718044,12.0,427053,1.0
2023,2023-05-24,718052,3309.0,427366,1.0
2023,2023-05-24,718040,3313.0,664263,1.0
2023,2023-05-24,718042,4705.0,483912,1.0
2023,2023-05-24,718039,7.0,665281,1.0
2023,2023-05-24,718038,17.0,427344,1.0
2023,2023-05-24,718036,19.0,623946,1.0
2023,2023-05-24,718034,1.0,427537,1.0
2023,2023-05-24,718037,680.0,596740,1.0
2023,2023-05-25,718030,2602.0,605670,1.0
2023,2023-05-25,718032,12.0,503586,1.0
2023,2023-05-25,718033,19.0,427533,1.0
2023,2023-05-25,718035,3309.0,573596,1.0
2023,2023-05-25,718031,2394.0,503493,1.0
2023,2023-05-25,718029,3313.0,554242,1.0
2023,2023-05-25,718026,4705.0,573597,1.0
2023,2023-05-25,718024,17.0,577468,1.0
2023,2023-05-25,718028,32.0,605671,1.0
2023,2023-05-25,718025,680.0,484183,1.0
2023,2023-05-26,718027,17.0,482641,1.0
2023,2023-05-26,718018,12.0,621660,1.0
2023,2023-05-26,718021,2394.0,484198,1.0
2023,2023-05-26,718020,2.0,490319,1.0
2023,2023-05-26,718023,3313.0,489985,1.0
2023,2023-05-26,718022,5.0,427197,1.0
2023,2023-05-26,718019,4705.0,608158,1.0
2023,2023-05-26,718014,7.0,427013,1.0
2023,2023-05-26,718013,3312.0,427129,1.0
2023,2023-05-26,718017,32.0,605672,1.0
2023,2023-05-26,718016,19.0,427292,1.0
2023,2023-05-26,718015,1.0,427362,1.0
2023,2023-05-26,718010,15.0,575629,1.0
2023,2023-05-26,718009,10.0,427286,1.0
2023,2023-05-26,718012,680.0,483630,1.0
2023,2023-05-27,718006,3313.0,427128,1.0
2023,2023-05-27,718005,2394.0,427554,1.0
2023,2023-05-27,718008,3312.0,521889,1.0
2023,2023-05-27,718001,2.0,639723,1.0
2023,2023-05-27,718003,10.0,605673,1.0
2023,2023-05-27,718000,7.0,504381,1.0
2023,2023-05-27,718004,680.0,503502,1.0
2023,2023-05-27,718002,12.0,598411,1.0
2023,2023-05-27,717997,4705.0,644760,1.0
2023,2023-05-27,717999,32.0,431232,1.0
2023,2023-05-27,717991,15.0,483564,1.0
2023,2023-05-27,718007,17.0,484499,1.0
2023,2023-05-27,717996,5.0,482663,1.0
2023,2023-05-27,718011,19.0,547380,1.0
2023,2023-05-27,717998,1.0,427044,1.0
2023,2023-05-28,717994,12.0,427366,1.0
2023,2023-05-28,717990,2.0,427053,1.0
2023,2023-05-28,717995,3313.0,427344,1.0
2023,2023-05-28,717993,5.0,664263,1.0
2023,2023-05-28,717989,2394.0,483912,1.0
2023,2023-05-28,717985,7.0,596809,1.0
2023,2023-05-28,717988,3312.0,623946,1.0
2023,2023-05-28,717986,32.0,544728,1.0
2023,2023-05-28,717987,17.0,511890,1.0
2023,2023-05-28,717982,19.0,596740,1.0
2023,2023-05-28,717980,10.0,427413,1.0
2023,2023-05-28,717984,1.0,503490,1.0
2023,2023-05-28,717981,15.0,605674,1.0
2023,2023-05-28,717983,680.0,427243,1.0
2023,2023-05-28,717992,4705.0,427248,1.0
2023,2023-05-29,717974,2.0,427139,1.0
2023,2023-05-29,717979,2394.0,605671,1.0
2023,2023-05-29,717975,2889.0,427533,1.0
2023,2023-05-29,717976,17.0,605670,1.0
2023,2023-05-29,717977,15.0,427537,1.0
2023,2023-05-29,717968,2392.0,483569,1.0
2023,2023-05-29,717978,2395.0,482631,1.0
2023,2023-05-29,717970,10.0,483919,1.0
2023,2023-05-29,717971,4.0,596805,1.0
2023,2023-05-29,717973,22.0,429805,1.0
2023,2023-05-29,717969,680.0,521251,1.0
2023,2023-05-30,717964,2394.0,605672,1.0
2023,2023-05-30,717963,4169.0,490319,1.0
2023,2023-05-30,717967,2.0,427315,1.0
2023,2023-05-30,717965,14.0,484183,1.0
2023,2023-05-30,717966,3.0,503493,1.0
2023,2023-05-30,717962,3289.0,554242,1.0
2023,2023-05-30,717960,2889.0,427129,1.0
2023,2023-05-30,717961,17.0,427013,1.0
2023,2023-05-30,717956,2392.0,427299,1.0
2023,2023-05-30,717959,4.0,623949,1.0
2023,2023-05-30,717955,15.0,483630,1.0
2023,2023-05-30,717958,10.0,483564,1.0
2023,2023-05-30,717952,680.0,665281,1.0
2023,2023-05-30,717972,2395.0,427164,1.0
2023,2023-05-30,717957,22.0,427286,1.0
2023,2023-05-31,717951,2394.0,431232,1.0
2023,2023-05-31,717943,4.0,428442,1.0
2023,2023-05-31,717950,17.0,504381,1.0
2023,2023-05-31,717946,2.0,594151,1.0
2023,2023-05-31,717949,10.0,427093,1.0
2023,2023-05-31,717953,2395.0,623938,1.0
2023,2023-05-31,717954,22.0,605673,1.0
2023,2023-05-31,717945,4169.0,639723,1.0
2023,2023-05-31,717947,14.0,427292,1.0
2023,2023-05-31,717948,3.0,484198,1.0
2023,2023-05-31,717944,3289.0,427197,1.0
2023,2023-05-31,717938,2392.0,503077,1.0
2023,2023-05-31,717940,15.0,503502,1.0
2023,2023-05-31,717939,680.0,427044,1.0
2023,2023-06-01,717942,14.0,547380,1.0
2023,2023-06-01,717934,3289.0,503586,1.0
2023,2023-06-01,717941,4169.0,608158,1.0
2023,2023-06-01,717933,15.0,427243,1.0
2023,2023-06-01,717932,3.0,427554,1.0
2023,2023-06-01,717937,3312.0,596809,1.0
2023,2023-06-01,717936,2392.0,521889,1.0
2023,2023-06-02,717931,2602.0,482666,1.0
2023,2023-06-02,717927,4169.0,483561,1.0
2023,2023-06-02,717930,31.0,427053,1.0
2023,2023-06-02,717935,3309.0,503490,1.0
2023,2023-06-02,717929,3289.0,544728,1.0
2023,2023-06-02,717922,5325.0,427113,1.0
2023,2023-06-02,717926,2392.0,623946,1.0
2023,2023-06-02,717923,7.0,483912,1.0
2023,2023-06-02,717924,3312.0,605670,1.0
2023,2023-06-02,717925,4.0,596740,1.0
2023,2023-06-02,717921,2680.0,605674,1.0
2023,2023-06-02,717919,15.0,427413,1.0
2023,2023-06-02,717917,22.0,427537,1.0
2023,2023-06-02,717920,2395.0,521051,1.0
2023,2023-06-05,717928,3.0,427197,1.0
2023,2023-06-03,717918,3.0,482663,1.0
2023,2023-06-03,717885,3.0,554242,1.0
2023,2023-06-03,717915,4.0,484183,1.0
2023,2023-06-03,717907,31.0,639723,1.0
2023,2023-06-03,717912,5325.0,482631,1.0
2023,2023-06-03,717914,3309.0,521251,1.0
2023,2023-06-03,717908,2392.0,427533,1.0
2023,2023-06-03,717909,7.0,503493,1.0
2023,2023-06-03,717910,3289.0,605671,1.0
2023,2023-06-03,717911,4169.0,427139,1.0
2023,2023-06-03,717906,2602.0,596805,1.0
2023,2023-06-03,717913,3312.0,427013,1.0
2023,2023-06-03,717905,22.0,483630,1.0
2023,2023-06-03,717916,2395.0,483569,1.0
2023,2023-06-03,717903,2680.0,483919,1.0
2023,2023-06-03,717901,15.0,429805,1.0
2023,2023-06-04,717898,31.0,658082,1.0
2023,2023-06-04,717904,3.0,664263,1.0
2023,2023-06-04,717902,3309.0,665281,1.0
2023,2023-06-04,717900,3289.0,605672,1.0
2023,2023-06-04,717896,4169.0,427315,1.0
2023,2023-06-04,717897,2602.0,623949,1.0
2023,2023-06-04,717899,2392.0,427129,1.0
2023,2023-06-04,717893,7.0,484198,1.0
2023,2023-06-04,717895,3312.0,504381,1.0
2023,2023-06-04,717891,4.0,427292,1.0
2023,2023-06-04,717894,5325.0,427164,1.0
2023,2023-06-04,717890,2395.0,427299,1.0
2023,2023-06-04,717892,15.0,427286,1.0
2023,2023-06-04,717889,2680.0,575629,1.0
2023,2023-06-04,717888,22.0,503502,1.0
2023,2023-06-05,717886,2681.0,608093,1.0
2023,2023-06-05,717887,4169.0,577468,1.0
2023,2023-06-05,717884,31.0,596740,1.0
2023,2023-06-05,717878,14.0,482608,1.0
2023,2023-06-05,717883,2602.0,428442,1.0
2023,2023-06-05,717879,5325.0,573596,1.0
2023,2023-06-05,717880,2680.0,427093,1.0
2023,2023-06-06,717882,12.0,427362,1.0
2023,2023-06-06,717875,2681.0,482641,1.0
2023,2023-06-06,717876,4169.0,489985,1.0
2023,2023-06-06,717881,3309.0,623938,1.0
2023,2023-06-06,717874,31.0,608158,1.0
2023,2023-06-06,717877,3313.0,596809,1.0
2023,2023-06-06,717871,14.0,573597,1.0
2023,2023-06-06,717873,5.0,521889,1.0
2023,2023-06-06,717870,2602.0,547380,1.0
2023,2023-06-06,717872,4705.0,482666,1.0
2023,2023-06-06,717867,32.0,427243,1.0
2023,2023-06-06,717868,5325.0,598411,1.0
2023,2023-06-06,717869,19.0,605674,1.0
2023,2023-06-06,717861,1.0,503077,1.0
2023,2023-06-06,717864,2680.0,605673,1.0
2023,2023-06-07,717865,31.0,554242,1.0
2023,2023-06-07,717863,2680.0,427413,1.0
2023,2023-06-07,717860,4169.0,427128,1.0
2023,2023-06-07,717859,12.0,427044,1.0
2023,2023-06-07,717866,3309.0,621660,1.0
2023,2023-06-07,717856,14.0,644760,1.0
2023,2023-06-07,717858,5.0,623946,1.0
2023,2023-06-07,717853,2602.0,665576,1.0
2023,2023-06-07,717850,4705.0,596805,1.0
2023,2023-06-07,717851,32.0,427537,1.0
2023,2023-06-07,717854,5325.0,427366,1.0
2023,2023-06-07,717852,19.0,483919,1.0
2023,2023-06-07,717855,1.0,521051,1.0
2023,2023-06-08,717862,2681.0,484499,1.0
2023,2023-06-08,717857,3313.0,605670,1.0
2023,2023-06-08,717844,2602.0,427292,1.0
2023,2023-06-08,717845,12.0,503490,1.0
2023,2023-06-08,717849,32.0,665281,1.0
2023,2023-06-08,717846,19.0,575629,1.0
2023,2023-06-08,717848,3313.0,504381,1.0
2023,2023-06-08,717843,14.0,427248,1.0
2023,2023-06-08,717842,5.0,427164,1.0
2023,2023-06-08,717840,4705.0,623949,1.0
2023,2023-06-08,717838,1.0,483569,1.0
2023,2023-06-22,717847,3309.0,427139,1.0
2023,2023-06-09,717834,2394.0,428442,1.0
2023,2023-06-09,717827,12.0,596740,1.0
2023,2023-06-09,717839,2.0,482608,1.0
2023,2023-06-09,717836,31.0,427013,1.0
2023,2023-06-09,717837,2681.0,427344,1.0
2023,2023-06-09,717841,3313.0,573769,1.0
2023,2023-06-09,717835,14.0,503502,1.0
2023,2023-06-09,717833,5.0,427113,1.0
2023,2023-06-09,717829,4705.0,623945,1.0
2023,2023-06-09,717828,4.0,482663,1.0
2023,2023-06-09,717831,32.0,521251,1.0
2023,2023-06-09,717832,2889.0,511890,1.0
2023,2023-06-09,717830,19.0,427299,1.0
2023,2023-06-09,717824,1.0,483564,1.0
2023,2023-06-09,717823,2395.0,573596,1.0
2023,2023-06-10,717821,2394.0,482666,1.0
2023,2023-06-10,717820,4.0,427197,1.0
2023,2023-06-10,717817,2889.0,608093,1.0
2023,2023-06-10,717822,14.0,427243,1.0
2023,2023-06-10,717819,19.0,503077,1.0
2023,2023-06-10,717818,2.0,573597,1.0
2023,2023-06-10,717812,31.0,596809,1.0
2023,2023-06-10,717811,2681.0,577468,1.0
2023,2023-06-10,717813,12.0,547380,1.0
2023,2023-06-10,717816,4705.0,521889,1.0
2023,2023-06-10,717814,32.0,427362,1.0
2023,2023-06-10,717815,5.0,482631,1.0
2023,2023-06-10,717826,2395.0,658082,1.0
2023,2023-06-10,717825,3313.0,427286,1.0
2023,2023-06-10,717809,1.0,427093,1.0
2023,2023-06-11,717804,2394.0,596805,1.0
2023,2023-06-11,717802,5.0,623938,1.0
2023,2023-06-11,717808,2.0,644760,1.0
2023,2023-06-11,717803,31.0,605670,1.0
2023,2023-06-11,717806,2681.0,489985,1.0
2023,2023-06-11,717807,4705.0,623946,1.0
2023,2023-06-11,717805,14.0,427537,1.0
2023,2023-06-11,717801,12.0,665576,1.0
2023,2023-06-11,717795,4.0,608158,1.0
2023,2023-06-11,717800,32.0,665297,1.0
2023,2023-06-11,717797,2889.0,482641,1.0
2023,2023-06-11,717798,19.0,521051,1.0
2023,2023-06-11,717796,2395.0,598411,1.0
2023,2023-06-11,717799,1.0,605674,1.0
2023,2023-06-11,717810,3313.0,605673,1.0
2023,2023-06-12,717790,2394.0,490319,1.0
2023,2023-06-12,717794,3.0,431232,1.0
2023,2023-06-12,717791,2889.0,427248,1.0
2023,2023-06-12,717792,5325.0,594151,1.0
2023,2023-06-12,717793,7.0,427044,1.0
2023,2023-06-12,717789,10.0,484499,1.0
2023,2023-06-12,717785,15.0,483569,1.0
2023,2023-06-12,717786,680.0,427554,1.0
2023,2023-06-13,717787,2.0,427292,1.0
2023,2023-06-13,717788,3.0,544728,1.0
2023,2023-06-13,717779,3289.0,427128,1.0
2023,2023-06-13,717783,3312.0,483919,1.0
2023,2023-06-13,717781,2889.0,503586,1.0
2023,2023-06-13,717782,17.0,483630,1.0
2023,2023-06-13,717780,5325.0,483561,1.0
2023,2023-06-13,717777,7.0,521251,1.0
2023,2023-06-13,717778,2392.0,427413,1.0
2023,2023-06-13,717772,2680.0,503490,1.0
2023,2023-06-13,717774,10.0,511890,1.0
2023,2023-06-13,717775,15.0,427299,1.0
2023,2023-06-13,717773,680.0,483912,1.0
2023,2023-06-13,717776,22.0,427366,1.0
2023,2023-06-14,717784,2394.0,427053,1.0
2023,2023-06-14,717770,2394.0,482608,1.0
2023,2023-06-14,717771,3312.0,483564,1.0
2023,2023-06-14,717767,2889.0,573597,1.0
2023,2023-06-14,717769,2.0,608093,1.0
2023,2023-06-14,717768,3.0,605671,1.0
2023,2023-06-14,717766,3289.0,427344,1.0
2023,2023-06-14,717763,17.0,427243,1.0
2023,2023-06-14,717765,5325.0,427139,1.0
2023,2023-06-14,717764,7.0,427362,1.0
2023,2023-06-14,717762,2392.0,573769,1.0
2023,2023-06-14,717758,2680.0,482663,1.0
2023,2023-06-14,717761,10.0,623945,1.0
2023,2023-06-14,717757,15.0,503077,1.0
2023,2023-06-14,717759,680.0,503493,1.0
2023,2023-06-14,717760,22.0,573596,1.0
2023,2023-06-15,717753,2.0,547380,1.0
2023,2023-06-15,717756,10.0,482641,1.0
2023,2023-06-15,717755,15.0,521051,1.0
2023,2023-06-15,717752,3312.0,644760,1.0
2023,2023-06-15,717754,4705.0,577468,1.0
2023,2023-06-15,717747,17.0,665281,1.0
2023,2023-06-15,717751,5325.0,427315,1.0
2023,2023-06-15,717746,2392.0,427286,1.0
2023,2023-06-15,717750,2680.0,554242,1.0
2023,2023-06-15,717748,22.0,658082,1.0
2023,2023-06-16,717744,17.0,665297,1.0
2023,2023-06-16,717749,3309.0,665576,1.0
2023,2023-06-16,717743,3289.0,427093,1.0
2023,2023-06-16,717742,3.0,427537,1.0
2023,2023-06-16,717745,4705.0,489985,1.0
2023,2023-06-16,717741,5325.0,605672,1.0
2023,2023-06-16,717737,2392.0,483569,1.0
2023,2023-06-16,717736,7.0,429805,1.0
2023,2023-06-16,717738,3312.0,427248,1.0
2023,2023-06-16,717740,32.0,594151,1.0
2023,2023-06-16,717739,15.0,598411,1.0
2023,2023-06-16,717732,2680.0,484198,1.0
2023,2023-06-16,717735,10.0,639723,1.0
2023,2023-06-16,717731,22.0,608158,1.0
2023,2023-06-16,717733,680.0,484499,1.0
2023,2023-06-17,717728,3312.0,605674,1.0
2023,2023-06-17,717729,17.0,427044,1.0
2023,2023-06-17,717723,5325.0,431232,1.0
2023,2023-06-17,717734,3309.0,427292,1.0
2023,2023-06-17,717725,10.0,490319,1.0
2023,2023-06-17,717727,2392.0,427299,1.0
2023,2023-06-17,717726,7.0,427413,1.0
2023,2023-06-17,717718,3289.0,575629,1.0
2023,2023-06-17,717724,4705.0,427128,1.0
2023,2023-06-17,717722,680.0,511890,1.0
2023,2023-06-17,717720,32.0,483561,1.0
2023,2023-06-17,717717,2680.0,427554,1.0
2023,2023-06-17,717721,22.0,503490,1.0
2023,2023-06-17,717719,15.0,427366,1.0
2023,2023-06-18,717730,3.0,483630,1.0
2023,2023-06-18,717708,17.0,521251,1.0
2023,2023-06-18,717716,4705.0,483919,1.0
2023,2023-06-18,717714,3309.0,608093,1.0
2023,2023-06-18,717715,3.0,427243,1.0
2023,2023-06-18,717713,3289.0,605670,1.0
2023,2023-06-18,717707,2392.0,503077,1.0
2023,2023-06-18,717712,7.0,573769,1.0
2023,2023-06-18,717711,3312.0,573597,1.0
2023,2023-06-18,717710,32.0,427139,1.0
2023,2023-06-18,717709,5325.0,544728,1.0
2023,2023-06-18,717705,10.0,503586,1.0
2023,2023-06-18,717706,15.0,573596,1.0
2023,2023-06-18,717702,22.0,482663,1.0
2023,2023-06-18,717703,2680.0,483912,1.0
2023,2023-06-18,717704,680.0,623945,1.0
2023,2023-06-19,717699,3309.0,482631,1.0
2023,2023-06-19,717692,2394.0,504381,1.0
2023,2023-06-19,717700,4169.0,483569,1.0
2023,2023-06-19,717698,31.0,644760,1.0
2023,2023-06-19,717701,2602.0,605673,1.0
2023,2023-06-19,717693,3312.0,554242,1.0
2023,2023-06-19,717694,2392.0,658082,1.0
2023,2023-06-19,717695,4.0,428442,1.0
2023,2023-06-19,717696,32.0,427129,1.0
2023,2023-06-19,717697,2395.0,482641,1.0
2023,2023-06-20,717681,2394.0,427013,1.0
2023,2023-06-20,717687,12.0,427164,1.0
2023,2023-06-20,717689,2681.0,427315,1.0
2023,2023-06-20,717690,4169.0,665297,1.0
2023,2023-06-20,717686,31.0,427248,1.0
2023,2023-06-20,717691,3309.0,665281,1.0
2023,2023-06-20,717684,3313.0,483564,1.0
2023,2023-06-20,717685,2602.0,429805,1.0
2023,2023-06-20,717679,5.0,547380,1.0
2023,2023-06-20,717683,3312.0,608158,1.0
2023,2023-06-20,717682,2392.0,598411,1.0
2023,2023-06-20,717675,4.0,482666,1.0
2023,2023-06-20,717680,32.0,521889,1.0
2023,2023-06-20,717688,2395.0,484499,1.0
2023,2023-06-20,717678,1.0,503493,1.0
2023,2023-06-21,717677,12.0,605672,1.0
2023,2023-06-21,717676,4169.0,521051,1.0
2023,2023-06-21,717669,2602.0,427413,1.0
2023,2023-06-21,717671,31.0,605674,1.0
2023,2023-06-21,717668,2394.0,596809,1.0
2023,2023-06-21,717670,2392.0,427366,1.0
2023,2023-06-21,717672,32.0,658292,1.0
2023,2023-06-21,717673,3309.0,623938,1.0
2023,2023-06-21,717666,3313.0,427093,1.0
2023,2023-06-21,717663,5.0,665576,1.0
2023,2023-06-21,717665,3312.0,482663,1.0
2023,2023-06-21,717667,4.0,623949,1.0
2023,2023-06-21,717662,1.0,484198,1.0
2023,2023-06-21,717674,2395.0,511890,1.0
2023,2023-09-11,717664,2681.0,427520,1.0
2023,2023-06-22,717657,2681.0,594151,1.0
2023,2023-06-22,717660,5.0,484183,1.0
2023,2023-06-22,717658,3312.0,427197,1.0
2023,2023-06-22,717661,2395.0,608093,1.0
2023,2023-06-22,717659,12.0,623946,1.0
2023,2023-06-22,717654,4169.0,664263,1.0
2023,2023-06-22,717652,3313.0,575629,1.0
2023,2023-06-23,717649,12.0,427129,1.0
2023,2023-06-23,717647,2394.0,483561,1.0
2023,2023-06-23,717650,2602.0,431232,1.0
2023,2023-06-23,717653,4169.0,605673,1.0
2023,2023-06-23,717651,2.0,573596,1.0
2023,2023-06-23,717656,2681.0,482631,1.0
2023,2023-06-23,717655,3313.0,427164,1.0
2023,2023-06-23,717646,14.0,483919,1.0
2023,2023-06-23,717648,5.0,605670,1.0
2023,2023-06-23,717645,4.0,573597,1.0
2023,2023-06-23,717644,19.0,554242,1.0
2023,2023-06-23,717642,2680.0,596805,1.0
2023,2023-06-23,717643,22.0,664265,1.0
2023,2023-06-23,717641,2395.0,427554,1.0
2023,2023-06-24,717637,5381.0,503077,1.0
2023,2023-06-24,717628,2.0,658082,1.0
2023,2023-06-24,717639,2395.0,483912,1.0
2023,2023-06-24,717635,2681.0,665281,1.0
2023,2023-06-24,717636,3313.0,547380,1.0
2023,2023-06-24,717634,14.0,483564,1.0
2023,2023-06-24,717632,12.0,521889,1.0
2023,2023-06-24,717631,2602.0,544728,1.0
2023,2023-06-24,717629,4.0,644760,1.0
2023,2023-06-24,717630,4169.0,429805,1.0
2023,2023-06-24,717625,5.0,504381,1.0
2023,2023-06-24,717626,22.0,484499,1.0
2023,2023-06-24,717633,2394.0,623945,1.0
2023,2023-06-24,717638,2680.0,428442,1.0
2023,2023-06-24,717640,19.0,608158,1.0
2023,2023-06-25,717623,5381.0,482608,1.0
2023,2023-06-25,717621,2394.0,427315,1.0
2023,2023-06-25,717627,2.0,598411,1.0
2023,2023-06-25,717624,2681.0,623938,1.0
2023,2023-06-25,717622,3313.0,545402,1.0
2023,2023-06-25,717617,14.0,665297,1.0
2023,2023-06-25,717619,12.0,427533,1.0
2023,2023-06-25,717618,2602.0,665576,1.0
2023,2023-06-25,717620,4169.0,427413,1.0
2023,2023-06-25,717613,5.0,427013,1.0
2023,2023-06-25,717614,4.0,427248,1.0
2023,2023-06-25,717616,19.0,482663,1.0
2023,2023-06-25,717612,2395.0,503493,1.0
2023,2023-06-25,717610,2680.0,482666,1.0
2023,2023-06-25,717615,22.0,511890,1.0
2023,2023-06-26,717611,2.0,596809,1.0
2023,2023-06-26,717607,3289.0,596740,1.0
2023,2023-06-26,717609,4705.0,605673,1.0
2023,2023-06-26,717606,5325.0,427362,1.0
2023,2023-06-26,717608,1.0,427344,1.0
2023,2023-06-26,717602,680.0,427053,1.0
2023,2023-06-27,717601,2.0,605670,1.0
2023,2023-06-27,717603,31.0,605672,1.0
2023,2023-06-27,717604,14.0,503502,1.0
2023,2023-06-27,717605,3.0,623946,1.0
2023,2023-06-27,717597,3289.0,664263,1.0
2023,2023-06-27,717600,4705.0,429805,1.0
2023,2023-06-27,717598,2889.0,484198,1.0
2023,2023-06-27,717599,5325.0,605674,1.0
2023,2023-06-27,717596,17.0,608093,1.0
2023,2023-06-27,717591,7.0,427164,1.0
2023,2023-06-27,717594,19.0,427139,1.0
2023,2023-06-27,717592,1.0,577468,1.0
2023,2023-06-27,717590,680.0,639723,1.0
2023,2023-06-27,717593,15.0,623949,1.0
2023,2023-06-27,717595,10.0,427197,1.0
2023,2023-06-28,717588,4705.0,665297,1.0
2023,2023-06-28,717587,680.0,658292,1.0
2023,2023-06-28,717589,2.0,504381,1.0
2023,2023-06-28,717585,31.0,431232,1.0
2023,2023-06-28,717586,14.0,427537,1.0
2023,2023-06-28,717583,3.0,483564,1.0
2023,2023-06-28,717581,3289.0,547380,1.0
2023,2023-06-28,717582,2889.0,427554,1.0
2023,2023-06-28,717580,5325.0,503490,1.0
2023,2023-06-28,717584,17.0,664265,1.0
2023,2023-06-28,717577,7.0,482631,1.0
2023,2023-06-28,717578,19.0,483561,1.0
2023,2023-06-28,717576,1.0,489985,1.0
2023,2023-06-28,717575,15.0,596805,1.0
2023,2023-06-28,717579,10.0,554242,1.0
2023,2023-06-29,717571,31.0,544728,1.0
2023,2023-06-29,717570,5325.0,521251,1.0
2023,2023-06-29,717573,7.0,573769,1.0
2023,2023-06-29,717574,10.0,608158,1.0
2023,2023-06-29,717568,15.0,428442,1.0
2023,2023-06-29,717560,1.0,427128,1.0
2023,2023-06-29,717569,3.0,521889,1.0
2023,2023-06-29,717564,14.0,483630,1.0
2023,2023-06-29,717565,3289.0,427292,1.0
2023,2023-06-29,717566,2889.0,621660,1.0
2023,2023-06-29,717567,17.0,483912,1.0
2023,2023-06-29,717572,19.0,623945,1.0
2023,2023-06-30,717559,17.0,605671,1.0
2023,2023-06-30,717557,2602.0,427362,1.0
2023,2023-06-30,717563,2681.0,596740,1.0
2023,2023-06-30,717561,2.0,623938,1.0
2023,2023-06-30,717562,31.0,511890,1.0
2023,2023-06-30,717555,14.0,482663,1.0
2023,2023-06-30,717556,3289.0,427129,1.0
2023,2023-06-30,717558,4705.0,503493,1.0
2023,2023-06-30,717554,5325.0,427344,1.0
2023,2023-06-30,717552,19.0,482666,1.0
2023,2023-06-30,717553,7.0,427243,1.0
2023,2023-06-30,717549,1.0,594151,1.0
2023,2023-06-30,717551,10.0,503586,1.0
2023,2023-06-30,717548,680.0,490319,1.0
2023,2023-07-01,717550,2889.0,596809,1.0
2023,2023-07-01,717539,2602.0,605674,1.0
2023,2023-07-01,717545,2889.0,427013,1.0
2023,2023-07-01,717547,14.0,605673,1.0
2023,2023-07-01,717542,5325.0,577468,1.0
2023,2023-07-01,717541,2.0,427164,1.0
2023,2023-07-01,717543,2681.0,664263,1.0
2023,2023-07-01,717540,31.0,608093,1.0
2023,2023-07-01,717538,10.0,427053,1.0
2023,2023-07-01,717535,3289.0,623946,1.0
2023,2023-07-01,717536,4705.0,484198,1.0
2023,2023-07-01,717546,17.0,605672,1.0
2023,2023-07-01,717537,7.0,503502,1.0
2023,2023-07-01,717534,680.0,427197,1.0
2023,2023-07-01,717544,19.0,623949,1.0
2023,2023-07-01,717533,1.0,427315,1.0
2023,2023-07-02,717529,2.0,482631,1.0
2023,2023-07-02,717528,2681.0,547380,1.0
2023,2023-07-02,717532,4705.0,427554,1.0
2023,2023-07-02,717531,31.0,483912,1.0
2023,2023-07-02,717530,14.0,658082,1.0
2023,2023-07-02,717526,2602.0,503490,1.0
2023,2023-07-02,717527,7.0,427537,1.0
2023,2023-07-02,717524,2889.0,605670,1.0
2023,2023-07-02,717520,5325.0,489985,1.0
2023,2023-07-02,717523,19.0,596805,1.0
2023,2023-07-02,717522,1.0,427139,1.0
2023,2023-07-02,717518,10.0,639723,1.0
2023,2023-07-02,717519,680.0,554242,1.0
2023,2023-07-02,717521,17.0,431232,1.0
2023,2023-07-02,717525,3289.0,521889,1.0
2023,2023-07-03,717514,5325.0,427128,1.0
2023,2023-07-03,717511,32.0,573769,1.0
2023,2023-07-03,717517,3309.0,482641,1.0
2023,2023-07-03,717515,4169.0,427044,1.0
2023,2023-07-03,717513,3313.0,665297,1.0
2023,2023-07-03,717512,5.0,427366,1.0
2023,2023-07-03,717510,3312.0,575629,1.0
2023,2023-07-03,717505,2680.0,483569,1.0
2023,2023-07-03,717516,2395.0,483561,1.0
2023,2023-07-03,717506,22.0,428442,1.0
2023,2023-07-04,717507,3309.0,621660,1.0
2023,2023-07-04,717508,3313.0,573597,1.0
2023,2023-07-04,717502,4169.0,521251,1.0
2023,2023-07-04,717501,3.0,503493,1.0
2023,2023-07-04,717500,3312.0,483919,1.0
2023,2023-07-04,717504,2392.0,658292,1.0
2023,2023-07-04,717498,15.0,504381,1.0
2023,2023-07-04,717499,12.0,483630,1.0
2023,2023-07-04,717503,32.0,623938,1.0
2023,2023-07-04,717509,2395.0,594151,1.0
2023,2023-07-04,717494,2394.0,427344,1.0
2023,2023-07-04,717497,2680.0,521051,1.0
2023,2023-07-04,717495,5.0,573596,1.0
2023,2023-07-04,717496,4.0,608158,1.0
2023,2023-07-04,717492,22.0,482666,1.0
2023,2023-07-05,717489,2392.0,490319,1.0
2023,2023-07-05,717485,2394.0,577468,1.0
2023,2023-07-05,717491,12.0,482663,1.0
2023,2023-07-05,717488,4169.0,427362,1.0
2023,2023-07-05,717493,3309.0,511890,1.0
2023,2023-07-05,717487,3313.0,644760,1.0
2023,2023-07-05,717484,3.0,484198,1.0
2023,2023-07-05,717486,5.0,664263,1.0
2023,2023-07-05,717482,3312.0,427093,1.0
2023,2023-07-05,717483,32.0,427164,1.0
2023,2023-07-05,717478,2680.0,427299,1.0
2023,2023-07-05,717490,2395.0,427315,1.0
2023,2023-07-05,717477,15.0,427013,1.0
2023,2023-07-05,717479,22.0,623949,1.0
2023,2023-07-06,717480,4.0,596809,1.0
2023,2023-07-06,717481,3309.0,484499,1.0
2023,2023-07-06,717476,2394.0,489985,1.0
2023,2023-07-06,717474,32.0,482631,1.0
2023,2023-07-06,717468,4.0,554242,1.0
2023,2023-07-06,717472,12.0,605671,1.0
2023,2023-07-06,717473,4169.0,605674,1.0
2023,2023-07-06,717475,3313.0,427248,1.0
2023,2023-07-06,717469,5.0,427053,1.0
2023,2023-07-06,717471,3.0,427554,1.0
2023,2023-07-06,717467,2392.0,598411,1.0
2023,2023-07-06,717470,15.0,503586,1.0
2023,2023-07-06,717462,22.0,596805,1.0
2023,2023-07-07,717457,2394.0,573769,1.0
2023,2023-07-07,717460,12.0,483569,1.0
2023,2023-07-07,717466,4169.0,427197,1.0
2023,2023-07-07,717465,3309.0,665297,1.0
2023,2023-07-07,717464,3313.0,503493,1.0
2023,2023-07-07,717463,5.0,639723,1.0
2023,2023-07-07,717461,3.0,482641,1.0
2023,2023-07-07,717453,2392.0,427366,1.0
2023,2023-07-07,717458,3312.0,483912,1.0
2023,2023-07-07,717455,4.0,427139,1.0
2023,2023-07-07,717459,32.0,503502,1.0
2023,2023-07-07,717452,15.0,503077,1.0
2023,2023-07-07,717454,2680.0,428442,1.0
2023,2023-07-07,717456,22.0,665281,1.0
2023,2023-07-07,717448,2395.0,483564,1.0
2023,2023-07-08,717447,3313.0,484198,1.0
2023,2023-07-08,717442,2394.0,623938,1.0
2023,2023-07-08,717446,3312.0,521251,1.0
2023,2023-07-08,717445,4.0,483561,1.0
2023,2023-07-08,717451,2395.0,575629,1.0
2023,2023-07-08,717450,3309.0,573597,1.0
2023,2023-07-08,717443,5.0,658292,1.0
2023,2023-07-08,717449,3.0,427093,1.0
2023,2023-07-08,717439,15.0,427128,1.0
2023,2023-07-08,717438,4169.0,608158,1.0
2023,2023-07-08,717444,32.0,483630,1.0
2023,2023-07-08,717440,2392.0,573596,1.0
2023,2023-07-08,717441,12.0,594151,1.0
2023,2023-07-08,717437,22.0,504381,1.0
2023,2023-07-08,717436,2680.0,482666,1.0
2023,2023-07-09,717432,3309.0,644760,1.0
2023,2023-07-09,717435,3.0,621660,1.0
2023,2023-07-09,717433,3313.0,623945,1.0
2023,2023-07-09,717434,5.0,622329,1.0
2023,2023-07-09,717431,2394.0,427164,1.0
2023,2023-07-09,717429,12.0,577468,1.0
2023,2023-07-09,717426,4169.0,554242,1.0
2023,2023-07-09,717430,2392.0,664263,1.0
2023,2023-07-09,717428,3312.0,427362,1.0
2023,2023-07-09,717424,4.0,427315,1.0
2023,2023-07-09,717427,32.0,482663,1.0
2023,2023-07-09,717422,2395.0,483919,1.0
2023,2023-07-09,717425,15.0,427344,1.0
2023,2023-07-09,717423,2680.0,623949,1.0
2023,2023-07-14,717418,2681.0,483564,1.0
2023,2023-07-14,717416,31.0,490319,1.0
2023,2023-07-14,717407,2889.0,427344,1.0
2023,2023-07-14,717417,2.0,596805,1.0
2023,2023-07-14,717420,14.0,427197,1.0
2023,2023-07-14,717413,3289.0,427413,1.0
2023,2023-07-14,717412,2602.0,598411,1.0
2023,2023-07-14,717414,4705.0,427013,1.0
2023,2023-07-14,717419,17.0,503490,1.0
2023,2023-07-14,717415,5325.0,483919,1.0
2023,2023-07-14,717410,19.0,503077,1.0
2023,2023-07-14,717405,1.0,427292,1.0
2023,2023-07-14,717409,10.0,544728,1.0
2023,2023-07-14,717406,680.0,427243,1.0
2023,2023-07-15,717411,7.0,554242,1.0
2023,2023-07-15,717408,2681.0,427093,1.0
2023,2023-07-15,717397,2681.0,575629,1.0
2023,2023-07-15,717393,7.0,623938,1.0
2023,2023-07-15,717403,17.0,427362,1.0
2023,2023-07-15,717404,14.0,608093,1.0
2023,2023-07-15,717402,5325.0,427129,1.0
2023,2023-07-15,717398,31.0,639723,1.0
2023,2023-07-15,717401,2.0,428442,1.0
2023,2023-07-15,717399,10.0,605672,1.0
2023,2023-07-15,717392,2602.0,427366,1.0
2023,2023-07-15,717400,3289.0,605673,1.0
2023,2023-07-15,717396,2889.0,665281,1.0
2023,2023-07-15,717395,4705.0,605670,1.0
2023,2023-07-15,717394,19.0,521051,1.0
2023,2023-07-15,717389,1.0,484183,1.0
2023,2023-07-15,717390,680.0,427537,1.0
2023,2023-07-16,717388,31.0,596740,1.0
2023,2023-07-16,717387,2681.0,665576,1.0
2023,2023-07-16,717391,4705.0,596809,1.0
2023,2023-07-16,717384,2.0,482666,1.0
2023,2023-07-16,717386,14.0,427248,1.0
2023,2023-07-16,717383,2602.0,664263,1.0
2023,2023-07-16,717382,7.0,605674,1.0
2023,2023-07-16,717380,2889.0,577468,1.0
2023,2023-07-16,717376,17.0,521251,1.0
2023,2023-07-16,717377,5325.0,608158,1.0
2023,2023-07-16,717378,19.0,483569,1.0
2023,2023-07-16,717379,10.0,431232,1.0
2023,2023-07-16,717373,680.0,623945,1.0
2023,2023-07-16,717385,3289.0,427286,1.0
2023,2023-07-16,717381,1.0,547380,1.0
2023,2023-07-17,717372,2.0,482663,1.0
2023,2023-07-17,717371,31.0,484499,1.0
2023,2023-07-17,717375,2602.0,665297,1.0
2023,2023-07-17,717374,2889.0,429805,1.0
2023,2023-07-17,717370,17.0,623949,1.0
2023,2023-07-17,717367,5325.0,427292,1.0
2023,2023-07-17,717368,7.0,427139,1.0
2023,2023-07-17,717369,1.0,483630,1.0
2023,2023-07-17,717366,10.0,621660,1.0
2023,2023-07-17,717365,680.0,427554,1.0
2023,2023-07-18,717363,2681.0,483561,1.0
2023,2023-07-18,717361,2.0,427197,1.0
2023,2023-07-18,717364,31.0,482641,1.0
2023,2023-07-18,717362,14.0,623946,1.0
2023,2023-07-18,717359,3289.0,482631,1.0
2023,2023-07-18,717358,4705.0,573596,1.0
2023,2023-07-18,717357,2889.0,427413,1.0
2023,2023-07-18,717353,17.0,596805,1.0
2023,2023-07-18,717354,5325.0,484183,1.0
2023,2023-07-18,717356,7.0,594151,1.0
2023,2023-07-18,717355,19.0,605671,1.0
2023,2023-07-18,717352,1.0,503502,1.0
2023,2023-07-18,717349,10.0,503077,1.0
2023,2023-07-18,717350,680.0,483912,1.0
2023,2023-07-18,717360,2602.0,573597,1.0
2023,2023-07-19,717348,31.0,573769,1.0
2023,2023-07-19,717343,2.0,554242,1.0
2023,2023-07-19,717346,5325.0,665576,1.0
2023,2023-07-19,717351,2889.0,605673,1.0
2023,2023-07-19,717345,19.0,544728,1.0
2023,2023-07-19,717344,10.0,521051,1.0
2023,2023-07-19,717347,2681.0,658292,1.0
2023,2023-07-19,717338,14.0,427129,1.0
2023,2023-07-19,717339,1.0,427243,1.0
2023,2023-07-19,717342,2602.0,644760,1.0
2023,2023-07-19,717341,3289.0,427164,1.0
2023,2023-07-19,717340,4705.0,598411,1.0
2023,2023-07-19,717336,17.0,428442,1.0
2023,2023-07-19,717333,7.0,665281,1.0
2023,2023-07-19,717335,680.0,503493,1.0
2023,2023-07-20,717337,4705.0,427366,1.0
2023,2023-07-20,717334,2602.0,427248,1.0
2023,2023-07-20,717329,2681.0,490319,1.0
2023,2023-07-20,717331,14.0,521889,1.0
2023,2023-07-20,717330,3289.0,623938,1.0
2023,2023-07-20,717332,7.0,427315,1.0
2023,2023-07-20,717327,680.0,484198,1.0
2023,2023-07-20,717328,12.0,608093,1.0
2023,2023-07-20,717322,17.0,596740,1.0
2023,2023-07-20,717323,10.0,427537,1.0
2023,2023-07-21,717325,17.0,427292,1.0
2023,2023-07-21,717317,2394.0,427286,1.0
2023,2023-07-21,717320,12.0,484499,1.0
2023,2023-07-21,717319,4169.0,605674,1.0
2023,2023-07-21,717326,3309.0,605672,1.0
2023,2023-07-21,717318,3313.0,639723,1.0
2023,2023-07-21,717321,2602.0,608158,1.0
2023,2023-07-21,717324,3.0,427139,1.0
2023,2023-07-21,717315,5.0,665297,1.0
2023,2023-07-21,717316,5325.0,664263,1.0
2023,2023-07-21,717314,3312.0,482666,1.0
2023,2023-07-21,717313,32.0,427533,1.0
2023,2023-07-21,717312,1.0,427554,1.0
2023,2023-07-21,717310,10.0,483630,1.0
2023,2023-07-21,717311,680.0,483569,1.0
2023,2023-07-22,717304,3313.0,483561,1.0
2023,2023-07-22,717306,4169.0,482631,1.0
2023,2023-07-22,717308,17.0,484183,1.0
2023,2023-07-22,717305,5325.0,573596,1.0
2023,2023-07-22,717303,2602.0,482663,1.0
2023,2023-07-22,717300,12.0,482641,1.0
2023,2023-07-22,717301,680.0,621660,1.0
2023,2023-07-22,717299,2394.0,429805,1.0
2023,2023-07-22,717307,3309.0,431232,1.0
2023,2023-07-22,717309,3.0,594151,1.0
2023,2023-07-22,717302,5.0,573597,1.0
2023,2023-07-22,717293,3312.0,623949,1.0
2023,2023-07-22,717296,32.0,623946,1.0
2023,2023-07-22,717295,10.0,503502,1.0
2023,2023-07-22,717297,1.0,483912,1.0
2023,2023-07-23,717288,2394.0,427413,1.0
2023,2023-07-23,717290,3309.0,605671,1.0
2023,2023-07-23,717294,3313.0,427053,1.0
2023,2023-07-23,717289,2602.0,427197,1.0
2023,2023-07-23,717291,12.0,573769,1.0
2023,2023-07-23,717283,5.0,644760,1.0
2023,2023-07-23,717292,4169.0,427164,1.0
2023,2023-07-23,717285,3312.0,596805,1.0
2023,2023-07-23,717287,32.0,427129,1.0
2023,2023-07-23,717286,17.0,665576,1.0
2023,2023-07-23,717284,5325.0,598411,1.0
2023,2023-07-23,717279,10.0,427243,1.0
2023,2023-07-23,717278,1.0,503493,1.0
2023,2023-07-23,717281,680.0,503077,1.0
2023,2023-07-23,717298,3.0,665281,1.0
2023,2023-07-24,717280,2681.0,504381,1.0
2023,2023-07-24,717282,3309.0,596740,1.0
2023,2023-07-24,717277,5.0,427366,1.0
2023,2023-07-24,717275,3312.0,427128,1.0
2023,2023-07-24,717274,2392.0,483564,1.0
2023,2023-07-24,717273,32.0,608093,1.0
2023,2023-07-24,717276,2680.0,427537,1.0
2023,2023-07-24,717268,15.0,428442,1.0
2023,2023-07-24,717271,22.0,503490,1.0
2023,2023-07-25,717265,2394.0,503586,1.0
2023,2023-07-25,717267,2681.0,427013,1.0
2023,2023-07-25,717270,12.0,427286,1.0
2023,2023-07-25,717269,3309.0,547380,1.0
2023,2023-07-25,717266,3313.0,427315,1.0
2023,2023-07-25,717260,5.0,664263,1.0
2023,2023-07-25,717261,3.0,623938,1.0
2023,2023-07-25,717264,3312.0,427344,1.0
2023,2023-07-25,717255,2392.0,427093,1.0
2023,2023-07-25,717263,4.0,521051,1.0
2023,2023-07-25,717262,32.0,484499,1.0
2023,2023-07-25,717258,2680.0,483630,1.0
2023,2023-07-25,717259,15.0,482666,1.0
2023,2023-07-25,717272,2395.0,484198,1.0
2023,2023-07-25,717256,22.0,427044,1.0
2023,2023-07-26,717257,3309.0,427292,1.0
2023,2023-07-26,717252,12.0,429805,1.0
2023,2023-07-26,717249,5.0,573596,1.0
2023,2023-07-26,717250,3312.0,489985,1.0
2023,2023-07-26,717254,32.0,482641,1.0
2023,2023-07-26,717244,15.0,623949,1.0
2023,2023-07-26,717246,2680.0,607884,1.0
2023,2023-07-26,717253,22.0,521251,1.0
2023,2023-07-26,717245,2681.0,605670,1.0
2023,2023-07-26,717248,3313.0,427139,1.0
2023,2023-07-26,717242,3.0,605674,1.0
2023,2023-07-26,717239,2392.0,483919,1.0
2023,2023-07-26,717240,4.0,483569,1.0
2023,2023-07-26,717251,2395.0,427554,1.0
2023,2023-07-27,717247,2394.0,639723,1.0
2023,2023-07-27,717243,2394.0,658292,1.0
2023,2023-07-27,717241,3289.0,621660,1.0
2023,2023-07-27,717238,2889.0,596809,1.0
2023,2023-07-27,717233,4.0,427413,1.0
2023,2023-07-28,717236,4169.0,484183,1.0
2023,2023-07-28,717234,31.0,598411,1.0
2023,2023-07-28,717237,2.0,575629,1.0
2023,2023-07-28,717235,14.0,482631,1.0
2023,2023-07-28,717230,3289.0,503077,1.0
2023,2023-07-28,717228,4.0,605673,1.0
2023,2023-07-28,717231,4705.0,594151,1.0
2023,2023-07-28,717229,2392.0,427053,1.0
2023,2023-07-28,717232,7.0,483912,1.0
2023,2023-07-28,717226,2889.0,504381,1.0
2023,2023-07-28,717227,19.0,577468,1.0
2023,2023-07-28,717223,15.0,427362,1.0
2023,2023-07-28,717224,2680.0,503502,1.0
2023,2023-07-28,717225,22.0,427243,1.0
2023,2023-07-28,717220,2395.0,511890,1.0
2023,2023-07-29,717222,14.0,427164,1.0
2023,2023-07-29,717218,4169.0,596740,1.0
2023,2023-07-29,717216,31.0,427366,1.0
2023,2023-07-29,717215,3289.0,521051,1.0
2023,2023-07-29,717207,7.0,503493,1.0
2023,2023-07-29,717217,4.0,427286,1.0
2023,2023-07-29,717221,2395.0,608093,1.0
2023,2023-07-29,717213,2889.0,427013,1.0
2023,2023-07-29,717214,2392.0,503586,1.0
2023,2023-07-29,717219,2.0,483564,1.0
2023,2023-07-29,717211,4705.0,483561,1.0
2023,2023-07-29,717212,19.0,427128,1.0
2023,2023-07-29,717210,15.0,503490,1.0
2023,2023-07-29,717209,2680.0,428442,1.0
2023,2023-07-29,717205,22.0,427537,1.0
2023,2023-07-30,717201,14.0,623938,1.0
2023,2023-07-30,717208,31.0,664263,1.0
2023,2023-07-30,717206,4705.0,427315,1.0
2023,2023-07-30,717203,3289.0,483569,1.0
2023,2023-07-30,717202,4169.0,547380,1.0
2023,2023-07-30,717196,2392.0,658292,1.0
2023,2023-07-30,717198,7.0,484198,1.0
2023,2023-07-30,717204,4.0,429805,1.0
2023,2023-07-30,717195,2889.0,605670,1.0
2023,2023-07-30,717199,19.0,427344,1.0
2023,2023-07-30,717197,2395.0,484499,1.0
2023,2023-07-30,717194,22.0,483630,1.0
2023,2023-07-30,717193,15.0,427044,1.0
2023,2023-07-30,717191,2680.0,482666,1.0
2023,2023-07-30,717200,2.0,427093,1.0
2023,2023-07-31,717189,4169.0,483919,1.0
2023,2023-07-31,717185,3313.0,521889,1.0
2023,2023-07-31,717192,3309.0,427413,1.0
2023,2023-07-31,717186,14.0,573769,1.0
2023,2023-07-31,717187,4705.0,544728,1.0
2023,2023-07-31,717188,17.0,490319,1.0
2023,2023-07-31,717184,2392.0,482641,1.0
2023,2023-07-31,717179,19.0,554242,1.0
2023,2023-07-31,717181,680.0,596805,1.0
2023,2023-07-31,717190,2395.0,427248,1.0
2023,2023-08-01,717182,4169.0,575629,1.0
2023,2023-08-01,717178,31.0,489985,1.0
2023,2023-08-01,717175,3313.0,427533,1.0
2023,2023-08-01,717183,3309.0,605673,1.0
2023,2023-08-01,717177,14.0,483912,1.0
2023,2023-08-01,717176,4705.0,605672,1.0
2023,2023-08-01,717174,2889.0,521251,1.0
2023,2023-08-01,717173,17.0,427053,1.0
2023,2023-08-01,717168,5325.0,621660,1.0
2023,2023-08-01,717172,2392.0,511890,1.0
2023,2023-08-01,717170,7.0,503502,1.0
2023,2023-08-01,717169,19.0,482663,1.0
2023,2023-08-01,717167,680.0,623949,1.0
2023,2023-08-01,717180,2395.0,545402,1.0
2023,2023-08-01,717171,22.0,596809,1.0
2023,2023-08-02,717165,4705.0,431232,1.0
2023,2023-08-02,717166,31.0,577468,1.0
2023,2023-08-02,717162,3309.0,427220,1.0
2023,2023-08-02,717163,2392.0,608093,1.0
2023,2023-08-02,717158,19.0,608158,1.0
2023,2023-08-02,717161,680.0,482666,1.0
2023,2023-08-02,717159,4169.0,483564,1.0
2023,2023-08-02,717160,3313.0,623946,1.0
2023,2023-08-02,717157,14.0,503493,1.0
2023,2023-08-02,717155,2889.0,427362,1.0
2023,2023-08-02,717153,17.0,503586,1.0
2023,2023-08-02,717152,5325.0,503077,1.0
2023,2023-08-02,717156,7.0,427243,1.0
2023,2023-08-02,717164,2395.0,573597,1.0
2023,2023-08-02,717154,22.0,504381,1.0
2023,2023-08-03,717147,4169.0,427093,1.0
2023,2023-08-03,717149,5325.0,521051,1.0
2023,2023-08-03,717148,7.0,427537,1.0
2023,2023-08-03,717150,14.0,427554,1.0
2023,2023-08-03,717151,2395.0,644760,1.0
2023,2023-08-03,717142,3313.0,429805,1.0
2023,2023-08-03,717143,32.0,427197,1.0
2023,2023-08-03,717145,2889.0,503490,1.0
2023,2023-08-03,717146,17.0,658292,1.0
2023,2023-08-03,717144,1.0,607884,1.0
2023,2023-08-03,717137,22.0,427013,1.0
2023,2023-08-04,717141,17.0,483630,1.0
2023,2023-08-04,717139,2602.0,427286,1.0
2023,2023-08-04,717135,2394.0,483919,1.0
2023,2023-08-04,717134,2.0,605671,1.0
2023,2023-08-04,717140,2681.0,427044,1.0
2023,2023-08-04,717138,3313.0,427413,1.0
2023,2023-08-04,717136,3.0,427128,1.0
2023,2023-08-04,717132,5.0,427129,1.0
2023,2023-08-04,717133,5325.0,573769,1.0
2023,2023-08-04,717128,3312.0,483569,1.0
2023,2023-08-04,717131,32.0,554242,1.0
2023,2023-08-04,717127,2889.0,490319,1.0
2023,2023-08-04,717130,1.0,482641,1.0
2023,2023-08-04,717129,2680.0,427248,1.0
2023,2023-08-05,717126,3313.0,605673,1.0
2023,2023-08-05,717122,2394.0,575629,1.0
2023,2023-08-05,717121,17.0,503502,1.0
2023,2023-08-05,717124,5325.0,483912,1.0
2023,2023-08-05,717120,2602.0,596805,1.0
2023,2023-08-05,717125,3.0,427344,1.0
2023,2023-08-05,717123,2681.0,521251,1.0
2023,2023-08-05,717114,2.0,544728,1.0
2023,2023-08-05,717117,10.0,605670,1.0
2023,2023-08-05,717118,3312.0,621660,1.0
2023,2023-08-05,717115,5.0,427533,1.0
2023,2023-08-05,717116,32.0,482663,1.0
2023,2023-08-05,717119,2889.0,427053,1.0
2023,2023-08-05,717112,2680.0,545402,1.0
2023,2023-08-05,717109,1.0,511890,1.0
2023,2023-08-06,717108,5.0,521889,1.0
2023,2023-08-06,717107,2.0,605672,1.0
2023,2023-08-06,717111,3.0,489985,1.0
2023,2023-08-06,717113,2681.0,427362,1.0
2023,2023-08-06,717110,3313.0,427220,1.0
2023,2023-08-06,717104,2602.0,623949,1.0
2023,2023-08-06,717103,2394.0,483564,1.0
2023,2023-08-06,717106,3312.0,503077,1.0
2023,2023-08-06,717105,32.0,608158,1.0
2023,2023-08-06,717099,2889.0,503586,1.0
2023,2023-08-06,717098,17.0,427243,1.0
2023,2023-08-06,717102,5325.0,503493,1.0
2023,2023-08-06,717101,1.0,608093,1.0
2023,2023-08-06,717100,10.0,596809,1.0
2023,2023-08-06,717093,2680.0,573597,1.0
2023,2023-08-07,717094,2680.0,607884,1.0
2023,2023-08-07,717091,2394.0,573596,1.0
2023,2023-08-07,717097,2602.0,577468,1.0
2023,2023-08-07,717095,31.0,427554,1.0
2023,2023-08-07,717089,3.0,521051,1.0
2023,2023-08-07,717092,3289.0,594151,1.0
2023,2023-08-07,717087,5.0,431232,1.0
2023,2023-08-07,717088,4.0,427113,1.0
2023,2023-08-07,717086,32.0,623946,1.0
2023,2023-08-07,717090,1.0,596740,1.0
2023,2023-08-07,717081,10.0,644760,1.0
2023,2023-08-08,717096,2681.0,658292,1.0
2023,2023-08-08,717082,2681.0,490319,1.0
2023,2023-08-08,717085,12.0,428442,1.0
2023,2023-08-08,717076,2394.0,598411,1.0
2023,2023-08-08,717083,2602.0,427128,1.0
2023,2023-08-08,717084,2.0,427197,1.0
2023,2023-08-08,717079,31.0,573769,1.0
2023,2023-08-08,717077,3.0,483569,1.0
2023,2023-08-08,717080,3289.0,483561,1.0
2023,2023-08-08,717074,5.0,605671,1.0
2023,2023-08-08,717075,4.0,482631,1.0
2023,2023-08-08,717078,32.0,427129,1.0
2023,2023-08-08,717068,1.0,484183,1.0
2023,2023-08-08,717073,15.0,482641,1.0
2023,2023-08-08,717072,680.0,427139,1.0
2023,2023-08-08,717069,10.0,427248,1.0
2023,2023-08-09,717070,2602.0,427344,1.0
2023,2023-08-09,717065,32.0,483630,1.0
2023,2023-08-09,717063,10.0,545402,1.0
2023,2023-08-09,717064,12.0,596805,1.0
2023,2023-08-09,717061,2394.0,608158,1.0
2023,2023-08-09,717066,2681.0,639723,1.0
2023,2023-08-09,717067,2.0,554242,1.0
2023,2023-08-09,717058,31.0,483912,1.0
2023,2023-08-09,717059,3.0,621660,1.0
2023,2023-08-09,717062,3289.0,605674,1.0
2023,2023-08-09,717060,5.0,544728,1.0
2023,2023-08-09,717054,4.0,427164,1.0
2023,2023-08-09,717071,1.0,427292,1.0
2023,2023-08-09,717057,15.0,484499,1.0
2023,2023-08-09,717055,680.0,427013,1.0
2023,2023-08-10,717053,2.0,482663,1.0
2023,2023-08-10,717056,31.0,484198,1.0
2023,2023-08-10,717052,5.0,605672,1.0
2023,2023-08-10,717050,2394.0,427366,1.0
2023,2023-08-10,717048,12.0,623949,1.0
2023,2023-08-10,717049,2681.0,503586,1.0
2023,2023-08-10,717051,3.0,503077,1.0
2023,2023-08-10,717045,22.0,623938,1.0
2023,2023-08-11,717038,12.0,608093,1.0
2023,2023-08-11,717047,4169.0,482666,1.0
2023,2023-08-11,717043,3309.0,521051,1.0
2023,2023-08-11,717046,31.0,431232,1.0
2023,2023-08-11,717044,2681.0,521889,1.0
2023,2023-08-11,717041,14.0,573596,1.0
2023,2023-08-11,717042,3.0,427554,1.0
2023,2023-08-11,717040,3289.0,490319,1.0
2023,2023-08-11,717037,2392.0,427315,1.0
2023,2023-08-11,717039,7.0,427520,1.0
2023,2023-08-11,717036,4.0,547380,1.0
2023,2023-08-11,717035,15.0,489985,1.0
2023,2023-08-11,717032,22.0,427113,1.0
2023,2023-08-11,717034,680.0,573597,1.0
2023,2023-08-11,717031,2395.0,605670,1.0
2023,2023-08-12,717021,3289.0,639723,1.0
2023,2023-08-12,717026,14.0,598411,1.0
2023,2023-08-12,717033,3.0,573769,1.0
2023,2023-08-12,717024,12.0,511890,1.0
2023,2023-08-12,717025,4169.0,427220,1.0
2023,2023-08-12,717028,2681.0,623946,1.0
2023,2023-08-12,717030,3309.0,483569,1.0
2023,2023-08-12,717019,7.0,427197,1.0
2023,2023-08-12,717022,2392.0,594151,1.0
2023,2023-08-12,717023,4.0,596740,1.0
2023,2023-08-12,717020,15.0,577468,1.0
2023,2023-08-12,717029,2395.0,596809,1.0
2023,2023-08-12,717017,22.0,482631,1.0
2023,2023-08-12,717018,680.0,644760,1.0
2023,2023-08-13,717027,31.0,544728,1.0
2023,2023-08-13,717014,3.0,483912,1.0
2023,2023-08-13,717016,3309.0,621660,1.0
2023,2023-08-13,717015,31.0,605671,1.0
2023,2023-08-13,717009,2681.0,623945,1.0
2023,2023-08-13,717012,14.0,608158,1.0
2023,2023-08-13,717010,12.0,482641,1.0
2023,2023-08-13,717011,4169.0,428442,1.0
2023,2023-08-13,717004,2392.0,483561,1.0
2023,2023-08-13,717006,4.0,484183,1.0
2023,2023-08-13,717008,2395.0,427139,1.0
2023,2023-08-13,717007,22.0,427164,1.0
2023,2023-08-13,717003,15.0,427128,1.0
2023,2023-08-13,717005,680.0,427248,1.0
2023,2023-08-13,717013,3289.0,503586,1.0
2023,2023-08-14,717000,4169.0,484499,1.0
2023,2023-08-14,717002,3289.0,427093,1.0
2023,2023-08-14,717001,4705.0,503490,1.0
2023,2023-08-14,716995,2889.0,554242,1.0
2023,2023-08-14,716997,5325.0,427537,1.0
2023,2023-08-14,716994,7.0,596805,1.0
2023,2023-08-14,716998,19.0,427286,1.0
2023,2023-08-14,716996,2680.0,623938,1.0
2023,2023-08-14,716999,2395.0,427344,1.0
2023,2023-08-15,716992,2602.0,484198,1.0
2023,2023-08-15,716991,4169.0,608093,1.0
2023,2023-08-15,716993,3309.0,427129,1.0
2023,2023-08-15,716990,14.0,605674,1.0
2023,2023-08-15,716988,3289.0,483919,1.0
2023,2023-08-15,716987,4705.0,427044,1.0
2023,2023-08-15,716983,3312.0,623949,1.0
2023,2023-08-15,716984,2889.0,482663,1.0
2023,2023-08-15,716985,5325.0,483630,1.0
2023,2023-08-15,716986,17.0,427053,1.0
2023,2023-08-15,716981,7.0,482666,1.0
2023,2023-08-15,716978,19.0,429805,1.0
2023,2023-08-15,716980,2680.0,427113,1.0
2023,2023-08-15,716989,2395.0,489985,1.0
2023,2023-08-15,716979,22.0,504381,1.0
2023,2023-08-16,716974,3289.0,575629,1.0
2023,2023-08-16,716976,3312.0,573597,1.0
2023,2023-08-16,716977,19.0,605673,1.0
2023,2023-08-16,716975,2395.0,577468,1.0
2023,2023-08-16,716973,2602.0,545402,1.0
2023,2023-08-16,716972,4169.0,511890,1.0
2023,2023-08-16,716969,2889.0,427520,1.0
2023,2023-08-16,716982,3309.0,521889,1.0
2023,2023-08-16,716967,14.0,427315,1.0
2023,2023-08-16,716970,4705.0,521251,1.0
2023,2023-08-16,716971,5325.0,503502,1.0
2023,2023-08-16,716968,17.0,490319,1.0
2023,2023-08-16,716963,7.0,427220,1.0
2023,2023-08-16,716965,2680.0,482631,1.0
2023,2023-08-16,716962,22.0,605670,1.0
2023,2023-08-17,716964,7.0,428442,1.0
2023,2023-08-17,716966,3309.0,427533,1.0
2023,2023-08-17,716958,2889.0,427243,1.0
2023,2023-08-17,716957,2680.0,608158,1.0
2023,2023-08-17,716961,22.0,427197,1.0
2023,2023-08-18,716959,5.0,503490,1.0
2023,2023-08-18,716955,17.0,427128,1.0
2023,2023-08-18,716956,5.0,427362,1.0
2023,2023-08-18,716954,2602.0,483564,1.0
2023,2023-08-18,716960,3309.0,427554,1.0
2023,2023-08-18,716953,3313.0,484499,1.0
2023,2023-08-18,716949,4705.0,596805,1.0
2023,2023-08-18,716950,5325.0,639723,1.0
2023,2023-08-18,716948,2392.0,623945,1.0
2023,2023-08-18,716951,3312.0,427164,1.0
2023,2023-08-18,716952,2889.0,427537,1.0
2023,2023-08-18,716947,19.0,644760,1.0
2023,2023-08-18,716945,1.0,596809,1.0
2023,2023-08-18,716944,10.0,621660,1.0
2023,2023-08-18,716942,2680.0,554242,1.0
2023,2023-08-18,716946,22.0,594151,1.0
2023,2023-08-19,716943,3313.0,605671,1.0
2023,2023-08-19,716937,17.0,427344,1.0
2023,2023-08-19,716909,22.0,483561,1.0
2023,2023-08-19,716926,22.0,605674,1.0
2023,2023-08-19,716919,2680.0,482663,1.0
2023,2023-08-19,716931,2680.0,427520,1.0
2023,2023-08-19,716941,3309.0,483912,1.0
2023,2023-08-19,716938,5325.0,503586,1.0
2023,2023-08-19,716915,1.0,504381,1.0
2023,2023-08-19,716925,1.0,605670,1.0
2023,2023-08-19,716935,2602.0,427093,1.0
2023,2023-08-19,716939,5.0,427044,1.0
2023,2023-08-19,716932,2392.0,427129,1.0
2023,2023-08-19,716936,3312.0,623938,1.0
2023,2023-08-19,716940,2889.0,483630,1.0
2023,2023-08-19,716934,4705.0,482666,1.0
2023,2023-08-19,716933,19.0,427248,1.0
2023,2023-08-19,716930,10.0,427286,1.0
2023,2023-08-20,716920,2392.0,521889,1.0
2023,2023-08-20,716927,4705.0,427220,1.0
2023,2023-08-20,716928,3313.0,608093,1.0
2023,2023-08-20,716922,5.0,521251,1.0
2023,2023-08-20,716924,2602.0,483919,1.0
2023,2023-08-20,716923,3312.0,427113,1.0
2023,2023-08-20,716921,2889.0,503502,1.0
2023,2023-08-20,716917,17.0,489985,1.0
2023,2023-08-20,716918,5325.0,427053,1.0
2023,2023-08-20,716916,19.0,623949,1.0
2023,2023-08-20,716914,10.0,429805,1.0
2023,2023-08-20,716929,2735.0,503493,1.0
2023,2023-08-21,716913,2394.0,547380,1.0
2023,2023-08-21,716911,2681.0,503077,1.0
2023,2023-08-21,716912,31.0,490319,1.0
2023,2023-08-21,716910,4705.0,482641,1.0
2023,2023-08-21,716908,2392.0,427366,1.0
2023,2023-08-21,716905,4.0,575629,1.0
2023,2023-08-21,716904,10.0,431232,1.0
2023,2023-08-21,716906,15.0,427139,1.0
2023,2023-08-21,716907,2680.0,605673,1.0
2023,2023-08-23,716903,1.0,482663,1.0
2023,2023-08-22,716896,2394.0,596740,1.0
2023,2023-08-22,716898,12.0,482631,1.0
2023,2023-08-22,716899,2681.0,521051,1.0
2023,2023-08-22,716901,31.0,639723,1.0
2023,2023-08-22,716902,2.0,573597,1.0
2023,2023-08-22,716900,3313.0,427013,1.0
2023,2023-08-22,716897,5.0,427533,1.0
2023,2023-08-22,716891,4705.0,484499,1.0
2023,2023-08-22,716895,2392.0,573596,1.0
2023,2023-08-22,716893,4.0,483564,1.0
2023,2023-08-22,716894,32.0,427362,1.0
2023,2023-08-22,716892,1.0,608158,1.0
2023,2023-08-22,716888,10.0,544728,1.0
2023,2023-08-22,716889,15.0,427315,1.0
2023,2023-08-22,716887,2680.0,621660,1.0
2023,2023-08-23,716886,31.0,503586,1.0
2023,2023-08-23,716885,2394.0,545402,1.0
2023,2023-08-23,716881,4.0,427093,1.0
2023,2023-08-23,716882,32.0,503490,1.0
2023,2023-08-23,716884,10.0,607884,1.0
2023,2023-08-23,716879,2681.0,658082,1.0
2023,2023-08-23,716890,1.0,554242,1.0
2023,2023-08-23,716883,2680.0,427197,1.0
2023,2023-08-23,716880,12.0,427164,1.0
2023,2023-08-23,716874,2.0,644760,1.0
2023,2023-08-23,716877,3313.0,594151,1.0
2023,2023-08-23,716875,5.0,623946,1.0
2023,2023-08-23,716876,4705.0,605671,1.0
2023,2023-08-23,716878,2392.0,665297,1.0
2023,2023-08-24,716872,3313.0,504381,1.0
2023,2023-08-24,716869,12.0,623938,1.0
2023,2023-08-24,716873,2392.0,598411,1.0
2023,2023-08-24,716871,5.0,427129,1.0
2023,2023-08-24,716870,31.0,483569,1.0
2023,2023-08-24,716865,2.0,427248,1.0
2023,2023-08-24,716867,3312.0,484183,1.0
2023,2023-08-24,716864,4.0,521251,1.0
2023,2023-08-24,716868,15.0,427044,1.0
2023,2023-08-25,716858,2394.0,427113,1.0
2023,2023-08-25,716863,4169.0,427366,1.0
2023,2023-08-25,716854,12.0,623949,1.0
2023,2023-08-25,716859,2.0,483919,1.0
2023,2023-08-25,716862,31.0,503077,1.0
2023,2023-08-25,716861,2681.0,521889,1.0
2023,2023-08-25,716860,14.0,608093,1.0
2023,2023-08-25,716866,3.0,427053,1.0
2023,2023-08-25,716855,3289.0,605672,1.0
2023,2023-08-25,716856,4.0,427520,1.0
2023,2023-08-25,716850,3312.0,547380,1.0
2023,2023-08-25,716857,32.0,605670,1.0
2023,2023-08-25,716851,15.0,658292,1.0
2023,2023-08-25,716853,680.0,511890,1.0
2023,2023-08-25,716852,2395.0,429805,1.0
2023,2023-08-26,716846,14.0,482641,1.0
2023,2023-08-26,716848,2395.0,605673,1.0
2023,2023-08-26,716849,3.0,490319,1.0
2023,2023-08-26,716832,680.0,605674,1.0
2023,2023-08-26,716844,4169.0,573596,1.0
2023,2023-08-26,716845,12.0,573597,1.0
2023,2023-08-26,716843,2394.0,482631,1.0
2023,2023-08-26,716837,2.0,484499,1.0
2023,2023-08-26,716840,3289.0,431232,1.0
2023,2023-08-26,716841,4.0,608158,1.0
2023,2023-08-26,716838,32.0,427013,1.0
2023,2023-08-26,716842,31.0,521051,1.0
2023,2023-08-26,716839,3312.0,596740,1.0
2023,2023-08-26,716847,2681.0,427533,1.0
2023,2023-08-26,716833,15.0,427362,1.0
2023,2023-08-27,716829,3289.0,544728,1.0
2023,2023-08-27,716836,2.0,483564,1.0
2023,2023-08-27,716831,3.0,639723,1.0
2023,2023-08-27,716834,31.0,658082,1.0
2023,2023-08-27,716835,2681.0,623946,1.0
2023,2023-08-27,716825,14.0,575629,1.0
2023,2023-08-27,716830,2394.0,427164,1.0
2023,2023-08-27,716827,4169.0,665297,1.0
2023,2023-08-27,716828,12.0,644760,1.0
2023,2023-08-27,716824,3312.0,545402,1.0
2023,2023-08-27,716826,4.0,482663,1.0
2023,2023-08-27,716822,32.0,594151,1.0
2023,2023-08-27,716821,15.0,503490,1.0
2023,2023-08-27,716820,680.0,427139,1.0
2023,2023-08-27,716819,2395.0,621660,1.0
2023,2023-08-28,716817,2681.0,623938,1.0
2023,2023-08-28,716808,2394.0,483569,1.0
2023,2023-08-28,716815,2.0,427292,1.0
2023,2023-08-28,716816,14.0,607884,1.0
2023,2023-08-28,716814,3.0,427248,1.0
2023,2023-08-28,716818,3289.0,484198,1.0
2023,2023-08-28,716813,3312.0,427537,1.0
2023,2023-08-28,716809,2889.0,427093,1.0
2023,2023-08-28,716810,17.0,428442,1.0
2023,2023-08-28,716811,7.0,598411,1.0
2023,2023-08-28,716812,19.0,483561,1.0
2023,2023-08-28,716804,680.0,427044,1.0
2023,2023-08-28,716823,2395.0,577468,1.0
2023,2023-08-28,716805,22.0,427197,1.0
2023,2023-08-29,716806,2681.0,427113,1.0
2023,2023-08-29,716807,4169.0,504381,1.0
2023,2023-08-29,716795,2394.0,503077,1.0
2023,2023-08-29,716800,2.0,484183,1.0
2023,2023-08-29,716801,14.0,605672,1.0
2023,2023-08-29,716802,3.0,623949,1.0
2023,2023-08-29,716799,3289.0,427554,1.0
2023,2023-08-29,716796,3312.0,658292,1.0
2023,2023-08-29,716797,2889.0,483919,1.0
2023,2023-08-29,716798,17.0,596805,1.0
2023,2023-08-29,716793,7.0,427366,1.0
2023,2023-08-29,716791,19.0,503502,1.0
2023,2023-08-29,716790,680.0,521251,1.0
2023,2023-08-29,716803,2395.0,427128,1.0
2023,2023-08-29,716792,22.0,427286,1.0
2023,2023-08-30,716787,2681.0,482631,1.0
2023,2023-08-30,716786,2.0,547380,1.0
2023,2023-08-30,716784,3312.0,664265,1.0
2023,2023-08-30,716782,2889.0,575629,1.0
2023,2023-08-30,716779,17.0,482666,1.0
2023,2023-08-30,716785,14.0,431232,1.0
2023,2023-08-30,716789,2395.0,427344,1.0
2023,2023-08-30,716794,3.0,573597,1.0
2023,2023-08-30,716788,680.0,427362,1.0
2023,2023-08-30,716783,3289.0,608158,1.0
2023,2023-08-30,716778,4169.0,596809,1.0
2023,2023-08-30,716781,2394.0,521051,1.0
2023,2023-08-30,716780,7.0,573596,1.0
2023,2023-08-30,716773,19.0,605674,1.0
2023,2023-08-30,716774,22.0,605673,1.0
2023,2023-08-31,716775,2394.0,658082,1.0
2023,2023-08-31,716776,3309.0,644760,1.0
2023,2023-08-31,716777,2680.0,427139,1.0
2023,2023-08-31,716768,22.0,483564,1.0
2023,2023-09-01,716770,2602.0,623938,1.0
2023,2023-09-01,716771,3309.0,427248,1.0
2023,2023-09-01,716769,3289.0,483569,1.0
2023,2023-09-01,716767,5.0,503490,1.0
2023,2023-09-01,716772,5325.0,427197,1.0
2023,2023-09-01,716764,7.0,503493,1.0
2023,2023-09-01,716762,4.0,427013,1.0
2023,2023-09-01,716763,2392.0,544728,1.0
2023,2023-09-01,716765,32.0,483630,1.0
2023,2023-09-01,716766,2889.0,596740,1.0
2023,2023-09-01,716759,19.0,427220,1.0
2023,2023-09-01,716756,15.0,665297,1.0
2023,2023-09-01,716758,10.0,489985,1.0
2023,2023-09-01,716761,2680.0,483561,1.0
2023,2023-09-01,716757,22.0,427093,1.0
2023,2023-09-02,716760,3309.0,623949,1.0
2023,2023-09-02,716755,10.0,577468,1.0
2023,2023-09-02,716754,5.0,427044,1.0
2023,2023-09-02,716753,2602.0,427113,1.0
2023,2023-09-02,716750,7.0,484198,1.0
2023,2023-09-02,716751,3289.0,503077,1.0
2023,2023-09-02,716749,4.0,594151,1.0
2023,2023-09-02,716746,2392.0,607884,1.0
2023,2023-09-02,716744,2889.0,621660,1.0
2023,2023-09-02,716752,5325.0,427286,1.0
2023,2023-09-02,716745,32.0,427537,1.0
2023,2023-09-02,716747,15.0,598411,1.0
2023,2023-09-02,716748,19.0,428442,1.0
2023,2023-09-02,716743,2680.0,503502,1.0
2023,2023-09-02,716741,22.0,483919,1.0
2023,2023-09-03,716738,2602.0,482631,1.0
2023,2023-09-03,716736,32.0,484183,1.0
2023,2023-09-03,716740,3309.0,573597,1.0
2023,2023-09-03,716742,3289.0,521051,1.0
2023,2023-09-03,716739,7.0,427554,1.0
2023,2023-09-03,716734,4.0,504381,1.0
2023,2023-09-03,716733,2889.0,547380,1.0
2023,2023-09-03,716737,5325.0,484499,1.0
2023,2023-09-03,716730,19.0,596805,1.0
2023,2023-09-03,716731,10.0,427128,1.0
2023,2023-09-03,716732,15.0,427366,1.0
2023,2023-09-03,716728,2680.0,605674,1.0
2023,2023-09-03,716729,5.0,521251,1.0
2023,2023-09-03,716725,22.0,575629,1.0
2023,2023-09-03,716735,2392.0,605672,1.0
2023,2023-09-04,716681,7.0,608158,1.0
2023,2023-09-04,716723,17.0,427292,1.0
2023,2023-09-04,716724,5325.0,427129,1.0
2023,2023-09-04,716726,10.0,483564,1.0
2023,2023-09-04,716721,15.0,511890,1.0
2023,2023-09-04,716727,2602.0,427243,1.0
2023,2023-09-04,716722,12.0,554242,1.0
2023,2023-09-04,716719,5.0,431232,1.0
2023,2023-09-04,716718,31.0,427362,1.0
2023,2023-09-04,716720,2680.0,573596,1.0
2023,2023-09-04,716713,1.0,427315,1.0
2023,2023-09-05,716717,5.0,544728,1.0
2023,2023-09-05,716714,31.0,503490,1.0
2023,2023-09-05,716712,2602.0,658292,1.0
2023,2023-09-05,716716,12.0,427520,1.0
2023,2023-09-05,716710,4169.0,482666,1.0
2023,2023-09-05,716715,3309.0,503586,1.0
2023,2023-09-05,716711,3313.0,503493,1.0
2023,2023-09-05,716709,4705.0,427164,1.0
2023,2023-09-05,716708,17.0,596740,1.0
2023,2023-09-05,716704,7.0,427344,1.0
2023,2023-09-05,716705,5325.0,521889,1.0
2023,2023-09-05,716706,1.0,427139,1.0
2023,2023-09-05,716702,15.0,605671,1.0
2023,2023-09-05,716707,10.0,427093,1.0
2023,2023-09-05,716703,2680.0,665297,1.0
2023,2023-09-06,716697,31.0,427044,1.0
2023,2023-09-06,716700,5.0,607884,1.0
2023,2023-09-06,716699,17.0,547380,1.0
2023,2023-09-06,716698,10.0,483919,1.0
2023,2023-09-06,716692,15.0,482641,1.0
2023,2023-09-06,716691,2680.0,598411,1.0
2023,2023-09-06,716693,2602.0,483630,1.0
2023,2023-09-06,716696,12.0,658082,1.0
2023,2023-09-06,716695,4169.0,427220,1.0
2023,2023-09-06,716701,3309.0,427053,1.0
2023,2023-09-06,716694,3313.0,483912,1.0
2023,2023-09-06,716689,4705.0,623938,1.0
2023,2023-09-06,716688,7.0,489985,1.0
2023,2023-09-06,716687,5325.0,427533,1.0
2023,2023-09-06,716690,1.0,483561,1.0
2023,2023-09-07,716683,12.0,608093,1.0
2023,2023-09-07,716682,4169.0,428442,1.0
2023,2023-09-07,716686,3313.0,484198,1.0
2023,2023-09-07,716680,4705.0,427113,1.0
2023,2023-09-07,716685,17.0,623946,1.0
2023,2023-09-07,716684,1.0,427366,1.0
2023,2023-09-08,716678,17.0,427129,1.0
2023,2023-09-08,716677,2602.0,490319,1.0
2023,2023-09-08,716671,12.0,431232,1.0
2023,2023-09-08,716675,2394.0,427243,1.0
2023,2023-09-08,716676,3309.0,482663,1.0
2023,2023-09-08,716679,2681.0,608158,1.0
2023,2023-09-08,716670,3313.0,596805,1.0
2023,2023-09-08,716673,14.0,521251,1.0
2023,2023-09-08,716672,3.0,482631,1.0
2023,2023-09-08,716674,4705.0,577468,1.0
2023,2023-09-08,716665,5325.0,605674,1.0
2023,2023-09-08,716669,2392.0,484499,1.0
2023,2023-09-08,716666,3312.0,484183,1.0
2023,2023-09-08,716667,1.0,573596,1.0
2023,2023-09-08,716668,2395.0,575629,1.0
2023,2023-09-09,716659,3313.0,482666,1.0
2023,2023-09-09,716654,3312.0,427292,1.0
2023,2023-09-09,716660,17.0,521889,1.0
2023,2023-09-09,716661,14.0,427362,1.0
2023,2023-09-09,716662,3309.0,554242,1.0
2023,2023-09-09,716656,12.0,544728,1.0
2023,2023-09-09,716664,3.0,427164,1.0
2023,2023-09-09,716653,2681.0,503493,1.0
2023,2023-09-09,716658,2394.0,658292,1.0
2023,2023-09-09,716655,2602.0,639723,1.0
2023,2023-09-09,716657,5325.0,427315,1.0
2023,2023-09-09,716649,2392.0,511890,1.0
2023,2023-09-09,716651,4705.0,427128,1.0
2023,2023-09-09,716663,2395.0,483564,1.0
2023,2023-09-09,716650,1.0,665297,1.0
2023,2023-09-10,716643,2681.0,483912,1.0
2023,2023-09-10,716645,12.0,607884,1.0
2023,2023-09-10,716648,2394.0,621660,1.0
2023,2023-09-10,716652,3.0,623938,1.0
2023,2023-09-10,716647,3309.0,658082,1.0
2023,2023-09-10,716644,4705.0,427344,1.0
2023,2023-09-10,716646,3313.0,427220,1.0
2023,2023-09-10,716641,14.0,503490,1.0
2023,2023-09-10,716642,2602.0,503586,1.0
2023,2023-09-10,716640,2392.0,605671,1.0
2023,2023-09-10,716639,3312.0,596740,1.0
2023,2023-09-10,716638,17.0,427533,1.0
2023,2023-09-10,716637,5325.0,427139,1.0
2023,2023-09-10,716633,1.0,598411,1.0
2023,2023-09-10,716634,2395.0,427093,1.0
2023,2023-09-11,716590,2681.0,482663,1.0
2023,2023-09-11,716635,31.0,428442,1.0
2023,2023-09-11,716636,2.0,484198,1.0
2023,2023-09-11,716630,14.0,483630,1.0
2023,2023-09-11,716627,3289.0,577468,1.0
2023,2023-09-11,716629,3312.0,427248,1.0
2023,2023-09-11,716626,32.0,427053,1.0
2023,2023-09-11,716624,2392.0,483569,1.0
2023,2023-09-11,716625,19.0,427366,1.0
2023,2023-09-11,716623,680.0,596809,1.0
2023,2023-09-11,716632,2395.0,623946,1.0
2023,2023-09-11,716622,22.0,484183,1.0
2023,2023-09-12,716628,3.0,605673,1.0
2023,2023-09-12,716631,4.0,608093,1.0
2023,2023-09-12,716612,3.0,427286,1.0
2023,2023-09-12,716611,4.0,605672,1.0
2023,2023-09-12,716620,31.0,596805,1.0
2023,2023-09-12,716621,2.0,608158,1.0
2023,2023-09-12,716617,2394.0,482641,1.0
2023,2023-09-12,716618,2681.0,554242,1.0
2023,2023-09-12,716616,14.0,503502,1.0
2023,2023-09-12,716615,3289.0,427128,1.0
2023,2023-09-12,716613,3312.0,644760,1.0
2023,2023-09-12,716610,32.0,490319,1.0
2023,2023-09-12,716614,2392.0,503077,1.0
2023,2023-09-12,716609,19.0,573596,1.0
2023,2023-09-12,716606,680.0,427013,1.0
2023,2023-09-12,716619,2395.0,427129,1.0
2023,2023-09-12,716608,22.0,573769,1.0
2023,2023-09-13,716607,3312.0,573597,1.0
2023,2023-09-13,716599,19.0,598411,1.0
2023,2023-09-13,716605,2395.0,521889,1.0
2023,2023-09-13,716602,680.0,605674,1.0
2023,2023-09-13,716600,31.0,658292,1.0
2023,2023-09-13,716604,2.0,503493,1.0
2023,2023-09-13,716601,2394.0,484499,1.0
2023,2023-09-13,716603,2681.0,482666,1.0
2023,2023-09-13,716594,14.0,427537,1.0
2023,2023-09-13,716595,3289.0,503586,1.0
2023,2023-09-13,716596,2392.0,623949,1.0
2023,2023-09-13,716598,4.0,544728,1.0
2023,2023-09-13,716592,32.0,623945,1.0
2023,2023-09-13,716589,22.0,427292,1.0
2023,2023-09-14,716597,3.0,429805,1.0
2023,2023-09-14,716591,31.0,427220,1.0
2023,2023-09-14,716584,2394.0,511890,1.0
2023,2023-09-14,716593,3.0,605670,1.0
2023,2023-09-14,716585,32.0,639723,1.0
2023,2023-09-14,716588,3289.0,427344,1.0
2023,2023-09-14,716587,14.0,483912,1.0
2023,2023-09-14,716586,2.0,521051,1.0
2023,2023-09-14,716580,4.0,427554,1.0
2023,2023-09-16,716581,19.0,596809,1.0
2023,2023-09-15,716579,31.0,483630,1.0
2023,2023-09-15,716582,4169.0,605671,1.0
2023,2023-09-15,716583,2.0,483569,1.0
2023,2023-09-15,716576,14.0,427053,1.0
2023,2023-09-15,716574,3289.0,482663,1.0
2023,2023-09-15,716575,5.0,483561,1.0
2023,2023-09-15,716573,4.0,484198,1.0
2023,2023-09-15,716577,7.0,428442,1.0
2023,2023-09-15,716578,32.0,427366,1.0
2023,2023-09-15,716572,2889.0,605673,1.0
2023,2023-09-15,716571,19.0,504381,1.0
2023,2023-09-15,716570,1.0,596740,1.0
2023,2023-09-15,716567,15.0,427197,1.0
2023,2023-09-15,716569,10.0,427248,1.0
2023,2023-09-15,716568,680.0,427533,1.0
2023,2023-09-16,716550,19.0,427013,1.0
2023,2023-09-16,716566,14.0,490319,1.0
2023,2023-09-16,716564,10.0,486200,1.0
2023,2023-09-16,716565,4169.0,482641,1.0
2023,2023-09-16,716562,5.0,427128,1.0
2023,2023-09-16,716563,31.0,503502,1.0
2023,2023-09-16,716561,2.0,503077,1.0
2023,2023-09-16,716560,7.0,596805,1.0
2023,2023-09-16,716555,3289.0,427520,1.0
2023,2023-09-16,716556,4.0,608158,1.0
2023,2023-09-16,716559,32.0,665297,1.0
2023,2023-09-16,716557,2889.0,427286,1.0
2023,2023-09-16,716558,15.0,605672,1.0
2023,2023-09-16,716554,1.0,607884,1.0
2023,2023-09-16,716552,680.0,623946,1.0
2023,2023-09-17,716553,2.0,623949,1.0
2023,2023-09-17,716551,31.0,427537,1.0
2023,2023-09-17,716548,14.0,503586,1.0
2023,2023-09-17,716545,3289.0,554242,1.0
2023,2023-09-17,716549,5.0,577468,1.0
2023,2023-09-17,716546,4169.0,511890,1.0
2023,2023-09-17,716547,7.0,658292,1.0
2023,2023-09-17,716542,4.0,503493,1.0
2023,2023-09-17,716543,32.0,573596,1.0
2023,2023-09-17,716541,2889.0,605670,1.0
2023,2023-09-17,716540,19.0,605674,1.0
2023,2023-09-17,716544,1.0,573769,1.0
2023,2023-09-17,716538,10.0,623945,1.0
2023,2023-09-17,716537,680.0,427129,1.0
2023,2023-09-17,716536,15.0,608093,1.0
2023,2023-09-18,716529,7.0,594151,1.0
2023,2023-09-18,716534,2602.0,427243,1.0
2023,2023-09-18,716535,4169.0,598411,1.0
2023,2023-09-18,716539,3309.0,504381,1.0
2023,2023-09-18,716532,4705.0,427113,1.0
2023,2023-09-18,716531,2889.0,521051,1.0
2023,2023-09-18,716533,5325.0,427044,1.0
2023,2023-09-18,716530,2392.0,431232,1.0
2023,2023-09-18,716526,2680.0,429805,1.0
2023,2023-09-18,716527,10.0,547380,1.0
2023,2023-09-18,716528,22.0,483919,1.0
2023,2023-09-19,716524,12.0,521889,1.0
2023,2023-09-19,716522,2602.0,605673,1.0
2023,2023-09-19,716523,4169.0,427366,1.0
2023,2023-09-19,716525,3309.0,596809,1.0
2023,2023-09-19,716520,3313.0,427344,1.0
2023,2023-09-19,716521,4705.0,482631,1.0
2023,2023-09-19,716517,7.0,621660,1.0
2023,2023-09-19,716518,17.0,427554,1.0
2023,2023-09-19,716515,2889.0,483569,1.0
2023,2023-09-19,716519,5325.0,521251,1.0
2023,2023-09-19,716514,2392.0,427093,1.0
2023,2023-09-19,716516,2680.0,665281,1.0
2023,2023-09-19,716512,10.0,427292,1.0
2023,2023-09-19,716511,15.0,644760,1.0
2023,2023-09-19,716510,22.0,486200,1.0
2023,2023-09-20,716509,4705.0,427164,1.0
2023,2023-09-20,716506,2602.0,503502,1.0
2023,2023-09-20,716513,3309.0,427013,1.0
2023,2023-09-20,716507,5325.0,427362,1.0
2023,2023-09-20,716508,2392.0,605672,1.0
2023,2023-09-20,716505,7.0,427139,1.0
2023,2023-09-20,716504,10.0,596740,1.0
2023,2023-09-20,716499,15.0,573597,1.0
2023,2023-09-20,716500,2680.0,427286,1.0
2023,2023-09-20,716501,12.0,427533,1.0
2023,2023-09-20,716503,4169.0,503490,1.0
2023,2023-09-20,716502,3313.0,483561,1.0
2023,2023-09-20,716497,17.0,484198,1.0
2023,2023-09-20,716495,2889.0,503077,1.0
2023,2023-09-20,716494,22.0,483564,1.0
2023,2023-09-21,716498,12.0,623946,1.0
2023,2023-09-21,716491,2889.0,623949,1.0
2023,2023-09-21,716496,3309.0,427315,1.0
2023,2023-09-21,716492,3313.0,545402,1.0
2023,2023-09-21,716489,5.0,665297,1.0
2023,2023-09-21,716490,2681.0,427243,1.0
2023,2023-09-21,716493,17.0,608158,1.0
2023,2023-09-21,716488,10.0,605670,1.0
2023,2023-09-21,716484,22.0,623938,1.0
2023,2023-09-22,716486,17.0,427248,1.0
2023,2023-09-22,716487,2602.0,427129,1.0
2023,2023-09-22,716479,12.0,547380,1.0
2023,2023-09-22,716482,4169.0,577468,1.0
2023,2023-09-22,716481,2681.0,503502,1.0
2023,2023-09-22,716485,3309.0,594151,1.0
2023,2023-09-22,716480,3313.0,521051,1.0
2023,2023-09-22,716483,5.0,598411,1.0
2023,2023-09-22,716478,3.0,575629,1.0
2023,2023-09-22,716477,5325.0,503493,1.0
2023,2023-09-22,716473,2392.0,605674,1.0
2023,2023-09-22,716475,3312.0,605671,1.0
2023,2023-09-22,716472,10.0,429805,1.0
2023,2023-09-22,716476,2680.0,658292,1.0
2023,2023-09-22,716474,22.0,427113,1.0
2023,2023-09-23,716465,3312.0,431232,1.0
2023,2023-09-23,716469,17.0,644760,1.0
2023,2023-09-23,716466,2681.0,427139,1.0
2023,2023-09-23,716470,10.0,665281,1.0
2023,2023-09-23,716463,12.0,427292,1.0
2023,2023-09-23,716468,3.0,483919,1.0
2023,2023-09-23,716460,4169.0,427344,1.0
2023,2023-09-23,716464,5.0,427366,1.0
2023,2023-09-23,716462,2602.0,521889,1.0
2023,2023-09-23,716461,5325.0,427554,1.0
2023,2023-09-23,716455,2392.0,504381,1.0
2023,2023-09-23,716457,2680.0,427044,1.0
2023,2023-09-23,716456,22.0,482631,1.0
2023,2023-09-24,716467,3309.0,658082,1.0
2023,2023-09-25,716471,3313.0,511890,1.0
2023,2023-09-24,716452,12.0,605673,1.0
2023,2023-09-24,716459,3309.0,621660,1.0
2023,2023-09-24,716453,3.0,486200,1.0
2023,2023-09-24,716458,3313.0,503077,1.0
2023,2023-09-24,716450,5.0,503490,1.0
2023,2023-09-24,716451,2602.0,427533,1.0
2023,2023-09-24,716447,4169.0,483561,1.0
2023,2023-09-24,716448,2392.0,596809,1.0
2023,2023-09-24,716445,3312.0,427093,1.0
2023,2023-09-24,716449,17.0,608093,1.0
2023,2023-09-24,716446,5325.0,484198,1.0
2023,2023-09-24,716442,10.0,427286,1.0
2023,2023-09-24,716444,2680.0,521251,1.0
2023,2023-09-24,716454,2681.0,664263,1.0
2023,2023-09-24,716439,22.0,427164,1.0
2023,2023-09-25,716440,1.0,429805,1.0
2023,2023-09-25,716436,680.0,427197,1.0
2023,2023-09-25,716441,2395.0,427053,1.0
2023,2023-09-28,716443,4.0,608093,1.0
2023,2023-09-26,716438,19.0,427362,1.0
2023,2023-09-26,716424,19.0,664265,1.0
2023,2023-09-26,716435,5.0,483912,1.0
2023,2023-09-26,716434,2.0,483569,1.0
2023,2023-09-26,716433,2394.0,483630,1.0
2023,2023-09-26,716432,2681.0,482666,1.0
2023,2023-09-26,716431,14.0,623946,1.0
2023,2023-09-26,716428,3.0,544728,1.0
2023,2023-09-26,716429,4705.0,483564,1.0
2023,2023-09-26,716421,3312.0,598411,1.0
2023,2023-09-26,716427,4.0,484499,1.0
2023,2023-09-26,716423,32.0,484183,1.0
2023,2023-09-26,716422,1.0,605673,1.0
2023,2023-09-26,716437,2395.0,503586,1.0
2023,2023-09-26,716425,680.0,482663,1.0
2023,2023-09-27,716430,3289.0,594151,1.0
2023,2023-09-27,716417,4.0,482641,1.0
2023,2023-09-27,716411,3289.0,427315,1.0
2023,2023-09-27,716418,5.0,503493,1.0
2023,2023-09-27,716419,3.0,605672,1.0
2023,2023-09-27,716416,2.0,521051,1.0
2023,2023-09-27,716414,2394.0,623945,1.0
2023,2023-09-27,716415,2681.0,427220,1.0
2023,2023-09-27,716413,14.0,427129,1.0
2023,2023-09-27,716412,4705.0,575629,1.0
2023,2023-09-27,716410,3312.0,483561,1.0
2023,2023-09-27,716408,32.0,573769,1.0
2023,2023-09-27,716406,19.0,427044,1.0
2023,2023-09-27,716420,1.0,427286,1.0
2023,2023-09-27,716407,680.0,427520,1.0
2023,2023-09-27,716426,2395.0,639723,1.0
2023,2023-09-28,716400,3312.0,486200,1.0
2023,2023-09-28,716401,2394.0,665576,1.0
2023,2023-09-28,716396,32.0,547380,1.0
2023,2023-09-28,716409,2681.0,428442,1.0
2023,2023-09-28,716402,2.0,427554,1.0
2023,2023-09-28,716403,14.0,521889,1.0
2023,2023-09-28,716404,3289.0,621660,1.0
2023,2023-09-28,716399,4705.0,483919,1.0
2023,2023-09-28,716405,19.0,521251,1.0
2023,2023-09-28,716397,680.0,503502,1.0
2023,2023-09-29,716398,31.0,605671,1.0
2023,2023-09-29,716395,2394.0,596805,1.0
2023,2023-09-29,716390,2.0,484198,1.0
2023,2023-09-29,716392,14.0,427139,1.0
2023,2023-09-29,716394,4705.0,605670,1.0
2023,2023-09-29,716391,4.0,427243,1.0
2023,2023-09-29,716387,19.0,554242,1.0
2023,2023-09-29,716389,7.0,427292,1.0
2023,2023-09-29,716385,32.0,427533,1.0
2023,2023-09-29,716388,2889.0,427093,1.0
2023,2023-09-29,716386,1.0,427362,1.0
2023,2023-09-29,716384,15.0,503077,1.0
2023,2023-09-29,716379,680.0,427053,1.0
2023,2023-09-29,716382,2395.0,503490,1.0
2023,2023-09-30,716393,3289.0,482666,1.0
2023,2023-09-30,716380,2394.0,427220,1.0
2023,2023-09-30,716383,14.0,427315,1.0
2023,2023-09-30,716376,3289.0,511890,1.0
2023,2023-09-30,716378,31.0,431232,1.0
2023,2023-09-30,716374,4.0,483630,1.0
2023,2023-09-30,716375,7.0,573769,1.0
2023,2023-09-30,716373,32.0,623946,1.0
2023,2023-09-30,716377,2.0,483912,1.0
2023,2023-09-30,716372,2889.0,483564,1.0
2023,2023-09-30,716366,680.0,503586,1.0
2023,2023-09-30,716369,4705.0,605674,1.0
2023,2023-09-30,716370,15.0,429805,1.0
2023,2023-09-30,716368,19.0,427197,1.0
2023,2023-09-30,716381,2395.0,598411,1.0
2023,2023-09-30,716371,1.0,664265,1.0
2023,2023-10-01,716367,2.0,503493,1.0
2023,2023-10-01,716363,2395.0,483561,1.0
2023,2023-10-01,716362,31.0,544728,1.0
2023,2023-10-01,716365,1.0,665281,1.0
2023,2023-10-01,716357,14.0,594151,1.0
2023,2023-10-01,716361,2394.0,545402,1.0
2023,2023-10-01,716358,15.0,605673,1.0
2023,2023-10-01,716360,680.0,639723,1.0
2023,2023-10-01,716359,19.0,482663,1.0
2023,2023-10-01,716355,3289.0,482641,1.0
2023,2023-10-01,716354,4705.0,483569,1.0
2023,2023-10-01,716356,4.0,623945,1.0
2023,2023-10-01,716352,7.0,623949,1.0
2023,2023-10-01,716364,32.0,427129,1.0
2023,2023-10-01,716353,2889.0,575629,1.0
2023,2023-10-03,748581,12.0,547380,1.0
2023,2023-10-03,748585,3312.0,427164,1.0
2023,2023-10-03,748582,32.0,483919,1.0
2023,2023-10-03,748577,2681.0,521889,1.0
2023,2023-10-04,748580,12.0,503586,1.0
2023,2023-10-04,748583,3312.0,503077,1.0
2023,2023-10-04,748578,32.0,483564,1.0
2023,2023-10-04,748575,2681.0,427139,1.0
2023,2023-10-07,748573,2.0,483561,1.0
2023,2023-10-07,748568,2392.0,427286,1.0
2023,2023-10-07,748562,4705.0,427366,1.0
2023,2023-10-07,748555,22.0,483569,1.0
2023,2023-10-08,748569,2.0,596805,1.0
2023,2023-10-08,748565,2392.0,482666,1.0
2023,2023-10-09,748563,4705.0,521251,1.0
2023,2023-10-09,748556,22.0,573597,1.0
2023,2023-10-10,748567,3312.0,427344,1.0
2023,2023-10-10,748572,5325.0,427315,1.0
2023,2023-10-11,748564,2681.0,427053,1.0
2023,2023-10-11,748566,3312.0,596740,1.0
2023,2023-10-11,748557,15.0,429805,1.0
2023,2023-10-12,748561,2681.0,482663,1.0
2023,2023-10-15,748553,2392.0,521889,1.0
2023,2023-10-16,748548,2392.0,483919,1.0
2023,2023-10-16,748543,2681.0,427164,1.0
2023,2023-10-17,748546,2681.0,547380,1.0
2023,2023-10-18,748552,5325.0,428442,1.0
2023,2023-10-19,748545,15.0,427248,1.0
2023,2023-10-19,748551,5325.0,427139,1.0
2023,2023-10-20,748550,5325.0,427243,1.0
2023,2023-10-20,748544,15.0,483912,1.0
2023,2023-10-21,748538,15.0,427013,1.0
2023,2023-10-22,748549,2392.0,490319,1.0
2023,2023-10-23,748539,2681.0,503586,1.0
2023,2023-10-23,748547,2392.0,483564,1.0
2023,2023-10-24,748537,2681.0,503077,1.0
2023,2023-10-27,748542,5325.0,482666,1.0
2023,2023-10-28,748541,5325.0,511890,1.0
2023,2023-10-30,748540,15.0,427315,1.0
2023,2023-10-31,748535,15.0,482663,1.0
2023,2023-11-01,748534,15.0,427286,1.0
2024,2024-03-20,745444,5150.0,427013,1.0
2024,2024-03-21,746175,5150.0,427164,1.0
2024,2024-03-28,747060,2.0,482641,1.0
2024,2024-03-28,746737,2602.0,427248,1.0
2024,2024-03-28,745445,2680.0,483919,1.0
2024,2024-03-28,746165,22.0,484198,1.0
2024,2024-03-28,745116,12.0,429805,1.0
2024,2024-03-28,746335,7.0,427113,1.0
2024,2024-03-28,746821,4.0,427366,1.0
2024,2024-03-28,746089,4169.0,427197,1.0
2024,2024-03-28,746418,2392.0,428442,1.0
2024,2024-03-28,745039,5325.0,431232,1.0
2024,2024-03-28,745687,10.0,427243,1.0
2024,2024-03-28,747224,15.0,483564,1.0
2024,2024-03-28,745283,680.0,427520,1.0
2024,2024-03-29,745848,3289.0,427315,1.0
2024,2024-03-29,745604,2681.0,427533,1.0
2024,2024-03-29,745117,12.0,484183,1.0
2024,2024-03-29,746091,4169.0,427286,1.0
2024,2024-03-29,746412,2392.0,427128,1.0
2024,2024-03-29,747223,15.0,427093,1.0
2024,2024-03-29,745682,10.0,427537,1.0
2024,2024-03-29,745276,680.0,482663,1.0
2024,2024-03-29,745435,2680.0,503077,1.0
2024,2024-03-29,746167,22.0,503502,1.0
2024,2024-03-30,745850,3289.0,483561,1.0
2024,2024-03-30,746818,4.0,427053,1.0
2024,2024-03-30,747063,2.0,482608,1.0
2024,2024-03-30,745599,2681.0,427129,1.0
2024,2024-03-30,745684,10.0,483630,1.0
2024,2024-03-30,746736,2602.0,427044,1.0
2024,2024-03-30,745119,12.0,484499,1.0
2024,2024-03-30,746333,7.0,503586,1.0
2024,2024-03-30,746087,4169.0,573597,1.0
2024,2024-03-30,745037,5325.0,547380,1.0
2024,2024-03-30,745436,2680.0,483569,1.0
2024,2024-03-30,746410,2392.0,482666,1.0
2024,2024-03-30,747221,15.0,427413,1.0
2024,2024-03-30,746168,22.0,608158,1.0
2024,2024-03-30,745278,680.0,511890,1.0
2024,2024-03-31,747062,2.0,594151,1.0
2024,2024-03-31,745602,2681.0,605672,1.0
2024,2024-03-31,746739,2602.0,644760,1.0
2024,2024-03-31,745115,12.0,658292,1.0
2024,2024-03-31,746090,4169.0,596809,1.0
2024,2024-03-31,745845,3289.0,485856,1.0
2024,2024-03-31,746332,7.0,482631,1.0
2024,2024-03-31,746815,4.0,605670,1.0
2024,2024-03-31,746413,2392.0,596805,1.0
2024,2024-03-31,745035,5325.0,598411,1.0
2024,2024-03-31,745683,10.0,521051,1.0
2024,2024-03-31,747222,15.0,605673,1.0
2024,2024-03-31,745279,680.0,503490,1.0
2024,2024-03-31,745438,2680.0,554242,1.0
2024,2024-03-31,746166,22.0,503493,1.0
2024,2024-04-01,746817,4.0,623938,1.0
2024,2024-04-01,746899,17.0,521251,1.0
2024,2024-04-01,744875,3309.0,427164,1.0
2024,2024-04-01,747058,2.0,639723,1.0
2024,2024-04-01,745600,2681.0,427344,1.0
2024,2024-04-01,746085,4169.0,490319,1.0
2024,2024-04-01,745109,12.0,577468,1.0
2024,2024-04-01,745842,3289.0,427013,1.0
2024,2024-04-01,746409,2392.0,605671,1.0
2024,2024-04-01,745675,10.0,484198,1.0
2024,2024-04-01,745277,680.0,483919,1.0
2024,2024-04-01,745437,2680.0,427243,1.0
2024,2024-04-01,747218,15.0,427520,1.0
2024,2024-04-01,746170,22.0,483564,1.0
2024,2024-04-02,746009,32.0,623949,1.0
2024,2024-04-02,747057,2.0,427366,1.0
2024,2024-04-02,745598,2681.0,427139,1.0
2024,2024-04-02,746086,4169.0,521889,1.0
2024,2024-04-02,745111,12.0,427315,1.0
2024,2024-04-02,746898,17.0,427248,1.0
2024,2024-04-02,746814,4.0,665297,1.0
2024,2024-04-02,746411,2392.0,431232,1.0
2024,2024-04-02,745680,10.0,503502,1.0
2024,2024-04-02,745273,680.0,503077,1.0
2024,2024-04-02,745439,2680.0,427537,1.0
2024,2024-04-02,747220,15.0,482608,1.0
2024,2024-04-02,746169,22.0,427093,1.0
2024,2024-04-04,745844,3289.0,427220,1.0
2024,2024-04-03,747059,2.0,607884,1.0
2024,2024-04-03,745114,12.0,483561,1.0
2024,2024-04-03,746083,4169.0,427053,1.0
2024,2024-04-03,746008,32.0,427533,1.0
2024,2024-04-03,745678,10.0,608158,1.0
2024,2024-04-03,747219,15.0,665281,1.0
2024,2024-04-03,745603,2681.0,489985,1.0
2024,2024-04-03,745275,680.0,483569,1.0
2024,2024-04-03,745440,2680.0,483630,1.0
2024,2024-04-03,744869,3309.0,483912,1.0
2024,2024-04-03,746900,17.0,427044,1.0
2024,2024-04-03,746407,2392.0,547380,1.0
2024,2024-04-03,746163,22.0,427413,1.0
2024,2024-06-27,746816,4.0,503490,1.0
2024,2024-04-04,745843,3289.0,544728,1.0
2024,2024-04-04,744870,3309.0,596740,1.0
2024,2024-04-04,745928,3312.0,596809,1.0
2024,2024-04-04,745200,2889.0,427129,1.0
2024,2024-04-04,746327,7.0,623946,1.0
2024,2024-04-05,745764,3313.0,621660,1.0
2024,2024-04-05,746497,2394.0,503586,1.0
2024,2024-04-05,746897,17.0,427113,1.0
2024,2024-04-05,746576,19.0,521051,1.0
2024,2024-04-05,745524,31.0,665576,1.0
2024,2024-04-05,745361,2395.0,503493,1.0
2024,2024-04-05,746733,2602.0,605670,1.0
2024,2024-04-05,744874,3309.0,485856,1.0
2024,2024-04-05,747143,4705.0,623945,1.0
2024,2024-04-05,746328,7.0,427344,1.0
2024,2024-04-05,745033,5325.0,503490,1.0
2024,2024-04-05,746007,32.0,658292,1.0
2024,2024-04-05,746249,1.0,605673,1.0
2024,2024-04-06,746498,2394.0,605671,1.0
2024,2024-04-06,745926,3312.0,639723,1.0
2024,2024-04-06,745197,2889.0,605672,1.0
2024,2024-04-06,746896,17.0,482631,1.0
2024,2024-04-06,745522,31.0,521251,1.0
2024,2024-04-06,744873,3309.0,577468,1.0
2024,2024-04-06,746731,2602.0,490319,1.0
2024,2024-04-06,745031,5325.0,427520,1.0
2024,2024-04-06,745766,3313.0,427013,1.0
2024,2024-04-06,746329,7.0,427139,1.0
2024,2024-04-06,746006,32.0,427164,1.0
2024,2024-04-06,747140,4705.0,483919,1.0
2024,2024-04-06,746575,19.0,427243,1.0
2024,2024-04-06,745359,2395.0,484198,1.0
2024,2024-04-06,746248,1.0,483564,1.0
2024,2024-04-07,745523,31.0,427248,1.0
2024,2024-04-07,744871,3309.0,427315,1.0
2024,2024-04-07,747141,4705.0,503077,1.0
2024,2024-04-07,745765,3313.0,427220,1.0
2024,2024-04-07,746734,2602.0,521889,1.0
2024,2024-04-07,746493,2394.0,431232,1.0
2024,2024-04-07,746330,7.0,489985,1.0
2024,2024-04-07,746003,32.0,483912,1.0
2024,2024-04-07,745198,2889.0,623949,1.0
2024,2024-04-07,746895,17.0,623938,1.0
2024,2024-04-07,746574,19.0,427537,1.0
2024,2024-04-07,745362,2395.0,503502,1.0
2024,2024-04-07,746251,1.0,427093,1.0
2024,2024-04-07,745032,5325.0,482608,1.0
2024,2024-08-09,745927,3312.0,503502,1.0
2024,2024-04-08,746654,5.0,482663,1.0
2024,2024-04-08,745761,3313.0,429805,1.0
2024,2024-04-08,745520,31.0,427053,1.0
2024,2024-04-08,746735,2602.0,427366,1.0
2024,2024-04-08,744956,14.0,427044,1.0
2024,2024-04-08,747142,4705.0,608093,1.0
2024,2024-04-08,745925,3312.0,483630,1.0
2024,2024-04-08,745194,2889.0,483569,1.0
2024,2024-04-08,745034,5325.0,482641,1.0
2024,2024-04-08,746569,19.0,544728,1.0
2024,2024-04-08,746252,1.0,623946,1.0
2024,2024-04-08,745432,2680.0,428442,1.0
2024,2024-04-08,745363,2395.0,427197,1.0
2024,2024-04-09,745517,31.0,605670,1.0
2024,2024-04-09,746981,3.0,427533,1.0
2024,2024-04-09,746653,5.0,503490,1.0
2024,2024-04-09,746732,2602.0,607884,1.0
2024,2024-04-09,745762,3313.0,484183,1.0
2024,2024-04-09,744957,14.0,665576,1.0
2024,2024-04-09,747138,4705.0,547380,1.0
2024,2024-04-09,746326,7.0,596740,1.0
2024,2024-04-09,745924,3312.0,521051,1.0
2024,2024-04-09,745195,2889.0,623945,1.0
2024,2024-04-09,745030,5325.0,665297,1.0
2024,2024-04-09,746571,19.0,621660,1.0
2024,2024-04-09,746250,1.0,427344,1.0
2024,2024-04-09,745357,2395.0,427286,1.0
2024,2024-04-09,745433,2680.0,427128,1.0
2024,2024-04-10,745923,3312.0,427243,1.0
2024,2024-04-10,745196,2889.0,554242,1.0
2024,2024-04-10,744950,14.0,521251,1.0
2024,2024-04-10,746573,19.0,427013,1.0
2024,2024-04-10,745355,2395.0,573597,1.0
2024,2024-04-10,746247,1.0,427139,1.0
2024,2024-04-10,746655,5.0,665281,1.0
2024,2024-04-10,745429,2680.0,485856,1.0
2024,2024-04-10,746728,2602.0,482666,1.0
2024,2024-04-10,745763,3313.0,545402,1.0
2024,2024-04-10,746980,3.0,427129,1.0
2024,2024-04-10,746323,7.0,658292,1.0
2024,2024-04-10,745024,5325.0,594151,1.0
2024,2024-09-30,747139,4705.0,482608,1.0
2024,2024-04-11,747137,4705.0,605671,1.0
2024,2024-04-11,746322,7.0,427164,1.0
2024,2024-04-11,745029,5325.0,486200,1.0
2024,2024-04-11,745601,2681.0,427537,1.0
2024,2024-04-11,746977,3.0,605672,1.0
2024,2024-04-13,746490,2394.0,665576,1.0
2024,2024-08-30,746730,2602.0,427129,1.0
2024,2024-04-12,746491,2394.0,644760,1.0
2024,2024-04-12,745596,2681.0,483630,1.0
2024,2024-04-12,745112,12.0,623949,1.0
2024,2024-04-12,747055,2.0,503077,1.0
2024,2024-04-12,744954,14.0,484499,1.0
2024,2024-04-12,746978,3.0,431232,1.0
2024,2024-04-12,745838,3289.0,482608,1.0
2024,2024-04-12,746084,4169.0,639723,1.0
2024,2024-04-12,746812,4.0,483912,1.0
2024,2024-04-12,746408,2392.0,427220,1.0
2024,2024-04-12,745679,10.0,596805,1.0
2024,2024-04-12,745274,680.0,489985,1.0
2024,2024-04-12,747217,15.0,511890,1.0
2024,2024-04-12,746162,22.0,596809,1.0
2024,2024-04-13,746656,5.0,490319,1.0
2024,2024-04-13,746658,5.0,521889,1.0
2024,2024-04-13,746489,2394.0,427044,1.0
2024,2024-04-13,745839,3289.0,482663,1.0
2024,2024-04-13,746811,4.0,596740,1.0
2024,2024-04-13,744953,14.0,598411,1.0
2024,2024-04-13,746405,2392.0,544728,1.0
2024,2024-04-13,745594,2681.0,521051,1.0
2024,2024-04-13,747054,2.0,483569,1.0
2024,2024-04-13,745676,10.0,428442,1.0
2024,2024-04-13,746979,3.0,605674,1.0
2024,2024-04-13,745110,12.0,427533,1.0
2024,2024-04-13,746082,4169.0,427366,1.0
2024,2024-04-13,747215,15.0,482641,1.0
2024,2024-04-13,746161,22.0,427197,1.0
2024,2024-04-13,745272,680.0,623946,1.0
2024,2024-04-14,746975,3.0,547380,1.0
2024,2024-04-14,745595,2681.0,427243,1.0
2024,2024-04-14,747056,2.0,623945,1.0
2024,2024-04-14,744952,14.0,429805,1.0
2024,2024-04-14,745841,3289.0,503490,1.0
2024,2024-04-14,745113,12.0,427129,1.0
2024,2024-04-14,746492,2394.0,521251,1.0
2024,2024-04-14,746079,4169.0,607884,1.0
2024,2024-04-14,746648,5.0,427053,1.0
2024,2024-04-14,746404,2392.0,621660,1.0
2024,2024-04-14,746810,4.0,658292,1.0
2024,2024-04-14,745681,10.0,427128,1.0
2024,2024-04-14,745271,680.0,427344,1.0
2024,2024-04-14,747216,15.0,608093,1.0
2024,2024-04-14,746164,22.0,427286,1.0
2024,2024-04-15,746974,3.0,483561,1.0
2024,2024-04-15,747053,2.0,665281,1.0
2024,2024-04-15,746488,2394.0,484183,1.0
2024,2024-04-15,745597,2681.0,482666,1.0
2024,2024-04-15,746080,4169.0,427113,1.0
2024,2024-04-15,745106,12.0,644760,1.0
2024,2024-04-15,744951,14.0,605671,1.0
2024,2024-04-15,745840,3289.0,554242,1.0
2024,2024-04-15,746813,4.0,605670,1.0
2024,2024-04-15,746002,32.0,427013,1.0
2024,2024-04-15,746406,2392.0,427413,1.0
2024,2024-04-15,747213,15.0,503493,1.0
2024,2024-04-15,745677,10.0,573597,1.0
2024,2024-04-15,745268,680.0,485856,1.0
2024,2024-04-15,746158,22.0,594151,1.0
2024,2024-04-16,746486,2394.0,484499,1.0
2024,2024-04-16,747051,2.0,482608,1.0
2024,2024-04-16,745593,2681.0,639723,1.0
2024,2024-04-16,746081,4169.0,503586,1.0
2024,2024-04-16,745108,12.0,427248,1.0
2024,2024-04-16,744944,14.0,431232,1.0
2024,2024-04-16,746976,3.0,483919,1.0
2024,2024-04-16,745837,3289.0,503077,1.0
2024,2024-04-16,746004,32.0,427220,1.0
2024,2024-04-16,746400,2392.0,605673,1.0
2024,2024-04-16,747214,15.0,484198,1.0
2024,2024-04-16,745270,680.0,596805,1.0
2024,2024-04-16,745674,10.0,596809,1.0
2024,2024-04-16,746157,22.0,482641,1.0
2024,2024-04-17,746809,4.0,521889,1.0
2024,2024-04-17,746076,4169.0,482631,1.0
2024,2024-04-17,747049,2.0,482663,1.0
2024,2024-04-17,745836,3289.0,483569,1.0
2024,2024-04-17,746487,2394.0,598411,1.0
2024,2024-04-17,746005,32.0,511890,1.0
2024,2024-04-17,746401,2392.0,483564,1.0
2024,2024-04-17,746807,4.0,490319,1.0
2024,2024-04-17,744948,14.0,605674,1.0
2024,2024-04-17,746159,22.0,658292,1.0
2024,2024-04-17,745671,10.0,427197,1.0
2024,2024-04-17,747212,15.0,608158,1.0
2024,2024-04-17,745267,680.0,428442,1.0
2024,2024-04-17,745591,2681.0,427366,1.0
2024,2024-04-17,745105,12.0,665576,1.0
2024,2024-04-17,746973,3.0,577468,1.0
2024,2024-04-18,745104,12.0,521251,1.0
2024,2024-04-18,746485,2394.0,429805,1.0
2024,2024-04-18,746970,3.0,427315,1.0
2024,2024-04-18,745356,2395.0,427053,1.0
2024,2024-04-20,746891,17.0,503077,1.0
2024,2024-04-19,746892,17.0,623945,1.0
2024,2024-04-19,746729,2602.0,427520,1.0
2024,2024-04-19,745518,31.0,607884,1.0
2024,2024-04-19,745592,2681.0,547380,1.0
2024,2024-04-19,744872,3309.0,484183,1.0
2024,2024-04-19,745758,3313.0,427128,1.0
2024,2024-04-19,746650,5.0,623938,1.0
2024,2024-04-19,747136,4705.0,644760,1.0
2024,2024-04-19,746325,7.0,427129,1.0
2024,2024-04-19,745922,3312.0,483561,1.0
2024,2024-04-19,745189,2889.0,427093,1.0
2024,2024-04-19,745430,2680.0,608093,1.0
2024,2024-04-19,746160,22.0,621660,1.0
2024,2024-04-19,745352,2395.0,605670,1.0
2024,2024-04-21,746572,19.0,596809,1.0
2024,2024-04-20,745760,3313.0,485856,1.0
2024,2024-04-20,745921,3312.0,483919,1.0
2024,2024-04-20,745190,2889.0,427413,1.0
2024,2024-04-20,746893,17.0,554242,1.0
2024,2024-04-20,744865,3309.0,484499,1.0
2024,2024-04-20,746156,22.0,427013,1.0
2024,2024-04-20,745515,31.0,482666,1.0
2024,2024-04-20,745354,2395.0,490319,1.0
2024,2024-04-20,745590,2681.0,605671,1.0
2024,2024-04-20,746651,5.0,427113,1.0
2024,2024-04-20,746726,2602.0,665281,1.0
2024,2024-04-20,746324,7.0,503502,1.0
2024,2024-04-20,747135,4705.0,427248,1.0
2024,2024-04-20,746570,19.0,427286,1.0
2024,2024-04-20,745431,2680.0,594151,1.0
2024,2024-04-21,744866,3309.0,608158,1.0
2024,2024-04-21,745514,31.0,639723,1.0
2024,2024-04-21,745588,2681.0,431232,1.0
2024,2024-04-21,745759,3313.0,596805,1.0
2024,2024-04-21,746727,2602.0,482608,1.0
2024,2024-04-21,746652,5.0,503586,1.0
2024,2024-04-21,746316,7.0,503493,1.0
2024,2024-04-21,745920,3312.0,577468,1.0
2024,2024-04-21,745192,2889.0,605673,1.0
2024,2024-04-21,746894,17.0,483569,1.0
2024,2024-04-21,746568,19.0,573597,1.0
2024,2024-04-21,745353,2395.0,521889,1.0
2024,2024-04-21,746154,22.0,427220,1.0
2024,2024-04-21,745434,2680.0,482641,1.0
2024,2024-04-21,747133,4705.0,665576,1.0
2024,2024-04-22,745757,3313.0,427537,1.0
2024,2024-04-22,746723,2602.0,483564,1.0
2024,2024-04-22,745519,31.0,605672,1.0
2024,2024-04-22,745107,12.0,484198,1.0
2024,2024-04-22,747134,4705.0,428442,1.0
2024,2024-04-22,746319,7.0,427197,1.0
2024,2024-04-22,745916,3312.0,482631,1.0
2024,2024-04-22,745191,2889.0,427366,1.0
2024,2024-04-22,746565,19.0,427139,1.0
2024,2024-04-22,746242,1.0,544728,1.0
2024,2024-04-22,745351,2395.0,427315,1.0
2024,2024-04-23,746647,5.0,644760,1.0
2024,2024-04-23,746722,2602.0,427093,1.0
2024,2024-04-23,745516,31.0,623949,1.0
2024,2024-04-23,744863,3309.0,482663,1.0
2024,2024-04-23,745102,12.0,427129,1.0
2024,2024-04-23,745754,3313.0,483630,1.0
2024,2024-04-23,747130,4705.0,427128,1.0
2024,2024-04-23,746888,17.0,427164,1.0
2024,2024-04-23,746321,7.0,427286,1.0
2024,2024-04-23,745917,3312.0,623938,1.0
2024,2024-04-23,745193,2889.0,607884,1.0
2024,2024-04-23,745026,5325.0,427053,1.0
2024,2024-04-23,746566,19.0,489985,1.0
2024,2024-04-23,746246,1.0,621660,1.0
2024,2024-04-23,745348,2395.0,483561,1.0
2024,2024-04-24,745188,2889.0,482666,1.0
2024,2024-04-24,745346,2395.0,483919,1.0
2024,2024-04-24,746244,1.0,427013,1.0
2024,2024-04-24,746649,5.0,427248,1.0
2024,2024-04-24,746725,2602.0,427413,1.0
2024,2024-04-24,745513,31.0,427533,1.0
2024,2024-04-24,744864,3309.0,427520,1.0
2024,2024-04-24,745099,12.0,503502,1.0
2024,2024-04-24,745753,3313.0,521051,1.0
2024,2024-04-24,747132,4705.0,485856,1.0
2024,2024-04-24,746889,17.0,483912,1.0
2024,2024-04-24,746317,7.0,623945,1.0
2024,2024-04-24,745919,3312.0,427113,1.0
2024,2024-04-24,745028,5325.0,605670,1.0
2024,2024-04-24,746567,19.0,427344,1.0
2024,2024-04-25,745512,31.0,665297,1.0
2024,2024-04-25,746646,5.0,482608,1.0
2024,2024-04-25,746724,2602.0,605673,1.0
2024,2024-04-25,745918,3312.0,608158,1.0
2024,2024-04-25,746320,7.0,596809,1.0
2024,2024-04-25,746887,17.0,596740,1.0
2024,2024-04-25,745027,5325.0,490319,1.0
2024,2024-04-25,746564,19.0,623946,1.0
2024,2024-04-25,744867,3309.0,665281,1.0
2024,2024-04-25,745755,3313.0,427243,1.0
2024,2024-04-26,746482,2394.0,427044,1.0
2024,2024-04-26,747050,2.0,596805,1.0
2024,2024-04-26,744949,14.0,427537,1.0
2024,2024-04-26,746972,3.0,503490,1.0
2024,2024-04-26,745835,3289.0,482631,1.0
2024,2024-04-26,746078,4169.0,605672,1.0
2024,2024-04-26,747129,4705.0,427197,1.0
2024,2024-04-26,746808,4.0,483564,1.0
2024,2024-04-26,745025,5325.0,639723,1.0
2024,2024-04-26,746000,32.0,658292,1.0
2024,2024-04-26,746243,1.0,503586,1.0
2024,2024-04-26,745269,680.0,427139,1.0
2024,2024-04-26,745424,2680.0,577468,1.0
2024,2024-04-26,745347,2395.0,573597,1.0
2024,2024-04-27,744946,14.0,483630,1.0
2024,2024-04-27,747052,2.0,428442,1.0
2024,2024-04-27,745833,3289.0,623938,1.0
2024,2024-04-27,745020,5325.0,427366,1.0
2024,2024-04-27,746971,3.0,482663,1.0
2024,2024-04-27,746075,4169.0,623949,1.0
2024,2024-04-27,746560,5340.0,503493,1.0
2024,2024-04-27,746484,2394.0,644760,1.0
2024,2024-04-27,746803,4.0,427243,1.0
2024,2024-04-27,745998,32.0,427164,1.0
2024,2024-04-27,747131,4705.0,427286,1.0
2024,2024-04-27,745425,2680.0,427315,1.0
2024,2024-04-27,745350,2395.0,544728,1.0
2024,2024-04-27,746245,1.0,427053,1.0
2024,2024-04-27,745266,680.0,489985,1.0
2024,2024-04-28,747045,2.0,427128,1.0
2024,2024-04-28,747125,4705.0,427554,1.0
2024,2024-04-28,744947,14.0,521051,1.0
2024,2024-04-28,746483,2394.0,427248,1.0
2024,2024-04-28,745834,3289.0,427113,1.0
2024,2024-04-28,746077,4169.0,427533,1.0
2024,2024-04-28,746805,4.0,427413,1.0
2024,2024-04-28,746001,32.0,483912,1.0
2024,2024-04-28,745022,5325.0,607884,1.0
2024,2024-04-28,746561,5340.0,484198,1.0
2024,2024-04-28,745349,2395.0,621660,1.0
2024,2024-04-28,746237,1.0,605670,1.0
2024,2024-04-28,745265,680.0,427344,1.0
2024,2024-04-28,745428,2680.0,483561,1.0
2024,2024-04-28,746967,3.0,427520,1.0
2024,2024-04-29,747046,2.0,521251,1.0
2024,2024-04-29,746074,4169.0,665297,1.0
2024,2024-04-29,744945,14.0,503077,1.0
2024,2024-04-29,745832,3289.0,605674,1.0
2024,2024-04-29,746804,4.0,485856,1.0
2024,2024-04-29,745999,32.0,596809,1.0
2024,2024-04-29,746236,1.0,623946,1.0
2024,2024-04-29,747211,15.0,511890,1.0
2024,2024-04-29,745672,10.0,483564,1.0
2024,2024-04-29,745427,2680.0,429805,1.0
2024,2024-04-29,745263,680.0,427013,1.0
2024,2024-04-30,746481,2394.0,483630,1.0
2024,2024-04-30,746477,2394.0,427537,1.0
2024,2024-04-30,747047,2.0,427044,1.0
2024,2024-04-30,746073,4169.0,596740,1.0
2024,2024-04-30,744942,14.0,483569,1.0
2024,2024-04-30,745831,3289.0,547380,1.0
2024,2024-04-30,746968,3.0,605672,1.0
2024,2024-04-30,746806,4.0,596805,1.0
2024,2024-04-30,745997,32.0,427197,1.0
2024,2024-04-30,745018,5325.0,503502,1.0
2024,2024-04-30,746398,2392.0,521889,1.0
2024,2024-04-30,746239,1.0,427139,1.0
2024,2024-04-30,747210,15.0,608093,1.0
2024,2024-04-30,745673,10.0,427093,1.0
2024,2024-04-30,745426,2680.0,484183,1.0
2024,2024-04-30,745260,680.0,573597,1.0
2024,2024-05-01,746478,2394.0,427243,1.0
2024,2024-05-01,745996,32.0,623945,1.0
2024,2024-05-01,746800,4.0,428442,1.0
2024,2024-05-01,744939,14.0,482666,1.0
2024,2024-05-01,745670,10.0,427413,1.0
2024,2024-05-01,745261,680.0,544728,1.0
2024,2024-05-01,746238,1.0,489985,1.0
2024,2024-05-01,745423,2680.0,484499,1.0
2024,2024-05-01,747048,2.0,644760,1.0
2024,2024-05-01,746072,4169.0,554242,1.0
2024,2024-05-01,745829,3289.0,605671,1.0
2024,2024-05-01,746966,3.0,623949,1.0
2024,2024-05-01,745023,5325.0,664263,1.0
2024,2024-05-01,746399,2392.0,427220,1.0
2024,2024-05-01,747207,15.0,594151,1.0
2024,2024-05-02,746070,4169.0,427164,1.0
2024,2024-05-02,747044,2.0,427248,1.0
2024,2024-05-02,745830,3289.0,431232,1.0
2024,2024-05-02,746969,3.0,427533,1.0
2024,2024-05-02,745021,5325.0,427554,1.0
2024,2024-05-02,746403,2392.0,427053,1.0
2024,2024-05-03,746890,17.0,521051,1.0
2024,2024-05-03,746721,2602.0,483912,1.0
2024,2024-05-03,745510,31.0,605670,1.0
2024,2024-05-03,745589,2681.0,665281,1.0
2024,2024-05-03,744868,3309.0,427128,1.0
2024,2024-05-03,745101,12.0,427129,1.0
2024,2024-05-03,745756,3313.0,484198,1.0
2024,2024-05-03,746645,5.0,605674,1.0
2024,2024-05-03,746318,7.0,427344,1.0
2024,2024-05-03,746402,2392.0,482641,1.0
2024,2024-05-03,745914,3312.0,621660,1.0
2024,2024-05-03,745187,2889.0,521251,1.0
2024,2024-05-03,747208,15.0,605673,1.0
2024,2024-05-03,745665,10.0,427286,1.0
2024,2024-05-03,746152,22.0,598411,1.0
2024,2024-05-04,745750,3313.0,503502,1.0
2024,2024-05-04,745911,3312.0,427013,1.0
2024,2024-05-04,745183,2889.0,427044,1.0
2024,2024-05-04,746884,17.0,427537,1.0
2024,2024-05-04,745511,31.0,521889,1.0
2024,2024-05-04,744862,3309.0,485856,1.0
2024,2024-05-04,745666,10.0,596809,1.0
2024,2024-05-04,745583,2681.0,503077,1.0
2024,2024-05-04,746644,5.0,547380,1.0
2024,2024-05-04,746720,2602.0,596740,1.0
2024,2024-05-04,746311,7.0,623946,1.0
2024,2024-05-04,746394,2392.0,511890,1.0
2024,2024-05-04,745100,12.0,665297,1.0
2024,2024-05-04,747209,15.0,483564,1.0
2024,2024-05-04,746155,22.0,429805,1.0
2024,2024-05-05,745504,31.0,427139,1.0
2024,2024-05-05,744861,3309.0,596805,1.0
2024,2024-05-05,745751,3313.0,664263,1.0
2024,2024-05-05,746643,5.0,605671,1.0
2024,2024-05-05,745103,12.0,623949,1.0
2024,2024-05-05,746395,2392.0,608093,1.0
2024,2024-05-05,746314,7.0,545402,1.0
2024,2024-05-05,745913,3312.0,427220,1.0
2024,2024-05-05,745185,2889.0,623945,1.0
2024,2024-05-05,746883,17.0,483630,1.0
2024,2024-05-05,745667,10.0,427197,1.0
2024,2024-05-05,746719,2602.0,607884,1.0
2024,2024-05-05,747206,15.0,427093,1.0
2024,2024-05-05,746153,22.0,484183,1.0
2024,2024-05-05,745587,2681.0,554242,1.0
2024,2024-05-06,745585,2681.0,482666,1.0
2024,2024-05-06,746639,5.0,594151,1.0
2024,2024-05-06,745509,31.0,428442,1.0
2024,2024-05-06,745098,12.0,431232,1.0
2024,2024-05-06,746313,7.0,544728,1.0
2024,2024-05-06,746886,17.0,489985,1.0
2024,2024-05-06,745912,3312.0,503490,1.0
2024,2024-05-06,745182,2889.0,490319,1.0
2024,2024-05-06,745669,10.0,482631,1.0
2024,2024-05-06,746149,22.0,483919,1.0
2024,2024-05-07,745668,10.0,623938,1.0
2024,2024-05-07,746638,5.0,482641,1.0
2024,2024-05-07,746718,2602.0,483569,1.0
2024,2024-05-07,745508,31.0,427128,1.0
2024,2024-05-07,745586,2681.0,427164,1.0
2024,2024-05-07,744859,3309.0,605673,1.0
2024,2024-05-07,745095,12.0,605674,1.0
2024,2024-05-07,745752,3313.0,639723,1.0
2024,2024-05-07,747126,4705.0,427554,1.0
2024,2024-05-07,746885,17.0,427344,1.0
2024,2024-05-07,745915,3312.0,427520,1.0
2024,2024-05-07,746315,7.0,621660,1.0
2024,2024-05-07,745186,2889.0,605670,1.0
2024,2024-05-07,746559,19.0,484499,1.0
2024,2024-05-07,746147,22.0,577468,1.0
2024,2024-05-08,745507,31.0,485856,1.0
2024,2024-05-08,745584,2681.0,483912,1.0
2024,2024-05-08,746640,5.0,511890,1.0
2024,2024-05-08,746312,7.0,429805,1.0
2024,2024-05-08,746879,17.0,623946,1.0
2024,2024-05-08,746151,22.0,427315,1.0
2024,2024-05-08,745664,10.0,503586,1.0
2024,2024-05-08,745659,10.0,427113,1.0
2024,2024-05-08,746717,2602.0,503077,1.0
2024,2024-05-08,744858,3309.0,483564,1.0
2024,2024-05-08,745097,12.0,547380,1.0
2024,2024-05-08,745749,3313.0,427366,1.0
2024,2024-05-08,747127,4705.0,484198,1.0
2024,2024-05-08,745906,3312.0,482663,1.0
2024,2024-05-08,746562,19.0,598411,1.0
2024,2024-08-05,745184,2889.0,484499,1.0
2024,2024-05-09,746715,2602.0,554242,1.0
2024,2024-05-09,745910,3312.0,608158,1.0
2024,2024-05-09,746563,19.0,623945,1.0
2024,2024-05-09,745748,3313.0,658292,1.0
2024,2024-05-09,746802,4.0,427220,1.0
2024,2024-05-09,745995,32.0,503493,1.0
2024,2024-05-09,746241,1.0,521889,1.0
2024,2024-05-10,746479,2394.0,483569,1.0
2024,2024-05-10,745506,31.0,596740,1.0
2024,2024-05-10,745094,12.0,608093,1.0
2024,2024-05-10,747043,2.0,545402,1.0
2024,2024-05-10,744940,14.0,665297,1.0
2024,2024-05-10,746964,3.0,482620,1.0
2024,2024-05-10,745827,3289.0,596805,1.0
2024,2024-05-10,746071,4169.0,484183,1.0
2024,2024-05-10,746801,4.0,427139,1.0
2024,2024-05-10,745993,32.0,664263,1.0
2024,2024-05-10,746553,19.0,605671,1.0
2024,2024-05-10,746240,1.0,483919,1.0
2024,2024-05-10,745421,2680.0,482631,1.0
2024,2024-05-10,745264,680.0,483561,1.0
2024,2024-05-10,745340,2395.0,503490,1.0
2024,2024-05-11,744943,14.0,427093,1.0
2024,2024-05-11,747041,2.0,489985,1.0
2024,2024-05-11,745505,31.0,607884,1.0
2024,2024-05-11,746963,3.0,639723,1.0
2024,2024-05-11,745828,3289.0,428442,1.0
2024,2024-05-11,746069,4169.0,484499,1.0
2024,2024-05-11,745096,12.0,594151,1.0
2024,2024-05-11,746480,2394.0,503077,1.0
2024,2024-05-11,746797,4.0,482608,1.0
2024,2024-05-11,745344,2395.0,427520,1.0
2024,2024-05-11,745994,32.0,427554,1.0
2024,2024-05-11,746554,19.0,431232,1.0
2024,2024-05-11,745422,2680.0,623938,1.0
2024,2024-05-11,746232,1.0,490319,1.0
2024,2024-05-11,745262,680.0,577468,1.0
2024,2024-05-12,747042,2.0,427344,1.0
2024,2024-05-12,746965,3.0,427366,1.0
2024,2024-05-12,745499,31.0,427164,1.0
2024,2024-05-12,744941,14.0,605673,1.0
2024,2024-05-12,746476,2394.0,665281,1.0
2024,2024-05-12,746068,4169.0,573769,1.0
2024,2024-05-12,745092,12.0,482641,1.0
2024,2024-05-12,746798,4.0,544728,1.0
2024,2024-05-12,745990,32.0,484198,1.0
2024,2024-05-12,746555,19.0,605674,1.0
2024,2024-05-12,745345,2395.0,482663,1.0
2024,2024-05-12,746234,1.0,605670,1.0
2024,2024-05-12,745419,2680.0,503586,1.0
2024,2024-05-12,745255,680.0,623945,1.0
2024,2024-05-12,745825,3289.0,427128,1.0
2024,2024-05-13,747040,2.0,482620,1.0
2024,2024-05-13,746471,2394.0,427248,1.0
2024,2024-05-13,746961,3.0,427413,1.0
2024,2024-05-13,745826,3289.0,573597,1.0
2024,2024-05-13,747128,4705.0,511890,1.0
2024,2024-05-13,745991,32.0,623946,1.0
2024,2024-05-13,745019,5325.0,427533,1.0
2024,2024-05-13,746393,2392.0,427113,1.0
2024,2024-05-13,746233,1.0,608158,1.0
2024,2024-05-13,747204,15.0,427053,1.0
2024,2024-05-13,745420,2680.0,427315,1.0
2024,2024-05-13,745256,680.0,503493,1.0
2024,2024-05-13,745343,2395.0,427243,1.0
2024,2024-05-14,746799,4.0,484183,1.0
2024,2024-05-14,745821,3289.0,596809,1.0
2024,2024-05-14,746796,4.0,598411,1.0
2024,2024-05-14,746473,2394.0,521251,1.0
2024,2024-05-14,746962,3.0,665297,1.0
2024,2024-05-14,747124,4705.0,608093,1.0
2024,2024-05-14,745909,3312.0,483912,1.0
2024,2024-05-14,745989,32.0,427139,1.0
2024,2024-05-14,745014,5325.0,427129,1.0
2024,2024-05-14,746396,2392.0,482631,1.0
2024,2024-05-14,746235,1.0,503490,1.0
2024,2024-05-14,747205,15.0,521889,1.0
2024,2024-05-14,745418,2680.0,483561,1.0
2024,2024-05-14,745257,680.0,664263,1.0
2024,2024-05-14,745342,2395.0,521051,1.0
2024,2024-07-29,747039,2.0,608093,1.0
2024,2024-05-15,747038,2.0,431232,1.0
2024,2024-05-15,746472,2394.0,427044,1.0
2024,2024-05-15,745992,32.0,489985,1.0
2024,2024-05-15,746795,4.0,484499,1.0
2024,2024-05-15,747203,15.0,490319,1.0
2024,2024-05-15,745417,2680.0,483919,1.0
2024,2024-05-15,745259,680.0,427554,1.0
2024,2024-05-15,745582,2681.0,427286,1.0
2024,2024-05-15,746960,3.0,427093,1.0
2024,2024-05-15,747123,4705.0,594151,1.0
2024,2024-05-15,745908,3312.0,596740,1.0
2024,2024-05-15,745015,5325.0,605672,1.0
2024,2024-05-15,746397,2392.0,623938,1.0
2024,2024-05-15,746231,1.0,427520,1.0
2024,2024-05-15,745341,2395.0,427537,1.0
2024,2024-05-16,745907,3312.0,607884,1.0
2024,2024-05-16,745580,2681.0,427197,1.0
2024,2024-05-16,746959,3.0,605673,1.0
2024,2024-05-16,746881,17.0,639723,1.0
2024,2024-05-16,746391,2392.0,503586,1.0
2024,2024-05-16,746150,22.0,427344,1.0
2024,2024-05-17,746878,17.0,427366,1.0
2024,2024-05-17,745579,2681.0,483630,1.0
2024,2024-05-17,747037,2.0,429805,1.0
2024,2024-05-17,745747,3313.0,427113,1.0
2024,2024-05-17,744934,14.0,605670,1.0
2024,2024-05-17,746641,5.0,577468,1.0
2024,2024-05-17,746065,4169.0,427164,1.0
2024,2024-05-17,747122,4705.0,427413,1.0
2024,2024-05-17,746310,7.0,573597,1.0
2024,2024-05-17,745016,5325.0,482641,1.0
2024,2024-05-17,746388,2392.0,644760,1.0
2024,2024-05-17,745178,2889.0,623949,1.0
2024,2024-05-17,747201,15.0,482663,1.0
2024,2024-05-17,746148,22.0,623946,1.0
2024,2024-05-17,745335,2395.0,511890,1.0
2024,2024-05-18,745744,3313.0,482631,1.0
2024,2024-05-18,746882,17.0,482620,1.0
2024,2024-05-18,744938,14.0,427053,1.0
2024,2024-05-18,747036,2.0,598411,1.0
2024,2024-05-18,745339,2395.0,503493,1.0
2024,2024-05-18,746067,4169.0,483912,1.0
2024,2024-05-18,745581,2681.0,427243,1.0
2024,2024-05-18,746642,5.0,427315,1.0
2024,2024-05-18,746308,7.0,596809,1.0
2024,2024-05-18,746389,2392.0,427248,1.0
2024,2024-05-18,745177,2889.0,427533,1.0
2024,2024-05-18,745013,5325.0,608093,1.0
2024,2024-05-18,747202,15.0,608158,1.0
2024,2024-05-18,746142,22.0,427139,1.0
2024,2024-05-20,747121,4705.0,605673,1.0
2024,2024-05-19,745179,2889.0,427129,1.0
2024,2024-05-19,747035,2.0,484183,1.0
2024,2024-05-19,745577,2681.0,521051,1.0
2024,2024-05-19,745745,3313.0,623938,1.0
2024,2024-05-19,744937,14.0,521889,1.0
2024,2024-05-19,746636,5.0,483561,1.0
2024,2024-05-19,746064,4169.0,596740,1.0
2024,2024-05-19,746306,7.0,427286,1.0
2024,2024-05-19,746392,2392.0,521251,1.0
2024,2024-05-19,746880,17.0,605671,1.0
2024,2024-05-19,745012,5325.0,573769,1.0
2024,2024-05-19,745336,2395.0,664263,1.0
2024,2024-05-19,747198,15.0,503490,1.0
2024,2024-05-19,746144,22.0,489985,1.0
2024,2024-05-19,747120,4705.0,665297,1.0
2024,2024-05-20,747119,4705.0,427093,1.0
2024,2024-05-20,744935,14.0,427044,1.0
2024,2024-05-20,746637,5.0,484499,1.0
2024,2024-05-20,746066,4169.0,483919,1.0
2024,2024-05-20,744857,3309.0,594151,1.0
2024,2024-05-20,745093,12.0,554242,1.0
2024,2024-05-20,745746,3313.0,427013,1.0
2024,2024-05-20,746307,7.0,605672,1.0
2024,2024-05-20,745181,2889.0,427113,1.0
2024,2024-05-20,746390,2392.0,596805,1.0
2024,2024-05-20,746146,22.0,547380,1.0
2024,2024-05-21,746633,5.0,429805,1.0
2024,2024-05-21,746716,2602.0,427537,1.0
2024,2024-05-21,745503,31.0,483564,1.0
2024,2024-05-21,745578,2681.0,503502,1.0
2024,2024-05-21,746058,4169.0,577468,1.0
2024,2024-05-21,744860,3309.0,482641,1.0
2024,2024-05-21,745090,12.0,483569,1.0
2024,2024-05-21,745742,3313.0,482666,1.0
2024,2024-05-21,744936,14.0,644760,1.0
2024,2024-05-21,746309,7.0,623949,1.0
2024,2024-05-21,746875,17.0,427197,1.0
2024,2024-05-21,745180,2889.0,482631,1.0
2024,2024-05-21,746385,2392.0,428442,1.0
2024,2024-05-21,745662,10.0,427344,1.0
2024,2024-05-21,746145,22.0,605674,1.0
2024,2024-05-22,744856,3309.0,608093,1.0
2024,2024-05-22,746634,5.0,621660,1.0
2024,2024-05-22,745173,2889.0,605671,1.0
2024,2024-05-22,746386,2392.0,664263,1.0
2024,2024-05-22,746304,7.0,427533,1.0
2024,2024-05-22,746712,2602.0,483630,1.0
2024,2024-05-22,745502,31.0,427413,1.0
2024,2024-05-22,745576,2681.0,511890,1.0
2024,2024-05-22,746063,4169.0,427315,1.0
2024,2024-05-22,745089,12.0,503077,1.0
2024,2024-05-22,745743,3313.0,544728,1.0
2024,2024-05-22,744933,14.0,427248,1.0
2024,2024-05-22,746876,17.0,573597,1.0
2024,2024-05-22,745661,10.0,623946,1.0
2024,2024-05-22,746143,22.0,431232,1.0
2024,2024-05-23,745500,31.0,665297,1.0
2024,2024-05-23,745741,3313.0,623945,1.0
2024,2024-05-23,745573,2681.0,503493,1.0
2024,2024-05-23,746714,2602.0,427243,1.0
2024,2024-05-23,746874,17.0,596809,1.0
2024,2024-05-23,745660,10.0,427139,1.0
2024,2024-05-23,746474,2394.0,483561,1.0
2024,2024-05-23,746792,4.0,573769,1.0
2024,2024-05-24,746475,2394.0,483919,1.0
2024,2024-05-24,745501,31.0,521051,1.0
2024,2024-05-24,744853,3309.0,605673,1.0
2024,2024-05-24,745087,12.0,427013,1.0
2024,2024-05-24,746713,2602.0,484198,1.0
2024,2024-05-24,745822,3289.0,521251,1.0
2024,2024-05-24,745905,3312.0,623938,1.0
2024,2024-05-24,746956,3.0,427286,1.0
2024,2024-05-24,746793,4.0,594151,1.0
2024,2024-05-24,746558,19.0,665281,1.0
2024,2024-05-24,746227,1.0,607884,1.0
2024,2024-05-24,745663,10.0,427129,1.0
2024,2024-05-24,747200,15.0,427128,1.0
2024,2024-05-24,745415,2680.0,489985,1.0
2024,2024-07-13,745175,2889.0,486200,1.0
2024,2024-05-25,746470,2394.0,577468,1.0
2024,2024-05-25,745823,3289.0,427044,1.0
2024,2024-05-25,745901,3312.0,427113,1.0
2024,2024-05-25,746794,4.0,482641,1.0
2024,2024-05-25,744851,3309.0,483564,1.0
2024,2024-05-25,745493,31.0,427537,1.0
2024,2024-05-25,745658,10.0,605672,1.0
2024,2024-05-25,745086,12.0,544728,1.0
2024,2024-05-25,746958,3.0,427197,1.0
2024,2024-05-25,746710,2602.0,503502,1.0
2024,2024-05-25,745176,2889.0,484183,1.0
2024,2024-05-25,746556,19.0,554242,1.0
2024,2024-05-25,746226,1.0,547380,1.0
2024,2024-05-25,745411,2680.0,427344,1.0
2024,2024-05-25,747199,15.0,482666,1.0
2024,2024-05-26,746469,2394.0,427315,1.0
2024,2024-05-26,746711,2602.0,605670,1.0
2024,2024-05-26,744855,3309.0,427413,1.0
2024,2024-05-26,745498,31.0,483630,1.0
2024,2024-05-26,746957,3.0,573597,1.0
2024,2024-05-26,745824,3289.0,644760,1.0
2024,2024-05-26,745088,12.0,511890,1.0
2024,2024-05-26,745902,3312.0,482631,1.0
2024,2024-05-26,746789,4.0,608093,1.0
2024,2024-05-26,746557,19.0,483569,1.0
2024,2024-05-26,746230,1.0,605674,1.0
2024,2024-05-26,745653,10.0,623949,1.0
2024,2024-05-26,747197,15.0,596805,1.0
2024,2024-05-26,745413,2680.0,623946,1.0
2024,2024-05-26,745172,2889.0,484499,1.0
2024,2024-05-27,747034,2.0,427164,1.0
2024,2024-05-27,745904,3312.0,490319,1.0
2024,2024-05-27,746788,4.0,427243,1.0
2024,2024-05-27,746549,19.0,427533,1.0
2024,2024-05-27,746708,2602.0,483561,1.0
2024,2024-05-27,747118,4705.0,427013,1.0
2024,2024-05-27,745986,32.0,503586,1.0
2024,2024-05-27,745338,2395.0,428442,1.0
2024,2024-05-27,745416,2680.0,431232,1.0
2024,2024-05-27,745254,680.0,427520,1.0
2024,2024-05-28,745816,3289.0,594151,1.0
2024,2024-05-28,745818,3289.0,573769,1.0
2024,2024-05-28,747033,2.0,483912,1.0
2024,2024-05-28,746709,2602.0,483919,1.0
2024,2024-05-28,745091,12.0,639723,1.0
2024,2024-05-28,747115,4705.0,544728,1.0
2024,2024-05-28,745903,3312.0,427053,1.0
2024,2024-05-28,746791,4.0,521051,1.0
2024,2024-05-28,745987,32.0,605671,1.0
2024,2024-05-28,745017,5325.0,429805,1.0
2024,2024-05-28,746552,19.0,427129,1.0
2024,2024-05-28,746229,1.0,503077,1.0
2024,2024-05-28,745258,680.0,482663,1.0
2024,2024-05-28,745412,2680.0,607884,1.0
2024,2024-05-28,745337,2395.0,427128,1.0
2024,2024-05-29,746468,2394.0,489985,1.0
2024,2024-05-29,746467,2394.0,427139,1.0
2024,2024-05-29,746706,2602.0,577468,1.0
2024,2024-05-29,745011,5325.0,621660,1.0
2024,2024-05-29,745333,2395.0,482666,1.0
2024,2024-05-29,745817,3289.0,482641,1.0
2024,2024-05-29,745414,2680.0,547380,1.0
2024,2024-05-29,747031,2.0,482608,1.0
2024,2024-05-29,745084,12.0,427366,1.0
2024,2024-05-29,747117,4705.0,504381,1.0
2024,2024-05-29,745900,3312.0,664263,1.0
2024,2024-05-29,746790,4.0,427537,1.0
2024,2024-05-29,745988,32.0,623938,1.0
2024,2024-05-29,746551,19.0,605672,1.0
2024,2024-05-29,746228,1.0,665281,1.0
2024,2024-05-29,745250,680.0,608158,1.0
2024,2024-05-30,745081,12.0,482620,1.0
2024,2024-05-30,745898,3312.0,521889,1.0
2024,2024-05-30,745985,32.0,427113,1.0
2024,2024-05-30,745249,680.0,503490,1.0
2024,2024-05-30,746954,3.0,598411,1.0
2024,2024-05-30,745819,3289.0,427315,1.0
2024,2024-05-30,747114,4705.0,511890,1.0
2024,2024-05-30,746225,1.0,554242,1.0
2024,2024-05-31,746877,17.0,639723,1.0
2024,2024-05-31,745574,2681.0,427139,1.0
2024,2024-05-31,747032,2.0,605674,1.0
2024,2024-05-31,744928,14.0,503586,1.0
2024,2024-05-31,746955,3.0,484183,1.0
2024,2024-05-31,746635,5.0,427344,1.0
2024,2024-05-31,745820,3289.0,483561,1.0
2024,2024-05-31,746059,4169.0,427013,1.0
2024,2024-05-31,747116,4705.0,596805,1.0
2024,2024-05-31,746303,7.0,596740,1.0
2024,2024-05-31,746387,2392.0,483569,1.0
2024,2024-05-31,745983,32.0,490319,1.0
2024,2024-05-31,746140,22.0,427520,1.0
2024,2024-05-31,745253,680.0,623949,1.0
2024,2024-05-31,745331,2395.0,427243,1.0
2024,2024-06-01,744932,14.0,605671,1.0
2024,2024-06-01,747029,2.0,431232,1.0
2024,2024-06-01,746952,3.0,429805,1.0
2024,2024-06-01,746629,5.0,623946,1.0
2024,2024-06-01,745812,3289.0,483919,1.0
2024,2024-06-01,746305,7.0,427164,1.0
2024,2024-06-01,746384,2392.0,503077,1.0
2024,2024-06-01,747111,4705.0,428442,1.0
2024,2024-06-01,746062,4169.0,544728,1.0
2024,2024-06-01,745980,32.0,427053,1.0
2024,2024-06-01,746870,17.0,658292,1.0
2024,2024-06-01,745251,680.0,427533,1.0
2024,2024-06-01,745575,2681.0,608093,1.0
2024,2024-06-01,745332,2395.0,521051,1.0
2024,2024-06-01,746138,22.0,482663,1.0
2024,2024-06-02,746383,2392.0,665281,1.0
2024,2024-06-02,746953,3.0,621660,1.0
2024,2024-06-02,747030,2.0,607884,1.0
2024,2024-06-02,747110,4705.0,427128,1.0
2024,2024-06-02,744929,14.0,623938,1.0
2024,2024-06-02,746632,5.0,605670,1.0
2024,2024-06-02,745813,3289.0,577468,1.0
2024,2024-06-02,746061,4169.0,504381,1.0
2024,2024-06-02,746301,7.0,483912,1.0
2024,2024-06-02,745984,32.0,664263,1.0
2024,2024-06-02,746871,17.0,427366,1.0
2024,2024-06-02,745330,2395.0,485856,1.0
2024,2024-06-02,746141,22.0,608158,1.0
2024,2024-06-02,745252,680.0,427129,1.0
2024,2024-06-02,745572,2681.0,573769,1.0
2024,2024-06-03,745569,2681.0,503493,1.0
2024,2024-06-03,744854,3309.0,547380,1.0
2024,2024-06-03,744930,14.0,427093,1.0
2024,2024-06-03,745009,5325.0,665297,1.0
2024,2024-06-03,746382,2392.0,521889,1.0
2024,2024-06-03,746548,19.0,482631,1.0
2024,2024-06-03,746224,1.0,427248,1.0
2024,2024-06-03,747194,15.0,596809,1.0
2024,2024-06-04,746630,5.0,658082,1.0
2024,2024-06-04,745497,31.0,605672,1.0
2024,2024-06-04,746060,4169.0,598411,1.0
2024,2024-06-04,745568,2681.0,484198,1.0
2024,2024-06-04,744850,3309.0,605674,1.0
2024,2024-06-04,745739,3313.0,503490,1.0
2024,2024-06-04,744931,14.0,427413,1.0
2024,2024-06-04,746949,3.0,594151,1.0
2024,2024-06-04,745010,5325.0,596740,1.0
2024,2024-06-04,746872,17.0,554242,1.0
2024,2024-06-04,746380,2392.0,490319,1.0
2024,2024-06-04,746550,19.0,503586,1.0
2024,2024-06-04,746222,1.0,521251,1.0
2024,2024-06-04,745656,10.0,427537,1.0
2024,2024-06-04,747196,15.0,427286,1.0
2024,2024-06-05,746950,3.0,482663,1.0
2024,2024-06-05,746379,2392.0,427053,1.0
2024,2024-06-05,746544,19.0,605671,1.0
2024,2024-06-05,747195,15.0,427197,1.0
2024,2024-06-05,744852,3309.0,431232,1.0
2024,2024-06-05,745570,2681.0,503502,1.0
2024,2024-06-05,745494,31.0,623949,1.0
2024,2024-06-05,746056,4169.0,484499,1.0
2024,2024-06-05,745740,3313.0,427520,1.0
2024,2024-06-05,744927,14.0,605673,1.0
2024,2024-06-05,745007,5325.0,427164,1.0
2024,2024-06-05,746873,17.0,483569,1.0
2024,2024-06-05,746221,1.0,427044,1.0
2024,2024-06-05,745654,10.0,483630,1.0
2024,2024-08-26,746628,5.0,427537,1.0
2024,2024-06-06,744923,14.0,623945,1.0
2024,2024-06-06,746631,5.0,482620,1.0
2024,2024-06-06,745657,10.0,521051,1.0
2024,2024-06-06,745495,31.0,605670,1.0
2024,2024-06-06,744844,3309.0,644760,1.0
2024,2024-06-06,745738,3313.0,511890,1.0
2024,2024-06-06,746707,2602.0,482641,1.0
2024,2024-06-06,745174,2889.0,482608,1.0
2024,2024-06-06,746784,4.0,427554,1.0
2024,2024-06-06,745408,2680.0,623938,1.0
2024,2024-06-07,745169,2889.0,665281,1.0
2024,2024-06-07,745496,31.0,607884,1.0
2024,2024-06-07,746466,2394.0,427129,1.0
2024,2024-06-07,744845,3309.0,665297,1.0
2024,2024-06-07,745083,12.0,639723,1.0
2024,2024-06-07,745737,3313.0,429805,1.0
2024,2024-06-07,746704,2602.0,608093,1.0
2024,2024-06-07,746053,4169.0,427520,1.0
2024,2024-06-07,745008,5325.0,664263,1.0
2024,2024-06-07,746302,7.0,483564,1.0
2024,2024-06-07,746785,4.0,503493,1.0
2024,2024-06-07,746220,1.0,485856,1.0
2024,2024-06-07,745406,2680.0,482631,1.0
2024,2024-06-07,745655,10.0,573597,1.0
2024,2024-06-08,745814,5381.0,483912,1.0
2024,2024-06-08,745001,5325.0,427248,1.0
2024,2024-06-08,745492,31.0,547380,1.0
2024,2024-06-08,744848,3309.0,596740,1.0
2024,2024-06-08,745652,10.0,596809,1.0
2024,2024-06-08,746703,2602.0,594151,1.0
2024,2024-06-08,746300,7.0,427093,1.0
2024,2024-06-08,745082,12.0,658292,1.0
2024,2024-06-08,746786,4.0,484198,1.0
2024,2024-06-08,746461,2394.0,605672,1.0
2024,2024-06-08,745166,2889.0,554242,1.0
2024,2024-06-08,746057,4169.0,503490,1.0
2024,2024-06-08,745735,3313.0,621660,1.0
2024,2024-06-08,745410,2680.0,503586,1.0
2024,2024-06-08,746223,1.0,427537,1.0
2024,2024-06-09,745571,5381.0,521889,1.0
2024,2024-06-09,745003,5325.0,521251,1.0
2024,2024-06-09,745491,31.0,605674,1.0
2024,2024-06-09,744849,3309.0,427164,1.0
2024,2024-06-09,746705,2602.0,482663,1.0
2024,2024-06-09,745085,12.0,427366,1.0
2024,2024-06-09,746054,4169.0,608158,1.0
2024,2024-06-09,746463,2394.0,623949,1.0
2024,2024-06-09,746297,7.0,427413,1.0
2024,2024-06-09,746787,4.0,503502,1.0
2024,2024-06-09,745167,2889.0,483569,1.0
2024,2024-06-09,746216,1.0,483630,1.0
2024,2024-06-09,745651,10.0,427286,1.0
2024,2024-06-09,745407,2680.0,605671,1.0
2024,2024-06-09,745736,3313.0,598411,1.0
2024,2024-06-10,745080,12.0,482620,1.0
2024,2024-06-10,745897,3312.0,427315,1.0
2024,2024-06-10,746295,7.0,482608,1.0
2024,2024-06-10,745982,32.0,482641,1.0
2024,2024-06-10,745409,2680.0,427013,1.0
2024,2024-06-10,745248,680.0,427197,1.0
2024,2024-06-10,745334,2395.0,482666,1.0
2024,2024-06-11,747027,2.0,489985,1.0
2024,2024-06-11,746464,2394.0,427520,1.0
2024,2024-06-11,745077,12.0,427044,1.0
2024,2024-06-11,746702,2602.0,427554,1.0
2024,2024-06-11,746951,3.0,639723,1.0
2024,2024-06-11,745815,3289.0,427113,1.0
2024,2024-06-11,745899,3312.0,483561,1.0
2024,2024-06-11,745170,2889.0,605673,1.0
2024,2024-06-11,746296,7.0,607884,1.0
2024,2024-06-11,745981,32.0,511890,1.0
2024,2024-06-11,747190,15.0,503077,1.0
2024,2024-06-11,745404,2680.0,483919,1.0
2024,2024-06-11,745244,680.0,573597,1.0
2024,2024-06-11,745327,2395.0,596805,1.0
2024,2024-06-11,746139,22.0,521051,1.0
2024,2024-06-12,745896,3312.0,664263,1.0
2024,2024-06-12,745978,32.0,608093,1.0
2024,2024-06-12,745328,2395.0,428442,1.0
2024,2024-06-12,745405,2680.0,665297,1.0
2024,2024-06-12,747028,2.0,427344,1.0
2024,2024-06-12,746462,2394.0,503490,1.0
2024,2024-06-12,745079,12.0,644760,1.0
2024,2024-06-12,746701,2602.0,503493,1.0
2024,2024-06-12,746948,3.0,658292,1.0
2024,2024-06-12,745811,3289.0,482631,1.0
2024,2024-06-12,745171,2889.0,483564,1.0
2024,2024-06-12,746294,7.0,547380,1.0
2024,2024-06-12,747193,15.0,665281,1.0
2024,2024-06-12,745246,680.0,596809,1.0
2024,2024-06-12,746137,22.0,427243,1.0
2024,2024-06-13,747026,2.0,623946,1.0
2024,2024-06-13,746465,2394.0,621660,1.0
2024,2024-06-13,746299,7.0,605674,1.0
2024,2024-06-13,745168,2889.0,427093,1.0
2024,2024-06-13,745075,12.0,427248,1.0
2024,2024-06-13,746944,3.0,623945,1.0
2024,2024-06-13,745809,3289.0,503586,1.0
2024,2024-06-13,745894,3312.0,594151,1.0
2024,2024-06-13,747192,15.0,554242,1.0
2024,2024-06-13,745245,680.0,427286,1.0
2024,2024-06-13,746136,22.0,427537,1.0
2024,2024-06-14,746869,17.0,482608,1.0
2024,2024-06-14,746947,3.0,427413,1.0
2024,2024-06-14,744847,3309.0,484198,1.0
2024,2024-06-14,747025,2.0,605671,1.0
2024,2024-06-14,744924,14.0,427139,1.0
2024,2024-06-14,745810,3289.0,521251,1.0
2024,2024-06-14,747112,4705.0,482663,1.0
2024,2024-06-14,746378,2392.0,577468,1.0
2024,2024-06-14,745892,3312.0,482641,1.0
2024,2024-06-14,745979,32.0,504381,1.0
2024,2024-06-14,746545,19.0,427128,1.0
2024,2024-06-14,747191,15.0,483630,1.0
2024,2024-06-14,746134,22.0,573597,1.0
2024,2024-06-14,745247,680.0,483569,1.0
2024,2024-06-14,745326,2395.0,544728,1.0
2024,2024-06-15,746865,17.0,607884,1.0
2024,2024-06-15,744925,14.0,489985,1.0
2024,2024-06-15,745329,2395.0,427013,1.0
2024,2024-06-15,747024,2.0,427113,1.0
2024,2024-06-15,744846,3309.0,503502,1.0
2024,2024-06-15,746381,2392.0,427315,1.0
2024,2024-06-15,745805,3289.0,427044,1.0
2024,2024-06-15,747113,4705.0,608158,1.0
2024,2024-06-15,745976,32.0,482620,1.0
2024,2024-06-15,745241,680.0,503077,1.0
2024,2024-06-15,746946,3.0,605673,1.0
2024,2024-06-15,746135,22.0,545402,1.0
2024,2024-06-15,746547,19.0,482666,1.0
2024,2024-06-15,747187,15.0,521051,1.0
2024,2024-06-16,745891,3312.0,608093,1.0
2024,2024-06-16,746866,17.0,547380,1.0
2024,2024-06-16,747023,2.0,482631,1.0
2024,2024-06-16,747109,4705.0,503490,1.0
2024,2024-06-16,744839,3309.0,427554,1.0
2024,2024-06-16,744926,14.0,427344,1.0
2024,2024-06-16,745807,3289.0,644760,1.0
2024,2024-06-16,746377,2392.0,483561,1.0
2024,2024-06-16,745895,3312.0,511890,1.0
2024,2024-06-16,745977,32.0,639723,1.0
2024,2024-06-16,746546,19.0,596805,1.0
2024,2024-06-16,745321,2395.0,483919,1.0
2024,2024-06-16,746130,22.0,596809,1.0
2024,2024-06-16,745242,680.0,665281,1.0
2024,2024-06-16,747189,15.0,427243,1.0
2024,2024-06-16,746945,3.0,483564,1.0
2024,2024-06-17,745490,31.0,623946,1.0
2024,2024-06-17,745567,2681.0,427129,1.0
2024,2024-06-17,746055,4169.0,427248,1.0
2024,2024-06-17,744918,14.0,621660,1.0
2024,2024-06-17,747108,4705.0,427093,1.0
2024,2024-06-17,746868,17.0,484499,1.0
2024,2024-06-17,745005,5325.0,596740,1.0
2024,2024-06-17,746543,19.0,665297,1.0
2024,2024-06-17,746215,1.0,605670,1.0
2024,2024-06-18,746049,4169.0,521251,1.0
2024,2024-06-18,745488,31.0,489985,1.0
2024,2024-06-18,746627,5.0,427537,1.0
2024,2024-06-18,745563,2681.0,554242,1.0
2024,2024-06-18,744843,3309.0,431232,1.0
2024,2024-06-18,745733,3313.0,427286,1.0
2024,2024-06-18,744917,14.0,577468,1.0
2024,2024-06-18,747107,4705.0,427413,1.0
2024,2024-06-18,745893,3312.0,483569,1.0
2024,2024-06-18,746867,17.0,429805,1.0
2024,2024-06-18,745004,5325.0,483912,1.0
2024,2024-06-18,746783,4.0,658292,1.0
2024,2024-06-18,746542,19.0,504381,1.0
2024,2024-06-18,746217,1.0,490319,1.0
2024,2024-06-18,745650,10.0,428442,1.0
2024,2024-06-19,747106,4705.0,573769,1.0
2024,2024-06-19,745489,31.0,623945,1.0
2024,2024-06-19,746050,4169.0,427044,1.0
2024,2024-06-19,745561,2681.0,605672,1.0
2024,2024-06-19,746864,17.0,598411,1.0
2024,2024-06-19,744842,3309.0,605674,1.0
2024,2024-06-19,746625,5.0,427139,1.0
2024,2024-06-19,745732,3313.0,573597,1.0
2024,2024-06-19,744920,14.0,427315,1.0
2024,2024-06-19,745887,3312.0,605673,1.0
2024,2024-06-19,745002,5325.0,664263,1.0
2024,2024-06-19,746781,4.0,482620,1.0
2024,2024-06-19,746538,19.0,427013,1.0
2024,2024-06-19,746219,1.0,427053,1.0
2024,2024-06-19,745646,10.0,427128,1.0
2024,2024-06-20,744841,3309.0,607884,1.0
2024,2024-06-20,746626,5.0,483630,1.0
2024,2024-06-20,745889,3312.0,503077,1.0
2024,2024-06-20,746782,4.0,639723,1.0
2024,2024-06-20,746539,19.0,544728,1.0
2024,2024-06-20,745645,10.0,482666,1.0
2024,2024-06-20,745734,3313.0,596809,1.0
2024,2024-06-20,745164,3949.0,484198,1.0
2024,2024-06-20,745401,2680.0,427164,1.0
2024,2024-06-21,746861,17.0,665281,1.0
2024,2024-06-21,745483,31.0,483561,1.0
2024,2024-06-21,745562,2681.0,644760,1.0
2024,2024-06-21,746460,2394.0,547380,1.0
2024,2024-06-21,745729,3313.0,483919,1.0
2024,2024-06-21,746698,2602.0,484183,1.0
2024,2024-06-21,746624,5.0,605671,1.0
2024,2024-06-21,746052,4169.0,427344,1.0
2024,2024-06-21,745006,5325.0,483564,1.0
2024,2024-06-21,746375,2392.0,482608,1.0
2024,2024-06-21,746540,19.0,545402,1.0
2024,2024-06-21,745649,10.0,521889,1.0
2024,2024-06-21,745403,2680.0,596740,1.0
2024,2024-06-21,746131,22.0,596805,1.0
2024,2024-06-22,746459,2394.0,431232,1.0
2024,2024-06-22,745163,2889.0,504381,1.0
2024,2024-06-22,746863,17.0,483569,1.0
2024,2024-06-22,745486,31.0,621660,1.0
2024,2024-06-22,744997,5325.0,427093,1.0
2024,2024-06-22,745564,2681.0,427248,1.0
2024,2024-06-22,745644,10.0,605670,1.0
2024,2024-06-22,746700,2602.0,484499,1.0
2024,2024-06-22,746376,2392.0,427129,1.0
2024,2024-06-22,746622,5.0,427286,1.0
2024,2024-06-22,746048,4169.0,554242,1.0
2024,2024-06-22,745731,3313.0,658292,1.0
2024,2024-06-22,745402,2680.0,483912,1.0
2024,2024-06-22,746541,19.0,427537,1.0
2024,2024-06-22,746132,22.0,428442,1.0
2024,2024-06-23,745566,2681.0,521251,1.0
2024,2024-06-23,745485,31.0,577468,1.0
2024,2024-06-23,745727,3313.0,482620,1.0
2024,2024-06-23,746699,2602.0,429805,1.0
2024,2024-06-23,746621,5.0,573597,1.0
2024,2024-06-23,746457,2394.0,605674,1.0
2024,2024-06-23,746051,4169.0,489985,1.0
2024,2024-06-23,746373,2392.0,605672,1.0
2024,2024-06-23,745165,2889.0,623946,1.0
2024,2024-06-23,745000,5325.0,427413,1.0
2024,2024-06-23,746536,19.0,427139,1.0
2024,2024-06-23,745648,10.0,490319,1.0
2024,2024-06-23,745396,2680.0,664263,1.0
2024,2024-06-23,746862,17.0,605673,1.0
2024,2024-06-24,747021,2.0,573769,1.0
2024,2024-06-24,746458,2394.0,427128,1.0
2024,2024-06-24,745078,12.0,503493,1.0
2024,2024-06-24,746696,2602.0,623949,1.0
2024,2024-06-24,746941,3.0,607884,1.0
2024,2024-06-24,745160,2889.0,427315,1.0
2024,2024-06-24,746780,4.0,623938,1.0
2024,2024-06-24,746298,7.0,598411,1.0
2024,2024-06-24,745974,32.0,427520,1.0
2024,2024-06-24,746218,1.0,484198,1.0
2024,2024-06-24,745397,2680.0,503077,1.0
2024,2024-06-24,745323,2395.0,594151,1.0
2024,2024-06-25,747022,2.0,483564,1.0
2024,2024-06-25,746454,2394.0,482666,1.0
2024,2024-06-25,745076,12.0,605671,1.0
2024,2024-06-25,746697,2602.0,665297,1.0
2024,2024-06-25,746943,3.0,482663,1.0
2024,2024-06-25,745806,3289.0,427013,1.0
2024,2024-06-25,746372,2392.0,427053,1.0
2024,2024-06-25,746775,4.0,427113,1.0
2024,2024-06-25,746293,7.0,484183,1.0
2024,2024-06-25,745973,32.0,608158,1.0
2024,2024-06-25,746213,1.0,503502,1.0
2024,2024-06-25,745399,2680.0,665281,1.0
2024,2024-06-25,747188,15.0,427164,1.0
2024,2024-06-25,745322,2395.0,482641,1.0
2024,2024-06-26,745157,2889.0,483561,1.0
2024,2024-06-26,745073,12.0,427286,1.0
2024,2024-06-26,746695,2602.0,503586,1.0
2024,2024-06-26,746456,2394.0,596805,1.0
2024,2024-06-26,745158,2889.0,483919,1.0
2024,2024-06-26,746374,2392.0,623945,1.0
2024,2024-06-26,746291,7.0,484499,1.0
2024,2024-06-26,745975,32.0,482620,1.0
2024,2024-06-26,746212,1.0,545402,1.0
2024,2024-06-26,745400,2680.0,554242,1.0
2024,2024-06-26,747019,2.0,427093,1.0
2024,2024-06-26,746942,3.0,431232,1.0
2024,2024-06-26,745808,3289.0,544728,1.0
2024,2024-06-26,746777,4.0,658292,1.0
2024,2024-06-26,747184,15.0,596740,1.0
2024,2024-06-26,745325,2395.0,511890,1.0
2024,2024-06-27,747185,15.0,483912,1.0
2024,2024-06-27,745324,2395.0,608093,1.0
2024,2024-06-27,745565,2681.0,621660,1.0
2024,2024-06-27,747020,2.0,598411,1.0
2024,2024-06-27,744919,14.0,605672,1.0
2024,2024-06-27,745162,2889.0,573597,1.0
2024,2024-06-27,746288,7.0,482631,1.0
2024,2024-06-27,746210,1.0,577468,1.0
2024,2024-06-28,745560,2681.0,427013,1.0
2024,2024-06-28,745070,12.0,427413,1.0
2024,2024-06-28,747017,2.0,484183,1.0
2024,2024-06-28,744922,14.0,623949,1.0
2024,2024-06-28,745804,3289.0,427554,1.0
2024,2024-06-28,746939,3.0,428442,1.0
2024,2024-06-28,746776,4.0,605670,1.0
2024,2024-06-28,747105,4705.0,427520,1.0
2024,2024-06-28,746292,7.0,623938,1.0
2024,2024-06-28,745970,32.0,605674,1.0
2024,2024-06-28,745161,2889.0,503493,1.0
2024,2024-06-28,746214,1.0,427315,1.0
2024,2024-06-28,747183,15.0,605673,1.0
2024,2024-06-28,745238,680.0,594151,1.0
2024,2024-06-28,745319,2395.0,664263,1.0
2024,2024-06-29,746778,4.0,490319,1.0
2024,2024-06-29,745159,2889.0,605671,1.0
2024,2024-06-29,744921,14.0,482666,1.0
2024,2024-06-29,745559,2681.0,608158,1.0
2024,2024-06-29,746289,7.0,427113,1.0
2024,2024-06-29,745801,3289.0,484198,1.0
2024,2024-06-29,747186,15.0,503077,1.0
2024,2024-06-29,746940,3.0,427128,1.0
2024,2024-06-29,745071,12.0,573769,1.0
2024,2024-06-29,747104,4705.0,486200,1.0
2024,2024-06-29,745972,32.0,607884,1.0
2024,2024-06-29,745317,2395.0,427164,1.0
2024,2024-06-29,747018,2.0,484499,1.0
2024,2024-06-29,746211,1.0,483561,1.0
2024,2024-06-29,745239,680.0,482641,1.0
2024,2024-06-30,747101,4705.0,482663,1.0
2024,2024-06-30,746938,3.0,485856,1.0
2024,2024-06-30,745555,2681.0,544728,1.0
2024,2024-06-30,744916,14.0,665297,1.0
2024,2024-06-30,745802,3289.0,676581,1.0
2024,2024-06-30,745072,12.0,483564,1.0
2024,2024-06-30,746290,7.0,545402,1.0
2024,2024-06-30,746779,4.0,427053,1.0
2024,2024-06-30,745971,32.0,521889,1.0
2024,2024-06-30,745154,2889.0,427537,1.0
2024,2024-06-30,745320,2395.0,596740,1.0
2024,2024-06-30,746209,1.0,483919,1.0
2024,2024-06-30,747182,15.0,665281,1.0
2024,2024-06-30,745243,680.0,511890,1.0
2024,2024-06-30,747016,2.0,658292,1.0
2024,2024-07-01,744914,14.0,427044,1.0
2024,2024-07-01,744840,3309.0,503490,1.0
2024,2024-07-01,746535,19.0,639723,1.0
2024,2024-07-02,745482,31.0,503586,1.0
2024,2024-07-02,746623,5.0,621660,1.0
2024,2024-07-02,746047,4169.0,483630,1.0
2024,2024-07-02,744838,3309.0,427520,1.0
2024,2024-07-02,745730,3313.0,503502,1.0
2024,2024-07-02,744913,14.0,644760,1.0
2024,2024-07-02,747102,4705.0,427139,1.0
2024,2024-07-02,745886,3312.0,427344,1.0
2024,2024-07-02,744999,5325.0,427315,1.0
2024,2024-07-02,746860,17.0,427129,1.0
2024,2024-07-02,746282,7.0,594151,1.0
2024,2024-07-02,746537,19.0,427366,1.0
2024,2024-07-02,745647,10.0,608093,1.0
2024,2024-07-02,745240,680.0,554242,1.0
2024,2024-07-02,746133,22.0,605670,1.0
2024,2024-07-03,745487,31.0,482631,1.0
2024,2024-07-03,746617,5.0,427013,1.0
2024,2024-07-03,746045,4169.0,521051,1.0
2024,2024-07-03,744837,3309.0,482663,1.0
2024,2024-07-03,745728,3313.0,427554,1.0
2024,2024-07-03,744915,14.0,427248,1.0
2024,2024-07-03,747100,4705.0,596809,1.0
2024,2024-07-03,744998,5325.0,545402,1.0
2024,2024-07-03,746858,17.0,623949,1.0
2024,2024-07-03,746283,7.0,573769,1.0
2024,2024-07-03,745888,3312.0,623945,1.0
2024,2024-07-03,746534,19.0,483919,1.0
2024,2024-07-03,745643,10.0,483912,1.0
2024,2024-07-03,746128,22.0,490319,1.0
2024,2024-07-03,745234,680.0,483569,1.0
2024,2024-07-04,744834,3309.0,608158,1.0
2024,2024-07-04,745484,31.0,623938,1.0
2024,2024-07-04,745726,3313.0,484198,1.0
2024,2024-07-04,744912,14.0,521251,1.0
2024,2024-07-04,745890,3312.0,623946,1.0
2024,2024-07-04,746619,5.0,504381,1.0
2024,2024-07-04,746043,4169.0,427243,1.0
2024,2024-07-04,746857,17.0,427533,1.0
2024,2024-07-04,744996,5325.0,483561,1.0
2024,2024-07-04,745641,10.0,664263,1.0
2024,2024-07-04,745236,680.0,503077,1.0
2024,2024-07-04,747103,4705.0,503493,1.0
2024,2024-07-04,746285,7.0,482641,1.0
2024,2024-07-04,746532,19.0,658292,1.0
2024,2024-07-04,746126,22.0,521889,1.0
2024,2024-07-05,746859,17.0,544728,1.0
2024,2024-07-05,745479,31.0,427537,1.0
2024,2024-07-05,744836,3309.0,665297,1.0
2024,2024-07-05,745725,3313.0,577468,1.0
2024,2024-07-05,746693,2602.0,427044,1.0
2024,2024-07-05,746620,5.0,485856,1.0
2024,2024-07-05,746046,4169.0,511890,1.0
2024,2024-07-05,747097,4705.0,427113,1.0
2024,2024-07-05,744992,5325.0,486200,1.0
2024,2024-07-05,746533,19.0,503490,1.0
2024,2024-07-05,745884,3312.0,605671,1.0
2024,2024-07-05,745639,10.0,639723,1.0
2024,2024-07-05,745398,2680.0,489985,1.0
2024,2024-07-05,745237,680.0,427053,1.0
2024,2024-07-05,746127,22.0,665281,1.0
2024,2024-07-06,745724,3313.0,427315,1.0
2024,2024-07-06,745885,3312.0,427139,1.0
2024,2024-07-06,746856,17.0,621660,1.0
2024,2024-07-06,745476,31.0,483630,1.0
2024,2024-07-06,744835,3309.0,427129,1.0
2024,2024-07-06,744995,5325.0,427164,1.0
2024,2024-07-06,745642,10.0,427366,1.0
2024,2024-07-06,746694,2602.0,644760,1.0
2024,2024-07-06,746615,5.0,503502,1.0
2024,2024-07-06,745235,680.0,605670,1.0
2024,2024-07-06,746044,4169.0,594151,1.0
2024,2024-07-06,747099,4705.0,503586,1.0
2024,2024-07-06,746129,22.0,554242,1.0
2024,2024-07-06,746529,19.0,427520,1.0
2024,2024-07-06,745395,2680.0,427344,1.0
2024,2024-07-07,745477,31.0,521051,1.0
2024,2024-07-07,744832,3309.0,623949,1.0
2024,2024-07-07,747098,4705.0,482631,1.0
2024,2024-07-07,746691,2602.0,427248,1.0
2024,2024-07-07,746616,5.0,427554,1.0
2024,2024-07-07,746039,4169.0,573769,1.0
2024,2024-07-07,745883,3312.0,596809,1.0
2024,2024-07-07,746855,17.0,427013,1.0
2024,2024-07-07,744993,5325.0,608093,1.0
2024,2024-07-07,746530,19.0,482663,1.0
2024,2024-07-07,745637,10.0,483919,1.0
2024,2024-07-07,745391,2680.0,623945,1.0
2024,2024-07-07,745233,680.0,490319,1.0
2024,2024-07-07,746122,22.0,483569,1.0
2024,2024-07-07,745723,3313.0,483561,1.0
2024,2024-07-08,745480,31.0,427243,1.0
2024,2024-07-08,744833,3309.0,605672,1.0
2024,2024-07-08,746455,2394.0,428442,1.0
2024,2024-07-08,746692,2602.0,504381,1.0
2024,2024-07-08,746771,4.0,596805,1.0
2024,2024-07-08,746208,1.0,427093,1.0
2024,2024-07-08,747181,15.0,429805,1.0
2024,2024-07-09,747014,2.0,521889,1.0
2024,2024-07-09,746451,2394.0,483912,1.0
2024,2024-07-09,745557,2681.0,658292,1.0
2024,2024-07-09,745074,12.0,503077,1.0
2024,2024-07-09,746690,2602.0,544728,1.0
2024,2024-07-09,745803,3289.0,598411,1.0
2024,2024-07-09,746937,3.0,521251,1.0
2024,2024-07-09,746368,2392.0,608158,1.0
2024,2024-07-09,745968,32.0,665297,1.0
2024,2024-07-09,746206,1.0,427413,1.0
2024,2024-07-09,745393,2680.0,573597,1.0
2024,2024-07-09,747180,15.0,607884,1.0
2024,2024-07-09,745316,2395.0,623946,1.0
2024,2024-07-10,745155,2889.0,664263,1.0
2024,2024-07-10,746773,4.0,427128,1.0
2024,2024-07-10,745156,2889.0,483630,1.0
2024,2024-07-10,746772,4.0,658082,1.0
2024,2024-07-10,747015,2.0,427053,1.0
2024,2024-07-10,746453,2394.0,596740,1.0
2024,2024-07-10,745394,2680.0,605671,1.0
2024,2024-07-10,745069,12.0,665281,1.0
2024,2024-07-10,745556,2681.0,639723,1.0
2024,2024-07-10,746689,2602.0,621660,1.0
2024,2024-07-10,745796,3289.0,547380,1.0
2024,2024-07-10,746934,3.0,427044,1.0
2024,2024-07-10,746366,2392.0,503490,1.0
2024,2024-07-10,745969,32.0,623949,1.0
2024,2024-07-10,746205,1.0,605673,1.0
2024,2024-07-10,747179,15.0,484183,1.0
2024,2024-07-10,745318,2395.0,489985,1.0
2024,2024-07-11,746688,2602.0,427013,1.0
2024,2024-07-11,746452,2394.0,428442,1.0
2024,2024-07-11,745799,3289.0,431232,1.0
2024,2024-07-11,745967,32.0,490319,1.0
2024,2024-07-11,745313,2395.0,427344,1.0
2024,2024-07-11,745558,2681.0,427366,1.0
2024,2024-07-11,747011,2.0,545402,1.0
2024,2024-07-11,745065,12.0,554242,1.0
2024,2024-07-11,746935,3.0,644760,1.0
2024,2024-07-11,746367,2392.0,427520,1.0
2024,2024-07-11,746204,1.0,521051,1.0
2024,2024-07-11,747178,15.0,484499,1.0
2024,2024-07-12,746450,2394.0,596805,1.0
2024,2024-07-12,745552,2681.0,482663,1.0
2024,2024-07-12,745064,12.0,605670,1.0
2024,2024-07-12,747012,2.0,504381,1.0
2024,2024-07-12,746936,3.0,483569,1.0
2024,2024-07-12,745800,3289.0,605672,1.0
2024,2024-07-12,746685,2602.0,482620,1.0
2024,2024-07-12,746371,2392.0,605674,1.0
2024,2024-07-12,746774,4.0,623945,1.0
2024,2024-07-12,745965,32.0,427248,1.0
2024,2024-07-12,745153,2889.0,596740,1.0
2024,2024-07-12,746207,1.0,482666,1.0
2024,2024-07-12,747175,15.0,427139,1.0
2024,2024-07-12,745390,2680.0,483564,1.0
2024,2024-07-12,745312,2395.0,429805,1.0
2024,2024-07-13,746447,2394.0,427243,1.0
2024,2024-07-13,746766,4.0,623946,1.0
2024,2024-07-13,745152,2889.0,483912,1.0
2024,2024-07-13,745549,2681.0,608158,1.0
2024,2024-07-13,747013,2.0,544728,1.0
2024,2024-07-13,746930,3.0,503077,1.0
2024,2024-07-13,745798,3289.0,427129,1.0
2024,2024-07-13,745067,12.0,521889,1.0
2024,2024-07-13,746369,2392.0,598411,1.0
2024,2024-07-13,746687,2602.0,658292,1.0
2024,2024-07-13,745963,32.0,521251,1.0
2024,2024-07-13,745311,2395.0,607884,1.0
2024,2024-07-13,745392,2680.0,427093,1.0
2024,2024-07-13,746202,1.0,427128,1.0
2024,2024-07-13,747177,15.0,596809,1.0
2024,2024-07-14,747009,2.0,621660,1.0
2024,2024-07-14,746932,3.0,665281,1.0
2024,2024-07-14,745551,2681.0,503490,1.0
2024,2024-07-14,746449,2394.0,664263,1.0
2024,2024-07-14,745797,3289.0,665297,1.0
2024,2024-07-14,745066,12.0,427053,1.0
2024,2024-07-14,746686,2602.0,639723,1.0
2024,2024-07-14,746370,2392.0,547380,1.0
2024,2024-07-14,746769,4.0,489985,1.0
2024,2024-07-14,745962,32.0,427044,1.0
2024,2024-07-14,745151,2889.0,485856,1.0
2024,2024-07-14,745314,2395.0,484183,1.0
2024,2024-07-14,746201,1.0,658082,1.0
2024,2024-07-14,747176,15.0,573597,1.0
2024,2024-07-14,745385,2680.0,427413,1.0
2024,2024-07-19,746854,17.0,577468,1.0
2024,2024-07-19,745481,31.0,427139,1.0
2024,2024-07-19,744829,3309.0,427164,1.0
2024,2024-07-19,745721,3313.0,511890,1.0
2024,2024-07-19,744911,14.0,429805,1.0
2024,2024-07-19,746618,5.0,427243,1.0
2024,2024-07-19,746040,4169.0,596805,1.0
2024,2024-07-19,744990,5325.0,427344,1.0
2024,2024-07-19,746284,7.0,644760,1.0
2024,2024-07-19,746531,19.0,427366,1.0
2024,2024-07-19,745640,10.0,605674,1.0
2024,2024-07-19,746123,22.0,623938,1.0
2024,2024-07-19,745228,680.0,623949,1.0
2024,2024-07-20,747093,4705.0,482663,1.0
2024,2024-07-20,745720,3313.0,484499,1.0
2024,2024-07-20,747096,4705.0,427520,1.0
2024,2024-07-20,744910,14.0,598411,1.0
2024,2024-07-20,745638,10.0,608158,1.0
2024,2024-07-20,746041,4169.0,482666,1.0
2024,2024-07-20,745478,31.0,596809,1.0
2024,2024-07-20,744830,3309.0,596740,1.0
2024,2024-07-20,744994,5325.0,482608,1.0
2024,2024-07-20,746613,5.0,427537,1.0
2024,2024-07-20,746286,7.0,427248,1.0
2024,2024-07-20,745880,3312.0,605671,1.0
2024,2024-07-20,746852,17.0,427315,1.0
2024,2024-07-20,746121,22.0,427113,1.0
2024,2024-07-20,746527,19.0,482620,1.0
2024,2024-07-20,745229,680.0,605672,1.0
2024,2024-07-21,745882,3312.0,503493,1.0
2024,2024-07-21,744831,3309.0,483912,1.0
2024,2024-07-21,745470,31.0,621660,1.0
2024,2024-07-21,747094,4705.0,658292,1.0
2024,2024-07-21,745722,3313.0,664263,1.0
2024,2024-07-21,744909,14.0,573769,1.0
2024,2024-07-21,746610,5.0,665297,1.0
2024,2024-07-21,746042,4169.0,428442,1.0
2024,2024-07-21,746287,7.0,607884,1.0
2024,2024-07-21,746853,17.0,483561,1.0
2024,2024-07-21,744991,5325.0,623946,1.0
2024,2024-07-21,746528,19.0,623945,1.0
2024,2024-07-21,745633,10.0,547380,1.0
2024,2024-07-21,745230,680.0,665281,1.0
2024,2024-07-21,746125,22.0,503586,1.0
2024,2024-07-22,745717,3313.0,608093,1.0
2024,2024-07-22,746612,5.0,605673,1.0
2024,2024-07-22,745473,31.0,503502,1.0
2024,2024-07-22,746034,4169.0,427128,1.0
2024,2024-07-22,747095,4705.0,521051,1.0
2024,2024-07-22,745881,3312.0,427013,1.0
2024,2024-07-22,744988,5325.0,554242,1.0
2024,2024-07-22,746850,17.0,573597,1.0
2024,2024-07-22,746280,7.0,490319,1.0
2024,2024-07-22,746526,19.0,427533,1.0
2024,2024-07-22,745635,10.0,427044,1.0
2024,2024-07-22,745232,680.0,482631,1.0
2024,2024-07-22,746124,22.0,605670,1.0
2024,2024-07-23,746614,5.0,483564,1.0
2024,2024-07-23,745475,31.0,427554,1.0
2024,2024-07-23,746036,4169.0,483919,1.0
2024,2024-07-23,744828,3309.0,482641,1.0
2024,2024-07-23,745715,3313.0,545402,1.0
2024,2024-07-23,744904,14.0,605671,1.0
2024,2024-07-23,745878,3312.0,504381,1.0
2024,2024-07-23,744985,5325.0,483569,1.0
2024,2024-07-23,746848,17.0,427139,1.0
2024,2024-07-23,746281,7.0,639723,1.0
2024,2024-07-23,746524,19.0,623949,1.0
2024,2024-07-23,745632,10.0,644760,1.0
2024,2024-07-23,745227,680.0,623938,1.0
2024,2024-07-23,746118,22.0,521889,1.0
2024,2024-09-09,747090,4705.0,482663,1.0
2024,2024-07-24,747091,4705.0,427243,1.0
2024,2024-07-24,745472,31.0,484198,1.0
2024,2024-07-24,745877,3312.0,544728,1.0
2024,2024-07-24,746851,17.0,596809,1.0
2024,2024-07-24,746525,19.0,605672,1.0
2024,2024-07-24,745634,10.0,427248,1.0
2024,2024-07-24,745231,680.0,427113,1.0
2024,2024-07-24,746611,5.0,427093,1.0
2024,2024-07-24,746035,4169.0,577468,1.0
2024,2024-07-24,744824,3309.0,511890,1.0
2024,2024-07-24,745716,3313.0,427164,1.0
2024,2024-07-24,744905,14.0,596805,1.0
2024,2024-07-24,744989,5325.0,503077,1.0
2024,2024-07-24,746279,7.0,427366,1.0
2024,2024-07-24,746119,22.0,427053,1.0
2024,2024-07-25,744827,3309.0,594151,1.0
2024,2024-07-25,746037,4169.0,427315,1.0
2024,2024-07-25,746609,5.0,427413,1.0
2024,2024-07-25,744984,5325.0,658536,1.0
2024,2024-07-25,744907,14.0,482666,1.0
2024,2024-07-25,746117,22.0,658082,1.0
2024,2024-07-25,745794,3289.0,621660,1.0
2024,2024-07-25,746199,1.0,427129,1.0
2024,2024-07-26,746448,2394.0,596740,1.0
2024,2024-07-26,745554,2681.0,427128,1.0
2024,2024-07-26,745068,12.0,554242,1.0
2024,2024-07-26,747010,2.0,503493,1.0
2024,2024-07-26,744906,14.0,483561,1.0
2024,2024-07-26,745792,3289.0,573597,1.0
2024,2024-07-26,746933,3.0,427537,1.0
2024,2024-07-26,746277,7.0,608093,1.0
2024,2024-07-26,746361,2392.0,623945,1.0
2024,2024-07-26,746767,4.0,605670,1.0
2024,2024-07-26,745964,32.0,605673,1.0
2024,2024-07-26,745146,2889.0,676581,1.0
2024,2024-07-26,746200,1.0,427533,1.0
2024,2024-07-26,747174,15.0,521251,1.0
2024,2024-07-26,745315,2395.0,503586,1.0
2024,2024-07-27,744908,14.0,483919,1.0
2024,2024-07-27,747006,2.0,503502,1.0
2024,2024-07-27,745059,12.0,483569,1.0
2024,2024-07-27,745793,3289.0,427139,1.0
2024,2024-07-27,745553,2681.0,605671,1.0
2024,2024-07-27,746446,2394.0,483912,1.0
2024,2024-07-27,745307,2395.0,482631,1.0
2024,2024-07-27,745310,2395.0,623938,1.0
2024,2024-07-27,746278,7.0,482641,1.0
2024,2024-07-27,746362,2392.0,482663,1.0
2024,2024-07-27,745966,32.0,483564,1.0
2024,2024-07-27,745150,2889.0,427013,1.0
2024,2024-07-27,746768,4.0,490319,1.0
2024,2024-07-27,746931,3.0,483630,1.0
2024,2024-07-27,747171,15.0,427044,1.0
2024,2024-07-27,746203,1.0,665281,1.0
2024,2024-07-28,745063,12.0,503077,1.0
2024,2024-07-28,747008,2.0,427554,1.0
2024,2024-07-28,745550,2681.0,596805,1.0
2024,2024-07-28,744902,14.0,577468,1.0
2024,2024-07-28,746445,2394.0,545402,1.0
2024,2024-07-28,745795,3289.0,596809,1.0
2024,2024-07-28,746274,7.0,511890,1.0
2024,2024-07-28,746364,2392.0,639723,1.0
2024,2024-07-28,746770,4.0,521889,1.0
2024,2024-07-28,745961,32.0,427093,1.0
2024,2024-07-28,745145,2889.0,623949,1.0
2024,2024-07-28,745305,2395.0,427113,1.0
2024,2024-07-28,746195,1.0,605672,1.0
2024,2024-07-28,747173,15.0,644760,1.0
2024,2024-07-28,746929,3.0,521051,1.0
2024,2024-07-29,747007,2.0,594151,1.0
2024,2024-07-29,746444,2394.0,621660,1.0
2024,2024-07-29,745547,2681.0,484198,1.0
2024,2024-07-29,746684,2602.0,482666,1.0
2024,2024-07-29,746928,3.0,427164,1.0
2024,2024-07-29,745791,3289.0,489985,1.0
2024,2024-07-29,745147,2889.0,482620,1.0
2024,2024-07-29,746360,2392.0,429805,1.0
2024,2024-07-29,746765,4.0,427129,1.0
2024,2024-07-29,745959,32.0,427315,1.0
2024,2024-07-29,747172,15.0,605674,1.0
2024,2024-07-30,746441,2394.0,573597,1.0
2024,2024-07-30,747005,2.0,485856,1.0
2024,2024-07-30,745546,2681.0,503493,1.0
2024,2024-07-30,745060,12.0,503586,1.0
2024,2024-07-30,746683,2602.0,428442,1.0
2024,2024-07-30,746926,3.0,596740,1.0
2024,2024-07-30,745787,3289.0,427344,1.0
2024,2024-07-30,745149,2889.0,623945,1.0
2024,2024-07-30,746365,2392.0,658536,1.0
2024,2024-07-30,746763,4.0,427533,1.0
2024,2024-07-30,745958,32.0,483561,1.0
2024,2024-07-30,746197,1.0,483564,1.0
2024,2024-07-30,747167,15.0,431232,1.0
2024,2024-07-30,745389,2680.0,427248,1.0
2024,2024-07-30,745309,2395.0,503490,1.0
2024,2024-07-31,745061,12.0,482631,1.0
2024,2024-07-31,747003,2.0,482641,1.0
2024,2024-07-31,745543,2681.0,503502,1.0
2024,2024-07-31,745789,3289.0,482608,1.0
2024,2024-07-31,746764,4.0,623949,1.0
2024,2024-07-31,745960,32.0,483919,1.0
2024,2024-07-31,745148,2889.0,575629,1.0
2024,2024-07-31,747170,15.0,547380,1.0
2024,2024-07-31,746925,3.0,484183,1.0
2024,2024-07-31,746678,2602.0,605671,1.0
2024,2024-07-31,746363,2392.0,598411,1.0
2024,2024-07-31,745386,2680.0,521251,1.0
2024,2024-07-31,746198,1.0,427413,1.0
2024,2024-07-31,745306,2395.0,482663,1.0
2024,2024-08-01,746607,5.0,545402,1.0
2024,2024-08-01,746442,2394.0,427554,1.0
2024,2024-08-01,747092,4705.0,484499,1.0
2024,2024-08-01,746849,17.0,605672,1.0
2024,2024-08-01,746196,1.0,658082,1.0
2024,2024-08-02,746845,17.0,427129,1.0
2024,2024-08-02,746443,2394.0,484198,1.0
2024,2024-08-02,745471,31.0,594151,1.0
2024,2024-08-02,744825,3309.0,427044,1.0
2024,2024-08-02,745719,3313.0,623938,1.0
2024,2024-08-02,746605,5.0,427164,1.0
2024,2024-08-02,746679,2602.0,623946,1.0
2024,2024-08-02,747089,4705.0,429805,1.0
2024,2024-08-02,744986,5325.0,596805,1.0
2024,2024-08-02,746354,2392.0,427139,1.0
2024,2024-08-02,745875,3312.0,676581,1.0
2024,2024-08-02,746193,1.0,639723,1.0
2024,2024-08-02,745631,10.0,427093,1.0
2024,2024-08-02,745387,2680.0,427520,1.0
2024,2024-08-02,745224,680.0,665281,1.0
2024,2024-08-03,745714,3313.0,427113,1.0
2024,2024-08-03,746846,17.0,427533,1.0
2024,2024-08-03,744823,3309.0,644760,1.0
2024,2024-08-03,746440,2394.0,503493,1.0
2024,2024-08-03,745474,31.0,608093,1.0
2024,2024-08-03,744987,5325.0,482666,1.0
2024,2024-08-03,745876,3312.0,427315,1.0
2024,2024-08-03,746608,5.0,596740,1.0
2024,2024-08-03,746681,2602.0,489985,1.0
2024,2024-08-03,746358,2392.0,596809,1.0
2024,2024-08-03,747087,4705.0,658536,1.0
2024,2024-08-03,745388,2680.0,608158,1.0
2024,2024-08-03,745636,10.0,605673,1.0
2024,2024-08-03,746194,1.0,482620,1.0
2024,2024-08-03,745225,680.0,605674,1.0
2024,2024-08-04,746680,2602.0,427344,1.0
2024,2024-08-04,745468,31.0,485856,1.0
2024,2024-08-04,747088,4705.0,598411,1.0
2024,2024-08-04,745718,3313.0,503586,1.0
2024,2024-08-04,744826,3309.0,427248,1.0
2024,2024-08-04,746606,5.0,484183,1.0
2024,2024-08-04,746439,2394.0,503502,1.0
2024,2024-08-04,746356,2392.0,621660,1.0
2024,2024-08-04,745879,3312.0,483561,1.0
2024,2024-08-04,744979,5325.0,428442,1.0
2024,2024-08-04,746191,1.0,623945,1.0
2024,2024-08-04,745627,10.0,483564,1.0
2024,2024-08-04,745384,2680.0,503490,1.0
2024,2024-08-04,745222,680.0,431232,1.0
2024,2024-08-04,746844,17.0,623949,1.0
2024,2024-08-05,746600,5.0,605671,1.0
2024,2024-08-05,746038,4169.0,427554,1.0
2024,2024-08-05,744821,3309.0,427053,1.0
2024,2024-08-05,744982,5325.0,504381,1.0
2024,2024-08-05,746847,17.0,427413,1.0
2024,2024-08-05,746276,7.0,482608,1.0
2024,2024-08-05,745628,10.0,554242,1.0
2024,2024-08-05,746116,22.0,427243,1.0
2024,2024-08-06,745467,31.0,545402,1.0
2024,2024-08-06,746033,4169.0,484198,1.0
2024,2024-08-06,744817,3309.0,605670,1.0
2024,2024-08-06,744901,14.0,482663,1.0
2024,2024-08-06,747086,4705.0,547380,1.0
2024,2024-08-06,745141,2889.0,429805,1.0
2024,2024-08-06,744983,5325.0,544728,1.0
2024,2024-08-06,746840,17.0,427093,1.0
2024,2024-08-06,746273,7.0,623946,1.0
2024,2024-08-06,746519,19.0,577468,1.0
2024,2024-08-06,745221,680.0,427366,1.0
2024,2024-08-06,745629,10.0,483569,1.0
2024,2024-08-06,746120,22.0,427537,1.0
2024,2024-08-07,746602,5.0,482666,1.0
2024,2024-08-07,745713,3313.0,608093,1.0
2024,2024-08-07,746604,5.0,483630,1.0
2024,2024-08-07,746842,17.0,605673,1.0
2024,2024-08-07,744981,5325.0,427013,1.0
2024,2024-08-07,745630,10.0,665297,1.0
2024,2024-08-07,745709,3313.0,594151,1.0
2024,2024-08-07,745469,31.0,427164,1.0
2024,2024-08-07,746031,4169.0,503493,1.0
2024,2024-08-07,744822,3309.0,490319,1.0
2024,2024-08-07,744903,14.0,427520,1.0
2024,2024-08-07,747085,4705.0,665281,1.0
2024,2024-08-07,745142,2889.0,484183,1.0
2024,2024-08-07,746272,7.0,664263,1.0
2024,2024-08-07,746521,19.0,676581,1.0
2024,2024-08-07,745223,680.0,575629,1.0
2024,2024-08-07,746115,22.0,665576,1.0
2024,2024-08-08,744819,3309.0,521889,1.0
2024,2024-08-08,747081,4705.0,605674,1.0
2024,2024-08-08,745466,31.0,596740,1.0
2024,2024-08-08,746522,19.0,427315,1.0
2024,2024-08-08,746030,4169.0,427344,1.0
2024,2024-08-08,745710,3313.0,511890,1.0
2024,2024-08-08,744899,14.0,608158,1.0
2024,2024-08-08,745143,2889.0,598411,1.0
2024,2024-08-08,745226,680.0,482620,1.0
2024,2024-08-08,747169,15.0,658292,1.0
2024,2024-08-09,745871,3312.0,427554,1.0
2024,2024-08-09,744818,3309.0,521051,1.0
2024,2024-08-09,745062,12.0,431232,1.0
2024,2024-08-09,744900,14.0,483912,1.0
2024,2024-08-09,746927,3.0,427053,1.0
2024,2024-08-09,746032,4169.0,482608,1.0
2024,2024-08-09,746275,7.0,483561,1.0
2024,2024-08-09,746760,4.0,503490,1.0
2024,2024-08-09,745957,32.0,483564,1.0
2024,2024-08-09,746523,19.0,485856,1.0
2024,2024-08-09,747168,15.0,504381,1.0
2024,2024-08-09,746113,22.0,623945,1.0
2024,2024-08-09,745220,680.0,484499,1.0
2024,2024-08-09,745308,2395.0,427128,1.0
2024,2024-08-10,745708,3313.0,554242,1.0
2024,2024-08-10,745712,3313.0,503077,1.0
2024,2024-08-10,744897,14.0,545402,1.0
2024,2024-08-10,745304,2395.0,428442,1.0
2024,2024-08-10,746922,3.0,605670,1.0
2024,2024-08-10,746026,4169.0,623946,1.0
2024,2024-08-10,744820,3309.0,427243,1.0
2024,2024-08-10,746269,7.0,577468,1.0
2024,2024-08-10,745873,3312.0,484198,1.0
2024,2024-08-10,745955,32.0,427413,1.0
2024,2024-08-10,745056,12.0,547380,1.0
2024,2024-08-10,746761,4.0,482663,1.0
2024,2024-08-10,747164,15.0,544728,1.0
2024,2024-08-10,746520,19.0,594151,1.0
2024,2024-08-10,746112,22.0,427366,1.0
2024,2024-08-10,745219,680.0,429805,1.0
2024,2024-08-11,744816,3309.0,427537,1.0
2024,2024-08-11,746923,3.0,490319,1.0
2024,2024-08-11,745711,3313.0,483569,1.0
2024,2024-08-11,744895,14.0,427164,1.0
2024,2024-08-11,745057,12.0,665281,1.0
2024,2024-08-11,746025,4169.0,489985,1.0
2024,2024-08-11,745872,3312.0,503493,1.0
2024,2024-08-11,745956,32.0,427093,1.0
2024,2024-08-11,746517,19.0,608093,1.0
2024,2024-08-11,745303,2395.0,605671,1.0
2024,2024-08-11,746114,22.0,575629,1.0
2024,2024-08-11,747166,15.0,427013,1.0
2024,2024-08-11,745216,680.0,484183,1.0
2024,2024-08-12,746603,5.0,483919,1.0
2024,2024-08-12,746682,2602.0,521889,1.0
2024,2024-08-12,745058,12.0,503502,1.0
2024,2024-08-12,746921,3.0,482631,1.0
2024,2024-08-12,745874,3312.0,605674,1.0
2024,2024-08-12,746762,4.0,427139,1.0
2024,2024-08-12,745953,32.0,608158,1.0
2024,2024-08-12,746192,1.0,598411,1.0
2024,2024-08-12,747165,15.0,605672,1.0
2024,2024-08-12,745383,2680.0,596805,1.0
2024,2024-08-12,745300,2395.0,427044,1.0
2024,2024-08-13,747004,2.0,605673,1.0
2024,2024-08-13,746601,5.0,427315,1.0
2024,2024-08-13,746435,2394.0,665297,1.0
2024,2024-08-13,746673,2602.0,427053,1.0
2024,2024-08-13,745548,2681.0,639723,1.0
2024,2024-08-13,745055,12.0,427554,1.0
2024,2024-08-13,745788,3289.0,658292,1.0
2024,2024-08-13,746924,3.0,623938,1.0
2024,2024-08-13,745867,3312.0,521251,1.0
2024,2024-08-13,746757,4.0,573597,1.0
2024,2024-08-13,745954,32.0,503490,1.0
2024,2024-08-13,746187,1.0,484499,1.0
2024,2024-08-13,747160,15.0,427129,1.0
2024,2024-08-13,745382,2680.0,427128,1.0
2024,2024-08-13,745302,2395.0,573769,1.0
2024,2024-08-14,745869,3312.0,547380,1.0
2024,2024-08-14,747163,15.0,427533,1.0
2024,2024-08-14,745381,2680.0,428442,1.0
2024,2024-08-14,746919,3.0,427113,1.0
2024,2024-08-14,747000,2.0,483564,1.0
2024,2024-08-14,746598,5.0,658536,1.0
2024,2024-08-14,746436,2394.0,503077,1.0
2024,2024-08-14,746677,2602.0,621660,1.0
2024,2024-08-14,745544,2681.0,482620,1.0
2024,2024-08-14,745053,12.0,484198,1.0
2024,2024-08-14,745790,3289.0,504381,1.0
2024,2024-08-14,746759,4.0,596809,1.0
2024,2024-08-14,745951,32.0,482663,1.0
2024,2024-08-14,746188,1.0,429805,1.0
2024,2024-08-14,745301,2395.0,644760,1.0
2024,2024-08-15,745783,3289.0,482608,1.0
2024,2024-08-15,746437,2394.0,554242,1.0
2024,2024-08-15,745950,32.0,545402,1.0
2024,2024-08-15,745298,2395.0,427248,1.0
2024,2024-08-15,747002,2.0,665281,1.0
2024,2024-08-15,745545,2681.0,577468,1.0
2024,2024-08-15,744980,5325.0,607884,1.0
2024,2024-08-16,746843,17.0,503493,1.0
2024,2024-08-16,746674,2602.0,427013,1.0
2024,2024-08-16,745462,31.0,605670,1.0
2024,2024-08-16,745542,2681.0,483919,1.0
2024,2024-08-16,746438,2394.0,484183,1.0
2024,2024-08-16,745054,12.0,427413,1.0
2024,2024-08-16,747001,2.0,605674,1.0
2024,2024-08-16,745784,3289.0,623949,1.0
2024,2024-08-16,744974,5325.0,427139,1.0
2024,2024-08-16,746357,2392.0,503586,1.0
2024,2024-08-16,745949,32.0,623945,1.0
2024,2024-08-16,745144,2889.0,483569,1.0
2024,2024-08-16,746518,19.0,427044,1.0
2024,2024-08-16,746189,1.0,605671,1.0
2024,2024-08-17,745463,31.0,490319,1.0
2024,2024-08-17,746434,2394.0,598411,1.0
2024,2024-08-17,746841,17.0,503502,1.0
2024,2024-08-17,745049,12.0,427093,1.0
2024,2024-08-17,745785,3289.0,605672,1.0
2024,2024-08-17,745537,2681.0,427315,1.0
2024,2024-08-17,746675,2602.0,658292,1.0
2024,2024-08-17,746997,2.0,521251,1.0
2024,2024-08-17,744977,5325.0,573597,1.0
2024,2024-08-17,745626,10.0,605673,1.0
2024,2024-08-17,746355,2392.0,482631,1.0
2024,2024-08-17,745140,2889.0,665297,1.0
2024,2024-08-17,745952,32.0,639723,1.0
2024,2024-08-17,746515,19.0,573769,1.0
2024,2024-08-17,746190,1.0,596805,1.0
2024,2024-08-18,745786,3289.0,486200,1.0
2024,2024-08-18,746999,2.0,511890,1.0
2024,2024-08-18,745464,31.0,521889,1.0
2024,2024-08-18,745539,2681.0,658536,1.0
2024,2024-08-18,746676,2602.0,504381,1.0
2024,2024-08-18,745051,12.0,483564,1.0
2024,2024-08-18,746359,2392.0,623938,1.0
2024,2024-08-18,745948,32.0,482620,1.0
2024,2024-08-18,745139,2889.0,503077,1.0
2024,2024-08-18,746838,17.0,427554,1.0
2024,2024-08-18,744975,5325.0,596809,1.0
2024,2024-08-18,746516,19.0,644760,1.0
2024,2024-08-18,745621,10.0,621660,1.0
2024,2024-08-18,746186,1.0,427128,1.0
2024,2024-08-18,746431,2735.0,484499,1.0
2024,2024-08-19,746027,4169.0,607884,1.0
2024,2024-08-19,744898,14.0,483561,1.0
2024,2024-08-19,745780,3289.0,483630,1.0
2024,2024-08-19,744976,5325.0,545402,1.0
2024,2024-08-19,746351,2392.0,503490,1.0
2024,2024-08-19,746270,7.0,483569,1.0
2024,2024-08-19,745620,10.0,427113,1.0
2024,2024-08-19,745380,2680.0,427344,1.0
2024,2024-08-19,745294,2395.0,596740,1.0
2024,2024-08-19,746109,22.0,427248,1.0
2024,2024-08-20,746029,4169.0,427139,1.0
2024,2024-08-20,744814,3309.0,427053,1.0
2024,2024-08-20,745707,3313.0,482608,1.0
2024,2024-08-20,744896,14.0,577468,1.0
2024,2024-08-20,745782,3289.0,521051,1.0
2024,2024-08-20,747083,4705.0,429805,1.0
2024,2024-08-20,745136,2889.0,431232,1.0
2024,2024-08-20,746839,17.0,482666,1.0
2024,2024-08-20,744978,5325.0,594151,1.0
2024,2024-08-20,746349,2392.0,608158,1.0
2024,2024-08-20,746266,7.0,665297,1.0
2024,2024-08-20,745624,10.0,503586,1.0
2024,2024-08-20,745374,2680.0,623946,1.0
2024,2024-08-20,745295,2395.0,483912,1.0
2024,2024-08-20,746107,22.0,427044,1.0
2024,2024-08-21,745781,3289.0,427243,1.0
2024,2024-08-21,746350,2392.0,482663,1.0
2024,2024-08-21,744973,5325.0,511890,1.0
2024,2024-08-21,745297,2395.0,427164,1.0
2024,2024-08-21,745375,2680.0,489985,1.0
2024,2024-08-21,746028,4169.0,573597,1.0
2024,2024-08-21,744812,3309.0,605670,1.0
2024,2024-08-21,745704,3313.0,427013,1.0
2024,2024-08-21,744893,14.0,483919,1.0
2024,2024-08-21,747084,4705.0,484183,1.0
2024,2024-08-21,745138,2889.0,665281,1.0
2024,2024-08-21,746837,17.0,605671,1.0
2024,2024-08-21,746267,7.0,482631,1.0
2024,2024-08-21,745622,10.0,665576,1.0
2024,2024-08-21,746110,22.0,573769,1.0
2024,2024-08-22,744815,3309.0,490319,1.0
2024,2024-08-22,745705,3313.0,658292,1.0
2024,2024-08-22,745137,2889.0,521251,1.0
2024,2024-08-22,746836,17.0,596805,1.0
2024,2024-08-22,745623,10.0,623938,1.0
2024,2024-08-22,745465,31.0,427520,1.0
2024,2024-08-22,744894,14.0,664263,1.0
2024,2024-08-22,746998,2.0,623945,1.0
2024,2024-08-22,747082,4705.0,598411,1.0
2024,2024-08-22,745379,2680.0,658536,1.0
2024,2024-08-23,745460,31.0,503490,1.0
2024,2024-08-23,746995,2.0,483561,1.0
2024,2024-08-23,745702,3313.0,427537,1.0
2024,2024-08-23,744889,14.0,596809,1.0
2024,2024-08-23,746920,3.0,544728,1.0
2024,2024-08-23,746597,5.0,503077,1.0
2024,2024-08-23,746024,4169.0,484499,1.0
2024,2024-08-23,747080,4705.0,482641,1.0
2024,2024-08-23,745870,3312.0,428442,1.0
2024,2024-08-23,746268,7.0,521889,1.0
2024,2024-08-23,746758,4.0,605674,1.0
2024,2024-08-23,745378,2680.0,596740,1.0
2024,2024-08-23,745625,10.0,644760,1.0
2024,2024-08-23,745217,680.0,427113,1.0
2024,2024-08-23,746111,22.0,621660,1.0
2024,2024-08-24,745703,3313.0,483630,1.0
2024,2024-08-24,744890,14.0,427139,1.0
2024,2024-08-24,746996,2.0,577468,1.0
2024,2024-08-24,745617,10.0,427248,1.0
2024,2024-08-24,746917,3.0,482608,1.0
2024,2024-08-24,745218,680.0,503586,1.0
2024,2024-08-24,746022,4169.0,429805,1.0
2024,2024-08-24,745457,31.0,608158,1.0
2024,2024-08-24,746599,5.0,483569,1.0
2024,2024-08-24,745868,3312.0,427128,1.0
2024,2024-08-24,746271,7.0,427053,1.0
2024,2024-08-24,746756,4.0,547380,1.0
2024,2024-08-24,747077,4705.0,545402,1.0
2024,2024-08-24,745377,2680.0,483912,1.0
2024,2024-08-24,746108,22.0,427344,1.0
2024,2024-08-25,747078,4705.0,594151,1.0
2024,2024-08-25,746918,3.0,427013,1.0
2024,2024-08-25,745459,31.0,482663,1.0
2024,2024-08-25,745706,3313.0,521051,1.0
2024,2024-08-25,744892,14.0,573597,1.0
2024,2024-08-25,746595,5.0,665297,1.0
2024,2024-08-25,746023,4169.0,676581,1.0
2024,2024-08-25,745863,3312.0,482666,1.0
2024,2024-08-25,746263,7.0,521251,1.0
2024,2024-08-25,746754,4.0,431232,1.0
2024,2024-08-25,745618,10.0,427044,1.0
2024,2024-08-25,745376,2680.0,427164,1.0
2024,2024-08-25,745212,680.0,665576,1.0
2024,2024-08-25,746106,22.0,623946,1.0
2024,2024-08-25,746994,2.0,483919,1.0
2024,2024-08-26,746596,5.0,483630,1.0
2024,2024-08-26,745458,31.0,482608,1.0
2024,2024-08-26,745538,2681.0,658292,1.0
2024,2024-08-26,744813,3309.0,483564,1.0
2024,2024-08-26,746915,3.0,607884,1.0
2024,2024-08-26,745865,3312.0,427533,1.0
2024,2024-08-26,745133,2889.0,511890,1.0
2024,2024-08-26,746753,4.0,665281,1.0
2024,2024-08-26,746513,19.0,596805,1.0
2024,2024-08-26,745215,680.0,484198,1.0
2024,2024-08-27,746429,2394.0,482631,1.0
2024,2024-08-27,746594,5.0,485856,1.0
2024,2024-08-27,746671,2602.0,605674,1.0
2024,2024-08-27,745461,31.0,503077,1.0
2024,2024-08-27,745540,2681.0,544728,1.0
2024,2024-08-27,744811,3309.0,427093,1.0
2024,2024-08-27,746916,3.0,427366,1.0
2024,2024-08-27,745864,3312.0,623949,1.0
2024,2024-08-27,745132,2889.0,482641,1.0
2024,2024-08-27,746755,4.0,489985,1.0
2024,2024-08-27,745946,32.0,490319,1.0
2024,2024-08-27,746510,19.0,428442,1.0
2024,2024-08-27,747162,15.0,621660,1.0
2024,2024-08-27,745213,680.0,658082,1.0
2024,2024-08-27,746105,22.0,596740,1.0
2024,2024-08-28,745452,31.0,554242,1.0
2024,2024-08-28,746589,5.0,427243,1.0
2024,2024-08-28,745541,2681.0,504381,1.0
2024,2024-08-28,745211,680.0,503502,1.0
2024,2024-08-28,746430,2394.0,427113,1.0
2024,2024-08-28,746672,2602.0,547380,1.0
2024,2024-08-28,744809,3309.0,427413,1.0
2024,2024-08-28,746913,3.0,639723,1.0
2024,2024-08-28,745866,3312.0,605672,1.0
2024,2024-08-28,745134,2889.0,608093,1.0
2024,2024-08-28,746752,4.0,644760,1.0
2024,2024-08-28,745943,32.0,521889,1.0
2024,2024-08-28,746512,19.0,427128,1.0
2024,2024-08-28,747161,15.0,503493,1.0
2024,2024-08-28,746103,22.0,545402,1.0
2024,2024-08-29,746432,2394.0,605671,1.0
2024,2024-08-29,746748,4.0,427248,1.0
2024,2024-08-29,745945,32.0,427053,1.0
2024,2024-08-29,745135,2889.0,594151,1.0
2024,2024-08-29,746514,19.0,482666,1.0
2024,2024-08-29,747159,15.0,427344,1.0
2024,2024-08-29,746670,2602.0,431232,1.0
2024,2024-08-29,745531,2681.0,483569,1.0
2024,2024-08-29,746914,3.0,482620,1.0
2024,2024-08-29,746352,2392.0,605673,1.0
2024,2024-08-29,746102,22.0,483912,1.0
2024,2024-08-30,746665,2602.0,427533,1.0
2024,2024-08-30,746433,2394.0,605670,1.0
2024,2024-08-30,745533,2681.0,607884,1.0
2024,2024-08-30,744810,3309.0,482631,1.0
2024,2024-08-30,745052,12.0,427537,1.0
2024,2024-08-30,745700,3313.0,427044,1.0
2024,2024-08-30,746593,5.0,665281,1.0
2024,2024-08-30,744969,5325.0,575629,1.0
2024,2024-08-30,746353,2392.0,483564,1.0
2024,2024-08-30,745862,3312.0,427013,1.0
2024,2024-08-30,746749,4.0,596805,1.0
2024,2024-08-30,746511,19.0,503586,1.0
2024,2024-08-30,746184,1.0,427164,1.0
2024,2024-08-30,747156,15.0,511890,1.0
2024,2024-08-30,745299,2395.0,427554,1.0
2024,2024-08-31,745699,3313.0,521251,1.0
2024,2024-08-31,744808,3309.0,427113,1.0
2024,2024-08-31,745050,12.0,483630,1.0
2024,2024-08-31,746424,2394.0,490319,1.0
2024,2024-08-31,746590,5.0,605674,1.0
2024,2024-08-31,744971,5325.0,427366,1.0
2024,2024-08-31,746348,2392.0,427093,1.0
2024,2024-08-31,745859,3312.0,658292,1.0
2024,2024-08-31,746751,4.0,428442,1.0
2024,2024-08-31,745532,2681.0,503077,1.0
2024,2024-08-31,746667,2602.0,623949,1.0
2024,2024-08-31,746507,19.0,621660,1.0
2024,2024-08-31,747158,15.0,482641,1.0
2024,2024-08-31,745296,2395.0,484198,1.0
2024,2024-08-31,746182,1.0,596740,1.0
2024,2024-09-01,746669,2602.0,605672,1.0
2024,2024-09-01,744806,3309.0,664263,1.0
2024,2024-09-01,745701,3313.0,644760,1.0
2024,2024-09-01,746426,2394.0,521889,1.0
2024,2024-09-01,746592,5.0,547380,1.0
2024,2024-09-01,745048,12.0,485856,1.0
2024,2024-09-01,746347,2392.0,427413,1.0
2024,2024-09-01,745861,3312.0,544728,1.0
2024,2024-09-01,746750,4.0,427128,1.0
2024,2024-09-01,744970,5325.0,639723,1.0
2024,2024-09-01,746505,19.0,427344,1.0
2024,2024-09-01,745292,2395.0,658082,1.0
2024,2024-09-01,746183,1.0,545402,1.0
2024,2024-09-01,747157,15.0,608093,1.0
2024,2024-09-01,745536,2681.0,554242,1.0
2024,2024-09-02,745947,32.0,427315,1.0
2024,2024-09-02,746992,2.0,427243,1.0
2024,2024-09-02,746668,2602.0,482620,1.0
2024,2024-09-02,746265,7.0,504381,1.0
2024,2024-09-02,747155,15.0,594151,1.0
2024,2024-09-02,745373,2680.0,605673,1.0
2024,2024-09-02,745046,12.0,483569,1.0
2024,2024-09-02,745619,10.0,484183,1.0
2024,2024-09-02,745779,3289.0,427520,1.0
2024,2024-09-02,746833,17.0,623946,1.0
2024,2024-09-02,744972,5325.0,427129,1.0
2024,2024-09-03,746991,2.0,427537,1.0
2024,2024-09-03,746020,4169.0,482631,1.0
2024,2024-09-03,745047,12.0,607884,1.0
2024,2024-09-03,744891,14.0,503493,1.0
2024,2024-09-03,745778,3289.0,503490,1.0
2024,2024-09-03,747079,4705.0,483912,1.0
2024,2024-09-03,746264,7.0,598411,1.0
2024,2024-09-03,746834,17.0,427139,1.0
2024,2024-09-03,745944,32.0,483561,1.0
2024,2024-09-03,744968,5325.0,427533,1.0
2024,2024-09-03,746185,1.0,665576,1.0
2024,2024-09-03,745615,10.0,484499,1.0
2024,2024-09-03,745293,2395.0,427197,1.0
2024,2024-09-04,744887,14.0,503502,1.0
2024,2024-09-04,746990,2.0,605671,1.0
2024,2024-09-04,746666,2602.0,575629,1.0
2024,2024-09-04,746019,4169.0,605670,1.0
2024,2024-09-04,745045,12.0,577468,1.0
2024,2024-09-04,745776,3289.0,608158,1.0
2024,2024-09-04,747075,4705.0,427164,1.0
2024,2024-09-04,746262,7.0,658292,1.0
2024,2024-09-04,746835,17.0,621660,1.0
2024,2024-09-04,745938,32.0,573769,1.0
2024,2024-09-04,744964,5325.0,623949,1.0
2024,2024-09-04,746178,1.0,482641,1.0
2024,2024-09-04,745370,2680.0,483564,1.0
2024,2024-09-04,745614,10.0,665297,1.0
2024,2024-09-04,745290,2395.0,511890,1.0
2024,2024-09-05,746664,2602.0,427366,1.0
2024,2024-09-05,745042,12.0,554242,1.0
2024,2024-09-05,745612,10.0,429805,1.0
2024,2024-09-05,745289,2395.0,596809,1.0
2024,2024-09-05,745451,31.0,483630,1.0
2024,2024-09-05,746021,4169.0,482663,1.0
2024,2024-09-05,747073,4705.0,596740,1.0
2024,2024-09-05,744966,5325.0,427554,1.0
2024,2024-09-05,745369,2680.0,427093,1.0
2024,2024-09-06,746832,17.0,490319,1.0
2024,2024-09-06,745941,32.0,483569,1.0
2024,2024-09-06,746993,2.0,623945,1.0
2024,2024-09-06,745777,3289.0,608093,1.0
2024,2024-09-06,746912,3.0,545402,1.0
2024,2024-09-06,746016,4169.0,427520,1.0
2024,2024-09-06,747074,4705.0,427344,1.0
2024,2024-09-06,744967,5325.0,484198,1.0
2024,2024-09-06,746343,2392.0,483919,1.0
2024,2024-09-06,746257,7.0,639723,1.0
2024,2024-09-06,745131,2889.0,544728,1.0
2024,2024-09-06,745611,10.0,573597,1.0
2024,2024-09-06,745371,2680.0,484183,1.0
2024,2024-09-06,746104,22.0,427413,1.0
2024,2024-09-07,745455,31.0,427537,1.0
2024,2024-09-07,745456,31.0,605671,1.0
2024,2024-09-07,746829,17.0,427053,1.0
2024,2024-09-07,746986,2.0,427129,1.0
2024,2024-09-07,745613,10.0,427197,1.0
2024,2024-09-07,746344,2392.0,427315,1.0
2024,2024-09-07,745775,3289.0,594151,1.0
2024,2024-09-07,746018,4169.0,503490,1.0
2024,2024-09-07,744963,5325.0,503493,1.0
2024,2024-09-07,745942,32.0,607884,1.0
2024,2024-09-07,745125,2889.0,504381,1.0
2024,2024-09-07,746259,7.0,482620,1.0
2024,2024-09-07,746911,3.0,483912,1.0
2024,2024-09-07,747076,4705.0,623946,1.0
2024,2024-09-07,745372,2680.0,484499,1.0
2024,2024-09-07,746099,22.0,605673,1.0
2024,2024-09-08,746989,2.0,427533,1.0
2024,2024-09-08,745453,31.0,664263,1.0
2024,2024-09-08,747072,4705.0,427139,1.0
2024,2024-09-08,746910,3.0,427164,1.0
2024,2024-09-08,745774,3289.0,665576,1.0
2024,2024-09-08,746017,4169.0,608158,1.0
2024,2024-09-08,746258,7.0,575629,1.0
2024,2024-09-08,745940,32.0,577468,1.0
2024,2024-09-08,745128,2889.0,598411,1.0
2024,2024-09-08,746827,17.0,665281,1.0
2024,2024-09-08,744965,5325.0,503502,1.0
2024,2024-09-08,745616,10.0,511890,1.0
2024,2024-09-08,746098,22.0,483564,1.0
2024,2024-09-08,745368,2680.0,665297,1.0
2024,2024-09-08,746345,2392.0,483561,1.0
2024,2024-09-09,745534,2681.0,482666,1.0
2024,2024-09-09,745454,31.0,427013,1.0
2024,2024-09-09,745698,3313.0,427554,1.0
2024,2024-09-09,744888,14.0,521889,1.0
2024,2024-09-09,746909,3.0,431232,1.0
2024,2024-09-09,745860,3312.0,483630,1.0
2024,2024-09-09,746746,4.0,621660,1.0
2024,2024-09-09,746101,22.0,429805,1.0
2024,2024-09-10,746428,2394.0,573769,1.0
2024,2024-09-10,745535,2681.0,596805,1.0
2024,2024-09-10,745446,31.0,658292,1.0
2024,2024-09-10,744807,3309.0,623938,1.0
2024,2024-09-10,745694,3313.0,489985,1.0
2024,2024-09-10,744886,14.0,605670,1.0
2024,2024-09-10,746907,3.0,605674,1.0
2024,2024-09-10,745856,3312.0,427243,1.0
2024,2024-09-10,746747,4.0,427344,1.0
2024,2024-09-10,745126,2889.0,427520,1.0
2024,2024-09-10,746346,2392.0,623949,1.0
2024,2024-09-10,745210,680.0,427113,1.0
2024,2024-09-10,747152,15.0,427093,1.0
2024,2024-09-10,745291,2395.0,427248,1.0
2024,2024-09-10,746097,22.0,484183,1.0
2024,2024-09-11,745450,31.0,676581,1.0
2024,2024-09-11,746745,4.0,623946,1.0
2024,2024-09-11,744881,14.0,427053,1.0
2024,2024-09-11,747154,15.0,427413,1.0
2024,2024-09-11,746425,2394.0,483919,1.0
2024,2024-09-11,745525,2681.0,545402,1.0
2024,2024-09-11,744804,3309.0,596809,1.0
2024,2024-09-11,745697,3313.0,484198,1.0
2024,2024-09-11,746908,3.0,607884,1.0
2024,2024-09-11,745857,3312.0,427537,1.0
2024,2024-09-11,745127,2889.0,503490,1.0
2024,2024-09-11,746342,2392.0,623945,1.0
2024,2024-09-11,745214,680.0,486200,1.0
2024,2024-09-11,745285,2395.0,427044,1.0
2024,2024-09-11,746100,22.0,484499,1.0
2024,2024-09-12,746427,2394.0,427315,1.0
2024,2024-09-12,745129,2889.0,665297,1.0
2024,2024-09-12,746337,2392.0,605672,1.0
2024,2024-09-12,744805,3309.0,428442,1.0
2024,2024-09-12,746591,5.0,503493,1.0
2024,2024-09-12,745695,3313.0,605671,1.0
2024,2024-09-12,745208,680.0,427128,1.0
2024,2024-09-12,745288,2395.0,521251,1.0
2024,2024-09-13,746423,2394.0,504381,1.0
2024,2024-09-13,745447,31.0,577468,1.0
2024,2024-09-13,745529,2681.0,483561,1.0
2024,2024-09-13,744800,3309.0,658082,1.0
2024,2024-09-13,745696,3313.0,483630,1.0
2024,2024-09-13,744882,14.0,605673,1.0
2024,2024-09-13,746586,5.0,658536,1.0
2024,2024-09-13,747069,4705.0,521889,1.0
2024,2024-09-13,746744,4.0,665281,1.0
2024,2024-09-13,745855,3312.0,573597,1.0
2024,2024-09-13,746509,19.0,608158,1.0
2024,2024-09-13,746181,1.0,644760,1.0
2024,2024-09-13,747153,15.0,482631,1.0
2024,2024-09-13,745207,680.0,503502,1.0
2024,2024-09-13,745286,2395.0,427533,1.0
2024,2024-09-14,745448,31.0,431232,1.0
2024,2024-09-14,745689,3313.0,427243,1.0
2024,2024-09-14,744884,14.0,483564,1.0
2024,2024-09-14,745528,2681.0,429805,1.0
2024,2024-09-14,744803,3309.0,545402,1.0
2024,2024-09-14,746422,2394.0,427013,1.0
2024,2024-09-14,746584,5.0,489985,1.0
2024,2024-09-14,745858,3312.0,427197,1.0
2024,2024-09-14,746740,4.0,573769,1.0
2024,2024-09-14,747070,4705.0,596805,1.0
2024,2024-09-14,746508,19.0,503490,1.0
2024,2024-09-14,747148,15.0,503586,1.0
2024,2024-09-14,745284,2395.0,623949,1.0
2024,2024-09-14,746177,1.0,427248,1.0
2024,2024-09-14,745209,680.0,427344,1.0
2024,2024-09-15,746419,2394.0,658292,1.0
2024,2024-09-15,745852,3312.0,596809,1.0
2024,2024-09-15,745449,31.0,605674,1.0
2024,2024-09-15,745530,2681.0,598411,1.0
2024,2024-09-15,744801,3309.0,482666,1.0
2024,2024-09-15,745693,3313.0,427537,1.0
2024,2024-09-15,744883,14.0,427093,1.0
2024,2024-09-15,746585,5.0,484198,1.0
2024,2024-09-15,746741,4.0,483919,1.0
2024,2024-09-15,746506,19.0,482663,1.0
2024,2024-09-15,745287,2395.0,623945,1.0
2024,2024-09-15,746180,1.0,427044,1.0
2024,2024-09-15,745206,680.0,623946,1.0
2024,2024-09-15,747151,15.0,623938,1.0
2024,2024-09-15,747071,4705.0,605670,1.0
2024,2024-09-16,746588,5.0,547380,1.0
2024,2024-09-16,745773,3289.0,596740,1.0
2024,2024-09-16,747067,4705.0,490319,1.0
2024,2024-09-16,746260,7.0,427520,1.0
2024,2024-09-16,746828,17.0,554242,1.0
2024,2024-09-16,745939,32.0,621660,1.0
2024,2024-09-16,745130,2889.0,428442,1.0
2024,2024-09-16,746502,19.0,427139,1.0
2024,2024-09-16,746179,1.0,482641,1.0
2024,2024-09-16,745367,2680.0,427366,1.0
2024,2024-09-17,746987,2.0,521889,1.0
2024,2024-09-17,746587,5.0,608093,1.0
2024,2024-09-17,746659,2602.0,503493,1.0
2024,2024-09-17,746015,4169.0,521251,1.0
2024,2024-09-17,745044,12.0,484499,1.0
2024,2024-09-17,745772,3289.0,605671,1.0
2024,2024-09-17,746261,7.0,608158,1.0
2024,2024-09-17,746830,17.0,483569,1.0
2024,2024-09-17,745935,32.0,573597,1.0
2024,2024-09-17,745122,2889.0,489985,1.0
2024,2024-09-17,744961,5325.0,427113,1.0
2024,2024-09-17,746503,19.0,427128,1.0
2024,2024-09-17,746176,1.0,486200,1.0
2024,2024-09-17,745366,2680.0,639723,1.0
2024,2024-09-17,745205,680.0,605672,1.0
2024,2024-09-18,746831,17.0,607884,1.0
2024,2024-09-18,746500,19.0,665281,1.0
2024,2024-09-18,746172,1.0,594151,1.0
2024,2024-09-18,746988,2.0,596805,1.0
2024,2024-09-18,745365,2680.0,482620,1.0
2024,2024-09-18,746582,5.0,431232,1.0
2024,2024-09-18,746662,2602.0,503502,1.0
2024,2024-09-18,746014,4169.0,644760,1.0
2024,2024-09-18,745040,12.0,484183,1.0
2024,2024-09-18,745771,3289.0,483912,1.0
2024,2024-09-18,746254,7.0,503490,1.0
2024,2024-09-18,745933,32.0,427197,1.0
2024,2024-09-18,745121,2889.0,482666,1.0
2024,2024-09-18,744959,5325.0,658082,1.0
2024,2024-09-18,745199,680.0,427554,1.0
2024,2024-09-19,746985,2.0,605670,1.0
2024,2024-09-19,746579,5.0,605674,1.0
2024,2024-09-19,746663,2602.0,658292,1.0
2024,2024-09-19,744962,5325.0,482631,1.0
2024,2024-09-19,745204,680.0,623949,1.0
2024,2024-09-19,746011,4169.0,427248,1.0
2024,2024-09-19,745041,12.0,429805,1.0
2024,2024-09-19,745120,2889.0,545402,1.0
2024,2024-09-19,745769,3289.0,503077,1.0
2024,2024-09-19,745937,32.0,427164,1.0
2024,2024-09-19,746823,17.0,503586,1.0
2024,2024-09-19,746341,2392.0,623946,1.0
2024,2024-09-20,746824,17.0,482641,1.0
2024,2024-09-20,746661,2602.0,490319,1.0
2024,2024-09-20,745043,12.0,427520,1.0
2024,2024-09-20,746984,2.0,427044,1.0
2024,2024-09-20,746905,3.0,484198,1.0
2024,2024-09-20,745770,3289.0,554242,1.0
2024,2024-09-20,746013,4169.0,547380,1.0
2024,2024-09-20,744960,5325.0,598411,1.0
2024,2024-09-20,746340,2392.0,427139,1.0
2024,2024-09-20,746256,7.0,428442,1.0
2024,2024-09-20,745934,32.0,596740,1.0
2024,2024-09-20,745123,2889.0,575629,1.0
2024,2024-09-20,745364,2680.0,621660,1.0
2024,2024-09-20,745606,10.0,623938,1.0
2024,2024-09-20,746094,22.0,427129,1.0
2024,2024-09-21,746660,2602.0,605671,1.0
2024,2024-09-21,746826,17.0,486200,1.0
2024,2024-09-21,746983,2.0,521251,1.0
2024,2024-09-21,745038,12.0,482663,1.0
2024,2024-09-21,745768,3289.0,483569,1.0
2024,2024-09-21,746012,4169.0,608093,1.0
2024,2024-09-21,746255,7.0,489985,1.0
2024,2024-09-21,744958,5325.0,484499,1.0
2024,2024-09-21,746338,2392.0,427128,1.0
2024,2024-09-21,745936,32.0,503490,1.0
2024,2024-09-21,745124,2889.0,427366,1.0
2024,2024-09-21,745360,2680.0,573597,1.0
2024,2024-09-21,745610,10.0,427113,1.0
2024,2024-09-21,746096,22.0,605672,1.0
2024,2024-09-22,746906,3.0,503502,1.0
2024,2024-09-22,746903,3.0,503493,1.0
2024,2024-09-22,746657,2602.0,607884,1.0
2024,2024-09-22,746982,2.0,644760,1.0
2024,2024-09-22,745036,12.0,608158,1.0
2024,2024-09-22,746010,4169.0,431232,1.0
2024,2024-09-22,746339,2392.0,665281,1.0
2024,2024-09-22,746253,7.0,482666,1.0
2024,2024-09-22,745929,32.0,483912,1.0
2024,2024-09-22,745118,2889.0,639723,1.0
2024,2024-09-22,746825,17.0,594151,1.0
2024,2024-09-22,744955,5325.0,484183,1.0
2024,2024-09-22,745608,10.0,658082,1.0
2024,2024-09-22,746092,22.0,623945,1.0
2024,2024-09-22,745358,2680.0,427197,1.0
2024,2024-09-22,745767,3289.0,596805,1.0
2024,2024-09-23,745527,2681.0,427413,1.0
2024,2024-09-23,744885,14.0,544728,1.0
2024,2024-09-23,746334,2392.0,483630,1.0
2024,2024-09-23,747150,15.0,427315,1.0
2024,2024-09-24,746421,2394.0,482620,1.0
2024,2024-09-24,746581,5.0,482641,1.0
2024,2024-09-24,745526,2681.0,605673,1.0
2024,2024-09-24,745441,31.0,598411,1.0
2024,2024-09-24,744802,3309.0,427344,1.0
2024,2024-09-24,745688,3313.0,605674,1.0
2024,2024-09-24,744876,14.0,482608,1.0
2024,2024-09-24,747068,4705.0,482631,1.0
2024,2024-09-24,746743,4.0,503077,1.0
2024,2024-09-24,745851,3312.0,521889,1.0
2024,2024-09-24,746336,2392.0,427243,1.0
2024,2024-09-24,746504,19.0,621660,1.0
2024,2024-09-24,747149,15.0,483561,1.0
2024,2024-09-24,745605,10.0,427053,1.0
2024,2024-09-24,746093,22.0,503586,1.0
2024,2024-09-25,746331,2392.0,427537,1.0
2024,2024-09-25,745521,2681.0,483564,1.0
2024,2024-09-25,746583,5.0,608093,1.0
2024,2024-09-25,746420,2394.0,575629,1.0
2024,2024-09-25,745442,31.0,429805,1.0
2024,2024-09-25,744795,3309.0,427139,1.0
2024,2024-09-25,745690,3313.0,547380,1.0
2024,2024-09-25,744877,14.0,665297,1.0
2024,2024-09-25,746742,4.0,554242,1.0
2024,2024-09-25,745854,3312.0,427129,1.0
2024,2024-09-25,746501,19.0,573597,1.0
2024,2024-09-25,747144,15.0,577468,1.0
2024,2024-09-25,745607,10.0,605671,1.0
2024,2024-09-25,746095,22.0,427164,1.0
2024,2024-09-30,747064,4705.0,483564,1.0
2024,2024-09-26,745443,31.0,484499,1.0
2024,2024-09-26,744796,3309.0,489985,1.0
2024,2024-09-26,746415,2394.0,427366,1.0
2024,2024-09-26,746738,4.0,623945,1.0
2024,2024-09-26,746495,19.0,427197,1.0
2024,2024-09-26,745609,10.0,607884,1.0
2024,2024-09-26,745691,3313.0,482663,1.0
2024,2024-09-26,745853,3312.0,605672,1.0
2024,2024-09-26,746088,22.0,596740,1.0
2024,2024-09-27,746822,17.0,639723,1.0
2024,2024-09-27,746417,2394.0,521051,1.0
2024,2024-09-27,744797,3309.0,427013,1.0
2024,2024-09-27,745692,3313.0,427413,1.0
2024,2024-09-27,744879,14.0,596809,1.0
2024,2024-09-27,746580,5.0,427533,1.0
2024,2024-09-27,746904,3.0,665281,1.0
2024,2024-09-27,747065,4705.0,623938,1.0
2024,2024-09-27,746494,19.0,431232,1.0
2024,2024-09-27,745847,3312.0,484183,1.0
2024,2024-09-27,745930,32.0,594151,1.0
2024,2024-09-27,746173,1.0,483919,1.0
2024,2024-09-27,747145,15.0,605673,1.0
2024,2024-09-27,745202,680.0,483912,1.0
2024,2024-09-27,745280,2395.0,658082,1.0
2024,2024-09-28,745685,3313.0,427093,1.0
2024,2024-09-28,746414,2394.0,483630,1.0
2024,2024-09-28,746819,17.0,482620,1.0
2024,2024-09-28,744878,14.0,486200,1.0
2024,2024-09-28,745281,2395.0,503077,1.0
2024,2024-09-28,744799,3309.0,544728,1.0
2024,2024-09-28,746902,3.0,427344,1.0
2024,2024-09-28,746578,5.0,427554,1.0
2024,2024-09-28,745849,3312.0,598411,1.0
2024,2024-09-28,745931,32.0,482641,1.0
2024,2024-09-28,747066,4705.0,504381,1.0
2024,2024-09-28,746499,19.0,605674,1.0
2024,2024-09-28,747146,15.0,490319,1.0
2024,2024-09-28,746171,1.0,427315,1.0
2024,2024-09-28,745203,680.0,503586,1.0
2024,2024-09-29,745282,2395.0,483569,1.0
2024,2024-09-29,746901,3.0,427139,1.0
2024,2024-09-29,744798,3309.0,665576,1.0
2024,2024-09-29,745686,3313.0,554242,1.0
2024,2024-09-29,746174,1.0,664263,1.0
2024,2024-09-29,744880,14.0,573597,1.0
2024,2024-09-29,746496,19.0,547380,1.0
2024,2024-09-29,747147,15.0,521889,1.0
2024,2024-09-29,745201,680.0,427164,1.0
2024,2024-09-29,745846,3312.0,429805,1.0
2024,2024-09-29,746416,2394.0,427243,1.0
2024,2024-09-29,745932,32.0,483561,1.0
2024,2024-09-29,746820,17.0,575629,1.0
2024,2024-09-29,747061,4705.0,427113,1.0
2024,2024-09-29,746577,5.0,0,0.0
2024,2024-10-01,775345,2392.0,427413,1.0
2024,2024-10-01,775343,2.0,596809,1.0
2024,2024-10-01,775340,32.0,605673,1.0
2024,2024-10-01,775333,2680.0,598411,1.0
2024,2024-10-02,775344,2392.0,490319,1.0
2024,2024-10-02,775341,2.0,521251,1.0
2024,2024-10-02,775339,32.0,503490,1.0
2024,2024-10-02,775336,2680.0,427093,1.0
2024,2024-10-03,775337,32.0,483569,1.0
2024,2024-10-05,775324,5.0,644760,1.0
2024,2024-10-05,775318,2681.0,427164,1.0
2024,2024-10-05,775334,3313.0,503077,1.0
2024,2024-10-05,775323,22.0,483919,1.0
2024,2024-10-06,775319,2681.0,554242,1.0
2024,2024-10-06,775322,22.0,596805,1.0
2024,2024-10-07,775325,5.0,594151,1.0
2024,2024-10-07,775332,3313.0,503502,1.0
2024,2024-10-08,775316,3289.0,427139,1.0
2024,2024-10-08,775321,2680.0,484183,1.0
2024,2024-10-09,775328,2394.0,427554,1.0
2024,2024-10-09,775313,3289.0,428442,1.0
2024,2024-10-09,775329,7.0,483561,1.0
2024,2024-10-09,775320,2680.0,483564,1.0
2024,2024-10-10,775327,2394.0,429805,1.0
2024,2024-10-10,775331,7.0,427053,1.0
2024,2024-10-11,775317,22.0,503586,1.0
2024,2024-10-12,775326,5.0,431232,1.0
2024,2024-10-13,775307,22.0,605672,1.0
2024,2024-10-14,775306,22.0,483912,1.0
2024,2024-10-14,775314,3313.0,482631,1.0
2024,2024-10-15,775312,3313.0,573597,1.0
2024,2024-10-16,775305,3289.0,427243,1.0
2024,2024-10-17,775310,5.0,427248,1.0
2024,2024-10-17,775303,3289.0,544728,1.0
2024,2024-10-18,775299,3289.0,427344,1.0
2024,2024-10-18,775311,5.0,503490,1.0
2024,2024-10-19,775309,5.0,484198,1.0
2024,2024-10-20,775302,22.0,482663,1.0
2024,2024-10-25,775300,22.0,547380,1.0
2024,2024-10-26,775294,22.0,427164,1.0
2024,2024-10-28,775298,3313.0,427053,1.0
2024,2024-10-29,775297,3313.0,427139,1.0
2024,2024-10-30,775296,3313.0,483919,1.0
2025,2025-03-18,778563,2397.0,427344,1.0
2025,2025-03-19,778564,2397.0,484198,1.0
2025,2025-03-27,778557,3313.0,427243,1.0
2025,2025-03-27,778556,14.0,427013,1.0
2025,2025-03-27,778553,5325.0,429805,1.0
2025,2025-03-27,778555,3309.0,427315,1.0
2025,2025-03-27,778558,7.0,427139,1.0
2025,2025-03-27,778559,2392.0,427164,1.0
2025,2025-03-27,778561,2602.0,427292,1.0
2025,2025-03-27,778545,2680.0,482641,1.0
2025,2025-03-27,778554,4.0,484198,1.0
2025,2025-03-27,778562,4169.0,427344,1.0
2025,2025-03-27,778551,2889.0,427113,1.0
2025,2025-03-27,778546,22.0,482620,1.0
2025,2025-03-27,778552,15.0,483564,1.0
2025,2025-03-27,778547,680.0,427053,1.0
2025,2025-03-28,778560,2523.0,427533,1.0
2025,2025-03-28,778549,14.0,504381,1.0
2025,2025-03-28,778548,4169.0,431232,1.0
2025,2025-03-28,778550,5325.0,427537,1.0
2025,2025-03-28,778518,2392.0,427128,1.0
2025,2025-03-28,778543,15.0,427093,1.0
2025,2025-03-28,778541,680.0,490319,1.0
2025,2025-03-28,778542,2680.0,511890,1.0
2025,2025-03-28,778544,22.0,483630,1.0
2025,2025-03-29,778538,3313.0,503586,1.0
2025,2025-03-29,778534,4.0,427554,1.0
2025,2025-03-29,778528,2889.0,427366,1.0
2025,2025-03-29,778536,14.0,596809,1.0
2025,2025-03-29,778535,3309.0,483561,1.0
2025,2025-03-29,778529,7.0,483912,1.0
2025,2025-03-29,778540,2602.0,484183,1.0
2025,2025-03-29,778537,2523.0,427129,1.0
2025,2025-03-29,778539,4169.0,521251,1.0
2025,2025-03-29,778531,5325.0,503077,1.0
2025,2025-03-29,778530,2392.0,596740,1.0
2025,2025-03-29,778520,2680.0,594151,1.0
2025,2025-03-29,778532,15.0,427413,1.0
2025,2025-03-29,778533,22.0,605672,1.0
2025,2025-03-29,778521,680.0,521889,1.0
2025,2025-03-30,778526,3309.0,547380,1.0
2025,2025-03-30,778523,3313.0,503502,1.0
2025,2025-03-30,778525,14.0,605674,1.0
2025,2025-03-30,778522,2602.0,484499,1.0
2025,2025-03-30,778524,2523.0,575629,1.0
2025,2025-03-30,778519,4169.0,577468,1.0
2025,2025-03-30,778510,7.0,573597,1.0
2025,2025-03-30,778527,4.0,503490,1.0
2025,2025-03-30,778517,2889.0,482631,1.0
2025,2025-03-30,778516,5325.0,598411,1.0
2025,2025-03-30,778515,15.0,623949,1.0
2025,2025-03-30,778513,680.0,545402,1.0
2025,2025-03-30,778514,2680.0,607884,1.0
2025,2025-03-31,778506,4.0,428442,1.0
2025,2025-03-31,778504,32.0,639723,1.0
2025,2025-03-31,778512,2.0,427197,1.0
2025,2025-03-31,778502,2681.0,427013,1.0
2025,2025-03-31,778511,2602.0,483569,1.0
2025,2025-03-31,778509,4169.0,608158,1.0
2025,2025-03-31,778508,2523.0,608093,1.0
2025,2025-03-31,778507,14.0,623938,1.0
2025,2025-03-31,778503,2889.0,621660,1.0
2025,2025-03-31,778505,2392.0,429805,1.0
2025,2025-03-31,778499,2680.0,427053,1.0
2025,2025-03-31,778496,680.0,427248,1.0
2025,2025-03-31,778501,2529.0,482641,1.0
2025,2025-03-31,778500,22.0,483564,1.0
2025,2025-04-01,778498,2602.0,483919,1.0
2025,2025-04-01,778497,4169.0,427533,1.0
2025,2025-04-01,778493,2523.0,427243,1.0
2025,2025-04-01,778492,3313.0,623946,1.0
2025,2025-04-01,778491,14.0,427113,1.0
2025,2025-04-01,778490,4.0,482666,1.0
2025,2025-04-01,778488,32.0,482620,1.0
2025,2025-04-01,778495,2889.0,427139,1.0
2025,2025-04-01,778489,2392.0,427537,1.0
2025,2025-04-01,778485,2680.0,490319,1.0
2025,2025-04-01,778486,680.0,427044,1.0
2025,2025-04-01,778494,2529.0,511890,1.0
2025,2025-04-01,778487,22.0,427093,1.0
2025,2025-04-02,778480,2602.0,544728,1.0
2025,2025-04-02,778479,2523.0,503586,1.0
2025,2025-04-02,778477,32.0,483630,1.0
2025,2025-04-02,778473,2889.0,483912,1.0
2025,2025-04-02,778474,4.0,596805,1.0
2025,2025-04-02,778478,14.0,658292,1.0
2025,2025-04-02,778471,2529.0,594151,1.0
2025,2025-04-02,778476,2680.0,521889,1.0
2025,2025-04-02,778469,680.0,482608,1.0
2025,2025-04-02,778475,2392.0,503077,1.0
2025,2025-04-02,778481,4169.0,427129,1.0
2025,2025-04-02,778483,2.0,482663,1.0
2025,2025-04-02,778482,2681.0,504381,1.0
2025,2025-04-02,778484,3313.0,427164,1.0
2025,2025-04-02,778472,22.0,427413,1.0
2025,2025-04-03,778470,2.0,554242,1.0
2025,2025-04-03,778467,2681.0,596809,1.0
2025,2025-04-03,778462,3312.0,664263,1.0
2025,2025-04-03,778466,3313.0,427128,1.0
2025,2025-04-03,778468,32.0,482631,1.0
2025,2025-04-04,778458,2394.0,521051,1.0
2025,2025-04-04,778463,3.0,596740,1.0
2025,2025-04-04,778460,17.0,575629,1.0
2025,2025-04-04,778465,3289.0,573597,1.0
2025,2025-04-04,778456,19.0,644760,1.0
2025,2025-04-04,778461,31.0,665297,1.0
2025,2025-04-04,778444,2395.0,503493,1.0
2025,2025-04-04,778457,3309.0,605674,1.0
2025,2025-04-04,778459,2681.0,598411,1.0
2025,2025-04-04,778464,4705.0,503502,1.0
2025,2025-04-04,778455,7.0,605670,1.0
2025,2025-04-04,778454,5325.0,665281,1.0
2025,2025-04-04,778453,32.0,623938,1.0
2025,2025-04-04,778447,1.0,623949,1.0
2025,2025-04-05,778445,2394.0,483569,1.0
2025,2025-04-05,778440,3312.0,639723,1.0
2025,2025-04-05,778450,17.0,608158,1.0
2025,2025-04-05,778452,3309.0,427013,1.0
2025,2025-04-05,778448,2681.0,429805,1.0
2025,2025-04-05,778449,31.0,427197,1.0
2025,2025-04-05,778441,7.0,427053,1.0
2025,2025-04-05,778438,5325.0,482641,1.0
2025,2025-04-05,778446,3289.0,621660,1.0
2025,2025-04-05,778439,32.0,427113,1.0
2025,2025-04-05,778451,4705.0,608093,1.0
2025,2025-04-05,778442,19.0,427248,1.0
2025,2025-04-05,778436,2395.0,428442,1.0
2025,2025-04-05,778437,1.0,483564,1.0
2025,2025-04-06,778443,3.0,623946,1.0
2025,2025-04-06,778429,3309.0,504381,1.0
2025,2025-04-06,778432,3.0,427164,1.0
2025,2025-04-06,778434,2681.0,427537,1.0
2025,2025-04-06,778428,31.0,482663,1.0
2025,2025-04-06,778435,3289.0,427139,1.0
2025,2025-04-06,778433,2394.0,483919,1.0
2025,2025-04-06,778422,7.0,490319,1.0
2025,2025-04-06,778419,3312.0,482620,1.0
2025,2025-04-06,778421,32.0,658292,1.0
2025,2025-04-06,778430,17.0,427533,1.0
2025,2025-04-06,778420,5325.0,511890,1.0
2025,2025-04-06,778423,19.0,427044,1.0
2025,2025-04-06,778427,2395.0,482666,1.0
2025,2025-04-06,778425,1.0,427093,1.0
2025,2025-08-09,778431,4705.0,482663,1.0
2025,2025-04-07,778424,2394.0,427129,1.0
2025,2025-04-07,778415,31.0,596809,1.0
2025,2025-04-07,778418,3309.0,554242,1.0
2025,2025-04-07,778426,3.0,605673,1.0
2025,2025-04-07,778416,3289.0,607884,1.0
2025,2025-04-07,778411,17.0,427344,1.0
2025,2025-04-07,778412,7.0,544728,1.0
2025,2025-04-07,778413,15.0,482631,1.0
2025,2025-04-07,778405,680.0,427315,1.0
2025,2025-04-07,778410,2395.0,483630,1.0
2025,2025-04-07,778414,2529.0,596805,1.0
2025,2025-04-08,778403,2394.0,575629,1.0
2025,2025-04-08,778402,5.0,482608,1.0
2025,2025-04-08,778407,3289.0,665281,1.0
2025,2025-04-08,778408,31.0,605674,1.0
2025,2025-04-08,778409,3309.0,665297,1.0
2025,2025-04-08,778404,3.0,427292,1.0
2025,2025-04-08,778417,2523.0,427128,1.0
2025,2025-04-08,778406,4705.0,521889,1.0
2025,2025-04-08,778401,17.0,431232,1.0
2025,2025-04-08,778400,7.0,521051,1.0
2025,2025-04-08,778394,19.0,623945,1.0
2025,2025-04-08,778396,15.0,427366,1.0
2025,2025-04-08,778398,680.0,483561,1.0
2025,2025-04-08,778397,2395.0,664263,1.0
2025,2025-04-08,778395,2529.0,503493,1.0
2025,2025-04-09,778389,31.0,427013,1.0
2025,2025-04-09,778390,3289.0,482641,1.0
2025,2025-04-09,778387,2394.0,608158,1.0
2025,2025-04-09,778385,17.0,521251,1.0
2025,2025-04-09,778381,2529.0,428442,1.0
2025,2025-04-09,778380,15.0,427113,1.0
2025,2025-04-09,778376,2395.0,639723,1.0
2025,2025-04-09,778392,3309.0,427197,1.0
2025,2025-04-09,778383,680.0,547380,1.0
2025,2025-04-09,778391,5.0,644760,1.0
2025,2025-04-09,778386,3.0,484183,1.0
2025,2025-04-09,778399,2523.0,596740,1.0
2025,2025-04-09,778393,4705.0,605670,1.0
2025,2025-04-09,778388,7.0,483569,1.0
2025,2025-04-09,778379,19.0,484198,1.0
2025,2025-04-10,778382,2523.0,623946,1.0
2025,2025-04-10,778378,5.0,427248,1.0
2025,2025-04-10,778373,7.0,483919,1.0
2025,2025-04-10,778371,19.0,427554,1.0
2025,2025-04-10,778377,3.0,484499,1.0
2025,2025-04-10,778384,4705.0,427053,1.0
2025,2025-04-11,778375,5.0,605673,1.0
2025,2025-04-11,778374,2602.0,490319,1.0
2025,2025-04-11,778367,2523.0,482663,1.0
2025,2025-04-11,778370,3313.0,504381,1.0
2025,2025-04-11,778369,4169.0,577468,1.0
2025,2025-04-11,778366,4.0,511890,1.0
2025,2025-04-11,778368,2392.0,503490,1.0
2025,2025-04-11,778363,3312.0,427164,1.0
2025,2025-04-11,778365,2889.0,427044,1.0
2025,2025-04-11,778361,2680.0,483630,1.0
2025,2025-04-11,778360,680.0,658292,1.0
2025,2025-04-11,778364,15.0,605671,1.0
2025,2025-04-11,778358,2529.0,544728,1.0
2025,2025-04-11,778356,22.0,482666,1.0
2025,2025-07-29,778372,2.0,483919,1.0
2025,2025-04-12,778348,3312.0,665576,1.0
2025,2025-04-12,778347,2889.0,482608,1.0
2025,2025-04-12,778355,3313.0,596809,1.0
2025,2025-04-12,778346,2529.0,521051,1.0
2025,2025-04-12,778362,2.0,427533,1.0
2025,2025-04-12,778353,2523.0,554242,1.0
2025,2025-04-12,778349,4.0,607884,1.0
2025,2025-04-12,778354,4169.0,427344,1.0
2025,2025-04-12,778359,5.0,427292,1.0
2025,2025-04-12,778357,2602.0,521889,1.0
2025,2025-04-12,778351,2392.0,623945,1.0
2025,2025-04-12,778350,15.0,427315,1.0
2025,2025-04-12,778352,2680.0,664263,1.0
2025,2025-04-12,778345,22.0,596805,1.0
2025,2025-04-12,778341,680.0,482631,1.0
2025,2025-04-13,778344,2.0,545402,1.0
2025,2025-04-13,778339,3313.0,605674,1.0
2025,2025-04-13,778342,5.0,484183,1.0
2025,2025-04-13,778343,2602.0,605670,1.0
2025,2025-04-13,778340,2523.0,665297,1.0
2025,2025-04-13,778337,4169.0,431232,1.0
2025,2025-04-13,778329,2392.0,484198,1.0
2025,2025-04-13,778335,3312.0,596740,1.0
2025,2025-04-13,778338,4.0,665281,1.0
2025,2025-04-13,778336,2889.0,644760,1.0
2025,2025-04-13,778333,2529.0,483569,1.0
2025,2025-04-13,778330,2680.0,639723,1.0
2025,2025-04-13,778334,680.0,427366,1.0
2025,2025-04-13,778332,15.0,483561,1.0
2025,2025-04-13,778331,22.0,503493,1.0
2025,2025-04-14,778321,31.0,484499,1.0
2025,2025-04-14,778320,2681.0,427413,1.0
2025,2025-04-14,778328,2523.0,483912,1.0
2025,2025-04-14,778327,3313.0,427243,1.0
2025,2025-04-14,778322,14.0,521251,1.0
2025,2025-04-14,778324,3312.0,503077,1.0
2025,2025-04-14,778323,32.0,427248,1.0
2025,2025-04-14,778325,2889.0,482641,1.0
2025,2025-04-14,778315,2680.0,483919,1.0
2025,2025-04-14,778326,22.0,623938,1.0
2025,2025-04-15,778314,31.0,605673,1.0
2025,2025-04-15,778316,2602.0,427554,1.0
2025,2025-04-15,778318,4169.0,623946,1.0
2025,2025-04-15,778313,2681.0,623949,1.0
2025,2025-04-15,778317,2.0,427013,1.0
2025,2025-04-15,778319,2523.0,573597,1.0
2025,2025-04-15,778312,3313.0,503586,1.0
2025,2025-04-15,778311,14.0,577468,1.0
2025,2025-04-15,778307,3312.0,598411,1.0
2025,2025-04-15,778309,4.0,605672,1.0
2025,2025-04-15,778310,32.0,482608,1.0
2025,2025-04-15,778308,2889.0,511890,1.0
2025,2025-04-15,778306,5325.0,547380,1.0
2025,2025-04-15,778305,2680.0,544728,1.0
2025,2025-04-15,778302,22.0,427113,1.0
2025,2025-04-16,778297,14.0,427344,1.0
2025,2025-04-16,778299,3312.0,429805,1.0
2025,2025-04-16,778295,32.0,644760,1.0
2025,2025-04-16,778290,2889.0,594151,1.0
2025,2025-04-16,778288,2680.0,521051,1.0
2025,2025-04-16,778301,2.0,504381,1.0
2025,2025-04-16,778293,31.0,427292,1.0
2025,2025-04-16,778304,2602.0,503490,1.0
2025,2025-04-16,778303,4169.0,427164,1.0
2025,2025-04-16,778296,2681.0,483564,1.0
2025,2025-04-16,778298,2523.0,621660,1.0
2025,2025-04-16,778300,3313.0,503502,1.0
2025,2025-04-16,778294,4.0,483630,1.0
2025,2025-04-16,778289,5325.0,605671,1.0
2025,2025-04-16,778287,22.0,482631,1.0
2025,2025-04-17,778291,4169.0,665576,1.0
2025,2025-04-17,778280,31.0,484183,1.0
2025,2025-04-17,778285,2602.0,623945,1.0
2025,2025-04-17,778283,4.0,664263,1.0
2025,2025-04-17,778279,2681.0,427093,1.0
2025,2025-04-17,778292,2.0,596809,1.0
2025,2025-04-17,778286,2394.0,607884,1.0
2025,2025-04-17,778282,2523.0,545402,1.0
2025,2025-04-17,778278,3289.0,431232,1.0
2025,2025-04-17,778281,5325.0,427315,1.0
2025,2025-04-18,778268,17.0,484198,1.0
2025,2025-04-18,778277,2394.0,482641,1.0
2025,2025-04-18,778271,31.0,482620,1.0
2025,2025-04-18,778274,2681.0,484499,1.0
2025,2025-04-18,778276,2.0,608093,1.0
2025,2025-04-18,778272,2523.0,427248,1.0
2025,2025-04-18,778273,14.0,596740,1.0
2025,2025-04-18,778270,3289.0,521251,1.0
2025,2025-04-18,778275,3.0,427413,1.0
2025,2025-04-18,778284,4705.0,483561,1.0
2025,2025-04-18,778263,5325.0,483569,1.0
2025,2025-04-18,778269,2392.0,427139,1.0
2025,2025-04-18,778261,32.0,605674,1.0
2025,2025-04-18,778260,1.0,427366,1.0
2025,2025-04-20,778266,19.0,658536,1.0
2025,2025-04-19,778252,2681.0,605673,1.0
2025,2025-04-19,778265,2394.0,511890,1.0
2025,2025-04-19,778257,17.0,427554,1.0
2025,2025-04-19,778258,14.0,623946,1.0
2025,2025-04-19,778262,2.0,427243,1.0
2025,2025-04-19,778254,31.0,605672,1.0
2025,2025-04-19,778256,3289.0,577468,1.0
2025,2025-04-19,778251,5325.0,483919,1.0
2025,2025-04-19,778247,19.0,503077,1.0
2025,2025-04-19,778264,3.0,623949,1.0
2025,2025-04-19,778255,2523.0,482608,1.0
2025,2025-04-19,778259,2392.0,483912,1.0
2025,2025-04-19,778253,32.0,427013,1.0
2025,2025-04-19,778267,4705.0,547380,1.0
2025,2025-04-19,778243,1.0,623938,1.0
2025,2025-04-20,778250,2.0,503586,1.0
2025,2025-04-20,778242,31.0,483630,1.0
2025,2025-04-20,778249,4705.0,605671,1.0
2025,2025-04-20,778245,3.0,483564,1.0
2025,2025-04-20,778248,2681.0,427292,1.0
2025,2025-04-20,778241,14.0,427164,1.0
2025,2025-04-20,778246,2394.0,594151,1.0
2025,2025-04-20,778244,3289.0,427344,1.0
2025,2025-04-20,778240,2523.0,644760,1.0
2025,2025-04-20,778239,32.0,504381,1.0
2025,2025-04-20,778236,17.0,503490,1.0
2025,2025-04-20,778234,5325.0,544728,1.0
2025,2025-04-20,778235,19.0,598411,1.0
2025,2025-04-20,778232,1.0,427113,1.0
2025,2025-04-20,778237,2392.0,573597,1.0
2025,2025-04-21,778238,3.0,427093,1.0
2025,2025-04-21,778227,5.0,521051,1.0
2025,2025-04-21,778228,2394.0,503502,1.0
2025,2025-04-21,778230,4169.0,639723,1.0
2025,2025-04-21,778225,3289.0,575629,1.0
2025,2025-04-21,778233,4705.0,427053,1.0
2025,2025-04-21,778231,2392.0,428442,1.0
2025,2025-04-21,778226,2395.0,623945,1.0
2025,2025-04-22,778218,5.0,483569,1.0
2025,2025-04-22,778221,2394.0,608093,1.0
2025,2025-04-22,778219,4169.0,482620,1.0
2025,2025-04-22,778222,3309.0,545402,1.0
2025,2025-04-22,778224,3.0,427315,1.0
2025,2025-04-22,778223,3289.0,608158,1.0
2025,2025-04-22,778229,4705.0,490319,1.0
2025,2025-04-22,778215,7.0,427413,1.0
2025,2025-04-22,778220,17.0,607884,1.0
2025,2025-04-22,778216,3312.0,427366,1.0
2025,2025-04-22,778217,2392.0,482666,1.0
2025,2025-04-22,778211,1.0,427197,1.0
2025,2025-04-22,778212,15.0,429805,1.0
2025,2025-04-22,778210,2395.0,484198,1.0
2025,2025-04-22,778213,2529.0,621660,1.0
2025,2025-04-23,778214,4705.0,521889,1.0
2025,2025-04-23,778209,2394.0,427243,1.0
2025,2025-04-23,778203,3289.0,427533,1.0
2025,2025-04-23,778208,4169.0,605672,1.0
2025,2025-04-23,778206,5.0,483919,1.0
2025,2025-04-23,778204,3309.0,427044,1.0
2025,2025-04-23,778207,3.0,483561,1.0
2025,2025-04-23,778205,17.0,482641,1.0
2025,2025-04-23,778200,2392.0,596805,1.0
2025,2025-04-23,778201,3312.0,427113,1.0
2025,2025-04-23,778202,1.0,482663,1.0
2025,2025-04-23,778199,15.0,503077,1.0
2025,2025-04-23,778198,2395.0,665281,1.0
2025,2025-04-23,778197,2529.0,427139,1.0
2025,2025-04-24,778195,7.0,483564,1.0
2025,2025-04-24,778189,3312.0,658292,1.0
2025,2025-04-24,778196,3.0,547380,1.0
2025,2025-04-24,778190,7.0,623949,1.0
2025,2025-04-24,778194,2395.0,427554,1.0
2025,2025-04-24,778193,3309.0,427248,1.0
2025,2025-04-24,778191,1.0,554242,1.0
2025,2025-04-24,778188,15.0,598411,1.0
2025,2025-04-24,778192,2529.0,483912,1.0
2025,2025-04-25,778182,17.0,521051,1.0
2025,2025-04-25,778183,3309.0,605671,1.0
2025,2025-04-25,778185,3313.0,483630,1.0
2025,2025-04-25,778187,7.0,503490,1.0
2025,2025-04-25,778186,3312.0,427129,1.0
2025,2025-04-25,778184,2889.0,503586,1.0
2025,2025-04-25,778181,19.0,511890,1.0
2025,2025-04-25,778172,2680.0,665297,1.0
2025,2025-04-25,778177,15.0,427093,1.0
2025,2025-04-25,778175,680.0,573597,1.0
2025,2025-04-25,778178,2529.0,623945,1.0
2025,2025-04-25,778176,22.0,503493,1.0
2025,2025-04-25,778171,2395.0,658536,1.0
2025,2025-04-26,778180,2394.0,482608,1.0
2025,2025-04-26,778179,5.0,605670,1.0
2025,2025-04-26,778169,5.0,665576,1.0
2025,2025-04-26,778168,2394.0,623938,1.0
2025,2025-04-26,778166,3312.0,575629,1.0
2025,2025-04-26,778164,2889.0,503502,1.0
2025,2025-04-26,778161,19.0,594151,1.0
2025,2025-04-26,778173,3309.0,427315,1.0
2025,2025-04-26,778159,2395.0,429805,1.0
2025,2025-04-26,778174,17.0,483569,1.0
2025,2025-04-26,778165,2529.0,484198,1.0
2025,2025-04-26,778167,7.0,545402,1.0
2025,2025-04-26,778162,15.0,427413,1.0
2025,2025-04-26,778160,2680.0,427197,1.0
2025,2025-04-26,778163,22.0,428442,1.0
2025,2025-04-26,778154,680.0,621660,1.0
2025,2025-04-27,778170,3313.0,639723,1.0
2025,2025-04-27,778153,3309.0,483561,1.0
2025,2025-04-27,778156,3313.0,482620,1.0
2025,2025-04-27,778157,5.0,490319,1.0
2025,2025-04-27,778155,2394.0,427366,1.0
2025,2025-04-27,778144,3312.0,608158,1.0
2025,2025-04-27,778152,7.0,427044,1.0
2025,2025-04-27,778150,2889.0,608093,1.0
2025,2025-04-27,778148,19.0,607884,1.0
2025,2025-04-27,778151,2395.0,503077,1.0
2025,2025-04-27,778149,2529.0,665281,1.0
2025,2025-04-27,778145,22.0,482666,1.0
2025,2025-04-27,778146,2680.0,482663,1.0
2025,2025-04-27,778147,15.0,623949,1.0
2025,2025-04-27,778136,680.0,427139,1.0
2025,2025-04-27,778158,17.0,483919,1.0
2025,2025-04-28,778138,3309.0,547380,1.0
2025,2025-04-28,778139,5.0,596740,1.0
2025,2025-04-28,778140,2.0,605674,1.0
2025,2025-04-28,778141,2602.0,427533,1.0
2025,2025-04-28,778143,5325.0,596805,1.0
2025,2025-04-28,778142,2392.0,431232,1.0
2025,2025-04-28,778137,19.0,484183,1.0
2025,2025-04-28,778132,22.0,554242,1.0
2025,2025-04-29,778129,5.0,521251,1.0
2025,2025-04-29,778133,2.0,596809,1.0
2025,2025-04-29,778135,31.0,605671,1.0
2025,2025-04-29,778131,2681.0,521889,1.0
2025,2025-04-29,778128,2523.0,664263,1.0
2025,2025-04-29,778127,14.0,482631,1.0
2025,2025-04-29,778130,3289.0,644760,1.0
2025,2025-04-29,778125,4.0,483912,1.0
2025,2025-04-29,778122,5325.0,503493,1.0
2025,2025-04-29,778124,2392.0,658536,1.0
2025,2025-04-29,778120,19.0,484499,1.0
2025,2025-04-29,778121,680.0,427554,1.0
2025,2025-04-29,778126,2680.0,483564,1.0
2025,2025-04-29,778123,22.0,665297,1.0
2025,2025-04-30,778134,2602.0,427129,1.0
2025,2025-04-30,778119,2602.0,575629,1.0
2025,2025-04-30,778110,2392.0,577468,1.0
2025,2025-04-30,778102,19.0,605673,1.0
2025,2025-04-30,778109,22.0,427197,1.0
2025,2025-04-30,778104,680.0,503490,1.0
2025,2025-04-30,778105,2680.0,427093,1.0
2025,2025-04-30,778116,5.0,623946,1.0
2025,2025-04-30,778115,2.0,427013,1.0
2025,2025-04-30,778112,31.0,427315,1.0
2025,2025-04-30,778118,2681.0,605670,1.0
2025,2025-04-30,778113,2523.0,544728,1.0
2025,2025-04-30,778114,14.0,658292,1.0
2025,2025-04-30,778117,3289.0,482608,1.0
2025,2025-04-30,778111,4.0,573597,1.0
2025,2025-04-30,778106,5325.0,428442,1.0
2025,2025-05-01,778100,31.0,483561,1.0
2025,2025-05-01,778107,2602.0,608158,1.0
2025,2025-05-01,778103,3289.0,545402,1.0
2025,2025-05-01,778097,2523.0,521051,1.0
2025,2025-05-01,778108,5.0,427164,1.0
2025,2025-05-01,778094,4.0,621660,1.0
2025,2025-05-01,778096,5325.0,482666,1.0
2025,2025-05-01,778099,2681.0,665576,1.0
2025,2025-05-01,778095,14.0,623938,1.0
2025,2025-05-01,778101,1.0,427292,1.0
2025,2025-05-01,778098,2395.0,482663,1.0
2025,2025-05-02,778087,2602.0,596805,1.0
2025,2025-05-02,778090,31.0,427366,1.0
2025,2025-05-02,778086,2681.0,427139,1.0
2025,2025-05-02,778093,2.0,490319,1.0
2025,2025-05-02,778088,3313.0,547380,1.0
2025,2025-05-02,778081,14.0,427044,1.0
2025,2025-05-02,778089,3.0,427344,1.0
2025,2025-05-02,778091,4169.0,483569,1.0
2025,2025-05-02,778092,4705.0,504381,1.0
2025,2025-05-02,778079,4.0,427533,1.0
2025,2025-05-02,778083,5325.0,427413,1.0
2025,2025-05-02,778080,32.0,596740,1.0
2025,2025-05-02,778084,2889.0,623945,1.0
2025,2025-05-02,778085,1.0,484183,1.0
2025,2025-05-02,778082,2395.0,554242,1.0
2025,2025-05-03,778074,3313.0,605671,1.0
2025,2025-05-03,778066,4.0,427129,1.0
2025,2025-05-03,778064,14.0,644760,1.0
2025,2025-05-03,778065,31.0,482631,1.0
2025,2025-05-03,778069,2395.0,665297,1.0
2025,2025-05-03,778073,3.0,431232,1.0
2025,2025-05-03,778075,4169.0,664263,1.0
2025,2025-05-03,778078,2681.0,483912,1.0
2025,2025-05-03,778077,2602.0,503493,1.0
2025,2025-05-03,778070,5325.0,658082,1.0
2025,2025-05-03,778071,32.0,521251,1.0
2025,2025-05-03,778072,2.0,521889,1.0
2025,2025-05-03,778076,4705.0,605674,1.0
2025,2025-05-03,778067,1.0,484499,1.0
2025,2025-05-04,778068,2889.0,665281,1.0
2025,2025-05-04,778053,2889.0,427554,1.0
2025,2025-05-04,778062,2.0,605670,1.0
2025,2025-05-04,778051,31.0,658292,1.0
2025,2025-05-04,778063,3.0,658536,1.0
2025,2025-05-04,778057,3313.0,427315,1.0
2025,2025-05-04,778056,14.0,482608,1.0
2025,2025-05-04,778061,4169.0,544728,1.0
2025,2025-05-04,778059,2681.0,573597,1.0
2025,2025-05-04,778055,4.0,575629,1.0
2025,2025-05-04,778054,32.0,623946,1.0
2025,2025-05-04,778052,5325.0,483564,1.0
2025,2025-05-04,778048,2395.0,427197,1.0
2025,2025-05-04,778050,1.0,605673,1.0
2025,2025-05-04,778058,2602.0,428442,1.0
2025,2025-05-04,778060,4705.0,596809,1.0
2025,2025-05-05,778047,4169.0,427113,1.0
2025,2025-05-05,778045,3313.0,482641,1.0
2025,2025-05-05,778049,4705.0,503490,1.0
2025,2025-05-05,778044,17.0,577468,1.0
2025,2025-05-05,778043,7.0,482666,1.0
2025,2025-05-05,778042,32.0,605672,1.0
2025,2025-05-05,778036,2889.0,427164,1.0
2025,2025-05-05,778039,15.0,427243,1.0
2025,2025-05-05,778038,2529.0,598411,1.0
2025,2025-05-06,778046,3309.0,427413,1.0
2025,2025-05-06,778026,3309.0,623949,1.0
2025,2025-05-06,778035,4169.0,623938,1.0
2025,2025-05-06,778037,3.0,545402,1.0
2025,2025-05-06,778040,2523.0,427013,1.0
2025,2025-05-06,778041,3313.0,511890,1.0
2025,2025-05-06,778034,4705.0,623945,1.0
2025,2025-05-06,778027,17.0,427344,1.0
2025,2025-05-06,778028,3312.0,427292,1.0
2025,2025-05-06,778033,7.0,596805,1.0
2025,2025-05-06,778031,32.0,483630,1.0
2025,2025-05-06,778030,2889.0,596740,1.0
2025,2025-05-06,778025,1.0,482663,1.0
2025,2025-05-06,778032,15.0,503586,1.0
2025,2025-05-06,778024,2529.0,429805,1.0
2025,2025-05-08,778029,19.0,664263,1.0
2025,2025-05-07,778022,3309.0,658082,1.0
2025,2025-05-07,778015,32.0,482620,1.0
2025,2025-05-07,778016,2889.0,521251,1.0
2025,2025-05-07,778020,17.0,431232,1.0
2025,2025-05-07,778010,2529.0,676581,1.0
2025,2025-05-07,778014,15.0,503502,1.0
2025,2025-05-07,778017,4169.0,427366,1.0
2025,2025-05-07,778018,3.0,427044,1.0
2025,2025-05-07,778021,2523.0,504381,1.0
2025,2025-05-07,778019,3313.0,594151,1.0
2025,2025-05-07,778023,4705.0,484198,1.0
2025,2025-05-07,778011,3312.0,484183,1.0
2025,2025-05-07,778012,7.0,503493,1.0
2025,2025-05-07,778013,19.0,483569,1.0
2025,2025-05-07,778009,1.0,554242,1.0
2025,2025-05-08,778007,3312.0,484499,1.0
2025,2025-05-08,778006,3.0,644760,1.0
2025,2025-05-08,778008,7.0,428442,1.0
2025,2025-05-08,778004,19.0,483919,1.0
2025,2025-05-08,778005,2523.0,605674,1.0
2025,2025-05-08,778003,4705.0,665281,1.0
2025,2025-05-08,778000,1.0,665297,1.0
2025,2025-05-08,777999,15.0,639723,1.0
2025,2025-05-09,777996,2394.0,623946,1.0
2025,2025-05-09,777998,31.0,483564,1.0
2025,2025-05-09,777995,3309.0,482631,1.0
2025,2025-05-09,778002,2523.0,482666,1.0
2025,2025-05-09,778001,3289.0,596809,1.0
2025,2025-05-09,777997,5.0,503490,1.0
2025,2025-05-09,777990,7.0,605673,1.0
2025,2025-05-09,777991,4.0,658536,1.0
2025,2025-05-09,777989,2392.0,427248,1.0
2025,2025-05-09,777992,3312.0,607884,1.0
2025,2025-05-09,777993,19.0,608093,1.0
2025,2025-05-09,777986,1.0,503077,1.0
2025,2025-05-09,777988,15.0,605672,1.0
2025,2025-05-09,777984,680.0,544728,1.0
2025,2025-05-09,777994,2529.0,427197,1.0
2025,2025-05-10,777980,3309.0,427113,1.0
2025,2025-05-10,777985,31.0,623949,1.0
2025,2025-05-10,777972,2529.0,482663,1.0
2025,2025-05-10,777981,2523.0,596805,1.0
2025,2025-05-10,777987,2394.0,427164,1.0
2025,2025-05-10,777983,5.0,623945,1.0
2025,2025-05-10,777979,2392.0,665576,1.0
2025,2025-05-10,777977,7.0,427292,1.0
2025,2025-05-10,777978,4.0,577468,1.0
2025,2025-05-10,777982,3289.0,427013,1.0
2025,2025-05-10,777974,3312.0,482641,1.0
2025,2025-05-10,777975,15.0,483630,1.0
2025,2025-05-10,777976,19.0,427243,1.0
2025,2025-05-10,777973,1.0,598411,1.0
2025,2025-05-10,777970,680.0,483569,1.0
2025,2025-05-11,777968,3289.0,504381,1.0
2025,2025-05-11,777962,3309.0,623938,1.0
2025,2025-05-11,777967,31.0,427413,1.0
2025,2025-05-11,777969,2394.0,596740,1.0
2025,2025-05-11,777964,2523.0,503493,1.0
2025,2025-05-11,777963,2392.0,427044,1.0
2025,2025-05-11,777965,7.0,484183,1.0
2025,2025-05-11,777956,3312.0,511890,1.0
2025,2025-05-11,777966,4.0,427344,1.0
2025,2025-05-11,777955,19.0,503586,1.0
2025,2025-05-11,777957,2529.0,554242,1.0
2025,2025-05-11,777961,1.0,429805,1.0
2025,2025-05-11,777954,15.0,482620,1.0
2025,2025-05-11,777958,680.0,483919,1.0
2025,2025-05-11,777971,5.0,484198,1.0
2025,2025-05-12,777960,5.0,621660,1.0
2025,2025-05-12,777951,2394.0,427554,1.0
2025,2025-05-12,777953,2681.0,427093,1.0
2025,2025-05-12,777950,3289.0,483561,1.0
2025,2025-05-12,777959,4705.0,521251,1.0
2025,2025-05-12,777952,17.0,484499,1.0
2025,2025-05-12,777949,5325.0,676581,1.0
2025,2025-05-12,777948,2392.0,545402,1.0
2025,2025-05-12,777947,2680.0,639723,1.0
2025,2025-05-12,777941,680.0,608158,1.0
2025,2025-05-12,777939,2395.0,664263,1.0
2025,2025-05-13,777944,5.0,427139,1.0
2025,2025-05-13,777940,2394.0,665281,1.0
2025,2025-05-13,777945,2602.0,503502,1.0
2025,2025-05-13,777935,14.0,594151,1.0
2025,2025-05-13,777943,3289.0,665576,1.0
2025,2025-05-13,777942,4705.0,658536,1.0
2025,2025-05-13,777936,17.0,605673,1.0
2025,2025-05-13,777934,5325.0,503077,1.0
2025,2025-05-13,777931,2392.0,427197,1.0
2025,2025-05-13,777932,2680.0,605672,1.0
2025,2025-05-13,777926,680.0,427533,1.0
2025,2025-05-13,777930,2395.0,544728,1.0
2025,2025-05-13,777937,22.0,490319,1.0
2025,2025-05-14,777938,2.0,482666,1.0
2025,2025-05-14,777933,2681.0,623949,1.0
2025,2025-05-14,777924,2.0,428442,1.0
2025,2025-05-14,777922,2681.0,427013,1.0
2025,2025-05-14,777925,5.0,483912,1.0
2025,2025-05-14,777916,2395.0,521051,1.0
2025,2025-05-14,777915,680.0,427129,1.0
2025,2025-05-14,777927,2394.0,623945,1.0
2025,2025-05-14,777923,14.0,607884,1.0
2025,2025-05-14,777919,3289.0,547380,1.0
2025,2025-05-14,777928,2602.0,608093,1.0
2025,2025-05-14,777929,4705.0,431232,1.0
2025,2025-05-14,777921,17.0,427292,1.0
2025,2025-05-14,777918,5325.0,598411,1.0
2025,2025-05-14,777920,2392.0,482663,1.0
2025,2025-05-14,777914,2680.0,483630,1.0
2025,2025-05-14,777917,22.0,521889,1.0
2025,2025-05-15,777909,4705.0,427344,1.0
2025,2025-05-15,777911,2.0,596805,1.0
2025,2025-05-15,777912,2602.0,427243,1.0
2025,2025-05-15,777913,14.0,482641,1.0
2025,2025-05-15,777910,5325.0,483919,1.0
2025,2025-05-15,777946,22.0,605670,1.0
2025,2025-05-16,777900,17.0,482620,1.0
2025,2025-05-16,777902,2602.0,521251,1.0
2025,2025-05-16,777905,2681.0,503493,1.0
2025,2025-05-16,777907,2.0,427315,1.0
2025,2025-05-16,777904,3313.0,429805,1.0
2025,2025-05-16,777906,14.0,503586,1.0
2025,2025-05-16,777908,3.0,511890,1.0
2025,2025-05-16,777903,4169.0,427413,1.0
2025,2025-05-16,777901,7.0,573597,1.0
2025,2025-05-16,777895,5325.0,664263,1.0
2025,2025-05-16,777898,32.0,484198,1.0
2025,2025-05-16,777897,15.0,605671,1.0
2025,2025-05-16,777896,2680.0,554242,1.0
2025,2025-05-16,777899,22.0,484183,1.0
2025,2025-05-16,777891,2395.0,575629,1.0
2025,2025-05-17,777888,3313.0,676581,1.0
2025,2025-05-17,777881,17.0,639723,1.0
2025,2025-05-17,777886,14.0,503502,1.0
2025,2025-05-17,777890,2.0,483561,1.0
2025,2025-05-17,777889,4169.0,427093,1.0
2025,2025-05-17,777894,2681.0,428442,1.0
2025,2025-05-17,777892,2602.0,658536,1.0
2025,2025-05-17,777882,5325.0,544728,1.0
2025,2025-05-17,777885,7.0,621660,1.0
2025,2025-05-17,777893,3.0,607884,1.0
2025,2025-05-17,777883,32.0,427554,1.0
2025,2025-05-17,777887,15.0,490319,1.0
2025,2025-05-17,777875,2680.0,489985,1.0
2025,2025-05-17,777879,2395.0,608158,1.0
2025,2025-05-17,777884,22.0,605673,1.0
2025,2025-05-18,777869,5325.0,521051,1.0
2025,2025-05-18,777873,2.0,665576,1.0
2025,2025-05-18,777880,2681.0,658292,1.0
2025,2025-05-18,777876,3.0,665297,1.0
2025,2025-05-18,777871,14.0,676580,1.0
2025,2025-05-18,777874,2602.0,594151,1.0
2025,2025-05-18,777877,4169.0,545402,1.0
2025,2025-05-18,777864,7.0,427139,1.0
2025,2025-05-18,777865,32.0,665281,1.0
2025,2025-05-18,777872,17.0,605672,1.0
2025,2025-05-18,777867,2395.0,427533,1.0
2025,2025-05-18,777870,15.0,521889,1.0
2025,2025-05-18,777866,22.0,485856,1.0
2025,2025-05-18,777868,2680.0,427197,1.0
2025,2025-05-18,777878,3313.0,503077,1.0
2025,2025-05-19,777859,31.0,483912,1.0
2025,2025-05-19,777863,4169.0,644760,1.0
2025,2025-05-19,777856,3.0,427366,1.0
2025,2025-05-19,777858,2523.0,503490,1.0
2025,2025-05-19,777861,3312.0,427129,1.0
2025,2025-05-19,777857,4.0,596809,1.0
2025,2025-05-19,777860,32.0,483564,1.0
2025,2025-05-19,777862,2889.0,427344,1.0
2025,2025-05-19,777852,19.0,427292,1.0
2025,2025-05-19,777855,2395.0,605670,1.0
2025,2025-05-19,777853,2529.0,623946,1.0
2025,2025-05-19,777854,22.0,482663,1.0
2025,2025-05-20,777847,31.0,573597,1.0
2025,2025-05-20,777850,4169.0,427248,1.0
2025,2025-05-20,777851,3.0,482631,1.0
2025,2025-05-20,777841,3309.0,427243,1.0
2025,2025-05-20,777848,2523.0,484198,1.0
2025,2025-05-20,777849,3313.0,547380,1.0
2025,2025-05-20,777845,14.0,598411,1.0
2025,2025-05-20,777846,4.0,605674,1.0
2025,2025-05-20,777844,32.0,623949,1.0
2025,2025-05-20,777840,2889.0,577468,1.0
2025,2025-05-20,777842,19.0,484183,1.0
2025,2025-05-20,777836,2395.0,605671,1.0
2025,2025-05-20,777843,2529.0,427164,1.0
2025,2025-05-20,777838,22.0,554242,1.0
2025,2025-09-20,777839,3312.0,483919,1.0
2025,2025-05-21,777834,31.0,621660,1.0
2025,2025-05-21,777832,2523.0,427554,1.0
2025,2025-05-21,777833,4169.0,427044,1.0
2025,2025-05-21,777826,32.0,427093,1.0
2025,2025-05-21,777827,2889.0,658536,1.0
2025,2025-05-21,777830,4.0,427013,1.0
2025,2025-05-21,777819,2395.0,490319,1.0
2025,2025-05-21,777829,3312.0,575629,1.0
2025,2025-05-21,777831,3.0,427113,1.0
2025,2025-05-21,777835,3313.0,427315,1.0
2025,2025-05-21,777837,14.0,429805,1.0
2025,2025-05-21,777823,19.0,484499,1.0
2025,2025-05-21,777828,2529.0,664263,1.0
2025,2025-05-21,777824,22.0,489985,1.0
2025,2025-09-16,777825,3309.0,482641,1.0
2025,2025-05-22,777818,3313.0,483561,1.0
2025,2025-05-22,777816,14.0,676581,1.0
2025,2025-05-22,777817,19.0,485856,1.0
2025,2025-05-22,777812,2529.0,596740,1.0
2025,2025-05-22,777821,2394.0,504381,1.0
2025,2025-05-22,777814,31.0,608158,1.0
2025,2025-05-22,777820,3309.0,503586,1.0
2025,2025-05-22,777822,2392.0,623938,1.0
2025,2025-05-23,777815,3.0,427139,1.0
2025,2025-05-23,777811,2602.0,545402,1.0
2025,2025-05-23,777806,31.0,427533,1.0
2025,2025-05-23,777801,3309.0,665281,1.0
2025,2025-05-23,777810,2523.0,665576,1.0
2025,2025-05-23,777807,2394.0,596809,1.0
2025,2025-05-23,777808,3289.0,503502,1.0
2025,2025-05-23,777813,4705.0,644760,1.0
2025,2025-05-23,777805,4.0,427197,1.0
2025,2025-05-23,777800,2392.0,427366,1.0
2025,2025-05-23,777799,3312.0,503077,1.0
2025,2025-05-23,777797,2889.0,427292,1.0
2025,2025-05-23,777802,19.0,623946,1.0
2025,2025-05-23,777798,1.0,521889,1.0
2025,2025-05-23,777804,2529.0,427344,1.0
2025,2025-05-24,777809,3.0,483912,1.0
2025,2025-05-24,777790,3.0,573597,1.0
2025,2025-05-24,777788,3312.0,598411,1.0
2025,2025-05-24,777786,2889.0,484183,1.0
2025,2025-05-24,777793,3309.0,503490,1.0
2025,2025-05-24,777794,31.0,427129,1.0
2025,2025-05-24,777791,2602.0,483564,1.0
2025,2025-05-24,777787,2392.0,482631,1.0
2025,2025-05-24,777803,4705.0,427248,1.0
2025,2025-05-24,777792,4.0,482663,1.0
2025,2025-05-24,777782,19.0,427164,1.0
2025,2025-05-24,777795,2523.0,547380,1.0
2025,2025-05-24,777796,2394.0,605674,1.0
2025,2025-05-24,777789,3289.0,658292,1.0
2025,2025-05-24,777784,2529.0,431232,1.0
2025,2025-05-24,777781,1.0,605670,1.0
2025,2025-05-25,777780,2394.0,427013,1.0
2025,2025-05-25,777785,3.0,621660,1.0
2025,2025-05-25,777778,3309.0,484198,1.0
2025,2025-05-25,777776,31.0,575629,1.0
2025,2025-05-25,777779,2602.0,623949,1.0
2025,2025-05-25,777775,2523.0,427315,1.0
2025,2025-05-25,777774,2392.0,427113,1.0
2025,2025-05-25,777772,3312.0,429805,1.0
2025,2025-05-25,777777,4.0,554242,1.0
2025,2025-05-25,777766,2889.0,484499,1.0
2025,2025-05-25,777768,19.0,664263,1.0
2025,2025-05-25,777765,2529.0,577468,1.0
2025,2025-05-25,777767,1.0,605671,1.0
2025,2025-05-25,777783,4705.0,665298,1.0
2025,2025-05-25,777773,3289.0,427243,1.0
2025,2025-05-26,777770,2394.0,427093,1.0
2025,2025-05-26,777764,32.0,676581,1.0
2025,2025-05-26,777757,17.0,483919,1.0
2025,2025-05-26,777771,2.0,503586,1.0
2025,2025-05-26,777759,5325.0,504381,1.0
2025,2025-05-26,777760,7.0,605673,1.0
2025,2025-05-26,777758,3289.0,596805,1.0
2025,2025-05-26,777769,5.0,623938,1.0
2025,2025-05-26,777762,2523.0,427044,1.0
2025,2025-05-26,777761,15.0,483630,1.0
2025,2025-05-26,777756,2680.0,482641,1.0
2025,2025-05-26,777763,1.0,658536,1.0
2025,2025-05-27,777753,5.0,427366,1.0
2025,2025-05-27,777754,2.0,503502,1.0
2025,2025-05-27,777755,2394.0,427413,1.0
2025,2025-05-27,777748,2681.0,608158,1.0
2025,2025-05-27,777746,2523.0,644760,1.0
2025,2025-05-27,777749,3289.0,503493,1.0
2025,2025-05-27,777750,7.0,427292,1.0
2025,2025-05-27,777747,32.0,503077,1.0
2025,2025-05-27,777751,17.0,483569,1.0
2025,2025-05-27,777741,5325.0,596809,1.0
2025,2025-05-27,777752,2392.0,490319,1.0
2025,2025-05-27,777745,1.0,427344,1.0
2025,2025-05-27,777744,15.0,482620,1.0
2025,2025-05-27,777743,680.0,596740,1.0
2025,2025-05-27,777742,2680.0,511890,1.0
2025,2025-05-28,777739,5.0,482631,1.0
2025,2025-05-28,777738,2394.0,483564,1.0
2025,2025-05-28,777732,2523.0,427248,1.0
2025,2025-05-28,777737,3289.0,665297,1.0
2025,2025-05-28,777736,32.0,598411,1.0
2025,2025-05-28,777734,2392.0,521889,1.0
2025,2025-05-28,777729,15.0,639723,1.0
2025,2025-05-28,777726,2680.0,594151,1.0
2025,2025-05-28,777740,2.0,665281,1.0
2025,2025-05-28,777733,7.0,547380,1.0
2025,2025-05-28,777731,17.0,544728,1.0
2025,2025-05-28,777724,5325.0,605674,1.0
2025,2025-05-28,777728,1.0,521251,1.0
2025,2025-05-28,777730,680.0,623946,1.0
2025,2025-05-29,777735,2681.0,427129,1.0
2025,2025-05-29,777723,2681.0,427533,1.0
2025,2025-05-29,777727,14.0,428442,1.0
2025,2025-05-29,777725,2392.0,521051,1.0
2025,2025-05-29,777722,680.0,427164,1.0
2025,2025-05-30,777712,17.0,427113,1.0
2025,2025-05-30,777720,2.0,482666,1.0
2025,2025-05-30,777715,2681.0,658292,1.0
2025,2025-05-30,777716,14.0,596805,1.0
2025,2025-05-30,777721,5.0,427243,1.0
2025,2025-05-30,777718,3289.0,605670,1.0
2025,2025-05-30,777717,4169.0,484183,1.0
2025,2025-05-30,777719,4705.0,623949,1.0
2025,2025-05-30,777709,5325.0,607884,1.0
2025,2025-05-30,777711,7.0,575629,1.0
2025,2025-05-30,777714,2392.0,483919,1.0
2025,2025-05-30,777710,15.0,427013,1.0
2025,2025-05-30,777707,2680.0,664263,1.0
2025,2025-05-30,777713,680.0,577468,1.0
2025,2025-05-30,777708,22.0,605672,1.0
2025,2025-05-31,777704,17.0,623938,1.0
2025,2025-05-31,777701,14.0,503493,1.0
2025,2025-05-31,777697,5325.0,482641,1.0
2025,2025-05-31,777699,2.0,676581,1.0
2025,2025-05-31,777702,2681.0,665576,1.0
2025,2025-05-31,777703,5.0,503586,1.0
2025,2025-05-31,777694,7.0,608158,1.0
2025,2025-05-31,777700,3289.0,605671,1.0
2025,2025-05-31,777693,2392.0,483569,1.0
2025,2025-05-31,777706,4705.0,427093,1.0
2025,2025-05-31,777705,4169.0,485856,1.0
2025,2025-05-31,777695,680.0,658536,1.0
2025,2025-05-31,777698,22.0,483630,1.0
2025,2025-05-31,777691,2680.0,596740,1.0
2025,2025-05-31,777696,15.0,504381,1.0
2025,2025-06-01,777678,5325.0,511890,1.0
2025,2025-06-01,777692,4705.0,427413,1.0
2025,2025-06-01,777684,2.0,503077,1.0
2025,2025-06-01,777688,2681.0,644760,1.0
2025,2025-06-01,777685,14.0,665297,1.0
2025,2025-06-01,777683,5.0,503502,1.0
2025,2025-06-01,777686,3289.0,490319,1.0
2025,2025-06-01,777689,4169.0,605673,1.0
2025,2025-06-01,777677,7.0,427533,1.0
2025,2025-06-01,777690,2392.0,544728,1.0
2025,2025-06-01,777687,17.0,427366,1.0
2025,2025-06-01,777679,15.0,596809,1.0
2025,2025-06-01,777680,680.0,427344,1.0
2025,2025-06-01,777681,2680.0,623946,1.0
2025,2025-06-01,777682,22.0,482620,1.0
2025,2025-06-02,777673,4169.0,427139,1.0
2025,2025-06-02,777670,3.0,489985,1.0
2025,2025-06-02,777671,2602.0,521051,1.0
2025,2025-06-02,777674,4.0,427554,1.0
2025,2025-06-02,777676,2395.0,605674,1.0
2025,2025-06-02,777669,2529.0,483561,1.0
2025,2025-06-02,777675,22.0,427164,1.0
2025,2025-06-03,777663,31.0,482666,1.0
2025,2025-06-03,777666,4169.0,658292,1.0
2025,2025-06-03,777659,3309.0,427129,1.0
2025,2025-06-03,777664,3313.0,484499,1.0
2025,2025-06-03,777665,14.0,594151,1.0
2025,2025-06-03,777667,3.0,427197,1.0
2025,2025-06-03,777668,2602.0,483919,1.0
2025,2025-06-03,777672,4705.0,521251,1.0
2025,2025-06-03,777662,2523.0,427113,1.0
2025,2025-06-03,777661,4.0,503490,1.0
2025,2025-06-03,777660,2889.0,598411,1.0
2025,2025-06-03,777655,680.0,639723,1.0
2025,2025-06-03,777656,2395.0,427013,1.0
2025,2025-06-03,777658,2529.0,427315,1.0
2025,2025-06-03,777657,22.0,573597,1.0
2025,2025-06-04,777652,4169.0,483912,1.0
2025,2025-06-04,777647,2602.0,483569,1.0
2025,2025-06-04,777649,3.0,482663,1.0
2025,2025-06-04,777648,31.0,596805,1.0
2025,2025-06-04,777650,3309.0,575629,1.0
2025,2025-06-04,777653,3313.0,427292,1.0
2025,2025-06-04,777651,14.0,607884,1.0
2025,2025-06-04,777654,4705.0,577468,1.0
2025,2025-06-04,777646,2523.0,605670,1.0
2025,2025-06-04,777639,4.0,623945,1.0
2025,2025-06-04,777645,680.0,605672,1.0
2025,2025-06-04,777641,2395.0,545402,1.0
2025,2025-06-04,777643,2529.0,547380,1.0
2025,2025-06-04,777638,22.0,596740,1.0
2025,2025-06-05,777642,2889.0,482608,1.0
2025,2025-06-05,777640,4705.0,658536,1.0
2025,2025-06-05,777635,2889.0,676581,1.0
2025,2025-06-05,777634,4.0,484198,1.0
2025,2025-06-05,777637,14.0,482641,1.0
2025,2025-06-05,777636,2529.0,665281,1.0
2025,2025-06-05,777628,680.0,483630,1.0
2025,2025-06-05,777633,2395.0,504381,1.0
2025,2025-06-05,777631,22.0,623946,1.0
2025,2025-06-05,777630,31.0,428442,1.0
2025,2025-06-05,777632,3309.0,608158,1.0
2025,2025-06-05,777644,3313.0,484183,1.0
2025,2025-06-05,777629,2523.0,605671,1.0
2025,2025-06-06,777625,2523.0,431232,1.0
2025,2025-06-06,777621,31.0,429805,1.0
2025,2025-06-06,777624,3309.0,503493,1.0
2025,2025-06-06,777627,3313.0,427533,1.0
2025,2025-06-06,777623,2602.0,605673,1.0
2025,2025-06-06,777626,2394.0,621660,1.0
2025,2025-06-06,777622,5.0,511890,1.0
2025,2025-06-06,777618,4.0,544728,1.0
2025,2025-06-06,777615,3312.0,490319,1.0
2025,2025-06-06,777617,32.0,554242,1.0
2025,2025-06-06,777620,2889.0,427554,1.0
2025,2025-06-06,777616,19.0,482620,1.0
2025,2025-06-06,777614,1.0,483561,1.0
2025,2025-06-06,777613,2529.0,605674,1.0
2025,2025-06-06,777619,2395.0,427164,1.0
2025,2025-06-07,777609,2394.0,427139,1.0
2025,2025-06-07,777600,3312.0,489985,1.0
2025,2025-06-07,777601,2889.0,503490,1.0
2025,2025-06-07,777610,3309.0,596805,1.0
2025,2025-06-07,777607,31.0,598411,1.0
2025,2025-06-07,777598,2395.0,573597,1.0
2025,2025-06-07,777612,2602.0,484499,1.0
2025,2025-06-07,777608,5.0,594151,1.0
2025,2025-06-07,777606,4.0,521051,1.0
2025,2025-06-07,777611,2523.0,521251,1.0
2025,2025-06-07,777605,3313.0,427129,1.0
2025,2025-06-07,777597,32.0,658082,1.0
2025,2025-06-07,777603,1.0,427315,1.0
2025,2025-06-07,777604,19.0,639723,1.0
2025,2025-06-07,777599,2529.0,427013,1.0
2025,2025-06-08,777592,2523.0,577468,1.0
2025,2025-06-08,777586,32.0,427197,1.0
2025,2025-06-08,777596,3309.0,665297,1.0
2025,2025-06-08,777595,31.0,482608,1.0
2025,2025-06-08,777602,2602.0,484183,1.0
2025,2025-06-08,777594,2394.0,658292,1.0
2025,2025-06-08,777591,5.0,607884,1.0
2025,2025-06-08,777585,3312.0,605670,1.0
2025,2025-06-08,777590,4.0,483919,1.0
2025,2025-06-08,777582,2889.0,623945,1.0
2025,2025-06-08,777583,19.0,691042,1.0
2025,2025-06-08,777588,2529.0,545402,1.0
2025,2025-06-08,777587,2395.0,596740,1.0
2025,2025-06-08,777589,1.0,547380,1.0
2025,2025-06-08,777593,3313.0,575629,1.0
2025,2025-06-09,777580,5.0,676581,1.0
2025,2025-06-09,777574,31.0,484198,1.0
2025,2025-06-09,777578,2681.0,521889,1.0
2025,2025-06-09,777584,3.0,608093,1.0
2025,2025-06-09,777575,32.0,483912,1.0
2025,2025-06-09,777581,2889.0,483564,1.0
2025,2025-06-09,777576,1.0,623946,1.0
2025,2025-06-09,777579,2680.0,482631,1.0
2025,2025-06-09,777577,15.0,427248,1.0
2025,2025-06-10,777573,2.0,605673,1.0
2025,2025-06-10,777569,5.0,429805,1.0
2025,2025-06-10,777566,31.0,427554,1.0
2025,2025-06-10,777571,2681.0,483569,1.0
2025,2025-06-10,777570,3289.0,482663,1.0
2025,2025-06-10,777565,3.0,427243,1.0
2025,2025-06-10,777557,3312.0,428442,1.0
2025,2025-06-10,777572,7.0,665281,1.0
2025,2025-06-10,777568,32.0,621660,1.0
2025,2025-06-10,777558,2889.0,623949,1.0
2025,2025-06-10,777567,2392.0,605672,1.0
2025,2025-06-10,777563,19.0,482641,1.0
2025,2025-06-10,777564,1.0,427164,1.0
2025,2025-06-10,777560,2680.0,427113,1.0
2025,2025-06-10,777559,15.0,427044,1.0
2025,2025-06-11,777552,31.0,503490,1.0
2025,2025-06-11,777553,2681.0,605671,1.0
2025,2025-06-11,777549,5.0,598411,1.0
2025,2025-06-11,777554,32.0,427139,1.0
2025,2025-06-11,777545,2889.0,427093,1.0
2025,2025-06-11,777548,15.0,482608,1.0
2025,2025-06-11,777542,1.0,573597,1.0
2025,2025-06-11,777543,2680.0,623938,1.0
2025,2025-06-11,777562,2.0,665297,1.0
2025,2025-06-11,777555,3289.0,554242,1.0
2025,2025-06-11,777561,3.0,503586,1.0
2025,2025-06-11,777556,3312.0,605674,1.0
2025,2025-06-11,777551,7.0,483561,1.0
2025,2025-06-11,777550,2392.0,482620,1.0
2025,2025-06-11,777547,19.0,594151,1.0
2025,2025-06-12,777544,3289.0,489985,1.0
2025,2025-06-12,777533,3312.0,427013,1.0
2025,2025-06-12,777534,19.0,664263,1.0
2025,2025-06-12,777540,2.0,427292,1.0
2025,2025-06-12,777536,7.0,427315,1.0
2025,2025-06-12,777532,32.0,605670,1.0
2025,2025-06-12,777541,17.0,427413,1.0
2025,2025-06-12,777546,2392.0,639723,1.0
2025,2025-06-13,777526,17.0,483564,1.0
2025,2025-06-13,777531,2681.0,427197,1.0
2025,2025-06-13,777530,3309.0,484183,1.0
2025,2025-06-13,777539,2.0,503077,1.0
2025,2025-06-13,777538,2394.0,547380,1.0
2025,2025-06-13,777528,3289.0,596809,1.0
2025,2025-06-13,777537,3.0,483630,1.0
2025,2025-06-13,777535,4705.0,623945,1.0
2025,2025-06-13,777524,5325.0,503502,1.0
2025,2025-06-13,777529,7.0,607884,1.0
2025,2025-06-13,777527,2392.0,427366,1.0
2025,2025-06-13,777525,32.0,521889,1.0
2025,2025-06-13,777521,15.0,596740,1.0
2025,2025-06-13,777520,680.0,658292,1.0
2025,2025-06-13,777522,22.0,644760,1.0
2025,2025-06-14,777514,3309.0,605673,1.0
2025,2025-06-14,777517,2394.0,665281,1.0
2025,2025-06-14,777513,17.0,623949,1.0
2025,2025-06-14,777519,2.0,676581,1.0
2025,2025-06-14,777509,2681.0,554242,1.0
2025,2025-06-14,777508,5325.0,608093,1.0
2025,2025-06-14,777511,7.0,482641,1.0
2025,2025-06-14,777518,3289.0,605674,1.0
2025,2025-06-14,777510,2392.0,482631,1.0
2025,2025-06-14,777523,4705.0,484198,1.0
2025,2025-06-14,777512,32.0,483569,1.0
2025,2025-06-14,777515,15.0,428442,1.0
2025,2025-06-14,777516,3.0,605672,1.0
2025,2025-06-14,777507,680.0,483912,1.0
2025,2025-06-14,777506,22.0,427248,1.0
2025,2025-06-15,777505,2394.0,483561,1.0
2025,2025-06-15,777501,2.0,598411,1.0
2025,2025-06-15,777499,2681.0,665297,1.0
2025,2025-06-15,777504,4705.0,427554,1.0
2025,2025-06-15,777503,3309.0,665576,1.0
2025,2025-06-15,777500,3.0,482620,1.0
2025,2025-06-15,777502,3289.0,427013,1.0
2025,2025-06-15,777496,7.0,594151,1.0
2025,2025-06-15,777494,2392.0,427113,1.0
2025,2025-06-15,777492,32.0,605671,1.0
2025,2025-06-15,777497,17.0,427093,1.0
2025,2025-06-15,777493,5325.0,427243,1.0
2025,2025-06-15,777491,15.0,427164,1.0
2025,2025-06-15,777495,680.0,621660,1.0
2025,2025-06-15,777498,22.0,427044,1.0
2025,2025-06-16,777483,4169.0,427366,1.0
2025,2025-06-16,777488,3309.0,623938,1.0
2025,2025-06-16,777487,3313.0,427344,1.0
2025,2025-06-16,777484,2523.0,427533,1.0
2025,2025-06-16,777486,680.0,482666,1.0
2025,2025-06-16,777485,2529.0,427139,1.0
2025,2025-06-16,777490,22.0,503586,1.0
2025,2025-06-17,777481,4169.0,482631,1.0
2025,2025-06-17,777475,2394.0,489985,1.0
2025,2025-06-17,777480,3309.0,521889,1.0
2025,2025-06-17,777476,3313.0,431232,1.0
2025,2025-06-17,777479,14.0,504381,1.0
2025,2025-06-17,777478,2602.0,427413,1.0
2025,2025-06-17,777489,4705.0,511890,1.0
2025,2025-06-17,777477,2523.0,427129,1.0
2025,2025-06-17,777467,4.0,427315,1.0
2025,2025-06-17,777468,5325.0,573597,1.0
2025,2025-06-17,777482,17.0,482608,1.0
2025,2025-06-17,777473,680.0,503493,1.0
2025,2025-06-17,777472,2395.0,544728,1.0
2025,2025-06-17,777469,2529.0,658292,1.0
2025,2025-06-17,777471,22.0,503502,1.0
2025,2025-06-18,777453,680.0,428442,1.0
2025,2025-06-18,777465,4169.0,658536,1.0
2025,2025-06-18,777461,3309.0,490319,1.0
2025,2025-06-18,777466,3313.0,521251,1.0
2025,2025-06-18,777462,14.0,545402,1.0
2025,2025-06-18,777474,2602.0,482663,1.0
2025,2025-06-18,777470,4705.0,664263,1.0
2025,2025-06-18,777463,2523.0,575629,1.0
2025,2025-06-18,777460,5325.0,596740,1.0
2025,2025-06-18,777454,2395.0,483569,1.0
2025,2025-06-18,777456,2529.0,483912,1.0
2025,2025-06-18,777457,22.0,658082,1.0
2025,2025-06-19,777464,2394.0,665298,1.0
2025,2025-06-19,777458,4.0,665281,1.0
2025,2025-08-18,777459,17.0,521889,1.0
2025,2025-06-19,777452,2602.0,427093,1.0
2025,2025-06-19,777445,3309.0,605671,1.0
2025,2025-06-19,777449,3313.0,577468,1.0
2025,2025-06-19,777451,2394.0,554242,1.0
2025,2025-06-19,777447,4.0,547380,1.0
2025,2025-06-19,777450,17.0,644760,1.0
2025,2025-06-19,777443,5325.0,691042,1.0
2025,2025-06-19,777448,14.0,596809,1.0
2025,2025-06-19,777440,2395.0,521051,1.0
2025,2025-06-19,777444,4169.0,427113,1.0
2025,2025-06-19,777455,4705.0,607884,1.0
2025,2025-06-19,777446,2523.0,665576,1.0
2025,2025-06-19,777441,2529.0,621660,1.0
2025,2025-06-19,777442,22.0,427243,1.0
2025,2025-06-20,777436,17.0,427197,1.0
2025,2025-06-20,777432,31.0,427533,1.0
2025,2025-06-20,777431,2523.0,594151,1.0
2025,2025-06-20,777438,3313.0,503077,1.0
2025,2025-06-20,777435,14.0,623938,1.0
2025,2025-06-20,777439,4169.0,427013,1.0
2025,2025-06-20,777433,2889.0,427248,1.0
2025,2025-06-20,777437,2681.0,485856,1.0
2025,2025-06-20,777434,3312.0,427344,1.0
2025,2025-06-20,777430,19.0,427366,1.0
2025,2025-06-20,777428,1.0,596805,1.0
2025,2025-06-20,777426,2680.0,483919,1.0
2025,2025-06-20,777429,2529.0,503586,1.0
2025,2025-06-20,777427,22.0,483561,1.0
2025,2025-06-20,777425,2395.0,427139,1.0
2025,2025-06-21,777420,2523.0,511890,1.0
2025,2025-06-21,777422,3313.0,427164,1.0
2025,2025-06-21,777412,3312.0,431232,1.0
2025,2025-06-21,777415,2889.0,427044,1.0
2025,2025-06-21,777419,17.0,489985,1.0
2025,2025-06-21,777418,14.0,521889,1.0
2025,2025-06-21,777417,2395.0,573597,1.0
2025,2025-06-21,777421,31.0,427129,1.0
2025,2025-06-21,777424,4169.0,504381,1.0
2025,2025-06-21,777413,2680.0,544728,1.0
2025,2025-06-21,777423,2681.0,623949,1.0
2025,2025-06-21,777410,19.0,482631,1.0
2025,2025-06-21,777414,1.0,482666,1.0
2025,2025-06-21,777411,2529.0,503502,1.0
2025,2025-06-21,777416,22.0,427315,1.0
2025,2025-06-22,777406,3313.0,596740,1.0
2025,2025-06-22,777409,2523.0,664263,1.0
2025,2025-06-22,777404,31.0,575629,1.0
2025,2025-06-22,777408,14.0,490319,1.0
2025,2025-06-22,777402,4169.0,545402,1.0
2025,2025-06-22,777401,3312.0,521251,1.0
2025,2025-06-22,777407,2889.0,482608,1.0
2025,2025-06-22,777403,17.0,554242,1.0
2025,2025-06-22,777399,19.0,658536,1.0
2025,2025-06-22,777400,2529.0,658082,1.0
2025,2025-06-22,777395,2395.0,483912,1.0
2025,2025-06-22,777397,1.0,665297,1.0
2025,2025-06-22,777398,22.0,547380,1.0
2025,2025-06-22,777396,2680.0,483569,1.0
2025,2025-06-22,777405,2681.0,482620,1.0
2025,2025-06-23,777394,2.0,427093,1.0
2025,2025-06-23,777389,3289.0,429805,1.0
2025,2025-06-23,777390,2602.0,665576,1.0
2025,2025-06-23,777388,3312.0,639723,1.0
2025,2025-06-23,777393,4.0,427292,1.0
2025,2025-06-23,777391,32.0,596809,1.0
2025,2025-06-23,777392,2889.0,482641,1.0
2025,2025-06-23,777381,1.0,503490,1.0
2025,2025-06-23,777382,2680.0,427139,1.0
2025,2025-06-24,777380,2.0,485856,1.0
2025,2025-06-24,777386,2394.0,644760,1.0
2025,2025-06-24,777384,5.0,577468,1.0
2025,2025-06-24,777387,3289.0,503077,1.0
2025,2025-06-24,777385,2602.0,427533,1.0
2025,2025-06-24,777378,7.0,503493,1.0
2025,2025-06-24,777375,3312.0,605672,1.0
2025,2025-06-24,777383,4.0,484183,1.0
2025,2025-06-24,777374,32.0,605674,1.0
2025,2025-06-24,777373,2889.0,607884,1.0
2025,2025-06-24,777377,2392.0,598411,1.0
2025,2025-06-24,777379,19.0,521051,1.0
2025,2025-06-24,777376,1.0,623945,1.0
2025,2025-06-24,777372,2680.0,573597,1.0
2025,2025-06-24,777364,2395.0,665281,1.0
2025,2025-06-25,777370,4.0,658292,1.0
2025,2025-06-25,777361,32.0,504381,1.0
2025,2025-06-25,777362,1.0,484198,1.0
2025,2025-06-25,777360,2680.0,483912,1.0
2025,2025-06-25,777365,2.0,431232,1.0
2025,2025-06-25,777371,2394.0,427248,1.0
2025,2025-06-25,777368,5.0,427344,1.0
2025,2025-06-25,777369,3289.0,676581,1.0
2025,2025-06-25,777367,2602.0,608158,1.0
2025,2025-06-25,777359,7.0,596805,1.0
2025,2025-06-25,777363,3312.0,691042,1.0
2025,2025-06-25,777357,2889.0,594151,1.0
2025,2025-06-25,777366,2392.0,427243,1.0
2025,2025-06-25,777358,19.0,483919,1.0
2025,2025-06-25,777355,2395.0,483561,1.0
2025,2025-06-26,777351,2394.0,427044,1.0
2025,2025-06-26,777354,5.0,665297,1.0
2025,2025-06-26,777356,3312.0,482620,1.0
2025,2025-06-26,777353,7.0,482666,1.0
2025,2025-06-26,777350,2392.0,503502,1.0
2025,2025-06-26,777348,2889.0,511890,1.0
2025,2025-06-26,777344,19.0,544728,1.0
2025,2025-06-26,777347,2395.0,427315,1.0
2025,2025-06-26,777352,3289.0,483630,1.0
2025,2025-06-27,777341,31.0,521251,1.0
2025,2025-06-27,777343,2.0,482608,1.0
2025,2025-06-27,777337,3313.0,623949,1.0
2025,2025-06-27,777346,2602.0,428442,1.0
2025,2025-06-27,777349,5.0,545402,1.0
2025,2025-06-27,777345,3.0,575629,1.0
2025,2025-06-27,777334,2394.0,429805,1.0
2025,2025-06-27,777342,4705.0,639723,1.0
2025,2025-06-27,777338,4.0,658082,1.0
2025,2025-06-27,777340,5325.0,658536,1.0
2025,2025-06-27,777336,2392.0,547380,1.0
2025,2025-06-27,777335,7.0,605673,1.0
2025,2025-06-27,777339,32.0,482641,1.0
2025,2025-06-27,777331,1.0,623946,1.0
2025,2025-06-27,777332,15.0,427554,1.0
2025,2025-06-28,777326,3313.0,427093,1.0
2025,2025-06-28,777324,2394.0,503077,1.0
2025,2025-06-28,777325,31.0,577468,1.0
2025,2025-06-28,777330,2.0,644760,1.0
2025,2025-06-28,777322,5325.0,427139,1.0
2025,2025-06-28,777319,7.0,427292,1.0
2025,2025-06-28,777328,2602.0,503493,1.0
2025,2025-06-28,777329,5.0,596809,1.0
2025,2025-06-28,777323,3.0,665576,1.0
2025,2025-06-28,777327,4.0,427243,1.0
2025,2025-06-28,777318,15.0,503490,1.0
2025,2025-06-28,777321,32.0,607884,1.0
2025,2025-06-28,777320,2392.0,665281,1.0
2025,2025-06-28,777333,4705.0,605672,1.0
2025,2025-06-28,777315,1.0,521051,1.0
2025,2025-06-29,777309,5.0,605674,1.0
2025,2025-06-29,777313,31.0,427344,1.0
2025,2025-06-29,777317,2.0,427248,1.0
2025,2025-06-29,777310,3.0,427533,1.0
2025,2025-06-29,777316,4705.0,691042,1.0
2025,2025-06-29,777307,3313.0,485856,1.0
2025,2025-06-29,777312,2602.0,596805,1.0
2025,2025-06-29,777308,2392.0,483561,1.0
2025,2025-06-29,777304,7.0,484183,1.0
2025,2025-06-29,777311,4.0,503502,1.0
2025,2025-06-29,777301,32.0,594151,1.0
2025,2025-06-29,777302,5325.0,573597,1.0
2025,2025-06-29,777305,1.0,483919,1.0
2025,2025-06-29,777303,15.0,623945,1.0
2025,2025-06-29,777314,2394.0,676581,1.0
2025,2025-06-30,777306,2681.0,431232,1.0
2025,2025-06-30,777299,31.0,605670,1.0
2025,2025-06-30,777295,14.0,658536,1.0
2025,2025-06-30,777300,3.0,427113,1.0
2025,2025-06-30,777296,2523.0,483630,1.0
2025,2025-06-30,777292,5325.0,427197,1.0
2025,2025-06-30,777297,680.0,427164,1.0
2025,2025-06-30,777291,15.0,511890,1.0
2025,2025-07-01,777283,14.0,427139,1.0
2025,2025-07-01,777288,31.0,605671,1.0
2025,2025-07-01,777293,4169.0,482666,1.0
2025,2025-07-01,777286,2523.0,429805,1.0
2025,2025-07-01,777294,3.0,545402,1.0
2025,2025-07-01,777298,4705.0,658292,1.0
2025,2025-07-01,777287,17.0,544728,1.0
2025,2025-07-01,777282,5325.0,482663,1.0
2025,2025-07-01,777285,19.0,608158,1.0
2025,2025-07-01,777281,680.0,503586,1.0
2025,2025-07-01,777278,15.0,482641,1.0
2025,2025-07-01,777280,22.0,484198,1.0
2025,2025-07-02,777290,2681.0,577468,1.0
2025,2025-07-02,777284,3309.0,504381,1.0
2025,2025-07-02,777289,3289.0,639723,1.0
2025,2025-07-02,777271,2523.0,503077,1.0
2025,2025-07-02,777272,31.0,521889,1.0
2025,2025-07-02,777265,3309.0,427013,1.0
2025,2025-07-02,777273,2681.0,521251,1.0
2025,2025-07-02,777276,3289.0,605672,1.0
2025,2025-07-02,777275,4169.0,428442,1.0
2025,2025-07-02,777274,14.0,623938,1.0
2025,2025-07-02,777277,3.0,427366,1.0
2025,2025-07-02,777279,4705.0,605673,1.0
2025,2025-07-02,777266,17.0,658082,1.0
2025,2025-07-02,777268,5325.0,489985,1.0
2025,2025-07-02,777269,19.0,521051,1.0
2025,2025-07-02,777262,680.0,623946,1.0
2025,2025-07-02,777270,15.0,607884,1.0
2025,2025-07-02,777267,22.0,427554,1.0
2025,2025-07-03,777263,4169.0,503493,1.0
2025,2025-07-03,777264,19.0,665576,1.0
2025,2025-07-03,777258,3309.0,596809,1.0
2025,2025-07-03,777260,14.0,573597,1.0
2025,2025-07-03,777257,3289.0,482620,1.0
2025,2025-07-03,777261,4705.0,427292,1.0
2025,2025-07-03,777259,17.0,483569,1.0
2025,2025-07-03,777256,15.0,594151,1.0
2025,2025-07-03,777251,680.0,486200,1.0
2025,2025-07-03,777253,22.0,503490,1.0
2025,2025-07-04,777245,3309.0,427344,1.0
2025,2025-07-04,777255,2681.0,605674,1.0
2025,2025-07-04,777246,17.0,676581,1.0
2025,2025-07-04,777250,3289.0,482631,1.0
2025,2025-07-04,777236,680.0,554242,1.0
2025,2025-07-04,777247,3312.0,483919,1.0
2025,2025-07-04,777239,2680.0,623945,1.0
2025,2025-07-04,777242,14.0,490319,1.0
2025,2025-07-04,777249,5.0,691042,1.0
2025,2025-07-04,777254,4169.0,484183,1.0
2025,2025-07-04,777252,4705.0,658536,1.0
2025,2025-07-04,777243,19.0,621660,1.0
2025,2025-07-04,777235,22.0,511890,1.0
2025,2025-07-04,777248,15.0,427533,1.0
2025,2025-07-04,777244,2529.0,427164,1.0
2025,2025-07-05,777230,3312.0,544728,1.0
2025,2025-07-05,777229,17.0,483630,1.0
2025,2025-07-05,777231,14.0,605670,1.0
2025,2025-07-05,777228,3309.0,431232,1.0
2025,2025-07-05,777233,2681.0,504381,1.0
2025,2025-07-05,777234,15.0,608158,1.0
2025,2025-07-05,777237,4705.0,427139,1.0
2025,2025-07-05,777241,3289.0,427113,1.0
2025,2025-07-05,777238,4169.0,605673,1.0
2025,2025-07-05,777240,5.0,639723,1.0
2025,2025-07-05,777221,22.0,482641,1.0
2025,2025-07-05,777232,19.0,482666,1.0
2025,2025-07-05,777223,2680.0,484198,1.0
2025,2025-07-05,777227,2529.0,503586,1.0
2025,2025-07-05,777225,680.0,427197,1.0
2025,2025-07-06,777222,4705.0,623938,1.0
2025,2025-07-06,777213,3309.0,521251,1.0
2025,2025-07-06,777217,2681.0,427013,1.0
2025,2025-07-06,777214,14.0,605671,1.0
2025,2025-07-06,777226,5.0,605672,1.0
2025,2025-07-06,777216,3289.0,545402,1.0
2025,2025-07-06,777224,4169.0,427292,1.0
2025,2025-07-06,777220,3312.0,658082,1.0
2025,2025-07-06,777215,19.0,428442,1.0
2025,2025-07-06,777218,15.0,521051,1.0
2025,2025-07-06,777206,22.0,607884,1.0
2025,2025-07-06,777205,680.0,664263,1.0
2025,2025-07-06,777219,17.0,429805,1.0
2025,2025-07-06,777207,2680.0,427554,1.0
2025,2025-07-06,777210,2529.0,623946,1.0
2025,2025-07-07,777211,2394.0,521889,1.0
2025,2025-07-07,777209,3.0,427315,1.0
2025,2025-07-07,777208,2602.0,482620,1.0
2025,2025-07-07,777204,7.0,427366,1.0
2025,2025-07-07,777212,4.0,427044,1.0
2025,2025-07-07,777201,32.0,503493,1.0
2025,2025-07-07,777202,2392.0,483912,1.0
2025,2025-07-07,777200,1.0,665576,1.0
2025,2025-07-07,777203,2680.0,608093,1.0
2025,2025-07-07,777199,2395.0,427093,1.0
2025,2025-07-08,777198,2.0,486200,1.0
2025,2025-07-08,777195,2394.0,490319,1.0
2025,2025-07-08,777187,3313.0,483569,1.0
2025,2025-07-08,777196,3.0,547380,1.0
2025,2025-07-08,777197,2602.0,483630,1.0
2025,2025-07-08,777194,7.0,482631,1.0
2025,2025-07-08,777190,3312.0,503490,1.0
2025,2025-07-08,777188,4.0,482608,1.0
2025,2025-07-08,777193,32.0,596805,1.0
2025,2025-07-08,777191,2889.0,594151,1.0
2025,2025-07-08,777192,2392.0,573597,1.0
2025,2025-07-08,777180,1.0,575629,1.0
2025,2025-07-08,777185,2680.0,665281,1.0
2025,2025-07-08,777186,2395.0,623949,1.0
2025,2025-07-08,777189,2529.0,489985,1.0
2025,2025-07-09,777172,4.0,644760,1.0
2025,2025-07-09,777175,32.0,482666,1.0
2025,2025-07-09,777163,2395.0,664263,1.0
2025,2025-07-09,777182,2394.0,605670,1.0
2025,2025-07-09,777184,3313.0,483919,1.0
2025,2025-07-09,777179,3.0,483561,1.0
2025,2025-07-09,777183,2602.0,639723,1.0
2025,2025-07-09,777177,7.0,427113,1.0
2025,2025-07-09,777173,3312.0,623945,1.0
2025,2025-07-09,777178,2889.0,511890,1.0
2025,2025-07-09,777174,2392.0,621660,1.0
2025,2025-07-09,777171,1.0,427129,1.0
2025,2025-07-09,777162,2680.0,503586,1.0
2025,2025-07-09,777176,2529.0,554242,1.0
2025,2025-07-10,777181,2.0,623946,1.0
2025,2025-07-10,777165,2.0,596740,1.0
2025,2025-07-10,777166,3312.0,484198,1.0
2025,2025-07-10,777168,2602.0,605672,1.0
2025,2025-07-10,777169,3313.0,544728,1.0
2025,2025-07-10,777170,3.0,427248,1.0
2025,2025-07-10,777167,2889.0,482641,1.0
2025,2025-07-10,777156,2529.0,427197,1.0
2025,2025-07-10,777159,1.0,608158,1.0
2025,2025-07-10,777158,2680.0,503502,1.0
2025,2025-07-11,777164,4.0,521889,1.0
2025,2025-07-11,777146,4.0,483564,1.0
2025,2025-07-11,777157,2.0,658082,1.0
2025,2025-07-11,777153,3313.0,607884,1.0
2025,2025-07-11,777160,2602.0,482663,1.0
2025,2025-07-11,777161,2394.0,428442,1.0
2025,2025-07-11,777155,3.0,427044,1.0
2025,2025-07-11,777151,7.0,427554,1.0
2025,2025-07-11,777154,2392.0,427243,1.0
2025,2025-07-11,777148,3312.0,658536,1.0
2025,2025-07-11,777149,32.0,665297,1.0
2025,2025-07-11,777147,2889.0,482620,1.0
2025,2025-07-11,777150,1.0,485856,1.0
2025,2025-07-11,777139,2680.0,521051,1.0
2025,2025-07-11,777152,2529.0,608093,1.0
2025,2025-07-11,777143,2395.0,427366,1.0
2025,2025-07-12,777142,3313.0,594151,1.0
2025,2025-07-12,777145,2394.0,623938,1.0
2025,2025-07-12,777134,3312.0,483912,1.0
2025,2025-07-12,777133,2889.0,483630,1.0
2025,2025-07-12,777127,2395.0,482631,1.0
2025,2025-07-12,777141,2.0,483569,1.0
2025,2025-07-12,777140,2602.0,486200,1.0
2025,2025-07-12,777136,7.0,503490,1.0
2025,2025-07-12,777144,3.0,482608,1.0
2025,2025-07-12,777138,4.0,490319,1.0
2025,2025-07-12,777135,32.0,427315,1.0
2025,2025-07-12,777137,2392.0,427093,1.0
2025,2025-07-12,777126,2680.0,575629,1.0
2025,2025-07-12,777131,1.0,489985,1.0
2025,2025-07-12,777132,2529.0,665281,1.0
2025,2025-07-13,777130,3.0,644760,1.0
2025,2025-07-13,777129,2.0,483919,1.0
2025,2025-07-13,777122,3313.0,511890,1.0
2025,2025-07-13,777128,2602.0,596740,1.0
2025,2025-07-13,777121,2394.0,596805,1.0
2025,2025-07-13,777124,7.0,623945,1.0
2025,2025-07-13,777125,2392.0,623949,1.0
2025,2025-07-13,777113,3312.0,573597,1.0
2025,2025-07-13,777120,4.0,605670,1.0
2025,2025-07-13,777123,32.0,547380,1.0
2025,2025-07-13,777118,2889.0,639723,1.0
2025,2025-07-13,777119,2395.0,545402,1.0
2025,2025-07-13,777116,2529.0,503586,1.0
2025,2025-07-13,777115,1.0,554242,1.0
2025,2025-07-13,777117,2680.0,427129,1.0
2025,2025-07-18,777101,17.0,504381,1.0
2025,2025-07-18,777107,31.0,623946,1.0
2025,2025-07-18,777112,3309.0,427113,1.0
2025,2025-07-18,777106,2681.0,605672,1.0
2025,2025-07-18,777108,14.0,427197,1.0
2025,2025-07-18,777111,3289.0,605673,1.0
2025,2025-07-18,777105,5.0,484198,1.0
2025,2025-07-18,777109,4169.0,490319,1.0
2025,2025-07-18,777114,4705.0,608158,1.0
2025,2025-07-18,777110,2523.0,503493,1.0
2025,2025-07-18,777098,5325.0,483561,1.0
2025,2025-07-18,777102,19.0,503502,1.0
2025,2025-07-18,777100,15.0,427139,1.0
2025,2025-07-18,777099,680.0,503077,1.0
2025,2025-07-18,777103,22.0,577468,1.0
2025,2025-07-19,777094,14.0,482663,1.0
2025,2025-07-19,777092,3289.0,484499,1.0
2025,2025-07-19,777093,4169.0,676581,1.0
2025,2025-07-19,777089,2681.0,482620,1.0
2025,2025-07-19,777090,31.0,483630,1.0
2025,2025-07-19,777091,3309.0,623938,1.0
2025,2025-07-19,777095,2523.0,482666,1.0
2025,2025-07-19,777088,5325.0,665297,1.0
2025,2025-07-19,777104,5.0,427554,1.0
2025,2025-07-19,777096,17.0,605674,1.0
2025,2025-07-19,777081,15.0,621660,1.0
2025,2025-07-19,777097,4705.0,427533,1.0
2025,2025-07-19,777080,19.0,608093,1.0
2025,2025-07-19,777085,22.0,427344,1.0
2025,2025-07-19,777086,680.0,598411,1.0
2025,2025-07-20,777079,14.0,489985,1.0
2025,2025-07-20,777076,2523.0,428442,1.0
2025,2025-07-20,777077,3309.0,427366,1.0
2025,2025-07-20,777078,2681.0,676580,1.0
2025,2025-07-20,777074,31.0,596740,1.0
2025,2025-07-20,777083,4705.0,575629,1.0
2025,2025-07-20,777087,3289.0,427292,1.0
2025,2025-07-20,777084,5.0,503490,1.0
2025,2025-07-20,777082,4169.0,554242,1.0
2025,2025-07-20,777075,17.0,596809,1.0
2025,2025-07-20,777072,19.0,658325,1.0
2025,2025-07-20,777067,680.0,429805,1.0
2025,2025-07-20,777071,15.0,573597,1.0
2025,2025-07-20,777070,22.0,431232,1.0
2025,2025-07-20,777073,5325.0,427315,1.0
2025,2025-07-21,777068,5.0,483564,1.0
2025,2025-07-21,777060,31.0,482608,1.0
2025,2025-07-21,777062,4169.0,482641,1.0
2025,2025-07-21,777064,3309.0,521889,1.0
2025,2025-07-21,777063,2681.0,511890,1.0
2025,2025-07-21,777066,14.0,484183,1.0
2025,2025-07-21,777061,3289.0,482631,1.0
2025,2025-07-21,777069,4705.0,596805,1.0
2025,2025-07-21,777059,2523.0,427129,1.0
2025,2025-07-21,777065,17.0,623949,1.0
2025,2025-07-21,777057,5325.0,521251,1.0
2025,2025-07-21,777053,19.0,691042,1.0
2025,2025-07-21,777055,15.0,521051,1.0
2025,2025-07-21,777050,680.0,503586,1.0
2025,2025-07-21,777051,22.0,483912,1.0
2025,2025-07-22,777056,5.0,427413,1.0
2025,2025-07-22,777044,31.0,427044,1.0
2025,2025-07-22,777052,4169.0,607884,1.0
2025,2025-07-22,777042,3309.0,605670,1.0
2025,2025-07-22,777045,2681.0,664263,1.0
2025,2025-07-22,777048,2523.0,608158,1.0
2025,2025-07-22,777046,14.0,605673,1.0
2025,2025-07-22,777054,3289.0,427113,1.0
2025,2025-07-22,777058,4705.0,503493,1.0
2025,2025-07-22,777047,17.0,483561,1.0
2025,2025-07-22,777043,5325.0,577468,1.0
2025,2025-07-22,777049,19.0,503077,1.0
2025,2025-07-22,777040,15.0,483569,1.0
2025,2025-07-22,777035,680.0,503502,1.0
2025,2025-07-22,777039,22.0,427139,1.0
2025,2025-07-23,777026,3309.0,490319,1.0
2025,2025-07-23,777037,4169.0,658536,1.0
2025,2025-07-23,777041,4705.0,605674,1.0
2025,2025-07-23,777029,31.0,644760,1.0
2025,2025-07-23,777034,3289.0,623938,1.0
2025,2025-07-23,777031,17.0,665297,1.0
2025,2025-07-23,777028,19.0,598411,1.0
2025,2025-07-23,777032,15.0,665281,1.0
2025,2025-07-23,777024,680.0,608093,1.0
2025,2025-07-23,777022,22.0,605671,1.0
2025,2025-07-23,777036,5.0,545402,1.0
2025,2025-07-23,777027,14.0,484499,1.0
2025,2025-07-23,777038,2681.0,544728,1.0
2025,2025-07-23,777030,2523.0,427533,1.0
2025,2025-07-23,777033,5325.0,427344,1.0
2025,2025-07-24,777019,5.0,427093,1.0
2025,2025-07-24,777021,2394.0,594151,1.0
2025,2025-07-24,777023,2889.0,427315,1.0
2025,2025-07-24,777025,2392.0,427248,1.0
2025,2025-07-24,777018,1.0,621660,1.0
2025,2025-07-25,777008,32.0,483564,1.0
2025,2025-07-25,777014,31.0,575629,1.0
2025,2025-07-25,777020,2.0,431232,1.0
2025,2025-07-25,777015,3313.0,482666,1.0
2025,2025-07-25,777012,3.0,676581,1.0
2025,2025-07-25,777013,2602.0,429805,1.0
2025,2025-07-25,777016,2394.0,482641,1.0
2025,2025-07-25,777005,2889.0,623949,1.0
2025,2025-07-25,777017,4.0,483919,1.0
2025,2025-07-25,777009,5325.0,427366,1.0
2025,2025-07-25,777007,2392.0,482608,1.0
2025,2025-07-25,777011,3312.0,427292,1.0
2025,2025-07-25,777006,1.0,483912,1.0
2025,2025-07-25,777004,2395.0,427243,1.0
2025,2025-07-26,777010,7.0,623946,1.0
2025,2025-07-26,777001,3313.0,596805,1.0
2025,2025-07-26,776990,7.0,511890,1.0
2025,2025-07-26,777003,2394.0,607884,1.0
2025,2025-07-26,777002,31.0,427129,1.0
2025,2025-07-26,777000,2602.0,691042,1.0
2025,2025-07-26,776999,2.0,521251,1.0
2025,2025-07-26,776993,5325.0,482631,1.0
2025,2025-07-26,776991,2392.0,427044,1.0
2025,2025-07-26,776997,3312.0,484183,1.0
2025,2025-07-26,776994,4.0,521051,1.0
2025,2025-07-26,776996,32.0,427413,1.0
2025,2025-07-26,776998,3.0,521889,1.0
2025,2025-07-26,776992,2889.0,483561,1.0
2025,2025-07-26,776985,2395.0,503586,1.0
2025,2025-07-26,776995,1.0,427139,1.0
2025,2025-07-27,776986,2.0,577468,1.0
2025,2025-07-27,776983,3.0,605670,1.0
2025,2025-07-27,776984,31.0,608158,1.0
2025,2025-07-27,776988,3313.0,503493,1.0
2025,2025-07-27,776982,2602.0,503077,1.0
2025,2025-07-27,776987,2394.0,658536,1.0
2025,2025-07-27,776975,7.0,544728,1.0
2025,2025-07-27,776976,2392.0,644760,1.0
2025,2025-07-27,776979,3312.0,605673,1.0
2025,2025-07-27,776989,4.0,483569,1.0
2025,2025-07-27,776978,32.0,545402,1.0
2025,2025-07-27,776980,2889.0,665297,1.0
2025,2025-07-27,776981,5325.0,427113,1.0
2025,2025-07-27,776977,1.0,605671,1.0
2025,2025-07-27,776974,2395.0,503502,1.0
2025,2025-07-28,776966,2.0,665281,1.0
2025,2025-07-28,776968,5.0,427533,1.0
2025,2025-07-28,776973,2394.0,623945,1.0
2025,2025-07-28,776970,3313.0,554242,1.0
2025,2025-07-28,776967,2602.0,427164,1.0
2025,2025-07-28,776961,3312.0,547380,1.0
2025,2025-07-28,776971,7.0,427248,1.0
2025,2025-07-28,776972,4.0,427093,1.0
2025,2025-07-28,776965,32.0,428442,1.0
2025,2025-07-28,776960,2889.0,623938,1.0
2025,2025-07-28,776969,2392.0,427013,1.0
2025,2025-07-28,776958,1.0,608093,1.0
2025,2025-07-28,776959,2680.0,621660,1.0
2025,2025-07-28,776964,2395.0,484499,1.0
2025,2025-07-28,776957,2529.0,639723,1.0
2025,2025-07-29,776962,2.0,521051,1.0
2025,2025-07-29,776951,5.0,575629,1.0
2025,2025-07-29,776953,2394.0,484198,1.0
2025,2025-07-29,776949,3313.0,427197,1.0
2025,2025-07-29,776963,2602.0,596740,1.0
2025,2025-07-29,776954,3312.0,427315,1.0
2025,2025-07-29,776955,7.0,482608,1.0
2025,2025-07-29,776952,4.0,483564,1.0
2025,2025-07-29,776956,32.0,482666,1.0
2025,2025-07-29,776946,2889.0,427366,1.0
2025,2025-07-29,776950,2392.0,504381,1.0
2025,2025-07-29,776945,1.0,427243,1.0
2025,2025-07-29,776947,2680.0,483912,1.0
2025,2025-07-29,776943,2395.0,665576,1.0
2025,2025-07-29,776944,2529.0,605672,1.0
2025,2025-07-30,776948,2.0,483569,1.0
2025,2025-07-30,776940,2394.0,427554,1.0
2025,2025-07-30,776935,3312.0,483561,1.0
2025,2025-07-30,776937,2392.0,596809,1.0
2025,2025-07-30,776936,7.0,427044,1.0
2025,2025-07-30,776939,4.0,623949,1.0
2025,2025-07-30,776929,32.0,596805,1.0
2025,2025-07-30,776933,2395.0,427292,1.0
2025,2025-07-30,776931,2680.0,658292,1.0
2025,2025-07-30,776942,5.0,427129,1.0
2025,2025-07-30,776938,3313.0,482663,1.0
2025,2025-07-30,776941,2602.0,658536,1.0
2025,2025-07-30,776934,2889.0,482631,1.0
2025,2025-07-30,776932,1.0,658082,1.0
2025,2025-07-30,776930,2529.0,482620,1.0
2025,2025-07-31,776927,3313.0,489985,1.0
2025,2025-07-31,776928,2602.0,605674,1.0
2025,2025-07-31,776923,680.0,503493,1.0
2025,2025-08-01,776921,2602.0,427013,1.0
2025,2025-08-01,776915,17.0,427139,1.0
2025,2025-08-01,776913,2681.0,665281,1.0
2025,2025-08-01,776917,3309.0,554242,1.0
2025,2025-08-01,776920,14.0,608158,1.0
2025,2025-08-01,776922,3.0,427113,1.0
2025,2025-08-01,776926,3289.0,544728,1.0
2025,2025-08-01,776924,5.0,644760,1.0
2025,2025-08-01,776925,4169.0,503490,1.0
2025,2025-08-01,776918,2523.0,427413,1.0
2025,2025-08-01,776919,19.0,605671,1.0
2025,2025-08-01,776916,1.0,483630,1.0
2025,2025-08-01,776906,2680.0,605673,1.0
2025,2025-08-01,776914,2529.0,573597,1.0
2025,2025-08-01,776908,680.0,428442,1.0
2025,2025-08-02,776901,2523.0,427093,1.0
2025,2025-08-02,776902,17.0,621660,1.0
2025,2025-08-02,776900,14.0,427533,1.0
2025,2025-08-02,776904,19.0,547380,1.0
2025,2025-08-02,776912,2681.0,483919,1.0
2025,2025-08-02,776903,3309.0,427197,1.0
2025,2025-08-02,776909,3.0,623938,1.0
2025,2025-08-02,776911,3289.0,427164,1.0
2025,2025-08-02,776897,680.0,676581,1.0
2025,2025-08-02,776905,5.0,427248,1.0
2025,2025-08-02,776910,4169.0,623945,1.0
2025,2025-08-02,776907,6130.0,504381,1.0
2025,2025-08-02,776899,2529.0,545402,1.0
2025,2025-08-02,776898,1.0,639723,1.0
2025,2025-08-02,776896,2680.0,484499,1.0
2025,2025-08-03,776895,3.0,427366,1.0
2025,2025-08-03,776889,2523.0,483564,1.0
2025,2025-08-03,776894,3309.0,482663,1.0
2025,2025-08-03,776893,14.0,427129,1.0
2025,2025-08-03,776887,3289.0,596740,1.0
2025,2025-08-03,776892,5.0,482608,1.0
2025,2025-08-03,776891,4169.0,484198,1.0
2025,2025-08-03,776888,17.0,483912,1.0
2025,2025-08-03,776886,19.0,427315,1.0
2025,2025-08-03,776881,2529.0,427243,1.0
2025,2025-08-03,776885,1.0,605672,1.0
2025,2025-08-03,776884,2680.0,665576,1.0
2025,2025-08-03,776883,680.0,596805,1.0
2025,2025-08-03,776890,2681.0,521051,1.0
2025,2025-08-04,776879,31.0,596809,1.0
2025,2025-08-04,776874,2394.0,427344,1.0
2025,2025-08-04,776875,4169.0,483561,1.0
2025,2025-08-04,776877,2681.0,427554,1.0
2025,2025-08-04,776880,3.0,489985,1.0
2025,2025-08-04,776876,3289.0,598411,1.0
2025,2025-08-04,776882,4705.0,658536,1.0
2025,2025-08-04,776878,17.0,427044,1.0
2025,2025-08-04,776871,5325.0,482620,1.0
2025,2025-08-04,776872,19.0,490319,1.0
2025,2025-08-04,776867,1.0,484183,1.0
2025,2025-08-04,776873,15.0,482666,1.0
2025,2025-08-04,776870,22.0,594151,1.0
2025,2025-08-05,776866,31.0,605674,1.0
2025,2025-08-05,776861,2394.0,431232,1.0
2025,2025-08-05,776862,4169.0,605671,1.0
2025,2025-08-05,776865,3309.0,623949,1.0
2025,2025-08-05,776868,2681.0,503490,1.0
2025,2025-08-05,776864,3.0,554242,1.0
2025,2025-08-05,776863,3289.0,429805,1.0
2025,2025-08-05,776869,4705.0,623946,1.0
2025,2025-08-05,776860,17.0,644760,1.0
2025,2025-08-05,776855,5325.0,483630,1.0
2025,2025-08-05,776854,19.0,658292,1.0
2025,2025-08-05,776848,1.0,605673,1.0
2025,2025-08-05,776852,15.0,503493,1.0
2025,2025-08-05,776857,680.0,503502,1.0
2025,2025-08-05,776858,22.0,482641,1.0
2025,2025-08-06,776844,31.0,427013,1.0
2025,2025-08-06,776851,2681.0,623945,1.0
2025,2025-08-06,776846,3289.0,503077,1.0
2025,2025-08-06,776859,2394.0,521251,1.0
2025,2025-08-06,776847,17.0,427248,1.0
2025,2025-08-06,776845,5325.0,639723,1.0
2025,2025-08-06,776836,19.0,521889,1.0
2025,2025-08-06,776843,1.0,484499,1.0
2025,2025-08-06,776839,22.0,511890,1.0
2025,2025-08-06,776849,4169.0,691042,1.0
2025,2025-08-06,776850,3309.0,427413,1.0
2025,2025-08-06,776856,3.0,482663,1.0
2025,2025-08-06,776853,4705.0,427164,1.0
2025,2025-08-06,776838,15.0,428442,1.0
2025,2025-08-06,776841,680.0,545402,1.0
2025,2025-08-07,776837,3309.0,427093,1.0
2025,2025-08-07,776830,680.0,427243,1.0
2025,2025-08-07,776840,31.0,484198,1.0
2025,2025-08-07,776842,4705.0,427197,1.0
2025,2025-08-08,776829,31.0,427554,1.0
2025,2025-08-08,776831,2.0,547380,1.0
2025,2025-08-08,776835,3313.0,605670,1.0
2025,2025-08-08,776832,2394.0,665297,1.0
2025,2025-08-08,776834,4705.0,489985,1.0
2025,2025-08-08,776833,4.0,596740,1.0
2025,2025-08-08,776821,5325.0,665576,1.0
2025,2025-08-08,776827,3312.0,483564,1.0
2025,2025-08-08,776828,32.0,504381,1.0
2025,2025-08-08,776826,2889.0,577468,1.0
2025,2025-08-08,776825,15.0,665281,1.0
2025,2025-08-08,776820,2680.0,482608,1.0
2025,2025-08-08,776824,680.0,607884,1.0
2025,2025-08-08,776823,22.0,596805,1.0
2025,2025-08-08,776822,2395.0,503586,1.0
2025,2025-08-09,776819,4705.0,554242,1.0
2025,2025-08-09,776815,3313.0,490319,1.0
2025,2025-08-09,776802,2395.0,503502,1.0
2025,2025-08-09,776813,2394.0,598411,1.0
2025,2025-08-09,776812,31.0,503490,1.0
2025,2025-08-09,776811,2.0,483561,1.0
2025,2025-08-09,776816,3312.0,623949,1.0
2025,2025-08-09,776814,4.0,658536,1.0
2025,2025-08-09,776817,32.0,596809,1.0
2025,2025-08-09,776818,2889.0,427344,1.0
2025,2025-08-09,776810,5325.0,484183,1.0
2025,2025-08-09,776809,15.0,482620,1.0
2025,2025-08-09,776807,2680.0,427044,1.0
2025,2025-08-09,776808,22.0,482666,1.0
2025,2025-08-09,776805,680.0,594151,1.0
2025,2025-08-10,776796,3312.0,427413,1.0
2025,2025-08-10,776804,2.0,605671,1.0
2025,2025-08-10,776801,31.0,623945,1.0
2025,2025-08-10,776803,4705.0,668921,1.0
2025,2025-08-10,776797,3313.0,658292,1.0
2025,2025-08-10,776806,2394.0,429805,1.0
2025,2025-08-10,776798,4.0,623946,1.0
2025,2025-08-10,776799,32.0,605674,1.0
2025,2025-08-10,776800,5325.0,605673,1.0
2025,2025-08-10,776793,2395.0,545402,1.0
2025,2025-08-10,776794,15.0,483630,1.0
2025,2025-08-10,776789,2680.0,644760,1.0
2025,2025-08-10,776791,680.0,482641,1.0
2025,2025-08-10,776788,22.0,503493,1.0
2025,2025-08-10,776795,2889.0,664263,1.0
2025,2025-08-11,776792,2602.0,427315,1.0
2025,2025-08-11,776790,3313.0,427139,1.0
2025,2025-08-11,776784,7.0,427013,1.0
2025,2025-08-11,776781,4.0,482631,1.0
2025,2025-08-11,776786,32.0,521251,1.0
2025,2025-08-11,776783,2889.0,503077,1.0
2025,2025-08-11,776785,5325.0,575629,1.0
2025,2025-08-11,776782,2392.0,608093,1.0
2025,2025-08-11,776779,1.0,427248,1.0
2025,2025-08-11,776780,2395.0,511890,1.0
2025,2025-08-11,776787,2529.0,639723,1.0
2025,2025-08-12,776776,2.0,483912,1.0
2025,2025-08-12,776777,2602.0,691042,1.0
2025,2025-08-12,776778,5.0,427093,1.0
2025,2025-08-12,776774,3313.0,573597,1.0
2025,2025-08-12,776768,14.0,484198,1.0
2025,2025-08-12,776772,3289.0,483569,1.0
2025,2025-08-12,776770,7.0,504381,1.0
2025,2025-08-12,776773,4.0,427113,1.0
2025,2025-08-12,776771,32.0,577468,1.0
2025,2025-08-12,776775,2889.0,665297,1.0
2025,2025-08-12,776764,5325.0,608158,1.0
2025,2025-08-12,776769,2392.0,503586,1.0
2025,2025-08-12,776763,1.0,482608,1.0
2025,2025-08-12,776767,2395.0,607884,1.0
2025,2025-08-12,776762,2529.0,665281,1.0
2025,2025-08-13,776759,7.0,596809,1.0
2025,2025-08-13,776754,4.0,483564,1.0
2025,2025-08-13,776755,32.0,427344,1.0
2025,2025-08-13,776758,2889.0,598411,1.0
2025,2025-08-13,776746,5325.0,658292,1.0
2025,2025-08-13,776749,2395.0,594151,1.0
2025,2025-08-13,776765,2602.0,547380,1.0
2025,2025-08-13,776761,2.0,596740,1.0
2025,2025-08-13,776766,5.0,676581,1.0
2025,2025-08-13,776760,3313.0,658082,1.0
2025,2025-08-13,776757,14.0,427554,1.0
2025,2025-08-13,776753,2392.0,503502,1.0
2025,2025-08-13,776756,3289.0,544728,1.0
2025,2025-08-13,776752,1.0,427044,1.0
2025,2025-08-13,776751,2529.0,482620,1.0
2025,2025-08-14,776750,2.0,658536,1.0
2025,2025-08-14,776747,14.0,503490,1.0
2025,2025-08-14,776745,5.0,623949,1.0
2025,2025-08-14,776743,3309.0,621660,1.0
2025,2025-08-14,776748,3289.0,483919,1.0
2025,2025-08-14,776744,3312.0,545402,1.0
2025,2025-08-14,776742,19.0,482641,1.0
2025,2025-08-15,776737,17.0,665576,1.0
2025,2025-08-15,776740,2602.0,623938,1.0
2025,2025-08-15,776739,3309.0,427139,1.0
2025,2025-08-15,776735,14.0,623946,1.0
2025,2025-08-15,776736,3289.0,427533,1.0
2025,2025-08-15,776738,5.0,605671,1.0
2025,2025-08-15,776741,3.0,623945,1.0
2025,2025-08-15,776733,2392.0,431232,1.0
2025,2025-08-15,776732,3312.0,608093,1.0
2025,2025-08-15,776728,7.0,429805,1.0
2025,2025-08-15,776731,2889.0,521051,1.0
2025,2025-08-15,776730,19.0,511890,1.0
2025,2025-08-15,776734,2529.0,486200,1.0
2025,2025-08-15,776727,22.0,483630,1.0
2025,2025-08-15,776729,2395.0,644760,1.0
2025,2025-08-16,776719,17.0,427413,1.0
2025,2025-08-16,776723,14.0,483912,1.0
2025,2025-08-16,776725,3309.0,573597,1.0
2025,2025-08-16,776726,3289.0,575629,1.0
2025,2025-08-16,776724,3.0,484198,1.0
2025,2025-08-16,776721,2602.0,427366,1.0
2025,2025-08-16,776722,2392.0,521251,1.0
2025,2025-08-16,776720,5.0,427315,1.0
2025,2025-08-16,776712,7.0,503077,1.0
2025,2025-08-16,776716,3312.0,503586,1.0
2025,2025-08-16,776713,2889.0,483569,1.0
2025,2025-08-16,776715,19.0,607884,1.0
2025,2025-08-16,776711,2395.0,427248,1.0
2025,2025-08-16,776717,22.0,639723,1.0
2025,2025-08-16,776718,2529.0,427013,1.0
2025,2025-08-17,776708,3309.0,658082,1.0
2025,2025-08-17,776714,3.0,427554,1.0
2025,2025-08-17,776710,14.0,596740,1.0
2025,2025-08-17,776706,5.0,691042,1.0
2025,2025-08-17,776709,2602.0,482631,1.0
2025,2025-08-17,776705,2392.0,577468,1.0
2025,2025-08-17,776700,3312.0,503502,1.0
2025,2025-08-17,776702,7.0,665297,1.0
2025,2025-08-17,776698,2889.0,544728,1.0
2025,2025-08-17,776704,17.0,427093,1.0
2025,2025-08-17,776701,19.0,594151,1.0
2025,2025-08-17,776699,2529.0,504381,1.0
2025,2025-08-17,776703,2395.0,482608,1.0
2025,2025-08-17,776697,22.0,605672,1.0
2025,2025-08-17,776707,2735.0,608158,1.0
2025,2025-08-18,776692,2394.0,483561,1.0
2025,2025-08-18,776694,31.0,483919,1.0
2025,2025-08-18,776688,4169.0,545402,1.0
2025,2025-08-18,776689,2681.0,427113,1.0
2025,2025-08-18,776695,3.0,427292,1.0
2025,2025-08-18,776696,4705.0,621660,1.0
2025,2025-08-18,776690,7.0,482641,1.0
2025,2025-08-18,776693,19.0,596809,1.0
2025,2025-08-18,776681,1.0,482620,1.0
2025,2025-08-18,776682,15.0,427197,1.0
2025,2025-08-18,776683,2680.0,428442,1.0
2025,2025-08-19,776691,17.0,490319,1.0
2025,2025-08-19,776676,17.0,605670,1.0
2025,2025-08-19,776685,2394.0,547380,1.0
2025,2025-08-19,776679,31.0,521051,1.0
2025,2025-08-19,776686,4169.0,608093,1.0
2025,2025-08-19,776678,3309.0,598411,1.0
2025,2025-08-19,776680,2681.0,623938,1.0
2025,2025-08-19,776684,3.0,484499,1.0
2025,2025-08-19,776687,4705.0,427139,1.0
2025,2025-08-19,776677,2523.0,427344,1.0
2025,2025-08-19,776675,7.0,511890,1.0
2025,2025-08-19,776674,3312.0,644760,1.0
2025,2025-08-19,776671,19.0,503077,1.0
2025,2025-08-19,776668,1.0,483630,1.0
2025,2025-08-19,776672,15.0,482663,1.0
2025,2025-08-19,776667,2680.0,596805,1.0
2025,2025-08-20,776661,31.0,483569,1.0
2025,2025-08-20,776662,2681.0,427366,1.0
2025,2025-08-20,776673,2394.0,605671,1.0
2025,2025-08-20,776658,15.0,489985,1.0
2025,2025-08-20,776670,4169.0,503502,1.0
2025,2025-08-20,776659,3309.0,429805,1.0
2025,2025-08-20,776669,4705.0,573597,1.0
2025,2025-08-20,776664,2523.0,431232,1.0
2025,2025-08-20,776666,7.0,665281,1.0
2025,2025-08-20,776665,3312.0,427248,1.0
2025,2025-08-20,776663,17.0,483564,1.0
2025,2025-08-20,776660,19.0,427013,1.0
2025,2025-08-20,776652,1.0,639723,1.0
2025,2025-08-20,776656,2680.0,482666,1.0
2025,2025-08-21,776653,3312.0,664263,1.0
2025,2025-08-21,776657,7.0,607884,1.0
2025,2025-08-21,776651,17.0,658292,1.0
2025,2025-08-21,776644,19.0,605674,1.0
2025,2025-08-21,776650,3309.0,483912,1.0
2025,2025-08-21,776642,2680.0,503493,1.0
2025,2025-08-21,776655,2.0,482631,1.0
2025,2025-08-21,776654,3313.0,427315,1.0
2025,2025-08-21,776631,2523.0,658082,1.0
2025,2025-08-22,776637,31.0,605673,1.0
2025,2025-08-22,776648,2681.0,545402,1.0
2025,2025-08-22,776643,2.0,427113,1.0
2025,2025-08-22,776647,3313.0,483561,1.0
2025,2025-08-22,776649,2394.0,691042,1.0
2025,2025-08-22,776646,4169.0,665297,1.0
2025,2025-08-22,776645,4705.0,521251,1.0
2025,2025-08-22,776633,2523.0,621660,1.0
2025,2025-08-22,776639,4.0,521889,1.0
2025,2025-08-22,776641,5325.0,605672,1.0
2025,2025-08-22,776634,32.0,544728,1.0
2025,2025-08-22,776640,1.0,482641,1.0
2025,2025-08-22,776635,15.0,596809,1.0
2025,2025-08-22,776636,2680.0,554242,1.0
2025,2025-08-22,776638,680.0,428442,1.0
2025,2025-08-23,776627,3313.0,547380,1.0
2025,2025-08-23,776630,4169.0,598411,1.0
2025,2025-08-23,776628,2681.0,484183,1.0
2025,2025-08-23,776625,2394.0,644760,1.0
2025,2025-08-23,776632,31.0,427292,1.0
2025,2025-08-23,776629,2.0,623938,1.0
2025,2025-08-23,776623,5325.0,482620,1.0
2025,2025-08-23,776619,4.0,490319,1.0
2025,2025-08-23,776621,32.0,483919,1.0
2025,2025-08-23,776626,4705.0,577468,1.0
2025,2025-08-23,776622,15.0,503077,1.0
2025,2025-08-23,776617,2680.0,427197,1.0
2025,2025-08-23,776618,1.0,511890,1.0
2025,2025-08-23,776620,680.0,596805,1.0
2025,2025-08-24,776610,31.0,668921,1.0
2025,2025-08-24,776606,2523.0,427139,1.0
2025,2025-08-24,776612,2.0,427366,1.0
2025,2025-08-24,776613,2681.0,608093,1.0
2025,2025-08-24,776624,4705.0,427344,1.0
2025,2025-08-24,776615,2394.0,427248,1.0
2025,2025-08-24,776614,4169.0,429805,1.0
2025,2025-08-24,776607,4.0,605670,1.0
2025,2025-08-24,776608,32.0,521051,1.0
2025,2025-08-24,776611,5325.0,483630,1.0
2025,2025-08-24,776605,1.0,665281,1.0
2025,2025-08-24,776609,15.0,427013,1.0
2025,2025-08-24,776603,2680.0,482663,1.0
2025,2025-08-24,776602,680.0,482666,1.0
2025,2025-08-24,776616,3313.0,605671,1.0
2025,2025-08-25,776604,2.0,483569,1.0
2025,2025-08-25,776601,5.0,665297,1.0
2025,2025-08-25,776600,4169.0,427533,1.0
2025,2025-08-25,776597,3313.0,482631,1.0
2025,2025-08-25,776596,14.0,427315,1.0
2025,2025-08-25,776598,3289.0,482608,1.0
2025,2025-08-25,776599,4.0,427164,1.0
2025,2025-08-25,776593,32.0,484499,1.0
2025,2025-08-25,776589,2889.0,658292,1.0
2025,2025-08-25,776592,5325.0,623945,1.0
2025,2025-08-25,776595,680.0,605674,1.0
2025,2025-08-25,776590,2529.0,483564,1.0
2025,2025-08-25,776594,22.0,607884,1.0
2025,2025-08-26,776591,2.0,544728,1.0
2025,2025-08-26,776584,5.0,503077,1.0
2025,2025-08-26,776581,4169.0,575629,1.0
2025,2025-08-26,776588,3313.0,427113,1.0
2025,2025-08-26,776582,14.0,483561,1.0
2025,2025-08-26,776585,3289.0,691042,1.0
2025,2025-08-26,776583,4.0,623946,1.0
2025,2025-08-26,776586,32.0,605673,1.0
2025,2025-08-26,776578,2889.0,521889,1.0
2025,2025-08-26,776575,5325.0,545402,1.0
2025,2025-08-26,776587,2392.0,503493,1.0
2025,2025-08-26,776577,680.0,664263,1.0
2025,2025-08-26,776576,2395.0,554242,1.0
2025,2025-08-26,776573,2529.0,623949,1.0
2025,2025-08-26,776574,22.0,511890,1.0
2025,2025-08-27,776570,3313.0,623938,1.0
2025,2025-08-27,776580,5.0,598411,1.0
2025,2025-08-27,776565,4169.0,658325,1.0
2025,2025-08-27,776561,680.0,504381,1.0
2025,2025-08-27,776579,2.0,483919,1.0
2025,2025-08-27,776567,14.0,547380,1.0
2025,2025-08-27,776566,3289.0,427044,1.0
2025,2025-08-27,776569,4.0,658536,1.0
2025,2025-08-27,776572,32.0,484183,1.0
2025,2025-08-27,776568,2889.0,490319,1.0
2025,2025-08-27,776563,5325.0,484198,1.0
2025,2025-08-27,776571,2392.0,428442,1.0
2025,2025-08-27,776562,22.0,594151,1.0
2025,2025-08-27,776557,2395.0,427197,1.0
2025,2025-08-27,776559,2529.0,427413,1.0
2025,2025-08-28,776564,2.0,521051,1.0
2025,2025-08-28,776555,2392.0,596805,1.0
2025,2025-08-28,776553,32.0,676581,1.0
2025,2025-08-28,776554,2889.0,605670,1.0
2025,2025-08-28,776550,2395.0,482663,1.0
2025,2025-08-28,776560,2681.0,665576,1.0
2025,2025-08-28,776558,3289.0,596740,1.0
2025,2025-08-28,776556,4.0,429805,1.0
2025,2025-08-29,776551,2602.0,482666,1.0
2025,2025-08-29,776545,3309.0,658292,1.0
2025,2025-08-29,776552,2681.0,427315,1.0
2025,2025-08-29,776546,14.0,427366,1.0
2025,2025-08-29,776549,3.0,427248,1.0
2025,2025-08-29,776547,5.0,608158,1.0
2025,2025-08-29,776548,3289.0,427164,1.0
2025,2025-08-29,776544,4.0,605671,1.0
2025,2025-08-29,776543,2392.0,483569,1.0
2025,2025-08-29,776540,7.0,427013,1.0
2025,2025-08-29,776541,3312.0,484499,1.0
2025,2025-08-29,776542,19.0,427554,1.0
2025,2025-08-29,776538,2529.0,489985,1.0
2025,2025-08-29,776534,22.0,427093,1.0
2025,2025-08-29,776533,2395.0,665281,1.0
2025,2025-08-30,776527,14.0,482631,1.0
2025,2025-08-30,776525,3309.0,490319,1.0
2025,2025-08-30,776539,3.0,503490,1.0
2025,2025-08-30,776535,3289.0,623946,1.0
2025,2025-08-30,776532,2681.0,483561,1.0
2025,2025-08-30,776536,2602.0,503493,1.0
2025,2025-08-30,776531,2392.0,544728,1.0
2025,2025-08-30,776530,3312.0,605673,1.0
2025,2025-08-30,776529,4.0,665297,1.0
2025,2025-08-30,776528,7.0,605674,1.0
2025,2025-08-30,776537,5.0,427533,1.0
2025,2025-08-30,776516,2395.0,607884,1.0
2025,2025-08-30,776526,19.0,623945,1.0
2025,2025-08-30,776523,22.0,483564,1.0
2025,2025-08-30,776524,2529.0,554242,1.0
2025,2025-08-31,776518,2602.0,676580,1.0
2025,2025-08-31,776513,3312.0,484183,1.0
2025,2025-08-31,776517,3.0,691042,1.0
2025,2025-08-31,776520,3309.0,605670,1.0
2025,2025-08-31,776515,14.0,427113,1.0
2025,2025-08-31,776521,5.0,575629,1.0
2025,2025-08-31,776519,3289.0,658536,1.0
2025,2025-08-31,776510,2392.0,483919,1.0
2025,2025-08-31,776512,7.0,664263,1.0
2025,2025-08-31,776514,4.0,503077,1.0
2025,2025-08-31,776511,19.0,545402,1.0
2025,2025-08-31,776507,2395.0,511890,1.0
2025,2025-08-31,776508,2529.0,427197,1.0
2025,2025-08-31,776509,22.0,623949,1.0
2025,2025-08-31,776522,2681.0,547380,1.0
2025,2025-09-01,776498,3309.0,639723,1.0
2025,2025-09-01,776501,2394.0,596805,1.0
2025,2025-09-01,776503,2602.0,658325,1.0
2025,2025-09-01,776505,3.0,521251,1.0
2025,2025-09-01,776499,2392.0,521051,1.0
2025,2025-09-01,776502,3312.0,427044,1.0
2025,2025-09-01,776497,2889.0,427243,1.0
2025,2025-09-01,776506,17.0,596740,1.0
2025,2025-09-01,776492,19.0,427413,1.0
2025,2025-09-01,776500,32.0,484198,1.0
2025,2025-09-01,776494,2680.0,573597,1.0
2025,2025-09-01,776504,2523.0,676581,1.0
2025,2025-09-01,776495,15.0,431232,1.0
2025,2025-09-02,776490,2394.0,482666,1.0
2025,2025-09-02,776496,31.0,544728,1.0
2025,2025-09-02,776491,2602.0,608158,1.0
2025,2025-09-02,776493,3.0,658292,1.0
2025,2025-09-02,776482,3309.0,605672,1.0
2025,2025-09-02,776485,2523.0,484499,1.0
2025,2025-09-02,776488,7.0,482663,1.0
2025,2025-09-02,776487,17.0,427164,1.0
2025,2025-09-02,776484,3312.0,644760,1.0
2025,2025-09-02,776483,2889.0,503502,1.0
2025,2025-09-02,776489,2392.0,594151,1.0
2025,2025-09-02,776486,19.0,427093,1.0
2025,2025-09-02,776480,2680.0,483912,1.0
2025,2025-09-02,776481,15.0,427344,1.0
2025,2025-09-03,776477,3309.0,482620,1.0
2025,2025-09-03,776478,2394.0,503493,1.0
2025,2025-09-03,776468,15.0,577468,1.0
2025,2025-09-03,776465,2680.0,621660,1.0
2025,2025-09-03,776479,31.0,658082,1.0
2025,2025-09-03,776475,2602.0,427533,1.0
2025,2025-09-03,776474,3.0,490319,1.0
2025,2025-09-03,776476,2523.0,605673,1.0
2025,2025-09-03,776466,7.0,665576,1.0
2025,2025-09-03,776473,17.0,623946,1.0
2025,2025-09-03,776469,3312.0,482608,1.0
2025,2025-09-03,776471,32.0,427554,1.0
2025,2025-09-03,776470,2889.0,665297,1.0
2025,2025-09-03,776472,2392.0,665281,1.0
2025,2025-09-03,776467,19.0,483564,1.0
2025,2025-09-04,776459,32.0,503490,1.0
2025,2025-09-04,776461,31.0,483919,1.0
2025,2025-09-04,776458,2523.0,658536,1.0
2025,2025-09-04,776463,7.0,427197,1.0
2025,2025-09-04,776462,3312.0,691042,1.0
2025,2025-09-04,776464,2392.0,482641,1.0
2025,2025-09-05,776455,17.0,623949,1.0
2025,2025-09-05,776450,2602.0,521051,1.0
2025,2025-09-05,776452,2394.0,484183,1.0
2025,2025-09-05,776453,31.0,607884,1.0
2025,2025-09-05,776454,2.0,483630,1.0
2025,2025-09-05,776457,3313.0,623945,1.0
2025,2025-09-05,776456,4169.0,428442,1.0
2025,2025-09-05,776460,4705.0,605670,1.0
2025,2025-09-05,776451,2523.0,596740,1.0
2025,2025-09-05,776446,7.0,427129,1.0
2025,2025-09-05,776449,5325.0,427139,1.0
2025,2025-09-05,776445,2889.0,427044,1.0
2025,2025-09-05,776442,19.0,482663,1.0
2025,2025-09-05,776444,1.0,664263,1.0
2025,2025-09-05,776448,15.0,608093,1.0
2025,2025-09-06,776436,3313.0,484198,1.0
2025,2025-09-06,776440,17.0,427413,1.0
2025,2025-09-06,776433,4169.0,596805,1.0
2025,2025-09-06,776435,2394.0,676581,1.0
2025,2025-09-06,776439,2602.0,544728,1.0
2025,2025-09-06,776441,31.0,594151,1.0
2025,2025-09-06,776443,2.0,639723,1.0
2025,2025-09-06,776438,2523.0,427164,1.0
2025,2025-09-06,776437,2889.0,644760,1.0
2025,2025-09-06,776432,5325.0,573597,1.0
2025,2025-09-06,776434,7.0,658325,1.0
2025,2025-09-06,776447,4705.0,521889,1.0
2025,2025-09-06,776424,15.0,503586,1.0
2025,2025-09-06,776431,19.0,521251,1.0
2025,2025-09-06,776430,1.0,431232,1.0
2025,2025-09-07,776428,4705.0,658292,1.0
2025,2025-09-07,776421,2523.0,623946,1.0
2025,2025-09-07,776427,2.0,605672,1.0
2025,2025-09-07,776423,3313.0,427554,1.0
2025,2025-09-07,776419,31.0,665281,1.0
2025,2025-09-07,776429,2602.0,658082,1.0
2025,2025-09-07,776425,2394.0,484499,1.0
2025,2025-09-07,776426,4169.0,482666,1.0
2025,2025-09-07,776422,7.0,608158,1.0
2025,2025-09-07,776416,2889.0,482608,1.0
2025,2025-09-07,776420,17.0,427093,1.0
2025,2025-09-07,776418,5325.0,483912,1.0
2025,2025-09-07,776417,19.0,665576,1.0
2025,2025-09-07,776414,1.0,427344,1.0
2025,2025-09-07,776415,15.0,427243,1.0
2025,2025-09-08,776413,5.0,483564,1.0
2025,2025-09-08,776409,4169.0,623938,1.0
2025,2025-09-08,776405,2681.0,504381,1.0
2025,2025-09-08,776412,4705.0,427248,1.0
2025,2025-09-08,776406,5325.0,605671,1.0
2025,2025-09-08,776411,1.0,503502,1.0
2025,2025-09-08,776407,2680.0,577468,1.0
2025,2025-09-08,776400,680.0,427197,1.0
2025,2025-09-08,776399,2395.0,621660,1.0
2025,2025-09-08,776410,2529.0,429805,1.0
2025,2025-09-08,776408,22.0,427533,1.0
2025,2025-09-09,776401,2.0,623945,1.0
2025,2025-09-09,776403,5.0,623949,1.0
2025,2025-09-09,776397,4169.0,427366,1.0
2025,2025-09-09,776404,2681.0,596809,1.0
2025,2025-09-09,776398,3313.0,658536,1.0
2025,2025-09-09,776393,14.0,482620,1.0
2025,2025-09-09,776402,4705.0,427044,1.0
2025,2025-09-09,776388,4.0,483569,1.0
2025,2025-09-09,776395,5325.0,427315,1.0
2025,2025-09-09,776390,1.0,668921,1.0
2025,2025-09-09,776392,2680.0,503586,1.0
2025,2025-09-09,776391,680.0,489985,1.0
2025,2025-09-09,776394,2395.0,427139,1.0
2025,2025-09-09,776396,2529.0,598411,1.0
2025,2025-09-09,776389,22.0,427129,1.0
2025,2025-09-10,776375,5325.0,483561,1.0
2025,2025-09-10,776379,2529.0,676581,1.0
2025,2025-09-10,776374,2395.0,573597,1.0
2025,2025-09-10,776376,1.0,608093,1.0
2025,2025-09-10,776387,2.0,484198,1.0
2025,2025-09-10,776382,5.0,427413,1.0
2025,2025-09-10,776386,4169.0,482631,1.0
2025,2025-09-10,776384,2681.0,605674,1.0
2025,2025-09-10,776383,3313.0,596740,1.0
2025,2025-09-10,776385,14.0,639723,1.0
2025,2025-09-10,776381,4705.0,644760,1.0
2025,2025-09-10,776378,4.0,544728,1.0
2025,2025-09-10,776377,2680.0,431232,1.0
2025,2025-09-10,776373,680.0,521251,1.0
2025,2025-09-10,776380,22.0,575629,1.0
2025,2025-09-11,776372,2.0,427554,1.0
2025,2025-09-11,776364,4.0,485856,1.0
2025,2025-09-11,776369,14.0,605672,1.0
2025,2025-09-11,776367,4169.0,427113,1.0
2025,2025-09-11,776368,3313.0,427164,1.0
2025,2025-09-11,776370,5.0,427093,1.0
2025,2025-09-11,776371,2681.0,521889,1.0
2025,2025-09-11,776365,2680.0,503077,1.0
2025,2025-09-11,776362,680.0,483912,1.0
2025,2025-09-12,776352,17.0,427243,1.0
2025,2025-09-12,776351,3309.0,623946,1.0
2025,2025-09-12,776354,2681.0,547380,1.0
2025,2025-09-12,776353,14.0,658082,1.0
2025,2025-09-12,776359,3289.0,482608,1.0
2025,2025-09-12,776361,5.0,623938,1.0
2025,2025-09-12,776366,4169.0,503490,1.0
2025,2025-09-12,776363,3.0,504381,1.0
2025,2025-09-12,776360,4705.0,483564,1.0
2025,2025-09-12,776355,3312.0,482663,1.0
2025,2025-09-12,776356,32.0,665297,1.0
2025,2025-09-12,776357,2680.0,429805,1.0
2025,2025-09-12,776358,2529.0,608158,1.0
2025,2025-09-12,776345,680.0,621660,1.0
2025,2025-09-12,776350,2395.0,427344,1.0
2025,2025-09-13,776338,17.0,503502,1.0
2025,2025-09-13,776343,14.0,483569,1.0
2025,2025-09-13,776336,3309.0,658536,1.0
2025,2025-09-13,776349,3289.0,427248,1.0
2025,2025-09-13,776347,4169.0,623945,1.0
2025,2025-09-13,776344,3.0,596809,1.0
2025,2025-09-13,776342,2681.0,605671,1.0
2025,2025-09-13,776348,5.0,427366,1.0
2025,2025-09-13,776337,3312.0,554242,1.0
2025,2025-09-13,776346,4705.0,623949,1.0
2025,2025-09-13,776339,32.0,482620,1.0
2025,2025-09-13,776341,2680.0,598411,1.0
2025,2025-09-13,776328,2395.0,577468,1.0
2025,2025-09-13,776333,680.0,427139,1.0
2025,2025-09-13,776340,2529.0,427533,1.0
2025,2025-09-14,776320,3309.0,596740,1.0
2025,2025-09-14,776334,2681.0,427315,1.0
2025,2025-09-14,776329,4705.0,427413,1.0
2025,2025-09-14,776322,14.0,521051,1.0
2025,2025-09-14,776335,3289.0,427044,1.0
2025,2025-09-14,776331,5.0,482631,1.0
2025,2025-09-14,776332,4169.0,484198,1.0
2025,2025-09-14,776324,3312.0,427197,1.0
2025,2025-09-14,776326,32.0,639723,1.0
2025,2025-09-14,776321,17.0,521251,1.0
2025,2025-09-14,776327,2529.0,545402,1.0
2025,2025-09-14,776325,2395.0,503586,1.0
2025,2025-09-14,776323,2680.0,676581,1.0
2025,2025-09-14,776317,680.0,573597,1.0
2025,2025-09-14,776330,3.0,605674,1.0
2025,2025-09-15,776318,31.0,483561,1.0
2025,2025-09-15,776315,3309.0,594151,1.0
2025,2025-09-15,776316,2523.0,427113,1.0
2025,2025-09-15,776314,4.0,489985,1.0
2025,2025-09-15,776313,3312.0,503493,1.0
2025,2025-09-15,776312,2889.0,427013,1.0
2025,2025-09-15,776319,2392.0,605673,1.0
2025,2025-09-15,776309,15.0,521889,1.0
2025,2025-09-15,776311,22.0,503077,1.0
2025,2025-09-16,776307,3309.0,511890,1.0
2025,2025-09-16,776303,2394.0,605672,1.0
2025,2025-09-16,776308,31.0,547380,1.0
2025,2025-09-16,776310,3.0,483919,1.0
2025,2025-09-16,776304,3289.0,427554,1.0
2025,2025-09-16,776305,2523.0,623938,1.0
2025,2025-09-16,776302,7.0,431232,1.0
2025,2025-09-16,776306,4.0,482663,1.0
2025,2025-09-16,776298,3312.0,428442,1.0
2025,2025-09-16,776295,32.0,575629,1.0
2025,2025-09-16,776300,2889.0,504381,1.0
2025,2025-09-16,776301,2392.0,484183,1.0
2025,2025-09-16,776293,19.0,665298,1.0
2025,2025-09-16,776294,15.0,490319,1.0
2025,2025-09-16,776297,22.0,429805,1.0
2025,2025-09-17,776287,31.0,605671,1.0
2025,2025-09-17,776283,2889.0,596809,1.0
2025,2025-09-17,776285,4.0,665281,1.0
2025,2025-09-17,776279,15.0,605670,1.0
2025,2025-09-17,776286,3309.0,664263,1.0
2025,2025-09-17,776296,2394.0,665297,1.0
2025,2025-09-17,776299,3.0,658082,1.0
2025,2025-09-17,776290,2523.0,427366,1.0
2025,2025-09-17,776288,3289.0,503490,1.0
2025,2025-09-17,776289,7.0,427344,1.0
2025,2025-09-17,776284,3312.0,596805,1.0
2025,2025-09-17,776291,32.0,608158,1.0
2025,2025-09-17,776292,2392.0,484499,1.0
2025,2025-09-17,776277,19.0,668921,1.0
2025,2025-09-17,776280,22.0,598411,1.0
2025,2025-09-18,776275,2394.0,482620,1.0
2025,2025-09-18,776276,3289.0,623945,1.0
2025,2025-09-18,776269,2523.0,427113,1.0
2025,2025-09-18,776281,3.0,521051,1.0
2025,2025-09-18,776272,7.0,577468,1.0
2025,2025-09-18,776270,19.0,427139,1.0
2025,2025-09-18,776282,2602.0,554242,1.0
2025,2025-09-18,776278,2.0,594151,1.0
2025,2025-09-18,776274,32.0,427129,1.0
2025,2025-09-18,776271,22.0,605674,1.0
2025,2025-09-19,776267,2602.0,489985,1.0
2025,2025-09-19,776266,31.0,658536,1.0
2025,2025-09-19,776268,2394.0,427315,1.0
2025,2025-09-19,776273,2.0,482641,1.0
2025,2025-09-19,776259,3289.0,639723,1.0
2025,2025-09-19,776261,2523.0,484198,1.0
2025,2025-09-19,776260,7.0,676581,1.0
2025,2025-09-19,776264,4.0,623938,1.0
2025,2025-09-19,776251,5325.0,545402,1.0
2025,2025-09-19,776253,19.0,665576,1.0
2025,2025-09-19,776262,2392.0,483912,1.0
2025,2025-09-19,776263,3312.0,483569,1.0
2025,2025-09-19,776265,2889.0,482666,1.0
2025,2025-09-19,776255,15.0,573597,1.0
2025,2025-09-19,776256,22.0,427013,1.0
2025,2025-09-20,776258,2394.0,521251,1.0
2025,2025-09-20,776243,3312.0,658082,1.0
2025,2025-09-20,776252,3289.0,605672,1.0
2025,2025-09-20,776254,2602.0,482663,1.0
2025,2025-09-20,776249,31.0,621660,1.0
2025,2025-09-20,776247,2523.0,427554,1.0
2025,2025-09-20,776242,5325.0,521889,1.0
2025,2025-09-20,776257,2.0,511890,1.0
2025,2025-09-20,776248,2392.0,575629,1.0
2025,2025-09-20,776245,7.0,503077,1.0
2025,2025-09-20,776250,4.0,482631,1.0
2025,2025-09-20,776244,2889.0,503493,1.0
2025,2025-09-20,776241,19.0,431232,1.0
2025,2025-09-20,776246,15.0,605673,1.0
2025,2025-09-20,776233,22.0,504381,1.0
2025,2025-09-21,776238,2394.0,547380,1.0
2025,2025-09-21,776234,31.0,668921,1.0
2025,2025-09-21,776240,2.0,664263,1.0
2025,2025-09-21,776239,2602.0,665281,1.0
2025,2025-09-21,776237,3289.0,483630,1.0
2025,2025-09-21,776229,7.0,429805,1.0
2025,2025-09-21,776225,3312.0,521051,1.0
2025,2025-09-21,776235,4.0,483561,1.0
2025,2025-09-21,776231,2889.0,428442,1.0
2025,2025-09-21,776226,5325.0,490319,1.0
2025,2025-09-21,776232,19.0,427344,1.0
2025,2025-09-21,776227,22.0,596809,1.0
2025,2025-09-21,776230,15.0,484183,1.0
2025,2025-09-21,776228,2392.0,608158,1.0
2025,2025-09-21,776236,2523.0,503490,1.0
2025,2025-09-22,776221,4705.0,427248,1.0
2025,2025-09-22,776222,2680.0,577468,1.0
2025,2025-09-22,776220,2395.0,427164,1.0
2025,2025-09-23,776223,2.0,598411,1.0
2025,2025-09-23,776218,5.0,554242,1.0
2025,2025-09-23,776224,2602.0,594151,1.0
2025,2025-09-23,776215,2681.0,483569,1.0
2025,2025-09-23,776216,3313.0,427093,1.0
2025,2025-09-23,776217,14.0,427139,1.0
2025,2025-09-23,776219,4705.0,484499,1.0
2025,2025-09-23,776209,17.0,596805,1.0
2025,2025-09-23,776210,5325.0,427533,1.0
2025,2025-09-23,776207,1.0,427013,1.0
2025,2025-09-23,776213,15.0,608093,1.0
2025,2025-09-23,776212,680.0,644760,1.0
2025,2025-09-23,776214,2680.0,521251,1.0
2025,2025-09-23,776211,2395.0,623946,1.0
2025,2025-09-23,776208,2529.0,605670,1.0
2025,2025-09-24,776200,4705.0,658325,1.0
2025,2025-09-24,776198,2680.0,431232,1.0
2025,2025-09-24,776203,2.0,676581,1.0
2025,2025-09-24,776204,5.0,489985,1.0
2025,2025-09-24,776202,2602.0,482641,1.0
2025,2025-09-24,776201,2681.0,482631,1.0
2025,2025-09-24,776199,3313.0,483564,1.0
2025,2025-09-24,776206,14.0,573597,1.0
2025,2025-09-24,776205,17.0,482666,1.0
2025,2025-09-24,776192,5325.0,621660,1.0
2025,2025-09-24,776197,1.0,504381,1.0
2025,2025-09-24,776193,15.0,427243,1.0
2025,2025-09-24,776194,680.0,545402,1.0
2025,2025-09-24,776196,2395.0,607884,1.0
2025,2025-09-24,776195,2529.0,521889,1.0
2025,2025-09-25,776190,2602.0,511890,1.0
2025,2025-09-25,776191,2.0,503077,1.0
2025,2025-09-25,776183,5325.0,575629,1.0
2025,2025-09-25,776182,2529.0,544728,1.0
2025,2025-09-25,776185,15.0,503502,1.0
2025,2025-09-25,776188,2681.0,658082,1.0
2025,2025-09-25,776189,5.0,639723,1.0
2025,2025-09-25,776184,3313.0,623949,1.0
2025,2025-09-25,776186,14.0,483912,1.0
2025,2025-09-25,776187,17.0,503493,1.0
2025,2025-09-25,776178,1.0,665281,1.0
2025,2025-09-25,776179,680.0,605673,1.0
2025,2025-09-26,776167,17.0,427344,1.0
2025,2025-09-26,776176,2681.0,664263,1.0
2025,2025-09-26,776165,3309.0,668921,1.0
2025,2025-09-26,776174,3313.0,427044,1.0
2025,2025-09-26,776177,14.0,427413,1.0
2025,2025-09-26,776181,3.0,429805,1.0
2025,2025-09-26,776175,5.0,428442,1.0
2025,2025-09-26,776173,4169.0,427197,1.0
2025,2025-09-26,776180,4705.0,427129,1.0
2025,2025-09-26,776171,32.0,482608,1.0
2025,2025-09-26,776169,1.0,596740,1.0
2025,2025-09-26,776170,2680.0,427013,1.0
2025,2025-09-26,776168,680.0,490319,1.0
2025,2025-09-26,776172,2529.0,484183,1.0
2025,2025-09-26,776166,2395.0,503586,1.0
2025,2025-09-27,776162,3313.0,594151,1.0
2025,2025-09-27,776164,17.0,577468,1.0
2025,2025-09-27,776159,14.0,427093,1.0
2025,2025-09-27,776146,2395.0,608093,1.0
2025,2025-09-27,776160,3309.0,676580,1.0
2025,2025-09-27,776157,3.0,598411,1.0
2025,2025-09-27,776161,4169.0,554242,1.0
2025,2025-09-27,776163,2681.0,482641,1.0
2025,2025-09-27,776158,5.0,596805,1.0
2025,2025-09-27,776156,4705.0,665576,1.0
2025,2025-09-27,776153,32.0,427139,1.0
2025,2025-09-27,776152,2680.0,644760,1.0
2025,2025-09-27,776155,1.0,427164,1.0
2025,2025-09-27,776150,680.0,605670,1.0
2025,2025-09-27,776154,2529.0,545402,1.0
2025,2025-09-28,776151,3.0,483919,1.0
2025,2025-09-28,776138,2529.0,691042,1.0
2025,2025-09-28,776137,2395.0,427243,1.0
2025,2025-09-28,776141,2681.0,665298,1.0
2025,2025-09-28,776143,3309.0,483569,1.0
2025,2025-09-28,776140,3313.0,427248,1.0
2025,2025-09-28,776135,1.0,623946,1.0
2025,2025-09-28,776145,14.0,483564,1.0
2025,2025-09-28,776136,2680.0,621660,1.0
2025,2025-09-28,776139,680.0,521889,1.0
2025,2025-09-28,776147,5.0,482666,1.0
2025,2025-09-28,776148,4169.0,482663,1.0
2025,2025-09-28,776144,32.0,573597,1.0
2025,2025-09-28,776149,4705.0,658292,1.0
2025,2025-09-28,776142,17.0,521251,1.0
2025,2025-09-30,813072,5.0,575629,1.0
2025,2025-09-30,813066,17.0,623938,1.0
2025,2025-09-30,813074,3313.0,608093,1.0
2025,2025-09-30,813069,22.0,521051,1.0
2025,2025-10-01,813071,5.0,644760,1.0
2025,2025-10-01,813064,17.0,484183,1.0
2025,2025-10-01,813070,3313.0,482608,1.0
2025,2025-10-01,813068,22.0,483561,1.0
2025,2025-10-02,813073,5.0,482663,1.0
2025,2025-10-02,813059,17.0,482666,1.0
2025,2025-10-02,813065,3313.0,483919,1.0
2025,2025-10-04,813047,32.0,554242,1.0
2025,2025-10-04,813063,14.0,503490,1.0
2025,2025-10-04,813051,2681.0,598411,1.0
2025,2025-10-04,813058,680.0,605673,1.0
2025,2025-10-05,813062,14.0,503077,1.0
2025,2025-10-05,813057,680.0,605672,1.0
2025,2025-10-06,813052,2681.0,482641,1.0
2025,2025-10-06,813048,32.0,482631,1.0
2025,2025-10-07,813056,2394.0,483630,1.0
2025,2025-10-07,813061,3313.0,490319,1.0
2025,2025-10-08,813055,2394.0,427197,1.0
2025,2025-10-08,813049,17.0,504381,1.0
2025,2025-10-08,813060,3313.0,427413,1.0
2025,2025-10-08,813041,22.0,544728,1.0
2025,2025-10-09,813042,22.0,427533,1.0
2025,2025-10-09,813050,17.0,427013,1.0
2025,2025-10-10,813054,680.0,484198,1.0
2025,2025-10-11,813046,32.0,482620,1.0
2025,2025-10-12,813040,14.0,596809,1.0
2025,2025-10-13,813044,14.0,427139,1.0
2025,2025-10-13,813036,32.0,596805,1.0
2025,2025-10-14,813034,32.0,573597,1.0
2025,2025-10-15,813043,680.0,521251,1.0
2025,2025-10-16,813033,22.0,428442,1.0
2025,2025-10-16,813035,680.0,427315,1.0
2025,2025-10-17,813039,680.0,427243,1.0
2025,2025-10-17,813031,22.0,644760,1.0
2025,2025-10-19,813038,14.0,482666,1.0
2025,2025-10-20,813037,14.0,511890,1.0
2025,2025-10-24,813027,14.0,504381,1.0
2025,2025-10-25,813026,14.0,482641,1.0
2025,2025-10-27,813032,22.0,427533,1.0
2025,2025-10-28,813023,22.0,483630,1.0
2025,2025-10-29,813022,22.0,484198,1.0
2025,2025-10-31,813025,14.0,503077,1.0
2025,2025-11-01,813024,14.0,490319,1.0
2026,2026-03-25,823244,2395.0,427344,1.0
2026,2026-03-26,823649,3289.0,482641,1.0
2026,2026-03-26,823812,32.0,427533,1.0
2026,2026-03-26,824704,17.0,484198,1.0
2026,2026-03-26,824865,2.0,427113,1.0
2026,2026-03-26,824541,2602.0,427248,1.0
2026,2026-03-26,824218,2392.0,482620,1.0
2026,2026-03-26,823325,2680.0,427315,1.0
2026,2026-03-26,823081,2889.0,427197,1.0
2026,2026-03-26,823486,2681.0,428442,1.0
2026,2026-03-26,823974,22.0,427164,1.0
2026,2026-03-26,823163,680.0,427013,1.0
2026,2026-03-27,823243,2395.0,431232,1.0
2026,2026-03-27,822839,14.0,427243,1.0
2026,2026-03-27,823893,4169.0,490319,1.0
2026,2026-03-27,824946,4705.0,427139,1.0
2026,2026-03-27,824216,2392.0,483630,1.0
2026,2026-03-27,823324,2680.0,483561,1.0
2026,2026-03-27,823162,680.0,504381,1.0
2026,2026-03-27,823971,22.0,484183,1.0
2026,2026-03-28,823082,2889.0,482663,1.0
2026,2026-03-28,824701,17.0,427554,1.0
2026,2026-03-28,822838,14.0,503586,1.0
2026,2026-03-28,824862,2.0,427366,1.0
2026,2026-03-28,823488,2681.0,482666,1.0
2026,2026-03-28,824540,2602.0,427044,1.0
2026,2026-03-28,823651,3289.0,511890,1.0
2026,2026-03-28,823892,4169.0,427128,1.0
2026,2026-03-28,824213,2392.0,521251,1.0
2026,2026-03-28,823811,32.0,427129,1.0
2026,2026-03-28,824945,4705.0,483912,1.0
2026,2026-03-28,823241,2395.0,489985,1.0
2026,2026-03-28,823323,2680.0,623946,1.0
2026,2026-03-28,823973,22.0,596740,1.0
2026,2026-03-28,823161,680.0,596809,1.0
2026,2026-03-29,824864,2.0,503490,1.0
2026,2026-03-29,823487,2681.0,503493,1.0
2026,2026-03-29,824944,4705.0,573597,1.0
2026,2026-03-29,822837,14.0,503502,1.0
2026,2026-03-29,824538,2602.0,644760,1.0
2026,2026-03-29,823647,3289.0,594151,1.0
2026,2026-03-29,823891,4169.0,521889,1.0
2026,2026-03-29,824215,2392.0,639723,1.0
2026,2026-03-29,823810,32.0,547380,1.0
2026,2026-03-29,823079,2889.0,598411,1.0
2026,2026-03-29,824700,17.0,577468,1.0
2026,2026-03-29,823160,680.0,605674,1.0
2026,2026-03-30,824135,7.0,605673,1.0
2026,2026-03-30,824863,2.0,427292,1.0
2026,2026-03-30,824539,2602.0,608093,1.0
2026,2026-03-30,823484,2681.0,521051,1.0
2026,2026-03-30,823890,4169.0,621660,1.0
2026,2026-03-30,822834,14.0,623938,1.0
2026,2026-03-30,824943,4705.0,483564,1.0
2026,2026-03-30,824702,17.0,605671,1.0
2026,2026-03-30,823809,32.0,605672,1.0
2026,2026-03-30,823080,2889.0,483569,1.0
2026,2026-03-30,824214,2392.0,608158,1.0
2026,2026-03-30,823320,2680.0,427013,1.0
2026,2026-03-30,823159,680.0,482631,1.0
2026,2026-03-30,825108,15.0,429805,1.0
2026,2026-03-30,823972,22.0,607884,1.0
2026,2026-03-31,824861,2.0,482608,1.0
2026,2026-03-31,824537,2602.0,490319,1.0
2026,2026-03-31,823485,2681.0,427243,1.0
2026,2026-03-31,823888,4169.0,427139,1.0
2026,2026-03-31,822836,14.0,427113,1.0
2026,2026-03-31,824942,4705.0,483919,1.0
2026,2026-03-31,824699,17.0,427197,1.0
2026,2026-03-31,823807,32.0,427248,1.0
2026,2026-03-31,823077,2889.0,427537,1.0
2026,2026-03-31,824212,2392.0,427533,1.0
2026,2026-03-31,825107,15.0,427344,1.0
2026,2026-03-31,823322,2680.0,504381,1.0
2026,2026-03-31,823158,680.0,427315,1.0
2026,2026-03-31,823969,22.0,482641,1.0
2026,2026-04-01,824940,4705.0,575629,1.0
2026,2026-04-01,824860,2.0,484499,1.0
2026,2026-04-01,824536,2602.0,427128,1.0
2026,2026-04-01,823483,2681.0,503586,1.0
2026,2026-04-01,822835,14.0,427366,1.0
2026,2026-04-01,823889,4169.0,483912,1.0
2026,2026-04-01,823078,2889.0,544728,1.0
2026,2026-04-01,823806,32.0,427044,1.0
2026,2026-04-01,824211,2392.0,427129,1.0
2026,2026-04-01,824698,17.0,482663,1.0
2026,2026-04-01,825106,15.0,503077,1.0
2026,2026-04-01,823321,2680.0,596809,1.0
2026,2026-04-01,823157,680.0,483561,1.0
2026,2026-04-01,824136,7.0,427164,1.0
2026,2026-04-01,823970,22.0,511890,1.0
2026,2026-04-02,824133,7.0,484183,1.0
2026,2026-04-02,825105,15.0,623946,1.0
2026,2026-04-02,823242,2395.0,598411,1.0
2026,2026-04-03,824621,4.0,521889,1.0
2026,2026-04-03,822758,3309.0,573597,1.0
2026,2026-04-03,824299,2394.0,547380,1.0
2026,2026-04-03,823568,3313.0,665297,1.0
2026,2026-04-03,824786,3.0,503490,1.0
2026,2026-04-03,822919,5325.0,623949,1.0
2026,2026-04-03,824458,5.0,605670,1.0
2026,2026-04-03,823732,3312.0,503502,1.0
2026,2026-04-03,824377,19.0,596740,1.0
2026,2026-04-03,823406,31.0,605672,1.0
2026,2026-04-03,824056,1.0,594151,1.0
2026,2026-04-03,825026,2529.0,554242,1.0
2026,2026-04-03,825103,15.0,482631,1.0
2026,2026-04-03,823240,2395.0,605671,1.0
2026,2026-04-04,824134,7.0,427013,1.0
2026,2026-04-04,824295,2394.0,608158,1.0
2026,2026-04-04,824622,4.0,608093,1.0
2026,2026-04-04,824132,7.0,605674,1.0
2026,2026-04-04,822757,3309.0,427139,1.0
2026,2026-04-04,825027,2529.0,483569,1.0
2026,2026-04-04,823404,31.0,427248,1.0
2026,2026-04-04,824782,3.0,623938,1.0
2026,2026-04-04,822920,5325.0,429805,1.0
2026,2026-04-04,823569,3313.0,427292,1.0
2026,2026-04-04,823730,3312.0,521051,1.0
2026,2026-04-04,825104,15.0,427315,1.0
2026,2026-04-04,824378,19.0,605673,1.0
2026,2026-04-04,823239,2395.0,482663,1.0
2026,2026-04-04,824054,1.0,607884,1.0
2026,2026-04-05,824460,5.0,483919,1.0
2026,2026-04-05,824459,5.0,483564,1.0
2026,2026-04-05,822756,3309.0,691042,1.0
2026,2026-04-05,823405,31.0,676581,1.0
2026,2026-04-05,824781,3.0,427113,1.0
2026,2026-04-05,823566,3313.0,484499,1.0
2026,2026-04-05,823729,3312.0,427243,1.0
2026,2026-04-05,824620,4.0,490319,1.0
2026,2026-04-05,824131,7.0,504381,1.0
2026,2026-04-05,822917,5325.0,427344,1.0
2026,2026-04-05,824379,19.0,427164,1.0
2026,2026-04-05,825025,2529.0,544728,1.0
2026,2026-04-05,823238,2395.0,664263,1.0
2026,2026-04-05,824053,1.0,482641,1.0
2026,2026-04-05,825102,15.0,483561,1.0
2026,2026-04-05,824296,2394.0,427533,1.0
2026,2026-04-06,823002,12.0,665281,1.0
2026,2026-04-06,824456,5.0,644760,1.0
2026,2026-04-06,823401,31.0,503586,1.0
2026,2026-04-06,823886,4169.0,596805,1.0
2026,2026-04-06,822755,3309.0,665297,1.0
2026,2026-04-06,824783,3.0,482620,1.0
2026,2026-04-06,822832,14.0,575629,1.0
2026,2026-04-06,823728,3312.0,427128,1.0
2026,2026-04-06,824619,4.0,623946,1.0
2026,2026-04-06,822918,5325.0,623945,1.0
2026,2026-04-06,824376,19.0,598411,1.0
2026,2026-04-06,824052,1.0,427537,1.0
2026,2026-04-06,823237,2395.0,503077,1.0
2026,2026-04-07,824457,5.0,521251,1.0
2026,2026-04-07,824618,4.0,482631,1.0
2026,2026-04-07,823648,3289.0,427366,1.0
2026,2026-04-07,823402,31.0,503502,1.0
2026,2026-04-07,822999,12.0,431232,1.0
2026,2026-04-07,823887,4169.0,428442,1.0
2026,2026-04-07,822754,3309.0,658292,1.0
2026,2026-04-07,824780,3.0,483630,1.0
2026,2026-04-07,823567,3313.0,427129,1.0
2026,2026-04-07,822831,14.0,605670,1.0
2026,2026-04-07,823727,3312.0,511890,1.0
2026,2026-04-07,822916,5325.0,484198,1.0
2026,2026-04-07,824375,19.0,605671,1.0
2026,2026-04-07,824051,1.0,554242,1.0
2026,2026-04-07,823235,2395.0,623949,1.0
2026,2026-04-08,823403,31.0,521051,1.0
2026,2026-04-08,824455,5.0,427248,1.0
2026,2026-04-08,824779,3.0,639723,1.0
2026,2026-04-08,824617,4.0,691042,1.0
2026,2026-04-08,822915,5325.0,665576,1.0
2026,2026-04-08,822833,14.0,483564,1.0
2026,2026-04-08,824374,19.0,482663,1.0
2026,2026-04-08,823234,2395.0,429805,1.0
2026,2026-04-08,822753,3309.0,482608,1.0
2026,2026-04-08,824050,1.0,483569,1.0
2026,2026-04-08,823646,3289.0,503490,1.0
2026,2026-04-08,823000,12.0,489985,1.0
2026,2026-04-08,823885,4169.0,482666,1.0
2026,2026-04-08,823564,3313.0,547380,1.0
2026,2026-04-08,823726,3312.0,676580,1.0
2026,2026-04-09,823884,4169.0,503493,1.0
2026,2026-04-09,823565,3313.0,608158,1.0
2026,2026-04-09,823724,3312.0,482641,1.0
2026,2026-04-09,823645,3289.0,623938,1.0
2026,2026-04-09,824130,7.0,427243,1.0
2026,2026-04-09,823319,2680.0,544728,1.0
2026,2026-04-10,824695,17.0,577468,1.0
2026,2026-04-10,823482,2681.0,511890,1.0
2026,2026-04-10,824297,2394.0,483561,1.0
2026,2026-04-10,824534,2602.0,676581,1.0
2026,2026-04-10,822829,14.0,484499,1.0
2026,2026-04-10,823643,3289.0,596805,1.0
2026,2026-04-10,822997,12.0,483919,1.0
2026,2026-04-10,824858,2.0,427113,1.0
2026,2026-04-10,824941,4705.0,665298,1.0
2026,2026-04-10,824128,7.0,503586,1.0
2026,2026-04-10,823808,32.0,427533,1.0
2026,2026-04-10,823076,2889.0,427344,1.0
2026,2026-04-10,823318,2680.0,427537,1.0
2026,2026-04-10,823156,680.0,658536,1.0
2026,2026-04-10,823968,22.0,427197,1.0
2026,2026-04-11,823480,2681.0,665576,1.0
2026,2026-04-11,824294,2394.0,623946,1.0
2026,2026-04-11,824697,17.0,623945,1.0
2026,2026-04-11,822830,14.0,665297,1.0
2026,2026-04-11,824535,2602.0,644760,1.0
2026,2026-04-11,823644,3289.0,428442,1.0
2026,2026-04-11,824129,7.0,503502,1.0
2026,2026-04-11,822996,12.0,575629,1.0
2026,2026-04-11,823805,32.0,427129,1.0
2026,2026-04-11,824857,2.0,427366,1.0
2026,2026-04-11,823074,2889.0,665281,1.0
2026,2026-04-11,824939,4705.0,482620,1.0
2026,2026-04-11,823316,2680.0,554242,1.0
2026,2026-04-11,823967,22.0,598411,1.0
2026,2026-04-11,823155,680.0,503077,1.0
2026,2026-04-12,824859,2.0,503490,1.0
2026,2026-04-12,823479,2681.0,605670,1.0
2026,2026-04-12,822828,14.0,658292,1.0
2026,2026-04-12,824533,2602.0,521251,1.0
2026,2026-04-12,823642,3289.0,482666,1.0
2026,2026-04-12,824293,2394.0,482631,1.0
2026,2026-04-12,822998,12.0,483564,1.0
2026,2026-04-12,824126,7.0,521051,1.0
2026,2026-04-12,823804,32.0,547380,1.0
2026,2026-04-12,823075,2889.0,431232,1.0
2026,2026-04-12,824696,17.0,484198,1.0
2026,2026-04-12,823317,2680.0,483569,1.0
2026,2026-04-12,823154,680.0,623949,1.0
2026,2026-04-12,823966,22.0,605671,1.0
2026,2026-04-12,824938,4705.0,483630,1.0
2026,2026-04-13,823153,680.0,429805,1.0
2026,2026-04-13,824856,2.0,639723,1.0
2026,2026-04-13,823400,31.0,503493,1.0
2026,2026-04-13,823481,2681.0,608158,1.0
2026,2026-04-13,823563,3313.0,596809,1.0
2026,2026-04-13,824937,4705.0,427248,1.0
2026,2026-04-13,823725,3312.0,691042,1.0
2026,2026-04-13,823073,2889.0,427554,1.0
2026,2026-04-13,825024,2529.0,483912,1.0
2026,2026-04-13,823964,22.0,544728,1.0
2026,2026-04-14,824853,2.0,482620,1.0
2026,2026-04-14,824292,2394.0,484183,1.0
2026,2026-04-14,823398,31.0,596805,1.0
2026,2026-04-14,824531,2602.0,607884,1.0
2026,2026-04-14,823478,2681.0,427533,1.0
2026,2026-04-14,823562,3313.0,605674,1.0
2026,2026-04-14,824935,4705.0,676581,1.0
2026,2026-04-14,823723,3312.0,483561,1.0
2026,2026-04-14,824616,4.0,605673,1.0
2026,2026-04-14,823802,32.0,482663,1.0
2026,2026-04-14,823072,2889.0,577468,1.0
2026,2026-04-14,824210,2392.0,427128,1.0
2026,2026-04-14,823315,2680.0,489985,1.0
2026,2026-04-14,825022,2529.0,573597,1.0
2026,2026-04-14,823965,22.0,427537,1.0
2026,2026-04-15,824855,2.0,483630,1.0
2026,2026-04-15,823071,2889.0,623945,1.0
2026,2026-04-15,823722,3312.0,623946,1.0
2026,2026-04-15,824291,2394.0,596740,1.0
2026,2026-04-15,823399,31.0,428442,1.0
2026,2026-04-15,824532,2602.0,511890,1.0
2026,2026-04-15,823477,2681.0,427129,1.0
2026,2026-04-15,823561,3313.0,427013,1.0
2026,2026-04-15,824936,4705.0,644760,1.0
2026,2026-04-15,824615,4.0,503077,1.0
2026,2026-04-15,823803,32.0,427197,1.0
2026,2026-04-15,824209,2392.0,521889,1.0
2026,2026-04-15,823314,2680.0,427344,1.0
2026,2026-04-15,825021,2529.0,664263,1.0
2026,2026-04-15,823963,22.0,554242,1.0
2026,2026-04-16,823396,31.0,482666,1.0
2026,2026-04-16,824530,2602.0,608093,1.0
2026,2026-04-16,824289,2394.0,427164,1.0
2026,2026-04-16,823560,3313.0,504381,1.0
2026,2026-04-16,823801,32.0,598411,1.0
2026,2026-04-16,824614,4.0,658536,1.0
2026,2026-04-16,825023,2529.0,427139,1.0
2026,2026-04-16,824453,5.0,547380,1.0
2026,2026-04-16,824208,2392.0,545402,1.0
2026,2026-04-16,823313,2680.0,665281,1.0
2026,2026-04-17,824693,17.0,429805,1.0
2026,2026-04-17,824454,5.0,608158,1.0
2026,2026-04-17,823476,2681.0,596805,1.0
2026,2026-04-17,822752,3309.0,668921,1.0
2026,2026-04-17,823397,31.0,665576,1.0
2026,2026-04-17,823559,3313.0,605671,1.0
2026,2026-04-17,823883,4169.0,658292,1.0
2026,2026-04-17,824778,3.0,596809,1.0
2026,2026-04-17,824207,2392.0,427315,1.0
2026,2026-04-17,823720,3312.0,483569,1.0
2026,2026-04-17,824373,19.0,605672,1.0
2026,2026-04-17,824048,1.0,483912,1.0
2026,2026-04-17,823152,680.0,490319,1.0
2026,2026-04-17,825101,15.0,484198,1.0
2026,2026-04-17,825019,2529.0,431232,1.0
2026,2026-04-18,823558,3313.0,658325,1.0
2026,2026-04-18,823721,3312.0,544728,1.0
2026,2026-04-18,824694,17.0,605673,1.0
2026,2026-04-18,823394,31.0,482641,1.0
2026,2026-04-18,822751,3309.0,639723,1.0
2026,2026-04-18,825020,2529.0,489985,1.0
2026,2026-04-18,824775,3.0,681849,1.0
2026,2026-04-18,823882,4169.0,503493,1.0
2026,2026-04-18,824451,5.0,427533,1.0
2026,2026-04-18,824206,2392.0,691042,1.0
2026,2026-04-18,823151,680.0,427128,1.0
2026,2026-04-18,823474,2681.0,428442,1.0
2026,2026-04-18,824372,19.0,427248,1.0
2026,2026-04-18,825098,15.0,427554,1.0
2026,2026-04-18,824049,1.0,573597,1.0
2026,2026-04-19,822750,3309.0,605674,1.0
2026,2026-04-19,823393,31.0,607884,1.0
2026,2026-04-19,823556,3313.0,427197,1.0
2026,2026-04-19,824452,5.0,427129,1.0
2026,2026-04-19,823881,4169.0,596740,1.0
2026,2026-04-19,824205,2392.0,483561,1.0
2026,2026-04-19,823718,3312.0,427537,1.0
2026,2026-04-19,824691,17.0,503077,1.0
2026,2026-04-19,824371,19.0,676581,1.0
2026,2026-04-19,825018,2529.0,427344,1.0
2026,2026-04-19,824047,1.0,664263,1.0
2026,2026-04-19,823150,680.0,521889,1.0
2026,2026-04-19,825100,15.0,577468,1.0
2026,2026-04-19,824777,3.0,427013,1.0
2026,2026-04-19,823475,2681.0,482666,1.0
2026,2026-04-20,824776,3.0,504381,1.0
2026,2026-04-20,824450,5.0,427164,1.0
2026,2026-04-20,822994,12.0,427243,1.0
2026,2026-04-20,823879,4169.0,482608,1.0
2026,2026-04-20,822749,3309.0,623938,1.0
2026,2026-04-20,824125,7.0,511890,1.0
2026,2026-04-20,824692,17.0,554242,1.0
2026,2026-04-20,824370,19.0,644760,1.0
2026,2026-04-20,824046,1.0,665281,1.0
2026,2026-04-20,823149,680.0,482631,1.0
2026,2026-04-21,824448,5.0,658292,1.0
2026,2026-04-21,822995,12.0,503586,1.0
2026,2026-04-21,823880,4169.0,484499,1.0
2026,2026-04-21,824290,2394.0,621660,1.0
2026,2026-04-21,822747,3309.0,427113,1.0
2026,2026-04-21,824773,3.0,658536,1.0
2026,2026-04-21,823640,3289.0,596809,1.0
2026,2026-04-21,824127,7.0,665576,1.0
2026,2026-04-21,824690,17.0,483569,1.0
2026,2026-04-21,822914,5325.0,483919,1.0
2026,2026-04-21,824369,19.0,623945,1.0
2026,2026-04-21,824045,1.0,431232,1.0
2026,2026-04-21,823148,680.0,623946,1.0
2026,2026-04-21,825099,15.0,427139,1.0
2026,2026-04-21,823236,2395.0,608093,1.0
2026,2026-04-22,823878,4169.0,658082,1.0
2026,2026-04-22,824449,5.0,605673,1.0
2026,2026-04-22,822993,12.0,503502,1.0
2026,2026-04-22,824123,7.0,482641,1.0
2026,2026-04-22,824044,1.0,489985,1.0
2026,2026-04-22,823147,680.0,427315,1.0
2026,2026-04-22,824286,2394.0,483912,1.0
2026,2026-04-22,822748,3309.0,427366,1.0
2026,2026-04-22,824774,3.0,429805,1.0
2026,2026-04-22,823641,3289.0,605674,1.0
2026,2026-04-22,824688,17.0,545402,1.0
2026,2026-04-22,822913,5325.0,575629,1.0
2026,2026-04-22,824367,19.0,484198,1.0
2026,2026-04-22,825097,15.0,605672,1.0
2026,2026-04-22,823231,2395.0,490319,1.0
2026,2026-04-23,822745,3309.0,503490,1.0
2026,2026-04-23,824288,2394.0,573597,1.0
2026,2026-04-23,824689,17.0,427537,1.0
2026,2026-04-23,824368,19.0,577468,1.0
2026,2026-04-23,825096,15.0,484183,1.0
2026,2026-04-23,823233,2395.0,427128,1.0
2026,2026-04-23,824770,3.0,596805,1.0
2026,2026-04-23,823639,3289.0,427013,1.0
2026,2026-04-23,822912,5325.0,605670,1.0
2026,2026-04-24,824529,2602.0,623938,1.0
2026,2026-04-24,824854,2.0,596740,1.0
2026,2026-04-24,822827,14.0,607884,1.0
2026,2026-04-24,823638,3289.0,521051,1.0
2026,2026-04-24,822992,12.0,427344,1.0
2026,2026-04-24,824932,4705.0,665298,1.0
2026,2026-04-24,824124,7.0,427554,1.0
2026,2026-04-24,824611,4.0,504381,1.0
2026,2026-04-24,823800,32.0,665297,1.0
2026,2026-04-24,822909,5325.0,623949,1.0
2026,2026-04-24,824204,2392.0,644760,1.0
2026,2026-04-24,823069,2889.0,554242,1.0
2026,2026-04-24,823962,22.0,691042,1.0
2026,2026-04-24,823232,2395.0,483564,1.0
2026,2026-04-25,824851,2.0,427164,1.0
2026,2026-04-25,823070,2889.0,483569,1.0
2026,2026-04-25,822826,14.0,511890,1.0
2026,2026-04-25,823229,2395.0,483919,1.0
2026,2026-04-25,822989,12.0,665281,1.0
2026,2026-04-25,824613,4.0,596809,1.0
2026,2026-04-25,825093,5340.0,521889,1.0
2026,2026-04-25,822910,5325.0,658536,1.0
2026,2026-04-25,824121,7.0,658292,1.0
2026,2026-04-25,824203,2392.0,427248,1.0
2026,2026-04-25,823799,32.0,482608,1.0
2026,2026-04-25,824527,2602.0,427113,1.0
2026,2026-04-25,823960,22.0,482631,1.0
2026,2026-04-25,824933,4705.0,621660,1.0
2026,2026-04-26,823637,3289.0,665299,1.0
2026,2026-04-26,824852,2.0,605673,1.0
2026,2026-04-26,824934,4705.0,483912,1.0
2026,2026-04-26,822824,14.0,594151,1.0
2026,2026-04-26,824528,2602.0,427366,1.0
2026,2026-04-26,823635,3289.0,503502,1.0
2026,2026-04-26,822991,12.0,431232,1.0
2026,2026-04-26,824612,4.0,605674,1.0
2026,2026-04-26,824202,2392.0,605672,1.0
2026,2026-04-26,823797,32.0,484499,1.0
2026,2026-04-26,823068,2889.0,545402,1.0
2026,2026-04-26,822911,5325.0,429805,1.0
2026,2026-04-26,825094,5340.0,608093,1.0
2026,2026-04-26,823230,2395.0,575629,1.0
2026,2026-04-26,824122,7.0,623945,1.0
2026,2026-04-26,823959,22.0,623946,1.0
2026,2026-04-27,824446,5.0,658082,1.0
2026,2026-04-27,823395,31.0,503490,1.0
2026,2026-04-27,822825,14.0,427243,1.0
2026,2026-04-27,823719,3312.0,573597,1.0
2026,2026-04-27,824609,4.0,427537,1.0
2026,2026-04-27,822906,5325.0,483630,1.0
2026,2026-04-27,823311,2680.0,605670,1.0
2026,2026-04-27,823961,22.0,503586,1.0
2026,2026-04-28,824447,5.0,665297,1.0
2026,2026-04-28,824849,2.0,490319,1.0
2026,2026-04-28,824526,2602.0,547380,1.0
2026,2026-04-28,823390,31.0,623938,1.0
2026,2026-04-28,823473,2681.0,598411,1.0
2026,2026-04-28,822823,14.0,639723,1.0
2026,2026-04-28,823636,3289.0,489985,1.0
2026,2026-04-28,824931,4705.0,484198,1.0
2026,2026-04-28,823716,3312.0,427139,1.0
2026,2026-04-28,824610,4.0,544728,1.0
2026,2026-04-28,823798,32.0,483561,1.0
2026,2026-04-28,822908,5325.0,482620,1.0
2026,2026-04-28,825017,2529.0,503493,1.0
2026,2026-04-28,823310,2680.0,483564,1.0
2026,2026-04-28,823956,22.0,623949,1.0
2026,2026-04-29,824445,5.0,482608,1.0
2026,2026-04-29,824608,4.0,483569,1.0
2026,2026-04-29,823717,3312.0,665298,1.0
2026,2026-04-29,822907,5325.0,658325,1.0
2026,2026-04-29,822821,14.0,676581,1.0
2026,2026-04-29,823958,22.0,658536,1.0
2026,2026-04-29,823312,2680.0,483919,1.0
2026,2026-04-29,824525,2602.0,608158,1.0
2026,2026-04-29,823392,31.0,427113,1.0
2026,2026-04-29,823633,3289.0,427344,1.0
2026,2026-04-29,824930,4705.0,504381,1.0
2026,2026-04-29,823796,32.0,427315,1.0
2026,2026-04-29,825015,2529.0,596805,1.0
2026,2026-04-30,823471,2681.0,482663,1.0
2026,2026-04-30,824850,2.0,521889,1.0
2026,2026-04-30,824929,4705.0,577468,1.0
2026,2026-04-30,824848,2.0,427128,1.0
2026,2026-04-30,823391,31.0,427366,1.0
2026,2026-04-30,823472,2681.0,605671,1.0
2026,2026-04-30,824524,2602.0,427129,1.0
2026,2026-04-30,823634,3289.0,665281,1.0
2026,2026-04-30,823795,32.0,482631,1.0
2026,2026-04-30,825016,2529.0,482666,1.0
2026,2026-04-30,823714,3312.0,484499,1.0
2026,2026-05-01,824686,17.0,483912,1.0
2026,2026-05-01,824287,2394.0,503502,1.0
2026,2026-05-01,823389,31.0,427554,1.0
2026,2026-05-01,822744,3309.0,608093,1.0
2026,2026-05-01,823557,3313.0,623946,1.0
2026,2026-05-01,824772,3.0,503490,1.0
2026,2026-05-01,822990,12.0,545402,1.0
2026,2026-05-01,823877,4169.0,427533,1.0
2026,2026-05-01,823713,3312.0,658082,1.0
2026,2026-05-01,823066,2889.0,427197,1.0
2026,2026-05-01,824366,19.0,431232,1.0
2026,2026-05-01,824041,1.0,521251,1.0
2026,2026-05-01,825012,2529.0,575629,1.0
2026,2026-05-01,823309,2680.0,428442,1.0
2026,2026-05-01,823146,680.0,503077,1.0
2026,2026-05-02,823554,3313.0,483561,1.0
2026,2026-05-02,823715,3312.0,665297,1.0
2026,2026-05-02,824685,17.0,573597,1.0
2026,2026-05-02,825014,2529.0,605670,1.0
2026,2026-05-02,823388,31.0,691042,1.0
2026,2026-05-02,822746,3309.0,490319,1.0
2026,2026-05-02,824771,3.0,623938,1.0
2026,2026-05-02,823876,4169.0,547380,1.0
2026,2026-05-02,822988,12.0,427537,1.0
2026,2026-05-02,823067,2889.0,598411,1.0
2026,2026-05-02,824284,2394.0,427243,1.0
2026,2026-05-02,824365,19.0,489985,1.0
2026,2026-05-02,823308,2680.0,503493,1.0
2026,2026-05-02,824042,1.0,483630,1.0
2026,2026-05-02,823144,680.0,503586,1.0
2026,2026-05-03,823711,3312.0,482608,1.0
2026,2026-05-03,824769,3.0,427113,1.0
2026,2026-05-03,823387,31.0,484198,1.0
2026,2026-05-03,823555,3313.0,427315,1.0
2026,2026-05-03,822742,3309.0,427128,1.0
2026,2026-05-03,822987,12.0,544728,1.0
2026,2026-05-03,823875,4169.0,608158,1.0
2026,2026-05-03,823065,2889.0,605671,1.0
2026,2026-05-03,824687,17.0,427139,1.0
2026,2026-05-03,824364,19.0,427344,1.0
2026,2026-05-03,825013,2529.0,483564,1.0
2026,2026-05-03,824043,1.0,482620,1.0
2026,2026-05-03,823145,680.0,623949,1.0
2026,2026-05-03,823307,2680.0,596805,1.0
2026,2026-05-03,824285,2394.0,639723,1.0
2026,2026-05-04,824363,19.0,482666,1.0
2026,2026-05-04,824283,2394.0,427248,1.0
2026,2026-05-04,822984,12.0,482663,1.0
2026,2026-05-04,823874,4169.0,427129,1.0
2026,2026-05-04,823552,3313.0,482631,1.0
2026,2026-05-04,824684,17.0,484499,1.0
2026,2026-05-04,824120,7.0,483569,1.0
2026,2026-05-04,823064,2889.0,621660,1.0
2026,2026-05-04,824201,2392.0,483919,1.0
2026,2026-05-04,824039,1.0,484183,1.0
2026,2026-05-04,823143,680.0,427013,1.0
2026,2026-05-04,823228,2395.0,429805,1.0
2026,2026-05-05,824281,2394.0,644760,1.0
2026,2026-05-05,822986,12.0,427197,1.0
2026,2026-05-05,823469,2681.0,623946,1.0
2026,2026-05-05,823873,4169.0,577468,1.0
2026,2026-05-05,822743,3309.0,427533,1.0
2026,2026-05-05,823553,3313.0,607884,1.0
2026,2026-05-05,824682,17.0,658082,1.0
2026,2026-05-05,824119,7.0,545402,1.0
2026,2026-05-05,824200,2392.0,575629,1.0
2026,2026-05-05,824040,1.0,596740,1.0
2026,2026-05-05,825092,15.0,521251,1.0
2026,2026-05-05,823142,680.0,504381,1.0
2026,2026-05-05,823227,2395.0,503077,1.0
2026,2026-07-07,823062,2889.0,623949,1.0
2026,2026-05-07,824362,19.0,503493,1.0
2026,2026-05-06,822985,12.0,598411,1.0
2026,2026-05-06,823063,2889.0,483912,1.0
2026,2026-05-06,824198,2392.0,664263,1.0
2026,2026-05-06,823226,2395.0,503586,1.0
2026,2026-05-06,824036,1.0,427164,1.0
2026,2026-05-06,823141,680.0,596809,1.0
2026,2026-05-06,824282,2394.0,485856,1.0
2026,2026-05-06,823470,2681.0,483561,1.0
2026,2026-05-06,823872,4169.0,623945,1.0
2026,2026-05-06,822740,3309.0,547380,1.0
2026,2026-05-06,823550,3313.0,511890,1.0
2026,2026-05-06,824683,17.0,665297,1.0
2026,2026-05-06,824118,7.0,554242,1.0
2026,2026-05-06,824361,19.0,428442,1.0
2026,2026-05-06,825091,15.0,483630,1.0
2026,2026-05-07,823551,3313.0,665576,1.0
2026,2026-05-07,822741,3309.0,608158,1.0
2026,2026-05-07,824117,7.0,544728,1.0
2026,2026-05-07,824681,17.0,482608,1.0
2026,2026-05-07,825090,15.0,639723,1.0
2026,2026-05-07,823467,2681.0,427315,1.0
2026,2026-05-07,823870,4169.0,691042,1.0
2026,2026-05-07,824767,3.0,658325,1.0
2026,2026-05-07,823306,2680.0,605673,1.0
2026,2026-05-08,824522,2602.0,605672,1.0
2026,2026-05-08,823466,2681.0,483569,1.0
2026,2026-05-08,824846,2.0,427129,1.0
2026,2026-05-08,822822,14.0,482631,1.0
2026,2026-05-08,824768,3.0,676580,1.0
2026,2026-05-08,823871,4169.0,605671,1.0
2026,2026-05-08,824443,5.0,594151,1.0
2026,2026-05-08,824116,7.0,665298,1.0
2026,2026-05-08,824607,4.0,483564,1.0
2026,2026-05-08,823794,32.0,484198,1.0
2026,2026-05-08,822904,5325.0,623949,1.0
2026,2026-05-08,825088,15.0,605674,1.0
2026,2026-05-08,823303,2680.0,484183,1.0
2026,2026-05-08,823957,22.0,482620,1.0
2026,2026-05-08,823225,2395.0,484499,1.0
2026,2026-05-09,822820,14.0,623946,1.0
2026,2026-05-09,824847,2.0,658536,1.0
2026,2026-05-09,824523,2602.0,482663,1.0
2026,2026-05-09,823869,4169.0,676581,1.0
2026,2026-05-09,823468,2681.0,545402,1.0
2026,2026-05-09,824444,5.0,607884,1.0
2026,2026-05-09,822905,5325.0,428442,1.0
2026,2026-05-09,824115,7.0,573597,1.0
2026,2026-05-09,824606,4.0,483919,1.0
2026,2026-05-09,823792,32.0,577468,1.0
2026,2026-05-09,825089,15.0,427013,1.0
2026,2026-05-09,823304,2680.0,596740,1.0
2026,2026-05-09,823224,2395.0,658082,1.0
2026,2026-05-09,823955,22.0,521251,1.0
2026,2026-07-17,824766,3.0,0,0.0
2026,2026-05-10,823868,4169.0,427197,1.0
2026,2026-05-10,824845,2.0,547380,1.0
2026,2026-05-10,824765,3.0,596805,1.0
2026,2026-05-10,823463,2681.0,554242,1.0
2026,2026-05-10,822819,14.0,483561,1.0
2026,2026-05-10,824520,2602.0,644760,1.0
2026,2026-05-10,824440,5.0,511890,1.0
2026,2026-05-10,824605,4.0,575629,1.0
2026,2026-05-10,823793,32.0,623945,1.0
2026,2026-05-10,822902,5325.0,503077,1.0
2026,2026-05-10,823221,2395.0,665297,1.0
2026,2026-05-10,825085,15.0,504381,1.0
2026,2026-05-10,823305,2680.0,427164,1.0
2026,2026-05-10,823954,22.0,483630,1.0
2026,2026-05-10,824113,7.0,621660,1.0
2026,2026-05-11,824441,5.0,485856,1.0
2026,2026-05-11,824844,2.0,544728,1.0
2026,2026-05-11,822818,14.0,427366,1.0
2026,2026-05-11,822901,5325.0,605673,1.0
2026,2026-05-11,824199,2392.0,665302,1.0
2026,2026-05-11,823953,22.0,503502,1.0
2026,2026-05-12,824442,5.0,605672,1.0
2026,2026-05-12,824843,2.0,427537,1.0
2026,2026-05-12,824521,2602.0,483912,1.0
2026,2026-05-12,823385,31.0,665576,1.0
2026,2026-05-12,824764,3.0,605670,1.0
2026,2026-05-12,822817,14.0,503490,1.0
2026,2026-05-12,823632,3289.0,521889,1.0
2026,2026-05-12,824927,4705.0,658325,1.0
2026,2026-05-12,824604,4.0,482620,1.0
2026,2026-05-12,823712,3312.0,482608,1.0
2026,2026-05-12,823790,32.0,596809,1.0
2026,2026-05-12,822903,5325.0,484183,1.0
2026,2026-05-12,824197,2392.0,427554,1.0
2026,2026-05-12,825011,2529.0,431232,1.0
2026,2026-05-12,823951,22.0,665281,1.0
2026,2026-05-13,824841,2.0,554242,1.0
2026,2026-05-13,824438,5.0,427248,1.0
2026,2026-05-13,824519,2602.0,665298,1.0
2026,2026-05-13,823386,31.0,594151,1.0
2026,2026-05-13,824763,3.0,483564,1.0
2026,2026-05-13,822815,14.0,623938,1.0
2026,2026-05-13,823631,3289.0,608093,1.0
2026,2026-05-13,824928,4705.0,503493,1.0
2026,2026-05-13,824603,4.0,668921,1.0
2026,2026-05-13,823710,3312.0,484499,1.0
2026,2026-05-13,823791,32.0,605674,1.0
2026,2026-05-13,822900,5325.0,596740,1.0
2026,2026-05-13,824195,2392.0,577468,1.0
2026,2026-05-13,825010,2529.0,489985,1.0
2026,2026-05-13,823952,22.0,676581,1.0
2026,2026-05-14,823383,31.0,607884,1.0
2026,2026-05-14,824517,2602.0,427139,1.0
2026,2026-05-14,823630,3289.0,490319,1.0
2026,2026-05-14,823709,3312.0,665297,1.0
2026,2026-05-14,823789,32.0,427013,1.0
2026,2026-05-14,824196,2392.0,691042,1.0
2026,2026-05-14,825008,2529.0,681849,1.0
2026,2026-05-14,824762,3.0,483919,1.0
2026,2026-05-14,824926,4705.0,596805,1.0
2026,2026-05-14,824602,4.0,521251,1.0
2026,2026-05-14,823950,22.0,427243,1.0
2026,2026-05-15,823384,31.0,621660,1.0
2026,2026-05-15,822739,3309.0,483630,1.0
2026,2026-05-15,824280,2394.0,575629,1.0
2026,2026-05-15,824439,5.0,428442,1.0
2026,2026-05-15,822983,12.0,511890,1.0
2026,2026-05-15,823707,3312.0,427128,1.0
2026,2026-05-15,824925,4705.0,483569,1.0
2026,2026-05-15,823629,3289.0,644760,1.0
2026,2026-05-15,824601,4.0,427113,1.0
2026,2026-05-15,824194,2392.0,427292,1.0
2026,2026-05-15,823061,2889.0,504381,1.0
2026,2026-05-15,824360,19.0,503502,1.0
2026,2026-05-15,824037,1.0,427554,1.0
2026,2026-05-15,823140,680.0,427344,1.0
2026,2026-05-15,825009,2529.0,605673,1.0
2026,2026-05-16,824278,2394.0,605670,1.0
2026,2026-05-16,823060,2889.0,596809,1.0
2026,2026-05-16,824359,19.0,676581,1.0
2026,2026-05-16,822737,3309.0,482620,1.0
2026,2026-05-16,823382,31.0,483912,1.0
2026,2026-05-16,822981,12.0,665576,1.0
2026,2026-05-16,824435,5.0,658325,1.0
2026,2026-05-16,824193,2392.0,665302,1.0
2026,2026-05-16,824600,4.0,427366,1.0
2026,2026-05-16,823706,3312.0,521889,1.0
2026,2026-05-16,823139,680.0,665281,1.0
2026,2026-05-16,824924,4705.0,544728,1.0
2026,2026-05-16,823627,3289.0,485856,1.0
2026,2026-05-16,824038,1.0,482608,1.0
2026,2026-05-16,825007,2529.0,484183,1.0
2026,2026-05-17,822982,12.0,594151,1.0
2026,2026-05-17,822738,3309.0,639723,1.0
2026,2026-05-17,823381,31.0,665298,1.0
2026,2026-05-17,824923,4705.0,427537,1.0
2026,2026-05-17,824436,5.0,482663,1.0
2026,2026-05-17,824279,2394.0,483564,1.0
2026,2026-05-17,823628,3289.0,605672,1.0
2026,2026-05-17,824192,2392.0,484499,1.0
2026,2026-05-17,824599,4.0,503490,1.0
2026,2026-05-17,823708,3312.0,608093,1.0
2026,2026-05-17,823058,2889.0,605674,1.0
2026,2026-05-17,824358,19.0,521051,1.0
2026,2026-05-17,825006,2529.0,676580,1.0
2026,2026-05-17,824034,1.0,623945,1.0
2026,2026-05-17,823138,680.0,431232,1.0
2026,2026-05-18,824277,2394.0,665297,1.0
2026,2026-05-18,822980,12.0,490319,1.0
2026,2026-05-18,823465,2681.0,427013,1.0
2026,2026-05-18,823867,4169.0,427315,1.0
2026,2026-05-18,822734,3309.0,429805,1.0
2026,2026-05-18,823549,3313.0,521251,1.0
2026,2026-05-18,824114,7.0,427113,1.0
2026,2026-05-18,823705,3312.0,427243,1.0
2026,2026-05-18,824680,17.0,658292,1.0
2026,2026-05-18,824357,19.0,503077,1.0
2026,2026-05-18,824035,1.0,598411,1.0
2026,2026-05-18,823301,2680.0,608158,1.0
2026,2026-05-18,825087,15.0,489985,1.0
2026,2026-05-18,823137,680.0,503586,1.0
2026,2026-05-19,823865,4169.0,485856,1.0
2026,2026-05-19,824276,2394.0,427292,1.0
2026,2026-05-19,822979,12.0,427533,1.0
2026,2026-05-19,823464,2681.0,504381,1.0
2026,2026-05-19,822736,3309.0,623949,1.0
2026,2026-05-19,823548,3313.0,483630,1.0
2026,2026-05-19,824112,7.0,676581,1.0
2026,2026-05-19,823704,3312.0,427139,1.0
2026,2026-05-19,824677,17.0,596740,1.0
2026,2026-05-19,823059,2889.0,482666,1.0
2026,2026-05-19,824356,19.0,484198,1.0
2026,2026-05-19,824033,1.0,665299,1.0
2026,2026-05-19,823302,2680.0,427128,1.0
2026,2026-05-19,825086,15.0,427344,1.0
2026,2026-05-19,823136,680.0,503502,1.0
2026,2026-05-20,823462,2681.0,596809,1.0
2026,2026-05-20,822977,12.0,521889,1.0
2026,2026-05-20,823703,3312.0,573597,1.0
2026,2026-05-20,824355,19.0,427554,1.0
2026,2026-05-20,825084,15.0,665281,1.0
2026,2026-05-20,823134,680.0,483912,1.0
2026,2026-05-20,824273,2394.0,482608,1.0
2026,2026-05-20,823866,4169.0,483561,1.0
2026,2026-05-20,822735,3309.0,545402,1.0
2026,2026-05-20,823547,3313.0,665576,1.0
2026,2026-05-20,824111,7.0,623938,1.0
2026,2026-05-20,824678,17.0,605673,1.0
2026,2026-05-20,823057,2889.0,596805,1.0
2026,2026-05-20,823299,2680.0,427129,1.0
2026,2026-05-20,824032,1.0,427197,1.0
2026,2026-05-21,824274,2394.0,484499,1.0
2026,2026-05-21,823056,2889.0,428442,1.0
2026,2026-05-21,822733,3309.0,503490,1.0
2026,2026-05-21,823864,4169.0,658536,1.0
2026,2026-05-21,823545,3313.0,639723,1.0
2026,2026-05-21,824031,1.0,482663,1.0
2026,2026-05-21,825083,15.0,547380,1.0
2026,2026-05-22,824679,17.0,431232,1.0
2026,2026-05-22,823461,2681.0,608093,1.0
2026,2026-05-22,823546,3313.0,621660,1.0
2026,2026-05-22,822816,14.0,623945,1.0
2026,2026-05-22,824761,3.0,605674,1.0
2026,2026-05-22,823863,4169.0,484183,1.0
2026,2026-05-22,824842,2.0,482631,1.0
2026,2026-05-22,824922,4705.0,665297,1.0
2026,2026-05-22,824110,7.0,503077,1.0
2026,2026-05-22,823788,32.0,521051,1.0
2026,2026-05-22,824029,1.0,503493,1.0
2026,2026-05-22,825082,15.0,608158,1.0
2026,2026-05-22,823298,2680.0,623946,1.0
2026,2026-05-22,823223,2395.0,598411,1.0
2026,2026-05-23,824518,2602.0,521251,1.0
2026,2026-05-23,824516,2602.0,483630,1.0
2026,2026-05-23,824674,17.0,489985,1.0
2026,2026-05-23,822814,14.0,484198,1.0
2026,2026-05-23,823458,2681.0,490319,1.0
2026,2026-05-23,823222,2395.0,665299,1.0
2026,2026-05-23,824109,7.0,429805,1.0
2026,2026-05-23,824760,3.0,668921,1.0
2026,2026-05-23,824920,4705.0,427292,1.0
2026,2026-05-23,823862,4169.0,658292,1.0
2026,2026-05-23,823787,32.0,503586,1.0
2026,2026-05-23,823300,2680.0,427113,1.0
2026,2026-05-23,824030,1.0,482666,1.0
2026,2026-05-23,825080,15.0,427128,1.0
2026,2026-09-22,823543,3313.0,0,0.0
2026,2026-05-24,824840,2.0,483561,1.0
2026,2026-05-24,822813,14.0,691042,1.0
2026,2026-05-24,824839,2.0,485856,1.0
2026,2026-05-24,824759,3.0,504381,1.0
2026,2026-05-24,823459,2681.0,427533,1.0
2026,2026-05-24,823544,3313.0,427139,1.0
2026,2026-05-24,823861,4169.0,596740,1.0
2026,2026-05-24,824108,7.0,545402,1.0
2026,2026-05-24,823786,32.0,658325,1.0
2026,2026-05-24,824676,17.0,427344,1.0
2026,2026-05-24,823220,2395.0,427197,1.0
2026,2026-05-24,825081,15.0,427129,1.0
2026,2026-05-24,823297,2680.0,676581,1.0
2026,2026-05-24,824921,4705.0,665576,1.0
2026,2026-05-24,824028,1.0,596805,1.0
2026,2026-08-17,824514,2602.0,0,0.0
2026,2026-05-25,823380,31.0,483919,1.0
2026,2026-05-25,824838,2.0,596809,1.0
2026,2026-05-25,824598,4.0,427248,1.0
2026,2026-05-25,823784,32.0,427243,1.0
2026,2026-05-25,824107,7.0,623949,1.0
2026,2026-05-25,823625,3289.0,483569,1.0
2026,2026-05-25,823219,2395.0,428442,1.0
2026,2026-05-25,824437,5.0,427315,1.0
2026,2026-05-25,823296,2680.0,482663,1.0
2026,2026-05-25,822899,5325.0,607884,1.0
2026,2026-05-25,822812,14.0,544728,1.0
2026,2026-05-25,823948,22.0,623938,1.0
2026,2026-05-25,825005,2529.0,547380,1.0
2026,2026-05-26,824434,5.0,482631,1.0
2026,2026-05-26,824837,2.0,605674,1.0
2026,2026-05-26,824275,2394.0,482620,1.0
2026,2026-05-26,823379,31.0,575629,1.0
2026,2026-05-26,824758,3.0,605673,1.0
2026,2026-05-26,822811,14.0,573597,1.0
2026,2026-05-26,823624,3289.0,621660,1.0
2026,2026-05-26,824597,4.0,644760,1.0
2026,2026-05-26,824106,7.0,521051,1.0
2026,2026-05-26,823785,32.0,503077,1.0
2026,2026-05-26,822898,5325.0,482641,1.0
2026,2026-05-26,825004,2529.0,608158,1.0
2026,2026-05-26,823294,2680.0,598411,1.0
2026,2026-05-26,823216,2395.0,503493,1.0
2026,2026-05-26,823949,22.0,623946,1.0
2026,2026-05-27,822809,14.0,658536,1.0
2026,2026-05-27,824432,5.0,485856,1.0
2026,2026-05-27,823783,32.0,429805,1.0
2026,2026-05-27,825003,2529.0,427533,1.0
2026,2026-05-27,823217,2395.0,482666,1.0
2026,2026-05-27,823295,2680.0,665299,1.0
2026,2026-05-27,824836,2.0,427013,1.0
2026,2026-05-27,824270,2394.0,639723,1.0
2026,2026-05-27,823376,31.0,605670,1.0
2026,2026-05-27,824756,3.0,490319,1.0
2026,2026-05-27,823626,3289.0,554242,1.0
2026,2026-05-27,824596,4.0,668921,1.0
2026,2026-05-27,824104,7.0,503586,1.0
2026,2026-05-27,822897,5325.0,511890,1.0
2026,2026-05-27,823947,22.0,427113,1.0
2026,2026-05-28,824272,2394.0,521251,1.0
2026,2026-05-28,824595,4.0,605672,1.0
2026,2026-05-28,824757,3.0,691042,1.0
2026,2026-05-28,824834,2.0,658325,1.0
2026,2026-05-28,823378,31.0,483564,1.0
2026,2026-05-28,822896,5325.0,594151,1.0
2026,2026-05-29,824515,2602.0,503502,1.0
2026,2026-05-29,822732,3309.0,483919,1.0
2026,2026-05-29,823377,31.0,596740,1.0
2026,2026-05-29,824835,2.0,623949,1.0
2026,2026-05-29,824433,5.0,483630,1.0
2026,2026-05-29,822978,12.0,483561,1.0
2026,2026-05-29,823623,3289.0,504381,1.0
2026,2026-05-29,823055,2889.0,607884,1.0
2026,2026-05-29,824594,4.0,427537,1.0
2026,2026-05-29,822894,5325.0,427129,1.0
2026,2026-05-29,824191,2392.0,676581,1.0
2026,2026-05-29,824353,19.0,427139,1.0
2026,2026-05-29,825002,2529.0,427248,1.0
2026,2026-05-29,823135,680.0,427197,1.0
2026,2026-05-29,823946,22.0,676580,1.0
2026,2026-05-30,824593,4.0,483569,1.0
2026,2026-05-30,822731,3309.0,658292,1.0
2026,2026-05-30,822893,5325.0,547380,1.0
2026,2026-05-30,824833,2.0,503077,1.0
2026,2026-05-30,823375,31.0,605673,1.0
2026,2026-05-30,824431,5.0,639723,1.0
2026,2026-05-30,822975,12.0,427315,1.0
2026,2026-05-30,823622,3289.0,596809,1.0
2026,2026-05-30,824190,2392.0,623938,1.0
2026,2026-05-30,823054,2889.0,664263,1.0
2026,2026-05-30,824513,2602.0,427243,1.0
2026,2026-05-30,824352,19.0,483912,1.0
2026,2026-05-30,825000,2529.0,644760,1.0
2026,2026-05-30,823132,680.0,482663,1.0
2026,2026-05-30,823945,22.0,428442,1.0
2026,2026-05-31,824832,2.0,429805,1.0
2026,2026-05-31,822729,3309.0,605670,1.0
2026,2026-05-31,823373,31.0,490319,1.0
2026,2026-05-31,824430,5.0,658536,1.0
2026,2026-05-31,822976,12.0,482631,1.0
2026,2026-05-31,824512,2602.0,521051,1.0
2026,2026-05-31,823621,3289.0,605674,1.0
2026,2026-05-31,824592,4.0,544728,1.0
2026,2026-05-31,824187,2392.0,623946,1.0
2026,2026-05-31,822895,5325.0,608158,1.0
2026,2026-05-31,824354,19.0,621660,1.0
2026,2026-05-31,825001,2529.0,668921,1.0
2026,2026-05-31,823133,680.0,598411,1.0
2026,2026-05-31,823944,22.0,503493,1.0
2026,2026-05-31,823053,2889.0,511890,1.0
2026,2026-06-01,822974,12.0,483564,1.0
2026,2026-06-01,822730,3309.0,427554,1.0
2026,2026-06-01,824510,2602.0,691042,1.0
2026,2026-06-01,823702,3312.0,521251,1.0
2026,2026-06-01,823781,32.0,594151,1.0
2026,2026-06-01,823050,2889.0,482608,1.0
2026,2026-06-01,824027,1.0,665281,1.0
2026,2026-06-01,825078,15.0,427128,1.0
2026,2026-06-01,823131,680.0,605672,1.0
2026,2026-06-02,822971,12.0,483919,1.0
2026,2026-06-02,823460,2681.0,554242,1.0
2026,2026-06-02,824754,3.0,503586,1.0
2026,2026-06-02,822728,3309.0,623945,1.0
2026,2026-06-02,823541,3313.0,503490,1.0
2026,2026-06-02,824511,2602.0,427164,1.0
2026,2026-06-02,824918,4705.0,427533,1.0
2026,2026-06-02,823700,3312.0,483630,1.0
2026,2026-06-02,823782,32.0,607884,1.0
2026,2026-06-02,823052,2889.0,484499,1.0
2026,2026-06-02,824675,17.0,482666,1.0
2026,2026-06-02,824189,2392.0,665299,1.0
2026,2026-06-02,824026,1.0,427344,1.0
2026,2026-06-02,825079,15.0,521889,1.0
2026,2026-06-02,823129,680.0,427248,1.0
2026,2026-06-03,822727,3309.0,484198,1.0
2026,2026-06-03,822973,12.0,658292,1.0
2026,2026-06-03,823701,3312.0,639723,1.0
2026,2026-06-03,823130,680.0,644760,1.0
2026,2026-06-03,823456,2681.0,427537,1.0
2026,2026-06-03,824755,3.0,503502,1.0
2026,2026-06-03,823540,3313.0,427113,1.0
2026,2026-06-03,824509,2602.0,484183,1.0
2026,2026-06-03,824917,4705.0,427129,1.0
2026,2026-06-03,823780,32.0,511890,1.0
2026,2026-06-03,823051,2889.0,665297,1.0
2026,2026-06-03,824671,17.0,596805,1.0
2026,2026-06-03,824188,2392.0,427197,1.0
2026,2026-06-03,824024,1.0,431232,1.0
2026,2026-06-03,825077,15.0,608093,1.0
2026,2026-06-04,823457,2681.0,483569,1.0
2026,2026-06-04,824753,3.0,427243,1.0
2026,2026-06-04,823542,3313.0,676581,1.0
2026,2026-06-04,823779,32.0,664263,1.0
2026,2026-06-04,824919,4705.0,547380,1.0
2026,2026-06-04,823698,3312.0,605670,1.0
2026,2026-06-04,824672,17.0,676580,1.0
2026,2026-06-04,824185,2392.0,482663,1.0
2026,2026-06-04,825076,15.0,490319,1.0
2026,2026-06-05,824673,17.0,605673,1.0
2026,2026-06-05,824271,2394.0,623938,1.0
2026,2026-06-05,823455,2681.0,577468,1.0
2026,2026-06-05,823538,3313.0,503493,1.0
2026,2026-06-05,822810,14.0,544728,1.0
2026,2026-06-05,823860,4169.0,658082,1.0
2026,2026-06-05,824914,4705.0,594151,1.0
2026,2026-06-05,824186,2392.0,521051,1.0
2026,2026-06-05,823049,2889.0,482620,1.0
2026,2026-06-05,822892,5325.0,598411,1.0
2026,2026-06-05,823699,3312.0,483564,1.0
2026,2026-06-05,824350,19.0,427128,1.0
2026,2026-06-05,825073,15.0,427292,1.0
2026,2026-06-05,823293,2680.0,489985,1.0
2026,2026-06-05,823943,22.0,668921,1.0
2026,2026-06-06,824269,2394.0,503490,1.0
2026,2026-06-06,823697,3312.0,483919,1.0
2026,2026-06-06,823048,2889.0,521251,1.0
2026,2026-06-06,824669,17.0,691042,1.0
2026,2026-06-06,822808,14.0,554242,1.0
2026,2026-06-06,823454,2681.0,427554,1.0
2026,2026-06-06,825075,15.0,482608,1.0
2026,2026-06-06,824184,2392.0,503586,1.0
2026,2026-06-06,824915,4705.0,607884,1.0
2026,2026-06-06,823859,4169.0,427533,1.0
2026,2026-06-06,822891,5325.0,665299,1.0
2026,2026-06-06,824351,19.0,521889,1.0
2026,2026-06-06,823942,22.0,605672,1.0
2026,2026-06-06,823292,2680.0,665281,1.0
2026,2026-08-29,823539,3313.0,0,0.0
2026,2026-06-07,824916,4705.0,511890,1.0
2026,2026-06-07,823453,2681.0,623945,1.0
2026,2026-06-07,823537,3313.0,482666,1.0
2026,2026-06-07,822807,14.0,427537,1.0
2026,2026-06-07,824268,2394.0,427113,1.0
2026,2026-06-07,823857,4169.0,427129,1.0
2026,2026-06-07,824183,2392.0,503502,1.0
2026,2026-06-07,823696,3312.0,575629,1.0
2026,2026-06-07,823047,2889.0,483630,1.0
2026,2026-06-07,822890,5325.0,427197,1.0
2026,2026-06-07,824349,19.0,608093,1.0
2026,2026-06-07,825074,15.0,484499,1.0
2026,2026-06-07,823941,22.0,427248,1.0
2026,2026-06-07,823291,2680.0,431232,1.0
2026,2026-06-07,824670,17.0,484183,1.0
2026,2026-06-08,824829,2.0,573597,1.0
2026,2026-06-08,822972,12.0,484198,1.0
2026,2026-06-08,824427,5.0,608158,1.0
2026,2026-06-08,822806,14.0,596740,1.0
2026,2026-06-08,824025,1.0,665297,1.0
2026,2026-06-08,823289,2680.0,483561,1.0
2026,2026-06-08,823218,2395.0,644760,1.0
2026,2026-06-08,824998,5355.0,623949,1.0
2026,2026-06-09,824830,2.0,427139,1.0
2026,2026-06-09,823374,31.0,639723,1.0
2026,2026-06-09,822969,12.0,577468,1.0
2026,2026-06-09,824267,2394.0,427013,1.0
2026,2026-06-09,823858,4169.0,664263,1.0
2026,2026-06-09,824429,5.0,658082,1.0
2026,2026-06-09,822805,14.0,605673,1.0
2026,2026-06-09,823620,3289.0,427128,1.0
2026,2026-06-09,824105,7.0,676581,1.0
2026,2026-06-09,824591,4.0,485856,1.0
2026,2026-06-09,824347,19.0,482663,1.0
2026,2026-06-09,824023,1.0,665302,1.0
2026,2026-06-09,823290,2680.0,623946,1.0
2026,2026-06-09,823214,2395.0,668921,1.0
2026,2026-06-09,824999,5355.0,503077,1.0
2026,2026-06-10,822970,12.0,427554,1.0
2026,2026-06-10,824428,5.0,427533,1.0
2026,2026-06-10,823215,2395.0,605672,1.0
2026,2026-06-10,823287,2680.0,427315,1.0
2026,2026-06-10,824831,2.0,483912,1.0
2026,2026-06-10,823372,31.0,681849,1.0
2026,2026-06-10,824266,2394.0,504381,1.0
2026,2026-06-10,823856,4169.0,594151,1.0
2026,2026-06-10,822804,14.0,691042,1.0
2026,2026-06-10,823618,3289.0,521889,1.0
2026,2026-06-10,824103,7.0,623938,1.0
2026,2026-06-10,824590,4.0,489985,1.0
2026,2026-06-10,824348,19.0,598411,1.0
2026,2026-06-10,824996,5355.0,665576,1.0
2026,2026-06-10,824022,1.0,427292,1.0
2026,2026-06-11,823619,3289.0,482608,1.0
2026,2026-06-11,824265,2394.0,596809,1.0
2026,2026-06-11,823855,4169.0,607884,1.0
2026,2026-06-11,824101,7.0,503490,1.0
2026,2026-06-11,824346,19.0,665299,1.0
2026,2026-06-11,823371,31.0,482620,1.0
2026,2026-06-11,824827,2.0,621660,1.0
2026,2026-08-20,824589,4.0,0,0.0
2026,2026-06-12,823370,31.0,608093,1.0
2026,2026-06-12,822726,3309.0,484183,1.0
2026,2026-06-12,824826,2.0,521251,1.0
2026,2026-06-12,824425,5.0,573597,1.0
2026,2026-06-12,824752,3.0,665281,1.0
2026,2026-06-12,824507,2602.0,623945,1.0
2026,2026-06-12,823617,3289.0,545402,1.0
2026,2026-06-12,822803,14.0,483630,1.0
2026,2026-06-12,824588,4.0,484499,1.0
2026,2026-06-12,823778,32.0,431232,1.0
2026,2026-06-12,824102,7.0,427129,1.0
2026,2026-06-12,823695,3312.0,427248,1.0
2026,2026-06-12,824020,1.0,427197,1.0
2026,2026-06-12,824997,5355.0,482631,1.0
2026,2026-06-12,823211,2395.0,429805,1.0
2026,2026-06-13,823694,3312.0,644760,1.0
2026,2026-06-13,822802,14.0,594151,1.0
2026,2026-06-13,824828,2.0,639723,1.0
2026,2026-06-13,822725,3309.0,596740,1.0
2026,2026-06-13,823369,31.0,427128,1.0
2026,2026-06-13,824508,2602.0,427013,1.0
2026,2026-06-13,824426,5.0,427139,1.0
2026,2026-06-13,824749,3.0,427344,1.0
2026,2026-06-13,823616,3289.0,484198,1.0
2026,2026-06-13,824587,4.0,665297,1.0
2026,2026-06-13,824100,7.0,608158,1.0
2026,2026-06-13,823776,32.0,676581,1.0
2026,2026-06-13,824995,5355.0,483561,1.0
2026,2026-06-13,823213,2395.0,658325,1.0
2026,2026-06-13,824019,1.0,482663,1.0
2026,2026-06-14,823368,31.0,521889,1.0
2026,2026-06-14,824823,2.0,681849,1.0
2026,2026-06-14,822722,3309.0,605673,1.0
2026,2026-06-14,822801,14.0,676580,1.0
2026,2026-06-14,824506,2602.0,665298,1.0
2026,2026-06-14,823615,3289.0,577468,1.0
2026,2026-06-14,824099,7.0,658082,1.0
2026,2026-06-14,823693,3312.0,668921,1.0
2026,2026-06-14,824586,4.0,665302,1.0
2026,2026-06-14,823777,32.0,623938,1.0
2026,2026-06-14,824994,5355.0,623946,1.0
2026,2026-06-14,823212,2395.0,623949,1.0
2026,2026-06-14,824021,1.0,598411,1.0
2026,2026-06-14,824751,3.0,485856,1.0
2026,2026-09-04,824424,5.0,0,0.0
2026,2026-06-15,823452,2681.0,503586,1.0
2026,2026-06-15,822724,3309.0,489985,1.0
2026,2026-06-15,824505,2602.0,427533,1.0
2026,2026-06-15,823046,2889.0,427113,1.0
2026,2026-06-15,824666,17.0,428442,1.0
2026,2026-06-15,822887,5325.0,658292,1.0
2026,2026-06-15,824181,2392.0,607884,1.0
2026,2026-06-15,825071,15.0,483569,1.0
2026,2026-06-15,824993,2529.0,605671,1.0
2026,2026-06-15,823938,22.0,605670,1.0
2026,2026-06-16,823451,2681.0,503493,1.0
2026,2026-06-16,822723,3309.0,431232,1.0
2026,2026-06-16,824750,3.0,427292,1.0
2026,2026-06-16,823535,3313.0,483912,1.0
2026,2026-06-16,824504,2602.0,547380,1.0
2026,2026-06-16,824912,4705.0,490319,1.0
2026,2026-06-16,823775,32.0,596809,1.0
2026,2026-06-16,823045,2889.0,544728,1.0
2026,2026-06-16,824667,17.0,691042,1.0
2026,2026-06-16,822888,5325.0,427315,1.0
2026,2026-06-16,824182,2392.0,482641,1.0
2026,2026-06-16,825070,15.0,554242,1.0
2026,2026-06-16,824991,2529.0,427197,1.0
2026,2026-06-16,823128,680.0,503077,1.0
2026,2026-06-16,823939,22.0,483564,1.0
2026,2026-06-17,824503,2602.0,608158,1.0
2026,2026-06-17,822721,3309.0,427344,1.0
2026,2026-06-17,823450,2681.0,665298,1.0
2026,2026-06-17,824178,2392.0,511890,1.0
2026,2026-06-17,823044,2889.0,676581,1.0
2026,2026-06-17,823940,22.0,483919,1.0
2026,2026-06-17,825072,15.0,668921,1.0
2026,2026-06-17,824746,3.0,482608,1.0
2026,2026-06-17,823536,3313.0,621660,1.0
2026,2026-06-17,824913,4705.0,608093,1.0
2026,2026-06-17,823774,32.0,605674,1.0
2026,2026-06-17,824668,17.0,596805,1.0
2026,2026-06-17,824992,2529.0,482663,1.0
2026,2026-06-17,823127,680.0,429805,1.0
2026,2026-06-18,824748,3.0,484499,1.0
2026,2026-06-18,823772,32.0,427013,1.0
2026,2026-06-18,822889,5325.0,482631,1.0
2026,2026-06-18,823125,680.0,658325,1.0
2026,2026-06-18,823448,2681.0,665281,1.0
2026,2026-06-18,823533,3313.0,573597,1.0
2026,2026-06-18,824098,7.0,503502,1.0
2026,2026-06-18,824989,2529.0,575629,1.0
2026,2026-08-31,824911,4705.0,0,0.0
2026,2026-06-19,824663,17.0,483561,1.0
2026,2026-06-19,824264,2394.0,427128,1.0
2026,2026-06-19,823534,3313.0,503490,1.0
2026,2026-06-19,822966,12.0,504381,1.0
2026,2026-06-19,823853,4169.0,658082,1.0
2026,2026-06-19,824910,4705.0,665297,1.0
2026,2026-06-19,822886,5325.0,621660,1.0
2026,2026-06-19,824179,2392.0,427537,1.0
2026,2026-06-19,824097,7.0,503586,1.0
2026,2026-06-19,824345,19.0,623949,1.0
2026,2026-06-19,824990,2529.0,605670,1.0
2026,2026-06-19,825069,15.0,482666,1.0
2026,2026-06-19,823936,22.0,598411,1.0
2026,2026-06-19,823124,680.0,676580,1.0
2026,2026-06-20,824263,2394.0,521889,1.0
2026,2026-06-20,823532,3313.0,427113,1.0
2026,2026-06-20,824665,17.0,623946,1.0
2026,2026-06-20,822885,5325.0,427139,1.0
2026,2026-06-20,822967,12.0,596809,1.0
2026,2026-06-20,823854,4169.0,427533,1.0
2026,2026-06-20,824909,4705.0,427292,1.0
2026,2026-06-20,824180,2392.0,483569,1.0
2026,2026-06-20,823447,2681.0,489985,1.0
2026,2026-06-20,824342,19.0,503077,1.0
2026,2026-06-20,824988,2529.0,483564,1.0
2026,2026-06-20,823937,22.0,605671,1.0
2026,2026-06-20,823126,680.0,607884,1.0
2026,2026-06-20,825068,15.0,428442,1.0
2026,2026-06-21,823531,3313.0,544728,1.0
2026,2026-06-21,824908,4705.0,482608,1.0
2026,2026-06-21,822968,12.0,605674,1.0
2026,2026-06-21,824260,2394.0,490319,1.0
2026,2026-06-21,823852,4169.0,547380,1.0
2026,2026-06-21,824177,2392.0,554242,1.0
2026,2026-06-21,824095,7.0,503493,1.0
2026,2026-06-21,822883,5325.0,483912,1.0
2026,2026-06-21,824343,19.0,429805,1.0
2026,2026-06-21,825067,15.0,691042,1.0
2026,2026-06-21,824987,2529.0,483919,1.0
2026,2026-06-21,823934,22.0,658292,1.0
2026,2026-06-21,823123,680.0,482641,1.0
2026,2026-06-21,823449,2681.0,665302,1.0
2026,2026-08-06,824664,17.0,0,0.0
2026,2026-06-22,824261,2394.0,427554,1.0
2026,2026-06-22,822964,12.0,573597,1.0
2026,2026-06-22,823851,4169.0,484183,1.0
2026,2026-06-22,822720,3309.0,605672,1.0
2026,2026-06-22,822800,14.0,427344,1.0
2026,2026-06-22,824502,2602.0,658325,1.0
2026,2026-06-22,823692,3312.0,427013,1.0
2026,2026-06-22,824585,4.0,521051,1.0
2026,2026-06-22,823040,2889.0,608158,1.0
2026,2026-06-22,824344,19.0,482620,1.0
2026,2026-06-22,824016,1.0,596805,1.0
2026,2026-06-22,823288,2680.0,575629,1.0
2026,2026-06-24,823613,3289.0,658536,1.0
2026,2026-06-23,822799,14.0,665281,1.0
2026,2026-06-23,823365,31.0,427537,1.0
2026,2026-06-23,822963,12.0,427139,1.0
2026,2026-06-23,823849,4169.0,596740,1.0
2026,2026-06-23,824262,2394.0,623945,1.0
2026,2026-06-23,822718,3309.0,427248,1.0
2026,2026-06-23,823614,3289.0,608093,1.0
2026,2026-06-23,824501,2602.0,623949,1.0
2026,2026-06-23,823690,3312.0,504381,1.0
2026,2026-06-23,824584,4.0,503502,1.0
2026,2026-06-23,823043,2889.0,658082,1.0
2026,2026-06-23,824340,19.0,521251,1.0
2026,2026-06-23,824017,1.0,482666,1.0
2026,2026-06-23,823286,2680.0,605670,1.0
2026,2026-06-23,823210,2395.0,511890,1.0
2026,2026-06-24,823850,4169.0,676581,1.0
2026,2026-06-24,823611,3289.0,521889,1.0
2026,2026-06-24,824583,4.0,503586,1.0
2026,2026-06-24,824341,19.0,639723,1.0
2026,2026-06-24,824018,1.0,428442,1.0
2026,2026-06-24,823367,31.0,483569,1.0
2026,2026-06-24,822965,12.0,483912,1.0
2026,2026-06-24,824259,2394.0,484198,1.0
2026,2026-06-24,822719,3309.0,644760,1.0
2026,2026-06-24,822798,14.0,489985,1.0
2026,2026-06-24,824500,2602.0,503077,1.0
2026,2026-06-24,823691,3312.0,596809,1.0
2026,2026-06-24,823041,2889.0,427129,1.0
2026,2026-06-24,823284,2680.0,483564,1.0
2026,2026-06-24,823208,2395.0,594151,1.0
2026,2026-06-25,822961,12.0,621660,1.0
2026,2026-06-25,823366,31.0,554242,1.0
2026,2026-06-25,823209,2395.0,607884,1.0
2026,2026-06-25,824258,2394.0,605674,1.0
2026,2026-06-25,822717,3309.0,665299,1.0
2026,2026-06-25,822797,14.0,577468,1.0
2026,2026-06-25,823612,3289.0,490319,1.0
2026,2026-06-25,824747,3.0,429805,1.0
2026,2026-07-23,823042,2889.0,0,0.0
2026,2026-06-26,824255,2394.0,427013,1.0
2026,2026-06-26,823363,31.0,605672,1.0
2026,2026-06-26,824824,2.0,605673,1.0
2026,2026-06-26,822796,14.0,427554,1.0
2026,2026-06-26,824423,5.0,427533,1.0
2026,2026-06-26,822962,12.0,431232,1.0
2026,2026-06-26,823610,3289.0,573597,1.0
2026,2026-06-26,824743,3.0,658325,1.0
2026,2026-06-26,824582,4.0,503493,1.0
2026,2026-06-26,823773,32.0,544728,1.0
2026,2026-06-26,823688,3312.0,483919,1.0
2026,2026-06-26,823039,2889.0,608093,1.0
2026,2026-06-26,824014,1.0,665302,1.0
2026,2026-06-26,823285,2680.0,482641,1.0
2026,2026-06-26,823206,2395.0,483630,1.0
2026,2026-06-27,824257,2394.0,504381,1.0
2026,2026-06-27,824745,3.0,623949,1.0
2026,2026-06-27,822794,14.0,623945,1.0
2026,2026-06-27,823364,31.0,427248,1.0
2026,2026-06-27,823609,3289.0,427139,1.0
2026,2026-06-27,824581,4.0,596805,1.0
2026,2026-06-27,822960,12.0,427344,1.0
2026,2026-06-27,824825,2.0,484183,1.0
2026,2026-06-27,824421,5.0,547380,1.0
2026,2026-06-27,823689,3312.0,575629,1.0
2026,2026-06-27,823770,32.0,427537,1.0
2026,2026-06-27,823038,2889.0,658536,1.0
2026,2026-06-27,823283,2680.0,511890,1.0
2026,2026-06-27,823207,2395.0,482620,1.0
2026,2026-06-27,824015,1.0,521051,1.0
2026,2026-06-28,824821,2.0,596740,1.0
2026,2026-06-28,823362,31.0,644760,1.0
2026,2026-06-28,822795,14.0,484198,1.0
2026,2026-06-28,824256,2394.0,596809,1.0
2026,2026-06-28,824422,5.0,608158,1.0
2026,2026-06-28,822959,12.0,665281,1.0
2026,2026-06-28,823608,3289.0,483912,1.0
2026,2026-06-28,823686,3312.0,605670,1.0
2026,2026-06-28,824580,4.0,482666,1.0
2026,2026-06-28,823769,32.0,483569,1.0
2026,2026-06-28,823037,2889.0,521889,1.0
2026,2026-06-28,824011,1.0,521251,1.0
2026,2026-06-28,823204,2395.0,691042,1.0
2026,2026-06-28,823281,2680.0,594151,1.0
2026,2026-06-28,824744,3.0,503077,1.0
2026,2026-06-29,824822,2.0,427129,1.0
2026,2026-06-29,823444,2681.0,427164,1.0
2026,2026-06-29,823529,3313.0,427315,1.0
2026,2026-06-29,822792,14.0,428442,1.0
2026,2026-06-29,824741,3.0,554242,1.0
2026,2026-06-29,824420,5.0,623938,1.0
2026,2026-06-29,823771,32.0,483564,1.0
2026,2026-06-29,824662,17.0,605674,1.0
2026,2026-06-29,824176,2392.0,639723,1.0
2026,2026-06-29,824339,19.0,607884,1.0
2026,2026-06-29,824986,2529.0,484499,1.0
2026,2026-06-29,823121,680.0,427197,1.0
2026,2026-06-29,825065,15.0,503586,1.0
2026,2026-06-30,824819,2.0,427533,1.0
2026,2026-06-30,824418,5.0,427366,1.0
2026,2026-06-30,823445,2681.0,605673,1.0
2026,2026-06-30,823528,3313.0,482631,1.0
2026,2026-06-30,822793,14.0,503493,1.0
2026,2026-06-30,824742,3.0,544728,1.0
2026,2026-06-30,824907,4705.0,577468,1.0
2026,2026-06-30,824096,7.0,490319,1.0
2026,2026-06-30,823768,32.0,483919,1.0
2026,2026-06-30,824661,17.0,605672,1.0
2026,2026-06-30,824175,2392.0,483630,1.0
2026,2026-06-30,824338,19.0,511890,1.0
2026,2026-06-30,824984,2529.0,676580,1.0
2026,2026-06-30,823122,680.0,598411,1.0
2026,2026-06-30,825066,15.0,503502,1.0
2026,2026-07-01,824818,2.0,547380,1.0
2026,2026-07-01,824419,5.0,503490,1.0
2026,2026-07-01,824740,3.0,427537,1.0
2026,2026-07-01,823530,3313.0,483561,1.0
2026,2026-07-01,824660,17.0,427248,1.0
2026,2026-07-01,822791,14.0,596805,1.0
2026,2026-07-01,823446,2681.0,484183,1.0
2026,2026-07-01,824905,4705.0,427554,1.0
2026,2026-07-01,824094,7.0,608093,1.0
2026,2026-07-01,824174,2392.0,482620,1.0
2026,2026-07-01,823767,32.0,665576,1.0
2026,2026-07-01,824337,19.0,665298,1.0
2026,2026-07-01,824985,2529.0,665297,1.0
2026,2026-07-01,825064,15.0,521051,1.0
2026,2026-07-02,823442,2681.0,596740,1.0
2026,2026-07-02,823765,32.0,605670,1.0
2026,2026-07-02,824335,19.0,594151,1.0
2026,2026-07-02,824416,5.0,483569,1.0
2026,2026-07-02,824906,4705.0,484198,1.0
2026,2026-07-02,824093,7.0,658536,1.0
2026,2026-07-02,822884,5325.0,691042,1.0
2026,2026-07-02,823119,680.0,605671,1.0
2026,2026-07-02,823935,22.0,521251,1.0
2026,2026-07-03,824659,17.0,483564,1.0
2026,2026-07-03,822714,3309.0,608158,1.0
2026,2026-07-03,823527,3313.0,482666,1.0
2026,2026-07-03,824498,2602.0,427113,1.0
2026,2026-07-03,824417,5.0,554242,1.0
2026,2026-07-03,824904,4705.0,623946,1.0
2026,2026-07-03,824336,19.0,427292,1.0
2026,2026-07-03,824173,2392.0,427164,1.0
2026,2026-07-03,824013,1.0,644760,1.0
2026,2026-07-03,824982,2529.0,427128,1.0
2026,2026-07-03,825062,15.0,482663,1.0
2026,2026-07-03,823933,22.0,503586,1.0
2026,2026-07-03,823120,680.0,607884,1.0
2026,2026-07-04,822716,3309.0,427129,1.0
2026,2026-07-04,823526,3313.0,428442,1.0
2026,2026-07-04,822882,5325.0,639723,1.0
2026,2026-07-04,823118,680.0,511890,1.0
2026,2026-07-04,824499,2602.0,623938,1.0
2026,2026-07-04,824171,2392.0,605673,1.0
2026,2026-07-04,824415,5.0,544728,1.0
2026,2026-07-04,824658,17.0,483919,1.0
2026,2026-07-04,824903,4705.0,427315,1.0
2026,2026-07-04,824334,19.0,482608,1.0
2026,2026-07-04,824092,7.0,623945,1.0
2026,2026-07-04,824012,1.0,676580,1.0
2026,2026-07-04,824983,2529.0,490319,1.0
2026,2026-07-04,825063,15.0,427197,1.0
2026,2026-07-04,823932,22.0,503502,1.0
2026,2026-07-05,824902,4705.0,482631,1.0
2026,2026-07-05,822715,3309.0,427533,1.0
2026,2026-07-05,824497,2602.0,427366,1.0
2026,2026-07-05,823525,3313.0,503493,1.0
2026,2026-07-05,824413,5.0,427537,1.0
2026,2026-07-05,824656,17.0,665576,1.0
2026,2026-07-05,824091,7.0,577468,1.0
2026,2026-07-05,824172,2392.0,484183,1.0
2026,2026-07-05,822879,5325.0,483630,1.0
2026,2026-07-05,824333,19.0,665297,1.0
2026,2026-07-05,825061,15.0,598411,1.0
2026,2026-07-05,824980,2529.0,608093,1.0
2026,2026-07-05,823117,680.0,665298,1.0
2026,2026-07-05,823931,22.0,521051,1.0
2026,2026-07-05,824010,1.0,605672,1.0
2026,2026-07-06,824089,7.0,484198,1.0
2026,2026-07-06,822958,12.0,621660,1.0
2026,2026-07-06,822712,3309.0,605670,1.0
2026,2026-07-06,824900,4705.0,483561,1.0
2026,2026-07-06,823036,2889.0,664263,1.0
2026,2026-07-06,823282,2680.0,605674,1.0
2026,2026-07-06,823205,2395.0,658536,1.0
2026,2026-07-06,823930,22.0,427248,1.0
2026,2026-07-07,823035,2889.0,503077,1.0
2026,2026-07-07,824820,2.0,594151,1.0
2026,2026-07-07,824254,2394.0,427554,1.0
2026,2026-07-07,823361,31.0,483569,1.0
2026,2026-07-07,823847,4169.0,503490,1.0
2026,2026-07-07,822956,12.0,573597,1.0
2026,2026-07-07,822713,3309.0,575629,1.0
2026,2026-07-07,823607,3289.0,427292,1.0
2026,2026-07-07,824495,2602.0,623946,1.0
2026,2026-07-07,823687,3312.0,427243,1.0
2026,2026-07-07,824579,4.0,605671,1.0
2026,2026-07-07,822881,5325.0,489985,1.0
2026,2026-07-07,823280,2680.0,427013,1.0
2026,2026-07-07,823203,2395.0,427128,1.0
2026,2026-07-07,823929,22.0,644760,1.0
2026,2026-07-08,823202,2395.0,521889,1.0
2026,2026-07-08,824815,2.0,482641,1.0
2026,2026-07-08,824253,2394.0,623945,1.0
2026,2026-07-08,823360,31.0,554242,1.0
2026,2026-07-08,823848,4169.0,427113,1.0
2026,2026-07-08,822957,12.0,427139,1.0
2026,2026-07-08,822710,3309.0,483919,1.0
2026,2026-07-08,823605,3289.0,658325,1.0
2026,2026-07-08,824496,2602.0,427315,1.0
2026,2026-07-08,823684,3312.0,596809,1.0
2026,2026-07-08,824578,4.0,482663,1.0
2026,2026-07-08,823032,2889.0,668921,1.0
2026,2026-07-08,822880,5325.0,431232,1.0
2026,2026-07-08,823928,22.0,676580,1.0
2026,2026-07-08,823279,2680.0,691042,1.0
2026,2026-07-09,823359,31.0,544728,1.0
2026,2026-07-09,823606,3289.0,484499,1.0
2026,2026-07-09,822954,12.0,483912,1.0
2026,2026-07-09,824816,2.0,607884,1.0
2026,2026-07-09,823683,3312.0,503502,1.0
2026,2026-07-09,824577,4.0,427197,1.0
2026,2026-07-09,824251,2394.0,577468,1.0
2026,2026-07-09,823846,4169.0,623938,1.0
2026,2026-07-09,824494,2602.0,482631,1.0
2026,2026-07-09,823034,2889.0,429805,1.0
2026,2026-07-09,822877,5325.0,427344,1.0
2026,2026-07-09,823277,2680.0,504381,1.0
2026,2026-07-09,823201,2395.0,608093,1.0
2026,2026-07-10,824252,2394.0,427537,1.0
2026,2026-07-10,822709,3309.0,598411,1.0
2026,2026-07-10,824817,2.0,521051,1.0
2026,2026-07-10,824493,2602.0,427554,1.0
2026,2026-07-10,822955,12.0,665297,1.0
2026,2026-07-10,823845,4169.0,665281,1.0
2026,2026-07-10,823604,3289.0,484198,1.0
2026,2026-07-10,824575,4.0,621660,1.0
2026,2026-07-10,822878,5325.0,511890,1.0
2026,2026-07-10,823685,3312.0,427366,1.0
2026,2026-07-10,823033,2889.0,605672,1.0
2026,2026-07-10,823278,2680.0,623949,1.0
2026,2026-07-10,823927,22.0,658536,1.0
2026,2026-07-10,823200,2395.0,605674,1.0
2026,2026-07-11,823357,31.0,483561,1.0
2026,2026-07-11,823356,31.0,623946,1.0
2026,2026-07-11,823682,3312.0,503490,1.0
2026,2026-07-11,824576,4.0,573597,1.0
2026,2026-07-11,823198,2395.0,427013,1.0
2026,2026-07-11,822711,3309.0,605671,1.0
2026,2026-07-11,823603,3289.0,665576,1.0
2026,2026-07-11,822953,12.0,427292,1.0
2026,2026-07-11,823844,4169.0,489985,1.0
2026,2026-07-11,824249,2394.0,483569,1.0
2026,2026-07-11,824813,2.0,427243,1.0
2026,2026-07-11,822875,5325.0,594151,1.0
2026,2026-07-11,824492,2602.0,605670,1.0
2026,2026-07-11,823030,2889.0,427248,1.0
2026,2026-07-11,823276,2680.0,503077,1.0
2026,2026-07-11,823926,22.0,427128,1.0
2026,2026-07-12,823358,31.0,427315,1.0
2026,2026-07-12,824814,2.0,596809,1.0
2026,2026-07-12,822708,3309.0,482663,1.0
2026,2026-07-12,824491,2602.0,623945,1.0
2026,2026-07-12,823602,3289.0,575629,1.0
2026,2026-07-12,822951,12.0,658292,1.0
2026,2026-07-12,824250,2394.0,554242,1.0
2026,2026-07-12,823842,4169.0,431232,1.0
2026,2026-07-12,823681,3312.0,427113,1.0
2026,2026-07-12,824574,4.0,427139,1.0
2026,2026-07-12,823029,2889.0,644760,1.0
2026,2026-07-12,822876,5325.0,482641,1.0
2026,2026-07-12,823199,2395.0,691042,1.0
2026,2026-07-12,823925,22.0,521889,1.0
2026,2026-07-12,823274,2680.0,668921,1.0
2026,2026-07-16,823440,2681.0,0,0.0
2026,2026-07-17,824737,3.0,0,0.0
2026,2026-07-17,823524,3313.0,0,0.0
2026,2026-07-17,824414,5.0,0,0.0
2026,2026-07-17,824901,4705.0,0,0.0
2026,2026-07-17,822789,14.0,0,0.0
2026,2026-07-17,823766,32.0,0,0.0
2026,2026-07-17,824655,17.0,0,0.0
2026,2026-07-17,824170,2392.0,0,0.0
2026,2026-07-17,824090,7.0,0,0.0
2026,2026-07-17,824332,19.0,0,0.0
2026,2026-07-17,824009,1.0,0,0.0
2026,2026-07-17,824981,2529.0,0,0.0
2026,2026-07-17,825060,15.0,0,0.0
2026,2026-07-17,823115,680.0,0,0.0
2026,2026-07-18,824657,17.0,0,0.0
2026,2026-07-18,822790,14.0,0,0.0
2026,2026-07-18,824331,19.0,0,0.0
2026,2026-07-18,823441,2681.0,0,0.0
2026,2026-07-18,824169,2392.0,0,0.0
2026,2026-07-18,824412,5.0,0,0.0
2026,2026-07-18,824088,7.0,0,0.0
2026,2026-07-18,825059,15.0,0,0.0
2026,2026-07-18,824738,3.0,0,0.0
2026,2026-07-18,824899,4705.0,0,0.0
2026,2026-07-18,823763,32.0,0,0.0
2026,2026-07-18,823116,680.0,0,0.0
2026,2026-07-18,823523,3313.0,0,0.0
2026,2026-07-18,824979,2529.0,0,0.0
2026,2026-07-18,824008,1.0,0,0.0
2026,2026-07-19,822786,14.0,0,0.0
2026,2026-07-19,824739,3.0,0,0.0
2026,2026-07-19,823439,2681.0,0,0.0
2026,2026-07-19,824897,4705.0,0,0.0
2026,2026-07-19,824411,5.0,0,0.0
2026,2026-07-19,824168,2392.0,0,0.0
2026,2026-07-19,824086,7.0,0,0.0
2026,2026-07-19,823764,32.0,0,0.0
2026,2026-07-19,824653,17.0,0,0.0
2026,2026-07-19,824330,19.0,0,0.0
2026,2026-07-19,824978,2529.0,0,0.0
2026,2026-07-19,824007,1.0,0,0.0
2026,2026-07-19,823113,680.0,0,0.0
2026,2026-07-19,825057,15.0,0,0.0
2026,2026-07-19,823521,3313.0,0,0.0
2026,2026-07-20,824410,5.0,0,0.0
2026,2026-07-20,823522,3313.0,0,0.0
2026,2026-07-20,822788,14.0,0,0.0
2026,2026-07-20,824736,3.0,0,0.0
2026,2026-07-20,823436,2681.0,0,0.0
2026,2026-07-20,824898,4705.0,0,0.0
2026,2026-07-20,824087,7.0,0,0.0
2026,2026-07-20,823762,32.0,0,0.0
2026,2026-07-20,824654,17.0,0,0.0
2026,2026-07-20,822874,5325.0,0,0.0
2026,2026-07-20,824167,2392.0,0,0.0
2026,2026-07-20,824328,19.0,0,0.0
2026,2026-07-20,825058,15.0,0,0.0
2026,2026-07-20,823112,680.0,0,0.0
2026,2026-07-20,824006,1.0,0,0.0
2026,2026-07-21,824409,5.0,0,0.0
2026,2026-07-21,823437,2681.0,0,0.0
2026,2026-07-21,823519,3313.0,0,0.0
2026,2026-07-21,822787,14.0,0,0.0
2026,2026-07-21,824735,3.0,0,0.0
2026,2026-07-21,824895,4705.0,0,0.0
2026,2026-07-21,824085,7.0,0,0.0
2026,2026-07-21,823760,32.0,0,0.0
2026,2026-07-21,824652,17.0,0,0.0
2026,2026-07-21,822871,5325.0,0,0.0
2026,2026-07-21,824165,2392.0,0,0.0
2026,2026-07-21,824329,19.0,0,0.0
2026,2026-07-21,824005,1.0,0,0.0
2026,2026-07-21,825056,15.0,0,0.0
2026,2026-07-21,823114,680.0,0,0.0
2026,2026-07-22,823518,3313.0,0,0.0
2026,2026-07-22,824083,7.0,0,0.0
2026,2026-07-22,823761,32.0,0,0.0
2026,2026-07-22,824327,19.0,0,0.0
2026,2026-07-22,825055,15.0,0,0.0
2026,2026-07-22,823110,680.0,0,0.0
2026,2026-07-22,824004,1.0,0,0.0
2026,2026-07-22,824408,5.0,0,0.0
2026,2026-07-22,823438,2681.0,0,0.0
2026,2026-07-22,822784,14.0,0,0.0
2026,2026-07-22,824732,3.0,0,0.0
2026,2026-07-22,824896,4705.0,0,0.0
2026,2026-07-22,822873,5325.0,0,0.0
2026,2026-07-22,824650,17.0,0,0.0
2026,2026-07-22,824166,2392.0,0,0.0
2026,2026-07-23,824893,4705.0,0,0.0
2026,2026-07-23,824406,5.0,0,0.0
2026,2026-07-23,822785,14.0,0,0.0
2026,2026-07-23,824247,2394.0,0,0.0
2026,2026-07-24,823759,32.0,0,0.0
2026,2026-07-24,824248,2394.0,0,0.0
2026,2026-07-24,823352,31.0,0,0.0
2026,2026-07-24,822707,3309.0,0,0.0
2026,2026-07-24,823434,2681.0,0,0.0
2026,2026-07-24,824812,2.0,0,0.0
2026,2026-07-24,823601,3289.0,0,0.0
2026,2026-07-24,822952,12.0,0,0.0
2026,2026-07-24,823843,4169.0,0,0.0
2026,2026-07-24,824733,3.0,0,0.0
2026,2026-07-24,824573,4.0,0,0.0
2026,2026-07-24,822872,5325.0,0,0.0
2026,2026-07-24,823680,3312.0,0,0.0
2026,2026-07-24,823031,2889.0,0,0.0
2026,2026-07-24,823196,2395.0,0,0.0
2026,2026-07-25,824244,2394.0,0,0.0
2026,2026-07-25,822704,3309.0,0,0.0
2026,2026-07-25,823197,2395.0,0,0.0
2026,2026-07-25,824734,3.0,0,0.0
2026,2026-07-25,823841,4169.0,0,0.0
2026,2026-07-25,823435,2681.0,0,0.0
2026,2026-07-25,822948,12.0,0,0.0
2026,2026-07-25,823355,31.0,0,0.0
2026,2026-07-25,824811,2.0,0,0.0
2026,2026-07-25,823679,3312.0,0,0.0
2026,2026-07-25,824571,4.0,0,0.0
2026,2026-07-25,823758,32.0,0,0.0
2026,2026-07-25,823600,3289.0,0,0.0
2026,2026-07-25,823027,2889.0,0,0.0
2026,2026-07-25,822869,5325.0,0,0.0
2026,2026-07-26,822950,12.0,0,0.0
2026,2026-07-26,822706,3309.0,0,0.0
2026,2026-07-26,823354,31.0,0,0.0
2026,2026-07-26,824730,3.0,0,0.0
2026,2026-07-26,824810,2.0,0,0.0
2026,2026-07-26,824246,2394.0,0,0.0
2026,2026-07-26,823599,3289.0,0,0.0
2026,2026-07-26,823840,4169.0,0,0.0
2026,2026-07-26,823678,3312.0,0,0.0
2026,2026-07-26,824572,4.0,0,0.0
2026,2026-07-26,823755,32.0,0,0.0
2026,2026-07-26,823028,2889.0,0,0.0
2026,2026-07-26,822870,5325.0,0,0.0
2026,2026-07-26,823194,2395.0,0,0.0
2026,2026-07-26,823433,2681.0,0,0.0
2026,2026-07-27,822868,5325.0,0,0.0
2026,2026-07-27,824245,2394.0,0,0.0
2026,2026-07-27,823353,31.0,0,0.0
2026,2026-07-27,823839,4169.0,0,0.0
2026,2026-07-27,822705,3309.0,0,0.0
2026,2026-07-27,824490,2602.0,0,0.0
2026,2026-07-27,823597,3289.0,0,0.0
2026,2026-07-27,824570,4.0,0,0.0
2026,2026-07-27,823025,2889.0,0,0.0
2026,2026-07-27,824001,1.0,0,0.0
2026,2026-07-27,824977,2529.0,0,0.0
2026,2026-07-27,823195,2395.0,0,0.0
2026,2026-07-28,824243,2394.0,0,0.0
2026,2026-07-28,823350,31.0,0,0.0
2026,2026-07-28,822949,12.0,0,0.0
2026,2026-07-28,823838,4169.0,0,0.0
2026,2026-07-28,822703,3309.0,0,0.0
2026,2026-07-28,824489,2602.0,0,0.0
2026,2026-07-28,823598,3289.0,0,0.0
2026,2026-07-28,823676,3312.0,0,0.0
2026,2026-07-28,824569,4.0,0,0.0
2026,2026-07-28,823026,2889.0,0,0.0
2026,2026-07-28,824003,1.0,0,0.0
2026,2026-07-28,824976,2529.0,0,0.0
2026,2026-07-28,823275,2680.0,0,0.0
2026,2026-07-28,823193,2395.0,0,0.0
2026,2026-07-28,823923,22.0,0,0.0
2026,2026-07-29,823837,4169.0,0,0.0
2026,2026-07-29,823351,31.0,0,0.0
2026,2026-07-29,822702,3309.0,0,0.0
2026,2026-07-29,824242,2394.0,0,0.0
2026,2026-07-29,823596,3289.0,0,0.0
2026,2026-07-29,823192,2395.0,0,0.0
2026,2026-07-29,823273,2680.0,0,0.0
2026,2026-07-29,822947,12.0,0,0.0
2026,2026-07-29,824487,2602.0,0,0.0
2026,2026-07-29,823677,3312.0,0,0.0
2026,2026-07-29,824567,4.0,0,0.0
2026,2026-07-29,823022,2889.0,0,0.0
2026,2026-07-29,824002,1.0,0,0.0
2026,2026-07-29,824973,2529.0,0,0.0
2026,2026-07-29,823924,22.0,0,0.0
2026,2026-07-30,822946,12.0,0,0.0
2026,2026-07-30,823674,3312.0,0,0.0
2026,2026-07-30,824568,4.0,0,0.0
2026,2026-07-30,823023,2889.0,0,0.0
2026,2026-07-30,824488,2602.0,0,0.0
2026,2026-07-30,823595,3289.0,0,0.0
2026,2026-07-30,824894,4705.0,0,0.0
2026,2026-07-30,824974,2529.0,0,0.0
2026,2026-07-30,823271,2680.0,0,0.0
2026,2026-07-30,823921,22.0,0,0.0
2026,2026-07-31,824651,17.0,0,0.0
2026,2026-07-31,824486,2602.0,0,0.0
2026,2026-07-31,824809,2.0,0,0.0
2026,2026-07-31,822782,14.0,0,0.0
2026,2026-07-31,824407,5.0,0,0.0
2026,2026-07-31,822945,12.0,0,0.0
2026,2026-07-31,823593,3289.0,0,0.0
2026,2026-07-31,824892,4705.0,0,0.0
2026,2026-07-31,824164,2392.0,0,0.0
2026,2026-07-31,824325,19.0,0,0.0
2026,2026-07-31,823999,1.0,0,0.0
2026,2026-07-31,824975,2529.0,0,0.0
2026,2026-07-31,823272,2680.0,0,0.0
2026,2026-07-31,823922,22.0,0,0.0
2026,2026-07-31,823111,680.0,0,0.0
2026,2026-08-01,822781,14.0,0,0.0
2026,2026-08-01,823109,680.0,0,0.0
2026,2026-08-01,822944,12.0,0,0.0
2026,2026-08-01,823594,3289.0,0,0.0
2026,2026-08-01,824485,2602.0,0,0.0
2026,2026-08-01,824808,2.0,0,0.0
2026,2026-08-01,824162,2392.0,0,0.0
2026,2026-08-01,824405,5.0,0,0.0
2026,2026-08-01,824890,4705.0,0,0.0
2026,2026-08-01,824649,17.0,0,0.0
2026,2026-08-01,824326,19.0,0,0.0
2026,2026-08-01,823269,2680.0,0,0.0
2026,2026-08-01,823920,22.0,0,0.0
2026,2026-08-01,824000,1.0,0,0.0
2026,2026-08-01,824972,2529.0,0,0.0
2026,2026-08-02,824807,2.0,0,0.0
2026,2026-08-02,824891,4705.0,0,0.0
2026,2026-08-02,822783,14.0,0,0.0
2026,2026-08-02,824404,5.0,0,0.0
2026,2026-08-02,824483,2602.0,0,0.0
2026,2026-08-02,822943,12.0,0,0.0
2026,2026-08-02,823592,3289.0,0,0.0
2026,2026-08-02,824163,2392.0,0,0.0
2026,2026-08-02,824648,17.0,0,0.0
2026,2026-08-02,824323,19.0,0,0.0
2026,2026-08-02,823996,1.0,0,0.0
2026,2026-08-02,824971,2529.0,0,0.0
2026,2026-08-02,823270,2680.0,0,0.0
2026,2026-08-02,823107,680.0,0,0.0
2026,2026-08-02,823919,22.0,0,0.0
2026,2026-08-03,823431,2681.0,0,0.0
2026,2026-08-03,823520,3313.0,0,0.0
2026,2026-08-03,823757,32.0,0,0.0
2026,2026-08-03,824647,17.0,0,0.0
2026,2026-08-03,822867,5325.0,0,0.0
2026,2026-08-03,824160,2392.0,0,0.0
2026,2026-08-03,824324,19.0,0,0.0
2026,2026-08-03,825095,15.0,0,0.0
2026,2026-08-04,824805,2.0,0,0.0
2026,2026-08-04,824403,5.0,0,0.0
2026,2026-08-04,824484,2602.0,0,0.0
2026,2026-08-04,823432,2681.0,0,0.0
2026,2026-08-04,823517,3313.0,0,0.0
2026,2026-08-04,824731,3.0,0,0.0
2026,2026-08-04,824888,4705.0,0,0.0
2026,2026-08-04,824084,7.0,0,0.0
2026,2026-08-04,823756,32.0,0,0.0
2026,2026-08-04,824645,17.0,0,0.0
2026,2026-08-04,822865,5325.0,0,0.0
2026,2026-08-04,824161,2392.0,0,0.0
2026,2026-08-04,824321,19.0,0,0.0
2026,2026-08-04,825054,15.0,0,0.0
2026,2026-08-04,823108,680.0,0,0.0
2026,2026-08-05,824158,2392.0,0,0.0
2026,2026-08-05,824646,17.0,0,0.0
2026,2026-08-05,822866,5325.0,0,0.0
2026,2026-08-05,824322,19.0,0,0.0
2026,2026-08-05,824806,2.0,0,0.0
2026,2026-08-05,824402,5.0,0,0.0
2026,2026-08-05,824482,2602.0,0,0.0
2026,2026-08-05,823429,2681.0,0,0.0
2026,2026-08-05,823516,3313.0,0,0.0
2026,2026-08-05,824728,3.0,0,0.0
2026,2026-08-05,824889,4705.0,0,0.0
2026,2026-08-05,824082,7.0,0,0.0
2026,2026-08-05,823753,32.0,0,0.0
2026,2026-08-05,825052,15.0,0,0.0
2026,2026-08-05,823106,680.0,0,0.0
2026,2026-08-06,824804,2.0,0,0.0
2026,2026-08-06,824481,2602.0,0,0.0
2026,2026-08-06,824401,5.0,0,0.0
2026,2026-08-06,823754,32.0,0,0.0
2026,2026-08-06,823105,680.0,0,0.0
2026,2026-08-06,823430,2681.0,0,0.0
2026,2026-08-06,824729,3.0,0,0.0
2026,2026-08-06,824885,4705.0,0,0.0
2026,2026-08-06,824080,7.0,0,0.0
2026,2026-08-06,825053,15.0,0,0.0
2026,2026-08-07,823349,31.0,0,0.0
2026,2026-08-07,823428,2681.0,0,0.0
2026,2026-08-07,822699,3309.0,0,0.0
2026,2026-08-07,823515,3313.0,0,0.0
2026,2026-08-07,824727,3.0,0,0.0
2026,2026-08-07,823836,4169.0,0,0.0
2026,2026-08-07,824566,4.0,0,0.0
2026,2026-08-07,823750,32.0,0,0.0
2026,2026-08-07,822863,5325.0,0,0.0
2026,2026-08-07,824081,7.0,0,0.0
2026,2026-08-07,823024,2889.0,0,0.0
2026,2026-08-07,825051,15.0,0,0.0
2026,2026-08-07,823266,2680.0,0,0.0
2026,2026-08-07,823103,680.0,0,0.0
2026,2026-08-07,823191,2395.0,0,0.0
2026,2026-08-08,823514,3313.0,0,0.0
2026,2026-08-08,824726,3.0,0,0.0
2026,2026-08-08,823834,4169.0,0,0.0
2026,2026-08-08,823426,2681.0,0,0.0
2026,2026-08-08,823348,31.0,0,0.0
2026,2026-08-08,822701,3309.0,0,0.0
2026,2026-08-08,824079,7.0,0,0.0
2026,2026-08-08,823752,32.0,0,0.0
2026,2026-08-08,823267,2680.0,0,0.0
2026,2026-08-08,823188,2395.0,0,0.0
2026,2026-08-08,823021,2889.0,0,0.0
2026,2026-08-08,822864,5325.0,0,0.0
2026,2026-08-08,824565,4.0,0,0.0
2026,2026-08-08,825049,15.0,0,0.0
2026,2026-08-08,823102,680.0,0,0.0
2026,2026-08-09,822700,3309.0,0,0.0
2026,2026-08-09,824724,3.0,0,0.0
2026,2026-08-09,823345,31.0,0,0.0
2026,2026-08-09,823425,2681.0,0,0.0
2026,2026-08-09,823513,3313.0,0,0.0
2026,2026-08-09,823835,4169.0,0,0.0
2026,2026-08-09,824078,7.0,0,0.0
2026,2026-08-09,824564,4.0,0,0.0
2026,2026-08-09,823751,32.0,0,0.0
2026,2026-08-09,823020,2889.0,0,0.0
2026,2026-08-09,822862,5325.0,0,0.0
2026,2026-08-09,823190,2395.0,0,0.0
2026,2026-08-09,825050,15.0,0,0.0
2026,2026-08-09,823104,680.0,0,0.0
2026,2026-08-09,823268,2680.0,0,0.0
2026,2026-08-10,822780,14.0,0,0.0
2026,2026-08-10,824887,4705.0,0,0.0
2026,2026-08-10,823675,3312.0,0,0.0
2026,2026-08-10,823018,2889.0,0,0.0
2026,2026-08-10,823998,1.0,0,0.0
2026,2026-08-10,825048,15.0,0,0.0
2026,2026-08-10,824969,2529.0,0,0.0
2026,2026-08-10,823265,2680.0,0,0.0
2026,2026-08-10,823189,2395.0,0,0.0
2026,2026-08-10,823918,22.0,0,0.0
2026,2026-08-11,824240,2394.0,0,0.0
2026,2026-08-11,823832,4169.0,0,0.0
2026,2026-08-11,822697,3309.0,0,0.0
2026,2026-08-11,823512,3313.0,0,0.0
2026,2026-08-11,822778,14.0,0,0.0
2026,2026-08-11,824886,4705.0,0,0.0
2026,2026-08-11,823673,3312.0,0,0.0
2026,2026-08-11,824563,4.0,0,0.0
2026,2026-08-11,823019,2889.0,0,0.0
2026,2026-08-11,823997,1.0,0,0.0
2026,2026-08-11,825046,15.0,0,0.0
2026,2026-08-11,824970,2529.0,0,0.0
2026,2026-08-11,823264,2680.0,0,0.0
2026,2026-08-11,823186,2395.0,0,0.0
2026,2026-08-11,823917,22.0,0,0.0
2026,2026-08-12,823672,3312.0,0,0.0
2026,2026-08-12,823017,2889.0,0,0.0
2026,2026-08-12,824967,2529.0,0,0.0
2026,2026-08-12,825047,15.0,0,0.0
2026,2026-08-12,823187,2395.0,0,0.0
2026,2026-08-12,823263,2680.0,0,0.0
2026,2026-08-12,824241,2394.0,0,0.0
2026,2026-08-12,823833,4169.0,0,0.0
2026,2026-08-12,822698,3309.0,0,0.0
2026,2026-08-12,823511,3313.0,0,0.0
2026,2026-08-12,822779,14.0,0,0.0
2026,2026-08-12,824883,4705.0,0,0.0
2026,2026-08-12,824562,4.0,0,0.0
2026,2026-08-12,823916,22.0,0,0.0
2026,2026-08-12,823994,1.0,0,0.0
2026,2026-08-13,824238,2394.0,0,0.0
2026,2026-08-13,823829,4169.0,0,0.0
2026,2026-08-13,823508,3313.0,0,0.0
2026,2026-08-13,824561,4.0,0,0.0
2026,2026-08-13,822776,14.0,0,0.0
2026,2026-08-13,822696,3309.0,0,0.0
2026,2026-08-13,823669,5445.0,0,0.0
2026,2026-08-13,823995,1.0,0,0.0
2026,2026-08-13,823915,22.0,0,0.0
2026,2026-08-14,824643,17.0,0,0.0
2026,2026-08-14,824479,2602.0,0,0.0
2026,2026-08-14,823346,31.0,0,0.0
2026,2026-08-14,824237,2394.0,0,0.0
2026,2026-08-14,822777,14.0,0,0.0
2026,2026-08-14,823591,3289.0,0,0.0
2026,2026-08-14,824399,5.0,0,0.0
2026,2026-08-14,822942,12.0,0,0.0
2026,2026-08-14,824882,4705.0,0,0.0
2026,2026-08-14,824159,2392.0,0,0.0
2026,2026-08-14,823993,1.0,0,0.0
2026,2026-08-14,824968,2529.0,0,0.0
2026,2026-08-14,823913,22.0,0,0.0
2026,2026-08-14,823185,2395.0,0,0.0
2026,2026-08-15,824239,2394.0,0,0.0
2026,2026-08-15,824644,17.0,0,0.0
2026,2026-08-15,822775,14.0,0,0.0
2026,2026-08-15,823184,2395.0,0,0.0
2026,2026-08-15,823588,3289.0,0,0.0
2026,2026-08-15,822941,12.0,0,0.0
2026,2026-08-15,824480,2602.0,0,0.0
2026,2026-08-15,824400,5.0,0,0.0
2026,2026-08-15,824157,2392.0,0,0.0
2026,2026-08-15,823671,3312.0,0,0.0
2026,2026-08-15,823347,31.0,0,0.0
2026,2026-08-15,824884,4705.0,0,0.0
2026,2026-08-15,823914,22.0,0,0.0
2026,2026-08-15,823990,1.0,0,0.0
2026,2026-08-15,824966,2529.0,0,0.0
2026,2026-08-16,822940,12.0,0,0.0
2026,2026-08-16,823344,31.0,0,0.0
2026,2026-08-16,824880,4705.0,0,0.0
2026,2026-08-16,822774,14.0,0,0.0
2026,2026-08-16,823590,3289.0,0,0.0
2026,2026-08-16,824397,5.0,0,0.0
2026,2026-08-16,824236,2394.0,0,0.0
2026,2026-08-16,824477,2602.0,0,0.0
2026,2026-08-16,823670,3312.0,0,0.0
2026,2026-08-16,824642,17.0,0,0.0
2026,2026-08-16,823182,2395.0,0,0.0
2026,2026-08-16,824965,2529.0,0,0.0
2026,2026-08-16,823991,1.0,0,0.0
2026,2026-08-16,823912,22.0,0,0.0
2026,2026-08-16,824156,2392.0,0,0.0
2026,2026-08-17,824478,2602.0,0,0.0
2026,2026-08-17,822939,12.0,0,0.0
2026,2026-08-17,823427,2681.0,0,0.0
2026,2026-08-17,823343,31.0,0,0.0
2026,2026-08-17,824725,3.0,0,0.0
2026,2026-08-17,823589,3289.0,0,0.0
2026,2026-08-17,824077,7.0,0,0.0
2026,2026-08-17,823668,3312.0,0,0.0
2026,2026-08-17,824641,17.0,0,0.0
2026,2026-08-17,824320,19.0,0,0.0
2026,2026-08-18,824803,2.0,0,0.0
2026,2026-08-18,823341,31.0,0,0.0
2026,2026-08-18,824398,5.0,0,0.0
2026,2026-08-18,824475,2602.0,0,0.0
2026,2026-08-18,822938,12.0,0,0.0
2026,2026-08-18,823423,2681.0,0,0.0
2026,2026-08-18,824723,3.0,0,0.0
2026,2026-08-18,823586,3289.0,0,0.0
2026,2026-08-18,824075,7.0,0,0.0
2026,2026-08-18,823667,3312.0,0,0.0
2026,2026-08-18,823749,32.0,0,0.0
2026,2026-08-18,822859,5325.0,0,0.0
2026,2026-08-18,824639,17.0,0,0.0
2026,2026-08-18,824154,2392.0,0,0.0
2026,2026-08-18,824319,19.0,0,0.0
2026,2026-08-19,823342,31.0,0,0.0
2026,2026-08-19,823587,3289.0,0,0.0
2026,2026-08-19,823664,3312.0,0,0.0
2026,2026-08-19,824640,17.0,0,0.0
2026,2026-08-19,824722,3.0,0,0.0
2026,2026-08-19,823424,2681.0,0,0.0
2026,2026-08-19,824801,2.0,0,0.0
2026,2026-08-19,824394,5.0,0,0.0
2026,2026-08-19,824476,2602.0,0,0.0
2026,2026-08-19,822937,12.0,0,0.0
2026,2026-08-19,824076,7.0,0,0.0
2026,2026-08-19,823748,32.0,0,0.0
2026,2026-08-19,822860,5325.0,0,0.0
2026,2026-08-19,824155,2392.0,0,0.0
2026,2026-08-19,824318,19.0,0,0.0
2026,2026-08-20,824474,2602.0,0,0.0
2026,2026-08-20,824395,5.0,0,0.0
2026,2026-08-20,822934,12.0,0,0.0
2026,2026-08-20,824074,7.0,0,0.0
2026,2026-08-20,823747,32.0,0,0.0
2026,2026-08-20,824802,2.0,0,0.0
2026,2026-08-20,822861,5325.0,0,0.0
2026,2026-08-20,824153,2392.0,0,0.0
2026,2026-08-21,823746,32.0,0,0.0
2026,2026-08-21,823420,2681.0,0,0.0
2026,2026-08-21,824800,2.0,0,0.0
2026,2026-08-21,823510,3313.0,0,0.0
2026,2026-08-21,824721,3.0,0,0.0
2026,2026-08-21,823830,4169.0,0,0.0
2026,2026-08-21,824559,4.0,0,0.0
2026,2026-08-21,822857,5325.0,0,0.0
2026,2026-08-21,824072,7.0,0,0.0
2026,2026-08-21,824152,2392.0,0,0.0
2026,2026-08-21,824317,19.0,0,0.0
2026,2026-08-21,825045,15.0,0,0.0
2026,2026-08-21,823262,2680.0,0,0.0
2026,2026-08-21,823911,22.0,0,0.0
2026,2026-08-21,823101,680.0,0,0.0
2026,2026-08-22,823509,3313.0,0,0.0
2026,2026-08-22,823743,32.0,0,0.0
2026,2026-08-22,823831,4169.0,0,0.0
2026,2026-08-22,823422,2681.0,0,0.0
2026,2026-08-22,824798,2.0,0,0.0
2026,2026-08-22,822858,5325.0,0,0.0
2026,2026-08-22,824151,2392.0,0,0.0
2026,2026-08-22,824560,4.0,0,0.0
2026,2026-08-22,824073,7.0,0,0.0
2026,2026-08-22,823100,680.0,0,0.0
2026,2026-08-22,824718,3.0,0,0.0
2026,2026-08-22,825044,15.0,0,0.0
2026,2026-08-22,824316,19.0,0,0.0
2026,2026-08-22,823261,2680.0,0,0.0
2026,2026-08-22,823910,22.0,0,0.0
2026,2026-08-23,824799,2.0,0,0.0
2026,2026-08-23,823421,2681.0,0,0.0
2026,2026-08-23,823507,3313.0,0,0.0
2026,2026-08-23,823827,4169.0,0,0.0
2026,2026-08-23,824071,7.0,0,0.0
2026,2026-08-23,824150,2392.0,0,0.0
2026,2026-08-23,824558,4.0,0,0.0
2026,2026-08-23,822856,5325.0,0,0.0
2026,2026-08-23,824315,19.0,0,0.0
2026,2026-08-23,824720,3.0,0,0.0
2026,2026-08-23,823909,22.0,0,0.0
2026,2026-08-23,823099,680.0,0,0.0
2026,2026-08-23,823258,2680.0,0,0.0
2026,2026-08-23,825043,15.0,0,0.0
2026,2026-08-23,823745,2735.0,0,0.0
2026,2026-08-24,824235,2394.0,0,0.0
2026,2026-08-24,823828,4169.0,0,0.0
2026,2026-08-24,822695,3309.0,0,0.0
2026,2026-08-24,824557,4.0,0,0.0
2026,2026-08-24,823992,1.0,0,0.0
2026,2026-08-24,825041,15.0,0,0.0
2026,2026-08-24,823260,2680.0,0,0.0
2026,2026-08-24,824964,2529.0,0,0.0
2026,2026-08-24,823097,680.0,0,0.0
2026,2026-08-24,823183,2395.0,0,0.0
2026,2026-08-25,824233,2394.0,0,0.0
2026,2026-08-25,823826,4169.0,0,0.0
2026,2026-08-25,822693,3309.0,0,0.0
2026,2026-08-25,823505,3313.0,0,0.0
2026,2026-08-25,822773,14.0,0,0.0
2026,2026-08-25,823585,3289.0,0,0.0
2026,2026-08-25,824881,4705.0,0,0.0
2026,2026-08-25,824556,4.0,0,0.0
2026,2026-08-25,823016,2889.0,0,0.0
2026,2026-08-25,823989,1.0,0,0.0
2026,2026-08-25,825042,15.0,0,0.0
2026,2026-08-25,823259,2680.0,0,0.0
2026,2026-08-25,824962,2529.0,0,0.0
2026,2026-08-25,823098,680.0,0,0.0
2026,2026-08-25,823181,2395.0,0,0.0
2026,2026-08-26,824234,2394.0,0,0.0
2026,2026-08-26,825039,15.0,0,0.0
2026,2026-08-26,823180,2395.0,0,0.0
2026,2026-08-26,823988,1.0,0,0.0
2026,2026-08-26,823255,2680.0,0,0.0
2026,2026-08-26,823096,680.0,0,0.0
2026,2026-08-26,823825,4169.0,0,0.0
2026,2026-08-26,822692,3309.0,0,0.0
2026,2026-08-26,823506,3313.0,0,0.0
2026,2026-08-26,822772,14.0,0,0.0
2026,2026-08-26,823584,3289.0,0,0.0
2026,2026-08-26,824878,4705.0,0,0.0
2026,2026-08-26,824555,4.0,0,0.0
2026,2026-08-26,823015,2889.0,0,0.0
2026,2026-08-26,824963,2529.0,0,0.0
2026,2026-08-27,822694,3309.0,0,0.0
2026,2026-08-27,823014,2889.0,0,0.0
2026,2026-08-27,823503,3313.0,0,0.0
2026,2026-08-27,822771,14.0,0,0.0
2026,2026-08-27,823581,3289.0,0,0.0
2026,2026-08-27,824879,4705.0,0,0.0
2026,2026-08-27,823179,2395.0,0,0.0
2026,2026-08-28,824638,17.0,0,0.0
2026,2026-08-28,824231,2394.0,0,0.0
2026,2026-08-28,822691,3309.0,0,0.0
2026,2026-08-28,823504,3313.0,0,0.0
2026,2026-08-28,822769,14.0,0,0.0
2026,2026-08-28,824396,5.0,0,0.0
2026,2026-08-28,823583,3289.0,0,0.0
2026,2026-08-28,822935,12.0,0,0.0
2026,2026-08-28,824877,4705.0,0,0.0
2026,2026-08-28,823744,32.0,0,0.0
2026,2026-08-28,823666,3312.0,0,0.0
2026,2026-08-28,823013,2889.0,0,0.0
2026,2026-08-28,823985,1.0,0,0.0
2026,2026-08-28,824960,2529.0,0,0.0
2026,2026-08-28,823178,2395.0,0,0.0
2026,2026-08-29,823501,3313.0,0,0.0
2026,2026-08-29,824230,2394.0,0,0.0
2026,2026-08-29,823665,3312.0,0,0.0
2026,2026-08-29,823011,2889.0,0,0.0
2026,2026-08-29,824637,17.0,0,0.0
2026,2026-08-29,822770,14.0,0,0.0
2026,2026-08-29,823177,2395.0,0,0.0
2026,2026-08-29,823176,2395.0,0,0.0
2026,2026-08-29,822690,3309.0,0,0.0
2026,2026-08-29,824392,5.0,0,0.0
2026,2026-08-29,823582,3289.0,0,0.0
2026,2026-08-29,822936,12.0,0,0.0
2026,2026-08-29,824874,4705.0,0,0.0
2026,2026-08-29,823741,32.0,0,0.0
2026,2026-08-29,824961,2529.0,0,0.0
2026,2026-08-29,823986,1.0,0,0.0
2026,2026-08-30,822688,3309.0,0,0.0
2026,2026-08-30,824876,4705.0,0,0.0
2026,2026-08-30,823502,3313.0,0,0.0
2026,2026-08-30,822766,14.0,0,0.0
2026,2026-08-30,824393,5.0,0,0.0
2026,2026-08-30,824232,2394.0,0,0.0
2026,2026-08-30,822933,12.0,0,0.0
2026,2026-08-30,823662,3312.0,0,0.0
2026,2026-08-30,823740,32.0,0,0.0
2026,2026-08-30,823010,2889.0,0,0.0
2026,2026-08-30,824636,17.0,0,0.0
2026,2026-08-30,824959,2529.0,0,0.0
2026,2026-08-30,823987,1.0,0,0.0
2026,2026-08-30,823580,3289.0,0,0.0
2026,2026-08-31,824473,2602.0,0,0.0
2026,2026-08-31,822932,12.0,0,0.0
2026,2026-08-31,824719,3.0,0,0.0
2026,2026-08-31,822689,3309.0,0,0.0
2026,2026-08-31,823663,3312.0,0,0.0
2026,2026-08-31,824635,17.0,0,0.0
2026,2026-08-31,822855,5325.0,0,0.0
2026,2026-08-31,824149,2392.0,0,0.0
2026,2026-08-31,824314,19.0,0,0.0
2026,2026-08-31,823982,1.0,0,0.0
2026,2026-08-31,825040,15.0,0,0.0
2026,2026-09-01,824472,2602.0,0,0.0
2026,2026-09-01,823340,31.0,0,0.0
2026,2026-09-01,822929,12.0,0,0.0
2026,2026-09-01,824391,5.0,0,0.0
2026,2026-09-01,824716,3.0,0,0.0
2026,2026-09-01,822687,3309.0,0,0.0
2026,2026-09-01,823661,3312.0,0,0.0
2026,2026-09-01,824070,7.0,0,0.0
2026,2026-09-01,824633,17.0,0,0.0
2026,2026-09-01,822854,5325.0,0,0.0
2026,2026-09-01,824148,2392.0,0,0.0
2026,2026-09-01,824313,19.0,0,0.0
2026,2026-09-01,823984,1.0,0,0.0
2026,2026-09-01,825038,15.0,0,0.0
2026,2026-09-01,823908,22.0,0,0.0
2026,2026-09-02,824470,2602.0,0,0.0
2026,2026-09-02,822686,3309.0,0,0.0
2026,2026-09-02,822851,5325.0,0,0.0
2026,2026-09-02,824312,19.0,0,0.0
2026,2026-09-02,825037,15.0,0,0.0
2026,2026-09-02,824717,3.0,0,0.0
2026,2026-09-02,823339,31.0,0,0.0
2026,2026-09-02,822931,12.0,0,0.0
2026,2026-09-02,824390,5.0,0,0.0
2026,2026-09-02,823660,3312.0,0,0.0
2026,2026-09-02,824068,7.0,0,0.0
2026,2026-09-02,824634,17.0,0,0.0
2026,2026-09-02,824147,2392.0,0,0.0
2026,2026-09-02,823983,1.0,0,0.0
2026,2026-09-02,823906,22.0,0,0.0
2026,2026-09-03,823337,31.0,0,0.0
2026,2026-09-03,824388,5.0,0,0.0
2026,2026-09-03,824144,2392.0,0,0.0
2026,2026-09-03,824796,2.0,0,0.0
2026,2026-09-03,824632,17.0,0,0.0
2026,2026-09-03,824069,7.0,0,0.0
2026,2026-09-03,822853,5325.0,0,0.0
2026,2026-09-03,823095,680.0,0,0.0
2026,2026-09-03,823907,22.0,0,0.0
2026,2026-09-04,824387,5.0,0,0.0
2026,2026-09-04,824471,2602.0,0,0.0
2026,2026-09-04,823338,31.0,0,0.0
2026,2026-09-04,823418,2681.0,0,0.0
2026,2026-09-04,824797,2.0,0,0.0
2026,2026-09-04,823579,3289.0,0,0.0
2026,2026-09-04,823824,4169.0,0,0.0
2026,2026-09-04,824554,4.0,0,0.0
2026,2026-09-04,822852,5325.0,0,0.0
2026,2026-09-04,824146,2392.0,0,0.0
2026,2026-09-04,824067,7.0,0,0.0
2026,2026-09-04,824311,19.0,0,0.0
2026,2026-09-04,823256,2680.0,0,0.0
2026,2026-09-04,823905,22.0,0,0.0
2026,2026-09-04,823093,680.0,0,0.0
2026,2026-09-05,823577,3289.0,0,0.0
2026,2026-09-05,823823,4169.0,0,0.0
2026,2026-09-05,823419,2681.0,0,0.0
2026,2026-09-05,824389,5.0,0,0.0
2026,2026-09-05,823335,31.0,0,0.0
2026,2026-09-05,824468,2602.0,0,0.0
2026,2026-09-05,824795,2.0,0,0.0
2026,2026-09-05,822850,5325.0,0,0.0
2026,2026-09-05,824066,7.0,0,0.0
2026,2026-09-05,824553,4.0,0,0.0
2026,2026-09-05,824145,2392.0,0,0.0
2026,2026-09-05,823257,2680.0,0,0.0
2026,2026-09-05,824310,19.0,0,0.0
2026,2026-09-05,823904,22.0,0,0.0
2026,2026-09-05,823094,680.0,0,0.0
2026,2026-09-06,824469,2602.0,0,0.0
2026,2026-09-06,823417,2681.0,0,0.0
2026,2026-09-06,824794,2.0,0,0.0
2026,2026-09-06,823336,31.0,0,0.0
2026,2026-09-06,824385,5.0,0,0.0
2026,2026-09-06,823578,3289.0,0,0.0
2026,2026-09-06,823822,4169.0,0,0.0
2026,2026-09-06,824142,2392.0,0,0.0
2026,2026-09-06,824552,4.0,0,0.0
2026,2026-09-06,822848,5325.0,0,0.0
2026,2026-09-06,824309,19.0,0,0.0
2026,2026-09-06,823091,680.0,0,0.0
2026,2026-09-06,823253,2680.0,0,0.0
2026,2026-09-06,824065,7.0,0,0.0
2026,2026-09-06,823903,22.0,0,0.0
2026,2026-09-07,823415,2681.0,0,0.0
2026,2026-09-07,824229,2394.0,0,0.0
2026,2026-09-07,823820,4169.0,0,0.0
2026,2026-09-07,824715,3.0,0,0.0
2026,2026-09-07,824793,2.0,0,0.0
2026,2026-09-07,824062,7.0,0,0.0
2026,2026-09-07,823742,32.0,0,0.0
2026,2026-09-07,823254,2680.0,0,0.0
2026,2026-09-07,823175,2395.0,0,0.0
2026,2026-09-07,823902,22.0,0,0.0
2026,2026-09-07,824958,2529.0,0,0.0
2026,2026-09-08,824792,2.0,0,0.0
2026,2026-09-08,824228,2394.0,0,0.0
2026,2026-09-08,823414,2681.0,0,0.0
2026,2026-09-08,823821,4169.0,0,0.0
2026,2026-09-08,824714,3.0,0,0.0
2026,2026-09-08,823500,3313.0,0,0.0
2026,2026-09-08,824875,4705.0,0,0.0
2026,2026-09-08,824063,7.0,0,0.0
2026,2026-09-08,824551,4.0,0,0.0
2026,2026-09-08,823738,32.0,0,0.0
2026,2026-09-08,823250,2680.0,0,0.0
2026,2026-09-08,823092,680.0,0,0.0
2026,2026-09-08,824957,2529.0,0,0.0
2026,2026-09-08,823174,2395.0,0,0.0
2026,2026-09-08,823901,22.0,0,0.0
2026,2026-09-09,824226,2394.0,0,0.0
2026,2026-09-09,824956,2529.0,0,0.0
2026,2026-09-09,823172,2395.0,0,0.0
2026,2026-09-09,823251,2680.0,0,0.0
2026,2026-09-09,823090,680.0,0,0.0
2026,2026-09-09,824791,2.0,0,0.0
2026,2026-09-09,823416,2681.0,0,0.0
2026,2026-09-09,823818,4169.0,0,0.0
2026,2026-09-09,824713,3.0,0,0.0
2026,2026-09-09,823497,3313.0,0,0.0
2026,2026-09-09,824871,4705.0,0,0.0
2026,2026-09-09,824064,7.0,0,0.0
2026,2026-09-09,824549,4.0,0,0.0
2026,2026-09-09,823739,32.0,0,0.0
2026,2026-09-09,823900,22.0,0,0.0
2026,2026-09-10,824872,4705.0,0,0.0
2026,2026-09-10,823413,2681.0,0,0.0
2026,2026-09-10,823088,680.0,0,0.0
2026,2026-09-10,823499,3313.0,0,0.0
2026,2026-09-10,824550,4.0,0,0.0
2026,2026-09-11,824631,17.0,0,0.0
2026,2026-09-11,824227,2394.0,0,0.0
2026,2026-09-11,822684,3309.0,0,0.0
2026,2026-09-11,823498,3313.0,0,0.0
2026,2026-09-11,822767,14.0,0,0.0
2026,2026-09-11,824711,3.0,0,0.0
2026,2026-09-11,822930,12.0,0,0.0
2026,2026-09-11,823817,4169.0,0,0.0
2026,2026-09-11,824873,4705.0,0,0.0
2026,2026-09-11,823736,32.0,0,0.0
2026,2026-09-11,823659,3312.0,0,0.0
2026,2026-09-11,823012,2889.0,0,0.0
2026,2026-09-11,824954,2529.0,0,0.0
2026,2026-09-11,825036,15.0,0,0.0
2026,2026-09-11,823173,2395.0,0,0.0
2026,2026-09-12,824224,2394.0,0,0.0
2026,2026-09-12,823496,3313.0,0,0.0
2026,2026-09-12,824630,17.0,0,0.0
2026,2026-09-12,822768,14.0,0,0.0
2026,2026-09-12,822685,3309.0,0,0.0
2026,2026-09-12,823170,2395.0,0,0.0
2026,2026-09-12,824712,3.0,0,0.0
2026,2026-09-12,823657,3312.0,0,0.0
2026,2026-09-12,823819,4169.0,0,0.0
2026,2026-09-12,822927,12.0,0,0.0
2026,2026-09-12,823737,32.0,0,0.0
2026,2026-09-12,824870,4705.0,0,0.0
2026,2026-09-12,823009,2889.0,0,0.0
2026,2026-09-12,825035,15.0,0,0.0
2026,2026-09-12,824955,2529.0,0,0.0
2026,2026-09-13,824225,2394.0,0,0.0
2026,2026-09-13,824708,3.0,0,0.0
2026,2026-09-13,822682,3309.0,0,0.0
2026,2026-09-13,824869,4705.0,0,0.0
2026,2026-09-13,823495,3313.0,0,0.0
2026,2026-09-13,822764,14.0,0,0.0
2026,2026-09-13,822928,12.0,0,0.0
2026,2026-09-13,823815,4169.0,0,0.0
2026,2026-09-13,823658,3312.0,0,0.0
2026,2026-09-13,823734,32.0,0,0.0
2026,2026-09-13,823008,2889.0,0,0.0
2026,2026-09-13,824628,17.0,0,0.0
2026,2026-09-13,824952,2529.0,0,0.0
2026,2026-09-13,825033,15.0,0,0.0
2026,2026-09-13,823171,2395.0,0,0.0
2026,2026-09-14,824465,2602.0,0,0.0
2026,2026-09-14,824386,5.0,0,0.0
2026,2026-09-14,822765,14.0,0,0.0
2026,2026-09-14,823575,3289.0,0,0.0
2026,2026-09-14,824629,17.0,0,0.0
2026,2026-09-14,823656,3312.0,0,0.0
2026,2026-09-14,823006,2889.0,0,0.0
2026,2026-09-14,824308,19.0,0,0.0
2026,2026-09-14,823981,1.0,0,0.0
2026,2026-09-14,825034,15.0,0,0.0
2026,2026-09-15,824466,2602.0,0,0.0
2026,2026-09-15,822925,12.0,0,0.0
2026,2026-09-15,824384,5.0,0,0.0
2026,2026-09-15,823333,31.0,0,0.0
2026,2026-09-15,822683,3309.0,0,0.0
2026,2026-09-15,822762,14.0,0,0.0
2026,2026-09-15,823574,3289.0,0,0.0
2026,2026-09-15,824627,17.0,0,0.0
2026,2026-09-15,823654,3312.0,0,0.0
2026,2026-09-15,823007,2889.0,0,0.0
2026,2026-09-15,822849,5325.0,0,0.0
2026,2026-09-15,824143,2392.0,0,0.0
2026,2026-09-15,824307,19.0,0,0.0
2026,2026-09-15,823980,1.0,0,0.0
2026,2026-09-15,825030,15.0,0,0.0
2026,2026-09-16,824382,5.0,0,0.0
2026,2026-09-16,823004,2889.0,0,0.0
2026,2026-09-16,823655,3312.0,0,0.0
2026,2026-09-16,822763,14.0,0,0.0
2026,2026-09-16,824467,2602.0,0,0.0
2026,2026-09-16,822926,12.0,0,0.0
2026,2026-09-16,823332,31.0,0,0.0
2026,2026-09-16,822680,3309.0,0,0.0
2026,2026-09-16,823576,3289.0,0,0.0
2026,2026-09-16,824626,17.0,0,0.0
2026,2026-09-16,822846,5325.0,0,0.0
2026,2026-09-16,824140,2392.0,0,0.0
2026,2026-09-16,824306,19.0,0,0.0
2026,2026-09-16,823979,1.0,0,0.0
2026,2026-09-16,825031,15.0,0,0.0
2026,2026-09-17,823334,31.0,0,0.0
2026,2026-09-17,824464,2602.0,0,0.0
2026,2026-09-17,822924,12.0,0,0.0
2026,2026-09-17,824305,19.0,0,0.0
2026,2026-09-17,824141,2392.0,0,0.0
2026,2026-09-17,823573,3289.0,0,0.0
2026,2026-09-17,824548,4.0,0,0.0
2026,2026-09-17,822845,5325.0,0,0.0
2026,2026-09-17,823978,1.0,0,0.0
2026,2026-09-18,824463,2602.0,0,0.0
2026,2026-09-18,823331,31.0,0,0.0
2026,2026-09-18,824790,2.0,0,0.0
2026,2026-09-18,824383,5.0,0,0.0
2026,2026-09-18,822923,12.0,0,0.0
2026,2026-09-18,823572,3289.0,0,0.0
2026,2026-09-18,824547,4.0,0,0.0
2026,2026-09-18,822847,5325.0,0,0.0
2026,2026-09-18,824303,19.0,0,0.0
2026,2026-09-18,824138,2392.0,0,0.0
2026,2026-09-18,823005,2889.0,0,0.0
2026,2026-09-18,823977,1.0,0,0.0
2026,2026-09-18,823252,2680.0,0,0.0
2026,2026-09-18,825032,15.0,0,0.0
2026,2026-09-18,823898,22.0,0,0.0
2026,2026-09-19,824788,2.0,0,0.0
2026,2026-09-19,822921,12.0,0,0.0
2026,2026-09-19,823571,3289.0,0,0.0
2026,2026-09-19,824380,5.0,0,0.0
2026,2026-09-19,824461,2602.0,0,0.0
2026,2026-09-19,823330,31.0,0,0.0
2026,2026-09-19,822843,5325.0,0,0.0
2026,2026-09-19,824137,2392.0,0,0.0
2026,2026-09-19,824545,4.0,0,0.0
2026,2026-09-19,823003,2889.0,0,0.0
2026,2026-09-19,824304,19.0,0,0.0
2026,2026-09-19,825029,15.0,0,0.0
2026,2026-09-19,823249,2680.0,0,0.0
2026,2026-09-19,823899,22.0,0,0.0
2026,2026-09-19,823976,1.0,0,0.0
2026,2026-09-20,823329,31.0,0,0.0
2026,2026-09-20,824462,2602.0,0,0.0
2026,2026-09-20,824381,5.0,0,0.0
2026,2026-09-20,822922,12.0,0,0.0
2026,2026-09-20,823570,3289.0,0,0.0
2026,2026-09-20,824139,2392.0,0,0.0
2026,2026-09-20,824546,4.0,0,0.0
2026,2026-09-20,823001,2889.0,0,0.0
2026,2026-09-20,822844,5325.0,0,0.0
2026,2026-09-20,824300,19.0,0,0.0
2026,2026-09-20,823975,1.0,0,0.0
2026,2026-09-20,823896,22.0,0,0.0
2026,2026-09-20,823247,2680.0,0,0.0
2026,2026-09-20,825028,15.0,0,0.0
2026,2026-09-20,824789,2.0,0,0.0
2026,2026-09-21,824787,2.0,0,0.0
2026,2026-09-21,824221,2394.0,0,0.0
2026,2026-09-21,823169,2395.0,0,0.0
2026,2026-09-22,823494,3313.0,0,0.0
2026,2026-09-22,824785,2.0,0,0.0
2026,2026-09-22,824222,2394.0,0,0.0
2026,2026-09-22,823328,31.0,0,0.0
2026,2026-09-22,823412,2681.0,0,0.0
2026,2026-09-22,824709,3.0,0,0.0
2026,2026-09-22,824867,4705.0,0,0.0
2026,2026-09-22,824061,7.0,0,0.0
2026,2026-09-22,824624,17.0,0,0.0
2026,2026-09-22,822840,5325.0,0,0.0
2026,2026-09-22,824302,19.0,0,0.0
2026,2026-09-22,824953,2529.0,0,0.0
2026,2026-09-22,823089,680.0,0,0.0
2026,2026-09-22,823166,2395.0,0,0.0
2026,2026-09-22,823897,22.0,0,0.0
2026,2026-09-23,824223,2394.0,0,0.0
2026,2026-09-23,823168,2395.0,0,0.0
2026,2026-09-23,824784,2.0,0,0.0
2026,2026-09-23,823327,31.0,0,0.0
2026,2026-09-23,823410,2681.0,0,0.0
2026,2026-09-23,823492,3313.0,0,0.0
2026,2026-09-23,824710,3.0,0,0.0
2026,2026-09-23,824868,4705.0,0,0.0
2026,2026-09-23,824060,7.0,0,0.0
2026,2026-09-23,824625,17.0,0,0.0
2026,2026-09-23,822841,5325.0,0,0.0
2026,2026-09-23,824301,19.0,0,0.0
2026,2026-09-23,824951,2529.0,0,0.0
2026,2026-09-23,823894,22.0,0,0.0
2026,2026-09-23,823086,680.0,0,0.0
2026,2026-09-24,823326,31.0,0,0.0
2026,2026-09-24,824059,7.0,0,0.0
2026,2026-09-24,824623,17.0,0,0.0
2026,2026-09-24,822842,5325.0,0,0.0
2026,2026-09-24,824298,19.0,0,0.0
2026,2026-09-24,823411,2681.0,0,0.0
2026,2026-09-24,824707,3.0,0,0.0
2026,2026-09-24,823493,3313.0,0,0.0
2026,2026-09-24,824866,4705.0,0,0.0
2026,2026-09-24,824950,2529.0,0,0.0
2026,2026-09-24,823087,680.0,0,0.0
2026,2026-09-24,823895,22.0,0,0.0
2026,2026-09-25,824220,2394.0,0,0.0
2026,2026-09-25,823409,2681.0,0,0.0
2026,2026-09-25,822681,3309.0,0,0.0
2026,2026-09-25,823491,3313.0,0,0.0
2026,2026-09-25,822760,14.0,0,0.0
2026,2026-09-25,824706,3.0,0,0.0
2026,2026-09-25,823816,4169.0,0,0.0
2026,2026-09-25,824058,7.0,0,0.0
2026,2026-09-25,824544,4.0,0,0.0
2026,2026-09-25,823735,32.0,0,0.0
2026,2026-09-25,823652,3312.0,0,0.0
2026,2026-09-25,824947,2529.0,0,0.0
2026,2026-09-25,823248,2680.0,0,0.0
2026,2026-09-25,823085,680.0,0,0.0
2026,2026-09-25,823167,2395.0,0,0.0
2026,2026-09-26,824219,2394.0,0,0.0
2026,2026-09-26,822759,14.0,0,0.0
2026,2026-09-26,822678,3309.0,0,0.0
2026,2026-09-26,823165,2395.0,0,0.0
2026,2026-09-26,823653,3312.0,0,0.0
2026,2026-09-26,823813,4169.0,0,0.0
2026,2026-09-26,823407,2681.0,0,0.0
2026,2026-09-26,823489,3313.0,0,0.0
2026,2026-09-26,824057,7.0,0,0.0
2026,2026-09-26,824543,4.0,0,0.0
2026,2026-09-26,823733,32.0,0,0.0
2026,2026-09-26,824705,3.0,0,0.0
2026,2026-09-26,823245,2680.0,0,0.0
2026,2026-09-26,824949,2529.0,0,0.0
2026,2026-09-26,823083,680.0,0,0.0
2026,2026-09-27,824703,3.0,0,0.0
2026,2026-09-27,822679,3309.0,0,0.0
2026,2026-09-27,824948,2529.0,0,0.0
2026,2026-09-27,823164,2395.0,0,0.0
2026,2026-09-27,823408,2681.0,0,0.0
2026,2026-09-27,822761,14.0,0,0.0
2026,2026-09-27,824055,7.0,0,0.0
2026,2026-09-27,824217,2394.0,0,0.0
2026,2026-09-27,823246,2680.0,0,0.0
2026,2026-09-27,823084,680.0,0,0.0
2026,2026-09-27,823650,3312.0,0,0.0
2026,2026-09-27,824542,4.0,0,0.0
2026,2026-09-27,823814,4169.0,0,0.0
2026,2026-09-27,823731,32.0,0,0.0
2026,2026-09-27,823490,3313.0,0,0.0
