date,home_key,away_key,home_final,away_final,home_close_ml,away_close_ml,home_close_spread,away_close_spread,home_spread_odds,away_spread_odds,home_open_spread,away_open_spread,close_total,open_total,n_books,source,home_open_ml,away_open_ml,neutral_site,conference_game,home_conf_id,away_conf_id,venue_city,venue_state
2019-08-24,fla,mia,24,20,-325.0,250.0,-7.0,7.0,,,,,46.5,,11,espn-core,,,1,0,8,1,Orlando,FL
2019-08-24,haw,ariz,45,38,306.5,-400.0,10.5,-10.5,,,,,71.0,,11,espn-core,,,0,0,17,9,,
2019-08-29,asu,kent,30,7,-2500.0,1022.0,-24.5,24.5,,,,,61.5,,11,espn-core,,,0,0,9,15,Tempe,AZ
2019-08-29,bgsu,morg,46,3,-2575.0,1040.0,-24.0,24.0,,,,,50.5,,8,espn-core,,,0,0,15,24,Bowling Green,OH
2019-08-29,buff,rmu,38,10,,1300.0,-41.5,41.5,,,,,63.5,,7,espn-core,,,0,0,15,25,Buffalo,NY
2019-08-29,byu,utah,12,30,199.0,-242.5,6.25,-6.25,,,,,48.5,,11,espn-core,,,0,0,18,9,Provo,UT
2019-08-29,cin,ucla,24,14,-140.0,118.0,-2.5,2.5,,,,,55.5,,11,espn-core,,,0,0,151,9,Cincinnati,OH
2019-08-29,clem,gt,52,14,-4509.5,1750.0,-36.5,36.5,,,,,60.5,,10,espn-core,,,0,1,1,1,Clemson,SC
2019-08-29,clt,webb,49,28,-11750.0,1200.0,-31.0,31.0,,,,,54.5,,7,espn-core,,,0,0,12,40,Charlotte,NC
2019-08-29,cmu,alb,38,21,-700.0,460.0,-14.25,14.25,,,,,45.0,,7,espn-core,,,0,0,15,48,Mount Pleasant,MI
2019-08-29,conn,wag,24,21,-2500.0,1025.0,-23.0,23.0,,,,,70.5,,7,espn-core,,,0,0,151,25,East Hartford,CT
2019-08-29,del,dsu,31,13,-5200.0,1050.0,-25.0,25.0,,,,,45.5,,5,espn-core,,,0,0,48,24,Newark,DE
2019-08-29,minn,sdst,28,21,-750.0,480.0,-15.0,15.0,,,,,56.0,,7,espn-core,,,0,0,5,21,Minneapolis,MN
2019-08-29,nau,most,37,23,-135.0,110.0,-1.0,1.0,,,,,58.0,,6,espn-core,,,0,0,20,21,Flagstaff,AZ
2019-08-29,sela,jvst,35,14,300.0,-410.0,9.0,-9.0,,,,,62.5,,6,espn-core,,,0,0,30,26,Hammond,LA
2019-08-29,sjsu,unco,35,18,-1200.0,650.0,-17.5,17.5,,,,,59.5,,7,espn-core,,,0,0,17,20,San Jose,CA
2019-08-29,ta&m,txst,41,7,-7658.5,2000.0,-33.5,33.5,,,,,57.5,,10,espn-core,,,0,0,8,37,College Station,TX
2019-08-29,tuln,fiu,42,14,-152.5,125.0,-3.0,3.0,,,,,58.5,,10,espn-core,,,0,0,151,12,New Orleans,LA
2019-08-29,uab,alst,24,19,,1350.0,-39.0,39.0,,,,,50.5,,7,espn-core,,,0,0,12,31,Birmingham,AL
2019-08-29,ucf,famu,62,0,,1350.0,-44.0,44.0,,,,,65.5,,7,espn-core,,,0,0,151,24,Orlando,FL
2019-08-29,wku,cark,28,35,-400.0,300.0,-10.0,10.0,,,,,54.5,,7,espn-core,,,0,0,12,30,Bowling Green,KY
2019-08-30,army,rice,14,7,-1734.0,954.5,-23.5,23.5,,,,,46.0,,11,espn-core,,,0,0,18,12,West Point,NY
2019-08-30,colo,csu,52,31,-500.0,355.0,-13.0,13.0,,,,,55.5,,11,espn-core,,,1,0,9,17,Denver,CO
2019-08-30,msu,tlsa,28,7,-2500.0,1100.0,-23.5,23.5,,,,,47.5,,11,espn-core,,,0,0,5,151,East Lansing,MI
2019-08-30,nev,pur,34,31,340.0,-460.0,11.0,-11.0,,,,,58.5,,11,espn-core,,,0,0,17,5,Reno,NV
2019-08-30,orst,okst,36,52,380.0,-500.0,13.5,-13.5,,,,,73.0,,11,espn-core,,,0,0,9,4,Corvallis,OR
2019-08-30,rutg,mass,48,21,-980.0,610.0,-17.0,17.0,,,,,54.0,,8,espn-core,,,0,0,5,18,Piscataway,NJ
2019-08-30,usf,wis,0,49,325.0,-415.0,10.5,-10.5,,,,,58.0,,11,espn-core,,,0,0,151,5,Tampa,FL
2019-08-30,wake,usu,38,35,-190.0,155.0,-4.5,4.5,,,,,61.25,,4,espn-core,,,0,0,1,17,Winston-Salem,NC
2019-08-31,afa,colg,48,7,-1200.0,1035.0,-23.5,23.5,,,,,43.5,,7,espn-core,,,0,0,17,27,USAF Academy,CO
2019-08-31,ala,duke,42,3,-7342.0,1600.0,-33.5,33.5,,,,,57.0,,11,espn-core,,,1,0,8,1,Atlanta,GA
2019-08-31,app,etsu,42,7,-41650.0,1300.0,-33.0,33.0,,,,,51.5,,7,espn-core,,,0,0,37,29,Boone,NC
2019-08-31,ark,prst,20,13,-5000.0,1000.0,-29.5,29.5,,,,,60.5,,4,espn-core,,,0,0,8,20,Fayetteville,AR
2019-08-31,arst,smu,30,37,-132.5,105.0,-1.5,1.5,,,,,57.5,,10,espn-core,,,0,0,37,151,Jonesboro,AR
2019-08-31,aub,ore,27,21,-170.0,150.0,,,,,,,55.0,,11,espn-core,,,1,0,8,9,Arlington,TX
2019-08-31,ball,iu,24,34,590.0,-910.0,18.0,-18.0,,,,,61.0,,10,espn-core,,,1,0,15,5,Indianapolis,IN
2019-08-31,bay,sfa,56,17,,1350.0,-43.5,43.5,,,,,57.5,,6,espn-core,,,0,0,4,30,Waco,TX
2019-08-31,bc,vt,35,28,160.0,-185.0,4.5,-4.5,,,,,57.5,,10,espn-core,,,0,1,1,1,Chestnut Hill,MA
2019-08-31,cal,ucd,27,13,-910.0,555.0,-15.5,15.5,,,,,48.0,,8,espn-core,,,0,0,9,20,Berkeley,CA
2019-08-31,ccu,emu,23,30,170.0,-210.0,5.0,-5.0,,,,,55.5,,11,espn-core,,,0,0,37,15,Conway,SC
2019-08-31,fsu,bois,31,36,-250.0,200.0,-6.5,6.5,,,,,54.5,,10,espn-core,,,0,0,1,17,Tallahassee,FL
2019-08-31,ill,akr,42,3,-1000.0,620.0,-18.0,18.0,,,,,60.0,,10,espn-core,,,0,0,5,15,Champaign,IL
2019-08-31,iowa,m-oh,38,14,-3350.0,1150.0,-25.0,25.0,,,,,47.5,,11,espn-core,,,0,0,5,15,Iowa City,IA
2019-08-31,isu,uni,29,26,-985.0,860.0,-23.5,23.5,,,,,41.5,,8,espn-core,,,0,0,4,21,Ames,IA
2019-08-31,kenn,poi,59,0,,,,,,,,,,,0,espn-core,,,0,0,40,,Kennesaw,GA
2019-08-31,ksu,nich,49,14,-2025.0,875.0,-20.5,20.5,,,,,47.5,,7,espn-core,,,0,0,4,30,Manhattan,KS
2019-08-31,ku,inst,24,17,-550.0,380.0,-9.25,9.25,,,,,53.5,,7,espn-core,,,0,0,4,21,Lawrence,KS
2019-08-31,lib,syr,0,24,646.0,-1000.0,19.5,-19.5,,,,,69.5,,9,espn-core,,,0,0,18,1,Lynchburg,VA
2019-08-31,lsu,gaso,55,3,-4825.0,1518.5,-27.0,27.0,,,,,51.5,,11,espn-core,,,0,0,8,37,Baton Rouge,LA
2019-08-31,md,how,79,0,-2525.0,550.0,-29.25,29.25,,,,,65.5,,7,espn-core,,,0,0,5,24,College Park,MD
2019-08-31,mem,miss,15,10,-170.0,144.5,-3.5,3.5,,,,,64.75,,11,espn-core,,,0,0,151,8,Memphis,TN
2019-08-31,mich,mtsu,40,21,-12474.5,2900.0,-36.0,36.0,,,,,56.0,,11,espn-core,,,0,0,5,12,Ann Arbor,MI
2019-08-31,mrsh,vmi,56,17,,1300.0,-43.25,43.25,,,,,63.5,,6,espn-core,,,0,0,12,29,Huntington,WV
2019-08-31,navy,hc,45,7,-3975.0,1200.0,-22.0,22.0,,,,,53.5,,8,espn-core,,,0,0,151,27,Annapolis,MD
2019-08-31,ncsu,ecu,34,6,-1000.0,620.0,-17.5,17.5,,,,,51.5,,11,espn-core,,,0,0,1,151,Raleigh,NC
2019-08-31,ndsu,but,57,10,100.0,1350.0,-46.0,46.0,,,,,56.5,,6,espn-core,,,1,0,21,28,Minneapolis,MN
2019-08-31,neb,usa,35,21,-12475.0,2200.0,-35.5,35.5,,,,,65.5,,10,espn-core,,,0,0,5,37,Lincoln,NE
2019-08-31,niu,ilst,24,10,-290.0,220.0,-6.5,6.5,,,,,42.5,,8,espn-core,,,0,0,15,21,Dekalb,IL
2019-08-31,odu,norf,24,21,-3000.0,1290.0,-25.5,25.5,,,,,55.5,,7,espn-core,,,0,0,12,24,Norfolk,VA
2019-08-31,ohio,uri,41,20,-4050.0,1375.0,-25.0,25.0,,,,,66.5,,7,espn-core,,,0,0,15,48,Athens,OH
2019-08-31,osu,fau,45,21,-5000.0,1400.0,-28.0,28.0,,,,,66.0,,11,espn-core,,,0,0,5,12,Columbus,OH
2019-08-31,pitt,uva,14,30,112.5,-135.0,2.5,-2.5,,,,,46.25,,10,espn-core,,,0,1,1,1,Pittsburgh,PA
2019-08-31,psu,idho,79,7,,,,,,,,,,,0,espn-core,,,0,0,5,20,University Park,PA
2019-08-31,sac,sou,77,19,,,,,,,,,58.5,,1,espn-core,,,0,0,20,,Sacramento,CA
2019-08-31,sdsu,web,6,0,-610.0,420.0,-14.0,14.0,,,,,36.5,,8,espn-core,,,0,0,17,20,San Diego,CA
2019-08-31,stan,nu,17,7,-260.0,210.0,-6.5,6.5,,,,,46.5,,11,espn-core,,,0,0,9,5,Stanford,CA
2019-08-31,tcu,uapb,39,7,100.0,1350.0,-55.0,55.0,,,,,64.5,,4,espn-core,,,0,0,4,31,Fort Worth,TX
2019-08-31,tem,buck,56,12,,1350.0,-41.75,41.75,,,,,53.5,,4,espn-core,,,0,0,151,27,Philadelphia,PA
2019-08-31,tenn,gast,30,38,-2900.0,790.0,-24.5,24.5,,,,,58.5,,11,espn-core,,,0,0,8,37,Knoxville,TN
2019-08-31,tex,lt,45,14,-1200.0,700.0,-19.0,19.0,,,,,55.25,,12,espn-core,,,0,0,4,12,Austin,TX
2019-08-31,troy,cam,43,14,,1300.0,-36.0,36.0,,,,,49.0,,8,espn-core,,,0,0,37,40,Troy,AL
2019-08-31,ttu,mtst,45,10,-5100.0,1000.0,-28.0,28.0,,,,,60.0,,8,espn-core,,,0,0,4,20,Lubbock,TX
2019-08-31,uk,tol,38,24,-360.0,280.0,-10.0,10.0,,,,,60.5,,11,espn-core,,,0,0,8,15,Lexington,KY
2019-08-31,ul,msst,28,38,590.0,-995.0,18.75,-18.75,,,,,60.5,,11,espn-core,,,1,0,37,8,New Orleans,LA
2019-08-31,ulm,gram,31,9,-7475.0,1300.0,-28.0,28.0,,,,,58.5,,7,espn-core,,,0,0,37,31,Monroe,LA
2019-08-31,unc,sc,24,20,333.0,-475.0,12.0,-12.0,,,,,62.0,,11,espn-core,,,1,0,1,8,Charlotte,NC
2019-08-31,unlv,suu,56,23,-5000.0,1300.0,-24.5,24.5,,,,,70.5,,8,espn-core,,,0,0,17,20,Las Vegas,NV
2019-08-31,unm,shsu,39,31,-290.0,220.0,-6.5,6.5,,,,,62.5,,7,espn-core,,,0,0,17,30,Albuquerque,NM
2019-08-31,unt,acu,51,31,-2000.0,935.0,-23.0,23.0,,,,,58.5,,6,espn-core,,,0,0,12,30,Denton,TX
2019-08-31,usc,fres,31,23,-670.0,480.0,-14.0,14.0,,,,,50.0,,11,espn-core,,,0,0,9,17,Los Angeles,CA
2019-08-31,usm,alcn,38,10,-3150.0,1150.0,-27.0,27.0,,,,,55.0,,7,espn-core,,,0,0,12,31,Hattiesburg,MS
2019-08-31,utep,hbap,36,34,-1000.0,600.0,-17.5,17.5,,,,,61.5,,7,espn-core,,,0,0,12,30,El Paso,TX
2019-08-31,utsa,uiw,35,7,-400.0,300.0,-8.75,8.75,,,,,58.5,,7,espn-core,,,0,0,12,30,San Antonio,TX
2019-08-31,van,uga,6,30,950.0,-2000.0,23.25,-23.25,,,,,56.5,,11,espn-core,,,0,1,8,8,Nashville,TN
2019-08-31,wash,ewu,47,14,-3400.0,1150.0,-24.5,24.5,,,,,60.5,,7,espn-core,,,0,0,9,20,Seattle,WA
2019-08-31,wmu,monm,48,13,-1875.0,895.0,-24.5,24.5,,,,,73.5,,5,espn-core,,,0,0,15,40,Kalamazoo,MI
2019-08-31,wsu,nmsu,58,7,-7450.0,1800.0,-33.0,33.0,,,,,65.5,,11,espn-core,,,0,0,9,18,Pullman,WA
2019-08-31,wvu,jmu,20,13,-260.0,197.5,-7.0,7.0,,,,,52.5,,7,espn-core,,,0,0,4,48,Morgantown,WV
2019-08-31,wyo,miz,37,31,545.0,-850.0,16.75,-16.75,,,,,53.5,,11,espn-core,,,0,0,17,8,Laramie,WY
2019-09-01,ou,hou,49,31,-1450.0,800.0,-21.75,21.75,,,,,79.5,,11,espn-core,,,0,0,4,151,Norman,OK
2019-09-02,lou,nd,17,35,720.0,-1250.0,19.5,-19.5,,,,,54.5,,11,espn-core,,,0,0,1,18,Louisville,KY
2019-09-06,asu,sac,19,7,-19600.0,1250.0,-35.0,35.0,,,,,63.5,,7,espn-core,,,0,0,9,20,Tempe,AZ
2019-09-06,bois,mrsh,14,7,-600.0,440.0,-13.5,13.5,,,,,58.0,,11,espn-core,,,0,0,17,12,Boise,ID
2019-09-06,rice,wake,21,41,700.0,-1125.0,20.0,-20.0,,,,,59.0,,9,espn-core,,,0,0,12,1,Houston,TX
2019-09-06,uva,w&m,52,17,-31250.0,1250.0,-32.5,32.5,,,,,52.5,,7,espn-core,,,0,0,1,48,Charlottesville,VA
2019-09-07,akr,uab,20,31,250.0,-317.5,7.5,-7.5,,,,,46.5,,11,espn-core,,,0,0,15,12,Akron,OH
2019-09-07,ala,nmsu,62,10,100.0,725.0,-55.25,55.25,,,,,64.75,,10,espn-core,,,0,0,8,18,Tuscaloosa,AL
2019-09-07,app,clt,56,41,-2000.0,1000.0,-23.5,23.5,,,,,54.5,,10,espn-core,,,0,0,37,12,Boone,NC
2019-09-07,ariz,nau,65,41,-4225.0,1250.0,-28.0,28.0,,,,,63.5,,8,espn-core,,,0,0,9,20,Tucson,AZ
2019-09-07,aub,tuln,24,6,-830.0,542.5,-16.5,16.5,,,,,51.5,,11,espn-core,,,0,0,8,151,Auburn,AL
2019-09-07,ball,for,57,29,-5150.0,1575.0,-29.5,29.5,,,,,51.0,,7,espn-core,,,0,0,15,27,Muncie,IN
2019-09-07,bay,utsa,63,14,-3300.0,1176.0,-25.0,25.0,,,,,58.5,,11,espn-core,,,0,0,4,12,Waco,TX
2019-09-07,bc,rich,45,13,-17850.0,1200.0,-33.5,33.5,,,,,56.0,,7,espn-core,,,0,0,1,48,Chestnut Hill,MA
2019-09-07,clem,ta&m,24,10,-837.0,570.0,-16.0,16.0,,,,,62.0,,11,espn-core,,,0,0,1,8,Clemson,SC
2019-09-07,colo,neb,34,31,155.0,-185.0,4.5,-4.5,,,,,63.5,,11,espn-core,,,0,0,9,5,Boulder,CO
2019-09-07,conn,ill,23,31,801.0,-1600.0,21.0,-21.0,,,,,59.5,,11,espn-core,,,0,0,151,5,East Hartford,CT
2019-09-07,csu,wiu,38,13,-505.0,350.0,-12.0,12.0,,,,,57.5,,8,espn-core,,,0,0,17,21,Fort Collins,CO
2019-09-07,duke,ncat,45,13,-5000.0,1350.0,-27.5,27.5,,,,,52.0,,7,espn-core,,,0,0,1,24,Durham,NC
2019-09-07,ecu,webb,48,9,-3800.0,600.0,-31.0,31.0,,,,,58.5,,8,espn-core,,,0,0,151,40,Greenville,NC
2019-09-07,fau,ucf,14,48,400.0,-560.0,13.5,-13.5,,,,,69.0,,10,espn-core,,,0,0,12,151,Boca Raton,FL
2019-09-07,fiu,wku,14,20,-310.0,250.0,-7.5,7.5,,,,,57.0,,9,espn-core,,,0,1,12,12,Miami,FL
2019-09-07,fla,utm,45,0,100.0,1350.0,-44.5,44.5,,,,,59.5,,7,espn-core,,,0,0,8,26,Gainesville,FL
2019-09-07,fres,minn,35,38,127.5,-150.0,3.0,-3.0,,,,,46.0,,11,espn-core,,,0,0,17,5,Fresno,CA
2019-09-07,fsu,ulm,45,44,-1800.0,872.5,-22.5,22.5,,,,,65.5,,10,espn-core,,,0,0,1,37,Tallahassee,FL
2019-09-07,gaso,me,26,18,-350.0,260.0,-8.5,8.5,,,,,46.5,,6,espn-core,,,0,0,37,48,Statesboro,GA
2019-09-07,gast,fur,48,42,-225.0,172.5,-6.0,6.0,,,,,61.5,,7,espn-core,,,0,0,37,29,Atlanta,GA
2019-09-07,gt,usf,14,10,-200.0,167.5,-5.0,5.0,,,,,58.5,,11,espn-core,,,0,0,1,151,Atlanta,GA
2019-09-07,haw,orst,31,28,-260.0,202.5,-7.0,7.0,,,,,78.0,,10,espn-core,,,0,0,17,9,,
2019-09-07,hou,pv,37,17,100.0,1575.0,-35.5,35.5,,,,,77.5,,8,espn-core,,,0,0,151,31,Houston,TX
2019-09-07,iu,eiu,52,0,-24400.0,1250.0,-35.5,35.5,,,,,61.5,,8,espn-core,,,0,0,5,26,Bloomington,IN
2019-09-07,iowa,rutg,30,0,-1150.0,654.0,-17.75,17.75,,,,,48.0,,7,espn-core,,,0,1,5,5,Iowa City,IA
2019-09-07,jmu,sfpa,44,7,-9350.0,1225.0,-33.5,33.5,,,,,43.0,,4,espn-core,,,0,0,48,25,Harrisonburg,VA
2019-09-07,jvst,utc,41,20,-360.0,265.0,-9.0,9.0,,,,,47.0,,7,espn-core,,,0,0,26,29,Jacksonville,AL
2019-09-07,kent,kenn,26,23,,,,,,,,,,,0,espn-core,,,0,0,15,40,Kent,OH
2019-09-07,ksu,bgsu,52,0,-2500.0,1100.0,-25.0,25.0,,,,,57.5,,11,espn-core,,,0,0,4,15,Manhattan,KS
2019-09-07,ku,ccu,7,12,-260.0,212.5,-7.0,7.0,,,,,53.5,,10,espn-core,,,0,0,4,37,Lawrence,KS
2019-09-07,lt,gram,20,14,-11150.0,1175.0,-30.5,30.5,,,,,52.0,,7,espn-core,,,0,0,12,31,Ruston,LA
2019-09-07,lou,eku,42,0,-2500.0,965.0,-21.0,21.0,,,,,60.0,,8,espn-core,,,0,0,1,26,Louisville,KY
2019-09-07,m-oh,tntc,48,17,-38450.0,1300.0,-37.5,37.5,,,,,60.0,,7,espn-core,,,0,0,15,26,Oxford,OH
2019-09-07,mass,siu,20,45,-215.0,167.5,-6.5,6.5,,,,,79.5,,7,espn-core,,,0,0,18,21,Amherst,MA
2019-09-07,md,syr,63,20,-120.0,100.0,-1.0,1.0,,,,,59.0,,10,espn-core,,,0,0,5,1,College Park,MD
2019-09-07,mem,sou,55,24,-66650.0,1300.0,-41.0,41.0,,,,,68.5,,6,espn-core,,,0,0,151,31,Memphis,TN
2019-09-07,mich,army,24,21,-1900.0,995.0,-22.0,22.0,,,,,47.5,,11,espn-core,,,0,0,5,18,Ann Arbor,MI
2019-09-07,miss,ark,31,17,-220.0,180.0,-5.5,5.5,,,,,50.5,,11,espn-core,,,0,1,8,8,Oxford,MS
2019-09-07,miz,wvu,38,7,-525.0,395.0,-13.5,13.5,,,,,62.5,,11,espn-core,,,0,0,8,4,Columbia,MO
2019-09-07,msst,usm,38,15,-770.0,509.0,-16.5,16.5,,,,,51.0,,11,espn-core,,,0,0,8,12,Starkville,MS
2019-09-07,msu,wmu,51,17,-710.0,485.0,-14.5,14.5,,,,,46.5,,11,espn-core,,,0,0,5,15,East Lansing,MI
2019-09-07,mtsu,tnst,45,26,-3450.0,1200.0,-25.5,25.5,,,,,56.5,,7,espn-core,,,0,0,12,26,Murfreesboro,TN
2019-09-07,ncsu,wcu,41,0,-100000.0,1300.0,-41.0,41.0,,,,,65.5,,8,espn-core,,,0,0,1,29,Raleigh,NC
2019-09-07,ndsu,und,38,7,-3300.0,1300.0,-27.5,27.5,,,,,53.5,,7,espn-core,,,0,0,21,32,Fargo,ND
2019-09-07,ou,sdak,70,14,-9700.0,1250.0,-46.5,46.5,,,,,76.5,,7,espn-core,,,0,0,4,21,Norman,OK
2019-09-07,okst,mcn,56,14,,1300.0,-42.0,42.0,,,,,64.5,,7,espn-core,,,0,0,4,30,Stillwater,OK
2019-09-07,ore,nev,77,6,-2000.0,1100.0,-24.5,24.5,,,,,62.0,,11,espn-core,,,0,0,9,17,Eugene,OR
2019-09-07,osu,cin,42,0,-710.0,500.0,-15.0,15.0,,,,,52.0,,11,espn-core,,,0,0,5,151,Columbus,OH
2019-09-07,pitt,ohio,20,10,-190.0,150.0,-4.0,4.0,,,,,54.5,,10,espn-core,,,0,0,1,15,Pittsburgh,PA
2019-09-07,psu,buff,45,13,-5350.0,1550.0,-31.5,31.5,,,,,57.0,,11,espn-core,,,0,0,5,15,University Park,PA
2019-09-07,pur,van,42,24,-270.0,220.0,-7.0,7.0,,,,,55.5,,10,espn-core,,,0,0,5,8,West Lafayette,IN
2019-09-07,sc,chso,72,10,,1350.0,-36.5,36.5,,,,,42.5,,7,espn-core,,,0,0,8,40,Columbia,SC
2019-09-07,shsu,ou,77,0,,,,,,,,,61.5,,1,espn-core,,,0,0,30,,Huntsville,TX
2019-09-07,sjsu,tlsa,16,34,187.5,-240.0,6.5,-6.5,,,,,53.5,,10,espn-core,,,0,0,17,151,San Jose,CA
2019-09-07,smu,unt,49,27,-175.0,145.0,-3.5,3.5,,,,,73.0,,10,espn-core,,,0,0,151,12,Dallas,TX
2019-09-07,tenn,byu,26,29,-170.0,140.0,-3.5,3.5,,,,,52.0,,11,espn-core,,,0,0,8,18,Knoxville,TN
2019-09-07,tex,lsu,38,45,210.0,-260.0,6.5,-6.5,,,,,57.5,,11,espn-core,,,0,0,4,8,Austin,TX
2019-09-07,ttu,utep,38,3,-7674.0,2100.0,-34.5,34.5,,,,,64.0,,11,espn-core,,,0,0,4,12,Lubbock,TX
2019-09-07,txst,wyo,14,23,237.5,-299.0,7.5,-7.5,,,,,47.5,,10,espn-core,,,0,0,37,17,San Marcos,TX
2019-09-07,ucla,sdsu,14,23,-320.0,247.5,-7.5,7.5,,,,,44.5,,11,espn-core,,,0,0,9,17,Pasadena,CA
2019-09-07,uga,murr,63,17,100.0,1350.0,-49.5,49.5,,,,,61.5,,8,espn-core,,,0,0,8,26,Athens,GA
2019-09-07,uk,emu,38,17,-690.0,474.5,-15.5,15.5,,,,,52.25,,10,espn-core,,,0,0,8,15,Lexington,KY
2019-09-07,ul,lib,35,14,-590.0,400.0,,,,,,,65.5,,10,espn-core,,,0,0,37,18,Lafayette,LA
2019-09-07,unc,mia,28,25,175.0,-220.0,5.0,-5.0,,,,,46.25,,10,espn-core,,,0,1,1,1,Chapel Hill,NC
2019-09-07,unlv,arst,17,43,-110.0,-112.5,,,,,,,64.0,,11,espn-core,,,0,0,17,37,Las Vegas,NV
2019-09-07,uri,del,36,44,-147.5,120.0,-2.5,2.5,,,,,51.5,,7,espn-core,,,0,1,48,48,Kingston,RI
2019-09-07,usa,jkst,37,14,-2825.0,1050.0,-26.0,26.0,,,,,47.0,,8,espn-core,,,0,0,37,31,Mobile,AL
2019-09-07,usc,stan,45,20,-155.0,133.0,,,,,,,43.5,,12,espn-core,,,0,1,9,9,Los Angeles,CA
2019-09-07,usu,sb,62,7,-4800.0,1150.0,-31.5,31.5,,,,,58.0,,7,espn-core,,,0,0,17,48,Logan,UT
2019-09-07,utah,niu,35,17,-2925.0,1100.0,-23.0,23.0,,,,,45.0,,10,espn-core,,,0,0,9,15,Salt Lake City,UT
2019-09-07,vt,odu,31,17,-5125.0,1650.0,-28.5,28.5,,,,,57.25,,11,espn-core,,,0,0,1,12,Blacksburg,VA
2019-09-07,wash,cal,19,20,-600.0,430.0,-13.5,13.5,,,,,43.5,,11,espn-core,,,0,1,9,9,Seattle,WA
2019-09-07,wis,cmu,61,0,-8875.0,1750.0,-35.0,35.0,,,,,54.0,,10,espn-core,,,0,0,5,15,Madison,WI
2019-09-07,wsu,unco,59,17,,1350.0,-42.0,42.0,,,,,63.0,,7,espn-core,,,0,0,9,20,Pullman,WA
2019-09-13,bc,ku,24,48,-1250.0,700.0,-20.25,20.25,,,,,51.0,,12,espn-core,,,0,0,1,4,Chestnut Hill,MA
2019-09-13,hou,wsu,24,31,260.0,-330.0,9.0,-9.0,,,,,73.5,,12,espn-core,,,1,0,151,9,Houston,TX
2019-09-13,wake,unc,24,18,-150.0,130.0,-3.0,3.0,,,,,65.0,,12,espn-core,,,0,0,1,1,Winston-Salem,NC
2019-09-14,alst,kenn,7,42,,,,,,,,,,,0,espn-core,,,0,0,31,40,Montgomery,AL
2019-09-14,ariz,ttu,28,14,105.0,-125.0,,,,,,,74.5,,12,espn-core,,,0,0,9,4,Tucson,AZ
2019-09-14,ark,csu,55,34,-360.0,271.0,-10.0,10.0,,,,,64.0,,12,espn-core,,,0,0,8,17,Fayetteville,AR
2019-09-14,aub,kent,55,16,-9950.0,1750.0,-35.5,35.5,,,,,54.0,,11,espn-core,,,0,0,8,15,Auburn,AL
2019-09-14,ball,fau,31,41,120.0,-140.0,2.5,-2.5,,,,,64.0,,11,espn-core,,,0,0,15,12,Muncie,IN
2019-09-14,bgsu,lt,7,35,357.0,-500.0,12.5,-12.5,,,,,59.0,,11,espn-core,,,0,0,15,12,Bowling Green,OH
2019-09-14,bois,prst,45,10,-58800.0,1300.0,-32.5,32.5,,,,,54.0,,7,espn-core,,,0,0,17,20,Boise,ID
2019-09-14,byu,usc,30,27,165.0,-200.0,4.5,-4.5,,,,,57.5,,11,espn-core,,,0,0,18,9,Provo,UT
2019-09-14,cal,unt,23,17,-650.0,450.0,-14.0,14.0,,,,,50.0,,12,espn-core,,,0,0,9,12,Berkeley,CA
2019-09-14,ccu,norf,46,7,-4700.0,1375.0,-25.5,25.5,,,,,48.5,,7,espn-core,,,0,0,37,24,Conway,SC
2019-09-14,cin,m-oh,35,13,-915.0,595.5,-17.0,17.0,,,,,49.5,,11,espn-core,,,0,0,151,15,Cincinnati,OH
2019-09-14,clt,mass,52,17,-1650.0,855.0,-21.0,21.0,,,,,66.5,,11,espn-core,,,0,0,12,18,Charlotte,NC
2019-09-14,cmu,akr,45,24,-140.0,117.0,-2.5,2.5,,,,,45.5,,11,espn-core,,,0,1,15,15,Mount Pleasant,MI
2019-09-14,colo,afa,23,30,-155.0,130.0,-3.0,3.0,,,,,58.5,,11,espn-core,,,0,0,9,17,Boulder,CO
2019-09-14,del,ndsu,22,47,840.0,-2600.0,24.5,-24.5,,,,,54.0,,7,espn-core,,,0,0,48,21,Newark,DE
2019-09-14,fiu,unh,30,17,-625.0,405.0,-13.5,13.5,,,,,43.5,,7,espn-core,,,0,0,12,48,Miami,FL
2019-09-14,gt,cit,24,27,-3650.0,1200.0,-25.5,25.5,,,,,58.5,,7,espn-core,,,0,0,1,29,Atlanta,GA
2019-09-14,ill,emu,31,34,-290.0,230.0,-7.5,7.5,,,,,57.0,,12,espn-core,,,0,0,5,15,Champaign,IL
2019-09-14,iu,osu,10,51,725.0,-1150.0,17.5,-17.5,,,,,60.0,,12,espn-core,,,0,1,5,5,Bloomington,IN
2019-09-14,isu,iowa,17,18,100.0,-120.0,1.5,-1.5,,,,,42.5,,12,espn-core,,,0,0,4,5,Ames,IA
2019-09-14,jmu,morg,63,12,,,-37.5,37.5,,,,,45.5,,3,espn-core,,,0,0,48,24,Harrisonburg,VA
2019-09-14,jvst,ewu,49,45,200.0,-260.0,6.0,-6.0,,,,,72.0,,7,espn-core,,,0,0,26,20,Jacksonville,AL
2019-09-14,lib,buff,35,17,176.0,-220.0,6.0,-6.0,,,,,55.0,,11,espn-core,,,0,0,18,15,Lynchburg,VA
2019-09-14,lsu,nwst,65,14,100.0,1350.0,-51.5,51.5,,,,,68.0,,7,espn-core,,,0,0,8,30,Baton Rouge,LA
2019-09-14,mia,bcu,63,0,,1350.0,-41.5,41.5,,,,,56.0,,4,espn-core,,,0,0,1,24,Miami Gardens,FL
2019-09-14,minn,gaso,35,32,-910.0,580.0,-16.5,16.5,,,,,45.0,,12,espn-core,,,0,0,5,37,Minneapolis,MN
2019-09-14,miss,sela,40,29,-10100.0,1150.0,-30.5,30.5,,,,,53.0,,8,espn-core,,,0,0,8,30,Oxford,MS
2019-09-14,miz,semo,50,0,-9900.0,1150.0,-34.25,34.25,,,,,68.5,,8,espn-core,,,0,0,8,26,Columbia,MO
2019-09-14,mrsh,ohio,33,31,-195.0,158.0,-4.5,4.5,,,,,48.0,,11,espn-core,,,0,0,12,15,Huntington,WV
2019-09-14,msst,ksu,24,31,-270.0,220.0,-7.0,7.0,,,,,50.5,,12,espn-core,,,0,0,8,4,Starkville,MS
2019-09-14,msu,asu,7,10,-781.0,540.0,-15.5,15.5,,,,,42.0,,12,espn-core,,,0,0,5,9,East Lansing,MI
2019-09-14,mtsu,duke,18,41,206.0,-260.0,6.5,-6.5,,,,,50.5,,12,espn-core,,,0,0,12,1,Murfreesboro,TN
2019-09-14,navy,ecu,42,10,-300.0,240.0,-7.5,7.5,,,,,53.5,,12,espn-core,,,0,1,151,151,Annapolis,MD
2019-09-14,nd,unm,66,14,-7524.0,2000.0,-34.5,34.5,,,,,64.0,,12,espn-core,,,0,0,18,17,Notre Dame,IN
2019-09-14,neb,niu,44,8,-630.0,430.0,-14.0,14.0,,,,,53.5,,12,espn-core,,,0,0,5,15,Lincoln,NE
2019-09-14,nev,web,19,13,-300.0,230.0,-7.5,7.5,,,,,51.5,,7,espn-core,,,0,0,17,20,Reno,NV
2019-09-14,nmsu,sdsu,10,31,550.0,-870.0,16.5,-16.5,,,,,51.5,,12,espn-core,,,0,0,18,17,Las Cruces,NM
2019-09-14,nu,unlv,30,14,-1100.0,670.0,-18.5,18.5,,,,,52.0,,12,espn-core,,,0,0,5,17,Evanston,IL
2019-09-14,ore,mont,35,3,-27400.0,1225.0,-38.5,38.5,,,,,65.5,,8,espn-core,,,0,0,9,20,Eugene,OR
2019-09-14,orst,cp,45,7,-675.0,435.0,-16.5,16.5,,,,,75.5,,8,espn-core,,,0,0,9,20,Corvallis,OR
2019-09-14,psu,pitt,17,10,-1000.0,650.0,-17.0,17.0,,,,,53.0,,12,espn-core,,,0,0,5,1,University Park,PA
2019-09-14,pur,tcu,13,34,125.0,-155.0,3.0,-3.0,,,,,53.0,,12,espn-core,,,0,0,5,4,West Lafayette,IN
2019-09-14,rice,tex,13,48,1840.0,-8148.0,32.5,-32.5,,,,,56.25,,12,espn-core,,,1,0,12,4,Houston,TX
2019-09-14,sac,unco,50,0,-310.0,230.0,-7.5,7.5,,,,,64.0,,7,espn-core,,,0,0,20,20,Sacramento,CA
2019-09-14,sc,ala,23,47,1361.5,-3175.0,26.5,-26.5,,,,,59.5,,12,espn-core,,,0,1,8,8,Columbia,SC
2019-09-14,smu,txst,47,17,-910.0,580.0,-17.5,17.5,,,,,62.5,,11,espn-core,,,0,0,151,37,Dallas,TX
2019-09-14,syr,clem,6,41,1055.0,-2970.0,28.0,-28.0,,,,,64.0,,12,espn-core,,,0,1,1,1,Syracuse,NY
2019-09-14,ta&m,lam,62,3,,1350.0,-45.0,45.0,,,,,63.0,,8,espn-core,,,0,0,8,30,College Station,TX
2019-09-14,tem,md,20,17,170.0,-200.0,5.0,-5.0,,,,,66.0,,12,espn-core,,,0,0,151,5,Philadelphia,PA
2019-09-14,tenn,utc,45,0,-9700.0,1150.0,-30.25,30.25,,,,,50.25,,7,espn-core,,,0,0,8,29,Knoxville,TN
2019-09-14,tlsa,okst,21,40,410.0,-560.0,14.0,-14.0,,,,,64.0,,12,espn-core,,,0,0,151,4,Tulsa,OK
2019-09-14,tol,murr,45,0,-9700.0,1200.0,-36.0,36.0,,,,,70.0,,7,espn-core,,,0,0,15,26,Toledo,OH
2019-09-14,troy,usm,42,47,-150.0,125.0,-3.0,3.0,,,,,49.0,,12,espn-core,,,0,0,37,12,Troy,AL
2019-09-14,tuln,most,58,6,-6800.0,1100.0,-31.5,31.5,,,,,55.0,,7,espn-core,,,0,0,151,21,New Orleans,LA
2019-09-14,ucf,stan,45,27,-380.0,280.0,-10.0,10.0,,,,,58.5,,12,espn-core,,,0,0,151,9,Orlando,FL
2019-09-14,ucla,ou,14,48,1001.0,-1797.5,23.0,-23.0,,,,,71.5,,12,espn-core,,,0,0,9,4,Pasadena,CA
2019-09-14,uga,arst,55,0,-10000.0,1800.0,-32.5,32.5,,,,,58.5,,12,espn-core,,,0,0,8,37,Athens,GA
2019-09-14,uk,fla,21,29,280.0,-360.0,9.5,-9.5,,,,,45.75,,12,espn-core,,,0,1,8,8,Lexington,KY
2019-09-14,ul,txso,77,6,,1300.0,-47.0,47.0,,,,,75.0,,7,espn-core,,,0,0,37,31,Lafayette,LA
2019-09-14,und,shsu,27,23,-280.0,210.0,-7.0,7.0,,,,,57.5,,7,espn-core,,,0,0,32,30,Grand Forks,ND
2019-09-14,usa,mem,6,42,850.0,-1528.0,20.5,-20.5,,,,,55.0,,12,espn-core,,,0,0,37,151,Mobile,AL
2019-09-14,usf,scst,55,16,-4500.0,1345.0,-25.75,25.75,,,,,49.5,,6,espn-core,,,0,0,151,24,Tampa,FL
2019-09-14,utah,idst,31,0,-32250.0,1250.0,-37.5,37.5,,,,,63.5,,7,espn-core,,,0,0,9,20,Salt Lake City,UT
2019-09-14,utsa,army,13,31,590.0,-900.0,17.0,-17.0,,,,,44.5,,11,espn-core,,,0,0,12,18,San Antonio,TX
2019-09-14,uva,fsu,31,24,-290.0,228.0,-7.0,7.0,,,,,54.5,,12,espn-core,,,0,1,1,1,Charlottesville,VA
2019-09-14,vt,fur,24,17,-3075.0,1125.0,-24.0,24.0,,,,,64.5,,8,espn-core,,,0,0,1,29,Blacksburg,VA
2019-09-14,wash,haw,52,20,-1753.0,920.0,-21.5,21.5,,,,,59.0,,12,espn-core,,,0,0,9,17,Seattle,WA
2019-09-14,wku,lou,21,38,310.0,-400.0,,,,,,,49.0,,12,espn-core,,,1,0,12,1,Nashville,TN
2019-09-14,wmu,gast,57,10,-330.0,256.5,-9.0,9.0,,,,,69.5,,10,espn-core,,,0,0,15,37,Kalamazoo,MI
2019-09-14,wvu,ncsu,44,27,220.0,-270.0,7.0,-7.0,,,,,46.0,,11,espn-core,,,0,0,4,1,Morgantown,WV
2019-09-14,wyo,idho,21,16,,,,,,,,,,,0,espn-core,,,0,0,17,20,Laramie,WY
2019-09-19,tuln,hou,38,31,-185.0,155.0,-4.0,4.0,,,,,57.5,,11,espn-core,,,0,1,151,151,New Orleans,LA
2019-09-20,bois,afa,30,19,-320.0,240.0,-7.5,7.5,,,,,53.5,,11,espn-core,,,0,1,17,17,Boise,ID
2019-09-20,lt,fiu,43,31,-280.0,220.0,-7.0,7.0,,,,,51.5,,11,espn-core,,,0,1,12,12,Ruston,LA
2019-09-20,usc,utah,30,23,150.0,-175.0,,,,,,,53.5,,12,espn-core,,,0,1,9,9,Los Angeles,CA
2019-09-21,akr,troy,7,35,715.0,-1150.0,19.0,-19.0,,,,,57.5,,10,espn-core,,,0,0,15,37,Akron,OH
2019-09-21,ala,usm,49,7,100.0,1250.0,-37.5,37.5,,,,,63.5,,11,espn-core,,,0,0,8,12,Tuscaloosa,AL
2019-09-21,ark,sjsu,24,31,-1200.0,730.5,-20.0,20.0,,,,,61.5,,12,espn-core,,,0,0,8,17,Fayetteville,AR
2019-09-21,army,morg,52,21,100.0,1350.0,-45.5,45.5,,,,,55.5,,8,espn-core,,,0,0,18,24,West Point,NY
2019-09-21,arst,siu,41,28,-2500.0,1000.0,-23.0,23.0,,,,,62.0,,7,espn-core,,,0,0,37,21,Jonesboro,AR
2019-09-21,asu,colo,31,34,-325.0,252.5,-8.0,8.0,,,,,48.5,,12,espn-core,,,0,1,9,9,Tempe,AZ
2019-09-21,buff,tem,38,22,435.0,-620.0,14.0,-14.0,,,,,50.5,,12,espn-core,,,0,0,15,151,Buffalo,NY
2019-09-21,byu,wash,19,45,220.0,-270.0,6.5,-6.5,,,,,51.0,,11,espn-core,,,0,0,18,9,Provo,UT
2019-09-21,clem,clt,52,10,100.0,700.0,-41.5,41.5,,,,,61.5,,11,espn-core,,,0,0,1,12,Clemson,SC
2019-09-21,csu,tol,35,41,195.0,-240.0,,,,,,,67.5,,12,espn-core,,,0,0,17,15,Fort Collins,CO
2019-09-21,del,penn,28,27,-510.0,350.0,-11.5,11.5,,,,,46.5,,7,espn-core,,,0,0,48,22,Newark,DE
2019-09-21,ecu,w&m,19,7,-720.0,460.0,-14.0,14.0,,,,,50.0,,7,espn-core,,,0,0,151,48,Greenville,NC
2019-09-21,emu,ccsu,34,29,-8700.0,1150.0,-32.5,32.5,,,,,63.0,,8,espn-core,,,0,0,15,25,Ypsilanti,MI
2019-09-21,fau,wag,42,7,,1300.0,-37.5,37.5,,,,,55.5,,7,espn-core,,,0,0,12,25,Boca Raton,FL
2019-09-21,fla,tenn,34,3,-560.0,400.0,-13.0,13.0,,,,,49.0,,11,espn-core,,,0,1,8,8,Gainesville,FL
2019-09-21,fres,sac,34,20,-3000.0,880.0,-24.5,24.5,,,,,54.5,,6,espn-core,,,0,0,17,20,Fresno,CA
2019-09-21,fsu,lou,35,24,-250.0,200.0,-6.5,6.5,,,,,61.0,,11,espn-core,,,0,1,1,1,Tallahassee,FL
2019-09-21,haw,cark,35,16,-850.0,510.0,-16.5,16.5,,,,,66.5,,7,espn-core,,,0,0,17,30,,
2019-09-21,ill,neb,38,42,370.0,-500.0,13.0,-13.0,,,,,62.5,,11,espn-core,,,0,1,5,5,Champaign,IL
2019-09-21,iu,conn,38,3,-3825.0,1375.0,-27.0,27.0,,,,,56.5,,11,espn-core,,,0,0,5,151,Bloomington,IN
2019-09-21,isu,ulm,72,20,-1050.0,630.0,-17.5,17.5,,,,,51.5,,11,espn-core,,,0,0,4,37,Ames,IA
2019-09-21,jvst,una,30,12,-1850.0,1000.0,-21.5,21.5,,,,,65.0,,7,espn-core,,,0,0,26,40,Jacksonville,AL
2019-09-21,kent,bgsu,62,20,-450.0,330.0,-12.0,12.0,,,,,62.0,,11,espn-core,,,0,1,15,15,Kent,OH
2019-09-21,ku,wvu,24,29,170.0,-202.5,4.5,-4.5,,,,,49.0,,11,espn-core,,,0,1,4,4,Lawrence,KS
2019-09-21,lib,hamp,62,27,-3300.0,910.0,-25.5,25.5,,,,,58.0,,4,espn-core,,,0,0,18,40,Lynchburg,VA
2019-09-21,mass,ccu,28,62,550.0,-850.0,17.0,-17.0,,,,,62.5,,11,espn-core,,,0,0,18,37,Amherst,MA
2019-09-21,mia,cmu,17,12,-10000.0,1800.0,-30.5,30.5,,,,,48.5,,11,espn-core,,,0,0,1,15,Miami Gardens,FL
2019-09-21,miss,cal,20,28,-150.0,126.0,-3.0,3.0,,,,,42.5,,11,espn-core,,,0,0,8,9,Oxford,MS
2019-09-21,miz,sc,34,14,-360.0,275.0,-9.5,9.5,,,,,61.0,,12,espn-core,,,0,1,8,8,Columbia,MO
2019-09-21,most,kenn,24,35,,,,,,,,,,,0,espn-core,,,0,0,21,40,Springfield,MO
2019-09-21,msst,uk,28,13,-230.0,190.0,-6.0,6.0,,,,,48.0,,12,espn-core,,,0,1,8,8,Starkville,MS
2019-09-21,ncsu,ball,34,23,-1125.0,679.5,-19.5,19.5,,,,,58.5,,12,espn-core,,,0,0,1,15,Raleigh,NC
2019-09-21,ndsu,ucd,27,16,-1650.0,860.0,-22.0,22.0,,,,,59.0,,7,espn-core,,,0,0,21,20,Fargo,ND
2019-09-21,nu,msu,10,31,260.0,-340.0,7.5,-7.5,,,,,35.0,,11,espn-core,,,0,1,5,5,Evanston,IL
2019-09-21,ohio,ul,25,45,-155.0,130.0,-3.0,3.0,,,,,67.75,,11,espn-core,,,0,0,15,37,Athens,OH
2019-09-21,osu,m-oh,76,5,100.0,1300.0,-38.5,38.5,,,,,57.0,,11,espn-core,,,0,0,5,15,Columbus,OH
2019-09-21,pitt,ucf,35,34,310.0,-400.0,10.0,-10.0,,,,,61.0,,11,espn-core,,,0,0,1,151,Pittsburgh,PA
2019-09-21,rice,bay,13,21,1300.0,-3575.0,27.0,-27.0,,,,,57.5,,11,espn-core,,,0,0,12,4,Houston,TX
2019-09-21,rutg,bc,16,30,240.0,-305.0,7.5,-7.5,,,,,57.5,,8,espn-core,,,0,0,5,1,Piscataway,NJ
2019-09-21,sdsu,usu,17,23,155.0,-185.0,4.0,-4.0,,,,,53.0,,11,espn-core,,,0,1,17,17,San Diego,CA
2019-09-21,shsu,uiw,45,6,-470.0,340.0,-15.0,15.0,,,,,74.5,,7,espn-core,,,0,1,30,30,Huntsville,TX
2019-09-21,stan,ore,6,21,380.0,-500.0,12.5,-12.5,,,,,55.5,,11,espn-core,,,0,1,9,9,Stanford,CA
2019-09-21,syr,wmu,52,33,-180.0,150.0,-3.5,3.5,,,,,66.5,,11,espn-core,,,0,0,1,15,Syracuse,NY
2019-09-21,ta&m,aub,20,28,-185.0,160.0,,,,,,,48.0,,12,espn-core,,,0,1,8,8,College Station,TX
2019-09-21,tcu,smu,38,41,-310.0,240.0,-7.5,7.5,,,,,54.5,,11,espn-core,,,0,0,4,151,Fort Worth,TX
2019-09-21,tex,okst,36,30,-300.0,250.0,-7.0,7.0,,,,,72.5,,11,espn-core,,,0,1,4,4,Austin,TX
2019-09-21,tlsa,wyo,24,21,-220.0,170.0,-5.0,5.0,,,,,45.5,,11,espn-core,,,0,0,151,17,Tulsa,OK
2019-09-21,txst,gast,37,34,-155.0,130.0,-3.0,3.0,,,,,62.5,,12,espn-core,,,0,1,37,37,San Marcos,TX
2019-09-21,uab,usa,35,3,-480.0,350.0,-12.0,12.0,,,,,48.5,,11,espn-core,,,0,0,12,37,Birmingham,AL
2019-09-21,uga,nd,23,17,-740.0,503.0,-16.0,16.0,,,,,58.5,,10,espn-core,,,0,0,8,18,Athens,GA
2019-09-21,unc,app,31,34,-135.0,110.0,-2.5,2.5,,,,,58.0,,11,espn-core,,,0,0,1,37,Chapel Hill,NC
2019-09-21,unm,nmsu,55,52,-185.0,155.0,-4.0,4.0,,,,,69.0,,10,espn-core,,,0,0,17,18,Albuquerque,NM
2019-09-21,unt,utsa,45,3,-970.0,600.0,-17.5,17.5,,,,,57.0,,11,espn-core,,,0,1,12,12,Denton,TX
2019-09-21,utc,jmu,14,37,980.0,-2350.0,21.5,-21.5,,,,,42.5,,7,espn-core,,,0,0,29,48,Chattanooga,TN
2019-09-21,utep,nev,21,37,430.0,-600.0,13.5,-13.5,,,,,51.5,,12,espn-core,,,0,0,12,17,El Paso,TX
2019-09-21,uva,odu,28,17,-5000.0,1500.0,-27.0,27.0,,,,,47.5,,12,espn-core,,,0,0,1,12,Charlottesville,VA
2019-09-21,van,lsu,38,66,1200.0,-3025.0,24.0,-24.0,,,,,62.0,,12,espn-core,,,0,1,8,8,Nashville,TN
2019-09-21,wake,elon,49,7,-4750.0,1000.0,-29.5,29.5,,,,,58.5,,7,espn-core,,,0,0,1,48,Winston-Salem,NC
2019-09-21,wis,mich,35,14,-175.0,150.0,-3.0,3.0,,,,,45.0,,11,espn-core,,,0,1,5,5,Madison,WI
2019-09-21,wsu,ucla,63,67,-1012.5,650.0,-18.5,18.5,,,,,59.75,,10,espn-core,,,0,1,9,9,Pullman,WA
2019-09-26,mem,navy,35,23,-420.0,315.0,-10.5,10.5,,,,,54.0,,11,espn-core,,,0,1,151,151,Memphis,TN
2019-09-27,afa,sjsu,41,24,-1187.5,705.0,-19.5,19.5,,,,,58.0,,9,espn-core,,,0,1,17,17,USAF Academy,CO
2019-09-27,cal,asu,17,24,-210.0,170.0,-4.0,4.0,,,,,43.0,,9,espn-core,,,0,1,9,9,Berkeley,CA
2019-09-27,md,psu,0,59,200.0,-250.0,6.5,-6.5,,,,,61.5,,9,espn-core,,,0,1,5,5,College Park,MD
2019-09-27,vt,duke,10,45,-140.0,115.0,,,,,,,51.5,,10,espn-core,,,0,1,1,1,Blacksburg,VA
2019-09-28,ala,miss,59,31,-4089.5,1900.0,-37.75,37.75,,,,,62.75,,10,espn-core,,,0,1,8,8,Tuscaloosa,AL
2019-09-28,app,ccu,56,37,-692.5,480.0,-15.5,15.5,,,,,58.25,,11,espn-core,,,0,1,37,37,Boone,NC
2019-09-28,apsu,jvst,52,33,210.0,-280.0,,,,,,,60.0,,7,espn-core,,,0,1,26,26,Clarksville,TN
2019-09-28,ariz,ucla,20,17,-155.0,135.0,,,,,,,68.5,,11,espn-core,,,0,1,9,9,Tucson,AZ
2019-09-28,ark,ta&m,27,31,880.0,-1800.0,23.0,-23.0,,,,,60.0,,11,espn-core,,,1,1,8,8,Arlington,TX
2019-09-28,aub,msst,56,23,-320.0,260.0,-7.5,7.5,,,,,47.0,,10,espn-core,,,0,1,8,8,Auburn,AL
2019-09-28,bay,isu,23,21,115.0,-135.0,2.5,-2.5,,,,,55.5,,10,espn-core,,,0,1,4,4,Waco,TX
2019-09-28,bc,wake,24,27,168.5,-200.0,4.5,-4.5,,,,,69.5,,10,espn-core,,,0,1,1,1,Chestnut Hill,MA
2019-09-28,clt,fau,27,45,-110.0,-115.0,1.0,-1.0,,,,,64.0,,10,espn-core,,,0,1,12,12,Charlotte,NC
2019-09-28,elon,jmu,10,45,410.0,-610.0,13.5,-13.5,,,,,50.5,,7,espn-core,,,0,1,48,48,Elon,NC
2019-09-28,fla,tow,38,0,-45450.0,1300.0,-37.0,37.0,,,,,62.5,,7,espn-core,,,0,0,8,48,Gainesville,FL
2019-09-28,fsu,ncsu,31,13,-255.0,205.0,-7.0,7.0,,,,,62.5,,12,espn-core,,,0,1,1,1,Tallahassee,FL
2019-09-28,gaso,ul,24,37,137.5,-165.0,3.5,-3.5,,,,,55.5,,11,espn-core,,,0,1,37,37,Statesboro,GA
2019-09-28,iowa,mtsu,48,3,-2500.0,1075.0,-23.5,23.5,,,,,50.75,,10,espn-core,,,0,0,5,12,Iowa City,IA
2019-09-28,kenn,rei,31,7,,,,,,,,,,,0,espn-core,,,0,0,40,,Kennesaw,GA
2019-09-28,lib,unm,17,10,-280.0,220.0,-7.5,7.5,,,,,72.0,,12,espn-core,,,0,0,18,17,Lynchburg,VA
2019-09-28,m-oh,buff,34,20,110.0,-135.0,2.5,-2.5,,,,,47.5,,10,espn-core,,,0,1,15,15,Oxford,OH
2019-09-28,mass,akr,37,29,245.0,-315.0,9.25,-9.25,,,,,60.5,,10,espn-core,,,0,0,18,15,Amherst,MA
2019-09-28,mcn,shsu,17,28,175.0,-230.0,,,,,,,49.5,,7,espn-core,,,0,1,30,30,Lake Charles,LA
2019-09-28,mich,rutg,52,0,-5050.0,1450.0,-27.5,27.5,,,,,48.5,,8,espn-core,,,0,1,5,5,Ann Arbor,MI
2019-09-28,mrsh,cin,14,52,160.0,-190.0,4.0,-4.0,,,,,47.5,,9,espn-core,,,0,0,12,151,Huntington,WV
2019-09-28,msu,iu,40,31,-710.0,480.0,-14.0,14.0,,,,,43.5,,11,espn-core,,,0,1,5,5,East Lansing,MI
2019-09-28,nd,uva,35,20,-485.0,342.5,-10.5,10.5,,,,,46.5,,10,espn-core,,,0,0,18,1,Notre Dame,IN
2019-09-28,neb,osu,7,48,600.0,-900.0,17.0,-17.0,,,,,65.5,,12,espn-core,,,0,1,5,5,Lincoln,NE
2019-09-28,nev,haw,3,54,-130.0,107.5,-2.0,2.0,,,,,63.5,,10,espn-core,,,0,1,17,17,Reno,NV
2019-09-28,nmsu,fres,17,30,850.0,-1675.0,21.0,-21.0,,,,,62.5,,11,espn-core,,,0,0,18,17,Las Cruces,NM
2019-09-28,odu,ecu,21,24,-152.0,125.0,-3.0,3.0,,,,,47.0,,10,espn-core,,,0,0,12,151,Norfolk,VA
2019-09-28,ou,ttu,55,16,-3350.0,1400.0,-27.0,27.0,,,,,68.75,,10,espn-core,,,0,1,4,4,Norman,OK
2019-09-28,okst,ksu,26,13,-190.0,160.0,-4.0,4.0,,,,,60.0,,12,espn-core,,,0,1,4,4,Stillwater,OK
2019-09-28,orst,stan,28,31,140.0,-162.5,3.5,-3.5,,,,,55.5,,12,espn-core,,,0,1,9,9,Corvallis,OR
2019-09-28,pitt,del,17,14,-8150.0,1225.0,-27.75,27.75,,,,,50.5,,7,espn-core,,,0,0,1,48,Pittsburgh,PA
2019-09-28,pur,minn,31,38,-115.0,-105.0,,,,,,,56.0,,11,espn-core,,,0,1,5,5,West Lafayette,IN
2019-09-28,rice,lt,20,23,260.0,-330.0,9.0,-9.0,,,,,48.75,,10,espn-core,,,0,1,12,12,Houston,TX
2019-09-28,sc,uk,24,7,-165.0,140.0,-3.5,3.5,,,,,55.0,,11,espn-core,,,0,1,8,8,Columbia,SC
2019-09-28,syr,hc,41,3,,1350.0,-40.0,40.0,,,,,55.0,,7,espn-core,,,0,0,1,27,Syracuse,NY
2019-09-28,tcu,ku,51,14,-710.5,500.0,-14.75,14.75,,,,,48.0,,10,espn-core,,,0,1,4,4,Fort Worth,TX
2019-09-28,tem,gt,24,2,-350.0,267.5,-9.5,9.5,,,,,47.5,,10,espn-core,,,0,0,151,1,Philadelphia,PA
2019-09-28,tol,byu,28,21,110.0,-135.0,2.5,-2.5,,,,,63.0,,11,espn-core,,,0,0,15,18,Toledo,OH
2019-09-28,troy,arst,43,50,-270.0,220.0,-7.0,7.0,,,,,59.0,,12,espn-core,,,0,1,37,37,Troy,AL
2019-09-28,txst,nich,24,3,-165.0,130.0,,,,,,,55.0,,7,espn-core,,,0,0,37,30,San Marcos,TX
2019-09-28,ucf,conn,56,21,100.0,700.0,-42.0,42.0,,,,,65.0,,11,espn-core,,,0,1,151,151,Orlando,FL
2019-09-28,ulm,usa,30,17,-640.0,440.0,-14.5,14.5,,,,,58.5,,11,espn-core,,,0,1,37,37,Monroe,LA
2019-09-28,unc,clem,20,21,1425.0,-2964.0,27.5,-27.5,,,,,60.5,,10,espn-core,,,0,1,1,1,Chapel Hill,NC
2019-09-28,unt,hou,25,46,-310.0,250.0,-8.0,8.0,,,,,59.0,,11,espn-core,,,0,0,12,151,Denton,TX
2019-09-28,usf,smu,21,48,228.0,-290.0,7.5,-7.5,,,,,62.0,,10,espn-core,,,0,1,151,151,Tampa,FL
2019-09-28,usm,utep,31,13,-4450.0,1400.0,-26.25,26.25,,,,,49.0,,10,espn-core,,,0,1,12,12,Hattiesburg,MS
2019-09-28,usu,csu,34,24,-1600.0,860.0,-23.5,23.5,,,,,69.0,,11,espn-core,,,0,1,17,17,Logan,UT
2019-09-28,utah,wsu,38,13,-227.5,186.5,-5.5,5.5,,,,,57.0,,10,espn-core,,,0,1,9,9,Salt Lake City,UT
2019-09-28,van,niu,24,18,-290.0,225.0,-7.0,7.0,,,,,51.5,,10,espn-core,,,0,0,8,15,Nashville,TN
2019-09-28,wash,usc,28,14,-480.0,350.0,-11.0,11.0,,,,,60.5,,11,espn-core,,,0,1,9,9,Seattle,WA
2019-09-28,wis,nu,24,15,-2269.0,1050.0,-23.5,23.5,,,,,45.75,,10,espn-core,,,0,1,5,5,Madison,WI
2019-09-28,wku,uab,20,13,140.0,-165.0,3.5,-3.5,,,,,47.5,,12,espn-core,,,0,1,12,12,Bowling Green,KY
2019-09-28,wmu,cmu,31,15,-715.0,495.0,-16.5,16.5,,,,,61.0,,9,espn-core,,,0,1,15,15,Kalamazoo,MI
2019-09-28,wyo,unlv,53,17,-350.0,280.0,-8.0,8.0,,,,,45.0,,11,espn-core,,,0,1,17,17,Laramie,WY
2019-10-03,ecu,tem,17,27,370.0,-500.0,12.0,-12.0,,,,,46.5,,12,espn-core,,,0,1,151,151,Greenville,NC
2019-10-03,usa,gaso,17,20,310.0,-390.0,10.0,-10.0,,,,,45.0,,12,espn-core,,,0,1,37,37,Mobile,AL
2019-10-04,cin,ucf,27,24,150.0,-175.0,3.5,-3.5,,,,,63.5,,11,espn-core,,,0,1,151,151,Cincinnati,OH
2019-10-04,sjsu,unm,32,21,-244.5,193.5,-7.0,7.0,,,,,69.75,,12,espn-core,,,0,1,17,17,San Jose,CA
2019-10-05,army,tuln,33,42,110.0,-135.0,2.0,-2.0,,,,,43.0,,12,espn-core,,,0,0,18,151,West Point,NY
2019-10-05,buff,ohio,20,21,135.0,-160.0,3.25,-3.25,,,,,51.5,,12,espn-core,,,0,1,15,15,Buffalo,NY
2019-10-05,cmu,emu,42,16,160.0,-195.0,4.0,-4.0,,,,,54.0,,12,espn-core,,,0,1,15,15,Mount Pleasant,MI
2019-10-05,colo,ariz,30,35,-135.0,110.0,-2.5,2.5,,,,,63.5,,12,espn-core,,,0,1,9,9,Boulder,CO
2019-10-05,conn,usf,22,48,320.0,-440.0,10.5,-10.5,,,,,48.5,,12,espn-core,,,0,1,151,151,East Hartford,CT
2019-10-05,csu,sdsu,10,24,210.0,-262.5,6.5,-6.5,,,,,48.0,,12,espn-core,,,0,1,17,17,Fort Collins,CO
2019-10-05,duke,pitt,30,33,-170.0,145.0,-3.5,3.5,,,,,47.5,,12,espn-core,,,0,1,1,1,Durham,NC
2019-10-05,fiu,mass,44,0,-3500.0,1300.0,-28.0,28.0,,,,,69.5,,12,espn-core,,,0,0,12,18,Miami,FL
2019-10-05,fla,aub,24,13,120.0,-140.0,,,,,,,48.5,,12,espn-core,,,0,1,8,8,Gainesville,FL
2019-10-05,gast,arst,52,38,195.0,-240.0,6.5,-6.5,,,,,69.5,,12,espn-core,,,0,1,37,37,Atlanta,GA
2019-10-05,gt,unc,22,38,300.0,-390.0,9.5,-9.5,,,,,47.0,,12,espn-core,,,0,1,1,1,Atlanta,GA
2019-10-05,ilst,ndsu,3,37,405.0,-595.0,13.0,-13.0,,,,,46.5,,6,espn-core,,,0,1,21,21,Normal,IL
2019-10-05,isu,tcu,49,24,-165.0,135.0,-3.0,3.0,,,,,45.0,,12,espn-core,,,0,1,4,4,Ames,IA
2019-10-05,jvst,tnst,31,23,-2925.0,1110.0,-23.5,23.5,,,,,69.5,,6,espn-core,,,0,1,26,26,Jacksonville,AL
2019-10-05,ksu,bay,12,31,-112.5,-112.0,,,,,,,48.5,,12,espn-core,,,0,1,4,4,Manhattan,KS
2019-10-05,ku,ou,20,45,1850.0,-4910.5,32.5,-32.5,,,,,67.5,,12,espn-core,,,0,1,4,4,Lawrence,KS
2019-10-05,lou,bc,41,39,-185.0,155.0,-4.0,4.0,,,,,61.0,,12,espn-core,,,0,1,1,1,Louisville,KY
2019-10-05,lsu,usu,42,6,-3500.0,1300.0,-27.5,27.5,,,,,73.5,,12,espn-core,,,0,0,8,17,Baton Rouge,LA
2019-10-05,mia,vt,35,42,-660.0,450.0,-14.0,14.0,,,,,46.0,,12,espn-core,,,0,1,1,1,Miami Gardens,FL
2019-10-05,mich,iowa,10,3,-200.0,174.0,-4.0,4.0,,,,,48.5,,12,espn-core,,,0,1,5,5,Ann Arbor,MI
2019-10-05,minn,ill,40,17,-600.0,430.0,-14.0,14.0,,,,,57.5,,12,espn-core,,,0,1,5,5,Minneapolis,MN
2019-10-05,miss,van,31,6,-260.0,210.0,-7.0,7.0,,,,,64.5,,12,espn-core,,,0,1,8,8,Oxford,MS
2019-10-05,miz,troy,42,10,-2750.0,1200.0,-25.0,25.0,,,,,65.5,,11,espn-core,,,0,0,8,37,Columbia,MO
2019-10-05,mtsu,mrsh,24,13,160.0,-190.0,4.5,-4.5,,,,,54.0,,12,espn-core,,,0,1,12,12,Murfreesboro,TN
2019-10-05,navy,afa,34,25,135.0,-155.0,3.0,-3.0,,,,,46.5,,12,espn-core,,,0,0,151,17,Annapolis,MD
2019-10-05,nd,bgsu,52,0,-49950.0,550.0,-45.5,45.5,,,,,63.5,,12,espn-core,,,0,0,18,15,Notre Dame,IN
2019-10-05,neb,nu,13,10,-310.0,240.0,-7.5,7.5,,,,,48.0,,12,espn-core,,,0,1,5,5,Lincoln,NE
2019-10-05,niu,ball,20,27,-175.0,145.0,-3.5,3.5,,,,,54.5,,12,espn-core,,,0,1,15,15,Dekalb,IL
2019-10-05,nmsu,lib,13,20,157.5,-185.0,4.0,-4.0,,,,,63.0,,11,espn-core,,,0,0,18,18,Las Cruces,NM
2019-10-05,odu,wku,3,20,125.0,-145.0,2.75,-2.75,,,,,42.5,,12,espn-core,,,0,1,12,12,Norfolk,VA
2019-10-05,ore,cal,17,7,-2200.0,1050.0,-21.5,21.5,,,,,46.5,,11,espn-core,,,0,1,9,9,Eugene,OR
2019-10-05,osu,msu,34,10,-1600.0,900.0,-19.75,19.75,,,,,50.5,,12,espn-core,,,0,1,5,5,Columbus,OH
2019-10-05,psu,pur,35,7,-5000.0,1500.0,-28.5,28.5,,,,,55.5,,12,espn-core,,,0,1,5,5,University Park,PA
2019-10-05,rutg,md,7,48,467.0,-670.0,14.0,-14.0,,,,,55.5,,8,espn-core,,,0,1,5,5,Piscataway,NJ
2019-10-05,sac,ewu,48,27,135.0,-155.0,3.0,-3.0,,,,,61.5,,4,espn-core,,,0,1,20,20,Sacramento,CA
2019-10-05,sb,jmu,38,45,530.0,-770.0,15.5,-15.5,,,,,45.5,,5,espn-core,,,0,1,48,48,Stony Brook,NY
2019-10-05,sfa,shsu,20,31,485.0,-780.0,,,,,,,62.75,,5,espn-core,,,1,1,30,30,Houston,TX
2019-10-05,smu,tlsa,43,37,-450.0,347.0,-12.0,12.0,,,,,64.0,,12,espn-core,,,0,1,151,151,Dallas,TX
2019-10-05,stan,wash,23,13,390.0,-550.0,12.75,-12.75,,,,,51.5,,12,espn-core,,,0,1,9,9,Stanford,CA
2019-10-05,tenn,uga,14,43,1164.5,-3349.5,24.5,-24.5,,,,,51.0,,12,espn-core,,,0,1,8,8,Knoxville,TN
2019-10-05,tol,wmu,31,24,-125.0,100.0,-1.5,1.5,,,,,73.5,,12,espn-core,,,0,1,15,15,Toledo,OH
2019-10-05,ttu,okst,45,35,275.0,-350.0,9.5,-9.5,,,,,63.0,,12,espn-core,,,0,1,4,4,Lubbock,TX
2019-10-05,uab,rice,35,20,-400.0,310.0,-10.0,10.0,,,,,43.5,,12,espn-core,,,0,1,12,12,Birmingham,AL
2019-10-05,ucla,orst,31,48,-198.0,169.0,-4.5,4.5,,,,,64.0,,11,espn-core,,,0,1,9,9,Pasadena,CA
2019-10-05,ulm,mem,33,52,460.0,-710.0,15.25,-15.25,,,,,63.5,,12,espn-core,,,0,0,37,151,Monroe,LA
2019-10-05,unlv,bois,13,38,1062.5,-2500.0,24.0,-24.0,,,,,57.5,,12,espn-core,,,0,1,17,17,Las Vegas,NV
2019-10-05,utep,utsa,16,26,-115.0,-102.5,-1.5,1.5,,,,,46.5,,11,espn-core,,,0,1,12,12,El Paso,TX
2019-10-05,wis,kent,48,0,100.0,1250.0,-35.0,35.0,,,,,58.0,,12,espn-core,,,0,0,5,15,Madison,WI
2019-10-05,wiu,most,31,37,-140.0,112.5,-2.5,2.5,,,,,47.5,,5,espn-core,,,0,1,21,21,Macomb,IL
2019-10-05,wvu,tex,31,42,340.0,-440.0,10.5,-10.5,,,,,62.0,,12,espn-core,,,0,1,4,4,Morgantown,WV
2019-10-09,ul,app,7,17,-145.0,122.5,-2.5,2.5,,,,,69.75,,11,espn-core,,,0,1,37,37,Lafayette,LA
2019-10-10,ncsu,syr,16,10,-187.5,160.0,-4.0,4.0,,,,,56.0,,11,espn-core,,,0,1,1,1,Raleigh,NC
2019-10-10,txst,ulm,14,24,150.0,-180.0,3.5,-3.5,,,,,61.0,,12,espn-core,,,0,1,37,37,San Marcos,TX
2019-10-11,mia,uva,17,9,-140.0,116.0,-2.5,2.5,,,,,44.0,,11,espn-core,,,0,1,1,1,Miami Gardens,FL
2019-10-11,ore,colo,45,3,-2005.5,1000.0,-23.0,23.0,,,,,62.0,,12,espn-core,,,0,1,9,9,Eugene,OR
2019-10-11,unm,csu,21,35,170.0,-205.0,4.5,-4.5,,,,,65.5,,11,espn-core,,,0,1,17,17,Albuquerque,NM
2019-10-12,afa,fres,43,24,-148.0,125.0,-3.0,3.0,,,,,50.5,,12,espn-core,,,0,1,17,17,USAF Academy,CO
2019-10-12,akr,kent,3,26,445.0,-670.0,14.25,-14.25,,,,,57.5,,12,espn-core,,,0,1,15,15,Akron,OH
2019-10-12,ariz,wash,27,51,185.0,-225.0,6.0,-6.0,,,,,62.0,,12,espn-core,,,0,1,9,9,Tucson,AZ
2019-10-12,asu,wsu,38,34,110.0,-135.0,,,,,,,61.0,,12,espn-core,,,0,1,9,9,Tempe,AZ
2019-10-12,bay,ttu,33,30,-390.0,300.0,-10.5,10.5,,,,,59.0,,12,espn-core,,,0,1,4,4,Waco,TX
2019-10-12,bgsu,tol,20,7,1187.5,-3350.0,27.0,-27.0,,,,,65.0,,12,espn-core,,,0,1,15,15,Bowling Green,OH
2019-10-12,bois,haw,59,37,-475.0,348.0,-12.5,12.5,,,,,60.0,,12,espn-core,,,0,1,17,17,Boise,ID
2019-10-12,ccu,gast,21,31,-170.0,143.0,-3.5,3.5,,,,,64.5,,12,espn-core,,,0,1,37,37,Conway,SC
2019-10-12,clem,fsu,45,14,-3825.0,1300.0,-26.0,26.0,,,,,61.0,,12,espn-core,,,0,1,1,1,Clemson,SC
2019-10-12,cmu,nmsu,42,28,-400.0,310.0,-10.5,10.5,,,,,57.0,,11,espn-core,,,0,0,15,18,Mount Pleasant,MI
2019-10-12,duke,gt,41,23,-1200.0,700.0,-18.0,18.0,,,,,47.5,,12,espn-core,,,0,1,1,1,Durham,NC
2019-10-12,eiu,jvst,20,28,420.0,-635.0,13.5,-13.5,,,,,49.25,,6,espn-core,,,0,1,26,26,Charleston,IL
2019-10-12,elon,del,42,7,-115.0,-110.0,,,,,,,50.5,,6,espn-core,,,0,1,48,48,Elon,NC
2019-10-12,emu,ball,23,29,-130.0,105.0,-2.0,2.0,,,,,57.0,,12,espn-core,,,0,1,15,15,Ypsilanti,MI
2019-10-12,fau,mtsu,28,13,-450.0,330.0,-12.25,12.25,,,,,63.0,,12,espn-core,,,0,1,12,12,Boca Raton,FL
2019-10-12,fiu,clt,48,23,-230.0,185.0,-6.0,6.0,,,,,58.0,,12,espn-core,,,0,1,12,12,Miami,FL
2019-10-12,hou,cin,23,38,280.0,-370.0,9.5,-9.5,,,,,51.0,,12,espn-core,,,0,1,151,151,Houston,TX
2019-10-12,ill,mich,25,42,1150.0,-2800.0,24.0,-24.0,,,,,49.0,,12,espn-core,,,0,1,5,5,Champaign,IL
2019-10-12,iu,rutg,35,0,-5725.0,1558.5,-27.5,27.5,,,,,50.0,,8,espn-core,,,0,1,5,5,Bloomington,IN
2019-10-12,iowa,psu,12,17,150.0,-180.0,3.5,-3.5,,,,,43.5,,12,espn-core,,,0,1,5,5,Iowa City,IA
2019-10-12,jmu,vill,38,24,-705.0,455.0,-15.0,15.0,,,,,55.5,,6,espn-core,,,0,1,48,48,Harrisonburg,VA
2019-10-12,kenn,chso,45,23,,,,,,,,,,,0,espn-core,,,0,1,40,40,Kennesaw,GA
2019-10-12,lt,mass,69,21,-5900.0,1625.0,-31.5,31.5,,,,,63.5,,12,espn-core,,,0,0,12,18,Ruston,LA
2019-10-12,lsu,fla,42,28,-650.0,450.0,-14.0,14.0,,,,,55.0,,11,espn-core,,,0,1,8,8,Baton Rouge,LA
2019-10-12,minn,neb,34,7,-290.0,233.0,-7.5,7.5,,,,,47.5,,12,espn-core,,,0,1,5,5,Minneapolis,MN
2019-10-12,miz,miss,38,27,-480.0,360.0,-12.5,12.5,,,,,56.5,,12,espn-core,,,0,1,8,8,Columbia,MO
2019-10-12,most,sdak,10,45,225.0,-295.0,7.0,-7.0,,,,,57.5,,6,espn-core,,,0,1,21,21,Springfield,MO
2019-10-12,mrsh,odu,31,17,-880.0,550.0,-16.0,16.0,,,,,46.0,,12,espn-core,,,0,1,12,12,Huntington,WV
2019-10-12,mtst,sac,21,34,,-120.0,,,,,,,57.5,,6,espn-core,,,0,1,20,20,Bozeman,MT
2019-10-12,nd,usc,30,27,-440.0,330.0,-10.5,10.5,,,,,59.5,,12,espn-core,,,0,0,18,9,Notre Dame,IN
2019-10-12,ndsu,uni,46,14,-1450.0,710.0,-19.5,19.5,,,,,40.75,,5,espn-core,,,0,1,21,21,Fargo,ND
2019-10-12,nev,sjsu,41,38,-150.0,125.5,-3.0,3.0,,,,,60.5,,11,espn-core,,,0,1,17,17,Reno,NV
2019-10-12,ohio,niu,36,39,-210.0,170.0,-5.0,5.0,,,,,51.5,,12,espn-core,,,0,1,15,15,Athens,OH
2019-10-12,orst,utah,7,52,465.0,-670.0,14.5,-14.5,,,,,59.5,,11,espn-core,,,0,1,9,9,Corvallis,OR
2019-10-12,pur,md,40,14,155.0,-180.5,4.0,-4.0,,,,,53.0,,12,espn-core,,,0,1,5,5,West Lafayette,IN
2019-10-12,sdsu,wyo,26,22,-175.0,148.0,-3.5,3.5,,,,,38.25,,12,espn-core,,,0,1,17,17,San Diego,CA
2019-10-12,shsu,lam,17,20,-825.0,505.0,-16.0,16.0,,,,,54.5,,6,espn-core,,,0,1,30,30,Huntsville,TX
2019-10-12,ta&m,ala,28,47,600.0,-910.0,17.0,-17.0,,,,,61.5,,12,espn-core,,,0,1,8,8,College Station,TX
2019-10-12,tem,mem,30,28,150.0,-180.0,4.0,-4.0,,,,,50.5,,12,espn-core,,,0,1,151,151,Philadelphia,PA
2019-10-12,tenn,msst,20,10,180.0,-225.0,5.25,-5.25,,,,,53.0,,12,espn-core,,,0,1,8,8,Knoxville,TN
2019-10-12,tex,ou,27,34,320.0,-420.0,11.0,-11.0,,,,,77.5,,12,espn-core,,,1,1,4,4,Dallas,TX
2019-10-12,tlsa,navy,17,45,-115.0,-107.0,-1.0,1.0,,,,,52.5,,12,espn-core,,,0,1,151,151,Tulsa,OK
2019-10-12,tuln,conn,49,7,-9971.5,1650.0,-34.0,34.0,,,,,57.5,,12,espn-core,,,0,1,151,151,New Orleans,LA
2019-10-12,uga,sc,17,20,-1525.0,730.0,-21.0,21.0,,,,,52.0,,12,espn-core,,,0,1,8,8,Athens,GA
2019-10-12,uk,ark,24,20,-185.0,155.0,-4.0,4.0,,,,,53.0,,12,espn-core,,,0,1,8,8,Lexington,KY
2019-10-12,usf,byu,27,23,170.0,-200.0,4.5,-4.5,,,,,49.5,,12,espn-core,,,0,0,151,18,Tampa,FL
2019-10-12,usm,unt,45,27,-155.0,130.0,-3.0,3.0,,,,,59.5,,12,espn-core,,,0,1,12,12,Hattiesburg,MS
2019-10-12,utsa,uab,14,33,380.0,-530.0,12.5,-12.5,,,,,46.5,,12,espn-core,,,0,1,12,12,San Antonio,TX
2019-10-12,van,unlv,10,34,-710.0,470.0,-15.5,15.5,,,,,57.5,,12,espn-core,,,0,0,8,17,Nashville,TN
2019-10-12,vt,uri,34,17,-5000.0,1300.0,-28.0,28.0,,,,,65.5,,8,espn-core,,,0,0,1,48,Blacksburg,VA
2019-10-12,wake,lou,59,62,-260.0,210.0,-7.0,7.0,,,,,65.0,,12,espn-core,,,0,1,1,1,Winston-Salem,NC
2019-10-12,wis,msu,38,0,-390.0,300.0,-8.0,8.0,,,,,40.5,,12,espn-core,,,0,1,5,5,Madison,WI
2019-10-12,wku,army,17,8,175.0,-220.0,5.25,-5.25,,,,,43.5,,12,espn-core,,,0,0,12,18,Bowling Green,KY
2019-10-12,wmu,m-oh,38,16,-490.0,350.0,-12.5,12.5,,,,,57.0,,12,espn-core,,,0,1,15,15,Kalamazoo,MI
2019-10-12,wvu,isu,14,38,280.0,-370.0,9.5,-9.5,,,,,55.0,,12,espn-core,,,0,1,4,4,Morgantown,WV
2019-10-16,troy,usa,37,13,-1033.5,644.5,-17.5,17.5,,,,,55.0,,11,espn-core,,,0,1,37,37,Troy,AL
2019-10-17,arst,ul,20,37,175.0,-214.0,6.0,-6.0,,,,,69.0,,12,espn-core,,,0,1,37,37,Jonesboro,AR
2019-10-17,stan,ucla,16,34,-200.0,165.0,,,,,,,48.75,,12,espn-core,,,0,1,9,9,Stanford,CA
2019-10-18,fau,mrsh,31,36,-174.0,150.0,,,,,,,58.5,,12,espn-core,,,0,1,12,12,Boca Raton,FL
2019-10-18,fres,unlv,56,27,-769.0,500.0,-15.5,15.5,,,,,52.0,,12,espn-core,,,0,1,17,17,Fresno,CA
2019-10-18,nu,osu,3,52,1391.5,-4590.0,27.0,-27.0,,,,,50.0,,12,espn-core,,,0,1,5,5,Evanston,IL
2019-10-18,syr,pitt,20,27,160.0,-190.0,3.5,-3.5,,,,,53.5,,12,espn-core,,,0,1,1,1,Syracuse,NY
2019-10-19,akr,buff,0,21,665.0,-1143.0,17.5,-17.5,,,,,47.5,,12,espn-core,,,0,1,15,15,Akron,OH
2019-10-19,ala,tenn,35,13,-10000.0,2150.0,-34.75,34.75,,,,,62.0,,12,espn-core,,,0,1,8,8,Tuscaloosa,AL
2019-10-19,app,ulm,52,7,-714.0,486.0,-15.5,15.5,,,,,65.75,,11,espn-core,,,0,1,37,37,Boone,NC
2019-10-19,ark,aub,10,51,715.5,-1244.5,19.5,-19.5,,,,,55.5,,12,espn-core,,,0,1,8,8,Fayetteville,AR
2019-10-19,ball,tol,52,14,-153.5,130.0,-3.0,3.0,,,,,58.0,,11,espn-core,,,0,1,15,15,Muncie,IN
2019-10-19,bc,ncsu,45,24,150.0,-178.0,3.75,-3.75,,,,,54.5,,12,espn-core,,,0,1,1,1,Chestnut Hill,MA
2019-10-19,bgsu,cmu,20,38,341.5,-452.5,11.5,-11.5,,,,,54.5,,11,espn-core,,,0,1,15,15,Bowling Green,OH
2019-10-19,byu,bois,28,25,225.0,-286.0,7.0,-7.0,,,,,44.5,,12,espn-core,,,0,0,18,17,Provo,UT
2019-10-19,cal,orst,17,21,-425.0,320.0,-10.5,10.5,,,,,51.5,,12,espn-core,,,0,1,9,9,Berkeley,CA
2019-10-19,cin,tlsa,24,13,-850.0,540.0,-16.0,16.0,,,,,47.0,,11,espn-core,,,0,1,151,151,Cincinnati,OH
2019-10-19,conn,hou,17,24,944.5,-2000.0,21.5,-21.5,,,,,56.5,,12,espn-core,,,0,1,151,151,East Hartford,CT
2019-10-19,del,unh,16,10,146.5,-180.0,3.0,-3.0,,,,,38.75,,6,espn-core,,,0,1,48,48,Newark,DE
2019-10-19,emu,wmu,34,27,270.0,-350.0,9.5,-9.5,,,,,61.0,,12,espn-core,,,0,1,15,15,Ypsilanti,MI
2019-10-19,fiu,utep,32,17,-2659.0,1116.0,-24.5,24.5,,,,,51.5,,12,espn-core,,,0,1,12,12,Miami,FL
2019-10-19,gaso,ccu,30,27,-274.0,220.0,-7.0,7.0,,,,,42.5,,12,espn-core,,,0,1,37,37,Statesboro,GA
2019-10-19,gast,army,28,21,150.0,-180.0,4.0,-4.0,,,,,54.0,,12,espn-core,,,0,0,37,18,Atlanta,GA
2019-10-19,haw,afa,26,56,149.5,-176.5,4.0,-4.0,,,,,66.0,,11,espn-core,,,0,1,17,17,,
2019-10-19,ill,wis,24,23,2000.0,-9434.0,30.0,-30.0,,,,,52.0,,12,espn-core,,,0,1,5,5,Champaign,IL
2019-10-19,iowa,pur,26,20,-1111.0,670.0,-18.0,18.0,,,,,47.5,,12,espn-core,,,0,1,5,5,Iowa City,IA
2019-10-19,jvst,semo,21,24,-237.0,184.0,-5.5,5.5,,,,,60.5,,6,espn-core,,,0,1,26,26,Jacksonville,AL
2019-10-19,ksu,tcu,24,17,163.0,-200.0,4.0,-4.0,,,,,44.0,,12,espn-core,,,0,1,4,4,Manhattan,KS
2019-10-19,lt,usm,45,30,120.0,-144.0,2.5,-2.5,,,,,58.5,,10,espn-core,,,0,1,12,12,Ruston,LA
2019-10-19,lib,me,59,44,-859.0,511.5,-15.5,15.5,,,,,43.5,,5,espn-core,,,0,0,18,48,Lynchburg,VA
2019-10-19,lou,clem,10,45,1135.0,-2389.5,24.5,-24.5,,,,,62.5,,12,espn-core,,,0,1,1,1,Louisville,KY
2019-10-19,m-oh,niu,27,24,112.0,-135.0,2.25,-2.25,,,,,48.5,,12,espn-core,,,0,1,15,15,Oxford,OH
2019-10-19,md,iu,28,34,205.0,-263.0,6.5,-6.5,,,,,59.5,,12,espn-core,,,0,1,5,5,College Park,MD
2019-10-19,mem,tuln,47,17,-136.0,114.0,-2.0,2.0,,,,,60.5,,12,espn-core,,,0,1,151,151,Memphis,TN
2019-10-19,mia,gt,21,28,-1250.0,696.5,-18.5,18.5,,,,,46.0,,12,espn-core,,,0,1,1,1,Miami Gardens,FL
2019-10-19,miss,ta&m,17,24,180.0,-220.0,6.0,-6.0,,,,,55.5,,12,espn-core,,,0,1,8,8,Oxford,MS
2019-10-19,msst,lsu,13,36,750.0,-1250.0,19.0,-19.0,,,,,62.0,,12,espn-core,,,0,1,8,8,Starkville,MS
2019-10-19,navy,usf,35,3,-767.5,505.0,-15.5,15.5,,,,,51.5,,12,espn-core,,,0,1,151,151,Annapolis,MD
2019-10-19,ndsu,most,22,0,,1324.0,-42.0,42.0,,,,,60.75,,5,espn-core,,,0,1,21,21,Fargo,ND
2019-10-19,ohio,kent,45,38,-333.0,255.0,-8.25,8.25,,,,,63.5,,12,espn-core,,,0,1,15,15,Athens,OH
2019-10-19,ou,wvu,52,14,-7382.0,1850.0,-32.0,32.0,,,,,63.5,,12,espn-core,,,0,1,4,4,Norman,OK
2019-10-19,okst,bay,27,45,-232.0,185.0,-6.0,6.0,,,,,68.5,,12,espn-core,,,0,1,4,4,Stillwater,OK
2019-10-19,pre,kenn,10,55,,,,,,,,,,,0,espn-core,,,0,1,40,40,Clinton,SC
2019-10-19,psu,mich,28,21,-320.0,250.0,,,,,,,47.0,,12,espn-core,,,0,1,5,5,University Park,PA
2019-10-19,rutg,minn,7,42,1650.0,-6220.0,28.5,-28.5,,,,,46.5,,9,espn-core,,,0,1,5,5,Piscataway,NJ
2019-10-19,sac,mont,49,22,125.5,-155.5,2.5,-2.5,,,,,61.75,,5,espn-core,,,0,1,20,20,Sacramento,CA
2019-10-19,sc,fla,27,38,156.0,-180.0,3.5,-3.5,,,,,44.5,,12,espn-core,,,0,1,8,8,Columbia,SC
2019-10-19,shsu,nich,17,0,-129.0,,-2.25,2.25,,,,,54.75,,6,espn-core,,,0,1,30,30,Huntsville,TX
2019-10-19,sjsu,sdsu,17,27,240.0,-310.0,7.5,-7.5,,,,,45.5,,12,espn-core,,,0,1,17,17,San Jose,CA
2019-10-19,smu,tem,45,21,-357.0,274.0,-9.5,9.5,,,,,60.0,,11,espn-core,,,0,1,151,151,Dallas,TX
2019-10-19,tex,ku,50,48,-1286.0,727.0,-21.0,21.0,,,,,63.0,,12,espn-core,,,0,1,4,4,Austin,TX
2019-10-19,ttu,isu,24,34,254.0,-330.0,8.5,-8.5,,,,,57.5,,12,espn-core,,,0,1,4,4,Lubbock,TX
2019-10-19,uab,odu,38,14,-993.0,595.5,-16.5,16.5,,,,,42.0,,12,espn-core,,,0,1,12,12,Birmingham,AL
2019-10-19,ucf,ecu,41,28,-9000.0,1950.0,-34.5,34.5,,,,,64.5,,12,espn-core,,,0,1,151,151,Orlando,FL
2019-10-19,uga,uk,21,0,-3000.0,1200.0,-24.0,24.0,,,,,45.5,,11,espn-core,,,0,1,8,8,Athens,GA
2019-10-19,unt,mtsu,33,30,-287.0,227.0,-7.25,7.25,,,,,59.5,,12,espn-core,,,0,1,12,12,Denton,TX
2019-10-19,usc,ariz,41,14,-385.0,285.0,-10.0,10.0,,,,,69.0,,12,espn-core,,,0,1,9,9,Los Angeles,CA
2019-10-19,usu,nev,36,10,-1789.0,887.5,-21.5,21.5,,,,,58.5,,12,espn-core,,,0,1,17,17,Logan,UT
2019-10-19,utah,asu,21,3,-800.0,526.0,-15.0,15.0,,,,,46.5,,12,espn-core,,,0,1,9,9,Salt Lake City,UT
2019-10-19,utsa,rice,31,27,176.0,-220.0,5.0,-5.0,,,,,42.5,,12,espn-core,,,0,1,12,12,San Antonio,TX
2019-10-19,uva,duke,48,14,-172.0,145.0,-3.5,3.5,,,,,45.0,,12,espn-core,,,0,1,1,1,Charlottesville,VA
2019-10-19,van,miz,21,14,825.5,-1584.5,21.0,-21.0,,,,,56.5,,12,espn-core,,,0,1,8,8,Nashville,TN
2019-10-19,vt,unc,43,41,161.5,-194.5,4.5,-4.5,,,,,57.0,,11,espn-core,,,0,1,1,1,Blacksburg,VA
2019-10-19,w&m,jmu,10,38,837.5,-1797.5,21.0,-21.0,,,,,52.75,,5,espn-core,,,0,1,48,48,Williamsburg,VA
2019-10-19,wake,fsu,22,20,120.0,-141.0,2.5,-2.5,,,,,68.5,,12,espn-core,,,0,1,1,1,Winston-Salem,NC
2019-10-19,wash,ore,31,35,130.0,-152.0,3.0,-3.0,,,,,48.5,,12,espn-core,,,0,1,9,9,Seattle,WA
2019-10-19,wku,clt,30,14,-370.0,280.0,-9.5,9.5,,,,,48.0,,12,espn-core,,,0,1,12,12,Bowling Green,KY
2019-10-19,wsu,colo,41,10,-520.0,380.0,-13.5,13.5,,,,,68.5,,12,espn-core,,,0,1,9,9,Pullman,WA
2019-10-19,wyo,unm,23,10,-1105.5,700.0,-17.5,17.5,,,,,49.0,,12,espn-core,,,0,1,17,17,Laramie,WY
2019-10-24,hou,smu,31,34,348.0,-456.0,12.5,-12.5,,,,,65.0,,13,espn-core,,,0,1,151,151,Houston,TX
2019-10-25,colo,usc,31,35,320.0,-420.0,,,,,,,64.0,,13,espn-core,,,0,1,9,9,Boulder,CO
2019-10-26,afa,usu,31,7,-180.0,150.0,-3.5,3.5,,,,,60.0,,13,espn-core,,,0,1,17,17,USAF Academy,CO
2019-10-26,ala,ark,48,7,-10000.0,2000.0,-32.0,32.0,,,,,55.5,,13,espn-core,,,0,1,8,8,Tuscaloosa,AL
2019-10-26,army,sjsu,29,34,-370.0,285.0,-9.5,9.5,,,,,54.5,,13,espn-core,,,0,0,18,17,West Point,NY
2019-10-26,arst,txst,38,14,-420.0,320.0,-11.0,11.0,,,,,60.5,,13,espn-core,,,0,1,37,37,Jonesboro,AR
2019-10-26,ball,ohio,21,34,-135.0,110.0,-2.5,2.5,,,,,59.5,,13,espn-core,,,0,1,15,15,Muncie,IN
2019-10-26,buff,cmu,43,20,-133.0,110.0,-2.5,2.5,,,,,45.5,,13,espn-core,,,0,1,15,15,Buffalo,NY
2019-10-26,cark,shsu,29,25,110.0,-132.0,2.0,-2.0,,,,,49.0,,6,espn-core,,,0,1,30,30,Conway,AR
2019-10-26,clem,bc,59,7,-10000.0,2450.0,-35.0,35.0,,,,,59.0,,13,espn-core,,,0,1,1,1,Clemson,SC
2019-10-26,clt,unt,39,38,150.0,-180.0,4.0,-4.0,,,,,64.0,,13,espn-core,,,0,1,12,12,Charlotte,NC
2019-10-26,cp,sac,14,38,650.0,-1000.0,,,,,,,62.75,,6,espn-core,,,0,1,20,20,San Luis Obispo,CA
2019-10-26,del,rich,25,35,-270.0,220.0,-6.5,6.5,,,,,47.5,,6,espn-core,,,0,1,48,48,Newark,DE
2019-10-26,ecu,usf,20,45,-105.0,-115.0,,,,,,,51.0,,12,espn-core,,,0,1,151,151,Greenville,NC
2019-10-26,fres,csu,31,41,-600.0,407.0,-13.5,13.5,,,,,57.0,,13,espn-core,,,0,1,17,17,Fresno,CA
2019-10-26,fsu,syr,35,17,-431.0,324.0,-11.0,11.0,,,,,59.25,,12,espn-core,,,0,1,1,1,Tallahassee,FL
2019-10-26,gaso,nmsu,41,7,-588.0,420.0,-13.5,13.5,,,,,53.5,,13,espn-core,,,0,0,37,18,Statesboro,GA
2019-10-26,gast,troy,52,33,-115.0,-107.0,-1.0,1.0,,,,,67.0,,12,espn-core,,,0,1,37,37,Atlanta,GA
2019-10-26,isu,okst,27,34,-420.0,320.0,-11.0,11.0,,,,,64.5,,13,espn-core,,,0,1,4,4,Ames,IA
2019-10-26,jmu,tow,27,10,-909.0,600.0,-16.5,16.5,,,,,59.0,,6,espn-core,,,0,1,48,48,Harrisonburg,VA
2019-10-26,jvst,murr,14,12,-357.0,275.0,-8.5,8.5,,,,,59.75,,6,espn-core,,,0,1,26,26,Jacksonville,AL
2019-10-26,kenn,una,41,17,-10000.0,1700.0,-28.5,28.5,,,,,61.0,,5,espn-core,,,0,0,40,40,Kennesaw,GA
2019-10-26,kent,m-oh,16,23,-142.0,120.0,-2.5,2.5,,,,,54.5,,13,espn-core,,,0,1,15,15,Kent,OH
2019-10-26,ksu,ou,48,41,919.0,-1950.0,23.5,-23.5,,,,,59.5,,13,espn-core,,,0,1,4,4,Manhattan,KS
2019-10-26,ku,ttu,37,34,185.0,-233.0,6.0,-6.0,,,,,65.5,,13,espn-core,,,0,1,4,4,Lawrence,KS
2019-10-26,lou,uva,28,21,155.0,-186.0,3.5,-3.5,,,,,51.5,,13,espn-core,,,0,1,1,1,Louisville,KY
2019-10-26,lsu,aub,23,20,-475.0,350.0,-11.5,11.5,,,,,58.5,,13,espn-core,,,0,1,8,8,Baton Rouge,LA
2019-10-26,mass,conn,35,56,275.0,-357.0,9.5,-9.5,,,,,62.0,,13,espn-core,,,0,0,18,151,Amherst,MA
2019-10-26,mich,nd,45,14,-120.0,100.0,,,,,,,46.5,,13,espn-core,,,0,0,5,18,Ann Arbor,MI
2019-10-26,minn,md,52,10,-700.0,475.0,-14.5,14.5,,,,,59.0,,13,espn-core,,,0,1,5,5,Minneapolis,MN
2019-10-26,most,uni,6,29,800.0,-1429.0,19.5,-19.5,,,,,44.5,,6,espn-core,,,0,1,21,21,Springfield,MO
2019-10-26,mrsh,wku,26,23,-185.0,155.0,-4.0,4.0,,,,,44.5,,13,espn-core,,,0,1,12,12,Huntington,WV
2019-10-26,msu,psu,7,28,190.0,-231.0,5.5,-5.5,,,,,42.0,,13,espn-core,,,0,1,5,5,East Lansing,MI
2019-10-26,mtsu,fiu,50,17,100.0,-120.0,1.5,-1.5,,,,,57.5,,13,espn-core,,,0,1,12,12,Murfreesboro,TN
2019-10-26,navy,tuln,41,38,-192.0,164.0,-4.5,4.5,,,,,58.0,,13,espn-core,,,0,1,151,151,Annapolis,MD
2019-10-26,neb,iu,31,38,-133.5,110.0,,,,,,,55.0,,12,espn-core,,,0,1,5,5,Lincoln,NE
2019-10-26,niu,akr,49,0,-2500.0,1090.0,-22.5,22.5,,,,,42.0,,13,espn-core,,,0,1,15,15,Dekalb,IL
2019-10-26,nu,iowa,0,20,280.0,-363.0,8.0,-8.0,,,,,36.5,,13,espn-core,,,0,1,5,5,Evanston,IL
2019-10-26,odu,fau,3,41,400.0,-556.0,13.5,-13.5,,,,,50.5,,13,espn-core,,,0,1,12,12,Norfolk,VA
2019-10-26,ore,wsu,37,35,-600.0,410.0,-14.5,14.5,,,,,67.5,,13,espn-core,,,0,1,9,9,Eugene,OR
2019-10-26,osu,wis,38,7,-700.0,500.0,-14.5,14.5,,,,,48.0,,13,espn-core,,,0,1,5,5,Columbus,OH
2019-10-26,pitt,mia,12,16,-222.0,178.0,-4.5,4.5,,,,,43.0,,13,espn-core,,,0,1,1,1,Pittsburgh,PA
2019-10-26,pur,ill,6,24,-350.0,270.0,-9.5,9.5,,,,,54.5,,13,espn-core,,,0,1,5,5,West Lafayette,IN
2019-10-26,rice,usm,6,20,300.0,-393.0,10.0,-10.0,,,,,51.5,,13,espn-core,,,0,1,12,12,Houston,TX
2019-10-26,rutg,lib,44,34,247.5,-317.0,7.5,-7.5,,,,,44.25,,10,espn-core,,,0,0,5,18,Piscataway,NJ
2019-10-26,sdst,ndsu,16,23,180.0,-222.0,5.5,-5.5,,,,,46.75,,7,espn-core,,,0,1,21,21,Brookings,SD
2019-10-26,stan,ariz,41,31,-143.0,121.0,,,,,,,53.5,,12,espn-core,,,0,1,9,9,Stanford,CA
2019-10-26,ta&m,msst,49,30,-435.0,327.0,-11.0,11.0,,,,,50.0,,13,espn-core,,,0,1,8,8,College Station,TX
2019-10-26,tcu,tex,37,27,-115.0,-105.0,,,,,,,57.0,,12,espn-core,,,0,1,4,4,Fort Worth,TX
2019-10-26,tem,ucf,21,63,325.0,-433.0,11.5,-11.5,,,,,61.5,,13,espn-core,,,0,1,151,151,Philadelphia,PA
2019-10-26,tenn,sc,41,21,161.0,-200.0,4.5,-4.5,,,,,46.0,,13,espn-core,,,0,1,8,8,Knoxville,TN
2019-10-26,tlsa,mem,41,42,281.0,-360.0,10.0,-10.0,,,,,59.0,,13,espn-core,,,0,1,151,151,Tulsa,OK
2019-10-26,tol,emu,37,34,-145.0,120.0,-2.5,2.5,,,,,52.5,,12,espn-core,,,0,1,15,15,Toledo,OH
2019-10-26,ucla,asu,42,32,128.0,-155.0,3.0,-3.0,,,,,56.5,,13,espn-core,,,0,1,9,9,Pasadena,CA
2019-10-26,uk,miz,29,7,290.0,-380.0,9.5,-9.5,,,,,43.5,,13,espn-core,,,0,1,8,8,Lexington,KY
2019-10-26,unc,duke,20,17,-154.0,130.0,-3.0,3.0,,,,,53.5,,13,espn-core,,,0,1,1,1,Chapel Hill,NC
2019-10-26,unlv,sdsu,17,20,375.0,-500.0,11.5,-11.5,,,,,44.5,,13,espn-core,,,0,1,17,17,Las Vegas,NV
2019-10-26,unm,haw,31,45,285.0,-366.0,10.0,-10.0,,,,,71.0,,13,espn-core,,,0,1,17,17,Albuquerque,NM
2019-10-26,usa,app,3,30,1300.0,-5000.0,27.5,-27.5,,,,,50.5,,13,espn-core,,,0,1,37,37,Mobile,AL
2019-10-26,utah,cal,35,0,-2386.0,1000.0,-21.0,21.0,,,,,36.5,,13,espn-core,,,0,1,9,9,Salt Lake City,UT
2019-10-26,utep,lt,21,42,750.0,-1402.0,18.5,-18.5,,,,,50.0,,13,espn-core,,,0,1,12,12,El Paso,TX
2019-10-26,wmu,bgsu,49,10,-3333.0,1325.0,-27.0,27.0,,,,,65.5,,13,espn-core,,,0,1,15,15,Kalamazoo,MI
2019-10-26,wyo,nev,31,3,-643.0,442.0,-13.5,13.5,,,,,44.0,,13,espn-core,,,0,1,17,17,Laramie,WY
2019-10-31,app,gaso,21,24,-701.5,490.5,-14.0,14.0,,,,,42.0,,11,espn-core,,,0,1,37,37,Boone,NC
2019-10-31,bay,wvu,17,14,-934.5,600.0,-18.0,18.0,,,,,56.5,,11,espn-core,,,0,1,4,4,Waco,TX
2019-11-01,conn,navy,10,56,1200.0,-3333.0,26.5,-26.5,,,,,54.5,,11,espn-core,,,0,1,151,151,East Hartford,CT
2019-11-02,afa,army,17,13,-1047.5,651.5,-17.0,17.0,,,,,45.0,,11,espn-core,,,0,0,17,18,USAF Academy,CO
2019-11-02,ariz,orst,38,56,-193.0,165.5,-4.5,4.5,,,,,71.5,,11,espn-core,,,0,1,9,9,Tucson,AZ
2019-11-02,ark,msst,24,54,230.0,-280.0,7.0,-7.0,,,,,59.0,,11,espn-core,,,0,1,8,8,Fayetteville,AR
2019-11-02,aub,miss,20,14,-1000.0,640.0,-17.5,17.5,,,,,53.5,,11,espn-core,,,0,1,8,8,Auburn,AL
2019-11-02,bgsu,akr,35,6,-183.5,154.0,-4.0,4.0,,,,,49.5,,11,espn-core,,,0,1,15,15,Bowling Green,OH
2019-11-02,ccu,troy,36,35,101.0,-124.0,2.0,-2.0,,,,,60.0,,11,espn-core,,,0,1,37,37,Conway,SC
2019-11-02,clem,wof,59,14,,,-48.25,48.25,,,,,58.0,,6,espn-core,,,0,0,1,29,Clemson,SC
2019-11-02,clt,mtsu,34,20,160.0,-186.5,3.5,-3.5,,,,,65.25,,11,espn-core,,,0,1,12,12,Charlotte,NC
2019-11-02,cmu,niu,48,10,100.0,-122.0,1.5,-1.5,,,,,49.0,,11,espn-core,,,0,1,15,15,Mount Pleasant,MI
2019-11-02,csu,unlv,37,17,-303.0,240.0,,,,,,,63.75,,11,espn-core,,,0,1,17,17,Fort Collins,CO
2019-11-02,ecu,cin,43,46,1200.0,-3000.0,24.5,-24.5,,,,,48.5,,11,espn-core,,,0,1,151,151,Greenville,NC
2019-11-02,emu,buff,14,43,100.0,-121.0,,,,,,,50.0,,11,espn-core,,,0,1,15,15,Ypsilanti,MI
2019-11-02,fiu,odu,24,17,-1050.0,672.5,-17.5,17.5,,,,,47.0,,11,espn-core,,,0,1,12,12,Miami,FL
2019-11-02,fla,uga,17,24,200.0,-247.0,6.5,-6.5,,,,,47.5,,11,espn-core,,,1,1,8,8,Jacksonville,FL
2019-11-02,fsu,mia,10,27,-150.0,130.0,-3.0,3.0,,,,,49.5,,11,espn-core,,,0,1,1,1,Tallahassee,FL
2019-11-02,gt,pitt,10,20,277.0,-362.5,9.5,-9.5,,,,,44.0,,11,espn-core,,,0,1,1,1,Atlanta,GA
2019-11-02,haw,fres,38,41,-130.0,108.5,-2.0,2.0,,,,,66.5,,11,espn-core,,,0,1,17,17,,
2019-11-02,ill,rutg,38,10,-1453.5,833.0,-18.5,18.5,,,,,48.25,,8,espn-core,,,0,1,5,5,Champaign,IL
2019-11-02,iu,nu,34,3,-347.0,268.0,-8.5,8.5,,,,,43.75,,11,espn-core,,,0,1,5,5,Bloomington,IN
2019-11-02,kenn,monm,21,45,-714.0,500.0,-15.5,15.5,,,,,58.0,,2,espn-core,,,0,1,40,40,Kennesaw,GA
2019-11-02,ku,ksu,10,38,170.0,-209.0,5.0,-5.0,,,,,55.0,,11,espn-core,,,0,1,4,4,Lawrence,KS
2019-11-02,mass,lib,21,63,1032.5,-2240.5,24.0,-24.0,,,,,71.5,,11,espn-core,,,0,0,18,18,Amherst,MA
2019-11-02,md,mich,7,38,900.0,-1880.5,21.5,-21.5,,,,,57.5,,11,espn-core,,,0,1,5,5,College Park,MD
2019-11-02,mem,smu,54,48,-225.5,182.0,-6.5,6.5,,,,,71.5,,11,espn-core,,,0,1,151,151,Memphis,TN
2019-11-02,most,sdst,14,35,1450.0,-3333.0,24.0,-24.0,,,,,49.5,,4,espn-core,,,0,1,21,21,Springfield,MO
2019-11-02,nd,vt,21,20,-887.5,595.0,-17.5,17.5,,,,,59.0,,11,espn-core,,,0,0,18,1,Notre Dame,IN
2019-11-02,nev,unm,21,10,-171.0,143.5,-3.5,3.5,,,,,58.0,,11,espn-core,,,0,1,17,17,Reno,NV
2019-11-02,okst,tcu,34,27,-125.0,103.5,,,,,,,58.5,,11,espn-core,,,0,1,4,4,Stillwater,OK
2019-11-02,pur,neb,31,27,152.5,-182.5,4.0,-4.0,,,,,58.0,,11,espn-core,,,0,1,5,5,West Lafayette,IN
2019-11-02,rice,mrsh,7,20,360.0,-484.0,11.5,-11.5,,,,,48.25,,11,espn-core,,,0,1,12,12,Houston,TX
2019-11-02,sac,web,17,36,-323.0,260.0,-7.5,7.5,,,,,52.0,,4,espn-core,,,0,1,20,20,Sacramento,CA
2019-11-02,sc,van,24,7,-710.5,495.0,-15.0,15.0,,,,,51.5,,11,espn-core,,,0,1,8,8,Columbia,SC
2019-11-02,sjsu,bois,42,52,537.5,-816.5,16.5,-16.5,,,,,60.5,,11,espn-core,,,0,1,17,17,San Jose,CA
2019-11-02,syr,bc,27,58,-159.5,131.0,-3.0,3.0,,,,,59.0,,11,espn-core,,,0,1,1,1,Syracuse,NY
2019-11-02,ta&m,utsa,45,14,100.0,3000.0,-37.5,37.5,,,,,55.0,,11,espn-core,,,0,0,8,12,College Station,TX
2019-11-02,tenn,uab,30,7,-544.0,385.0,-13.0,13.0,,,,,49.5,,11,espn-core,,,0,0,8,12,Knoxville,TN
2019-11-02,tow,del,31,24,-556.0,425.0,-14.0,14.0,,,,,55.0,,4,espn-core,,,0,1,48,48,Towson,MD
2019-11-02,tuln,tlsa,38,26,-400.0,305.0,-10.0,10.0,,,,,59.5,,11,espn-core,,,0,1,151,151,New Orleans,LA
2019-11-02,ucf,hou,44,29,-1833.5,963.5,-21.5,21.5,,,,,72.75,,11,espn-core,,,0,1,151,151,Orlando,FL
2019-11-02,ucla,colo,31,14,-240.0,195.0,-6.5,6.5,,,,,64.5,,11,espn-core,,,0,1,9,9,Pasadena,CA
2019-11-02,ul,txst,31,3,-2497.5,1050.0,-23.0,23.0,,,,,55.5,,11,espn-core,,,0,1,37,37,Lafayette,LA
2019-11-02,ulm,arst,41,48,-102.0,-120.0,1.0,-1.0,,,,,69.5,,11,espn-core,,,0,1,37,37,Monroe,LA
2019-11-02,unc,uva,31,38,-112.5,-109.5,,,,,,,48.0,,11,espn-core,,,0,1,1,1,Chapel Hill,NC
2019-11-02,unt,utep,52,26,-2000.0,1000.0,-22.5,22.5,,,,,58.5,,11,espn-core,,,0,1,12,12,Denton,TX
2019-11-02,usc,ore,24,56,143.5,-171.0,3.5,-3.5,,,,,60.25,,11,espn-core,,,0,1,9,9,Los Angeles,CA
2019-11-02,usu,byu,14,42,-155.5,132.0,-3.0,3.0,,,,,51.0,,11,espn-core,,,0,0,17,18,Logan,UT
2019-11-02,utm,jvst,22,17,-213.0,175.0,-4.5,4.5,,,,,50.5,,4,espn-core,,,0,1,26,26,Martin,TN
2019-11-02,wake,ncsu,44,10,-313.0,247.5,-8.0,8.0,,,,,61.0,,11,espn-core,,,0,1,1,1,Winston-Salem,NC
2019-11-02,wash,utah,28,33,135.0,-159.5,3.0,-3.0,,,,,48.25,,11,espn-core,,,0,1,9,9,Seattle,WA
2019-11-02,wku,fau,24,35,-104.0,-118.0,,,,,,,51.0,,11,espn-core,,,0,1,12,12,Bowling Green,KY
2019-11-02,ysu,ndsu,17,56,600.0,-909.0,18.0,-18.0,,,,,50.5,,4,espn-core,,,0,1,21,21,Youngstown,OH
2019-11-05,tol,kent,35,33,-185.5,152.5,-4.25,4.25,,,,,63.25,,10,espn-core,,,0,1,15,15,Toledo,OH
2019-11-05,wmu,ball,35,31,-244.0,195.0,-6.5,6.5,,,,,65.0,,10,espn-core,,,0,1,15,15,Kalamazoo,MI
2019-11-06,ohio,m-oh,21,24,-280.5,232.5,-7.0,7.0,,,,,57.5,,10,espn-core,,,0,1,15,15,Athens,OH
2019-11-07,ccu,ul,7,48,431.5,-600.0,14.0,-14.0,,,,,58.0,,10,espn-core,,,0,1,37,37,Conway,SC
2019-11-07,usf,tem,7,17,-107.5,-114.5,,,,,,,50.0,,10,espn-core,,,0,1,151,151,Tampa,FL
2019-11-08,orst,wash,7,19,310.0,-423.5,10.5,-10.5,,,,,64.25,,10,espn-core,,,0,1,9,9,Corvallis,OR
2019-11-08,tlsa,ucf,34,31,547.0,-800.0,16.5,-16.5,,,,,68.5,,10,espn-core,,,0,1,151,151,Tulsa,OK
2019-11-09,acu,shsu,10,24,155.0,-175.0,3.5,-3.5,,,,,48.5,,4,espn-core,,,0,1,30,30,Abilene,TX
2019-11-09,ala,lsu,41,46,-220.0,177.0,-5.5,5.5,,,,,65.5,,11,espn-core,,,0,1,8,8,Tuscaloosa,AL
2019-11-09,ark,wku,19,45,-113.5,-107.5,,,,,,,51.0,,11,espn-core,,,0,0,8,12,Fayetteville,AR
2019-11-09,army,mass,63,7,-9991.0,2600.0,-34.5,34.5,,,,,60.0,,11,espn-core,,,0,0,18,18,West Point,NY
2019-11-09,asu,usc,26,31,159.0,-186.0,4.0,-4.0,,,,,54.0,,10,espn-core,,,0,1,9,9,Tempe,AZ
2019-11-09,bc,fsu,31,38,-121.5,101.0,-1.25,1.25,,,,,64.0,,10,espn-core,,,0,1,1,1,Chestnut Hill,MA
2019-11-09,bois,wyo,20,17,-847.0,559.5,-16.5,16.5,,,,,48.0,,10,espn-core,,,0,1,17,17,Boise,ID
2019-11-09,byu,lib,31,24,-875.0,575.0,-17.0,17.0,,,,,62.25,,10,espn-core,,,0,0,18,18,Provo,UT
2019-11-09,cal,wsu,33,20,258.5,-335.0,8.5,-8.5,,,,,52.0,,11,espn-core,,,0,1,9,9,Berkeley,CA
2019-11-09,cam,kenn,35,38,475.0,-667.0,15.0,-15.0,,,,,58.0,,4,espn-core,,,0,1,40,40,Buies Creek,NC
2019-11-09,cin,conn,48,3,-10000.0,2500.0,-34.0,34.0,,,,,53.0,,11,espn-core,,,0,1,151,151,Cincinnati,OH
2019-11-09,colo,stan,16,13,150.0,-176.5,4.0,-4.0,,,,,56.5,,10,espn-core,,,0,1,9,9,Boulder,CO
2019-11-09,del,alb,17,21,-120.0,100.0,-1.0,1.0,,,,,58.0,,4,espn-core,,,0,1,48,48,Newark,DE
2019-11-09,duke,nd,7,38,234.0,-294.0,7.0,-7.0,,,,,49.75,,10,espn-core,,,0,0,1,18,Durham,NC
2019-11-09,fau,fiu,37,7,-440.0,345.0,-11.5,11.5,,,,,59.0,,11,espn-core,,,0,1,12,12,Boca Raton,FL
2019-11-09,fla,van,56,0,-5000.0,1600.0,-27.0,27.0,,,,,49.0,,10,espn-core,,,0,1,8,8,Gainesville,FL
2019-11-09,fres,usu,35,37,-211.0,177.5,-5.5,5.5,,,,,59.0,,11,espn-core,,,0,1,17,17,Fresno,CA
2019-11-09,haw,sjsu,42,40,-303.0,235.0,-7.5,7.5,,,,,78.5,,9,espn-core,,,0,1,17,17,,
2019-11-09,jmu,unh,54,16,-1667.0,900.0,-19.5,19.5,,,,,38.5,,4,espn-core,,,0,1,48,48,Harrisonburg,VA
2019-11-09,lt,unt,52,17,-210.0,175.0,-5.5,5.5,,,,,71.5,,11,espn-core,,,0,1,12,12,Ruston,LA
2019-11-09,mia,lou,52,27,-264.5,210.5,-6.5,6.5,,,,,49.0,,10,espn-core,,,0,1,1,1,Miami Gardens,FL
2019-11-09,minn,psu,31,26,209.5,-261.0,6.5,-6.5,,,,,48.5,,10,espn-core,,,0,1,5,5,Minneapolis,MN
2019-11-09,miss,nmsu,41,3,-5000.0,1400.0,-28.5,28.5,,,,,64.5,,11,espn-core,,,0,0,8,18,Oxford,MS
2019-11-09,msu,ill,34,37,-796.5,521.5,-15.5,15.5,,,,,47.0,,11,espn-core,,,0,1,5,5,East Lansing,MI
2019-11-09,nau,sac,34,38,425.0,-556.0,14.5,-14.5,,,,,76.5,,4,espn-core,,,0,1,20,20,Flagstaff,AZ
2019-11-09,ncsu,clem,10,55,2462.0,-7500.0,34.5,-34.5,,,,,54.0,,11,espn-core,,,0,1,1,1,Raleigh,NC
2019-11-09,ndsu,wiu,57,21,,,-43.5,43.5,,,,,57.5,,4,espn-core,,,0,1,21,21,Fargo,ND
2019-11-09,nu,pur,22,24,-115.0,-105.0,-1.0,1.0,,,,,39.0,,10,espn-core,,,0,1,5,5,Evanston,IL
2019-11-09,odu,utsa,23,24,-160.5,135.0,-3.0,3.0,,,,,42.0,,10,espn-core,,,0,1,12,12,Norfolk,VA
2019-11-09,ou,isu,42,41,-605.0,435.5,-14.5,14.5,,,,,70.0,,11,espn-core,,,0,1,4,4,Norman,OK
2019-11-09,osu,md,73,14,100.0,2050.0,-42.5,42.5,,,,,66.0,,10,espn-core,,,0,1,5,5,Columbus,OH
2019-11-09,sc,app,15,20,-252.5,203.5,-6.5,6.5,,,,,51.0,,10,espn-core,,,0,0,8,37,Columbia,SC
2019-11-09,sdsu,nev,13,17,-1000.0,648.0,-17.0,17.0,,,,,39.5,,11,espn-core,,,0,1,17,17,San Diego,CA
2019-11-09,siu,most,37,14,-1429.0,800.0,-19.0,19.0,,,,,47.5,,4,espn-core,,,0,1,21,21,Carbondale,IL
2019-11-09,smu,ecu,59,51,-1667.0,894.0,-22.0,22.0,,,,,74.0,,11,espn-core,,,0,1,151,151,Dallas,TX
2019-11-09,tcu,bay,23,29,105.0,-129.0,2.0,-2.0,,,,,48.0,,10,espn-core,,,0,1,4,4,Fort Worth,TX
2019-11-09,tex,ksu,27,24,-280.0,230.0,-7.0,7.0,,,,,57.5,,11,espn-core,,,0,1,4,4,Austin,TX
2019-11-09,tntc,jvst,37,27,290.0,-370.0,9.5,-9.5,,,,,65.0,,4,espn-core,,,0,1,26,26,Cookeville,TN
2019-11-09,troy,gaso,49,28,114.5,-137.0,2.5,-2.5,,,,,56.0,,11,espn-core,,,0,1,37,37,Troy,AL
2019-11-09,txst,usa,30,28,-285.5,227.0,-7.0,7.0,,,,,41.5,,11,espn-core,,,0,1,37,37,San Marcos,TX
2019-11-09,uga,miz,27,0,-1500.0,834.5,-18.5,18.5,,,,,48.0,,11,espn-core,,,0,1,8,8,Athens,GA
2019-11-09,uk,tenn,13,17,-125.0,103.5,-1.5,1.5,,,,,42.0,,11,espn-core,,,0,1,8,8,Lexington,KY
2019-11-09,ulm,gast,45,31,118.0,-140.0,3.0,-3.0,,,,,76.0,,11,espn-core,,,0,1,37,37,Monroe,LA
2019-11-09,usm,uab,37,2,-320.0,252.5,-7.5,7.5,,,,,49.5,,11,espn-core,,,0,1,12,12,Hattiesburg,MS
2019-11-09,utep,clt,21,28,364.0,-499.0,12.5,-12.5,,,,,55.25,,10,espn-core,,,0,1,12,12,El Paso,TX
2019-11-09,uva,gt,33,28,-878.0,571.5,-16.0,16.0,,,,,45.5,,10,espn-core,,,0,1,1,1,Charlottesville,VA
2019-11-09,vt,wake,36,17,118.0,-138.0,2.5,-2.5,,,,,61.0,,11,espn-core,,,0,1,1,1,Blacksburg,VA
2019-11-09,wis,iowa,24,22,-333.0,260.0,-7.5,7.5,,,,,37.5,,11,espn-core,,,0,1,5,5,Madison,WI
2019-11-09,wvu,ttu,17,38,115.0,-139.5,2.5,-2.5,,,,,56.5,,10,espn-core,,,0,1,4,4,Morgantown,WV
2019-11-12,akr,emu,14,42,625.0,-1000.0,17.0,-17.0,,,,,45.0,,11,espn-core,,,0,1,15,15,Akron,OH
2019-11-12,ohio,wmu,34,37,-114.5,-104.5,,,,,,,63.5,,10,espn-core,,,0,1,15,15,Athens,OH
2019-11-13,m-oh,bgsu,44,3,-943.0,600.0,-17.0,17.0,,,,,47.75,,11,espn-core,,,0,1,15,15,Oxford,OH
2019-11-13,tol,niu,28,31,-135.0,110.0,-2.0,2.0,,,,,55.0,,11,espn-core,,,0,1,15,15,Toledo,OH
2019-11-14,kent,buff,30,27,198.0,-250.0,6.0,-6.0,,,,,55.0,,11,espn-core,,,0,1,15,15,Kent,OH
2019-11-14,pitt,unc,34,27,-191.0,161.0,-4.0,4.0,,,,,49.0,,11,espn-core,,,0,1,1,1,Pittsburgh,PA
2019-11-15,mrsh,lt,31,10,-250.0,200.0,-6.5,6.5,,,,,54.0,,11,espn-core,,,0,1,12,12,Huntington,WV
2019-11-15,sdsu,fres,17,7,-130.0,108.0,-2.0,2.0,,,,,43.5,,11,espn-core,,,0,1,17,17,San Diego,CA
2019-11-16,army,vmi,47,6,100.0,2800.0,-35.5,35.5,,,,,65.0,,5,espn-core,,,0,0,18,29,West Point,NY
2019-11-16,arst,ccu,28,27,-607.5,422.5,-14.0,14.0,,,,,60.0,,11,espn-core,,,0,1,37,37,Jonesboro,AR
2019-11-16,aub,uga,14,21,129.5,-150.0,3.0,-3.0,,,,,42.75,,11,espn-core,,,0,1,8,8,Auburn,AL
2019-11-16,ball,cmu,44,45,-120.5,100.0,-1.0,1.0,,,,,60.0,,11,espn-core,,,0,1,15,15,Muncie,IN
2019-11-16,bay,ou,31,34,300.0,-400.0,10.5,-10.5,,,,,69.0,,11,espn-core,,,0,1,4,4,Waco,TX
2019-11-16,bois,unm,42,9,-3333.0,1325.0,-26.0,26.0,,,,,57.75,,11,espn-core,,,0,1,17,17,Boise,ID
2019-11-16,byu,idst,42,10,100.0,2200.0,-33.0,33.0,,,,,58.5,,5,espn-core,,,0,0,18,20,Provo,UT
2019-11-16,cal,usc,17,41,165.0,-195.0,4.5,-4.5,,,,,48.0,,11,espn-core,,,0,1,9,9,Berkeley,CA
2019-11-16,clem,wake,52,3,-9949.0,2150.0,-34.5,34.5,,,,,59.25,,11,espn-core,,,0,1,1,1,Clemson,SC
2019-11-16,csu,afa,21,38,300.0,-400.0,,,,,,,62.5,,11,espn-core,,,0,1,17,17,Fort Collins,CO
2019-11-16,del,sb,17,10,170.0,-200.0,3.5,-3.5,,,,,49.5,,5,espn-core,,,0,1,48,48,Newark,DE
2019-11-16,duke,syr,6,49,-358.5,274.5,-9.0,9.0,,,,,49.5,,11,espn-core,,,0,1,1,1,Durham,NC
2019-11-16,fsu,alst,49,12,,,-41.0,41.0,,,,,53.0,,7,espn-core,,,0,0,1,31,Tallahassee,FL
2019-11-16,gaso,ulm,51,29,-240.0,191.0,-6.5,6.5,,,,,57.5,,11,espn-core,,,0,1,37,37,Statesboro,GA
2019-11-16,gast,app,27,56,491.0,-700.0,15.0,-15.0,,,,,61.0,,11,espn-core,,,0,1,37,37,Atlanta,GA
2019-11-16,gt,vt,0,45,189.0,-237.5,6.0,-6.0,,,,,51.0,,11,espn-core,,,0,1,1,1,Atlanta,GA
2019-11-16,hamp,kenn,7,50,,,16.5,-16.5,,,,,,,4,espn-core,,,0,1,40,40,Hampton,VA
2019-11-16,hou,mem,27,45,276.5,-358.5,9.5,-9.5,,,,,71.5,,11,espn-core,,,0,1,151,151,Houston,TX
2019-11-16,idho,sac,7,31,300.0,-385.0,10.0,-10.0,,,,,55.5,,5,espn-core,,,0,1,20,20,Moscow,ID
2019-11-16,ilst,most,17,12,-2000.0,1125.0,-22.5,22.5,,,,,37.5,,5,espn-core,,,0,1,21,21,Normal,IL
2019-11-16,iowa,minn,23,19,-165.0,140.0,-3.0,3.0,,,,,44.5,,11,espn-core,,,0,1,5,5,Iowa City,IA
2019-11-16,isu,tex,23,21,-262.0,210.0,-7.0,7.0,,,,,64.75,,11,espn-core,,,0,1,4,4,Ames,IA
2019-11-16,jmu,rich,48,6,-3333.0,1400.0,-24.0,24.0,,,,,57.5,,5,espn-core,,,0,1,48,48,Harrisonburg,VA
2019-11-16,ksu,wvu,20,24,-650.0,450.0,-14.0,14.0,,,,,46.0,,11,espn-core,,,0,1,4,4,Manhattan,KS
2019-11-16,mich,msu,44,10,-646.0,450.0,-13.5,13.5,,,,,43.75,,11,espn-core,,,0,1,5,5,Ann Arbor,MI
2019-11-16,miss,lsu,37,58,875.0,-1799.0,21.5,-21.5,,,,,66.0,,11,espn-core,,,0,1,8,8,Oxford,MS
2019-11-16,miz,fla,6,23,200.0,-250.0,6.5,-6.5,,,,,51.0,,11,espn-core,,,0,1,8,8,Columbia,MO
2019-11-16,msst,ala,7,38,740.0,-1250.0,19.0,-19.0,,,,,60.75,,11,espn-core,,,0,1,8,8,Starkville,MS
2019-11-16,mtsu,rice,28,31,-600.0,425.0,-13.5,13.5,,,,,46.5,,11,espn-core,,,0,1,12,12,Murfreesboro,TN
2019-11-16,ncsu,lou,20,34,156.5,-185.0,4.0,-4.0,,,,,51.5,,11,espn-core,,,0,1,1,1,Raleigh,NC
2019-11-16,nd,navy,52,20,-290.0,240.0,-7.0,7.0,,,,,55.5,,11,espn-core,,,0,0,18,151,Notre Dame,IN
2019-11-16,ndsu,sdak,49,14,-10000.0,1700.0,-28.0,28.0,,,,,62.5,,5,espn-core,,,0,1,21,21,Fargo,ND
2019-11-16,neb,wis,21,37,477.5,-700.0,14.0,-14.0,,,,,50.0,,11,espn-core,,,0,1,5,5,Lincoln,NE
2019-11-16,nmsu,uiw,41,28,-292.0,228.0,-7.5,7.5,,,,,60.0,,7,espn-core,,,0,0,18,30,Las Cruces,NM
2019-11-16,nu,mass,45,6,100.0,4000.0,-38.5,38.5,,,,,57.5,,11,espn-core,,,0,0,5,18,Evanston,IL
2019-11-16,okst,ku,31,13,-879.5,580.0,-17.5,17.5,,,,,69.5,,11,espn-core,,,0,1,4,4,Stillwater,OK
2019-11-16,ore,ariz,34,6,-4000.0,1400.0,-27.5,27.5,,,,,68.5,,11,espn-core,,,0,1,9,9,Eugene,OR
2019-11-16,orst,asu,35,34,-104.0,-119.5,1.0,-1.0,,,,,56.0,,11,espn-core,,,0,1,9,9,Corvallis,OR
2019-11-16,psu,iu,34,27,-700.0,489.0,-15.0,15.0,,,,,55.0,,11,espn-core,,,0,1,5,5,University Park,PA
2019-11-16,rutg,osu,21,56,,,,,,,,,63.0,,9,espn-core,,,0,1,5,5,Piscataway,NJ
2019-11-16,shsu,nwst,28,31,-1429.0,800.0,-18.0,18.0,,,,,54.5,,5,espn-core,,,0,1,30,30,Huntsville,TX
2019-11-16,ta&m,sc,30,6,-437.5,330.0,-10.5,10.5,,,,,47.25,,11,espn-core,,,0,1,8,8,College Station,TX
2019-11-16,tem,tuln,29,21,200.0,-247.5,6.5,-6.5,,,,,53.0,,11,espn-core,,,0,1,151,151,Philadelphia,PA
2019-11-16,ttu,tcu,31,33,149.5,-182.0,3.5,-3.5,,,,,53.5,,11,espn-core,,,0,1,4,4,Lubbock,TX
2019-11-16,txst,troy,27,63,226.0,-277.0,7.0,-7.0,,,,,63.5,,11,espn-core,,,0,1,37,37,San Marcos,TX
2019-11-16,uab,utep,37,10,-789.0,526.0,-15.0,15.0,,,,,42.5,,11,espn-core,,,0,1,12,12,Birmingham,AL
2019-11-16,unlv,haw,7,21,192.5,-240.0,6.5,-6.5,,,,,72.5,,11,espn-core,,,0,1,17,17,Las Vegas,NV
2019-11-16,usa,ul,27,37,1700.0,-6000.0,27.5,-27.5,,,,,53.0,,11,espn-core,,,0,1,37,37,Mobile,AL
2019-11-16,usf,cin,17,20,387.0,-533.0,13.0,-13.0,,,,,47.0,,11,espn-core,,,0,1,151,151,Tampa,FL
2019-11-16,usu,wyo,26,21,-200.0,169.0,-4.5,4.5,,,,,51.0,,11,espn-core,,,0,1,17,17,Logan,UT
2019-11-16,utah,ucla,49,3,-1800.0,950.0,-21.0,21.0,,,,,52.0,,11,espn-core,,,0,1,9,9,Salt Lake City,UT
2019-11-16,utsa,usm,17,36,575.0,-904.5,17.0,-17.0,,,,,55.5,,11,espn-core,,,0,1,12,12,San Antonio,TX
2019-11-16,van,uk,14,38,280.0,-361.0,9.5,-9.5,,,,,43.0,,11,espn-core,,,0,1,8,8,Nashville,TN
2019-11-16,wsu,stan,49,22,-400.0,310.0,-10.5,10.5,,,,,65.5,,11,espn-core,,,0,1,9,9,Pullman,WA
2019-11-19,bgsu,ohio,24,66,823.0,-1427.0,21.0,-21.0,,,,,55.5,,10,espn-core,,,0,1,15,15,Bowling Green,OH
2019-11-19,niu,emu,17,45,-172.0,140.0,-3.5,3.5,,,,,57.5,,11,espn-core,,,0,1,15,15,Dekalb,IL
2019-11-20,buff,tol,49,30,-400.0,300.0,-10.0,10.0,,,,,53.75,,11,espn-core,,,0,1,15,15,Buffalo,NY
2019-11-20,m-oh,akr,20,17,-9000.0,1900.0,-30.0,30.0,,,,,45.0,,11,espn-core,,,0,1,15,15,Oxford,OH
2019-11-21,gt,ncsu,28,26,120.0,-140.0,2.5,-2.5,,,,,46.5,,11,espn-core,,,0,1,1,1,Atlanta,GA
2019-11-22,wyo,csu,17,7,-209.5,169.0,-4.5,4.5,,,,,51.0,,11,espn-core,,,0,1,17,17,Laramie,WY
2019-11-23,ala,wcu,66,3,,,-58.5,58.5,,,,,61.5,,7,espn-core,,,0,0,8,29,Tuscaloosa,AL
2019-11-23,app,txst,35,13,-5530.0,1750.0,-28.0,28.0,,,,,50.0,,11,espn-core,,,0,1,37,37,Boone,NC
2019-11-23,ariz,utah,7,35,1188.0,-3000.0,23.5,-23.5,,,,,57.5,,11,espn-core,,,0,1,9,9,Tucson,AZ
2019-11-23,arst,gaso,38,33,-122.0,100.0,-1.5,1.5,,,,,52.5,,11,espn-core,,,0,1,37,37,Jonesboro,AR
2019-11-23,asu,ore,31,28,416.0,-588.0,13.5,-13.5,,,,,54.5,,11,espn-core,,,0,1,9,9,Tempe,AZ
2019-11-23,aub,sam,52,0,,,-45.5,45.5,,,,,64.0,,7,espn-core,,,0,0,8,29,Auburn,AL
2019-11-23,bay,tex,24,10,-180.5,149.5,-4.0,4.0,,,,,58.0,,11,espn-core,,,0,1,4,4,Waco,TX
2019-11-23,cin,tem,15,13,-353.5,279.0,-9.0,9.0,,,,,44.25,,11,espn-core,,,0,1,151,151,Cincinnati,OH
2019-11-23,clt,mrsh,24,13,199.0,-242.0,6.5,-6.5,,,,,56.5,,11,espn-core,,,0,1,12,12,Charlotte,NC
2019-11-23,colo,wash,20,14,426.5,-625.0,14.0,-14.0,,,,,53.0,,11,espn-core,,,0,1,9,9,Boulder,CO
2019-11-23,conn,ecu,24,31,432.5,-617.5,15.0,-15.0,,,,,64.0,,11,espn-core,,,0,1,151,151,East Hartford,CT
2019-11-23,fiu,mia,30,24,900.0,-1805.0,20.5,-20.5,,,,,50.5,,11,espn-core,,,0,0,12,1,Miami,FL
2019-11-23,fres,nev,28,35,-540.5,393.5,-13.0,13.0,,,,,51.5,,11,espn-core,,,0,1,17,17,Fresno,CA
2019-11-23,gast,usa,28,15,-340.0,260.0,-9.0,9.0,,,,,57.0,,11,espn-core,,,0,1,37,37,Atlanta,GA
2019-11-23,haw,sdsu,14,11,-120.5,,-1.0,1.0,,,,,46.5,,11,espn-core,,,0,1,17,17,,
2019-11-23,iu,mich,14,39,290.0,-382.5,9.5,-9.5,,,,,53.5,,11,espn-core,,,0,1,5,5,Bloomington,IN
2019-11-23,iowa,ill,19,10,-816.5,527.0,-15.5,15.5,,,,,48.5,,11,espn-core,,,0,1,5,5,Iowa City,IA
2019-11-23,isu,ku,41,31,-3811.5,1225.0,-26.5,26.5,,,,,58.5,,11,espn-core,,,0,1,4,4,Ames,IA
2019-11-23,jvst,eku,23,29,-161.0,140.0,-3.0,3.0,,,,,49.5,,5,espn-core,,,0,1,26,26,Jacksonville,AL
2019-11-23,kenn,webb,42,14,100.0,2000.0,-31.0,31.0,,,,,65.0,,5,espn-core,,,0,1,40,40,Kennesaw,GA
2019-11-23,kent,ball,41,38,130.0,-151.0,3.0,-3.0,,,,,67.5,,11,espn-core,,,0,1,15,15,Kent,OH
2019-11-23,lou,syr,56,34,-298.0,239.0,-7.5,7.5,,,,,64.5,,10,espn-core,,,0,1,1,1,Louisville,KY
2019-11-23,lsu,ark,56,20,100.0,2050.0,-41.5,41.5,,,,,69.0,,10,espn-core,,,0,1,8,8,Baton Rouge,LA
2019-11-23,mass,byu,24,56,2050.0,100.0,41.5,-41.5,,,,,69.0,,11,espn-core,,,0,0,18,18,Amherst,MA
2019-11-23,md,neb,7,54,202.5,-257.5,6.5,-6.5,,,,,63.5,,11,espn-core,,,0,1,5,5,College Park,MD
2019-11-23,miz,tenn,20,24,-150.0,126.5,-2.75,2.75,,,,,47.0,,10,espn-core,,,0,1,8,8,Columbia,MO
2019-11-23,most,inst,24,51,170.0,-200.0,3.5,-3.5,,,,,34.0,,5,espn-core,,,0,1,21,21,Springfield,MO
2019-11-23,msst,acu,45,7,100.0,3000.0,-37.0,37.0,,,,,57.0,,7,espn-core,,,0,0,8,30,Starkville,MS
2019-11-23,mtsu,odu,38,17,-612.5,425.0,-13.5,13.5,,,,,47.0,,11,espn-core,,,0,1,12,12,Murfreesboro,TN
2019-11-23,navy,smu,35,28,-164.0,138.0,-3.5,3.5,,,,,68.75,,11,espn-core,,,0,1,151,151,Annapolis,MD
2019-11-23,nd,bc,40,7,-1429.0,787.5,-20.5,20.5,,,,,65.5,,11,espn-core,,,0,0,18,1,Notre Dame,IN
2019-11-23,nmsu,utep,44,35,-279.0,220.5,-7.0,7.0,,,,,55.5,,11,espn-core,,,0,0,18,12,Las Cruces,NM
2019-11-23,nu,minn,22,38,625.0,-965.5,16.0,-16.0,,,,,41.0,,11,espn-core,,,0,1,5,5,Evanston,IL
2019-11-23,ou,tcu,28,24,-1000.0,650.0,-18.0,18.0,,,,,65.0,,11,espn-core,,,0,1,4,4,Norman,OK
2019-11-23,osu,psu,28,17,-1225.0,726.0,-20.0,20.0,,,,,58.0,,11,espn-core,,,0,1,5,5,Columbus,OH
2019-11-23,rice,unt,20,14,196.5,-240.0,6.5,-6.5,,,,,55.0,,11,espn-core,,,0,1,12,12,Houston,TX
2019-11-23,rutg,msu,0,27,1110.0,-2644.0,21.5,-21.5,,,,,43.5,,8,espn-core,,,0,1,5,5,Piscataway,NJ
2019-11-23,sac,ucd,27,17,-526.0,400.0,-10.5,10.5,,,,,61.0,,4,espn-core,,,0,1,20,20,Sacramento,CA
2019-11-23,shsu,hbap,37,14,-1429.0,850.0,-19.0,19.0,,,,,62.5,,5,espn-core,,,0,1,30,30,Huntsville,TX
2019-11-23,siu,ndsu,7,21,600.0,-909.0,17.0,-17.0,,,,,53.5,,5,espn-core,,,0,1,21,21,Carbondale,IL
2019-11-23,stan,cal,20,24,-118.0,-105.0,,,,,,,41.25,,11,espn-core,,,0,1,9,9,Stanford,CA
2019-11-23,tlsa,hou,14,24,-217.0,179.5,-6.0,6.0,,,,,57.5,,11,espn-core,,,0,1,151,151,Tulsa,OK
2019-11-23,ttu,ksu,27,30,-109.0,-111.5,,,,,,,57.0,,11,espn-core,,,0,1,4,4,Lubbock,TX
2019-11-23,tuln,ucf,31,34,226.5,-284.5,7.0,-7.0,,,,,72.75,,11,espn-core,,,0,1,151,151,New Orleans,LA
2019-11-23,uab,lt,20,14,-244.0,194.5,-6.5,6.5,,,,,44.0,,11,espn-core,,,0,1,12,12,Birmingham,AL
2019-11-23,uga,ta&m,19,13,-524.0,380.0,-12.0,12.0,,,,,43.5,,11,espn-core,,,0,1,8,8,Athens,GA
2019-11-23,uk,utm,50,7,-10000.0,1800.0,-29.5,29.5,,,,,43.5,,7,espn-core,,,0,0,8,26,Lexington,KY
2019-11-23,ul,troy,53,3,-430.0,335.0,-12.0,12.0,,,,,74.0,,11,espn-core,,,0,1,37,37,Lafayette,LA
2019-11-23,ulm,ccu,45,42,-222.0,179.5,-6.0,6.0,,,,,63.5,,11,espn-core,,,0,1,37,37,Monroe,LA
2019-11-23,unc,mer,56,7,,,,,,,,,,,0,espn-core,,,0,0,1,29,Chapel Hill,NC
2019-11-23,unlv,sjsu,38,35,210.5,-263.0,7.0,-7.0,,,,,65.5,,10,espn-core,,,0,1,17,17,Las Vegas,NV
2019-11-23,unm,afa,22,44,1200.0,-3039.5,24.0,-24.0,,,,,57.0,,11,espn-core,,,0,1,17,17,Albuquerque,NM
2019-11-23,uri,jmu,21,55,3000.0,100.0,27.0,-27.0,,,,,63.0,,5,espn-core,,,0,1,48,48,Kingston,RI
2019-11-23,usc,ucla,52,35,-531.5,390.0,-13.5,13.5,,,,,66.5,,11,espn-core,,,0,1,9,9,Los Angeles,CA
2019-11-23,usf,mem,10,49,467.5,-679.5,14.5,-14.5,,,,,60.0,,11,espn-core,,,0,1,151,151,Tampa,FL
2019-11-23,usm,wku,10,28,-170.0,141.5,-3.5,3.5,,,,,51.0,,11,espn-core,,,0,1,12,12,Hattiesburg,MS
2019-11-23,usu,bois,21,56,163.0,-200.0,4.5,-4.5,,,,,53.5,,11,espn-core,,,0,1,17,17,Logan,UT
2019-11-23,utsa,fau,26,40,862.5,-1733.5,21.5,-21.5,,,,,57.5,,11,espn-core,,,0,1,12,12,San Antonio,TX
2019-11-23,uva,lib,55,27,-759.5,517.5,-16.5,16.5,,,,,58.0,,11,espn-core,,,0,0,1,18,Charlottesville,VA
2019-11-23,van,etsu,38,0,-1429.0,850.0,-20.5,20.5,,,,,42.5,,3,espn-core,,,0,0,8,29,Nashville,TN
2019-11-23,vill,del,55,33,-667.0,475.0,-14.0,14.0,,,,,56.5,,5,espn-core,,,0,1,48,48,Philadelphia,PA
2019-11-23,vt,pitt,28,0,-176.5,147.5,-3.5,3.5,,,,,43.5,,11,espn-core,,,0,1,1,1,Blacksburg,VA
2019-11-23,wake,duke,39,27,-255.5,204.5,-6.5,6.5,,,,,50.0,,11,espn-core,,,0,1,1,1,Winston-Salem,NC
2019-11-23,wis,pur,45,24,-3500.0,1400.0,-24.5,24.5,,,,,48.5,,11,espn-core,,,0,1,5,5,Madison,WI
2019-11-23,wsu,orst,54,53,-400.0,300.0,-10.5,10.5,,,,,77.5,,11,espn-core,,,0,1,9,9,Pullman,WA
2019-11-23,wvu,okst,13,20,201.5,-254.5,6.5,-6.5,,,,,56.0,,11,espn-core,,,0,1,4,4,Morgantown,WV
2019-11-26,akr,ohio,3,52,1352.0,-4701.0,27.5,-27.5,,,,,53.0,,11,espn-core,,,0,1,15,15,Akron,OH
2019-11-26,niu,wmu,17,14,307.5,-400.0,10.0,-10.0,,,,,51.25,,11,espn-core,,,0,1,15,15,Dekalb,IL
2019-11-28,msst,miss,21,20,101.0,-125.0,,,,,,,59.0,,10,espn-core,,,0,1,8,8,Starkville,MS
2019-11-29,ark,miz,14,24,467.5,-683.5,15.0,-15.0,,,,,53.0,,11,espn-core,,,0,1,8,8,Little Rock,AR
2019-11-29,ball,m-oh,41,27,-165.0,135.0,-3.0,3.0,,,,,55.5,,11,espn-core,,,0,1,15,15,Muncie,IN
2019-11-29,buff,bgsu,49,7,-5000.0,1576.0,-28.0,28.0,,,,,53.5,,11,espn-core,,,0,1,15,15,Buffalo,NY
2019-11-29,cmu,tol,49,7,-572.5,424.5,-14.5,14.5,,,,,64.5,,11,espn-core,,,0,1,15,15,Mount Pleasant,MI
2019-11-29,csu,bois,24,31,410.0,-553.0,13.5,-13.5,,,,,57.5,,11,espn-core,,,0,1,17,17,Fort Collins,CO
2019-11-29,emu,kent,26,34,-177.5,149.0,-3.5,3.5,,,,,68.5,,11,espn-core,,,0,1,15,15,Ypsilanti,MI
2019-11-29,mem,cin,34,24,-544.0,396.5,-13.5,13.5,,,,,59.5,,11,espn-core,,,0,1,151,151,Memphis,TN
2019-11-29,neb,iowa,24,27,160.5,-190.0,4.0,-4.0,,,,,45.75,,11,espn-core,,,0,1,5,5,Lincoln,NE
2019-11-29,tcu,wvu,17,20,-600.0,428.0,-13.5,13.5,,,,,43.0,,11,espn-core,,,0,1,4,4,Fort Worth,TX
2019-11-29,tex,ttu,49,24,-320.0,252.5,-8.0,8.0,,,,,65.0,,11,espn-core,,,0,1,4,4,Austin,TX
2019-11-29,troy,app,13,48,320.5,-417.0,11.0,-11.0,,,,,64.0,,11,espn-core,,,0,1,37,37,Troy,AL
2019-11-29,ucf,usf,34,7,-2500.0,1075.0,-24.0,24.0,,,,,61.5,,11,espn-core,,,0,1,151,151,Orlando,FL
2019-11-29,usa,arst,34,30,300.0,-400.0,10.5,-10.5,,,,,53.0,,11,espn-core,,,0,1,37,37,Mobile,AL
2019-11-29,uva,vt,39,30,105.0,-127.5,1.5,-1.5,,,,,48.5,,11,espn-core,,,0,1,1,1,Charlottesville,VA
2019-11-29,wash,wsu,31,13,-270.0,220.0,-7.0,7.0,,,,,65.0,,11,espn-core,,,0,1,9,9,Seattle,WA
2019-11-30,afa,wyo,20,6,-554.0,409.5,-13.0,13.0,,,,,41.5,,11,espn-core,,,0,1,17,17,USAF Academy,CO
2019-11-30,asu,ariz,24,14,-526.0,390.0,-13.5,13.5,,,,,60.0,,11,espn-core,,,0,1,9,9,Tempe,AZ
2019-11-30,aub,ala,48,45,150.0,-181.0,3.5,-3.5,,,,,50.5,,11,espn-core,,,0,1,8,8,Auburn,AL
2019-11-30,ccu,txst,24,21,-270.0,217.0,-7.0,7.0,,,,,52.0,,11,espn-core,,,0,1,37,37,Conway,SC
2019-11-30,duke,mia,27,17,278.5,-357.5,9.0,-9.0,,,,,44.0,,11,espn-core,,,0,1,1,1,Durham,NC
2019-11-30,ecu,tlsa,24,49,194.5,-250.0,7.0,-7.0,,,,,64.0,,11,espn-core,,,0,1,151,151,Greenville,NC
2019-11-30,fau,usm,34,17,-332.5,260.0,-9.0,9.0,,,,,57.5,,11,espn-core,,,0,1,12,12,Boca Raton,FL
2019-11-30,fla,fsu,40,17,-910.5,595.0,-17.0,17.0,,,,,55.5,,11,espn-core,,,0,0,8,1,Gainesville,FL
2019-11-30,gaso,gast,38,10,-250.0,202.0,-6.5,6.5,,,,,56.5,,11,espn-core,,,0,1,37,37,Statesboro,GA
2019-11-30,gt,uga,7,52,1800.0,-6000.0,28.5,-28.5,,,,,46.25,,11,espn-core,,,0,0,1,8,Atlanta,GA
2019-11-30,haw,army,52,31,-132.0,110.0,-2.0,2.0,,,,,54.75,,11,espn-core,,,0,0,17,18,,
2019-11-30,hou,navy,41,56,280.5,-353.5,9.0,-9.0,,,,,56.5,,11,espn-core,,,0,1,151,151,Houston,TX
2019-11-30,ill,nu,10,29,-244.0,193.5,-6.0,6.0,,,,,39.5,,11,espn-core,,,0,1,5,5,Champaign,IL
2019-11-30,ksu,isu,27,17,170.0,-201.5,5.0,-5.0,,,,,45.0,,11,espn-core,,,0,1,4,4,Manhattan,KS
2019-11-30,ku,bay,6,61,457.0,-650.0,14.0,-14.0,,,,,48.5,,11,espn-core,,,0,1,4,4,Lawrence,KS
2019-11-30,lt,utsa,41,27,-1464.5,804.0,-21.0,21.0,,,,,56.25,,11,espn-core,,,0,1,12,12,Ruston,LA
2019-11-30,lib,nmsu,49,28,-658.5,450.0,-14.5,14.5,,,,,68.0,,11,espn-core,,,0,0,18,18,Lynchburg,VA
2019-11-30,lsu,ta&m,50,7,-1000.0,600.0,-17.5,17.5,,,,,63.5,,11,espn-core,,,0,1,8,8,Baton Rouge,LA
2019-11-30,mich,osu,27,56,260.5,-336.0,9.0,-9.0,,,,,53.0,,11,espn-core,,,0,1,5,5,Ann Arbor,MI
2019-11-30,minn,wis,17,38,140.0,-170.0,3.5,-3.5,,,,,44.5,,11,espn-core,,,0,1,5,5,Minneapolis,MN
2019-11-30,mrsh,fiu,30,27,-366.0,282.5,-10.0,10.0,,,,,50.0,,11,espn-core,,,0,1,12,12,Huntington,WV
2019-11-30,msu,md,19,16,-2000.0,1000.0,-21.5,21.5,,,,,47.25,,11,espn-core,,,0,1,5,5,East Lansing,MI
2019-11-30,ncsu,unc,10,41,320.0,-418.5,11.0,-11.0,,,,,57.5,,11,espn-core,,,0,1,1,1,Raleigh,NC
2019-11-30,nev,unlv,30,33,-264.0,211.5,-7.0,7.0,,,,,51.5,,11,espn-core,,,0,1,17,17,Reno,NV
2019-11-30,odu,clt,22,38,306.0,-400.0,10.5,-10.5,,,,,51.0,,11,espn-core,,,0,1,12,12,Norfolk,VA
2019-11-30,okst,ou,16,34,400.0,-553.0,13.5,-13.5,,,,,68.5,,11,espn-core,,,0,1,4,4,Stillwater,OK
2019-11-30,ore,orst,24,10,-1224.5,739.0,-20.5,20.5,,,,,65.5,,11,espn-core,,,0,1,9,9,Eugene,OR
2019-11-30,pitt,bc,19,26,-308.5,245.0,-8.5,8.5,,,,,51.5,,11,espn-core,,,0,1,1,1,Pittsburgh,PA
2019-11-30,psu,rutg,27,6,100.0,4000.0,-39.0,39.0,,,,,51.0,,8,espn-core,,,0,1,5,5,University Park,PA
2019-11-30,pur,iu,41,44,213.0,-264.5,7.0,-7.0,,,,,56.5,,11,espn-core,,,0,1,5,5,West Lafayette,IN
2019-11-30,sc,clem,3,38,1500.0,-5000.0,27.5,-27.5,,,,,50.5,,11,espn-core,,,0,0,8,1,Columbia,SC
2019-11-30,sdsu,byu,13,3,180.0,-220.0,5.0,-5.0,,,,,39.0,,11,espn-core,,,0,0,17,18,San Diego,CA
2019-11-30,sjsu,fres,17,16,-130.5,106.0,-2.5,2.5,,,,,60.25,,11,espn-core,,,0,1,17,17,San Jose,CA
2019-11-30,smu,tuln,37,20,-159.0,131.5,-3.0,3.0,,,,,72.0,,11,espn-core,,,0,1,151,151,Dallas,TX
2019-11-30,stan,nd,24,45,650.0,-1025.5,17.0,-17.0,,,,,45.5,,11,espn-core,,,0,0,9,18,Stanford,CA
2019-11-30,syr,wake,39,30,191.5,-233.5,6.5,-6.5,,,,,68.0,,11,espn-core,,,0,1,1,1,Syracuse,NY
2019-11-30,tem,conn,49,17,-5000.0,1500.0,-27.0,27.0,,,,,48.0,,11,espn-core,,,0,1,151,151,Philadelphia,PA
2019-11-30,tenn,van,28,10,-2500.0,1075.0,-23.0,23.0,,,,,48.0,,11,espn-core,,,0,1,8,8,Knoxville,TN
2019-11-30,ucla,cal,18,28,-119.0,-104.0,,,,,,,50.75,,11,espn-core,,,0,1,9,9,Pasadena,CA
2019-11-30,uk,lou,45,13,-170.0,144.5,-3.5,3.5,,,,,51.5,,11,espn-core,,,0,0,8,1,Lexington,KY
2019-11-30,ul,ulm,31,30,-1043.0,645.0,-20.0,20.0,,,,,71.0,,11,espn-core,,,0,1,37,37,Lafayette,LA
2019-11-30,unm,usu,25,38,331.5,-452.5,11.5,-11.5,,,,,63.0,,11,espn-core,,,0,1,17,17,Albuquerque,NM
2019-11-30,unt,uab,21,26,149.0,-180.0,,,,,,,49.5,,11,espn-core,,,0,1,12,12,Denton,TX
2019-11-30,utah,colo,45,15,-5000.0,1600.0,-28.0,28.0,,,,,49.5,,11,espn-core,,,0,1,9,9,Salt Lake City,UT
2019-11-30,utep,rice,16,30,209.0,-259.5,7.0,-7.0,,,,,43.5,,11,espn-core,,,0,1,12,12,El Paso,TX
2019-11-30,wku,mtsu,31,26,-388.0,306.5,-10.0,10.0,,,,,46.25,,11,espn-core,,,0,1,12,12,Bowling Green,KY
2019-11-30,wof,kenn,21,28,,,,,,,,,,,0,espn-core,,,0,0,29,40,Spartanburg,SC
2019-12-06,ore,utah,37,15,200.0,-248.5,6.5,-6.5,,,,,45.5,,11,espn-core,,,1,0,9,9,Santa Clara,CA
2019-12-07,app,ul,45,38,-220.5,180.0,-5.5,5.5,,,,,57.25,,11,espn-core,,,0,0,37,37,Boone,NC
2019-12-07,bois,haw,31,10,-612.5,427.5,-14.0,14.0,,,,,64.75,,11,espn-core,,,0,0,17,17,Boise,ID
2019-12-07,clem,uva,62,17,-5161.5,1438.5,-29.0,29.0,,,,,57.0,,11,espn-core,,,1,0,1,1,Charlotte,NC
2019-12-07,cmu,m-oh,21,26,-236.0,191.5,-6.0,6.0,,,,,56.5,,11,espn-core,,,1,0,15,15,Detroit,MI
2019-12-07,fau,uab,49,6,-313.0,246.5,-8.5,8.5,,,,,49.5,,11,espn-core,,,0,0,12,12,Boca Raton,FL
2019-12-07,jmu,monm,66,21,-4750.0,1475.0,-28.5,28.5,,,,,61.25,,3,espn-core,,,0,0,48,40,Harrisonburg,VA
2019-12-07,lsu,uga,37,10,-285.0,226.5,-7.0,7.0,,,,,57.0,,11,espn-core,,,1,0,8,8,Atlanta,GA
2019-12-07,mem,cin,29,24,-325.0,254.5,-9.0,9.0,,,,,58.75,,11,espn-core,,,0,0,151,151,Memphis,TN
2019-12-07,ndsu,nich,37,13,-3450.0,1950.0,-28.0,28.0,,,,,52.5,,5,espn-core,,,0,0,21,30,Fargo,ND
2019-12-07,ou,bay,30,23,-350.0,269.5,-9.5,9.5,,,,,66.5,,11,espn-core,,,1,0,4,4,Arlington,TX
2019-12-07,sac,apsu,28,42,-465.5,325.0,-12.0,12.0,,,,,55.5,,4,espn-core,,,0,0,20,26,Sacramento,CA
2019-12-07,web,kenn,26,20,,,,,,,,,,,0,espn-core,,,0,0,20,40,Ogden,UT
2019-12-07,wis,osu,21,34,545.0,-833.0,16.5,-16.5,,,,,57.5,,11,espn-core,,,1,0,5,5,Indianapolis,IN
2019-12-13,jmu,uni,17,0,-1583.5,800.0,-20.0,20.0,,,,,45.0,,7,espn-core,,,0,0,48,21,Harrisonburg,VA
2019-12-14,navy,army,31,7,-510.5,364.0,-11.5,11.5,,,,,41.5,,9,espn-core,,,1,0,151,18,Philadelphia,PA
2019-12-14,ndsu,ilst,9,3,-4589.0,1319.5,-24.5,24.5,,,,,43.5,,6,espn-core,,,0,0,21,21,Fargo,ND
2019-12-20,clt,buff,9,31,205.0,-260.0,7.0,-7.0,,,,,51.5,,11,espn-core,,,1,0,12,15,Nassau,
2019-12-20,kent,usu,51,41,220.0,-270.0,7.0,-7.0,,,,,71.5,,11,espn-core,,,1,0,15,17,Frisco,TX
2019-12-21,arst,fiu,34,26,-105.0,-114.0,,,,,,,59.5,,11,espn-core,,,1,0,37,12,Montgomery,AL
2019-12-21,fau,smu,52,28,205.0,-250.0,7.0,-7.0,,,,,63.5,,11,espn-core,,,0,0,12,151,Boca Raton,FL
2019-12-21,gaso,lib,16,23,-208.0,171.0,-5.5,5.5,,,,,58.5,,11,espn-core,,,1,0,37,18,Orlando,FL
2019-12-21,jmu,web,30,14,-1055.5,637.5,-16.75,16.75,,,,,47.0,,8,espn-core,,,0,0,48,20,Harrisonburg,VA
2019-12-21,ndsu,mtst,42,14,-834.5,540.0,-17.0,17.0,,,,,47.5,,8,espn-core,,,0,0,21,20,Fargo,ND
2019-12-21,sdsu,cmu,48,11,-184.0,155.0,-3.5,3.5,,,,,40.5,,11,espn-core,,,1,0,17,15,Albuquerque,NM
2019-12-21,uab,app,17,31,572.0,-875.0,17.0,-17.0,,,,,47.5,,11,espn-core,,,1,0,12,37,New Orleans,LA
2019-12-21,wash,bois,38,7,-172.0,148.0,-3.5,3.5,,,,,47.5,,11,espn-core,,,1,0,9,17,Las Vegas,NV
2019-12-23,mrsh,ucf,25,48,450.0,-654.0,15.5,-15.5,,,,,59.5,,11,espn-core,,,1,0,12,151,Tampa,FL
2019-12-24,haw,byu,38,34,-137.0,117.0,-2.5,2.5,,,,,65.0,,11,espn-core,,,0,0,17,18,,
2019-12-26,emu,pitt,30,34,375.0,-491.0,12.5,-12.5,,,,,51.0,,11,espn-core,,,1,0,15,1,Detroit,MI
2019-12-26,mia,lt,0,14,-245.0,200.0,-6.5,6.5,,,,,49.5,,11,espn-core,,,1,0,1,12,Shreveport,LA
2019-12-27,iowa,usc,49,24,-105.0,-119.0,,,,,,,54.5,,11,espn-core,,,1,0,5,9,San Diego,CA
2019-12-27,ta&m,okst,24,21,-200.0,165.0,-4.5,4.5,,,,,55.0,,11,espn-core,,,1,0,8,4,Houston,TX
2019-12-27,tem,unc,13,55,190.0,-230.0,6.0,-6.0,,,,,56.5,,11,espn-core,,,1,0,151,1,Annapolis,MD
2019-12-27,wake,msu,21,27,146.0,-175.0,3.5,-3.5,,,,,51.5,,11,espn-core,,,1,0,1,5,Bronx,NY
2019-12-27,wsu,afa,21,31,115.0,-135.0,2.5,-2.5,,,,,71.0,,11,espn-core,,,1,0,9,17,Phoenix,AZ
2019-12-28,isu,nd,9,33,150.0,-179.0,3.5,-3.5,,,,,54.5,,11,espn-core,,,1,0,4,18,Orlando,FL
2019-12-28,lsu,ou,63,28,-480.0,370.0,-12.5,12.5,,,,,75.5,,11,espn-core,,,1,0,8,4,Atlanta,GA
2019-12-28,osu,clem,23,29,115.0,-137.0,2.5,-2.5,,,,,62.5,,11,espn-core,,,1,0,5,1,Glendale,AZ
2019-12-28,psu,mem,53,39,-250.0,205.0,-6.5,6.5,,,,,59.5,,11,espn-core,,,1,0,5,151,Arlington,TX
2019-12-30,ill,cal,20,35,200.0,-250.0,6.5,-6.5,,,,,47.5,,11,espn-core,,,1,0,5,9,Santa Clara,CA
2019-12-30,lou,msst,38,28,165.0,-196.0,4.5,-4.5,,,,,64.5,,11,espn-core,,,1,0,1,8,Nashville,TN
2019-12-30,uva,fla,28,36,476.0,-713.0,15.5,-15.5,,,,,55.0,,11,espn-core,,,1,0,1,8,Miami Gardens,FL
2019-12-30,wmu,wku,20,23,130.0,-155.0,3.0,-3.0,,,,,56.0,,11,espn-core,,,1,0,15,12,Dallas,TX
2019-12-31,asu,fsu,20,14,-153.0,130.0,-3.0,3.0,,,,,51.75,,11,espn-core,,,1,0,9,1,El Paso,TX
2019-12-31,gast,wyo,17,38,230.0,-288.0,7.5,-7.5,,,,,49.0,,11,espn-core,,,1,0,37,17,Tucson,AZ
2019-12-31,ksu,navy,17,20,110.0,-134.0,2.0,-2.0,,,,,53.0,,11,espn-core,,,1,0,4,151,Memphis,TN
2019-12-31,tex,utah,38,10,207.0,-261.5,7.0,-7.0,,,,,55.5,,11,espn-core,,,1,0,4,9,San Antonio,TX
2019-12-31,uk,vt,37,30,110.0,-134.0,2.0,-2.0,,,,,46.5,,9,espn-core,,,1,0,8,1,Charlotte,NC
2020-01-01,ala,mich,35,16,-297.0,234.0,-7.5,7.5,,,,,60.0,,10,espn-core,,,1,0,8,5,Orlando,FL
2020-01-01,aub,minn,24,31,-267.5,210.5,-7.0,7.0,,,,,53.5,,11,espn-core,,,1,0,8,5,Tampa,FL
2020-01-01,bay,uga,14,26,145.5,-175.0,3.5,-3.5,,,,,43.0,,11,espn-core,,,1,0,4,8,New Orleans,LA
2020-01-01,wis,ore,27,28,-161.5,135.0,-3.0,3.0,,,,,52.25,,11,espn-core,,,1,0,5,9,Pasadena,CA
2020-01-02,cin,bc,38,6,-311.5,242.5,-7.5,7.5,,,,,53.5,,11,espn-core,,,1,0,151,1,Birmingham,AL
2020-01-02,tenn,iu,23,22,-163.5,137.5,-3.5,3.5,,,,,55.25,,9,espn-core,,,1,0,8,5,Jacksonville,FL
2020-01-03,nev,ohio,21,30,297.5,-390.0,10.0,-10.0,,,,,62.0,,10,espn-core,,,1,0,17,15,Boise,ID
2020-01-04,tuln,usm,30,13,-270.0,221.5,-7.0,7.0,,,,,57.5,,11,espn-core,,,1,0,151,12,Fort Worth,TX
2020-01-06,m-oh,ul,17,27,440.0,-637.5,14.5,-14.5,,,,,55.5,,11,espn-core,,,1,0,15,37,Mobile,AL
2020-01-11,ndsu,jmu,28,20,104.0,-125.0,1.5,-1.5,,,,,44.75,,8,espn-core,,,1,0,21,48,Frisco,TX
2020-01-13,lsu,clem,42,25,-192.0,165.0,-4.5,4.5,,,,,66.5,,11,espn-core,,,1,0,8,1,New Orleans,LA
2020-01-18,nat,amer,30,20,,,,,,,,,,,0,espn-core,,,1,0,,,Pasadena,CA
2020-01-18,west,east,27,31,,,,,,,,,,,0,espn-core,,,1,0,,,St. Petersburg,FL
2020-09-03,uab,cark,45,35,-1633.5,800.0,-21.0,21.0,,,,,50.0,,6,espn-core,,,0,0,12,30,Birmingham,AL
2020-09-03,usm,usa,21,32,-488.0,371.0,-12.5,12.5,,,,,55.0,,10,espn-core,,,0,0,12,37,Hattiesburg,MS
2020-09-05,army,mtsu,42,0,-172.0,150.0,-3.5,3.5,,,,,54.0,,11,espn-core,,,0,0,18,12,West Point,NY
2020-09-05,mem,arst,37,24,-1073.5,650.0,-18.5,18.5,,,,,72.5,,10,espn-core,,,0,0,151,37,Memphis,TN
2020-09-05,mrsh,eku,59,0,-7500.0,1550.0,-25.5,25.5,,,,,55.0,,7,espn-core,,,0,0,12,26,Huntington,WV
2020-09-05,txst,smu,24,31,1112.5,-2520.5,24.5,-24.5,,,,,70.0,,10,espn-core,,,0,0,37,151,San Marcos,TX
2020-09-05,unt,hcu,57,31,-2500.0,1050.0,-23.0,23.0,,,,,74.0,,6,espn-core,,,0,0,12,30,Denton,TX
2020-09-05,utep,sfa,24,14,-192.0,155.0,-4.5,4.5,,,,,54.0,,7,espn-core,,,0,0,12,30,El Paso,TX
2020-09-07,navy,byu,3,55,100.0,-120.0,1.25,-1.25,,,,,48.5,,11,espn-core,,,0,0,151,18,Annapolis,MD
2020-09-10,mia,uab,31,14,-716.5,500.0,-15.5,15.5,,,,,55.0,,9,espn-core,,,0,0,1,12,Miami Gardens,FL
2020-09-12,app,clt,35,20,-833.0,550.0,-16.5,16.5,,,,,59.5,,11,espn-core,,,0,0,37,12,Boone,NC
2020-09-12,army,ulm,37,7,-2450.0,1070.0,-24.0,24.0,,,,,53.5,,10,espn-core,,,0,0,18,37,West Point,NY
2020-09-12,fsu,gt,13,16,-556.0,405.0,-13.0,13.0,,,,,49.5,,3,espn-core,,,0,1,1,1,Tallahassee,FL
2020-09-12,gaso,cam,27,26,-10000.0,1700.0,-28.5,28.5,,,,,58.5,,7,espn-core,,,0,0,37,40,Statesboro,GA
2020-09-12,isu,ul,14,31,-500.0,387.0,-13.5,13.5,,,,,56.5,,10,espn-core,,,0,0,4,37,Ames,IA
2020-09-12,ksu,arst,31,35,-625.0,450.0,-14.5,14.5,,,,,55.0,,10,espn-core,,,0,0,4,37,Manhattan,KS
2020-09-12,ku,ccu,23,38,-222.0,180.0,-6.0,6.0,,,,,56.0,,10,espn-core,,,0,0,4,37,Lawrence,KS
2020-09-12,lou,wku,35,21,-500.0,375.0,-13.0,13.0,,,,,55.0,,9,espn-core,,,0,0,1,12,Louisville,KY
2020-09-12,nd,duke,27,13,-2000.0,1000.0,-21.5,21.5,,,,,51.25,,10,espn-core,,,0,1,1,1,Notre Dame,IN
2020-09-12,ou,most,48,0,-10000.0,-10000.0,-50.5,50.5,,,,,72.25,,6,espn-core,,,0,0,4,21,Norman,OK
2020-09-12,pitt,apsu,55,0,-10000.0,1800.0,-30.5,30.5,,,,,48.5,,5,espn-core,,,0,0,1,26,Pittsburgh,PA
2020-09-12,tex,utep,59,3,-55000.0,-3000.0,-45.0,45.0,,,,,56.0,,10,espn-core,,,0,0,4,12,Austin,TX
2020-09-12,ttu,hcu,35,33,-10000.0,-10000.0,-40.0,40.0,,,,,81.0,,5,espn-core,,,0,0,4,30,Lubbock,TX
2020-09-12,txst,utsa,48,51,-243.0,198.0,-6.5,6.5,,,,,56.5,,3,espn-core,,,0,0,37,12,San Marcos,TX
2020-09-12,unc,syr,31,6,-2500.0,1100.0,-24.0,24.0,,,,,66.5,,10,espn-core,,,0,1,1,1,Chapel Hill,NC
2020-09-12,usa,tuln,24,27,344.0,-440.0,11.5,-11.5,,,,,51.5,,11,espn-core,,,0,0,37,151,Mobile,AL
2020-09-12,usf,cit,27,6,-1000.0,621.0,-17.0,17.0,,,,,51.5,,7,espn-core,,,0,0,151,29,Tampa,FL
2020-09-12,wake,clem,13,37,2250.0,-9117.5,34.5,-34.5,,,,,59.0,,11,espn-core,,,0,1,1,1,Winston-Salem,NC
2020-09-12,wvu,eku,56,10,-10000.0,-10000.0,-41.0,41.0,,,,,58.5,,6,espn-core,,,0,0,4,26,Morgantown,WV
2020-09-18,ccu,cam,43,21,-10000.0,1669.5,-27.75,27.75,,,,,60.25,,6,espn-core,,,0,0,37,40,Conway,SC
2020-09-19,cin,apsu,55,20,,,-39.5,39.5,,,,,54.0,,6,espn-core,,,0,0,151,26,Cincinnati,OH
2020-09-19,clem,cit,49,0,,,-50.5,50.5,,,,,57.0,,6,espn-core,,,0,0,1,29,Clemson,SC
2020-09-19,duke,bc,6,26,-175.0,150.5,-4.0,4.0,,,,,50.5,,11,espn-core,,,0,1,1,1,Durham,NC
2020-09-19,gast,ul,31,34,550.0,-833.0,,,,,,,57.5,,10,espn-core,,,0,1,37,37,Atlanta,GA
2020-09-19,gt,ucf,21,49,262.5,-336.5,8.5,-8.5,,,,,63.0,,10,espn-core,,,0,0,1,151,Atlanta,GA
2020-09-19,lou,mia,34,47,106.0,-130.0,,,,,,,65.5,,10,espn-core,,,0,1,1,1,Louisville,KY
2020-09-19,mrsh,app,17,7,173.0,-213.0,5.0,-5.0,,,,,60.0,,10,espn-core,,,0,0,12,37,Huntington,WV
2020-09-19,mtsu,troy,14,47,113.0,-140.0,2.5,-2.5,,,,,65.75,,10,espn-core,,,0,0,12,37,Murfreesboro,TN
2020-09-19,ncsu,wake,45,42,102.5,-125.0,,,,,,,53.0,,9,espn-core,,,0,1,1,1,Raleigh,NC
2020-09-19,nd,usf,52,0,-2400.0,1033.0,-22.5,22.5,,,,,49.0,,10,espn-core,,,0,0,1,151,Notre Dame,IN
2020-09-19,okst,tlsa,16,7,-2310.0,1100.0,-24.0,24.0,,,,,66.5,,10,espn-core,,,0,0,4,151,Stillwater,OK
2020-09-19,pitt,syr,21,10,-2000.0,980.0,-21.0,21.0,,,,,47.5,,10,espn-core,,,0,1,1,1,Pittsburgh,PA
2020-09-19,tuln,navy,24,27,-217.0,174.0,-5.5,5.5,,,,,45.0,,10,espn-core,,,0,1,151,151,New Orleans,LA
2020-09-19,ulm,txst,17,38,135.0,-155.0,3.0,-3.0,,,,,58.0,,10,espn-core,,,0,1,37,37,Monroe,LA
2020-09-19,unt,smu,35,65,430.0,-600.0,14.5,-14.5,,,,,71.5,,10,espn-core,,,0,0,12,151,Denton,TX
2020-09-19,usm,lt,30,31,-275.0,219.0,-7.0,7.0,,,,,58.5,,10,espn-core,,,0,1,12,12,Hattiesburg,MS
2020-09-19,utep,acu,17,13,-342.0,262.0,-8.5,8.5,,,,,48.25,,6,espn-core,,,0,0,12,30,El Paso,TX
2020-09-19,utsa,sfa,24,10,-1055.5,650.0,-17.5,17.5,,,,,54.25,,6,espn-core,,,0,0,12,30,San Antonio,TX
2020-09-19,wku,lib,24,30,-650.0,450.0,-15.0,15.0,,,,,51.5,,10,espn-core,,,0,0,12,18,Bowling Green,KY
2020-09-24,usa,uab,10,42,249.5,-309.0,7.5,-7.5,,,,,47.5,,10,espn-core,,,0,0,37,12,Mobile,AL
2020-09-25,utsa,mtsu,37,35,-220.0,185.0,-6.0,6.0,,,,,58.5,,12,espn-core,,,0,1,12,12,San Antonio,TX
2020-09-26,app,cam,52,21,,,-33.5,33.5,,,,,54.0,,7,espn-core,,,0,0,37,40,Boone,NC
2020-09-26,ark,uga,10,37,1500.0,-5000.0,28.0,-28.0,,,,,53.0,,10,espn-core,,,0,1,8,8,Fayetteville,AR
2020-09-26,aub,uk,29,13,-250.0,205.0,-6.5,6.5,,,,,46.5,,11,espn-core,,,0,1,8,8,Auburn,AL
2020-09-26,bay,ku,47,14,-803.0,542.0,-17.0,17.0,,,,,61.0,,9,espn-core,,,0,1,4,4,Waco,TX
2020-09-26,bc,txst,24,21,-2000.0,923.0,-21.5,21.5,,,,,57.5,,12,espn-core,,,0,0,1,37,Chestnut Hill,MA
2020-09-26,byu,troy,48,7,-650.0,450.0,-14.5,14.5,,,,,58.5,,12,espn-core,,,0,0,18,37,Provo,UT
2020-09-26,cark,most,27,20,-769.0,510.0,-16.25,16.25,,,,,55.5,,5,espn-core,,,0,0,30,21,Conway,AR
2020-09-26,cin,army,24,10,-513.5,391.0,-12.5,12.5,,,,,44.5,,11,espn-core,,,0,0,151,18,Cincinnati,OH
2020-09-26,ecu,ucf,28,51,1400.0,-5000.0,28.0,-28.0,,,,,77.5,,10,espn-core,,,0,1,151,151,Greenville,NC
2020-09-26,lib,fiu,36,34,-365.0,290.0,-9.5,9.5,,,,,60.5,,9,espn-core,,,0,0,18,12,Lynchburg,VA
2020-09-26,lsu,msst,34,44,-650.0,472.5,,,,,,,57.0,,11,espn-core,,,0,1,8,8,Baton Rouge,LA
2020-09-26,lt,hcu,66,38,-1920.0,900.0,-23.5,23.5,,,,,75.5,,6,espn-core,,,0,0,12,30,Ruston,LA
2020-09-26,mia,fsu,52,10,-465.0,360.0,-12.0,12.0,,,,,53.5,,11,espn-core,,,0,1,1,1,Miami Gardens,FL
2020-09-26,miss,fla,35,51,438.0,-600.0,14.0,-14.0,,,,,59.5,,10,espn-core,,,0,1,8,8,Oxford,MS
2020-09-26,miz,ala,19,38,1600.0,-5500.0,28.5,-28.5,,,,,55.5,,10,espn-core,,,0,1,8,8,Columbia,MO
2020-09-26,okst,wvu,27,13,-229.5,188.0,-6.5,6.5,,,,,50.0,,12,espn-core,,,0,1,4,4,Stillwater,OK
2020-09-26,ou,ksu,35,38,-5000.0,1371.0,-27.5,27.5,,,,,61.5,,11,espn-core,,,0,1,4,4,Norman,OK
2020-09-26,pitt,lou,23,20,-145.0,122.0,-2.5,2.5,,,,,54.0,,11,espn-core,,,0,1,1,1,Pittsburgh,PA
2020-09-26,sc,tenn,27,31,160.0,-190.0,4.0,-4.0,,,,,45.0,,10,espn-core,,,0,1,8,8,Columbia,SC
2020-09-26,smu,sfa,50,7,,,-38.0,38.0,,,,,63.75,,8,espn-core,,,0,0,151,30,Dallas,TX
2020-09-26,syr,gt,37,20,235.0,-294.0,7.5,-7.5,,,,,52.0,,10,espn-core,,,0,1,1,1,Syracuse,NY
2020-09-26,ta&m,van,17,12,-9285.5,1900.0,-31.5,31.5,,,,,46.0,,10,espn-core,,,0,1,8,8,College Station,TX
2020-09-26,tcu,isu,34,37,169.0,-191.0,3.5,-3.5,,,,,43.5,,11,espn-core,,,0,1,4,4,Fort Worth,TX
2020-09-26,ttu,tex,56,63,570.0,-850.0,17.5,-17.5,,,,,71.0,,7,espn-core,,,0,1,4,4,Lubbock,TX
2020-09-26,ul,gaso,20,18,-487.0,370.0,-11.5,11.5,,,,,49.0,,10,espn-core,,,0,1,37,37,Lafayette,LA
2020-09-26,ulm,utep,6,31,-350.0,280.0,-9.5,9.5,,,,,50.0,,11,espn-core,,,0,0,37,12,Monroe,LA
2020-09-26,usm,tuln,24,66,146.0,-170.0,3.5,-3.5,,,,,54.5,,12,espn-core,,,0,0,12,151,Hattiesburg,MS
2020-09-26,uva,duke,38,20,-195.5,163.0,-4.0,4.0,,,,,45.5,,11,espn-core,,,0,1,1,1,Charlottesville,VA
2020-09-26,vt,ncsu,45,24,-228.0,185.0,-6.25,6.25,,,,,56.5,,10,espn-core,,,0,1,1,1,Blacksburg,VA
2020-10-02,byu,lt,45,14,-2100.0,965.0,-24.0,24.0,,,,,61.0,,9,espn-core,,,0,0,18,12,Provo,UT
2020-10-02,wake,cam,66,14,-6250.0,1400.0,-34.5,34.5,,,,,68.75,,7,espn-core,,,0,0,1,40,Winston-Salem,NC
2020-10-03,afa,navy,40,7,201.0,-250.0,6.5,-6.5,,,,,46.5,,12,espn-core,,,0,0,17,151,USAF Academy,CO
2020-10-03,ala,ta&m,52,24,-1200.0,700.0,-18.0,18.0,,,,,53.5,,12,espn-core,,,0,1,8,8,Tuscaloosa,AL
2020-10-03,army,acu,55,23,-10000.0,1700.0,-31.0,31.0,,,,,49.5,,8,espn-core,,,0,0,18,30,West Point,NY
2020-10-03,bc,unc,22,26,450.0,-625.0,14.5,-14.5,,,,,52.5,,12,espn-core,,,0,1,1,1,Chestnut Hill,MA
2020-10-03,ccu,arst,52,23,144.0,-170.0,3.5,-3.5,,,,,64.5,,10,espn-core,,,0,1,37,37,Conway,SC
2020-10-03,cin,usf,28,7,-2021.0,1000.0,-22.0,22.0,,,,,45.5,,12,espn-core,,,0,1,151,151,Cincinnati,OH
2020-10-03,clem,uva,41,23,-5000.0,1500.0,-28.0,28.0,,,,,55.0,,11,espn-core,,,0,1,1,1,Clemson,SC
2020-10-03,duke,vt,31,38,327.5,-410.0,11.0,-11.0,,,,,54.0,,11,espn-core,,,0,1,1,1,Durham,NC
2020-10-03,fau,clt,21,17,-200.0,168.5,-5.0,5.0,,,,,62.5,,10,espn-core,,,0,1,12,12,Boca Raton,FL
2020-10-03,fla,sc,38,24,-700.0,500.0,-14.5,14.5,,,,,56.5,,10,espn-core,,,0,1,8,8,Gainesville,FL
2020-10-03,fsu,jvst,41,24,-8158.0,1500.0,-27.0,27.0,,,,,52.5,,6,espn-core,,,0,0,1,26,Tallahassee,FL
2020-10-03,gast,ecu,49,29,100.0,-120.0,,,,,,,70.0,,12,espn-core,,,0,0,37,151,Atlanta,GA
2020-10-03,isu,ou,37,30,240.0,-300.0,7.5,-7.5,,,,,62.5,,9,espn-core,,,0,1,4,4,Ames,IA
2020-10-03,ksu,ttu,31,21,-112.0,-109.0,,,,,,,62.5,,10,espn-core,,,0,1,4,4,Manhattan,KS
2020-10-03,ku,okst,7,47,850.0,-1548.0,21.5,-21.5,,,,,53.0,,11,espn-core,,,0,1,4,4,Lawrence,KS
2020-10-03,lib,una,28,7,-10000.0,1700.0,-33.0,33.0,,,,,64.5,,7,espn-core,,,0,0,18,40,Lynchburg,VA
2020-10-03,msst,ark,14,21,-778.5,531.5,-16.5,16.5,,,,,68.5,,9,espn-core,,,0,1,8,8,Starkville,MS
2020-10-03,mtsu,wku,17,20,215.0,-260.0,7.0,-7.0,,,,,52.5,,12,espn-core,,,0,1,12,12,Murfreesboro,TN
2020-10-03,ndsu,cark,39,28,-10000.0,1650.0,-27.5,27.5,,,,,54.25,,6,espn-core,,,0,0,21,30,Fargo,ND
2020-10-03,pitt,ncsu,29,30,-588.0,425.0,-14.0,14.0,,,,,46.0,,12,espn-core,,,0,1,1,1,Pittsburgh,PA
2020-10-03,smu,mem,30,27,-129.0,108.0,-2.0,2.0,,,,,74.75,,11,espn-core,,,0,1,151,151,Dallas,TX
2020-10-03,tenn,miz,35,12,-400.0,312.0,-10.0,10.0,,,,,49.0,,10,espn-core,,,0,1,8,8,Knoxville,TN
2020-10-03,tex,tcu,31,33,-400.0,320.0,-10.5,10.5,,,,,61.5,,9,espn-core,,,0,1,4,4,Austin,TX
2020-10-03,uab,utsa,21,13,-2000.0,950.0,-21.5,21.5,,,,,55.0,,12,espn-core,,,0,1,12,12,Birmingham,AL
2020-10-03,ucf,tlsa,26,34,-1100.0,650.0,-20.5,20.5,,,,,70.0,,3,espn-core,,,0,1,151,151,Orlando,FL
2020-10-03,uga,aub,27,6,-302.0,240.0,-7.5,7.5,,,,,44.5,,11,espn-core,,,0,1,8,8,Athens,GA
2020-10-03,uk,miss,41,42,-250.0,205.0,-7.0,7.0,,,,,63.0,,10,espn-core,,,0,1,8,8,Lexington,KY
2020-10-03,ulm,gaso,30,35,800.0,-1400.0,19.5,-19.5,,,,,50.5,,12,espn-core,,,0,1,37,37,Monroe,LA
2020-10-03,unt,usm,31,41,-126.0,105.0,-1.5,1.5,,,,,74.0,,10,espn-core,,,0,1,12,12,Denton,TX
2020-10-03,van,lsu,7,41,886.5,-1596.0,21.0,-21.0,,,,,50.0,,11,espn-core,,,0,1,8,8,Nashville,TN
2020-10-03,wvu,bay,27,21,102.0,-124.0,1.5,-1.5,,,,,54.0,,10,espn-core,,,0,1,4,4,Morgantown,WV
2020-10-08,hou,tuln,49,31,-250.0,200.0,-6.5,6.5,,,,,58.0,,12,espn-core,,,0,1,151,151,Houston,TX
2020-10-09,gt,lou,46,27,167.5,-190.0,4.5,-4.5,,,,,63.0,,11,espn-core,,,0,1,1,1,Atlanta,GA
2020-10-10,army,cit,14,9,-10000.0,1900.0,-30.5,30.5,,,,,46.5,,6,espn-core,,,0,0,18,29,West Point,NY
2020-10-10,arst,cark,50,27,-736.5,500.0,-15.5,15.5,,,,,56.0,,4,espn-core,,,0,0,37,30,Jonesboro,AR
2020-10-10,aub,ark,30,28,-553.0,425.0,-13.5,13.5,,,,,46.0,,10,espn-core,,,0,1,8,8,Auburn,AL
2020-10-10,bc,pitt,31,30,190.0,-238.0,6.5,-6.5,,,,,42.5,,10,espn-core,,,0,1,1,1,Chestnut Hill,MA
2020-10-10,byu,utsa,27,20,-10000.0,2350.0,-34.0,34.0,,,,,63.25,,8,espn-core,,,0,0,18,12,Provo,UT
2020-10-10,clem,mia,42,17,-650.0,475.0,-14.5,14.5,,,,,60.0,,9,espn-core,,,0,1,1,1,Clemson,SC
2020-10-10,fiu,mtsu,28,31,-240.0,199.5,-6.5,6.5,,,,,57.0,,10,espn-core,,,0,1,12,12,Miami,FL
2020-10-10,isu,ttu,31,15,-380.0,310.0,-10.0,10.0,,,,,63.0,,9,espn-core,,,0,1,4,4,Ames,IA
2020-10-10,jvst,mer,34,28,,,,,,,,,,,0,espn-core,,,0,0,26,29,Jacksonville,AL
2020-10-10,lib,ulm,40,7,-800.0,550.0,-17.0,17.0,,,,,63.5,,9,espn-core,,,0,0,18,37,Lynchburg,VA
2020-10-10,lt,utep,21,17,-647.0,450.5,-14.5,14.5,,,,,55.5,,10,espn-core,,,0,1,12,12,Ruston,LA
2020-10-10,miss,ala,48,63,1000.0,-2000.0,24.0,-24.0,,,,,74.0,,10,espn-core,,,0,1,8,8,Oxford,MS
2020-10-10,miz,lsu,45,41,-650.0,463.0,-14.0,14.0,,,,,53.0,,9,espn-core,,,0,1,8,8,Columbia,MO
2020-10-10,navy,tem,31,29,155.0,-180.0,4.0,-4.0,,,,,51.0,,7,espn-core,,,0,1,151,151,Annapolis,MD
2020-10-10,nd,fsu,42,26,-1429.0,826.0,-20.5,20.5,,,,,53.5,,10,espn-core,,,0,1,1,1,Notre Dame,IN
2020-10-10,ou,tex,53,45,-144.0,121.0,,,,,,,74.25,,10,espn-core,,,1,1,4,4,Dallas,TX
2020-10-10,syr,duke,24,38,116.0,-139.5,2.5,-2.5,,,,,52.5,,10,espn-core,,,0,1,1,1,Syracuse,NY
2020-10-10,ta&m,fla,41,38,186.0,-227.0,6.0,-6.0,,,,,59.5,,9,espn-core,,,0,1,8,8,College Station,TX
2020-10-10,tcu,ksu,14,21,-437.5,340.0,-11.0,11.0,,,,,49.5,,10,espn-core,,,0,1,4,4,Fort Worth,TX
2020-10-10,troy,txst,37,17,-264.0,220.0,-7.0,7.0,,,,,59.5,,9,espn-core,,,0,1,37,37,Troy,AL
2020-10-10,uga,tenn,44,21,-500.0,400.0,-12.0,12.0,,,,,43.0,,9,espn-core,,,0,1,8,8,Athens,GA
2020-10-10,uk,msst,24,2,-165.0,138.5,-3.5,3.5,,,,,57.5,,10,espn-core,,,0,1,8,8,Lexington,KY
2020-10-10,unc,vt,56,45,-161.5,140.0,-3.5,3.5,,,,,58.5,,10,espn-core,,,0,1,1,1,Chapel Hill,NC
2020-10-10,unt,clt,21,49,130.0,-150.0,3.0,-3.0,,,,,66.0,,9,espn-core,,,0,1,12,12,Denton,TX
2020-10-10,usf,ecu,24,44,-212.5,180.0,-5.5,5.5,,,,,58.0,,8,espn-core,,,0,1,151,151,Tampa,FL
2020-10-10,uva,ncsu,21,38,-270.0,223.5,-7.0,7.0,,,,,58.5,,10,espn-core,,,0,1,1,1,Charlottesville,VA
2020-10-10,van,sc,7,41,454.0,-644.0,14.0,-14.0,,,,,40.5,,9,espn-core,,,0,1,8,8,Nashville,TN
2020-10-10,wku,mrsh,14,38,206.5,-260.0,6.5,-6.5,,,,,43.0,,10,espn-core,,,0,1,12,12,Bowling Green,KY
2020-10-14,ul,ccu,27,30,-323.0,260.0,-9.0,9.0,,,,,58.5,,12,espn-core,,,0,1,37,37,Lafayette,LA
2020-10-15,arst,gast,59,52,-167.0,137.0,-3.5,3.5,,,,,72.5,,4,espn-core,,,0,1,37,37,Jonesboro,AR
2020-10-16,hou,byu,26,43,137.5,-169.0,,,,,,,62.5,,11,espn-core,,,0,0,151,18,Houston,TX
2020-10-16,tuln,smu,34,37,200.0,-245.0,6.5,-6.5,,,,,65.0,,12,espn-core,,,0,1,151,151,New Orleans,LA
2020-10-17,ala,uga,41,24,-222.0,180.0,-6.0,6.0,,,,,57.5,,12,espn-core,,,0,1,8,8,Tuscaloosa,AL
2020-10-17,ark,miss,33,21,-109.0,-111.5,,,,,,,77.5,,11,espn-core,,,0,1,8,8,Fayetteville,AR
2020-10-17,ecu,navy,23,27,140.0,-161.0,3.5,-3.5,,,,,55.5,,11,espn-core,,,0,1,151,151,Greenville,NC
2020-10-17,fsu,unc,31,28,400.0,-520.0,13.5,-13.5,,,,,64.5,,10,espn-core,,,0,1,1,1,Tallahassee,FL
2020-10-17,gaso,mass,41,0,-4817.0,1500.0,-31.0,31.0,,,,,61.75,,11,espn-core,,,0,0,37,18,Statesboro,GA
2020-10-17,gt,clem,7,73,1396.0,-3800.0,26.5,-26.5,,,,,64.5,,11,espn-core,,,0,1,1,1,Atlanta,GA
2020-10-17,lt,mrsh,17,35,350.0,-450.0,12.0,-12.0,,,,,48.0,,10,espn-core,,,0,1,12,12,Ruston,LA
2020-10-17,mem,ucf,50,49,125.0,-150.0,3.0,-3.0,,,,,77.0,,12,espn-core,,,0,1,151,151,Memphis,TN
2020-10-17,mia,pitt,31,19,-475.0,363.0,-11.5,11.5,,,,,47.0,,12,espn-core,,,0,1,1,1,Miami Gardens,FL
2020-10-17,most,cark,24,33,237.5,-293.0,8.0,-8.0,,,,,54.5,,6,espn-core,,,0,0,21,30,Springfield,MO
2020-10-17,msst,ta&m,14,28,165.0,-185.0,4.5,-4.5,,,,,55.5,,12,espn-core,,,0,1,8,8,Starkville,MS
2020-10-17,mtsu,unt,35,52,-167.5,141.5,-3.5,3.5,,,,,72.0,,11,espn-core,,,0,1,12,12,Murfreesboro,TN
2020-10-17,ncsu,duke,31,20,-165.0,144.0,-3.5,3.5,,,,,59.5,,11,espn-core,,,0,1,1,1,Raleigh,NC
2020-10-17,nd,lou,12,7,-704.5,492.5,-15.5,15.5,,,,,62.0,,11,espn-core,,,0,1,1,1,Notre Dame,IN
2020-10-17,sc,aub,30,22,127.5,-150.0,2.75,-2.75,,,,,53.5,,11,espn-core,,,0,1,8,8,Columbia,SC
2020-10-17,syr,lib,21,38,122.0,-145.0,3.0,-3.0,,,,,54.0,,12,espn-core,,,0,0,1,18,Syracuse,NY
2020-10-17,tem,usf,39,37,-630.5,454.0,-14.0,14.0,,,,,52.5,,11,espn-core,,,0,1,151,151,Philadelphia,PA
2020-10-17,tenn,uk,7,34,-240.0,195.0,-6.5,6.5,,,,,45.5,,12,espn-core,,,0,1,8,8,Knoxville,TN
2020-10-17,troy,eku,31,29,-6051.0,1600.0,-30.5,30.5,,,,,60.5,,5,espn-core,,,0,0,37,26,Troy,AL
2020-10-17,uab,wku,37,14,-467.5,358.0,-11.5,11.5,,,,,44.0,,11,espn-core,,,0,1,12,12,Birmingham,AL
2020-10-17,una,jvst,17,24,237.5,-297.0,8.25,-8.25,,,,,55.5,,6,espn-core,,,0,0,40,26,Florence,AL
2020-10-17,usa,txst,30,20,-200.0,170.0,-5.0,5.0,,,,,57.5,,10,espn-core,,,0,1,37,37,Mobile,AL
2020-10-17,utsa,army,16,28,265.0,-333.0,8.5,-8.5,,,,,47.0,,10,espn-core,,,0,0,12,18,San Antonio,TX
2020-10-17,vt,bc,40,14,-479.0,353.0,-13.0,13.0,,,,,62.0,,11,espn-core,,,0,1,1,1,Blacksburg,VA
2020-10-17,wake,uva,40,23,-129.0,110.0,-2.5,2.5,,,,,57.0,,12,espn-core,,,0,1,1,1,Winston-Salem,NC
2020-10-17,wvu,ku,38,17,-2000.0,1000.0,-21.0,21.0,,,,,49.25,,11,espn-core,,,0,1,4,4,Morgantown,WV
2020-10-22,app,arst,45,17,-509.0,375.0,-13.5,13.5,,,,,69.5,,12,espn-core,,,0,1,37,37,Boone,NC
2020-10-23,fiu,jvst,10,19,-357.0,280.0,-10.5,10.5,,,,,55.5,,5,espn-core,,,0,0,12,26,Miami,FL
2020-10-23,uab,ul,20,24,114.5,-135.0,,,,,,,50.0,,11,espn-core,,,0,0,12,37,Birmingham,AL
2020-10-23,usf,tlsa,13,42,360.0,-476.0,12.0,-12.0,,,,,51.5,,12,espn-core,,,0,1,151,151,Tampa,FL
2020-10-23,wisc,ill,45,7,-1341.5,800.0,-20.5,20.5,,,,,51.5,,10,espn-core,,,0,1,5,5,Madison,WI
2020-10-24,army,mer,49,3,,,,,,,,,,,0,espn-core,,,0,0,18,29,West Point,NY
2020-10-24,bc,gt,48,27,-165.0,145.0,-3.5,3.5,,,,,57.0,,12,espn-core,,,0,1,1,1,Chestnut Hill,MA
2020-10-24,bois,usu,42,13,-853.0,553.5,-17.0,17.0,,,,,51.5,,11,espn-core,,,0,1,17,17,Boise,ID
2020-10-24,byu,txst,52,14,-5000.0,1500.0,-30.0,30.0,,,,,61.5,,11,espn-core,,,0,0,18,37,Provo,UT
2020-10-24,ccu,gaso,28,14,-121.0,100.0,-1.0,1.0,,,,,49.0,,10,espn-core,,,0,1,37,37,Conway,SC
2020-10-24,clem,syr,47,21,-10000.0,4000.0,-47.5,47.5,,,,,63.0,,11,espn-core,,,0,1,1,1,Clemson,SC
2020-10-24,clt,utep,38,28,-985.0,606.0,-17.5,17.5,,,,,50.0,,10,espn-core,,,0,1,12,12,Charlotte,NC
2020-10-24,fres,haw,19,34,-147.0,120.0,-3.0,3.0,,,,,64.5,,11,espn-core,,,0,1,17,17,Fresno,CA
2020-10-24,iu,psu,36,35,198.0,-263.0,6.5,-6.5,,,,,62.0,,12,espn-core,,,0,1,5,5,Bloomington,IN
2020-10-24,ksu,ku,55,14,-1200.0,700.0,-19.0,19.0,,,,,46.0,,12,espn-core,,,0,1,4,4,Manhattan,KS
2020-10-24,lib,usm,56,35,-556.0,398.0,-14.0,14.0,,,,,59.5,,12,espn-core,,,0,0,18,12,Lynchburg,VA
2020-10-24,lou,fsu,48,16,-204.5,175.0,-5.5,5.5,,,,,62.0,,11,espn-core,,,0,1,1,1,Louisville,KY
2020-10-24,lsu,sc,52,24,-198.5,167.5,-4.5,4.5,,,,,54.75,,10,espn-core,,,0,1,8,8,Baton Rouge,LA
2020-10-24,mem,tem,41,29,-564.0,417.5,-14.0,14.0,,,,,70.0,,11,espn-core,,,0,1,151,151,Memphis,TN
2020-10-24,mia,uva,19,14,-554.5,410.0,-13.5,13.5,,,,,54.0,,9,espn-core,,,0,1,1,1,Miami Gardens,FL
2020-10-24,minn,mich,24,49,125.0,-151.0,3.0,-3.0,,,,,53.5,,12,espn-core,,,0,1,5,5,Minneapolis,MN
2020-10-24,miss,aub,28,35,150.0,-170.0,3.5,-3.5,,,,,73.5,,12,espn-core,,,0,1,8,8,Oxford,MS
2020-10-24,miz,uk,20,10,135.0,-158.5,3.25,-3.25,,,,,47.0,,9,espn-core,,,0,1,8,8,Columbia,MO
2020-10-24,mrsh,fau,20,9,-1100.0,700.0,-19.0,19.0,,,,,51.0,,12,espn-core,,,0,1,12,12,Huntington,WV
2020-10-24,msu,rutg,27,38,-397.0,300.0,-9.5,9.5,,,,,44.5,,8,espn-core,,,0,1,5,5,East Lansing,MI
2020-10-24,navy,hou,21,37,468.0,-663.5,15.5,-15.5,,,,,56.0,,12,espn-core,,,0,1,151,151,Annapolis,MD
2020-10-24,nev,wyo,37,34,122.0,-150.0,3.0,-3.0,,,,,54.0,,3,espn-core,,,0,1,17,17,Reno,NV
2020-10-24,nu,md,43,3,-500.0,383.0,-13.0,13.0,,,,,52.5,,12,espn-core,,,0,1,5,5,Evanston,IL
2020-10-24,okst,isu,24,21,-147.0,124.0,-2.5,2.5,,,,,53.0,,12,espn-core,,,0,1,4,4,Stillwater,OK
2020-10-24,osu,neb,52,17,-4000.0,1300.0,-27.5,27.5,,,,,68.75,,11,espn-core,,,0,1,5,5,Columbus,OH
2020-10-24,pitt,nd,3,45,305.0,-401.0,10.0,-10.0,,,,,43.5,,12,espn-core,,,0,1,1,1,Pittsburgh,PA
2020-10-24,pur,iowa,24,20,139.0,-165.0,3.5,-3.5,,,,,52.0,,12,espn-core,,,0,1,5,5,West Lafayette,IN
2020-10-24,rice,mtsu,34,40,-180.0,155.0,-3.5,3.5,,,,,48.5,,12,espn-core,,,0,1,12,12,Houston,TX
2020-10-24,sdsu,unlv,34,6,-618.5,450.0,-14.0,14.0,,,,,50.5,,11,espn-core,,,0,1,17,17,Carson,CA
2020-10-24,sjsu,afa,17,6,230.0,-290.0,7.5,-7.5,,,,,64.0,,10,espn-core,,,0,1,17,17,San Jose,CA
2020-10-24,smu,cin,13,42,-116.5,,-1.0,1.0,,,,,57.0,,11,espn-core,,,0,1,151,151,Dallas,TX
2020-10-24,tcu,ou,14,33,198.0,-240.0,6.5,-6.5,,,,,59.0,,10,espn-core,,,0,1,4,4,Fort Worth,TX
2020-10-24,tenn,ala,17,48,852.0,-2000.0,21.5,-21.5,,,,,66.5,,12,espn-core,,,0,1,8,8,Knoxville,TN
2020-10-24,tex,bay,27,16,-409.5,316.0,-11.0,11.0,,,,,61.5,,11,espn-core,,,0,1,4,4,Austin,TX
2020-10-24,troy,gast,34,36,-140.0,113.0,-2.5,2.5,,,,,68.5,,12,espn-core,,,0,1,37,37,Troy,AL
2020-10-24,ttu,wvu,34,27,122.5,-145.0,2.5,-2.5,,,,,54.0,,10,espn-core,,,0,1,4,4,Lubbock,TX
2020-10-24,ucf,tuln,51,34,-1350.0,737.0,-21.0,21.0,,,,,71.0,,11,espn-core,,,0,1,151,151,Orlando,FL
2020-10-24,unc,ncsu,48,21,-650.0,456.0,-15.0,15.0,,,,,61.5,,12,espn-core,,,0,1,1,1,Chapel Hill,NC
2020-10-24,usa,ulm,38,14,-650.0,472.5,-14.5,14.5,,,,,56.75,,9,espn-core,,,0,1,37,37,Mobile,AL
2020-10-24,utsa,lt,27,26,115.0,-135.0,2.5,-2.5,,,,,53.5,,12,espn-core,,,0,1,12,12,San Antonio,TX
2020-10-24,wake,vt,23,16,310.0,-394.0,10.5,-10.5,,,,,68.5,,12,espn-core,,,0,1,1,1,Winston-Salem,NC
2020-10-24,wku,utc,13,10,-806.5,447.5,-14.0,14.0,,,,,53.5,,6,espn-core,,,0,0,12,29,Bowling Green,KY
2020-10-29,fres,csu,38,17,117.0,-140.0,2.5,-2.5,,,,,58.0,,10,espn-core,,,0,1,17,17,Fresno,CA
2020-10-29,gaso,usa,24,17,-172.0,145.0,-3.5,3.5,,,,,52.0,,9,espn-core,,,0,1,37,37,Statesboro,GA
2020-10-30,md,minn,45,44,611.5,-989.0,18.5,-18.5,,,,,60.5,,12,espn-core,,,0,1,5,5,College Park,MD
2020-10-30,tlsa,ecu,34,30,-825.0,554.0,-17.0,17.0,,,,,59.5,,11,espn-core,,,0,1,151,151,Tulsa,OK
2020-10-30,wyo,haw,31,7,120.0,-141.5,3.0,-3.0,,,,,60.0,,10,espn-core,,,0,1,17,17,Laramie,WY
2020-10-31,afa,bois,30,49,390.0,-550.0,13.5,-13.5,,,,,49.0,,12,espn-core,,,0,1,17,17,USAF Academy,CO
2020-10-31,ala,msst,41,0,-5494.5,1535.0,-29.5,29.5,,,,,63.5,,12,espn-core,,,0,1,8,8,Tuscaloosa,AL
2020-10-31,arst,troy,10,38,-159.0,135.0,-3.5,3.5,,,,,69.5,,11,espn-core,,,0,1,37,37,Jonesboro,AR
2020-10-31,aub,lsu,48,11,-113.0,-109.0,,,,,,,63.5,,10,espn-core,,,0,1,8,8,Auburn,AL
2020-10-31,bay,tcu,23,33,116.0,-140.0,2.5,-2.5,,,,,47.5,,12,espn-core,,,0,1,4,4,Waco,TX
2020-10-31,byu,wku,41,10,-6614.0,1650.0,-31.0,31.0,,,,,52.5,,12,espn-core,,,0,0,18,12,Provo,UT
2020-10-31,cin,mem,49,10,-247.0,205.0,-6.5,6.5,,,,,57.5,,12,espn-core,,,0,1,151,151,Cincinnati,OH
2020-10-31,clem,bc,34,28,-3000.0,1200.0,-26.5,26.5,,,,,56.0,,12,espn-core,,,0,1,1,1,Clemson,SC
2020-10-31,duke,clt,53,19,-410.0,330.0,-10.75,10.75,,,,,55.0,,11,espn-core,,,0,0,1,12,Durham,NC
2020-10-31,fau,utsa,24,3,-210.0,175.0,-4.5,4.5,,,,,47.0,,11,espn-core,,,0,1,12,12,Boca Raton,FL
2020-10-31,fla,miz,41,17,-513.0,385.0,-13.5,13.5,,,,,63.5,,9,espn-core,,,0,1,8,8,Gainesville,FL
2020-10-31,gast,ccu,0,51,149.5,-175.0,3.5,-3.5,,,,,60.5,,12,espn-core,,,0,1,37,37,Atlanta,GA
2020-10-31,gt,nd,13,31,800.0,-1400.0,20.5,-20.5,,,,,58.5,,11,espn-core,,,0,1,1,1,Atlanta,GA
2020-10-31,hou,ucf,21,44,125.0,-145.0,3.0,-3.0,,,,,81.5,,12,espn-core,,,0,1,151,151,Houston,TX
2020-10-31,ill,pur,24,31,280.0,-360.0,9.5,-9.5,,,,,55.5,,12,espn-core,,,0,1,5,5,Champaign,IL
2020-10-31,iowa,nu,20,21,-106.0,-116.0,,,,,,,42.5,,10,espn-core,,,0,1,5,5,Iowa City,IA
2020-10-31,ku,isu,22,52,1500.0,-5000.0,27.5,-27.5,,,,,49.5,,12,espn-core,,,0,1,4,4,Lawrence,KS
2020-10-31,lou,vt,35,42,170.0,-196.0,5.0,-5.0,,,,,67.5,,11,espn-core,,,0,1,1,1,Louisville,KY
2020-10-31,lt,uab,37,34,395.0,-500.0,13.0,-13.0,,,,,47.5,,11,espn-core,,,0,1,12,12,Ruston,LA
2020-10-31,mich,msu,24,27,-2000.0,1000.0,-21.5,21.5,,,,,51.5,,12,espn-core,,,0,1,5,5,Ann Arbor,MI
2020-10-31,okst,tex,34,41,-170.0,150.0,-3.5,3.5,,,,,58.5,,12,espn-core,,,0,1,4,4,Stillwater,OK
2020-10-31,psu,osu,25,38,300.0,-390.0,10.0,-10.0,,,,,63.0,,11,espn-core,,,0,1,5,5,University Park,PA
2020-10-31,rutg,iu,21,37,320.0,-426.0,11.5,-11.5,,,,,54.0,,8,espn-core,,,0,1,5,5,Piscataway,NJ
2020-10-31,sjsu,unm,38,21,-500.0,395.0,-13.5,13.5,,,,,56.0,,10,espn-core,,,0,1,17,17,San Jose,CA
2020-10-31,smu,navy,51,37,-500.0,361.0,-13.0,13.0,,,,,58.5,,12,espn-core,,,0,1,151,151,Dallas,TX
2020-10-31,syr,wake,14,38,410.0,-550.0,14.0,-14.0,,,,,59.5,,12,espn-core,,,0,1,1,1,Syracuse,NY
2020-10-31,ta&m,ark,42,31,-612.5,450.0,-14.5,14.5,,,,,54.25,,11,espn-core,,,0,1,8,8,College Station,TX
2020-10-31,ttu,ou,28,62,475.0,-667.0,16.0,-16.0,,,,,66.5,,10,espn-core,,,0,1,4,4,Lubbock,TX
2020-10-31,tuln,tem,38,3,-265.0,220.0,-7.0,7.0,,,,,56.5,,12,espn-core,,,0,1,151,151,New Orleans,LA
2020-10-31,txst,ul,34,44,545.0,-800.0,16.5,-16.5,,,,,56.75,,11,espn-core,,,0,1,37,37,San Marcos,TX
2020-10-31,uk,uga,3,14,603.5,-944.0,17.0,-17.0,,,,,42.0,,11,espn-core,,,0,1,8,8,Lexington,KY
2020-10-31,ulm,app,13,31,1514.0,-6000.0,28.5,-28.5,,,,,56.5,,10,espn-core,,,0,1,37,37,Monroe,LA
2020-10-31,unlv,nev,19,37,395.0,-534.0,13.5,-13.5,,,,,59.5,,11,espn-core,,,0,1,17,17,Las Vegas,NV
2020-10-31,usm,rice,6,30,-102.0,-119.0,,,,,,,58.5,,10,espn-core,,,0,1,12,12,Hattiesburg,MS
2020-10-31,usu,sdsu,7,38,263.5,-333.0,9.0,-9.0,,,,,41.0,,12,espn-core,,,0,1,17,17,Logan,UT
2020-10-31,uva,unc,44,41,245.0,-290.0,7.5,-7.5,,,,,61.0,,10,espn-core,,,0,1,1,1,Charlottesville,VA
2020-10-31,van,miss,21,54,526.0,-800.0,17.0,-17.0,,,,,63.5,,11,espn-core,,,0,1,8,8,Nashville,TN
2020-10-31,wvu,ksu,37,10,-200.0,175.0,-5.0,5.0,,,,,46.0,,11,espn-core,,,0,1,4,4,Morgantown,WV
2020-11-04,akr,wmu,13,58,700.0,-1100.0,20.5,-20.5,,,,,52.0,,12,espn-core,,,0,1,15,15,Akron,OH
2020-11-04,cmu,ohio,30,27,120.0,-141.0,2.5,-2.5,,,,,54.0,,12,espn-core,,,0,1,15,15,Mount Pleasant,MI
2020-11-04,kent,emu,27,23,-190.0,170.0,-4.5,4.5,,,,,65.5,,12,espn-core,,,0,1,15,15,Kent,OH
2020-11-04,m-oh,ball,38,31,-109.0,-112.0,,,,,,,56.0,,10,espn-core,,,0,1,15,15,Oxford,OH
2020-11-04,niu,buff,30,49,450.0,-600.0,14.0,-14.0,,,,,53.0,,12,espn-core,,,0,1,15,15,Dekalb,IL
2020-11-04,tol,bgsu,38,3,-1974.0,1000.0,-24.0,24.0,,,,,63.0,,11,espn-core,,,0,1,15,15,Toledo,OH
2020-11-05,csu,wyo,34,24,137.0,-160.0,3.5,-3.5,,,,,53.25,,10,espn-core,,,0,1,17,17,Fort Collins,CO
2020-11-05,nev,usu,34,9,-849.0,550.0,-17.0,17.0,,,,,58.0,,9,espn-core,,,0,1,17,17,Reno,NV
2020-11-06,bois,byu,17,51,166.0,-200.0,4.5,-4.5,,,,,62.5,,11,espn-core,,,0,0,17,18,Boise,ID
2020-11-06,ncsu,mia,41,44,320.0,-400.0,10.5,-10.5,,,,,58.5,,12,espn-core,,,0,1,1,1,Raleigh,NC
2020-11-06,sdsu,sjsu,17,28,-385.0,290.0,,,,,,,50.5,,12,espn-core,,,0,1,17,17,Carson,CA
2020-11-07,ark,tenn,24,13,110.0,-130.0,2.0,-2.0,,,,,55.0,,9,espn-core,,,0,1,8,8,Fayetteville,AR
2020-11-07,ccu,usa,23,6,-878.0,558.0,-17.0,17.0,,,,,57.5,,10,espn-core,,,0,1,37,37,Conway,SC
2020-11-07,cin,hou,38,10,-475.5,360.0,-12.5,12.5,,,,,51.5,,12,espn-core,,,0,1,151,151,Cincinnati,OH
2020-11-07,colo,ucla,48,42,200.0,-240.0,6.5,-6.5,,,,,56.5,,10,espn-core,,,0,1,9,9,Boulder,CO
2020-11-07,duke,unc,24,56,320.0,-420.0,11.5,-11.5,,,,,63.5,,11,espn-core,,,0,1,1,1,Durham,NC
2020-11-07,ecu,tuln,21,38,140.0,-165.0,3.5,-3.5,,,,,63.5,,10,espn-core,,,0,1,151,151,Greenville,NC
2020-11-07,fau,wku,10,6,-280.0,230.0,-7.0,7.0,,,,,38.0,,8,espn-core,,,0,1,12,12,Boca Raton,FL
2020-11-07,fsu,pitt,17,41,103.5,-124.5,,,,,,,52.5,,11,espn-core,,,0,1,1,1,Tallahassee,FL
2020-11-07,gaso,troy,20,13,130.0,-154.5,3.0,-3.0,,,,,52.0,,11,espn-core,,,0,1,37,37,Statesboro,GA
2020-11-07,gast,ulm,52,34,-1000.0,635.0,-18.5,18.5,,,,,59.0,,12,espn-core,,,0,1,37,37,Atlanta,GA
2020-11-07,haw,unm,39,33,-526.0,400.0,-14.0,14.0,,,,,65.5,,10,espn-core,,,0,1,17,17,,
2020-11-07,ill,minn,14,41,232.5,-290.0,,,,,,,65.0,,12,espn-core,,,0,1,5,5,Champaign,IL
2020-11-07,iowa,msu,49,7,-225.0,180.0,-5.5,5.5,,,,,46.0,,10,espn-core,,,0,1,5,5,Iowa City,IA
2020-11-07,isu,bay,38,31,-598.5,426.0,-14.0,14.0,,,,,47.0,,10,espn-core,,,0,1,4,4,Ames,IA
2020-11-07,iu,mich,38,21,160.0,-180.0,4.0,-4.0,,,,,55.0,,11,espn-core,,,0,1,5,5,Bloomington,IN
2020-11-07,ksu,okst,18,20,450.0,-600.0,14.0,-14.0,,,,,48.5,,12,espn-core,,,0,1,4,4,Manhattan,KS
2020-11-07,mem,usf,34,33,-909.0,572.5,-17.5,17.5,,,,,67.5,,11,espn-core,,,0,1,151,151,Memphis,TN
2020-11-07,mrsh,mass,51,10,-100000.0,4000.0,-44.5,44.5,,,,,55.5,,11,espn-core,,,0,0,12,18,Huntington,WV
2020-11-07,msst,van,24,17,-1275.0,672.5,-18.0,18.0,,,,,45.0,,10,espn-core,,,0,1,8,8,Starkville,MS
2020-11-07,nd,clem,47,40,175.0,-201.0,5.0,-5.0,,,,,50.5,,11,espn-core,,,0,1,1,1,Notre Dame,IN
2020-11-07,nu,neb,21,13,-183.5,155.0,-4.0,4.0,,,,,54.0,,10,espn-core,,,0,1,5,5,Evanston,IL
2020-11-07,ore,stan,35,14,-500.0,380.0,-11.5,11.5,,,,,50.0,,10,espn-core,,,0,1,9,9,Eugene,OR
2020-11-07,orst,wsu,28,38,-150.0,130.0,-3.0,3.0,,,,,63.5,,12,espn-core,,,0,1,9,9,Corvallis,OR
2020-11-07,osu,rutg,49,27,-50000.0,3500.0,-37.5,37.5,,,,,62.5,,7,espn-core,,,0,1,5,5,Columbus,OH
2020-11-07,ou,ku,62,9,-50000.0,4000.0,-38.5,38.5,,,,,63.0,,10,espn-core,,,0,1,4,4,Norman,OK
2020-11-07,psu,md,19,35,-3333.0,1157.0,-27.5,27.5,,,,,63.5,,11,espn-core,,,0,1,5,5,University Park,PA
2020-11-07,sc,ta&m,3,48,275.0,-337.5,,,,,,,58.0,,11,espn-core,,,0,1,8,8,Columbia,SC
2020-11-07,syr,bc,13,16,435.0,-600.0,14.5,-14.5,,,,,54.0,,9,espn-core,,,0,1,1,1,Syracuse,NY
2020-11-07,tcu,ttu,34,18,-360.0,282.0,-9.5,9.5,,,,,60.0,,11,espn-core,,,0,1,4,4,Fort Worth,TX
2020-11-07,tem,smu,23,47,550.0,-800.0,17.5,-17.5,,,,,63.5,,11,espn-core,,,0,1,151,151,Philadelphia,PA
2020-11-07,tex,wvu,17,13,-240.0,198.0,-6.5,6.5,,,,,55.0,,10,espn-core,,,0,1,4,4,Austin,TX
2020-11-07,txst,app,17,38,835.0,-1600.0,21.5,-21.5,,,,,58.5,,11,espn-core,,,0,1,37,37,San Marcos,TX
2020-11-07,uga,fla,28,44,-149.0,124.5,-3.0,3.0,,,,,54.5,,10,espn-core,,,1,1,8,8,Jacksonville,FL
2020-11-07,ul,arst,27,20,-557.0,413.5,-14.5,14.5,,,,,68.5,,9,espn-core,,,0,1,37,37,Lafayette,LA
2020-11-07,unlv,fres,27,40,336.0,-435.0,11.5,-11.5,,,,,57.5,,11,espn-core,,,0,1,17,17,Las Vegas,NV
2020-11-07,usc,asu,28,27,-427.5,335.5,-11.5,11.5,,,,,57.5,,11,espn-core,,,0,1,9,9,Los Angeles,CA
2020-11-07,usm,una,24,13,-845.0,559.5,-17.25,17.25,,,,,51.75,,6,espn-core,,,0,0,12,40,Hattiesburg,MS
2020-11-07,vt,lib,35,38,-734.0,491.5,-17.0,17.0,,,,,67.5,,11,espn-core,,,0,0,1,18,Blacksburg,VA
2020-11-10,bgsu,kent,24,62,800.0,-1414.5,20.5,-20.5,,,,,55.0,,12,espn-core,,,0,1,15,15,Bowling Green,OH
2020-11-10,buff,m-oh,42,10,-300.0,242.5,-7.5,7.5,,,,,56.0,,11,espn-core,,,0,1,15,15,Buffalo,NY
2020-11-10,ohio,akr,24,10,-4000.0,1450.0,-27.5,27.5,,,,,59.0,,10,espn-core,,,0,1,15,15,Athens,OH
2020-11-11,ball,emu,38,31,-321.5,260.0,-8.5,8.5,,,,,61.5,,11,espn-core,,,0,1,15,15,Muncie,IN
2020-11-11,niu,cmu,10,40,190.0,-233.0,6.5,-6.5,,,,,57.5,,12,espn-core,,,0,1,15,15,Dekalb,IL
2020-11-11,wmu,tol,41,38,-120.0,100.0,-1.5,1.5,,,,,58.5,,12,espn-core,,,0,1,15,15,Kalamazoo,MI
2020-11-12,bois,csu,52,21,-600.0,425.0,-14.0,14.0,,,,,62.5,,12,espn-core,,,0,1,17,17,Boise,ID
2020-11-13,cin,ecu,55,17,-4000.0,1400.0,-27.5,27.5,,,,,56.5,,12,espn-core,,,0,1,151,151,Cincinnati,OH
2020-11-13,fiu,fau,19,38,285.0,-358.0,9.5,-9.5,,,,,42.0,,10,espn-core,,,0,1,12,12,Miami,FL
2020-11-13,minn,iowa,7,35,132.5,-156.0,3.0,-3.0,,,,,58.0,,12,espn-core,,,0,1,5,5,Minneapolis,MN
2020-11-14,app,gast,17,13,-800.0,550.0,-17.5,17.5,,,,,63.0,,12,espn-core,,,0,1,37,37,Boone,NC
2020-11-14,ariz,usc,30,34,440.0,-667.0,,,,,,,67.5,,12,espn-core,,,0,1,9,9,Tucson,AZ
2020-11-14,bc,nd,31,45,400.0,-538.5,13.0,-13.0,,,,,51.5,,10,espn-core,,,0,1,1,1,Chestnut Hill,MA
2020-11-14,fla,ark,63,35,-809.5,550.0,-17.0,17.0,,,,,61.5,,10,espn-core,,,0,1,8,8,Gainesville,FL
2020-11-14,gaso,txst,40,38,-450.0,356.0,-11.75,11.75,,,,,49.5,,11,espn-core,,,0,1,37,37,Statesboro,GA
2020-11-14,hou,usf,56,21,-610.0,450.0,-14.5,14.5,,,,,58.5,,12,espn-core,,,0,1,151,151,Houston,TX
2020-11-14,lib,wcu,58,14,-5000.0,1500.0,-37.75,37.75,,,,,63.0,,8,espn-core,,,0,0,18,29,Lynchburg,VA
2020-11-14,mich,wisc,11,49,210.0,-262.0,7.0,-7.0,,,,,51.5,,11,espn-core,,,0,1,5,5,Ann Arbor,MI
2020-11-14,miss,sc,59,42,-450.0,350.0,-12.5,12.5,,,,,72.0,,11,espn-core,,,0,1,8,8,Oxford,MS
2020-11-14,mrsh,mtsu,42,14,-2400.0,1057.0,-23.5,23.5,,,,,55.5,,12,espn-core,,,0,1,12,12,Huntington,WV
2020-11-14,msu,iu,0,24,230.0,-290.0,7.5,-7.5,,,,,52.5,,11,espn-core,,,0,1,5,5,East Lansing,MI
2020-11-14,ncsu,fsu,38,22,-450.0,350.0,-11.5,11.5,,,,,61.0,,11,espn-core,,,0,1,1,1,Raleigh,NC
2020-11-14,neb,psu,30,23,114.5,-139.5,2.5,-2.5,,,,,57.5,,11,espn-core,,,0,1,5,5,Lincoln,NE
2020-11-14,pur,nu,20,27,145.0,-170.0,3.5,-3.5,,,,,48.5,,11,espn-core,,,0,1,5,5,West Lafayette,IN
2020-11-14,rutg,ill,20,23,-221.0,178.0,-5.5,5.5,,,,,51.5,,7,espn-core,,,0,1,5,5,Piscataway,NJ
2020-11-14,sdsu,haw,34,10,-360.0,285.0,-10.0,10.0,,,,,51.0,,12,espn-core,,,0,1,17,17,Carson,CA
2020-11-14,sjsu,unlv,34,17,-821.5,551.5,-17.0,17.0,,,,,61.25,,12,espn-core,,,0,1,17,17,San Jose,CA
2020-11-14,stan,colo,32,35,-357.0,280.0,-9.5,9.5,,,,,55.0,,10,espn-core,,,0,1,9,9,Stanford,CA
2020-11-14,tlsa,smu,28,24,,-120.0,,,,,,,64.25,,11,espn-core,,,0,1,151,151,Tulsa,OK
2020-11-14,ttu,bay,24,23,-109.5,-111.0,,,,,,,54.5,,11,espn-core,,,0,1,4,4,Lubbock,TX
2020-11-14,tuln,army,38,12,-150.0,130.0,,,,,,,46.5,,12,espn-core,,,0,0,151,18,New Orleans,LA
2020-11-14,ucf,tem,38,13,-4500.0,1475.0,-28.5,28.5,,,,,72.5,,12,espn-core,,,0,1,151,151,Orlando,FL
2020-11-14,uk,van,38,35,-954.5,635.0,-17.5,17.5,,,,,41.5,,12,espn-core,,,0,1,8,8,Lexington,KY
2020-11-14,ul,usa,38,10,-600.0,450.0,-14.0,14.0,,,,,53.5,,11,espn-core,,,0,1,37,37,Lafayette,LA
2020-11-14,unc,wake,59,53,-455.0,350.0,-12.5,12.5,,,,,70.5,,12,espn-core,,,0,1,1,1,Chapel Hill,NC
2020-11-14,unm,nev,20,27,560.0,-830.5,17.5,-17.5,,,,,62.5,,11,espn-core,,,1,1,17,17,Las Vegas,NV
2020-11-14,usu,fres,16,35,320.0,-420.0,11.0,-11.0,,,,,51.5,,12,espn-core,,,0,1,17,17,Logan,UT
2020-11-14,utsa,utep,52,21,-238.0,191.0,-6.0,6.0,,,,,45.0,,11,espn-core,,,0,1,12,12,San Antonio,TX
2020-11-14,uva,lou,31,17,-221.0,180.0,-6.0,6.0,,,,,63.75,,10,espn-core,,,0,1,1,1,Charlottesville,VA
2020-11-14,vt,mia,24,25,-130.0,110.0,-2.0,2.0,,,,,68.0,,11,espn-core,,,0,1,1,1,Blacksburg,VA
2020-11-14,wash,orst,27,21,-550.0,372.5,-13.5,13.5,,,,,51.0,,11,espn-core,,,0,1,9,9,Seattle,WA
2020-11-14,wku,usm,10,7,-294.0,232.5,-7.5,7.5,,,,,45.0,,10,espn-core,,,0,1,12,12,Bowling Green,KY
2020-11-14,wsu,ore,29,43,300.0,-382.5,10.5,-10.5,,,,,57.75,,11,espn-core,,,0,1,9,9,Pullman,WA
2020-11-14,wvu,tcu,24,6,-156.0,132.5,-3.0,3.0,,,,,44.5,,11,espn-core,,,0,1,4,4,Morgantown,WV
2020-11-15,ucla,cal,34,10,140.0,-165.0,3.5,-3.5,,,,,57.5,,11,espn-core,,,0,1,9,9,Pasadena,CA
2020-11-17,bgsu,buff,17,42,1800.0,-7000.0,31.5,-31.5,,,,,58.5,,11,espn-core,,,0,1,15,15,Bowling Green,OH
2020-11-17,kent,akr,69,35,-3000.0,1119.0,-26.0,26.0,,,,,60.0,,11,espn-core,,,0,1,15,15,Kent,OH
2020-11-18,ball,niu,31,25,-620.0,450.0,-14.5,14.5,,,,,59.5,,11,espn-core,,,0,1,15,15,Muncie,IN
2020-11-18,cmu,wmu,44,52,-109.0,-112.5,,,,,,,59.5,,11,espn-core,,,0,1,15,15,Mount Pleasant,MI
2020-11-18,emu,tol,28,45,190.5,-231.5,6.5,-6.5,,,,,62.0,,11,espn-core,,,0,1,15,15,Ypsilanti,MI
2020-11-19,tlsa,tuln,30,24,-200.0,170.0,-5.0,5.0,,,,,55.5,,12,espn-core,,,0,1,151,151,Tulsa,OK
2020-11-20,afa,unm,28,0,-326.5,260.0,,,,,,,56.0,,11,espn-core,,,0,1,17,17,USAF Academy,CO
2020-11-20,fau,mass,24,2,-10000.0,2000.0,-34.0,34.0,,,,,50.5,,11,espn-core,,,0,0,12,18,Boca Raton,FL
2020-11-20,lou,syr,30,0,-1050.0,633.0,-19.5,19.5,,,,,55.5,,10,espn-core,,,0,1,1,1,Louisville,KY
2020-11-20,minn,pur,34,31,110.0,-131.5,2.5,-2.5,,,,,61.5,,12,espn-core,,,0,1,5,5,Minneapolis,MN
2020-11-21,ala,uk,63,3,-10000.0,2000.0,-31.5,31.5,,,,,57.5,,12,espn-core,,,0,1,8,8,Tuscaloosa,AL
2020-11-21,ark,lsu,24,27,100.0,-120.0,,,,,,,65.0,,11,espn-core,,,0,1,8,8,Fayetteville,AR
2020-11-21,army,gaso,28,27,-168.0,140.0,-3.5,3.5,,,,,38.5,,12,espn-core,,,0,0,18,37,West Point,NY
2020-11-21,aub,tenn,30,17,-400.0,310.0,-10.5,10.5,,,,,50.5,,12,espn-core,,,0,1,8,8,Auburn,AL
2020-11-21,byu,una,66,14,,,-50.0,50.0,,,,,63.0,,5,espn-core,,,0,0,18,40,Provo,UT
2020-11-21,ccu,app,34,23,-160.0,135.0,-3.5,3.5,,,,,48.5,,12,espn-core,,,0,1,37,37,Conway,SC
2020-11-21,haw,bois,32,40,359.5,-491.5,13.5,-13.5,,,,,55.5,,11,espn-core,,,0,1,17,17,,
2020-11-21,isu,ksu,45,0,-562.0,425.0,-13.5,13.5,,,,,47.5,,10,espn-core,,,0,1,4,4,Ames,IA
2020-11-21,mem,sfa,56,14,-8976.0,1775.0,-31.0,31.0,,,,,61.0,,7,espn-core,,,0,0,151,30,Memphis,TN
2020-11-21,ncsu,lib,15,14,-180.0,160.0,,,,,,,66.5,,11,espn-core,,,0,0,1,18,Raleigh,NC
2020-11-21,neb,ill,23,41,-792.0,522.5,-16.5,16.5,,,,,60.75,,11,espn-core,,,0,1,5,5,Lincoln,NE
2020-11-21,nev,sdsu,26,21,101.5,-124.5,,,,,,,46.5,,11,espn-core,,,0,1,17,17,Reno,NV
2020-11-21,nu,wisc,17,7,240.0,-306.0,7.5,-7.5,,,,,44.0,,12,espn-core,,,0,1,5,5,Evanston,IL
2020-11-21,ore,ucla,38,35,-950.0,600.0,-17.75,17.75,,,,,61.5,,11,espn-core,,,0,1,9,9,Eugene,OR
2020-11-21,orst,cal,31,27,-104.0,-118.0,1.5,-1.5,,,,,46.5,,10,espn-core,,,0,1,9,9,Corvallis,OR
2020-11-21,osu,iu,42,35,-1250.0,715.0,-21.0,21.0,,,,,67.5,,11,espn-core,,,0,1,5,5,Columbus,OH
2020-11-21,ou,okst,41,13,-256.5,205.0,-6.5,6.5,,,,,60.5,,10,espn-core,,,0,1,4,4,Norman,OK
2020-11-21,pitt,vt,47,14,191.5,-239.0,,,,,,,53.0,,11,espn-core,,,0,1,1,1,Pittsburgh,PA
2020-11-21,psu,iowa,21,41,-110.5,-110.0,,,,,,,45.5,,11,espn-core,,,0,1,5,5,University Park,PA
2020-11-21,rutg,mich,42,48,345.5,-459.5,12.25,-12.25,,,,,52.0,,7,espn-core,,,0,1,5,5,Piscataway,NJ
2020-11-21,sc,miz,10,17,165.0,-200.0,4.5,-4.5,,,,,57.5,,10,espn-core,,,0,1,8,8,Columbia,SC
2020-11-21,tem,ecu,3,28,210.0,-265.0,,,,,,,53.0,,10,espn-core,,,0,1,151,151,Philadelphia,PA
2020-11-21,troy,mtsu,17,20,-420.0,310.0,-11.0,11.0,,,,,60.5,,10,espn-core,,,0,0,37,12,Troy,AL
2020-11-21,txst,arst,47,45,160.0,-189.0,4.5,-4.5,,,,,69.0,,12,espn-core,,,0,1,37,37,San Marcos,TX
2020-11-21,ucf,cin,33,36,147.5,-179.0,4.5,-4.5,,,,,65.5,,11,espn-core,,,0,1,151,151,Orlando,FL
2020-11-21,uga,msst,31,24,-2898.0,1300.0,-26.5,26.5,,,,,44.0,,10,espn-core,,,0,1,8,8,Athens,GA
2020-11-21,unt,rice,27,17,-132.0,110.0,-2.5,2.5,,,,,65.5,,10,espn-core,,,0,1,12,12,Denton,TX
2020-11-21,usa,gast,14,31,143.0,-172.0,3.5,-3.5,,,,,58.5,,11,espn-core,,,0,1,37,37,Mobile,AL
2020-11-21,usm,utsa,20,23,285.0,-350.0,,,,,,,52.5,,10,espn-core,,,0,1,12,12,Hattiesburg,MS
2020-11-21,utah,usc,17,33,-107.5,-113.0,,,,,,,58.75,,11,espn-core,,,0,1,9,9,Salt Lake City,UT
2020-11-21,uva,acu,55,15,,,-38.5,38.5,,,,,61.25,,8,espn-core,,,0,0,1,30,Charlottesville,VA
2020-11-21,van,fla,17,38,1800.0,-7000.0,31.5,-31.5,,,,,68.5,,12,espn-core,,,0,1,8,8,Nashville,TN
2020-11-21,wash,ariz,44,27,-455.0,343.5,-11.5,11.5,,,,,53.5,,10,espn-core,,,0,1,9,9,Seattle,WA
2020-11-21,wku,fiu,38,21,-270.0,220.0,-7.0,7.0,,,,,42.0,,10,espn-core,,,0,1,12,12,Bowling Green,KY
2020-11-26,usu,unm,41,27,190.0,-227.0,6.0,-6.0,,,,,49.0,,9,espn-core,,,0,1,17,17,Logan,UT
2020-11-27,cal,stan,23,24,105.0,-125.0,,,,,,,51.5,,10,espn-core,,,0,1,9,9,Berkeley,CA
2020-11-27,emu,cmu,23,31,195.0,-240.0,6.5,-6.5,,,,,59.0,,10,espn-core,,,0,1,15,15,Ypsilanti,MI
2020-11-27,iowa,neb,26,20,-476.0,360.0,-12.5,12.5,,,,,53.5,,10,espn-core,,,0,1,5,5,Iowa City,IA
2020-11-27,lib,mass,45,0,-50000.0,2600.0,-35.5,35.5,,,,,57.5,,10,espn-core,,,0,0,18,18,Lynchburg,VA
2020-11-27,orst,ore,41,38,380.0,-488.0,13.0,-13.0,,,,,64.5,,11,espn-core,,,0,1,9,9,Corvallis,OR
2020-11-27,tex,isu,20,23,100.0,-120.0,,,,,,,57.5,,11,espn-core,,,0,1,4,4,Austin,TX
2020-11-27,unc,nd,17,31,175.0,-200.0,4.5,-4.5,,,,,69.5,,10,espn-core,,,0,1,1,1,Chapel Hill,NC
2020-11-27,unlv,wyo,14,45,494.5,-714.0,16.5,-16.5,,,,,52.0,,11,espn-core,,,0,1,17,17,Las Vegas,NV
2020-11-27,usf,ucf,46,58,1051.5,-2239.5,25.0,-25.0,,,,,70.5,,7,espn-core,,,0,1,151,151,Tampa,FL
2020-11-28,akr,m-oh,7,38,425.0,-556.0,,,,,,,55.5,,12,espn-core,,,0,1,15,15,Akron,OH
2020-11-28,ala,aub,42,13,-2126.5,1002.5,-24.5,24.5,,,,,64.5,,10,espn-core,,,0,1,8,8,Tuscaloosa,AL
2020-11-28,app,troy,47,10,-603.0,425.0,-14.0,14.0,,,,,50.5,,11,espn-core,,,0,1,37,37,Boone,NC
2020-11-28,arst,usa,31,38,-270.0,225.0,-7.5,7.5,,,,,63.5,,11,espn-core,,,0,1,37,37,Jonesboro,AR
2020-11-28,bay,ksu,32,31,-210.0,180.0,-5.5,5.5,,,,,44.5,,12,espn-core,,,0,1,4,4,Waco,TX
2020-11-28,bc,lou,34,27,-116.0,-105.0,-1.0,1.0,,,,,56.0,,10,espn-core,,,0,1,1,1,Chestnut Hill,MA
2020-11-28,buff,kent,70,41,-278.0,210.0,-7.5,7.5,,,,,69.5,,12,espn-core,,,0,1,15,15,Buffalo,NY
2020-11-28,clem,pitt,52,17,-2012.0,1000.0,-24.0,24.0,,,,,58.5,,10,espn-core,,,0,1,1,1,Clemson,SC
2020-11-28,colo,sdsu,20,10,-215.0,184.0,-5.25,5.25,,,,,51.0,,11,espn-core,,,0,0,9,17,Boulder,CO
2020-11-28,ecu,smu,52,38,330.0,-420.0,11.5,-11.5,,,,,72.0,,12,espn-core,,,0,1,151,151,Greenville,NC
2020-11-28,fla,uk,34,10,-2800.0,1150.0,-24.0,24.0,,,,,60.5,,10,espn-core,,,0,1,8,8,Gainesville,FL
2020-11-28,gast,gaso,30,24,-141.0,115.0,,,,,,,51.5,,12,espn-core,,,0,1,37,37,Atlanta,GA
2020-11-28,gt,duke,56,33,110.0,-132.0,2.25,-2.25,,,,,57.5,,9,espn-core,,,0,1,1,1,Atlanta,GA
2020-11-28,haw,nev,24,21,215.0,-263.0,7.25,-7.25,,,,,62.75,,11,espn-core,,,0,1,17,17,,
2020-11-28,iu,md,27,11,-432.5,325.5,-11.5,11.5,,,,,65.0,,11,espn-core,,,0,1,5,5,Bloomington,IN
2020-11-28,ku,tcu,23,59,1000.0,-2000.0,23.0,-23.0,,,,,51.5,,10,espn-core,,,0,1,4,4,Lawrence,KS
2020-11-28,mich,psu,17,27,-115.0,-106.0,-1.0,1.0,,,,,56.5,,10,espn-core,,,0,1,5,5,Ann Arbor,MI
2020-11-28,miss,msst,31,24,-340.0,275.0,-9.5,9.5,,,,,70.5,,12,espn-core,,,0,1,8,8,Oxford,MS
2020-11-28,miz,van,41,0,-600.0,425.0,,,,,,,51.5,,11,espn-core,,,0,1,8,8,Columbia,MO
2020-11-28,msu,nu,29,20,430.0,-600.0,13.5,-13.5,,,,,40.5,,10,espn-core,,,0,1,5,5,East Lansing,MI
2020-11-28,navy,mem,7,10,360.0,-476.0,13.5,-13.5,,,,,62.5,,11,espn-core,,,0,1,151,151,Annapolis,MD
2020-11-28,ohio,bgsu,52,10,-2000.0,904.5,-22.5,22.5,,,,,54.5,,11,espn-core,,,0,1,15,15,Athens,OH
2020-11-28,okst,ttu,50,44,-455.0,350.0,,,,,,,57.0,,12,espn-core,,,0,1,4,4,Stillwater,OK
2020-11-28,pur,rutg,30,37,-452.5,350.0,-12.25,12.25,,,,,61.0,,7,espn-core,,,0,1,5,5,West Lafayette,IN
2020-11-28,sc,uga,16,45,950.0,-2000.0,22.0,-22.0,,,,,50.0,,11,espn-core,,,0,1,8,8,Columbia,SC
2020-11-28,syr,ncsu,29,36,600.0,-1000.0,17.0,-17.0,,,,,50.5,,10,espn-core,,,0,1,1,1,Syracuse,NY
2020-11-28,ta&m,lsu,20,7,-667.0,455.0,-15.5,15.5,,,,,60.5,,11,espn-core,,,0,1,8,8,College Station,TX
2020-11-28,tol,ball,24,27,-355.0,270.0,,,,,,,67.0,,12,espn-core,,,0,1,15,15,Toledo,OH
2020-11-28,txst,ccu,14,49,506.5,-725.0,16.5,-16.5,,,,,58.5,,11,espn-core,,,0,1,37,37,San Marcos,TX
2020-11-28,ucla,ariz,27,10,-303.0,240.0,-7.5,7.5,,,,,70.5,,10,espn-core,,,0,1,9,9,Pasadena,CA
2020-11-28,ulm,ul,20,70,1550.0,-5000.0,,,,,,,58.0,,10,espn-core,,,0,1,37,37,Monroe,LA
2020-11-28,utsa,unt,49,17,-130.0,105.0,-1.5,1.5,,,,,67.0,,12,espn-core,,,0,1,12,12,San Antonio,TX
2020-11-28,wash,utah,24,21,-350.0,260.0,-8.5,8.5,,,,,47.5,,12,espn-core,,,0,1,9,9,Seattle,WA
2020-11-28,wmu,niu,30,27,-1000.0,600.0,,,,,,,64.5,,12,espn-core,,,0,1,15,15,Kalamazoo,MI
2020-12-03,unt,lt,31,42,-106.0,-114.0,,,,,,,65.5,,12,espn-core,,,0,1,12,12,Denton,TX
2020-12-03,usu,afa,7,35,400.0,-553.0,13.5,-13.5,,,,,51.5,,11,espn-core,,,0,1,17,17,Logan,UT
2020-12-04,app,ul,21,24,-159.0,131.0,-3.0,3.0,,,,,51.5,,12,espn-core,,,0,1,37,37,Boone,NC
2020-12-05,akr,bgsu,31,3,-140.0,118.0,,,,,,,55.5,,12,espn-core,,,0,1,15,15,Akron,OH
2020-12-05,ariz,colo,13,24,265.0,-330.0,9.25,-9.25,,,,,57.0,,9,espn-core,,,0,1,9,9,Tucson,AZ
2020-12-05,arst,ulm,48,15,-1100.0,672.0,-20.5,20.5,,,,,71.0,,8,espn-core,,,0,1,37,37,Jonesboro,AR
2020-12-05,asu,ucla,18,25,-145.0,121.0,-2.5,2.5,,,,,57.5,,10,espn-core,,,0,1,9,9,Tempe,AZ
2020-12-05,aub,ta&m,20,31,186.0,-230.0,6.0,-6.0,,,,,48.5,,12,espn-core,,,0,1,8,8,Auburn,AL
2020-12-05,cal,ore,21,17,260.0,-333.0,,,,,,,59.5,,12,espn-core,,,0,1,9,9,Berkeley,CA
2020-12-05,ccu,byu,22,17,300.0,-380.0,10.5,-10.5,,,,,62.5,,11,espn-core,,,0,0,37,18,Conway,SC
2020-12-05,cmu,ball,20,45,125.0,-145.0,,,,,,,63.0,,10,espn-core,,,0,1,15,15,Mount Pleasant,MI
2020-12-05,duke,mia,0,48,425.0,-600.0,14.5,-14.5,,,,,62.5,,10,espn-core,,,0,1,1,1,Durham,NC
2020-12-05,gaso,fau,20,3,109.0,-130.0,,,,,,,41.0,,11,espn-core,,,0,0,37,12,Statesboro,GA
2020-12-05,haw,sjsu,24,35,120.0,-140.0,2.5,-2.5,,,,,59.5,,11,espn-core,,,0,1,17,17,,
2020-12-05,ill,iowa,21,35,417.5,-569.0,13.5,-13.5,,,,,52.5,,11,espn-core,,,0,1,5,5,Champaign,IL
2020-12-05,isu,wvu,42,6,-240.0,199.0,-5.75,5.75,,,,,48.0,,11,espn-core,,,0,1,4,4,Ames,IA
2020-12-05,ksu,tex,31,69,225.0,-278.0,7.5,-7.5,,,,,53.5,,10,espn-core,,,0,1,4,4,Manhattan,KS
2020-12-05,lsu,ala,17,55,1475.0,-4428.5,28.5,-28.5,,,,,64.5,,11,espn-core,,,0,1,8,8,Baton Rouge,LA
2020-12-05,miz,ark,50,48,-135.0,114.0,-2.5,2.5,,,,,54.5,,12,espn-core,,,0,1,8,8,Columbia,MO
2020-12-05,mrsh,rice,0,20,-2861.0,1200.0,-24.5,24.5,,,,,42.5,,12,espn-core,,,0,1,12,12,Huntington,WV
2020-12-05,msu,osu,12,52,932.0,-1848.0,22.5,-22.5,,,,,59.0,,10,espn-core,,,0,1,5,5,East Lansing,MI
2020-12-05,navy,tlsa,6,19,362.5,-487.5,12.0,-12.0,,,,,45.5,,11,espn-core,,,0,1,151,151,Annapolis,MD
2020-12-05,ncsu,gt,23,13,-260.0,217.5,-7.0,7.0,,,,,60.75,,11,espn-core,,,0,1,1,1,Raleigh,NC
2020-12-05,nd,syr,45,21,-9387.5,1900.0,,,,,,,51.0,,12,espn-core,,,0,1,1,1,Notre Dame,IN
2020-12-05,nev,fres,37,26,-233.0,190.0,,,,,,,59.0,,11,espn-core,,,0,1,17,17,Reno,NV
2020-12-05,niu,tol,24,41,275.0,-350.0,,,,,,,53.5,,11,espn-core,,,0,1,15,15,Dekalb,IL
2020-12-05,ou,bay,27,14,-1800.0,894.0,-23.25,23.25,,,,,61.0,,9,espn-core,,,0,1,4,4,Norman,OK
2020-12-05,pur,neb,27,37,-115.0,-105.0,-1.0,1.0,,,,,64.0,,11,espn-core,,,0,1,5,5,West Lafayette,IN
2020-12-05,rutg,psu,7,23,385.0,-526.0,13.0,-13.0,,,,,51.5,,8,espn-core,,,0,1,5,5,Piscataway,NJ
2020-12-05,sdsu,csu,29,17,-294.0,235.0,-7.5,7.5,,,,,46.5,,12,espn-core,,,0,1,17,17,Carson,CA
2020-12-05,tcu,okst,29,22,115.0,-139.0,2.5,-2.5,,,,,52.5,,11,espn-core,,,0,1,4,4,Fort Worth,TX
2020-12-05,tenn,fla,19,31,582.5,-900.0,18.0,-18.0,,,,,62.75,,11,espn-core,,,0,1,8,8,Knoxville,TN
2020-12-05,ttu,ku,16,13,-3333.0,1200.0,-26.5,26.5,,,,,63.5,,12,espn-core,,,0,1,4,4,Lubbock,TX
2020-12-05,tuln,mem,35,21,-150.0,123.0,-3.0,3.0,,,,,64.0,,10,espn-core,,,0,1,151,151,New Orleans,LA
2020-12-05,uk,sc,41,18,-463.0,350.0,-11.5,11.5,,,,,47.0,,10,espn-core,,,0,1,8,8,Lexington,KY
2020-12-05,unc,wcu,49,9,-10000.0,2000.0,-49.5,49.5,,,,,69.5,,5,espn-core,,,0,0,1,29,Chapel Hill,NC
2020-12-05,unm,wyo,17,16,500.0,-700.0,,,,,,,51.0,,10,espn-core,,,1,1,17,17,Las Vegas,NV
2020-12-05,usa,troy,0,29,150.0,-173.5,4.0,-4.0,,,,,54.0,,9,espn-core,,,0,1,37,37,Mobile,AL
2020-12-05,utah,orst,30,24,-500.0,389.0,-13.5,13.5,,,,,51.25,,11,espn-core,,,0,1,9,9,Salt Lake City,UT
2020-12-05,uva,bc,43,32,-236.5,192.0,-6.25,6.25,,,,,54.0,,11,espn-core,,,0,1,1,1,Charlottesville,VA
2020-12-05,vt,clem,10,45,922.0,-1700.0,23.0,-23.0,,,,,66.5,,10,espn-core,,,0,1,1,1,Blacksburg,VA
2020-12-05,wash,stan,26,31,-476.0,350.0,-12.0,12.0,,,,,49.5,,12,espn-core,,,0,1,9,9,Seattle,WA
2020-12-05,wisc,iu,6,14,-526.0,399.0,-13.5,13.5,,,,,44.5,,11,espn-core,,,0,1,5,5,Madison,WI
2020-12-05,wmu,emu,42,53,-487.5,367.5,-13.5,13.5,,,,,67.5,,11,espn-core,,,0,1,15,15,Kalamazoo,MI
2020-12-06,clt,wku,19,37,-140.0,120.0,-2.5,2.5,,,,,46.5,,11,espn-core,,,0,1,12,12,Charlotte,NC
2020-12-06,usc,wsu,38,13,-400.0,320.0,-11.25,11.25,,,,,68.5,,11,espn-core,,,0,1,9,9,Los Angeles,CA
2020-12-10,gt,pitt,20,34,235.0,-280.0,7.5,-7.5,,,,,55.5,,8,espn-core,,,0,1,1,1,Atlanta,GA
2020-12-10,usm,fau,45,31,280.0,-361.0,9.5,-9.5,,,,,43.5,,12,espn-core,,,0,1,12,12,Hattiesburg,MS
2020-12-11,ariz,asu,7,70,266.0,-337.5,9.0,-9.0,,,,,56.5,,11,espn-core,,,0,1,9,9,Tucson,AZ
2020-12-11,sjsu,nev,30,20,,-125.5,,,,,,,61.5,,8,espn-core,,,1,1,17,17,Las Vegas,NV
2020-12-11,utep,unt,43,45,282.5,-357.5,10.0,-10.0,,,,,66.5,,9,espn-core,,,0,1,12,12,Denton,TX
2020-12-12,ark,ala,3,52,1550.0,-7000.0,30.0,-30.0,,,,,69.5,,11,espn-core,,,0,1,8,8,Fayetteville,AR
2020-12-12,army,navy,15,0,-300.0,241.5,-7.5,7.5,,,,,36.0,,9,espn-core,,,0,0,18,151,West Point,NY
2020-12-12,ball,wmu,30,27,104.0,-127.0,,,,,,,66.0,,11,espn-core,,,0,1,15,15,Muncie,IN
2020-12-12,bay,okst,3,42,190.0,-230.0,6.0,-6.0,,,,,49.5,,12,espn-core,,,0,1,4,4,Waco,TX
2020-12-12,buff,akr,56,7,-8375.0,1950.0,-33.0,33.0,,,,,58.5,,12,espn-core,,,0,1,15,15,Buffalo,NY
2020-12-12,byu,sdsu,28,14,-746.5,522.0,-16.5,16.5,,,,,47.5,,11,espn-core,,,0,0,18,17,Provo,UT
2020-12-12,colo,utah,21,38,119.5,-140.5,2.5,-2.5,,,,,49.0,,8,espn-core,,,0,1,9,9,Boulder,CO
2020-12-12,emu,niu,41,33,-217.0,180.0,-6.5,6.5,,,,,55.5,,9,espn-core,,,0,1,15,15,Ypsilanti,MI
2020-12-12,fla,lsu,34,37,-1667.0,850.0,,,,,,,65.5,,12,espn-core,,,0,1,8,8,Gainesville,FL
2020-12-12,fsu,duke,56,35,-150.5,130.0,-3.0,3.0,,,,,57.0,,11,espn-core,,,0,1,1,1,Tallahassee,FL
2020-12-12,gaso,app,26,34,275.0,-347.5,,,,,,,45.0,,11,espn-core,,,0,1,37,37,Statesboro,GA
2020-12-12,haw,unlv,38,21,-1000.0,650.0,-19.5,19.5,,,,,60.0,,11,espn-core,,,0,1,17,17,,
2020-12-12,iowa,wisc,28,7,-105.0,-115.0,,,,,,,40.5,,10,espn-core,,,0,1,5,5,Iowa City,IA
2020-12-12,lou,wake,45,21,-110.0,-110.0,,,,,,,62.5,,10,espn-core,,,0,1,1,1,Louisville,KY
2020-12-12,md,rutg,24,27,-158.0,131.0,-3.0,3.0,,,,,54.5,,6,espn-core,,,0,1,5,5,College Park,MD
2020-12-12,mem,hou,30,27,192.0,-237.5,6.5,-6.5,,,,,64.5,,9,espn-core,,,0,1,151,151,Memphis,TN
2020-12-12,mia,unc,26,62,-155.0,131.0,-3.0,3.0,,,,,72.0,,11,espn-core,,,0,1,1,1,Miami Gardens,FL
2020-12-12,miz,uga,14,49,425.0,-569.0,14.0,-14.0,,,,,54.5,,11,espn-core,,,0,1,8,8,Columbia,MO
2020-12-12,msst,aub,10,24,180.0,-214.5,5.5,-5.5,,,,,50.5,,9,espn-core,,,0,1,8,8,Starkville,MS
2020-12-12,neb,minn,17,24,-328.0,260.0,,,,,,,61.5,,11,espn-core,,,0,1,5,5,Lincoln,NE
2020-12-12,nu,ill,28,10,-568.5,425.0,-13.5,13.5,,,,,42.0,,10,espn-core,,,0,1,5,5,Evanston,IL
2020-12-12,orst,stan,24,27,116.0,-137.5,2.5,-2.5,,,,,55.5,,11,espn-core,,,0,1,9,9,Corvallis,OR
2020-12-12,psu,msu,39,24,-627.0,450.0,-14.5,14.5,,,,,46.0,,11,espn-core,,,0,1,5,5,University Park,PA
2020-12-12,rice,uab,16,21,220.0,-278.0,7.0,-7.0,,,,,42.5,,11,espn-core,,,0,1,12,12,Houston,TX
2020-12-12,tcu,lt,52,10,-1600.0,900.0,-21.5,21.5,,,,,50.0,,10,espn-core,,,0,0,4,12,Fort Worth,TX
2020-12-12,tol,cmu,24,23,-400.0,304.0,,,,,,,54.5,,10,espn-core,,,0,1,15,15,Toledo,OH
2020-12-12,troy,ccu,38,42,360.0,-500.0,12.5,-12.5,,,,,52.5,,11,espn-core,,,0,1,37,37,Troy,AL
2020-12-12,ucla,usc,38,43,147.5,-170.0,3.5,-3.5,,,,,65.0,,11,espn-core,,,0,1,9,9,Pasadena,CA
2020-12-12,unm,fres,49,39,450.0,-600.0,14.5,-14.5,,,,,56.5,,8,espn-core,,,1,1,17,17,Las Vegas,NV
2020-12-12,van,tenn,17,42,460.0,-656.0,15.0,-15.0,,,,,50.5,,12,espn-core,,,0,1,8,8,Nashville,TN
2020-12-12,vt,uva,33,15,-145.0,125.0,-3.0,3.0,,,,,64.0,,10,espn-core,,,0,1,1,1,Blacksburg,VA
2020-12-12,wyo,bois,9,17,287.5,-360.0,9.5,-9.5,,,,,46.5,,11,espn-core,,,0,1,17,17,Laramie,WY
2020-12-18,buff,ball,28,38,-550.0,400.0,-12.5,12.5,,,,,69.5,,11,espn-core,,,1,0,15,15,Detroit,MI
2020-12-18,mrsh,uab,13,22,-201.0,169.0,-4.5,4.5,,,,,45.0,,11,espn-core,,,0,0,12,12,Huntington,WV
2020-12-18,rutg,neb,21,28,200.0,-250.0,6.5,-6.5,,,,,52.0,,8,espn-core,,,0,1,5,5,Piscataway,NJ
2020-12-18,usc,ore,24,31,-154.0,130.0,-3.0,3.0,,,,,65.5,,10,espn-core,,,0,0,9,9,Los Angeles,CA
2020-12-19,army,afa,10,7,120.0,-140.0,2.5,-2.5,,,,,37.5,,12,espn-core,,,0,0,18,17,West Point,NY
2020-12-19,cin,tlsa,27,24,-605.0,450.0,-13.5,13.5,,,,,44.5,,12,espn-core,,,0,0,151,151,Cincinnati,OH
2020-12-19,fla,ala,46,52,550.0,-800.0,16.5,-16.5,,,,,74.0,,11,espn-core,,,1,0,8,8,Atlanta,GA
2020-12-19,isu,ou,21,27,180.0,-210.0,5.5,-5.5,,,,,59.75,,12,espn-core,,,1,0,4,4,Arlington,TX
2020-12-19,lsu,miss,53,48,-105.5,-115.0,,,,,,,74.5,,11,espn-core,,,0,1,8,8,Baton Rouge,LA
2020-12-19,msst,miz,51,32,104.0,-124.0,,,,,,,49.0,,11,espn-core,,,0,1,8,8,Starkville,MS
2020-12-19,nd,clem,10,34,350.0,-444.0,11.0,-11.0,,,,,59.0,,12,espn-core,,,1,0,1,1,Charlotte,NC
2020-12-19,orst,asu,33,46,240.0,-294.0,7.5,-7.5,,,,,54.5,,12,espn-core,,,0,1,9,9,Corvallis,OR
2020-12-19,osu,nu,22,10,-879.5,587.5,-16.5,16.5,,,,,56.75,,12,espn-core,,,1,0,5,5,Indianapolis,IN
2020-12-19,psu,ill,56,21,-730.0,505.0,-16.0,16.0,,,,,53.5,,12,espn-core,,,0,1,5,5,University Park,PA
2020-12-19,sjsu,bois,34,20,195.0,-239.0,6.5,-6.5,,,,,58.5,,10,espn-core,,,1,0,17,17,Las Vegas,NV
2020-12-19,tenn,ta&m,13,34,437.5,-600.0,13.5,-13.5,,,,,50.0,,11,espn-core,,,0,1,8,8,Knoxville,TN
2020-12-19,ucla,stan,47,48,-270.0,222.0,-7.0,7.0,,,,,60.0,,11,espn-core,,,0,1,9,9,Pasadena,CA
2020-12-19,utah,wsu,45,28,-430.0,350.0,-11.5,11.5,,,,,55.0,,12,espn-core,,,0,1,9,9,Salt Lake City,UT
2020-12-19,wisc,minn,20,17,-454.0,340.0,-11.0,11.0,,,,,47.0,,12,espn-core,,,0,1,5,5,Madison,WI
2020-12-21,unt,app,28,56,750.0,-1300.0,,,,,,,67.5,,12,espn-core,,,1,0,12,37,Conway,SC
2020-12-22,byu,ucf,49,23,-229.0,185.0,-6.0,6.0,,,,,79.5,,11,espn-core,,,1,0,18,151,Boca Raton,FL
2020-12-22,nev,tuln,38,27,-105.0,-115.5,,,,,,,56.5,,12,espn-core,,,1,0,17,151,Boise,ID
2020-12-23,fau,mem,10,25,280.0,-340.0,,,,,,,52.5,,11,espn-core,,,1,0,12,151,Montgomery,AL
2020-12-23,gaso,lt,38,3,-286.0,230.0,,,,,,,47.75,,12,espn-core,,,1,0,37,12,New Orleans,LA
2020-12-24,hou,haw,14,28,-280.0,231.0,-7.0,7.0,,,,,60.5,,11,espn-core,,,1,0,151,17,Frisco,TX
2020-12-25,buff,mrsh,17,10,-217.0,175.0,-5.5,5.5,,,,,53.5,,11,espn-core,,,1,0,15,12,Montgomery,AL
2020-12-26,ccu,lib,34,37,-261.0,210.0,-6.5,6.5,,,,,60.0,,11,espn-core,,,1,0,37,18,Orlando,FL
2020-12-26,gast,wku,39,21,-164.0,140.0,-3.5,3.5,,,,,50.0,,12,espn-core,,,1,0,37,12,Mobile,AL
2020-12-26,utsa,ul,24,31,428.0,-624.5,14.0,-14.0,,,,,54.5,,12,espn-core,,,1,0,12,37,Dallas,TX
2020-12-29,colo,tex,23,55,250.0,-318.0,,,,,,,63.75,,12,espn-core,,,1,0,9,4,San Antonio,TX
2020-12-29,mia,okst,34,37,-105.0,-115.0,,,,,,,61.0,,12,espn-core,,,1,0,1,4,Orlando,FL
2020-12-30,ou,fla,55,20,-149.0,125.0,-3.0,3.0,,,,,70.5,,12,espn-core,,,1,0,4,8,Arlington,TX
2020-12-30,wisc,wake,42,28,-303.0,240.0,,,,,,,51.5,,12,espn-core,,,1,0,5,1,Charlotte,NC
2020-12-31,army,wvu,21,24,230.5,-291.0,7.5,-7.5,,,,,41.5,,12,espn-core,,,1,0,18,4,Memphis,TN
2020-12-31,msst,tlsa,28,26,115.0,-135.0,,,,,,,46.5,,12,espn-core,,,1,0,8,151,Fort Worth,TX
2020-12-31,sjsu,ball,13,34,-353.0,270.0,-9.5,9.5,,,,,64.0,,12,espn-core,,,1,0,17,15,Tucson,AZ
2021-01-01,ala,nd,31,14,-1226.5,700.0,-19.5,19.5,,,,,65.5,,12,espn-core,,,1,0,8,1,Arlington,TX
2021-01-01,cin,uga,21,24,220.0,-265.5,,,,,,,50.5,,12,espn-core,,,1,0,151,8,Atlanta,GA
2021-01-01,clem,osu,28,49,-313.0,246.5,-7.5,7.5,,,,,66.5,,12,espn-core,,,1,0,1,5,New Orleans,LA
2021-01-01,nu,aub,35,19,-165.0,145.0,-3.5,3.5,,,,,43.5,,12,espn-core,,,1,0,5,8,Orlando,FL
2021-01-02,isu,ore,34,17,-200.0,165.0,-4.5,4.5,,,,,57.5,,12,espn-core,,,1,0,4,9,Glendale,AZ
2021-01-02,iu,miss,20,26,-303.5,241.0,-7.75,7.75,,,,,66.5,,12,espn-core,,,1,0,5,8,Tampa,FL
2021-01-02,uk,ncsu,23,21,-137.5,115.0,,,,,,,50.5,,12,espn-core,,,1,0,8,1,Jacksonville,FL
2021-01-02,unc,ta&m,27,41,228.5,-285.5,,,,,,,65.5,,12,espn-core,,,1,0,1,8,Miami Gardens,FL
2021-01-11,ala,osu,52,24,-329.5,260.0,-9.5,9.5,,,,,75.0,,14,espn-core,,,1,0,8,5,Miami Gardens,FL
2021-08-28,fres,conn,45,0,-8000.0,1700.0,-27.5,27.5,,,,,63.5,,15,espn-core,,,0,0,17,18,Fresno,CA
2021-08-28,ill,neb,30,22,206.0,-251.0,6.5,-6.5,,,,,52.5,,15,espn-core,,,0,1,5,5,Champaign,IL
2021-08-28,nmsu,utep,3,30,300.0,-382.5,9.5,-9.5,,,,,59.5,,15,espn-core,,,0,0,18,12,Las Cruces,NM
2021-08-28,sjsu,suu,45,14,-3660.0,1450.0,-28.0,28.0,,,,,57.5,,10,espn-core,,,0,0,17,20,San Jose,CA
2021-08-28,ucla,haw,44,10,-1053.0,650.0,-17.5,17.5,,,,,67.0,,15,espn-core,,,0,0,9,17,Pasadena,CA
2021-09-01,jvst,uab,0,31,550.0,-800.0,16.5,-16.5,,,,,52.0,,11,espn-core,,,1,0,175,12,Montgomery,AL
2021-09-02,app,ecu,33,19,-360.0,280.0,-9.0,9.0,,,,,55.75,,15,espn-core,,,1,0,37,151,Charlotte,NC
2021-09-02,asu,suu,41,14,,,-44.5,44.5,,,,,56.5,,11,espn-core,,,0,0,9,20,Tempe,AZ
2021-09-02,ball,wiu,31,21,-10000.0,3300.0,-31.0,31.0,,,,,58.5,,9,espn-core,,,0,0,15,21,Muncie,IN
2021-09-02,buff,wag,69,7,,,-43.5,43.5,,,,,54.5,,9,espn-core,,,0,0,15,25,Buffalo,NY
2021-09-02,ccu,cit,52,14,-10000.0,3300.0,-33.5,33.5,,,,,54.5,,11,espn-core,,,0,0,37,29,Conway,SC
2021-09-02,fiu,liu,48,10,,,-35.0,35.0,,,,,49.0,,10,espn-core,,,0,0,12,25,Miami,FL
2021-09-02,kenn,rei,35,25,,,,,,,,,,,0,espn-core,,,0,0,40,,Kennesaw,GA
2021-09-02,me,del,24,34,251.5,-335.0,8.25,-8.25,,,,,48.0,,10,espn-core,,,0,1,48,48,Orono,ME
2021-09-02,minn,osu,31,45,450.0,-630.0,14.0,-14.0,,,,,62.0,,13,espn-core,,,0,1,5,5,Minneapolis,MN
2021-09-02,nau,shsu,16,42,325.0,-426.5,11.0,-11.0,,,,,58.0,,10,espn-core,,,0,0,20,175,Flagstaff,AZ
2021-09-02,ncsu,usf,45,0,-1105.5,700.0,-19.0,19.0,,,,,58.0,,15,espn-core,,,0,0,1,151,Raleigh,NC
2021-09-02,tenn,bgsu,38,6,-10000.0,3300.0,-37.0,37.0,,,,,60.5,,12,espn-core,,,0,0,8,15,Knoxville,TN
2021-09-02,tlsa,ucd,17,19,-2079.5,1046.5,-22.0,22.0,,,,,54.5,,11,espn-core,,,0,0,151,20,Tulsa,OK
2021-09-02,ucf,bois,36,31,-225.0,190.0,-6.5,6.5,,,,,67.0,,12,espn-core,,,0,0,151,17,Orlando,FL
2021-09-02,unlv,ewu,33,35,110.0,-130.0,2.0,-2.0,,,,,66.0,,11,espn-core,,,0,0,17,20,Las Vegas,NV
2021-09-02,unm,hcu,27,17,-3001.5,1362.5,-25.5,25.5,,,,,66.0,,11,espn-core,,,0,0,17,30,Albuquerque,NM
2021-09-02,utah,web,40,17,-10000.0,1925.0,-29.5,29.5,,,,,48.5,,9,espn-core,,,0,0,9,20,Salt Lake City,UT
2021-09-02,wku,utm,59,21,-2800.0,1150.0,-24.25,24.25,,,,,58.5,,10,espn-core,,,0,0,12,26,Bowling Green,KY
2021-09-03,clt,duke,31,28,190.5,-232.5,6.5,-6.5,,,,,60.0,,14,espn-core,,,0,0,12,1,Charlotte,NC
2021-09-03,colo,unco,35,7,,,-37.5,37.5,,,,,56.5,,11,espn-core,,,0,0,9,20,Boulder,CO
2021-09-03,csu,sdst,23,42,-130.0,110.0,-2.0,2.0,,,,,50.5,,11,espn-core,,,0,0,17,21,Fort Collins,CO
2021-09-03,emu,sfpa,35,15,-10000.0,4000.0,-34.0,34.0,,,,,54.5,,11,espn-core,,,0,0,15,25,Ypsilanti,MI
2021-09-03,ku,sdak,17,14,-490.0,360.0,-11.5,11.5,,,,,55.0,,11,espn-core,,,0,0,4,21,Lawrence,KS
2021-09-03,nu,msu,21,38,-167.0,140.0,-3.25,3.25,,,,,45.5,,14,espn-core,,,0,1,5,5,Evanston,IL
2021-09-03,vt,unc,17,10,178.0,-220.0,5.5,-5.5,,,,,63.5,,14,espn-core,,,0,1,1,1,Blacksburg,VA
2021-09-03,wake,odu,42,10,-9000.0,2650.0,-32.5,32.5,,,,,61.5,,14,espn-core,,,0,0,1,12,Winston-Salem,NC
2021-09-04,afa,laf,35,14,,,-40.5,40.5,,,,,49.5,,11,espn-core,,,0,0,17,27,USAF Academy,CO
2021-09-04,ariz,byu,16,24,400.0,-550.0,13.5,-13.5,,,,,54.0,,14,espn-core,,,1,0,9,18,Las Vegas,NV
2021-09-04,ark,rice,38,17,-1394.0,800.0,-19.5,19.5,,,,,50.0,,13,espn-core,,,0,0,8,12,Fayetteville,AR
2021-09-04,arst,cark,40,21,-586.5,425.0,-13.5,13.5,,,,,64.0,,12,espn-core,,,0,0,37,175,Jonesboro,AR
2021-09-04,aub,akr,60,10,-49950.0,3500.0,-37.0,37.0,,,,,56.0,,15,espn-core,,,0,0,8,15,Auburn,AL
2021-09-04,bc,colg,51,0,,,-42.5,42.5,,,,,56.5,,12,espn-core,,,0,0,1,27,Chestnut Hill,MA
2021-09-04,cal,nev,17,22,-145.0,123.5,-3.0,3.0,,,,,52.5,,14,espn-core,,,0,0,9,17,Berkeley,CA
2021-09-04,cin,m-oh,49,14,-2000.0,1050.0,-22.5,22.5,,,,,49.0,,15,espn-core,,,0,0,151,15,Cincinnati,OH
2021-09-04,clem,uga,3,10,-143.0,120.0,-2.5,2.5,,,,,51.5,,15,espn-core,,,1,0,1,8,Charlotte,NC
2021-09-04,conn,hc,28,38,-151.5,130.0,-3.0,3.0,,,,,50.0,,12,espn-core,,,0,0,18,27,East Hartford,CT
2021-09-04,dxst,sac,7,19,,,,,,,,,,,0,espn-core,,,0,0,175,20,Saint George,UT
2021-09-04,fla,fau,35,14,-2657.0,1200.0,-23.5,23.5,,,,,52.0,,15,espn-core,,,0,0,8,12,Gainesville,FL
2021-09-04,gaso,gweb,30,25,-5000.0,1800.0,-27.5,27.5,,,,,48.0,,11,espn-core,,,0,0,37,40,Statesboro,GA
2021-09-04,gast,army,10,43,-139.0,115.0,-2.5,2.5,,,,,50.0,,15,espn-core,,,0,0,37,18,Atlanta,GA
2021-09-04,gt,niu,21,22,-1100.0,700.0,-19.0,19.0,,,,,57.0,,15,espn-core,,,0,0,1,15,Atlanta,GA
2021-09-04,haw,prst,49,35,,,,,,,,,,,0,espn-core,,,0,0,17,20,Honolulu,HI
2021-09-04,hou,ttu,21,38,-140.0,120.0,-2.5,2.5,,,,,63.0,,15,espn-core,,,1,0,151,4,Houston,TX
2021-09-04,ill,utsa,30,37,-200.0,167.0,-4.5,4.5,,,,,52.0,,15,espn-core,,,0,0,5,12,Champaign,IL
2021-09-04,iowa,iu,34,6,-180.0,150.0,-3.5,3.5,,,,,46.0,,15,espn-core,,,0,1,5,5,Iowa City,IA
2021-09-04,isu,uni,16,10,-10000.0,2150.0,-28.5,28.5,,,,,50.0,,11,espn-core,,,0,0,4,21,Ames,IA
2021-09-04,jmu,more,68,10,,,-45.5,45.5,,,,,54.5,,11,espn-core,,,0,0,48,28,Harrisonburg,VA
2021-09-04,ksu,stan,24,7,-160.0,138.0,-3.0,3.0,,,,,54.0,,15,espn-core,,,1,0,4,9,Arlington,TX
2021-09-04,lib,cam,48,7,-10000.0,1200.0,-35.0,35.0,,,,,65.0,,12,espn-core,,,0,0,18,40,Lynchburg,VA
2021-09-04,md,wvu,30,24,120.0,-140.0,2.5,-2.5,,,,,57.0,,15,espn-core,,,0,0,5,4,College Park,MD
2021-09-04,mem,nich,42,17,-2000.0,1062.5,-22.5,22.5,,,,,68.0,,12,espn-core,,,0,0,151,30,Memphis,TN
2021-09-04,mia,ala,13,44,770.0,-1276.5,19.5,-19.5,,,,,61.5,,14,espn-core,,,1,0,1,8,Atlanta,GA
2021-09-04,mich,wmu,47,14,-900.0,580.0,-16.5,16.5,,,,,65.5,,15,espn-core,,,0,0,5,15,Ann Arbor,MI
2021-09-04,miz,cmu,34,24,-626.5,450.0,-14.0,14.0,,,,,59.0,,15,espn-core,,,0,0,8,15,Columbia,MO
2021-09-04,msst,lt,35,34,-1850.0,1000.0,-20.5,20.5,,,,,53.0,,15,espn-core,,,0,0,8,12,Starkville,MS
2021-09-04,mtsu,monm,50,15,-350.0,270.0,-8.5,8.5,,,,,58.5,,7,espn-core,,,0,0,12,40,Murfreesboro,TN
2021-09-04,navy,mrsh,7,49,144.0,-170.0,3.0,-3.0,,,,,46.5,,15,espn-core,,,0,0,151,12,Annapolis,MD
2021-09-04,ndsu,alb,28,6,-6000.0,1600.0,-25.5,25.5,,,,,46.5,,13,espn-core,,,0,0,21,48,Fargo,ND
2021-09-04,neb,for,52,7,,,-42.0,42.0,,,,,55.0,,12,espn-core,,,0,0,5,27,Lincoln,NE
2021-09-04,ohio,syr,9,29,-130.0,110.0,-2.0,2.0,,,,,55.5,,14,espn-core,,,0,0,15,1,Athens,OH
2021-09-04,okst,most,23,16,,,-32.5,32.5,,,,,52.0,,10,espn-core,,,0,0,4,21,Stillwater,OK
2021-09-04,ore,fres,31,24,-1297.5,787.5,-19.25,19.25,,,,,63.0,,14,espn-core,,,0,0,9,17,Eugene,OR
2021-09-04,ou,tuln,40,35,1975.0,-6500.0,,,,,,,66.5,,10,espn-core,,,0,0,4,151,Norman,OK
2021-09-04,pitt,mass,51,7,-100000.0,4000.0,-37.5,37.5,,,,,56.0,,14,espn-core,,,0,0,1,18,Pittsburgh,PA
2021-09-04,pur,orst,30,21,-275.0,225.0,-7.0,7.0,,,,,68.0,,15,espn-core,,,0,0,5,9,West Lafayette,IN
2021-09-04,rutg,tem,61,14,-700.0,500.0,-14.5,14.5,,,,,52.0,,9,espn-core,,,0,0,5,151,Piscataway,NJ
2021-09-04,sc,eiu,46,0,-5000.0,2200.0,-31.5,31.5,,,,,55.5,,12,espn-core,,,0,0,8,26,Columbia,SC
2021-09-04,sdsu,nmsu,28,10,-10000.0,2500.0,-31.5,31.5,,,,,50.5,,15,espn-core,,,0,0,17,18,Carson,CA
2021-09-04,smu,acu,56,9,-4000.0,1800.0,-32.25,32.25,,,,,66.0,,12,espn-core,,,0,0,151,175,Dallas,TX
2021-09-04,ta&m,kent,41,10,-10000.0,2000.0,-29.5,29.5,,,,,66.5,,15,espn-core,,,0,0,8,15,College Station,TX
2021-09-04,tcu,duq,45,3,,,-42.0,42.0,,,,,54.5,,12,espn-core,,,0,0,4,25,Fort Worth,TX
2021-09-04,tex,ul,38,18,-340.0,270.0,-8.5,8.5,,,,,58.0,,15,espn-core,,,0,0,4,37,Austin,TX
2021-09-04,tol,norf,49,10,,,-39.5,39.5,,,,,56.0,,12,espn-core,,,0,0,15,24,Toledo,OH
2021-09-04,troy,sou,55,3,-4250.0,1387.5,-25.0,25.0,,,,,55.0,,12,espn-core,,,0,0,37,31,Troy,AL
2021-09-04,txst,bay,20,29,425.0,-588.0,13.5,-13.5,,,,,52.5,,15,espn-core,,,0,0,37,4,San Marcos,TX
2021-09-04,ucla,lsu,38,27,105.0,-125.0,2.0,-2.0,,,,,63.5,,15,espn-core,,,0,0,9,8,Pasadena,CA
2021-09-04,uk,ulm,45,10,-10000.0,2179.0,-31.0,31.0,,,,,54.0,,14,espn-core,,,0,0,8,37,Lexington,KY
2021-09-04,unt,nwst,44,14,-1400.0,800.0,-20.0,20.0,,,,,66.0,,9,espn-core,,,0,0,12,30,Denton,TX
2021-09-04,usa,usm,31,7,-135.0,115.0,-2.0,2.0,,,,,56.5,,15,espn-core,,,0,0,37,12,Mobile,AL
2021-09-04,usc,sjsu,30,7,-650.0,450.0,-14.0,14.0,,,,,61.0,,15,espn-core,,,0,0,9,17,Los Angeles,CA
2021-09-04,utep,bcu,38,28,-1600.0,850.0,-20.5,20.5,,,,,52.5,,11,espn-core,,,0,0,12,31,El Paso,TX
2021-09-04,uva,w&m,43,0,-10000.0,2000.0,-30.5,30.5,,,,,52.5,,12,espn-core,,,0,0,1,48,Charlottesville,VA
2021-09-04,van,etsu,3,23,-1700.0,925.0,-21.0,21.0,,,,,45.0,,11,espn-core,,,0,0,8,29,Nashville,TN
2021-09-04,wash,mont,7,13,-2400.0,1100.0,-22.5,22.5,,,,,54.0,,12,espn-core,,,0,0,9,20,Seattle,WA
2021-09-04,wisc,psu,10,16,-220.0,185.0,-5.5,5.5,,,,,48.5,,15,espn-core,,,0,1,5,5,Madison,WI
2021-09-04,wsu,usu,23,26,-909.0,600.0,-17.5,17.5,,,,,66.5,,15,espn-core,,,0,0,9,17,Pullman,WA
2021-09-04,wyo,mtst,19,16,-1202.5,740.0,-19.0,19.0,,,,,45.0,,12,espn-core,,,0,0,17,20,Laramie,WY
2021-09-05,fsu,nd,38,41,235.0,-290.0,7.25,-7.25,,,,,54.0,,12,espn-core,,,0,0,1,18,Tallahassee,FL
2021-09-06,miss,lou,43,24,-350.0,275.0,-9.0,9.0,,,,,74.5,,14,espn-core,,,1,0,8,1,Atlanta,GA
2021-09-10,bois,utep,54,13,-4635.0,1500.0,-25.0,25.0,,,,,56.5,,14,espn-core,,,0,0,17,12,Boise,ID
2021-09-10,ccu,ku,49,22,-4500.0,1500.0,-27.0,27.0,,,,,52.0,,13,espn-core,,,0,0,37,4,Conway,SC
2021-09-10,duke,ncat,45,17,-1995.0,1014.0,-22.5,22.5,,,,,55.5,,13,espn-core,,,0,0,1,40,Durham,NC
2021-09-10,usu,und,48,24,-250.0,205.0,-6.5,6.5,,,,,53.5,,13,espn-core,,,0,0,17,21,Logan,UT
2021-09-11,akr,tem,24,45,200.0,-246.0,6.5,-6.5,,,,,52.0,,14,espn-core,,,0,0,15,151,Akron,OH
2021-09-11,ala,mer,48,14,,,,,,,,,,,0,espn-core,,,0,0,8,29,Tuscaloosa,AL
2021-09-11,ariz,sdsu,14,38,-124.5,104.5,-1.5,1.5,,,,,46.5,,14,espn-core,,,0,0,9,17,Tucson,AZ
2021-09-11,ark,tex,40,21,185.0,-225.0,6.0,-6.0,,,,,57.5,,14,espn-core,,,0,0,8,4,Fayetteville,AR
2021-09-11,army,wku,38,35,-225.0,185.0,-6.0,6.0,,,,,52.0,,14,espn-core,,,0,0,18,12,West Point,NY
2021-09-11,arst,mem,50,55,173.5,-210.0,5.5,-5.5,,,,,64.5,,14,espn-core,,,0,0,37,151,Jonesboro,AR
2021-09-11,asu,unlv,37,10,-10000.0,3000.0,-34.5,34.5,,,,,55.5,,14,espn-core,,,0,0,9,17,Tempe,AZ
2021-09-11,aub,alst,62,0,,,-49.5,49.5,,,,,60.0,,11,espn-core,,,0,0,8,31,Auburn,AL
2021-09-11,bay,txso,66,7,,,-44.5,44.5,,,,,53.0,,10,espn-core,,,0,0,4,31,Waco,TX
2021-09-11,bgsu,usa,19,22,475.0,-652.0,14.5,-14.5,,,,,48.0,,14,espn-core,,,0,0,15,37,Bowling Green,OH
2021-09-11,byu,utah,26,17,220.0,-280.0,7.0,-7.0,,,,,50.0,,14,espn-core,,,0,0,18,9,Provo,UT
2021-09-11,cin,mur,42,7,,,-36.5,36.5,,,,,51.5,,11,espn-core,,,0,0,151,26,Cincinnati,OH
2021-09-11,clem,scst,49,3,,,-50.5,50.5,,,,,56.0,,10,espn-core,,,0,0,1,24,Clemson,SC
2021-09-11,clt,gweb,38,10,-2500.0,1100.0,-23.0,23.0,,,,,58.0,,10,espn-core,,,0,0,12,40,Charlotte,NC
2021-09-11,cmu,rmu,45,0,,,-37.5,37.5,,,,,53.5,,11,espn-core,,,0,0,15,40,Mount Pleasant,MI
2021-09-11,colo,ta&m,7,10,600.0,-900.0,17.0,-17.0,,,,,50.25,,14,espn-core,,,1,0,9,8,Denver,CO
2021-09-11,conn,pur,0,49,3000.0,-10000.0,35.0,-35.0,,,,,57.0,,13,espn-core,,,0,0,18,5,East Hartford,CT
2021-09-11,csu,van,21,24,-250.0,205.0,-6.5,6.5,,,,,52.0,,14,espn-core,,,0,0,17,8,Fort Collins,CO
2021-09-11,del,sfpa,27,10,-2361.0,1187.5,-23.5,23.5,,,,,44.5,,8,espn-core,,,0,0,48,25,Newark,DE
2021-09-11,ecu,sc,17,20,120.0,-140.0,2.5,-2.5,,,,,56.5,,13,espn-core,,,0,0,151,8,Greenville,NC
2021-09-11,fau,gaso,38,6,-272.0,220.0,-7.0,7.0,,,,,48.5,,14,espn-core,,,0,0,12,37,Boca Raton,FL
2021-09-11,fiu,txst,17,23,-125.0,105.0,-2.0,2.0,,,,,55.5,,11,espn-core,,,0,0,12,37,Miami,FL
2021-09-11,fres,cp,63,10,-8333.5,2750.0,-32.5,32.5,,,,,59.5,,10,espn-core,,,0,0,17,20,Fresno,CA
2021-09-11,fsu,jvst,17,20,-4500.0,1550.0,-27.5,27.5,,,,,56.5,,8,espn-core,,,0,0,1,175,Tallahassee,FL
2021-09-11,gt,kenn,45,17,,,,,,,,,,,0,espn-core,,,0,0,1,40,Atlanta,GA
2021-09-11,isu,iowa,17,27,-187.0,160.0,-4.0,4.0,,,,,45.0,,14,espn-core,,,0,0,4,5,Ames,IA
2021-09-11,iu,idho,56,14,,,,,,,,,,,0,espn-core,,,0,0,5,20,Bloomington,IN
2021-09-11,jmu,me,55,7,-2000.0,925.0,-23.5,23.5,,,,,63.5,,8,espn-core,,,0,1,48,48,Harrisonburg,VA
2021-09-11,kent,vmi,60,10,-974.0,643.5,-19.25,19.25,,,,,72.0,,10,espn-core,,,0,0,15,29,Kent,OH
2021-09-11,ksu,siu,31,23,-900.0,564.5,-17.0,17.0,,,,,55.0,,10,espn-core,,,0,0,4,21,Manhattan,KS
2021-09-11,lou,eku,30,3,-10000.0,1600.0,-30.0,30.0,,,,,62.5,,11,espn-core,,,0,0,1,175,Louisville,KY
2021-09-11,lsu,mcn,34,7,,,-39.0,39.0,,,,,66.0,,11,espn-core,,,0,0,8,30,Baton Rouge,LA
2021-09-11,lt,sela,45,42,-450.0,339.0,-11.5,11.5,,,,,70.5,,11,espn-core,,,0,0,12,30,Ruston,LA
2021-09-11,mass,bc,28,45,4000.0,-100000.0,38.5,-38.5,,,,,57.0,,14,espn-core,,,0,0,18,1,Amherst,MA
2021-09-11,md,how,62,0,,,-48.5,48.5,,,,,56.0,,11,espn-core,,,0,0,5,24,College Park,MD
2021-09-11,mia,app,25,23,-300.0,241.0,-7.5,7.5,,,,,55.0,,14,espn-core,,,0,0,1,37,Miami Gardens,FL
2021-09-11,mich,wash,31,10,-250.0,202.5,-6.5,6.5,,,,,47.5,,14,espn-core,,,0,0,5,9,Ann Arbor,MI
2021-09-11,minn,m-oh,31,26,-1136.0,700.0,-18.5,18.5,,,,,55.0,,14,espn-core,,,0,0,5,15,Minneapolis,MN
2021-09-11,miss,apsu,54,17,-6667.0,3000.0,-36.5,36.5,,,,,69.5,,11,espn-core,,,0,0,8,26,Oxford,MS
2021-09-11,most,cark,43,34,-214.0,180.0,-5.5,5.5,,,,,50.5,,10,espn-core,,,0,0,21,175,Springfield,MO
2021-09-11,mrsh,nccu,44,10,,,-43.0,43.0,,,,,53.5,,11,espn-core,,,0,0,12,24,Huntington,WV
2021-09-11,msst,ncsu,24,10,102.5,-124.5,1.5,-1.5,,,,,55.5,,13,espn-core,,,0,0,8,1,Starkville,MS
2021-09-11,msu,ysu,42,14,-4000.0,1600.0,-28.5,28.5,,,,,52.0,,11,espn-core,,,0,0,5,21,East Lansing,MI
2021-09-11,navy,afa,3,23,195.0,-240.0,6.0,-6.0,,,,,39.5,,14,espn-core,,,0,0,151,17,Annapolis,MD
2021-09-11,nd,tol,32,29,-900.0,585.0,-16.5,16.5,,,,,55.5,,14,espn-core,,,0,0,18,15,Notre Dame,IN
2021-09-11,ndsu,val,64,0,,,-46.5,46.5,,,,,53.0,,10,espn-core,,,0,0,21,28,Fargo,ND
2021-09-11,neb,buff,28,3,-575.0,410.0,-13.5,13.5,,,,,54.5,,14,espn-core,,,0,0,5,15,Lincoln,NE
2021-09-11,nev,idst,49,10,-10000.0,4000.0,-35.0,35.0,,,,,56.5,,11,espn-core,,,0,0,17,20,Reno,NV
2021-09-11,niu,wyo,43,50,224.5,-280.0,7.0,-7.0,,,,,44.5,,14,espn-core,,,0,0,15,17,Dekalb,IL
2021-09-11,nu,inst,24,6,-5000.0,1300.0,-28.5,28.5,,,,,46.0,,8,espn-core,,,0,0,5,21,Evanston,IL
2021-09-11,odu,hamp,47,7,-1613.0,875.0,-21.5,21.5,,,,,55.0,,11,espn-core,,,0,0,12,40,Norfolk,VA
2021-09-11,ohio,duq,26,28,-6667.0,2500.0,-28.5,28.5,,,,,49.0,,11,espn-core,,,0,0,15,25,Athens,OH
2021-09-11,okst,tlsa,28,23,-475.0,360.0,-12.0,12.0,,,,,51.0,,14,espn-core,,,0,0,4,151,Stillwater,OK
2021-09-11,orst,haw,45,27,-450.0,337.0,-11.0,11.0,,,,,65.0,,14,espn-core,,,0,0,9,17,Corvallis,OR
2021-09-11,osu,ore,28,35,-700.0,480.0,-14.75,14.75,,,,,64.5,,14,espn-core,,,0,0,5,9,Columbus,OH
2021-09-11,ou,wcu,76,0,,,-52.5,52.5,,,,,66.0,,11,espn-core,,,0,0,4,29,Norman,OK
2021-09-11,psu,ball,44,13,-2000.0,1000.0,-22.5,22.5,,,,,58.0,,14,espn-core,,,0,0,5,15,University Park,PA
2021-09-11,rice,hou,7,44,260.0,-327.0,7.5,-7.5,,,,,50.5,,14,espn-core,,,0,0,12,151,Houston,TX
2021-09-11,sac,uni,16,34,225.0,-290.0,6.5,-6.5,,,,,36.5,,10,espn-core,,,0,0,20,21,Sacramento,CA
2021-09-11,shsu,semo,52,14,-1933.0,963.0,-23.0,23.0,,,,,55.5,,10,espn-core,,,0,0,175,26,Huntsville,TX
2021-09-11,smu,unt,35,12,-2000.0,1000.0,-22.5,22.5,,,,,75.0,,14,espn-core,,,0,0,151,12,Dallas,TX
2021-09-11,syr,rutg,7,17,120.0,-140.0,2.5,-2.5,,,,,50.5,,9,espn-core,,,0,0,1,5,Syracuse,NY
2021-09-11,tcu,cal,34,32,-450.0,350.0,-11.5,11.5,,,,,46.5,,14,espn-core,,,0,0,4,9,Fort Worth,TX
2021-09-11,tenn,pitt,34,41,150.0,-180.0,3.5,-3.5,,,,,56.0,,14,espn-core,,,0,0,8,1,Knoxville,TN
2021-09-11,troy,lib,13,21,135.0,-160.0,3.0,-3.0,,,,,62.5,,14,espn-core,,,0,0,37,18,Troy,AL
2021-09-11,ttu,sfa,28,22,-10000.0,2200.0,-31.5,31.5,,,,,51.5,,10,espn-core,,,0,0,4,175,Lubbock,TX
2021-09-11,tuln,morg,69,20,,,-47.5,47.5,,,,,58.0,,11,espn-core,,,0,0,151,24,Birmingham,AL
2021-09-11,ucf,bcu,63,14,,,-46.0,46.0,,,,,67.0,,10,espn-core,,,0,0,151,31,Orlando,FL
2021-09-11,uga,uab,56,7,-3500.0,1400.0,-22.5,22.5,,,,,44.0,,14,espn-core,,,0,0,8,12,Athens,GA
2021-09-11,uk,miz,35,28,-212.0,175.0,-5.5,5.5,,,,,56.5,,14,espn-core,,,0,1,8,8,Lexington,KY
2021-09-11,ul,nich,27,24,-3417.5,1400.0,-26.0,26.0,,,,,64.75,,10,espn-core,,,0,0,37,30,Lafayette,LA
2021-09-11,unc,gast,59,17,-3700.0,1400.0,-26.0,26.0,,,,,65.5,,14,espn-core,,,0,0,1,37,Chapel Hill,NC
2021-09-11,unm,nmsu,34,25,-1111.0,700.0,-19.5,19.5,,,,,55.5,,14,espn-core,,,0,0,17,18,Albuquerque,NM
2021-09-11,usc,stan,28,42,-1000.0,632.0,-17.5,17.5,,,,,53.5,,14,espn-core,,,0,1,9,9,Los Angeles,CA
2021-09-11,usf,fla,20,42,1975.0,-10000.0,28.75,-28.75,,,,,57.25,,14,espn-core,,,0,0,151,8,Tampa,FL
2021-09-11,usm,gram,37,0,-2989.0,1200.0,-23.0,23.0,,,,,47.5,,11,espn-core,,,0,0,12,31,Hattiesburg,MS
2021-09-11,utsa,lam,54,0,,,-39.0,39.0,,,,,65.0,,10,espn-core,,,0,0,12,175,San Antonio,TX
2021-09-11,uva,ill,42,14,-426.5,327.5,-10.5,10.5,,,,,56.5,,14,espn-core,,,0,0,1,5,Charlottesville,VA
2021-09-11,vt,mtsu,35,14,-1350.0,775.0,-20.0,20.0,,,,,54.5,,14,espn-core,,,0,0,1,12,Blacksburg,VA
2021-09-11,wake,norf,41,16,,,-43.0,43.0,,,,,58.0,,11,espn-core,,,0,0,1,24,Winston-Salem,NC
2021-09-11,wisc,emu,34,7,-4102.0,1500.0,-26.0,26.0,,,,,52.0,,13,espn-core,,,0,0,5,15,Madison,WI
2021-09-11,wmu,ilst,28,0,-494.5,367.5,-12.5,12.5,,,,,56.5,,11,espn-core,,,0,0,15,21,Kalamazoo,MI
2021-09-11,wsu,prst,44,24,-3333.0,1200.0,-31.0,31.0,,,,,65.5,,10,espn-core,,,0,0,9,20,Pullman,WA
2021-09-11,wvu,liu,66,0,,,-49.5,49.5,,,,,56.0,,9,espn-core,,,0,0,4,25,Morgantown,WV
2021-09-16,ul,ohio,49,14,-1202.5,705.0,-19.0,19.0,,,,,56.5,,13,espn-core,,,0,0,37,15,Lafayette,LA
2021-09-17,ill,md,17,20,225.0,-278.0,7.0,-7.0,,,,,61.5,,14,espn-core,,,0,1,5,5,Champaign,IL
2021-09-17,lou,ucf,42,35,210.0,-255.0,7.0,-7.0,,,,,67.5,,14,espn-core,,,0,0,1,151,Louisville,KY
2021-09-18,afa,usu,45,49,-350.0,271.0,-9.0,9.0,,,,,54.25,,14,espn-core,,,0,1,17,17,USAF Academy,CO
2021-09-18,akr,bry,35,14,-600.0,425.0,-13.75,13.75,,,,,49.75,,12,espn-core,,,0,0,15,25,Akron,OH
2021-09-18,app,elon,44,10,,,-35.5,35.5,,,,,52.5,,12,espn-core,,,0,0,37,48,Boone,NC
2021-09-18,ariz,nau,19,21,-4250.0,1500.0,-26.5,26.5,,,,,53.5,,11,espn-core,,,0,0,9,20,Tucson,AZ
2021-09-18,ark,gaso,45,10,-2477.0,1100.0,-23.0,23.0,,,,,52.5,,14,espn-core,,,0,0,8,37,Fayetteville,AR
2021-09-18,army,conn,52,21,-10000.0,3050.0,-34.5,34.5,,,,,48.0,,14,espn-core,,,0,0,18,18,West Point,NY
2021-09-18,bgsu,mur,27,10,110.0,-130.0,2.5,-2.5,,,,,44.0,,12,espn-core,,,0,0,15,26,Bowling Green,OH
2021-09-18,bois,okst,20,21,-180.0,160.0,-3.5,3.5,,,,,58.0,,14,espn-core,,,0,0,17,4,Boise,ID
2021-09-18,buff,ccu,25,28,440.0,-630.0,14.0,-14.0,,,,,58.0,,14,espn-core,,,0,0,15,37,Buffalo,NY
2021-09-18,byu,asu,27,17,140.0,-160.0,3.0,-3.0,,,,,50.5,,14,espn-core,,,0,0,18,9,Provo,UT
2021-09-18,cal,sac,42,30,-4000.0,1442.0,-24.5,24.5,,,,,49.0,,11,espn-core,,,0,0,9,20,Berkeley,CA
2021-09-18,clem,gt,14,8,-7000.0,1700.0,-27.5,27.5,,,,,52.5,,13,espn-core,,,0,1,1,1,Clemson,SC
2021-09-18,colo,minn,0,30,-130.0,110.0,-2.5,2.5,,,,,49.0,,14,espn-core,,,0,0,9,5,Boulder,CO
2021-09-18,duke,nu,30,23,115.0,-135.5,2.5,-2.5,,,,,50.0,,13,espn-core,,,0,0,1,5,Durham,NC
2021-09-18,fau,for,45,14,,,-31.0,31.0,,,,,51.0,,11,espn-core,,,0,0,12,27,Boca Raton,FL
2021-09-18,fla,ala,29,31,450.0,-650.0,14.0,-14.0,,,,,60.0,,14,espn-core,,,0,1,8,8,Gainesville,FL
2021-09-18,gast,clt,20,9,-194.0,165.0,-4.5,4.5,,,,,63.0,,14,espn-core,,,0,0,37,12,Atlanta,GA
2021-09-18,hou,gram,45,0,,,-41.0,41.0,,,,,51.5,,12,espn-core,,,0,0,151,31,Houston,TX
2021-09-18,iowa,kent,30,7,-2000.0,1000.0,-22.5,22.5,,,,,55.5,,14,espn-core,,,0,0,5,15,Iowa City,IA
2021-09-18,iu,cin,24,38,160.0,-183.5,4.0,-4.0,,,,,50.0,,13,espn-core,,,0,0,5,151,Bloomington,IN
2021-09-18,jvst,una,27,24,-2906.0,1212.5,-22.0,22.0,,,,,44.5,,11,espn-core,,,0,0,175,40,Jacksonville,AL
2021-09-18,ksu,nev,38,17,100.0,-120.0,1.5,-1.5,,,,,51.25,,14,espn-core,,,0,0,4,17,Manhattan,KS
2021-09-18,ku,bay,7,45,625.0,-974.0,17.0,-17.0,,,,,48.5,,14,espn-core,,,0,1,4,4,Lawrence,KS
2021-09-18,lib,odu,45,17,-5000.0,1500.0,-27.5,27.5,,,,,53.0,,14,espn-core,,,0,0,18,12,Lynchburg,VA
2021-09-18,lsu,cmu,49,21,-1254.0,700.0,-19.5,19.5,,,,,60.5,,14,espn-core,,,0,0,8,15,Baton Rouge,LA
2021-09-18,lt,smu,37,39,350.0,-450.0,11.0,-11.0,,,,,65.5,,14,espn-core,,,0,0,12,151,Ruston,LA
2021-09-18,m-oh,liu,42,7,,,-39.5,39.5,,,,,55.5,,10,espn-core,,,0,0,15,25,Oxford,OH
2021-09-18,mass,emu,28,42,900.0,-1606.5,22.0,-22.0,,,,,56.0,,14,espn-core,,,0,0,18,15,Amherst,MA
2021-09-18,mem,msst,31,29,140.0,-165.0,3.5,-3.5,,,,,63.5,,14,espn-core,,,0,0,151,8,Memphis,TN
2021-09-18,mia,msu,17,38,-250.0,205.0,-7.0,7.0,,,,,57.5,,13,espn-core,,,0,0,1,5,Miami Gardens,FL
2021-09-18,mich,niu,63,10,-5614.0,1600.0,-27.5,27.5,,,,,55.0,,14,espn-core,,,0,0,5,15,Ann Arbor,MI
2021-09-18,miss,tuln,61,21,-650.0,450.0,-14.0,14.0,,,,,77.0,,14,espn-core,,,0,0,8,151,Oxford,MS
2021-09-18,miz,semo,59,28,-10000.0,3300.0,-34.5,34.5,,,,,59.0,,12,espn-core,,,0,0,8,26,Columbia,MO
2021-09-18,mrsh,ecu,38,42,-400.0,300.0,-10.0,10.0,,,,,58.5,,14,espn-core,,,0,0,12,151,Huntington,WV
2021-09-18,ncsu,fur,45,7,-5455.0,1800.0,-27.5,27.5,,,,,45.0,,12,espn-core,,,0,0,1,29,Raleigh,NC
2021-09-18,nd,pur,27,13,-300.0,245.0,-7.5,7.5,,,,,58.25,,14,espn-core,,,0,0,18,5,Notre Dame,IN
2021-09-18,nmsu,scst,43,35,-165.0,145.0,-3.5,3.5,,,,,54.5,,12,espn-core,,,0,0,18,24,Las Cruces,NM
2021-09-18,ore,stbk,48,7,,,-42.0,42.0,,,,,54.5,,12,espn-core,,,0,0,9,48,Eugene,OR
2021-09-18,orst,idho,42,0,,,,,,,,,,,0,espn-core,,,0,0,9,20,Corvallis,OR
2021-09-18,osu,tlsa,41,20,-3797.5,1400.0,-24.5,24.5,,,,,60.5,,14,espn-core,,,0,0,5,151,Columbus,OH
2021-09-18,ou,neb,23,16,-2000.0,1000.0,-22.5,22.5,,,,,62.5,,14,espn-core,,,0,0,4,5,Norman,OK
2021-09-18,pitt,wmu,41,44,-700.0,475.0,-14.5,14.5,,,,,58.5,,14,espn-core,,,0,0,1,15,Pittsburgh,PA
2021-09-18,psu,aub,28,20,-190.0,160.0,-4.0,4.0,,,,,52.5,,14,espn-core,,,0,0,5,8,University Park,PA
2021-09-18,rutg,del,45,13,-1606.5,900.0,-19.5,19.5,,,,,45.0,,7,espn-core,,,0,0,5,48,Piscataway,NJ
2021-09-18,sdsu,utah,33,31,260.0,-330.0,8.0,-8.0,,,,,43.0,,11,espn-core,,,0,0,17,9,Carson,CA
2021-09-18,syr,alb,62,24,-2000.0,1000.0,-21.5,21.5,,,,,41.0,,11,espn-core,,,0,0,1,48,Syracuse,NY
2021-09-18,ta&m,unm,34,0,-8000.0,2100.0,-30.0,30.0,,,,,49.5,,13,espn-core,,,0,0,8,17,College Station,TX
2021-09-18,tem,bc,3,28,480.0,-700.0,15.0,-15.0,,,,,55.5,,13,espn-core,,,0,0,151,1,Philadelphia,PA
2021-09-18,tenn,tntc,56,0,,,-38.5,38.5,,,,,53.0,,12,espn-core,,,0,0,8,26,Knoxville,TN
2021-09-18,tex,rice,58,0,-4000.0,1400.0,-26.0,26.0,,,,,52.0,,14,espn-core,,,0,0,4,12,Austin,TX
2021-09-18,tol,csu,6,22,-650.0,450.0,-14.5,14.5,,,,,59.0,,14,espn-core,,,0,0,15,17,Toledo,OH
2021-09-18,tow,ndsu,7,35,550.0,-904.5,14.5,-14.5,,,,,43.0,,10,espn-core,,,0,0,48,21,Towson,MD
2021-09-18,ttu,fiu,54,21,-1588.0,850.0,-20.5,20.5,,,,,54.0,,14,espn-core,,,0,0,4,12,Lubbock,TX
2021-09-18,txst,uiw,34,42,-449.0,331.5,-10.75,10.75,,,,,70.0,,12,espn-core,,,0,0,37,30,San Marcos,TX
2021-09-18,ucla,fres,37,40,-450.0,340.0,-11.0,11.0,,,,,65.0,,14,espn-core,,,0,0,9,17,Pasadena,CA
2021-09-18,uga,sc,40,13,-10000.0,2800.0,-31.5,31.5,,,,,47.5,,14,espn-core,,,0,1,8,8,Athens,GA
2021-09-18,uk,utc,28,23,-6667.0,2500.0,-33.0,33.0,,,,,48.0,,11,espn-core,,,0,0,8,29,Lexington,KY
2021-09-18,ulm,jkst,12,7,-200.0,170.0,-4.5,4.5,,,,,52.0,,11,espn-core,,,0,0,37,31,Monroe,LA
2021-09-18,unc,uva,59,39,-303.0,245.0,-7.5,7.5,,,,,66.5,,14,espn-core,,,0,1,1,1,Chapel Hill,NC
2021-09-18,unlv,isu,3,48,2500.0,-10000.0,32.0,-32.0,,,,,53.0,,14,espn-core,,,0,0,17,4,Las Vegas,NV
2021-09-18,unt,uab,6,40,370.0,-500.0,12.5,-12.5,,,,,58.0,,14,espn-core,,,0,1,12,12,Denton,TX
2021-09-18,usa,alcn,28,21,-2474.0,1100.0,-21.5,21.5,,,,,44.5,,11,espn-core,,,0,0,37,31,Mobile,AL
2021-09-18,usf,famu,38,17,-2000.0,1000.0,-22.5,22.5,,,,,49.75,,12,espn-core,,,0,0,151,31,Tampa,FL
2021-09-18,usm,troy,9,21,330.0,-430.0,11.0,-11.0,,,,,49.5,,14,espn-core,,,0,0,12,37,Hattiesburg,MS
2021-09-18,utsa,mtsu,27,13,-475.0,360.0,-11.5,11.5,,,,,59.5,,14,espn-core,,,0,1,12,12,San Antonio,TX
2021-09-18,van,stan,23,41,370.0,-500.0,12.5,-12.5,,,,,49.0,,14,espn-core,,,0,0,8,9,Nashville,TN
2021-09-18,wake,fsu,35,14,-195.0,165.0,-4.5,4.5,,,,,62.75,,14,espn-core,,,0,1,1,1,Winston-Salem,NC
2021-09-18,wash,arst,52,3,-900.0,600.0,-17.5,17.5,,,,,58.5,,14,espn-core,,,0,0,9,37,Seattle,WA
2021-09-18,web,jmu,24,37,215.0,-275.0,7.0,-7.0,,,,,55.0,,10,espn-core,,,0,0,20,48,Ogden,UT
2021-09-18,wof,kenn,10,31,,,,,,,,,,,0,espn-core,,,0,0,29,40,Spartanburg,SC
2021-09-18,wsu,usc,14,45,240.0,-300.0,7.0,-7.0,,,,,61.0,,14,espn-core,,,0,1,9,9,Pullman,WA
2021-09-18,wvu,vt,27,21,-130.0,110.0,-2.0,2.0,,,,,49.5,,14,espn-core,,,0,0,4,1,Morgantown,WV
2021-09-18,wyo,ball,45,12,-255.0,205.0,-6.5,6.5,,,,,53.0,,14,espn-core,,,0,0,17,15,Laramie,WY
2021-09-19,haw,sjsu,13,17,239.5,-290.0,7.75,-7.75,,,,,63.0,,14,espn-core,,,0,1,17,17,Honolulu,HI
2021-09-23,app,mrsh,31,30,-295.0,235.0,-7.0,7.0,,,,,59.0,,13,espn-core,,,0,0,37,12,Boone,NC
2021-09-24,clt,mtsu,42,39,-140.0,115.0,-2.5,2.5,,,,,55.5,,13,espn-core,,,0,1,12,12,Charlotte,NC
2021-09-24,fres,unlv,38,30,-10000.0,2500.0,-30.0,30.0,,,,,59.0,,12,espn-core,,,0,1,17,17,Fresno,CA
2021-09-24,syr,lib,24,21,208.0,-260.0,6.5,-6.5,,,,,54.0,,12,espn-core,,,0,0,1,18,Syracuse,NY
2021-09-24,uva,wake,17,37,-163.5,141.0,-3.5,3.5,,,,,70.5,,13,espn-core,,,0,1,1,1,Charlottesville,VA
2021-09-25,afa,fau,31,7,-175.0,146.0,-3.5,3.5,,,,,54.0,,13,espn-core,,,0,0,17,12,USAF Academy,CO
2021-09-25,ala,usm,63,14,100.0,3000.0,-45.0,45.0,,,,,58.0,,13,espn-core,,,0,0,8,12,Tuscaloosa,AL
2021-09-25,ark,ta&m,20,10,169.5,-200.0,4.5,-4.5,,,,,47.0,,13,espn-core,,,1,1,8,8,Arlington,TX
2021-09-25,army,m-oh,23,10,-311.5,250.0,-7.5,7.5,,,,,48.5,,13,espn-core,,,0,0,18,15,West Point,NY
2021-09-25,asu,colo,35,13,-650.0,457.5,-14.0,14.0,,,,,45.5,,13,espn-core,,,0,1,9,9,Tempe,AZ
2021-09-25,aub,gast,34,24,-5022.5,1712.5,-27.5,27.5,,,,,57.0,,12,espn-core,,,0,0,8,37,Auburn,AL
2021-09-25,ball,tol,12,22,160.0,-187.5,4.5,-4.5,,,,,56.5,,13,espn-core,,,0,1,15,15,Muncie,IN
2021-09-25,bay,isu,31,29,208.0,-259.5,7.0,-7.0,,,,,46.0,,13,espn-core,,,0,1,4,4,Waco,TX
2021-09-25,bc,miz,41,34,-113.0,-105.0,,,,,,,58.0,,13,espn-core,,,0,0,1,8,Chestnut Hill,MA
2021-09-25,byu,usf,35,27,-2605.0,1200.0,-23.5,23.5,,,,,54.0,,13,espn-core,,,0,0,18,151,Provo,UT
2021-09-25,cark,shsu,35,45,282.0,-362.0,10.0,-10.0,,,,,63.5,,11,espn-core,,,0,1,175,175,Conway,AR
2021-09-25,ccu,mass,53,3,-10000.0,3150.0,-36.0,36.0,,,,,66.0,,13,espn-core,,,0,0,37,18,Conway,SC
2021-09-25,cmu,fiu,31,27,-500.0,375.0,-12.0,12.0,,,,,55.5,,13,espn-core,,,0,0,15,12,Mount Pleasant,MI
2021-09-25,conn,wyo,22,24,2350.0,-8389.0,31.5,-31.5,,,,,53.5,,13,espn-core,,,0,0,18,17,East Hartford,CT
2021-09-25,duke,ku,52,33,-765.0,525.0,-16.5,16.5,,,,,57.5,,13,espn-core,,,0,0,1,4,Durham,NC
2021-09-25,ecu,chso,31,28,-3182.0,1258.0,-24.5,24.5,,,,,59.0,,11,espn-core,,,0,0,151,40,Greenville,NC
2021-09-25,emu,txst,59,21,-280.0,230.0,-7.5,7.5,,,,,62.5,,13,espn-core,,,0,0,15,37,Ypsilanti,MI
2021-09-25,fla,tenn,38,14,-1202.5,737.0,-19.0,19.0,,,,,65.0,,13,espn-core,,,0,1,8,8,Gainesville,FL
2021-09-25,fsu,lou,23,31,-114.0,-105.0,,,,,,,61.0,,13,espn-core,,,0,1,1,1,Tallahassee,FL
2021-09-25,gaso,ul,20,28,475.0,-659.5,14.5,-14.5,,,,,54.5,,13,espn-core,,,0,1,37,37,Statesboro,GA
2021-09-25,gt,unc,45,22,425.0,-600.0,14.5,-14.5,,,,,65.0,,13,espn-core,,,1,1,1,1,Atlanta,GA
2021-09-25,hou,navy,28,20,-1366.0,800.0,-20.0,20.0,,,,,47.0,,12,espn-core,,,0,1,151,151,Houston,TX
2021-09-25,idst,sac,21,23,202.5,-253.5,7.5,-7.5,,,,,55.5,,11,espn-core,,,0,1,20,20,Pocatello,ID
2021-09-25,iowa,csu,24,14,-2800.0,1167.5,-23.5,23.5,,,,,43.5,,13,espn-core,,,0,0,5,17,Iowa City,IA
2021-09-25,jvst,utm,31,34,-284.0,230.0,-7.5,7.5,,,,,48.0,,11,espn-core,,,0,0,175,26,Jacksonville,AL
2021-09-25,lt,unt,24,17,-400.0,308.5,-9.5,9.5,,,,,65.0,,13,espn-core,,,0,1,12,12,Ruston,LA
2021-09-25,md,kent,37,16,-550.0,400.0,-13.0,13.0,,,,,71.5,,13,espn-core,,,0,0,5,15,College Park,MD
2021-09-25,mem,utsa,28,31,-154.5,127.5,-3.0,3.0,,,,,66.5,,13,espn-core,,,0,0,151,12,Memphis,TN
2021-09-25,mia,ccsu,69,0,,,-46.0,46.0,,,,,55.5,,13,espn-core,,,0,0,1,25,Miami Gardens,FL
2021-09-25,mich,rutg,20,13,-1300.0,750.0,-20.5,20.5,,,,,50.0,,8,espn-core,,,0,1,5,5,Ann Arbor,MI
2021-09-25,minn,bgsu,10,14,-10000.0,2500.0,-30.5,30.5,,,,,51.0,,13,espn-core,,,0,0,5,15,Minneapolis,MN
2021-09-25,most,sdak,31,23,120.0,-143.0,2.5,-2.5,,,,,47.5,,11,espn-core,,,0,1,21,21,Springfield,MO
2021-09-25,msst,lsu,25,28,100.0,-120.0,1.5,-1.5,,,,,55.0,,13,espn-core,,,0,1,8,8,Starkville,MS
2021-09-25,msu,neb,23,20,-172.0,145.0,-3.5,3.5,,,,,54.5,,13,espn-core,,,0,1,5,5,East Lansing,MI
2021-09-25,ncsu,clem,27,21,323.0,-427.0,10.5,-10.5,,,,,47.5,,13,espn-core,,,0,1,1,1,Raleigh,NC
2021-09-25,niu,me,41,14,-1600.0,900.0,-21.5,21.5,,,,,62.0,,13,espn-core,,,0,0,15,48,Dekalb,IL
2021-09-25,nmsu,haw,21,41,575.0,-850.0,17.0,-17.0,,,,,63.0,,13,espn-core,,,0,0,18,17,Las Cruces,NM
2021-09-25,nu,ohio,35,6,-652.0,475.0,-13.5,13.5,,,,,47.5,,13,espn-core,,,0,0,5,15,Evanston,IL
2021-09-25,odu,buff,34,35,400.0,-550.0,13.0,-13.0,,,,,50.5,,13,espn-core,,,0,0,12,15,Norfolk,VA
2021-09-25,okst,ksu,31,20,-236.0,190.0,-6.0,6.0,,,,,47.5,,13,espn-core,,,0,1,4,4,Stillwater,OK
2021-09-25,ore,ariz,41,19,-7767.0,1908.5,-29.5,29.5,,,,,59.0,,13,espn-core,,,0,1,9,9,Eugene,OR
2021-09-25,osu,akr,59,7,-10000.0,2200.0,-48.5,48.5,,,,,66.5,,13,espn-core,,,0,0,5,15,Columbus,OH
2021-09-25,ou,wvu,16,13,-900.0,600.0,-17.5,17.5,,,,,56.5,,13,espn-core,,,0,1,4,4,Norman,OK
2021-09-25,pitt,unh,77,7,-7000.0,1600.0,-29.0,29.0,,,,,53.0,,12,espn-core,,,0,0,1,48,Pittsburgh,PA
2021-09-25,psu,vill,38,17,-8750.0,1800.0,-29.5,29.5,,,,,53.0,,13,espn-core,,,0,0,5,48,University Park,PA
2021-09-25,pur,ill,13,9,-434.5,327.0,-10.5,10.5,,,,,53.5,,13,espn-core,,,0,1,5,5,West Lafayette,IN
2021-09-25,rice,txso,48,34,-5000.0,1400.0,-37.0,37.0,,,,,53.5,,12,espn-core,,,0,0,12,31,Houston,TX
2021-09-25,sc,uk,10,16,170.0,-200.0,4.5,-4.5,,,,,49.0,,13,espn-core,,,0,1,8,8,Columbia,SC
2021-09-25,sdsu,tow,48,21,-2000.0,1000.0,-23.0,23.0,,,,,41.0,,13,espn-core,,,0,0,17,48,Carson,CA
2021-09-25,stan,ucla,24,35,151.5,-180.0,4.0,-4.0,,,,,60.0,,13,espn-core,,,0,1,9,9,Stanford,CA
2021-09-25,tcu,smu,34,42,-369.0,282.5,-9.5,9.5,,,,,65.5,,13,espn-core,,,0,0,4,151,Fort Worth,TX
2021-09-25,tem,wag,41,7,-7500.0,2350.0,-36.5,36.5,,,,,54.75,,12,espn-core,,,0,0,151,25,Philadelphia,PA
2021-09-25,tex,ttu,70,35,-367.5,292.5,-9.0,9.0,,,,,62.5,,13,espn-core,,,0,1,4,4,Austin,TX
2021-09-25,tlsa,arst,41,34,-640.0,450.0,-14.5,14.5,,,,,65.0,,13,espn-core,,,0,0,151,37,Tulsa,OK
2021-09-25,tuln,uab,21,28,-137.5,115.0,-2.5,2.5,,,,,55.0,,13,espn-core,,,0,0,151,12,New Orleans,LA
2021-09-25,ulm,troy,29,16,1200.0,-2763.5,23.5,-23.5,,,,,49.5,,13,espn-core,,,0,1,37,37,Monroe,LA
2021-09-25,usc,orst,27,45,-430.0,331.5,-11.0,11.0,,,,,63.0,,13,espn-core,,,0,1,9,9,Los Angeles,CA
2021-09-25,usu,bois,3,27,285.0,-360.0,9.5,-9.5,,,,,69.5,,13,espn-core,,,0,1,17,17,Logan,UT
2021-09-25,utah,wsu,24,13,-700.0,480.0,-15.0,15.0,,,,,53.5,,13,espn-core,,,0,1,9,9,Salt Lake City,UT
2021-09-25,utep,unm,20,13,115.0,-135.0,,,,,,,54.0,,13,espn-core,,,0,0,12,17,El Paso,TX
2021-09-25,van,uga,0,62,3300.0,-10000.0,36.0,-36.0,,,,,54.0,,13,espn-core,,,0,1,8,8,Nashville,TN
2021-09-25,vt,rich,21,10,-8000.0,1800.0,-29.0,29.0,,,,,50.0,,13,espn-core,,,0,0,1,48,Blacksburg,VA
2021-09-25,wash,cal,31,24,-300.0,240.0,-7.5,7.5,,,,,47.5,,13,espn-core,,,0,1,9,9,Seattle,WA
2021-09-25,wisc,nd,13,41,-230.0,188.0,-6.0,6.0,,,,,44.0,,13,espn-core,,,1,0,5,18,Chicago,IL
2021-09-25,wku,iu,31,33,280.0,-356.0,9.5,-9.5,,,,,63.0,,13,espn-core,,,0,0,12,5,Bowling Green,KY
2021-09-25,wmu,sjsu,23,3,-140.0,120.0,-2.5,2.5,,,,,62.0,,13,espn-core,,,0,0,15,17,Kalamazoo,MI
2021-09-30,mia,uva,28,30,-168.5,141.0,-3.5,3.5,,,,,63.5,,13,espn-core,,,0,1,1,1,Miami Gardens,FL
2021-10-01,md,iowa,14,51,135.0,-160.0,3.0,-3.0,,,,,47.5,,13,espn-core,,,0,1,5,5,College Park,MD
2021-10-01,tlsa,hou,10,45,-160.0,139.0,-3.5,3.5,,,,,54.0,,13,espn-core,,,0,1,151,151,Tulsa,OK
2021-10-01,usu,byu,20,34,260.0,-330.0,8.0,-8.0,,,,,65.5,,12,espn-core,,,0,0,17,18,Logan,UT
2021-10-02,akr,ohio,17,34,285.0,-360.0,9.5,-9.5,,,,,55.0,,13,espn-core,,,0,1,15,15,Akron,OH
2021-10-02,ala,miss,42,21,-700.0,475.0,-15.0,15.0,,,,,79.5,,13,espn-core,,,0,1,8,8,Tuscaloosa,AL
2021-10-02,ball,army,28,16,307.5,-390.5,10.0,-10.0,,,,,47.5,,13,espn-core,,,0,0,15,18,Muncie,IN
2021-10-02,bois,nev,31,41,-178.5,155.0,-4.0,4.0,,,,,59.0,,13,espn-core,,,0,1,17,17,Boise,ID
2021-10-02,buff,wmu,17,24,218.0,-270.0,7.0,-7.0,,,,,59.5,,13,espn-core,,,0,1,15,15,Buffalo,NY
2021-10-02,cal,wsu,6,21,-305.0,240.0,-7.5,7.5,,,,,52.5,,13,espn-core,,,0,1,9,9,Berkeley,CA
2021-10-02,ccu,ulm,59,6,-10000.0,2750.0,-33.5,33.5,,,,,57.5,,10,espn-core,,,0,1,37,37,Conway,SC
2021-10-02,clem,bc,19,13,-700.0,479.5,-14.5,14.5,,,,,46.5,,12,espn-core,,,0,1,1,1,Clemson,SC
2021-10-02,colo,usc,14,37,262.5,-331.0,9.0,-9.0,,,,,51.0,,13,espn-core,,,0,1,9,9,Boulder,CO
2021-10-02,del,alb,20,15,-380.0,295.0,-10.5,10.5,,,,,48.0,,10,espn-core,,,0,1,48,48,Newark,DE
2021-10-02,ecu,tuln,52,29,135.0,-160.0,3.0,-3.0,,,,,64.5,,13,espn-core,,,0,1,151,151,Greenville,NC
2021-10-02,fau,fiu,58,21,-415.0,320.0,-10.5,10.5,,,,,52.0,,13,espn-core,,,0,1,12,12,Boca Raton,FL
2021-10-02,fsu,syr,33,30,-221.0,180.0,-5.5,5.5,,,,,50.5,,13,espn-core,,,0,1,1,1,Tallahassee,FL
2021-10-02,gaso,arst,59,33,-128.0,105.0,-2.0,2.0,,,,,66.0,,13,espn-core,,,0,1,37,37,Statesboro,GA
2021-10-02,gast,app,16,45,310.0,-400.0,10.0,-10.0,,,,,54.5,,13,espn-core,,,0,1,37,37,Atlanta,GA
2021-10-02,gt,pitt,21,52,135.0,-158.0,3.0,-3.0,,,,,57.5,,13,espn-core,,,0,1,1,1,Atlanta,GA
2021-10-02,haw,fres,27,24,309.5,-416.0,10.75,-10.75,,,,,64.5,,12,espn-core,,,0,1,17,17,Honolulu,HI
2021-10-02,ill,clt,24,14,-410.0,315.0,-10.0,10.0,,,,,54.0,,13,espn-core,,,0,0,5,12,Champaign,IL
2021-10-02,ilst,most,20,41,134.0,-161.0,3.0,-3.0,,,,,46.5,,10,espn-core,,,0,1,21,21,Normal,IL
2021-10-02,isu,ku,59,7,-10000.0,3300.0,-34.5,34.5,,,,,57.0,,12,espn-core,,,0,1,4,4,Ames,IA
2021-10-02,kenn,jvst,31,6,,,,,,,,,,,0,espn-core,,,0,0,40,175,Kennesaw,GA
2021-10-02,kent,bgsu,27,20,-825.0,572.0,-16.5,16.5,,,,,56.0,,13,espn-core,,,0,1,15,15,Kent,OH
2021-10-02,ksu,ou,31,37,352.5,-460.0,12.5,-12.5,,,,,53.0,,13,espn-core,,,0,1,4,4,Manhattan,KS
2021-10-02,lsu,aub,19,24,-150.0,130.0,-3.0,3.0,,,,,56.25,,12,espn-core,,,0,1,8,8,Baton Rouge,LA
2021-10-02,m-oh,cmu,28,17,107.5,-127.5,,,,,,,56.0,,13,espn-core,,,0,1,15,15,Oxford,OH
2021-10-02,mass,tol,7,45,1500.0,-4000.0,27.0,-27.0,,,,,56.5,,12,espn-core,,,0,0,18,15,Amherst,MA
2021-10-02,miz,tenn,24,62,-136.5,115.0,-2.5,2.5,,,,,66.0,,13,espn-core,,,0,1,8,8,Columbia,MO
2021-10-02,msu,wku,48,31,-420.0,315.5,-10.5,10.5,,,,,66.5,,12,espn-core,,,0,0,5,12,East Lansing,MI
2021-10-02,mtsu,mrsh,34,28,310.0,-420.0,10.75,-10.75,,,,,65.5,,12,espn-core,,,0,1,12,12,Murfreesboro,TN
2021-10-02,navy,ucf,34,30,500.0,-700.0,15.5,-15.5,,,,,53.0,,13,espn-core,,,0,1,151,151,Annapolis,MD
2021-10-02,ncsu,lt,34,27,-1100.0,666.5,-17.5,17.5,,,,,56.0,,13,espn-core,,,0,0,1,12,Raleigh,NC
2021-10-02,nd,cin,13,24,106.5,-130.0,2.0,-2.0,,,,,50.0,,13,espn-core,,,0,0,18,151,Notre Dame,IN
2021-10-02,neb,nu,56,7,-430.0,330.0,-11.5,11.5,,,,,51.5,,12,espn-core,,,0,1,5,5,Lincoln,NE
2021-10-02,niu,emu,27,20,-111.0,-109.0,,,,,,,62.0,,13,espn-core,,,0,1,15,15,Dekalb,IL
2021-10-02,okst,bay,24,14,-182.0,155.0,-4.0,4.0,,,,,47.0,,12,espn-core,,,0,1,4,4,Stillwater,OK
2021-10-02,orst,wash,27,24,-134.0,113.5,-2.5,2.5,,,,,57.5,,12,espn-core,,,0,1,9,9,Corvallis,OR
2021-10-02,psu,iu,24,0,-495.0,370.0,-12.0,12.0,,,,,54.0,,12,espn-core,,,0,1,5,5,University Park,PA
2021-10-02,pur,minn,13,20,-130.0,109.0,-2.5,2.5,,,,,46.5,,13,espn-core,,,0,1,5,5,West Lafayette,IN
2021-10-02,rice,usm,24,19,-120.0,100.0,-1.5,1.5,,,,,44.5,,13,espn-core,,,0,1,12,12,Houston,TX
2021-10-02,rutg,osu,13,52,500.0,-700.0,15.0,-15.0,,,,,58.0,,8,espn-core,,,0,1,5,5,Piscataway,NJ
2021-10-02,sc,troy,23,14,-250.0,203.5,-6.5,6.5,,,,,43.5,,13,espn-core,,,0,0,8,37,Columbia,SC
2021-10-02,sfa,shsu,20,21,401.5,-551.0,13.0,-13.0,,,,,53.5,,10,espn-core,,,1,1,175,175,Houston,TX
2021-10-02,sjsu,nmsu,37,31,-4750.0,1600.0,-25.5,25.5,,,,,51.5,,11,espn-core,,,0,0,17,18,San Jose,CA
2021-10-02,smu,usf,41,17,-1640.0,875.0,-21.0,21.0,,,,,68.5,,13,espn-core,,,0,1,151,151,Dallas,TX
2021-10-02,stan,ore,31,24,270.0,-340.0,8.5,-8.5,,,,,57.5,,13,espn-core,,,0,1,9,9,Stanford,CA
2021-10-02,ta&m,msst,22,26,-300.0,240.0,-7.0,7.0,,,,,45.5,,12,espn-core,,,0,1,8,8,College Station,TX
2021-10-02,tcu,tex,27,32,160.0,-190.0,4.0,-4.0,,,,,65.5,,13,espn-core,,,0,1,4,4,Fort Worth,TX
2021-10-02,tem,mem,34,31,330.0,-432.5,11.0,-11.0,,,,,59.0,,13,espn-core,,,0,1,151,151,Philadelphia,PA
2021-10-02,uab,lib,12,36,-142.5,122.5,-3.0,3.0,,,,,49.25,,12,espn-core,,,0,0,12,18,Birmingham,AL
2021-10-02,ucla,asu,23,42,-150.0,129.0,-3.0,3.0,,,,,56.0,,12,espn-core,,,0,1,9,9,Pasadena,CA
2021-10-02,uga,ark,37,0,-1000.0,650.0,-16.5,16.5,,,,,48.5,,13,espn-core,,,0,1,8,8,Athens,GA
2021-10-02,uk,fla,20,13,250.0,-317.5,7.5,-7.5,,,,,56.5,,13,espn-core,,,0,1,8,8,Lexington,KY
2021-10-02,unc,duke,38,7,-1100.0,700.0,-19.5,19.5,,,,,74.0,,13,espn-core,,,0,1,1,1,Chapel Hill,NC
2021-10-02,und,ndsu,10,16,415.0,-592.5,13.0,-13.0,,,,,47.5,,10,espn-core,,,0,1,21,21,Grand Forks,ND
2021-10-02,unh,jmu,21,23,1100.0,-3000.0,24.0,-24.0,,,,,57.5,,10,espn-core,,,0,1,48,48,Durham,NH
2021-10-02,unm,afa,10,38,350.0,-450.0,11.5,-11.5,,,,,45.5,,13,espn-core,,,0,1,17,17,Albuquerque,NM
2021-10-02,usa,ul,18,20,350.0,-466.5,12.0,-12.0,,,,,52.5,,12,espn-core,,,0,1,37,37,Mobile,AL
2021-10-02,utep,odu,28,21,-226.0,187.5,-5.5,5.5,,,,,48.5,,12,espn-core,,,0,1,12,12,El Paso,TX
2021-10-02,utsa,unlv,24,17,-1606.5,862.5,-21.5,21.5,,,,,55.5,,13,espn-core,,,0,0,12,17,San Antonio,TX
2021-10-02,van,conn,30,28,-700.0,475.0,-14.5,14.5,,,,,51.0,,12,espn-core,,,0,0,8,18,Nashville,TN
2021-10-02,wake,lou,37,34,-278.0,225.0,-7.0,7.0,,,,,64.5,,13,espn-core,,,0,1,1,1,Winston-Salem,NC
2021-10-02,wisc,mich,17,38,-125.0,105.0,-2.0,2.0,,,,,43.5,,13,espn-core,,,0,1,5,5,Madison,WI
2021-10-02,wvu,ttu,20,23,-300.0,237.5,-7.5,7.5,,,,,55.5,,13,espn-core,,,0,1,4,4,Morgantown,WV
2021-10-07,arst,ccu,20,52,732.0,-1213.5,20.0,-20.0,,,,,74.5,,13,espn-core,,,0,1,37,37,Jonesboro,AR
2021-10-07,tuln,hou,22,40,200.0,-250.0,6.5,-6.5,,,,,60.0,,13,espn-core,,,0,1,151,151,New Orleans,LA
2021-10-08,asu,stan,28,10,-564.5,410.0,-13.5,13.5,,,,,53.5,,13,espn-core,,,0,1,9,9,Tempe,AZ
2021-10-08,cin,tem,52,3,-6972.0,2000.0,-30.0,30.0,,,,,52.5,,13,espn-core,,,0,1,151,151,Cincinnati,OH
2021-10-08,fiu,clt,33,45,145.0,-170.0,3.5,-3.5,,,,,60.5,,13,espn-core,,,0,1,12,12,Miami,FL
2021-10-09,afa,wyo,24,14,-210.0,175.0,-5.5,5.5,,,,,46.5,,13,espn-core,,,0,1,17,17,USAF Academy,CO
2021-10-09,ariz,ucla,16,34,525.0,-760.0,16.0,-16.0,,,,,60.5,,12,espn-core,,,0,1,9,9,Tucson,AZ
2021-10-09,aub,uga,10,34,500.0,-704.0,14.5,-14.5,,,,,45.5,,12,espn-core,,,0,1,8,8,Auburn,AL
2021-10-09,bay,wvu,45,20,-120.0,100.0,-1.0,1.0,,,,,45.0,,13,espn-core,,,0,1,4,4,Waco,TX
2021-10-09,bgsu,akr,20,35,-589.0,425.0,-14.0,14.0,,,,,46.0,,13,espn-core,,,0,1,15,15,Bowling Green,OH
2021-10-09,byu,bois,17,26,-240.0,200.0,-6.0,6.0,,,,,58.0,,12,espn-core,,,0,0,18,17,Provo,UT
2021-10-09,csu,sjsu,32,14,-165.5,142.5,-3.5,3.5,,,,,44.5,,12,espn-core,,,0,1,17,17,Fort Collins,CO
2021-10-09,duke,gt,27,31,160.0,-190.0,4.5,-4.5,,,,,60.5,,13,espn-core,,,0,1,1,1,Durham,NC
2021-10-09,emu,m-oh,13,12,117.5,-139.0,2.5,-2.5,,,,,58.5,,12,espn-core,,,0,1,15,15,Ypsilanti,MI
2021-10-09,fla,van,42,0,-10000.0,3300.0,-39.0,39.0,,,,,60.0,,12,espn-core,,,0,1,8,8,Gainesville,FL
2021-10-09,hamp,kenn,15,34,,,,,,,,,,,0,espn-core,,,0,1,40,40,Hampton,VA
2021-10-09,ill,wisc,0,24,350.0,-450.0,12.0,-12.0,,,,,42.0,,12,espn-core,,,0,1,5,5,Champaign,IL
2021-10-09,iowa,psu,23,20,-140.5,119.5,-2.5,2.5,,,,,41.0,,13,espn-core,,,0,1,5,5,Iowa City,IA
2021-10-09,jmu,vill,27,28,-552.0,400.0,-13.5,13.5,,,,,63.5,,11,espn-core,,,0,1,48,48,Harrisonburg,VA
2021-10-09,jvst,sfa,28,24,179.0,-218.0,5.0,-5.0,,,,,45.0,,11,espn-core,,,0,1,175,175,Jacksonville,AL
2021-10-09,kent,buff,48,38,-263.0,210.0,-7.0,7.0,,,,,66.0,,13,espn-core,,,0,1,15,15,Kent,OH
2021-10-09,lib,mtsu,41,13,-1250.0,750.0,-20.0,20.0,,,,,59.0,,12,espn-core,,,0,0,18,12,Lynchburg,VA
2021-10-09,lou,uva,33,34,-140.0,120.0,-2.5,2.5,,,,,69.5,,13,espn-core,,,0,1,1,1,Louisville,KY
2021-10-09,mass,conn,27,13,132.0,-153.5,3.0,-3.0,,,,,57.0,,13,espn-core,,,0,0,18,18,Amherst,MA
2021-10-09,miss,ark,52,51,-190.0,160.0,-5.0,5.0,,,,,66.5,,13,espn-core,,,0,1,8,8,Oxford,MS
2021-10-09,miz,unt,48,35,-1100.0,690.0,-18.5,18.5,,,,,69.0,,13,espn-core,,,0,0,8,12,Columbia,MO
2021-10-09,mrsh,odu,20,13,-1429.0,807.0,-21.0,21.0,,,,,62.5,,13,espn-core,,,0,1,12,12,Huntington,WV
2021-10-09,navy,smu,24,31,400.0,-550.0,13.5,-13.5,,,,,56.5,,12,espn-core,,,0,1,151,151,Annapolis,MD
2021-10-09,ndsu,uni,34,20,-319.0,240.0,-9.5,9.5,,,,,35.5,,11,espn-core,,,0,1,21,21,Fargo,ND
2021-10-09,neb,mich,29,32,115.0,-135.0,2.5,-2.5,,,,,50.0,,13,espn-core,,,0,1,5,5,Lincoln,NE
2021-10-09,nev,nmsu,55,28,-10000.0,1850.0,-28.5,28.5,,,,,65.0,,13,espn-core,,,0,0,17,18,Reno,NV
2021-10-09,ohio,cmu,27,30,173.0,-210.0,5.0,-5.0,,,,,57.5,,13,espn-core,,,0,1,15,15,Athens,OH
2021-10-09,osu,md,66,17,-1921.0,960.5,-21.5,21.5,,,,,71.5,,13,espn-core,,,0,1,5,5,Columbus,OH
2021-10-09,rutg,msu,13,31,160.0,-192.0,4.0,-4.0,,,,,49.5,,8,espn-core,,,0,1,5,5,Piscataway,NJ
2021-10-09,sac,suu,41,20,-450.0,325.0,-11.0,11.0,,,,,51.5,,11,espn-core,,,0,1,20,20,Sacramento,CA
2021-10-09,sdsu,unm,31,7,-1100.0,700.0,-19.5,19.5,,,,,42.5,,13,espn-core,,,0,1,17,17,Carson,CA
2021-10-09,shsu,lam,41,7,,,-37.0,37.0,,,,,57.5,,11,espn-core,,,0,1,175,175,Huntsville,TX
2021-10-09,syr,wake,37,40,181.0,-227.0,6.0,-6.0,,,,,58.5,,12,espn-core,,,0,1,1,1,Syracuse,NY
2021-10-09,ta&m,ala,41,38,700.0,-1100.0,18.5,-18.5,,,,,51.0,,13,espn-core,,,0,1,8,8,College Station,TX
2021-10-09,tenn,sc,45,20,-430.0,325.0,-10.5,10.5,,,,,56.5,,13,espn-core,,,0,1,8,8,Knoxville,TN
2021-10-09,tex,ou,48,55,147.5,-175.0,4.0,-4.0,,,,,65.5,,13,espn-core,,,1,1,4,4,Dallas,TX
2021-10-09,tlsa,mem,35,29,-151.5,130.0,-3.0,3.0,,,,,60.5,,13,espn-core,,,0,1,151,151,Tulsa,OK
2021-10-09,tol,niu,20,22,-506.5,390.5,-13.0,13.0,,,,,51.5,,13,espn-core,,,0,1,15,15,Toledo,OH
2021-10-09,troy,gaso,27,24,-220.0,180.0,-5.5,5.5,,,,,50.5,,13,espn-core,,,0,1,37,37,Troy,AL
2021-10-09,ttu,tcu,31,52,110.0,-130.0,2.5,-2.5,,,,,60.5,,13,espn-core,,,0,1,4,4,Lubbock,TX
2021-10-09,txst,usa,33,31,155.0,-185.0,4.0,-4.0,,,,,52.5,,13,espn-core,,,0,1,37,37,San Marcos,TX
2021-10-09,uab,fau,31,14,-170.0,145.0,-3.5,3.5,,,,,49.0,,13,espn-core,,,0,1,12,12,Birmingham,AL
2021-10-09,ucf,ecu,20,16,-381.0,300.0,-10.0,10.0,,,,,65.0,,13,espn-core,,,0,1,151,151,Orlando,FL
2021-10-09,uk,lsu,42,21,-130.0,110.0,-2.0,2.0,,,,,50.5,,13,espn-core,,,0,1,8,8,Lexington,KY
2021-10-09,ulm,gast,21,55,500.0,-700.0,16.0,-16.0,,,,,49.5,,13,espn-core,,,0,1,37,37,Monroe,LA
2021-10-09,unc,fsu,25,35,-900.5,600.0,-17.5,17.5,,,,,64.5,,13,espn-core,,,0,1,1,1,Chapel Hill,NC
2021-10-09,uri,del,22,15,-164.0,137.0,-2.5,2.5,,,,,48.5,,11,espn-core,,,0,1,48,48,Kingston,RI
2021-10-09,usc,utah,26,42,-150.0,130.0,-3.0,3.0,,,,,52.5,,13,espn-core,,,0,1,9,9,Los Angeles,CA
2021-10-09,usm,utep,13,26,-105.0,-116.0,,,,,,,46.5,,13,espn-core,,,0,1,12,12,Hattiesburg,MS
2021-10-09,vt,nd,29,32,-118.5,-103.5,-1.0,1.0,,,,,47.0,,13,espn-core,,,0,0,1,18,Blacksburg,VA
2021-10-09,wku,utsa,46,52,-165.0,140.0,-3.5,3.5,,,,,71.0,,13,espn-core,,,0,1,12,12,Bowling Green,KY
2021-10-09,wmu,ball,20,45,-470.0,360.0,-12.5,12.5,,,,,57.5,,13,espn-core,,,0,1,15,15,Kalamazoo,MI
2021-10-09,wsu,orst,31,24,160.0,-190.0,4.0,-4.0,,,,,59.0,,13,espn-core,,,0,1,9,9,Pullman,WA
2021-10-09,ysu,most,41,33,235.0,-316.5,7.75,-7.75,,,,,61.0,,10,espn-core,,,0,1,21,21,Youngstown,OH
2021-10-12,ul,app,41,13,158.0,-187.0,4.0,-4.0,,,,,57.5,,13,espn-core,,,0,1,37,37,Lafayette,LA
2021-10-14,mem,navy,35,17,-422.5,322.5,-11.0,11.0,,,,,55.5,,13,espn-core,,,0,1,151,151,Memphis,TN
2021-10-14,usa,gaso,41,14,-140.0,120.0,-2.5,2.5,,,,,49.5,,13,espn-core,,,0,1,37,37,Mobile,AL
2021-10-15,ore,cal,24,17,-600.0,435.0,-13.5,13.5,,,,,53.5,,12,espn-core,,,0,1,9,9,Eugene,OR
2021-10-15,sjsu,sdsu,13,19,300.0,-380.0,9.5,-9.5,,,,,41.0,,13,espn-core,,,0,1,17,17,San Jose,CA
2021-10-15,syr,clem,14,17,425.0,-600.0,13.5,-13.5,,,,,44.0,,12,espn-core,,,0,1,1,1,Syracuse,NY
2021-10-15,unt,mrsh,21,49,327.5,-422.5,11.0,-11.0,,,,,66.0,,13,espn-core,,,0,1,12,12,Denton,TX
2021-10-16,ark,aub,23,38,-190.0,162.0,-4.5,4.5,,,,,54.0,,11,espn-core,,,0,1,8,8,Fayetteville,AR
2021-10-16,bay,byu,38,24,-221.0,180.0,-5.5,5.5,,,,,52.5,,13,espn-core,,,0,0,4,18,Waco,TX
2021-10-16,bc,ncsu,7,33,130.0,-155.0,3.0,-3.0,,,,,51.0,,13,espn-core,,,0,1,1,1,Chestnut Hill,MA
2021-10-16,bois,afa,17,24,-160.0,135.0,-3.0,3.0,,,,,52.0,,12,espn-core,,,0,1,17,17,Boise,ID
2021-10-16,buff,ohio,27,26,-326.0,260.0,-7.5,7.5,,,,,54.5,,12,espn-core,,,0,1,15,15,Buffalo,NY
2021-10-16,cin,ucf,56,21,-1698.0,900.0,-21.5,21.5,,,,,56.0,,12,espn-core,,,0,1,151,151,Cincinnati,OH
2021-10-16,cmu,tol,26,23,170.0,-200.0,5.0,-5.0,,,,,53.0,,13,espn-core,,,0,1,15,15,Mount Pleasant,MI
2021-10-16,colo,ariz,34,0,-245.5,200.0,-6.0,6.0,,,,,46.5,,13,espn-core,,,0,1,9,9,Boulder,CO
2021-10-16,conn,yale,21,15,140.0,-167.0,3.5,-3.5,,,,,46.5,,12,espn-core,,,0,0,18,22,East Hartford,CT
2021-10-16,emu,ball,31,38,100.0,-120.0,1.0,-1.0,,,,,55.0,,13,espn-core,,,0,1,15,15,Ypsilanti,MI
2021-10-16,ilst,ndsu,0,20,955.0,-1740.5,20.5,-20.5,,,,,44.0,,13,espn-core,,,0,1,21,21,Normal,IL
2021-10-16,iowa,pur,7,24,-480.5,360.0,-11.5,11.5,,,,,42.5,,13,espn-core,,,0,1,5,5,Iowa City,IA
2021-10-16,iu,msu,15,20,150.0,-175.0,3.5,-3.5,,,,,48.5,,13,espn-core,,,0,1,5,5,Bloomington,IN
2021-10-16,kenn,ncat,14,0,,,,,,,,,,,0,espn-core,,,0,1,40,40,Kennesaw,GA
2021-10-16,ksu,isu,20,33,207.5,-254.5,6.5,-6.5,,,,,51.0,,13,espn-core,,,0,1,4,4,Manhattan,KS
2021-10-16,ku,ttu,14,41,650.0,-1000.0,18.5,-18.5,,,,,68.5,,13,espn-core,,,0,1,4,4,Lawrence,KS
2021-10-16,lsu,fla,49,42,375.0,-500.0,12.5,-12.5,,,,,61.0,,12,espn-core,,,0,1,8,8,Baton Rouge,LA
2021-10-16,m-oh,akr,34,21,-1251.0,773.5,-20.0,20.0,,,,,51.0,,13,espn-core,,,0,1,15,15,Oxford,OH
2021-10-16,minn,neb,30,23,160.0,-190.0,4.5,-4.5,,,,,48.5,,12,espn-core,,,0,1,5,5,Minneapolis,MN
2021-10-16,miz,ta&m,14,35,340.0,-450.0,11.5,-11.5,,,,,59.5,,12,espn-core,,,0,1,8,8,Columbia,MO
2021-10-16,mont,sac,21,28,-700.0,500.0,-13.0,13.0,,,,,42.0,,9,espn-core,,,0,1,20,20,Missoula,MT
2021-10-16,most,inst,37,7,-787.0,525.0,-16.0,16.0,,,,,54.0,,11,espn-core,,,0,1,21,21,Springfield,MO
2021-10-16,msst,ala,9,49,636.5,-1000.0,17.5,-17.5,,,,,59.5,,13,espn-core,,,0,1,8,8,Starkville,MS
2021-10-16,nev,haw,34,17,-601.0,430.0,-14.0,14.0,,,,,61.5,,13,espn-core,,,0,1,17,17,Reno,NV
2021-10-16,niu,bgsu,34,26,-350.0,275.0,-9.0,9.0,,,,,45.0,,13,espn-core,,,0,1,15,15,Dekalb,IL
2021-10-16,nu,rutg,21,7,111.5,-134.0,2.5,-2.5,,,,,45.0,,8,espn-core,,,0,1,5,5,Evanston,IL
2021-10-16,odu,wku,20,43,400.0,-550.0,13.5,-13.5,,,,,67.0,,13,espn-core,,,0,1,12,12,Norfolk,VA
2021-10-16,ou,tcu,52,31,-550.0,400.0,-12.5,12.5,,,,,64.5,,13,espn-core,,,0,1,4,4,Norman,OK
2021-10-16,rich,jmu,3,19,478.0,-700.0,15.5,-15.5,,,,,47.5,,13,espn-core,,,0,1,48,48,Richmond,VA
2021-10-16,sc,van,21,20,-1125.0,700.0,-19.0,19.0,,,,,50.0,,13,espn-core,,,0,1,8,8,Columbia,SC
2021-10-16,stbk,del,34,17,173.0,-215.0,5.0,-5.0,,,,,38.5,,11,espn-core,,,0,1,48,48,Stony Brook,NY
2021-10-16,tenn,miss,26,31,-105.0,-115.0,1.0,-1.0,,,,,82.5,,13,espn-core,,,0,1,8,8,Knoxville,TN
2021-10-16,tex,okst,24,32,-170.0,145.0,-3.5,3.5,,,,,61.0,,12,espn-core,,,0,1,4,4,Austin,TX
2021-10-16,txst,troy,28,31,230.0,-282.5,7.5,-7.5,,,,,48.5,,13,espn-core,,,0,1,37,37,San Marcos,TX
2021-10-16,uga,uk,30,13,-2293.0,1100.0,-21.5,21.5,,,,,44.5,,12,espn-core,,,0,1,8,8,Athens,GA
2021-10-16,ulm,lib,31,28,3300.0,-10000.0,32.5,-32.5,,,,,56.5,,13,espn-core,,,0,0,37,18,Monroe,LA
2021-10-16,unc,mia,45,42,-300.0,240.0,-7.5,7.5,,,,,63.5,,13,espn-core,,,0,1,1,1,Chapel Hill,NC
2021-10-16,unlv,usu,24,28,230.0,-288.0,7.0,-7.0,,,,,64.0,,13,espn-core,,,0,1,17,17,Las Vegas,NV
2021-10-16,unm,csu,7,36,395.0,-516.0,13.0,-13.0,,,,,44.5,,13,espn-core,,,0,1,17,17,Albuquerque,NM
2021-10-16,usf,tlsa,31,32,240.0,-300.0,7.5,-7.5,,,,,55.5,,11,espn-core,,,0,1,151,151,Tampa,FL
2021-10-16,usm,uab,0,34,550.0,-800.0,17.0,-17.0,,,,,43.5,,13,espn-core,,,0,1,12,12,Hattiesburg,MS
2021-10-16,utah,asu,35,21,-120.0,100.0,-1.5,1.5,,,,,51.5,,13,espn-core,,,0,1,9,9,Salt Lake City,UT
2021-10-16,utep,lt,19,3,220.0,-276.0,6.5,-6.5,,,,,55.5,,12,espn-core,,,0,1,12,12,El Paso,TX
2021-10-16,utsa,rice,45,0,-905.0,600.0,-17.0,17.0,,,,,53.0,,13,espn-core,,,0,1,12,12,San Antonio,TX
2021-10-16,uva,duke,48,0,-420.0,325.0,-10.5,10.5,,,,,69.5,,12,espn-core,,,0,1,1,1,Charlottesville,VA
2021-10-16,vt,pitt,7,28,185.0,-227.0,6.5,-6.5,,,,,56.0,,13,espn-core,,,0,1,1,1,Blacksburg,VA
2021-10-16,wash,ucla,17,24,-125.0,105.0,-1.5,1.5,,,,,55.5,,13,espn-core,,,0,1,9,9,Seattle,WA
2021-10-16,wisc,army,20,14,-630.0,450.0,-14.0,14.0,,,,,37.5,,13,espn-core,,,0,0,5,18,Madison,WI
2021-10-16,wmu,kent,64,31,-265.0,214.5,-7.0,7.0,,,,,68.5,,13,espn-core,,,0,1,15,15,Kalamazoo,MI
2021-10-16,wsu,stan,34,31,-113.5,-105.5,,,,,,,53.0,,13,espn-core,,,0,1,9,9,Pullman,WA
2021-10-16,wyo,fres,0,17,135.0,-160.0,3.0,-3.0,,,,,53.5,,13,espn-core,,,0,1,17,17,Laramie,WY
2021-10-20,app,ccu,30,27,165.0,-196.0,4.5,-4.5,,,,,60.5,,13,espn-core,,,0,1,37,37,Boone,NC
2021-10-21,arst,ul,27,28,600.0,-900.5,18.0,-18.0,,,,,70.0,,13,espn-core,,,0,1,37,37,Jonesboro,AR
2021-10-21,clt,fau,9,38,203.0,-250.0,6.5,-6.5,,,,,58.0,,13,espn-core,,,0,1,12,12,Charlotte,NC
2021-10-21,smu,tuln,55,26,-596.0,425.0,-14.0,14.0,,,,,70.5,,13,espn-core,,,0,1,151,151,Dallas,TX
2021-10-21,unlv,sjsu,20,27,190.0,-230.0,6.0,-6.0,,,,,44.0,,13,espn-core,,,0,1,17,17,Las Vegas,NV
2021-10-22,ariz,wash,16,21,600.0,-900.0,17.0,-17.0,,,,,45.5,,13,espn-core,,,0,1,9,9,Tucson,AZ
2021-10-22,conn,mtsu,13,44,473.5,-663.5,14.0,-14.0,,,,,54.0,,13,espn-core,,,0,0,18,12,East Hartford,CT
2021-10-22,ucf,mem,24,7,-120.0,100.0,-1.5,1.5,,,,,63.0,,13,espn-core,,,0,1,151,151,Orlando,FL
2021-10-22,usu,csu,26,24,130.0,-150.0,3.0,-3.0,,,,,58.5,,13,espn-core,,,0,1,17,17,Logan,UT
2021-10-23,afa,sdsu,14,20,-160.0,140.0,-3.0,3.0,,,,,39.0,,13,espn-core,,,0,1,17,17,USAF Academy,CO
2021-10-23,akr,buff,10,45,387.5,-500.0,13.0,-13.0,,,,,58.0,,13,espn-core,,,0,1,15,15,Akron,OH
2021-10-23,ala,tenn,52,24,-4000.0,1500.0,-25.0,25.0,,,,,68.0,,13,espn-core,,,0,1,8,8,Tuscaloosa,AL
2021-10-23,ark,uapb,45,3,,,-50.5,50.5,,,,,59.5,,12,espn-core,,,0,0,8,31,Little Rock,AR
2021-10-23,army,wake,56,70,135.0,-160.0,3.0,-3.0,,,,,53.5,,13,espn-core,,,0,0,18,1,West Point,NY
2021-10-23,ball,m-oh,17,24,-175.0,148.0,-3.5,3.5,,,,,53.0,,13,espn-core,,,0,1,15,15,Muncie,IN
2021-10-23,bgsu,emu,24,55,160.0,-190.0,4.0,-4.0,,,,,50.0,,13,espn-core,,,0,1,15,15,Bowling Green,OH
2021-10-23,cal,colo,26,3,-350.0,280.0,-8.5,8.5,,,,,44.0,,13,espn-core,,,0,1,9,9,Berkeley,CA
2021-10-23,cam,kenn,7,30,,,,,,,,,,,0,espn-core,,,0,1,40,40,Buies Creek,NC
2021-10-23,cmu,niu,38,39,-225.0,182.5,-6.0,6.0,,,,,56.0,,13,espn-core,,,0,1,15,15,Mount Pleasant,MI
2021-10-23,del,jmu,10,22,600.0,-900.0,17.0,-17.0,,,,,46.5,,11,espn-core,,,0,1,48,48,Newark,DE
2021-10-23,fiu,wku,19,34,540.0,-790.0,16.5,-16.5,,,,,77.5,,13,espn-core,,,0,1,12,12,Miami,FL
2021-10-23,fres,nev,34,32,-170.0,145.0,-3.5,3.5,,,,,64.5,,13,espn-core,,,0,1,17,17,Fresno,CA
2021-10-23,fsu,mass,59,3,-10000.0,4000.0,-35.5,35.5,,,,,59.0,,13,espn-core,,,0,0,1,18,Tallahassee,FL
2021-10-23,gast,txst,28,16,-400.0,307.0,-10.5,10.5,,,,,58.5,,13,espn-core,,,0,1,37,37,Atlanta,GA
2021-10-23,haw,nmsu,48,34,-1100.0,660.0,-19.0,19.0,,,,,62.5,,13,espn-core,,,0,0,17,18,Honolulu,HI
2021-10-23,hou,ecu,31,24,-564.0,408.5,-13.5,13.5,,,,,56.5,,8,espn-core,,,0,1,151,151,Houston,TX
2021-10-23,isu,okst,24,21,-278.5,226.0,-7.0,7.0,,,,,47.0,,13,espn-core,,,0,1,4,4,Ames,IA
2021-10-23,iu,osu,7,54,818.0,-1461.0,21.0,-21.0,,,,,59.0,,13,espn-core,,,0,1,5,5,Bloomington,IN
2021-10-23,ku,ou,23,35,,,38.5,-38.5,,,,,66.5,,12,espn-core,,,0,1,4,4,Lawrence,KS
2021-10-23,lou,bc,28,14,-191.0,161.5,-4.0,4.0,,,,,57.5,,13,espn-core,,,0,1,1,1,Louisville,KY
2021-10-23,lt,utsa,16,45,180.0,-221.0,5.5,-5.5,,,,,59.5,,13,espn-core,,,0,1,12,12,Ruston,LA
2021-10-23,mia,ncsu,31,30,145.0,-171.0,3.5,-3.5,,,,,54.5,,13,espn-core,,,0,1,1,1,Miami Gardens,FL
2021-10-23,mich,nu,33,7,-2400.0,1100.0,-23.5,23.5,,,,,51.0,,13,espn-core,,,0,1,5,5,Ann Arbor,MI
2021-10-23,minn,md,34,16,-181.0,151.5,-4.0,4.0,,,,,53.0,,13,espn-core,,,0,1,5,5,Minneapolis,MN
2021-10-23,miss,lsu,31,17,-350.0,280.0,-9.0,9.0,,,,,77.0,,13,espn-core,,,0,1,8,8,Oxford,MS
2021-10-23,navy,cin,20,27,1700.0,-6000.0,28.5,-28.5,,,,,49.25,,12,espn-core,,,0,1,151,151,Annapolis,MD
2021-10-23,nd,usc,31,16,-286.0,232.5,-7.5,7.5,,,,,59.5,,13,espn-core,,,0,0,18,9,Notre Dame,IN
2021-10-23,ndsu,most,27,20,-550.0,400.0,-12.0,12.0,,,,,48.0,,11,espn-core,,,0,1,21,21,Fargo,ND
2021-10-23,ohio,kent,27,34,175.0,-210.0,5.0,-5.0,,,,,68.5,,13,espn-core,,,0,1,15,15,Athens,OH
2021-10-23,orst,utah,42,34,135.0,-160.0,3.0,-3.0,,,,,57.5,,13,espn-core,,,0,1,9,9,Corvallis,OR
2021-10-23,pitt,clem,27,17,-170.5,145.0,-3.5,3.5,,,,,47.0,,13,espn-core,,,0,1,1,1,Pittsburgh,PA
2021-10-23,psu,ill,18,20,-2800.0,1200.0,-24.5,24.5,,,,,45.5,,12,espn-core,,,0,1,5,5,University Park,PA
2021-10-23,pur,wisc,13,30,145.0,-170.0,3.5,-3.5,,,,,41.0,,13,espn-core,,,0,1,5,5,West Lafayette,IN
2021-10-23,sac,nau,44,0,-299.0,230.0,-7.5,7.5,,,,,54.5,,11,espn-core,,,0,1,20,20,Sacramento,CA
2021-10-23,shsu,jvst,42,7,-925.0,612.5,-17.5,17.5,,,,,55.0,,9,espn-core,,,0,1,175,175,Huntsville,TX
2021-10-23,ta&m,sc,44,14,-1404.0,800.0,-19.5,19.5,,,,,46.0,,13,espn-core,,,0,1,8,8,College Station,TX
2021-10-23,tcu,wvu,17,29,-200.0,166.5,-4.5,4.5,,,,,58.0,,13,espn-core,,,0,1,4,4,Fort Worth,TX
2021-10-23,tol,wmu,34,15,105.0,-125.0,1.5,-1.5,,,,,54.5,,13,espn-core,,,0,1,15,15,Toledo,OH
2021-10-23,ttu,ksu,24,25,-110.0,-110.5,,,,,,,60.5,,13,espn-core,,,0,1,4,4,Lubbock,TX
2021-10-23,uab,rice,24,30,-2450.0,1100.0,-24.0,24.0,,,,,44.5,,13,espn-core,,,0,1,12,12,Birmingham,AL
2021-10-23,ucla,ore,31,34,-114.5,-106.0,-1.0,1.0,,,,,61.5,,13,espn-core,,,0,1,9,9,Pasadena,CA
2021-10-23,ulm,usa,41,31,422.0,-583.0,13.5,-13.5,,,,,51.0,,13,espn-core,,,0,1,37,37,Monroe,LA
2021-10-23,unt,lib,26,35,900.0,-1600.0,21.0,-21.0,,,,,61.0,,13,espn-core,,,0,0,12,18,Denton,TX
2021-10-23,usf,tem,34,14,-120.0,100.0,-1.5,1.5,,,,,55.0,,13,espn-core,,,0,1,151,151,Tampa,FL
2021-10-23,uva,gt,48,40,-250.0,200.0,-6.5,6.5,,,,,65.5,,13,espn-core,,,0,1,1,1,Charlottesville,VA
2021-10-23,van,msst,6,45,870.0,-1600.0,20.5,-20.5,,,,,53.0,,13,espn-core,,,0,1,8,8,Nashville,TN
2021-10-23,vt,syr,36,41,-170.0,145.0,-3.5,3.5,,,,,45.5,,13,espn-core,,,0,1,1,1,Blacksburg,VA
2021-10-23,wsu,byu,19,21,150.0,-175.0,3.5,-3.5,,,,,56.5,,13,espn-core,,,0,0,9,18,Pullman,WA
2021-10-23,wyo,unm,3,14,-1293.0,757.0,-20.0,20.0,,,,,40.5,,13,espn-core,,,0,1,17,17,Laramie,WY
2021-10-28,ccu,troy,35,28,-925.5,607.0,-17.0,17.0,,,,,50.0,,13,espn-core,,,0,1,37,37,Conway,SC
2021-10-28,ecu,usf,29,14,-374.0,297.5,-9.5,9.5,,,,,56.0,,13,espn-core,,,0,1,151,151,Greenville,NC
2021-10-29,nev,unlv,51,20,-1135.0,700.0,-19.0,19.0,,,,,58.5,,13,espn-core,,,0,1,17,17,Reno,NV
2021-10-29,tlsa,navy,17,20,-450.0,350.0,-11.0,11.0,,,,,46.0,,13,espn-core,,,0,1,151,151,Tulsa,OK
2021-10-30,app,ulm,59,28,-4418.0,1400.0,-27.0,27.0,,,,,57.5,,13,espn-core,,,0,1,37,37,Boone,NC
2021-10-30,asu,wsu,21,34,-769.0,525.5,-16.5,16.5,,,,,54.5,,13,espn-core,,,0,1,9,9,Tempe,AZ
2021-10-30,aub,miss,31,20,-152.0,130.0,-3.0,3.0,,,,,67.5,,13,espn-core,,,0,1,8,8,Auburn,AL
2021-10-30,bay,tex,31,24,-130.0,110.0,-2.5,2.5,,,,,61.5,,12,espn-core,,,0,1,4,4,Waco,TX
2021-10-30,buff,bgsu,44,56,-600.0,425.0,-13.5,13.5,,,,,51.5,,13,espn-core,,,0,1,15,15,Buffalo,NY
2021-10-30,byu,uva,66,49,-133.0,110.0,-2.5,2.5,,,,,66.5,,13,espn-core,,,0,0,18,1,Provo,UT
2021-10-30,cal,orst,39,25,110.0,-130.0,2.0,-2.0,,,,,56.5,,13,espn-core,,,0,1,9,9,Berkeley,CA
2021-10-30,clem,fsu,30,20,-391.0,300.0,-9.5,9.5,,,,,47.5,,13,espn-core,,,0,1,1,1,Clemson,SC
2021-10-30,csu,bois,19,28,105.0,-125.0,2.0,-2.0,,,,,51.5,,12,espn-core,,,0,1,17,17,Fort Collins,CO
2021-10-30,del,dxst,17,10,,,,,,,,,,,0,espn-core,,,0,0,48,175,Newark,DE
2021-10-30,fau,utep,28,25,-450.0,350.0,-11.0,11.0,,,,,49.0,,13,espn-core,,,0,1,12,12,Boca Raton,FL
2021-10-30,fla,uga,7,34,450.0,-650.0,14.0,-14.0,,,,,50.5,,13,espn-core,,,1,1,8,8,Jacksonville,FL
2021-10-30,gaso,gast,14,21,190.0,-233.0,6.0,-6.0,,,,,55.0,,13,espn-core,,,0,1,37,37,Statesboro,GA
2021-10-30,gt,vt,17,26,-166.0,140.0,-3.5,3.5,,,,,55.0,,13,espn-core,,,0,1,1,1,Atlanta,GA
2021-10-30,hou,smu,44,37,-106.5,-113.5,,,,,,,61.5,,13,espn-core,,,0,1,151,151,Houston,TX
2021-10-30,ill,rutg,14,20,105.0,-125.0,,,,,,,41.5,,8,espn-core,,,0,1,5,5,Champaign,IL
2021-10-30,jmu,elon,45,21,-2000.0,1000.0,-21.5,21.5,,,,,45.5,,10,espn-core,,,0,1,48,48,Harrisonburg,VA
2021-10-30,jvst,cark,14,38,-120.0,100.0,-1.0,1.0,,,,,66.0,,10,espn-core,,,0,1,175,175,Jacksonville,AL
2021-10-30,kenn,gweb,34,30,,,,,,,,,,,0,espn-core,,,0,1,40,40,Kennesaw,GA
2021-10-30,ksu,tcu,31,12,-175.0,145.0,-3.5,3.5,,,,,58.5,,13,espn-core,,,0,1,4,4,Manhattan,KS
2021-10-30,lib,mass,62,17,,,-35.5,35.5,,,,,56.0,,11,espn-core,,,0,0,18,18,Lynchburg,VA
2021-10-30,md,iu,38,35,-180.0,155.0,-3.5,3.5,,,,,48.0,,12,espn-core,,,0,1,5,5,College Park,MD
2021-10-30,most,und,32,28,-165.0,140.0,-3.0,3.0,,,,,50.0,,11,espn-core,,,0,1,21,21,Springfield,MO
2021-10-30,mrsh,fiu,38,0,-1613.0,900.0,-21.5,21.5,,,,,64.0,,13,espn-core,,,0,1,12,12,Huntington,WV
2021-10-30,msst,uk,31,17,-115.0,-105.0,-1.0,1.0,,,,,47.0,,13,espn-core,,,0,1,8,8,Starkville,MS
2021-10-30,msu,mich,37,33,170.0,-200.0,4.0,-4.0,,,,,50.5,,12,espn-core,,,0,1,5,5,East Lansing,MI
2021-10-30,mtsu,usm,35,10,-541.5,388.5,-12.5,12.5,,,,,47.5,,13,espn-core,,,0,1,12,12,Murfreesboro,TN
2021-10-30,ncsu,lou,28,13,-230.0,185.0,-6.0,6.0,,,,,57.0,,13,espn-core,,,0,1,1,1,Raleigh,NC
2021-10-30,nd,unc,44,34,-180.0,150.0,-3.5,3.5,,,,,62.5,,13,espn-core,,,0,0,18,1,Notre Dame,IN
2021-10-30,ndsu,inst,44,2,-8444.5,1675.0,-26.5,26.5,,,,,39.5,,11,espn-core,,,0,1,21,21,Fargo,ND
2021-10-30,neb,pur,23,28,-300.0,240.0,-7.5,7.5,,,,,54.0,,13,espn-core,,,0,1,5,5,Lincoln,NE
2021-10-30,nu,minn,14,41,232.5,-288.0,7.5,-7.5,,,,,43.5,,13,espn-core,,,0,1,5,5,Evanston,IL
2021-10-30,odu,lt,23,20,155.0,-182.0,4.0,-4.0,,,,,52.5,,13,espn-core,,,0,1,12,12,Norfolk,VA
2021-10-30,okst,ku,55,3,-10000.0,2500.0,-29.0,29.0,,,,,54.5,,12,espn-core,,,0,1,4,4,Stillwater,OK
2021-10-30,ore,colo,52,29,-4000.0,1500.0,-24.5,24.5,,,,,49.5,,13,espn-core,,,0,1,9,9,Eugene,OR
2021-10-30,osu,psu,33,24,-1100.0,686.5,-18.5,18.5,,,,,60.5,,13,espn-core,,,0,1,5,5,Columbus,OH
2021-10-30,ou,ttu,52,21,-1100.0,700.0,-19.0,19.0,,,,,67.0,,13,espn-core,,,0,1,4,4,Norman,OK
2021-10-30,pitt,mia,34,38,-380.0,295.0,-9.5,9.5,,,,,61.0,,12,espn-core,,,0,1,1,1,Pittsburgh,PA
2021-10-30,rice,unt,24,30,-120.0,100.0,-1.5,1.5,,,,,55.0,,12,espn-core,,,0,1,12,12,Houston,TX
2021-10-30,sdsu,fres,20,30,110.0,-130.0,2.25,-2.25,,,,,44.0,,13,espn-core,,,0,1,17,17,Carson,CA
2021-10-30,sjsu,wyo,27,21,-145.5,125.0,-3.0,3.0,,,,,40.5,,13,espn-core,,,0,1,17,17,San Jose,CA
2021-10-30,stan,wash,13,20,-140.0,119.5,-2.5,2.5,,,,,46.0,,13,espn-core,,,0,1,9,9,Stanford,CA
2021-10-30,syr,bc,21,6,-252.5,202.0,-6.5,6.5,,,,,51.5,,13,espn-core,,,0,1,1,1,Syracuse,NY
2021-10-30,tar,shsu,27,45,1200.0,-3000.0,24.0,-24.0,,,,,50.5,,10,espn-core,,,0,0,175,175,Stephenville,TX
2021-10-30,tem,ucf,7,49,350.0,-450.0,11.5,-11.5,,,,,52.0,,12,espn-core,,,0,1,151,151,Philadelphia,PA
2021-10-30,tuln,cin,12,31,1500.0,-4500.0,28.0,-28.0,,,,,61.5,,12,espn-core,,,0,1,151,151,New Orleans,LA
2021-10-30,ul,txst,45,0,-1600.0,850.0,-21.0,21.0,,,,,58.0,,13,espn-core,,,0,1,37,37,Lafayette,LA
2021-10-30,unco,sac,24,27,850.0,-1613.0,18.5,-18.5,,,,,43.0,,9,espn-core,,,0,1,20,20,Greeley,CO
2021-10-30,usa,arst,31,13,-360.0,285.0,-9.0,9.0,,,,,66.0,,13,espn-core,,,0,1,37,37,Mobile,AL
2021-10-30,usc,ariz,41,34,-1628.0,900.0,-21.5,21.5,,,,,55.5,,13,espn-core,,,0,1,9,9,Los Angeles,CA
2021-10-30,usu,haw,51,31,-185.0,155.0,-4.0,4.0,,,,,66.0,,13,espn-core,,,0,1,17,17,Logan,UT
2021-10-30,utah,ucla,44,24,-230.0,194.0,-6.0,6.0,,,,,60.5,,13,espn-core,,,0,1,9,9,Salt Lake City,UT
2021-10-30,van,miz,28,37,550.0,-800.0,16.0,-16.0,,,,,62.5,,13,espn-core,,,0,1,8,8,Nashville,TN
2021-10-30,wake,duke,45,7,-742.0,522.5,-16.5,16.5,,,,,71.5,,13,espn-core,,,0,1,1,1,Winston-Salem,NC
2021-10-30,wisc,iowa,27,7,-155.0,133.0,-3.0,3.0,,,,,36.0,,13,espn-core,,,0,1,5,5,Madison,WI
2021-10-30,wku,clt,45,13,-1100.0,700.0,-19.5,19.5,,,,,72.0,,13,espn-core,,,0,1,12,12,Bowling Green,KY
2021-10-30,wvu,isu,38,31,250.0,-315.0,7.5,-7.5,,,,,49.0,,12,espn-core,,,0,1,4,4,Morgantown,WV
2021-11-02,akr,ball,25,31,700.0,-1200.0,20.0,-20.0,,,,,58.0,,12,espn-core,,,0,1,15,15,Akron,OH
2021-11-02,ohio,m-oh,35,33,223.0,-275.0,7.0,-7.0,,,,,54.5,,13,espn-core,,,0,1,15,15,Athens,OH
2021-11-02,tol,emu,49,52,-375.0,286.0,-9.5,9.5,,,,,54.25,,10,espn-core,,,0,1,15,15,Toledo,OH
2021-11-03,kent,niu,52,47,-165.0,145.0,-3.5,3.5,,,,,72.0,,12,espn-core,,,0,1,15,15,Kent,OH
2021-11-03,wmu,cmu,30,42,-350.0,280.0,-9.0,9.0,,,,,64.5,,12,espn-core,,,0,1,15,15,Kalamazoo,MI
2021-11-04,ul,gast,21,17,-550.0,400.0,-13.5,13.5,,,,,53.5,,13,espn-core,,,0,1,37,37,Lafayette,LA
2021-11-05,bc,vt,17,3,-106.0,-114.5,1.0,-1.0,,,,,50.5,,11,espn-core,,,0,1,1,1,Chestnut Hill,MA
2021-11-05,stan,utah,7,52,310.0,-410.0,11.0,-11.0,,,,,51.5,,12,espn-core,,,0,1,9,9,Stanford,CA
2021-11-06,afa,army,14,21,-140.0,118.0,-2.5,2.5,,,,,37.5,,12,espn-core,,,1,0,17,18,Arlington,TX
2021-11-06,ala,lsu,20,14,-6600.0,2000.0,-29.0,29.0,,,,,67.0,,11,espn-core,,,0,1,8,8,Tuscaloosa,AL
2021-11-06,ariz,cal,10,3,225.0,-276.5,7.0,-7.0,,,,,47.0,,12,espn-core,,,0,1,9,9,Tucson,AZ
2021-11-06,ark,msst,31,28,-190.0,158.0,-4.0,4.0,,,,,53.75,,12,espn-core,,,0,1,8,8,Fayetteville,AR
2021-11-06,arst,app,14,48,893.0,-1600.0,21.5,-21.5,,,,,68.0,,12,espn-core,,,0,1,37,37,Jonesboro,AR
2021-11-06,asu,usc,31,16,-353.0,280.0,-9.5,9.5,,,,,62.0,,13,espn-core,,,0,1,9,9,Tempe,AZ
2021-11-06,byu,idst,59,14,,,-36.5,36.5,,,,,55.0,,12,espn-core,,,0,0,18,20,Provo,UT
2021-11-06,cin,tlsa,28,20,-2050.0,1073.0,-22.5,22.5,,,,,56.0,,11,espn-core,,,0,1,151,151,Cincinnati,OH
2021-11-06,clt,rice,31,24,-250.0,201.5,-6.5,6.5,,,,,52.5,,12,espn-core,,,0,1,12,12,Charlotte,NC
2021-11-06,colo,orst,37,34,350.0,-457.5,11.5,-11.5,,,,,55.5,,13,espn-core,,,0,1,9,9,Boulder,CO
2021-11-06,del,w&m,24,3,150.0,-180.0,3.5,-3.5,,,,,42.0,,10,espn-core,,,0,1,48,48,Newark,DE
2021-11-06,duke,pitt,29,54,850.0,-1590.5,21.0,-21.0,,,,,64.5,,12,espn-core,,,0,1,1,1,Durham,NC
2021-11-06,ecu,tem,45,3,-700.0,500.0,-15.5,15.5,,,,,52.5,,12,espn-core,,,0,1,151,151,Greenville,NC
2021-11-06,fau,mrsh,13,28,100.0,-120.0,1.5,-1.5,,,,,57.5,,13,espn-core,,,0,1,12,12,Boca Raton,FL
2021-11-06,fiu,odu,24,47,125.0,-149.0,3.0,-3.0,,,,,50.0,,13,espn-core,,,0,1,12,12,Miami,FL
2021-11-06,fres,bois,14,40,-190.0,160.0,-4.5,4.5,,,,,61.0,,13,espn-core,,,0,1,17,17,Fresno,CA
2021-11-06,fsu,ncsu,14,28,125.0,-150.0,3.0,-3.0,,,,,55.0,,12,espn-core,,,0,1,1,1,Tallahassee,FL
2021-11-06,gaso,ccu,8,28,525.0,-750.0,16.0,-16.0,,,,,56.5,,13,espn-core,,,0,1,37,37,Statesboro,GA
2021-11-06,haw,sdsu,10,17,230.0,-291.5,7.0,-7.0,,,,,45.5,,13,espn-core,,,0,1,17,17,Honolulu,HI
2021-11-06,isu,tex,30,7,-235.0,190.0,-6.0,6.0,,,,,59.5,,12,espn-core,,,0,1,4,4,Ames,IA
2021-11-06,jmu,cam,51,14,-4722.0,1487.5,-27.0,27.0,,,,,53.0,,10,espn-core,,,0,0,48,40,Harrisonburg,VA
2021-11-06,jvst,acu,40,25,-317.5,252.5,-8.5,8.5,,,,,48.5,,9,espn-core,,,0,1,175,175,Jacksonville,AL
2021-11-06,ku,ksu,10,35,1116.5,-2500.0,24.0,-24.0,,,,,55.5,,12,espn-core,,,0,1,4,4,Lawrence,KS
2021-11-06,lou,clem,24,30,150.0,-177.0,3.5,-3.5,,,,,46.5,,13,espn-core,,,0,1,1,1,Louisville,KY
2021-11-06,mass,uri,22,35,-130.0,110.0,-2.5,2.5,,,,,55.5,,12,espn-core,,,0,0,18,48,Amherst,MA
2021-11-06,md,psu,14,31,300.0,-400.0,10.0,-10.0,,,,,56.5,,12,espn-core,,,0,1,5,5,College Park,MD
2021-11-06,mem,smu,28,25,140.0,-165.0,3.5,-3.5,,,,,72.0,,12,espn-core,,,0,1,151,151,Memphis,TN
2021-11-06,mia,gt,33,30,-400.0,300.0,-10.0,10.0,,,,,63.0,,12,espn-core,,,0,1,1,1,Miami Gardens,FL
2021-11-06,mich,iu,29,7,-1516.0,850.0,-20.5,20.5,,,,,51.0,,13,espn-core,,,0,1,5,5,Ann Arbor,MI
2021-11-06,minn,ill,6,14,-700.0,490.0,-14.5,14.5,,,,,44.0,,12,espn-core,,,0,1,5,5,Minneapolis,MN
2021-11-06,miss,lib,27,14,-335.0,264.0,-7.75,7.75,,,,,67.0,,12,espn-core,,,0,0,8,18,Oxford,MS
2021-11-06,nd,navy,34,6,-1511.0,870.0,-21.0,21.0,,,,,47.5,,12,espn-core,,,0,0,18,151,Notre Dame,IN
2021-11-06,neb,osu,17,26,460.0,-650.0,14.0,-14.0,,,,,67.5,,12,espn-core,,,0,1,5,5,Lincoln,NE
2021-11-06,nev,sjsu,27,24,-450.0,340.0,-11.5,11.5,,,,,55.5,,13,espn-core,,,0,1,17,17,Reno,NV
2021-11-06,nmsu,usu,13,35,650.0,-1000.0,18.5,-18.5,,,,,72.0,,12,espn-core,,,0,0,18,17,Las Cruces,NM
2021-11-06,nu,iowa,12,17,361.0,-481.5,12.0,-12.0,,,,,40.5,,13,espn-core,,,0,1,5,5,Evanston,IL
2021-11-06,pur,msu,40,29,115.0,-140.0,2.5,-2.5,,,,,53.5,,12,espn-core,,,0,1,5,5,West Lafayette,IN
2021-11-06,rmu,kenn,21,45,,,,,,,,,,,0,espn-core,,,0,1,40,40,Moon Township,PA
2021-11-06,rutg,wisc,3,52,425.0,-551.0,13.0,-13.0,,,,,37.5,,7,espn-core,,,0,1,5,5,Piscataway,NJ
2021-11-06,sac,cp,41,9,-5141.5,1425.0,-25.5,25.5,,,,,54.5,,11,espn-core,,,0,1,20,20,Sacramento,CA
2021-11-06,sc,fla,40,17,800.0,-1400.0,20.5,-20.5,,,,,52.0,,13,espn-core,,,0,1,8,8,Columbia,SC
2021-11-06,sdst,ndsu,27,19,-147.0,123.0,-2.5,2.5,,,,,45.5,,12,espn-core,,,0,1,21,21,Brookings,SD
2021-11-06,shsu,dxst,59,10,,,,,,,,,,,0,espn-core,,,0,0,175,175,Huntsville,TX
2021-11-06,siu,most,28,38,-225.0,177.5,-6.0,6.0,,,,,64.0,,10,espn-core,,,0,1,21,21,Carbondale,IL
2021-11-06,ta&m,aub,20,3,-195.0,163.0,-4.5,4.5,,,,,49.5,,12,espn-core,,,0,1,8,8,College Station,TX
2021-11-06,tcu,bay,30,28,240.0,-300.0,7.5,-7.5,,,,,57.0,,12,espn-core,,,0,1,4,4,Fort Worth,TX
2021-11-06,troy,usa,31,24,-180.0,150.0,-3.5,3.5,,,,,47.5,,12,espn-core,,,0,1,37,37,Troy,AL
2021-11-06,txst,ulm,27,19,-160.0,135.0,-3.0,3.0,,,,,57.5,,12,espn-core,,,0,1,37,37,San Marcos,TX
2021-11-06,uab,lt,52,38,-564.0,410.0,-13.5,13.5,,,,,49.25,,12,espn-core,,,0,1,12,12,Birmingham,AL
2021-11-06,ucf,tuln,14,10,-550.0,415.0,-13.5,13.5,,,,,57.0,,12,espn-core,,,0,1,151,151,Orlando,FL
2021-11-06,uga,miz,43,6,-10000.0,-10000.0,-40.0,40.0,,,,,59.0,,12,espn-core,,,0,1,8,8,Athens,GA
2021-11-06,uk,tenn,42,45,-105.0,-115.0,,,,,,,57.5,,13,espn-core,,,0,1,8,8,Lexington,KY
2021-11-06,unc,wake,58,55,-140.0,120.0,-2.5,2.5,,,,,78.0,,12,espn-core,,,0,0,1,1,Chapel Hill,NC
2021-11-06,unm,unlv,17,31,-123.5,103.0,-1.5,1.5,,,,,45.0,,13,espn-core,,,0,1,17,17,Albuquerque,NM
2021-11-06,usf,hou,42,54,425.0,-563.5,13.5,-13.5,,,,,53.0,,13,espn-core,,,0,1,151,151,Tampa,FL
2021-11-06,usm,unt,14,38,180.0,-220.0,5.5,-5.5,,,,,49.0,,12,espn-core,,,0,1,12,12,Hattiesburg,MS
2021-11-06,utep,utsa,23,44,363.0,-498.0,11.5,-11.5,,,,,53.0,,13,espn-core,,,0,1,12,12,El Paso,TX
2021-11-06,wash,ore,16,26,217.0,-275.0,7.0,-7.0,,,,,48.0,,12,espn-core,,,0,1,9,9,Seattle,WA
2021-11-06,wku,mtsu,48,21,-875.0,600.0,-17.5,17.5,,,,,66.5,,12,espn-core,,,0,1,12,12,Bowling Green,KY
2021-11-06,wvu,okst,3,24,145.0,-167.0,3.5,-3.5,,,,,49.0,,12,espn-core,,,0,1,4,4,Morgantown,WV
2021-11-06,wyo,csu,31,17,135.0,-160.0,3.0,-3.0,,,,,41.5,,12,espn-core,,,0,1,17,17,Laramie,WY
2021-11-09,emu,ohio,26,34,-232.5,190.0,-6.0,6.0,,,,,61.5,,13,espn-core,,,0,1,15,15,Ypsilanti,MI
2021-11-09,m-oh,buff,45,18,-280.0,225.0,-7.0,7.0,,,,,58.0,,13,espn-core,,,0,1,15,15,Oxford,OH
2021-11-09,wmu,akr,45,40,-3335.0,1300.0,-24.5,24.5,,,,,62.0,,12,espn-core,,,0,1,15,15,Kalamazoo,MI
2021-11-10,bgsu,tol,17,49,320.0,-420.0,10.5,-10.5,,,,,50.0,,13,espn-core,,,0,1,15,15,Bowling Green,OH
2021-11-10,cmu,kent,54,30,-135.0,115.0,-2.5,2.5,,,,,76.5,,13,espn-core,,,0,1,15,15,Mount Pleasant,MI
2021-11-10,niu,ball,30,29,120.0,-140.0,3.0,-3.0,,,,,59.75,,12,espn-core,,,0,1,15,15,Dekalb,IL
2021-11-11,pitt,unc,30,23,-240.0,195.0,-6.5,6.5,,,,,72.0,,13,espn-core,,,0,1,1,1,Pittsburgh,PA
2021-11-12,bois,wyo,23,13,-600.0,435.0,-13.5,13.5,,,,,48.5,,14,espn-core,,,0,1,17,17,Boise,ID
2021-11-12,usf,cin,28,45,1100.0,-2362.0,23.5,-23.5,,,,,58.5,,13,espn-core,,,0,1,151,151,Tampa,FL
2021-11-13,ala,nmsu,59,3,-8333.5,2350.0,-50.5,50.5,,,,,67.0,,13,espn-core,,,0,0,8,18,Tuscaloosa,AL
2021-11-13,app,usa,31,7,-1800.0,964.0,-21.5,21.5,,,,,52.0,,13,espn-core,,,0,1,37,37,Boone,NC
2021-11-13,ariz,utah,29,38,1200.0,-2500.0,24.0,-24.0,,,,,54.5,,13,espn-core,,,0,1,9,9,Tucson,AZ
2021-11-13,army,buck,63,10,,,-51.5,51.5,,,,,58.5,,12,espn-core,,,0,0,18,27,West Point,NY
2021-11-13,aub,msst,34,43,-209.0,175.0,-5.5,5.5,,,,,51.0,,13,espn-core,,,0,1,8,8,Auburn,AL
2021-11-13,bay,ou,27,14,150.0,-177.5,4.0,-4.0,,,,,63.0,,13,espn-core,,,0,1,4,4,Waco,TX
2021-11-13,ccu,gast,40,42,-550.0,400.0,-12.5,12.5,,,,,53.5,,13,espn-core,,,0,1,37,37,Conway,SC
2021-11-13,clem,conn,44,7,100.0,8000.0,-40.5,40.5,,,,,50.5,,13,espn-core,,,0,0,1,18,Clemson,SC
2021-11-13,csu,afa,21,35,129.5,-151.0,3.0,-3.0,,,,,45.0,,13,espn-core,,,0,1,17,17,Fort Collins,CO
2021-11-13,fla,sam,70,52,-6667.0,2500.0,-36.25,36.25,,,,,68.5,,12,espn-core,,,0,0,8,29,Gainesville,FL
2021-11-13,fres,unm,34,7,-2800.0,1200.0,-24.0,24.0,,,,,51.0,,13,espn-core,,,0,1,17,17,Fresno,CA
2021-11-13,fsu,mia,31,28,115.0,-135.0,2.5,-2.5,,,,,61.5,,13,espn-core,,,0,1,1,1,Tallahassee,FL
2021-11-13,gt,bc,30,41,105.0,-125.0,,,,,,,55.0,,13,espn-core,,,0,1,1,1,Atlanta,GA
2021-11-13,iowa,minn,27,22,-180.0,155.0,-4.0,4.0,,,,,37.0,,13,espn-core,,,0,1,5,5,Iowa City,IA
2021-11-13,iu,rutg,3,38,-250.0,205.0,-6.5,6.5,,,,,42.5,,8,espn-core,,,0,1,5,5,Bloomington,IN
2021-11-13,ksu,wvu,34,17,-227.5,185.0,-6.0,6.0,,,,,47.0,,13,espn-core,,,0,1,4,4,Manhattan,KS
2021-11-13,lam,jvst,7,38,640.0,-975.0,17.5,-17.5,,,,,52.5,,10,espn-core,,,0,1,175,175,Beaumont,TX
2021-11-13,lou,syr,41,3,-161.5,137.5,-3.0,3.0,,,,,55.5,,13,espn-core,,,0,1,1,1,Louisville,KY
2021-11-13,lsu,ark,13,16,125.0,-145.0,3.0,-3.0,,,,,59.5,,13,espn-core,,,0,1,8,8,Baton Rouge,LA
2021-11-13,lt,clt,42,32,-263.0,210.5,-7.0,7.0,,,,,58.0,,13,espn-core,,,0,1,12,12,Ruston,LA
2021-11-13,mass,me,10,35,175.0,-210.0,5.0,-5.0,,,,,58.5,,12,espn-core,,,0,0,18,48,Amherst,MA
2021-11-13,mem,ecu,29,30,-176.5,150.0,-4.0,4.0,,,,,58.5,,13,espn-core,,,0,1,151,151,Memphis,TN
2021-11-13,miss,ta&m,29,19,105.0,-125.0,1.5,-1.5,,,,,57.5,,13,espn-core,,,0,1,8,8,Oxford,MS
2021-11-13,miz,sc,31,28,-103.0,-117.0,,,,,,,56.5,,13,espn-core,,,0,1,8,8,Columbia,MO
2021-11-13,most,uni,34,27,-140.5,120.0,-2.5,2.5,,,,,49.0,,12,espn-core,,,0,1,21,21,Springfield,MO
2021-11-13,mrsh,uab,14,21,-196.0,170.0,-4.5,4.5,,,,,55.5,,12,espn-core,,,0,1,12,12,Huntington,WV
2021-11-13,msu,md,40,21,-500.0,373.0,-11.5,11.5,,,,,60.5,,13,espn-core,,,0,1,5,5,East Lansing,MI
2021-11-13,mtsu,fiu,50,10,-419.5,320.0,-10.5,10.5,,,,,55.0,,13,espn-core,,,0,1,12,12,Murfreesboro,TN
2021-11-13,odu,fau,30,16,196.5,-250.0,6.5,-6.5,,,,,48.0,,13,espn-core,,,0,1,12,12,Norfolk,VA
2021-11-13,okst,tcu,63,17,-450.0,350.0,-11.0,11.0,,,,,54.0,,13,espn-core,,,0,1,4,4,Stillwater,OK
2021-11-13,ore,wsu,38,24,-581.5,420.0,-13.5,13.5,,,,,58.0,,13,espn-core,,,0,1,9,9,Eugene,OR
2021-11-13,orst,stan,35,14,-500.0,366.0,-12.5,12.5,,,,,56.0,,13,espn-core,,,0,1,9,9,Corvallis,OR
2021-11-13,osu,pur,59,31,-1227.5,726.5,-19.0,19.0,,,,,65.0,,13,espn-core,,,0,1,5,5,Columbus,OH
2021-11-13,psu,mich,17,21,115.0,-135.0,2.5,-2.5,,,,,48.0,,13,espn-core,,,0,1,5,5,University Park,PA
2021-11-13,rice,wku,21,42,650.0,-1000.0,19.0,-19.0,,,,,61.5,,13,espn-core,,,0,1,12,12,Houston,TX
2021-11-13,rich,del,51,27,-222.0,180.0,-6.0,6.0,,,,,35.5,,12,espn-core,,,0,1,48,48,Richmond,VA
2021-11-13,sac,prst,49,20,-360.0,275.0,-9.5,9.5,,,,,53.0,,11,espn-core,,,0,1,20,20,Sacramento,CA
2021-11-13,sdsu,nev,23,21,-140.5,118.5,-2.5,2.5,,,,,45.0,,13,espn-core,,,0,1,17,17,Carson,CA
2021-11-13,shsu,eku,42,28,-1429.5,800.0,-20.5,20.5,,,,,54.5,,13,espn-core,,,0,1,175,175,Huntsville,TX
2021-11-13,sjsu,usu,17,48,-190.0,155.0,-4.5,4.5,,,,,58.0,,11,espn-core,,,0,1,17,17,San Jose,CA
2021-11-13,smu,ucf,55,28,-280.0,230.5,-7.0,7.0,,,,,61.5,,13,espn-core,,,0,1,151,151,Dallas,TX
2021-11-13,tem,hou,8,37,1275.0,-3193.0,25.0,-25.0,,,,,52.5,,13,espn-core,,,0,1,151,151,Philadelphia,PA
2021-11-13,tenn,uga,17,41,782.5,-1275.0,19.5,-19.5,,,,,55.5,,13,espn-core,,,0,1,8,8,Knoxville,TN
2021-11-13,tex,ku,56,57,-8176.5,2000.0,-31.0,31.0,,,,,61.5,,13,espn-core,,,0,1,4,4,Austin,TX
2021-11-13,troy,ul,21,35,200.0,-250.0,6.5,-6.5,,,,,48.0,,13,espn-core,,,0,1,37,37,Troy,AL
2021-11-13,ttu,isu,41,38,360.0,-475.0,12.5,-12.5,,,,,55.5,,13,espn-core,,,0,1,4,4,Lubbock,TX
2021-11-13,tuln,tlsa,13,20,125.0,-150.0,3.0,-3.0,,,,,55.5,,13,espn-core,,,0,1,151,151,New Orleans,LA
2021-11-13,txst,gaso,30,38,-125.5,105.0,-2.0,2.0,,,,,52.0,,13,espn-core,,,0,1,37,37,San Marcos,TX
2021-11-13,ucla,colo,44,20,-900.0,600.0,-18.0,18.0,,,,,57.0,,13,espn-core,,,0,1,9,9,Pasadena,CA
2021-11-13,ulm,arst,24,27,-150.0,130.0,-3.0,3.0,,,,,66.5,,14,espn-core,,,0,1,37,37,Monroe,LA
2021-11-13,una,kenn,24,28,,,,,,,,,,,0,espn-core,,,0,1,40,40,Florence,AL
2021-11-13,unlv,haw,27,13,142.5,-165.0,3.5,-3.5,,,,,55.5,,13,espn-core,,,0,1,17,17,Las Vegas,NV
2021-11-13,unt,utep,20,17,-115.0,-105.0,,,,,,,55.0,,13,espn-core,,,0,1,12,12,Denton,TX
2021-11-13,utsa,usm,27,17,-10000.0,3300.0,-32.5,32.5,,,,,54.5,,13,espn-core,,,0,1,12,12,San Antonio,TX
2021-11-13,uva,nd,3,28,260.0,-320.0,8.0,-8.0,,,,,62.0,,13,espn-core,,,0,0,1,18,Charlottesville,VA
2021-11-13,van,uk,17,34,952.0,-1791.5,21.5,-21.5,,,,,52.5,,13,espn-core,,,0,1,8,8,Nashville,TN
2021-11-13,vt,duke,48,17,-550.0,390.0,-13.0,13.0,,,,,50.5,,13,espn-core,,,0,1,1,1,Blacksburg,VA
2021-11-13,w&m,jmu,22,32,475.0,-652.0,14.5,-14.5,,,,,47.5,,12,espn-core,,,0,1,48,48,Williamsburg,VA
2021-11-13,wake,ncsu,45,42,-122.0,100.0,-1.0,1.0,,,,,64.5,,13,espn-core,,,0,1,1,1,Winston-Salem,NC
2021-11-13,wash,asu,30,35,190.0,-230.0,6.0,-6.0,,,,,45.5,,13,espn-core,,,0,1,9,9,Seattle,WA
2021-11-13,wisc,nu,35,7,-2515.0,1200.0,-25.5,25.5,,,,,41.5,,13,espn-core,,,0,1,5,5,Madison,WI
2021-11-13,ysu,ndsu,17,49,625.0,-950.0,18.5,-18.5,,,,,47.5,,11,espn-core,,,0,1,21,21,Youngstown,OH
2021-11-16,emu,wmu,22,21,180.0,-220.0,6.0,-6.0,,,,,66.0,,14,espn-core,,,0,1,15,15,Ypsilanti,MI
2021-11-16,m-oh,bgsu,34,7,-800.0,550.0,-17.0,17.0,,,,,52.0,,14,espn-core,,,0,1,15,15,Oxford,OH
2021-11-16,ohio,tol,23,35,250.0,-310.0,7.5,-7.5,,,,,57.5,,14,espn-core,,,0,1,15,15,Athens,OH
2021-11-17,ball,cmu,17,37,115.0,-135.0,,,,,,,57.0,,14,espn-core,,,0,1,15,15,Muncie,IN
2021-11-17,buff,niu,27,33,105.0,-125.0,1.5,-1.5,,,,,59.0,,14,espn-core,,,0,1,15,15,Buffalo,NY
2021-11-18,duke,lou,22,62,800.0,-1300.0,20.0,-20.0,,,,,60.5,,13,espn-core,,,0,1,1,1,Durham,NC
2021-11-19,hou,mem,31,13,-360.0,285.0,-9.5,9.5,,,,,59.0,,14,espn-core,,,0,1,151,151,Houston,TX
2021-11-19,lt,usm,19,35,-769.0,525.0,-15.5,15.5,,,,,47.5,,14,espn-core,,,0,1,12,12,Ruston,LA
2021-11-19,nev,afa,39,41,110.0,-130.0,,,,,,,54.25,,14,espn-core,,,0,1,17,17,Reno,NV
2021-11-19,unlv,sdsu,20,28,346.0,-450.0,11.0,-11.0,,,,,41.0,,14,espn-core,,,0,1,17,17,Las Vegas,NV
2021-11-19,wsu,ariz,44,18,-684.0,475.0,-14.5,14.5,,,,,52.5,,14,espn-core,,,0,1,9,9,Pullman,WA
2021-11-20,acu,shsu,9,35,800.0,-1400.0,20.5,-20.5,,,,,61.0,,11,espn-core,,,0,1,175,175,Abilene,TX
2021-11-20,akr,kent,0,38,400.0,-550.0,13.5,-13.5,,,,,72.5,,14,espn-core,,,0,1,15,15,Akron,OH
2021-11-20,ala,ark,42,35,-1600.0,850.0,-20.5,20.5,,,,,58.5,,14,espn-core,,,0,1,8,8,Tuscaloosa,AL
2021-11-20,army,mass,33,17,-10000.0,3300.0,-37.0,37.0,,,,,56.0,,13,espn-core,,,0,0,18,18,West Point,NY
2021-11-20,bc,fsu,23,26,-145.0,125.0,-3.0,3.0,,,,,55.5,,14,espn-core,,,0,1,1,1,Chestnut Hill,MA
2021-11-20,bois,unm,37,0,-5000.0,1650.0,-27.5,27.5,,,,,48.0,,14,espn-core,,,0,1,17,17,Boise,ID
2021-11-20,ccu,txst,35,21,-2500.0,1150.0,-24.5,24.5,,,,,60.0,,13,espn-core,,,0,1,37,37,Conway,SC
2021-11-20,cin,smu,48,14,-380.0,300.0,-10.0,10.0,,,,,65.5,,14,espn-core,,,0,1,151,151,Cincinnati,OH
2021-11-20,clem,wake,48,27,-175.0,150.0,-3.5,3.5,,,,,57.0,,14,espn-core,,,0,1,1,1,Clemson,SC
2021-11-20,clt,mrsh,28,49,450.0,-650.0,14.5,-14.5,,,,,62.0,,14,espn-core,,,0,1,12,12,Charlotte,NC
2021-11-20,colo,wash,20,17,210.0,-260.0,6.5,-6.5,,,,,43.0,,14,espn-core,,,0,1,9,9,Boulder,CO
2021-11-20,del,vill,13,21,372.5,-500.0,12.0,-12.0,,,,,44.5,,11,espn-core,,,0,1,48,48,Newark,DE
2021-11-20,dxst,most,24,55,,,,,,,,,,,0,espn-core,,,0,0,175,21,Saint George,UT
2021-11-20,eku,jvst,39,31,-167.0,140.0,-3.0,3.0,,,,,47.0,,10,espn-core,,,0,1,175,175,Richmond,KY
2021-11-20,fiu,unt,7,49,300.0,-385.0,10.0,-10.0,,,,,57.5,,14,espn-core,,,0,1,12,12,Miami,FL
2021-11-20,gaso,byu,17,34,800.0,-1300.0,20.0,-20.0,,,,,57.0,,14,espn-core,,,0,0,37,18,Statesboro,GA
2021-11-20,gast,arst,28,20,-800.0,520.0,-15.5,15.5,,,,,66.0,,14,espn-core,,,0,1,37,37,Atlanta,GA
2021-11-20,haw,csu,50,45,125.0,-145.0,3.0,-3.0,,,,,53.5,,14,espn-core,,,0,1,17,17,Honolulu,HI
2021-11-20,iowa,ill,33,23,-475.0,360.0,-12.0,12.0,,,,,38.5,,14,espn-core,,,0,1,5,5,Iowa City,IA
2021-11-20,iu,minn,14,35,250.0,-310.0,7.5,-7.5,,,,,43.5,,14,espn-core,,,0,1,5,5,Bloomington,IN
2021-11-20,jmu,tow,56,10,-10000.0,1600.0,-26.0,26.0,,,,,52.5,,9,espn-core,,,0,1,48,48,Harrisonburg,VA
2021-11-20,kenn,monm,49,17,,,,,,,,,,,0,espn-core,,,0,1,40,40,Kennesaw,GA
2021-11-20,ksu,bay,10,20,-130.0,110.0,-2.5,2.5,,,,,50.0,,14,espn-core,,,0,1,4,4,Manhattan,KS
2021-11-20,lib,ul,14,42,-196.0,165.0,-4.5,4.5,,,,,53.5,,14,espn-core,,,0,0,18,37,Lynchburg,VA
2021-11-20,lsu,ulm,27,14,-6861.0,1950.0,-29.0,29.0,,,,,57.5,,13,espn-core,,,0,0,8,37,Baton Rouge,LA
2021-11-20,md,mich,18,59,500.0,-744.0,15.75,-15.75,,,,,58.0,,14,espn-core,,,0,1,5,5,College Park,MD
2021-11-20,mia,vt,38,26,-280.0,225.0,-7.0,7.0,,,,,55.5,,14,espn-core,,,0,1,1,1,Miami Gardens,FL
2021-11-20,miss,van,31,17,-8000.0,2500.0,-35.5,35.5,,,,,65.5,,14,espn-core,,,0,1,8,8,Oxford,MS
2021-11-20,miz,fla,24,23,264.0,-340.0,9.0,-9.0,,,,,69.0,,14,espn-core,,,0,1,8,8,Columbia,MO
2021-11-20,msst,tnst,55,10,,,-44.0,44.0,,,,,56.5,,12,espn-core,,,0,0,8,26,Starkville,MS
2021-11-20,mtsu,odu,17,24,-150.0,130.0,-3.0,3.0,,,,,48.75,,14,espn-core,,,0,1,12,12,Murfreesboro,TN
2021-11-20,navy,ecu,35,38,150.0,-178.0,3.5,-3.5,,,,,46.5,,14,espn-core,,,0,1,151,151,Annapolis,MD
2021-11-20,ncsu,syr,41,17,-450.0,360.0,-11.5,11.5,,,,,49.5,,14,espn-core,,,0,1,1,1,Raleigh,NC
2021-11-20,nd,gt,55,0,-880.0,582.5,-17.5,17.5,,,,,58.0,,14,espn-core,,,0,0,18,1,Notre Dame,IN
2021-11-20,ndsu,sdak,52,24,-619.0,432.5,-12.5,12.5,,,,,39.5,,11,espn-core,,,0,1,21,21,Fargo,ND
2021-11-20,nu,pur,14,32,340.0,-450.0,11.0,-11.0,,,,,47.5,,14,espn-core,,,1,1,5,5,Chicago,IL
2021-11-20,orst,asu,24,10,125.0,-150.0,3.0,-3.0,,,,,59.0,,14,espn-core,,,0,1,9,9,Corvallis,OR
2021-11-20,osu,msu,56,7,-1100.0,680.0,-19.5,19.5,,,,,70.25,,14,espn-core,,,0,1,5,5,Columbus,OH
2021-11-20,ou,isu,28,21,-160.0,135.0,-3.0,3.0,,,,,59.0,,14,espn-core,,,0,1,4,4,Norman,OK
2021-11-20,pitt,uva,48,38,-548.0,396.0,-13.25,13.25,,,,,67.5,,14,espn-core,,,0,1,1,1,Pittsburgh,PA
2021-11-20,psu,rutg,28,0,-650.0,475.0,-14.0,14.0,,,,,45.0,,9,espn-core,,,0,1,5,5,University Park,PA
2021-11-20,sc,aub,21,17,235.0,-290.0,7.0,-7.0,,,,,45.25,,14,espn-core,,,0,1,8,8,Columbia,SC
2021-11-20,stan,cal,11,41,110.0,-130.0,2.5,-2.5,,,,,46.0,,14,espn-core,,,0,1,9,9,Stanford,CA
2021-11-20,ta&m,pv,52,3,-5000.0,2200.0,-41.5,41.5,,,,,50.5,,12,espn-core,,,0,0,8,31,College Station,TX
2021-11-20,tcu,ku,31,28,-1500.0,850.0,-21.0,21.0,,,,,64.5,,14,espn-core,,,0,1,4,4,Fort Worth,TX
2021-11-20,tenn,usa,60,14,-5000.0,1554.0,-28.5,28.5,,,,,61.5,,14,espn-core,,,0,0,8,37,Knoxville,TN
2021-11-20,tlsa,tem,44,10,-1700.0,900.0,-22.0,22.0,,,,,50.5,,14,espn-core,,,0,1,151,151,Tulsa,OK
2021-11-20,troy,app,7,45,295.0,-380.0,10.0,-10.0,,,,,51.5,,14,espn-core,,,0,1,37,37,Troy,AL
2021-11-20,ttu,okst,0,23,300.0,-400.0,10.0,-10.0,,,,,55.0,,14,espn-core,,,0,1,4,4,Lubbock,TX
2021-11-20,tuln,usf,45,14,-210.0,175.0,-5.5,5.5,,,,,59.75,,14,espn-core,,,0,1,151,151,New Orleans,LA
2021-11-20,ucd,sac,7,27,-109.0,-112.5,1.0,-1.0,,,,,47.0,,12,espn-core,,,0,1,20,20,Davis,CA
2021-11-20,ucf,conn,49,17,-8889.0,2150.0,-30.0,30.0,,,,,55.5,,14,espn-core,,,0,0,151,18,Orlando,FL
2021-11-20,uga,chso,56,7,,,-52.5,52.5,,,,,59.5,,13,espn-core,,,0,0,8,40,Athens,GA
2021-11-20,uk,nmsu,56,16,-10000.0,3000.0,-35.5,35.5,,,,,61.0,,13,espn-core,,,0,0,8,18,Lexington,KY
2021-11-20,unc,wof,34,14,-10000.0,4000.0,-37.0,37.0,,,,,62.0,,12,espn-core,,,0,0,1,29,Chapel Hill,NC
2021-11-20,usc,ucla,33,62,150.0,-180.0,3.5,-3.5,,,,,65.5,,14,espn-core,,,0,1,9,9,Los Angeles,CA
2021-11-20,usu,wyo,17,44,-220.0,180.0,-5.5,5.5,,,,,52.0,,13,espn-core,,,0,1,17,17,Logan,UT
2021-11-20,utah,ore,38,7,-160.0,135.0,-3.0,3.0,,,,,58.5,,14,espn-core,,,0,1,9,9,Salt Lake City,UT
2021-11-20,utep,rice,38,28,-369.0,285.0,-9.0,9.0,,,,,47.0,,14,espn-core,,,0,1,12,12,El Paso,TX
2021-11-20,utsa,uab,34,31,-182.0,155.0,-3.5,3.5,,,,,53.5,,14,espn-core,,,0,1,12,12,San Antonio,TX
2021-11-20,wisc,neb,35,28,-400.0,320.0,-10.0,10.0,,,,,43.5,,14,espn-core,,,0,1,5,5,Madison,WI
2021-11-20,wku,fau,52,17,-420.0,320.0,-10.75,10.75,,,,,64.0,,14,espn-core,,,0,1,12,12,Bowling Green,KY
2021-11-20,wvu,tex,31,23,-135.0,115.0,-2.5,2.5,,,,,56.5,,14,espn-core,,,0,1,4,4,Morgantown,WV
2021-11-23,ball,buff,20,3,-226.0,190.0,-6.0,6.0,,,,,59.5,,14,espn-core,,,0,1,15,15,Muncie,IN
2021-11-23,niu,wmu,21,42,217.5,-260.5,7.0,-7.0,,,,,58.75,,14,espn-core,,,0,1,15,15,Dekalb,IL
2021-11-25,msst,miss,21,31,-132.0,110.0,-2.5,2.5,,,,,65.0,,13,espn-core,,,0,1,8,8,Starkville,MS
2021-11-25,sjsu,fres,9,40,235.0,-280.0,7.0,-7.0,,,,,52.5,,14,espn-core,,,0,1,17,17,San Jose,CA
2021-11-26,afa,unlv,48,14,-1075.0,666.0,-18.5,18.5,,,,,49.5,,13,espn-core,,,0,1,17,17,USAF Academy,CO
2021-11-26,ark,miz,34,17,-650.0,452.5,-14.5,14.5,,,,,63.0,,13,espn-core,,,0,1,8,8,Fayetteville,AR
2021-11-26,bgsu,ohio,21,10,195.0,-240.0,6.0,-6.0,,,,,48.5,,14,espn-core,,,0,1,15,15,Bowling Green,OH
2021-11-26,cmu,emu,31,10,-330.0,260.0,-8.5,8.5,,,,,63.5,,14,espn-core,,,0,1,15,15,Mount Pleasant,MI
2021-11-26,ecu,cin,13,35,475.0,-652.0,14.5,-14.5,,,,,56.5,,13,espn-core,,,0,1,151,151,Greenville,NC
2021-11-26,isu,tcu,48,14,-702.0,481.0,-15.5,15.5,,,,,61.0,,13,espn-core,,,0,1,4,4,Ames,IA
2021-11-26,ncsu,unc,34,30,-220.0,180.0,-5.5,5.5,,,,,61.5,,13,espn-core,,,0,1,1,1,Raleigh,NC
2021-11-26,neb,iowa,21,28,-125.0,105.0,,,,,,,41.0,,14,espn-core,,,0,1,5,5,Lincoln,NE
2021-11-26,sdsu,bois,27,16,135.0,-155.0,3.0,-3.0,,,,,44.5,,14,espn-core,,,0,1,17,17,Carson,CA
2021-11-26,tex,ksu,22,17,-146.0,125.0,-2.5,2.5,,,,,54.5,,14,espn-core,,,0,1,4,4,Austin,TX
2021-11-26,uab,utep,42,25,-551.0,420.5,-13.5,13.5,,,,,50.0,,13,espn-core,,,0,1,12,12,Birmingham,AL
2021-11-26,ucf,usf,17,13,-900.0,600.0,-17.0,17.0,,,,,62.0,,13,espn-core,,,0,1,151,151,Orlando,FL
2021-11-26,unm,usu,10,35,575.0,-850.0,17.0,-17.0,,,,,48.0,,14,espn-core,,,0,1,17,17,Albuquerque,NM
2021-11-26,usa,ccu,21,27,465.0,-650.0,15.0,-15.0,,,,,55.0,,7,espn-core,,,0,1,37,37,Mobile,AL
2021-11-26,utah,colo,28,13,-2500.0,1150.0,-24.0,24.0,,,,,52.5,,13,espn-core,,,0,1,9,9,Salt Lake City,UT
2021-11-26,wash,wsu,13,40,,-120.5,1.0,-1.0,,,,,45.0,,13,espn-core,,,0,1,9,9,Seattle,WA
2021-11-27,app,gaso,27,3,-2750.0,1210.0,-24.5,24.5,,,,,55.0,,13,espn-core,,,0,1,37,37,Boone,NC
2021-11-27,arst,txst,22,24,-125.0,105.0,-2.0,2.0,,,,,62.5,,13,espn-core,,,0,1,37,37,Jonesboro,AR
2021-11-27,asu,ariz,38,15,-1387.5,800.0,-20.0,20.0,,,,,53.0,,13,espn-core,,,0,1,9,9,Tempe,AZ
2021-11-27,aub,ala,22,24,821.5,-1443.0,20.5,-20.5,,,,,57.0,,13,espn-core,,,0,1,8,8,Auburn,AL
2021-11-27,bay,ttu,27,24,-623.5,450.0,-14.0,14.0,,,,,51.5,,13,espn-core,,,0,1,4,4,Waco,TX
2021-11-27,bc,wake,10,41,190.0,-228.0,6.25,-6.25,,,,,64.0,,12,espn-core,,,0,1,1,1,Chestnut Hill,MA
2021-11-27,conn,hou,17,45,2900.0,-10000.0,32.0,-32.0,,,,,54.5,,12,espn-core,,,0,0,18,151,East Hartford,CT
2021-11-27,csu,nev,10,52,135.0,-159.0,3.0,-3.0,,,,,58.0,,13,espn-core,,,0,1,17,17,Fort Collins,CO
2021-11-27,duke,mia,10,47,825.0,-1404.0,20.5,-20.5,,,,,67.0,,13,espn-core,,,0,1,1,1,Durham,NC
2021-11-27,fau,mtsu,17,27,-179.5,150.0,-3.5,3.5,,,,,49.5,,13,espn-core,,,0,1,12,12,Boca Raton,FL
2021-11-27,fla,fsu,24,21,-175.0,150.0,-4.0,4.0,,,,,58.5,,13,espn-core,,,0,0,8,1,Gainesville,FL
2021-11-27,gast,troy,37,10,-249.0,199.5,-6.5,6.5,,,,,49.5,,13,espn-core,,,0,1,37,37,Atlanta,GA
2021-11-27,gt,uga,0,45,,,35.5,-35.5,,,,,54.5,,12,espn-core,,,0,0,1,8,Atlanta,GA
2021-11-27,ill,nu,47,14,-272.5,222.0,-7.0,7.0,,,,,44.5,,13,espn-core,,,0,1,5,5,Champaign,IL
2021-11-27,kenn,dav,48,21,,,,,,,,,,,0,espn-core,,,0,0,40,28,Kennesaw,GA
2021-11-27,kent,m-oh,48,47,-110.0,-110.0,,,,,,,67.0,,13,espn-core,,,0,1,15,15,Kent,OH
2021-11-27,ku,wvu,28,34,513.0,-723.0,15.5,-15.5,,,,,55.5,,13,espn-core,,,0,1,4,4,Lawrence,KS
2021-11-27,lib,army,16,31,-164.0,140.0,-3.0,3.0,,,,,52.0,,13,espn-core,,,0,0,18,18,Lynchburg,VA
2021-11-27,lou,uk,21,52,-141.5,120.0,-3.0,3.0,,,,,57.5,,13,espn-core,,,0,0,1,8,Louisville,KY
2021-11-27,lsu,ta&m,27,24,190.0,-232.5,6.0,-6.0,,,,,46.5,,13,espn-core,,,0,1,8,8,Baton Rouge,LA
2021-11-27,mem,tuln,33,28,-208.5,170.0,-5.5,5.5,,,,,58.0,,13,espn-core,,,0,1,151,151,Memphis,TN
2021-11-27,mich,osu,42,27,215.0,-261.5,6.5,-6.5,,,,,64.5,,12,espn-core,,,0,1,5,5,Ann Arbor,MI
2021-11-27,minn,wisc,23,13,231.5,-285.5,7.0,-7.0,,,,,39.0,,13,espn-core,,,0,1,5,5,Minneapolis,MN
2021-11-27,most,utm,31,32,-825.0,560.0,-17.5,17.5,,,,,58.0,,9,espn-core,,,0,0,21,26,Springfield,MO
2021-11-27,mrsh,wku,21,53,-110.0,-110.0,,,,,,,75.0,,12,espn-core,,,0,1,12,12,Huntington,WV
2021-11-27,msu,psu,30,27,160.0,-190.0,4.5,-4.5,,,,,51.5,,13,espn-core,,,0,1,5,5,East Lansing,MI
2021-11-27,nmsu,mass,44,27,-257.5,212.5,-7.0,7.0,,,,,59.0,,13,espn-core,,,0,0,18,18,Las Cruces,NM
2021-11-27,odu,clt,56,34,-348.0,277.5,-8.5,8.5,,,,,55.5,,13,espn-core,,,0,1,12,12,Norfolk,VA
2021-11-27,okst,ou,37,33,-185.0,157.0,-4.0,4.0,,,,,49.75,,12,espn-core,,,0,1,4,4,Stillwater,OK
2021-11-27,ore,orst,38,29,-300.0,237.5,-7.5,7.5,,,,,61.0,,13,espn-core,,,0,1,9,9,Eugene,OR
2021-11-27,pur,iu,44,7,-900.5,602.5,-17.5,17.5,,,,,50.5,,12,espn-core,,,0,1,5,5,West Lafayette,IN
2021-11-27,rice,lt,35,31,155.0,-181.5,4.0,-4.0,,,,,52.5,,13,espn-core,,,0,1,12,12,Houston,TX
2021-11-27,rutg,md,16,40,-125.0,105.0,-2.0,2.0,,,,,53.0,,8,espn-core,,,0,1,5,5,Piscataway,NJ
2021-11-27,sc,clem,0,30,350.0,-450.0,11.5,-11.5,,,,,42.5,,13,espn-core,,,0,0,8,1,Columbia,SC
2021-11-27,smu,tlsa,31,34,-235.0,192.5,-6.5,6.5,,,,,62.5,,13,espn-core,,,0,1,151,151,Dallas,TX
2021-11-27,stan,nd,14,45,850.0,-1500.0,21.0,-21.0,,,,,53.0,,12,espn-core,,,0,0,9,18,Stanford,CA
2021-11-27,syr,pitt,14,31,348.0,-450.0,12.0,-12.0,,,,,58.5,,13,espn-core,,,0,1,1,1,Syracuse,NY
2021-11-27,tem,navy,14,38,400.0,-550.0,13.5,-13.5,,,,,42.5,,12,espn-core,,,0,1,151,151,Philadelphia,PA
2021-11-27,tenn,van,45,21,-8889.0,2000.0,-32.0,32.0,,,,,64.5,,13,espn-core,,,0,1,8,8,Knoxville,TN
2021-11-27,tol,akr,49,14,-6667.0,1700.0,-28.5,28.5,,,,,57.5,,13,espn-core,,,0,1,15,15,Toledo,OH
2021-11-27,ucla,cal,42,14,-250.0,200.0,-6.5,6.5,,,,,58.5,,13,espn-core,,,0,1,9,9,Pasadena,CA
2021-11-27,ul,ulm,21,16,-1742.5,950.0,-21.5,21.5,,,,,55.0,,13,espn-core,,,0,1,37,37,Lafayette,LA
2021-11-27,unt,utsa,45,23,290.0,-360.0,8.5,-8.5,,,,,59.5,,13,espn-core,,,0,1,12,12,Denton,TX
2021-11-27,usc,byu,31,35,257.5,-328.0,8.5,-8.5,,,,,65.5,,13,espn-core,,,0,0,9,18,Los Angeles,CA
2021-11-27,usm,fiu,37,17,-650.0,450.0,-14.5,14.5,,,,,46.0,,13,espn-core,,,0,1,12,12,Hattiesburg,MS
2021-11-27,uva,vt,24,29,-272.0,220.0,-7.0,7.0,,,,,63.5,,13,espn-core,,,0,1,1,1,Charlottesville,VA
2021-11-27,wyo,haw,14,38,-500.0,395.0,-13.0,13.0,,,,,48.5,,13,espn-core,,,0,1,17,17,Laramie,WY
2021-12-03,utah,ore,38,10,-150.0,130.0,-3.0,3.0,,,,,57.5,,14,espn-core,,,1,0,9,9,Las Vegas,NV
2021-12-03,utsa,wku,49,41,138.0,-160.0,3.5,-3.5,,,,,74.5,,14,espn-core,,,0,0,12,12,San Antonio,TX
2021-12-04,ala,uga,41,24,200.0,-245.0,6.5,-6.5,,,,,49.0,,13,espn-core,,,1,0,8,8,Atlanta,GA
2021-12-04,cal,usc,24,14,-198.5,165.0,-4.5,4.5,,,,,57.5,,12,espn-core,,,0,1,9,9,Berkeley,CA
2021-12-04,cin,hou,35,20,-440.0,340.0,-10.5,10.5,,,,,52.5,,13,espn-core,,,0,0,151,151,Cincinnati,OH
2021-12-04,etsu,kenn,32,31,,,,,,,,,,,0,espn-core,,,0,0,29,40,Johnson City,TN
2021-12-04,iowa,mich,3,42,375.0,-500.0,12.0,-12.0,,,,,44.0,,13,espn-core,,,1,0,5,5,Indianapolis,IN
2021-12-04,jmu,sela,59,20,-650.0,450.0,-14.5,14.5,,,,,69.0,,11,espn-core,,,0,0,48,30,Harrisonburg,VA
2021-12-04,ndsu,siu,38,7,-650.0,450.0,-14.5,14.5,,,,,54.75,,12,espn-core,,,0,0,21,21,Fargo,ND
2021-12-04,niu,kent,41,23,146.5,-172.5,3.5,-3.5,,,,,75.5,,12,espn-core,,,1,0,15,15,Detroit,MI
2021-12-04,okst,bay,16,21,-263.0,210.0,-7.0,7.0,,,,,45.0,,13,espn-core,,,1,0,4,4,Arlington,TX
2021-12-04,sac,sdst,19,24,215.0,-267.5,7.0,-7.0,,,,,54.5,,12,espn-core,,,0,0,20,21,Sacramento,CA
2021-12-04,sdsu,usu,13,46,-226.5,186.5,-6.5,6.5,,,,,49.5,,12,espn-core,,,0,0,17,17,Carson,CA
2021-12-04,shsu,uiw,49,42,-500.0,369.5,-12.5,12.5,,,,,63.5,,12,espn-core,,,0,0,175,30,Huntsville,TX
2021-12-04,ul,app,24,16,110.0,-133.0,2.5,-2.5,,,,,52.0,,13,espn-core,,,0,0,37,37,Lafayette,LA
2021-12-04,wake,pitt,21,45,138.5,-160.0,3.5,-3.5,,,,,72.5,,12,espn-core,,,1,0,1,1,Charlotte,NC
2021-12-10,jmu,mont,28,6,-328.0,253.0,-8.0,8.0,,,,,47.0,,13,espn-core,,,0,0,48,20,Harrisonburg,VA
2021-12-11,navy,army,17,13,245.0,-300.0,7.0,-7.0,,,,,35.5,,9,espn-core,,,1,0,151,18,East Rutherford,NJ
2021-12-11,ndsu,etsu,27,3,-3500.0,1362.5,-25.5,25.5,,,,,50.0,,11,espn-core,,,0,0,21,29,Fargo,ND
2021-12-11,shsu,mtst,19,42,-370.0,297.5,-9.5,9.5,,,,,48.75,,12,espn-core,,,0,0,175,20,Huntsville,TX
2021-12-17,ccu,niu,47,41,-500.0,375.0,-12.0,12.0,,,,,63.5,,13,espn-core,,,1,0,37,15,Orlando,FL
2021-12-17,ndsu,jmu,20,14,-180.0,155.0,-4.0,4.0,,,,,48.0,,13,espn-core,,,0,0,21,48,Fargo,ND
2021-12-17,tol,mtsu,24,31,-400.0,310.0,-10.5,10.5,,,,,50.0,,13,espn-core,,,1,0,15,12,Nassau,
2021-12-18,app,wku,38,59,100.0,-120.0,,,,,,,68.0,,13,espn-core,,,1,0,37,12,Boca Raton,FL
2021-12-18,byu,uab,28,31,-240.0,199.0,-6.0,6.0,,,,,54.0,,14,espn-core,,,1,0,18,12,Shreveport,LA
2021-12-18,fres,utep,31,24,-550.0,407.5,-13.0,13.0,,,,,54.5,,14,espn-core,,,1,0,17,12,Albuquerque,NM
2021-12-18,lib,emu,56,20,-360.0,285.0,-9.5,9.5,,,,,58.5,,14,espn-core,,,1,0,18,15,Mobile,AL
2021-12-18,mrsh,ul,21,36,150.0,-182.0,3.5,-3.5,,,,,55.5,,13,espn-core,,,1,0,12,37,New Orleans,LA
2021-12-18,orst,usu,13,24,-260.0,210.0,-6.5,6.5,,,,,68.5,,13,espn-core,,,1,0,9,17,Inglewood,CA
2021-12-20,tlsa,odu,30,17,-320.0,250.0,-7.5,7.5,,,,,55.0,,13,espn-core,,,1,0,151,12,Conway,SC
2021-12-21,sdsu,utsa,38,24,-150.0,129.0,-3.0,3.0,,,,,48.0,,12,espn-core,,,1,0,17,12,Frisco,TX
2021-12-21,wyo,kent,52,38,-157.0,135.0,-3.0,3.0,,,,,60.5,,13,espn-core,,,1,0,17,15,Boise,ID
2021-12-22,army,miz,24,22,-255.0,205.0,-7.0,7.0,,,,,54.0,,14,espn-core,,,1,0,18,8,Fort Worth,TX
2021-12-23,fla,ucf,17,29,-250.0,205.0,-7.0,7.0,,,,,56.0,,13,espn-core,,,1,0,8,151,Tampa,FL
2021-12-23,m-oh,unt,27,14,-127.0,105.0,-2.0,2.0,,,,,56.5,,13,espn-core,,,1,0,15,12,Frisco,TX
2021-12-25,ball,gast,20,51,195.0,-240.0,6.0,-6.0,,,,,53.0,,13,espn-core,,,1,0,15,37,Montgomery,AL
2021-12-27,nev,wmu,24,52,210.0,-259.0,6.5,-6.5,,,,,57.0,,13,espn-core,,,1,0,17,15,Detroit,MI
2021-12-28,aub,hou,13,17,103.0,-124.5,1.5,-1.5,,,,,49.5,,14,espn-core,,,1,0,8,151,Birmingham,AL
2021-12-28,lou,afa,28,31,-103.0,-117.0,1.0,-1.0,,,,,55.0,,13,espn-core,,,1,0,1,17,Dallas,TX
2021-12-28,minn,wvu,18,6,-240.0,200.0,-6.0,6.0,,,,,45.0,,14,espn-core,,,1,0,5,4,Phoenix,AZ
2021-12-28,ttu,msst,34,7,310.0,-400.0,10.0,-10.0,,,,,58.0,,13,espn-core,,,1,0,4,8,Memphis,TN
2021-12-29,isu,clem,13,20,105.0,-125.0,2.0,-2.0,,,,,45.0,,13,espn-core,,,1,0,4,1,Orlando,FL
2021-12-29,ou,ore,47,32,-275.0,225.0,-7.0,7.0,,,,,64.0,,14,espn-core,,,1,0,4,9,San Antonio,TX
2021-12-29,vt,md,10,54,170.0,-198.5,4.5,-4.5,,,,,55.5,,14,espn-core,,,1,0,1,5,Bronx,NY
2021-12-30,asu,wisc,13,20,250.0,-320.0,7.75,-7.75,,,,,42.5,,12,espn-core,,,1,0,9,5,Las Vegas,NV
2021-12-30,msu,pitt,31,21,-165.0,140.0,-3.5,3.5,,,,,55.0,,13,espn-core,,,1,0,5,1,Atlanta,GA
2021-12-30,pur,tenn,48,45,225.0,-275.0,7.5,-7.5,,,,,66.5,,11,espn-core,,,1,0,5,8,Nashville,TN
2021-12-30,sc,unc,38,21,360.0,-475.0,12.5,-12.5,,,,,57.5,,13,espn-core,,,1,0,8,1,Charlotte,NC
2021-12-31,ala,cin,27,6,-500.0,375.0,-13.0,13.0,,,,,57.5,,13,espn-core,,,1,0,8,151,Arlington,TX
2021-12-31,cmu,wsu,24,21,185.0,-225.0,5.5,-5.5,,,,,56.0,,13,espn-core,,,1,0,15,9,El Paso,TX
2021-12-31,mich,uga,11,34,240.0,-300.0,7.5,-7.5,,,,,46.0,,13,espn-core,,,1,0,5,8,Miami Gardens,FL
2021-12-31,rutg,wake,10,38,550.0,-800.0,16.5,-16.5,,,,,62.75,,8,espn-core,,,1,0,5,1,Jacksonville,FL
2022-01-01,ark,psu,24,10,-165.0,140.0,-3.5,3.5,,,,,51.0,,13,espn-core,,,1,0,8,5,Tampa,FL
2022-01-01,miss,bay,7,21,-120.0,100.0,-1.0,1.0,,,,,60.0,,14,espn-core,,,1,0,8,4,New Orleans,LA
2022-01-01,nd,okst,35,37,,-119.0,,,,,,,45.0,,14,espn-core,,,1,0,18,4,Glendale,AZ
2022-01-01,osu,utah,48,45,-185.0,155.0,-4.0,4.0,,,,,64.5,,13,espn-core,,,1,0,5,9,Pasadena,CA
2022-01-01,uk,iowa,20,17,-150.0,130.0,-3.0,3.0,,,,,43.5,,13,espn-core,,,1,0,8,5,Orlando,FL
2022-01-04,ksu,lsu,42,20,-360.0,283.0,-9.5,9.5,,,,,47.0,,14,espn-core,,,1,0,4,8,Houston,TX
2022-01-08,ndsu,mtst,38,10,-300.0,235.0,-7.5,7.5,,,,,41.5,,13,espn-core,,,1,0,21,20,Frisco,TX
2022-01-10,ala,uga,18,33,125.0,-147.0,3.0,-3.0,,,,,53.0,,13,espn-core,,,1,0,8,8,Indianapolis,IN
2022-08-27,fau,clt,43,13,-267.0,212.0,-7.0,7.0,105.0,-125.0,,,60.0,,14,espn-core,,,0,1,12,12,Boca Raton,FL
2022-08-27,fsu,duq,47,7,-10000.0,1883.5,-42.0,42.0,-110.0,-110.0,,,57.0,,11,espn-core,,,0,0,1,25,Tallahassee,FL
2022-08-27,haw,van,10,63,273.5,-351.5,9.0,-9.0,-110.0,-115.0,,,54.5,,13,espn-core,,,0,0,17,8,Honolulu,HI
2022-08-27,ill,wyo,38,6,-600.0,425.0,-14.0,14.0,-120.0,-105.0,,,42.5,,14,espn-core,,,0,0,5,17,Champaign,IL
2022-08-27,jvst,sfa,42,17,235.0,-300.0,7.5,-7.5,-120.0,-105.0,,,55.5,,10,espn-core,,,1,0,176,16,Montgomery,AL
2022-08-27,nmsu,nev,12,23,235.0,-294.0,,,-125.0,,,,48.0,,14,espn-core,,,0,0,18,17,Las Cruces,NM
2022-08-27,nu,neb,31,28,365.0,-500.0,12.0,-12.0,-115.0,-110.0,,,52.0,,14,espn-core,,,1,1,5,5,Dublin,
2022-08-27,unc,famu,56,24,-10000.0,2167.0,-45.25,45.25,-110.0,-110.0,,,56.5,,12,espn-core,,,0,0,1,31,Chapel Hill,NC
2022-08-27,unlv,idst,52,21,-2909.0,1145.0,-22.5,22.5,-110.0,-110.0,,,51.0,,12,espn-core,,,0,0,17,20,Las Vegas,NV
2022-08-27,usu,conn,31,20,-2500.0,1200.0,-24.0,24.0,-110.0,-110.0,,,59.5,,14,espn-core,,,0,0,17,18,Logan,UT
2022-08-27,utep,unt,13,31,105.0,-125.0,1.25,-1.25,-110.0,-110.0,,,52.5,,14,espn-core,,,0,1,12,12,El Paso,TX
2022-08-27,wku,apsu,38,27,-10000.0,1600.0,-32.25,32.25,-120.0,-105.0,,,72.0,,12,espn-core,,,0,0,12,176,Bowling Green,KY
2022-09-01,akr,sfpa,30,23,-1000.0,614.0,-18.0,18.0,,-120.0,,,53.0,,12,espn-core,,,0,0,15,25,Akron,OH
2022-09-01,asu,nau,40,3,-6080.0,1550.0,-25.5,25.5,-115.0,-110.0,,,52.0,,13,espn-core,,,0,0,9,20,Tempe,AZ
2022-09-01,cark,most,14,27,550.0,-800.0,16.0,-16.0,-110.0,-110.0,,,66.0,,12,espn-core,,,0,0,176,21,Conway,AR
2022-09-01,fiu,bry,38,37,-415.0,322.5,-10.5,10.5,-115.0,-110.0,,,58.5,,13,espn-core,,,0,0,12,40,Miami,FL
2022-09-01,fres,cp,35,7,-10000.0,3300.0,-42.5,42.5,-120.0,,,,63.0,,13,espn-core,,,0,0,17,20,Fresno,CA
2022-09-01,minn,nmsu,38,0,-10000.0,2200.0,-36.0,36.0,-120.0,-105.0,,,52.5,,14,espn-core,,,0,0,5,18,Minneapolis,MN
2022-09-01,miz,lt,52,24,-1400.0,800.0,-20.5,20.5,-115.0,-110.0,,,62.5,,15,espn-core,,,0,0,8,12,Columbia,MO
2022-09-01,niu,eiu,34,27,-10000.0,3400.0,-35.0,35.0,-105.0,-115.0,,,55.5,,13,espn-core,,,0,0,15,26,Dekalb,IL
2022-09-01,okst,cmu,58,44,-1667.0,900.0,-20.5,20.5,-115.0,-110.0,,,58.0,,14,espn-core,,,0,0,4,15,Stillwater,OK
2022-09-01,pitt,wvu,38,31,-308.5,249.0,-7.5,7.5,-115.0,-110.0,,,51.0,,11,espn-core,,,0,0,1,4,Pittsburgh,PA
2022-09-01,pur,psu,31,35,144.0,-173.0,3.5,-3.5,-120.0,-105.0,,,53.5,,14,espn-core,,,0,1,5,5,West Lafayette,IN
2022-09-01,sam,kenn,27,17,380.0,-500.0,13.5,-13.5,-105.0,-115.0,,,68.0,,1,espn-core,,,0,0,29,176,Birmingham,AL
2022-09-01,sjsu,prst,21,17,-2500.0,1100.0,-22.0,22.0,-115.0,-105.0,,,51.0,,13,espn-core,,,0,0,17,20,San Jose,CA
2022-09-01,tenn,ball,59,10,-10000.0,3300.0,-36.5,36.5,-110.0,-115.0,,,66.5,,15,espn-core,,,0,0,8,15,Knoxville,TN
2022-09-01,tol,liu,37,0,-10000.0,3300.0,-47.5,47.5,-115.0,-110.0,,,57.0,,10,espn-core,,,0,0,15,25,Toledo,OH
2022-09-01,uab,aamu,59,0,-10000.0,3300.0,-40.5,40.5,,-120.0,,,60.5,,13,espn-core,,,0,0,12,31,Birmingham,AL
2022-09-01,ucf,scst,56,10,-10000.0,3300.0,-43.5,43.5,-115.0,-110.0,,,58.0,,13,espn-core,,,0,0,151,24,Orlando,FL
2022-09-01,wake,vmi,44,10,-8750.0,2900.0,-33.5,33.5,-115.0,-105.0,,,66.5,,13,espn-core,,,0,0,1,29,Winston-Salem,NC
2022-09-02,clt,w&m,24,41,-195.0,164.0,-4.5,4.5,-115.0,-105.0,,,52.0,,12,espn-core,,,0,0,12,48,Charlotte,NC
2022-09-02,colo,tcu,13,38,410.0,-555.0,13.5,-13.5,-110.0,-115.0,,,59.0,,14,espn-core,,,0,0,9,4,Boulder,CO
2022-09-02,duke,tem,30,0,-360.0,280.0,-9.5,9.5,-110.0,-110.0,,,51.5,,14,espn-core,,,0,0,1,151,Durham,NC
2022-09-02,emu,eku,42,34,-400.0,311.0,-10.5,10.5,-110.0,-110.0,,,57.5,,13,espn-core,,,0,0,15,176,Ypsilanti,MI
2022-09-02,iu,ill,23,20,-112.5,-108.5,,,-105.0,-115.0,,,47.5,,14,espn-core,,,0,1,5,5,Bloomington,IN
2022-09-02,ku,tntc,56,10,-5000.0,1400.0,-30.5,30.5,-110.0,-110.0,,,61.5,,13,espn-core,,,0,0,4,26,Lawrence,KS
2022-09-02,msu,wmu,35,13,-2000.0,1050.0,-21.5,21.5,-115.0,-110.0,,,54.5,,14,espn-core,,,0,0,5,15,East Lansing,MI
2022-09-02,odu,vt,20,17,200.0,-245.0,6.0,-6.0,-115.0,-110.0,,,48.5,,14,espn-core,,,0,0,37,1,Norfolk,VA
2022-09-03,afa,uni,48,17,-751.0,522.5,-15.0,15.0,-140.0,120.0,,,46.5,,11,espn-core,,,0,0,17,21,USAF Academy,CO
2022-09-03,ala,usu,55,0,-10000.0,5000.0,-42.0,42.0,-120.0,-110.0,,,63.0,,13,espn-core,,,0,0,8,17,Tuscaloosa,AL
2022-09-03,app,unc,61,63,-153.5,129.0,-3.0,3.0,,-120.0,,,56.0,,13,espn-core,,,0,0,37,1,Boone,NC
2022-09-03,ark,cin,31,24,-260.0,208.5,-6.5,6.5,-120.0,-110.0,,,54.5,,13,espn-core,,,0,0,8,151,Fayetteville,AR
2022-09-03,arst,gram,58,3,-6829.0,1563.0,-25.0,25.0,,,,,57.5,,10,espn-core,,,0,0,37,31,Jonesboro,AR
2022-09-03,aub,mer,42,16,-10000.0,3000.0,-30.0,30.0,-110.0,-110.0,,,51.5,,10,espn-core,,,0,0,8,29,Auburn,AL
2022-09-03,bay,alb,69,10,-5000.0,2200.0,-42.5,42.5,,,,,46.5,,10,espn-core,,,0,0,4,48,Waco,TX
2022-09-03,bc,rutg,21,22,-351.0,275.0,-9.0,9.0,-110.0,-110.0,,,47.5,,10,espn-core,,,0,0,1,5,Chestnut Hill,MA
2022-09-03,cal,ucd,34,13,-654.0,460.0,-14.0,14.0,-110.0,-115.0,,,44.0,,11,espn-core,,,0,0,9,20,Berkeley,CA
2022-09-03,ccu,army,38,28,-125.0,105.0,-1.5,1.5,-120.0,-110.0,,,54.0,,13,espn-core,,,0,0,37,18,Conway,SC
2022-09-03,conn,ccsu,28,3,-1500.0,850.0,-20.5,20.5,-110.0,-110.0,,,51.5,,10,espn-core,,,0,0,18,25,East Hartford,CT
2022-09-03,ecu,ncsu,20,21,360.0,-460.0,12.5,-12.5,-110.0,-110.0,,,51.5,,13,espn-core,,,0,0,151,1,Greenville,NC
2022-09-03,fla,utah,29,26,115.0,-135.0,2.5,-2.5,-115.0,-115.0,,,51.5,,12,espn-core,,,0,0,8,9,Gainesville,FL
2022-09-03,gaso,morg,59,7,,,-40.0,40.0,,,,,53.5,,11,espn-core,,,0,0,37,24,Statesboro,GA
2022-09-03,haw,wku,17,49,495.0,-700.0,16.5,-16.5,-110.0,-110.0,,,67.5,,13,espn-core,,,0,0,17,12,Honolulu,HI
2022-09-03,iowa,sdst,7,3,-418.0,320.0,-10.5,10.5,-115.0,-105.0,,,42.0,,11,espn-core,,,0,0,5,21,Iowa City,IA
2022-09-03,isu,semo,42,10,-10000.0,2500.0,-33.5,33.5,125.0,-145.0,,,54.5,,12,espn-core,,,0,0,4,26,Ames,IA
2022-09-03,jmu,mtsu,44,7,-195.0,163.5,-4.5,4.5,-145.0,125.0,,,60.25,,13,espn-core,,,0,0,37,12,Harrisonburg,VA
2022-09-03,jvst,dav,35,17,-4500.0,1550.0,-26.5,26.5,,,,,61.5,,10,espn-core,,,0,0,176,28,Jacksonville,AL
2022-09-03,ksu,sdak,34,0,-5416.5,1575.0,-27.0,27.0,120.0,-140.0,,,50.5,,9,espn-core,,,0,0,4,21,Manhattan,KS
2022-09-03,md,buff,31,10,-2500.0,1176.0,-24.0,24.0,-115.0,-115.0,,,65.5,,13,espn-core,,,0,0,5,15,College Park,MD
2022-09-03,mia,bcu,70,13,,,-49.5,49.5,-115.0,-115.0,,,60.5,,11,espn-core,,,0,0,1,31,Miami Gardens,FL
2022-09-03,mich,csu,51,7,-7500.0,1750.0,-31.0,31.0,-110.0,-120.0,,,60.5,,13,espn-core,,,0,0,5,17,Ann Arbor,MI
2022-09-03,miss,troy,28,10,-1800.0,987.0,-21.5,21.5,-110.0,-120.0,,,57.0,,12,espn-core,,,0,0,8,37,Oxford,MS
2022-09-03,mrsh,norf,55,3,,,-40.5,40.5,,,,,59.0,,11,espn-core,,,0,0,37,24,Huntington,WV
2022-09-03,msst,mem,49,23,-800.0,550.0,-17.0,17.0,115.0,-135.0,,,58.0,,9,espn-core,,,0,0,8,151,Starkville,MS
2022-09-03,navy,del,7,14,-498.0,378.0,-12.75,12.75,-105.0,-115.0,,,48.5,,10,espn-core,,,0,0,151,48,Annapolis,MD
2022-09-03,ndsu,drke,56,14,-5000.0,2200.0,-48.0,48.0,,,,,52.0,,10,espn-core,,,0,0,21,28,Fargo,ND
2022-09-03,neb,und,38,17,-10000.0,1600.0,-28.5,28.5,-110.0,-120.0,,,62.5,,12,espn-core,,,0,0,5,21,Lincoln,NE
2022-09-03,nev,txst,38,14,110.0,-130.0,2.0,-2.0,-115.0,-115.0,,,51.5,,13,espn-core,,,0,0,17,37,Reno,NV
2022-09-03,ohio,fau,41,38,190.0,-238.0,6.0,-6.0,-110.0,-120.0,,,51.0,,13,espn-core,,,0,0,15,12,Athens,OH
2022-09-03,orst,bois,34,17,-125.0,105.0,-1.5,1.5,-120.0,-110.0,,,55.5,,13,espn-core,,,0,0,9,17,Corvallis,OR
2022-09-03,osu,nd,21,10,-835.0,550.0,-17.0,17.0,-120.0,-110.0,,,58.5,,14,espn-core,,,0,0,5,18,Columbus,OH
2022-09-03,ou,utep,45,13,-10000.0,2000.0,-31.0,31.0,-125.0,-105.0,,,58.0,,13,espn-core,,,0,0,4,12,Norman,OK
2022-09-03,sac,utu,56,33,,,,,,,,,,,0,espn-core,,,0,0,20,16,Sacramento,CA
2022-09-03,sc,gast,35,14,-494.0,368.0,-12.5,12.5,-115.0,-115.0,,,55.0,,13,espn-core,,,0,0,8,37,Columbia,SC
2022-09-03,sdsu,ariz,20,38,-235.0,192.0,-6.5,6.5,-105.0,-115.0,,,46.5,,13,espn-core,,,0,0,17,9,San Diego,CA
2022-09-03,stan,colg,41,10,,,-40.0,40.0,,,,,51.5,,11,espn-core,,,0,0,9,27,Stanford,CA
2022-09-03,syr,lou,31,7,170.0,-205.5,5.5,-5.5,-115.0,-105.0,,,55.5,,13,espn-core,,,0,1,1,1,Syracuse,NY
2022-09-03,ta&m,shsu,31,0,-10000.0,3000.0,-36.0,36.0,-110.0,-110.0,,,54.0,,10,espn-core,,,0,0,8,16,College Station,TX
2022-09-03,tex,ulm,52,10,-10000.0,3300.0,-37.5,37.5,-115.0,-115.0,,,64.5,,13,espn-core,,,0,0,4,37,Austin,TX
2022-09-03,ttu,mur,63,10,-10000.0,3300.0,-38.0,38.0,-105.0,-115.0,,,64.0,,12,espn-core,,,0,0,4,26,Lubbock,TX
2022-09-03,tuln,mass,42,10,-5814.0,2295.0,-28.5,28.5,-105.0,-115.0,,,59.0,,13,espn-core,,,0,0,151,18,New Orleans,LA
2022-09-03,ucla,bgsu,45,17,-2800.0,1243.0,-24.0,24.0,-120.0,-110.0,,,56.5,,14,espn-core,,,0,0,9,15,Pasadena,CA
2022-09-03,uga,ore,49,3,-800.0,550.0,-16.0,16.0,-120.0,-110.0,,,54.5,,14,espn-core,,,1,0,8,9,Atlanta,GA
2022-09-03,uk,m-oh,37,13,-709.0,500.0,-15.0,15.0,-115.0,-115.0,,,55.0,,13,espn-core,,,0,0,8,15,Lexington,KY
2022-09-03,ul,sela,24,7,-525.5,390.0,-13.25,13.25,,,,,61.0,,10,espn-core,,,0,0,37,30,Lafayette,LA
2022-09-03,unm,me,41,0,-250.0,201.0,-6.0,6.0,,,,,42.5,,11,espn-core,,,0,0,17,48,Albuquerque,NM
2022-09-03,unt,smu,10,48,275.0,-350.0,9.5,-9.5,-115.0,-115.0,,,67.5,,13,espn-core,,,0,0,12,151,Denton,TX
2022-09-03,usa,nich,48,7,-552.0,415.0,-13.5,13.5,,,,,53.0,,11,espn-core,,,0,0,37,30,Mobile,AL
2022-09-03,usc,rice,66,14,-5000.0,2200.0,-32.5,32.5,-115.0,-115.0,,,61.5,,13,espn-core,,,0,0,9,12,Los Angeles,CA
2022-09-03,usf,byu,21,50,328.0,-430.0,11.5,-11.5,-120.0,-110.0,,,58.5,,12,espn-core,,,0,0,151,18,Tampa,FL
2022-09-03,usm,lib,27,29,145.0,-175.0,3.5,-3.5,-110.0,-110.0,,,50.0,,8,espn-core,,,0,0,37,18,Hattiesburg,MS
2022-09-03,utsa,hou,35,37,150.0,-180.0,3.5,-3.5,-125.0,-105.0,,,61.75,,13,espn-core,,,0,0,12,151,San Antonio,TX
2022-09-03,uva,rich,34,17,-1854.5,950.0,-21.5,21.5,-110.0,-110.0,,,60.5,,11,espn-core,,,0,0,1,48,Charlottesville,VA
2022-09-03,van,elon,42,31,-1000.0,650.0,-18.5,18.5,-115.0,-110.0,,,51.5,,11,espn-core,,,0,0,8,48,Nashville,TN
2022-09-03,wash,kent,45,20,-2400.0,1100.0,-23.5,23.5,-115.0,-115.0,,,61.5,,13,espn-core,,,0,0,9,15,Seattle,WA
2022-09-03,wisc,ilst,38,0,,,-36.5,36.5,-110.0,-110.0,,,42.5,,11,espn-core,,,0,0,5,21,Madison,WI
2022-09-03,wsu,idho,24,17,-10000.0,3000.0,-28.5,28.5,,,,,63.5,,11,espn-core,,,0,0,9,20,Pullman,WA
2022-09-03,wyo,tlsa,40,37,200.0,-245.0,6.5,-6.5,-115.0,-105.0,,,46.0,,13,espn-core,,,0,0,17,151,Laramie,WY
2022-09-04,lsu,fsu,23,24,-192.0,159.0,-4.0,4.0,-110.0,-120.0,,,50.5,,14,espn-core,,,1,0,8,1,New Orleans,LA
2022-09-05,gt,clem,10,41,1344.5,-3500.0,24.5,-24.5,-115.0,-115.0,,,51.5,,13,espn-core,,,0,1,1,1,Atlanta,GA
2022-09-08,most,utm,35,30,-591.0,425.0,-14.0,14.0,-110.0,-110.0,,,58.5,,10,espn-core,,,0,0,21,26,Springfield,MO
2022-09-09,ucf,lou,14,20,-220.0,180.0,-5.5,5.5,-115.0,-105.0,,,62.5,,12,espn-core,,,0,0,151,1,Orlando,FL
2022-09-09,unm,bois,14,31,575.0,-868.0,17.0,-17.0,-105.0,-115.0,,,43.5,,12,espn-core,,,0,1,17,17,Albuquerque,NM
2022-09-10,afa,colo,41,10,-950.0,625.0,-17.5,17.5,-110.0,-110.0,,,50.0,,12,espn-core,,,0,0,17,9,USAF Academy,CO
2022-09-10,ariz,msst,17,39,350.0,-459.0,12.5,-12.5,-110.0,-110.0,,,58.0,,13,espn-core,,,0,0,9,8,Tucson,AZ
2022-09-10,ark,sc,44,30,-347.5,270.0,-9.0,9.0,-110.0,-110.0,,,56.0,,13,espn-core,,,0,1,8,8,Fayetteville,AR
2022-09-10,army,utsa,38,41,110.0,-130.0,2.0,-2.0,-115.0,-115.0,,,54.0,,11,espn-core,,,0,0,18,12,West Point,NY
2022-09-10,aub,sjsu,24,16,-3000.0,1300.0,-24.0,24.0,-120.0,-110.0,,,48.5,,13,espn-core,,,0,0,8,17,Auburn,AL
2022-09-10,ball,wmu,30,37,199.0,-241.5,6.5,-6.5,-110.0,-110.0,,,51.5,,13,espn-core,,,0,1,15,15,Muncie,IN
2022-09-10,bgsu,eku,57,59,-293.0,237.5,-7.5,7.5,,,,,57.0,,11,espn-core,,,0,0,15,176,Bowling Green,OH
2022-09-10,buff,hc,31,37,-239.0,192.0,-6.0,6.0,-120.0,,,,51.5,,13,espn-core,,,0,0,15,27,Buffalo,NY
2022-09-10,byu,bay,26,20,-135.0,115.0,-2.5,2.5,-120.0,-110.0,,,55.0,,12,espn-core,,,0,0,18,4,Provo,UT
2022-09-10,cal,unlv,20,14,-500.0,375.0,-12.5,12.5,-110.0,-110.0,,,49.5,,13,espn-core,,,0,0,9,17,Berkeley,CA
2022-09-10,ccu,gweb,31,27,-2500.0,1200.0,-32.5,32.5,,,,,66.5,,11,espn-core,,,0,0,37,40,Conway,SC
2022-09-10,cin,kenn,63,10,,,,,,,,,,,0,espn-core,,,0,0,151,176,Cincinnati,OH
2022-09-10,clem,fur,35,12,,,-45.5,45.5,-110.0,-110.0,,,51.5,,13,espn-core,,,0,0,1,29,Clemson,SC
2022-09-10,clt,md,21,56,1600.0,-7214.5,28.0,-28.0,-105.0,-125.0,,,65.0,,13,espn-core,,,0,0,12,5,Charlotte,NC
2022-09-10,cmu,usa,24,38,-224.0,183.0,-6.0,6.0,-105.0,-115.0,,,57.5,,13,espn-core,,,0,0,15,37,Mount Pleasant,MI
2022-09-10,conn,syr,14,48,1100.0,-2500.0,23.5,-23.5,-105.0,-125.0,,,49.5,,13,espn-core,,,0,0,18,1,East Hartford,CT
2022-09-10,csu,mtsu,19,34,-560.0,422.5,-13.5,13.5,-115.0,-105.0,,,58.5,,13,espn-core,,,0,0,17,12,Fort Collins,CO
2022-09-10,del,dsu,35,9,,,-33.5,33.5,,,,,40.5,,11,espn-core,,,0,0,48,24,Newark,DE
2022-09-10,ecu,odu,39,21,-495.0,375.0,-13.0,13.0,-110.0,-110.0,,,50.0,,13,espn-core,,,0,0,151,37,Greenville,NC
2022-09-10,fau,sela,42,9,-466.0,337.5,-11.0,11.0,-115.0,-115.0,,,63.5,,9,espn-core,,,0,0,12,30,Boca Raton,FL
2022-09-10,fla,uk,16,26,-237.5,193.5,-6.0,6.0,-110.0,-120.0,,,52.5,,13,espn-core,,,0,1,8,8,Gainesville,FL
2022-09-10,fres,orst,32,35,-111.0,-108.0,,,-115.0,-115.0,,,58.5,,12,espn-core,,,0,0,17,9,Fresno,CA
2022-09-10,gast,unc,28,35,214.5,-263.5,7.0,-7.0,-105.0,-125.0,,,64.25,,13,espn-core,,,0,0,37,1,Atlanta,GA
2022-09-10,gt,wcu,35,17,-3000.0,1200.0,-24.5,24.5,,,,,65.75,,12,espn-core,,,0,0,1,29,Atlanta,GA
2022-09-10,ill,uva,24,3,-181.0,150.0,-4.0,4.0,-105.0,-115.0,,,55.0,,13,espn-core,,,0,0,5,1,Champaign,IL
2022-09-10,iowa,isu,7,10,-172.0,144.0,-3.5,3.5,-110.0,-110.0,,,39.0,,13,espn-core,,,0,0,5,4,Iowa City,IA
2022-09-10,iu,idho,35,22,-5243.0,1500.0,-24.5,24.5,,,,,50.5,,10,espn-core,,,0,0,5,20,Bloomington,IN
2022-09-10,jmu,norf,63,7,-10000.0,4000.0,-41.5,41.5,,,,,54.5,,11,espn-core,,,0,0,37,24,Harrisonburg,VA
2022-09-10,ksu,miz,40,12,-294.0,230.0,-7.25,7.25,-120.0,-110.0,,,52.5,,14,espn-core,,,0,0,4,8,Manhattan,KS
2022-09-10,lib,uab,21,14,185.0,-225.0,6.0,-6.0,-110.0,-120.0,,,50.0,,13,espn-core,,,0,0,18,12,Lynchburg,VA
2022-09-10,lsu,sou,65,17,,,-44.5,44.5,-115.0,-105.0,,,56.75,,12,espn-core,,,0,0,8,31,Baton Rouge,LA
2022-09-10,lt,sfa,52,17,-250.0,200.0,-6.5,6.5,-105.0,-115.0,,,64.5,,12,espn-core,,,0,0,12,16,Ruston,LA
2022-09-10,m-oh,rmu,31,14,-7500.0,2750.0,-30.0,30.0,,-120.0,,,54.0,,13,espn-core,,,0,0,15,40,Oxford,OH
2022-09-10,mia,usm,30,7,-6222.0,1675.0,-27.5,27.5,-110.0,-110.0,,,50.5,,10,espn-core,,,0,0,1,37,Miami Gardens,FL
2022-09-10,mich,haw,56,10,,,-52.5,52.5,-105.0,-125.0,,,66.5,,13,espn-core,,,0,0,5,17,Ann Arbor,MI
2022-09-10,minn,wiu,62,10,,,-41.0,41.0,-125.0,-105.0,,,57.5,,11,espn-core,,,0,0,5,21,Minneapolis,MN
2022-09-10,miss,cark,59,3,,,-36.5,36.5,,,,,61.0,,10,espn-core,,,0,0,8,176,Oxford,MS
2022-09-10,msu,akr,52,0,-10000.0,2500.0,-34.5,34.5,-120.0,-110.0,,,56.0,,13,espn-core,,,0,0,5,15,East Lansing,MI
2022-09-10,mur,jvst,3,34,390.0,-510.5,14.5,-14.5,,,,,55.0,,11,espn-core,,,0,0,26,176,Murray,KY
2022-09-10,navy,mem,13,37,160.0,-194.0,4.5,-4.5,-115.0,-115.0,,,47.5,,13,espn-core,,,0,1,151,151,Annapolis,MD
2022-09-10,ncsu,chso,55,3,,,-45.5,45.5,120.0,-140.0,,,55.0,,11,espn-core,,,0,0,1,40,Raleigh,NC
2022-09-10,nd,mrsh,21,26,-2000.0,1025.0,-20.5,20.5,-115.0,-105.0,,,48.0,,12,espn-core,,,0,0,18,37,Notre Dame,IN
2022-09-10,ndsu,ncat,43,3,-10000.0,4000.0,-35.0,35.0,,,,,51.0,,10,espn-core,,,0,0,21,40,Fargo,ND
2022-09-10,neb,gaso,42,45,-2517.5,1183.5,-23.5,23.5,-115.0,-115.0,,,64.0,,13,espn-core,,,0,0,5,37,Lincoln,NE
2022-09-10,nev,uiw,41,55,-170.0,145.0,-4.0,4.0,-105.0,-115.0,,,61.5,,10,espn-core,,,0,0,17,30,Reno,NV
2022-09-10,nu,duke,23,31,-385.0,300.0,-10.0,10.0,-120.0,-110.0,,,56.25,,13,espn-core,,,0,0,5,1,Evanston,IL
2022-09-10,okst,asu,34,17,-455.0,343.5,-11.5,11.5,-105.0,-115.0,,,58.0,,13,espn-core,,,0,0,4,9,Stillwater,OK
2022-09-10,ore,ewu,70,14,-6535.0,1600.0,-27.0,27.0,-115.0,-105.0,,,69.5,,12,espn-core,,,0,0,9,20,Eugene,OR
2022-09-10,osu,arst,45,12,-10000.0,3000.0,-44.5,44.5,-115.0,-115.0,,,68.5,,14,espn-core,,,0,0,5,37,Columbus,OH
2022-09-10,ou,kent,33,3,-10000.0,2500.0,-33.0,33.0,-105.0,-115.0,,,72.5,,13,espn-core,,,0,0,4,15,Norman,OK
2022-09-10,pitt,tenn,27,34,183.0,-220.0,6.0,-6.0,-110.0,-110.0,,,62.5,,12,espn-core,,,0,0,1,8,Pittsburgh,PA
2022-09-10,psu,ohio,46,10,-5000.0,1600.0,-28.0,28.0,-115.0,-115.0,,,54.75,,13,espn-core,,,0,0,5,15,University Park,PA
2022-09-10,pur,inst,56,0,,,-37.0,37.0,,,,,54.0,,12,espn-core,,,0,0,5,21,West Lafayette,IN
2022-09-10,rice,mcn,52,10,-296.0,235.0,-7.5,7.5,,,,,52.5,,11,espn-core,,,0,0,12,30,Houston,TX
2022-09-10,rutg,wag,66,7,,,-48.5,48.5,,,,,55.5,,8,espn-core,,,0,0,5,25,Piscataway,NJ
2022-09-10,sdsu,idst,38,7,-10000.0,3300.0,-33.0,33.0,,,,,50.5,,11,espn-core,,,0,0,17,20,San Diego,CA
2022-09-10,shsu,nau,3,10,-700.0,500.0,-15.0,15.0,,,,,58.0,,9,espn-core,,,0,0,16,20,Huntsville,TX
2022-09-10,smu,lam,45,16,,,-48.5,48.5,,,,,66.0,,11,espn-core,,,0,0,151,30,Dallas,TX
2022-09-10,stan,usc,28,41,275.0,-350.0,9.5,-9.5,-105.0,-115.0,,,66.5,,13,espn-core,,,0,1,9,9,Stanford,CA
2022-09-10,ta&m,app,14,17,-1144.0,700.0,-18.0,18.0,-110.0,-120.0,,,54.0,,12,espn-core,,,0,0,8,37,College Station,TX
2022-09-10,tcu,tar,59,17,-10000.0,3300.0,-40.0,40.0,,,,,66.5,,10,espn-core,,,0,0,4,16,Fort Worth,TX
2022-09-10,tem,laf,30,14,-600.0,427.5,-14.0,14.0,,,,,39.5,,11,espn-core,,,0,0,151,27,Philadelphia,PA
2022-09-10,tex,ala,19,20,900.0,-1600.0,21.0,-21.0,-115.0,-115.0,,,63.5,,12,espn-core,,,0,0,4,8,Austin,TX
2022-09-10,tlsa,niu,38,35,-230.5,195.0,-6.5,6.5,-115.0,-105.0,,,63.0,,12,espn-core,,,0,0,151,15,Tulsa,OK
2022-09-10,tol,mass,55,10,-6948.0,1600.0,-28.0,28.0,-110.0,-110.0,,,49.25,,13,espn-core,,,0,0,15,18,Toledo,OH
2022-09-10,troy,aamu,38,17,-10000.0,2000.0,-37.5,37.5,,,,,52.0,,11,espn-core,,,0,0,37,31,Troy,AL
2022-09-10,ttu,hou,33,30,-175.0,150.0,-4.0,4.0,-110.0,-120.0,,,62.25,,13,espn-core,,,0,0,4,151,Lubbock,TX
2022-09-10,tuln,alcn,52,0,-10000.0,4000.0,-35.5,35.5,,,,,59.5,,12,espn-core,,,0,0,151,31,New Orleans,LA
2022-09-10,txst,fiu,41,12,-556.0,420.0,-13.5,13.5,-120.0,,,,62.5,,12,espn-core,,,0,0,37,12,San Marcos,TX
2022-09-10,ucla,alst,45,7,,,-48.5,48.5,,,,,61.75,,12,espn-core,,,0,0,9,31,Pasadena,CA
2022-09-10,uga,sam,33,0,,,-53.0,53.0,-105.0,-115.0,,,62.5,,13,espn-core,,,0,0,8,29,Athens,GA
2022-09-10,ul,emu,49,21,-429.5,320.0,-11.0,11.0,-140.0,120.0,,,56.0,,9,espn-core,,,0,0,37,15,Lafayette,LA
2022-09-10,ulm,nich,35,7,-190.5,161.0,-4.5,4.5,,,,,58.5,,11,espn-core,,,0,0,37,30,Monroe,LA
2022-09-10,unt,txso,59,27,-10000.0,3300.0,-38.5,38.5,,,,,64.5,,11,espn-core,,,0,0,12,31,Denton,TX
2022-09-10,usf,how,42,20,-10000.0,3300.0,-39.5,39.5,,,,,61.5,,11,espn-core,,,0,0,151,24,Tampa,FL
2022-09-10,usu,web,7,35,-270.0,214.0,-6.75,6.75,,,,,59.0,,12,espn-core,,,0,0,17,20,Logan,UT
2022-09-10,utah,suu,73,7,,,-45.5,45.5,,-120.0,,,58.5,,12,espn-core,,,0,0,9,16,Salt Lake City,UT
2022-09-10,utep,nmsu,20,13,-900.0,600.0,-17.0,17.0,-110.0,-120.0,,,46.5,,12,espn-core,,,0,0,12,18,El Paso,TX
2022-09-10,van,wake,25,45,370.5,-496.0,13.5,-13.5,-120.0,-110.0,,,65.0,,13,espn-core,,,0,0,8,1,Nashville,TN
2022-09-10,vt,bc,27,10,-150.0,125.5,-3.0,3.0,-120.0,-110.0,,,45.0,,13,espn-core,,,0,1,1,1,Blacksburg,VA
2022-09-10,wash,prst,52,6,-8000.0,2000.0,-31.0,31.0,,,,,55.0,,12,espn-core,,,0,0,9,20,Seattle,WA
2022-09-10,wisc,wsu,14,17,-1000.0,650.0,-17.5,17.5,-105.0,-115.0,,,49.0,,12,espn-core,,,0,0,5,9,Madison,WI
2022-09-10,wvu,ku,42,55,-573.5,420.0,-14.0,14.0,-105.0,-115.0,,,59.5,,13,espn-core,,,0,1,4,4,Morgantown,WV
2022-09-10,wyo,unco,33,10,-3500.0,1300.0,-23.5,23.5,,,,,54.5,,12,espn-core,,,0,0,17,20,Laramie,WY
2022-09-16,lou,fsu,31,35,120.0,-145.0,,,,-120.0,,,57.0,,13,espn-core,,,0,1,1,1,Louisville,KY
2022-09-16,wyo,afa,17,14,500.0,-700.0,16.5,-16.5,-115.0,-115.0,,,47.0,,14,espn-core,,,0,1,17,17,Laramie,WY
2022-09-17,ala,ulm,63,7,-10000.0,4000.0,-49.5,49.5,-105.0,-115.0,,,61.5,,13,espn-core,,,0,0,8,37,Tuscaloosa,AL
2022-09-17,app,troy,32,28,-595.0,425.0,-14.0,14.0,-110.0,-110.0,,,52.0,,14,espn-core,,,0,1,37,37,Boone,NC
2022-09-17,ariz,ndsu,31,28,130.0,-152.0,3.0,-3.0,,,,,49.0,,12,espn-core,,,0,0,9,21,Tucson,AZ
2022-09-17,ark,most,38,27,-4000.0,1475.0,-26.0,26.0,-105.0,-115.0,,,59.75,,12,espn-core,,,0,0,8,21,Fayetteville,AR
2022-09-17,army,vill,49,10,-565.0,420.0,-14.0,14.0,-110.0,-110.0,,,56.0,,13,espn-core,,,0,0,18,48,West Point,NY
2022-09-17,asu,emu,21,30,-1400.0,800.0,-20.5,20.5,-105.0,-125.0,,,56.5,,14,espn-core,,,0,0,9,15,Tempe,AZ
2022-09-17,aub,psu,12,41,115.0,-135.0,2.5,-2.5,-115.0,-105.0,,,47.5,,14,espn-core,,,0,0,8,5,Auburn,AL
2022-09-17,ball,mur,31,0,-1675.0,920.5,-21.0,21.0,-120.0,,,,53.0,,13,espn-core,,,0,0,15,26,Muncie,IN
2022-09-17,bay,txst,42,7,-8459.0,2500.0,-30.0,30.0,-110.0,-110.0,,,53.0,,14,espn-core,,,0,0,4,37,Waco,TX
2022-09-17,bc,me,38,17,-10000.0,4000.0,-31.25,31.25,,,,,48.0,,12,espn-core,,,0,0,1,48,Chestnut Hill,MA
2022-09-17,bgsu,mrsh,34,31,540.0,-800.0,17.0,-17.0,-110.0,-110.0,,,50.0,,14,espn-core,,,0,0,15,37,Bowling Green,OH
2022-09-17,bois,utm,30,7,-3473.0,1356.5,-24.5,24.5,,-120.0,,,53.5,,12,espn-core,,,0,0,17,26,Boise,ID
2022-09-17,ccu,buff,38,26,-500.0,370.0,-12.0,12.0,-120.0,-110.0,,,59.5,,14,espn-core,,,0,0,37,15,Conway,SC
2022-09-17,clem,lt,48,20,-10000.0,3300.0,-33.5,33.5,-120.0,-110.0,,,53.5,,14,espn-core,,,0,0,1,12,Clemson,SC
2022-09-17,cmu,buck,41,0,,,-41.0,41.0,-105.0,-125.0,,,59.0,,13,espn-core,,,0,0,15,27,Mount Pleasant,MI
2022-09-17,duke,ncat,49,20,-10000.0,1500.0,-30.5,30.5,-115.0,-105.0,,,53.0,,13,espn-core,,,0,0,1,40,Durham,NC
2022-09-17,ecu,cam,49,10,-5416.5,1850.0,-32.5,32.5,-110.0,-110.0,,,58.0,,13,espn-core,,,0,0,151,40,Greenville,NC
2022-09-17,fau,ucf,14,40,240.0,-300.0,7.5,-7.5,-125.0,-105.0,,,61.5,,14,espn-core,,,0,0,12,151,Boca Raton,FL
2022-09-17,fla,usf,31,28,-2500.0,1137.5,-23.5,23.5,-115.0,-115.0,,,58.0,,14,espn-core,,,0,0,8,151,Gainesville,FL
2022-09-17,gast,clt,41,42,-1200.0,700.0,-19.5,19.5,-120.0,-110.0,,,63.5,,14,espn-core,,,0,0,37,12,Atlanta,GA
2022-09-17,gt,miss,0,42,550.0,-800.0,17.0,-17.0,-105.0,-115.0,,,63.0,,14,espn-core,,,0,0,1,8,Atlanta,GA
2022-09-17,haw,duq,24,14,,,,,,,,,,,0,espn-core,,,0,0,17,25,Honolulu,HI
2022-09-17,hou,ku,30,48,-315.0,250.0,-8.5,8.5,-110.0,-110.0,,,58.0,,14,espn-core,,,0,0,151,4,Houston,TX
2022-09-17,iowa,nev,27,0,-2800.0,1200.0,-24.0,24.0,-125.0,-105.0,,,39.5,,11,espn-core,,,0,0,5,17,Iowa City,IA
2022-09-17,isu,ohio,43,10,-1400.0,800.0,-20.0,20.0,-115.0,-115.0,,,48.0,,14,espn-core,,,0,0,4,15,Ames,IA
2022-09-17,iu,wku,33,30,-278.0,222.0,-7.0,7.0,-110.0,-110.0,,,61.25,,14,espn-core,,,0,0,5,12,Bloomington,IN
2022-09-17,kent,liu,63,10,,,-40.0,40.0,-115.0,-105.0,,,64.5,,11,espn-core,,,0,0,15,25,Kent,OH
2022-09-17,ksu,tuln,10,17,-650.0,445.0,-13.5,13.5,-120.0,,,,49.0,,14,espn-core,,,0,0,4,151,Manhattan,KS
2022-09-17,lsu,msst,31,16,125.0,-150.0,3.0,-3.0,,-120.0,,,53.0,,14,espn-core,,,0,1,8,8,Baton Rouge,LA
2022-09-17,m-oh,cin,17,38,1400.0,-3500.0,24.0,-24.0,-120.0,,,,51.0,,14,espn-core,,,1,0,15,151,Cincinnati,OH
2022-09-17,mass,stbk,20,3,-120.0,100.0,-1.0,1.0,-110.0,-120.0,,,44.0,,13,espn-core,,,0,0,18,48,Amherst,MA
2022-09-17,md,smu,34,27,-147.0,125.0,-3.0,3.0,-125.0,-105.0,,,73.5,,14,espn-core,,,0,0,5,151,College Park,MD
2022-09-17,mem,arst,44,32,-612.0,430.0,-14.5,14.5,,-120.0,,,64.0,,14,espn-core,,,0,0,151,37,Memphis,TN
2022-09-17,mich,conn,59,0,-8333.5,2050.0,-47.5,47.5,-110.0,-110.0,,,59.0,,13,espn-core,,,0,0,5,18,Ann Arbor,MI
2022-09-17,minn,colo,49,7,-8000.0,1806.5,-28.0,28.0,-110.0,-110.0,,,47.5,,14,espn-core,,,0,0,5,9,Minneapolis,MN
2022-09-17,miz,acu,34,17,-7083.5,2500.0,-31.5,31.5,-110.0,-110.0,,,56.5,,13,espn-core,,,0,0,8,16,Columbia,MO
2022-09-17,mtsu,tnst,49,6,-1696.0,912.5,-19.5,19.5,,,,,52.0,,12,espn-core,,,0,0,12,26,Murfreesboro,TN
2022-09-17,ncsu,ttu,27,14,-400.0,310.0,-10.5,10.5,-105.0,-115.0,,,55.5,,14,espn-core,,,0,0,1,4,Raleigh,NC
2022-09-17,nd,cal,24,17,-550.0,400.0,-13.5,13.5,-115.0,-115.0,,,41.0,,13,espn-core,,,0,0,18,9,Notre Dame,IN
2022-09-17,neb,ou,14,49,320.0,-400.0,10.5,-10.5,-110.0,-110.0,,,65.5,,14,espn-core,,,0,0,5,4,Lincoln,NE
2022-09-17,niu,van,28,38,-130.0,110.0,-2.5,2.5,-105.0,-115.0,,,58.5,,14,espn-core,,,0,0,15,8,Dekalb,IL
2022-09-17,nu,siu,24,31,-554.0,410.0,-13.5,13.5,-120.0,,,,58.5,,13,espn-core,,,0,0,5,21,Evanston,IL
2022-09-17,okst,uapb,63,7,,,-54.5,54.5,,,,,64.5,,12,espn-core,,,0,0,4,31,Stillwater,OK
2022-09-17,ore,byu,41,20,-170.0,145.0,-3.5,3.5,-105.0,-115.0,,,58.0,,14,espn-core,,,0,0,9,18,Eugene,OR
2022-09-17,orst,mtst,68,28,-800.0,559.0,-16.5,16.5,,,,,56.5,,12,espn-core,,,1,0,9,20,Portland,OR
2022-09-17,osu,tol,77,21,-10000.0,2500.0,-31.0,31.0,-115.0,-115.0,,,63.0,,14,espn-core,,,0,0,5,15,Columbus,OH
2022-09-17,rice,ul,33,21,350.0,-455.0,11.75,-11.75,-120.0,-110.0,,,51.75,,14,espn-core,,,0,0,12,37,Houston,TX
2022-09-17,sc,uga,7,48,1430.0,-4500.0,25.5,-25.5,-105.0,-115.0,,,55.5,,13,espn-core,,,0,1,8,8,Columbia,SC
2022-09-17,shsu,tamc,27,17,,,,,,,,,,,0,espn-core,,,0,0,16,30,Huntsville,TX
2022-09-17,syr,pur,32,29,-120.0,100.0,-1.5,1.5,-115.0,-115.0,,,59.5,,14,espn-core,,,0,0,1,5,Syracuse,NY
2022-09-17,ta&m,mia,17,9,-238.5,195.0,-6.5,6.5,-110.0,-120.0,,,45.5,,14,espn-core,,,0,0,8,1,College Station,TX
2022-09-17,tem,rutg,14,16,650.0,-1000.0,18.0,-18.0,-115.0,-105.0,,,42.5,,9,espn-core,,,0,0,151,5,Philadelphia,PA
2022-09-17,tenn,akr,63,6,-10000.0,4000.0,-47.5,47.5,-105.0,-125.0,,,67.0,,14,espn-core,,,0,0,8,15,Knoxville,TN
2022-09-17,tex,utsa,41,20,-496.0,375.0,-13.0,13.0,-120.0,-110.0,,,57.0,,14,espn-core,,,0,0,4,12,Austin,TX
2022-09-17,tlsa,jvst,54,17,-456.5,345.0,-12.0,12.0,,,,,64.0,,11,espn-core,,,0,0,151,176,Tulsa,OK
2022-09-17,uab,gaso,35,21,-442.0,335.0,-11.5,11.5,-110.0,-110.0,,,59.0,,14,espn-core,,,0,0,12,37,Birmingham,AL
2022-09-17,ucla,usa,32,31,-679.0,485.0,-15.5,15.5,-115.0,-105.0,,,59.0,,14,espn-core,,,0,0,9,37,Pasadena,CA
2022-09-17,uk,ysu,31,0,-10000.0,3150.0,-30.0,30.0,-105.0,-115.0,,,49.5,,13,espn-core,,,0,0,8,21,Lexington,KY
2022-09-17,uni,sac,21,37,-145.0,122.0,-2.5,2.5,,,,,53.0,,11,espn-core,,,0,0,21,20,Cedar Falls,IA
2022-09-17,unlv,unt,58,27,-135.0,115.0,-2.5,2.5,-110.0,-110.0,,,62.5,,14,espn-core,,,0,0,17,12,Las Vegas,NV
2022-09-17,unm,utep,27,10,110.0,-130.0,2.0,-2.0,-115.0,-115.0,,,38.0,,14,espn-core,,,0,0,17,12,Albuquerque,NM
2022-09-17,uri,del,21,42,-155.0,130.0,-3.0,3.0,,,,,47.0,,12,espn-core,,,0,1,48,48,Kingston,RI
2022-09-17,usc,fres,45,17,-475.5,360.0,-11.5,11.5,-115.0,-115.0,,,71.5,,13,espn-core,,,0,0,9,17,Los Angeles,CA
2022-09-17,usm,nwst,64,10,-10000.0,4000.0,-33.0,33.0,,,,,50.5,,11,espn-core,,,0,0,37,30,Hattiesburg,MS
2022-09-17,utah,sdsu,35,7,-2100.0,1097.0,-22.5,22.5,-110.0,-120.0,,,48.5,,14,espn-core,,,0,0,9,17,Salt Lake City,UT
2022-09-17,uva,odu,16,14,-335.0,260.0,-8.5,8.5,-115.0,-105.0,,,52.5,,14,espn-core,,,0,0,1,37,Charlottesville,VA
2022-09-17,vt,wof,27,7,-10000.0,2500.0,-38.5,38.5,130.0,-150.0,,,45.5,,12,espn-core,,,0,0,1,29,Blacksburg,VA
2022-09-17,wake,lib,37,36,-800.0,550.0,-17.5,17.5,,-120.0,,,63.75,,14,espn-core,,,0,0,1,18,Winston-Salem,NC
2022-09-17,wash,msu,39,28,-174.5,145.5,-3.5,3.5,-110.0,-120.0,,,56.5,,14,espn-core,,,0,0,9,5,Seattle,WA
2022-09-17,wisc,nmsu,66,7,-10000.0,4000.0,-37.5,37.5,-115.0,-105.0,,,45.5,,14,espn-core,,,0,0,5,18,Madison,WI
2022-09-17,wmu,pitt,13,34,298.0,-385.0,10.0,-10.0,-105.0,-115.0,,,46.0,,14,espn-core,,,0,0,15,1,Kalamazoo,MI
2022-09-17,wsu,csu,38,7,-800.0,550.0,-17.0,17.0,130.0,-150.0,,,52.5,,14,espn-core,,,0,0,9,17,Pullman,WA
2022-09-17,wvu,tow,65,7,,,-41.0,41.0,-105.0,-115.0,,,58.5,,13,espn-core,,,0,0,4,48,Morgantown,WV
2022-09-22,gast,ccu,24,41,119.0,-140.0,2.5,-2.5,,-130.0,,,63.5,,14,espn-core,,,0,1,37,37,Atlanta,GA
2022-09-22,ill,utc,31,0,-1600.0,850.0,-20.0,20.0,,,,,44.5,,10,espn-core,,,0,0,5,29,Champaign,IL
2022-09-22,vt,wvu,10,33,110.0,-131.0,2.0,-2.0,-105.0,-115.0,,,49.5,,14,espn-core,,,0,0,1,4,Blacksburg,VA
2022-09-23,afa,nev,48,20,-3334.0,1354.0,-24.0,24.0,-115.0,-105.0,,,46.5,,14,espn-core,,,0,1,17,17,USAF Academy,CO
2022-09-23,syr,uva,22,20,-365.0,290.0,-9.5,9.5,-115.0,-115.0,,,53.5,,14,espn-core,,,0,1,1,1,Syracuse,NY
2022-09-23,utep,bois,27,10,525.0,-752.0,16.5,-16.5,-110.0,-120.0,,,44.5,,14,espn-core,,,0,0,12,17,El Paso,TX
2022-09-24,ala,van,55,3,-10000.0,3000.0,-40.5,40.5,-115.0,-115.0,,,60.5,,14,espn-core,,,0,1,8,8,Tuscaloosa,AL
2022-09-24,app,jmu,28,32,-244.0,200.0,-6.5,6.5,-120.0,-110.0,,,56.5,,14,espn-core,,,0,1,37,37,Boone,NC
2022-09-24,asu,utah,13,34,550.0,-795.0,16.5,-16.5,-115.0,-115.0,,,54.0,,14,espn-core,,,0,1,9,9,Tempe,AZ
2022-09-24,aub,miz,17,14,-291.0,235.0,-7.5,7.5,-115.0,-115.0,,,51.0,,14,espn-core,,,0,1,8,8,Auburn,AL
2022-09-24,byu,wyo,38,24,-1800.0,950.0,-21.25,21.25,-110.0,-110.0,,,50.0,,14,espn-core,,,0,0,18,17,Provo,UT
2022-09-24,cal,ariz,49,31,-175.0,145.0,-3.5,3.5,-110.0,-110.0,,,50.5,,14,espn-core,,,0,1,9,9,Berkeley,CA
2022-09-24,cin,iu,45,24,-781.0,545.0,-16.5,16.5,-115.0,-105.0,,,57.0,,14,espn-core,,,0,0,151,5,Cincinnati,OH
2022-09-24,colo,ucla,17,45,950.0,-1800.0,22.0,-22.0,-110.0,-110.0,,,57.0,,14,espn-core,,,0,1,9,9,Boulder,CO
2022-09-24,csu,sac,10,41,162.0,-194.0,4.5,-4.5,,,,,59.5,,12,espn-core,,,0,0,17,20,Fort Collins,CO
2022-09-24,del,hamp,35,3,-4192.0,1462.5,-24.5,24.5,,,,,51.0,,11,espn-core,,,0,1,48,48,Newark,DE
2022-09-24,ecu,navy,20,23,-800.0,550.0,-16.5,16.5,-110.0,-110.0,,,48.5,,14,espn-core,,,0,1,151,151,Greenville,NC
2022-09-24,emu,buff,31,50,-250.0,205.0,-6.5,6.5,-120.0,,,,57.5,,14,espn-core,,,0,1,15,15,Ypsilanti,MI
2022-09-24,fsu,bc,44,14,-1000.0,650.0,-18.5,18.5,-120.0,,,,48.5,,14,espn-core,,,0,1,1,1,Tallahassee,FL
2022-09-24,gaso,ball,34,23,-350.0,275.0,-9.5,9.5,125.0,-145.0,,,67.0,,14,espn-core,,,0,0,37,15,Statesboro,GA
2022-09-24,hou,rice,34,27,-900.0,600.0,-17.5,17.5,-120.0,-110.0,,,52.5,,14,espn-core,,,0,0,151,12,Houston,TX
2022-09-24,isu,bay,24,31,-140.0,118.0,-2.5,2.5,-125.0,-105.0,,,45.0,,14,espn-core,,,0,1,4,4,Ames,IA
2022-09-24,kenn,wof,24,22,,,,,,,,,,,0,espn-core,,,0,0,176,29,Kennesaw,GA
2022-09-24,ku,duke,35,27,-286.0,235.0,-7.0,7.0,-105.0,-115.0,,,65.5,,14,espn-core,,,0,0,4,1,Lawrence,KS
2022-09-24,lib,akr,21,12,-4750.0,1495.0,-26.5,26.5,-110.0,-110.0,,,53.5,,14,espn-core,,,0,0,18,15,Lynchburg,VA
2022-09-24,lou,usf,41,3,-625.0,450.0,-15.5,15.5,-115.0,-115.0,,,63.5,,14,espn-core,,,0,0,1,151,Louisville,KY
2022-09-24,lsu,unm,38,0,-10000.0,2414.0,-31.5,31.5,-110.0,-120.0,,,44.0,,14,espn-core,,,0,0,8,17,Baton Rouge,LA
2022-09-24,mem,unt,44,34,-500.0,364.0,-12.75,12.75,,-120.0,,,68.5,,14,espn-core,,,0,0,151,12,Memphis,TN
2022-09-24,mia,mtsu,31,45,-4750.0,1550.0,-25.5,25.5,-115.0,-115.0,,,53.5,,14,espn-core,,,0,0,1,12,Miami Gardens,FL
2022-09-24,mich,md,34,27,-887.0,575.0,-17.0,17.0,-110.0,-120.0,,,66.0,,14,espn-core,,,0,1,5,5,Ann Arbor,MI
2022-09-24,miss,tlsa,35,27,-1600.0,875.0,-21.0,21.0,-105.0,-115.0,,,66.5,,14,espn-core,,,0,0,8,151,Oxford,MS
2022-09-24,most,sdst,14,28,110.0,-130.0,2.0,-2.0,,,,,52.5,,10,espn-core,,,0,1,21,21,Springfield,MO
2022-09-24,msst,bgsu,45,14,-10000.0,1800.0,-31.0,31.0,,-120.0,,,53.0,,14,espn-core,,,0,0,8,15,Starkville,MS
2022-09-24,msu,minn,7,34,125.0,-145.0,,,-130.0,,,,50.0,,14,espn-core,,,0,1,5,5,East Lansing,MI
2022-09-24,ncsu,conn,41,10,-10000.0,2000.0,-38.5,38.5,-105.0,-115.0,,,47.5,,14,espn-core,,,0,0,1,18,Raleigh,NC
2022-09-24,nich,jvst,21,52,277.0,-358.5,9.0,-9.0,,,,,57.0,,11,espn-core,,,0,0,30,176,Thibodaux,LA
2022-09-24,nmsu,haw,45,26,-194.0,161.0,-4.5,4.5,-115.0,-115.0,,,53.0,,14,espn-core,,,0,0,18,17,Las Cruces,NM
2022-09-24,nu,m-oh,14,17,-300.0,240.0,-7.5,7.5,-120.0,-110.0,,,50.0,,14,espn-core,,,0,0,5,15,Evanston,IL
2022-09-24,odu,arst,29,26,-209.5,175.0,-5.0,5.0,-115.0,-115.0,,,55.75,,14,espn-core,,,0,1,37,37,Norfolk,VA
2022-09-24,ohio,for,59,52,-800.0,525.0,-16.5,16.5,,,,,73.75,,12,espn-core,,,0,0,15,27,Athens,OH
2022-09-24,orst,usc,14,17,190.0,-234.0,5.5,-5.5,-120.0,-110.0,,,70.0,,14,espn-core,,,0,1,9,9,Corvallis,OR
2022-09-24,osu,wisc,52,21,-1111.0,700.0,-18.75,18.75,-105.0,-125.0,,,56.5,,14,espn-core,,,0,1,5,5,Columbus,OH
2022-09-24,ou,ksu,34,41,-550.0,400.0,-13.5,13.5,-115.0,-115.0,,,53.0,,14,espn-core,,,0,1,4,4,Norman,OK
2022-09-24,pitt,uri,45,24,-10000.0,2000.0,-32.5,32.5,,,,,55.0,,12,espn-core,,,0,0,1,48,Pittsburgh,PA
2022-09-24,psu,cmu,33,14,-7241.5,1712.5,-28.0,28.0,-110.0,-110.0,,,61.5,,13,espn-core,,,0,0,5,15,University Park,PA
2022-09-24,pur,fau,28,26,-900.0,600.0,-16.25,16.25,-115.0,-115.0,,,57.5,,14,espn-core,,,0,0,5,12,West Lafayette,IN
2022-09-24,rutg,iowa,10,27,255.0,-320.0,7.5,-7.5,-110.0,-120.0,,,34.5,,10,espn-core,,,0,1,5,5,Piscataway,NJ
2022-09-24,sc,clt,56,20,-2500.0,1150.0,-23.5,23.5,-110.0,-110.0,,,66.5,,14,espn-core,,,0,0,8,12,Columbia,SC
2022-09-24,sdak,ndsu,17,34,544.5,-853.0,16.5,-16.5,,,,,47.5,,9,espn-core,,,0,1,21,21,Vermillion,SD
2022-09-24,sdsu,tol,17,14,120.0,-147.0,2.5,-2.5,-105.0,-115.0,,,44.5,,14,espn-core,,,0,0,17,15,San Diego,CA
2022-09-24,sjsu,wmu,34,6,-260.0,209.0,-6.5,6.5,-120.0,-110.0,,,48.5,,14,espn-core,,,0,0,17,15,San Jose,CA
2022-09-24,smu,tcu,34,42,110.0,-130.0,2.5,-2.5,-120.0,-110.0,,,72.0,,14,espn-core,,,0,0,151,4,Dallas,TX
2022-09-24,ta&m,ark,23,21,-122.0,100.0,-1.5,1.5,-115.0,-115.0,,,51.0,,14,espn-core,,,1,1,8,8,Arlington,TX
2022-09-24,tem,mass,28,0,-380.0,299.0,-10.0,10.0,-115.0,-115.0,,,44.0,,14,espn-core,,,0,0,151,18,Philadelphia,PA
2022-09-24,tenn,fla,38,33,-384.0,300.0,-11.0,11.0,-120.0,-110.0,,,62.5,,14,espn-core,,,0,1,8,8,Knoxville,TN
2022-09-24,troy,mrsh,16,7,137.0,-165.0,3.5,-3.5,-120.0,-110.0,,,51.5,,13,espn-core,,,0,1,37,37,Troy,AL
2022-09-24,ttu,tex,37,34,218.0,-267.5,7.0,-7.0,,-120.0,,,60.0,,14,espn-core,,,0,1,4,4,Lubbock,TX
2022-09-24,tuln,usm,24,27,-450.0,350.0,-12.0,12.0,-115.0,-105.0,,,48.5,,14,espn-core,,,0,0,151,37,New Orleans,LA
2022-09-24,txst,hcu,34,0,-7000.0,1600.0,-26.5,26.5,,,,,65.0,,10,espn-core,,,0,0,37,30,San Marcos,TX
2022-09-24,ucf,gt,27,10,-1600.0,900.0,-21.0,21.0,-120.0,-110.0,,,56.5,,14,espn-core,,,0,0,151,1,Orlando,FL
2022-09-24,uga,kent,39,22,-10000.0,2500.0,-45.0,45.0,-120.0,-110.0,,,61.5,,14,espn-core,,,0,0,8,15,Athens,GA
2022-09-24,uk,niu,31,23,-4660.5,1500.0,-26.75,26.75,-120.0,-110.0,,,53.0,,14,espn-core,,,0,0,8,15,Lexington,KY
2022-09-24,ulm,ul,21,17,280.0,-355.0,9.5,-9.5,-115.0,-115.0,,,51.0,,14,espn-core,,,0,1,37,37,Monroe,LA
2022-09-24,unc,nd,32,45,-142.0,120.0,-2.5,2.5,-120.0,-110.0,,,55.5,,14,espn-core,,,0,0,1,18,Chapel Hill,NC
2022-09-24,usa,lt,38,14,-532.0,400.0,-13.0,13.0,-110.0,-110.0,,,59.0,,14,espn-core,,,0,0,37,12,Mobile,AL
2022-09-24,usu,unlv,24,34,125.0,-150.0,3.0,-3.0,,-120.0,,,61.5,,14,espn-core,,,0,1,17,17,Logan,UT
2022-09-24,utsa,txso,52,24,,,-42.0,42.0,,,,,65.0,,12,espn-core,,,0,0,12,31,San Antonio,TX
2022-09-24,wake,clem,45,51,240.0,-300.0,7.5,-7.5,-115.0,-115.0,,,58.0,,14,espn-core,,,0,1,1,1,Winston-Salem,NC
2022-09-24,wash,stan,40,22,-561.0,425.0,-14.0,14.0,-110.0,-110.0,,,62.0,,14,espn-core,,,0,1,9,9,Seattle,WA
2022-09-24,wku,fiu,73,0,-10000.0,2000.0,-31.0,31.0,-110.0,-120.0,,,65.5,,14,espn-core,,,0,1,12,12,Bowling Green,KY
2022-09-24,wsu,ore,41,44,195.0,-243.0,6.5,-6.5,-115.0,-105.0,,,57.5,,14,espn-core,,,0,1,9,9,Pullman,WA
2022-09-29,byu,usu,38,26,-4459.0,1466.5,-26.0,26.0,-115.0,-105.0,,,60.0,,12,espn-core,,,0,0,18,17,Provo,UT
2022-09-29,sc,scst,50,10,-10000.0,2500.0,-40.5,40.5,-115.0,-115.0,,,57.0,,12,espn-core,,,0,0,8,24,Columbia,SC
2022-09-30,bois,sdsu,35,13,-240.0,200.0,-6.0,6.0,-120.0,-110.0,,,38.0,,12,espn-core,,,0,1,17,17,Boise,ID
2022-09-30,hou,tuln,24,27,-210.0,175.0,-5.25,5.25,-110.0,-120.0,,,52.0,,12,espn-core,,,0,1,151,151,Houston,TX
2022-09-30,mtsu,utsa,30,45,160.0,-190.0,4.5,-4.5,-120.0,-110.0,,,64.0,,12,espn-core,,,0,1,12,12,Murfreesboro,TN
2022-09-30,ucla,wash,40,32,120.0,-145.0,2.5,-2.5,-105.0,-125.0,,,65.0,,12,espn-core,,,0,1,9,9,Pasadena,CA
2022-09-30,unlv,unm,31,20,-650.0,460.0,-14.0,14.0,-110.0,-110.0,,,44.25,,11,espn-core,,,0,1,17,17,Las Vegas,NV
2022-10-01,afa,navy,13,10,-648.0,457.5,-14.0,14.0,-120.0,-110.0,,,38.0,,12,espn-core,,,0,0,17,151,USAF Academy,CO
2022-10-01,akr,bgsu,28,31,260.0,-334.0,9.0,-9.0,-115.0,-115.0,,,49.5,,12,espn-core,,,0,1,15,15,Akron,OH
2022-10-01,app,cit,49,0,-10000.0,2000.0,-39.5,39.5,-105.0,-115.0,,,54.5,,11,espn-core,,,0,0,37,29,Boone,NC
2022-10-01,ariz,colo,43,20,-950.5,612.5,-18.0,18.0,-120.0,-110.0,,,58.0,,13,espn-core,,,0,1,9,9,Tucson,AZ
2022-10-01,ark,ala,26,49,571.0,-850.0,17.0,-17.0,-110.0,-120.0,,,61.0,,12,espn-core,,,0,1,8,8,Fayetteville,AR
2022-10-01,army,gast,14,31,-331.5,260.0,-8.5,8.5,-110.0,-120.0,,,54.0,,12,espn-core,,,0,0,18,37,West Point,NY
2022-10-01,arst,ulm,45,28,-278.0,222.0,-7.5,7.5,-105.0,-115.0,,,59.0,,13,espn-core,,,0,1,37,37,Jonesboro,AR
2022-10-01,aub,lsu,17,21,250.0,-315.0,8.0,-8.0,-115.0,-115.0,,,44.5,,13,espn-core,,,0,1,8,8,Auburn,AL
2022-10-01,ball,niu,44,38,145.0,-172.5,3.5,-3.5,-110.0,-110.0,,,58.5,,12,espn-core,,,0,1,15,15,Muncie,IN
2022-10-01,bay,okst,25,36,-135.0,115.0,-2.5,2.5,-125.0,-105.0,,,56.0,,12,espn-core,,,0,1,4,4,Waco,TX
2022-10-01,bc,lou,34,33,397.5,-550.0,13.5,-13.5,-115.0,-115.0,,,48.5,,12,espn-core,,,0,1,1,1,Chestnut Hill,MA
2022-10-01,buff,m-oh,24,20,-147.0,125.0,-3.0,3.0,-105.0,-125.0,,,50.5,,12,espn-core,,,0,1,15,15,Buffalo,NY
2022-10-01,ccu,gaso,34,30,-360.0,280.0,-10.0,10.0,-115.0,-105.0,,,69.5,,13,espn-core,,,0,1,37,37,Conway,SC
2022-10-01,clem,ncsu,30,20,-255.0,205.5,-6.5,6.5,-125.0,-105.0,,,45.5,,13,espn-core,,,0,1,1,1,Clemson,SC
2022-10-01,clt,utep,35,41,145.0,-170.0,3.5,-3.5,-110.0,-110.0,,,56.0,,11,espn-core,,,0,1,12,12,Charlotte,NC
2022-10-01,conn,fres,19,14,1100.0,-2500.0,23.5,-23.5,-110.0,-110.0,,,51.0,,12,espn-core,,,0,0,18,17,East Hartford,CT
2022-10-01,cp,sac,21,49,1500.0,-4342.5,25.0,-25.0,-115.0,-105.0,,,62.0,,9,espn-core,,,0,1,20,20,San Luis Obispo,CA
2022-10-01,del,tow,24,10,-4000.0,1600.0,-26.5,26.5,-110.0,-110.0,,,44.5,,10,espn-core,,,0,1,48,48,Newark,DE
2022-10-01,duke,uva,38,17,-128.0,110.0,-2.0,2.0,-120.0,-110.0,,,55.0,,13,espn-core,,,0,1,1,1,Durham,NC
2022-10-01,emu,mass,20,13,-1400.0,800.0,-20.0,20.0,-115.0,-115.0,,,53.5,,12,espn-core,,,0,0,15,18,Ypsilanti,MI
2022-10-01,fsu,wake,21,31,-225.0,185.0,-6.0,6.0,-115.0,-115.0,,,67.5,,12,espn-core,,,0,1,1,1,Tallahassee,FL
2022-10-01,iowa,mich,14,27,320.0,-415.5,10.5,-10.5,-115.0,-115.0,,,42.0,,12,espn-core,,,0,1,5,5,Iowa City,IA
2022-10-01,jmu,txst,40,13,-2000.0,1050.0,-21.75,21.75,-110.0,-120.0,,,51.5,,12,espn-core,,,0,1,37,37,Harrisonburg,VA
2022-10-01,jvst,kenn,35,28,-525.0,400.0,-12.5,12.5,-110.0,-110.0,,,52.5,,1,espn-core,,,0,1,176,176,Jacksonville,AL
2022-10-01,kent,ohio,31,24,-450.0,360.0,-12.5,12.5,-110.0,-110.0,,,65.5,,12,espn-core,,,0,1,15,15,Kent,OH
2022-10-01,ksu,ttu,37,28,-303.0,240.0,-7.5,7.5,-110.0,-120.0,,,56.0,,12,espn-core,,,0,1,4,4,Manhattan,KS
2022-10-01,ku,isu,14,11,143.0,-170.0,3.5,-3.5,-125.0,105.0,,,59.0,,12,espn-core,,,0,1,4,4,Lawrence,KS
2022-10-01,md,msu,27,13,-295.0,240.0,-7.5,7.5,-115.0,-115.0,,,58.5,,12,espn-core,,,0,1,5,5,College Park,MD
2022-10-01,mem,tem,24,3,-1136.5,700.0,-18.5,18.5,-110.0,-110.0,,,50.0,,12,espn-core,,,0,1,151,151,Memphis,TN
2022-10-01,minn,pur,10,20,-350.0,275.0,-9.5,9.5,-115.0,-115.0,,,53.0,,12,espn-core,,,0,1,5,5,Minneapolis,MN
2022-10-01,miss,uk,22,19,-250.0,202.0,-6.5,6.5,-120.0,-110.0,,,54.75,,12,espn-core,,,0,1,8,8,Oxford,MS
2022-10-01,miz,uga,22,26,2100.0,-10000.0,30.5,-30.5,-105.0,-115.0,,,54.0,,13,espn-core,,,0,1,8,8,Columbia,MO
2022-10-01,mrsh,gweb,28,7,-10000.0,3500.0,-31.0,31.0,-105.0,-125.0,,,56.0,,10,espn-core,,,0,0,37,40,Huntington,WV
2022-10-01,msst,ta&m,42,24,-194.0,160.0,-4.0,4.0,-120.0,-110.0,,,45.0,,12,espn-core,,,0,1,8,8,Starkville,MS
2022-10-01,ndsu,ysu,27,14,-3416.5,1300.0,-23.0,23.0,-110.0,-110.0,,,53.0,,9,espn-core,,,0,1,21,21,Fargo,ND
2022-10-01,neb,iu,35,21,-240.5,200.0,-6.5,6.5,-110.0,-110.0,,,61.5,,13,espn-core,,,0,1,5,5,Lincoln,NE
2022-10-01,nmsu,fiu,7,21,-672.0,478.5,-15.0,15.0,-115.0,-105.0,,,54.0,,13,espn-core,,,0,0,18,12,Las Cruces,NM
2022-10-01,odu,lib,24,38,145.0,-171.0,3.5,-3.5,-110.0,-120.0,,,47.5,,13,espn-core,,,0,0,37,18,Norfolk,VA
2022-10-01,ore,stan,45,27,-800.0,550.0,-17.5,17.5,-120.0,-110.0,,,63.0,,13,espn-core,,,0,1,9,9,Eugene,OR
2022-10-01,osu,rutg,49,10,-10000.0,2000.0,-39.0,39.0,-115.0,-115.0,,,58.0,,8,espn-core,,,0,1,5,5,Columbus,OH
2022-10-01,pitt,gt,21,26,-2000.0,1027.0,-21.5,21.5,-110.0,-110.0,,,47.0,,13,espn-core,,,0,1,1,1,Pittsburgh,PA
2022-10-01,psu,nu,17,7,-4000.0,1450.0,-25.5,25.5,-110.0,-120.0,,,50.0,,12,espn-core,,,0,1,5,5,University Park,PA
2022-10-01,rice,uab,28,24,290.0,-370.5,10.5,-10.5,-110.0,-110.0,,,51.0,,13,espn-core,,,0,1,12,12,Houston,TX
2022-10-01,shsu,sfa,17,16,-247.5,200.0,-6.25,6.25,-105.0,-115.0,,,54.0,,10,espn-core,,,1,1,16,16,Houston,TX
2022-10-01,syr,wag,59,0,-10000.0,3300.0,-54.0,54.0,-105.0,-115.0,,,63.0,,12,espn-core,,,0,0,1,25,Syracuse,NY
2022-10-01,tcu,ou,55,24,170.0,-204.5,5.0,-5.0,-115.0,-115.0,,,69.5,,12,espn-core,,,0,1,4,4,Fort Worth,TX
2022-10-01,tex,wvu,38,20,-299.0,240.0,-7.5,7.5,-105.0,-115.0,,,61.0,,13,espn-core,,,0,1,4,4,Austin,TX
2022-10-01,tlsa,cin,21,31,300.0,-385.0,10.0,-10.0,-115.0,-115.0,,,59.0,,13,espn-core,,,0,1,151,151,Tulsa,OK
2022-10-01,tol,cmu,38,17,-250.0,200.0,-6.5,6.5,-115.0,-115.0,,,56.0,,12,espn-core,,,0,1,15,15,Toledo,OH
2022-10-01,ul,usa,17,20,260.0,-333.0,8.5,-8.5,-115.0,-105.0,,,47.5,,13,espn-core,,,0,1,37,37,Lafayette,LA
2022-10-01,unc,vt,41,10,-351.0,275.0,-9.5,9.5,-115.0,-115.0,,,57.0,,12,espn-core,,,0,1,1,1,Chapel Hill,NC
2022-10-01,und,most,48,31,170.0,-206.0,5.5,-5.5,-110.0,-110.0,,,51.5,,9,espn-core,,,0,1,21,21,Grand Forks,ND
2022-10-01,unt,fau,45,28,128.0,-150.0,3.0,-3.0,-110.0,-110.0,,,67.5,,13,espn-core,,,0,1,12,12,Denton,TX
2022-10-01,usc,asu,42,25,-4000.0,1400.0,-24.5,24.5,-110.0,-120.0,,,61.0,,13,espn-core,,,0,1,9,9,Los Angeles,CA
2022-10-01,usf,ecu,28,48,271.0,-350.0,9.5,-9.5,-110.0,-110.0,,,56.0,,13,espn-core,,,1,1,151,151,Boca Raton,FL
2022-10-01,utah,orst,42,16,-385.0,300.0,-10.5,10.5,-110.0,-110.0,,,54.5,,12,espn-core,,,0,1,9,9,Salt Lake City,UT
2022-10-01,wisc,ill,10,34,-250.0,204.5,-6.5,6.5,-110.0,-120.0,,,43.5,,12,espn-core,,,0,1,5,5,Madison,WI
2022-10-01,wku,troy,27,34,-200.0,168.5,-5.0,5.0,-110.0,-120.0,,,55.0,,13,espn-core,,,0,0,12,37,Bowling Green,KY
2022-10-01,wmu,unh,44,7,-700.0,493.0,-15.0,15.0,-115.0,-105.0,,,52.5,,11,espn-core,,,0,0,15,48,Kalamazoo,MI
2022-10-01,wsu,cal,28,9,-185.0,155.0,-4.0,4.0,-110.0,-110.0,,,52.5,,13,espn-core,,,0,1,9,9,Pullman,WA
2022-10-01,wyo,sjsu,16,33,115.0,-135.0,,,-105.0,-115.0,,,42.5,,13,espn-core,,,0,1,17,17,Laramie,WY
2022-10-02,fla,ewu,52,17,-10000.0,2500.0,-32.0,32.0,,,,,71.5,,11,espn-core,,,0,0,8,20,Gainesville,FL
2022-10-05,ucf,smu,41,19,-150.0,130.0,-3.0,3.0,-110.0,-110.0,,,65.0,,13,espn-core,,,0,1,151,151,Orlando,FL
2022-10-07,mem,hou,32,33,-120.0,100.0,-1.5,1.5,-110.0,-120.0,,,57.5,,13,espn-core,,,0,1,151,151,Memphis,TN
2022-10-07,nev,csu,14,17,-170.0,145.0,-3.5,3.5,,-120.0,,,45.0,,14,espn-core,,,0,1,17,17,Reno,NV
2022-10-07,rutg,neb,13,14,125.0,-150.0,3.0,-3.0,-105.0,-125.0,,,50.5,,9,espn-core,,,0,1,5,5,Piscataway,NJ
2022-10-07,sjsu,unlv,40,7,-250.0,200.0,-6.5,6.5,-125.0,-105.0,,,51.5,,14,espn-core,,,0,1,17,17,San Jose,CA
2022-10-08,ala,ta&m,24,20,-2500.0,1200.0,-24.0,24.0,-110.0,-120.0,,,48.0,,14,espn-core,,,0,1,8,8,Tuscaloosa,AL
2022-10-08,ariz,ore,22,49,393.0,-531.0,13.5,-13.5,-110.0,-120.0,,,72.0,,13,espn-core,,,0,1,9,9,Tucson,AZ
2022-10-08,arst,jmu,20,42,340.0,-455.0,11.5,-11.5,-115.0,-115.0,,,55.0,,14,espn-core,,,0,1,37,37,Jonesboro,AR
2022-10-08,asu,wash,45,38,400.0,-550.0,13.5,-13.5,-115.0,-115.0,,,56.0,,13,espn-core,,,0,1,9,9,Tempe,AZ
2022-10-08,bc,clem,3,31,850.0,-1600.0,21.0,-21.0,-110.0,-110.0,,,48.5,,14,espn-core,,,0,1,1,1,Chestnut Hill,MA
2022-10-08,bgsu,buff,7,38,110.0,-130.0,2.0,-2.0,-115.0,-105.0,,,55.5,,13,espn-core,,,0,1,15,15,Bowling Green,OH
2022-10-08,bois,fres,40,20,-390.0,300.0,-10.5,10.5,-115.0,-115.0,,,45.5,,14,espn-core,,,0,1,17,17,Boise,ID
2022-10-08,cin,usf,28,24,-6823.0,1725.0,-27.0,27.0,-110.0,-120.0,,,58.5,,13,espn-core,,,0,1,151,151,Cincinnati,OH
2022-10-08,cmu,ball,16,17,-294.0,235.0,-7.5,7.5,-120.0,-110.0,,,63.5,,13,espn-core,,,0,1,15,15,Mount Pleasant,MI
2022-10-08,fiu,conn,12,33,180.0,-220.0,5.5,-5.5,-115.0,-105.0,,,46.5,,14,espn-core,,,0,0,12,18,Miami,FL
2022-10-08,fla,miz,24,17,-420.0,320.0,-10.5,10.5,-105.0,-115.0,,,53.5,,13,espn-core,,,0,1,8,8,Gainesville,FL
2022-10-08,gast,gaso,41,33,-140.0,118.0,-2.5,2.5,-110.0,-110.0,,,66.5,,13,espn-core,,,0,1,37,37,Atlanta,GA
2022-10-08,gt,duke,23,20,140.0,-165.0,3.5,-3.5,-120.0,-110.0,,,54.0,,13,espn-core,,,0,1,1,1,Atlanta,GA
2022-10-08,ill,iowa,9,6,-175.0,150.0,-3.5,3.5,-105.0,-125.0,,,36.5,,14,espn-core,,,0,1,5,5,Champaign,IL
2022-10-08,inst,ndsu,26,31,3000.0,-8000.0,30.0,-30.0,-105.0,-115.0,,,45.5,,9,espn-core,,,0,1,21,21,Terre Haute,IN
2022-10-08,isu,ksu,9,10,100.0,-120.0,1.0,-1.0,-110.0,-110.0,,,45.0,,14,espn-core,,,0,1,4,4,Ames,IA
2022-10-08,iu,mich,10,31,1058.5,-2100.0,23.5,-23.5,-105.0,-115.0,,,57.75,,12,espn-core,,,0,1,5,5,Bloomington,IN
2022-10-08,kenn,una,40,34,,,,,,,,,,,0,espn-core,,,0,1,176,176,Kennesaw,GA
2022-10-08,ku,tcu,31,38,220.0,-274.0,7.0,-7.0,-120.0,,,,70.0,,13,espn-core,,,0,1,4,4,Lawrence,KS
2022-10-08,lsu,tenn,13,40,115.0,-138.0,2.5,-2.5,-115.0,-115.0,,,63.5,,13,espn-core,,,0,1,8,8,Baton Rouge,LA
2022-10-08,lt,utep,41,31,-125.0,105.0,-2.0,2.0,-110.0,-110.0,,,52.5,,14,espn-core,,,0,1,12,12,Ruston,LA
2022-10-08,m-oh,kent,27,24,175.0,-210.0,5.0,-5.0,-115.0,-115.0,,,56.5,,13,espn-core,,,0,1,15,15,Oxford,OH
2022-10-08,mass,lib,24,42,1200.0,-2937.0,22.5,-22.5,-110.0,-120.0,,,46.0,,13,espn-core,,,0,0,18,18,Amherst,MA
2022-10-08,md,pur,29,31,-155.0,132.5,-3.0,3.0,-105.0,-125.0,,,59.5,,12,espn-core,,,0,1,5,5,College Park,MD
2022-10-08,mia,unc,24,27,-183.0,153.0,-4.0,4.0,-110.0,-120.0,,,67.5,,13,espn-core,,,0,1,1,1,Miami Gardens,FL
2022-10-08,most,siu,21,38,-178.0,150.0,-3.5,3.5,-110.0,-110.0,,,62.5,,11,espn-core,,,0,1,21,21,Springfield,MO
2022-10-08,msst,ark,40,17,-324.0,255.0,-8.5,8.5,-115.0,-105.0,,,55.5,,13,espn-core,,,0,1,8,8,Starkville,MS
2022-10-08,msu,osu,20,49,1700.0,-6848.0,27.0,-27.0,-105.0,-115.0,,,64.5,,13,espn-core,,,0,1,5,5,East Lansing,MI
2022-10-08,navy,tlsa,53,21,170.0,-209.0,4.5,-4.5,-110.0,-120.0,,,46.0,,13,espn-core,,,0,1,151,151,Annapolis,MD
2022-10-08,ncsu,fsu,19,17,-165.0,138.0,-3.5,3.5,-110.0,-120.0,,,50.5,,14,espn-core,,,0,1,1,1,Raleigh,NC
2022-10-08,nd,byu,28,20,-175.0,148.0,-3.5,3.5,-110.0,-120.0,,,51.5,,14,espn-core,,,1,0,18,18,Las Vegas,NV
2022-10-08,niu,tol,32,52,195.0,-230.0,6.5,-6.5,-110.0,-120.0,,,59.0,,13,espn-core,,,0,1,15,15,Dekalb,IL
2022-10-08,nu,wisc,7,42,295.0,-375.0,10.0,-10.0,-115.0,-115.0,,,44.5,,13,espn-core,,,0,1,5,5,Evanston,IL
2022-10-08,ohio,akr,55,34,-372.0,285.0,-10.0,10.0,-115.0,-115.0,,,59.0,,13,espn-core,,,0,1,15,15,Athens,OH
2022-10-08,okst,ttu,41,31,-420.0,320.0,-11.0,11.0,-120.0,-110.0,,,65.5,,13,espn-core,,,0,1,4,4,Stillwater,OK
2022-10-08,ou,tex,0,49,225.0,-280.0,7.5,-7.5,-120.0,-110.0,,,65.0,,13,espn-core,,,1,1,4,4,Dallas,TX
2022-10-08,pitt,vt,45,29,-600.0,450.0,-14.5,14.5,-120.0,-110.0,,,42.0,,13,espn-core,,,0,1,1,1,Pittsburgh,PA
2022-10-08,sac,unco,55,7,-4500.0,1550.0,-29.5,29.5,,,,,68.0,,10,espn-core,,,0,1,20,20,Sacramento,CA
2022-10-08,sdsu,haw,16,14,-2500.0,1200.0,-23.75,23.75,-115.0,-115.0,,,49.0,,14,espn-core,,,0,1,17,17,San Diego,CA
2022-10-08,stan,orst,27,28,158.0,-190.0,4.5,-4.5,-120.0,-110.0,,,53.5,,14,espn-core,,,0,1,9,9,Stanford,CA
2022-10-08,troy,usm,27,10,-275.0,220.0,-7.0,7.0,-125.0,-105.0,,,44.0,,14,espn-core,,,0,1,37,37,Troy,AL
2022-10-08,tuln,ecu,24,9,-150.0,125.0,-2.75,2.75,-105.0,-115.0,,,55.5,,12,espn-core,,,0,1,151,151,New Orleans,LA
2022-10-08,txst,app,36,24,700.0,-1200.0,19.25,-19.25,-120.0,-110.0,,,54.5,,14,espn-core,,,0,1,37,37,San Marcos,TX
2022-10-08,uab,mtsu,41,14,-365.0,287.0,-10.0,10.0,-105.0,-125.0,,,53.0,,13,espn-core,,,0,1,12,12,Birmingham,AL
2022-10-08,ucla,utah,42,32,140.0,-164.0,3.0,-3.0,-115.0,-115.0,,,64.5,,13,espn-core,,,0,1,9,9,Pasadena,CA
2022-10-08,uga,aub,42,10,-10000.0,1700.0,-27.5,27.5,-105.0,-115.0,,,49.5,,13,espn-core,,,0,1,8,8,Athens,GA
2022-10-08,uk,sc,14,24,-195.0,160.0,-4.5,4.5,-110.0,-120.0,,,45.0,,14,espn-core,,,0,1,8,8,Lexington,KY
2022-10-08,ulm,ccu,21,28,360.0,-477.0,12.5,-12.5,-110.0,-110.0,,,58.0,,14,espn-core,,,0,1,37,37,Monroe,LA
2022-10-08,unm,wyo,14,27,140.0,-165.0,3.0,-3.0,-115.0,-115.0,,,37.0,,14,espn-core,,,0,1,17,17,Albuquerque,NM
2022-10-08,usc,wsu,30,14,-450.0,341.0,-12.25,12.25,-115.0,-115.0,,,64.5,,14,espn-core,,,0,1,9,9,Los Angeles,CA
2022-10-08,usu,afa,34,27,330.0,-430.0,11.5,-11.5,-115.0,-115.0,,,53.5,,14,espn-core,,,0,1,17,17,Logan,UT
2022-10-08,utsa,wku,31,28,-250.0,200.0,-6.5,6.5,-120.0,-110.0,,,72.5,,14,espn-core,,,0,1,12,12,San Antonio,TX
2022-10-08,uva,lou,17,34,-120.0,100.0,-1.5,1.5,-115.0,-115.0,,,47.5,,12,espn-core,,,0,1,1,1,Charlottesville,VA
2022-10-08,van,miss,28,52,600.0,-900.0,17.0,-17.0,-125.0,-105.0,,,59.5,,13,espn-core,,,0,1,8,8,Nashville,TN
2022-10-08,w&m,del,27,21,-140.5,118.0,-2.5,2.5,-110.0,-110.0,,,45.5,,11,espn-core,,,0,1,48,48,Williamsburg,VA
2022-10-08,wake,army,45,10,-750.0,520.0,-16.0,16.0,-125.0,-105.0,,,65.5,,14,espn-core,,,0,0,1,18,Winston-Salem,NC
2022-10-08,wmu,emu,23,45,-197.0,163.0,-4.5,4.5,-115.0,-115.0,,,55.5,,13,espn-core,,,0,1,15,15,Kalamazoo,MI
2022-10-12,mrsh,ul,13,23,-400.0,315.0,-10.5,10.5,-105.0,-125.0,,,45.0,,14,espn-core,,,0,1,37,37,Huntington,WV
2022-10-13,ucf,tem,70,13,-2800.0,1200.0,-23.5,23.5,-120.0,-110.0,,,46.5,,14,espn-core,,,0,1,151,151,Orlando,FL
2022-10-13,wvu,bay,43,40,138.0,-165.0,3.0,-3.0,-130.0,,,,55.0,,14,espn-core,,,0,1,4,4,Morgantown,WV
2022-10-14,fiu,utsa,10,30,1600.0,-10000.0,33.5,-33.5,-120.0,-110.0,,,63.5,,14,espn-core,,,0,1,12,12,Miami,FL
2022-10-14,smu,navy,40,34,-480.0,360.0,-12.5,12.5,-110.0,-120.0,,,58.5,,14,espn-core,,,0,1,151,151,Dallas,TX
2022-10-15,akr,cmu,21,28,350.0,-455.0,12.0,-12.0,-115.0,-115.0,,,60.5,,13,espn-core,,,0,1,15,15,Akron,OH
2022-10-15,army,colg,42,17,-10000.0,3300.0,-31.0,31.0,-120.0,,,,51.0,,12,espn-core,,,0,0,18,27,West Point,NY
2022-10-15,ball,conn,25,21,-351.0,280.0,-9.5,9.5,-110.0,-110.0,,,47.5,,14,espn-core,,,0,0,15,18,Muncie,IN
2022-10-15,bgsu,m-oh,17,13,225.0,-275.0,7.0,-7.0,,-120.0,,,45.0,,14,espn-core,,,0,1,15,15,Bowling Green,OH
2022-10-15,byu,ark,35,52,-115.0,-105.0,-1.0,1.0,-115.0,-115.0,,,66.5,,14,espn-core,,,0,0,18,8,Provo,UT
2022-10-15,ccu,odu,21,49,-440.0,333.0,-11.5,11.5,-120.0,-110.0,,,58.5,,14,espn-core,,,0,1,37,37,Conway,SC
2022-10-15,colo,cal,20,13,478.0,-700.0,15.0,-15.0,-105.0,-125.0,,,49.0,,14,espn-core,,,0,1,9,9,Boulder,CO
2022-10-15,csu,usu,13,17,425.0,-586.0,14.0,-14.0,-110.0,-110.0,,,45.5,,14,espn-core,,,0,1,17,17,Fort Collins,CO
2022-10-15,duke,unc,35,38,225.0,-272.0,7.0,-7.0,-105.0,-125.0,,,69.5,,14,espn-core,,,0,1,1,1,Durham,NC
2022-10-15,ecu,mem,47,45,-220.0,180.0,-5.5,5.5,-110.0,-110.0,,,62.5,,14,espn-core,,,0,1,151,151,Greenville,NC
2022-10-15,eku,shsu,17,25,-267.0,217.5,-6.5,6.5,-110.0,-110.0,,,51.0,,12,espn-core,,,0,0,176,16,Richmond,KY
2022-10-15,emu,niu,10,39,-170.0,143.0,-3.5,3.5,-105.0,-125.0,,,64.5,,14,espn-core,,,0,1,15,15,Ypsilanti,MI
2022-10-15,ewu,sac,28,52,443.0,-600.0,14.5,-14.5,-110.0,-110.0,,,75.0,,11,espn-core,,,0,1,20,20,Cheney,WA
2022-10-15,fau,rice,17,14,-200.0,163.0,-4.5,4.5,-115.0,-105.0,,,54.5,,14,espn-core,,,0,1,12,12,Boca Raton,FL
2022-10-15,fla,lsu,35,45,-130.0,110.0,-2.0,2.0,-110.0,-110.0,,,51.5,,14,espn-core,,,0,1,8,8,Gainesville,FL
2022-10-15,fres,sjsu,17,10,223.0,-278.0,7.0,-7.0,-120.0,-110.0,,,47.0,,14,espn-core,,,0,1,17,17,Fresno,CA
2022-10-15,fsu,clem,28,34,170.0,-200.0,4.5,-4.5,-125.0,105.0,,,51.0,,14,espn-core,,,0,1,1,1,Tallahassee,FL
2022-10-15,gaso,jmu,45,38,375.0,-500.0,13.0,-13.0,-110.0,-110.0,,,67.5,,14,espn-core,,,0,1,37,37,Statesboro,GA
2022-10-15,haw,nev,31,16,185.0,-225.0,6.0,-6.0,-110.0,-120.0,,,51.5,,3,espn-core,,,0,1,17,17,Honolulu,HI
2022-10-15,ill,minn,26,14,175.0,-210.0,4.5,-4.5,-105.0,-115.0,,,40.0,,14,espn-core,,,0,1,5,5,Champaign,IL
2022-10-15,iu,md,33,38,315.0,-407.0,11.0,-11.0,-110.0,-110.0,,,63.5,,14,espn-core,,,0,1,5,5,Bloomington,IN
2022-10-15,kenn,cark,24,51,-150.0,130.0,-3.0,3.0,-110.0,-110.0,,,58.5,,1,espn-core,,,0,1,176,176,Kennesaw,GA
2022-10-15,lib,gweb,21,20,-3867.0,1390.0,-24.5,24.5,-105.0,-115.0,,,55.0,,11,espn-core,,,0,0,18,40,Lynchburg,VA
2022-10-15,mass,buff,7,34,550.0,-800.0,17.0,-17.0,-115.0,-105.0,,,47.5,,14,espn-core,,,0,0,18,15,Amherst,MA
2022-10-15,mich,psu,41,17,-272.0,220.0,-7.0,7.0,-130.0,,,,49.0,,14,espn-core,,,0,1,5,5,Ann Arbor,MI
2022-10-15,miss,aub,48,34,-700.0,500.0,-15.5,15.5,-115.0,-105.0,,,55.0,,14,espn-core,,,0,1,8,8,Oxford,MS
2022-10-15,msu,wisc,34,28,219.0,-270.0,7.0,-7.0,,-120.0,,,49.5,,14,espn-core,,,0,1,5,5,East Lansing,MI
2022-10-15,mtsu,wku,17,35,240.0,-298.5,7.5,-7.5,-115.0,-115.0,,,67.5,,14,espn-core,,,0,1,12,12,Murfreesboro,TN
2022-10-15,nd,stan,14,16,-800.0,550.0,-16.5,16.5,-115.0,-105.0,,,53.5,,14,espn-core,,,0,0,18,9,Notre Dame,IN
2022-10-15,ndsu,sdst,21,23,-188.5,156.5,-4.0,4.0,-110.0,-110.0,,,46.0,,12,espn-core,,,0,1,21,21,Fargo,ND
2022-10-15,nmsu,unm,21,9,220.0,-270.0,7.0,-7.0,-105.0,-125.0,,,38.5,,14,espn-core,,,0,0,18,17,Las Cruces,NM
2022-10-15,orst,wsu,24,10,-160.0,134.0,-3.0,3.0,,-130.0,,,51.5,,13,espn-core,,,0,1,9,9,Corvallis,OR
2022-10-15,ou,ku,52,42,-374.0,290.0,-10.5,10.5,,-120.0,,,66.0,,14,espn-core,,,0,1,4,4,Norman,OK
2022-10-15,pur,neb,43,37,-570.0,425.0,-14.0,14.0,,-120.0,,,56.0,,14,espn-core,,,0,1,5,5,West Lafayette,IN
2022-10-15,syr,ncsu,24,9,-155.0,130.0,-3.0,3.0,,-130.0,,,42.5,,14,espn-core,,,0,1,1,1,Syracuse,NY
2022-10-15,tcu,okst,43,40,-213.0,180.0,-5.0,5.0,-110.0,-120.0,,,69.5,,14,espn-core,,,0,1,4,4,Fort Worth,TX
2022-10-15,tenn,ala,52,49,260.0,-330.0,9.0,-9.0,-110.0,-110.0,,,68.0,,14,espn-core,,,0,1,8,8,Knoxville,TN
2022-10-15,tex,isu,24,21,-757.0,520.0,-15.5,15.5,-110.0,-110.0,,,48.5,,14,espn-core,,,0,1,4,4,Austin,TX
2022-10-15,tol,kent,52,31,-286.0,235.0,-7.5,7.5,-110.0,-120.0,,,62.5,,14,espn-core,,,0,1,15,15,Toledo,OH
2022-10-15,troy,txst,17,14,-842.0,564.0,-16.5,16.5,-120.0,-110.0,,,47.0,,14,espn-core,,,0,1,37,37,Troy,AL
2022-10-15,uab,clt,34,20,-2100.0,1064.0,-22.5,22.5,-110.0,-110.0,,,65.0,,14,espn-core,,,0,1,12,12,Birmingham,AL
2022-10-15,uga,van,55,0,-10000.0,3000.0,-37.5,37.5,-105.0,-115.0,,,56.5,,14,espn-core,,,0,1,8,8,Athens,GA
2022-10-15,uk,msst,27,17,143.0,-170.0,3.5,-3.5,-120.0,,,,50.5,,14,espn-core,,,0,1,8,8,Lexington,KY
2022-10-15,una,jvst,31,47,500.0,-704.0,15.5,-15.5,-105.0,-115.0,,,60.5,,11,espn-core,,,1,1,176,176,Madison,AL
2022-10-15,unlv,afa,7,42,300.0,-380.0,10.0,-10.0,-120.0,-110.0,,,50.0,,14,espn-core,,,0,1,17,17,Las Vegas,NV
2022-10-15,unt,lt,47,27,-250.0,200.0,-6.5,6.5,-110.0,-110.0,,,68.0,,14,espn-core,,,0,1,12,12,Denton,TX
2022-10-15,usa,ulm,41,34,-900.0,600.0,-17.0,17.0,-110.0,-110.0,,,51.0,,14,espn-core,,,0,1,37,37,Mobile,AL
2022-10-15,usf,tuln,31,45,350.0,-455.0,12.0,-12.0,-110.0,-120.0,,,55.0,,13,espn-core,,,0,1,151,151,Tampa,FL
2022-10-15,usm,arst,20,19,-195.0,165.0,-4.5,4.5,-110.0,-110.0,,,53.0,,14,espn-core,,,0,1,37,37,Hattiesburg,MS
2022-10-15,utah,usc,43,42,-165.0,137.0,-3.5,3.5,-105.0,-115.0,,,65.0,,14,espn-core,,,0,1,9,9,Salt Lake City,UT
2022-10-15,vt,mia,14,20,270.0,-345.0,8.75,-8.75,-115.0,-115.0,,,48.0,,14,espn-core,,,0,1,1,1,Blacksburg,VA
2022-10-15,wash,ariz,49,39,-607.0,450.0,-14.5,14.5,-110.0,-110.0,,,71.5,,14,espn-core,,,0,1,9,9,Seattle,WA
2022-10-15,wmu,ohio,14,33,-130.0,110.0,-2.0,2.0,-120.0,-110.0,,,61.5,,14,espn-core,,,0,1,15,15,Kalamazoo,MI
2022-10-19,app,gast,42,17,-345.0,270.0,-9.5,9.5,-110.0,-110.0,,,60.0,,13,espn-core,,,0,1,37,37,Boone,NC
2022-10-20,gt,uva,9,16,-160.5,137.5,-3.5,3.5,,-130.0,,,47.75,,12,espn-core,,,0,1,1,1,Atlanta,GA
2022-10-20,usa,troy,6,10,-155.0,130.5,-3.0,3.0,-130.0,,,,47.0,,12,espn-core,,,0,1,37,37,Mobile,AL
2022-10-21,tem,tlsa,16,27,403.0,-553.0,13.5,-13.5,-110.0,-120.0,,,53.5,,13,espn-core,,,0,1,151,151,Philadelphia,PA
2022-10-21,wku,uab,20,17,-124.0,100.0,-1.5,1.5,-115.0,-105.0,,,60.5,,13,espn-core,,,0,1,12,12,Bowling Green,KY
2022-10-22,afa,bois,14,19,-131.0,110.0,-2.5,2.5,-105.0,-115.0,,,46.5,,12,espn-core,,,0,1,17,17,USAF Academy,CO
2022-10-22,ala,msst,30,6,-1683.5,936.0,-21.0,21.0,-105.0,-125.0,,,61.5,,12,espn-core,,,0,1,8,8,Tuscaloosa,AL
2022-10-22,army,ulm,48,24,-250.0,204.5,-6.5,6.5,-110.0,-120.0,,,55.5,,12,espn-core,,,0,0,18,37,West Point,NY
2022-10-22,ball,emu,16,20,-139.5,116.5,-2.5,2.5,-105.0,-115.0,,,57.5,,12,espn-core,,,0,1,15,15,Muncie,IN
2022-10-22,bay,ku,35,23,-420.0,320.0,-10.5,10.5,-110.0,-120.0,,,56.5,,12,espn-core,,,0,1,4,4,Waco,TX
2022-10-22,buff,tol,34,27,225.0,-285.5,7.0,-7.0,-125.0,-105.0,,,56.0,,12,espn-core,,,0,1,15,15,Buffalo,NY
2022-10-22,cal,wash,21,28,242.5,-300.0,7.5,-7.5,-110.0,-110.0,,,54.5,,12,espn-core,,,0,1,9,9,Berkeley,CA
2022-10-22,clem,syr,27,21,-600.0,430.0,-14.0,14.0,,-120.0,,,50.0,,12,espn-core,,,0,1,1,1,Clemson,SC
2022-10-22,clt,fiu,15,34,-554.0,400.0,-14.0,14.0,-110.0,-120.0,,,63.5,,12,espn-core,,,0,1,12,12,Charlotte,NC
2022-10-22,cmu,bgsu,18,34,-236.5,192.0,-6.25,6.25,-110.0,-120.0,,,50.5,,12,espn-core,,,0,1,15,15,Mount Pleasant,MI
2022-10-22,csu,haw,17,13,-240.0,196.0,-6.0,6.0,-105.0,-115.0,,,46.0,,12,espn-core,,,0,1,17,17,Fort Collins,CO
2022-10-22,del,morg,38,7,-10000.0,3500.0,-33.5,33.5,-110.0,-110.0,,,47.5,,11,espn-core,,,0,0,48,24,Newark,DE
2022-10-22,ecu,ucf,34,13,170.5,-208.0,5.5,-5.5,-110.0,-120.0,,,63.0,,12,espn-core,,,0,1,151,151,Greenville,NC
2022-10-22,jmu,mrsh,12,26,-358.5,280.0,-9.5,9.5,-120.0,-110.0,,,48.5,,12,espn-core,,,0,1,37,37,Harrisonburg,VA
2022-10-22,jvst,sela,14,31,-330.0,255.0,-8.0,8.0,-110.0,-110.0,,,64.0,,11,espn-core,,,0,0,176,30,Jacksonville,AL
2022-10-22,kenn,tntc,33,30,-550.0,425.0,-14.0,14.0,-110.0,-110.0,,,59.0,,1,espn-core,,,0,0,176,26,Kennesaw,GA
2022-10-22,kent,akr,33,27,-750.0,525.0,-15.5,15.5,-110.0,-110.0,,,65.0,,12,espn-core,,,0,1,15,15,Kent,OH
2022-10-22,lib,byu,41,14,214.5,-261.5,7.0,-7.0,-105.0,-115.0,,,58.0,,12,espn-core,,,0,0,18,18,Lynchburg,VA
2022-10-22,lou,pitt,24,10,-120.0,100.0,-1.5,1.5,-110.0,-110.0,,,55.0,,12,espn-core,,,0,1,1,1,Louisville,KY
2022-10-22,lsu,miss,45,20,-110.0,-110.0,,,-105.0,-115.0,,,64.0,,12,espn-core,,,0,1,8,8,Baton Rouge,LA
2022-10-22,lt,rice,41,42,116.5,-139.0,2.5,-2.5,-110.0,-120.0,,,57.0,,12,espn-core,,,0,1,12,12,Ruston,LA
2022-10-22,m-oh,wmu,10,16,-267.0,214.0,-7.0,7.0,-125.0,105.0,,,44.0,,12,espn-core,,,0,1,15,15,Oxford,OH
2022-10-22,md,nu,31,24,-588.0,420.0,-14.0,14.0,-115.0,-115.0,,,51.0,,12,espn-core,,,0,1,5,5,College Park,MD
2022-10-22,mia,duke,21,45,-365.0,285.0,-10.0,10.0,-105.0,-115.0,,,59.0,,12,espn-core,,,0,1,1,1,Miami Gardens,FL
2022-10-22,miz,van,17,14,-587.5,425.0,-14.0,14.0,-125.0,-105.0,,,49.0,,12,espn-core,,,0,1,8,8,Columbia,MO
2022-10-22,navy,hou,20,38,130.0,-150.0,3.0,-3.0,-120.0,,,,50.5,,12,espn-core,,,0,1,151,151,Annapolis,MD
2022-10-22,nd,unlv,44,21,-5154.0,1545.0,-26.0,26.0,-115.0,-105.0,,,46.5,,12,espn-core,,,0,0,18,17,Notre Dame,IN
2022-10-22,nev,sdsu,7,23,237.5,-297.0,7.5,-7.5,-115.0,-105.0,,,36.0,,12,espn-core,,,0,1,17,17,Reno,NV
2022-10-22,odu,gaso,23,28,-125.0,105.0,,,-120.0,,,,66.0,,12,espn-core,,,0,1,37,37,Norfolk,VA
2022-10-22,ohio,niu,24,17,115.0,-138.0,2.5,-2.5,-105.0,-125.0,,,65.5,,12,espn-core,,,0,1,15,15,Athens,OH
2022-10-22,okst,tex,41,34,200.0,-247.5,6.5,-6.5,-120.0,-110.0,,,58.5,,12,espn-core,,,0,1,4,4,Stillwater,OK
2022-10-22,ore,ucla,45,30,-263.5,213.5,-7.0,7.0,-120.0,-110.0,,,70.5,,12,espn-core,,,0,1,9,9,Eugene,OR
2022-10-22,orst,colo,42,9,-2650.0,1241.5,-23.0,23.0,-110.0,-110.0,,,47.5,,12,espn-core,,,0,1,9,9,Corvallis,OR
2022-10-22,osu,iowa,54,10,-7000.0,2000.0,-29.5,29.5,-105.0,-115.0,,,49.75,,12,espn-core,,,0,1,5,5,Columbus,OH
2022-10-22,psu,minn,45,17,-220.0,179.5,-5.0,5.0,-115.0,-115.0,,,43.0,,12,espn-core,,,0,1,5,5,University Park,PA
2022-10-22,rutg,iu,24,17,-160.5,135.0,-3.0,3.0,-120.0,,,,48.0,,8,espn-core,,,0,1,5,5,Piscataway,NJ
2022-10-22,sac,mont,31,24,-210.0,175.0,-5.0,5.0,-110.0,-110.0,,,53.5,,11,espn-core,,,0,1,20,20,Sacramento,CA
2022-10-22,sc,ta&m,30,24,133.5,-159.5,3.0,-3.0,,-130.0,,,44.5,,12,espn-core,,,0,1,8,8,Columbia,SC
2022-10-22,smu,cin,27,29,143.0,-170.0,3.5,-3.5,-105.0,-115.0,,,59.5,,12,espn-core,,,0,1,151,151,Dallas,TX
2022-10-22,stan,asu,15,14,-150.5,126.0,-3.0,3.0,-125.0,105.0,,,52.0,,12,espn-core,,,0,1,9,9,Stanford,CA
2022-10-22,tcu,ksu,38,28,-170.0,143.0,-3.5,3.5,-105.0,-115.0,,,54.5,,12,espn-core,,,0,1,4,4,Fort Worth,TX
2022-10-22,tenn,utm,65,24,-10000.0,3150.0,-38.5,38.5,-110.0,-110.0,,,71.5,,9,espn-core,,,0,0,8,26,Knoxville,TN
2022-10-22,ttu,wvu,48,10,-202.5,170.0,-5.0,5.0,-120.0,-110.0,,,65.5,,12,espn-core,,,0,1,4,4,Lubbock,TX
2022-10-22,tuln,mem,38,28,-275.0,221.0,-7.0,7.0,-115.0,-105.0,,,55.5,,12,espn-core,,,0,1,151,151,New Orleans,LA
2022-10-22,txst,usm,14,20,112.0,-135.0,2.5,-2.5,-120.0,-110.0,,,43.0,,12,espn-core,,,0,1,37,37,San Marcos,TX
2022-10-22,ul,arst,38,18,-244.0,196.5,-6.5,6.5,-115.0,-115.0,,,51.25,,12,espn-core,,,0,1,37,37,Lafayette,LA
2022-10-22,uni,most,41,20,-125.0,105.0,-1.5,1.5,-110.0,-110.0,,,56.5,,11,espn-core,,,0,1,21,21,Cedar Falls,IA
2022-10-22,unm,fres,9,41,285.0,-365.0,9.5,-9.5,-110.0,-110.0,,,40.25,,12,espn-core,,,0,1,17,17,Albuquerque,NM
2022-10-22,utep,fau,24,21,130.0,-154.0,3.0,-3.0,-120.0,,,,50.5,,12,espn-core,,,0,1,12,12,El Paso,TX
2022-10-22,utsa,unt,31,27,-355.0,275.0,-10.0,10.0,130.0,-150.0,,,73.0,,12,espn-core,,,0,1,12,12,San Antonio,TX
2022-10-22,utu,shsu,13,18,500.0,-800.0,15.0,-15.0,-110.0,-110.0,,,40.5,,1,espn-core,,,0,1,16,16,Saint George,UT
2022-10-22,wake,bc,43,15,-1400.0,800.0,-20.0,20.0,-115.0,-105.0,,,60.0,,12,espn-core,,,0,1,1,1,Winston-Salem,NC
2022-10-22,wisc,pur,35,24,-125.0,105.0,-1.5,1.5,-110.0,-120.0,,,51.5,,12,espn-core,,,0,1,5,5,Madison,WI
2022-10-22,wyo,usu,28,14,-225.0,184.0,-5.5,5.5,-115.0,-105.0,,,44.5,,12,espn-core,,,0,1,17,17,Laramie,WY
2022-10-27,ncsu,vt,22,21,-550.0,405.0,-13.5,13.5,-120.0,-110.0,,,39.0,,13,espn-core,,,0,1,1,1,Raleigh,NC
2022-10-27,usm,ul,39,24,115.5,-136.5,,,-110.0,-120.0,,,43.0,,13,espn-core,,,0,1,37,37,Hattiesburg,MS
2022-10-27,wsu,utah,17,21,235.0,-297.5,7.0,-7.0,-115.0,-105.0,,,56.5,,13,espn-core,,,0,1,9,9,Pullman,WA
2022-10-28,byu,ecu,24,27,-161.5,135.5,-3.25,3.25,-105.0,-125.0,,,64.0,,12,espn-core,,,0,0,18,151,Provo,UT
2022-10-28,fiu,lt,42,34,198.5,-240.0,6.5,-6.5,-115.0,-105.0,,,57.0,,12,espn-core,,,0,1,12,12,Miami,FL
2022-10-29,akr,m-oh,9,27,271.5,-347.5,9.0,-9.0,-105.0,-115.0,,,51.5,,12,espn-core,,,0,1,15,15,Akron,OH
2022-10-29,app,rmu,42,3,,,-50.0,50.0,-110.0,-110.0,,,59.5,,10,espn-core,,,0,0,37,40,Boone,NC
2022-10-29,apsu,jvst,16,40,-200.0,170.0,-4.5,4.5,-105.0,-115.0,,,58.5,,11,espn-core,,,0,1,176,176,Clarksville,TN
2022-10-29,ariz,usc,37,45,419.0,-576.0,14.0,-14.0,-110.0,-110.0,,,74.0,,12,espn-core,,,0,1,9,9,Tucson,AZ
2022-10-29,arst,usa,3,31,275.0,-350.0,9.0,-9.0,-145.0,125.0,,,52.25,,12,espn-core,,,0,1,37,37,Jonesboro,AR
2022-10-29,aub,ark,27,41,152.5,-182.5,4.0,-4.0,-120.0,-110.0,,,60.0,,12,espn-core,,,0,1,8,8,Auburn,AL
2022-10-29,bois,csu,49,10,-5374.0,1588.0,-25.0,25.0,-110.0,-120.0,,,42.5,,12,espn-core,,,0,1,17,17,Boise,ID
2022-10-29,cal,ore,24,42,555.0,-816.5,16.5,-16.5,-110.0,-110.0,,,56.5,,12,espn-core,,,0,1,9,9,Berkeley,CA
2022-10-29,colo,asu,34,42,375.0,-500.0,13.0,-13.0,-110.0,-110.0,,,48.5,,12,espn-core,,,0,1,9,9,Boulder,CO
2022-10-29,conn,bc,13,3,241.0,-300.0,8.0,-8.0,-110.0,-110.0,,,44.25,,12,espn-core,,,0,0,18,1,East Hartford,CT
2022-10-29,elon,del,27,7,135.0,-159.5,3.0,-3.0,-105.0,-115.0,,,46.0,,10,espn-core,,,0,1,48,48,Elon,NC
2022-10-29,emu,tol,24,27,159.5,-190.0,4.5,-4.5,-115.0,-105.0,,,54.0,,12,espn-core,,,0,1,15,15,Ypsilanti,MI
2022-10-29,fau,uab,24,17,165.0,-200.0,4.5,-4.5,-110.0,-110.0,,,45.0,,12,espn-core,,,0,1,12,12,Boca Raton,FL
2022-10-29,fres,sdsu,32,28,-425.0,326.5,-10.5,10.5,-105.0,-115.0,,,44.5,,13,espn-core,,,0,1,17,17,Fresno,CA
2022-10-29,fsu,gt,41,16,-2500.0,1175.0,-23.5,23.5,-105.0,-115.0,,,48.0,,12,espn-core,,,0,1,1,1,Tallahassee,FL
2022-10-29,gast,odu,31,17,-171.0,144.5,-3.5,3.5,-105.0,-125.0,,,54.0,,12,espn-core,,,0,1,37,37,Atlanta,GA
2022-10-29,haw,wyo,20,27,341.0,-450.0,11.5,-11.5,-115.0,-115.0,,,50.5,,13,espn-core,,,0,1,17,17,Honolulu,HI
2022-10-29,hou,usf,42,27,-900.0,600.0,-17.5,17.5,-115.0,-105.0,,,59.0,,12,espn-core,,,0,1,151,151,Houston,TX
2022-10-29,iowa,nu,33,13,-452.5,344.0,-11.5,11.5,-110.0,-110.0,,,37.5,,12,espn-core,,,0,1,5,5,Iowa City,IA
2022-10-29,isu,ou,13,27,105.0,-125.0,1.5,-1.5,-110.0,-110.0,,,58.0,,12,espn-core,,,0,1,4,4,Ames,IA
2022-10-29,kenn,chso,30,20,-380.0,300.0,-9.5,9.5,-115.0,-105.0,,,49.0,,1,espn-core,,,0,0,176,40,Kennesaw,GA
2022-10-29,ksu,okst,48,0,-139.5,116.0,-2.5,2.5,-115.0,-115.0,,,57.5,,12,espn-core,,,0,1,4,4,Manhattan,KS
2022-10-29,lou,wake,48,21,130.5,-156.5,3.0,-3.0,-105.0,-125.0,,,66.0,,12,espn-core,,,0,1,1,1,Louisville,KY
2022-10-29,mass,nmsu,13,23,,-119.0,1.0,-1.0,-105.0,-115.0,,,39.0,,12,espn-core,,,0,0,18,18,Amherst,MA
2022-10-29,mich,msu,29,7,-2000.0,1050.0,-22.5,22.5,-115.0,-115.0,,,55.0,,12,espn-core,,,0,1,5,5,Ann Arbor,MI
2022-10-29,minn,rutg,31,0,-609.0,436.5,-14.0,14.0,-105.0,-125.0,,,40.5,,8,espn-core,,,0,1,5,5,Minneapolis,MN
2022-10-29,most,wiu,64,14,-950.5,600.0,-17.75,17.75,-105.0,-115.0,,,56.5,,10,espn-core,,,0,1,21,21,Springfield,MO
2022-10-29,mrsh,ccu,13,24,-139.0,115.0,-2.5,2.5,-125.0,-105.0,,,54.0,,12,espn-core,,,0,1,37,37,Huntington,WV
2022-10-29,navy,tem,27,20,-650.0,460.0,-14.5,14.5,-115.0,-115.0,,,41.5,,12,espn-core,,,0,1,151,151,Annapolis,MD
2022-10-29,ndsu,ilst,24,7,-1113.0,735.0,-18.0,18.0,-110.0,-110.0,,,41.0,,10,espn-core,,,0,1,21,21,Fargo,ND
2022-10-29,neb,ill,9,26,235.0,-294.5,7.5,-7.5,-120.0,,,,50.5,,12,espn-core,,,0,1,5,5,Lincoln,NE
2022-10-29,psu,osu,31,44,475.5,-662.5,15.5,-15.5,-120.0,-110.0,,,60.5,,12,espn-core,,,0,1,5,5,University Park,PA
2022-10-29,rice,clt,23,56,-700.0,500.0,-15.25,15.25,-115.0,-115.0,,,61.0,,12,espn-core,,,0,1,12,12,Houston,TX
2022-10-29,sac,idho,31,28,-600.0,430.0,-14.0,14.0,-110.0,-110.0,,,62.5,,11,espn-core,,,0,1,20,20,Sacramento,CA
2022-10-29,sc,miz,10,23,-174.0,145.0,-3.5,3.5,-110.0,-120.0,,,45.5,,12,espn-core,,,0,1,8,8,Columbia,SC
2022-10-29,sjsu,nev,35,28,-3500.0,1400.0,-24.5,24.5,-105.0,-115.0,,,44.5,,13,espn-core,,,0,1,17,17,San Jose,CA
2022-10-29,syr,nd,24,41,-110.0,-110.0,,,-120.0,-110.0,,,48.0,,12,espn-core,,,0,0,1,18,Syracuse,NY
2022-10-29,ta&m,miss,28,31,123.0,-145.0,3.0,-3.0,,-120.0,,,55.5,,12,espn-core,,,0,1,8,8,College Station,TX
2022-10-29,tar,shsu,21,40,230.0,-286.0,7.5,-7.5,-110.0,-110.0,,,46.5,,9,espn-core,,,0,1,16,16,Stephenville,TX
2022-10-29,tenn,uk,44,6,-419.0,320.0,-10.5,10.5,-110.0,-110.0,,,62.5,,12,espn-core,,,0,1,8,8,Knoxville,TN
2022-10-29,tlsa,smu,34,45,-103.5,-118.0,1.0,-1.0,-135.0,115.0,,,63.5,,12,espn-core,,,0,1,151,151,Tulsa,OK
2022-10-29,ttu,bay,17,45,-120.5,100.0,-1.5,1.5,-110.0,-120.0,,,61.0,,12,espn-core,,,0,1,4,4,Lubbock,TX
2022-10-29,ucf,cin,25,21,-125.0,105.0,-1.5,1.5,-110.0,-110.0,,,55.5,,12,espn-core,,,0,1,151,151,Orlando,FL
2022-10-29,ucla,stan,38,13,-800.0,550.0,-16.5,16.5,-110.0,-110.0,,,64.5,,13,espn-core,,,0,1,9,9,Pasadena,CA
2022-10-29,uga,fla,42,20,-2450.0,1136.5,-23.0,23.0,-120.0,,,,56.5,,12,espn-core,,,1,1,8,8,Jacksonville,FL
2022-10-29,unc,pitt,42,24,-145.0,125.0,-2.5,2.5,-125.0,-105.0,,,65.5,,12,espn-core,,,0,1,1,1,Chapel Hill,NC
2022-10-29,utep,mtsu,13,24,-135.0,115.0,-2.5,2.5,-110.0,-110.0,,,52.0,,12,espn-core,,,0,1,12,12,El Paso,TX
2022-10-29,uva,mia,12,14,125.5,-150.0,3.0,-3.0,105.0,-125.0,,,48.5,,12,espn-core,,,0,1,1,1,Charlottesville,VA
2022-10-29,wku,unt,13,40,-350.5,277.5,-10.0,10.0,-110.0,-110.0,,,70.0,,12,espn-core,,,0,1,12,12,Bowling Green,KY
2022-10-29,wvu,tcu,31,41,207.0,-264.0,7.0,-7.0,-120.0,,,,69.5,,12,espn-core,,,0,1,4,4,Morgantown,WV
2022-11-01,kent,ball,20,27,-270.0,218.0,-7.0,7.0,-120.0,,,,61.5,,12,espn-core,,,0,1,15,15,Kent,OH
2022-11-01,ohio,buff,45,24,110.5,-134.0,,,-115.0,-105.0,,,61.0,,13,espn-core,,,0,1,15,15,Athens,OH
2022-11-02,bgsu,wmu,13,9,-212.5,175.0,-5.0,5.0,-140.0,120.0,,,48.0,,13,espn-core,,,0,1,15,15,Bowling Green,OH
2022-11-02,niu,cmu,22,35,-200.0,168.0,-4.5,4.5,-110.0,-110.0,,,54.5,,13,espn-core,,,0,1,15,15,Dekalb,IL
2022-11-03,ccu,app,35,28,135.0,-158.0,3.0,-3.0,-125.0,105.0,,,65.25,,13,espn-core,,,0,1,37,37,Conway,SC
2022-11-03,rice,utep,37,30,-180.0,150.0,-3.5,3.5,-110.0,-110.0,,,47.0,,13,espn-core,,,0,1,12,12,Houston,TX
2022-11-04,bc,duke,31,38,351.5,-455.0,,,-110.0,-120.0,,,47.5,,13,espn-core,,,0,1,1,1,Chestnut Hill,MA
2022-11-04,conn,mass,27,10,-745.0,510.0,-15.0,15.0,-115.0,-115.0,,,40.0,,12,espn-core,,,0,0,18,18,East Hartford,CT
2022-11-04,wash,orst,24,21,-199.0,165.0,-4.5,4.5,-110.0,-110.0,,,53.5,,12,espn-core,,,0,1,9,9,Seattle,WA
2022-11-05,ark,lib,19,21,-645.0,450.0,-14.5,14.5,-120.0,-110.0,,,61.5,,13,espn-core,,,0,0,8,18,Fayetteville,AR
2022-11-05,army,afa,7,13,228.0,-280.0,7.0,-7.0,-105.0,-125.0,,,40.5,,13,espn-core,,,1,0,18,17,Arlington,TX
2022-11-05,asu,ucla,36,50,320.0,-400.0,11.0,-11.0,-115.0,-115.0,,,67.0,,13,espn-core,,,0,1,9,9,Tempe,AZ
2022-11-05,bois,byu,28,31,-345.0,270.0,-9.0,9.0,-110.0,-120.0,,,54.5,,13,espn-core,,,0,0,17,18,Boise,ID
2022-11-05,cin,navy,20,10,-1250.0,748.0,-18.5,18.5,-110.0,-120.0,,,43.5,,13,espn-core,,,0,1,151,151,Cincinnati,OH
2022-11-05,clt,wku,7,59,425.0,-600.0,14.5,-14.5,-125.0,-105.0,,,72.5,,13,espn-core,,,0,1,12,12,Charlotte,NC
2022-11-05,colo,ore,10,49,2200.0,-10000.0,31.0,-31.0,-120.0,-110.0,,,62.5,,13,espn-core,,,0,1,9,9,Boulder,CO
2022-11-05,del,monm,49,17,-400.0,315.0,-10.0,10.0,-105.0,-115.0,,,59.5,,5,espn-core,,,0,1,48,48,Newark,DE
2022-11-05,fres,haw,55,13,-7000.0,1679.0,-27.5,27.5,-110.0,-110.0,,,62.0,,13,espn-core,,,0,1,17,17,Fresno,CA
2022-11-05,gaso,usa,31,38,140.0,-165.0,3.5,-3.5,-120.0,-110.0,,,60.5,,13,espn-core,,,0,1,37,37,Statesboro,GA
2022-11-05,ill,msu,15,23,-800.0,550.0,-16.0,16.0,-125.0,-105.0,,,41.0,,13,espn-core,,,0,1,5,5,Champaign,IL
2022-11-05,isu,wvu,31,14,-250.0,205.0,-6.5,6.5,-120.0,,,,49.5,,13,espn-core,,,0,1,4,4,Ames,IA
2022-11-05,iu,psu,14,45,405.0,-552.0,13.5,-13.5,-120.0,-110.0,,,50.0,,13,espn-core,,,0,1,5,5,Bloomington,IN
2022-11-05,ksu,tex,27,34,125.0,-145.0,3.0,-3.0,105.0,-125.0,,,54.5,,13,espn-core,,,0,1,4,4,Manhattan,KS
2022-11-05,ku,okst,37,16,-159.0,130.0,-3.0,3.0,-105.0,-125.0,,,59.5,,13,espn-core,,,0,1,4,4,Lawrence,KS
2022-11-05,lou,jmu,34,10,-261.0,215.0,-6.5,6.5,-125.0,-105.0,,,53.5,,11,espn-core,,,0,0,1,37,Louisville,KY
2022-11-05,lsu,ala,32,31,400.0,-550.0,13.5,-13.5,-120.0,-110.0,,,56.5,,13,espn-core,,,0,1,8,8,Baton Rouge,LA
2022-11-05,lt,mtsu,40,24,110.0,-130.0,2.5,-2.5,-115.0,-115.0,,,63.5,,13,espn-core,,,0,1,12,12,Ruston,LA
2022-11-05,mem,ucf,28,35,125.0,-150.0,3.0,-3.0,-105.0,-125.0,,,60.5,,13,espn-core,,,0,1,151,151,Memphis,TN
2022-11-05,mia,fsu,3,45,203.0,-248.0,6.5,-6.5,-120.0,-110.0,,,54.0,,13,espn-core,,,0,1,1,1,Miami Gardens,FL
2022-11-05,miz,uk,17,21,-118.0,-105.0,,,-110.0,-120.0,,,40.0,,13,espn-core,,,0,1,8,8,Columbia,MO
2022-11-05,msst,aub,39,33,-493.0,370.0,-12.5,12.5,-110.0,-120.0,,,50.5,,11,espn-core,,,0,1,8,8,Starkville,MS
2022-11-05,ncsu,wake,30,21,130.0,-156.0,3.0,-3.0,-125.0,-105.0,,,54.0,,13,espn-core,,,0,1,1,1,Raleigh,NC
2022-11-05,nd,clem,35,14,155.0,-185.0,3.5,-3.5,-110.0,-120.0,,,43.5,,13,espn-core,,,0,0,18,1,Notre Dame,IN
2022-11-05,neb,minn,13,20,475.0,-673.0,14.5,-14.5,-125.0,-105.0,,,44.5,,13,espn-core,,,0,1,5,5,Lincoln,NE
2022-11-05,nu,osu,7,21,2500.0,-10000.0,37.5,-37.5,-110.0,-120.0,,,55.5,,13,espn-core,,,0,1,5,5,Evanston,IL
2022-11-05,odu,mrsh,0,12,145.0,-170.0,3.5,-3.5,-110.0,-120.0,,,46.5,,13,espn-core,,,0,1,37,37,Norfolk,VA
2022-11-05,ou,bay,35,38,-152.0,130.0,-3.0,3.0,,-130.0,,,61.5,,13,espn-core,,,0,1,4,4,Norman,OK
2022-11-05,pitt,syr,19,9,-172.0,144.0,-3.5,3.5,-110.0,-120.0,,,47.5,,13,espn-core,,,0,1,1,1,Pittsburgh,PA
2022-11-05,pur,iowa,3,24,-170.0,145.0,-3.5,3.5,-115.0,-115.0,,,39.5,,13,espn-core,,,0,1,5,5,West Lafayette,IN
2022-11-05,rutg,mich,17,52,1800.0,-7000.0,26.5,-26.5,-120.0,-110.0,,,45.0,,9,espn-core,,,0,1,5,5,Piscataway,NJ
2022-11-05,sdak,most,20,13,143.0,-165.0,3.5,-3.5,-120.0,,,,53.5,,11,espn-core,,,0,1,21,21,Vermillion,SD
2022-11-05,sdsu,unlv,14,10,-205.0,175.0,-5.0,5.0,-115.0,-115.0,,,47.0,,13,espn-core,,,0,1,17,17,San Diego,CA
2022-11-05,sjsu,csu,28,16,-3500.0,1350.0,-24.0,24.0,-120.0,-110.0,,,44.5,,13,espn-core,,,0,1,17,17,San Jose,CA
2022-11-05,smu,hou,77,63,-165.0,138.0,-3.5,3.5,-105.0,-125.0,,,66.0,,13,espn-core,,,0,1,151,151,Dallas,TX
2022-11-05,stan,wsu,14,52,139.0,-165.0,3.0,-3.0,,-130.0,,,48.5,,13,espn-core,,,0,1,9,9,Stanford,CA
2022-11-05,ta&m,fla,24,41,-125.0,105.0,-1.5,1.5,-110.0,-120.0,,,53.5,,13,espn-core,,,0,1,8,8,College Station,TX
2022-11-05,tcu,ttu,34,24,-331.0,260.0,-8.5,8.5,-115.0,-115.0,,,69.0,,13,espn-core,,,0,1,4,4,Fort Worth,TX
2022-11-05,tem,usf,54,28,140.0,-165.0,3.5,-3.5,-125.0,-105.0,,,49.0,,13,espn-core,,,0,1,151,151,Philadelphia,PA
2022-11-05,tlsa,tuln,13,27,210.0,-255.0,6.5,-6.5,-110.0,-110.0,,,56.0,,13,espn-core,,,0,1,151,151,Tulsa,OK
2022-11-05,uab,utsa,38,44,115.0,-135.0,2.5,-2.5,-115.0,-115.0,,,53.5,,13,espn-core,,,0,1,12,12,Birmingham,AL
2022-11-05,uga,tenn,27,13,-345.0,266.0,-9.5,9.5,-115.0,-115.0,,,65.5,,13,espn-core,,,0,1,8,8,Athens,GA
2022-11-05,ul,troy,17,23,145.0,-170.0,3.5,-3.5,-120.0,-110.0,,,42.5,,13,espn-core,,,0,1,37,37,Lafayette,LA
2022-11-05,ulm,txst,31,30,-135.0,115.0,-2.5,2.5,-110.0,-110.0,,,52.5,,13,espn-core,,,0,1,37,37,Monroe,LA
2022-11-05,unt,fiu,52,14,-1710.0,934.0,-21.5,21.5,-115.0,-115.0,,,63.0,,13,espn-core,,,0,1,12,12,Denton,TX
2022-11-05,usc,cal,41,35,-1700.0,950.0,-21.0,21.0,-110.0,-120.0,,,61.0,,13,espn-core,,,0,1,9,9,Los Angeles,CA
2022-11-05,usm,gast,14,42,-130.0,110.0,-2.0,2.0,-115.0,-115.0,,,48.0,,13,espn-core,,,0,1,37,37,Hattiesburg,MS
2022-11-05,usu,unm,27,10,-704.0,492.0,-14.5,14.5,-115.0,-115.0,,,42.5,,13,espn-core,,,0,1,17,17,Logan,UT
2022-11-05,utah,ariz,45,20,-941.0,603.0,-17.5,17.5,-120.0,-110.0,,,67.75,,12,espn-core,,,0,1,9,9,Salt Lake City,UT
2022-11-05,utm,kenn,27,44,-500.0,380.0,-13.5,13.5,-110.0,-110.0,,,62.5,,1,espn-core,,,0,0,26,176,Martin,TN
2022-11-05,uva,unc,28,31,239.0,-295.0,7.5,-7.5,-125.0,-105.0,,,61.5,,13,espn-core,,,0,1,1,1,Charlottesville,VA
2022-11-05,van,sc,27,38,200.0,-250.0,6.5,-6.5,-110.0,-120.0,,,49.0,,13,espn-core,,,0,1,8,8,Nashville,TN
2022-11-05,vt,gt,27,28,-185.0,155.0,-4.0,4.0,-120.0,-110.0,,,40.5,,13,espn-core,,,0,1,1,1,Blacksburg,VA
2022-11-05,web,sac,30,33,-128.5,107.0,-2.0,2.0,,,,,58.0,,10,espn-core,,,0,1,20,20,Ogden,UT
2022-11-05,wisc,md,23,10,-200.0,170.0,-5.0,5.0,-120.0,-110.0,,,47.5,,13,espn-core,,,0,1,5,5,Madison,WI
2022-11-05,wiu,ndsu,17,56,2300.0,-10000.0,29.5,-29.5,-105.0,-115.0,,,46.5,,11,espn-core,,,0,1,21,21,Macomb,IL
2022-11-08,akr,emu,28,34,198.0,-240.0,6.5,-6.5,-110.0,-120.0,,,57.0,,13,espn-core,,,0,1,15,15,Akron,OH
2022-11-08,m-oh,ohio,21,37,115.0,-135.0,2.5,-2.5,-115.0,-105.0,,,52.0,,13,espn-core,,,0,1,15,15,Oxford,OH
2022-11-08,tol,ball,28,21,-589.5,425.0,-13.5,13.5,-120.0,-110.0,,,53.5,,13,espn-core,,,0,1,15,15,Toledo,OH
2022-11-09,bgsu,kent,6,40,115.0,-136.0,2.5,-2.5,-115.0,-105.0,,,55.5,,13,espn-core,,,0,1,15,15,Bowling Green,OH
2022-11-09,cmu,buff,31,27,-145.0,120.5,-2.5,2.5,-125.0,-105.0,,,54.0,,13,espn-core,,,0,1,15,15,Mount Pleasant,MI
2022-11-09,wmu,niu,21,24,-110.0,-110.0,,,-130.0,110.0,,,49.0,,12,espn-core,,,0,1,15,15,Kalamazoo,MI
2022-11-10,mem,tlsa,26,10,-261.5,210.0,-6.5,6.5,-105.0,-115.0,,,62.5,,13,espn-core,,,0,1,151,151,Memphis,TN
2022-11-10,ul,gaso,36,17,-175.0,145.0,-3.5,3.5,-105.0,-115.0,,,63.0,,13,espn-core,,,0,1,37,37,Lafayette,LA
2022-11-11,cin,ecu,27,25,-204.0,170.0,-4.5,4.5,-115.0,-105.0,,,51.5,,12,espn-core,,,0,1,151,151,Cincinnati,OH
2022-11-11,prst,sac,17,45,900.0,-1500.0,21.0,-21.0,-105.0,-115.0,,,67.5,,11,espn-core,,,0,1,20,20,Portland,OR
2022-11-11,unlv,fres,30,37,260.0,-335.0,,,-115.0,-105.0,,,61.5,,13,espn-core,,,0,1,17,17,Las Vegas,NV
2022-11-11,usc,colo,55,17,-10000.0,1600.0,-34.5,34.5,-110.0,-110.0,,,66.0,,13,espn-core,,,0,1,9,9,Los Angeles,CA
2022-11-12,afa,unm,35,3,-1962.0,1026.0,-21.0,21.0,-120.0,,,,37.0,,13,espn-core,,,0,1,17,17,USAF Academy,CO
2022-11-12,ark,lsu,10,13,172.5,-206.5,,,-120.0,-110.0,,,59.0,,13,espn-core,,,0,1,8,8,Fayetteville,AR
2022-11-12,arst,mass,35,33,-930.0,607.0,-17.5,17.5,-115.0,-105.0,,,49.5,,13,espn-core,,,0,0,37,18,Jonesboro,AR
2022-11-12,aub,ta&m,13,10,-120.0,100.0,-1.5,1.5,-120.0,-110.0,,,48.5,,12,espn-core,,,0,1,8,8,Auburn,AL
2022-11-12,bay,ksu,3,31,-140.0,118.0,-2.5,2.5,-115.0,-115.0,,,52.0,,13,espn-core,,,0,1,4,4,Waco,TX
2022-11-12,ccu,usm,26,23,-204.0,170.0,-5.0,5.0,-110.0,-120.0,,,48.0,,13,espn-core,,,0,1,37,37,Conway,SC
2022-11-12,clem,lou,31,16,-272.0,220.0,-7.0,7.0,-125.0,-105.0,,,52.0,,13,espn-core,,,0,1,1,1,Clemson,SC
2022-11-12,conn,lib,36,33,425.0,-596.0,13.5,-13.5,-105.0,-125.0,,,45.0,,13,espn-core,,,0,0,18,18,East Hartford,CT
2022-11-12,csu,wyo,13,14,265.0,-340.0,8.5,-8.5,-115.0,-115.0,,,42.5,,13,espn-core,,,0,1,17,17,Fort Collins,CO
2022-11-12,del,rich,13,21,-200.0,170.0,-4.5,4.5,-110.0,-110.0,,,45.5,,10,espn-core,,,0,1,48,48,Newark,DE
2022-11-12,duke,vt,24,7,-365.0,285.0,-10.0,10.0,-110.0,-120.0,,,50.0,,13,espn-core,,,0,1,1,1,Durham,NC
2022-11-12,fiu,fau,7,52,500.0,-700.0,15.5,-15.5,-110.0,-110.0,,,54.5,,13,espn-core,,,0,1,12,12,Miami,FL
2022-11-12,fla,sc,38,6,-330.0,257.5,-8.0,8.0,-110.0,-110.0,,,58.0,,13,espn-core,,,0,1,8,8,Gainesville,FL
2022-11-12,gast,ulm,28,31,-554.0,400.0,-13.5,13.5,-120.0,-110.0,,,59.5,,13,espn-core,,,0,1,37,37,Atlanta,GA
2022-11-12,gt,mia,14,35,-130.0,110.0,-2.0,2.0,-115.0,-115.0,,,43.5,,13,espn-core,,,0,1,1,1,Atlanta,GA
2022-11-12,haw,usu,34,41,300.0,-396.0,10.5,-10.5,-110.0,-110.0,,,55.0,,13,espn-core,,,0,1,17,17,Honolulu,HI
2022-11-12,hou,tem,43,36,-1250.0,781.5,-20.0,20.0,-115.0,-115.0,,,56.0,,13,espn-core,,,0,1,151,151,Houston,TX
2022-11-12,ill,pur,24,31,-240.0,195.0,-6.0,6.0,-105.0,-115.0,,,44.25,,13,espn-core,,,0,1,5,5,Champaign,IL
2022-11-12,iowa,wisc,24,10,-112.0,-110.0,,,-115.0,-115.0,,,35.5,,13,espn-core,,,0,1,5,5,Iowa City,IA
2022-11-12,jvst,eku,42,17,-190.0,160.0,-4.0,4.0,-105.0,-115.0,,,63.5,,9,espn-core,,,0,1,176,176,Jacksonville,AL
2022-11-12,kenn,apsu,14,31,140.0,-165.0,3.0,-3.0,,-120.0,,,57.5,,1,espn-core,,,0,1,176,176,Kennesaw,GA
2022-11-12,mich,neb,34,3,-8000.0,1800.0,-30.5,30.5,-125.0,-105.0,,,49.5,,13,espn-core,,,0,1,5,5,Ann Arbor,MI
2022-11-12,minn,nu,31,3,-929.5,625.0,-17.0,17.0,-105.0,-115.0,,,41.0,,13,espn-core,,,0,1,5,5,Minneapolis,MN
2022-11-12,miss,ala,24,30,320.0,-420.0,11.0,-11.0,-110.0,-110.0,,,65.5,,13,espn-core,,,0,1,8,8,Oxford,MS
2022-11-12,most,ysu,25,22,-200.0,170.0,-4.0,4.0,-110.0,-110.0,,,57.5,,9,espn-core,,,0,1,21,21,Springfield,MO
2022-11-12,mrsh,app,28,21,110.0,-130.0,2.0,-2.0,-115.0,-115.0,,,47.5,,12,espn-core,,,0,1,37,37,Huntington,WV
2022-11-12,msst,uga,19,45,545.0,-800.0,16.5,-16.5,-110.0,-110.0,,,53.0,,13,espn-core,,,0,1,8,8,Starkville,MS
2022-11-12,msu,rutg,27,21,-382.5,300.0,-10.0,10.0,-110.0,-120.0,,,41.0,,9,espn-core,,,0,1,5,5,East Lansing,MI
2022-11-12,mtsu,clt,24,14,-384.0,299.0,-10.0,10.0,-115.0,-105.0,,,67.0,,13,espn-core,,,0,1,12,12,Murfreesboro,TN
2022-11-12,navy,nd,32,35,605.0,-950.5,,,-120.0,-110.0,,,40.5,,13,espn-core,,,1,0,151,18,Baltimore,MD
2022-11-12,ncsu,bc,20,21,-1408.0,800.0,-18.0,18.0,-110.0,-110.0,,,41.0,,13,espn-core,,,0,1,1,1,Raleigh,NC
2022-11-12,nev,bois,3,41,905.0,-1706.5,21.0,-21.0,-110.0,-110.0,,,47.5,,13,espn-core,,,0,1,17,17,Reno,NV
2022-11-12,nmsu,lam,51,14,-2000.0,1050.0,-22.0,22.0,-110.0,-120.0,,,48.5,,10,espn-core,,,0,0,18,30,Las Cruces,NM
2022-11-12,odu,jmu,3,37,232.5,-289.5,7.5,-7.5,-120.0,-110.0,,,48.0,,13,espn-core,,,0,1,37,37,Norfolk,VA
2022-11-12,okst,isu,20,14,120.0,-141.5,2.5,-2.5,-105.0,-125.0,,,47.5,,13,espn-core,,,0,1,4,4,Stillwater,OK
2022-11-12,ore,wash,34,37,-500.0,375.0,-12.0,12.0,-115.0,-105.0,,,74.0,,13,espn-core,,,0,1,9,9,Eugene,OR
2022-11-12,orst,cal,38,10,-455.0,342.5,-11.5,11.5,-110.0,-110.0,,,47.0,,13,espn-core,,,0,1,9,9,Corvallis,OR
2022-11-12,osu,iu,56,14,-10000.0,1600.0,-40.5,40.5,-105.0,-125.0,,,62.0,,13,espn-core,,,0,1,5,5,Columbus,OH
2022-11-12,psu,md,30,0,-400.0,317.0,-10.5,10.5,-115.0,-115.0,,,56.5,,13,espn-core,,,0,1,5,5,University Park,PA
2022-11-12,sdsu,sjsu,43,27,115.0,-135.0,,,-115.0,-115.0,,,41.25,,13,espn-core,,,0,1,17,17,San Diego,CA
2022-11-12,shsu,acu,28,45,-345.0,278.0,-8.5,8.5,-105.0,-115.0,,,39.5,,9,espn-core,,,0,1,16,16,Huntsville,TX
2022-11-12,siu,ndsu,18,21,240.0,-300.0,7.0,-7.0,-115.0,-105.0,,,54.0,,9,espn-core,,,0,1,21,21,Carbondale,IL
2022-11-12,syr,fsu,3,38,235.0,-300.0,7.0,-7.0,-120.0,,,,51.5,,12,espn-core,,,0,1,1,1,Syracuse,NY
2022-11-12,tenn,miz,66,24,-1400.0,800.0,-19.0,19.0,-120.0,-110.0,,,57.5,,13,espn-core,,,0,1,8,8,Knoxville,TN
2022-11-12,tex,tcu,10,17,-287.0,230.0,-7.5,7.5,-105.0,-115.0,,,65.5,,13,espn-core,,,0,1,4,4,Austin,TX
2022-11-12,troy,army,10,9,-342.5,270.0,-8.5,8.5,-110.0,-110.0,,,45.5,,13,espn-core,,,0,0,37,18,Troy,AL
2022-11-12,ttu,ku,43,28,-179.0,150.0,-3.5,3.5,,-120.0,,,63.5,,12,espn-core,,,0,1,4,4,Lubbock,TX
2022-11-12,tuln,ucf,31,38,-115.0,-105.0,-1.0,1.0,-110.0,-120.0,,,54.5,,13,espn-core,,,0,1,151,151,New Orleans,LA
2022-11-12,uab,unt,41,21,-240.0,195.0,-6.5,6.5,-115.0,-115.0,,,58.0,,13,espn-core,,,0,1,12,12,Birmingham,AL
2022-11-12,ucla,ariz,28,34,-1202.5,750.0,-20.0,20.0,-125.0,-105.0,,,77.5,,13,espn-core,,,0,1,9,9,Pasadena,CA
2022-11-12,uk,van,21,24,-975.0,637.5,-17.0,17.0,-115.0,-105.0,,,45.5,,12,espn-core,,,0,1,8,8,Lexington,KY
2022-11-12,usa,txst,38,21,-800.0,550.0,-16.0,16.0,-110.0,-110.0,,,46.0,,13,espn-core,,,0,1,37,37,Mobile,AL
2022-11-12,usf,smu,23,41,590.5,-905.0,17.5,-17.5,-105.0,-115.0,,,72.5,,13,espn-core,,,0,1,151,151,Tampa,FL
2022-11-12,utah,stan,42,7,-2800.0,1250.0,-24.0,24.0,-115.0,-105.0,,,54.0,,13,espn-core,,,0,1,9,9,Salt Lake City,UT
2022-11-12,utsa,lt,51,7,-923.5,600.5,-17.0,17.0,-120.0,,,,68.5,,13,espn-core,,,0,1,12,12,San Antonio,TX
2022-11-12,uva,pitt,7,37,180.0,-220.0,5.5,-5.5,-110.0,-110.0,,,41.5,,13,espn-core,,,0,1,1,1,Charlottesville,VA
2022-11-12,wake,unc,34,36,-195.5,165.0,-4.5,4.5,-105.0,-115.0,,,79.0,,13,espn-core,,,0,1,1,1,Winston-Salem,NC
2022-11-12,wku,rice,45,10,-550.0,400.0,-13.5,13.5,-125.0,-105.0,,,61.0,,13,espn-core,,,0,1,12,12,Bowling Green,KY
2022-11-12,wsu,asu,28,18,-357.0,282.5,-9.5,9.5,-115.0,-105.0,,,59.5,,13,espn-core,,,0,1,9,9,Pullman,WA
2022-11-12,wvu,ou,23,20,250.0,-310.0,8.5,-8.5,-150.0,130.0,,,68.5,,13,espn-core,,,0,1,4,4,Morgantown,WV
2022-11-15,ball,ohio,18,32,150.0,-178.0,3.5,-3.5,-120.0,,,,57.5,,12,espn-core,,,0,1,15,15,Muncie,IN
2022-11-15,tol,bgsu,35,42,-658.0,471.5,-14.5,14.5,-105.0,-115.0,,,46.5,,12,espn-core,,,0,1,15,15,Toledo,OH
2022-11-16,cmu,wmu,10,12,-375.0,293.0,-10.0,10.0,-105.0,-115.0,,,49.0,,12,espn-core,,,0,1,15,15,Mount Pleasant,MI
2022-11-16,kent,emu,24,31,-300.0,240.0,-7.5,7.5,-120.0,-110.0,,,60.0,,12,espn-core,,,0,1,15,15,Kent,OH
2022-11-16,niu,m-oh,23,29,-116.0,-105.0,,,-110.0,-120.0,,,44.0,,12,espn-core,,,0,1,15,15,Dekalb,IL
2022-11-17,tuln,smu,59,24,-166.0,142.0,-3.5,3.5,-110.0,-120.0,,,65.0,,12,espn-core,,,0,1,151,151,New Orleans,LA
2022-11-18,tlsa,usf,48,42,-504.5,392.0,-13.5,13.5,-120.0,-110.0,,,57.5,,12,espn-core,,,0,1,151,151,Tulsa,OK
2022-11-18,unm,sdsu,10,34,476.5,-674.5,14.5,-14.5,-110.0,-110.0,,,36.0,,12,espn-core,,,0,1,17,17,Albuquerque,NM
2022-11-19,afa,csu,24,12,-2400.0,1125.0,-21.5,21.5,-110.0,-110.0,,,43.0,,12,espn-core,,,0,1,17,17,USAF Academy,CO
2022-11-19,ala,apsu,34,0,,,-45.0,45.0,-115.0,-105.0,,,58.0,,11,espn-core,,,0,0,8,176,Tuscaloosa,AL
2022-11-19,app,odu,27,14,-766.0,529.0,-16.0,16.0,-110.0,-110.0,,,50.5,,12,espn-core,,,0,1,37,37,Boone,NC
2022-11-19,ariz,wsu,20,31,150.0,-176.0,4.0,-4.0,-120.0,-110.0,,,63.0,,13,espn-core,,,0,1,9,9,Tucson,AZ
2022-11-19,ark,miss,42,27,-105.0,-115.0,1.0,-1.0,-105.0,-115.0,,,68.0,,13,espn-core,,,0,1,8,8,Fayetteville,AR
2022-11-19,army,conn,34,17,-402.0,320.0,-10.5,10.5,-115.0,-115.0,,,45.0,,12,espn-core,,,0,0,18,18,West Point,NY
2022-11-19,asu,orst,7,31,238.5,-292.0,7.5,-7.5,-110.0,-110.0,,,53.5,,12,espn-core,,,0,1,9,9,Tempe,AZ
2022-11-19,aub,wku,41,17,-210.0,175.0,-5.0,5.0,-115.0,-105.0,,,54.0,,12,espn-core,,,0,0,8,12,Auburn,AL
2022-11-19,bay,tcu,28,29,110.0,-130.0,2.0,-2.0,-105.0,-115.0,,,58.0,,12,espn-core,,,0,1,4,4,Waco,TX
2022-11-19,byu,utu,52,26,-20000.0,4000.0,-37.5,37.5,-105.0,-115.0,,,63.5,,1,espn-core,,,0,0,18,16,Provo,UT
2022-11-19,cal,stan,27,20,-204.0,170.0,-5.0,5.0,-115.0,-105.0,,,46.0,,13,espn-core,,,0,1,9,9,Berkeley,CA
2022-11-19,cark,jvst,17,40,150.0,-176.5,3.5,-3.5,-115.0,-105.0,,,63.0,,10,espn-core,,,0,1,176,176,Conway,AR
2022-11-19,clem,mia,40,10,-1121.5,705.0,-19.0,19.0,115.0,-135.0,,,47.5,,12,espn-core,,,0,1,1,1,Clemson,SC
2022-11-19,clt,lt,26,21,106.0,-128.5,2.0,-2.0,,-120.0,,,66.5,,12,espn-core,,,0,1,12,12,Charlotte,NC
2022-11-19,ecu,hou,3,42,-230.5,190.5,-6.0,6.0,-105.0,-115.0,,,66.5,,12,espn-core,,,0,1,151,151,Greenville,NC
2022-11-19,eku,kenn,45,38,-525.0,400.0,-14.0,14.0,-105.0,-115.0,,,64.5,,1,espn-core,,,0,1,176,176,Richmond,KY
2022-11-19,fsu,ul,49,17,-3865.0,1391.5,-25.0,25.0,-120.0,-110.0,,,52.5,,12,espn-core,,,0,0,1,37,Tallahassee,FL
2022-11-19,gaso,mrsh,10,23,191.0,-227.5,6.0,-6.0,-110.0,-120.0,,,52.5,,12,espn-core,,,0,1,37,37,Statesboro,GA
2022-11-19,haw,unlv,31,25,320.0,-422.5,11.0,-11.0,-110.0,-110.0,,,56.5,,12,espn-core,,,0,1,17,17,Honolulu,HI
2022-11-19,inst,most,7,24,335.0,-440.0,11.5,-11.5,-110.0,-110.0,,,49.0,,9,espn-core,,,0,1,21,21,Terre Haute,IN
2022-11-19,isu,ttu,10,14,-169.0,143.5,-3.5,3.5,-105.0,-115.0,,,47.5,,12,espn-core,,,0,1,4,4,Ames,IA
2022-11-19,jmu,gast,42,40,-359.0,285.5,-10.0,10.0,-105.0,-125.0,,,52.0,,12,espn-core,,,0,1,37,37,Harrisonburg,VA
2022-11-19,ku,tex,14,55,257.0,-333.0,9.0,-9.0,-115.0,-115.0,,,63.5,,13,espn-core,,,0,1,4,4,Lawrence,KS
2022-11-19,lib,vt,22,23,-400.0,318.0,-10.5,10.5,-105.0,-115.0,,,46.5,,12,espn-core,,,0,0,18,1,Lynchburg,VA
2022-11-19,lou,ncsu,25,10,-185.0,155.5,-4.0,4.0,-110.0,-110.0,,,43.0,,12,espn-core,,,0,1,1,1,Louisville,KY
2022-11-19,lsu,uab,41,10,-700.0,500.0,-15.0,15.0,-110.0,-110.0,,,50.5,,12,espn-core,,,0,0,8,12,Baton Rouge,LA
2022-11-19,md,osu,30,43,1625.0,-5550.0,26.0,-26.0,-110.0,-120.0,,,62.5,,11,espn-core,,,0,1,5,5,College Park,MD
2022-11-19,mem,una,59,0,-10000.0,3000.0,-36.0,36.0,130.0,-150.0,,,67.5,,10,espn-core,,,0,0,151,176,Memphis,TN
2022-11-19,mich,ill,19,17,-1000.0,625.0,-17.0,17.0,-120.0,,,,41.5,,13,espn-core,,,0,1,5,5,Ann Arbor,MI
2022-11-19,minn,iowa,10,13,-130.0,110.0,-2.0,2.0,-120.0,-110.0,,,31.5,,13,espn-core,,,0,1,5,5,Minneapolis,MN
2022-11-19,miz,nmsu,45,14,-10000.0,2000.0,-29.0,29.0,-110.0,-110.0,,,46.5,,12,espn-core,,,0,0,8,18,Columbia,MO
2022-11-19,msst,etsu,56,7,,,-39.0,39.0,,-120.0,,,62.5,,9,espn-core,,,0,0,8,29,Starkville,MS
2022-11-19,msu,iu,31,39,-452.5,355.0,-12.0,12.0,-105.0,-115.0,,,47.5,,12,espn-core,,,0,1,5,5,East Lansing,MI
2022-11-19,mtsu,fau,49,21,170.0,-204.5,5.5,-5.5,-110.0,-110.0,,,51.0,,12,espn-core,,,0,1,12,12,Murfreesboro,TN
2022-11-19,nd,bc,44,0,-1656.5,875.0,-20.0,20.0,-110.0,-110.0,,,42.0,,12,espn-core,,,0,0,18,1,Notre Dame,IN
2022-11-19,ndsu,und,42,21,-589.0,425.0,-13.5,13.5,-115.0,-105.0,,,55.5,,10,espn-core,,,0,1,21,21,Fargo,ND
2022-11-19,neb,wisc,14,15,300.0,-390.0,10.0,-10.0,-125.0,-105.0,,,40.5,,13,espn-core,,,0,1,5,5,Lincoln,NE
2022-11-19,nev,fres,14,41,1145.5,-2400.0,22.5,-22.5,-105.0,-115.0,,,54.0,,12,espn-core,,,0,1,17,17,Reno,NV
2022-11-19,ore,utah,20,17,-110.0,-110.0,,,-110.0,-110.0,,,61.5,,13,espn-core,,,0,1,9,9,Eugene,OR
2022-11-19,ou,okst,28,13,-278.0,223.5,-7.0,7.0,-105.0,-115.0,,,67.5,,12,espn-core,,,0,1,4,4,Norman,OK
2022-11-19,pitt,duke,28,26,-260.0,217.0,-6.5,6.5,-120.0,,,,49.0,,12,espn-core,,,0,1,1,1,Pittsburgh,PA
2022-11-19,pur,nu,17,9,-1000.0,650.0,-17.5,17.5,,-120.0,,,44.5,,13,espn-core,,,0,1,5,5,West Lafayette,IN
2022-11-19,rice,utsa,7,41,425.0,-575.5,14.0,-14.0,-120.0,,,,56.0,,12,espn-core,,,0,1,12,12,Houston,TX
2022-11-19,rutg,psu,10,55,700.0,-1205.0,18.5,-18.5,-115.0,-105.0,,,45.0,,9,espn-core,,,0,1,5,5,Piscataway,NJ
2022-11-19,sac,ucd,27,21,-333.0,260.0,-8.5,8.5,-105.0,-115.0,,,66.5,,11,espn-core,,,0,1,20,20,Sacramento,CA
2022-11-19,sc,tenn,63,38,1022.5,-2050.0,22.5,-22.5,-110.0,-110.0,,,66.75,,12,espn-core,,,0,1,8,8,Columbia,SC
2022-11-19,shsu,suu,7,17,-430.0,330.5,-11.0,11.0,-110.0,-110.0,,,48.75,,10,espn-core,,,0,1,16,16,Huntsville,TX
2022-11-19,ta&m,mass,20,3,-15000.0,3650.0,-32.0,32.0,-105.0,-115.0,,,46.0,,12,espn-core,,,0,0,8,18,College Station,TX
2022-11-19,tem,cin,3,23,600.0,-900.0,17.0,-17.0,-115.0,-105.0,,,49.0,,12,espn-core,,,0,1,151,151,Philadelphia,PA
2022-11-19,troy,ulm,34,16,-709.0,500.0,-15.0,15.0,-110.0,-110.0,,,48.5,,12,espn-core,,,0,1,37,37,Troy,AL
2022-11-19,txst,arst,16,13,-234.0,191.0,-6.0,6.0,-105.0,-115.0,,,50.0,,12,espn-core,,,0,1,37,37,San Marcos,TX
2022-11-19,ucf,navy,14,17,-709.5,509.5,-15.5,15.5,-110.0,-120.0,,,53.0,,12,espn-core,,,0,1,151,151,Orlando,FL
2022-11-19,ucla,usc,45,48,112.5,-134.0,2.5,-2.5,-110.0,-110.0,,,77.0,,12,espn-core,,,0,1,9,9,Pasadena,CA
2022-11-19,uk,uga,6,16,1059.0,-2000.0,22.5,-22.5,-110.0,-110.0,,,47.5,,13,espn-core,,,0,1,8,8,Lexington,KY
2022-11-19,unc,gt,17,21,-1667.0,950.0,-21.0,21.0,-105.0,-115.0,,,63.0,,13,espn-core,,,0,1,1,1,Chapel Hill,NC
2022-11-19,usm,usa,20,27,250.0,-314.0,7.5,-7.5,-115.0,-105.0,,,45.0,,12,espn-core,,,0,1,37,37,Hattiesburg,MS
2022-11-19,usu,sjsu,35,31,-119.5,,,,-105.0,-115.0,,,51.0,,12,espn-core,,,0,1,17,17,Logan,UT
2022-11-19,utep,fiu,40,6,-602.5,445.0,-14.0,14.0,-110.0,-110.0,,,50.0,,12,espn-core,,,0,1,12,12,El Paso,TX
2022-11-19,van,fla,31,24,440.0,-601.0,14.0,-14.0,-120.0,,,,58.0,,12,espn-core,,,0,1,8,8,Nashville,TN
2022-11-19,vill,del,29,26,243.5,-301.5,7.5,-7.5,-110.0,-110.0,,,44.5,,12,espn-core,,,0,1,48,48,Philadelphia,PA
2022-11-19,wake,syr,45,35,-352.0,279.5,-9.5,9.5,-125.0,-105.0,,,58.5,,12,espn-core,,,0,1,1,1,Winston-Salem,NC
2022-11-19,wash,colo,54,7,-10000.0,1600.0,-30.5,30.5,-105.0,-115.0,,,60.5,,13,espn-core,,,0,1,9,9,Seattle,WA
2022-11-19,wvu,ksu,31,48,250.0,-313.0,8.0,-8.0,-105.0,-115.0,,,54.5,,12,espn-core,,,0,1,4,4,Morgantown,WV
2022-11-19,wyo,bois,17,20,430.0,-600.0,14.5,-14.5,-105.0,-115.0,,,44.5,,12,espn-core,,,0,1,17,17,Laramie,WY
2022-11-22,m-oh,ball,18,17,-134.0,110.0,,,-115.0,-115.0,,,45.0,,12,espn-core,,,0,1,15,15,Oxford,OH
2022-11-22,ohio,bgsu,38,14,-230.0,190.0,-5.5,5.5,-110.0,-120.0,,,52.5,,12,espn-core,,,0,1,15,15,Athens,OH
2022-11-24,miss,msst,22,24,-135.5,115.0,-2.5,2.5,-120.0,-110.0,,,63.0,,11,espn-core,,,0,1,8,8,Oxford,MS
2022-11-25,ariz,asu,38,35,-190.0,158.0,-4.0,4.0,-115.0,-115.0,,,66.5,,13,espn-core,,,0,1,9,9,Tucson,AZ
2022-11-25,bois,usu,42,23,-850.0,575.0,-16.5,16.5,-115.0,-115.0,,,52.0,,12,espn-core,,,0,1,17,17,Boise,ID
2022-11-25,cal,ucla,28,35,333.0,-450.0,11.5,-11.5,-120.0,-110.0,,,62.5,,13,espn-core,,,0,1,9,9,Berkeley,CA
2022-11-25,cin,tuln,24,27,-105.0,-116.0,,,-115.0,-115.0,,,44.0,,12,espn-core,,,0,1,151,151,Cincinnati,OH
2022-11-25,csu,unm,17,0,-300.0,237.5,-7.0,7.0,-105.0,-125.0,,,36.0,,13,espn-core,,,0,1,17,17,Fort Collins,CO
2022-11-25,emu,cmu,38,19,-112.0,-106.0,,,-110.0,-120.0,,,53.5,,12,espn-core,,,0,1,15,15,Ypsilanti,MI
2022-11-25,fres,wyo,30,0,-603.5,430.0,-14.0,14.0,-115.0,-105.0,,,50.5,,12,espn-core,,,0,1,17,17,Fresno,CA
2022-11-25,fsu,fla,45,38,-360.5,285.0,-9.5,9.5,-115.0,-115.0,,,58.0,,12,espn-core,,,0,0,1,8,Tallahassee,FL
2022-11-25,iowa,neb,17,24,-417.0,320.0,-10.5,10.5,-110.0,-120.0,,,38.0,,13,espn-core,,,0,1,5,5,Iowa City,IA
2022-11-25,miz,ark,29,27,141.5,-165.0,3.5,-3.5,-125.0,-105.0,,,55.5,,13,espn-core,,,0,1,8,8,Columbia,MO
2022-11-25,tex,bay,38,27,-385.0,300.0,-10.0,10.0,-110.0,-120.0,,,55.0,,12,espn-core,,,0,1,4,4,Austin,TX
2022-11-25,unc,ncsu,27,30,-244.0,198.0,-6.5,6.5,-105.0,-115.0,,,56.0,,12,espn-core,,,0,1,1,1,Chapel Hill,NC
2022-11-25,wmu,tol,20,14,260.0,-335.0,8.5,-8.5,-115.0,-115.0,,,50.5,,12,espn-core,,,0,1,15,15,Kalamazoo,MI
2022-11-26,ala,aub,49,27,-2000.0,1065.0,-22.0,22.0,-110.0,-120.0,,,51.0,,12,espn-core,,,0,1,8,8,Tuscaloosa,AL
2022-11-26,arst,troy,19,48,407.0,-551.0,13.5,-13.5,-120.0,-110.0,,,44.0,,12,espn-core,,,0,1,37,37,Jonesboro,AR
2022-11-26,bc,syr,23,32,318.5,-402.5,10.5,-10.5,-110.0,-120.0,,,47.0,,12,espn-core,,,0,1,1,1,Chestnut Hill,MA
2022-11-26,buff,kent,27,30,-198.5,164.5,-4.5,4.5,-110.0,-120.0,,,51.0,,12,espn-core,,,0,1,15,15,Buffalo,NY
2022-11-26,clem,sc,30,31,-611.5,450.0,-14.0,14.0,-110.0,-120.0,,,53.0,,12,espn-core,,,0,0,1,8,Clemson,SC
2022-11-26,colo,utah,21,63,2200.0,-6000.0,29.5,-29.5,-110.0,-120.0,,,52.0,,13,espn-core,,,0,1,9,9,Boulder,CO
2022-11-26,del,sfpa,56,17,-298.0,240.0,-7.0,7.0,-110.0,-110.0,,,47.5,,11,espn-core,,,0,0,48,25,Newark,DE
2022-11-26,duke,wake,34,31,135.0,-156.0,3.0,-3.0,-120.0,-110.0,,,67.5,,12,espn-core,,,0,1,1,1,Durham,NC
2022-11-26,fau,wku,31,32,249.0,-302.5,7.5,-7.5,-120.0,-110.0,,,62.0,,12,espn-core,,,0,1,12,12,Boca Raton,FL
2022-11-26,fiu,mtsu,28,33,717.5,-1200.0,19.5,-19.5,-110.0,-110.0,,,54.5,,12,espn-core,,,0,1,12,12,Miami,FL
2022-11-26,gaso,app,51,48,195.5,-240.0,6.5,-6.5,-105.0,-125.0,,,66.0,,12,espn-core,,,0,1,37,37,Statesboro,GA
2022-11-26,hou,tlsa,30,37,-486.5,363.5,-13.0,13.0,-110.0,-110.0,,,67.0,,12,espn-core,,,0,1,151,151,Houston,TX
2022-11-26,iu,pur,16,30,287.5,-372.5,10.0,-10.0,-120.0,-110.0,,,53.0,,12,espn-core,,,0,1,5,5,Bloomington,IN
2022-11-26,jmu,ccu,47,7,-673.5,477.5,-15.5,15.5,-115.0,-115.0,,,53.0,,12,espn-core,,,0,1,37,37,Harrisonburg,VA
2022-11-26,ksu,ku,47,27,-458.0,351.5,-12.0,12.0,-115.0,-115.0,,,62.0,,12,espn-core,,,0,1,4,4,Manhattan,KS
2022-11-26,lib,nmsu,14,49,-3460.0,1337.5,-24.0,24.0,-110.0,-120.0,,,50.5,,12,espn-core,,,0,0,18,18,Lynchburg,VA
2022-11-26,lt,uab,27,37,625.0,-963.5,18.0,-18.0,-115.0,-115.0,,,55.5,,12,espn-core,,,0,1,12,12,Ruston,LA
2022-11-26,mass,army,7,44,800.0,-1400.0,20.0,-20.0,-105.0,-125.0,,,45.5,,12,espn-core,,,0,0,18,18,Amherst,MA
2022-11-26,md,rutg,37,0,-612.0,445.0,-14.5,14.5,-115.0,-115.0,,,48.5,,9,espn-core,,,0,1,5,5,College Park,MD
2022-11-26,mia,pitt,16,42,159.0,-190.0,4.5,-4.5,-120.0,-110.0,,,44.0,,12,espn-core,,,0,1,1,1,Miami Gardens,FL
2022-11-26,mrsh,gast,28,23,-245.0,200.0,-6.5,6.5,-115.0,-115.0,,,45.5,,12,espn-core,,,0,1,37,37,Huntington,WV
2022-11-26,niu,akr,12,44,-359.0,285.0,-9.5,9.5,-115.0,-105.0,,,52.0,,12,espn-core,,,0,1,15,15,Dekalb,IL
2022-11-26,nu,ill,3,41,463.0,-650.0,14.5,-14.5,-115.0,-115.0,,,38.0,,13,espn-core,,,0,1,5,5,Evanston,IL
2022-11-26,okst,wvu,19,24,-225.0,185.0,-5.5,5.5,-110.0,-120.0,,,60.0,,11,espn-core,,,0,1,4,4,Stillwater,OK
2022-11-26,orst,ore,38,34,-120.0,100.0,-1.0,1.0,-110.0,-110.0,,,57.0,,12,espn-core,,,0,1,9,9,Corvallis,OR
2022-11-26,osu,mich,23,45,-350.5,280.0,-9.0,9.0,-115.0,-115.0,,,56.0,,12,espn-core,,,0,1,5,5,Columbus,OH
2022-11-26,psu,msu,35,16,-1100.0,700.0,-19.0,19.0,-115.0,-115.0,,,54.5,,12,espn-core,,,0,1,5,5,University Park,PA
2022-11-26,sdsu,afa,3,13,110.0,-133.5,2.0,-2.0,-110.0,-110.0,,,43.25,,12,espn-core,,,0,1,17,17,San Diego,CA
2022-11-26,sjsu,haw,27,14,-700.0,496.0,-15.0,15.0,-115.0,-115.0,,,58.0,,12,espn-core,,,0,1,17,17,San Jose,CA
2022-11-26,smu,mem,34,31,-190.0,160.0,-4.5,4.5,-120.0,-110.0,,,68.5,,12,espn-core,,,0,1,151,151,Dallas,TX
2022-11-26,stan,byu,26,35,199.5,-240.0,6.5,-6.5,-115.0,-115.0,,,57.5,,12,espn-core,,,0,0,9,18,Stanford,CA
2022-11-26,ta&m,lsu,38,23,300.0,-385.0,10.0,-10.0,-125.0,-105.0,,,47.5,,12,espn-core,,,0,1,8,8,College Station,TX
2022-11-26,tcu,isu,62,14,-362.5,286.0,-9.5,9.5,-115.0,-115.0,,,45.5,,12,espn-core,,,0,1,4,4,Fort Worth,TX
2022-11-26,tem,ecu,46,49,296.0,-376.0,9.5,-9.5,-110.0,-120.0,,,52.0,,12,espn-core,,,0,1,151,151,Philadelphia,PA
2022-11-26,ttu,ou,51,48,105.0,-125.0,1.5,-1.5,-115.0,-115.0,,,65.5,,12,espn-core,,,0,1,4,4,Lubbock,TX
2022-11-26,txst,ul,13,41,175.0,-206.5,5.0,-5.0,-115.0,-115.0,,,44.0,,12,espn-core,,,0,1,37,37,San Marcos,TX
2022-11-26,uga,gt,37,14,,,-36.25,36.25,-110.0,-120.0,,,49.0,,12,espn-core,,,0,0,8,1,Athens,GA
2022-11-26,uk,lou,26,13,-170.0,145.0,-3.5,3.5,-105.0,-125.0,,,42.5,,12,espn-core,,,0,0,8,1,Lexington,KY
2022-11-26,ulm,usm,10,20,135.0,-158.0,3.0,-3.0,-130.0,,,,50.0,,12,espn-core,,,0,1,37,37,Monroe,LA
2022-11-26,unlv,nev,27,22,-500.0,375.0,-12.5,12.5,-110.0,-120.0,,,49.0,,12,espn-core,,,0,1,17,17,Las Vegas,NV
2022-11-26,unt,rice,21,17,-622.0,448.5,-14.5,14.5,-105.0,-125.0,,,57.5,,12,espn-core,,,0,1,12,12,Denton,TX
2022-11-26,usa,odu,27,20,-800.0,550.0,-16.5,16.5,-105.0,-115.0,,,47.0,,12,espn-core,,,0,1,37,37,Mobile,AL
2022-11-26,usc,nd,38,27,-202.0,169.0,-4.5,4.5,-125.0,-105.0,,,62.5,,12,espn-core,,,0,0,9,18,Los Angeles,CA
2022-11-26,usf,ucf,39,46,700.0,-1135.0,20.0,-20.0,-115.0,-115.0,,,67.5,,12,espn-core,,,0,1,151,151,Tampa,FL
2022-11-26,utsa,utep,34,31,-850.0,575.0,-16.5,16.5,-115.0,-115.0,,,56.5,,12,espn-core,,,0,1,12,12,San Antonio,TX
2022-11-26,van,tenn,0,56,400.0,-525.0,14.0,-14.0,-115.0,-105.0,,,64.0,,12,espn-core,,,0,1,8,8,Nashville,TN
2022-11-26,wisc,minn,16,23,-159.0,135.0,-3.0,3.0,-105.0,-125.0,,,37.0,,13,espn-core,,,0,1,5,5,Madison,WI
2022-11-26,wsu,wash,33,51,115.0,-134.5,2.5,-2.5,-120.0,-110.0,,,60.0,,12,espn-core,,,0,1,9,9,Pullman,WA
2022-12-02,buff,akr,23,22,-483.0,360.0,-12.0,12.0,-110.0,-120.0,,,55.0,,12,espn-core,,,0,1,15,15,Buffalo,NY
2022-12-02,usc,utah,24,47,-150.0,127.0,-2.5,2.5,-115.0,-115.0,,,67.5,,13,espn-core,,,1,0,9,9,Las Vegas,NV
2022-12-02,utsa,unt,48,27,-328.0,260.0,-8.5,8.5,-120.0,-110.0,,,70.0,,11,espn-core,,,0,0,12,12,San Antonio,TX
2022-12-03,bois,fres,16,28,-155.0,130.0,-3.0,3.0,-130.0,,,,54.5,,11,espn-core,,,0,0,17,17,Boise,ID
2022-12-03,mich,pur,43,22,-800.0,550.0,-16.0,16.0,-115.0,-115.0,,,53.5,,13,espn-core,,,1,0,5,5,Indianapolis,IN
2022-12-03,ndsu,mont,49,26,-345.0,267.5,-9.0,9.0,-110.0,-110.0,,,51.5,,10,espn-core,,,0,0,21,20,Fargo,ND
2022-12-03,nmsu,val,65,3,-6333.5,2250.0,-31.5,31.5,-125.0,-105.0,,,55.0,,10,espn-core,,,0,0,18,28,Las Cruces,NM
2022-12-03,ohio,tol,7,17,150.0,-175.0,3.5,-3.5,-115.0,-115.0,,,54.5,,11,espn-core,,,1,0,15,15,Detroit,MI
2022-12-03,sac,rich,38,31,-709.0,500.0,-15.0,15.0,-110.0,-110.0,,,54.0,,10,espn-core,,,0,0,20,48,Sacramento,CA
2022-12-03,sdst,del,42,6,-975.0,625.0,-17.0,17.0,-110.0,-110.0,,,47.5,,10,espn-core,,,0,0,21,48,Brookings,SD
2022-12-03,tcu,ksu,28,31,-110.0,-111.0,,,-115.0,-115.0,,,60.5,,12,espn-core,,,1,0,4,4,Arlington,TX
2022-12-03,troy,ccu,45,26,-260.0,210.0,-6.5,6.5,-110.0,-120.0,,,49.0,,11,espn-core,,,0,0,37,37,Troy,AL
2022-12-03,tuln,ucf,45,28,-175.0,145.0,-3.5,3.5,-115.0,-115.0,,,57.5,,11,espn-core,,,0,0,151,151,New Orleans,LA
2022-12-03,uga,lsu,50,30,-925.5,609.5,-17.5,17.5,-120.0,-110.0,,,52.0,,12,espn-core,,,1,0,8,8,Atlanta,GA
2022-12-03,unc,clem,10,39,233.5,-287.0,7.5,-7.5,-105.0,-125.0,,,64.0,,12,espn-core,,,1,0,1,1,Charlotte,NC
2022-12-09,ndsu,sam,27,9,-1105.5,700.0,-19.5,19.5,-115.0,-115.0,,,64.0,,10,espn-core,,,0,0,21,29,Fargo,ND
2022-12-09,sac,uiw,63,66,-242.5,195.0,-6.0,6.0,-115.0,-115.0,,,78.0,,10,espn-core,,,0,0,20,30,Sacramento,CA
2022-12-10,army,navy,20,17,126.0,-150.0,2.5,-2.5,,-120.0,,,32.0,,13,espn-core,,,1,0,18,151,Philadelphia,PA
2022-12-16,ndsu,uiw,35,32,-292.0,235.0,-7.5,7.5,-115.0,-115.0,,,71.0,,9,espn-core,,,0,0,21,30,Fargo,ND
2022-12-16,troy,utsa,18,12,135.0,-160.0,3.0,-3.0,-125.0,-105.0,,,56.5,,12,espn-core,,,1,0,37,12,Orlando,FL
2022-12-16,uab,m-oh,24,20,-400.0,320.0,-11.0,11.0,-110.0,-120.0,,,46.0,,12,espn-core,,,1,0,12,15,Nassau,
2022-12-17,bois,unt,35,32,-452.5,346.0,-11.5,11.5,-120.0,-110.0,,,63.0,,13,espn-core,,,1,0,17,12,Frisco,TX
2022-12-17,byu,smu,24,23,163.0,-200.0,4.5,-4.5,-120.0,-110.0,,,65.0,,13,espn-core,,,1,0,18,151,Albuquerque,NM
2022-12-17,fres,wsu,29,6,-210.0,175.0,,,-105.0,-115.0,,,54.0,,12,espn-core,,,1,0,17,9,Inglewood,CA
2022-12-17,lou,cin,24,7,-140.0,120.0,-2.5,2.5,-120.0,-110.0,,,38.5,,12,espn-core,,,1,0,1,151,Boston,MA
2022-12-17,orst,fla,30,3,-290.5,237.0,-7.5,7.5,-120.0,-110.0,,,51.5,,13,espn-core,,,1,0,9,8,Las Vegas,NV
2022-12-17,usm,rice,38,24,-245.5,199.5,-6.5,6.5,-120.0,-110.0,,,45.5,,13,espn-core,,,1,0,37,12,Mobile,AL
2022-12-19,conn,mrsh,14,28,360.0,-480.0,12.5,-12.5,-115.0,-115.0,,,42.0,,13,espn-core,,,1,0,18,37,Conway,SC
2022-12-20,sjsu,emu,27,41,-177.5,149.5,-3.5,3.5,-115.0,-115.0,,,54.0,,14,espn-core,,,1,0,17,15,Boise,ID
2022-12-20,tol,lib,21,19,-180.0,150.0,-3.5,3.5,-115.0,-115.0,,,51.0,,14,espn-core,,,1,0,15,18,Boca Raton,FL
2022-12-21,usa,wku,23,44,-175.0,150.0,-3.5,3.5,-115.0,-105.0,,,57.75,,14,espn-core,,,1,0,37,12,New Orleans,LA
2022-12-22,afa,bay,30,15,140.0,-166.5,3.5,-3.5,-120.0,,,,42.5,,14,espn-core,,,1,0,17,4,Fort Worth,TX
2022-12-23,hou,ul,23,16,-223.5,180.0,-5.5,5.5,-115.0,-115.0,,,56.5,,14,espn-core,,,1,0,151,37,Shreveport,LA
2022-12-23,miz,wake,17,27,116.5,-138.0,2.5,-2.5,-105.0,-125.0,,,58.5,,13,espn-core,,,1,0,8,1,Tampa,FL
2022-12-24,sdsu,mtsu,23,25,-282.5,229.0,-7.0,7.0,-105.0,-125.0,,,47.0,,14,espn-core,,,1,0,17,12,Honolulu,HI
2022-12-26,bgsu,nmsu,19,24,-167.5,140.0,-3.0,3.0,-110.0,-120.0,,,50.5,,14,espn-core,,,1,0,15,18,Detroit,MI
2022-12-27,buff,gaso,23,21,192.5,-232.0,6.0,-6.0,-120.0,-110.0,,,66.5,,14,espn-core,,,1,0,15,37,Montgomery,AL
2022-12-27,ecu,ccu,53,29,-282.0,230.0,-7.0,7.0,,-130.0,,,67.0,,14,espn-core,,,1,0,151,37,Birmingham,AL
2022-12-27,okst,wisc,17,24,175.0,-211.5,5.0,-5.0,-115.0,-115.0,,,45.0,,14,espn-core,,,1,0,4,5,Phoenix,AZ
2022-12-27,usu,mem,10,38,260.0,-334.0,8.0,-8.0,-110.0,-120.0,,,57.0,,14,espn-core,,,1,0,17,151,Dallas,TX
2022-12-28,ark,ku,55,53,-122.0,100.5,-1.5,1.5,-125.0,-105.0,,,70.0,,10,espn-core,,,1,0,8,4,Memphis,TN
2022-12-28,duke,ucf,30,13,-159.0,135.0,-3.0,3.0,-105.0,-125.0,,,62.5,,13,espn-core,,,1,0,1,151,Annapolis,MD
2022-12-28,miss,ttu,25,42,-194.0,160.0,-4.5,4.5,-110.0,-120.0,,,72.5,,13,espn-core,,,1,0,8,4,Houston,TX
2022-12-28,unc,ore,27,28,380.0,-500.0,13.0,-13.0,-115.0,-115.0,,,76.0,,14,espn-core,,,1,0,1,9,San Diego,CA
2022-12-29,fsu,ou,35,32,-385.0,300.0,-10.0,10.0,-110.0,-120.0,,,66.5,,13,espn-core,,,1,0,1,4,Orlando,FL
2022-12-29,minn,syr,28,20,-417.0,321.0,-10.5,10.5,-110.0,-120.0,,,44.5,,13,espn-core,,,1,0,5,1,Bronx,NY
2022-12-29,wash,tex,27,20,126.0,-150.0,3.0,-3.0,-125.0,-105.0,,,67.0,,14,espn-core,,,1,0,9,4,San Antonio,TX
2022-12-30,clem,tenn,14,31,-185.0,155.0,-4.0,4.0,-120.0,-110.0,,,61.5,,12,espn-core,,,1,0,1,8,Miami Gardens,FL
2022-12-30,ncsu,md,12,16,-130.0,110.0,,,-105.0,-115.0,,,45.5,,13,espn-core,,,1,0,1,5,Charlotte,NC
2022-12-30,sc,nd,38,45,175.0,-208.0,5.0,-5.0,-115.0,-115.0,,,50.5,,13,espn-core,,,1,0,8,18,Jacksonville,FL
2022-12-30,ucla,pitt,35,37,-320.0,250.0,-8.5,8.5,-110.0,-120.0,,,54.5,,14,espn-core,,,1,0,9,1,El Paso,TX
2022-12-30,wyo,ohio,27,30,126.0,-150.0,3.0,-3.0,,-130.0,,,43.0,,14,espn-core,,,1,0,17,15,Tucson,AZ
2022-12-31,ksu,ala,20,45,250.0,-310.0,7.5,-7.5,-115.0,-115.0,,,58.0,,12,espn-core,,,1,0,4,8,New Orleans,LA
2022-12-31,mich,tcu,45,51,-335.0,260.0,-8.0,8.0,-115.0,-115.0,,,56.0,,13,espn-core,,,1,0,5,4,Glendale,AZ
2022-12-31,uga,osu,42,41,-220.0,180.0,-5.0,5.0,-110.0,-120.0,,,62.0,,14,espn-core,,,1,0,8,5,Atlanta,GA
2022-12-31,uk,iowa,0,21,135.0,-159.5,3.0,-3.0,,-130.0,,,31.5,,14,espn-core,,,1,0,8,5,Nashville,TN
2023-01-02,ill,msst,10,19,150.0,-177.0,,,-125.0,-105.0,,,46.5,,14,espn-core,,,1,0,5,8,Tampa,FL
2023-01-02,pur,lsu,7,63,499.0,-700.0,15.0,-15.0,-110.0,-120.0,,,54.5,,9,espn-core,,,1,0,5,8,Orlando,FL
2023-01-02,usc,tuln,45,46,-125.0,103.5,-1.5,1.5,-115.0,-115.0,,,66.5,,13,espn-core,,,1,0,9,151,Arlington,TX
2023-01-02,utah,psu,21,35,100.0,-120.5,,,-110.0,-120.0,,,54.75,,14,espn-core,,,1,0,9,5,Pasadena,CA
2023-01-08,sdst,ndsu,45,21,-210.0,175.0,-5.5,5.5,-115.0,-115.0,,,47.0,,11,espn-core,,,1,0,21,21,Frisco,TX
2023-01-09,uga,tcu,65,7,-525.0,400.0,-13.5,13.5,-120.0,-110.0,,,61.5,,13,espn-core,,,1,0,8,4,Inglewood,CA
2023-08-26,jvst,utep,17,14,102.0,-123.0,,,-110.0,-110.0,,,54.5,,11,espn-core,,,0,1,12,12,Jacksonville,AL
2023-08-26,lt,fiu,22,17,-450.0,350.0,-12.0,12.0,-110.0,-110.0,,,57.5,,14,espn-core,,,0,1,12,12,Ruston,LA
2023-08-26,nd,navy,42,3,-1526.5,815.0,-20.5,20.5,-110.0,-110.0,,,49.5,,15,espn-core,,,1,0,18,151,Dublin,
2023-08-26,nmsu,mass,30,41,-280.0,225.0,-7.0,7.0,-120.0,,,,45.0,,13,espn-core,,,0,0,12,18,Las Cruces,NM
2023-08-26,sdsu,ohio,20,13,-132.0,110.0,-2.5,2.5,-110.0,-110.0,,,48.5,,15,espn-core,,,0,0,17,15,San Diego,CA
2023-08-26,usc,sjsu,56,28,-10000.0,2000.0,-31.0,31.0,-110.0,-110.0,,,66.0,,15,espn-core,,,0,0,9,17,Los Angeles,CA
2023-08-26,van,haw,35,28,-1000.0,650.0,-17.0,17.0,-110.0,-110.0,,,54.5,,10,espn-core,,,0,0,8,17,Nashville,TN
2023-08-31,asu,suu,24,21,-10000.0,3000.0,-34.25,34.25,-115.0,-105.0,,,61.5,,10,espn-core,,,0,0,9,177,Tempe,AZ
2023-08-31,conn,ncsu,14,24,500.0,-704.0,14.5,-14.5,-120.0,-110.0,,,47.5,,15,espn-core,,,0,0,18,1,East Hartford,CT
2023-08-31,gast,uri,42,35,-1000.0,600.0,-17.75,17.75,-105.0,-115.0,,,61.5,,10,espn-core,,,0,0,37,48,Atlanta,GA
2023-08-31,kenn,tusc,38,7,,,,,,,,,,,0,espn-core,,,0,0,32,,Kennesaw,GA
2023-08-31,minn,neb,13,10,-299.0,235.0,-7.5,7.5,-115.0,-115.0,,,43.0,,15,espn-core,,,0,1,5,5,Minneapolis,MN
2023-08-31,miz,sdak,35,10,-8333.0,2000.0,-27.0,27.0,-125.0,-105.0,,,44.5,,10,espn-core,,,0,0,8,21,Columbia,MO
2023-08-31,nich,sac,24,38,1150.0,-2650.0,23.5,-23.5,-115.0,-115.0,,,54.5,,8,espn-core,,,0,0,30,20,Thibodaux,LA
2023-08-31,stbk,del,13,37,525.0,-850.0,15.25,-15.25,-115.0,-115.0,,,45.5,,10,espn-core,,,0,1,48,48,Stony Brook,NY
2023-08-31,tlsa,uapb,42,7,,,-40.5,40.5,-110.0,-120.0,,,52.5,,10,espn-core,,,0,0,151,31,Tulsa,OK
2023-08-31,uab,ncat,35,6,-3500.0,1350.0,-24.5,24.5,,-120.0,,,46.5,,10,espn-core,,,0,0,151,48,Birmingham,AL
2023-08-31,ucf,kent,56,6,-10000.0,2000.0,-35.0,35.0,-120.0,-110.0,,,54.0,,15,espn-core,,,0,0,4,15,Orlando,FL
2023-08-31,utah,fla,24,11,-228.5,186.5,-5.5,5.5,-110.0,-120.0,,,44.5,,15,espn-core,,,0,0,9,8,Salt Lake City,UT
2023-08-31,wake,elon,37,17,-10000.0,1850.0,-33.0,33.0,-115.0,-105.0,,,53.5,,10,espn-core,,,0,0,1,48,Winston-Salem,NC
2023-08-31,wmu,sfpa,35,17,-626.0,435.0,-14.0,14.0,-105.0,-125.0,,,58.0,,10,espn-core,,,0,0,15,25,Kalamazoo,MI
2023-09-01,emu,how,33,23,-1613.0,800.0,-20.0,20.0,-120.0,,,,55.5,,11,espn-core,,,0,0,15,24,Ypsilanti,MI
2023-09-01,gt,lou,34,39,248.5,-306.5,7.5,-7.5,-115.0,-115.0,,,49.5,,15,espn-core,,,1,1,1,1,Atlanta,GA
2023-09-01,haw,stan,24,37,117.5,-141.5,2.5,-2.5,-110.0,-120.0,,,54.5,,14,espn-core,,,0,0,17,9,Honolulu,HI
2023-09-01,ku,most,48,17,-2222.0,1150.0,-32.5,32.5,-110.0,-120.0,,,60.5,,10,espn-core,,,0,0,4,21,Lawrence,KS
2023-09-01,mia,m-oh,38,3,-850.0,575.0,-16.5,16.5,-115.0,-105.0,,,45.0,,14,espn-core,,,0,0,1,15,Miami Gardens,FL
2023-09-01,msu,cmu,31,7,-625.0,425.0,-14.0,14.0,-110.0,-120.0,,,45.0,,14,espn-core,,,0,0,5,15,East Lansing,MI
2023-09-02,afa,rmu,42,7,,,-47.0,47.0,-105.0,-115.0,,,51.5,,10,espn-core,,,0,0,17,179,USAF Academy,CO
2023-09-02,ala,mtsu,56,7,-10000.0,1850.0,-39.5,39.5,-115.0,-115.0,,,52.0,,14,espn-core,,,0,0,8,12,Tuscaloosa,AL
2023-09-02,app,gweb,45,24,-2500.0,1100.0,-22.5,22.5,-105.0,-115.0,,,51.5,,10,espn-core,,,0,0,37,179,Boone,NC
2023-09-02,ariz,nau,38,3,-6500.0,2000.0,-28.5,28.5,-105.0,-125.0,,,60.25,,10,espn-core,,,0,0,9,20,Tucson,AZ
2023-09-02,ark,wcu,56,13,-10000.0,3000.0,-38.0,38.0,-105.0,-115.0,,,61.0,,10,espn-core,,,0,0,8,29,Little Rock,AR
2023-09-02,aub,mass,59,14,-10000.0,1850.0,-35.5,35.5,-105.0,-125.0,,,51.5,,15,espn-core,,,0,0,8,18,Auburn,AL
2023-09-02,bay,txst,31,42,-4500.0,1500.0,-26.5,26.5,-120.0,-110.0,,,59.0,,13,espn-core,,,0,0,4,37,Waco,TX
2023-09-02,bc,niu,24,27,-351.0,260.0,-8.0,8.0,-110.0,-120.0,,,50.0,,13,espn-core,,,0,0,1,15,Chestnut Hill,MA
2023-09-02,byu,shsu,14,0,-1227.5,725.0,-19.5,19.5,-120.0,-110.0,,,46.5,,14,espn-core,,,0,0,4,12,Provo,UT
2023-09-02,cin,eku,66,13,-2300.0,975.0,-21.5,21.5,-125.0,-105.0,,,57.5,,10,espn-core,,,0,0,4,177,Cincinnati,OH
2023-09-02,clt,scst,24,3,-2500.0,1200.0,-24.0,24.0,-110.0,-110.0,,,44.5,,10,espn-core,,,0,0,151,24,Charlotte,NC
2023-09-02,csu,wsu,24,50,278.0,-355.0,9.5,-9.5,-150.0,120.0,,,54.0,,13,espn-core,,,0,0,17,9,Fort Collins,CO
2023-09-02,fau,monm,42,20,-3000.0,1100.0,-25.5,25.5,-110.0,-120.0,,,56.0,,6,espn-core,,,0,0,151,48,Boca Raton,FL
2023-09-02,fiu,me,14,12,-800.0,525.0,-15.0,15.0,-105.0,-115.0,,,46.0,,9,espn-core,,,0,0,12,48,Miami,FL
2023-09-02,gaso,cit,34,0,-10000.0,3300.0,-34.0,34.0,-115.0,-115.0,,,53.5,,10,espn-core,,,0,0,37,29,Statesboro,GA
2023-09-02,hou,utsa,17,14,109.0,-130.0,,,,-120.0,,,59.5,,14,espn-core,,,0,0,4,151,Houston,TX
2023-09-02,ill,tol,30,28,-335.0,255.0,-7.5,7.5,-110.0,-120.0,,,45.5,,15,espn-core,,,0,0,5,15,Champaign,IL
2023-09-02,iowa,usu,24,14,-3000.0,1150.0,-24.0,24.0,-120.0,-110.0,,,43.5,,13,espn-core,,,0,0,5,17,Iowa City,IA
2023-09-02,isu,uni,30,9,-286.0,227.5,-7.0,7.0,,-120.0,,,40.5,,10,espn-core,,,0,0,4,21,Ames,IA
2023-09-02,iu,osu,3,23,2000.0,-9500.0,29.5,-29.5,-110.0,-120.0,,,59.5,,15,espn-core,,,0,1,5,5,Bloomington,IN
2023-09-02,jmu,buck,38,3,,,-47.0,47.0,-120.0,,,,53.5,,9,espn-core,,,0,0,37,27,Harrisonburg,VA
2023-09-02,jvst,etsu,49,3,-1400.0,800.0,-20.0,20.0,-105.0,-115.0,,,55.0,,8,espn-core,,,0,0,12,29,Jacksonville,AL
2023-09-02,ksu,semo,45,0,-3500.0,1800.0,-28.5,28.5,-110.0,-110.0,,,55.75,,10,espn-core,,,0,0,4,179,Manhattan,KS
2023-09-02,lib,bgsu,34,24,-311.0,245.0,-8.5,8.5,-115.0,-115.0,,,48.5,,14,espn-core,,,0,0,12,15,Lynchburg,VA
2023-09-02,md,tow,38,6,,,-38.5,38.5,-115.0,-115.0,,,55.5,,10,espn-core,,,0,0,5,48,College Park,MD
2023-09-02,mem,bcu,56,14,,,-48.5,48.5,-120.0,,,,59.5,,10,espn-core,,,0,0,151,31,Memphis,TN
2023-09-02,mich,ecu,30,3,-10000.0,2000.0,-35.5,35.5,-115.0,-115.0,,,52.5,,15,espn-core,,,0,0,5,151,Ann Arbor,MI
2023-09-02,miss,mer,73,7,-9000.0,2900.0,-35.0,35.0,-110.0,-120.0,,,58.75,,10,espn-core,,,0,0,8,29,Oxford,MS
2023-09-02,mrsh,alb,21,17,-2500.0,1200.0,-22.25,22.25,-110.0,-110.0,,,47.5,,10,espn-core,,,0,0,37,48,Huntington,WV
2023-09-02,msst,sela,48,7,-9000.0,2500.0,-31.5,31.5,-105.0,-115.0,,,59.5,,10,espn-core,,,0,0,8,30,Starkville,MS
2023-09-02,nd,tnst,56,3,,,-48.5,48.5,-115.0,-115.0,,,55.0,,10,espn-core,,,0,0,18,179,Notre Dame,IN
2023-09-02,ndsu,ewu,35,10,-2250.0,975.0,-23.5,23.5,-115.0,-115.0,,,59.0,,10,espn-core,,,1,0,21,20,Minneapolis,MN
2023-09-02,nmsu,wiu,58,21,-1600.0,867.5,-21.0,21.0,-110.0,-110.0,,,55.0,,10,espn-core,,,0,0,12,21,Las Cruces,NM
2023-09-02,ohio,liu,27,10,-10000.0,1700.0,-36.0,36.0,-115.0,-115.0,,,58.0,,11,espn-core,,,0,0,15,25,Athens,OH
2023-09-02,okst,cark,27,13,-3600.0,1400.0,-25.5,25.5,-120.0,-110.0,,,59.5,,10,espn-core,,,0,0,4,177,Stillwater,OK
2023-09-02,ore,prst,81,7,,,-48.0,48.0,,-120.0,,,65.5,,10,espn-core,,,0,0,9,20,Eugene,OR
2023-09-02,ou,arst,73,0,-10000.0,2500.0,-36.0,36.0,-110.0,-120.0,,,57.5,,13,espn-core,,,0,0,4,37,Norman,OK
2023-09-02,pitt,wof,45,7,,,-37.5,37.5,-110.0,-110.0,,,49.0,,9,espn-core,,,0,0,1,29,Pittsburgh,PA
2023-09-02,psu,wvu,38,15,-1600.0,812.0,-20.5,20.5,-125.0,-105.0,,,48.5,,15,espn-core,,,0,0,5,4,University Park,PA
2023-09-02,pur,fres,35,39,-187.5,155.0,-4.0,4.0,-120.0,-110.0,,,47.0,,15,espn-core,,,0,0,5,17,West Lafayette,IN
2023-09-02,sc,unc,17,31,118.0,-142.5,2.5,-2.5,-105.0,-115.0,,,63.5,,14,espn-core,,,1,0,8,1,Charlotte,NC
2023-09-02,sdsu,idst,36,28,-20000.0,4000.0,-34.5,34.5,-120.0,,,,51.0,,10,espn-core,,,0,0,17,20,San Diego,CA
2023-09-02,smu,lt,38,14,-1408.0,800.0,-21.0,21.0,-110.0,-120.0,,,66.0,,14,espn-core,,,0,0,151,12,Dallas,TX
2023-09-02,syr,colg,65,0,,,-40.0,40.0,-110.0,-110.0,,,49.5,,10,espn-core,,,0,0,1,27,Syracuse,NY
2023-09-02,ta&m,unm,52,10,-10000.0,2000.0,-38.0,38.0,-120.0,-110.0,,,48.75,,12,espn-core,,,0,0,8,17,College Station,TX
2023-09-02,tcu,colo,42,45,-1105.5,675.0,-20.5,20.5,-120.0,,,,63.25,,15,espn-core,,,0,0,4,9,Fort Worth,TX
2023-09-02,tem,akr,24,21,-361.0,280.0,-9.5,9.5,-115.0,-115.0,,,55.0,,14,espn-core,,,0,0,151,15,Philadelphia,PA
2023-09-02,tenn,uva,49,13,-5408.0,1795.5,-27.5,27.5,-110.0,-110.0,,,56.0,,15,espn-core,,,1,0,8,1,Nashville,TN
2023-09-02,tex,rice,37,10,-10000.0,2200.0,-35.5,35.5,-115.0,-115.0,,,59.0,,14,espn-core,,,0,0,4,151,Austin,TX
2023-09-02,troy,sfa,48,30,-4000.0,1550.0,-26.0,26.0,-125.0,-105.0,,,48.25,,10,espn-core,,,0,0,37,30,Troy,AL
2023-09-02,tuln,usa,37,17,-247.5,197.5,-6.0,6.0,-115.0,-115.0,,,51.0,,13,espn-core,,,0,0,151,37,New Orleans,LA
2023-09-02,ucla,ccu,27,13,-750.0,500.0,-15.5,15.5,-120.0,-110.0,,,66.5,,14,espn-core,,,0,0,9,37,Pasadena,CA
2023-09-02,uga,utm,48,7,,,-50.5,50.5,-115.0,-105.0,,,56.5,,9,espn-core,,,0,0,8,179,Athens,GA
2023-09-02,uk,ball,44,14,-4750.0,1475.0,-25.5,25.5,-110.0,-120.0,,,48.75,,12,espn-core,,,0,0,8,15,Lexington,KY
2023-09-02,ul,nwst,38,13,-20000.0,4000.0,-35.0,35.0,,-120.0,,,54.5,,10,espn-core,,,0,0,37,30,Lafayette,LA
2023-09-02,ulm,army,17,13,250.0,-324.0,8.5,-8.5,-115.0,-115.0,,,47.0,,14,espn-core,,,0,0,37,18,Monroe,LA
2023-09-02,unlv,bry,44,14,-833.0,500.0,-16.5,16.5,-115.0,-115.0,,,66.0,,10,espn-core,,,0,0,17,179,Las Vegas,NV
2023-09-02,unt,cal,21,58,175.0,-227.0,,,-110.0,-120.0,,,53.5,,15,espn-core,,,0,0,151,9,Denton,TX
2023-09-02,usc,nev,66,14,-10000.0,2250.0,-38.0,38.0,-115.0,-115.0,,,63.5,,14,espn-core,,,0,0,9,17,Los Angeles,CA
2023-09-02,usm,alcn,40,14,-3200.0,1300.0,-24.0,24.0,-120.0,-110.0,,,47.5,,10,espn-core,,,0,0,37,31,Hattiesburg,MS
2023-09-02,utep,uiw,28,14,-300.0,232.5,-7.5,7.5,-110.0,-110.0,,,57.5,,10,espn-core,,,0,0,12,30,El Paso,TX
2023-09-02,van,aamu,47,13,-20000.0,4000.0,-35.0,35.0,-120.0,,,,53.5,,10,espn-core,,,0,0,8,31,Nashville,TN
2023-09-02,vt,odu,36,17,-750.0,500.0,-16.0,16.0,-120.0,-110.0,,,48.0,,13,espn-core,,,0,0,1,37,Blacksburg,VA
2023-09-02,wash,bois,56,19,-654.0,460.0,-14.5,14.5,-110.0,-120.0,,,59.0,,15,espn-core,,,0,0,9,17,Seattle,WA
2023-09-02,wis,buff,38,17,-6833.5,1500.0,-28.5,28.5,-120.0,-110.0,,,52.5,,14,espn-core,,,0,0,5,15,Madison,WI
2023-09-02,wku,usf,41,24,-526.0,375.0,-13.0,13.0,-110.0,-110.0,,,70.5,,14,espn-core,,,0,0,12,151,Bowling Green,KY
2023-09-02,wyo,ttu,35,33,415.0,-582.5,13.5,-13.5,-110.0,-110.0,,,50.5,,13,espn-core,,,0,0,17,4,Laramie,WY
2023-09-03,fsu,lsu,45,24,110.0,-130.0,2.0,-2.0,-120.0,-110.0,,,56.5,,15,espn-core,,,1,0,1,8,Orlando,FL
2023-09-03,rutg,nu,24,7,-230.0,180.0,-5.0,5.0,-120.0,-110.0,,,39.0,,9,espn-core,,,0,1,5,5,Piscataway,NJ
2023-09-03,sjsu,orst,17,42,430.0,-602.0,14.25,-14.25,-120.0,-110.0,,,56.5,,14,espn-core,,,0,0,17,9,San Jose,CA
2023-09-04,duke,clem,28,7,357.5,-477.0,12.5,-12.5,-110.0,-120.0,,,54.5,,15,espn-core,,,0,1,1,1,Durham,NC
2023-09-07,lou,mur,56,0,,,-43.5,43.5,-115.0,-115.0,,,55.5,,11,espn-core,,,0,0,1,21,Louisville,KY
2023-09-08,iu,inst,41,7,-10000.0,4000.0,-31.0,31.0,-125.0,-105.0,,,44.0,,11,espn-core,,,0,0,5,21,Bloomington,IN
2023-09-08,ku,ill,34,23,-175.0,145.0,-3.5,3.5,-115.0,-115.0,,,57.5,,11,espn-core,,,0,0,4,5,Lawrence,KS
2023-09-09,akr,morg,24,21,-4750.0,1450.0,-25.0,25.0,-105.0,-115.0,,,46.0,,11,espn-core,,,0,0,15,24,Akron,OH
2023-09-09,ala,tex,24,34,-292.0,230.0,-7.0,7.0,-115.0,-115.0,,,53.5,,13,espn-core,,,0,0,8,4,Tuscaloosa,AL
2023-09-09,ark,kent,28,6,-10000.0,2000.0,-38.0,38.0,-115.0,-115.0,,,57.5,,11,espn-core,,,0,0,8,15,Fayetteville,AR
2023-09-09,army,dsu,57,0,,,-39.5,39.5,-110.0,-110.0,,,44.0,,10,espn-core,,,0,0,18,24,West Point,NY
2023-09-09,arst,mem,3,37,900.0,-1667.0,21.0,-21.0,-115.0,-115.0,,,57.0,,11,espn-core,,,0,0,37,151,Jonesboro,AR
2023-09-09,asu,okst,15,27,110.0,-135.0,2.5,-2.5,-115.0,-115.0,,,53.5,,11,espn-core,,,0,0,9,4,Tempe,AZ
2023-09-09,bay,utah,13,20,235.0,-291.0,7.0,-7.0,-125.0,-105.0,,,45.5,,11,espn-core,,,0,0,4,9,Waco,TX
2023-09-09,bc,hc,31,28,-478.0,337.5,-10.5,10.5,-115.0,-115.0,,,52.5,,11,espn-core,,,0,0,1,27,Chestnut Hill,MA
2023-09-09,bgsu,eiu,38,15,-1000.0,600.0,-17.0,17.0,-105.0,-115.0,,,48.5,,11,espn-core,,,0,0,15,179,Bowling Green,OH
2023-09-09,bois,ucf,16,18,130.0,-155.0,3.0,-3.0,-125.0,-105.0,,,58.5,,11,espn-core,,,0,0,17,4,Boise,ID
2023-09-09,buff,for,37,40,-2050.0,1025.0,-23.5,23.5,-110.0,-120.0,,,55.5,,11,espn-core,,,0,0,15,27,Buffalo,NY
2023-09-09,byu,suu,41,16,-7500.0,2650.0,-30.5,30.5,-115.0,-105.0,,,46.5,,11,espn-core,,,0,0,4,177,Provo,UT
2023-09-09,cal,aub,10,14,165.0,-200.0,5.0,-5.0,-110.0,-110.0,,,55.5,,11,espn-core,,,0,0,9,8,Berkeley,CA
2023-09-09,ccu,jvst,30,16,-600.0,410.0,-13.5,13.5,-110.0,-120.0,,,61.0,,11,espn-core,,,0,0,37,12,Conway,SC
2023-09-09,clem,chso,66,17,,,-50.5,50.5,-110.0,-110.0,,,54.5,,8,espn-core,,,0,0,1,179,Clemson,SC
2023-09-09,cmu,unh,45,42,-303.0,240.0,-7.0,7.0,105.0,-125.0,,,48.5,,11,espn-core,,,0,0,15,48,Mount Pleasant,MI
2023-09-09,colo,neb,36,14,-147.0,120.0,,,-125.0,-105.0,,,56.5,,13,espn-core,,,0,0,9,5,Boulder,CO
2023-09-09,duke,laf,42,7,,,-42.5,42.5,-110.0,-110.0,,,49.0,,11,espn-core,,,0,0,1,27,Durham,NC
2023-09-09,ecu,mrsh,13,31,122.0,-146.0,3.0,-3.0,-105.0,-125.0,,,43.5,,10,espn-core,,,0,0,151,37,Greenville,NC
2023-09-09,fau,ohio,10,17,-170.0,143.0,-3.5,3.5,-115.0,-115.0,,,61.5,,11,espn-core,,,0,0,151,15,Boca Raton,FL
2023-09-09,fiu,unt,46,39,350.0,-470.0,11.0,-11.0,-110.0,-110.0,,,51.5,,11,espn-core,,,0,0,12,151,Miami,FL
2023-09-09,fla,mcn,49,7,,,-48.0,48.0,-110.0,-120.0,,,55.5,,11,espn-core,,,0,0,8,30,Gainesville,FL
2023-09-09,fres,ewu,34,31,-3416.5,1450.0,-30.5,30.5,-110.0,-110.0,,,63.5,,11,espn-core,,,0,0,17,20,Fresno,CA
2023-09-09,fsu,usm,66,13,-8166.5,2000.0,-31.0,31.0,-110.0,-120.0,,,54.0,,11,espn-core,,,0,0,1,37,Tallahassee,FL
2023-09-09,gaso,uab,49,35,-260.0,205.0,-7.0,7.0,-105.0,-125.0,,,63.0,,11,espn-core,,,0,0,37,151,Statesboro,GA
2023-09-09,gast,conn,35,14,-150.0,125.0,-3.0,3.0,,-130.0,,,54.5,,11,espn-core,,,0,0,37,18,Atlanta,GA
2023-09-09,gt,scst,48,13,,,-44.0,44.0,-110.0,-110.0,,,53.5,,11,espn-core,,,0,0,1,24,Atlanta,GA
2023-09-09,haw,alb,31,20,-450.0,328.0,-10.5,10.5,,-120.0,,,58.5,,9,espn-core,,,0,0,17,48,Honolulu,HI
2023-09-09,isu,iowa,13,20,150.0,-179.0,3.5,-3.5,-120.0,-110.0,,,35.0,,11,espn-core,,,0,0,4,5,Ames,IA
2023-09-09,ksu,troy,42,13,-704.0,495.0,-15.0,15.0,-115.0,-115.0,,,49.5,,11,espn-core,,,0,0,4,37,Manhattan,KS
2023-09-09,lib,nmsu,33,17,-380.0,285.0,-9.5,9.5,-105.0,-125.0,,,54.5,,11,espn-core,,,0,1,12,12,Lynchburg,VA
2023-09-09,lsu,gram,72,10,,,-56.5,56.5,-115.0,-115.0,,,61.5,,11,espn-core,,,0,0,8,31,Baton Rouge,LA
2023-09-09,lt,nwst,51,21,-2000.0,989.5,-23.0,23.0,-120.0,-110.0,,,58.5,,11,espn-core,,,0,0,12,30,Ruston,LA
2023-09-09,mass,m-oh,28,41,220.0,-275.0,7.0,-7.0,-110.0,-110.0,,,44.0,,9,espn-core,,,0,0,18,15,Amherst,MA
2023-09-09,md,clt,38,20,-4000.0,1300.0,-24.5,24.5,-125.0,-105.0,,,50.0,,11,espn-core,,,0,0,5,151,College Park,MD
2023-09-09,mia,ta&m,48,33,120.0,-141.0,2.5,-2.5,-110.0,-120.0,,,50.0,,12,espn-core,,,0,0,1,8,Miami Gardens,FL
2023-09-09,mich,unlv,35,7,-10000.0,1850.0,-38.0,38.0,-120.0,-110.0,,,57.5,,11,espn-core,,,0,0,5,17,Ann Arbor,MI
2023-09-09,minn,emu,25,6,-1205.0,750.0,-19.5,19.5,-120.0,-110.0,,,48.0,,11,espn-core,,,0,0,5,15,Minneapolis,MN
2023-09-09,miz,mtsu,23,19,-1613.0,900.0,-21.0,21.0,-105.0,-125.0,,,47.5,,11,espn-core,,,0,0,8,12,Columbia,MO
2023-09-09,msst,ariz,31,24,-345.0,270.0,-9.0,9.0,-110.0,-120.0,,,60.0,,11,espn-core,,,0,0,8,9,Starkville,MS
2023-09-09,msu,rich,45,14,-10000.0,3150.0,-29.0,29.0,-105.0,-115.0,,,43.5,,11,espn-core,,,0,0,5,48,East Lansing,MI
2023-09-09,navy,wag,24,0,,,-42.5,42.5,-110.0,-120.0,,,49.5,,11,espn-core,,,0,0,151,25,Annapolis,MD
2023-09-09,ncsu,nd,24,45,235.0,-300.0,7.0,-7.0,-125.0,-105.0,,,49.5,,11,espn-core,,,0,0,1,18,Raleigh,NC
2023-09-09,ndsu,me,44,7,,,-35.5,35.5,-120.0,-110.0,,,50.5,,10,espn-core,,,0,0,21,48,Fargo,ND
2023-09-09,nev,idho,6,33,171.0,-210.0,5.5,-5.5,-115.0,-105.0,,,50.5,,11,espn-core,,,0,0,17,20,Reno,NV
2023-09-09,niu,siu,11,14,-330.0,250.0,-8.5,8.5,-110.0,-110.0,,,59.0,,11,espn-core,,,0,0,15,21,Dekalb,IL
2023-09-09,nu,utep,38,7,-118.0,-105.0,-1.0,1.0,-110.0,-120.0,,,39.5,,11,espn-core,,,0,0,5,12,Evanston,IL
2023-09-09,odu,ul,38,31,192.0,-240.0,6.0,-6.0,-120.0,-110.0,,,51.5,,11,espn-core,,,0,1,37,37,Norfolk,VA
2023-09-09,orst,ucd,55,7,-2400.0,1150.0,-24.0,24.0,-115.0,-105.0,,,57.0,,11,espn-core,,,0,0,9,20,Corvallis,OR
2023-09-09,osu,ysu,35,7,,,-45.0,45.0,,-120.0,,,56.5,,11,espn-core,,,0,0,5,21,Columbus,OH
2023-09-09,ou,smu,28,11,-750.0,500.0,-16.0,16.0,-115.0,-115.0,,,69.0,,11,espn-core,,,0,0,4,151,Norman,OK
2023-09-09,pitt,cin,21,27,-266.0,212.5,-6.5,6.5,-110.0,-120.0,,,44.5,,10,espn-core,,,0,0,1,4,Pittsburgh,PA
2023-09-09,psu,del,63,7,,,-43.5,43.5,-120.0,-110.0,,,56.0,,11,espn-core,,,0,0,5,48,University Park,PA
2023-09-09,rice,hou,43,41,223.5,-278.0,7.0,-7.0,-115.0,-115.0,,,51.0,,11,espn-core,,,0,0,151,4,Houston,TX
2023-09-09,rutg,tem,36,7,-323.0,255.0,-7.5,7.5,-115.0,-115.0,,,43.5,,7,espn-core,,,0,0,5,151,Piscataway,NJ
2023-09-09,sac,tamc,34,6,,,,,,,,,,,0,espn-core,,,0,0,20,30,Sacramento,CA
2023-09-09,sc,fur,47,21,-1050.0,650.0,-17.5,17.5,-120.0,-110.0,,,52.5,,11,espn-core,,,0,0,8,29,Columbia,SC
2023-09-09,sdsu,ucla,10,35,400.0,-550.0,13.0,-13.0,-120.0,-110.0,,,49.0,,11,espn-core,,,0,0,17,9,San Diego,CA
2023-09-09,shsu,afa,3,13,425.0,-600.0,13.5,-13.5,-115.0,-115.0,,,36.5,,11,espn-core,,,1,0,12,17,Houston,TX
2023-09-09,sjsu,cp,59,3,-2250.0,1000.0,-23.5,23.5,-125.0,-105.0,,,60.0,,11,espn-core,,,0,0,17,20,San Jose,CA
2023-09-09,syr,wmu,48,7,-4000.0,1305.0,-24.5,24.5,-110.0,-120.0,,,56.5,,11,espn-core,,,0,0,1,15,Syracuse,NY
2023-09-09,tcu,nich,41,6,,,-41.5,41.5,130.0,-150.0,,,59.5,,9,espn-core,,,0,0,4,30,Fort Worth,TX
2023-09-09,tenn,apsu,30,13,,,-48.5,48.5,-110.0,-110.0,,,65.5,,11,espn-core,,,0,0,8,177,Knoxville,TN
2023-09-09,tol,txso,71,3,,,-40.5,40.5,-120.0,-110.0,,,62.5,,11,espn-core,,,0,0,15,31,Toledo,OH
2023-09-09,ttu,ore,30,38,175.0,-210.0,4.5,-4.5,-115.0,-115.0,,,68.5,,11,espn-core,,,0,0,4,9,Lubbock,TX
2023-09-09,tuln,miss,20,37,375.0,-500.0,13.0,-13.0,-115.0,-115.0,,,61.0,,11,espn-core,,,0,0,151,8,New Orleans,LA
2023-09-09,uga,ball,45,3,-10000.0,2100.0,-42.0,42.0,-120.0,-110.0,,,52.5,,11,espn-core,,,0,0,8,15,Athens,GA
2023-09-09,uk,eku,28,17,-15000.0,3650.0,-35.0,35.0,,-120.0,,,62.5,,11,espn-core,,,0,0,8,177,Lexington,KY
2023-09-09,ulm,lam,24,14,-10000.0,1600.0,-25.5,25.5,-120.0,-110.0,,,48.5,,11,espn-core,,,0,0,37,30,Monroe,LA
2023-09-09,unc,app,40,34,-1100.0,650.0,-19.0,19.0,-115.0,-115.0,,,58.0,,11,espn-core,,,0,0,1,37,Chapel Hill,NC
2023-09-09,unm,tntc,56,10,-1111.0,700.0,-16.5,16.5,-115.0,-115.0,,,51.5,,11,espn-core,,,0,0,17,179,Albuquerque,NM
2023-09-09,usa,sela,35,17,-2500.0,950.0,-23.0,23.0,-115.0,-105.0,,,59.5,,11,espn-core,,,0,0,37,30,Mobile,AL
2023-09-09,usc,stan,56,10,-5833.5,1675.0,-28.5,28.5,-125.0,-105.0,,,69.5,,11,espn-core,,,0,1,9,9,Los Angeles,CA
2023-09-09,usf,famu,38,24,-1429.0,800.0,-20.0,20.0,-110.0,-110.0,,,63.0,,11,espn-core,,,0,0,151,31,Tampa,FL
2023-09-09,usu,idst,78,28,-2866.5,1150.0,-24.0,24.0,-120.0,-110.0,,,61.0,,11,espn-core,,,0,0,17,20,Logan,UT
2023-09-09,utc,kenn,27,20,,,-7.0,7.0,-105.0,-125.0,,,54.5,,1,espn-core,,,0,0,29,32,Chattanooga,TN
2023-09-09,utm,most,38,31,150.0,-175.0,2.25,-2.25,-115.0,-115.0,,,55.5,,6,espn-core,,,0,0,179,21,Martin,TN
2023-09-09,utsa,txst,20,13,-552.0,400.0,-14.0,14.0,-110.0,-120.0,,,66.0,,11,espn-core,,,0,0,151,37,San Antonio,TX
2023-09-09,uva,jmu,35,36,196.0,-244.0,6.5,-6.5,-110.0,-120.0,,,40.0,,11,espn-core,,,0,0,1,37,Charlottesville,VA
2023-09-09,vt,pur,17,24,-111.5,-109.0,-1.0,1.0,-120.0,-110.0,,,49.0,,10,espn-core,,,0,0,1,5,Blacksburg,VA
2023-09-09,wake,van,36,20,-400.0,300.0,-9.5,9.5,-120.0,-110.0,,,56.0,,11,espn-core,,,0,0,1,8,Winston-Salem,NC
2023-09-09,wash,tlsa,43,10,-8000.0,2000.0,-33.5,33.5,-115.0,-115.0,,,66.0,,11,espn-core,,,0,0,9,151,Seattle,WA
2023-09-09,wku,hcu,52,22,,,-42.5,42.5,-110.0,-110.0,,,64.5,,9,espn-core,,,0,0,12,30,Bowling Green,KY
2023-09-09,wsu,wis,31,22,175.0,-213.0,5.0,-5.0,-110.0,-120.0,,,58.0,,11,espn-core,,,0,0,9,5,Pullman,WA
2023-09-09,wvu,duq,56,17,,,-38.5,38.5,-110.0,-110.0,,,55.5,,11,espn-core,,,0,0,4,25,Morgantown,WV
2023-09-09,wyo,prst,31,17,-4000.0,1800.0,-28.0,28.0,120.0,-140.0,,,51.5,,11,espn-core,,,0,0,17,20,Laramie,WY
2023-09-14,mem,navy,28,24,-500.0,360.0,-12.5,12.5,-120.0,-110.0,,,47.0,,11,espn-core,,,0,1,151,151,Memphis,TN
2023-09-14,mia,bcu,48,7,,,-54.0,54.0,-115.0,-115.0,,,63.5,,11,espn-core,,,0,0,1,31,Miami Gardens,FL
2023-09-15,afa,usu,39,21,-351.0,275.0,-9.0,9.0,-115.0,-115.0,,,45.5,,11,espn-core,,,0,1,17,17,USAF Academy,CO
2023-09-15,md,uva,42,14,-769.0,525.0,-16.0,16.0,-115.0,-115.0,,,48.0,,11,espn-core,,,0,0,5,1,College Park,MD
2023-09-15,utsa,army,29,37,-292.0,230.0,-7.0,7.0,-105.0,-125.0,,,41.5,,11,espn-core,,,0,0,151,18,San Antonio,TX
2023-09-16,app,ecu,43,28,-305.0,240.0,-7.5,7.5,-115.0,-115.0,,,48.5,,11,espn-core,,,0,0,37,151,Boone,NC
2023-09-16,ariz,utep,31,10,-910.0,600.0,-18.0,18.0,-120.0,-110.0,,,57.5,,11,espn-core,,,0,0,9,12,Tucson,AZ
2023-09-16,ark,byu,31,38,-330.0,250.0,-8.0,8.0,-120.0,-110.0,,,48.0,,11,espn-core,,,0,0,8,4,Fayetteville,AR
2023-09-16,arst,stbk,31,7,-3500.0,1200.0,-24.0,24.0,125.0,-145.0,,,47.5,,11,espn-core,,,0,0,37,48,Jonesboro,AR
2023-09-16,asu,fres,0,29,140.0,-166.0,3.5,-3.5,-110.0,-120.0,,,48.0,,11,espn-core,,,0,0,9,17,Tempe,AZ
2023-09-16,aub,sam,45,13,-10000.0,3300.0,-37.5,37.5,-115.0,-105.0,,,62.0,,11,espn-core,,,0,0,8,29,Auburn,AL
2023-09-16,ball,inst,45,7,-4500.0,1500.0,-26.5,26.5,-120.0,,,,44.5,,11,espn-core,,,0,0,15,21,Muncie,IN
2023-09-16,bay,liu,30,7,,,-45.0,45.0,-115.0,-115.0,,,54.0,,11,espn-core,,,0,0,4,25,Waco,TX
2023-09-16,bc,fsu,29,31,1350.0,-3500.0,25.5,-25.5,-110.0,-110.0,,,48.0,,11,espn-core,,,0,1,1,1,Chestnut Hill,MA
2023-09-16,bois,und,42,18,-714.0,480.0,-15.0,15.0,-115.0,-115.0,,,58.0,,11,espn-core,,,0,0,17,21,Boise,ID
2023-09-16,buff,lib,27,55,118.0,-147.0,2.5,-2.5,-105.0,-125.0,,,54.0,,11,espn-core,,,0,0,15,12,Buffalo,NY
2023-09-16,cal,idho,31,17,-752.0,500.0,-15.5,15.5,-105.0,-115.0,,,52.5,,11,espn-core,,,0,0,9,20,Berkeley,CA
2023-09-16,ccu,duq,66,7,-10000.0,3300.0,-35.0,35.0,-105.0,-115.0,,,56.0,,11,espn-core,,,0,0,37,25,Conway,SC
2023-09-16,cin,m-oh,24,31,-602.0,440.0,-14.5,14.5,-115.0,-115.0,,,44.0,,11,espn-core,,,0,0,4,15,Cincinnati,OH
2023-09-16,clem,fau,48,14,-2857.0,1250.0,-25.0,25.0,-115.0,-115.0,,,51.5,,11,espn-core,,,0,0,1,151,Clemson,SC
2023-09-16,clt,gast,25,41,170.0,-208.0,5.0,-5.0,-110.0,-120.0,,,52.0,,11,espn-core,,,0,0,151,37,Charlotte,NC
2023-09-16,colo,csu,43,35,-2000.0,1025.0,-23.0,23.0,-110.0,-120.0,,,63.0,,11,espn-core,,,0,0,9,17,Boulder,CO
2023-09-16,conn,fiu,17,24,-300.0,230.0,-7.0,7.0,-130.0,,,,43.5,,11,espn-core,,,0,0,18,12,East Hartford,CT
2023-09-16,del,sfpa,42,14,-909.0,600.0,-17.5,17.5,-115.0,-115.0,,,56.5,,8,espn-core,,,0,0,48,25,Newark,DE
2023-09-16,duke,nu,38,14,-901.0,600.0,-17.0,17.0,-110.0,-120.0,,,48.0,,11,espn-core,,,0,0,1,5,Durham,NC
2023-09-16,emu,mass,19,17,-330.0,245.0,-7.5,7.5,-115.0,-105.0,,,50.0,,11,espn-core,,,0,0,15,18,Ypsilanti,MI
2023-09-16,fla,tenn,29,16,175.0,-210.0,5.5,-5.5,-120.0,-110.0,,,56.5,,12,espn-core,,,0,1,8,8,Gainesville,FL
2023-09-16,hou,tcu,13,36,228.0,-290.0,7.5,-7.5,-125.0,-105.0,,,64.0,,11,espn-core,,,0,1,4,4,Houston,TX
2023-09-16,ill,psu,13,30,450.0,-650.0,14.0,-14.0,-120.0,-110.0,,,47.5,,11,espn-core,,,0,1,5,5,Champaign,IL
2023-09-16,iowa,wmu,41,10,-9502.0,1800.0,-28.5,28.5,-110.0,-120.0,,,43.0,,11,espn-core,,,0,0,5,15,Iowa City,IA
2023-09-16,iu,lou,14,21,285.0,-365.0,10.0,-10.0,-120.0,-110.0,,,50.5,,11,espn-core,,,1,0,5,1,Indianapolis,IN
2023-09-16,kenn,fur,28,31,,,14.5,-14.5,-115.0,-115.0,,,54.5,,1,espn-core,,,0,0,32,29,Kennesaw,GA
2023-09-16,kent,ccsu,38,10,-2250.0,1062.5,-21.5,21.5,-110.0,-110.0,,,46.5,,11,espn-core,,,0,0,15,25,Kent,OH
2023-09-16,lt,unt,37,40,-190.0,158.0,-4.5,4.5,-115.0,-115.0,,,66.5,,11,espn-core,,,0,0,12,151,Ruston,LA
2023-09-16,mich,bgsu,31,6,-10000.0,2500.0,-40.5,40.5,-115.0,-115.0,,,53.5,,11,espn-core,,,0,0,5,15,Ann Arbor,MI
2023-09-16,miss,gt,48,23,-833.0,550.0,-17.0,17.0,-115.0,-115.0,,,61.5,,11,espn-core,,,0,0,8,1,Oxford,MS
2023-09-16,miz,ksu,30,27,140.0,-167.0,3.5,-3.5,-105.0,-125.0,,,47.5,,11,espn-core,,,0,0,8,4,Columbia,MO
2023-09-16,msst,lsu,14,41,275.0,-357.0,9.5,-9.5,-115.0,-115.0,,,54.0,,11,espn-core,,,0,1,8,8,Starkville,MS
2023-09-16,msu,wash,7,41,525.0,-769.0,15.0,-15.0,-115.0,-115.0,,,57.0,,12,espn-core,,,0,0,5,9,East Lansing,MI
2023-09-16,mtsu,mur,35,14,,,-34.5,34.5,-115.0,-105.0,,,50.5,,11,espn-core,,,0,0,12,21,Murfreesboro,TN
2023-09-16,ncsu,vmi,45,7,,,-43.5,43.5,-110.0,-110.0,,,52.5,,11,espn-core,,,0,0,1,29,Raleigh,NC
2023-09-16,nd,cmu,41,17,-10000.0,2000.0,-35.0,35.0,-125.0,-105.0,,,51.0,,11,espn-core,,,0,0,18,15,Notre Dame,IN
2023-09-16,ndsu,cark,49,31,-910.0,600.0,-17.5,17.5,-110.0,-120.0,,,55.0,,7,espn-core,,,0,0,21,177,Fargo,ND
2023-09-16,neb,niu,35,11,-450.0,333.0,-11.5,11.5,-110.0,-120.0,,,42.5,,11,espn-core,,,0,0,5,15,Lincoln,NE
2023-09-16,nev,ku,24,31,1650.0,-10000.0,28.0,-28.0,-120.0,-110.0,,,58.0,,11,espn-core,,,0,0,17,4,Reno,NV
2023-09-16,odu,wake,24,27,425.0,-600.0,13.5,-13.5,-110.0,-120.0,,,60.5,,11,espn-core,,,0,0,37,1,Norfolk,VA
2023-09-16,ohio,isu,10,7,105.0,-125.0,1.5,-1.5,-115.0,-115.0,,,42.0,,11,espn-core,,,0,0,15,4,Athens,OH
2023-09-16,okst,usa,7,33,-275.0,222.0,-7.0,7.0,-125.0,-105.0,,,49.5,,11,espn-core,,,0,0,4,37,Stillwater,OK
2023-09-16,ore,haw,55,10,-10000.0,2900.0,-38.0,38.0,-115.0,-115.0,,,68.5,,11,espn-core,,,0,0,9,17,Eugene,OR
2023-09-16,orst,sdsu,26,9,-3500.0,1300.0,-24.5,24.5,-110.0,-120.0,,,48.5,,11,espn-core,,,0,0,9,17,Corvallis,OR
2023-09-16,osu,wku,63,10,-10000.0,1800.0,-29.5,29.5,-115.0,-105.0,,,65.0,,11,espn-core,,,0,0,5,12,Columbus,OH
2023-09-16,pur,syr,20,35,-105.0,-122.0,1.0,-1.0,-115.0,-115.0,,,56.5,,11,espn-core,,,0,0,5,1,West Lafayette,IN
2023-09-16,rice,txso,59,7,-10000.0,3300.0,-35.5,35.5,-110.0,-120.0,,,60.0,,11,espn-core,,,0,0,151,31,Houston,TX
2023-09-16,rutg,vt,35,16,-260.0,205.0,-6.5,6.5,-115.0,-115.0,,,37.5,,7,espn-core,,,0,0,5,1,Piscataway,NJ
2023-09-16,smu,pv,69,0,,,-42.5,42.5,-120.0,-110.0,,,63.5,,11,espn-core,,,0,0,151,31,Dallas,TX
2023-09-16,stan,sac,23,30,-267.0,208.0,-7.0,7.0,-120.0,,,,60.5,,11,espn-core,,,0,0,9,20,Stanford,CA
2023-09-16,ta&m,ulm,47,3,-10000.0,3250.0,-36.5,36.5,-120.0,-110.0,,,53.5,,11,espn-core,,,0,0,8,37,College Station,TX
2023-09-16,tem,norf,41,9,-6667.0,2500.0,-31.5,31.5,-105.0,-115.0,,,55.0,,11,espn-core,,,0,0,151,24,Philadelphia,PA
2023-09-16,tex,wyo,31,10,-6667.0,2000.0,-30.5,30.5,-115.0,-115.0,,,48.5,,11,espn-core,,,0,0,4,17,Austin,TX
2023-09-16,tlsa,ou,17,66,1500.0,-7250.0,28.0,-28.0,-125.0,-105.0,,,58.5,,11,espn-core,,,0,0,151,4,Tulsa,OK
2023-09-16,tol,sjsu,21,17,-345.0,270.0,-9.0,9.0,-110.0,-120.0,,,56.5,,11,espn-core,,,0,0,15,17,Toledo,OH
2023-09-16,troy,jmu,14,16,-145.0,120.0,-2.5,2.5,-120.0,-110.0,,,46.5,,11,espn-core,,,0,1,37,37,Troy,AL
2023-09-16,ttu,tar,41,3,-6667.0,2200.0,-36.5,36.5,-110.0,-110.0,,,75.5,,10,espn-core,,,0,0,4,177,Lubbock,TX
2023-09-16,txst,jkst,77,34,-1100.0,647.5,-18.5,18.5,-105.0,-115.0,,,61.5,,11,espn-core,,,0,0,37,31,San Marcos,TX
2023-09-16,uab,ul,21,41,-130.0,110.0,-2.0,2.0,-120.0,-110.0,,,59.5,,10,espn-core,,,0,0,151,37,Birmingham,AL
2023-09-16,ucf,vill,48,14,-7000.0,1550.0,-27.0,27.0,-120.0,-110.0,,,54.5,,11,espn-core,,,0,0,4,48,Orlando,FL
2023-09-16,ucla,nccu,59,7,-10000.0,3300.0,-35.5,35.5,-105.0,-115.0,,,60.5,,11,espn-core,,,0,0,9,24,Pasadena,CA
2023-09-16,uga,sc,24,14,-8333.0,1700.0,-26.5,26.5,-115.0,-105.0,,,54.5,,11,espn-core,,,0,1,8,8,Athens,GA
2023-09-16,uk,akr,35,3,-4500.0,1500.0,-25.0,25.0,-115.0,-115.0,,,48.5,,11,espn-core,,,0,0,8,15,Lexington,KY
2023-09-16,unc,minn,31,13,-275.0,220.0,-7.0,7.0,-125.0,-105.0,,,52.0,,11,espn-core,,,0,0,1,5,Chapel Hill,NC
2023-09-16,unlv,van,40,37,165.0,-200.0,4.5,-4.5,-120.0,-110.0,,,57.0,,11,espn-core,,,0,0,17,8,Las Vegas,NV
2023-09-16,unm,nmsu,17,27,-149.5,121.5,-2.5,2.5,-115.0,-105.0,,,52.0,,11,espn-core,,,0,0,17,12,Albuquerque,NM
2023-09-16,usf,ala,3,17,2500.0,-10000.0,34.5,-34.5,-115.0,-115.0,,,61.0,,11,espn-core,,,0,0,151,8,Tampa,FL
2023-09-16,usm,tuln,3,21,250.0,-315.0,7.5,-7.5,-120.0,-110.0,,,47.5,,11,espn-core,,,0,0,37,151,Hattiesburg,MS
2023-09-16,utah,web,31,7,-5000.0,1600.0,-27.0,27.0,-105.0,-115.0,,,45.0,,11,espn-core,,,0,0,9,20,Salt Lake City,UT
2023-09-16,wis,gaso,35,14,-1200.0,700.0,-20.5,20.5,-125.0,-105.0,,,65.5,,11,espn-core,,,0,0,5,37,Madison,WI
2023-09-16,wsu,unco,64,21,,,-47.0,47.0,-110.0,-110.0,,,55.0,,11,espn-core,,,0,0,9,20,Pullman,WA
2023-09-16,wvu,pitt,17,6,-141.5,118.0,,,-115.0,-115.0,,,48.0,,11,espn-core,,,0,0,4,1,Morgantown,WV
2023-09-21,ccu,gast,17,30,-200.0,162.0,-4.5,4.5,-110.0,-120.0,,,62.5,,11,espn-core,,,0,1,37,37,Conway,SC
2023-09-22,pur,wis,17,38,192.0,-244.0,6.0,-6.0,-120.0,-110.0,,,54.0,,11,espn-core,,,0,1,5,5,West Lafayette,IN
2023-09-22,sdsu,bois,31,34,170.0,-213.0,5.0,-5.0,-120.0,-110.0,,,47.0,,11,espn-core,,,0,1,17,17,San Diego,CA
2023-09-22,sjsu,afa,20,45,200.0,-250.0,6.5,-6.5,-115.0,-115.0,,,45.0,,11,espn-core,,,0,1,17,17,San Jose,CA
2023-09-22,uva,ncsu,21,24,260.0,-345.0,8.0,-8.0,-120.0,-110.0,,,47.0,,11,espn-core,,,0,1,1,1,Charlottesville,VA
2023-09-23,ala,miss,24,10,-260.0,210.0,-7.0,7.0,-125.0,-105.0,,,56.0,,11,espn-core,,,0,1,8,8,Tuscaloosa,AL
2023-09-23,arst,usm,44,37,205.0,-250.0,7.0,-7.0,102.0,-125.0,,,46.5,,11,espn-core,,,0,1,37,37,Jonesboro,AR
2023-09-23,asu,usc,28,42,2500.0,-10000.0,34.5,-34.5,-110.0,-120.0,,,62.0,,12,espn-core,,,0,1,9,9,Tempe,AZ
2023-09-23,ball,gaso,3,40,178.0,-222.0,5.5,-5.5,-115.0,-105.0,,,60.0,,11,espn-core,,,0,0,15,37,Muncie,IN
2023-09-23,bay,tex,6,38,600.0,-901.0,17.5,-17.5,-110.0,-120.0,,,49.5,,11,espn-core,,,0,1,4,4,Waco,TX
2023-09-23,bgsu,ohio,7,38,375.0,-500.0,13.0,-13.0,-105.0,-115.0,,,45.5,,11,espn-core,,,0,1,15,15,Bowling Green,OH
2023-09-23,cin,ou,6,20,375.0,-526.0,13.5,-13.5,-115.0,-105.0,,,57.5,,11,espn-core,,,0,1,4,4,Cincinnati,OH
2023-09-23,clem,fsu,24,31,106.0,-127.5,,,-110.0,-110.0,,,56.0,,13,espn-core,,,0,1,1,1,Clemson,SC
2023-09-23,conn,duke,7,41,1000.0,-2000.0,22.0,-22.0,-120.0,-110.0,,,45.5,,11,espn-core,,,0,0,18,1,East Hartford,CT
2023-09-23,del,unh,29,25,115.0,-135.0,2.5,-2.5,-115.0,-115.0,,,47.5,,11,espn-core,,,0,1,48,48,Newark,DE
2023-09-23,ecu,gweb,44,0,-552.0,400.0,-13.0,13.0,-125.0,-105.0,,,51.5,,11,espn-core,,,0,0,151,179,Greenville,NC
2023-09-23,fiu,lib,6,38,300.0,-385.0,10.0,-10.0,-125.0,-105.0,,,54.5,,11,espn-core,,,0,1,12,12,Miami,FL
2023-09-23,fla,clt,22,7,-5000.0,1550.0,-28.0,28.0,-110.0,-120.0,,,48.5,,11,espn-core,,,0,0,8,151,Gainesville,FL
2023-09-23,fres,kent,53,10,-4500.0,1400.0,-27.5,27.5,-115.0,-105.0,,,47.5,,11,espn-core,,,0,0,17,15,Fresno,CA
2023-09-23,haw,nmsu,20,17,-192.0,155.0,-3.5,3.5,,-120.0,,,55.0,,11,espn-core,,,0,0,17,12,Honolulu,HI
2023-09-23,hou,shsu,38,7,-473.0,352.5,-11.5,11.5,-115.0,-115.0,,,37.0,,11,espn-core,,,0,0,4,12,Houston,TX
2023-09-23,idho,sac,36,27,-165.0,140.0,-3.5,3.5,-110.0,-120.0,,,57.5,,11,espn-core,,,0,1,20,20,Moscow,ID
2023-09-23,ill,fau,23,17,-700.0,500.0,-16.0,16.0,-125.0,-105.0,,,45.5,,11,espn-core,,,0,0,5,151,Champaign,IL
2023-09-23,isu,okst,34,27,-168.5,140.0,-3.5,3.5,-105.0,-125.0,,,36.0,,12,espn-core,,,0,1,4,4,Ames,IA
2023-09-23,iu,akr,29,27,-800.0,550.0,-16.5,16.5,-120.0,-110.0,,,45.5,,11,espn-core,,,0,0,5,15,Bloomington,IN
2023-09-23,jvst,emu,21,0,-260.0,205.0,-6.5,6.5,-105.0,-115.0,,,51.0,,11,espn-core,,,0,0,12,15,Jacksonville,AL
2023-09-23,ksu,ucf,44,31,-238.0,185.0,-6.0,6.0,-115.0,-115.0,,,52.5,,11,espn-core,,,0,1,4,4,Manhattan,KS
2023-09-23,ku,byu,38,27,-351.0,275.0,-9.5,9.5,-110.0,-120.0,,,55.5,,11,espn-core,,,0,1,4,4,Lawrence,KS
2023-09-23,lou,bc,56,28,-600.0,425.0,-14.0,14.0,-110.0,-120.0,,,53.5,,11,espn-core,,,0,1,1,1,Louisville,KY
2023-09-23,lsu,ark,34,31,-952.0,600.0,-17.5,17.5,-115.0,-115.0,,,55.5,,11,espn-core,,,0,1,8,8,Baton Rouge,LA
2023-09-23,m-oh,dsu,62,20,,,-40.5,40.5,-115.0,-115.0,,,49.5,,10,espn-core,,,0,0,15,24,Oxford,OH
2023-09-23,mass,unm,31,34,-165.0,135.0,-3.0,3.0,-120.0,,,,48.5,,11,espn-core,,,0,0,18,17,Amherst,MA
2023-09-23,mich,rutg,31,7,-3333.0,1210.0,-24.0,24.0,-105.0,-115.0,,,44.5,,7,espn-core,,,0,1,5,5,Ann Arbor,MI
2023-09-23,miz,mem,34,27,-250.0,202.0,-6.5,6.5,-120.0,-110.0,,,52.0,,11,espn-core,,,1,0,8,151,St. Louis,MO
2023-09-23,most,utu,59,14,,,-13.0,13.0,-115.0,-115.0,,,65.5,,1,espn-core,,,0,0,21,177,Springfield,MO
2023-09-23,mrsh,vt,24,17,-244.0,192.0,-6.5,6.5,-105.0,-115.0,,,43.0,,11,espn-core,,,0,0,37,1,Huntington,WV
2023-09-23,msu,md,9,31,230.0,-290.0,7.0,-7.0,-120.0,-110.0,,,51.5,,11,espn-core,,,0,1,5,5,East Lansing,MI
2023-09-23,mtsu,csu,23,31,-180.0,148.0,-3.5,3.5,-115.0,-115.0,,,50.0,,11,espn-core,,,0,0,12,17,Murfreesboro,TN
2023-09-23,nd,osu,14,17,135.0,-161.5,3.0,-3.0,-120.0,-110.0,,,55.5,,13,espn-core,,,0,0,18,5,Notre Dame,IN
2023-09-23,neb,lt,28,14,-1429.0,810.0,-20.5,20.5,-115.0,-105.0,,,44.5,,11,espn-core,,,0,0,5,12,Lincoln,NE
2023-09-23,niu,tlsa,14,22,-185.0,150.0,-3.5,3.5,-105.0,-115.0,,,54.5,,11,espn-core,,,0,0,15,151,Dekalb,IL
2023-09-23,nu,minn,37,34,345.0,-455.0,11.5,-11.5,-115.0,-115.0,,,39.5,,11,espn-core,,,0,1,5,5,Evanston,IL
2023-09-23,odu,tamc,10,9,-4000.0,1800.0,-25.5,25.5,-115.0,-115.0,,,48.5,,1,espn-core,,,0,0,37,30,Norfolk,VA
2023-09-23,ore,colo,42,6,-901.0,600.0,-21.5,21.5,-105.0,-125.0,,,70.5,,11,espn-core,,,0,1,9,9,Eugene,OR
2023-09-23,pitt,unc,24,41,230.0,-288.0,7.0,-7.0,,-130.0,,,49.5,,10,espn-core,,,0,1,1,1,Pittsburgh,PA
2023-09-23,psu,iowa,31,0,-667.0,475.0,-14.0,14.0,-110.0,-120.0,,,38.5,,12,espn-core,,,0,1,5,5,University Park,PA
2023-09-23,sc,msst,37,30,-225.0,185.0,-6.0,6.0,-115.0,-115.0,,,47.0,,11,espn-core,,,0,1,8,8,Columbia,SC
2023-09-23,stan,ariz,20,21,355.0,-480.0,13.0,-13.0,-105.0,-115.0,,,60.0,,11,espn-core,,,0,1,9,9,Stanford,CA
2023-09-23,syr,army,29,16,-526.0,380.0,-13.0,13.0,-120.0,-110.0,,,50.5,,11,espn-core,,,0,0,1,18,Syracuse,NY
2023-09-23,ta&m,aub,27,10,-370.0,285.0,-9.5,9.5,-110.0,-110.0,,,51.0,,11,espn-core,,,0,1,8,8,College Station,TX
2023-09-23,tcu,smu,34,17,-250.0,200.0,-6.5,6.5,-105.0,-115.0,,,62.0,,11,espn-core,,,0,0,4,151,Fort Worth,TX
2023-09-23,tem,mia,7,41,1100.0,-2500.0,23.0,-23.0,-125.0,-105.0,,,46.5,,11,espn-core,,,0,0,151,1,Philadelphia,PA
2023-09-23,tenn,utsa,45,14,-2000.0,1000.0,-24.0,24.0,-110.0,-120.0,,,59.5,,11,espn-core,,,0,0,8,151,Knoxville,TN
2023-09-23,tntc,kenn,17,7,,,,,,,,,,,0,espn-core,,,0,0,179,32,Cookeville,TN
2023-09-23,tol,wmu,49,31,-1404.0,800.0,-21.5,21.5,-110.0,-120.0,,,51.5,,10,espn-core,,,0,1,15,15,Toledo,OH
2023-09-23,troy,wku,27,24,-182.0,150.0,-4.0,4.0,-105.0,-115.0,,,58.0,,11,espn-core,,,0,0,37,12,Troy,AL
2023-09-23,tuln,nich,36,7,,,-38.0,38.0,-115.0,-115.0,,,55.5,,9,espn-core,,,0,0,151,30,New Orleans,LA
2023-09-23,txst,nev,35,24,-900.0,600.0,-17.0,17.0,-110.0,-120.0,,,59.5,,11,espn-core,,,0,0,37,17,San Marcos,TX
2023-09-23,uga,uab,49,21,-10000.0,2500.0,-40.0,40.0,-115.0,-115.0,,,56.0,,11,espn-core,,,0,0,8,151,Athens,GA
2023-09-23,ul,buff,45,38,-400.0,310.0,-10.5,10.5,-120.0,,,,57.5,,11,espn-core,,,0,0,37,15,Lafayette,LA
2023-09-23,usa,cmu,30,34,-750.0,500.0,-16.5,16.5,-115.0,-105.0,,,46.5,,11,espn-core,,,0,0,37,15,Mobile,AL
2023-09-23,usf,rice,42,29,125.0,-154.0,3.0,-3.0,-105.0,-125.0,,,57.0,,11,espn-core,,,0,1,151,151,Tampa,FL
2023-09-23,usu,jmu,38,45,175.0,-210.0,5.5,-5.5,-105.0,-115.0,,,53.0,,11,espn-core,,,0,0,17,37,Logan,UT
2023-09-23,utah,ucla,14,7,-165.0,140.0,-3.5,3.5,-125.0,-105.0,,,50.5,,11,espn-core,,,0,1,9,9,Salt Lake City,UT
2023-09-23,utep,unlv,28,45,-115.0,-105.0,-1.0,1.0,-110.0,-120.0,,,49.5,,11,espn-core,,,0,0,12,17,El Paso,TX
2023-09-23,van,uk,28,45,400.0,-550.0,13.5,-13.5,-115.0,-115.0,,,50.0,,11,espn-core,,,0,1,8,8,Nashville,TN
2023-09-23,wake,gt,16,30,-175.0,143.0,-3.5,3.5,-105.0,-115.0,,,58.5,,11,espn-core,,,0,1,1,1,Winston-Salem,NC
2023-09-23,wash,cal,59,32,-1400.0,700.0,-20.5,20.5,-120.0,-110.0,,,55.5,,11,espn-core,,,0,1,9,9,Seattle,WA
2023-09-23,wsu,orst,38,35,125.0,-150.0,3.0,-3.0,-105.0,-125.0,,,57.5,,11,espn-core,,,0,1,9,9,Pullman,WA
2023-09-23,wvu,ttu,20,13,190.0,-230.0,6.0,-6.0,-110.0,-120.0,,,53.5,,11,espn-core,,,0,1,4,4,Morgantown,WV
2023-09-23,wyo,app,22,19,-150.0,125.0,-3.0,3.0,102.0,-125.0,,,45.0,,11,espn-core,,,0,0,17,37,Laramie,WY
2023-09-28,shsu,jvst,28,35,225.0,-278.0,7.0,-7.0,,-130.0,,,36.5,,11,espn-core,,,0,1,12,12,Huntsville,TX
2023-09-28,tlsa,tem,48,26,-172.0,143.0,-3.0,3.0,,-130.0,,,56.0,,11,espn-core,,,0,1,151,151,Tulsa,OK
2023-09-28,wku,mtsu,31,10,-270.0,215.0,-6.5,6.5,-110.0,-120.0,,,61.0,,11,espn-core,,,0,1,12,12,Bowling Green,KY
2023-09-29,byu,cin,35,27,-115.0,-105.0,,,-110.0,-120.0,,,47.5,,11,espn-core,,,0,1,4,4,Provo,UT
2023-09-29,ncsu,lou,10,13,145.0,-175.0,3.5,-3.5,-120.0,-110.0,,,56.5,,11,espn-core,,,0,1,1,1,Raleigh,NC
2023-09-29,orst,utah,21,7,-180.0,152.0,-4.0,4.0,-120.0,-110.0,,,43.0,,11,espn-core,,,0,1,9,9,Corvallis,OR
2023-09-29,utep,lt,10,24,102.5,-125.0,2.0,-2.0,-110.0,-120.0,,,49.5,,11,espn-core,,,0,1,12,12,El Paso,TX
2023-09-30,afa,sdsu,49,10,-417.0,315.0,-10.5,10.5,-110.0,-120.0,,,43.5,,11,espn-core,,,0,1,17,17,USAF Academy,CO
2023-09-30,akr,buff,10,13,-145.0,120.0,-3.0,3.0,-115.0,-105.0,,,53.0,,11,espn-core,,,0,1,15,15,Akron,OH
2023-09-30,ariz,wash,24,31,700.0,-1205.0,19.5,-19.5,-110.0,-120.0,,,65.5,,11,espn-core,,,0,1,9,9,Tucson,AZ
2023-09-30,ark,ta&m,22,34,185.0,-230.0,6.5,-6.5,-115.0,-115.0,,,53.5,,11,espn-core,,,1,1,8,8,Arlington,TX
2023-09-30,aub,uga,20,27,460.0,-650.0,14.0,-14.0,-120.0,-110.0,,,44.5,,11,espn-core,,,0,1,8,8,Auburn,AL
2023-09-30,bc,uva,27,24,-205.0,170.0,-5.0,5.0,-120.0,-110.0,,,51.5,,11,espn-core,,,0,1,1,1,Chestnut Hill,MA
2023-09-30,cal,asu,24,21,-485.0,360.0,-13.0,13.0,-115.0,-115.0,,,47.5,,11,espn-core,,,0,1,9,9,Berkeley,CA
2023-09-30,chso,kenn,13,10,,,9.5,-9.5,-115.0,-115.0,,,49.5,,1,espn-core,,,0,0,179,32,Charleston,SC
2023-09-30,cmu,emu,26,23,-351.0,278.0,-9.5,9.5,-115.0,-115.0,,,45.0,,11,espn-core,,,0,1,15,15,Mount Pleasant,MI
2023-09-30,colo,usc,41,48,900.0,-1600.0,21.5,-21.5,-115.0,-115.0,,,74.5,,11,espn-core,,,0,1,9,9,Boulder,CO
2023-09-30,conn,usu,33,34,155.0,-188.0,4.0,-4.0,-110.0,-120.0,,,50.5,,11,espn-core,,,0,0,18,17,East Hartford,CT
2023-09-30,csu,utu,41,20,,,-31.5,31.5,-120.0,-110.0,,,65.5,,1,espn-core,,,0,0,17,177,Fort Collins,CO
2023-09-30,duke,nd,14,21,180.0,-220.0,5.5,-5.5,-120.0,-110.0,,,52.5,,11,espn-core,,,0,0,1,18,Durham,NC
2023-09-30,fres,nev,27,9,-3500.0,1350.0,-25.5,25.5,-105.0,-115.0,,,50.5,,11,espn-core,,,0,1,17,17,Fresno,CA
2023-09-30,gaso,ccu,38,28,-230.0,190.0,-6.0,6.0,-110.0,-120.0,,,67.5,,11,espn-core,,,0,1,37,37,Statesboro,GA
2023-09-30,gast,troy,7,28,-120.0,-105.0,-1.0,1.0,-110.0,-120.0,,,50.5,,11,espn-core,,,0,1,37,37,Atlanta,GA
2023-09-30,gt,bgsu,27,38,-1613.0,897.5,-21.0,21.0,-110.0,-120.0,,,49.0,,10,espn-core,,,0,0,1,15,Atlanta,GA
2023-09-30,iowa,msu,26,16,-385.0,300.0,-10.0,10.0,-105.0,-125.0,,,36.5,,11,espn-core,,,0,1,5,5,Iowa City,IA
2023-09-30,jmu,usa,31,23,-125.0,100.0,-1.0,1.0,-230.0,170.0,,,48.5,,11,espn-core,,,0,1,37,37,Harrisonburg,VA
2023-09-30,kent,m-oh,3,23,425.0,-600.0,14.0,-14.0,-125.0,-105.0,,,50.5,,11,espn-core,,,0,1,15,15,Kent,OH
2023-09-30,mass,arst,28,52,-137.5,115.0,-2.5,2.5,-115.0,-115.0,,,55.5,,10,espn-core,,,0,0,18,37,Amherst,MA
2023-09-30,md,iu,44,17,-671.0,460.0,-14.5,14.5,-105.0,-125.0,,,50.0,,10,espn-core,,,0,1,5,5,College Park,MD
2023-09-30,mem,bois,35,32,-155.0,130.0,-3.0,3.0,-125.0,-105.0,,,58.5,,11,espn-core,,,0,0,151,17,Memphis,TN
2023-09-30,minn,ul,35,24,-365.0,285.0,-9.5,9.5,-120.0,-110.0,,,49.0,,11,espn-core,,,0,0,5,37,Minneapolis,MN
2023-09-30,miss,lsu,55,49,120.0,-145.0,2.5,-2.5,-120.0,-110.0,,,66.5,,11,espn-core,,,0,1,8,8,Oxford,MS
2023-09-30,mrsh,odu,41,35,-650.0,450.0,-14.5,14.5,-115.0,-115.0,,,47.0,,11,espn-core,,,0,1,37,37,Huntington,WV
2023-09-30,msst,ala,17,40,585.0,-900.0,16.5,-16.5,-115.0,-115.0,,,45.5,,10,espn-core,,,0,1,8,8,Starkville,MS
2023-09-30,navy,usf,30,44,-175.0,145.0,-3.5,3.5,-105.0,-125.0,,,54.0,,11,espn-core,,,0,1,151,151,Annapolis,MD
2023-09-30,ndsu,sdak,19,24,-2000.0,1000.0,-19.0,19.0,-115.0,-115.0,,,49.5,,8,espn-core,,,0,1,21,21,Fargo,ND
2023-09-30,neb,mich,7,45,650.0,-1000.0,17.5,-17.5,-120.0,-110.0,,,40.0,,10,espn-core,,,0,1,5,5,Lincoln,NE
2023-09-30,nu,psu,13,41,1600.0,-7504.0,26.5,-26.5,-105.0,-125.0,,,47.5,,11,espn-core,,,0,1,5,5,Evanston,IL
2023-09-30,ou,isu,50,20,-1250.0,750.0,-19.5,19.5,-115.0,-115.0,,,48.5,,11,espn-core,,,0,1,4,4,Norman,OK
2023-09-30,pur,ill,44,19,-110.0,-110.0,,,-135.0,105.0,,,53.5,,11,espn-core,,,0,1,5,5,West Lafayette,IN
2023-09-30,rice,ecu,24,17,-175.0,143.0,-3.5,3.5,-105.0,-125.0,,,46.0,,11,espn-core,,,0,1,151,151,Houston,TX
2023-09-30,rutg,wag,52,3,,,-46.0,46.0,-115.0,-115.0,,,52.5,,7,espn-core,,,0,0,5,25,Piscataway,NJ
2023-09-30,sac,nau,31,30,-1515.0,762.0,-20.0,20.0,-115.0,-115.0,,,60.5,,10,espn-core,,,0,1,20,20,Sacramento,CA
2023-09-30,siu,most,33,20,-488.0,360.0,-12.5,12.5,-120.0,-110.0,,,58.5,,7,espn-core,,,0,1,21,21,Carbondale,IL
2023-09-30,smu,clt,34,16,-2000.0,950.0,-22.5,22.5,-105.0,-125.0,,,53.0,,11,espn-core,,,0,1,151,151,Dallas,TX
2023-09-30,stan,ore,6,42,1600.0,-10000.0,27.0,-27.0,-110.0,-120.0,,,59.5,,11,espn-core,,,0,1,9,9,Stanford,CA
2023-09-30,syr,clem,14,31,240.0,-300.0,7.0,-7.0,-125.0,-105.0,,,52.0,,11,espn-core,,,0,1,1,1,Syracuse,NY
2023-09-30,tcu,wvu,21,24,-550.0,400.0,-13.5,13.5,-105.0,-115.0,,,51.5,,11,espn-core,,,0,1,4,4,Fort Worth,TX
2023-09-30,tenn,sc,41,20,-455.0,340.0,-12.0,12.0,-115.0,-115.0,,,60.0,,11,espn-core,,,0,1,8,8,Knoxville,TN
2023-09-30,tex,ku,40,14,-760.5,525.0,-15.5,15.5,-120.0,-110.0,,,60.5,,11,espn-core,,,0,1,4,4,Austin,TX
2023-09-30,tol,niu,35,33,-550.0,400.0,-13.5,13.5,-120.0,-110.0,,,48.0,,11,espn-core,,,0,1,15,15,Toledo,OH
2023-09-30,ttu,hou,49,28,-335.0,260.0,-8.5,8.5,-115.0,-115.0,,,52.0,,11,espn-core,,,0,1,4,4,Lubbock,TX
2023-09-30,tuln,uab,35,23,-2000.0,1000.0,-22.5,22.5,-115.0,-115.0,,,59.5,,11,espn-core,,,0,1,151,151,New Orleans,LA
2023-09-30,ucf,bay,35,36,-320.0,250.0,-8.0,8.0,-105.0,-125.0,,,56.0,,11,espn-core,,,0,1,4,4,Orlando,FL
2023-09-30,uk,fla,33,14,-122.0,100.0,-1.0,1.0,-115.0,-115.0,,,44.0,,11,espn-core,,,0,1,8,8,Lexington,KY
2023-09-30,ulm,app,40,41,400.0,-556.0,13.5,-13.5,-110.0,-120.0,,,50.5,,11,espn-core,,,0,1,37,37,Monroe,LA
2023-09-30,unlv,haw,44,20,-420.0,320.0,-10.5,10.5,-120.0,-110.0,,,58.5,,11,espn-core,,,0,1,17,17,Las Vegas,NV
2023-09-30,unt,acu,45,31,-726.0,500.0,-15.5,15.5,-120.0,-110.0,,,69.0,,11,espn-core,,,0,0,151,177,Denton,TX
2023-09-30,usm,txst,36,50,195.0,-240.0,6.5,-6.5,-120.0,-110.0,,,60.0,,11,espn-core,,,0,1,37,37,Hattiesburg,MS
2023-09-30,van,miz,21,38,390.0,-530.0,14.0,-14.0,-120.0,-110.0,,,53.5,,11,espn-core,,,0,1,8,8,Nashville,TN
2023-09-30,vt,pitt,38,21,130.0,-155.0,3.0,-3.0,,-130.0,,,40.5,,10,espn-core,,,0,1,1,1,Blacksburg,VA
2023-09-30,wmu,ball,42,24,-125.0,105.0,-1.5,1.5,-115.0,-115.0,,,50.0,,11,espn-core,,,0,1,15,15,Kalamazoo,MI
2023-09-30,wyo,unm,35,26,-625.0,450.0,-14.5,14.5,130.0,-170.0,,,40.5,,11,espn-core,,,0,1,17,17,Laramie,WY
2023-10-04,mtsu,jvst,30,45,-142.0,118.0,-2.5,2.5,-115.0,-115.0,,,52.0,,11,espn-core,,,0,1,12,12,Murfreesboro,TN
2023-10-04,nmsu,fiu,34,17,-250.0,200.0,-6.5,6.5,-115.0,-115.0,,,49.0,,12,espn-core,,,0,1,12,12,Las Cruces,NM
2023-10-05,lib,shsu,21,16,-1600.0,900.0,-21.25,21.25,-105.0,-125.0,,,46.5,,12,espn-core,,,0,1,12,12,Lynchburg,VA
2023-10-05,lt,wku,28,35,190.0,-235.0,6.0,-6.0,-115.0,-115.0,,,59.0,,12,espn-core,,,0,1,12,12,Ruston,LA
2023-10-06,ill,neb,7,20,-155.0,130.0,-3.0,3.0,-130.0,105.0,,,41.5,,12,espn-core,,,0,1,5,5,Champaign,IL
2023-10-06,okst,ksu,29,21,345.0,-450.0,11.5,-11.5,-120.0,-110.0,,,54.0,,12,espn-core,,,0,1,4,4,Stillwater,OK
2023-10-07,akr,niu,14,55,160.0,-192.0,4.5,-4.5,-110.0,-120.0,,,42.5,,12,espn-core,,,0,1,15,15,Akron,OH
2023-10-07,army,bc,24,27,-138.0,115.0,-2.5,2.5,-115.0,-115.0,,,47.0,,12,espn-core,,,0,0,18,1,West Point,NY
2023-10-07,asu,colo,24,27,135.0,-160.0,3.0,-3.0,-125.0,-105.0,,,58.0,,11,espn-core,,,0,1,9,9,Tempe,AZ
2023-10-07,bay,ttu,14,39,110.0,-135.0,,,-115.0,-115.0,,,59.5,,12,espn-core,,,0,1,4,4,Waco,TX
2023-10-07,bois,sjsu,35,27,-315.0,245.0,-8.0,8.0,-115.0,-115.0,,,57.5,,12,espn-core,,,0,1,17,17,Boise,ID
2023-10-07,buff,cmu,37,13,120.0,-145.0,2.75,-2.75,-110.0,-120.0,,,51.5,,12,espn-core,,,0,1,15,15,Buffalo,NY
2023-10-07,cal,orst,40,52,255.0,-333.0,7.5,-7.5,-115.0,-115.0,,,51.0,,12,espn-core,,,0,1,9,9,Berkeley,CA
2023-10-07,clem,wake,17,12,-1700.0,900.0,-21.0,21.0,-105.0,-125.0,,,53.0,,12,espn-core,,,0,1,1,1,Clemson,SC
2023-10-07,del,duq,43,17,-2111.0,1000.0,-22.5,22.5,-115.0,-115.0,,,60.5,,11,espn-core,,,0,0,48,25,Newark,DE
2023-10-07,emu,ball,24,10,-130.0,110.0,-2.5,2.5,-115.0,-115.0,,,43.5,,12,espn-core,,,0,1,15,15,Ypsilanti,MI
2023-10-07,fau,tlsa,20,17,-150.0,122.0,-3.0,3.0,-125.0,-105.0,,,54.5,,12,espn-core,,,0,1,151,151,Boca Raton,FL
2023-10-07,fla,van,38,14,-1000.0,650.0,-18.0,18.0,-120.0,-110.0,,,51.0,,12,espn-core,,,0,1,8,8,Gainesville,FL
2023-10-07,fsu,vt,39,17,-2500.0,1150.0,-23.75,23.75,-120.0,-110.0,,,52.5,,12,espn-core,,,0,1,1,1,Tallahassee,FL
2023-10-07,iowa,pur,20,14,-132.0,110.0,-2.5,2.5,-115.0,-115.0,,,38.5,,12,espn-core,,,0,1,5,5,Iowa City,IA
2023-10-07,isu,tcu,27,14,200.0,-250.0,6.5,-6.5,-105.0,-125.0,,,52.5,,12,espn-core,,,0,1,4,4,Ames,IA
2023-10-07,kenn,tnst,20,27,,,-4.5,4.5,-110.0,-120.0,,,40.5,,1,espn-core,,,0,0,32,179,Kennesaw,GA
2023-10-07,ku,ucf,51,22,110.0,-130.0,,,-115.0,-115.0,,,64.5,,12,espn-core,,,0,1,4,4,Lawrence,KS
2023-10-07,lou,nd,33,20,200.0,-250.0,6.5,-6.5,-120.0,-110.0,,,53.5,,12,espn-core,,,0,0,1,18,Louisville,KY
2023-10-07,m-oh,bgsu,27,0,-350.0,270.0,-7.5,7.5,-120.0,-110.0,,,43.0,,12,espn-core,,,0,1,15,15,Oxford,OH
2023-10-07,mass,tol,24,41,700.0,-1205.0,19.0,-19.0,-115.0,-115.0,,,55.5,,12,espn-core,,,0,0,18,15,Amherst,MA
2023-10-07,mia,gt,20,23,-1250.0,745.0,-19.0,19.0,-115.0,-115.0,,,57.0,,12,espn-core,,,0,1,1,1,Miami Gardens,FL
2023-10-07,minn,mich,10,52,800.0,-1600.0,18.5,-18.5,-115.0,-115.0,,,46.0,,12,espn-core,,,0,1,5,5,Minneapolis,MN
2023-10-07,miss,ark,27,20,-500.0,370.0,-13.0,13.0,-115.0,-115.0,,,61.5,,12,espn-core,,,0,1,8,8,Oxford,MS
2023-10-07,miz,lsu,39,49,200.0,-250.0,6.0,-6.0,-110.0,-120.0,,,63.5,,12,espn-core,,,0,1,8,8,Columbia,MO
2023-10-07,most,ndsu,10,38,550.0,-901.0,15.5,-15.5,-115.0,-115.0,,,56.5,,11,espn-core,,,0,1,21,21,Springfield,MO
2023-10-07,msst,wmu,41,28,-1800.0,950.0,-21.5,21.5,-105.0,-125.0,,,55.0,,11,espn-core,,,0,0,8,15,Starkville,MS
2023-10-07,navy,unt,27,24,-240.0,195.0,-6.5,6.5,-120.0,-110.0,,,60.5,,12,espn-core,,,0,1,151,151,Annapolis,MD
2023-10-07,ncsu,mrsh,48,41,-263.0,210.0,-6.5,6.5,-115.0,-115.0,,,44.0,,12,espn-core,,,0,0,1,37,Raleigh,NC
2023-10-07,nu,how,23,20,-3500.0,1350.0,-23.5,23.5,-105.0,-115.0,,,52.0,,11,espn-core,,,0,0,5,24,Evanston,IL
2023-10-07,ohio,kent,42,17,-4000.0,1450.0,-24.5,24.5,-110.0,-120.0,,,45.0,,12,espn-core,,,0,1,15,15,Athens,OH
2023-10-07,osu,md,37,17,-1000.0,650.0,-17.0,17.0,-105.0,-125.0,,,56.5,,12,espn-core,,,0,1,5,5,Columbus,OH
2023-10-07,rice,conn,31,38,-380.0,290.0,-10.0,10.0,-105.0,-125.0,,,47.5,,12,espn-core,,,0,0,151,18,Houston,TX
2023-10-07,ta&m,ala,20,26,115.0,-138.0,2.5,-2.5,-110.0,-120.0,,,45.0,,13,espn-core,,,0,1,8,8,College Station,TX
2023-10-07,tem,utsa,34,49,425.0,-600.0,14.0,-14.0,-120.0,-110.0,,,56.0,,12,espn-core,,,0,1,151,151,Philadelphia,PA
2023-10-07,tex,ou,30,34,-189.0,155.0,,,-120.0,-110.0,,,61.5,,12,espn-core,,,1,1,4,4,Dallas,TX
2023-10-07,troy,arst,37,3,-752.0,525.0,-15.5,15.5,-105.0,-115.0,,,52.0,,12,espn-core,,,0,1,37,37,Troy,AL
2023-10-07,uab,usf,56,35,130.0,-159.5,3.0,-3.0,-125.0,-105.0,,,68.25,,10,espn-core,,,0,1,151,151,Birmingham,AL
2023-10-07,ucla,wsu,25,17,-165.0,140.0,-3.25,3.25,-105.0,-125.0,,,59.5,,12,espn-core,,,0,1,9,9,Pasadena,CA
2023-10-07,uga,uk,51,13,-600.0,430.0,-14.5,14.5,-105.0,-115.0,,,47.0,,13,espn-core,,,0,1,8,8,Athens,GA
2023-10-07,ul,txst,34,30,-120.0,100.0,-1.0,1.0,-140.0,110.0,,,66.5,,11,espn-core,,,0,1,37,37,Lafayette,LA
2023-10-07,ulm,usa,7,55,310.0,-410.0,10.5,-10.5,-115.0,-105.0,,,51.5,,12,espn-core,,,0,1,37,37,Monroe,LA
2023-10-07,unc,syr,40,7,-385.0,290.0,-9.5,9.5,-110.0,-120.0,,,59.0,,12,espn-core,,,0,1,1,1,Chapel Hill,NC
2023-10-07,usc,ariz,43,41,-1800.0,950.0,-21.0,21.0,-105.0,-115.0,,,69.5,,12,espn-core,,,0,1,9,9,Los Angeles,CA
2023-10-07,usm,odu,13,17,-150.0,125.0,-3.0,3.0,-115.0,-105.0,,,56.5,,12,espn-core,,,0,1,37,37,Hattiesburg,MS
2023-10-07,usu,csu,44,24,124.0,-145.0,3.0,-3.0,-120.0,-110.0,,,62.0,,11,espn-core,,,0,1,17,17,Logan,UT
2023-10-07,uva,w&m,27,13,-350.0,270.0,-8.5,8.5,-120.0,-110.0,,,42.0,,11,espn-core,,,0,0,1,48,Charlottesville,VA
2023-10-07,wis,rutg,24,13,-500.0,375.0,-12.5,12.5,-115.0,-115.0,,,44.0,,8,espn-core,,,0,1,5,5,Madison,WI
2023-10-07,wyo,fres,24,19,175.0,-213.0,5.5,-5.5,-115.0,-115.0,,,43.0,,12,espn-core,,,0,1,17,17,Laramie,WY
2023-10-10,app,ccu,24,27,-200.0,165.0,-4.5,4.5,-110.0,-120.0,,,59.0,,11,espn-core,,,0,1,37,37,Boone,NC
2023-10-10,jvst,lib,13,31,222.0,-278.0,7.0,-7.0,-115.0,-115.0,,,59.5,,11,espn-core,,,0,1,12,12,Jacksonville,AL
2023-10-10,mtsu,lt,31,23,-154.0,126.0,-3.0,3.0,,-130.0,,,53.5,,11,espn-core,,,0,1,12,12,Murfreesboro,TN
2023-10-11,fiu,utep,14,27,-179.0,150.0,-3.5,3.5,-110.0,-110.0,,,42.5,,11,espn-core,,,0,1,12,12,Miami,FL
2023-10-11,nmsu,shsu,27,13,-195.0,160.0,-3.5,3.5,-120.0,,,,42.5,,11,espn-core,,,0,1,12,12,Las Cruces,NM
2023-10-12,ecu,smu,10,31,345.0,-455.0,11.5,-11.5,-110.0,-110.0,,,49.0,,11,espn-core,,,0,1,151,151,Greenville,NC
2023-10-12,hou,wvu,41,39,125.0,-148.0,3.0,-3.0,-110.0,-110.0,,,49.5,,11,espn-core,,,0,1,4,4,Houston,TX
2023-10-13,colo,stan,43,46,-550.0,400.0,-13.5,13.5,-110.0,-110.0,,,58.5,,11,espn-core,-525.0,400.0,0,1,9,9,Boulder,CO
2023-10-13,mem,tuln,21,31,170.0,-204.0,5.0,-5.0,-110.0,-110.0,,,54.5,,11,espn-core,175.0,-210.0,0,1,151,151,Memphis,TN
2023-10-13,usu,fres,32,37,180.0,-222.0,5.5,-5.5,-110.0,-110.0,,,56.0,,11,espn-core,180.0,-220.0,0,1,17,17,Logan,UT
2023-10-14,afa,wyo,34,27,-450.0,340.0,-12.5,12.5,-110.0,-110.0,,,42.0,,11,espn-core,-425.0,340.0,0,1,17,17,USAF Academy,CO
2023-10-14,ala,ark,24,21,-1408.0,800.0,-19.0,19.0,-110.0,-110.0,,,45.0,,11,espn-core,-1400.0,800.0,0,1,8,8,Tuscaloosa,AL
2023-10-14,army,troy,0,19,192.0,-238.0,6.5,-6.5,-110.0,-110.0,,,41.5,,11,espn-core,190.0,-230.0,0,0,18,37,West Point,NY
2023-10-14,ball,tol,6,13,600.0,-901.0,17.5,-17.5,-110.0,-110.0,,,48.5,,11,espn-core,700.0,-1000.0,0,1,15,15,Muncie,IN
2023-10-14,buff,bgsu,14,24,-160.0,135.0,-3.0,3.0,-110.0,-110.0,,,45.0,,11,espn-core,-195.0,165.0,0,1,15,15,Buffalo,NY
2023-10-14,cin,isu,10,30,-190.0,150.0,-4.0,4.0,-110.0,-110.0,,,42.5,,11,espn-core,-200.0,170.0,0,1,4,4,Cincinnati,OH
2023-10-14,clt,navy,0,14,140.0,-165.0,3.5,-3.5,-110.0,-110.0,,,44.5,,11,espn-core,135.0,-155.0,0,1,151,151,Charlotte,NC
2023-10-14,cmu,akr,17,10,-420.0,320.0,-10.5,10.5,-110.0,-110.0,,,44.0,,11,espn-core,-400.0,320.0,0,1,15,15,Mount Pleasant,MI
2023-10-14,csu,bois,31,30,245.0,-305.0,7.5,-7.5,-110.0,-110.0,,,59.5,,11,espn-core,260.0,-320.0,0,1,17,17,Fort Collins,CO
2023-10-14,del,ncat,21,6,-2500.0,1150.0,-22.5,22.5,-111.0,-110.0,-21.5,21.5,47.5,,11,espn-core,-2469.5,1150.0,0,1,48,48,Newark,DE
2023-10-14,duke,ncsu,24,3,-190.0,155.0,-4.0,4.0,-110.0,-110.0,,,42.5,,11,espn-core,-155.0,135.0,0,1,1,1,Durham,NC
2023-10-14,emu,kent,28,14,-285.0,228.0,-7.0,7.0,-110.0,-110.0,,,40.5,,11,espn-core,-350.0,280.0,0,1,15,15,Ypsilanti,MI
2023-10-14,fsu,syr,41,3,-1316.0,725.0,-18.5,18.5,-110.0,-110.0,,,53.0,,11,espn-core,-1200.0,750.0,0,1,1,1,Tallahassee,FL
2023-10-14,gast,mrsh,41,24,-125.0,105.0,-1.5,1.5,-110.0,-110.0,,,53.5,,11,espn-core,-115.0,-105.0,0,1,37,37,Atlanta,GA
2023-10-14,haw,sdsu,34,41,185.0,-225.0,6.0,-6.0,-110.0,-110.0,,,51.5,,11,espn-core,190.0,-225.0,0,1,17,17,Honolulu,HI
2023-10-14,jmu,gaso,41,13,-218.0,180.0,-5.5,5.5,-110.0,-110.0,,,60.0,,11,espn-core,-225.0,190.0,0,1,37,37,Harrisonburg,VA
2023-10-14,lsu,aub,48,18,-417.0,310.0,-11.0,11.0,-110.0,-110.0,,,60.5,,11,espn-core,-425.0,340.0,0,1,8,8,Baton Rouge,LA
2023-10-14,md,ill,24,27,-552.0,400.0,-13.5,13.5,-110.0,-110.0,,,51.5,,11,espn-core,-550.0,425.0,0,1,5,5,College Park,MD
2023-10-14,mich,iu,52,7,-10000.0,2500.0,-33.0,33.0,-110.0,-110.0,,,45.5,,11,espn-core,-8750.0,2250.0,0,1,5,5,Ann Arbor,MI
2023-10-14,nd,usc,48,20,-155.0,130.0,,,-110.0,-110.0,,,60.5,,12,espn-core,-140.0,120.0,0,0,18,9,Notre Dame,IN
2023-10-14,nev,unlv,27,45,235.0,-294.0,7.5,-7.5,-110.0,-110.0,,,51.5,,11,espn-core,260.0,-320.0,0,1,17,17,Reno,NV
2023-10-14,niu,ohio,23,13,180.0,-222.0,5.5,-5.5,-110.0,-110.0,,,45.0,,11,espn-core,190.0,-225.0,0,1,15,15,Dekalb,IL
2023-10-14,okst,ku,39,32,125.0,-150.0,3.0,-3.0,-115.0,-105.0,,,54.0,,11,espn-core,,,0,1,4,4,Stillwater,OK
2023-10-14,orst,ucla,36,24,-188.0,155.0,-3.5,3.5,-110.0,-110.0,,,54.0,,11,espn-core,-175.0,150.0,0,1,9,9,Corvallis,OR
2023-10-14,pitt,lou,38,21,240.0,-303.0,7.0,-7.0,-110.0,-110.0,,,45.0,,11,espn-core,225.0,-275.0,0,1,1,1,Pittsburgh,PA
2023-10-14,psu,mass,63,0,-10000.0,3000.0,-42.0,42.0,-110.0,-110.0,,,55.0,,11,espn-core,-10000.0,3000.0,0,0,5,18,University Park,PA
2023-10-14,pur,osu,7,41,650.0,-1000.0,17.0,-17.0,-110.0,-110.0,,,53.5,,11,espn-core,700.0,-1000.0,0,1,5,5,West Lafayette,IN
2023-10-14,rutg,msu,27,24,-190.0,158.0,-4.0,4.0,-110.0,-110.0,,,38.5,,7,espn-core,-200.0,170.0,0,1,5,5,Piscataway,NJ
2023-10-14,sc,fla,39,41,-110.0,-110.0,-1.0,1.0,-109.0,-113.5,,,50.0,,10,espn-core,-130.0,110.0,0,1,8,8,Columbia,SC
2023-10-14,tcu,byu,44,11,-204.0,170.0,-5.0,5.0,-110.0,-110.0,,,52.5,,11,espn-core,-215.0,180.0,0,1,4,4,Fort Worth,TX
2023-10-14,tenn,ta&m,20,13,-154.0,130.0,-3.0,3.0,-109.5,-111.0,,,54.5,,11,espn-core,-150.0,130.0,0,1,8,8,Knoxville,TN
2023-10-14,ttu,ksu,21,38,-120.0,100.0,-1.0,1.0,-110.0,-110.0,,,57.0,,11,espn-core,-120.0,100.0,0,1,4,4,Lubbock,TX
2023-10-14,txst,ulm,21,20,-1000.0,650.0,-18.5,18.5,-115.0,-105.0,,,64.5,,11,espn-core,-900.0,600.0,0,1,37,37,San Marcos,TX
2023-10-14,uk,miz,21,38,-130.0,105.0,-1.5,1.5,-110.0,-110.0,,,50.5,,11,espn-core,-135.0,115.0,0,1,8,8,Lexington,KY
2023-10-14,unc,mia,41,31,-150.0,125.0,-3.0,3.0,-105.0,-115.0,,,57.0,,11,espn-core,-145.0,125.0,0,1,1,1,Chapel Hill,NC
2023-10-14,unco,sac,13,21,1400.0,-5000.0,24.5,-24.5,-110.0,-110.0,24.5,-24.5,57.5,,11,espn-core,1300.0,-3333.0,0,1,20,20,Greeley,CO
2023-10-14,und,ndsu,49,24,215.0,-275.0,7.0,-7.0,-110.0,-112.5,8.0,-8.0,58.5,,11,espn-core,230.0,-301.5,0,1,21,21,Grand Forks,ND
2023-10-14,unm,sjsu,24,52,195.0,-245.0,6.5,-6.5,-110.0,-110.0,,,55.0,,11,espn-core,225.0,-275.0,0,1,17,17,Albuquerque,NM
2023-10-14,unt,tem,45,14,-330.0,250.0,-7.5,7.5,-110.0,-110.0,,,65.5,,11,espn-core,-240.0,200.0,0,1,151,151,Denton,TX
2023-10-14,usf,fau,14,56,-145.0,120.0,-3.0,3.0,-105.0,-115.0,,,61.0,,11,espn-core,-140.0,120.0,0,1,151,151,Tampa,FL
2023-10-14,utah,cal,34,14,-384.0,290.0,-9.5,9.5,-110.0,-110.0,,,43.0,,11,espn-core,-420.0,330.0,0,1,9,9,Salt Lake City,UT
2023-10-14,utsa,uab,41,20,-355.0,278.0,-9.0,9.0,-110.0,-110.0,,,67.0,,11,espn-core,-340.0,270.0,0,1,151,151,San Antonio,TX
2023-10-14,van,uga,20,37,2500.0,-10000.0,32.5,-32.5,-110.0,-110.0,,,55.0,,11,espn-core,2250.0,-11250.0,0,1,8,8,Nashville,TN
2023-10-14,vt,wake,30,13,-122.0,100.0,-1.5,1.5,-110.0,-110.0,,,48.5,,11,espn-core,-125.0,105.0,0,1,1,1,Blacksburg,VA
2023-10-14,wash,ore,36,33,-159.0,130.0,-3.0,3.0,-118.0,-102.0,,,67.0,,11,espn-core,-155.0,135.0,0,1,9,9,Seattle,WA
2023-10-14,wis,iowa,6,15,-345.0,270.0,-8.5,8.5,-110.0,-110.0,,,33.5,,11,espn-core,,,0,1,5,5,Madison,WI
2023-10-14,wiu,most,7,48,600.0,-900.5,17.5,-17.5,-110.0,-110.0,17.5,-17.5,57.0,,11,espn-core,600.0,-900.5,0,1,21,21,Macomb,IL
2023-10-14,wmu,m-oh,21,34,240.0,-303.0,7.5,-7.5,-110.0,-110.0,,,45.5,,11,espn-core,,,0,1,15,15,Kalamazoo,MI
2023-10-14,wsu,ariz,6,44,-305.0,240.0,-7.5,7.5,-110.0,-110.0,,,56.5,,11,espn-core,-290.0,240.0,0,1,9,9,Pullman,WA
2023-10-17,jvst,wku,20,17,250.0,-323.0,7.5,-7.5,-110.0,-110.0,7.0,-7.0,60.5,,11,espn-core,220.0,-275.0,0,1,12,12,Jacksonville,AL
2023-10-17,lib,mtsu,42,35,-800.0,550.0,-16.0,16.0,-110.0,-110.0,-13.5,13.5,56.5,,11,espn-core,-602.0,430.0,0,1,12,12,Lynchburg,VA
2023-10-17,usa,usm,55,3,-1100.0,650.0,-18.5,18.5,-110.0,-110.0,-17.0,17.0,51.0,,11,espn-core,-909.0,600.0,0,1,37,37,Mobile,AL
2023-10-18,shsu,fiu,27,33,-225.0,185.0,-5.5,5.5,-110.0,-110.0,-5.5,5.5,42.0,,11,espn-core,-210.0,170.0,0,1,12,12,Huntsville,TX
2023-10-18,utep,nmsu,7,28,114.0,-135.0,3.0,-3.0,-115.0,-105.0,1.5,-1.5,48.5,,11,espn-core,110.0,-133.0,0,1,12,12,El Paso,TX
2023-10-19,mrsh,jmu,9,20,175.0,-220.0,5.0,-5.0,-110.0,-110.0,3.5,-3.5,49.0,,11,espn-core,150.0,-185.0,0,1,37,37,Huntington,WV
2023-10-19,tlsa,rice,10,42,-165.0,140.0,-3.0,3.0,-110.0,-110.0,-2.5,2.5,56.5,,11,espn-core,-150.0,130.0,0,1,151,151,Tulsa,OK
2023-10-20,tem,smu,0,55,1100.0,-2400.0,24.0,-24.0,-110.0,-110.0,18.0,-18.0,53.0,,11,espn-core,650.0,-1000.0,0,1,151,151,Philadelphia,PA
2023-10-21,ala,tenn,34,20,-351.0,275.0,-8.5,8.5,-110.0,-110.0,-9.0,9.0,47.5,,12,espn-core,-355.0,280.0,0,1,8,8,Tuscaloosa,AL
2023-10-21,ark,msst,3,7,-278.0,222.0,-7.0,7.0,-110.0,-110.0,-7.0,7.0,46.5,,11,espn-core,-270.0,220.0,0,1,8,8,Fayetteville,AR
2023-10-21,arst,ccu,17,27,255.0,-333.0,8.5,-8.5,-110.0,-110.0,9.0,-9.0,59.0,,11,espn-core,285.0,-365.0,0,1,37,37,Jonesboro,AR
2023-10-21,aub,miss,21,28,205.0,-260.0,6.5,-6.5,-110.0,-113.0,5.5,-5.5,55.5,,11,espn-core,185.0,-238.0,0,1,8,8,Auburn,AL
2023-10-21,ball,cmu,24,17,175.0,-218.0,5.0,-5.0,-110.0,-110.0,3.5,-3.5,42.0,,11,espn-core,159.0,-190.0,0,1,15,15,Muncie,IN
2023-10-21,bgsu,akr,41,14,-292.0,235.0,-7.0,7.0,-110.0,-110.0,-9.0,9.0,37.0,,11,espn-core,-320.0,250.0,0,1,15,15,Bowling Green,OH
2023-10-21,byu,ttu,27,14,125.0,-150.0,3.0,-3.0,-110.0,-110.0,4.5,-4.5,49.5,,11,espn-core,150.0,-178.0,0,1,4,4,Provo,UT
2023-10-21,cin,bay,29,32,-132.0,110.0,-2.5,2.5,-110.0,-110.0,-1.5,1.5,50.5,,11,espn-core,-130.0,110.0,0,1,4,4,Cincinnati,OH
2023-10-21,conn,usf,21,24,-112.0,-110.0,,,-110.0,-110.0,3.0,-3.0,57.0,,11,espn-core,118.0,-141.0,0,0,18,151,East Hartford,CT
2023-10-21,ecu,clt,7,10,-244.0,190.0,-6.0,6.0,-110.0,-110.0,-8.0,8.0,39.5,,11,espn-core,-298.0,230.0,0,1,151,151,Greenville,NC
2023-10-21,fau,utsa,10,36,118.0,-143.0,2.5,-2.5,-105.0,-115.0,3.0,-3.0,58.5,,11,espn-core,135.0,-160.0,0,1,151,151,Boca Raton,FL
2023-10-21,fsu,duke,38,20,-602.0,430.0,-14.0,14.0,-110.0,-110.0,-13.5,13.5,48.5,,11,espn-core,-650.0,450.0,0,1,1,1,Tallahassee,FL
2023-10-21,gaso,ulm,38,28,-800.0,550.0,-16.5,16.5,-110.0,-110.0,-17.0,17.0,60.0,,11,espn-core,-800.0,545.0,0,1,37,37,Statesboro,GA
2023-10-21,gt,bc,23,38,-235.0,185.0,-6.0,6.0,-115.0,-105.0,-5.0,5.0,57.0,,11,espn-core,-210.0,175.0,0,1,1,1,Atlanta,GA
2023-10-21,hamp,del,3,47,410.0,-581.0,14.0,-14.0,-110.0,-110.0,14.5,-14.5,52.0,,11,espn-core,400.0,-580.0,0,1,48,48,Hampton,VA
2023-10-21,hou,tex,24,31,1100.0,-2500.0,23.5,-23.5,-110.0,-110.0,22.0,-22.0,60.5,,11,espn-core,910.0,-1650.0,0,1,4,4,Houston,TX
2023-10-21,ill,wis,21,25,130.0,-155.0,3.0,-3.0,-110.0,-110.0,4.0,-4.0,40.5,,11,espn-core,122.0,-145.0,0,1,5,5,Champaign,IL
2023-10-21,iowa,minn,10,12,-175.0,143.0,-3.5,3.5,-110.0,-110.0,-5.5,5.5,30.5,,11,espn-core,-205.0,170.0,0,1,5,5,Iowa City,IA
2023-10-21,iu,rutg,14,31,180.0,-222.0,6.0,-6.0,-110.0,-110.0,5.0,-5.0,39.5,,7,espn-core,170.0,-210.0,0,1,5,5,Bloomington,IN
2023-10-21,kent,buff,6,24,205.0,-250.0,6.5,-6.5,-110.0,-110.0,8.5,-8.5,44.0,,11,espn-core,230.0,-300.0,0,1,15,15,Kent,OH
2023-10-21,ksu,tcu,41,3,-225.0,180.0,-5.5,5.5,-110.0,-110.0,-7.5,7.5,60.0,,11,espn-core,-300.0,240.0,0,1,4,4,Manhattan,KS
2023-10-21,lsu,army,62,0,-10000.0,2500.0,-32.5,32.5,-110.0,-110.0,-30.0,30.0,60.0,,11,espn-core,-9000.0,1850.0,0,0,8,18,Baton Rouge,LA
2023-10-21,m-oh,tol,17,21,105.0,-130.0,1.5,-1.5,-110.0,-110.0,,,46.5,,11,espn-core,-105.0,-115.0,0,1,15,15,Oxford,OH
2023-10-21,mia,clem,28,20,195.0,-238.0,6.0,-6.0,-110.0,-110.0,2.5,-2.5,44.5,,11,espn-core,120.0,-143.0,0,1,1,1,Miami Gardens,FL
2023-10-21,miz,sc,34,12,-305.0,240.0,-7.5,7.5,-105.0,-115.0,-6.5,6.5,57.5,,11,espn-core,-250.0,200.0,0,1,8,8,Columbia,MO
2023-10-21,most,mur,28,24,-1640.0,882.5,-20.0,20.0,-110.0,-110.0,-21.0,21.0,55.0,,11,espn-core,-1667.0,890.0,0,1,21,21,Springfield,MO
2023-10-21,msu,mich,0,49,1400.0,-4500.0,25.5,-25.5,-110.0,-110.0,24.0,-24.0,46.5,,12,espn-core,1350.0,-3200.0,0,1,5,5,East Lansing,MI
2023-10-21,navy,afa,6,17,340.0,-455.0,11.0,-11.0,-110.0,-110.0,10.0,-10.0,34.0,,11,espn-core,310.0,-404.0,0,0,151,17,Annapolis,MD
2023-10-21,ndsu,wiu,52,7,-10000.0,3300.0,-36.0,36.0,,,-38.5,38.5,59.75,,10,espn-core,-10000.0,3300.0,0,1,21,21,Fargo,ND
2023-10-21,neb,nu,17,9,-435.0,325.0,-10.5,10.5,-110.0,-110.0,-12.5,12.5,40.0,,11,espn-core,-500.0,375.0,0,1,5,5,Lincoln,NE
2023-10-21,niu,emu,20,13,-476.0,345.0,-11.5,11.5,-110.0,-110.0,-11.0,11.0,43.5,,11,espn-core,-480.0,360.0,0,1,15,15,Dekalb,IL
2023-10-21,odu,app,28,21,185.0,-234.0,6.0,-6.0,-110.0,-110.0,,,56.0,,10,espn-core,191.0,-234.0,0,1,37,37,Norfolk,VA
2023-10-21,ohio,wmu,20,17,-800.0,550.0,-16.5,16.5,-110.0,-110.0,-15.0,15.0,52.0,,11,espn-core,-769.0,500.0,0,1,15,15,Athens,OH
2023-10-21,ore,wsu,38,24,-1400.0,800.0,-19.5,19.5,-110.0,-110.0,-20.0,20.0,60.5,,11,espn-core,-1350.0,750.0,0,1,9,9,Eugene,OR
2023-10-21,osu,psu,20,12,-190.0,158.0,-4.0,4.0,-110.0,-110.0,-4.5,4.5,46.5,,12,espn-core,-200.0,165.0,0,1,5,5,Columbus,OH
2023-10-21,ou,ucf,31,29,-1000.0,615.0,-17.0,17.0,-115.0,-110.0,-19.0,19.0,67.5,,11,espn-core,-1100.0,650.0,0,1,4,4,Norman,OK
2023-10-21,sac,mtst,30,42,295.0,-385.0,10.5,-10.5,-108.0,-113.0,9.0,-9.0,59.0,,11,espn-core,278.0,-355.0,0,1,20,20,Sacramento,CA
2023-10-21,sdsu,nev,0,6,-435.0,328.0,-11.0,11.0,-110.0,-110.0,-13.5,13.5,48.5,,11,espn-core,-556.0,400.0,0,1,17,17,San Diego,CA
2023-10-21,sjsu,usu,42,21,-185.0,154.0,-4.0,4.0,-110.0,-110.0,-4.5,4.5,65.0,,11,espn-core,-220.0,180.0,0,1,17,17,San Jose,CA
2023-10-21,stan,ucla,7,42,600.0,-900.0,17.0,-17.0,-108.0,-115.0,16.5,-16.5,52.0,,11,espn-core,550.0,-800.0,0,1,9,9,Stanford,CA
2023-10-21,tuln,unt,35,28,-1400.0,800.0,-20.0,20.0,-110.0,-110.0,-20.0,20.0,63.5,,11,espn-core,-1200.0,700.0,0,1,151,151,New Orleans,LA
2023-10-21,uab,mem,21,45,240.0,-300.0,7.5,-7.5,-110.0,-110.0,4.5,-4.5,62.0,,11,espn-core,170.0,-205.0,0,1,151,151,Birmingham,AL
2023-10-21,ul,gast,17,20,-160.0,135.0,-3.0,3.0,-108.0,-112.0,-2.0,2.0,62.0,,11,espn-core,-130.0,110.0,0,1,37,37,Lafayette,LA
2023-10-21,unc,uva,27,31,-2800.0,1250.0,-24.0,24.0,-110.0,-110.0,-23.0,23.0,58.0,,11,espn-core,-2500.0,1150.0,0,1,1,1,Chapel Hill,NC
2023-10-21,unlv,csu,25,23,-250.0,205.0,-6.5,6.5,-115.0,-105.0,-7.0,7.0,60.5,,11,espn-core,-300.0,235.0,0,1,17,17,Las Vegas,NV
2023-10-21,unm,haw,42,21,105.0,-125.0,1.5,-1.5,-110.0,-110.0,-2.5,2.5,60.0,,11,espn-core,-130.0,110.0,0,1,17,17,Albuquerque,NM
2023-10-21,usc,utah,32,34,-280.0,225.0,-7.0,7.0,-110.0,-110.0,-5.0,5.0,52.0,,11,espn-core,-225.0,180.0,0,1,9,9,Los Angeles,CA
2023-10-21,wake,pitt,21,17,120.0,-143.0,2.5,-2.5,-105.0,-112.0,-1.5,1.5,45.0,,11,espn-core,-125.0,102.0,0,1,1,1,Winston-Salem,NC
2023-10-21,wash,asu,15,7,-6667.0,1600.0,-28.0,28.0,-110.0,-110.0,-27.5,27.5,59.5,,11,espn-core,-10000.0,1600.0,0,1,9,9,Seattle,WA
2023-10-21,wvu,okst,34,48,-152.0,125.0,-3.0,3.0,-110.0,-110.0,-3.0,3.0,48.5,,11,espn-core,-155.0,130.0,0,1,4,4,Morgantown,WV
2023-10-24,lt,nmsu,24,27,-155.0,130.0,-3.0,3.0,-110.0,-110.0,-2.0,2.0,55.0,,11,espn-core,-135.0,114.0,0,1,12,12,Ruston,LA
2023-10-24,wku,lib,29,42,155.0,-190.0,4.0,-4.0,-110.0,-110.0,,,61.5,,11,espn-core,160.0,-190.0,0,1,12,12,Bowling Green,KY
2023-10-25,fiu,jvst,16,41,278.0,-355.0,9.0,-9.0,-110.0,-110.0,7.5,-7.5,48.0,,11,espn-core,250.0,-323.0,0,1,12,12,Miami,FL
2023-10-25,shsu,utep,34,37,-190.0,158.0,-4.0,4.0,-110.0,-110.0,-3.0,3.0,38.5,,11,espn-core,-162.0,136.0,0,1,12,12,Huntsville,TX
2023-10-26,gaso,gast,44,27,-112.0,-109.0,-1.0,1.0,-110.0,-110.0,-2.5,2.5,63.0,,11,espn-core,-130.0,110.0,0,1,37,37,Statesboro,GA
2023-10-26,vt,syr,38,10,-135.0,114.0,-2.5,2.5,-110.0,-110.0,-3.0,3.0,47.5,,11,espn-core,-150.0,130.0,0,1,1,1,Blacksburg,VA
2023-10-27,clt,fau,16,38,145.0,-175.0,3.5,-3.5,-110.0,-110.0,6.0,-6.0,45.5,,11,espn-core,180.0,-225.0,0,1,151,151,Charlotte,NC
2023-10-28,app,usm,48,38,-800.0,550.0,-16.0,16.0,-110.0,-110.0,-17.5,17.5,55.5,,11,espn-core,-909.0,575.0,0,1,37,37,Boone,NC
2023-10-28,ariz,orst,27,24,130.0,-155.0,3.0,-3.0,-110.0,-110.0,4.5,-4.5,57.5,,11,espn-core,148.0,-178.0,0,1,9,9,Tucson,AZ
2023-10-28,army,mass,14,21,-382.5,295.0,-10.0,10.0,-110.0,-110.0,-9.5,9.5,49.5,,10,espn-core,-365.0,285.0,0,0,18,18,West Point,NY
2023-10-28,asu,wsu,38,27,162.0,-200.0,4.5,-4.5,-110.0,-110.0,6.5,-6.5,49.0,,11,espn-core,200.0,-250.0,0,1,9,9,Tempe,AZ
2023-10-28,aub,msst,27,13,-250.0,200.0,-6.5,6.5,-110.0,-110.0,-5.5,5.5,40.0,,11,espn-core,-230.0,180.0,0,1,8,8,Auburn,AL
2023-10-28,bay,isu,18,30,130.0,-155.0,3.0,-3.0,-108.0,-112.0,-1.5,1.5,47.0,,11,espn-core,-105.0,-120.0,0,1,4,4,Waco,TX
2023-10-28,bc,conn,21,14,-650.0,455.0,-14.5,14.5,-110.0,-115.0,-12.0,12.0,49.0,,11,espn-core,-500.0,360.0,0,0,1,18,Chestnut Hill,MA
2023-10-28,bois,wyo,32,7,-200.0,165.0,-4.5,4.5,-110.0,-110.0,-5.0,5.0,48.5,,11,espn-core,-205.0,170.0,0,1,17,17,Boise,ID
2023-10-28,cal,usc,49,50,310.0,-400.0,10.0,-10.0,-110.0,-110.0,10.0,-10.0,67.5,,10,espn-core,305.0,-418.5,0,1,9,9,Berkeley,CA
2023-10-28,ccu,mrsh,34,6,143.0,-175.0,3.5,-3.5,-110.0,-110.0,,,47.0,,11,espn-core,155.0,-185.0,0,1,37,37,Conway,SC
2023-10-28,csu,afa,13,30,450.0,-650.0,14.5,-14.5,-110.0,-110.0,11.5,-11.5,46.5,,11,espn-core,350.0,-480.0,0,1,17,17,Fort Collins,CO
2023-10-28,emu,wmu,21,45,125.0,-154.0,3.0,-3.0,-110.0,-110.0,,,49.5,,11,espn-core,100.0,-125.0,0,1,15,15,Ypsilanti,MI
2023-10-28,fla,uga,20,43,410.0,-588.0,14.0,-14.0,-110.0,-110.0,14.5,-14.5,50.0,,12,espn-core,470.0,-667.0,1,1,8,8,Jacksonville,FL
2023-10-28,fres,unlv,31,24,-400.0,315.0,-10.5,10.5,-110.0,-110.0,-8.0,8.0,56.0,,11,espn-core,-350.0,275.0,0,1,17,17,Fresno,CA
2023-10-28,gt,unc,46,42,360.0,-480.0,12.0,-12.0,-110.0,-110.0,11.5,-11.5,65.5,,11,espn-core,333.0,-440.0,0,1,1,1,Atlanta,GA
2023-10-28,haw,sjsu,0,35,300.0,-400.0,10.5,-10.5,-110.0,-110.0,8.0,-8.0,57.5,,11,espn-core,257.5,-334.0,0,1,17,17,Honolulu,HI
2023-10-28,jmu,odu,30,27,-1429.0,800.0,-19.5,19.5,-110.0,-110.0,-17.5,17.5,48.0,,11,espn-core,-901.0,600.0,0,1,37,37,Harrisonburg,VA
2023-10-28,kenn,lcln,28,12,,,,,,,,,,,0,espn-core,,,0,0,32,112,Kennesaw,GA
2023-10-28,ksu,hou,41,0,-1000.0,625.0,-17.5,17.5,-112.0,-110.0,-16.5,16.5,60.5,,11,espn-core,-900.0,570.0,0,1,4,4,Manhattan,KS
2023-10-28,ku,ou,38,33,250.0,-311.0,7.5,-7.5,-110.0,-110.0,10.25,-10.25,66.5,,11,espn-core,300.0,-385.0,0,1,4,4,Lawrence,KS
2023-10-28,lou,duke,23,0,-204.0,165.0,-5.0,5.0,-112.0,-110.0,-4.0,4.0,47.0,,11,espn-core,-192.0,160.0,0,1,1,1,Louisville,KY
2023-10-28,mia,uva,29,26,-1250.0,700.0,-18.5,18.5,-110.0,-110.0,-17.5,17.5,48.0,,11,espn-core,-1100.0,700.0,0,1,1,1,Miami Gardens,FL
2023-10-28,minn,msu,27,12,-250.0,200.0,-6.5,6.5,-115.0,-106.0,-7.0,7.0,41.5,,11,espn-core,-278.0,220.0,0,1,5,5,Minneapolis,MN
2023-10-28,miss,van,33,7,-3500.0,1300.0,-24.0,24.0,-110.0,-110.0,-25.5,25.5,63.0,,11,espn-core,-5000.0,1450.0,0,1,8,8,Oxford,MS
2023-10-28,ncsu,clem,24,17,285.0,-375.0,10.0,-10.0,-110.0,-110.0,10.0,-10.0,44.5,,11,espn-core,310.0,-400.0,0,1,1,1,Raleigh,NC
2023-10-28,nd,pitt,58,7,-1515.0,850.0,-21.0,21.0,-110.0,-110.0,-18.0,18.0,45.5,,11,espn-core,-1111.0,650.0,0,0,18,1,Notre Dame,IN
2023-10-28,ndsu,mur,38,6,-10000.0,3300.0,-33.5,33.5,-110.0,-110.0,-33.5,33.5,54.5,,11,espn-core,-10000.0,3300.0,0,1,21,21,Fargo,ND
2023-10-28,neb,pur,31,14,100.0,-125.0,,,-110.0,-115.0,-3.0,3.0,39.5,,11,espn-core,-141.0,116.0,0,1,5,5,Lincoln,NE
2023-10-28,nev,unm,34,24,-110.0,-110.0,,,-112.0,-110.0,,,50.0,,11,espn-core,-120.0,100.0,0,1,17,17,Reno,NV
2023-10-28,nu,md,33,27,425.0,-600.0,14.0,-14.0,-110.0,-115.0,13.0,-13.0,48.5,,11,espn-core,400.0,-556.0,0,1,5,5,Evanston,IL
2023-10-28,ohio,m-oh,16,30,-304.0,240.0,-7.5,7.5,-110.0,-110.0,-6.5,6.5,39.0,,11,espn-core,-267.0,210.0,0,1,15,15,Athens,OH
2023-10-28,okst,cin,45,13,-298.0,235.0,-7.0,7.0,-110.0,-110.0,-8.5,8.5,53.0,,11,espn-core,-320.0,250.0,0,1,4,4,Stillwater,OK
2023-10-28,psu,iu,33,24,-7000.0,2000.0,-31.0,31.0,-110.0,-112.0,-31.0,31.0,45.0,,11,espn-core,-7000.0,1800.0,0,1,5,5,University Park,PA
2023-10-28,rice,tuln,28,30,300.0,-385.0,10.0,-10.0,-115.0,-108.0,11.5,-11.5,55.0,,11,espn-core,345.0,-455.0,0,1,151,151,Houston,TX
2023-10-28,sac,idst,51,16,-900.0,600.0,-16.75,16.75,-110.0,-110.5,-17.5,17.5,63.5,,10,espn-core,-900.0,550.0,0,1,20,20,Sacramento,CA
2023-10-28,smu,tlsa,69,10,-1600.0,900.0,-20.5,20.5,-110.0,-110.0,-19.0,19.0,55.0,,11,espn-core,-1250.0,750.0,0,1,151,151,Dallas,TX
2023-10-28,stan,wash,33,42,1500.0,-4750.0,27.5,-27.5,-110.0,-110.0,26.5,-26.5,62.0,,11,espn-core,1550.0,-4750.0,0,1,9,9,Stanford,CA
2023-10-28,ta&m,sc,30,17,-833.0,550.0,-17.0,17.0,-110.0,-110.0,-13.5,13.5,51.5,,11,espn-core,-600.0,430.0,0,1,8,8,College Station,TX
2023-10-28,tex,byu,35,6,-1429.0,800.0,-20.5,20.5,-110.0,-110.0,-19.0,19.0,49.5,,11,espn-core,-1000.0,600.0,0,1,4,4,Austin,TX
2023-10-28,tow,del,13,51,265.0,-335.0,9.5,-9.5,-110.0,-110.0,9.0,-9.0,52.5,,11,espn-core,250.0,-335.0,0,1,48,48,Towson,MD
2023-10-28,txst,troy,13,31,205.0,-250.0,6.5,-6.5,-105.0,-115.0,5.0,-5.0,53.0,,11,espn-core,185.0,-230.0,0,1,37,37,San Marcos,TX
2023-10-28,ucf,wvu,28,41,-260.0,205.0,-6.5,6.5,-110.0,-110.0,-6.5,6.5,59.5,,11,espn-core,-278.0,213.0,0,1,4,4,Orlando,FL
2023-10-28,ucla,colo,28,16,-650.0,450.0,-14.0,14.0,-110.0,-110.0,-16.5,16.5,60.0,,11,espn-core,-833.0,550.0,0,1,9,9,Pasadena,CA
2023-10-28,uk,tenn,27,33,155.0,-189.0,4.0,-4.0,-110.0,-110.0,3.5,-3.5,50.5,,11,espn-core,138.0,-165.0,0,1,8,8,Lexington,KY
2023-10-28,ulm,arst,24,34,-115.0,-106.0,-1.0,1.0,-105.0,-115.0,-1.5,1.5,55.0,,11,espn-core,-130.0,102.0,0,1,37,37,Monroe,LA
2023-10-28,unt,mem,42,45,205.0,-263.0,6.5,-6.5,-110.0,-110.0,8.0,-8.0,69.0,,11,espn-core,228.0,-294.0,0,1,151,151,Denton,TX
2023-10-28,usa,ul,20,33,-450.0,333.0,-11.5,11.5,-110.0,-110.0,-10.0,10.0,55.0,,11,espn-core,-385.0,295.0,0,1,37,37,Mobile,AL
2023-10-28,utah,ore,6,35,195.0,-240.0,6.5,-6.5,-110.0,-110.0,5.0,-5.0,47.0,,11,espn-core,200.0,-250.0,0,1,9,9,Salt Lake City,UT
2023-10-28,utsa,ecu,41,27,-1000.0,650.0,-18.5,18.5,-110.0,-110.0,-17.5,17.5,48.0,,11,espn-core,-901.0,600.0,0,1,151,151,San Antonio,TX
2023-10-28,wake,fsu,16,41,800.0,-1429.0,21.0,-21.0,-110.0,-110.0,20.0,-20.0,53.5,,11,espn-core,800.0,-1400.0,0,1,1,1,Winston-Salem,NC
2023-10-28,wis,osu,10,24,480.0,-714.0,14.5,-14.5,-110.0,-110.0,14.0,-14.0,48.0,,11,espn-core,475.0,-700.0,0,1,5,5,Madison,WI
2023-10-28,ysu,most,44,28,-365.0,285.0,-10.5,10.5,-110.0,-110.0,-9.5,9.5,65.5,,11,espn-core,-350.0,262.0,0,1,21,21,Youngstown,OH
2023-10-31,cmu,niu,37,31,200.0,-250.0,6.5,-6.5,-110.0,-110.0,3.0,-3.0,48.0,,11,espn-core,145.0,-179.0,0,1,15,15,Mount Pleasant,MI
2023-10-31,tol,buff,31,13,-700.0,500.0,-15.0,15.0,-110.0,-110.0,-15.0,15.0,47.0,,11,espn-core,-704.0,500.0,0,1,15,15,Toledo,OH
2023-11-01,akr,kent,31,27,-178.0,150.0,-3.75,3.75,-110.0,-110.0,-4.25,4.25,39.5,,10,espn-core,-175.0,145.0,0,1,15,15,Akron,OH
2023-11-01,bgsu,ball,24,21,-210.0,175.0,-5.0,5.0,-110.0,-110.0,-6.0,6.0,40.0,,11,espn-core,-235.0,184.0,0,1,15,15,Bowling Green,OH
2023-11-02,duke,wake,24,21,-265.0,215.0,-6.5,6.5,-115.0,-105.0,-12.5,12.5,41.0,,11,espn-core,-526.0,380.0,0,1,1,1,Durham,NC
2023-11-02,troy,usa,28,10,-275.0,215.0,-7.0,7.0,-105.0,-115.0,-6.0,6.0,43.5,,11,espn-core,-240.0,190.0,0,1,37,37,Troy,AL
2023-11-02,ttu,tcu,35,28,-140.0,118.0,-2.5,2.5,-115.0,-105.0,-3.0,3.0,59.0,,11,espn-core,-155.0,125.0,0,1,4,4,Lubbock,TX
2023-11-03,syr,bc,10,17,,-120.0,,,-110.0,-110.0,-3.0,3.0,47.5,,11,espn-core,-155.0,130.0,0,1,1,1,Syracuse,NY
2023-11-03,wyo,csu,24,15,-240.0,195.0,-6.0,6.0,-115.0,-105.0,-7.5,7.5,44.0,,10,espn-core,-285.0,228.0,0,1,17,17,Laramie,WY
2023-11-04,afa,army,3,23,-1115.0,700.0,-18.5,18.5,-110.0,-110.0,-18.5,18.5,32.5,,11,espn-core,-901.0,550.0,1,0,17,18,Denver,CO
2023-11-04,ala,lsu,42,28,-165.0,140.0,-3.0,3.0,-115.0,-105.0,-4.0,4.0,61.0,,12,espn-core,-190.0,158.0,0,1,8,8,Tuscaloosa,AL
2023-11-04,app,mrsh,31,9,-160.0,135.0,-3.0,3.0,-110.0,-110.0,-4.0,4.0,57.5,,11,espn-core,-195.0,162.0,0,1,37,37,Boone,NC
2023-11-04,ariz,ucla,27,10,118.0,-142.0,2.5,-2.5,-110.0,-110.0,1.5,-1.5,49.0,,11,espn-core,115.0,-135.0,0,1,9,9,Tucson,AZ
2023-11-04,arst,ul,37,17,235.0,-292.0,7.0,-7.0,-110.0,-110.0,8.5,-8.5,60.0,,11,espn-core,300.0,-385.0,0,1,37,37,Jonesboro,AR
2023-11-04,bay,hou,24,25,-130.0,107.0,-2.0,2.0,-110.0,-110.0,-4.5,4.5,58.5,,11,espn-core,-205.0,170.0,0,1,4,4,Waco,TX
2023-11-04,cin,ucf,26,28,150.0,-178.0,3.5,-3.5,-110.0,-110.0,4.5,-4.5,60.0,,11,espn-core,170.0,-204.0,0,1,4,4,Cincinnati,OH
2023-11-04,clem,nd,31,23,145.0,-175.0,3.5,-3.5,-110.0,-110.0,3.0,-3.0,43.0,,11,espn-core,135.0,-159.0,0,0,1,18,Clemson,SC
2023-11-04,colo,orst,19,26,390.0,-526.0,13.0,-13.0,-110.0,-110.0,,,60.0,,11,espn-core,425.0,-588.0,0,1,9,9,Boulder,CO
2023-11-04,del,elon,27,33,-667.0,460.0,-14.5,14.5,,,-14.0,14.0,48.5,,11,espn-core,-650.0,425.0,0,1,48,48,Newark,DE
2023-11-04,ecu,tuln,10,13,600.0,-901.0,17.0,-17.0,-109.0,-112.0,16.5,-16.5,44.5,,11,espn-core,550.0,-800.0,0,1,151,151,Greenville,NC
2023-11-04,fla,ark,36,39,-155.0,130.0,-3.0,3.0,-110.0,-110.0,-5.5,5.5,49.0,,11,espn-core,-225.0,180.0,0,1,8,8,Gainesville,FL
2023-11-04,fres,bois,37,30,-140.0,115.0,-2.5,2.5,-115.0,-105.0,-3.5,3.5,54.0,,11,espn-core,-172.0,143.0,0,1,17,17,Fresno,CA
2023-11-04,gast,jmu,14,42,185.0,-225.0,6.0,-6.0,-110.0,-110.0,5.5,-5.5,52.0,,11,espn-core,185.0,-225.0,0,1,37,37,Atlanta,GA
2023-11-04,isu,ku,21,28,-140.0,118.0,-2.5,2.5,-110.0,-110.0,,,54.0,,11,espn-core,-135.0,115.0,0,1,4,4,Ames,IA
2023-11-04,iu,wis,20,14,240.0,-305.0,7.5,-7.5,-111.0,-109.0,9.5,-9.5,44.5,,11,espn-core,300.0,-385.0,0,1,5,5,Bloomington,IN
2023-11-04,lib,lt,56,30,-650.0,450.0,-14.0,14.0,-110.0,-110.0,-17.0,17.0,59.0,,11,espn-core,-855.0,550.0,0,1,12,12,Lynchburg,VA
2023-11-04,lou,vt,34,3,-351.0,275.0,-9.0,9.0,-110.0,-110.0,-10.5,10.5,46.5,,11,espn-core,-426.0,320.0,0,1,1,1,Louisville,KY
2023-11-04,mass,mrmk,31,21,-1000.0,600.0,-17.0,17.0,-110.0,-110.0,-17.0,17.0,57.5,,8,espn-core,-1000.0,600.0,0,0,18,25,Amherst,MA
2023-11-04,md,psu,15,51,250.0,-320.0,7.5,-7.5,-110.0,-110.0,11.0,-11.0,49.0,,11,espn-core,320.0,-435.0,0,1,5,5,College Park,MD
2023-11-04,mem,usf,59,50,-556.0,400.0,-13.5,13.5,-110.0,-110.0,-13.0,13.0,68.0,,11,espn-core,-590.0,400.0,0,1,151,151,Memphis,TN
2023-11-04,mich,pur,41,13,-10000.0,2200.0,-31.0,31.0,-110.0,-110.0,-32.5,32.5,53.5,,11,espn-core,-10000.0,2500.0,0,1,5,5,Ann Arbor,MI
2023-11-04,minn,ill,26,27,-149.0,125.0,-2.5,2.5,-115.0,-107.0,-3.5,3.5,44.0,,11,espn-core,-160.0,135.0,0,1,5,5,Minneapolis,MN
2023-11-04,miss,ta&m,38,35,-155.0,130.0,-3.0,3.0,-105.0,-115.0,-4.5,4.5,51.5,,11,espn-core,-195.0,162.0,0,1,8,8,Oxford,MS
2023-11-04,mont,sac,34,7,-135.0,112.5,-2.5,2.5,,,-2.5,2.5,53.5,,11,espn-core,-134.0,110.0,0,1,20,20,Missoula,MT
2023-11-04,most,ilst,35,36,105.0,-125.0,1.5,-1.5,-110.0,-110.0,,,57.5,,7,espn-core,-110.0,-110.0,0,1,21,21,Springfield,MO
2023-11-04,msst,uk,3,24,180.0,-225.0,5.5,-5.5,-110.0,-110.0,3.0,-3.0,44.5,,11,espn-core,135.0,-160.0,0,1,8,8,Starkville,MS
2023-11-04,msu,neb,20,17,135.0,-159.0,3.0,-3.0,-105.0,-115.0,3.5,-3.5,35.0,,11,espn-core,138.0,-170.0,0,1,5,5,East Lansing,MI
2023-11-04,ncsu,mia,20,6,195.0,-240.0,6.5,-6.5,-110.0,-110.0,4.0,-4.0,44.0,,11,espn-core,155.0,-190.0,0,1,1,1,Raleigh,NC
2023-11-04,nev,haw,14,27,-170.0,140.0,-3.5,3.5,-105.0,-115.0,-4.0,4.0,50.0,,11,espn-core,-195.0,160.0,0,1,17,17,Reno,NV
2023-11-04,nmsu,mtsu,13,7,-160.0,135.0,-3.0,3.0,-111.0,-110.0,-3.0,3.0,55.5,,11,espn-core,-159.0,135.0,0,1,12,12,Las Cruces,NM
2023-11-04,nu,iowa,7,10,170.0,-205.0,5.0,-5.0,-110.0,-110.0,6.0,-6.0,31.5,,11,espn-core,185.0,-225.0,1,1,5,5,Chicago,IL
2023-11-04,odu,ccu,24,28,-120.0,-102.0,-1.0,1.0,-110.0,-110.0,2.0,-2.0,51.5,,11,espn-core,108.0,-130.0,0,1,37,37,Norfolk,VA
2023-11-04,okst,ou,27,24,185.0,-235.0,6.0,-6.0,-110.0,-110.0,6.5,-6.5,62.0,,11,espn-core,195.0,-240.0,0,1,4,4,Stillwater,OK
2023-11-04,ore,cal,63,19,-5000.0,1515.0,-26.5,26.5,-110.0,-110.0,-23.5,23.5,61.0,,11,espn-core,-2439.0,1100.0,0,1,9,9,Eugene,OR
2023-11-04,pitt,fsu,7,24,850.0,-1600.0,20.5,-20.5,-110.0,-110.0,,,49.5,,11,espn-core,950.0,-2000.0,0,1,1,1,Pittsburgh,PA
2023-11-04,rice,smu,31,36,355.0,-500.0,12.5,-12.5,-110.0,-110.0,10.5,-10.5,58.5,,11,espn-core,345.0,-455.0,0,1,151,151,Houston,TX
2023-11-04,rutg,osu,16,35,700.0,-1205.0,19.0,-19.0,-110.0,-110.0,18.5,-18.5,44.0,,7,espn-core,700.0,-1250.0,0,1,5,5,Piscataway,NJ
2023-11-04,sc,jvst,38,28,-654.0,470.0,-14.0,14.0,-110.0,-110.0,-15.0,15.0,55.0,,11,espn-core,-625.0,445.0,0,0,8,12,Columbia,SC
2023-11-04,sdst,ndsu,33,16,-646.0,442.5,-14.0,14.0,-110.0,-111.5,-13.75,13.75,50.75,,10,espn-core,-646.0,432.5,0,1,21,21,Brookings,SD
2023-11-04,sdsu,usu,24,32,112.0,-135.0,2.5,-2.5,-110.0,-110.0,1.5,-1.5,56.0,,11,espn-core,114.0,-135.0,0,1,17,17,San Diego,CA
2023-11-04,shsu,kenn,24,21,,,-16.5,16.5,-110.0,-110.0,-17.5,17.5,41.5,,1,espn-core,,,0,0,12,32,Huntsville,TX
2023-11-04,tem,navy,32,18,210.0,-265.0,6.5,-6.5,-110.0,-110.0,7.5,-7.5,46.5,,11,espn-core,230.0,-300.0,0,1,151,151,Philadelphia,PA
2023-11-04,tenn,conn,59,3,-10000.0,3300.0,-35.0,35.0,-110.0,-110.0,-34.5,34.5,55.0,,11,espn-core,-10000.0,3300.0,0,0,8,18,Knoxville,TN
2023-11-04,tex,ksu,33,30,-175.0,140.0,-3.5,3.5,-110.0,-110.0,-5.25,5.25,50.0,,11,espn-core,-210.0,170.0,0,1,4,4,Austin,TX
2023-11-04,tlsa,clt,26,33,-190.0,160.0,-4.0,4.0,-110.0,-110.0,-3.0,3.0,48.0,,11,espn-core,-185.0,150.0,0,1,151,151,Tulsa,OK
2023-11-04,txst,gaso,45,24,-135.0,114.0,-2.5,2.5,-110.0,-110.0,2.0,-2.0,69.0,,11,espn-core,110.0,-130.0,0,1,37,37,San Marcos,TX
2023-11-04,uab,fau,45,42,-110.0,-110.0,,,-110.0,-110.0,2.5,-2.5,59.0,,11,espn-core,114.0,-135.0,0,1,151,151,Birmingham,AL
2023-11-04,uga,miz,30,21,-654.0,455.0,-14.0,14.0,-110.0,-110.0,-16.5,16.5,55.0,,11,espn-core,-800.0,550.0,0,1,8,8,Athens,GA
2023-11-04,unc,cam,59,7,,,-38.5,38.5,-110.0,-110.0,-38.5,38.5,68.5,,11,espn-core,,,0,0,1,48,Chapel Hill,NC
2023-11-04,unm,unlv,14,56,470.0,-675.0,14.5,-14.5,-110.0,-110.0,11.0,-11.0,57.5,,11,espn-core,315.0,-420.0,0,1,17,17,Albuquerque,NM
2023-11-04,unt,utsa,29,37,250.0,-313.0,8.0,-8.0,-110.0,-110.0,7.0,-7.0,70.0,,11,espn-core,235.0,-310.0,0,1,151,151,Denton,TX
2023-11-04,usc,wash,42,52,118.0,-143.0,3.0,-3.0,-115.0,-105.0,3.5,-3.5,75.5,,11,espn-core,143.0,-175.0,0,1,9,9,Los Angeles,CA
2023-11-04,usm,ulm,24,7,-154.0,127.0,-3.0,3.0,-110.0,-110.0,-2.0,2.0,55.5,,11,espn-core,-137.0,115.0,0,1,37,37,Hattiesburg,MS
2023-11-04,utah,asu,55,3,-400.0,310.0,-10.0,10.0,-110.0,-110.0,-12.0,12.0,39.0,,11,espn-core,-435.0,325.0,0,1,9,9,Salt Lake City,UT
2023-11-04,utep,wku,13,21,285.0,-385.0,9.5,-9.5,-110.0,-110.0,11.0,-11.0,54.0,,11,espn-core,320.0,-420.0,0,1,12,12,El Paso,TX
2023-11-04,uva,gt,17,45,-115.0,-105.0,-1.0,1.0,-110.0,-110.0,,,56.5,,11,espn-core,-135.0,110.0,0,1,1,1,Charlottesville,VA
2023-11-04,van,aub,15,31,360.0,-525.0,12.5,-12.5,-110.0,-110.0,13.0,-13.0,49.5,,11,espn-core,380.0,-535.0,0,1,8,8,Nashville,TN
2023-11-04,wsu,stan,7,10,-600.0,425.0,-14.0,14.0,-110.0,-110.0,-13.0,13.0,58.0,,11,espn-core,-600.0,425.0,0,1,9,9,Pullman,WA
2023-11-04,wvu,byu,37,7,-526.0,380.0,-12.5,12.5,-110.0,-110.0,-8.0,8.0,48.5,,11,espn-core,-370.0,285.0,0,1,4,4,Morgantown,WV
2023-11-07,buff,ohio,10,20,270.0,-350.0,9.0,-9.0,-105.0,-115.0,7.0,-7.0,45.0,,11,espn-core,220.0,-275.0,0,1,15,15,Buffalo,NY
2023-11-07,niu,ball,17,20,-350.0,270.0,-9.0,9.0,-110.0,-110.0,-10.0,10.0,43.5,,11,espn-core,-375.0,280.0,0,1,15,15,Dekalb,IL
2023-11-07,wmu,cmu,38,28,-160.0,130.0,-3.0,3.0,-115.0,-105.0,-3.5,3.5,58.0,,11,espn-core,-180.0,150.0,0,1,15,15,Kalamazoo,MI
2023-11-08,kent,bgsu,19,49,325.0,-430.0,11.0,-11.0,-110.0,-110.0,8.5,-8.5,41.5,,11,espn-core,270.0,-340.0,0,1,15,15,Kent,OH
2023-11-08,m-oh,akr,19,0,-901.0,600.0,-17.0,17.0,-110.0,-110.0,-16.5,16.5,37.5,,11,espn-core,-901.0,600.0,0,1,15,15,Oxford,OH
2023-11-08,tol,emu,49,23,-1200.0,700.0,-20.0,20.0,-110.0,-110.0,-18.5,18.5,45.0,,11,espn-core,-1100.0,650.0,0,1,15,15,Toledo,OH
2023-11-09,lou,uva,31,24,-1429.0,800.0,-20.5,20.5,-110.0,-110.0,-20.0,20.0,50.0,,11,espn-core,-1400.0,750.0,0,1,1,1,Louisville,KY
2023-11-09,ul,usm,31,34,-311.0,250.0,-7.5,7.5,-110.0,-110.0,-12.0,12.0,52.5,,11,espn-core,-500.0,360.0,0,1,37,37,Lafayette,LA
2023-11-10,smu,unt,45,21,-1400.0,800.0,-20.0,20.0,-110.0,-110.0,-15.5,15.5,67.0,,11,espn-core,-833.0,550.0,0,1,151,151,Dallas,TX
2023-11-10,unlv,wyo,34,14,-154.0,128.0,-3.0,3.0,-110.0,-110.0,-3.5,3.5,48.5,,11,espn-core,-200.0,165.0,0,1,17,17,Las Vegas,NV
2023-11-11,ark,aub,10,48,-135.0,110.0,-2.5,2.5,-110.0,-110.0,-3.0,3.0,47.0,,11,espn-core,-159.0,130.0,0,1,8,8,Fayetteville,AR
2023-11-11,army,hc,17,14,-450.0,321.5,-11.5,11.5,-110.0,-110.0,-11.5,11.5,55.5,,8,espn-core,-450.0,325.0,0,0,18,27,West Point,NY
2023-11-11,bc,vt,22,48,120.0,-145.0,2.5,-2.5,-105.0,-115.0,-2.5,2.5,47.5,,11,espn-core,-135.0,114.0,0,1,1,1,Chestnut Hill,MA
2023-11-11,bois,unm,42,14,-5000.0,1600.0,-27.5,27.5,-110.0,-110.0,-26.0,26.0,59.0,,11,espn-core,-4500.0,1400.0,0,1,17,17,Boise,ID
2023-11-11,byu,isu,13,45,240.0,-305.0,7.5,-7.5,-110.0,-110.0,7.0,-7.0,41.0,,11,espn-core,220.0,-278.0,0,1,4,4,Provo,UT
2023-11-11,cal,wsu,42,39,-130.0,110.0,-2.0,2.0,-110.0,-110.0,,,60.0,,11,espn-core,-115.0,-105.0,0,1,9,9,Berkeley,CA
2023-11-11,cam,del,7,45,297.5,-387.5,11.0,-11.0,-110.0,-110.0,11.0,-11.0,62.5,,11,espn-core,277.5,-358.5,0,1,48,48,Buies Creek,NC
2023-11-11,ccu,txst,31,23,115.0,-136.5,2.5,-2.5,-110.0,-110.0,-1.25,1.25,55.0,,10,espn-core,-125.0,,0,1,37,37,Conway,SC
2023-11-11,clem,gt,42,21,-654.0,460.0,-14.5,14.5,-110.0,-110.0,-14.5,14.5,54.5,,11,espn-core,-700.0,500.0,0,1,1,1,Clemson,SC
2023-11-11,clt,mem,38,44,295.0,-385.0,10.0,-10.0,-110.0,-110.0,11.0,-11.0,51.5,,11,espn-core,350.0,-455.0,0,1,151,151,Charlotte,NC
2023-11-11,colo,ariz,31,34,260.0,-333.0,8.0,-8.0,-110.0,-110.0,9.5,-9.5,55.5,,11,espn-core,300.0,-385.0,0,1,9,9,Boulder,CO
2023-11-11,csu,sdsu,22,19,-179.0,150.0,-3.5,3.5,-110.0,-110.0,-4.0,4.0,47.0,,11,espn-core,-198.0,164.0,0,1,17,17,Fort Collins,CO
2023-11-11,fau,ecu,7,22,-320.0,250.0,-7.5,7.5,-110.0,-110.0,-10.0,10.0,44.5,,11,espn-core,-365.0,285.0,0,1,151,151,Boca Raton,FL
2023-11-11,fsu,mia,27,20,-700.0,485.0,-14.5,14.5,-110.0,-110.0,-15.0,15.0,50.5,,11,espn-core,-650.0,450.0,0,1,1,1,Tallahassee,FL
2023-11-11,gast,app,14,42,-145.0,122.0,-3.0,3.0,-105.0,-115.0,-2.0,2.0,62.5,,11,espn-core,-135.0,110.0,0,1,37,37,Atlanta,GA
2023-11-11,haw,afa,27,13,700.0,-1205.0,20.0,-20.0,-110.0,-110.0,19.0,-19.0,46.5,,11,espn-core,700.0,-1200.0,0,1,17,17,Honolulu,HI
2023-11-11,hou,cin,14,24,-159.0,135.0,-3.0,3.0,-110.0,-110.0,-2.0,2.0,53.5,,11,espn-core,-130.0,110.0,0,1,4,4,Houston,TX
2023-11-11,ill,iu,48,45,-195.0,162.0,-4.5,4.5,-110.0,-110.0,-6.0,6.0,44.0,,11,espn-core,-250.0,205.0,0,1,5,5,Champaign,IL
2023-11-11,iowa,rutg,22,0,-120.0,100.0,-1.5,1.5,-110.0,-110.0,-2.5,2.5,27.5,,7,espn-core,-130.0,110.0,0,1,5,5,Iowa City,IA
2023-11-11,jmu,conn,44,6,-3571.0,1400.0,-25.5,25.5,-110.0,-110.0,-27.0,27.0,48.0,,11,espn-core,-4500.0,1500.0,0,0,37,18,Harrisonburg,VA
2023-11-11,kenn,uval,63,3,,,,,,,,,,,0,espn-core,,,0,0,32,,Kennesaw,GA
2023-11-11,ksu,bay,59,25,-1700.0,900.0,-21.0,21.0,-110.0,-110.0,-20.5,20.5,55.0,,11,espn-core,-1400.0,750.0,0,1,4,4,Manhattan,KS
2023-11-11,ku,ttu,13,16,-190.0,155.0,-3.5,3.5,-110.0,-110.0,-3.5,3.5,63.0,,11,espn-core,-190.0,158.0,0,1,4,4,Lawrence,KS
2023-11-11,lib,odu,38,10,-625.0,425.0,-14.0,14.0,-110.0,-110.0,-13.5,13.5,60.0,,11,espn-core,-600.0,425.0,0,0,12,37,Lynchburg,VA
2023-11-11,lsu,fla,52,35,-752.0,500.0,-16.5,16.5,-110.0,-110.0,-13.5,13.5,68.0,,11,espn-core,-600.0,430.0,0,1,8,8,Baton Rouge,LA
2023-11-11,lt,shsu,27,42,-302.5,240.0,-7.5,7.5,-110.0,-110.0,-8.0,8.0,49.0,,10,espn-core,-345.0,270.0,0,1,12,12,Ruston,LA
2023-11-11,miz,tenn,36,7,110.0,-130.0,2.0,-2.0,-112.5,-109.0,1.0,-1.0,59.0,,10,espn-core,-105.0,-115.0,0,1,8,8,Columbia,MO
2023-11-11,most,uni,35,16,220.0,-278.0,6.5,-6.5,-108.0,-120.0,6.5,-6.5,57.5,,11,espn-core,208.0,-278.0,0,1,21,21,Springfield,MO
2023-11-11,mrsh,gaso,38,33,105.0,-125.0,1.5,-1.5,-110.0,-110.0,1.5,-1.5,56.5,,11,espn-core,110.0,-130.0,0,1,37,37,Huntington,WV
2023-11-11,mtsu,fiu,40,6,-426.0,325.0,-10.5,10.5,-110.0,-110.0,-11.0,11.0,52.0,,11,espn-core,-500.0,360.0,0,1,12,12,Murfreesboro,TN
2023-11-11,navy,uab,31,6,125.0,-150.0,2.5,-2.5,-105.0,-115.0,4.5,-4.5,51.5,,11,espn-core,165.0,-200.0,0,1,151,151,Annapolis,MD
2023-11-11,ndsu,siu,34,10,-335.0,260.0,-7.5,7.5,-110.0,-110.0,-8.0,8.0,46.5,,11,espn-core,-335.0,260.0,0,1,21,21,Fargo,ND
2023-11-11,neb,md,10,13,110.0,-130.0,2.0,-2.0,-110.0,-110.0,1.5,-1.5,42.5,,11,espn-core,105.0,-128.0,0,1,5,5,Lincoln,NE
2023-11-11,ore,usc,36,27,-800.0,545.0,-16.5,16.5,-110.0,-110.0,-14.5,14.5,78.0,,11,espn-core,-800.0,550.0,0,1,9,9,Eugene,OR
2023-11-11,orst,stan,62,17,-1600.0,900.0,-21.5,21.5,-110.0,-110.0,-21.0,21.0,51.5,,11,espn-core,-1724.0,950.0,0,1,9,9,Corvallis,OR
2023-11-11,osu,msu,38,3,-10000.0,2500.0,-32.5,32.5,-110.0,-110.0,-30.5,30.5,48.5,,12,espn-core,-9000.0,2000.0,0,1,5,5,Columbus,OH
2023-11-11,ou,wvu,59,20,-500.0,370.0,-13.0,13.0,-110.0,-110.0,-12.5,12.5,60.0,,11,espn-core,-552.0,400.0,0,1,4,4,Norman,OK
2023-11-11,psu,mich,15,24,170.0,-210.0,4.5,-4.5,-110.0,-110.0,4.75,-4.75,44.5,,12,espn-core,180.0,-220.0,0,1,5,5,University Park,PA
2023-11-11,pur,minn,49,30,110.0,-130.0,2.0,-2.0,-105.0,-115.0,,,48.0,,11,espn-core,-110.0,-110.0,0,1,5,5,West Lafayette,IN
2023-11-11,sac,cp,41,30,-3333.0,1400.0,-30.0,30.0,-110.0,-110.0,-30.0,30.0,60.5,,10,espn-core,-3333.0,1400.0,0,1,20,20,Sacramento,CA
2023-11-11,sc,van,47,6,-588.0,420.0,-13.5,13.5,-110.0,-110.0,-14.5,14.5,54.0,,11,espn-core,-700.0,485.0,0,1,8,8,Columbia,SC
2023-11-11,sjsu,fres,42,18,-130.0,110.0,-2.0,2.0,-110.0,-110.0,1.0,-1.0,52.0,,11,espn-core,100.0,-120.0,0,1,17,17,San Jose,CA
2023-11-11,syr,pitt,28,13,139.0,-165.5,3.5,-3.5,-113.5,-107.5,,,38.0,,10,espn-core,,-125.0,1,1,1,1,Bronx,NY
2023-11-11,ta&m,msst,51,10,-900.0,575.0,-16.5,16.5,-110.0,-110.0,-18.5,18.5,40.0,,11,espn-core,-1000.0,625.0,0,1,8,8,College Station,TX
2023-11-11,tcu,tex,26,29,375.0,-500.0,13.0,-13.0,-110.0,-110.0,10.0,-10.0,56.0,,11,espn-core,320.0,-426.0,0,1,4,4,Fort Worth,TX
2023-11-11,tuln,tlsa,24,22,-2800.0,1200.0,-24.5,24.5,-110.0,-110.0,-22.5,22.5,53.0,,11,espn-core,-2000.0,1050.0,0,1,151,151,New Orleans,LA
2023-11-11,ucf,okst,45,3,115.0,-135.0,2.5,-2.5,-110.0,-110.0,2.5,-2.5,64.0,,11,espn-core,114.0,-135.0,0,1,4,4,Orlando,FL
2023-11-11,ucla,asu,7,17,-654.0,450.0,-14.0,14.0,-110.0,-110.0,-16.5,16.5,45.5,,11,espn-core,-900.0,550.0,0,1,9,9,Pasadena,CA
2023-11-11,uga,miss,52,17,-450.0,335.0,-11.0,11.0,-110.0,-110.0,-11.0,11.0,58.5,,11,espn-core,-480.0,360.0,0,1,8,8,Athens,GA
2023-11-11,uk,ala,21,49,340.0,-455.0,11.0,-11.0,-110.0,-110.0,11.0,-11.0,47.0,,11,espn-core,335.0,-440.0,0,1,8,8,Lexington,KY
2023-11-11,ulm,troy,14,45,950.0,-2000.0,21.5,-21.5,-110.0,-110.0,21.0,-21.0,45.5,,11,espn-core,850.0,-1604.0,0,1,37,37,Monroe,LA
2023-11-11,unc,duke,47,45,-400.0,320.0,-10.0,10.0,-110.0,-110.0,-10.75,10.75,53.0,,11,espn-core,-450.0,335.0,0,1,1,1,Chapel Hill,NC
2023-11-11,usa,arst,21,14,-602.0,430.0,-14.0,14.0,-110.0,-110.0,-11.0,11.0,55.0,,11,espn-core,-480.0,360.0,0,1,37,37,Mobile,AL
2023-11-11,usf,tem,27,23,-286.0,230.0,-7.0,7.0,-110.0,-110.0,-8.0,8.0,70.0,,11,espn-core,-335.0,255.0,0,1,151,151,Tampa,FL
2023-11-11,usu,nev,41,24,-700.0,472.5,-15.0,15.0,-110.0,-110.0,-16.0,16.0,54.5,,10,espn-core,-816.5,550.0,0,1,17,17,Logan,UT
2023-11-11,utsa,rice,34,14,-588.0,425.0,-13.5,13.5,-110.0,-110.0,-12.5,12.5,55.0,,11,espn-core,-560.0,410.0,0,1,151,151,San Antonio,TX
2023-11-11,wake,ncsu,6,26,100.0,-125.0,1.5,-1.5,-110.0,-110.0,2.5,-2.5,42.5,,11,espn-core,115.0,-135.0,0,1,1,1,Winston-Salem,NC
2023-11-11,wash,utah,35,28,-370.0,280.0,-9.0,9.0,-110.0,-110.0,-9.5,9.5,49.0,,11,espn-core,-360.0,275.0,0,1,9,9,Seattle,WA
2023-11-11,wis,nu,10,24,-450.0,340.0,-12.0,12.0,-110.0,-110.0,-11.5,11.5,43.5,,11,espn-core,-455.0,345.0,0,1,5,5,Madison,WI
2023-11-11,wku,nmsu,29,38,-205.0,170.0,-4.5,4.5,-110.0,-110.0,-5.5,5.5,54.0,,10,espn-core,-220.0,179.5,0,1,12,12,Bowling Green,KY
2023-11-14,bgsu,tol,31,32,290.0,-370.0,9.5,-9.5,-110.0,-110.0,10.5,-10.5,49.5,,11,espn-core,310.0,-400.0,0,1,15,15,Bowling Green,OH
2023-11-14,emu,akr,30,27,-165.0,140.0,-3.5,3.5,-110.0,-110.0,-4.5,4.5,39.5,,11,espn-core,-220.0,175.0,0,1,15,15,Ypsilanti,MI
2023-11-14,niu,wmu,24,0,-200.0,165.0,-4.5,4.5,-110.0,-110.0,-3.0,3.0,57.0,,11,espn-core,-190.0,146.0,0,1,15,15,Dekalb,IL
2023-11-15,m-oh,buff,23,10,-335.0,250.0,-7.5,7.5,-110.0,-110.0,-9.0,9.0,37.0,,11,espn-core,-350.0,275.0,0,1,15,15,Oxford,OH
2023-11-15,ohio,cmu,34,20,-450.0,350.0,-10.5,10.5,-110.0,-110.0,-8.5,8.5,49.5,,11,espn-core,-355.0,275.0,0,1,15,15,Athens,OH
2023-11-16,pitt,bc,24,16,-130.0,107.5,-2.5,2.5,-110.0,-110.0,,,46.5,,10,espn-core,-122.5,101.0,0,1,1,1,Pittsburgh,PA
2023-11-17,utsa,usf,49,21,-700.0,480.0,-14.5,14.5,-110.0,-110.0,-16.0,16.0,66.5,,11,espn-core,-800.0,550.0,0,1,151,151,San Antonio,TX
2023-11-17,wsu,colo,56,14,-196.0,155.0,-4.0,4.0,-110.0,-110.0,-5.0,5.0,59.5,,11,espn-core,-205.0,170.0,0,1,9,9,Pullman,WA
2023-11-18,afa,unlv,27,31,-150.0,125.0,-3.0,3.0,-110.0,-110.0,-3.5,3.5,47.0,,11,espn-core,-182.0,150.0,0,1,17,17,USAF Academy,CO
2023-11-18,ala,utc,66,10,,,-44.5,44.5,-110.0,-110.0,-43.5,43.5,54.5,,11,espn-core,,,0,0,8,29,Tuscaloosa,AL
2023-11-18,ariz,utah,42,18,-141.0,120.0,-2.5,2.5,-110.0,-110.0,,,47.0,,11,espn-core,-110.0,-110.0,0,1,9,9,Tucson,AZ
2023-11-18,ark,fiu,44,20,-4500.0,1800.0,-26.5,26.5,-110.0,-110.0,-31.0,31.0,50.0,,11,espn-core,-10000.0,2750.0,0,0,8,12,Fayetteville,AR
2023-11-18,army,ccu,28,21,-105.0,-119.0,1.0,-1.0,-111.0,-109.0,5.5,-5.5,40.5,,11,espn-core,180.0,-218.0,0,0,18,37,West Point,NY
2023-11-18,arst,txst,77,31,132.5,-159.5,3.0,-3.0,-110.0,-110.0,3.5,-3.5,59.5,,10,espn-core,147.5,-180.0,0,1,37,37,Jonesboro,AR
2023-11-18,asu,ore,13,49,1200.0,-2500.0,24.5,-24.5,-110.0,-110.0,22.5,-22.5,53.5,,11,espn-core,1000.0,-2000.0,0,1,9,9,Tempe,AZ
2023-11-18,aub,nmsu,10,31,-3500.0,1400.0,-25.0,25.0,-110.0,-110.0,-22.0,22.0,48.0,,11,espn-core,-3000.0,1250.0,0,0,8,12,Auburn,AL
2023-11-18,ball,kent,34,3,-450.0,333.0,-11.0,11.0,-110.0,-110.0,-12.0,12.0,42.5,,11,espn-core,-500.0,365.0,0,1,15,15,Muncie,IN
2023-11-18,byu,ou,24,31,1200.0,-3333.0,25.5,-25.5,-110.0,-110.0,24.0,-24.0,58.5,,11,espn-core,1200.0,-2800.0,0,1,4,4,Provo,UT
2023-11-18,clem,unc,31,20,-314.0,250.0,-7.5,7.5,-110.0,-110.0,-7.0,7.0,59.5,,11,espn-core,-270.0,215.0,0,1,1,1,Clemson,SC
2023-11-18,clt,rice,7,28,-110.0,-110.0,,,-110.0,-110.0,1.5,-1.5,46.5,,11,espn-core,105.0,-125.0,0,1,151,151,Charlotte,NC
2023-11-18,conn,shu,31,3,-9000.0,2500.0,-25.0,25.0,-110.0,-110.0,-24.5,24.5,41.0,,11,espn-core,-6500.0,2000.0,0,0,18,25,East Hartford,CT
2023-11-18,csu,nev,30,20,-500.0,375.0,-12.0,12.0,-110.0,-110.0,-11.0,11.0,45.0,,11,espn-core,-455.0,335.0,0,1,17,17,Fort Collins,CO
2023-11-18,del,vill,7,35,-125.0,105.0,-1.5,1.5,,,-1.5,1.5,47.5,,11,espn-core,-129.0,105.0,0,1,48,48,Newark,DE
2023-11-18,fau,tuln,8,24,275.0,-351.0,9.0,-9.0,-110.0,-110.0,9.5,-9.5,47.0,,11,espn-core,285.0,-365.0,0,1,151,151,Boca Raton,FL
2023-11-18,fres,unm,17,25,-2000.0,950.0,-22.0,22.0,-110.0,-110.0,-24.0,24.0,58.0,,11,espn-core,-2400.0,1150.0,0,1,17,17,Fresno,CA
2023-11-18,fsu,una,58,13,,,-47.5,47.5,-110.0,-110.0,-48.5,48.5,61.5,,10,espn-core,,,0,0,1,177,Tallahassee,FL
2023-11-18,gaso,odu,17,20,-220.0,180.0,-5.5,5.5,-110.0,-110.0,-7.0,7.0,62.5,,11,espn-core,-285.0,220.0,0,1,37,37,Statesboro,GA
2023-11-18,gt,syr,31,22,-235.0,185.0,-6.0,6.0,-110.0,-110.0,-6.0,6.0,51.5,,11,espn-core,-238.0,190.0,0,1,1,1,Atlanta,GA
2023-11-18,hou,okst,30,43,200.0,-250.0,6.5,-6.5,-110.0,-110.0,7.5,-7.5,57.5,,11,espn-core,230.0,-292.0,0,1,4,4,Houston,TX
2023-11-18,iowa,ill,15,13,-154.0,130.0,-3.0,3.0,-110.0,-110.0,-4.0,4.0,33.5,,11,espn-core,-178.0,150.0,0,1,5,5,Iowa City,IA
2023-11-18,isu,tex,16,26,230.0,-291.0,7.0,-7.0,-110.0,-110.0,9.0,-9.0,44.5,,11,espn-core,260.0,-335.0,0,1,4,4,Ames,IA
2023-11-18,iu,msu,21,24,-178.0,145.0,-3.5,3.5,-110.0,-110.0,,,47.0,,11,espn-core,-198.0,164.0,0,1,5,5,Bloomington,IN
2023-11-18,jmu,app,23,26,-400.0,310.0,-10.0,10.0,-110.5,-110.0,-12.0,12.0,56.5,,10,espn-core,-455.0,347.5,0,1,37,37,Harrisonburg,VA
2023-11-18,jvst,lt,56,17,-355.0,280.0,-10.0,10.0,-110.0,-110.0,-8.5,8.5,54.5,,11,espn-core,-350.0,270.0,0,1,12,12,Jacksonville,AL
2023-11-18,ku,ksu,27,31,221.0,-278.0,7.0,-7.0,-110.0,-110.0,7.75,-7.75,60.0,,12,espn-core,250.0,-320.0,0,1,4,4,Lawrence,KS
2023-11-18,lib,mass,49,25,-4750.0,1475.0,-26.5,26.5,-110.0,-110.0,-27.5,27.5,64.0,,11,espn-core,-7000.0,1625.0,0,0,12,18,Lynchburg,VA
2023-11-18,lsu,gast,56,14,-10000.0,2500.0,-32.5,32.5,-111.0,-110.0,-31.0,31.0,74.0,,11,espn-core,-8000.0,1800.0,0,0,8,37,Baton Rouge,LA
2023-11-18,md,mich,24,31,650.0,-1115.0,18.0,-18.0,-110.0,-110.0,21.0,-21.0,51.0,,11,espn-core,850.0,-2000.0,0,1,5,5,College Park,MD
2023-11-18,mem,smu,34,38,280.0,-360.0,9.5,-9.5,-110.0,-110.0,7.5,-7.5,64.0,,11,espn-core,235.0,-292.0,0,1,151,151,Memphis,TN
2023-11-18,mia,lou,31,38,-110.0,-110.0,,,-110.0,-110.0,1.75,-1.75,46.0,,11,espn-core,100.0,-122.0,0,1,1,1,Miami Gardens,FL
2023-11-18,miss,ulm,35,3,-20000.0,4000.0,-36.5,36.5,-110.0,-110.0,-36.0,36.0,61.5,,11,espn-core,-20000.0,4000.0,0,0,8,37,Oxford,MS
2023-11-18,miz,fla,33,31,-480.0,360.0,-12.5,12.5,-110.0,-110.0,-11.0,11.0,56.0,,11,espn-core,-430.0,328.0,0,1,8,8,Columbia,MO
2023-11-18,msst,usm,41,20,-901.0,600.0,,,-110.0,-110.0,-13.5,13.5,48.0,,12,espn-core,-556.0,400.0,0,0,8,37,Starkville,MS
2023-11-18,mtsu,utep,34,30,-335.0,260.0,-8.5,8.5,-110.0,-110.0,-7.5,7.5,48.0,,11,espn-core,-320.0,250.0,0,1,12,12,Murfreesboro,TN
2023-11-18,navy,ecu,10,0,-140.0,115.0,-2.5,2.5,-111.0,-110.0,-3.0,3.0,30.5,,11,espn-core,-145.0,122.0,0,1,151,151,Annapolis,MD
2023-11-18,nd,wake,45,7,-3500.0,1350.0,-24.0,24.0,-110.0,-110.0,-24.5,24.5,47.5,,11,espn-core,-4000.0,1450.0,0,0,18,1,Notre Dame,IN
2023-11-18,nu,pur,23,15,-135.0,114.0,-2.5,2.5,-112.0,-109.0,,,47.5,,11,espn-core,-115.0,-105.0,0,1,5,5,Evanston,IL
2023-11-18,orst,wash,20,22,-120.0,-102.0,-1.5,1.5,-110.0,-110.0,,,62.5,,11,espn-core,-110.0,-110.0,0,1,9,9,Corvallis,OR
2023-11-18,osu,minn,37,3,-7002.0,1800.0,-27.5,27.5,-110.0,-110.0,-28.0,28.0,51.5,,11,espn-core,-6000.0,1750.0,0,1,5,5,Columbus,OH
2023-11-18,psu,rutg,27,6,-1408.0,800.0,-19.5,19.5,-110.0,-110.0,-19.5,19.5,40.0,,7,espn-core,-1667.0,800.0,0,1,5,5,University Park,PA
2023-11-18,sc,uk,17,14,-130.0,110.0,-2.0,2.0,-110.0,-110.0,2.0,-2.0,52.0,,11,espn-core,105.0,-125.0,0,1,8,8,Columbia,SC
2023-11-18,sdst,most,35,17,-3333.0,1400.0,-27.5,27.5,,,-27.5,27.5,55.5,,10,espn-core,-3333.0,1200.0,0,1,21,21,Brookings,SD
2023-11-18,sjsu,sdsu,24,13,-800.0,530.0,-16.0,16.0,-110.0,-110.0,-14.0,14.0,48.0,,11,espn-core,-654.0,450.0,0,1,17,17,San Jose,CA
2023-11-18,stan,cal,15,27,210.0,-265.0,6.5,-6.5,-110.0,-110.0,4.5,-4.5,52.5,,11,espn-core,192.0,-244.0,0,1,9,9,Stanford,CA
2023-11-18,ta&m,acu,38,10,,,-41.5,41.5,-110.0,-110.0,-41.5,41.5,54.0,,11,espn-core,,,0,0,8,177,College Station,TX
2023-11-18,tcu,bay,42,17,-552.0,400.0,-13.0,13.0,-110.0,-110.0,-12.5,12.5,61.0,,11,espn-core,-560.0,400.0,0,1,4,4,Fort Worth,TX
2023-11-18,tenn,uga,10,38,280.0,-365.0,9.0,-9.0,-110.0,-110.0,10.0,-10.0,59.0,,12,espn-core,300.0,-395.0,0,1,8,8,Knoxville,TN
2023-11-18,tlsa,unt,28,35,110.0,-130.0,2.0,-2.0,-110.0,-110.0,3.0,-3.0,69.0,,11,espn-core,115.0,-140.0,0,1,151,151,Tulsa,OK
2023-11-18,troy,ul,31,24,-769.0,520.0,-16.0,16.0,-110.0,-110.0,-14.5,14.5,47.5,,11,espn-core,-800.0,550.0,0,1,37,37,Troy,AL
2023-11-18,ttu,ucf,24,23,-130.0,107.5,-2.0,2.0,-110.0,-110.0,-3.0,3.0,59.0,,10,espn-core,-160.0,132.5,0,1,4,4,Lubbock,TX
2023-11-18,uab,tem,34,24,-306.0,245.0,-7.5,7.5,,,-7.5,7.5,61.5,,11,espn-core,-303.0,240.0,0,1,151,151,Birmingham,AL
2023-11-18,ucd,sac,31,21,-111.0,-108.0,-2.5,2.5,,,,,53.5,,8,espn-core,-105.0,-115.0,0,1,20,20,Davis,CA
2023-11-18,uni,ndsu,27,48,250.0,-320.0,7.0,-7.0,105.0,-125.0,7.0,-7.0,51.5,,11,espn-core,245.0,-310.0,0,1,21,21,Cedar Falls,IA
2023-11-18,usa,mrsh,28,0,-400.0,300.0,-10.0,10.0,-110.0,-110.0,-8.5,8.5,45.5,,11,espn-core,-385.0,290.0,0,1,37,37,Mobile,AL
2023-11-18,usc,ucla,20,38,-210.0,175.0,-5.0,5.0,-110.0,-110.0,-6.0,6.0,63.0,,11,espn-core,-250.0,205.0,0,1,9,9,Los Angeles,CA
2023-11-18,usu,bois,10,45,170.0,-204.0,4.5,-4.5,-110.0,-110.0,3.5,-3.5,63.5,,11,espn-core,150.0,-182.0,0,1,17,17,Logan,UT
2023-11-18,uva,duke,30,27,127.5,-152.0,3.0,-3.0,-112.5,-107.5,4.0,-4.0,46.0,,10,espn-core,155.0,-189.5,0,1,1,1,Charlottesville,VA
2023-11-18,vt,ncsu,28,35,-135.0,110.0,-2.5,2.5,-110.0,-110.0,-3.0,3.0,41.0,,11,espn-core,-160.0,135.0,0,1,1,1,Blacksburg,VA
2023-11-18,wis,neb,24,17,-275.0,225.0,-7.0,7.0,-110.0,-110.0,-5.0,5.0,36.5,,11,espn-core,-233.0,184.0,0,1,5,5,Madison,WI
2023-11-18,wku,shsu,28,23,-395.5,300.0,-10.0,10.0,-108.5,-112.0,-13.0,13.0,52.5,,10,espn-core,-551.0,400.0,0,1,12,12,Bowling Green,KY
2023-11-18,wvu,cin,42,21,-208.0,170.0,-5.0,5.0,-110.0,-110.0,-6.5,6.5,52.5,,11,espn-core,-267.0,215.0,0,1,4,4,Morgantown,WV
2023-11-18,wyo,haw,42,9,-552.0,410.0,-13.5,13.5,-110.0,-110.0,-14.5,14.5,45.0,,11,espn-core,-650.0,450.0,0,1,17,17,Laramie,WY
2023-11-21,buff,emu,11,24,-227.0,185.0,-5.5,5.5,-110.0,-110.0,-6.5,6.5,37.5,,11,espn-core,-250.0,200.0,0,1,15,15,Buffalo,NY
2023-11-21,wmu,bgsu,10,34,120.0,-143.0,2.5,-2.5,-105.0,-115.0,1.5,-1.5,51.5,,11,espn-core,102.0,-125.0,0,1,15,15,Kalamazoo,MI
2023-11-23,msst,miss,7,17,300.0,-400.0,10.0,-10.0,-110.0,-110.0,12.5,-12.5,54.5,,11,espn-core,345.0,-455.0,0,1,8,8,Starkville,MS
2023-11-24,akr,ohio,14,25,525.0,-769.0,16.0,-16.0,-109.0,-111.0,14.0,-14.0,41.5,,11,espn-core,425.0,-600.0,0,1,15,15,Akron,OH
2023-11-24,ark,miz,14,48,280.0,-357.0,9.5,-9.5,-110.0,-112.0,7.5,-7.5,54.0,,11,espn-core,235.0,-300.0,0,1,8,8,Fayetteville,AR
2023-11-24,bc,mia,20,45,290.0,-374.0,10.0,-10.0,-110.0,-110.0,8.5,-8.5,49.5,,11,espn-core,270.0,-350.0,0,1,1,1,Chestnut Hill,MA
2023-11-24,bois,afa,27,19,-267.0,210.0,-7.0,7.0,-110.0,-110.0,-6.5,6.5,44.5,,11,espn-core,-250.0,205.0,0,1,17,17,Boise,ID
2023-11-24,cmu,tol,17,32,280.0,-365.0,10.0,-10.0,-110.0,-110.0,12.5,-12.5,54.5,,11,espn-core,345.0,-455.0,0,1,15,15,Mount Pleasant,MI
2023-11-24,msu,psu,0,42,1077.5,-2200.0,22.5,-22.5,-110.0,-110.0,20.0,-20.0,43.0,,10,espn-core,800.0,-1400.0,0,1,5,5,Detroit,MI
2023-11-24,neb,iowa,10,13,-150.0,125.0,-2.5,2.5,-115.0,-105.0,,,25.5,,11,espn-core,-111.0,-115.0,0,1,5,5,Lincoln,NE
2023-11-24,ore,orst,31,7,-600.0,430.0,-14.0,14.0,-110.0,-110.0,-11.5,11.5,61.5,,12,espn-core,-613.5,430.0,0,1,9,9,Eugene,OR
2023-11-24,ou,tcu,69,45,-400.0,315.0,-10.5,10.5,-110.0,-110.0,-12.5,12.5,65.5,,11,espn-core,-480.0,360.0,0,1,4,4,Norman,OK
2023-11-24,tem,mem,21,45,395.0,-550.0,13.5,-13.5,-110.0,-110.0,11.5,-11.5,64.5,,11,espn-core,345.0,-455.0,0,1,151,151,Philadelphia,PA
2023-11-24,tex,ttu,57,7,-702.0,500.0,-15.5,15.5,-110.0,-110.0,-14.0,14.0,53.5,,11,espn-core,-601.0,427.5,0,1,4,4,Austin,TX
2023-11-24,tuln,utsa,29,16,-175.0,143.0,-3.5,3.5,-110.0,-110.0,-2.5,2.5,53.5,,11,espn-core,-155.0,123.0,0,1,151,151,New Orleans,LA
2023-11-24,unm,usu,41,44,170.0,-209.0,4.5,-4.5,-110.0,-110.0,8.5,-8.5,59.0,,10,espn-core,257.5,-335.0,0,1,17,17,Albuquerque,NM
2023-11-25,app,gaso,55,27,-361.0,285.0,-10.0,10.0,-115.0,-105.0,-7.5,7.5,63.0,,11,espn-core,-335.0,260.0,0,1,37,37,Boone,NC
2023-11-25,asu,ariz,23,59,395.0,-550.0,13.5,-13.5,-110.0,-110.0,12.5,-12.5,50.0,,11,espn-core,360.0,-500.0,0,1,9,9,Tempe,AZ
2023-11-25,aub,ala,24,27,425.0,-602.0,13.5,-13.5,-110.0,-110.0,14.5,-14.5,47.5,,11,espn-core,360.0,-554.0,0,1,8,8,Auburn,AL
2023-11-25,ball,m-oh,15,17,150.0,-185.0,3.5,-3.5,-110.0,-110.0,7.0,-7.0,34.5,,11,espn-core,213.0,-280.0,0,1,15,15,Muncie,IN
2023-11-25,bay,wvu,31,34,325.0,-435.0,12.0,-12.0,-110.0,-110.0,6.5,-6.5,54.5,,11,espn-core,202.0,-250.0,0,1,4,4,Waco,TX
2023-11-25,ccu,jmu,14,56,160.0,-200.0,4.0,-4.0,-110.0,-110.0,9.5,-9.5,51.5,,11,espn-core,280.0,-365.0,0,1,37,37,Conway,SC
2023-11-25,cin,ku,16,49,235.0,-300.0,7.5,-7.5,-115.0,-105.0,6.0,-6.0,58.5,,11,espn-core,190.0,-235.0,0,1,4,4,Cincinnati,OH
2023-11-25,del,laf,36,34,-316.5,245.0,-7.0,7.0,,,-7.5,7.5,49.5,,11,espn-core,-317.5,250.0,0,0,48,27,Newark,DE
2023-11-25,duke,pitt,30,19,-205.0,170.0,-4.5,4.5,-110.0,-110.0,-6.5,6.5,41.5,,10,espn-core,-244.5,195.0,0,1,1,1,Durham,NC
2023-11-25,ecu,tlsa,27,29,-160.0,135.0,-3.0,3.0,-110.0,-110.0,-3.0,3.0,43.5,,11,espn-core,-155.0,130.0,0,1,151,151,Greenville,NC
2023-11-25,fiu,wku,28,41,330.0,-440.0,11.0,-11.0,-110.0,-110.0,10.0,-10.0,54.0,,11,espn-core,300.0,-385.0,0,1,12,12,Miami,FL
2023-11-25,fla,fsu,15,24,200.0,-250.0,6.5,-6.5,-106.5,-114.5,8.75,-8.75,49.0,,11,espn-core,222.5,-276.5,0,0,8,1,Gainesville,FL
2023-11-25,gt,uga,23,31,1200.0,-2800.0,24.5,-24.5,-110.0,-110.0,23.0,-23.0,59.5,,11,espn-core,1100.0,-2500.0,0,0,1,8,Atlanta,GA
2023-11-25,haw,csu,27,24,180.0,-222.0,5.5,-5.5,-110.0,-110.0,5.5,-5.5,53.5,,11,espn-core,185.0,-233.0,0,1,17,17,Honolulu,HI
2023-11-25,ill,nu,43,45,-240.0,196.0,-6.0,6.0,-115.0,-105.0,-5.5,5.5,47.0,,11,espn-core,-222.0,180.0,0,1,5,5,Champaign,IL
2023-11-25,kent,niu,27,37,890.0,-1606.5,20.5,-20.5,-110.0,-110.0,17.5,-17.5,45.0,,10,espn-core,650.0,-1159.5,0,1,15,15,Kent,OH
2023-11-25,ksu,isu,35,42,-351.0,275.0,-9.5,9.5,-110.0,-110.0,-12.0,12.0,46.0,,11,espn-core,-470.0,345.0,0,1,4,4,Manhattan,KS
2023-11-25,lou,uk,31,38,-303.0,240.0,-7.5,7.5,-108.0,-112.0,-6.5,6.5,48.0,,11,espn-core,-280.0,225.0,0,0,1,8,Louisville,KY
2023-11-25,lsu,ta&m,42,30,-500.0,370.0,-12.5,12.5,-110.0,-110.0,-10.0,10.0,67.0,,11,espn-core,-400.0,310.0,0,1,8,8,Baton Rouge,LA
2023-11-25,mass,conn,18,31,-135.0,115.0,-2.5,2.5,-110.0,-110.0,2.5,-2.5,51.0,,11,espn-core,115.0,-135.0,0,0,18,18,Amherst,MA
2023-11-25,mich,osu,30,24,-152.0,130.0,-3.0,3.0,-110.0,-110.0,-4.0,4.0,46.0,,11,espn-core,-200.0,165.0,0,1,5,5,Ann Arbor,MI
2023-11-25,minn,wis,14,28,122.0,-146.0,3.0,-3.0,-110.0,-110.0,1.5,-1.5,46.0,,10,espn-core,107.5,-130.0,0,1,5,5,Minneapolis,MN
2023-11-25,mrsh,arst,35,21,-125.0,104.0,-1.5,1.5,-110.0,-110.0,-3.0,3.0,52.5,,11,espn-core,-135.0,115.0,0,1,37,37,Huntington,WV
2023-11-25,ncsu,unc,39,20,118.0,-140.0,2.5,-2.5,-110.0,-110.0,2.5,-2.5,55.5,,9,espn-core,110.0,-130.0,0,1,1,1,Raleigh,NC
2023-11-25,ndsu,drke,66,3,-20000.0,3000.0,-40.5,40.5,,,-36.0,36.0,49.0,,9,espn-core,-20000.0,3000.0,0,0,21,28,Fargo,ND
2023-11-25,nev,wyo,6,42,333.0,-450.0,11.5,-11.5,-110.0,-110.0,12.0,-12.0,41.5,,11,espn-core,340.0,-450.0,0,1,17,17,Reno,NV
2023-11-25,nmsu,jvst,20,17,115.0,-139.0,2.5,-2.5,-106.5,-114.5,-2.5,2.5,48.0,,10,espn-core,-134.5,110.0,0,1,12,12,Las Cruces,NM
2023-11-25,odu,gast,25,24,-125.0,105.0,-1.5,1.5,-110.0,-110.0,-2.0,2.0,50.5,,11,espn-core,-130.0,110.0,0,1,37,37,Norfolk,VA
2023-11-25,okst,byu,40,34,-855.0,550.0,-16.5,16.5,-110.0,-110.0,-17.5,17.5,55.5,,11,espn-core,-1000.0,600.0,0,1,4,4,Stillwater,OK
2023-11-25,pur,iu,35,31,-225.0,185.0,-6.5,6.5,-110.0,-110.0,-2.5,2.5,55.5,,11,espn-core,-135.0,115.0,0,1,5,5,West Lafayette,IN
2023-11-25,rice,fau,24,21,-160.0,135.0,-3.0,3.0,-110.0,-110.0,-5.0,5.0,47.0,,11,espn-core,-213.0,175.0,0,1,151,151,Houston,TX
2023-11-25,rutg,md,24,42,110.0,-131.0,2.0,-2.0,-107.5,-112.5,2.0,-2.0,45.25,,6,espn-core,110.0,-130.0,0,1,5,5,Piscataway,NJ
2023-11-25,sc,clem,7,16,250.0,-315.0,7.5,-7.5,-110.0,-110.0,7.0,-7.0,47.5,,11,espn-core,228.0,-285.0,0,0,8,1,Columbia,SC
2023-11-25,sdsu,fres,33,18,160.0,-199.0,4.5,-4.5,-110.0,-110.0,6.0,-6.0,47.0,,11,espn-core,190.0,-238.0,0,1,17,17,San Diego,CA
2023-11-25,shsu,mtsu,23,20,143.0,-175.0,3.5,-3.5,-110.0,-110.0,5.0,-5.0,50.5,,11,espn-core,155.0,-190.0,0,1,12,12,Huntsville,TX
2023-11-25,smu,navy,59,14,-1400.0,750.0,-19.5,19.5,-112.0,-110.0,-20.0,20.0,46.0,,9,espn-core,-1400.0,800.0,0,1,151,151,Dallas,TX
2023-11-25,stan,nd,23,56,1550.0,-5000.0,26.0,-26.0,-110.0,-110.0,24.5,-24.5,50.0,,11,espn-core,1300.0,-4000.0,0,0,9,18,Stanford,CA
2023-11-25,syr,wake,35,31,-125.0,105.0,-1.5,1.5,-110.0,-110.0,-2.5,2.5,43.5,,11,espn-core,-135.0,115.0,0,1,1,1,Syracuse,NY
2023-11-25,tenn,van,48,24,-4500.0,1450.0,-27.0,27.0,-110.0,-110.0,-25.5,25.5,57.5,,11,espn-core,-4500.0,1400.0,0,1,8,8,Knoxville,TN
2023-11-25,txst,usa,52,44,190.0,-238.0,6.0,-6.0,-110.0,-110.0,5.5,-5.5,57.0,,11,espn-core,185.0,-225.0,0,1,37,37,San Marcos,TX
2023-11-25,ucf,hou,27,13,-670.0,455.0,-15.5,15.5,-110.0,-110.0,-13.5,13.5,61.0,,11,espn-core,-560.0,400.0,0,1,4,4,Orlando,FL
2023-11-25,ucla,cal,7,33,-350.0,270.0,-9.5,9.5,-110.0,-110.0,-10.0,10.0,50.5,,11,espn-core,-385.0,300.0,0,1,9,9,Pasadena,CA
2023-11-25,ul,ulm,52,21,-455.0,350.0,-12.5,12.5,-110.0,-110.0,-11.5,11.5,53.0,,11,espn-core,-476.0,345.0,0,1,37,37,Lafayette,LA
2023-11-25,und,sac,35,42,-164.0,135.0,-3.0,3.0,-110.0,-110.0,-3.5,3.5,58.5,,11,espn-core,-174.0,139.0,0,0,21,20,Grand Forks,ND
2023-11-25,unlv,sjsu,31,37,-115.0,-105.0,-1.0,1.0,-110.0,-110.0,-3.0,3.0,58.5,,11,espn-core,-167.0,135.0,0,1,17,17,Las Vegas,NV
2023-11-25,unt,uab,45,42,-135.0,115.0,-2.0,2.0,-110.0,-110.0,-3.0,3.0,73.0,,11,espn-core,-160.0,130.0,0,1,151,151,Denton,TX
2023-11-25,usf,clt,48,14,-275.0,225.0,-7.0,7.0,-112.0,-108.0,-4.5,4.5,57.0,,11,espn-core,-220.0,175.0,0,1,151,151,Tampa,FL
2023-11-25,usm,troy,17,35,587.5,-901.0,17.0,-17.0,-110.0,-110.0,17.25,-17.25,48.0,,10,espn-core,600.0,-904.5,0,1,37,37,Hattiesburg,MS
2023-11-25,utah,colo,23,17,-2000.0,1000.0,-21.5,21.5,-110.0,-110.0,-21.5,21.5,43.0,,11,espn-core,-2000.0,1000.0,0,1,9,9,Salt Lake City,UT
2023-11-25,utep,lib,28,42,650.0,-1000.0,18.0,-18.0,-110.0,-110.0,17.0,-17.0,55.0,,11,espn-core,575.0,-901.0,0,1,12,12,El Paso,TX
2023-11-25,uva,vt,17,55,100.0,-120.0,1.5,-1.5,-110.0,-110.0,2.5,-2.5,53.5,,10,espn-core,115.0,-135.0,0,1,1,1,Charlottesville,VA
2023-11-25,wash,wsu,24,21,-769.0,500.0,-15.5,15.5,-110.0,-110.0,-16.5,16.5,65.0,,11,espn-core,-800.0,520.0,0,1,9,9,Seattle,WA
2023-12-01,lib,nmsu,49,35,-400.0,300.0,-10.0,10.0,-110.0,-111.0,-14.0,14.0,58.0,,11,espn-core,-600.0,420.0,0,0,12,12,Lynchburg,VA
2023-12-01,wash,ore,34,31,300.0,-385.0,10.0,-10.0,-110.0,-110.0,9.0,-9.0,65.5,,11,espn-core,265.0,-333.0,1,0,9,9,Las Vegas,NV
2023-12-02,ala,uga,27,24,175.0,-213.0,5.5,-5.5,-110.0,-110.0,4.0,-4.0,53.5,,11,espn-core,145.0,-170.0,1,0,8,8,Atlanta,GA
2023-12-02,fsu,lou,16,6,-110.0,-111.0,,,-110.0,-110.0,-5.5,5.5,46.0,,11,espn-core,-218.0,175.0,1,0,1,1,Charlotte,NC
2023-12-02,iowa,mich,0,26,1150.0,-2500.0,21.5,-21.5,-110.0,-110.0,23.0,-23.0,36.0,,11,espn-core,1150.0,-2800.0,1,0,5,5,Indianapolis,IN
2023-12-02,mont,del,49,19,-2000.0,1050.0,-21.0,21.0,,,-17.5,17.5,47.5,,11,espn-core,-1316.0,700.0,0,0,20,48,Missoula,MT
2023-12-02,mtst,ndsu,34,35,-162.0,133.0,-3.0,3.0,,,-3.0,3.0,55.0,,11,espn-core,-165.0,130.0,0,0,20,21,Bozeman,MT
2023-12-02,sdak,sac,34,24,-196.0,160.0,-4.0,4.0,,,-4.0,4.0,50.5,,11,espn-core,-195.0,162.0,0,0,21,20,Vermillion,SD
2023-12-02,tex,okst,49,21,-700.0,475.0,-14.5,14.5,-110.0,-110.0,-11.5,11.5,57.5,,11,espn-core,-450.0,340.0,1,0,4,4,Arlington,TX
2023-12-02,tol,m-oh,14,23,-258.0,210.0,-6.5,6.5,-115.0,-105.0,-8.5,8.5,43.0,,11,espn-core,-350.0,260.0,1,0,15,15,Detroit,MI
2023-12-02,troy,app,49,23,-222.0,180.0,-5.5,5.5,-110.0,-110.0,-6.5,6.5,52.5,,11,espn-core,-240.0,196.0,0,0,37,37,Troy,AL
2023-12-02,tuln,smu,14,26,-141.0,120.0,-2.5,2.5,-110.0,-110.0,,,47.5,,11,espn-core,-160.0,135.0,0,0,151,151,New Orleans,LA
2023-12-02,unlv,bois,20,44,110.0,-133.0,2.0,-2.0,-110.0,-110.0,2.5,-2.5,62.0,,11,espn-core,115.0,-135.0,0,0,17,17,Las Vegas,NV
2023-12-09,navy,army,11,17,122.0,-145.0,2.5,-2.5,-105.0,-115.0,2.0,-2.0,28.0,,11,espn-core,110.0,-135.0,1,0,151,18,Foxborough,MA
2023-12-09,sdak,ndsu,17,45,196.0,-240.0,6.5,-6.5,-115.0,-105.0,6.5,-6.5,48.5,,9,espn-core,210.0,-270.0,0,0,21,21,Vermillion,SD
2023-12-16,app,m-oh,13,9,-250.0,200.0,-6.5,6.5,-110.0,-110.0,-4.5,4.5,41.0,,10,espn-core,-192.0,152.0,1,0,37,15,Orlando,FL
2023-12-16,bois,ucla,22,35,198.0,-255.0,6.5,-6.5,-110.0,-111.0,2.5,-2.5,46.0,,10,espn-core,109.0,-135.0,1,0,17,9,Inglewood,CA
2023-12-16,fres,nmsu,37,10,135.0,-166.0,3.0,-3.0,-105.0,-111.0,2.5,-2.5,52.0,,11,espn-core,115.0,-135.0,1,0,17,12,Albuquerque,NM
2023-12-16,mont,ndsu,31,29,107.5,-127.5,,,-106.5,-115.0,1.5,-1.5,52.0,,10,espn-core,-102.5,-119.0,0,0,20,21,Missoula,MT
2023-12-16,ohio,gaso,41,21,105.0,-130.0,1.5,-1.5,-110.0,-110.0,,,48.5,,11,espn-core,-125.0,105.0,1,0,15,37,Conway,SC
2023-12-16,ttu,cal,34,14,-175.0,140.0,-3.5,3.5,-108.0,-112.0,-3.0,3.0,54.5,,11,espn-core,-160.0,135.0,1,0,4,9,Shreveport,LA
2023-12-16,ul,jvst,31,34,140.0,-166.0,3.0,-3.0,-105.0,-115.0,,,58.5,,11,espn-core,108.0,-132.0,1,0,37,12,New Orleans,LA
2023-12-18,odu,wku,35,38,-192.5,160.0,-4.5,4.5,-110.0,-110.0,,,49.5,,10,espn-core,100.0,-120.0,1,0,37,12,Charlotte,NC
2023-12-19,mrsh,utsa,17,35,220.0,-278.0,7.0,-7.0,-110.0,-110.0,8.5,-8.5,47.0,,9,espn-core,275.0,-357.0,1,0,37,151,Frisco,TX
2023-12-21,syr,usf,0,45,-160.0,135.0,-3.0,3.0,-115.0,-105.0,-5.5,5.5,55.5,,11,espn-core,-220.0,180.0,1,0,1,151,Boca Raton,FL
2023-12-22,ucf,gt,17,30,-225.0,185.0,-6.0,6.0,-110.0,-110.0,-6.0,6.0,66.5,,11,espn-core,-220.0,180.0,1,0,4,1,Tampa,FL
2023-12-23,afa,jmu,31,21,-135.0,110.0,,,-115.0,-105.0,3.5,-3.5,44.0,,10,espn-core,132.5,-160.0,1,0,17,37,Fort Worth,TX
2023-12-23,duke,troy,17,10,185.0,-245.0,6.5,-6.5,-115.0,-105.0,6.5,-6.5,44.5,,3,espn-core,210.0,-265.0,1,0,1,37,Birmingham,AL
2023-12-23,niu,arst,21,19,116.0,-140.0,2.5,-2.5,-110.0,-110.0,1.5,-1.5,53.5,,11,espn-core,100.0,-120.0,1,0,15,37,Montgomery,AL
2023-12-23,nu,utah,14,7,220.0,-270.0,7.0,-7.0,-110.0,-110.0,8.5,-8.5,44.0,,11,espn-core,260.0,-340.0,1,0,5,9,Las Vegas,NV
2023-12-23,sjsu,ccu,14,24,-315.0,250.0,-7.5,7.5,-110.0,-110.0,-7.5,7.5,48.5,,11,espn-core,-310.0,240.0,1,0,17,37,Honolulu,HI
2023-12-23,usa,emu,59,10,-950.0,600.0,-17.5,17.5,-110.0,-110.0,15.5,-15.5,43.0,,11,espn-core,-800.0,495.0,0,0,37,15,Mobile,AL
2023-12-23,usu,gast,22,45,-131.0,107.5,,,-110.0,-110.0,3.0,-3.0,58.5,,10,espn-core,118.5,-147.5,1,0,17,37,Boise,ID
2023-12-26,minn,bgsu,30,24,-130.0,105.0,-2.0,2.0,-110.0,-110.0,-5.5,5.5,44.5,,11,espn-core,-220.0,180.0,1,0,5,15,Detroit,MI
2023-12-26,rice,txst,21,45,144.0,-172.5,3.5,-3.5,-110.0,-110.0,6.0,-6.0,59.5,,10,espn-core,171.0,-210.0,1,0,151,37,Dallas,TX
2023-12-26,unlv,ku,36,49,240.0,-290.0,8.0,-8.0,-115.0,-105.0,11.0,-11.0,65.0,,11,espn-core,350.0,-500.0,1,0,17,4,Phoenix,AZ
2023-12-27,okst,ta&m,31,23,-190.0,155.0,,,-110.0,-110.0,4.5,-4.5,56.0,,11,espn-core,165.0,-200.0,1,0,4,8,Houston,TX
2023-12-27,tuln,vt,20,41,375.0,-520.0,12.5,-12.5,-110.0,-110.0,5.5,-5.5,43.5,,11,espn-core,195.0,-240.0,1,0,151,1,Annapolis,MD
2023-12-27,usc,lou,42,28,160.0,-192.0,5.0,-5.0,-110.0,-110.0,7.0,-7.0,58.0,,11,espn-core,227.0,-290.0,1,0,9,1,San Diego,CA
2023-12-27,wvu,unc,30,10,-200.0,160.0,-4.5,4.5,-110.0,-110.0,-3.5,3.5,62.0,,11,espn-core,-165.0,136.0,1,0,4,1,Charlotte,NC
2023-12-28,bc,smu,23,14,400.0,-550.0,13.5,-13.5,-105.0,-115.0,9.5,-9.5,49.5,,11,espn-core,275.0,-384.0,1,0,1,151,Boston,MA
2023-12-28,ksu,ncsu,28,19,-150.0,124.0,-3.0,3.0,-110.0,-110.0,-4.5,4.5,49.0,,11,espn-core,-200.0,160.0,1,0,4,1,Orlando,FL
2023-12-28,mia,rutg,24,31,120.0,-145.0,,,-105.0,-115.0,-4.5,4.5,41.5,,7,espn-core,-182.0,150.0,1,0,1,5,Bronx,NY
2023-12-28,ou,ariz,24,38,115.0,-135.0,2.5,-2.5,-105.0,-115.0,,,59.5,,11,espn-core,100.0,-120.0,1,0,4,9,San Antonio,TX
2023-12-29,mem,isu,36,26,290.0,-400.0,10.5,-10.5,-110.0,-110.0,-6.5,6.5,58.5,,11,espn-core,190.0,-240.0,1,0,151,4,Memphis,TN
2023-12-29,nd,orst,40,8,-217.5,176.0,-5.5,5.5,-110.0,-110.0,-10.5,10.5,40.5,,10,espn-core,-452.5,342.5,1,0,18,9,El Paso,TX
2023-12-29,osu,miz,3,14,-186.0,152.0,,,-110.0,-110.0,-6.5,6.5,50.5,,11,espn-core,-240.0,190.0,1,0,5,8,Arlington,TX
2023-12-29,uk,clem,35,38,145.0,-170.0,3.5,-3.5,-115.0,-105.0,7.5,-7.5,44.0,,11,espn-core,250.0,-300.0,1,0,8,1,Jacksonville,FL
2023-12-30,fsu,uga,3,63,1050.0,-2000.0,23.5,-23.5,-105.0,-115.0,13.5,-13.5,47.0,,11,espn-core,475.0,-700.0,1,0,1,8,Miami Gardens,FL
2023-12-30,md,aub,31,13,160.0,-190.0,4.5,-4.5,-110.0,-110.0,2.5,-2.5,48.0,,9,espn-core,110.0,-130.0,1,0,5,8,Nashville,TN
2023-12-30,psu,miss,25,38,-210.0,170.0,-5.5,5.5,-110.0,-110.0,-3.5,3.5,53.0,,11,espn-core,-170.0,143.0,1,0,5,8,Atlanta,GA
2023-12-30,wyo,tol,16,15,-208.0,170.0,-5.0,5.0,-110.0,-110.0,1.5,-1.5,44.0,,11,espn-core,100.0,-120.0,1,0,17,15,Tucson,AZ
2024-01-01,lsu,wis,35,31,-375.0,285.0,-9.5,9.5,-112.0,-108.0,-10.5,10.5,59.0,,11,espn-core,-420.0,310.0,1,0,8,5,Tampa,FL
2024-01-01,mich,ala,27,20,-130.0,110.0,-2.0,2.0,-110.0,-110.0,-2.0,2.0,46.0,,11,espn-core,-125.0,105.0,1,0,5,8,Pasadena,CA
2024-01-01,ore,lib,45,6,-1000.0,650.0,-18.5,18.5,-110.0,-110.0,-14.5,14.5,71.0,,11,espn-core,-600.0,430.0,1,0,9,12,Glendale,AZ
2024-01-01,tenn,iowa,35,0,-206.0,170.0,-5.0,5.0,-110.0,-111.0,-7.5,7.5,36.75,,10,espn-core,-313.0,235.0,1,0,8,5,Orlando,FL
2024-01-01,wash,tex,37,31,140.0,-167.0,3.5,-3.5,-110.0,-110.0,4.0,-4.0,61.5,,11,espn-core,155.0,-185.0,1,0,9,4,New Orleans,LA
2024-01-08,mich,wash,34,13,-225.0,182.5,-5.5,5.5,-110.0,-110.0,-4.5,4.5,55.75,,6,espn-core,-190.0,153.5,1,0,5,9,Houston,TX
2024-08-24,gt,fsu,24,21,340.0,-425.0,10.5,-10.5,-105.0,-115.0,13.0,-13.0,54.5,,1,espn-core,380.0,-500.0,1,1,1,1,Dublin,
2024-08-24,haw,dsu,35,14,,,-39.5,39.5,-115.0,-105.0,-38.5,38.5,53.5,,1,espn-core,,,0,0,17,24,Honolulu,HI
2024-08-24,nev,smu,24,29,1500.0,-3500.0,27.5,-27.5,-105.0,-115.0,24.5,-24.5,55.5,,1,espn-core,1100.0,-2000.0,0,0,17,1,Reno,NV
2024-08-24,unm,mtst,31,35,320.0,-400.0,13.5,-13.5,-105.0,-115.0,7.5,-7.5,54.5,,1,espn-core,230.0,-280.0,0,0,17,20,Albuquerque,NM
2024-08-29,ark,uapb,70,0,,,-50.5,50.5,-110.0,-110.0,-48.5,48.5,60.5,,1,espn-core,,,1,0,8,31,Little Rock,AR
2024-08-29,bgsu,for,41,17,-600.0,450.0,-15.5,15.5,-115.0,-105.0,-17.0,17.0,60.5,,1,espn-core,-800.0,550.0,0,0,15,27,Bowling Green,OH
2024-08-29,buff,laf,30,13,-170.0,145.0,-3.5,3.5,-115.0,-105.0,-3.0,3.0,45.5,,1,espn-core,-155.0,135.0,0,0,15,27,Buffalo,NY
2024-08-29,cmu,ccsu,66,10,-20000.0,4000.0,-33.5,33.5,-115.0,-105.0,-32.0,32.0,54.5,,1,espn-core,-15000.0,3500.0,0,0,15,25,Mount Pleasant,MI
2024-08-29,colo,ndsu,31,26,-425.0,340.0,-9.0,9.0,-110.0,-110.0,-9.5,9.5,54.5,,4,espn-core,-320.0,260.0,0,0,4,21,Boulder,CO
2024-08-29,del,bry,48,17,-1400.0,700.0,-18.5,18.5,-110.0,-120.0,-15.0,15.0,55.5,,1,espn-core,-700.0,500.0,0,0,48,48,Newark,DE
2024-08-29,ill,eiu,45,0,-5000.0,2000.0,-28.5,28.5,-110.0,-110.0,-28.0,28.0,50.5,,1,espn-core,-7500.0,2500.0,0,0,5,179,Champaign,IL
2024-08-29,jvst,ccu,27,55,-175.0,150.0,-3.5,3.5,-110.0,-110.0,-3.0,3.0,54.5,,1,espn-core,-155.0,135.0,0,0,12,37,Jacksonville,AL
2024-08-29,ku,lin,48,3,,,-48.5,48.5,-120.0,100.0,-45.0,45.0,62.5,,1,espn-core,,,0,0,4,179,Kansas City,KS
2024-08-29,minn,unc,17,19,110.0,-130.0,1.5,-1.5,-105.0,-115.0,-2.5,2.5,52.5,,1,espn-core,-130.0,110.0,0,0,5,1,Minneapolis,MN
2024-08-29,miz,mur,51,0,,,-50.5,50.5,-105.0,-115.0,-48.0,48.0,62.5,,1,espn-core,,,0,0,8,21,Columbia,MO
2024-08-29,ncsu,wcu,38,21,-10000.0,3000.0,-32.5,32.5,-110.0,-110.0,-33.5,33.5,60.5,,1,espn-core,-10000.0,3000.0,0,0,1,29,Raleigh,NC
2024-08-29,rutg,how,44,7,,,-38.5,38.5,-115.0,-105.0,-36.5,36.5,51.5,,1,espn-core,,,0,0,5,24,Piscataway,NJ
2024-08-29,sjsu,sac,42,24,-130.0,110.0,-2.5,2.5,-110.0,-110.0,-4.0,4.0,62.5,,1,espn-core,-170.0,145.0,0,0,17,20,San Jose,CA
2024-08-29,tlsa,nwst,62,28,,,-37.5,37.5,-115.0,-105.0,-32.0,32.0,55.5,,1,espn-core,-10000.0,3000.0,0,0,151,30,Tulsa,OK
2024-08-29,tol,duq,49,10,-5000.0,2000.0,-27.5,27.5,-115.0,-105.0,-27.0,27.0,53.5,,1,espn-core,-4000.0,1800.0,0,0,15,25,Toledo,OH
2024-08-29,tuln,sela,52,0,-5000.0,2000.0,-28.5,28.5,100.0,-120.0,-27.0,27.0,55.5,,1,espn-core,-3500.0,1500.0,0,0,151,30,New Orleans,LA
2024-08-29,uab,alcn,41,3,-7500.0,2500.0,-29.5,29.5,-110.0,-110.0,-24.5,24.5,55.5,,1,espn-core,-2000.0,1100.0,0,0,151,31,Birmingham,AL
2024-08-29,ucf,unh,57,3,-20000.0,4000.0,-38.5,38.5,100.0,-120.0,-41.5,41.5,58.5,,1,espn-core,-20000.0,4000.0,0,0,4,48,Orlando,FL
2024-08-29,ulm,jkst,30,14,-185.0,155.0,-4.5,4.5,100.0,-120.0,-8.0,8.0,45.5,,1,espn-core,-340.0,270.0,0,0,37,31,Monroe,LA
2024-08-29,utah,suu,49,0,,,-37.5,37.5,-115.0,-105.0,-38.0,38.0,55.5,,1,espn-core,,,0,0,4,177,Salt Lake City,UT
2024-08-29,wake,ncat,45,13,,,,,,,,,,,0,espn-core,,,0,0,1,48,Winston-Salem,NC
2024-08-30,army,leh,42,7,-7500.0,3000.0,-31.5,31.5,-130.0,110.0,-32.0,32.0,47.5,,1,espn-core,-20000.0,4000.0,0,0,151,27,West Point,NY
2024-08-30,duke,elon,26,3,-3000.0,1300.0,-24.5,24.5,100.0,-120.0,-23.5,23.5,47.5,,1,espn-core,-2000.0,1100.0,0,0,1,48,Durham,NC
2024-08-30,msu,fau,16,10,-525.0,400.0,-12.5,12.5,-110.0,-110.0,-11.5,11.5,44.5,,1,espn-core,-500.0,380.0,0,0,5,151,East Lansing,MI
2024-08-30,ou,tem,51,3,,,-43.5,43.5,-110.0,-110.0,-42.5,42.5,57.5,,1,espn-core,,,0,0,8,151,Norman,OK
2024-08-30,stan,tcu,27,34,240.0,-290.0,8.5,-8.5,-115.0,-105.0,8.0,-8.0,58.5,,1,espn-core,270.0,-340.0,0,0,1,4,Stanford,CA
2024-08-30,wis,wmu,28,14,-2000.0,1100.0,-24.5,24.5,-105.0,-115.0,-24.5,24.5,56.5,,1,espn-core,-3000.0,1300.0,0,0,5,15,Madison,WI
2024-08-31,afa,mrmk,21,6,-15000.0,3500.0,-30.5,30.5,-120.0,100.0,-30.0,30.0,47.5,,1,espn-core,-5000.0,2000.0,0,0,17,32,USAF Academy,CO
2024-08-31,ala,wku,63,0,,,-37.5,37.5,125.0,-160.0,-31.0,31.0,60.5,,1,espn-core,-5000.0,2000.0,0,0,8,12,Tuscaloosa,AL
2024-08-31,app,etsu,38,10,-7500.0,2500.0,-35.5,35.5,100.0,-120.0,-32.0,32.0,58.5,,1,espn-core,-15000.0,3500.0,0,0,37,29,Boone,NC
2024-08-31,ariz,unm,61,39,-10000.0,3000.0,-29.0,29.0,-110.0,-110.0,-30.5,30.5,60.5,,1,espn-core,-5000.0,2000.0,0,0,4,17,Tucson,AZ
2024-08-31,arst,cark,34,31,,,,,,,,,,,0,espn-core,,,0,0,37,177,Jonesboro,AR
2024-08-31,asu,wyo,48,7,-240.0,200.0,-6.5,6.5,-110.0,-110.0,-6.5,6.5,47.5,,1,espn-core,-240.0,200.0,0,0,4,17,Tempe,AZ
2024-08-31,aub,aamu,73,3,,,-48.5,48.5,-105.0,-115.0,-47.5,47.5,58.5,,1,espn-core,,,0,0,8,31,Auburn,AL
2024-08-31,bay,tar,45,3,,,-33.5,33.5,-145.0,125.0,-26.5,26.5,53.5,,1,espn-core,-3000.0,1300.0,0,0,4,177,Waco,TX
2024-08-31,byu,siu,41,13,,,,,,,,,,,0,espn-core,,,0,0,4,21,Provo,UT
2024-08-31,cal,ucd,31,13,-1400.0,800.0,-20.5,20.5,-110.0,-110.0,-20.5,20.5,56.5,,1,espn-core,-1400.0,800.0,0,0,1,20,Berkeley,CA
2024-08-31,cin,tow,38,20,-15000.0,3500.0,-33.5,33.5,-115.0,-105.0,-31.5,31.5,56.5,,1,espn-core,-7500.0,2500.0,0,0,4,48,Cincinnati,OH
2024-08-31,clt,jmu,7,30,,,,,,,,,,,0,espn-core,,,0,0,151,37,Charlotte,NC
2024-08-31,ecu,norf,42,3,-10000.0,3000.0,-31.5,31.5,-105.0,-115.0,-32.0,32.0,51.5,,1,espn-core,-20000.0,4000.0,0,0,151,24,Greenville,NC
2024-08-31,fla,mia,17,41,105.0,-125.0,2.75,-2.75,-110.0,-110.0,2.75,-2.75,54.5,,2,espn-core,110.0,-130.0,0,0,8,1,Gainesville,FL
2024-08-31,gaso,bois,45,56,340.0,-425.0,12.5,-12.5,100.0,-120.0,10.0,-10.0,57.5,,1,espn-core,360.0,-450.0,0,0,37,17,Statesboro,GA
2024-08-31,gt,gast,35,12,,,,,,,,,,,0,espn-core,,,0,0,1,37,Atlanta,GA
2024-08-31,haw,ucla,13,16,400.0,-525.0,13.5,-13.5,-105.0,-115.0,13.5,-13.5,51.5,,1,espn-core,400.0,-525.0,0,0,17,5,Honolulu,HI
2024-08-31,hou,unlv,7,27,,,,,,,,,,,0,espn-core,,,0,0,4,17,Houston,TX
2024-08-31,iowa,ilst,40,0,,,,,,,,,,,0,espn-core,,,0,0,5,21,Iowa City,IA
2024-08-31,isu,und,21,3,-3500.0,1500.0,-30.5,30.5,-105.0,-115.0,-27.5,27.5,51.5,,1,espn-core,-3500.0,1500.0,0,0,4,21,Ames,IA
2024-08-31,iu,fiu,31,7,-3000.0,1300.0,-25.5,25.5,-115.0,-105.0,-19.5,19.5,51.5,,1,espn-core,-1600.0,900.0,0,0,5,12,Bloomington,IN
2024-08-31,ksu,utm,41,6,-20000.0,4000.0,-36.5,36.5,-115.0,-105.0,-37.0,37.0,56.5,,1,espn-core,-20000.0,4000.0,0,0,4,179,Manhattan,KS
2024-08-31,lib,cam,41,24,,,-41.5,41.5,110.0,-130.0,-35.5,35.5,58.5,,1,espn-core,-20000.0,4000.0,0,0,12,48,Lynchburg,VA
2024-08-31,lou,apsu,62,0,,,-38.5,38.5,-120.0,100.0,-36.5,36.5,54.5,,1,espn-core,,,0,0,1,177,Louisville,KY
2024-08-31,lt,nich,25,17,,,,,,,,,,,0,espn-core,,,0,0,12,30,Ruston,LA
2024-08-31,mass,emu,14,28,-130.0,110.0,-2.5,2.5,-105.0,-115.0,1.0,-1.0,50.5,,1,espn-core,-110.0,-110.0,0,0,18,15,Amherst,MA
2024-08-31,md,conn,50,7,-1000.0,700.0,-18.5,18.5,-105.0,-115.0,-21.0,21.0,44.5,,1,espn-core,-1600.0,900.0,0,0,5,18,College Park,MD
2024-08-31,mem,una,40,0,-20000.0,4000.0,-38.5,38.5,100.0,-120.0,-38.0,38.0,62.5,,1,espn-core,-20000.0,4000.0,0,0,151,177,Memphis,TN
2024-08-31,mich,fres,30,10,,,,,,,,,,,0,espn-core,,,0,0,5,17,Ann Arbor,MI
2024-08-31,miss,fur,76,0,,,-45.5,45.5,-115.0,-105.0,-42.0,42.0,58.5,,1,espn-core,,,0,0,8,29,Oxford,MS
2024-08-31,mont,most,29,24,-550.0,425.0,-13.5,13.5,-115.0,-105.0,-14.5,14.5,54.5,,1,espn-core,-650.0,475.0,0,0,20,21,Missoula,MT
2024-08-31,mrsh,stbk,45,3,-20000.0,4000.0,-32.5,32.5,-105.0,-115.0,-30.5,30.5,56.5,,1,espn-core,-7500.0,2500.0,0,0,37,48,Huntington,WV
2024-08-31,msst,eku,56,7,-2500.0,1200.0,-26.5,26.5,-115.0,-105.0,-26.5,26.5,61.5,,1,espn-core,-3000.0,1300.0,0,0,8,177,Starkville,MS
2024-08-31,mtsu,tntc,32,25,,,,,,,,,,,0,espn-core,,,0,0,12,179,Murfreesboro,TN
2024-08-31,navy,buck,49,21,-15000.0,3500.0,-31.5,31.5,-110.0,-110.0,-33.0,33.0,48.5,,1,espn-core,-20000.0,4000.0,0,0,151,27,Annapolis,MD
2024-08-31,neb,utep,40,7,,,,,,,,,,,0,espn-core,,,0,0,5,12,Lincoln,NE
2024-08-31,niu,wiu,54,15,-20000.0,4000.0,-36.5,36.5,-110.0,-110.0,-35.0,35.0,55.5,,1,espn-core,-20000.0,4000.0,0,0,15,179,Dekalb,IL
2024-08-31,nmsu,semo,23,16,-360.0,290.0,-9.5,9.5,-110.0,-110.0,-8.5,8.5,52.5,,1,espn-core,-340.0,270.0,0,0,12,179,Las Cruces,NM
2024-08-31,nu,m-oh,13,6,-150.0,130.0,-3.5,3.5,100.0,-120.0,-4.5,4.5,40.5,,1,espn-core,-190.0,160.0,0,0,5,15,Evanston,IL
2024-08-31,okst,sdst,44,20,-425.0,340.0,-12.5,12.5,-105.0,-115.0,-10.5,10.5,55.5,,1,espn-core,-350.0,280.0,0,0,4,21,Stillwater,OK
2024-08-31,ore,idho,24,14,,,,,,,,,,,0,espn-core,,,0,0,5,20,Eugene,OR
2024-08-31,orst,idst,38,15,-4000.0,1800.0,-29.5,29.5,-105.0,-115.0,-28.5,28.5,57.5,,1,espn-core,-4000.0,1800.0,0,0,9,20,Corvallis,OR
2024-08-31,osu,akr,52,6,,,-48.5,48.5,-115.0,-105.0,-50.5,50.5,55.5,,1,espn-core,,,0,0,5,15,Columbus,OH
2024-08-31,pitt,kent,55,24,-2500.0,1200.0,-23.5,23.5,-120.0,100.0,-23.5,23.5,54.5,,1,espn-core,-2000.0,1100.0,0,0,1,15,Pittsburgh,PA
2024-08-31,pur,inst,49,0,-20000.0,4000.0,-35.5,35.5,-110.0,-110.0,-33.0,33.0,52.5,,1,espn-core,-20000.0,4000.0,0,0,5,21,West Lafayette,IN
2024-08-31,rice,shsu,14,34,-340.0,270.0,-9.5,9.5,-110.0,-110.0,-12.0,12.0,48.5,,1,espn-core,-450.0,360.0,0,0,151,12,Houston,TX
2024-08-31,sc,odu,23,19,-1200.0,750.0,-20.5,20.5,-110.0,-110.0,-21.0,21.0,48.5,,1,espn-core,-1200.0,750.0,0,0,8,37,Columbia,SC
2024-08-31,sdsu,etam,45,14,,,,,,,,,,,0,espn-core,,,0,0,17,30,San Diego,CA
2024-08-31,smu,hcu,59,7,,,,,,,,,,,0,espn-core,,,0,0,1,30,Dallas,TX
2024-08-31,syr,ohio,38,22,-800.0,550.0,-17.5,17.5,-110.0,-110.0,-15.5,15.5,45.5,,1,espn-core,-900.0,600.0,0,0,1,15,Syracuse,NY
2024-08-31,ta&m,nd,13,23,-114.0,-108.0,-1.0,1.0,-108.0,-114.0,-1.0,1.0,50.5,,3,espn-core,-114.0,-108.0,0,0,8,18,College Station,TX
2024-08-31,tenn,utc,69,3,,,-38.5,38.5,-110.0,-110.0,-38.5,38.5,56.5,,1,espn-core,,,0,0,8,29,Knoxville,TN
2024-08-31,tex,csu,52,0,-20000.0,4000.0,-34.5,34.5,-115.0,-105.0,-36.5,36.5,62.5,,1,espn-core,-15000.0,3500.0,0,0,8,17,Austin,TX
2024-08-31,troy,nev,26,28,-300.0,250.0,-7.5,7.5,-110.0,-110.0,-14.5,14.5,44.5,,1,espn-core,-800.0,550.0,0,0,37,17,Troy,AL
2024-08-31,ttu,acu,52,51,-10000.0,3000.0,-34.5,34.5,120.0,-140.0,-33.5,33.5,58.5,,1,espn-core,-10000.0,3000.0,0,0,4,177,Lubbock,TX
2024-08-31,txst,lam,34,27,,,,,,,,,,,0,espn-core,,,0,0,37,30,San Marcos,TX
2024-08-31,uga,clem,34,3,-512.5,365.0,-13.25,13.25,-112.0,-108.0,-13.5,13.5,48.5,,4,espn-core,-662.5,455.0,1,0,8,1,Atlanta,GA
2024-08-31,uk,usm,31,0,-2500.0,1200.0,-25.5,25.5,-110.0,-110.0,-25.5,25.5,49.5,,1,espn-core,-3500.0,1500.0,0,0,8,37,Lexington,KY
2024-08-31,ul,gram,40,10,,,,,,,,,,,0,espn-core,,,0,0,37,31,Lafayette,LA
2024-08-31,usa,unt,38,52,-200.0,170.0,-5.5,5.5,-110.0,-110.0,-7.0,7.0,60.5,,1,espn-core,-250.0,210.0,0,0,37,151,Mobile,AL
2024-08-31,usf,bcu,48,3,,,,,,,,,,,0,espn-core,,,0,0,151,31,Tampa,FL
2024-08-31,usu,rmu,36,14,,,,,,,,,,,0,espn-core,,,0,0,17,25,Logan,UT
2024-08-31,utsa,kenn,28,16,,,,,,,,,,,0,espn-core,,,0,0,151,12,San Antonio,TX
2024-08-31,uva,rich,34,13,,,,,,,,,,,0,espn-core,,,0,0,1,48,Charlottesville,VA
2024-08-31,van,vt,34,27,400.0,-525.0,13.5,-13.5,-105.0,-115.0,13.5,-13.5,48.5,,1,espn-core,425.0,-550.0,0,0,8,1,Nashville,TN
2024-08-31,wash,web,35,3,-5000.0,1800.0,-29.0,29.0,-110.0,-110.0,-27.5,27.5,51.5,,1,espn-core,-3500.0,1500.0,0,0,5,20,Seattle,WA
2024-08-31,wsu,prst,70,30,-3500.0,1500.0,-26.5,26.5,-115.0,-105.0,-29.5,29.5,57.5,,1,espn-core,-5000.0,2000.0,0,0,9,20,Pullman,WA
2024-08-31,wvu,psu,12,34,240.0,-290.0,7.5,-7.5,-120.0,100.0,10.5,-10.5,48.5,,1,espn-core,300.0,-380.0,0,0,4,5,Morgantown,WV
2024-09-01,lsu,usc,20,27,-227.0,180.0,-6.25,6.25,-112.5,-109.0,-6.25,6.25,66.0,,4,espn-core,-227.0,180.0,1,0,8,5,Las Vegas,NV
2024-09-02,fsu,bc,13,28,-800.0,550.0,-16.5,16.5,-105.0,-115.0,-21.5,21.5,51.5,,1,espn-core,-1800.0,1000.0,0,1,1,1,Tallahassee,FL
2024-09-06,iu,wiu,77,3,,,-44.5,44.5,-110.0,-110.0,-42.5,42.5,52.5,,1,espn-core,,,0,0,5,179,Bloomington,IN
2024-09-06,nu,duke,20,26,-130.0,110.0,-2.5,2.5,-110.0,-110.0,-2.5,2.5,37.5,,1,espn-core,-135.0,115.0,0,0,5,1,Evanston,IL
2024-09-06,smu,byu,15,18,-500.0,380.0,-12.5,12.5,-110.0,-110.0,-11.5,11.5,55.5,,1,espn-core,-450.0,360.0,0,0,1,4,Dallas,TX
2024-09-07,afa,sjsu,7,17,-130.0,110.0,-1.5,1.5,-115.0,-105.0,-4.5,4.5,43.5,,1,espn-core,-250.0,210.0,0,1,17,17,USAF Academy,CO
2024-09-07,ala,usf,42,16,-5000.0,2000.0,-33.5,33.5,-115.0,-105.0,-31.0,31.0,65.5,,1,espn-core,-7500.0,2500.0,0,0,8,151,Tuscaloosa,AL
2024-09-07,ariz,nau,22,10,-10000.0,3000.0,-36.5,36.5,-115.0,-105.0,-43.5,43.5,63.5,,1,espn-core,-15000.0,3500.0,0,0,4,20,Tucson,AZ
2024-09-07,arst,tlsa,28,24,-320.0,260.0,-9.5,9.5,-115.0,-105.0,-6.0,6.0,65.5,,1,espn-core,-215.0,180.0,0,0,37,151,Jonesboro,AR
2024-09-07,asu,msst,30,23,-210.0,175.0,-6.5,6.5,-115.0,-105.0,-5.0,5.0,57.5,,1,espn-core,-200.0,170.0,0,0,4,8,Tempe,AZ
2024-09-07,aub,cal,14,21,-500.0,380.0,-11.5,11.5,-115.0,-105.0,-10.5,10.5,52.5,,1,espn-core,-400.0,320.0,0,0,8,1,Auburn,AL
2024-09-07,ball,most,42,34,-145.0,125.0,-2.5,2.5,-125.0,105.0,-2.5,2.5,50.5,,1,espn-core,-135.0,115.0,0,0,15,21,Muncie,IN
2024-09-07,bc,duq,56,0,-20000.0,4000.0,-33.5,33.5,-140.0,120.0,-34.5,34.5,52.5,,1,espn-core,-20000.0,4000.0,0,0,1,25,Chestnut Hill,MA
2024-09-07,ccu,w&m,40,21,-1000.0,700.0,-17.5,17.5,-105.0,-115.0,-14.5,14.5,54.5,,1,espn-core,-650.0,475.0,0,0,37,48,Conway,SC
2024-09-07,cin,pitt,27,28,-120.0,100.0,-2.5,2.5,-170.0,130.0,-2.5,2.5,62.5,,1,espn-core,-135.0,115.0,0,0,4,1,Cincinnati,OH
2024-09-07,clem,app,66,20,-800.0,550.0,-13.5,13.5,-110.0,-110.0,-17.0,17.0,53.5,,1,espn-core,-900.0,600.0,0,0,1,37,Clemson,SC
2024-09-07,conn,mrmk,63,17,-650.0,475.0,-14.5,14.5,-110.0,-110.0,-15.5,15.5,44.5,,1,espn-core,-800.0,550.0,0,0,18,32,East Hartford,CT
2024-09-07,csu,unco,38,17,-7500.0,2500.0,-31.5,31.5,100.0,-120.0,-28.5,28.5,52.5,,1,espn-core,-5000.0,2000.0,0,0,17,20,Fort Collins,CO
2024-09-07,fau,army,7,24,-120.0,100.0,-1.5,1.5,-105.0,-115.0,-2.5,2.5,42.5,,1,espn-core,-135.0,115.0,0,1,151,151,Boca Raton,FL
2024-09-07,fiu,cmu,52,16,145.0,-170.0,3.5,-3.5,-115.0,-105.0,4.0,-4.0,51.5,,1,espn-core,160.0,-190.0,0,0,12,15,Miami,FL
2024-09-07,fla,sam,45,7,,,-38.5,38.5,-105.0,-115.0,-37.0,37.0,55.5,,1,espn-core,,,0,0,8,29,Gainesville,FL
2024-09-07,fres,sac,46,30,-1200.0,750.0,-18.5,18.5,-125.0,105.0,-15.5,15.5,55.5,,1,espn-core,-700.0,500.0,0,0,17,20,Fresno,CA
2024-09-07,gast,utc,24,21,-550.0,425.0,-9.5,9.5,-110.0,-110.0,-10.0,10.0,51.5,,1,espn-core,-400.0,320.0,0,0,37,29,Atlanta,GA
2024-09-07,ill,ku,23,17,190.0,-225.0,4.5,-4.5,-105.0,-115.0,6.5,-6.5,58.5,,1,espn-core,200.0,-240.0,0,0,5,4,Champaign,IL
2024-09-07,iowa,isu,19,20,-140.0,120.0,-2.5,2.5,-115.0,-105.0,-2.5,2.5,36.5,,1,espn-core,-135.0,115.0,0,0,5,4,Iowa City,IA
2024-09-07,jmu,gweb,13,6,,,-35.5,35.5,-120.0,100.0,-33.0,33.0,50.5,,1,espn-core,-15000.0,3500.0,0,0,37,179,Harrisonburg,VA
2024-09-07,kenn,ul,10,34,475.0,-650.0,14.5,-14.5,-115.0,-105.0,16.5,-16.5,45.5,,1,espn-core,550.0,-800.0,0,0,12,37,Kennesaw,GA
2024-09-07,kent,sfpa,17,23,-900.0,600.0,-17.5,17.5,-110.0,-110.0,-17.0,17.0,49.5,,1,espn-core,-800.0,550.0,0,0,15,25,Kent,OH
2024-09-07,lou,jvst,49,14,-3000.0,1300.0,-27.5,27.5,-135.0,110.0,-25.5,25.5,56.5,,1,espn-core,-3000.0,1300.0,0,0,1,12,Louisville,KY
2024-09-07,lsu,nich,44,21,,,-46.5,46.5,-105.0,-115.0,-51.5,51.5,57.5,,1,espn-core,,,0,0,8,30,Baton Rouge,LA
2024-09-07,md,msu,24,27,-290.0,240.0,-7.5,7.5,-120.0,100.0,-9.0,9.0,44.5,,1,espn-core,-340.0,270.0,0,1,5,5,College Park,MD
2024-09-07,mem,troy,38,17,-1200.0,750.0,-18.5,18.5,-110.0,-110.0,-17.0,17.0,57.5,,1,espn-core,-800.0,550.0,0,0,151,37,Memphis,TN
2024-09-07,mia,famu,56,9,,,-46.5,46.5,-125.0,105.0,-44.5,44.5,55.5,,1,espn-core,,,0,0,1,31,Miami Gardens,FL
2024-09-07,mich,tex,12,31,195.0,-230.0,4.0,-4.0,-110.0,-110.0,,,45.5,,5,espn-core,180.0,-215.0,0,0,5,8,Ann Arbor,MI
2024-09-07,minn,uri,48,0,-5000.0,2000.0,-27.5,27.5,-120.0,100.0,-24.5,24.5,47.5,,1,espn-core,-3500.0,1500.0,0,0,5,48,Minneapolis,MN
2024-09-07,miss,mtsu,52,3,,,-42.5,42.5,-105.0,-115.0,-42.0,42.0,60.5,,1,espn-core,-20000.0,4000.0,0,0,8,12,Oxford,MS
2024-09-07,miz,buff,38,0,-15000.0,3500.0,-34.5,34.5,-105.0,-115.0,-34.5,34.5,53.5,,1,espn-core,-20000.0,4000.0,0,0,8,15,Columbia,MO
2024-09-07,navy,tem,38,11,-380.0,300.0,-11.5,11.5,-115.0,-105.0,-13.0,13.0,43.5,,1,espn-core,-525.0,400.0,0,1,151,151,Annapolis,MD
2024-09-07,ncsu,tenn,10,51,250.0,-300.0,13.5,-13.5,-175.0,135.0,4.0,-4.0,59.5,,1,espn-core,165.0,-195.0,1,0,1,8,Charlotte,NC
2024-09-07,nd,niu,14,16,-7500.0,2500.0,-28.5,28.5,105.0,-130.0,-30.0,30.0,46.5,,1,espn-core,-5000.0,2000.0,0,0,18,15,Notre Dame,IN
2024-09-07,ndsu,tnst,52,3,,,-35.5,35.5,-110.0,-120.0,-37.0,37.0,52.5,,1,espn-core,,,0,0,21,179,Fargo,ND
2024-09-07,neb,colo,28,10,,,,,,,,,,,0,espn-core,,,0,0,5,4,Lincoln,NE
2024-09-07,nev,gaso,17,20,-110.0,-110.0,-1.5,1.5,-105.0,-115.0,3.5,-3.5,56.5,,1,espn-core,140.0,-165.0,0,0,17,37,Reno,NV
2024-09-07,nmsu,lib,24,30,1000.0,-1800.0,22.5,-22.5,-115.0,-105.0,20.5,-20.5,54.5,,1,espn-core,800.0,-1400.0,0,1,12,12,Las Cruces,NM
2024-09-07,odu,ecu,14,20,-120.0,100.0,-1.5,1.5,-110.0,-110.0,-2.0,2.0,53.5,,1,espn-core,-110.0,-110.0,0,0,37,151,Norfolk,VA
2024-09-07,ohio,usa,27,20,-110.0,-110.0,1.5,-1.5,-110.0,-110.0,1.0,-1.0,55.5,,1,espn-core,100.0,-120.0,0,0,15,37,Athens,OH
2024-09-07,okst,ark,39,31,-425.0,340.0,-10.5,10.5,-110.0,-110.0,-8.5,8.5,60.5,,1,espn-core,-340.0,270.0,0,0,4,8,Stillwater,OK
2024-09-07,ore,bois,37,34,-800.0,550.0,-17.5,17.5,-110.0,-110.0,-19.5,19.5,60.5,,1,espn-core,-900.0,600.0,0,0,5,17,Eugene,OR
2024-09-07,osu,wmu,56,0,,,-37.5,37.5,-120.0,100.0,-39.0,39.0,54.5,,1,espn-core,,,0,0,5,15,Columbus,OH
2024-09-07,ou,hou,16,12,-5000.0,2000.0,-27.5,27.5,-115.0,-105.0,-27.5,27.5,48.5,,1,espn-core,-3500.0,1500.0,0,0,8,4,Norman,OK
2024-09-07,psu,bgsu,34,27,-20000.0,4000.0,-35.5,35.5,-105.0,-115.0,-32.0,32.0,51.5,,1,espn-core,-7500.0,2500.0,0,0,5,15,University Park,PA
2024-09-07,rice,txso,69,7,-5000.0,2000.0,-29.5,29.5,-110.0,-110.0,-29.5,29.5,52.5,,1,espn-core,-5000.0,2000.0,0,0,151,31,Houston,TX
2024-09-07,rutg,akr,49,17,-3500.0,1500.0,-24.5,24.5,100.0,-120.0,-24.0,24.0,41.5,,1,espn-core,-3500.0,1500.0,0,0,5,15,Piscataway,NJ
2024-09-07,sdsu,orst,0,21,165.0,-195.0,5.5,-5.5,-105.0,-115.0,4.5,-4.5,54.5,,1,espn-core,160.0,-190.0,0,0,17,9,San Diego,CA
2024-09-07,stan,cp,41,7,,,-33.5,33.5,-135.0,105.0,-35.5,35.5,59.5,,1,espn-core,,,0,0,1,20,Stanford,CA
2024-09-07,syr,gt,31,28,125.0,-145.0,2.5,-2.5,100.0,-120.0,2.5,-2.5,60.5,,1,espn-core,110.0,-130.0,0,1,1,1,Syracuse,NY
2024-09-07,ta&m,mcn,52,10,,,-46.5,46.5,-135.0,115.0,-48.0,48.0,53.5,,1,espn-core,,,0,0,8,30,College Station,TX
2024-09-07,tcu,liu,45,0,,,-45.5,45.5,100.0,-120.0,-45.5,45.5,56.5,,1,espn-core,,,0,0,4,25,Fort Worth,TX
2024-09-07,tol,mass,38,23,-1000.0,700.0,-17.5,17.5,-115.0,-105.0,-19.5,19.5,50.5,,1,espn-core,-1200.0,750.0,0,0,15,18,Toledo,OH
2024-09-07,tuln,ksu,27,34,290.0,-360.0,9.5,-9.5,-105.0,-115.0,10.0,-10.0,46.5,,1,espn-core,320.0,-400.0,0,0,151,4,New Orleans,LA
2024-09-07,txst,utsa,49,10,-135.0,115.0,-2.5,2.5,-105.0,-115.0,-1.0,1.0,58.5,,1,espn-core,-120.0,100.0,0,0,37,151,San Marcos,TX
2024-09-07,ucf,shsu,45,14,-1600.0,800.0,-21.5,21.5,-110.0,-110.0,-24.0,24.0,53.5,,1,espn-core,-1800.0,1000.0,0,0,4,12,Orlando,FL
2024-09-07,uga,tntc,48,3,,,-54.5,54.5,-110.0,-110.0,-54.5,54.5,68.5,,1,espn-core,,,0,0,8,179,Athens,GA
2024-09-07,uk,sc,6,31,-300.0,250.0,-9.5,9.5,-110.0,-110.0,-9.0,9.0,41.5,,1,espn-core,-340.0,270.0,0,1,8,8,Lexington,KY
2024-09-07,ulm,uab,32,6,300.0,-380.0,10.5,-10.5,-105.0,-115.0,11.5,-11.5,55.5,,1,espn-core,360.0,-450.0,0,0,37,151,Monroe,LA
2024-09-07,unc,clt,38,20,-1800.0,1000.0,-21.5,21.5,-105.0,-115.0,-21.0,21.0,47.5,,1,espn-core,-1800.0,1000.0,0,0,1,151,Chapel Hill,NC
2024-09-07,unlv,utu,72,14,,,-41.5,41.5,-120.0,100.0,-42.0,42.0,55.5,,1,espn-core,,,0,0,17,177,Las Vegas,NV
2024-09-07,unt,sfa,35,20,-1600.0,900.0,-21.5,21.5,-125.0,105.0,-23.5,23.5,72.5,,1,espn-core,-1800.0,1000.0,0,0,151,30,Denton,TX
2024-09-07,usc,usu,48,0,-5000.0,2000.0,-30.5,30.5,-120.0,100.0,-27.0,27.0,62.5,,1,espn-core,-2500.0,1200.0,0,0,5,17,Los Angeles,CA
2024-09-07,usm,sela,35,10,-650.0,475.0,-16.5,16.5,-120.0,100.0,-14.0,14.0,53.5,,1,espn-core,-650.0,475.0,0,0,37,30,Hattiesburg,MS
2024-09-07,utah,bay,23,12,-700.0,500.0,-14.5,14.5,-115.0,-105.0,-17.0,17.0,52.5,,1,espn-core,-900.0,600.0,0,0,4,4,Salt Lake City,UT
2024-09-07,utep,suu,24,27,-230.0,195.0,-6.5,6.5,-115.0,-105.0,-6.5,6.5,54.5,,1,espn-core,-270.0,220.0,0,0,12,177,El Paso,TX
2024-09-07,van,alcn,55,0,-20000.0,4000.0,-32.5,32.5,-105.0,-115.0,-31.0,31.0,47.5,,1,espn-core,-10000.0,3000.0,0,0,8,31,Nashville,TN
2024-09-07,vt,mrsh,31,14,-1600.0,900.0,-20.5,20.5,-110.0,-110.0,-16.5,16.5,52.5,,1,espn-core,-800.0,550.0,0,0,1,37,Blacksburg,VA
2024-09-07,wake,uva,30,31,100.0,-120.0,1.5,-1.5,-115.0,-105.0,-2.5,2.5,55.5,,1,espn-core,-125.0,105.0,0,1,1,1,Winston-Salem,NC
2024-09-07,wash,emu,30,9,-3000.0,1300.0,-25.5,25.5,135.0,-175.0,-23.5,23.5,49.5,,1,espn-core,-2500.0,1200.0,0,0,5,15,Seattle,WA
2024-09-07,wis,sdak,27,13,-1600.0,900.0,-17.5,17.5,-125.0,105.0,-22.5,22.5,44.5,,1,espn-core,-3500.0,1500.0,0,0,5,21,Madison,WI
2024-09-07,wku,eku,31,0,-1400.0,800.0,-18.5,18.5,-115.0,-105.0,-20.5,20.5,59.5,,1,espn-core,-1400.0,800.0,0,0,12,177,Bowling Green,KY
2024-09-07,wsu,ttu,37,16,115.0,-135.0,2.5,-2.5,100.0,-120.0,-1.5,1.5,64.5,,1,espn-core,-115.0,-105.0,0,0,9,4,Pullman,WA
2024-09-07,wvu,alb,49,14,,,-37.5,37.5,-115.0,-105.0,-33.5,33.5,52.5,,1,espn-core,-15000.0,3500.0,0,0,4,48,Morgantown,WV
2024-09-07,wyo,idho,13,17,-275.0,225.0,-6.5,6.5,-125.0,105.0,-7.5,7.5,39.5,,1,espn-core,-350.0,280.0,0,0,17,20,Laramie,WY
2024-09-12,txst,asu,28,31,-150.0,130.0,-2.5,2.5,-125.0,102.0,-1.5,1.5,58.5,,1,espn-core,105.0,-125.0,0,0,37,4,San Marcos,TX
2024-09-12,usa,nwst,87,10,-7500.0,2500.0,-36.5,36.5,-110.0,-110.0,-38.0,38.0,60.5,,1,espn-core,-20000.0,4000.0,0,0,37,30,Mobile,AL
2024-09-13,ksu,ariz,31,7,-240.0,200.0,-9.5,9.5,120.0,-150.0,-7.0,7.0,61.5,,1,espn-core,-270.0,220.0,0,0,4,4,Manhattan,KS
2024-09-13,ku,unlv,20,23,-350.0,280.0,-10.5,10.5,-110.0,-110.0,-7.5,7.5,57.5,,1,espn-core,-250.0,210.0,0,0,4,17,Kansas City,KS
2024-09-14,akr,colg,31,20,-525.0,400.0,-13.5,13.5,-115.0,-105.0,-14.5,14.5,48.5,,1,espn-core,-800.0,550.0,0,0,15,27,Akron,OH
2024-09-14,ark,uab,37,27,,,,,,,,,,,0,espn-core,,,0,0,8,151,Fayetteville,AR
2024-09-14,aub,unm,45,19,-2000.0,1100.0,-25.5,25.5,-105.0,-115.0,-28.5,28.5,58.5,,1,espn-core,-3500.0,1500.0,0,0,8,17,Auburn,AL
2024-09-14,bay,afa,31,3,-900.0,600.0,-17.5,17.5,100.0,-120.0,-13.0,13.0,40.5,,1,espn-core,-700.0,500.0,0,0,4,17,Waco,TX
2024-09-14,buff,mass,34,3,-155.0,135.0,-3.5,3.5,-105.0,-115.0,-6.0,6.0,45.5,,1,espn-core,-240.0,200.0,0,0,15,18,Buffalo,NY
2024-09-14,cal,sdsu,31,10,-900.0,600.0,-18.5,18.5,-125.0,102.0,-17.5,17.5,48.5,,1,espn-core,-1000.0,700.0,0,0,1,17,Berkeley,CA
2024-09-14,clt,gweb,27,26,,,,,,,,,,,0,espn-core,,,0,0,151,179,Charlotte,NC
2024-09-14,csu,colo,9,28,250.0,-300.0,7.5,-7.5,-105.0,-115.0,7.5,-7.5,58.5,,1,espn-core,280.0,-350.0,0,0,17,4,Fort Collins,CO
2024-09-14,duke,conn,26,21,-700.0,500.0,-17.5,17.5,-110.0,-110.0,-16.5,16.5,46.5,,1,espn-core,-900.0,600.0,0,0,1,18,Durham,NC
2024-09-14,ecu,app,19,21,-105.0,-115.0,0.5,-0.5,-105.0,-115.0,2.5,-2.5,56.5,,1,espn-core,110.0,-130.0,0,0,151,37,Greenville,NC
2024-09-14,emu,jvst,37,34,105.0,-125.0,2.5,-2.5,-120.0,100.0,-1.0,1.0,53.5,,1,espn-core,-130.0,110.0,0,0,15,12,Ypsilanti,MI
2024-09-14,etsu,ndsu,35,38,,,27.0,-27.0,-115.0,-115.0,27.0,-27.0,53.5,,1,espn-core,,,0,0,29,21,Johnson City,TN
2024-09-14,fau,fiu,38,20,-155.0,135.0,-3.5,3.5,-105.0,-115.0,-6.5,6.5,44.5,,1,espn-core,-200.0,170.0,0,0,151,12,Boca Raton,FL
2024-09-14,fla,ta&m,20,33,145.0,-170.0,3.5,-3.5,-110.0,-110.0,3.5,-3.5,45.5,,1,espn-core,160.0,-190.0,0,1,8,8,Gainesville,FL
2024-09-14,fres,nmsu,48,0,-1200.0,750.0,-19.5,19.5,-115.0,-105.0,-21.0,21.0,48.5,,1,espn-core,-1600.0,900.0,0,0,17,12,Fresno,CA
2024-09-14,fsu,mem,12,20,-275.0,225.0,-6.5,6.5,-120.0,100.0,-3.5,3.5,54.5,,1,espn-core,-215.0,180.0,0,0,1,151,Tallahassee,FL
2024-09-14,gaso,scst,42,14,-3500.0,1500.0,-27.5,27.5,-110.0,-110.0,-27.5,27.5,52.5,,1,espn-core,-3500.0,1500.0,0,0,37,24,Statesboro,GA
2024-09-14,gast,van,36,32,280.0,-350.0,8.5,-8.5,-105.0,-115.0,9.5,-9.5,45.5,,1,espn-core,320.0,-400.0,0,0,37,8,Atlanta,GA
2024-09-14,gt,vmi,59,7,,,-42.5,42.5,-125.0,105.0,-43.0,43.0,53.5,,1,espn-core,,,0,0,1,29,Atlanta,GA
2024-09-14,hou,rice,33,7,-190.0,160.0,-3.5,3.5,-125.0,102.0,-5.5,5.5,43.5,,1,espn-core,-200.0,170.0,0,0,4,151,Houston,TX
2024-09-14,ill,cmu,30,9,-1400.0,800.0,-21.5,21.5,-110.0,-110.0,-17.5,17.5,49.5,,1,espn-core,-1200.0,750.0,0,0,5,15,Champaign,IL
2024-09-14,iowa,troy,38,21,-2500.0,1200.0,-23.5,23.5,-115.0,-105.0,-20.5,20.5,39.5,,1,espn-core,-3500.0,1500.0,0,0,5,37,Iowa City,IA
2024-09-14,lib,utep,28,10,-2500.0,1200.0,-23.5,23.5,-115.0,-105.0,-22.5,22.5,57.5,,1,espn-core,-1800.0,1000.0,0,1,12,12,Lynchburg,VA
2024-09-14,m-oh,cin,16,27,130.0,-150.0,3.5,-3.5,-120.0,100.0,2.5,-2.5,47.5,,1,espn-core,105.0,-125.0,0,0,15,4,Oxford,OH
2024-09-14,mia,ball,62,0,,,,,,,,,,,0,espn-core,,,0,0,1,15,Miami Gardens,FL
2024-09-14,mich,arst,28,18,,,,,,,,,,,0,espn-core,,,0,0,5,37,Ann Arbor,MI
2024-09-14,minn,nev,27,0,-700.0,500.0,-17.5,17.5,-115.0,-105.0,-14.5,14.5,44.5,,1,espn-core,-800.0,550.0,0,0,5,17,Minneapolis,MN
2024-09-14,miz,bc,27,21,-650.0,475.0,-14.5,14.5,-115.0,-105.0,-16.5,16.5,51.5,,1,espn-core,-800.0,550.0,0,0,8,1,Columbia,MO
2024-09-14,most,lin,28,14,,,-26.5,26.5,-115.0,-115.0,-25.5,25.5,54.5,,1,espn-core,,,0,0,21,179,Springfield,MO
2024-09-14,msst,tol,17,41,-350.0,280.0,-10.5,10.5,-115.0,-105.0,-9.0,9.0,56.5,,1,espn-core,-350.0,280.0,0,0,8,15,Starkville,MS
2024-09-14,msu,pv,40,0,,,-42.5,42.5,-105.0,-115.0,-40.5,40.5,53.5,,1,espn-core,,,0,0,5,31,East Lansing,MI
2024-09-14,mtsu,wku,21,49,220.0,-270.0,10.5,-10.5,-150.0,120.0,8.0,-8.0,53.5,,1,espn-core,250.0,-300.0,0,1,12,12,Murfreesboro,TN
2024-09-14,ncat,del,13,42,,,14.0,-14.0,-110.0,-120.0,13.0,-13.0,49.5,,1,espn-core,,,0,1,48,48,Greensboro,NC
2024-09-14,ncsu,lt,30,20,-1000.0,700.0,-20.5,20.5,-105.0,-115.0,-24.5,24.5,47.5,,1,espn-core,-1800.0,1000.0,0,0,1,12,Raleigh,NC
2024-09-14,neb,uni,34,3,-5000.0,2000.0,-30.5,30.5,-115.0,-105.0,-32.5,32.5,49.5,,1,espn-core,-20000.0,4000.0,0,0,5,21,Lincoln,NE
2024-09-14,nu,eiu,31,7,,,-26.5,26.5,-110.0,-110.0,-24.5,24.5,38.5,,1,espn-core,-2500.0,1200.0,0,0,5,179,Evanston,IL
2024-09-14,odu,vt,17,37,550.0,-800.0,15.5,-15.5,-105.0,-115.0,13.5,-13.5,47.5,,1,espn-core,450.0,-600.0,0,0,37,1,Norfolk,VA
2024-09-14,ohio,morg,21,6,-3000.0,1300.0,-24.5,24.5,-110.0,-110.0,-24.5,24.5,45.5,,1,espn-core,-3000.0,1300.0,0,0,15,24,Athens,OH
2024-09-14,orst,ore,14,49,,,,,,,,,,,0,espn-core,,,0,0,9,5,Corvallis,OR
2024-09-14,ou,tuln,34,19,-500.0,380.0,-13.5,13.5,102.0,-125.0,-14.5,14.5,48.5,,1,espn-core,-600.0,450.0,0,0,8,151,Norman,OK
2024-09-14,pitt,wvu,38,34,100.0,-120.0,1.5,-1.5,-110.0,-110.0,1.5,-1.5,61.5,,1,espn-core,150.0,-175.0,0,0,1,4,Pittsburgh,PA
2024-09-14,pur,nd,7,66,210.0,-250.0,7.5,-7.5,-115.0,-105.0,10.5,-10.5,47.5,,1,espn-core,425.0,-550.0,0,0,5,18,West Lafayette,IN
2024-09-14,sac,nich,34,7,,,-8.5,8.5,-115.0,-115.0,-8.0,8.0,61.5,,1,espn-core,,,0,0,20,30,Sacramento,CA
2024-09-14,sc,lsu,33,36,200.0,-240.0,6.5,-6.5,-110.0,-110.0,8.5,-8.5,48.5,,1,espn-core,225.0,-275.0,0,1,8,8,Columbia,SC
2024-09-14,shsu,haw,31,13,,,,,,,,,,,0,espn-core,,,0,0,12,17,Huntsville,TX
2024-09-14,sjsu,kenn,31,10,-1200.0,750.0,-16.5,16.5,-110.0,-110.0,-19.0,19.0,41.5,,1,espn-core,-1600.0,900.0,0,0,17,12,San Jose,CA
2024-09-14,tcu,ucf,34,35,-125.0,105.0,-2.5,2.5,-105.0,-115.0,-0.5,0.5,59.5,,1,espn-core,-115.0,-105.0,0,1,4,4,Fort Worth,TX
2024-09-14,tem,ccu,20,28,500.0,-700.0,17.5,-17.5,-110.0,-110.0,17.0,-17.0,51.5,,1,espn-core,600.0,-900.0,0,0,151,37,Philadelphia,PA
2024-09-14,tenn,kent,71,0,,,-49.5,49.5,100.0,-120.0,-47.5,47.5,61.5,,1,espn-core,,,0,0,8,15,Knoxville,TN
2024-09-14,tex,utsa,56,7,-20000.0,4000.0,-36.5,36.5,-110.0,-110.0,-33.5,33.5,56.5,,1,espn-core,-20000.0,4000.0,0,0,8,151,Austin,TX
2024-09-14,tlsa,okst,10,45,700.0,-1000.0,17.5,-17.5,-110.0,-110.0,20.5,-20.5,62.5,,1,espn-core,700.0,-1000.0,0,0,151,4,Tulsa,OK
2024-09-14,ttu,unt,66,21,,,,,,,,,,,0,espn-core,,,0,0,4,151,Lubbock,TX
2024-09-14,ucla,iu,13,42,155.0,-185.0,3.5,-3.5,-110.0,-110.0,2.5,-2.5,46.5,,1,espn-core,115.0,-135.0,0,1,5,5,Pasadena,CA
2024-09-14,uk,uga,12,13,1500.0,-3500.0,21.5,-21.5,-110.0,-110.0,21.5,-21.5,44.5,,1,espn-core,1300.0,-3000.0,0,1,8,8,Lexington,KY
2024-09-14,unc,nccu,45,10,,,-37.5,37.5,-115.0,-105.0,-37.5,37.5,57.5,,1,espn-core,,,0,0,1,24,Chapel Hill,NC
2024-09-14,usm,usf,24,49,,,,,,,,,,,0,espn-core,,,0,0,37,151,Hattiesburg,MS
2024-09-14,usu,utah,21,38,900.0,-1600.0,20.5,-20.5,-110.0,-110.0,22.0,-22.0,43.5,,1,espn-core,1100.0,-2000.0,0,0,17,4,Logan,UT
2024-09-14,uva,md,13,27,,,,,,,,,,,0,espn-core,,,0,0,1,5,Charlottesville,VA
2024-09-14,wake,miss,6,40,700.0,-1000.0,20.5,-20.5,100.0,-120.0,23.0,-23.0,65.5,,1,espn-core,900.0,-1600.0,0,0,1,8,Winston-Salem,NC
2024-09-14,wash,wsu,19,24,,,,,,,,,,,0,espn-core,,,1,0,5,9,Seattle,WA
2024-09-14,wis,ala,10,42,500.0,-700.0,15.5,-15.5,-115.0,-105.0,16.5,-16.5,47.5,,1,espn-core,550.0,-800.0,0,0,5,8,Madison,WI
2024-09-14,wmu,bcu,59,31,-15000.0,3500.0,-33.5,33.5,-115.0,-105.0,-33.0,33.0,54.5,,1,espn-core,-20000.0,4000.0,0,0,15,31,Kalamazoo,MI
2024-09-14,wyo,byu,14,34,,,,,,,,,,,0,espn-core,,,0,0,17,4,Laramie,WY
2024-09-19,app,usa,14,48,,,,,,,,,,,0,espn-core,,,0,1,37,37,Boone,NC
2024-09-20,neb,ill,24,31,-375.0,295.0,-9.5,9.5,-110.0,-110.0,-8.5,8.5,41.5,,1,espn-core,-360.0,290.0,0,1,5,5,Lincoln,NE
2024-09-20,syr,stan,24,26,-360.0,290.0,-9.5,9.5,-115.0,-105.0,-8.5,8.5,56.5,,1,espn-core,-340.0,270.0,0,1,1,1,Syracuse,NY
2024-09-20,wsu,sjsu,54,52,,,,,,,,,,,0,espn-core,,,0,0,9,17,Pullman,WA
2024-09-21,army,rice,37,14,-290.0,240.0,-7.5,7.5,100.0,-120.0,-4.0,4.0,42.5,,1,espn-core,-230.0,195.0,0,1,151,151,West Point,NY
2024-09-21,aub,ark,14,24,-135.0,115.0,-2.5,2.5,-115.0,-105.0,-3.5,3.5,53.5,,1,espn-core,-170.0,145.0,0,1,8,8,Auburn,AL
2024-09-21,bc,msu,23,19,-175.0,150.0,-4.5,4.5,-110.0,-110.0,-6.5,6.5,45.5,,1,espn-core,-250.0,210.0,0,0,1,5,Chestnut Hill,MA
2024-09-21,bois,prst,56,14,,,,,,,,,,,0,espn-core,,,0,0,17,20,Boise,ID
2024-09-21,byu,ksu,38,9,220.0,-270.0,7.5,-7.5,-105.0,-115.0,7.5,-7.5,48.5,,1,espn-core,250.0,-300.0,0,1,4,4,Provo,UT
2024-09-21,ccu,uva,24,43,140.0,-165.0,3.5,-3.5,-110.0,-110.0,3.0,-3.0,52.5,,1,espn-core,135.0,-155.0,0,0,37,1,Conway,SC
2024-09-21,cin,hou,34,0,,,,,,,,,,,0,espn-core,,,0,1,4,4,Cincinnati,OH
2024-09-21,clem,ncsu,59,35,-900.0,600.0,-17.5,17.5,-110.0,-110.0,-16.5,16.5,44.5,,1,espn-core,-800.0,550.0,0,1,1,1,Clemson,SC
2024-09-21,cmu,ball,37,34,-200.0,170.0,-5.5,5.5,-115.0,-105.0,-6.0,6.0,49.5,,1,espn-core,-250.0,210.0,0,1,15,15,Mount Pleasant,MI
2024-09-21,colo,bay,38,31,-135.0,115.0,-2.5,2.5,-110.0,-110.0,-1.0,1.0,54.5,,1,espn-core,-120.0,100.0,0,1,4,4,Boulder,CO
2024-09-21,conn,fau,48,14,-120.0,100.0,-0.5,0.5,,,2.5,-2.5,45.5,,1,espn-core,-130.0,110.0,0,0,18,151,East Hartford,CT
2024-09-21,csu,utep,27,17,-280.0,230.0,-8.5,8.5,-110.0,-110.0,-10.0,10.0,48.5,,1,espn-core,-400.0,320.0,0,0,17,12,Fort Collins,CO
2024-09-21,del,penn,29,22,,,-13.0,13.0,-115.0,-115.0,-12.0,12.0,51.5,,1,espn-core,,,0,0,48,22,Newark,DE
2024-09-21,emu,sfpa,36,0,-4000.0,1800.0,-25.5,25.5,100.0,-120.0,-24.0,24.0,45.5,,1,espn-core,-4000.0,1800.0,0,0,15,25,Ypsilanti,MI
2024-09-21,etam,sac,0,34,,,19.5,-19.5,-115.0,-115.0,19.5,-19.5,58.5,,1,espn-core,,,0,0,30,20,Commerce,TX
2024-09-21,fiu,monm,42,45,-450.0,360.0,-12.5,12.5,-110.0,-110.0,-13.5,13.5,59.5,,1,espn-core,-500.0,380.0,0,0,12,48,Miami,FL
2024-09-21,fsu,cal,14,9,-145.0,125.0,-2.5,2.5,-110.0,-110.0,-2.5,2.5,44.5,,1,espn-core,-130.0,110.0,0,1,1,1,Tallahassee,FL
2024-09-21,haw,uni,36,7,-400.0,320.0,-10.5,10.5,-105.0,-115.0,-7.5,7.5,46.5,,1,espn-core,-320.0,260.0,0,0,17,21,Honolulu,HI
2024-09-21,isu,arst,52,7,-1000.0,700.0,-18.5,18.5,-130.0,105.0,-20.5,20.5,52.5,,1,espn-core,-1600.0,900.0,0,0,4,37,Ames,IA
2024-09-21,iu,clt,52,14,-5000.0,2000.0,-28.5,28.5,-105.0,-115.0,-27.5,27.5,50.5,,1,espn-core,-5000.0,2000.0,0,0,5,151,Bloomington,IN
2024-09-21,jvst,usm,44,7,-200.0,170.0,-6.5,6.5,-105.0,-115.0,-6.5,6.5,60.5,,1,espn-core,-230.0,195.0,0,0,12,37,Jacksonville,AL
2024-09-21,lib,ecu,35,24,-270.0,220.0,-7.5,7.5,-105.0,-115.0,-6.5,6.5,54.5,,1,espn-core,-290.0,240.0,0,0,12,151,Lynchburg,VA
2024-09-21,lou,gt,31,19,-320.0,260.0,-8.5,8.5,-115.0,-105.0,-10.5,10.5,55.5,,1,espn-core,-400.0,320.0,0,1,1,1,Louisville,KY
2024-09-21,lsu,ucla,34,17,,,,,,,,,,,0,espn-core,,,0,0,8,5,Baton Rouge,LA
2024-09-21,lt,tlsa,20,23,-125.0,105.0,-1.5,1.5,-125.0,102.0,-1.5,1.5,55.5,,1,espn-core,-135.0,115.0,0,0,12,151,Ruston,LA
2024-09-21,mass,ccsu,35,31,-1000.0,700.0,-19.5,19.5,-115.0,-105.0,-20.0,20.0,51.5,,1,espn-core,-1200.0,750.0,0,0,18,25,Amherst,MA
2024-09-21,md,vill,38,20,-1800.0,1000.0,-22.5,22.5,-110.0,-110.0,-19.5,19.5,46.5,,1,espn-core,-2000.0,900.0,0,0,5,48,College Park,MD
2024-09-21,mich,usc,27,24,150.0,-180.0,4.5,-4.5,-110.0,-110.0,6.5,-6.5,43.5,,1,espn-core,190.0,-225.0,0,1,5,5,Ann Arbor,MI
2024-09-21,minn,iowa,14,31,125.0,-145.0,2.5,-2.5,100.0,-120.0,2.5,-2.5,34.5,,1,espn-core,110.0,-130.0,0,1,5,5,Minneapolis,MN
2024-09-21,miss,gaso,52,13,-15000.0,3500.0,-35.5,35.5,-115.0,-105.0,-35.5,35.5,68.5,,1,espn-core,-10000.0,3000.0,0,0,8,37,Oxford,MS
2024-09-21,miz,van,30,27,-1000.0,700.0,-18.5,18.5,100.0,-120.0,-21.0,21.0,52.5,,1,espn-core,-1600.0,900.0,0,1,8,8,Columbia,MO
2024-09-21,msst,fla,28,45,,,,,,,,,,,0,espn-core,,,0,1,8,8,Starkville,MS
2024-09-21,mtsu,duke,17,45,425.0,-550.0,14.5,-14.5,-110.0,-110.0,14.0,-14.0,50.5,,1,espn-core,425.0,-550.0,0,0,12,1,Murfreesboro,TN
2024-09-21,navy,mem,56,44,230.0,-280.0,8.5,-8.5,-110.0,-110.0,11.0,-11.0,46.5,,1,espn-core,360.0,-450.0,0,1,151,151,Annapolis,MD
2024-09-21,nd,m-oh,28,3,-5000.0,2000.0,-27.5,27.5,-115.0,-105.0,-26.5,26.5,43.5,,1,espn-core,-5000.0,2000.0,0,0,18,15,Notre Dame,IN
2024-09-21,ndsu,tow,41,24,,,-25.0,25.0,-110.0,-120.0,-25.0,25.0,53.5,,1,espn-core,,,0,0,21,48,Fargo,ND
2024-09-21,nev,ewu,49,16,-500.0,380.0,-13.5,13.5,-110.0,-110.0,-9.0,9.0,54.5,,1,espn-core,-340.0,270.0,0,0,17,20,Reno,NV
2024-09-21,niu,buff,20,23,-525.0,400.0,-12.5,12.5,-115.0,-105.0,-14.5,14.5,42.5,,1,espn-core,-550.0,425.0,0,1,15,15,Dekalb,IL
2024-09-21,okst,utah,19,22,100.0,-120.0,0.5,-0.5,-115.0,-105.0,-2.5,2.5,53.5,,1,espn-core,-135.0,115.0,0,1,4,4,Stillwater,OK
2024-09-21,orst,pur,38,21,-115.0,-105.0,-1.5,1.5,-110.0,-110.0,-5.5,5.5,49.5,,1,espn-core,-225.0,190.0,0,0,9,5,Corvallis,OR
2024-09-21,osu,mrsh,49,14,,,-38.5,38.5,-115.0,-105.0,-39.5,39.5,55.5,,1,espn-core,,,0,0,5,37,Columbus,OH
2024-09-21,ou,tenn,15,25,175.0,-210.0,5.5,-5.5,-105.0,-115.0,5.5,-5.5,56.5,,1,espn-core,240.0,-290.0,0,1,8,8,Norman,OK
2024-09-21,pitt,ysu,73,17,-3000.0,1300.0,-29.5,29.5,125.0,-145.0,-25.5,25.5,59.5,,1,espn-core,-3500.0,1300.0,0,0,1,21,Pittsburgh,PA
2024-09-21,psu,kent,56,0,,,,,,,,,,,0,espn-core,,,0,0,5,15,University Park,PA
2024-09-21,sc,akr,50,7,-2500.0,1200.0,-22.5,22.5,-110.0,-110.0,-27.5,27.5,40.5,,1,espn-core,-5000.0,2000.0,0,0,8,15,Columbia,SC
2024-09-21,shsu,nmsu,31,11,-650.0,475.0,-14.5,14.5,-105.0,-115.0,-12.0,12.0,43.5,,1,espn-core,-700.0,500.0,0,1,12,12,Huntsville,TX
2024-09-21,smu,tcu,66,42,,,,,,,,,,,0,espn-core,,,0,0,1,4,Dallas,TX
2024-09-21,ta&m,bgsu,26,20,,,,,,,,,,,0,espn-core,,,0,0,8,15,College Station,TX
2024-09-21,tem,usu,45,29,195.0,-230.0,6.5,-6.5,-105.0,-115.0,6.5,-6.5,53.5,,1,espn-core,195.0,-230.0,0,0,151,17,Philadelphia,PA
2024-09-21,tex,ulm,51,3,,,-41.5,41.5,-105.0,-115.0,-45.0,45.0,53.5,,1,espn-core,,,0,0,8,37,Austin,TX
2024-09-21,troy,famu,34,12,-1600.0,900.0,-21.5,21.5,100.0,-120.0,-22.5,22.5,48.5,,1,espn-core,-1400.0,800.0,0,0,37,31,Troy,AL
2024-09-21,ttu,asu,30,22,-200.0,170.0,-4.5,4.5,-110.0,-110.0,-2.5,2.5,57.5,,1,espn-core,-150.0,130.0,0,1,4,4,Lubbock,TX
2024-09-21,uk,ohio,41,6,-2000.0,1100.0,-21.5,21.5,-105.0,-115.0,-18.0,18.0,41.5,,1,espn-core,-1600.0,900.0,0,0,8,15,Lexington,KY
2024-09-21,ul,tuln,33,41,100.0,-120.0,1.5,-1.5,-110.0,-110.0,3.5,-3.5,53.5,,1,espn-core,135.0,-155.0,0,0,37,151,Lafayette,LA
2024-09-21,unc,jmu,50,70,-400.0,320.0,-11.5,11.5,-110.0,-110.0,-10.5,10.5,48.5,,1,espn-core,-450.0,360.0,0,0,1,37,Chapel Hill,NC
2024-09-21,unm,fres,21,38,360.0,-450.0,11.5,-11.5,100.0,-120.0,16.0,-16.0,62.5,,1,espn-core,475.0,-650.0,0,1,17,17,Albuquerque,NM
2024-09-21,unt,wyo,44,17,-250.0,210.0,-7.5,7.5,102.0,-125.0,-9.5,9.5,55.5,,1,espn-core,-350.0,280.0,0,0,151,17,Denton,TX
2024-09-21,usf,mia,15,50,500.0,-700.0,15.5,-15.5,102.0,-125.0,17.5,-17.5,63.5,,1,espn-core,550.0,-800.0,0,0,151,1,Tampa,FL
2024-09-21,utm,most,24,31,,,,,,,,,,,0,espn-core,,,0,0,179,21,Martin,TN
2024-09-21,utsa,hcu,45,7,-20000.0,4000.0,-36.5,36.5,-110.0,-110.0,-35.5,35.5,55.5,,1,espn-core,-20000.0,4000.0,0,0,151,30,San Antonio,TX
2024-09-21,vt,rutg,23,26,-150.0,130.0,-3.5,3.5,105.0,-130.0,-4.5,4.5,44.5,,1,espn-core,-190.0,160.0,0,0,1,5,Blacksburg,VA
2024-09-21,wash,nu,24,5,,,,,,,,,,,0,espn-core,,,0,1,5,5,Seattle,WA
2024-09-21,wku,tol,26,21,100.0,-120.0,2.5,-2.5,-115.0,-105.0,-0.5,0.5,60.5,,1,espn-core,-105.0,-115.0,0,0,12,15,Bowling Green,KY
2024-09-21,wvu,ku,32,28,-120.0,100.0,-1.5,1.5,-110.0,-110.0,-2.5,2.5,56.5,,1,espn-core,-140.0,120.0,0,1,4,4,Morgantown,WV
2024-09-26,tem,army,14,42,340.0,-425.0,21.5,-21.5,-375.0,260.0,13.0,-13.0,52.5,,1,espn-core,450.0,-600.0,0,1,151,151,Philadelphia,PA
2024-09-27,mia,vt,38,34,-900.0,600.0,-17.5,17.5,-110.0,-110.0,-16.5,16.5,55.5,,1,espn-core,-800.0,550.0,0,1,1,1,Miami Gardens,FL
2024-09-27,rutg,wash,21,18,-120.0,100.0,-1.5,1.5,100.0,-120.0,-2.5,2.5,44.5,,1,espn-core,-140.0,120.0,0,1,5,5,Piscataway,NJ
2024-09-28,ala,uga,41,34,105.0,-125.0,4.5,-4.5,-110.0,-110.0,,,52.0,,5,espn-core,105.0,-125.0,0,1,8,8,Tuscaloosa,AL
2024-09-28,aub,ou,21,27,-125.0,105.0,-1.5,1.5,-115.0,-105.0,3.0,-3.0,43.5,,1,espn-core,125.0,-145.0,0,1,8,8,Auburn,AL
2024-09-28,bay,byu,28,34,-145.0,125.0,-3.5,3.5,102.0,-125.0,-2.5,2.5,46.5,,1,espn-core,-150.0,130.0,0,1,4,4,Waco,TX
2024-09-28,bc,wku,21,20,-275.0,225.0,-7.5,7.5,-110.0,-110.0,-11.0,11.0,48.5,,1,espn-core,-450.0,360.0,0,0,1,12,Chestnut Hill,MA
2024-09-28,bgsu,odu,27,30,-360.0,290.0,-11.5,11.5,-105.0,-115.0,-9.5,9.5,51.5,,1,espn-core,-350.0,280.0,0,0,15,37,Bowling Green,OH
2024-09-28,bois,wsu,45,24,-230.0,195.0,-6.5,6.5,-110.0,-110.0,-7.0,7.0,65.5,,1,espn-core,-250.0,210.0,0,0,17,9,Boise,ID
2024-09-28,clem,stan,40,14,-1400.0,800.0,-23.5,23.5,-110.0,-110.0,-22.0,22.0,57.5,,1,espn-core,-2000.0,1100.0,0,1,1,1,Clemson,SC
2024-09-28,cmu,sdsu,22,21,-130.0,110.0,-2.5,2.5,-110.0,-110.0,-0.5,0.5,48.5,,1,espn-core,-110.0,-110.0,0,0,15,17,Mount Pleasant,MI
2024-09-28,conn,buff,47,3,-195.0,165.0,-5.5,5.5,-110.0,-110.0,-3.5,3.5,44.5,,1,espn-core,-200.0,170.0,0,0,18,15,East Hartford,CT
2024-09-28,del,shu,49,0,,,-31.0,31.0,-120.0,-110.0,-28.5,28.5,47.5,,1,espn-core,,,0,0,48,32,Newark,DE
2024-09-28,duke,unc,21,20,100.0,-120.0,1.5,-1.5,-115.0,-105.0,-3.0,3.0,54.5,,1,espn-core,-115.0,-105.0,0,1,1,1,Durham,NC
2024-09-28,ecu,utsa,30,20,-125.0,105.0,-1.5,1.5,-115.0,-105.0,-3.5,3.5,52.5,,1,espn-core,-190.0,160.0,0,1,151,151,Greenville,NC
2024-09-28,fau,wag,41,10,-15000.0,3500.0,-34.5,34.5,-105.0,-115.0,-29.5,29.5,52.5,,1,espn-core,-7500.0,2500.0,0,0,151,25,Boca Raton,FL
2024-09-28,fiu,lt,17,10,110.0,-130.0,2.0,-2.0,-110.0,-110.0,2.0,-2.0,49.5,,1,espn-core,110.0,-130.0,0,1,12,12,Miami,FL
2024-09-28,gast,gaso,21,38,-155.0,135.0,-3.5,3.5,-105.0,-115.0,-0.5,0.5,56.5,,1,espn-core,-110.0,-110.0,0,1,37,37,Atlanta,GA
2024-09-28,hou,isu,0,20,550.0,-800.0,16.5,-16.5,-115.0,-105.0,13.0,-13.0,42.5,,1,espn-core,425.0,-550.0,0,1,4,4,Houston,TX
2024-09-28,ilst,ndsu,10,42,,,10.0,-10.0,-115.0,-115.0,10.5,-10.5,50.5,,1,espn-core,,,0,1,21,21,Normal,IL
2024-09-28,iu,md,42,28,-300.0,250.0,-7.5,7.5,100.0,-120.0,-7.0,7.0,48.5,,1,espn-core,-250.0,210.0,0,1,5,5,Bloomington,IN
2024-09-28,jmu,ball,63,7,-1000.0,700.0,-20.5,20.5,-115.0,-105.0,-19.0,19.0,54.5,,1,espn-core,-1000.0,700.0,0,0,37,15,Harrisonburg,VA
2024-09-28,kenn,utm,13,24,,,1.5,-1.5,-115.0,-115.0,-1.5,1.5,45.5,,1,espn-core,,,0,0,12,179,Kennesaw,GA
2024-09-28,kent,emu,33,52,475.0,-650.0,13.5,-13.5,-105.0,-115.0,14.0,-14.0,44.5,,1,espn-core,475.0,-650.0,0,1,15,15,Kent,OH
2024-09-28,ksu,okst,42,20,-230.0,195.0,-5.5,5.5,-115.0,-105.0,-5.5,5.5,58.5,,1,espn-core,-190.0,160.0,0,1,4,4,Manhattan,KS
2024-09-28,ku,tcu,27,38,-125.0,105.0,-1.5,1.5,-115.0,-105.0,-1.5,1.5,59.5,,1,espn-core,-125.0,105.0,0,1,4,4,Kansas City,MO
2024-09-28,lsu,usa,42,10,-1800.0,1000.0,-20.5,20.5,-115.0,-105.0,-20.5,20.5,64.5,,1,espn-core,-1600.0,900.0,0,0,8,37,Baton Rouge,LA
2024-09-28,m-oh,mass,23,20,-600.0,450.0,-15.5,15.5,-110.0,-110.0,-17.0,17.0,43.5,,1,espn-core,-900.0,600.0,0,0,15,18,Oxford,OH
2024-09-28,mem,mtsu,24,7,-3000.0,1300.0,-27.5,27.5,-110.0,-110.0,-24.5,24.5,60.5,,1,espn-core,-7500.0,2500.0,0,0,151,12,Memphis,TN
2024-09-28,mich,minn,27,24,-425.0,340.0,-10.5,10.5,100.0,-120.0,-10.5,10.5,34.5,,1,espn-core,-450.0,360.0,0,1,5,5,Ann Arbor,MI
2024-09-28,miss,uk,17,20,-650.0,475.0,-15.5,15.5,-105.0,-115.0,-17.5,17.5,51.5,,1,espn-core,-900.0,600.0,0,1,8,8,Oxford,MS
2024-09-28,most,ysu,38,31,,,-10.0,10.0,-115.0,-115.0,-9.5,9.5,54.5,,1,espn-core,,,0,1,21,21,Springfield,MO
2024-09-28,mrsh,wmu,27,20,-170.0,145.0,-3.5,3.5,-110.0,-110.0,-6.0,6.0,52.5,,1,espn-core,-215.0,180.0,0,0,37,15,Huntington,WV
2024-09-28,msu,osu,7,38,1500.0,-3500.0,23.5,-23.5,-110.0,-110.0,24.0,-24.0,47.5,,1,espn-core,1300.0,-3000.0,0,1,5,5,East Lansing,MI
2024-09-28,nau,sac,34,16,,,7.5,-7.5,-125.0,-105.0,5.0,-5.0,56.5,,1,espn-core,,,0,1,20,20,Flagstaff,AZ
2024-09-28,ncsu,niu,24,17,-270.0,220.0,-7.5,7.5,-115.0,-105.0,-7.5,7.5,46.5,,1,espn-core,-320.0,260.0,0,0,1,15,Raleigh,NC
2024-09-28,nd,lou,31,24,-215.0,180.0,-6.5,6.5,-120.0,100.0,-6.5,6.5,45.5,,1,espn-core,-210.0,175.0,0,0,18,1,Notre Dame,IN
2024-09-28,nmsu,unm,40,50,260.0,-320.0,8.5,-8.5,-110.0,-110.0,7.0,-7.0,53.5,,1,espn-core,220.0,-270.0,0,0,12,17,Las Cruces,NM
2024-09-28,ohio,akr,30,10,-300.0,250.0,-7.5,7.5,-115.0,-105.0,-12.0,12.0,45.5,,1,espn-core,-525.0,400.0,0,1,15,15,Athens,OH
2024-09-28,psu,ill,21,7,-900.0,600.0,-19.5,19.5,-115.0,-105.0,-17.5,17.5,48.5,,1,espn-core,-1200.0,750.0,0,1,5,5,University Park,PA
2024-09-28,pur,neb,10,28,320.0,-400.0,10.5,-10.5,-115.0,-105.0,9.5,-9.5,46.5,,1,espn-core,300.0,-380.0,0,1,5,5,West Lafayette,IN
2024-09-28,rice,clt,20,21,-185.0,155.0,-4.5,4.5,-105.0,-115.0,-6.0,6.0,47.5,,1,espn-core,-250.0,210.0,0,1,151,151,Houston,TX
2024-09-28,shsu,txst,40,39,300.0,-380.0,10.5,-10.5,-105.0,-115.0,8.0,-8.0,54.5,,1,espn-core,270.0,-340.0,1,0,12,37,Houston,TX
2024-09-28,smu,fsu,42,16,-200.0,170.0,-5.5,5.5,-115.0,-105.0,-4.5,4.5,46.5,,1,espn-core,-225.0,190.0,0,1,1,1,Dallas,TX
2024-09-28,syr,hc,42,14,-7500.0,2500.0,-31.5,31.5,-105.0,-115.0,-28.5,28.5,59.5,,1,espn-core,-5000.0,2000.0,0,0,1,27,Syracuse,NY
2024-09-28,ta&m,ark,21,17,-290.0,240.0,-7.5,7.5,-115.0,-105.0,-4.5,4.5,50.5,,1,espn-core,-200.0,170.0,1,1,8,8,Arlington,TX
2024-09-28,tex,msst,35,13,-20000.0,4000.0,-38.5,38.5,110.0,-135.0,-38.0,38.0,58.5,,1,espn-core,-20000.0,4000.0,0,1,8,8,Austin,TX
2024-09-28,troy,ulm,9,13,-225.0,190.0,-6.5,6.5,-110.0,-110.0,-8.5,8.5,44.5,,1,espn-core,-360.0,290.0,0,1,37,37,Troy,AL
2024-09-28,ttu,cin,44,41,-165.0,140.0,-3.5,3.5,102.0,-125.0,-4.0,4.0,59.5,,1,espn-core,-185.0,155.0,0,1,4,4,Lubbock,TX
2024-09-28,tuln,usf,45,10,-185.0,155.0,-5.5,5.5,-105.0,-115.0,-6.5,6.5,60.5,,1,espn-core,-230.0,195.0,0,1,151,151,New Orleans,LA
2024-09-28,uab,navy,18,41,160.0,-190.0,5.5,-5.5,-115.0,-105.0,2.0,-2.0,56.5,,1,espn-core,120.0,-140.0,0,1,151,151,Birmingham,AL
2024-09-28,ucf,colo,21,48,-450.0,360.0,-12.5,12.5,-115.0,-105.0,-12.0,12.0,59.5,,1,espn-core,-600.0,450.0,0,1,4,4,Orlando,FL
2024-09-28,ucla,ore,13,34,1000.0,-1800.0,23.5,-23.5,-115.0,-105.0,24.0,-24.0,52.5,,1,espn-core,1800.0,-4000.0,0,1,5,5,Pasadena,CA
2024-09-28,unlv,fres,59,14,-135.0,115.0,-2.5,2.5,-115.0,-105.0,-3.5,3.5,49.5,,1,espn-core,-175.0,150.0,0,1,17,17,Las Vegas,NV
2024-09-28,unt,tlsa,52,20,-270.0,220.0,-7.5,7.5,-105.0,-115.0,-7.0,7.0,65.5,,1,espn-core,-270.0,220.0,0,1,151,151,Denton,TX
2024-09-28,usc,wis,38,21,-450.0,360.0,-13.5,13.5,-110.0,-110.0,-14.5,14.5,49.5,,1,espn-core,-650.0,475.0,0,1,5,5,Los Angeles,CA
2024-09-28,utah,ariz,10,23,-270.0,220.0,-7.5,7.5,-105.0,-115.0,-11.5,11.5,46.5,,1,espn-core,-450.0,360.0,0,1,4,4,Salt Lake City,UT
2024-09-28,wake,ul,38,41,-145.0,125.0,-2.5,2.5,-140.0,113.0,-2.5,2.5,58.5,,1,espn-core,-140.0,120.0,0,0,1,37,Winston-Salem,NC
2024-09-28,wyo,afa,31,19,150.0,-175.0,4.5,-4.5,-115.0,-105.0,2.5,-2.5,33.5,,1,espn-core,120.0,-140.0,0,1,17,17,Laramie,WY
2024-10-03,troy,txst,17,38,450.0,-600.0,14.5,-14.5,-110.0,-110.0,14.5,-14.5,55.5,,1,espn-core,450.0,-600.0,0,1,37,37,Troy,AL
2024-10-03,utep,shsu,21,41,270.0,-340.0,9.5,-9.5,100.0,-120.0,11.0,-11.0,49.5,,1,espn-core,360.0,-450.0,0,1,12,12,El Paso,TX
2024-10-04,kenn,jvst,24,63,500.0,-700.0,17.5,-17.5,-110.0,-110.0,14.0,-14.0,49.5,,1,espn-core,500.0,-700.0,0,1,12,12,Kennesaw,GA
2024-10-04,ore,msu,31,10,-1400.0,800.0,-21.5,21.5,-110.0,-110.0,-24.5,24.5,52.5,,1,espn-core,-2500.0,1200.0,0,1,5,5,Eugene,OR
2024-10-04,tcu,hou,19,30,-700.0,500.0,-16.5,16.5,-110.0,-110.0,-17.5,17.5,51.5,,1,espn-core,-900.0,600.0,0,1,4,4,Fort Worth,TX
2024-10-04,unlv,syr,41,44,-200.0,170.0,-5.5,5.5,100.0,-120.0,-4.5,4.5,54.5,,1,espn-core,-200.0,170.0,0,0,17,1,Las Vegas,NV
2024-10-05,afa,navy,7,34,300.0,-380.0,9.5,-9.5,-105.0,-115.0,9.5,-9.5,37.5,,1,espn-core,340.0,-425.0,0,0,17,151,USAF Academy,CO
2024-10-05,akr,bgsu,20,27,475.0,-650.0,16.5,-16.5,100.0,-120.0,15.0,-15.0,48.5,,1,espn-core,500.0,-700.0,0,1,15,15,Akron,OH
2024-10-05,ariz,ttu,22,28,-200.0,170.0,-5.5,5.5,-110.0,-110.0,-4.0,4.0,62.5,,1,espn-core,-190.0,160.0,0,1,4,4,Tucson,AZ
2024-10-05,ark,tenn,19,14,400.0,-525.0,14.5,-14.5,-110.0,-110.0,13.5,-13.5,57.5,,1,espn-core,400.0,-525.0,0,1,8,8,Fayetteville,AR
2024-10-05,arst,usa,18,16,120.0,-140.0,2.5,-2.5,100.0,-120.0,4.5,-4.5,62.5,,1,espn-core,160.0,-190.0,0,1,37,37,Jonesboro,AR
2024-10-05,asu,ku,35,31,-135.0,115.0,-2.5,2.5,-115.0,-105.0,-3.0,3.0,48.5,,1,espn-core,-155.0,135.0,0,1,4,4,Tempe,AZ
2024-10-05,ball,wmu,42,45,280.0,-350.0,10.5,-10.5,-115.0,-105.0,8.5,-8.5,57.5,,1,espn-core,260.0,-320.0,0,1,15,15,Muncie,IN
2024-10-05,bois,usu,62,30,-3500.0,1500.0,-27.5,27.5,-115.0,-105.0,-28.0,28.0,66.5,,1,espn-core,-3000.0,1300.0,0,1,17,17,Boise,ID
2024-10-05,cal,mia,38,39,280.0,-350.0,8.5,-8.5,102.0,-125.0,13.5,-13.5,53.5,,1,espn-core,400.0,-525.0,0,1,1,1,Berkeley,CA
2024-10-05,ccu,odu,45,37,-170.0,145.0,-4.5,4.5,-105.0,-115.0,-5.5,5.5,51.5,,1,espn-core,-215.0,180.0,0,1,37,37,Conway,SC
2024-10-05,clt,ecu,55,24,230.0,-280.0,8.5,-8.5,-110.0,-110.0,8.0,-8.0,47.5,,1,espn-core,260.0,-320.0,0,1,151,151,Charlotte,NC
2024-10-05,conn,tem,29,20,-700.0,500.0,-17.5,17.5,-105.0,-115.0,-13.5,13.5,48.5,,1,espn-core,-600.0,450.0,0,0,18,151,East Hartford,CT
2024-10-05,fla,ucf,24,13,100.0,-120.0,1.5,-1.5,-110.0,-110.0,-1.0,1.0,60.5,,1,espn-core,-115.0,-105.0,0,0,8,4,Gainesville,FL
2024-10-05,fsu,clem,13,29,-143.0,118.0,,,-110.0,-112.0,,,48.5,,3,espn-core,-143.0,118.0,0,1,1,1,Tallahassee,FL
2024-10-05,gt,duke,24,14,-320.0,260.0,,,,,,,51.5,,1,espn-core,-300.0,250.0,0,1,1,1,Atlanta,GA
2024-10-05,isu,bay,43,21,-450.0,360.0,-12.5,12.5,-110.0,-110.0,-12.5,12.5,45.5,,1,espn-core,-550.0,425.0,0,1,4,4,Ames,IA
2024-10-05,lou,smu,27,34,-225.0,190.0,-6.5,6.5,-120.0,100.0,-7.0,7.0,55.5,,1,espn-core,-270.0,220.0,0,1,1,1,Louisville,KY
2024-10-05,minn,usc,24,17,250.0,-300.0,9.5,-9.5,-110.0,-110.0,9.5,-9.5,44.5,,1,espn-core,280.0,-350.0,0,1,5,5,Minneapolis,MN
2024-10-05,monm,del,35,42,,,5.5,-5.5,-120.0,-110.0,-1.0,1.0,63.5,,1,espn-core,,,0,1,48,48,West Long Branch,NJ
2024-10-05,mrsh,app,52,37,-150.0,130.0,-3.5,3.5,102.0,-125.0,-2.0,2.0,56.5,,1,espn-core,-130.0,110.0,0,1,37,37,Huntington,WV
2024-10-05,ncsu,wake,30,34,-155.0,135.0,-4.5,4.5,-105.0,-115.0,-6.0,6.0,52.5,,1,espn-core,-225.0,190.0,0,1,1,1,Raleigh,NC
2024-10-05,ndsu,und,41,17,,,-14.5,14.5,-110.0,-120.0,-14.5,14.5,60.5,,1,espn-core,,,0,1,21,21,Fargo,ND
2024-10-05,neb,rutg,14,7,-230.0,195.0,-5.5,5.5,-125.0,102.0,-6.5,6.5,40.5,,1,espn-core,-280.0,230.0,0,1,5,5,Lincoln,NE
2024-10-05,niu,mass,34,20,-500.0,380.0,-13.5,13.5,-115.0,-105.0,-17.0,17.0,40.5,,1,espn-core,-1000.0,700.0,0,0,15,18,Dekalb,IL
2024-10-05,nu,iu,24,41,340.0,-425.0,12.5,-12.5,-105.0,-115.0,13.0,-13.0,38.5,,1,espn-core,450.0,-600.0,0,1,5,5,Evanston,IL
2024-10-05,okst,wvu,14,38,-140.0,120.0,-2.5,2.5,-120.0,100.0,-6.5,6.5,64.5,,1,espn-core,-210.0,175.0,0,1,4,4,Stillwater,OK
2024-10-05,orst,csu,39,31,-425.0,340.0,-10.5,10.5,-110.0,-110.0,-14.0,14.0,47.5,,1,espn-core,-650.0,475.0,0,0,9,17,Corvallis,OR
2024-10-05,osu,iowa,35,7,-1000.0,700.0,-17.5,17.5,-110.0,-110.0,-23.5,23.5,45.5,,1,espn-core,-3500.0,1500.0,0,1,5,5,Columbus,OH
2024-10-05,psu,ucla,27,11,-4000.0,1800.0,-29.5,29.5,-115.0,-105.0,-27.5,27.5,47.5,,1,espn-core,-7500.0,2500.0,0,1,5,5,University Park,PA
2024-10-05,sc,miss,3,27,270.0,-340.0,10.5,-10.5,-115.0,-105.0,10.0,-10.0,51.5,,1,espn-core,290.0,-360.0,0,1,8,8,Columbia,SC
2024-10-05,sdsu,haw,27,24,-120.0,100.0,-1.5,1.5,-110.0,-110.0,-2.5,2.5,48.5,,1,espn-core,-140.0,120.0,0,1,17,17,San Diego,CA
2024-10-05,sjsu,nev,35,31,-250.0,210.0,-7.5,7.5,100.0,-120.0,-7.5,7.5,51.5,,1,espn-core,-320.0,260.0,0,1,17,17,San Jose,CA
2024-10-05,stan,vt,7,31,260.0,-320.0,9.5,-9.5,-105.0,-115.0,6.5,-6.5,49.5,,1,espn-core,180.0,-215.0,0,1,1,1,Stanford,CA
2024-10-05,ta&m,miz,41,10,-135.0,115.0,-2.5,2.5,-115.0,-105.0,-2.0,2.0,46.5,,1,espn-core,-130.0,110.0,0,1,8,8,College Station,TX
2024-10-05,tlsa,army,7,49,380.0,-500.0,13.5,-13.5,100.0,-120.0,11.0,-11.0,50.5,,1,espn-core,360.0,-450.0,0,1,151,151,Tulsa,OK
2024-10-05,tol,m-oh,30,20,-185.0,155.0,-5.5,5.5,-105.0,-115.0,-6.5,6.5,43.5,,1,espn-core,-270.0,220.0,0,1,15,15,Toledo,OH
2024-10-05,uab,tuln,20,71,700.0,-1000.0,18.5,-18.5,100.0,-120.0,14.5,-14.5,51.5,,1,espn-core,475.0,-650.0,0,1,151,151,Birmingham,AL
2024-10-05,uga,aub,31,13,-1600.0,900.0,-21.5,21.5,-105.0,-115.0,-27.0,27.0,49.5,,1,espn-core,-4000.0,1800.0,0,1,8,8,Athens,GA
2024-10-05,ulm,jmu,21,19,500.0,-700.0,16.5,-16.5,100.0,-120.0,15.0,-15.0,47.5,,1,espn-core,550.0,-800.0,0,1,37,37,Monroe,LA
2024-10-05,unc,pitt,24,34,120.0,-140.0,2.5,-2.5,100.0,-120.0,2.5,-2.5,61.5,,1,espn-core,115.0,-135.0,0,1,1,1,Chapel Hill,NC
2024-10-05,usm,ul,13,23,550.0,-800.0,16.5,-16.5,100.0,-120.0,15.5,-15.5,56.5,,1,espn-core,500.0,-700.0,0,1,37,37,Hattiesburg,MS
2024-10-05,uva,bc,24,14,-125.0,105.0,-1.5,1.5,-115.0,-105.0,-2.5,2.5,53.5,,1,espn-core,-140.0,120.0,0,1,1,1,Charlottesville,VA
2024-10-05,van,ala,40,35,1000.0,-1800.0,22.5,-22.5,-110.0,-110.0,24.5,-24.5,53.5,,1,espn-core,1100.0,-2000.0,0,1,8,8,Nashville,TN
2024-10-05,wash,mich,27,17,-125.0,105.0,-1.5,1.5,-115.0,-105.0,-2.0,2.0,39.5,,1,espn-core,-125.0,105.0,0,1,5,5,Seattle,WA
2024-10-05,wis,pur,52,6,-500.0,380.0,-11.5,11.5,-110.0,-110.0,-13.5,13.5,45.5,,1,espn-core,-600.0,450.0,0,1,5,5,Madison,WI
2024-10-08,lib,fiu,31,24,-800.0,550.0,-15.5,15.5,-110.0,-110.0,-20.0,20.0,55.5,,1,espn-core,-1200.0,750.0,0,1,12,12,Lynchburg,VA
2024-10-09,jvst,nmsu,54,13,-1400.0,800.0,-21.5,21.5,102.0,-125.0,-21.0,21.0,58.5,,1,espn-core,-1400.0,800.0,0,1,12,12,Jacksonville,AL
2024-10-10,jmu,ccu,39,7,-250.0,210.0,-6.5,6.5,-115.0,-105.0,-10.0,10.0,58.5,,1,espn-core,-360.0,290.0,0,1,37,37,Harrisonburg,VA
2024-10-10,lt,mtsu,48,21,-195.0,165.0,-4.5,4.5,-110.0,-110.0,-4.0,4.0,47.5,,1,espn-core,-200.0,170.0,0,1,12,12,Ruston,LA
2024-10-10,wku,utep,44,17,-1400.0,800.0,-18.5,18.5,-105.0,-115.0,-20.5,20.5,54.5,,1,espn-core,-1200.0,750.0,0,1,12,12,Bowling Green,KY
2024-10-11,asu,utah,27,19,175.0,-210.0,5.5,-5.5,-115.0,-115.0,3.0,-3.0,46.5,,1,espn-core,140.0,-165.0,0,1,4,4,Tempe,AZ
2024-10-11,md,nu,10,37,-360.0,290.0,-10.5,10.5,-105.0,-115.0,-10.0,10.0,44.5,,1,espn-core,-400.0,320.0,0,1,5,5,College Park,MD
2024-10-11,usu,unlv,34,50,550.0,-800.0,18.5,-18.5,-115.0,-105.0,18.0,-18.0,66.5,,1,espn-core,700.0,-1000.0,0,1,17,17,Logan,UT
2024-10-12,ala,sc,27,25,-1400.0,800.0,-19.5,19.5,-150.0,120.0,-22.5,22.5,49.5,,1,espn-core,-2000.0,1100.0,0,1,8,8,Tuscaloosa,AL
2024-10-12,army,uab,44,10,-4000.0,1800.0,-25.5,25.5,-125.0,102.0,-24.5,24.5,55.5,,1,espn-core,-2000.0,1100.0,0,1,151,151,West Point,NY
2024-10-12,bgsu,niu,7,17,-150.0,130.0,-3.5,3.5,-105.0,-115.0,-2.0,2.0,46.5,,1,espn-core,-130.0,110.0,0,1,15,15,Bowling Green,OH
2024-10-12,buff,tol,30,15,290.0,-360.0,10.5,-10.5,-115.0,-105.0,9.0,-9.0,44.5,,1,espn-core,290.0,-360.0,0,1,15,15,Buffalo,NY
2024-10-12,byu,ariz,41,19,-135.0,115.0,-2.5,2.5,-120.0,100.0,-3.5,3.5,48.5,,1,espn-core,-165.0,140.0,0,1,4,4,Provo,UT
2024-10-12,cmu,ohio,25,27,120.0,-140.0,2.5,-2.5,100.0,-120.0,2.5,-2.5,49.5,,1,espn-core,120.0,-140.0,0,1,15,15,Mount Pleasant,MI
2024-10-12,colo,ksu,28,31,135.0,-155.0,3.5,-3.5,-105.0,-115.0,3.5,-3.5,54.5,,1,espn-core,190.0,-225.0,0,1,4,4,Boulder,CO
2024-10-12,csu,sjsu,31,24,-130.0,110.0,-2.5,2.5,-110.0,-110.0,2.0,-2.0,54.5,,1,espn-core,110.0,-130.0,0,1,17,17,Fort Collins,CO
2024-10-12,del,me,44,21,,,-19.5,19.5,-115.0,-115.0,-19.5,19.5,55.5,,1,espn-core,,,0,1,48,48,Newark,DE
2024-10-12,emu,m-oh,14,38,125.0,-145.0,2.5,-2.5,102.0,-125.0,3.0,-3.0,46.5,,1,espn-core,135.0,-155.0,0,1,15,15,Ypsilanti,MI
2024-10-12,fau,unt,37,41,165.0,-195.0,5.5,-5.5,-115.0,-105.0,7.0,-7.0,58.5,,1,espn-core,210.0,-250.0,0,1,151,151,Boca Raton,FL
2024-10-12,fres,wsu,17,25,145.0,-170.0,3.5,-3.5,-110.0,-110.0,3.5,-3.5,60.5,,1,espn-core,150.0,-175.0,0,0,17,9,Fresno,CA
2024-10-12,gaso,mrsh,24,23,-110.0,-110.0,-1.5,1.5,-110.0,-110.0,2.5,-2.5,57.5,,1,espn-core,110.0,-130.0,0,1,37,37,Statesboro,GA
2024-10-12,gast,odu,14,21,-140.0,120.0,-2.5,2.5,-120.0,100.0,-1.5,1.5,53.5,,1,espn-core,-125.0,105.0,0,1,37,37,Atlanta,GA
2024-10-12,haw,bois,7,28,600.0,-900.0,20.5,-20.5,-110.0,-110.0,21.5,-21.5,60.5,,1,espn-core,800.0,-1400.0,0,1,17,17,Honolulu,HI
2024-10-12,ill,pur,50,49,-1600.0,900.0,-21.5,21.5,-110.0,-110.0,-20.0,20.0,46.5,,1,espn-core,-1400.0,800.0,0,1,5,5,Champaign,IL
2024-10-12,ilst,most,7,41,,,-2.5,2.5,-115.0,-115.0,-2.5,2.5,53.5,,1,espn-core,,,0,1,21,21,Normal,IL
2024-10-12,iowa,wash,40,16,-145.0,125.0,-2.5,2.5,-115.0,-105.0,-2.5,2.5,41.5,,1,espn-core,-145.0,125.0,0,1,5,5,Iowa City,IA
2024-10-12,kent,ball,35,37,120.0,-140.0,3.5,-3.5,-120.0,100.0,6.5,-6.5,58.5,,1,espn-core,200.0,-240.0,0,1,15,15,Kent,OH
2024-10-12,lsu,miss,29,26,155.0,-185.0,3.5,-3.5,100.0,-120.0,3.5,-3.5,64.5,,1,espn-core,130.0,-150.0,0,1,8,8,Baton Rouge,LA
2024-10-12,mass,miz,3,45,1500.0,-3500.0,27.5,-27.5,-115.0,-105.0,27.5,-27.5,53.5,,1,espn-core,1500.0,-3500.0,0,0,18,8,Amherst,MA
2024-10-12,ncsu,syr,17,24,100.0,-120.0,1.5,-1.5,-110.0,-110.0,4.0,-4.0,51.5,,1,espn-core,155.0,-185.0,0,1,1,1,Raleigh,NC
2024-10-12,nd,stan,49,7,-2000.0,1100.0,-22.5,22.5,-115.0,-105.0,-23.5,23.5,45.5,,1,espn-core,-3000.0,1300.0,0,0,18,1,Notre Dame,IN
2024-10-12,nev,orst,42,37,115.0,-135.0,2.5,-2.5,100.0,-120.0,3.5,-3.5,45.5,,1,espn-core,145.0,-170.0,0,0,17,9,Reno,NV
2024-10-12,ore,osu,32,31,140.0,-165.0,3.5,-3.5,-110.0,-110.0,3.5,-3.5,54.5,,1,espn-core,130.0,-150.0,0,1,5,5,Eugene,OR
2024-10-12,ou,tex,3,34,500.0,-700.0,16.5,-16.5,-105.0,-115.0,14.5,-14.5,48.5,,1,espn-core,475.0,-650.0,1,1,8,8,Dallas,TX
2024-10-12,pitt,cal,17,15,-165.0,140.0,-3.5,3.5,100.0,-120.0,-3.5,3.5,56.5,,1,espn-core,-165.0,140.0,0,1,1,1,Pittsburgh,PA
2024-10-12,rice,utsa,29,27,150.0,-175.0,3.5,-3.5,-115.0,-105.0,4.0,-4.0,51.5,,1,espn-core,165.0,-195.0,0,1,151,151,Houston,TX
2024-10-12,rutg,wis,7,42,-120.0,100.0,-1.5,1.5,-110.0,-110.0,-2.5,2.5,43.5,,1,espn-core,-130.0,110.0,0,1,5,5,Piscataway,NJ
2024-10-12,sac,ewu,28,35,,,-11.5,11.5,-110.0,-120.0,-13.5,13.5,65.5,,1,espn-core,,,0,1,20,20,Sacramento,CA
2024-10-12,siu,ndsu,3,24,,,22.5,-22.5,-115.0,-115.0,18.5,-18.5,55.5,,1,espn-core,,,0,1,21,21,Carbondale,IL
2024-10-12,tenn,fla,23,17,-525.0,400.0,-13.5,13.5,-120.0,100.0,-16.5,16.5,54.5,,1,espn-core,-700.0,500.0,0,1,8,8,Knoxville,TN
2024-10-12,txst,arst,41,9,-550.0,425.0,-13.5,13.5,-115.0,-105.0,-14.5,14.5,66.5,,1,espn-core,-550.0,425.0,0,1,37,37,San Marcos,TX
2024-10-12,ucf,cin,13,19,-130.0,110.0,-2.5,2.5,-105.0,-115.0,-3.5,3.5,57.5,,1,espn-core,-165.0,140.0,0,1,4,4,Orlando,FL
2024-10-12,ucla,minn,17,21,145.0,-170.0,3.5,-3.5,-105.0,-115.0,5.0,-5.0,39.5,,1,espn-core,190.0,-225.0,0,1,5,5,Pasadena,CA
2024-10-12,uga,msst,41,31,-20000.0,4000.0,-34.5,34.5,-110.0,-110.0,-34.0,34.0,54.5,,1,espn-core,-20000.0,4000.0,0,1,8,8,Athens,GA
2024-10-12,uk,van,13,20,-500.0,380.0,-12.5,12.5,-110.0,-110.0,-13.5,13.5,43.5,,1,espn-core,-600.0,450.0,0,1,8,8,Lexington,KY
2024-10-12,ul,app,34,24,-350.0,280.0,-10.5,10.5,-105.0,-115.0,-10.5,10.5,63.5,,1,espn-core,-380.0,300.0,0,1,37,37,Lafayette,LA
2024-10-12,ulm,usm,38,21,-170.0,145.0,-4.5,4.5,-110.0,-110.0,-6.0,6.0,41.5,,1,espn-core,-250.0,210.0,0,1,37,37,Monroe,LA
2024-10-12,unc,gt,34,41,150.0,-175.0,3.5,-3.5,-115.0,-105.0,6.0,-6.0,60.5,,1,espn-core,190.0,-225.0,0,1,1,1,Chapel Hill,NC
2024-10-12,unm,afa,52,37,-270.0,220.0,-6.5,6.5,-120.0,100.0,-3.5,3.5,54.5,,1,espn-core,-170.0,145.0,0,1,17,17,Albuquerque,NM
2024-10-12,usc,psu,30,33,145.0,-170.0,3.5,-3.5,-110.0,-110.0,4.0,-4.0,51.5,,1,espn-core,165.0,-195.0,0,1,5,5,Los Angeles,CA
2024-10-12,usf,mem,3,21,280.0,-350.0,10.5,-10.5,-110.0,-110.0,6.0,-6.0,58.5,,1,espn-core,190.0,-225.0,0,1,151,151,Orlando,FL
2024-10-12,uva,lou,20,24,225.0,-275.0,7.5,-7.5,-105.0,-115.0,7.0,-7.0,52.5,,1,espn-core,230.0,-280.0,0,1,1,1,Charlottesville,VA
2024-10-12,wake,clem,14,49,750.0,-1200.0,21.5,-21.5,-115.0,-105.0,20.5,-20.5,63.5,,1,espn-core,1300.0,-3000.0,0,1,1,1,Winston-Salem,NC
2024-10-12,wmu,akr,34,24,-380.0,300.0,-9.5,9.5,-110.0,-110.0,-9.5,9.5,48.5,,1,espn-core,-350.0,280.0,0,1,15,15,Kalamazoo,MI
2024-10-12,wvu,isu,16,28,135.0,-155.0,3.0,-3.0,-105.0,-115.0,3.0,-3.0,53.5,,1,espn-core,125.0,-145.0,0,1,4,4,Morgantown,WV
2024-10-12,wyo,sdsu,24,27,-120.0,100.0,-1.5,1.5,-110.0,-110.0,-0.5,0.5,41.5,,1,espn-core,-110.0,-110.0,0,1,17,17,Laramie,WY
2024-10-15,mtsu,kenn,14,5,-320.0,260.0,-10.5,10.5,115.0,-145.0,-10.0,10.0,50.5,,1,espn-core,-400.0,320.0,0,1,12,12,Murfreesboro,TN
2024-10-15,nmsu,lt,33,30,360.0,-450.0,12.5,-12.5,-110.0,-110.0,12.0,-12.0,48.5,,1,espn-core,400.0,-525.0,0,1,12,12,Las Cruces,NM
2024-10-15,usa,troy,25,9,-360.0,290.0,-8.5,8.5,-110.0,-110.0,-11.5,11.5,51.5,,1,espn-core,-425.0,340.0,0,1,37,37,Mobile,AL
2024-10-16,shsu,wku,14,31,-115.0,-105.0,-1.5,1.5,-105.0,-115.0,-2.5,2.5,55.5,,1,espn-core,-135.0,115.0,0,1,12,12,Huntsville,TX
2024-10-16,utep,fiu,30,21,210.0,-250.0,6.5,-6.5,105.0,-130.0,6.0,-6.0,47.5,,1,espn-core,195.0,-230.0,0,1,12,12,El Paso,TX
2024-10-17,mrsh,gast,35,20,-360.0,290.0,-8.5,8.5,-110.0,-110.0,-9.5,9.5,50.5,,1,espn-core,-350.0,280.0,0,1,37,37,Huntington,WV
2024-10-17,vt,bc,42,21,-320.0,260.0,-8.5,8.5,-105.0,-115.0,-7.0,7.0,46.5,,1,espn-core,-280.0,230.0,0,1,1,1,Blacksburg,VA
2024-10-18,byu,okst,38,35,-320.0,260.0,-7.5,7.5,-115.0,-105.0,-8.5,8.5,52.5,,1,espn-core,-320.0,260.0,0,1,4,4,Provo,UT
2024-10-18,duke,fsu,23,16,-140.0,120.0,-2.5,2.5,-110.0,-110.0,-3.0,3.0,41.5,,1,espn-core,-150.0,130.0,0,1,1,1,Durham,NC
2024-10-18,nev,fres,21,24,130.0,-150.0,2.5,-2.5,100.0,-120.0,3.0,-3.0,49.5,,1,espn-core,130.0,-150.0,0,1,17,17,Reno,NV
2024-10-18,pur,ore,0,35,1500.0,-3500.0,29.5,-29.5,-105.0,-115.0,28.5,-28.5,60.5,,1,espn-core,1500.0,-3500.0,0,1,5,5,West Lafayette,IN
2024-10-19,afa,csu,13,21,165.0,-195.0,5.5,-5.5,-105.0,-115.0,7.5,-7.5,44.5,,1,espn-core,260.0,-320.0,0,1,17,17,USAF Academy,CO
2024-10-19,ariz,colo,7,34,-125.0,105.0,-2.5,2.5,-105.0,-115.0,-3.0,3.0,56.5,,1,espn-core,-165.0,140.0,0,1,4,4,Tucson,AZ
2024-10-19,ark,lsu,10,34,135.0,-155.0,2.5,-2.5,113.0,-140.0,2.5,-2.5,55.5,,1,espn-core,115.0,-135.0,0,1,8,8,Fayetteville,AR
2024-10-19,army,ecu,45,28,-700.0,500.0,-18.5,18.5,-105.0,-115.0,-17.0,17.0,54.5,,1,espn-core,-800.0,550.0,0,1,151,151,West Point,NY
2024-10-19,bgsu,kent,27,6,-2000.0,1100.0,-23.5,23.5,-105.0,-115.0,-21.0,21.0,54.5,,1,espn-core,-1400.0,800.0,0,1,15,15,Bowling Green,OH
2024-10-19,buff,wmu,41,48,105.0,-125.0,1.5,-1.5,-105.0,-115.0,-0.5,0.5,48.5,,1,espn-core,-110.0,-110.0,0,1,15,15,Buffalo,NY
2024-10-19,cal,ncsu,23,24,-360.0,290.0,-9.5,9.5,-110.0,-110.0,-10.5,10.5,45.5,,1,espn-core,-450.0,360.0,0,1,1,1,Berkeley,CA
2024-10-19,ccu,ul,24,34,175.0,-210.0,6.5,-6.5,-115.0,-105.0,3.5,-3.5,56.5,,1,espn-core,150.0,-175.0,0,1,37,37,Conway,SC
2024-10-19,cin,asu,24,14,-225.0,190.0,-4.5,4.5,-120.0,100.0,-2.5,2.5,50.5,,1,espn-core,-135.0,115.0,0,1,4,4,Cincinnati,OH
2024-10-19,clem,uva,48,31,-1200.0,750.0,-20.5,20.5,-110.0,-110.0,-22.5,22.5,56.5,,1,espn-core,-1600.0,900.0,0,1,1,1,Clemson,SC
2024-10-19,conn,wake,20,23,120.0,-140.0,2.5,-2.5,100.0,-120.0,-1.0,1.0,56.5,,1,espn-core,-120.0,100.0,0,0,18,1,East Hartford,CT
2024-10-19,emu,cmu,38,34,-155.0,135.0,-3.5,3.5,-105.0,-115.0,-2.0,2.0,52.5,,1,espn-core,-125.0,105.0,0,1,15,15,Ypsilanti,MI
2024-10-19,fla,uk,48,20,110.0,-130.0,2.5,-2.5,-110.0,-110.0,-1.5,1.5,41.5,,1,espn-core,-110.0,-110.0,0,1,8,8,Gainesville,FL
2024-10-19,gaso,jmu,28,14,290.0,-360.0,8.5,-8.5,102.0,-125.0,10.5,-10.5,57.5,,1,espn-core,300.0,-380.0,0,1,37,37,Statesboro,GA
2024-10-19,gt,nd,13,31,450.0,-600.0,14.5,-14.5,-115.0,-105.0,8.5,-8.5,49.5,,1,espn-core,280.0,-350.0,1,0,1,18,Atlanta,GA
2024-10-19,ill,mich,21,7,165.0,-195.0,5.5,-5.5,-105.0,-115.0,1.0,-1.0,44.5,,1,espn-core,-105.0,-115.0,0,1,5,5,Champaign,IL
2024-10-19,isu,ucf,38,35,-525.0,400.0,-13.5,13.5,-110.0,-110.0,-13.5,13.5,49.5,,1,espn-core,-600.0,450.0,0,1,4,4,Ames,IA
2024-10-19,iu,neb,56,7,-225.0,190.0,-6.5,6.5,-115.0,-105.0,-5.0,5.0,47.5,,1,espn-core,-215.0,180.0,0,1,5,5,Bloomington,IN
2024-10-19,ku,hou,42,14,-200.0,170.0,-5.5,5.5,-105.0,-115.0,-6.5,6.5,45.5,,1,espn-core,-250.0,210.0,0,1,4,4,Kansas City,MO
2024-10-19,lou,mia,45,52,160.0,-190.0,4.5,-4.5,-110.0,-110.0,4.5,-4.5,60.5,,1,espn-core,160.0,-190.0,0,1,1,1,Louisville,KY
2024-10-19,m-oh,ohio,30,20,-145.0,125.0,-3.5,3.5,100.0,-120.0,-3.5,3.5,42.5,,1,espn-core,-185.0,155.0,0,1,15,15,Oxford,OH
2024-10-19,md,usc,29,28,220.0,-270.0,6.5,-6.5,100.0,-120.0,7.5,-7.5,55.5,,1,espn-core,250.0,-300.0,0,1,5,5,College Park,MD
2024-10-19,mem,unt,52,44,-400.0,320.0,-10.5,10.5,-115.0,-105.0,-11.5,11.5,67.5,,1,espn-core,-400.0,320.0,0,1,151,151,Memphis,TN
2024-10-19,miz,aub,21,17,-145.0,125.0,-4.5,4.5,110.0,-135.0,-7.0,7.0,49.5,,1,espn-core,-250.0,210.0,0,1,8,8,Columbia,MO
2024-10-19,most,inst,46,21,,,-27.0,27.0,-110.0,-120.0,-23.0,23.0,50.5,,1,espn-core,,,0,1,21,21,Springfield,MO
2024-10-19,msst,ta&m,24,34,900.0,-1600.0,21.5,-21.5,-120.0,100.0,15.0,-15.0,55.5,,1,espn-core,500.0,-700.0,0,1,8,8,Starkville,MS
2024-10-19,msu,iowa,32,20,190.0,-225.0,6.5,-6.5,100.0,-120.0,6.5,-6.5,39.5,,1,espn-core,220.0,-270.0,0,1,5,5,East Lansing,MI
2024-10-19,navy,clt,51,17,-800.0,550.0,-16.5,16.5,-115.0,-105.0,-18.0,18.0,57.5,,1,espn-core,-900.0,600.0,0,1,151,151,Annapolis,MD
2024-10-19,ndsu,sdst,13,9,,,1.5,-1.5,100.0,-130.0,1.5,-1.5,52.5,,1,espn-core,,,0,1,21,21,Fargo,ND
2024-10-19,niu,tol,6,13,-150.0,130.0,-3.5,3.5,-105.0,-115.0,-1.5,1.5,42.5,,1,espn-core,-125.0,105.0,0,1,15,15,Dekalb,IL
2024-10-19,nu,wis,3,23,290.0,-360.0,9.5,-9.5,-105.0,-115.0,7.0,-7.0,42.5,,1,espn-core,250.0,-300.0,0,1,5,5,Evanston,IL
2024-10-19,odu,txst,24,14,280.0,-350.0,10.5,-10.5,-110.0,-110.0,10.5,-10.5,59.5,,1,espn-core,300.0,-380.0,0,1,37,37,Norfolk,VA
2024-10-19,orst,unlv,25,33,190.0,-225.0,6.5,-6.5,-110.0,-110.0,6.0,-6.0,61.5,,1,espn-core,180.0,-215.0,0,0,9,17,Corvallis,OR
2024-10-19,ou,sc,9,35,100.0,-120.0,2.5,-2.5,100.0,-120.0,-3.5,3.5,40.5,,1,espn-core,-150.0,130.0,0,1,8,8,Norman,OK
2024-10-19,rich,del,28,9,,,10.5,-10.5,-115.0,-115.0,6.5,-6.5,54.5,,1,espn-core,,,0,1,48,48,Richmond,VA
2024-10-19,rutg,ucla,32,35,-175.0,150.0,-4.5,4.5,-105.0,-115.0,-6.5,6.5,42.5,,1,espn-core,-280.0,230.0,0,1,5,5,Piscataway,NJ
2024-10-19,sac,web,51,48,,,-5.0,5.0,-115.0,-115.0,-2.5,2.5,56.5,,1,espn-core,,,0,1,20,20,Sacramento,CA
2024-10-19,sjsu,wyo,24,14,-500.0,380.0,-11.5,11.5,-115.0,-105.0,-11.5,11.5,52.5,,1,espn-core,-500.0,380.0,0,1,17,17,San Jose,CA
2024-10-19,stan,smu,10,40,450.0,-600.0,16.5,-16.5,100.0,-120.0,15.0,-15.0,52.5,,1,espn-core,475.0,-650.0,0,1,1,1,Stanford,CA
2024-10-19,tem,tlsa,20,10,-140.0,120.0,-2.5,2.5,-130.0,105.0,-1.5,1.5,51.5,,1,espn-core,-125.0,105.0,0,1,151,151,Philadelphia,PA
2024-10-19,tenn,ala,24,17,140.0,-165.0,3.5,-3.5,-120.0,100.0,3.0,-3.0,57.5,,1,espn-core,110.0,-130.0,0,1,8,8,Knoxville,TN
2024-10-19,tex,uga,15,30,-185.0,155.0,,,-109.5,-110.0,-2.5,2.5,56.0,,2,espn-core,-165.0,140.0,0,1,8,8,Austin,TX
2024-10-19,ttu,bay,35,59,-185.0,155.0,-4.5,4.5,100.0,-120.0,-6.5,6.5,55.5,,1,espn-core,-240.0,200.0,0,1,4,4,Lubbock,TX
2024-10-19,tuln,rice,24,10,-1800.0,1000.0,-22.5,22.5,100.0,-120.0,-23.0,23.0,52.5,,1,espn-core,-1800.0,1000.0,0,1,151,151,New Orleans,LA
2024-10-19,usf,uab,35,25,-525.0,400.0,-14.5,14.5,-110.0,-110.0,-14.0,14.0,56.5,,1,espn-core,-550.0,425.0,0,1,151,151,Tampa,FL
2024-10-19,usm,arst,28,44,200.0,-240.0,7.0,-7.0,-115.0,-105.0,6.5,-6.5,56.5,,1,espn-core,200.0,-240.0,0,1,37,37,Hattiesburg,MS
2024-10-19,usu,unm,45,50,-115.0,-105.0,-0.5,0.5,-110.0,-110.0,2.5,-2.5,77.5,,1,espn-core,110.0,-130.0,0,1,17,17,Logan,UT
2024-10-19,utah,tcu,7,13,-175.0,145.0,-5.5,5.5,130.0,-170.0,-7.0,7.0,51.5,,1,espn-core,-270.0,220.0,0,1,4,4,Salt Lake City,UT
2024-10-19,utsa,fau,38,24,-185.0,155.0,-4.5,4.5,-105.0,-115.0,-4.0,4.0,51.5,,1,espn-core,-190.0,160.0,0,1,151,151,San Antonio,TX
2024-10-19,van,ball,24,14,-2500.0,1200.0,-27.5,27.5,-120.0,100.0,-26.5,26.5,56.5,,1,espn-core,-3000.0,1300.0,0,0,8,15,Nashville,TN
2024-10-19,wsu,haw,42,10,-1000.0,700.0,-18.5,18.5,-110.0,-110.0,-20.0,20.0,54.5,,1,espn-core,-1200.0,750.0,0,0,9,17,Pullman,WA
2024-10-19,wvu,ksu,18,45,115.0,-135.0,2.5,-2.5,-110.0,-110.0,2.5,-2.5,55.5,,1,espn-core,115.0,-135.0,0,1,4,4,Morgantown,WV
2024-10-22,fiu,shsu,7,10,165.0,-195.0,6.5,-6.5,-140.0,113.0,6.0,-6.0,46.5,,1,espn-core,195.0,-230.0,0,1,12,12,Miami,FL
2024-10-22,lt,utep,14,10,-225.0,190.0,-6.5,6.5,-105.0,-115.0,-7.5,7.5,48.5,,1,espn-core,-300.0,250.0,0,1,12,12,Ruston,LA
2024-10-23,jvst,mtsu,42,20,-1400.0,750.0,-20.5,20.5,-115.0,-105.0,-21.5,21.5,64.5,,1,espn-core,-1800.0,1000.0,0,1,12,12,Jacksonville,AL
2024-10-23,kenn,lib,27,24,1300.0,-4000.0,27.5,-27.5,-110.0,-110.0,23.5,-23.5,47.5,,1,espn-core,1500.0,-3500.0,0,1,12,12,Kennesaw,GA
2024-10-24,odu,gaso,47,19,-115.0,-105.0,-0.5,0.5,-115.0,-105.0,-2.0,2.0,51.5,,1,espn-core,-125.0,105.0,0,1,37,37,Norfolk,VA
2024-10-24,pitt,syr,41,13,-190.0,160.0,-4.5,4.5,-110.0,-110.0,-4.0,4.0,62.5,,1,espn-core,-190.0,160.0,0,1,1,1,Pittsburgh,PA
2024-10-25,bc,lou,27,31,220.0,-270.0,7.5,-7.5,-125.0,102.0,7.0,-7.0,52.5,,1,espn-core,220.0,-270.0,0,1,1,1,Chestnut Hill,MA
2024-10-25,unlv,bois,24,29,165.0,-195.0,3.5,-3.5,-115.0,-105.0,2.5,-2.5,62.5,,1,espn-core,105.0,-125.0,0,1,17,17,Las Vegas,NV
2024-10-25,usc,rutg,42,20,-500.0,360.0,-13.5,13.5,-115.0,-105.0,-14.5,14.5,55.5,,1,espn-core,-600.0,450.0,0,1,5,5,Los Angeles,CA
2024-10-26,akr,emu,25,21,110.0,-130.0,2.5,-2.5,-115.0,-105.0,3.5,-3.5,50.5,,1,espn-core,145.0,-170.0,0,1,15,15,Akron,OH
2024-10-26,ala,miz,34,0,-750.0,475.0,-16.5,16.5,-110.0,-110.0,-14.0,14.0,51.5,,1,espn-core,-550.0,425.0,0,1,8,8,Tuscaloosa,AL
2024-10-26,app,gast,33,26,-240.0,200.0,-7.5,7.5,100.0,-120.0,-9.0,9.0,59.5,,1,espn-core,-320.0,260.0,0,1,37,37,Boone,NC
2024-10-26,ariz,wvu,26,31,-175.0,150.0,-5.5,5.5,-105.0,-115.0,-2.5,2.5,51.5,,1,espn-core,-135.0,115.0,0,1,4,4,Tucson,AZ
2024-10-26,arst,troy,34,31,-280.0,230.0,-7.5,7.5,-120.0,100.0,-7.0,7.0,50.5,,1,espn-core,-280.0,230.0,0,1,37,37,Jonesboro,AR
2024-10-26,ball,niu,25,23,360.0,-500.0,13.5,-13.5,-115.0,-105.0,11.5,-11.5,47.5,,1,espn-core,380.0,-500.0,0,1,15,15,Muncie,IN
2024-10-26,bay,okst,38,28,-230.0,195.0,-6.5,6.5,-115.0,-105.0,-3.5,3.5,63.5,,1,espn-core,-170.0,145.0,0,1,4,4,Waco,TX
2024-10-26,cal,orst,44,7,-400.0,300.0,-11.5,11.5,-110.0,-110.0,-11.0,11.0,49.5,,1,espn-core,-450.0,360.0,0,0,1,9,Berkeley,CA
2024-10-26,colo,cin,34,23,-210.0,175.0,-6.5,6.5,-105.0,-115.0,-4.0,4.0,56.5,,1,espn-core,-185.0,155.0,0,1,4,4,Boulder,CO
2024-10-26,conn,rice,17,10,-210.0,175.0,-6.5,6.5,-115.0,-105.0,-6.5,6.5,45.5,,1,espn-core,-250.0,210.0,0,0,18,151,East Hartford,CT
2024-10-26,csu,unm,17,6,-170.0,145.0,-3.5,3.5,-110.0,-110.0,-6.5,6.5,61.5,,1,espn-core,-225.0,190.0,0,1,17,17,Fort Collins,CO
2024-10-26,del,alb,28,14,-700.0,450.0,-14.0,14.0,-115.0,-115.0,-16.5,16.5,54.5,,1,espn-core,-700.0,450.0,0,1,48,48,Newark,DE
2024-10-26,duke,smu,27,28,290.0,-380.0,11.5,-11.5,-115.0,-105.0,11.5,-11.5,50.5,,1,espn-core,380.0,-500.0,0,1,1,1,Durham,NC
2024-10-26,ecu,tem,56,34,-320.0,260.0,-7.5,7.5,-110.0,-110.0,-7.0,7.0,48.5,,1,espn-core,-300.0,250.0,0,1,151,151,Greenville,NC
2024-10-26,fres,sjsu,33,10,-200.0,170.0,-6.5,6.5,-105.0,-115.0,-6.5,6.5,55.5,,1,espn-core,-230.0,195.0,0,1,17,17,Fresno,CA
2024-10-26,haw,nev,34,13,-130.0,110.0,-1.5,1.5,-115.0,-105.0,2.5,-2.5,41.5,,1,espn-core,110.0,-130.0,0,1,17,17,Honolulu,HI
2024-10-26,hou,utah,17,14,170.0,-200.0,4.5,-4.5,-110.0,-110.0,3.0,-3.0,35.5,,1,espn-core,140.0,-165.0,0,1,4,4,Houston,TX
2024-10-26,idst,sac,30,27,260.0,-320.0,7.5,-7.5,-120.0,-110.0,7.5,-7.5,61.5,,1,espn-core,260.0,-320.0,0,1,20,20,Pocatello,ID
2024-10-26,iowa,nu,40,14,-1000.0,600.0,-16.5,16.5,-115.0,-105.0,-15.5,15.5,37.5,,1,espn-core,-1000.0,700.0,0,1,5,5,Iowa City,IA
2024-10-26,iu,wash,31,17,-215.0,180.0,-5.5,5.5,-115.0,-105.0,-6.5,6.5,53.5,,1,espn-core,-240.0,200.0,0,1,5,5,Bloomington,IN
2024-10-26,jmu,usm,32,15,-2500.0,1100.0,-27.5,27.5,115.0,-145.0,-24.0,24.0,54.5,,1,espn-core,-2000.0,1100.0,0,1,37,37,Harrisonburg,VA
2024-10-26,ksu,ku,29,27,-360.0,280.0,-9.5,9.5,-115.0,-105.0,-10.5,10.5,55.5,,1,espn-core,-380.0,300.0,0,1,4,4,Manhattan,KS
2024-10-26,m-oh,cmu,46,7,-340.0,270.0,-9.5,9.5,-120.0,100.0,-11.5,11.5,48.5,,1,espn-core,-525.0,400.0,0,1,15,15,Oxford,OH
2024-10-26,mass,wag,35,7,,,-23.5,23.5,-120.0,-110.0,-22.5,22.5,49.5,,1,espn-core,,,0,0,18,25,Amherst,MA
2024-10-26,mem,clt,33,28,-900.0,550.0,-16.5,16.5,-120.0,100.0,-20.0,20.0,55.5,,1,espn-core,-1200.0,750.0,0,1,151,151,Memphis,TN
2024-10-26,mia,fsu,36,14,-1600.0,800.0,-21.5,21.5,-120.0,100.0,-21.5,21.5,53.5,,1,espn-core,-1600.0,900.0,0,1,1,1,Miami Gardens,FL
2024-10-26,mich,msu,24,17,-150.0,130.0,-3.5,3.5,-105.0,-115.0,-5.0,5.0,39.5,,1,espn-core,-3500.0,1500.0,0,1,5,5,Ann Arbor,MI
2024-10-26,minn,md,48,23,-195.0,165.0,-5.5,5.5,-110.0,-110.0,-3.5,3.5,44.5,,1,espn-core,-175.0,150.0,0,1,5,5,Minneapolis,MN
2024-10-26,miss,ou,26,14,-1000.0,600.0,-19.5,19.5,-110.0,-110.0,-20.5,20.5,50.5,,1,espn-core,-1600.0,900.0,0,1,8,8,Oxford,MS
2024-10-26,msst,ark,25,58,220.0,-270.0,7.5,-7.5,-115.0,-105.0,7.0,-7.0,54.5,,1,espn-core,230.0,-280.0,0,1,8,8,Starkville,MS
2024-10-26,mur,ndsu,6,59,3500.0,-50000.0,35.0,-35.0,-115.0,-115.0,34.5,-34.5,56.5,,1,espn-core,3500.0,-50000.0,0,1,21,21,Murray,KY
2024-10-26,navy,nd,14,51,380.0,-550.0,14.5,-14.5,-115.0,-105.0,13.5,-13.5,50.5,,1,espn-core,425.0,-550.0,1,0,151,18,East Rutherford,NJ
2024-10-26,ohio,buff,47,16,-170.0,145.0,-4.5,4.5,-110.0,-110.0,-6.5,6.5,45.5,,1,espn-core,-250.0,210.0,0,1,15,15,Athens,OH
2024-10-26,ore,ill,38,9,-2500.0,1100.0,-22.5,22.5,-105.0,-115.0,-22.0,22.0,54.5,,1,espn-core,-2500.0,1200.0,0,1,5,5,Eugene,OR
2024-10-26,osu,neb,21,17,-10000.0,2500.0,-25.5,25.5,102.0,-125.0,-25.5,25.5,48.5,,1,espn-core,-3500.0,1500.0,0,1,5,5,Columbus,OH
2024-10-26,sdsu,wsu,26,29,475.0,-750.0,17.5,-17.5,-115.0,-105.0,15.0,-15.0,56.5,,1,espn-core,475.0,-650.0,0,0,17,9,San Diego,CA
2024-10-26,stan,wake,24,27,120.0,-140.0,2.5,-2.5,100.0,-120.0,2.5,-2.5,51.5,,1,espn-core,120.0,-140.0,0,1,1,1,Stanford,CA
2024-10-26,ta&m,lsu,38,23,-125.0,105.0,-1.5,1.5,-115.0,-105.0,-2.5,2.5,54.5,,1,espn-core,-145.0,125.0,0,1,8,8,College Station,TX
2024-10-26,tcu,ttu,35,34,-190.0,160.0,-4.5,4.5,-105.0,-115.0,-6.0,6.0,65.5,,1,espn-core,-210.0,175.0,0,1,4,4,Fort Worth,TX
2024-10-26,tlsa,utsa,46,45,230.0,-280.0,9.5,-9.5,-110.0,-110.0,9.0,-9.0,52.5,,1,espn-core,260.0,-320.0,0,1,151,151,Tulsa,OK
2024-10-26,tol,bgsu,26,41,-130.0,110.0,-1.5,1.5,-115.0,-105.0,-3.0,3.0,47.5,,1,espn-core,-150.0,130.0,0,1,15,15,Toledo,OH
2024-10-26,ucf,byu,24,37,-145.0,125.0,-2.5,2.5,-120.0,100.0,1.0,-1.0,53.5,,1,espn-core,100.0,-120.0,0,1,4,4,Orlando,FL
2024-10-26,uk,aub,10,24,-120.0,100.0,-1.5,1.5,-110.0,-110.0,-2.5,2.5,42.5,,1,espn-core,-140.0,120.0,0,1,8,8,Lexington,KY
2024-10-26,uni,most,42,49,270.0,-340.0,10.5,-10.5,-115.0,-115.0,9.5,-9.5,53.5,,1,espn-core,270.0,-340.0,0,1,21,21,Cedar Falls,IA
2024-10-26,unt,tuln,37,45,230.0,-280.0,7.5,-7.5,-120.0,100.0,9.5,-9.5,69.5,,1,espn-core,270.0,-340.0,0,1,151,151,Denton,TX
2024-10-26,usa,ulm,46,17,-240.0,200.0,-7.5,7.5,-105.0,-115.0,-7.5,7.5,45.5,,1,espn-core,-320.0,260.0,0,1,37,37,Mobile,AL
2024-10-26,uva,unc,14,41,-165.0,140.0,-3.5,3.5,-110.0,-110.0,-4.5,4.5,57.5,,1,espn-core,-195.0,165.0,0,1,1,1,Charlottesville,VA
2024-10-26,van,tex,24,27,450.0,-700.0,16.5,-16.5,-110.0,-110.0,19.0,-19.0,51.5,,1,espn-core,700.0,-1000.0,0,1,8,8,Nashville,TN
2024-10-26,vt,gt,21,6,-380.0,290.0,-11.5,11.5,100.0,-120.0,-9.0,9.0,52.5,,1,espn-core,-340.0,270.0,0,1,1,1,Blacksburg,VA
2024-10-26,wis,psu,13,28,175.0,-210.0,6.5,-6.5,-115.0,-105.0,6.5,-6.5,45.5,,1,espn-core,210.0,-250.0,0,1,5,5,Madison,WI
2024-10-26,wmu,kent,52,21,-1600.0,800.0,-19.5,19.5,-115.0,-105.0,-18.0,18.0,61.5,,1,espn-core,-900.0,600.0,0,1,15,15,Kalamazoo,MI
2024-10-26,wyo,usu,25,27,105.0,-125.0,1.5,-1.5,-105.0,-115.0,-2.5,2.5,56.5,,1,espn-core,-130.0,110.0,0,1,17,17,Laramie,WY
2024-10-29,fiu,nmsu,34,13,-275.0,225.0,-7.5,7.5,100.0,-120.0,-10.0,10.0,43.5,,1,espn-core,-425.0,320.0,0,1,12,12,Miami,FL
2024-10-29,shsu,lt,9,3,-380.0,290.0,-10.5,10.5,-105.0,-115.0,-9.5,9.5,45.5,,1,espn-core,-380.0,290.0,0,1,12,12,Huntsville,TX
2024-10-29,txst,ul,17,23,-175.0,140.0,-3.5,3.5,-110.0,-110.0,-3.5,3.5,61.5,,1,espn-core,-170.0,145.0,0,1,37,37,San Marcos,TX
2024-10-30,lib,jvst,21,31,-130.0,110.0,-2.5,2.5,-110.0,-110.0,1.5,-1.5,63.5,,1,espn-core,100.0,-120.0,0,1,12,12,Lynchburg,VA
2024-10-30,wku,kenn,31,14,-4000.0,1300.0,-23.5,23.5,-120.0,100.0,-24.5,24.5,49.5,,1,espn-core,-3000.0,1200.0,0,1,12,12,Bowling Green,KY
2024-10-31,clt,tuln,3,34,450.0,-700.0,14.5,-14.5,130.0,-175.0,16.0,-16.0,54.5,,1,espn-core,550.0,-900.0,0,1,151,151,Charlotte,NC
2024-11-01,bois,sdsu,56,24,-4000.0,1300.0,-24.5,24.5,-110.0,-110.0,-24.0,24.0,57.5,,1,espn-core,-2500.0,1100.0,0,1,17,17,Boise,ID
2024-11-01,conn,gast,34,27,-240.0,200.0,-7.5,7.5,-105.0,-115.0,-7.0,7.0,48.5,,1,espn-core,-275.0,225.0,0,0,18,37,East Hartford,CT
2024-11-01,fau,usf,21,44,110.0,-125.0,1.5,-1.5,-105.0,-115.0,2.0,-2.0,47.5,,1,espn-core,110.0,-130.0,0,1,151,151,Boca Raton,FL
2024-11-02,akr,buff,30,41,-115.0,-105.0,-2.5,2.5,-135.0,108.0,1.0,-1.0,47.5,,1,espn-core,100.0,-120.0,0,1,15,15,Akron,OH
2024-11-02,app,odu,28,20,115.0,-135.0,2.5,-2.5,-105.0,-115.0,2.5,-2.5,58.5,,1,espn-core,110.0,-130.0,0,1,37,37,Boone,NC
2024-11-02,ark,miss,31,63,225.0,-275.0,7.5,-7.5,-105.0,-115.0,6.0,-6.0,54.5,,1,espn-core,190.0,-225.0,0,1,8,8,Fayetteville,AR
2024-11-02,army,afa,20,3,-900.0,550.0,-18.5,18.5,-110.0,-110.0,-23.5,23.5,38.5,,1,espn-core,-5000.0,1500.0,0,0,151,17,West Point,NY
2024-11-02,aub,van,7,17,-275.0,225.0,-7.5,7.5,-110.0,-110.0,-6.5,6.5,47.5,,1,espn-core,-250.0,210.0,0,1,8,8,Auburn,AL
2024-11-02,bay,tcu,37,34,-135.0,115.0,-2.5,2.5,-120.0,100.0,-3.0,3.0,62.5,,1,espn-core,-145.0,125.0,0,1,4,4,Waco,TX
2024-11-02,clem,lou,21,33,-400.0,300.0,-11.5,11.5,-105.0,-115.0,-11.5,11.5,62.5,,1,espn-core,-450.0,340.0,0,1,1,1,Clemson,SC
2024-11-02,emu,tol,28,29,270.0,-340.0,10.5,-10.5,-115.0,-105.0,7.5,-7.5,54.5,,1,espn-core,260.0,-320.0,0,1,15,15,Ypsilanti,MI
2024-11-02,fres,haw,20,21,-500.0,360.0,-12.5,12.5,-110.0,-110.0,-12.5,12.5,44.5,,1,espn-core,-600.0,400.0,0,1,17,17,Fresno,CA
2024-11-02,fsu,unc,11,35,110.0,-130.0,2.5,-2.5,-110.0,-110.0,2.0,-2.0,50.5,,1,espn-core,110.0,-130.0,0,1,1,1,Tallahassee,FL
2024-11-02,hou,ksu,24,19,340.0,-450.0,9.5,-9.5,120.0,-160.0,13.0,-13.0,44.5,,1,espn-core,425.0,-650.0,0,1,4,4,Houston,TX
2024-11-02,ill,minn,17,25,120.0,-140.0,2.5,-2.5,100.0,-120.0,1.5,-1.5,47.5,,1,espn-core,100.0,-120.0,0,1,5,5,Champaign,IL
2024-11-02,iowa,wis,42,10,-140.0,120.0,-2.5,2.5,-120.0,100.0,-3.5,3.5,40.5,,1,espn-core,-190.0,160.0,0,1,5,5,Iowa City,IA
2024-11-02,isu,ttu,22,23,-500.0,360.0,-14.5,14.5,100.0,-120.0,-15.5,15.5,55.5,,1,espn-core,-750.0,475.0,0,1,4,4,Ames,IA
2024-11-02,mia,duke,53,31,-1400.0,750.0,-19.5,19.5,-115.0,-105.0,-21.0,21.0,53.5,,1,espn-core,-1600.0,800.0,0,1,1,1,Miami Gardens,FL
2024-11-02,mich,ore,17,38,380.0,-550.0,14.5,-14.5,-110.0,-110.0,15.5,-15.5,45.5,,1,espn-core,600.0,-1000.0,0,1,5,5,Ann Arbor,MI
2024-11-02,most,siu,38,17,-500.0,340.0,-14.5,14.5,-110.0,-120.0,-12.5,12.5,55.5,,1,espn-core,-550.0,360.0,0,1,21,21,Springfield,MO
2024-11-02,mrsh,ulm,28,23,-340.0,270.0,-10.5,10.5,-110.0,-110.0,-10.5,10.5,47.5,,1,espn-core,-500.0,360.0,0,1,37,37,Huntington,WV
2024-11-02,msst,mass,45,20,-900.0,550.0,-18.5,18.5,-105.0,-115.0,-18.5,18.5,58.5,,1,espn-core,-1000.0,600.0,0,0,8,18,Starkville,MS
2024-11-02,msu,iu,10,47,215.0,-260.0,7.5,-7.5,-120.0,100.0,7.0,-7.0,53.5,,1,espn-core,230.0,-280.0,0,1,5,5,East Lansing,MI
2024-11-02,ncsu,stan,59,28,-360.0,280.0,-9.5,9.5,-110.0,-110.0,-10.0,10.0,46.5,,1,espn-core,-450.0,340.0,0,1,1,1,Raleigh,NC
2024-11-02,ndsu,uni,42,19,-5000.0,1800.0,-30.0,30.0,-115.0,-115.0,-29.0,29.0,52.5,,1,espn-core,-5000.0,1800.0,0,1,21,21,Fargo,ND
2024-11-02,neb,ucla,20,27,-300.0,250.0,-8.5,8.5,-110.0,-110.0,-7.0,7.0,39.5,,1,espn-core,-320.0,260.0,0,1,5,5,Lincoln,NE
2024-11-02,nev,csu,21,38,105.0,-125.0,2.5,-2.5,-115.0,-105.0,1.0,-1.0,45.5,,1,espn-core,100.0,-120.0,0,1,17,17,Reno,NV
2024-11-02,okst,asu,21,42,140.0,-165.0,4.5,-4.5,-110.0,-110.0,1.5,-1.5,56.5,,1,espn-core,100.0,-120.0,0,1,4,4,Stillwater,OK
2024-11-02,ou,me,59,14,,,-37.5,37.5,-105.0,-115.0,-35.0,35.0,47.5,,1,espn-core,,,0,0,8,48,Norman,OK
2024-11-02,psu,osu,13,20,130.0,-150.0,3.5,-3.5,-125.0,102.0,3.5,-3.5,47.5,,1,espn-core,140.0,-165.0,0,1,5,5,University Park,PA
2024-11-02,pur,nu,20,26,-145.0,125.0,-3.5,3.5,113.0,-145.0,2.0,-2.0,44.5,,1,espn-core,105.0,-125.0,0,1,5,5,West Lafayette,IN
2024-11-02,rice,navy,24,10,340.0,-450.0,13.5,-13.5,-115.0,-105.0,12.5,-12.5,49.5,,1,espn-core,400.0,-600.0,0,1,151,151,Houston,TX
2024-11-02,sac,prst,38,58,-500.0,360.0,-12.5,12.5,-120.0,-110.0,-13.5,13.5,68.5,,1,espn-core,-500.0,360.0,0,1,20,20,Sacramento,CA
2024-11-02,sc,ta&m,44,20,135.0,-155.0,3.5,-3.5,-125.0,102.0,3.5,-3.5,43.5,,1,espn-core,155.0,-185.0,0,1,8,8,Columbia,SC
2024-11-02,smu,pitt,48,25,-260.0,215.0,-7.5,7.5,-110.0,-110.0,-7.5,7.5,54.5,,1,espn-core,-290.0,240.0,0,1,1,1,Dallas,TX
2024-11-02,syr,vt,38,31,125.0,-145.0,3.5,-3.5,-135.0,108.0,3.5,-3.5,50.5,,1,espn-core,145.0,-170.0,0,1,1,1,Syracuse,NY
2024-11-02,tenn,uk,28,18,-800.0,500.0,-17.5,17.5,-115.0,-105.0,-15.5,15.5,45.5,,1,espn-core,-900.0,550.0,0,1,8,8,Knoxville,TN
2024-11-02,troy,ccu,38,24,140.0,-165.0,3.5,-3.5,102.0,-125.0,4.5,-4.5,51.5,,1,espn-core,170.0,-200.0,0,1,37,37,Troy,AL
2024-11-02,uab,tlsa,59,21,-145.0,125.0,-2.5,2.5,-120.0,100.0,-3.0,3.0,57.5,,1,espn-core,-145.0,125.0,0,1,151,151,Birmingham,AL
2024-11-02,ucf,ariz,56,12,-240.0,200.0,-5.5,5.5,-120.0,100.0,-6.0,6.0,54.5,,1,espn-core,-225.0,190.0,0,1,4,4,Orlando,FL
2024-11-02,uga,fla,34,20,-750.0,475.0,-14.5,14.5,-110.0,-110.0,-15.5,15.5,52.5,,1,espn-core,-900.0,550.0,1,1,8,8,Jacksonville,FL
2024-11-02,unm,wyo,45,49,-290.0,240.0,-7.5,7.5,-115.0,-105.0,-6.5,6.5,60.5,,1,espn-core,-230.0,195.0,0,1,17,17,Albuquerque,NM
2024-11-02,usa,gaso,30,34,-185.0,155.0,-5.5,5.5,-110.0,-110.0,-6.0,6.0,59.5,,1,espn-core,-225.0,190.0,0,1,37,37,Mobile,AL
2024-11-02,utep,mtsu,13,20,-125.0,105.0,-1.5,1.5,-115.0,-105.0,-3.0,3.0,48.5,,1,espn-core,-150.0,130.0,0,1,12,12,El Paso,TX
2024-11-02,utsa,mem,44,36,225.0,-275.0,7.5,-7.5,-110.0,-110.0,9.0,-9.0,61.5,,1,espn-core,260.0,-320.0,0,1,151,151,San Antonio,TX
2024-11-02,wash,usc,26,21,110.0,-130.0,2.5,-2.5,-110.0,-110.0,2.0,-2.0,55.5,,1,espn-core,110.0,-130.0,0,1,5,5,Seattle,WA
2024-11-05,ball,m-oh,21,27,290.0,-380.0,12.5,-12.5,-110.0,-110.0,10.5,-10.5,48.5,,1,espn-core,380.0,-550.0,0,1,15,15,Muncie,IN
2024-11-05,cmu,bgsu,13,23,380.0,-550.0,14.5,-14.5,-110.0,-110.0,9.5,-9.5,47.5,,1,espn-core,380.0,-550.0,0,1,15,15,Mount Pleasant,MI
2024-11-06,kent,ohio,0,41,750.0,-1400.0,20.5,-20.5,100.0,-120.0,17.5,-17.5,53.5,,1,espn-core,750.0,-1400.0,0,1,15,15,Kent,OH
2024-11-06,wmu,niu,28,42,110.0,-130.0,2.5,-2.5,-115.0,-105.0,-1.5,1.5,51.5,,1,espn-core,-105.0,-115.0,0,1,15,15,Kalamazoo,MI
2024-11-07,ccu,app,38,24,105.0,-125.0,1.5,-1.5,-105.0,-115.0,-1.0,1.0,62.5,,1,espn-core,-110.0,-110.0,0,1,37,37,Conway,SC
2024-11-07,ecu,fau,49,14,-270.0,220.0,-5.5,5.5,-160.0,120.0,-7.5,7.5,58.5,,1,espn-core,-320.0,260.0,0,1,151,151,Greenville,NC
2024-11-08,mem,rice,27,20,-290.0,240.0,-7.5,7.5,100.0,-120.0,-10.5,10.5,50.5,,1,espn-core,-450.0,340.0,0,1,151,151,Memphis,TN
2024-11-08,sdsu,unm,16,21,-115.0,-105.0,-1.5,1.5,-105.0,-115.0,-3.0,3.0,65.5,,1,espn-core,-145.0,125.0,0,1,17,17,San Diego,CA
2024-11-08,ucla,iowa,20,17,200.0,-240.0,6.5,-6.5,-105.0,-115.0,6.5,-6.5,44.5,,1,espn-core,210.0,-250.0,0,1,5,5,Pasadena,CA
2024-11-08,wake,cal,36,46,230.0,-280.0,7.5,-7.5,-110.0,-110.0,7.5,-7.5,54.5,,1,espn-core,230.0,-280.0,0,1,1,1,Winston-Salem,NC
2024-11-09,afa,fres,36,28,260.0,-320.0,9.5,-9.5,-110.0,-110.0,10.0,-10.0,40.5,,1,espn-core,360.0,-500.0,0,1,17,17,USAF Academy,CO
2024-11-09,asu,ucf,35,31,-135.0,115.0,-2.5,2.5,-110.0,-110.0,-3.5,3.5,55.5,,1,espn-core,-185.0,155.0,0,1,4,4,Tempe,AZ
2024-11-09,bc,syr,37,31,-140.0,120.0,-5.5,5.5,120.0,-160.0,-1.0,1.0,51.5,,1,espn-core,-120.0,100.0,0,1,1,1,Chestnut Hill,MA
2024-11-09,bois,nev,28,21,-4000.0,1300.0,-23.5,23.5,-110.0,-110.0,-26.5,26.5,60.5,,1,espn-core,-3000.0,1200.0,0,1,17,17,Boise,ID
2024-11-09,cin,wvu,24,31,-210.0,175.0,-5.5,5.5,-105.0,-115.0,-3.5,3.5,54.5,,1,espn-core,-175.0,150.0,0,1,4,4,Cincinnati,OH
2024-11-09,del,uri,24,21,,,-6.0,6.0,-120.0,-110.0,-9.5,9.5,54.5,,1,espn-core,,,0,1,48,48,Newark,DE
2024-11-09,gt,mia,28,23,320.0,-425.0,9.5,-9.5,-110.0,-110.0,13.0,-13.0,64.5,,1,espn-core,360.0,-500.0,0,1,1,1,Atlanta,GA
2024-11-09,haw,unlv,27,29,290.0,-380.0,12.5,-12.5,-110.0,-110.0,13.5,-13.5,50.5,,1,espn-core,425.0,-650.0,0,1,17,17,Honolulu,HI
2024-11-09,iu,mich,20,15,-750.0,475.0,-14.5,14.5,-105.0,-115.0,-14.0,14.0,47.5,,1,espn-core,-750.0,475.0,0,1,5,5,Bloomington,IN
2024-11-09,jmu,gast,38,7,-1000.0,600.0,-15.5,15.5,100.0,-120.0,-17.0,17.0,54.5,,1,espn-core,-900.0,550.0,0,1,37,37,Harrisonburg,VA
2024-11-09,ku,isu,45,36,105.0,-125.0,2.5,-2.5,-115.0,-105.0,3.0,-3.0,50.5,,1,espn-core,140.0,-165.0,0,1,4,4,Kansas City,MO
2024-11-09,lsu,ala,13,42,-127.0,104.0,,,-109.0,-113.0,,,59.0,,3,espn-core,-127.0,104.0,0,1,8,8,Baton Rouge,LA
2024-11-09,lt,jvst,37,44,270.0,-340.0,9.5,-9.5,-110.0,-110.0,10.5,-10.5,55.5,,1,espn-core,320.0,-425.0,0,1,12,12,Ruston,LA
2024-11-09,miss,uga,28,10,160.0,-204.0,5.0,-5.0,-108.0,-115.0,5.0,-5.0,55.0,,3,espn-core,160.0,-204.0,0,1,8,8,Oxford,MS
2024-11-09,miz,ou,30,23,130.0,-150.0,3.5,-3.5,-125.0,102.0,-2.5,2.5,41.5,,1,espn-core,-140.0,120.0,0,1,8,8,Columbia,MO
2024-11-09,mtst,sac,49,7,,,-17.5,17.5,-115.0,-115.0,-20.5,20.5,62.5,,1,espn-core,,,0,1,20,20,Bozeman,MT
2024-11-09,mtsu,lib,17,37,290.0,-380.0,12.5,-12.5,-110.0,-110.0,9.5,-9.5,54.5,,1,espn-core,290.0,-380.0,0,1,12,12,Murfreesboro,TN
2024-11-09,mur,most,31,59,,,24.0,-24.0,-120.0,-110.0,23.5,-23.5,58.5,,1,espn-core,,,0,1,21,21,Murray,KY
2024-11-09,ncsu,duke,19,29,-145.0,125.0,-3.5,3.5,100.0,-120.0,-2.5,2.5,51.5,,1,espn-core,-140.0,120.0,0,1,1,1,Raleigh,NC
2024-11-09,nd,fsu,52,3,-4000.0,1300.0,-25.5,25.5,-110.0,-110.0,-24.5,24.5,44.5,,1,espn-core,-7500.0,2000.0,0,0,18,1,Notre Dame,IN
2024-11-09,nmsu,wku,28,41,550.0,-900.0,18.0,-18.0,-110.0,-110.0,20.0,-20.0,53.5,,1,espn-core,800.0,-1600.0,0,1,12,12,Las Cruces,NM
2024-11-09,ore,md,39,18,-3000.0,1200.0,-24.0,24.0,-110.0,-110.0,-25.0,25.0,57.5,,1,espn-core,-3000.0,1200.0,0,1,5,5,Eugene,OR
2024-11-09,orst,sjsu,13,24,-145.0,125.0,-2.5,2.5,-125.0,102.0,-3.0,3.0,56.5,,1,espn-core,-165.0,140.0,0,0,9,17,Corvallis,OR
2024-11-09,osu,pur,45,0,,,-37.5,37.5,-115.0,-105.0,-38.0,38.0,55.5,,1,espn-core,,,0,1,5,5,Columbus,OH
2024-11-09,pitt,uva,19,24,-275.0,225.0,-7.5,7.5,-105.0,-115.0,-7.5,7.5,56.5,,1,espn-core,-280.0,230.0,0,1,1,1,Pittsburgh,PA
2024-11-09,psu,wash,35,6,-500.0,360.0,-13.5,13.5,-120.0,100.0,-13.5,13.5,48.5,,1,espn-core,-700.0,450.0,0,1,5,5,University Park,PA
2024-11-09,rutg,minn,26,19,180.0,-215.0,6.5,-6.5,-115.0,-105.0,6.0,-6.0,44.5,,1,espn-core,200.0,-240.0,0,1,5,5,Piscataway,NJ
2024-11-09,tcu,okst,38,13,-425.0,320.0,-10.5,10.5,-105.0,-115.0,-12.5,12.5,69.5,,1,espn-core,-450.0,340.0,0,1,4,4,Fort Worth,TX
2024-11-09,tenn,msst,33,14,-3000.0,1200.0,-26.5,26.5,-115.0,-105.0,-25.0,25.0,61.5,,1,espn-core,-2500.0,1100.0,0,1,8,8,Knoxville,TN
2024-11-09,tex,fla,49,17,-1800.0,900.0,-24.5,24.5,102.0,-125.0,-21.5,21.5,48.5,,1,espn-core,-1600.0,800.0,0,1,8,8,Austin,TX
2024-11-09,ttu,colo,27,41,160.0,-190.0,4.5,-4.5,-110.0,-110.0,3.0,-3.0,62.5,,1,espn-core,125.0,-145.0,0,1,4,4,Lubbock,TX
2024-11-09,tuln,tem,52,6,-6000.0,1800.0,-25.5,25.5,-110.0,-110.0,-27.0,27.0,50.5,,1,espn-core,-5000.0,1500.0,0,1,151,151,New Orleans,LA
2024-11-09,uab,conn,23,31,215.0,-260.0,7.5,-7.5,-110.0,-110.0,6.5,-6.5,53.5,,1,espn-core,195.0,-230.0,0,0,151,18,Birmingham,AL
2024-11-09,ul,arst,55,19,-700.0,450.0,-14.5,14.5,-105.0,-115.0,-14.0,14.0,59.5,,1,espn-core,-650.0,425.0,0,1,37,37,Lafayette,LA
2024-11-09,ulm,txst,17,38,270.0,-340.0,9.5,-9.5,-105.0,-115.0,7.5,-7.5,49.5,,1,espn-core,240.0,-290.0,0,1,37,37,Monroe,LA
2024-11-09,unt,army,3,14,220.0,-270.0,6.5,-6.5,100.0,-120.0,5.5,-5.5,66.5,,1,espn-core,175.0,-210.0,0,1,151,151,Denton,TX
2024-11-09,usf,navy,7,28,150.0,-175.0,4.5,-4.5,-110.0,-110.0,3.0,-3.0,59.5,,1,espn-core,130.0,-150.0,0,1,151,151,Tampa,FL
2024-11-09,usm,mrsh,3,37,425.0,-650.0,13.5,-13.5,-105.0,-115.0,14.0,-14.0,52.5,,1,espn-core,450.0,-700.0,0,1,37,37,Hattiesburg,MS
2024-11-09,utah,byu,21,22,130.0,-150.0,3.5,-3.5,-120.0,100.0,5.0,-5.0,40.5,,1,espn-core,190.0,-225.0,0,1,4,4,Salt Lake City,UT
2024-11-09,utep,kenn,43,35,-170.0,145.0,-4.5,4.5,-105.0,-115.0,-3.0,3.0,42.5,,1,espn-core,-165.0,140.0,0,1,12,12,El Paso,TX
2024-11-09,van,sc,7,28,170.0,-200.0,5.5,-5.5,-105.0,-115.0,3.0,-3.0,45.5,,1,espn-core,140.0,-165.0,0,1,8,8,Nashville,TN
2024-11-09,vt,clem,14,24,165.0,-195.0,6.5,-6.5,-120.0,100.0,6.5,-6.5,54.5,,1,espn-core,230.0,-280.0,0,1,1,1,Blacksburg,VA
2024-11-09,wsu,usu,49,28,-1200.0,700.0,-20.5,20.5,-110.0,-110.0,-22.5,22.5,67.5,,1,espn-core,-1400.0,750.0,0,0,9,17,Pullman,WA
2024-11-12,bgsu,wmu,31,13,-340.0,270.0,-9.5,9.5,-115.0,-105.0,-8.0,8.0,56.5,,1,espn-core,-300.0,250.0,0,1,15,15,Bowling Green,OH
2024-11-12,buff,ball,51,48,-165.0,140.0,-3.5,3.5,100.0,-120.0,-6.5,6.5,54.5,,1,espn-core,-240.0,200.0,0,1,15,15,Buffalo,NY
2024-11-12,tol,cmu,37,10,-500.0,360.0,-14.5,14.5,-110.0,-110.0,-15.5,15.5,51.5,,1,espn-core,-900.0,550.0,0,1,15,15,Toledo,OH
2024-11-13,m-oh,kent,34,7,-20000.0,3000.0,-30.5,30.5,-110.0,-110.0,-30.5,30.5,45.5,,1,espn-core,-100000.0,4000.0,0,1,15,15,Oxford,OH
2024-11-13,niu,akr,29,16,-600.0,400.0,-14.5,14.5,-110.0,-110.0,-16.5,16.5,43.5,,1,espn-core,-1000.0,600.0,0,1,15,15,Dekalb,IL
2024-11-13,ohio,emu,35,10,-400.0,300.0,-10.5,10.5,-110.0,-110.0,-8.0,8.0,51.5,,1,espn-core,-340.0,270.0,0,1,15,15,Athens,OH
2024-11-14,tlsa,ecu,31,38,425.0,-650.0,16.5,-16.5,102.0,-125.0,13.0,-13.0,63.5,,1,espn-core,380.0,-550.0,0,1,151,151,Tulsa,OK
2024-11-15,ariz,hou,27,3,-120.0,100.0,-1.5,1.5,-110.0,-110.0,-1.5,1.5,46.5,,1,espn-core,-130.0,110.0,0,1,4,4,Tucson,AZ
2024-11-15,csu,wyo,24,10,-270.0,220.0,-7.5,7.5,-110.0,-110.0,-10.0,10.0,46.5,,1,espn-core,-450.0,340.0,0,1,17,17,Fort Collins,CO
2024-11-15,utsa,unt,48,27,-120.0,100.0,-1.5,1.5,-105.0,-115.0,1.5,-1.5,71.5,,1,espn-core,105.0,-125.0,0,1,151,151,San Antonio,TX
2024-11-15,wash,ucla,31,19,-215.0,180.0,-5.5,5.5,-105.0,-115.0,-3.5,3.5,47.5,,1,espn-core,-170.0,145.0,0,1,5,5,Seattle,WA
2024-11-16,afa,orst,28,0,100.0,-120.0,2.5,-2.5,100.0,-120.0,4.5,-4.5,44.5,,1,espn-core,155.0,-185.0,0,0,17,9,USAF Academy,CO
2024-11-16,ala,mer,52,7,,,-42.5,42.5,-105.0,-115.0,-43.5,43.5,58.5,,1,espn-core,,,0,0,8,29,Tuscaloosa,AL
2024-11-16,ark,tex,10,20,425.0,-650.0,13.5,-13.5,-110.0,-110.0,16.5,-16.5,56.5,,1,espn-core,500.0,-800.0,0,1,8,8,Fayetteville,AR
2024-11-16,aub,ulm,48,14,-4000.0,1300.0,-25.5,25.5,102.0,-125.0,-24.5,24.5,45.5,,1,espn-core,-5000.0,1500.0,0,0,8,37,Auburn,AL
2024-11-16,byu,ku,13,17,-135.0,115.0,-2.5,2.5,-115.0,-105.0,-2.5,2.5,55.5,,1,espn-core,-140.0,120.0,0,1,4,4,Provo,UT
2024-11-16,cal,syr,25,33,-340.0,270.0,-10.5,10.5,-110.0,-110.0,-7.0,7.0,57.5,,1,espn-core,-280.0,230.0,0,1,1,1,Berkeley,CA
2024-11-16,clt,usf,24,59,-125.0,105.0,-1.5,1.5,-115.0,-105.0,3.0,-3.0,53.5,,1,espn-core,135.0,-155.0,0,1,151,151,Charlotte,NC
2024-11-16,colo,utah,49,24,-600.0,400.0,-13.5,13.5,-115.0,-105.0,-10.0,10.0,43.5,,1,espn-core,-450.0,340.0,0,1,4,4,Boulder,CO
2024-11-16,cp,sac,26,23,,,7.5,-7.5,-125.0,-105.0,7.0,-7.0,58.5,,1,espn-core,,,0,1,20,20,San Luis Obispo,CA
2024-11-16,del,cam,41,22,,,-16.5,16.5,-115.0,-115.0,-20.0,20.0,49.5,,1,espn-core,,,0,1,48,48,Newark,DE
2024-11-16,fla,lsu,27,16,125.0,-145.0,2.5,-2.5,105.0,-130.0,4.0,-4.0,55.5,,1,espn-core,160.0,-190.0,0,1,8,8,Gainesville,FL
2024-11-16,gaso,troy,20,28,-250.0,190.0,-7.5,7.5,-105.0,-125.0,-8.0,8.0,53.5,,1,espn-core,-320.0,260.0,0,1,37,37,Statesboro,GA
2024-11-16,gast,arst,20,27,-135.0,115.0,-2.5,2.5,-115.0,-105.0,-1.0,1.0,58.5,,1,espn-core,-115.0,-105.0,0,1,37,37,Atlanta,GA
2024-11-16,ill,msu,38,16,-130.0,110.0,-1.5,1.5,-110.0,-110.0,-3.5,3.5,47.5,,1,espn-core,-170.0,145.0,0,1,5,5,Champaign,IL
2024-11-16,isu,cin,34,17,-360.0,280.0,-7.5,7.5,108.0,-135.0,-8.0,8.0,52.5,,1,espn-core,-320.0,260.0,0,1,4,4,Ames,IA
2024-11-16,jvst,fiu,34,31,-425.0,320.0,-12.5,12.5,-105.0,-115.0,-14.0,14.0,58.5,,1,espn-core,-650.0,425.0,0,1,12,12,Jacksonville,AL
2024-11-16,kenn,shsu,17,23,700.0,-1200.0,20.5,-20.5,-110.0,-110.0,13.0,-13.0,43.5,,1,espn-core,400.0,-600.0,0,1,12,12,Kennesaw,GA
2024-11-16,ksu,asu,14,24,-300.0,250.0,-7.5,7.5,-110.0,-110.0,-8.5,8.5,51.5,,1,espn-core,-340.0,270.0,0,1,4,4,Manhattan,KS
2024-11-16,mass,lib,34,35,500.0,-800.0,16.5,-16.5,-115.0,-105.0,14.0,-14.0,52.5,,1,espn-core,450.0,-700.0,0,0,18,12,Amherst,MA
2024-11-16,md,rutg,17,31,-165.0,140.0,-4.5,4.5,-105.0,-115.0,-3.5,3.5,54.5,,1,espn-core,-185.0,155.0,0,1,5,5,College Park,MD
2024-11-16,mem,uab,53,18,-800.0,500.0,-17.5,17.5,100.0,-120.0,-15.5,15.5,60.5,,1,espn-core,-750.0,475.0,0,1,151,151,Memphis,TN
2024-11-16,mrsh,ccu,31,19,-290.0,240.0,-7.5,7.5,-105.0,-115.0,-9.0,9.0,56.5,,1,espn-core,-340.0,270.0,0,1,37,37,Huntington,WV
2024-11-16,navy,tuln,0,35,195.0,-230.0,7.5,-7.5,-120.0,100.0,6.5,-6.5,48.5,,1,espn-core,210.0,-250.0,0,1,151,151,Annapolis,MD
2024-11-16,nd,uva,35,14,-1400.0,750.0,-21.5,21.5,100.0,-120.0,-23.5,23.5,51.5,,1,espn-core,-2500.0,1100.0,0,0,18,1,Notre Dame,IN
2024-11-16,ndsu,most,59,21,-500.0,360.0,-13.5,13.5,-115.0,-115.0,-13.5,13.5,57.5,,1,espn-core,-500.0,360.0,0,1,21,21,Fargo,ND
2024-11-16,nu,osu,7,31,2000.0,-7500.0,29.5,-29.5,-125.0,102.0,30.0,-30.0,44.5,,1,espn-core,3500.0,-50000.0,0,1,5,5,Chicago,IL
2024-11-16,odu,jmu,32,35,100.0,-130.0,1.5,-1.5,-110.0,-110.0,3.5,-3.5,50.5,,1,espn-core,155.0,-185.0,0,1,37,37,Norfolk,VA
2024-11-16,pitt,clem,20,24,360.0,-500.0,12.5,-12.5,-105.0,-115.0,9.5,-9.5,50.5,,1,espn-core,280.0,-360.0,0,1,1,1,Pittsburgh,PA
2024-11-16,pur,psu,10,49,2500.0,-10000.0,30.5,-30.5,100.0,-120.0,28.5,-28.5,51.5,,1,espn-core,2000.0,-7500.0,0,1,5,5,West Lafayette,IN
2024-11-16,sc,miz,34,30,-380.0,290.0,-10.5,10.5,-115.0,-115.0,-14.0,14.0,42.5,,1,espn-core,-750.0,475.0,0,1,8,8,Columbia,SC
2024-11-16,sjsu,bois,21,42,450.0,-700.0,14.5,-14.5,-120.0,100.0,14.5,-14.5,61.5,,1,espn-core,425.0,-650.0,0,1,17,17,San Jose,CA
2024-11-16,smu,bc,38,28,-1000.0,600.0,-19.5,19.5,-115.0,-105.0,-16.5,16.5,53.5,,1,espn-core,-900.0,550.0,0,1,1,1,Dallas,TX
2024-11-16,stan,lou,38,35,1000.0,-2000.0,20.5,-20.5,100.0,-120.0,20.5,-20.5,57.5,,1,espn-core,750.0,-1400.0,0,1,1,1,Stanford,CA
2024-11-16,ta&m,nmsu,38,3,,,-38.5,38.5,100.0,-120.0,-40.0,40.0,54.5,,1,espn-core,-10000.0,2500.0,0,0,8,12,College Station,TX
2024-11-16,tem,fau,18,15,-130.0,110.0,-2.5,2.5,-105.0,-115.0,1.0,-1.0,50.5,,1,espn-core,100.0,-120.0,0,1,151,151,Philadelphia,PA
2024-11-16,txst,usm,58,3,-5000.0,1500.0,-27.5,27.5,-110.0,-110.0,-27.5,27.5,55.5,,1,espn-core,-5000.0,1500.0,0,1,37,37,San Marcos,TX
2024-11-16,uga,tenn,31,17,-275.0,225.0,-7.5,7.5,-115.0,-105.0,-8.5,8.5,46.5,,1,espn-core,-300.0,250.0,0,1,8,8,Athens,GA
2024-11-16,uk,mur,48,6,,,-41.5,41.5,-110.0,-110.0,-38.5,38.5,54.5,,1,espn-core,,,0,0,8,21,Lexington,KY
2024-11-16,ul,usa,22,24,-240.0,200.0,-6.5,6.5,-110.0,-110.0,-8.0,8.0,60.5,,1,espn-core,-300.0,250.0,0,1,37,37,Lafayette,LA
2024-11-16,unc,wake,31,24,-380.0,290.0,-10.5,10.5,-110.0,-110.0,-11.0,11.0,64.5,,1,espn-core,-425.0,320.0,0,1,1,1,Chapel Hill,NC
2024-11-16,unlv,sdsu,41,20,-1800.0,900.0,-19.5,19.5,-110.0,-110.0,-20.5,20.5,54.5,,1,espn-core,-1600.0,800.0,0,1,17,17,Las Vegas,NV
2024-11-16,unm,wsu,38,35,290.0,-380.0,11.5,-11.5,-110.0,-110.0,14.0,-14.0,71.5,,1,espn-core,450.0,-700.0,0,0,17,9,Albuquerque,NM
2024-11-16,usc,neb,28,20,-225.0,190.0,-6.5,6.5,-115.0,-105.0,-9.5,9.5,50.5,,1,espn-core,-380.0,290.0,0,1,5,5,Los Angeles,CA
2024-11-16,usu,haw,55,10,115.0,-135.0,2.5,-2.5,-115.0,-105.0,2.0,-2.0,61.5,,1,espn-core,110.0,-130.0,0,1,17,17,Logan,UT
2024-11-16,wis,ore,13,16,380.0,-550.0,13.5,-13.5,-110.0,-110.0,13.5,-13.5,49.5,,1,espn-core,450.0,-700.0,0,1,5,5,Madison,WI
2024-11-16,wku,lt,7,12,-500.0,360.0,-11.5,11.5,-105.0,-115.0,-13.5,13.5,52.5,,1,espn-core,-650.0,425.0,0,1,12,12,Bowling Green,KY
2024-11-16,wvu,bay,35,49,100.0,-120.0,1.5,-1.5,-110.0,-110.0,1.5,-1.5,57.5,,1,espn-core,105.0,-125.0,0,1,4,4,Morgantown,WV
2024-11-19,cmu,wmu,16,14,180.0,-215.0,5.5,-5.5,-110.0,-110.0,8.5,-8.5,54.5,,1,espn-core,270.0,-340.0,0,1,15,15,Mount Pleasant,MI
2024-11-19,kent,akr,17,38,290.0,-380.0,10.5,-10.5,-110.0,-110.0,10.0,-10.0,48.5,,1,espn-core,300.0,-400.0,0,1,15,15,Kent,OH
2024-11-19,m-oh,niu,20,9,-125.0,105.0,-2.5,2.5,-105.0,-115.0,-3.5,3.5,42.5,,1,espn-core,-190.0,160.0,0,1,15,15,Oxford,OH
2024-11-20,emu,buff,20,37,-120.0,100.0,-1.5,1.5,-105.0,-115.0,-1.5,1.5,53.5,,1,espn-core,-125.0,105.0,0,1,15,15,Ypsilanti,MI
2024-11-20,tol,ohio,7,24,-115.0,-105.0,-0.5,0.5,,,-2.0,2.0,45.5,,1,espn-core,-130.0,110.0,0,1,15,15,Toledo,OH
2024-11-21,gt,ncsu,30,29,-300.0,250.0,-7.5,7.5,-105.0,-115.0,-9.0,9.0,50.5,,1,espn-core,-360.0,280.0,0,1,1,1,Atlanta,GA
2024-11-22,msu,pur,24,17,-600.0,400.0,-14.5,14.5,102.0,-125.0,-13.5,13.5,50.5,,1,espn-core,-700.0,450.0,0,1,5,5,East Lansing,MI
2024-11-22,sjsu,unlv,16,27,240.0,-290.0,7.5,-7.5,-110.0,-110.0,8.0,-8.0,59.5,,1,espn-core,240.0,-290.0,0,1,17,17,San Jose,CA
2024-11-22,utsa,tem,51,27,-800.0,500.0,-17.5,17.5,102.0,-125.0,-16.5,16.5,55.5,,1,espn-core,-900.0,550.0,0,1,151,151,San Antonio,TX
2024-11-23,app,jmu,34,20,215.0,-260.0,6.5,-6.5,102.0,-125.0,7.5,-7.5,56.5,,1,espn-core,230.0,-280.0,0,1,37,37,Boone,NC
2024-11-23,ark,lt,35,14,-3000.0,1200.0,-23.5,23.5,-110.0,-110.0,-22.5,22.5,48.5,,1,espn-core,-2000.0,1000.0,0,0,8,12,Fayetteville,AR
2024-11-23,arst,ulm,28,21,-135.0,115.0,-2.5,2.5,-115.0,-105.0,-3.5,3.5,51.5,,1,espn-core,-170.0,145.0,0,1,37,37,Jonesboro,AR
2024-11-23,asu,byu,28,23,-145.0,125.0,-3.5,3.5,102.0,-125.0,-3.5,3.5,48.5,,1,espn-core,-170.0,145.0,0,1,4,4,Tempe,AZ
2024-11-23,aub,ta&m,43,41,105.0,-125.0,2.5,-2.5,-115.0,-105.0,2.5,-2.5,47.5,,1,espn-core,115.0,-135.0,0,1,8,8,Auburn,AL
2024-11-23,ball,bgsu,13,38,320.0,-425.0,12.5,-12.5,-115.0,-105.0,11.5,-11.5,54.5,,1,espn-core,340.0,-450.0,0,1,15,15,Muncie,IN
2024-11-23,bc,unc,41,21,105.0,-125.0,1.5,-1.5,-105.0,-115.0,2.0,-2.0,50.5,,1,espn-core,110.0,-130.0,0,1,1,1,Chestnut Hill,MA
2024-11-23,cal,stan,24,21,-650.0,425.0,-15.5,15.5,-110.0,-110.0,-14.5,14.5,52.5,,1,espn-core,-700.0,450.0,0,1,1,1,Berkeley,CA
2024-11-23,ccu,gaso,6,26,-125.0,105.0,-1.5,1.5,-115.0,-105.0,-2.0,2.0,59.5,,1,espn-core,-130.0,110.0,0,1,37,37,Conway,SC
2024-11-23,clem,cit,51,14,,,-48.5,48.5,-115.0,-105.0,-49.5,49.5,58.5,,1,espn-core,,,0,0,1,29,Clemson,SC
2024-11-23,duke,vt,31,28,120.0,-140.0,2.5,-2.5,100.0,-120.0,2.5,-2.5,45.5,,1,espn-core,115.0,-135.0,0,1,1,1,Durham,NC
2024-11-23,fau,clt,27,39,125.0,-145.0,3.5,-3.5,-125.0,102.0,2.5,-2.5,49.5,,1,espn-core,110.0,-130.0,0,1,151,151,Boca Raton,FL
2024-11-23,fla,miss,24,17,340.0,-450.0,13.5,-13.5,-115.0,-105.0,10.0,-10.0,57.5,,1,espn-core,300.0,-400.0,0,1,8,8,Gainesville,FL
2024-11-23,fres,csu,28,22,-155.0,135.0,-3.5,3.5,100.0,-120.0,-2.5,2.5,42.5,,1,espn-core,-135.0,115.0,0,1,17,17,Fresno,CA
2024-11-23,fsu,chso,41,7,,,-33.5,33.5,-120.0,100.0,-33.0,33.0,44.5,,1,espn-core,,,0,0,1,179,Tallahassee,FL
2024-11-23,hou,bay,10,20,200.0,-240.0,6.5,-6.5,102.0,-125.0,7.5,-7.5,50.5,,1,espn-core,250.0,-300.0,0,1,4,4,Houston,TX
2024-11-23,jvst,shsu,21,11,-195.0,165.0,-5.5,5.5,-110.0,-110.0,-6.5,6.5,57.5,,1,espn-core,-240.0,200.0,0,1,12,12,Jacksonville,AL
2024-11-23,kenn,fiu,27,26,230.0,-280.0,8.5,-8.5,-110.0,-110.0,8.0,-8.0,41.5,,1,espn-core,290.0,-380.0,0,1,12,12,Kennesaw,GA
2024-11-23,ksu,cin,41,15,-275.0,225.0,-7.5,7.5,-110.0,-110.0,-9.0,9.0,54.5,,1,espn-core,-360.0,280.0,0,1,4,4,Manhattan,KS
2024-11-23,ku,colo,37,21,110.0,-130.0,1.5,-1.5,-110.0,-110.0,2.5,-2.5,59.5,,1,espn-core,110.0,-130.0,0,1,4,4,Kansas City,MO
2024-11-23,lib,wku,38,21,-120.0,100.0,-1.5,1.5,-105.0,-115.0,1.5,-1.5,55.5,,1,espn-core,100.0,-120.0,0,1,12,12,Lynchburg,VA
2024-11-23,lou,pitt,37,9,-260.0,215.0,-7.5,7.5,-105.0,-115.0,-8.5,8.5,57.5,,1,espn-core,-320.0,260.0,0,1,1,1,Louisville,KY
2024-11-23,lsu,van,24,17,-380.0,290.0,-9.5,9.5,-120.0,100.0,-9.0,9.0,52.5,,1,espn-core,-300.0,250.0,0,1,8,8,Baton Rouge,LA
2024-11-23,md,iowa,13,29,170.0,-200.0,4.5,-4.5,-110.0,-110.0,6.5,-6.5,39.5,,1,espn-core,210.0,-250.0,0,1,5,5,College Park,MD
2024-11-23,mia,wake,42,14,-1400.0,750.0,-23.5,23.5,-115.0,-105.0,-24.0,24.0,65.5,,1,espn-core,-6000.0,1800.0,0,1,1,1,Miami Gardens,FL
2024-11-23,mich,nu,50,6,-425.0,320.0,-10.5,10.5,-110.0,-110.0,-12.0,12.0,34.5,,1,espn-core,-700.0,450.0,0,1,5,5,Ann Arbor,MI
2024-11-23,minn,psu,25,26,340.0,-450.0,11.5,-11.5,-110.0,-110.0,11.5,-11.5,45.5,,1,espn-core,400.0,-600.0,0,1,5,5,Minneapolis,MN
2024-11-23,most,sdst,9,45,425.0,-650.0,14.5,-14.5,-115.0,-115.0,14.5,-14.5,58.5,,1,espn-core,425.0,-650.0,0,1,21,21,Springfield,MO
2024-11-23,msst,miz,20,39,280.0,-360.0,9.5,-9.5,-110.0,-110.0,8.0,-8.0,57.5,,1,espn-core,250.0,-300.0,0,1,8,8,Starkville,MS
2024-11-23,mtsu,nmsu,21,36,-145.0,125.0,-3.5,3.5,100.0,-120.0,-3.5,3.5,53.5,,1,espn-core,-185.0,155.0,0,1,12,12,Murfreesboro,TN
2024-11-23,nd,army,49,14,-550.0,380.0,-14.5,14.5,-105.0,-115.0,-17.0,17.0,44.5,,1,espn-core,-1200.0,700.0,1,0,18,151,Bronx,NY
2024-11-23,neb,wis,44,25,-125.0,105.0,-1.5,1.5,-115.0,-105.0,-2.0,2.0,40.5,,1,espn-core,-130.0,110.0,0,1,5,5,Lincoln,NE
2024-11-23,nev,afa,19,22,-135.0,115.0,-2.5,2.5,-115.0,-105.0,-3.5,3.5,44.5,,1,espn-core,-185.0,155.0,0,1,17,17,Reno,NV
2024-11-23,odu,mrsh,35,42,-135.0,115.0,-2.5,2.5,-110.0,-110.0,-1.5,1.5,51.5,,1,espn-core,-120.0,100.0,0,1,37,37,Norfolk,VA
2024-11-23,okst,ttu,48,56,150.0,-175.0,4.5,-4.5,-115.0,-105.0,3.5,-3.5,62.5,,1,espn-core,135.0,-155.0,0,1,4,4,Stillwater,OK
2024-11-23,orst,wsu,41,38,300.0,-400.0,10.5,-10.5,-105.0,-115.0,13.5,-13.5,55.5,,1,espn-core,400.0,-600.0,0,1,9,9,Corvallis,OR
2024-11-23,osu,iu,38,15,-425.0,320.0,-10.5,10.5,-105.0,-115.0,-11.5,11.5,51.5,,1,espn-core,-500.0,360.0,0,1,5,5,Columbus,OH
2024-11-23,ou,ala,24,3,400.0,-600.0,14.5,-14.5,-115.0,-105.0,14.0,-14.0,46.5,,1,espn-core,475.0,-750.0,0,1,8,8,Norman,OK
2024-11-23,rutg,ill,31,38,-125.0,105.0,-2.5,2.5,-105.0,-115.0,-1.5,1.5,47.5,,1,espn-core,-125.0,105.0,0,1,5,5,Piscataway,NJ
2024-11-23,sac,ucd,39,42,340.0,-450.0,13.5,-13.5,-120.0,-110.0,12.5,-12.5,57.5,,1,espn-core,340.0,-450.0,0,1,20,20,Sacramento,CA
2024-11-23,sc,wof,56,12,,,-42.5,42.5,-105.0,-115.0,-42.5,42.5,49.5,,1,espn-core,,,0,0,8,29,Columbia,SC
2024-11-23,sdak,ndsu,29,28,115.0,-135.0,3.0,-3.0,-110.0,-120.0,2.5,-2.5,55.5,,1,espn-core,115.0,-135.0,0,1,21,21,Vermillion,SD
2024-11-23,syr,conn,31,24,-340.0,270.0,-9.5,9.5,-120.0,100.0,-11.0,11.0,53.5,,1,espn-core,-340.0,270.0,0,0,1,18,Syracuse,NY
2024-11-23,tcu,ariz,49,28,-320.0,260.0,-10.5,10.5,-105.0,-115.0,-11.5,11.5,60.5,,1,espn-core,-500.0,360.0,0,1,4,4,Fort Worth,TX
2024-11-23,tenn,utep,56,0,,,-41.5,41.5,-120.0,100.0,-41.5,41.5,54.5,,1,espn-core,,,0,0,8,12,Knoxville,TN
2024-11-23,tex,uk,31,14,-1000.0,600.0,-18.5,18.5,-110.0,-110.0,-20.5,20.5,46.5,,1,espn-core,-1800.0,900.0,0,1,8,8,Austin,TX
2024-11-23,txst,gast,44,52,-2500.0,1100.0,-22.5,22.5,-105.0,-115.0,-21.0,21.0,59.5,,1,espn-core,-1600.0,800.0,0,1,37,37,San Marcos,TX
2024-11-23,uab,rice,40,14,210.0,-250.0,6.5,-6.5,102.0,-125.0,7.0,-7.0,52.5,,1,espn-core,225.0,-275.0,0,1,151,151,Birmingham,AL
2024-11-23,ucla,usc,13,19,155.0,-185.0,4.5,-4.5,-110.0,-110.0,5.0,-5.0,52.5,,1,espn-core,145.0,-170.0,0,1,5,5,Pasadena,CA
2024-11-23,uga,mass,59,21,,,-42.5,42.5,102.0,-125.0,-43.5,43.5,55.5,,1,espn-core,,,0,0,8,18,Athens,GA
2024-11-23,ul,troy,51,30,-275.0,225.0,-7.5,7.5,-110.0,-110.0,-12.0,12.0,51.5,,1,espn-core,-550.0,380.0,0,1,37,37,Lafayette,LA
2024-11-23,unt,ecu,28,40,-135.0,115.0,-2.5,2.5,-105.0,-115.0,-2.5,2.5,73.5,,1,espn-core,-140.0,120.0,0,1,151,151,Denton,TX
2024-11-23,usf,tlsa,63,30,-800.0,500.0,-13.5,13.5,-105.0,-115.0,-17.0,17.0,60.5,,1,espn-core,-800.0,500.0,0,1,151,151,Tampa,FL
2024-11-23,usm,usa,14,35,1100.0,-2500.0,24.5,-24.5,-120.0,100.0,23.5,-23.5,54.5,,1,espn-core,1000.0,-2000.0,0,1,37,37,Hattiesburg,MS
2024-11-23,usu,sdsu,41,20,-175.0,150.0,-4.5,4.5,-110.0,-110.0,-4.5,4.5,59.5,,1,espn-core,-195.0,165.0,0,1,17,17,Logan,UT
2024-11-23,utah,isu,28,31,195.0,-230.0,3.5,-3.5,115.0,-150.0,6.0,-6.0,42.5,,1,espn-core,200.0,-240.0,0,1,4,4,Salt Lake City,UT
2024-11-23,uva,smu,7,33,270.0,-340.0,10.5,-10.5,-110.0,-110.0,10.0,-10.0,53.5,,1,espn-core,300.0,-400.0,0,1,1,1,Charlottesville,VA
2024-11-23,vill,del,38,28,100.0,-120.0,1.5,-1.5,-120.0,-110.0,1.0,-1.0,46.5,,1,espn-core,100.0,-120.0,0,1,48,48,Philadelphia,PA
2024-11-23,wvu,ucf,31,21,125.0,-145.0,3.5,-3.5,-120.0,100.0,2.5,-2.5,60.5,,1,espn-core,115.0,-135.0,0,1,4,4,Morgantown,WV
2024-11-23,wyo,bois,13,17,1000.0,-2000.0,25.5,-25.5,-115.0,-105.0,23.5,-23.5,54.5,,1,espn-core,1100.0,-2500.0,0,1,17,17,Laramie,WY
2024-11-26,akr,tol,21,14,250.0,-300.0,9.5,-9.5,-110.0,-110.0,7.5,-7.5,50.5,,1,espn-core,260.0,-320.0,0,1,15,15,Akron,OH
2024-11-26,buff,kent,43,7,-3000.0,1200.0,-23.5,23.5,-115.0,-105.0,-22.5,22.5,50.5,,1,espn-core,-2000.0,900.0,0,1,15,15,Buffalo,NY
2024-11-28,tuln,mem,24,34,-450.0,340.0,-12.5,12.5,-115.0,-105.0,-13.5,13.5,54.5,,1,espn-core,-600.0,400.0,0,1,151,151,New Orleans,LA
2024-11-29,bgsu,m-oh,12,28,-140.0,120.0,-3.0,3.0,-105.0,-115.0,-2.5,2.5,37.5,,1,espn-core,-140.0,120.0,0,1,15,15,Bowling Green,OH
2024-11-29,bois,orst,34,18,-900.0,550.0,-17.5,17.5,-115.0,-105.0,-20.0,20.0,58.5,,1,espn-core,-1400.0,750.0,0,0,17,9,Boise,ID
2024-11-29,colo,okst,52,0,-650.0,425.0,-14.5,14.5,-110.0,-110.0,-17.0,17.0,66.5,,1,espn-core,-800.0,500.0,0,1,4,4,Boulder,CO
2024-11-29,csu,usu,42,37,-195.0,165.0,-5.5,5.5,-110.0,-110.0,-6.0,6.0,56.5,,1,espn-core,-215.0,180.0,0,1,17,17,Fort Collins,CO
2024-11-29,ecu,navy,20,34,-145.0,125.0,,,,,,,52.5,,1,espn-core,-115.0,-105.0,0,1,151,151,Greenville,NC
2024-11-29,iowa,neb,13,10,-145.0,125.0,-3.5,3.5,108.0,-135.0,-5.0,5.0,41.5,,1,espn-core,-230.0,195.0,0,1,5,5,Iowa City,IA
2024-11-29,miss,msst,26,14,-5000.0,1500.0,-26.5,26.5,-105.0,-115.0,-26.5,26.5,63.5,,1,espn-core,-3000.0,1200.0,0,1,8,8,Oxford,MS
2024-11-29,ohio,ball,42,21,-800.0,500.0,-17.5,17.5,-110.0,-110.0,-14.5,14.5,51.5,,1,espn-core,-750.0,475.0,0,1,15,15,Athens,OH
2024-11-29,shsu,lib,20,18,110.0,-130.0,2.5,-2.5,-115.0,-105.0,2.5,-2.5,47.5,,1,espn-core,120.0,-140.0,0,1,12,12,Huntsville,TX
2024-11-29,sjsu,stan,34,31,-130.0,110.0,-2.5,2.5,-105.0,-115.0,-2.0,2.0,54.5,,1,espn-core,-130.0,110.0,0,0,17,1,San Jose,CA
2024-11-29,ucf,utah,14,28,-320.0,260.0,-9.5,9.5,-120.0,100.0,-8.5,8.5,45.5,,1,espn-core,-360.0,280.0,0,1,4,4,Orlando,FL
2024-11-29,uga,gt,44,42,-900.0,550.0,-17.5,17.5,100.0,-120.0,-20.0,20.0,48.5,,1,espn-core,-1400.0,750.0,0,0,8,1,Athens,GA
2024-11-29,usa,txst,38,45,110.0,-130.0,2.5,-2.5,-115.0,-105.0,-0.5,0.5,60.5,,1,espn-core,-110.0,-110.0,0,1,37,37,Mobile,AL
2024-11-29,wis,minn,7,24,105.0,-125.0,1.5,-1.5,-105.0,-115.0,-2.0,2.0,40.5,,1,espn-core,-125.0,105.0,0,1,5,5,Madison,WI
2024-11-30,ala,aub,28,14,-400.0,300.0,-10.5,10.5,-115.0,-105.0,-11.5,11.5,50.5,,1,espn-core,-550.0,380.0,0,1,8,8,Tuscaloosa,AL
2024-11-30,ariz,asu,7,49,230.0,-280.0,7.5,-7.5,-120.0,100.0,9.0,-9.0,52.5,,1,espn-core,280.0,-360.0,0,1,4,4,Tucson,AZ
2024-11-30,army,utsa,29,24,-225.0,190.0,-6.5,6.5,-105.0,-115.0,-7.5,7.5,53.5,,1,espn-core,-300.0,250.0,0,1,151,151,West Point,NY
2024-11-30,arst,odu,32,40,175.0,-210.0,5.5,-5.5,-110.0,-110.0,3.5,-3.5,58.5,,1,espn-core,145.0,-170.0,0,1,37,37,Jonesboro,AR
2024-11-30,bay,ku,45,17,110.0,-130.0,2.5,-2.5,-115.0,-105.0,1.0,-1.0,62.5,,1,espn-core,-105.0,-115.0,0,1,4,4,Waco,TX
2024-11-30,bc,pitt,34,23,-170.0,145.0,-3.5,3.5,-105.0,-115.0,-3.0,3.0,50.5,,1,espn-core,-150.0,130.0,0,1,1,1,Chestnut Hill,MA
2024-11-30,byu,hou,30,18,-425.0,320.0,-9.5,9.5,-120.0,100.0,-12.5,12.5,39.5,,1,espn-core,-650.0,425.0,0,1,4,4,Provo,UT
2024-11-30,cin,tcu,13,20,105.0,-125.0,2.5,-2.5,-110.0,-110.0,2.0,-2.0,58.5,,1,espn-core,110.0,-130.0,0,1,4,4,Cincinnati,OH
2024-11-30,clem,sc,14,17,-130.0,110.0,-2.5,2.5,-115.0,-105.0,-3.0,3.0,48.5,,1,espn-core,-145.0,125.0,0,0,1,8,Clemson,SC
2024-11-30,clt,uab,29,27,-115.0,-105.0,-1.5,1.5,-105.0,-115.0,-3.0,3.0,59.5,,1,espn-core,-150.0,130.0,0,1,151,151,Charlotte,NC
2024-11-30,fiu,mtsu,35,24,-425.0,320.0,-9.5,9.5,-125.0,102.0,-9.0,9.0,50.5,,1,espn-core,-360.0,280.0,0,1,12,12,Miami,FL
2024-11-30,fsu,fla,11,31,500.0,-800.0,17.5,-17.5,-115.0,-105.0,14.0,-14.0,45.5,,1,espn-core,500.0,-800.0,0,0,1,8,Tallahassee,FL
2024-11-30,gaso,app,29,20,-130.0,110.0,-2.5,2.5,-110.0,-110.0,-2.5,2.5,60.5,,1,espn-core,-135.0,115.0,0,1,37,37,Statesboro,GA
2024-11-30,gast,ccu,27,48,-110.0,-110.0,-0.5,0.5,-110.0,-110.0,1.0,-1.0,52.5,,1,espn-core,100.0,-120.0,0,1,37,37,Atlanta,GA
2024-11-30,haw,unm,38,30,180.0,-215.0,6.5,-6.5,-115.0,-105.0,2.5,-2.5,61.5,,1,espn-core,115.0,-135.0,0,1,17,17,Honolulu,HI
2024-11-30,isu,ksu,29,21,-135.0,115.0,-2.5,2.5,-115.0,-105.0,-2.5,2.5,51.5,,1,espn-core,-135.0,115.0,0,1,4,4,Ames,IA
2024-11-30,iu,pur,66,0,-6000.0,1800.0,-28.5,28.5,-110.0,-110.0,-28.5,28.5,56.5,,1,espn-core,-6000.0,1800.0,0,1,5,5,Bloomington,IN
2024-11-30,jmu,mrsh,33,35,-165.0,140.0,-2.5,2.5,-150.0,115.0,-3.0,3.0,52.5,,1,espn-core,-140.0,120.0,0,1,37,37,Harrisonburg,VA
2024-11-30,lsu,ou,37,17,-190.0,160.0,-4.5,4.5,-125.0,102.0,-6.0,6.0,47.5,,1,espn-core,-240.0,200.0,0,1,8,8,Baton Rouge,LA
2024-11-30,lt,kenn,33,0,-360.0,280.0,-13.5,13.5,113.0,-145.0,-11.5,11.5,41.5,,1,espn-core,-600.0,400.0,0,1,12,12,Ruston,LA
2024-11-30,mass,conn,42,47,250.0,-300.0,9.5,-9.5,-105.0,-115.0,11.0,-11.0,49.5,,1,espn-core,360.0,-500.0,0,0,18,18,Amherst,MA
2024-11-30,miz,ark,28,21,-145.0,125.0,-3.5,3.5,108.0,-135.0,-3.0,3.0,51.5,,1,espn-core,-155.0,135.0,0,1,8,8,Columbia,MO
2024-11-30,msu,rutg,14,41,-120.0,100.0,-1.5,1.5,-105.0,-115.0,-1.0,1.0,46.5,,1,espn-core,-120.0,100.0,0,1,5,5,East Lansing,MI
2024-11-30,niu,cmu,24,16,-500.0,360.0,-16.5,16.5,108.0,-135.0,-13.0,13.0,41.5,,1,espn-core,-650.0,425.0,0,1,15,15,Dekalb,IL
2024-11-30,nmsu,utep,35,42,-155.0,135.0,-3.5,3.5,-110.0,-110.0,-2.0,2.0,51.5,,1,espn-core,-130.0,110.0,0,1,12,12,Las Cruces,NM
2024-11-30,nu,ill,28,38,270.0,-340.0,8.5,-8.5,-105.0,-115.0,7.5,-7.5,42.5,,1,espn-core,270.0,-340.0,1,1,5,5,Chicago,IL
2024-11-30,ore,wash,49,21,-800.0,500.0,-17.5,17.5,-110.0,-110.0,-19.0,19.0,50.5,,1,espn-core,-1400.0,750.0,0,1,5,5,Eugene,OR
2024-11-30,osu,mich,10,13,-400.0,290.0,-10.5,10.5,-110.0,-110.0,-10.5,10.5,44.75,,6,espn-core,-400.0,290.0,0,1,5,5,Columbus,OH
2024-11-30,psu,md,44,7,-4000.0,1300.0,-26.5,26.5,-110.0,-110.0,-24.0,24.0,50.5,,1,espn-core,-4000.0,1300.0,0,1,5,5,University Park,PA
2024-11-30,rice,usf,35,28,175.0,-210.0,5.5,-5.5,-110.0,-110.0,4.0,-4.0,53.5,,1,espn-core,160.0,-190.0,0,1,151,151,Houston,TX
2024-11-30,sdsu,afa,20,31,195.0,-230.0,6.5,-6.5,-110.0,-110.0,3.5,-3.5,43.5,,1,espn-core,150.0,-175.0,0,1,17,17,San Diego,CA
2024-11-30,smu,cal,38,6,-500.0,360.0,-11.5,11.5,-120.0,100.0,-13.5,13.5,54.5,,1,espn-core,-600.0,400.0,0,1,1,1,Dallas,TX
2024-11-30,syr,mia,42,38,320.0,-425.0,12.5,-12.5,-110.0,-110.0,12.0,-12.0,65.5,,1,espn-core,340.0,-450.0,0,1,1,1,Syracuse,NY
2024-11-30,ta&m,tex,7,17,150.0,-175.0,4.5,-4.5,-115.0,-105.0,4.5,-4.5,49.5,,1,espn-core,190.0,-225.0,0,1,8,8,College Station,TX
2024-11-30,tem,unt,17,24,320.0,-425.0,10.5,-10.5,-105.0,-115.0,12.5,-12.5,63.5,,1,espn-core,360.0,-500.0,0,1,151,151,Philadelphia,PA
2024-11-30,tlsa,fau,16,63,-110.0,-110.0,2.5,-2.5,-150.0,115.0,1.0,-1.0,57.5,,1,espn-core,-105.0,-115.0,0,1,151,151,Tulsa,OK
2024-11-30,troy,usm,52,20,-800.0,500.0,-17.5,17.5,-115.0,-105.0,-17.0,17.0,48.5,,1,espn-core,-1000.0,600.0,0,1,37,37,Troy,AL
2024-11-30,ttu,wvu,52,15,-135.0,115.0,-2.5,2.5,-115.0,-105.0,-3.5,3.5,61.5,,1,espn-core,-165.0,140.0,0,1,4,4,Lubbock,TX
2024-11-30,ucla,fres,20,13,-275.0,225.0,-7.5,7.5,-115.0,-105.0,-10.0,10.0,46.5,,1,espn-core,-425.0,320.0,0,0,5,17,Pasadena,CA
2024-11-30,uk,lou,14,41,150.0,-175.0,3.5,-3.5,100.0,-120.0,3.0,-3.0,48.5,,1,espn-core,130.0,-150.0,0,0,8,1,Lexington,KY
2024-11-30,ulm,ul,23,37,280.0,-360.0,8.5,-8.5,-110.0,-110.0,10.0,-10.0,50.5,,1,espn-core,300.0,-400.0,0,1,37,37,Monroe,LA
2024-11-30,unc,ncsu,30,35,-125.0,105.0,-2.5,2.5,-105.0,-115.0,-3.5,3.5,54.5,,1,espn-core,-170.0,145.0,0,1,1,1,Chapel Hill,NC
2024-11-30,unlv,nev,38,14,-900.0,550.0,-17.5,17.5,-110.0,-110.0,-19.0,19.0,54.5,,1,espn-core,-1200.0,700.0,0,1,17,17,Las Vegas,NV
2024-11-30,usc,nd,35,49,215.0,-260.0,6.5,-6.5,102.0,-125.0,6.5,-6.5,52.5,,1,espn-core,230.0,-280.0,0,0,5,18,Los Angeles,CA
2024-11-30,van,tenn,23,36,260.0,-320.0,9.5,-9.5,-105.0,-115.0,11.5,-11.5,45.5,,1,espn-core,380.0,-550.0,0,1,8,8,Nashville,TN
2024-11-30,vt,uva,37,17,-175.0,150.0,-4.5,4.5,-105.0,-115.0,-7.0,7.0,44.5,,1,espn-core,-290.0,240.0,0,1,1,1,Blacksburg,VA
2024-11-30,wake,duke,17,23,125.0,-145.0,3.5,-3.5,-125.0,102.0,4.5,-4.5,53.5,,1,espn-core,145.0,-170.0,0,1,1,1,Winston-Salem,NC
2024-11-30,wku,jvst,19,17,-115.0,-105.0,-0.5,0.5,-115.0,-105.0,-2.0,2.0,62.5,,1,espn-core,-130.0,110.0,0,1,12,12,Bowling Green,KY
2024-11-30,wmu,emu,26,18,-200.0,170.0,-6.5,6.5,115.0,-150.0,-6.5,6.5,56.5,,1,espn-core,-230.0,195.0,0,1,15,15,Kalamazoo,MI
2024-11-30,wsu,wyo,14,15,-900.0,550.0,-18.5,18.5,-105.0,-115.0,-18.5,18.5,55.5,,1,espn-core,-1000.0,600.0,0,0,9,17,Pullman,WA
2024-12-06,army,tuln,35,14,170.0,-200.0,4.5,-4.5,-110.0,-110.0,3.5,-3.5,46.5,,1,espn-core,145.0,-170.0,0,0,151,151,West Point,NY
2024-12-06,bois,unlv,21,7,-185.0,155.0,-3.5,3.5,-115.0,-105.0,-4.5,4.5,57.5,,1,espn-core,-195.0,165.0,0,0,17,17,Boise,ID
2024-12-06,jvst,wku,52,12,-185.0,155.0,-4.5,4.5,100.0,-120.0,-1.5,1.5,58.5,,1,espn-core,-125.0,105.0,0,0,12,12,Jacksonville,AL
2024-12-07,asu,isu,45,19,100.0,-120.0,1.5,-1.5,-115.0,-105.0,-1.5,1.5,51.5,,1,espn-core,-110.0,-110.0,1,0,4,4,Arlington,TX
2024-12-07,m-oh,ohio,3,38,-130.0,110.0,-2.5,2.5,-105.0,-115.0,-1.5,1.5,43.5,,1,espn-core,-125.0,105.0,1,0,15,15,Detroit,MI
2024-12-07,ndsu,acu,51,31,,,-21.5,21.5,-105.0,-125.0,-25.0,25.0,58.5,,1,espn-core,,,0,0,21,177,Fargo,ND
2024-12-07,ore,psu,45,37,-175.0,150.0,-3.5,3.5,-105.0,-115.0,-3.0,3.0,51.5,,1,espn-core,-145.0,125.0,1,0,5,5,Indianapolis,IN
2024-12-07,smu,clem,31,34,-135.0,115.0,-2.5,2.5,-115.0,-105.0,2.0,-2.0,56.5,,1,espn-core,105.0,-125.0,1,0,1,1,Charlotte,NC
2024-12-07,tex,uga,19,22,-150.0,130.0,-2.5,2.5,-125.0,102.0,0.0,-0.0,50.5,,1,espn-core,-110.0,-110.0,1,0,8,8,Atlanta,GA
2024-12-07,ul,mrsh,3,31,-190.0,160.0,-4.5,4.5,-110.0,-110.0,-4.0,4.0,57.5,,1,espn-core,-190.0,160.0,0,0,37,37,Lafayette,LA
2024-12-14,army,navy,13,31,-225.0,190.0,-6.5,6.5,-110.0,-110.0,-2.5,2.5,39.5,,1,espn-core,-135.0,115.0,1,0,151,151,Landover,MD
2024-12-14,ndsu,mer,31,7,-2000.0,1000.0,-23.5,23.5,-110.0,-110.0,-18.0,18.0,52.5,,1,espn-core,-2000.0,1000.0,0,0,21,29,Fargo,ND
2024-12-14,wmu,usa,23,30,190.0,-225.0,5.5,-5.5,-105.0,-115.0,10.5,-10.5,54.5,,1,espn-core,290.0,-380.0,1,0,15,37,Montgomery,AL
2024-12-17,wvu,mem,37,42,165.0,-195.0,5.5,-5.5,-140.0,110.0,-3.5,3.5,60.5,,1,espn-core,-165.0,140.0,1,0,4,151,Frisco,TX
2024-12-18,jmu,wku,27,17,-280.0,230.0,-7.5,7.5,-105.0,-115.0,-4.5,4.5,50.5,,1,espn-core,-210.0,175.0,1,0,37,12,Boca Raton,FL
2024-12-18,unlv,cal,24,13,-165.0,140.0,-3.5,3.5,102.0,-125.0,1.5,-1.5,44.5,,1,espn-core,105.0,-125.0,1,0,17,1,Inglewood,CA
2024-12-19,shsu,gaso,31,26,130.0,-150.0,3.5,-3.5,-115.0,-105.0,4.0,-4.0,48.5,,1,espn-core,170.0,-200.0,1,0,12,37,New Orleans,LA
2024-12-20,fla,tuln,33,8,-380.0,290.0,-9.5,9.5,-120.0,100.0,-9.5,9.5,49.5,,1,espn-core,-320.0,260.0,1,0,8,151,Tampa,FL
2024-12-20,jvst,ohio,27,30,180.0,-215.0,5.5,-5.5,-105.0,-115.0,1.5,-1.5,56.5,,1,espn-core,105.0,-125.0,1,0,12,15,Orlando,FL
2024-12-20,nd,iu,27,17,-260.0,215.0,-6.5,6.5,-125.0,102.0,-8.5,8.5,50.5,,1,espn-core,-290.0,240.0,0,0,18,5,Notre Dame,IN
2024-12-21,ndsu,sdst,28,21,140.0,-165.0,3.5,-3.5,-115.0,-105.0,2.5,-2.5,49.5,,1,espn-core,130.0,-150.0,0,0,21,21,Fargo,ND
2024-12-21,osu,tenn,42,17,-290.0,240.0,-7.5,7.5,-105.0,-115.0,-7.0,7.0,46.5,,1,espn-core,-260.0,215.0,0,0,5,8,Columbus,OH
2024-12-21,psu,smu,38,10,-320.0,260.0,-7.5,7.5,-125.0,102.0,-8.5,8.5,50.5,,1,espn-core,-300.0,250.0,0,0,5,1,University Park,PA
2024-12-21,tex,clem,38,24,-650.0,425.0,-13.5,13.5,-115.0,-105.0,-10.5,10.5,49.5,,1,espn-core,-425.0,320.0,0,0,8,1,Austin,TX
2024-12-23,ccu,utsa,15,44,320.0,-425.0,13.5,-13.5,,,-6.5,6.5,56.5,,1,espn-core,175.0,-210.0,0,0,37,151,Conway,SC
2024-12-23,fres,niu,20,28,110.0,-130.0,2.5,-2.5,-105.0,-115.0,2.0,-2.0,40.5,,1,espn-core,105.0,-125.0,1,0,17,15,Boise,ID
2024-12-24,sjsu,usf,39,41,-105.0,-115.0,0.5,-0.5,,,-2.5,2.5,64.5,,1,espn-core,-140.0,120.0,1,0,17,151,Honolulu,HI
2024-12-26,bgsu,arst,31,38,-340.0,270.0,-10.5,10.5,-105.0,-115.0,-7.5,7.5,54.5,,1,espn-core,-250.0,210.0,1,0,15,37,Mobile,AL
2024-12-26,ksu,rutg,44,41,-270.0,220.0,-7.5,7.5,100.0,-120.0,-6.5,6.5,51.5,,1,espn-core,-290.0,240.0,1,0,4,5,Phoenix,AZ
2024-12-26,tol,pitt,48,46,190.0,-225.0,6.5,-6.5,-105.0,-115.0,9.0,-9.0,48.5,,1,espn-core,260.0,-320.0,1,0,15,1,Detroit,MI
2024-12-27,ark,ttu,39,26,140.0,-165.0,3.5,-3.5,-115.0,-105.0,-2.5,2.5,52.5,,1,espn-core,-130.0,110.0,1,0,8,4,Memphis,TN
2024-12-27,navy,ou,21,20,-105.0,-115.0,2.5,-2.5,-130.0,105.0,9.0,-9.0,44.5,,1,espn-core,240.0,-290.0,1,0,151,8,Fort Worth,TX
2024-12-27,ta&m,usc,31,35,-170.0,145.0,-3.5,3.5,-115.0,-105.0,-1.0,1.0,56.5,,1,espn-core,-140.0,120.0,1,0,8,5,Las Vegas,NV
2024-12-27,van,gt,35,27,130.0,-150.0,2.5,-2.5,105.0,-130.0,2.5,-2.5,48.5,,1,espn-core,110.0,-130.0,1,0,8,1,Birmingham,AL
2024-12-27,wsu,syr,35,52,550.0,-900.0,18.5,-18.5,-110.0,-110.0,4.5,-4.5,57.5,,1,espn-core,160.0,-190.0,1,0,9,1,San Diego,CA
2024-12-28,army,lt,27,6,-800.0,500.0,-14.5,14.5,-115.0,-105.0,-15.5,15.5,44.5,,1,espn-core,-290.0,240.0,1,0,151,12,Shreveport,LA
2024-12-28,colo,byu,14,36,-150.0,130.0,-2.5,2.5,-120.0,100.0,0.0,-0.0,53.5,,1,espn-core,-130.0,110.0,1,0,4,4,San Antonio,TX
2024-12-28,csu,m-oh,17,43,-105.0,-115.0,1.5,-1.5,-110.0,-110.0,2.5,-2.5,42.5,,1,espn-core,115.0,-135.0,1,0,17,15,Tucson,AZ
2024-12-28,mia,isu,41,42,-215.0,180.0,-5.5,5.5,-105.0,-115.0,2.5,-2.5,61.5,,1,espn-core,-105.0,-115.0,1,0,1,4,Orlando,FL
2024-12-28,ncsu,ecu,21,26,-275.0,225.0,-7.5,7.5,-110.0,-110.0,-5.0,5.0,60.5,,1,espn-core,-200.0,170.0,1,0,1,151,Annapolis,MD
2024-12-28,neb,bc,20,15,-175.0,150.0,-3.5,3.5,-110.0,-110.0,-3.5,3.5,47.5,,1,espn-core,-185.0,155.0,1,0,5,1,Bronx,NY
2024-12-28,tcu,ul,34,3,-380.0,290.0,-9.5,9.5,-110.0,-110.0,-9.5,9.5,59.5,,1,espn-core,-360.0,280.0,1,0,4,37,Albuquerque,NM
2024-12-28,unc,conn,14,27,-120.0,100.0,-1.5,1.5,-105.0,-115.0,6.0,-6.0,52.5,,1,espn-core,-190.0,160.0,1,0,1,18,Boston,MA
2024-12-30,miz,iowa,27,24,-115.0,-105.0,-1.5,1.5,-105.0,-115.0,-1.5,1.5,41.5,,1,espn-core,-125.0,105.0,1,0,8,5,Nashville,TN
2024-12-31,bois,psu,14,31,300.0,-400.0,11.5,-11.5,-105.0,-115.0,11.0,-11.0,54.5,,1,espn-core,-300.0,250.0,1,0,17,5,Glendale,AZ
2024-12-31,ill,sc,21,17,270.0,-340.0,9.5,-9.5,-110.0,-110.0,10.5,-10.5,49.5,,1,espn-core,320.0,-425.0,1,0,5,8,Orlando,FL
2024-12-31,lsu,bay,44,31,125.0,-145.0,2.5,-2.5,100.0,-120.0,0.0,-0.0,62.5,,1,espn-core,-145.0,125.0,1,0,8,4,Houston,TX
2024-12-31,mich,ala,19,13,550.0,-900.0,16.5,-16.5,-110.0,-110.0,11.5,-11.5,45.5,,1,espn-core,320.0,-425.0,1,0,5,8,Tampa,FL
2024-12-31,wash,lou,34,35,-120.0,100.0,-1.5,1.5,-105.0,-115.0,4.5,-4.5,50.5,,1,espn-core,115.0,-135.0,1,0,5,1,El Paso,TX
2025-01-01,asu,tex,31,39,360.0,-500.0,13.5,-13.5,100.0,-120.0,12.5,-12.5,52.5,,1,espn-core,380.0,-550.0,1,0,4,8,Atlanta,GA
2025-01-01,ore,osu,21,41,120.0,-140.0,2.5,-2.5,-105.0,-115.0,1.0,-1.0,54.5,,1,espn-core,100.0,-120.0,1,0,5,5,Pasadena,CA
2025-01-02,miss,duke,52,20,-1000.0,600.0,-14.5,14.5,-125.0,102.0,-12.0,12.0,50.5,,1,espn-core,-750.0,475.0,1,0,8,1,Jacksonville,FL
2025-01-02,uga,nd,10,23,100.0,-120.0,1.5,-1.5,-115.0,-105.0,1.5,-1.5,46.5,,1,espn-core,100.0,-120.0,1,0,8,18,New Orleans,LA
2025-01-03,txst,unt,30,28,-650.0,425.0,-15.5,15.5,-110.0,-110.0,-9.0,9.0,66.5,,1,espn-core,-300.0,250.0,1,0,37,151,Dallas,TX
2025-01-03,vt,minn,10,24,300.0,-400.0,10.5,-10.5,-120.0,100.0,4.5,-4.5,43.5,,1,espn-core,145.0,-170.0,1,0,1,5,Charlotte,NC
2025-01-04,lib,buff,7,26,150.0,-175.0,3.5,-3.5,-110.0,-110.0,-2.0,2.0,50.5,,1,espn-core,-120.0,100.0,1,0,12,15,Nassau,
2025-01-06,mtst,ndsu,32,35,-210.0,175.0,-6.5,6.5,-110.0,-110.0,-3.0,3.0,58.5,,1,espn-core,-170.0,135.0,1,0,20,21,Frisco,TX
2025-01-09,psu,nd,24,27,-120.0,100.0,-1.5,1.5,-110.0,-110.0,1.5,-1.5,45.5,,1,espn-core,105.0,-125.0,1,0,5,18,Miami Gardens,FL
2025-01-10,tex,osu,14,28,175.0,-210.0,5.5,-5.5,-105.0,-115.0,5.0,-5.0,51.5,,1,espn-core,-200.0,170.0,1,0,8,5,Arlington,TX
2025-01-20,nd,osu,23,34,300.0,-400.0,8.5,-8.5,-110.0,-110.0,9.5,-9.5,44.5,,1,espn-core,300.0,-400.0,1,0,18,5,Atlanta,GA
2025-08-23,haw,stan,23,20,-120.0,100.0,-1.5,1.5,-110.0,-110.0,2.5,-2.5,50.5,,1,espn-core,-125.0,105.0,0,0,17,1,Honolulu,HI
2025-08-23,ksu,isu,21,24,-140.0,120.0,-2.5,2.5,-125.0,102.0,-3.0,3.0,51.5,,1,espn-core,-155.0,135.0,1,1,4,4,Dublin,
2025-08-23,ku,fres,31,7,-700.0,450.0,-14.5,14.5,102.0,-125.0,-12.5,12.5,50.5,,1,espn-core,-650.0,425.0,0,0,4,17,Lawrence,KS
2025-08-23,unlv,idst,38,31,-10000.0,2500.0,-30.5,30.5,-105.0,-115.0,-26.5,26.5,67.5,,1,espn-core,-5000.0,1500.0,0,0,17,20,Las Vegas,NV
2025-08-23,wku,shsu,41,24,-400.0,300.0,-10.5,10.5,102.0,-125.0,-10.5,10.5,60.5,,1,espn-core,-380.0,290.0,0,1,12,12,Bowling Green,KY
2025-08-28,akr,wyo,0,10,170.0,-200.0,4.5,-4.5,-105.0,-115.0,6.5,-6.5,47.5,,1,espn-core,210.0,-250.0,0,0,15,17,Akron,OH
2025-08-28,bgsu,laf,26,7,-1600.0,800.0,-21.5,21.5,-110.0,-110.0,-13.5,13.5,53.5,,1,espn-core,-1600.0,800.0,0,0,15,27,Bowling Green,OH
2025-08-28,cin,neb,17,20,175.0,-210.0,5.5,-5.5,-110.0,-110.0,6.5,-6.5,50.5,,1,espn-core,220.0,-270.0,1,0,4,5,Kansas City,MO
2025-08-28,del,dsu,35,17,-10000.0,2500.0,-30.5,30.5,-115.0,-105.0,-32.5,32.5,55.5,,1,espn-core,-10000.0,2500.0,0,0,12,24,Newark,DE
2025-08-28,duke,elon,45,17,,,,,,,,,50.5,,1,espn-core,,,0,0,1,48,Durham,NC
2025-08-28,hou,sfa,27,0,-3000.0,1200.0,-23.5,23.5,-110.0,-110.0,-22.5,22.5,54.5,,1,espn-core,-4000.0,1300.0,0,0,4,30,Houston,TX
2025-08-28,minn,buff,23,10,-900.0,550.0,-16.5,16.5,-105.0,-115.0,-17.5,17.5,41.5,,1,espn-core,-1200.0,700.0,0,0,5,15,Minneapolis,MN
2025-08-28,miz,cark,61,6,,,-39.5,39.5,-110.0,-110.0,-36.5,36.5,53.5,,1,espn-core,,,0,0,8,177,Columbia,MO
2025-08-28,ncsu,ecu,24,17,-550.0,380.0,-13.5,13.5,-110.0,-110.0,-14.5,14.5,61.5,,1,espn-core,-600.0,400.0,0,0,1,151,Raleigh,NC
2025-08-28,okst,utm,27,7,-4000.0,1300.0,,,,,,,56.5,,1,espn-core,-4000.0,1300.0,0,0,4,179,Stillwater,OK
2025-08-28,rutg,ohio,34,31,-750.0,475.0,-15.5,15.5,-115.0,-105.0,-15.5,15.5,53.5,,1,espn-core,-800.0,500.0,0,0,5,15,Piscataway,NJ
2025-08-28,sdsu,stbk,42,0,-1600.0,800.0,,,,,,,53.5,,1,espn-core,-900.0,550.0,0,0,17,48,San Diego,CA
2025-08-28,uab,alst,52,42,-2000.0,1000.0,-21.5,21.5,-105.0,-115.0,-18.5,18.5,53.5,,1,espn-core,-1800.0,900.0,0,0,151,31,Birmingham,AL
2025-08-28,ucf,jvst,17,10,-1600.0,800.0,-20.5,20.5,-105.0,-115.0,-18.5,18.5,52.5,,1,espn-core,-1000.0,600.0,0,0,4,12,Orlando,FL
2025-08-28,ulm,sfpa,29,0,,,-30.5,30.5,-110.0,-110.0,-26.5,26.5,47.5,,1,espn-core,,,0,0,37,25,Monroe,LA
2025-08-28,usf,bois,34,7,170.0,-200.0,5.5,-5.5,-115.0,-105.0,5.5,-5.5,60.5,,1,espn-core,180.0,-215.0,0,0,151,17,Tampa,FL
2025-08-28,wis,m-oh,17,0,-1400.0,750.0,-18.5,18.5,-105.0,-115.0,-17.5,17.5,41.5,,1,espn-core,-1200.0,600.0,0,0,5,15,Madison,WI
2025-08-29,army,tar,27,30,-600.0,400.0,-14.5,14.5,-105.0,-115.0,-15.5,15.5,47.5,,1,espn-core,-800.0,500.0,0,0,151,177,West Point,NY
2025-08-29,bay,aub,24,38,-110.0,-110.0,-1.5,1.5,-105.0,-115.0,2.5,-2.5,56.5,,1,espn-core,115.0,-135.0,0,0,4,8,Waco,TX
2025-08-29,clt,app,11,34,130.0,-150.0,19.5,-19.5,-500.0,300.0,6.5,-6.5,,,1,espn-core,195.0,-230.0,1,0,151,37,Charlotte,NC
2025-08-29,colo,gt,20,27,145.0,-170.0,3.5,-3.5,-115.0,-105.0,4.5,-4.5,50.5,,1,espn-core,165.0,-195.0,0,0,4,1,Boulder,CO
2025-08-29,fiu,bcu,42,9,-5000.0,1500.0,-26.5,26.5,-110.0,-110.0,-30.5,30.5,54.5,,1,espn-core,-10000.0,2500.0,0,0,12,31,Miami,FL
2025-08-29,ill,wiu,52,3,,,-48.5,48.5,-110.0,-110.0,-45.5,45.5,63.5,,1,espn-core,,,0,0,5,179,Champaign,IL
2025-08-29,ku,wag,46,7,,,-45.5,45.5,-105.0,-115.0,-45.5,45.5,57.5,,1,espn-core,,,0,0,4,25,Lawrence,KS
2025-08-29,msu,wmu,23,6,-2000.0,1000.0,-22.5,22.5,-110.0,-110.0,-20.5,20.5,50.5,,1,espn-core,-1800.0,900.0,0,0,5,15,East Lansing,MI
2025-08-29,shsu,unlv,21,38,250.0,-300.0,8.5,-8.5,-115.0,-105.0,10.5,-10.5,60.5,,1,espn-core,290.0,-380.0,0,0,12,17,Houston,TX
2025-08-29,sjsu,cmu,14,16,-650.0,425.0,-14.5,14.5,-105.0,-115.0,-11.5,11.5,51.5,,1,espn-core,-450.0,340.0,0,0,17,15,San Jose,CA
2025-08-29,wake,kenn,10,9,-1200.0,700.0,-18.5,18.5,-110.0,-110.0,-17.5,17.5,51.5,,1,espn-core,-1200.0,700.0,0,0,1,12,Winston-Salem,NC
2025-08-30,afa,buck,49,13,-20000.0,3000.0,-30.5,30.5,-115.0,-105.0,-31.5,31.5,53.5,,1,espn-core,-10000.0,2500.0,0,0,17,27,USAF Academy,CO
2025-08-30,ariz,haw,40,6,-700.0,450.0,-15.5,15.5,-110.0,-110.0,-17.5,17.5,55.5,,1,espn-core,-800.0,500.0,0,0,4,17,Tucson,AZ
2025-08-30,ark,aamu,52,7,,,-45.5,45.5,-110.0,-110.0,-46.5,46.5,62.5,,1,espn-core,,,0,0,8,31,Fayetteville,AR
2025-08-30,arst,semo,42,24,-700.0,450.0,-15.5,15.5,-110.0,-110.0,-10.0,10.0,59.5,,1,espn-core,-380.0,290.0,0,0,37,179,Jonesboro,AR
2025-08-30,asu,nau,38,19,-7500.0,2000.0,-29.5,29.5,-115.0,-110.0,-31.0,31.0,52.5,,1,espn-core,-7500.0,2000.0,0,0,4,20,Tempe,AZ
2025-08-30,bc,for,66,10,-100000.0,4000.0,-34.5,34.5,-110.0,-110.0,-37.5,37.5,52.5,,1,espn-core,-10000.0,2500.0,0,0,1,27,Chestnut Hill,MA
2025-08-30,byu,prst,69,0,,,-44.5,44.5,-115.0,-105.0,-34.5,34.5,62.5,,1,espn-core,-50000.0,3500.0,0,0,4,20,Provo,UT
2025-08-30,cit,ndsu,0,38,,,,,,,,,,,0,espn-core,,,0,0,29,21,Charleston,SC
2025-08-30,clem,lsu,10,17,-200.0,170.0,-5.5,5.5,-115.0,-105.0,-3.5,3.5,55.5,,1,espn-core,-175.0,150.0,0,0,1,8,Clemson,SC
2025-08-30,conn,ccsu,59,13,-100000.0,4000.0,-29.5,29.5,-110.0,-110.0,-28.5,28.5,51.5,,1,espn-core,-4000.0,1300.0,0,0,18,25,East Hartford,CT
2025-08-30,fla,liu,55,0,,,-46.5,46.5,-110.0,-110.0,-45.5,45.5,56.5,,1,espn-core,,,0,0,8,25,Gainesville,FL
2025-08-30,fres,gaso,42,14,105.0,-125.0,1.5,-1.5,,,-1.5,1.5,51.5,,1,espn-core,-125.0,105.0,0,0,17,37,Fresno,CA
2025-08-30,fsu,ala,31,17,450.0,-700.0,13.5,-13.5,102.0,-125.0,13.5,-13.5,46.5,,1,espn-core,425.0,-650.0,0,0,1,8,Tallahassee,FL
2025-08-30,iowa,alb,34,7,,,-39.5,39.5,-105.0,-115.0,-37.5,37.5,48.5,,1,espn-core,,,0,0,5,48,Iowa City,IA
2025-08-30,isu,sdak,55,7,-800.0,500.0,-13.5,13.5,-120.0,100.0,-15.5,15.5,47.5,,1,espn-core,-900.0,550.0,0,0,4,21,Ames,IA
2025-08-30,iu,odu,27,14,-3000.0,1200.0,-23.5,23.5,-110.0,-110.0,-23.5,23.5,53.5,,1,espn-core,-3000.0,1200.0,0,0,5,37,Bloomington,IN
2025-08-30,jmu,web,45,10,-3000.0,1200.0,-27.5,27.5,-105.0,-115.0,-31.0,31.0,54.5,,1,espn-core,-10000.0,2500.0,0,0,37,20,Harrisonburg,VA
2025-08-30,kent,mrmk,21,17,,,,,,,,,,,0,espn-core,,,0,0,15,32,Kent,OH
2025-08-30,ksu,und,38,35,-20000.0,3000.0,-27.5,27.5,-115.0,-105.0,-38.5,38.5,55.5,,1,espn-core,-100000.0,4000.0,0,0,4,21,Manhattan,KS
2025-08-30,lib,me,28,7,-2500.0,1100.0,-25.5,25.5,-105.0,-115.0,-26.0,26.0,50.5,,1,espn-core,-7500.0,2000.0,0,0,12,48,Lynchburg,VA
2025-08-30,lou,eku,51,17,,,-37.5,37.5,-115.0,-105.0,-38.5,38.5,57.5,,1,espn-core,-7500.0,2000.0,0,0,1,177,Louisville,KY
2025-08-30,lt,sela,24,0,-550.0,380.0,-14.5,14.5,-105.0,-115.0,-12.5,12.5,50.5,,1,espn-core,-600.0,400.0,0,0,12,30,Ruston,LA
2025-08-30,mass,tem,10,42,110.0,-130.0,2.5,-2.5,-115.0,-105.0,2.5,-2.5,48.5,,1,espn-core,115.0,-135.0,0,0,15,151,Amherst,MA
2025-08-30,md,fau,39,7,-550.0,380.0,-13.5,13.5,-115.0,-105.0,-14.5,14.5,59.5,,1,espn-core,-650.0,425.0,0,0,5,151,College Park,MD
2025-08-30,mem,utc,45,10,-10000.0,2500.0,-30.5,30.5,-110.0,-110.0,-28.5,28.5,55.5,,1,espn-core,-6000.0,1800.0,0,0,151,29,Memphis,TN
2025-08-30,mich,unm,34,17,,,-34.5,34.5,-110.0,-110.0,-34.5,34.5,49.5,,1,espn-core,,,0,0,5,17,Ann Arbor,MI
2025-08-30,miss,gast,63,7,,,-33.5,33.5,-105.0,-115.0,-35.5,35.5,61.5,,1,espn-core,,,0,0,8,37,Oxford,MS
2025-08-30,mtsu,apsu,14,34,-800.0,500.0,-16.5,16.5,-105.0,-115.0,-8.5,8.5,53.5,,1,espn-core,-380.0,290.0,0,0,12,177,Murfreesboro,TN
2025-08-30,navy,vmi,52,7,,,-42.5,42.5,100.0,-120.0,-41.5,41.5,54.5,,1,espn-core,,,0,0,151,29,Annapolis,MD
2025-08-30,niu,hc,19,17,-425.0,320.0,-13.5,13.5,-115.0,-105.0,-10.5,10.5,48.5,,1,espn-core,-500.0,360.0,0,0,15,27,Dekalb,IL
2025-08-30,nmsu,bry,19,3,-1000.0,600.0,-19.5,19.5,-110.0,-110.0,-19.5,19.5,52.5,,1,espn-core,-1400.0,750.0,0,0,12,48,Las Cruces,NM
2025-08-30,ore,mtst,59,13,-10000.0,2500.0,-28.5,28.5,100.0,-120.0,-25.5,25.5,55.5,,1,espn-core,-6000.0,1800.0,0,0,5,20,Eugene,OR
2025-08-30,orst,cal,15,34,125.0,-145.0,2.5,-2.5,105.0,-120.0,-1.5,1.5,48.5,,1,espn-core,-125.0,105.0,0,0,9,1,Corvallis,OR
2025-08-30,osu,tex,14,7,-125.0,105.0,-1.5,1.5,-110.0,-110.0,-2.5,2.5,46.5,,1,espn-core,-130.0,110.0,0,0,5,8,Columbus,OH
2025-08-30,ou,ilst,35,3,,,-38.5,38.5,-105.0,-115.0,-35.5,35.5,60.5,,1,espn-core,-50000.0,3500.0,0,0,8,21,Norman,OK
2025-08-30,pitt,duq,61,9,,,-39.5,39.5,-105.0,-115.0,-38.5,38.5,58.5,,1,espn-core,,,0,0,1,25,Pittsburgh,PA
2025-08-30,psu,nev,46,11,,,-43.5,43.5,102.0,-125.0,-43.5,43.5,54.5,,1,espn-core,,,0,0,5,17,University Park,PA
2025-08-30,pur,ball,31,0,-800.0,500.0,-16.5,16.5,-105.0,-115.0,-18.5,18.5,48.5,,1,espn-core,-1000.0,600.0,0,0,5,15,West Lafayette,IN
2025-08-30,sdst,sac,20,3,,,-11.5,11.5,-110.0,-110.0,-7.5,7.5,57.5,,1,espn-core,,,0,0,21,20,Brookings,SD
2025-08-30,smu,etam,42,13,,,-50.5,50.5,-110.0,-110.0,-49.5,49.5,64.5,,1,espn-core,,,0,0,1,30,Dallas,TX
2025-08-30,ta&m,utsa,42,24,-2500.0,1100.0,-23.5,23.5,-105.0,-115.0,-24.5,24.5,59.5,,1,espn-core,-3000.0,1200.0,0,0,8,151,College Station,TX
2025-08-30,tenn,syr,45,26,-650.0,425.0,-13.5,13.5,-115.0,-105.0,-13.5,13.5,51.5,,1,espn-core,-650.0,425.0,1,0,8,1,Atlanta,GA
2025-08-30,tlsa,acu,35,7,-210.0,175.0,-5.5,5.5,-115.0,-105.0,-3.5,3.5,59.5,,1,espn-core,-175.0,150.0,0,0,151,177,Tulsa,OK
2025-08-30,troy,nich,38,20,-900.0,550.0,-16.5,16.5,-120.0,100.0,-22.5,22.5,46.5,,1,espn-core,-4000.0,1300.0,0,0,37,30,Troy,AL
2025-08-30,ttu,uapb,67,7,,,,,,,,,62.5,,1,espn-core,,,0,0,4,31,Lubbock,TX
2025-08-30,tuln,nu,23,3,-230.0,195.0,-6.5,6.5,105.0,-130.0,-5.5,5.5,45.5,,1,espn-core,-210.0,175.0,0,0,151,5,New Orleans,LA
2025-08-30,txst,emu,52,27,-600.0,400.0,-13.5,13.5,-120.0,100.0,-13.5,13.5,56.5,,1,espn-core,-600.0,400.0,0,0,37,15,San Marcos,TX
2025-08-30,ucla,utah,10,43,215.0,-260.0,6.5,-6.5,100.0,-120.0,5.5,-5.5,48.5,,1,espn-core,195.0,-230.0,0,0,5,4,Pasadena,CA
2025-08-30,uga,mrsh,45,7,,,-38.5,38.5,-115.0,-105.0,-39.5,39.5,51.5,,1,espn-core,,,0,0,8,37,Athens,GA
2025-08-30,uk,tol,24,16,-360.0,280.0,-9.5,9.5,-120.0,100.0,-9.5,9.5,48.5,,1,espn-core,-320.0,260.0,0,0,8,15,Lexington,KY
2025-08-30,ul,rice,12,14,-380.0,290.0,-9.5,9.5,-120.0,100.0,-11.5,11.5,48.5,,1,espn-core,-425.0,320.0,0,0,37,151,Lafayette,LA
2025-08-30,unt,lam,51,0,-4000.0,1300.0,-27.5,27.5,-120.0,100.0,-30.0,30.0,62.5,,1,espn-core,-5000.0,1500.0,0,0,151,30,Denton,TX
2025-08-30,usa,morg,38,21,-7500.0,2000.0,-28.5,28.5,-110.0,-110.0,-31.5,31.5,50.5,,1,espn-core,-7500.0,2000.0,0,0,37,24,Mobile,AL
2025-08-30,usc,most,73,13,,,-36.5,36.5,-105.0,-115.0,-35.5,35.5,60.5,,1,espn-core,,,0,0,5,12,Los Angeles,CA
2025-08-30,usm,msst,17,34,450.0,-700.0,15.5,-15.5,-120.0,100.0,13.5,-13.5,59.5,,1,espn-core,360.0,-500.0,0,0,37,8,Hattiesburg,MS
2025-08-30,usu,utep,28,16,-175.0,150.0,-4.5,4.5,-110.0,-110.0,-6.5,6.5,58.5,,1,espn-core,-215.0,180.0,0,0,17,12,Logan,UT
2025-08-30,uva,ccu,48,7,-550.0,380.0,-13.5,13.5,-115.0,-105.0,-3.5,3.5,54.5,,1,espn-core,-140.0,120.0,0,0,1,37,Charlottesville,VA
2025-08-30,van,chso,45,3,,,-38.5,38.5,-110.0,-110.0,-36.0,36.0,50.5,,1,espn-core,,,0,0,8,179,Nashville,TN
2025-08-30,wash,csu,38,21,-3000.0,1200.0,-22.5,22.5,-110.0,-110.0,-22.5,22.5,51.5,,1,espn-core,-2500.0,1100.0,0,0,5,17,Seattle,WA
2025-08-30,wku,una,55,6,-4000.0,1300.0,-27.5,27.5,-110.0,-110.0,-27.5,27.5,60.5,,1,espn-core,-5000.0,1500.0,0,0,12,177,Bowling Green,KY
2025-08-30,wsu,idho,13,10,-750.0,475.0,-16.5,16.5,-115.0,-160.0,-9.0,9.0,50.5,,1,espn-core,-360.0,280.0,0,0,9,20,Pullman,WA
2025-08-30,wvu,rmu,45,3,,,-43.5,43.5,120.0,-140.0,-38.5,38.5,58.5,,1,espn-core,,,0,0,4,25,Morgantown,WV
2025-08-31,mia,nd,27,24,125.0,-145.0,2.5,-2.5,102.0,-125.0,2.5,-2.5,50.5,,1,espn-core,105.0,-125.0,0,0,1,18,Miami Gardens,FL
2025-08-31,sc,vt,24,11,-240.0,200.0,-7.5,7.5,-105.0,-115.0,-7.5,7.5,51.5,,1,espn-core,-240.0,200.0,1,0,8,1,Atlanta,GA
2025-09-01,unc,tcu,14,48,150.0,-175.0,3.5,-3.5,-110.0,-110.0,2.5,-2.5,54.5,,1,espn-core,120.0,-140.0,0,0,1,4,Chapel Hill,NC
2025-09-05,bois,ewu,51,14,-100000.0,4000.0,-33.5,33.5,-115.0,-105.0,-28.5,28.5,60.5,,1,espn-core,-6000.0,1800.0,0,0,17,20,Boise,ID
2025-09-05,lou,jmu,28,14,-900.0,550.0,-15.5,15.5,-110.0,-110.0,-14.5,14.5,56.5,,1,espn-core,-700.0,450.0,0,0,1,37,Louisville,KY
2025-09-05,md,niu,20,9,-1000.0,600.0,-16.5,16.5,-120.0,100.0,-16.5,16.5,44.5,,1,espn-core,-1200.0,700.0,0,0,5,15,College Park,MD
2025-09-05,nu,wiu,42,7,-20000.0,3000.0,-30.5,30.5,-120.0,100.0,-28.0,28.0,48.5,,1,espn-core,-7500.0,2000.0,0,0,5,179,Evanston,IL
2025-09-06,ala,ulm,73,0,,,-34.5,34.5,100.0,-120.0,-36.5,36.5,50.5,,1,espn-core,,,0,0,8,37,Tuscaloosa,AL
2025-09-06,app,lin,20,13,,,-29.5,29.5,-115.0,-105.0,-31.5,31.5,54.5,,1,espn-core,,,0,0,37,179,Boone,NC
2025-09-06,ariz,web,48,3,-10000.0,2500.0,-31.5,31.5,-110.0,-110.0,-32.5,32.5,56.5,,1,espn-core,-20000.0,3000.0,0,0,4,20,Tucson,AZ
2025-09-06,ark,arst,56,14,-3000.0,1200.0,-24.5,24.5,100.0,-120.0,-23.5,23.5,61.5,,1,espn-core,-3000.0,1200.0,0,0,8,37,Little Rock,AR
2025-09-06,aub,ball,42,3,,,-42.5,42.5,-110.0,-110.0,-42.5,42.5,52.5,,1,espn-core,,,0,0,8,15,Auburn,AL
2025-09-06,buff,sfpa,45,6,,,-37.5,37.5,-120.0,100.0,-36.5,36.5,48.5,,1,espn-core,,,0,0,15,25,Buffalo,NY
2025-09-06,byu,stan,27,3,-1600.0,800.0,-20.5,20.5,-105.0,-115.0,-17.5,17.5,43.5,,1,espn-core,-1200.0,700.0,0,0,4,1,Provo,UT
2025-09-06,cal,txso,35,3,,,-44.5,44.5,-120.0,100.0,-45.0,45.0,54.5,,1,espn-core,,,0,0,1,31,Berkeley,CA
2025-09-06,ccu,chso,13,0,-7500.0,2000.0,-27.5,27.5,-115.0,-105.0,-28.5,28.5,48.5,,1,espn-core,-10000.0,2500.0,0,0,37,179,Conway,SC
2025-09-06,cin,bgsu,34,20,-2000.0,1000.0,-21.5,21.5,-115.0,-105.0,-20.5,20.5,46.5,,1,espn-core,-1400.0,750.0,0,0,4,15,Cincinnati,OH
2025-09-06,clem,troy,27,16,,,-29.5,29.5,-115.0,-105.0,-31.5,31.5,51.5,,1,espn-core,,,0,0,1,37,Clemson,SC
2025-09-06,clt,unc,3,20,550.0,-900.0,16.5,-16.5,100.0,-120.0,13.5,-13.5,49.5,,1,espn-core,425.0,-650.0,0,0,151,1,Charlotte,NC
2025-09-06,colo,del,31,7,-2500.0,1100.0,-23.5,23.5,-110.0,-110.0,-24.5,24.5,49.5,,1,espn-core,-3000.0,1200.0,0,0,4,12,Boulder,CO
2025-09-06,csu,unco,21,17,-100000.0,4000.0,-34.5,34.5,-120.0,100.0,-34.5,34.5,52.5,,1,espn-core,-100000.0,4000.0,0,0,17,20,Fort Collins,CO
2025-09-06,duke,ill,19,45,115.0,-135.0,2.5,-2.5,-115.0,-105.0,3.5,-3.5,49.5,,1,espn-core,130.0,-150.0,0,0,1,5,Durham,NC
2025-09-06,ecu,cam,56,3,-10000.0,2500.0,-30.5,30.5,125.0,-145.0,-30.0,30.0,55.5,,1,espn-core,-10000.0,2500.0,0,0,151,48,Greenville,NC
2025-09-06,emu,liu,23,28,-2000.0,1000.0,-21.5,21.5,-110.0,-110.0,-23.5,23.5,53.5,,1,espn-core,-2000.0,1000.0,0,0,15,25,Ypsilanti,MI
2025-09-06,fau,famu,56,14,-2000.0,1000.0,-21.5,21.5,-115.0,-105.0,-21.0,21.0,50.5,,1,espn-core,-2000.0,1000.0,0,0,151,31,Boca Raton,FL
2025-09-06,fla,usf,16,18,-1000.0,600.0,-18.5,18.5,-105.0,-115.0,-16.5,16.5,58.5,,1,espn-core,-900.0,550.0,0,0,8,151,Gainesville,FL
2025-09-06,fsu,etam,77,3,,,-43.5,43.5,-135.0,115.0,-44.5,44.5,56.5,,1,espn-core,,,0,0,1,30,Tallahassee,FL
2025-09-06,gast,mem,16,38,500.0,-800.0,15.5,-15.5,-105.0,-115.0,13.5,-13.5,57.5,,1,espn-core,400.0,-600.0,0,0,37,151,Atlanta,GA
2025-09-06,gt,gweb,59,12,,,-37.5,37.5,-110.0,-110.0,-37.5,37.5,58.5,,1,espn-core,,,0,0,1,179,Atlanta,GA
2025-09-06,haw,shsu,37,20,-275.0,225.0,-7.5,7.5,100.0,-120.0,-8.5,8.5,48.5,,1,espn-core,-300.0,250.0,0,0,17,12,Honolulu,HI
2025-09-06,isu,iowa,16,13,-165.0,140.0,-3.5,3.5,108.0,-135.0,-3.5,3.5,43.5,,1,espn-core,-155.0,135.0,0,0,4,5,Ames,IA
2025-09-06,iu,kenn,56,9,,,-35.5,35.5,100.0,-120.0,-35.5,35.5,51.5,,1,espn-core,,,0,0,5,12,Bloomington,IN
2025-09-06,jvst,lib,34,24,180.0,-215.0,6.5,-6.5,-110.0,-110.0,5.5,-5.5,50.5,,1,espn-core,190.0,-225.0,0,1,12,12,Jacksonville,AL
2025-09-06,ksu,army,21,24,-800.0,500.0,-16.5,16.5,-120.0,100.0,-17.5,17.5,48.5,,1,espn-core,-900.0,550.0,0,0,4,151,Manhattan,KS
2025-09-06,lsu,lt,23,7,,,-36.5,36.5,-105.0,-115.0,-32.5,32.5,49.5,,1,espn-core,,,0,0,8,12,Baton Rouge,LA
2025-09-06,mass,bry,26,27,-750.0,475.0,-16.5,16.5,-110.0,-110.0,-14.0,14.0,52.5,,1,espn-core,-700.0,450.0,0,0,15,48,Amherst,MA
2025-09-06,mia,bcu,45,3,,,-54.5,54.5,-110.0,-110.0,-56.5,56.5,64.5,,1,espn-core,,,0,0,1,31,Miami Gardens,FL
2025-09-06,minn,nwst,66,0,,,,,,,,,51.5,,1,espn-core,,,0,0,5,30,Minneapolis,MN
2025-09-06,miz,ku,42,31,-200.0,170.0,-6.5,6.5,100.0,-120.0,-6.5,6.5,49.5,,1,espn-core,-215.0,180.0,0,0,8,4,Columbia,MO
2025-09-06,mrsh,most,20,21,-275.0,225.0,-7.5,7.5,105.0,-130.0,-9.5,9.5,53.5,,1,espn-core,-400.0,300.0,0,0,37,12,Huntington,WV
2025-09-06,msst,asu,24,20,175.0,-210.0,5.5,-5.5,-105.0,-115.0,6.5,-6.5,58.5,,1,espn-core,225.0,-275.0,0,0,8,4,Starkville,MS
2025-09-06,msu,bc,42,40,-165.0,140.0,-3.5,3.5,102.0,-125.0,-3.5,3.5,45.5,,1,espn-core,-165.0,140.0,0,0,5,1,East Lansing,MI
2025-09-06,navy,uab,38,24,-1800.0,900.0,-22.5,22.5,-110.0,-110.0,-21.5,21.5,58.5,,1,espn-core,-1800.0,900.0,0,1,151,151,Annapolis,MD
2025-09-06,ncsu,uva,35,31,-150.0,130.0,-2.5,2.5,-120.0,100.0,-2.5,2.5,52.5,,1,espn-core,-140.0,120.0,0,0,1,1,Raleigh,NC
2025-09-06,neb,akr,68,0,,,-33.5,33.5,-115.0,-105.0,-33.5,33.5,47.5,,1,espn-core,,,0,0,5,15,Lincoln,NE
2025-09-06,nev,sac,20,17,-300.0,250.0,-9.5,9.5,105.0,-125.0,-7.5,7.5,55.5,,1,espn-core,-270.0,220.0,0,0,17,20,Reno,NV
2025-09-06,nmsu,tlsa,21,14,135.0,-155.0,3.5,-3.5,-125.0,102.0,3.5,-3.5,53.5,,1,espn-core,150.0,-175.0,0,0,12,151,Las Cruces,NM
2025-09-06,odu,nccu,54,6,-2000.0,1000.0,-21.5,21.5,-105.0,-115.0,-20.0,20.0,48.5,,1,espn-core,-1600.0,800.0,0,0,37,24,Norfolk,VA
2025-09-06,ohio,wvu,17,10,150.0,-175.0,3.5,-3.5,-105.0,-115.0,3.5,-3.5,58.5,,1,espn-core,130.0,-150.0,0,0,15,4,Athens,OH
2025-09-06,ore,okst,69,3,,,-28.5,28.5,-110.0,-110.0,-27.5,27.5,55.5,,1,espn-core,,,0,0,5,4,Eugene,OR
2025-09-06,orst,fres,27,36,-120.0,100.0,-1.5,1.5,-110.0,-110.0,-2.5,2.5,44.5,,1,espn-core,-145.0,125.0,0,0,9,17,Corvallis,OR
2025-09-06,osu,gram,70,0,,,-51.5,51.5,-120.0,100.0,-55.5,55.5,64.5,,1,espn-core,,,0,0,5,31,Columbus,OH
2025-09-06,ou,mich,24,13,-185.0,155.0,-3.5,3.5,-120.0,100.0,-5.5,5.5,44.5,,1,espn-core,-210.0,175.0,0,0,8,5,Norman,OK
2025-09-06,pitt,cmu,45,17,-2000.0,1000.0,-21.5,21.5,-105.0,-115.0,-21.5,21.5,48.5,,1,espn-core,-2000.0,1000.0,0,0,1,15,Pittsburgh,PA
2025-09-06,psu,fiu,34,0,,,-41.5,41.5,-115.0,-105.0,-41.5,41.5,53.5,,1,espn-core,,,0,0,5,12,University Park,PA
2025-09-06,pur,siu,34,17,-4000.0,1300.0,-22.5,22.5,-110.0,-110.0,-19.5,19.5,52.5,,1,espn-core,-1400.0,750.0,0,0,5,21,West Lafayette,IN
2025-09-06,rice,hou,9,35,450.0,-700.0,13.5,-13.5,100.0,-120.0,12.5,-12.5,38.5,,1,espn-core,360.0,-500.0,0,0,151,4,Houston,TX
2025-09-06,rutg,m-oh,45,17,-800.0,500.0,-15.5,15.5,-110.0,-110.0,-13.5,13.5,45.5,,1,espn-core,-650.0,425.0,0,0,5,15,Piscataway,NJ
2025-09-06,sc,scst,38,10,,,-42.5,42.5,-105.0,-115.0,-42.0,42.0,54.5,,1,espn-core,,,0,0,8,24,Columbia,SC
2025-09-06,smu,bay,45,48,-150.0,130.0,-2.5,2.5,-135.0,108.0,-3.5,3.5,65.5,,1,espn-core,-155.0,135.0,0,0,1,4,Dallas,TX
2025-09-06,syr,conn,27,20,-275.0,225.0,-7.5,7.5,105.0,-130.0,-7.5,7.5,57.5,,1,espn-core,-250.0,210.0,0,0,1,18,Syracuse,NY
2025-09-06,ta&m,usu,44,22,,,-34.5,34.5,-110.0,-110.0,-29.5,29.5,57.5,,1,espn-core,,,0,0,8,17,College Station,TX
2025-09-06,tem,how,55,7,-10000.0,2500.0,-27.5,27.5,-130.0,110.0,-25.5,25.5,45.5,,1,espn-core,-5000.0,1500.0,0,0,151,24,Philadelphia,PA
2025-09-06,tenn,etsu,72,17,,,-40.5,40.5,-110.0,-110.0,-41.5,41.5,58.5,,1,espn-core,,,0,0,8,29,Knoxville,TN
2025-09-06,tex,sjsu,38,7,,,-36.5,36.5,-110.0,-110.0,-35.5,35.5,52.5,,1,espn-core,,,0,0,8,17,Austin,TX
2025-09-06,tnst,ndsu,3,59,,,32.5,-32.5,-105.0,-115.0,32.5,-32.5,49.5,,1,espn-core,,,0,0,179,21,Nashville,TN
2025-09-06,tol,wku,45,21,-290.0,240.0,-7.5,7.5,-115.0,-105.0,-6.5,6.5,56.5,,1,espn-core,-250.0,210.0,0,0,15,12,Toledo,OH
2025-09-06,ttu,kent,62,14,,,-47.5,47.5,100.0,-120.0,-48.5,48.5,59.5,,1,espn-core,,,0,0,4,15,Lubbock,TX
2025-09-06,ucf,ncat,68,7,,,-37.0,37.0,-115.0,-105.0,-39.5,39.5,51.5,,1,espn-core,,,0,0,4,48,Orlando,FL
2025-09-06,uga,apsu,28,6,,,-46.5,46.5,-110.0,-110.0,-48.5,48.5,56.5,,1,espn-core,,,0,0,8,177,Athens,GA
2025-09-06,uk,miss,23,30,250.0,-300.0,7.5,-7.5,-105.0,-115.0,9.5,-9.5,51.5,,1,espn-core,300.0,-400.0,0,1,8,8,Lexington,KY
2025-09-06,ul,mcn,34,10,-1600.0,800.0,-19.5,19.5,-115.0,-105.0,-20.0,20.0,49.5,,1,espn-core,-1600.0,800.0,0,0,37,30,Lafayette,LA
2025-09-06,unlv,ucla,30,23,115.0,-135.0,2.5,-2.5,-110.0,-110.0,3.5,-3.5,54.5,,1,espn-core,125.0,-145.0,0,0,17,5,Las Vegas,NV
2025-09-06,unm,idst,32,22,-900.0,550.0,-17.5,17.5,-115.0,-105.0,-17.0,17.0,60.5,,1,espn-core,-800.0,500.0,0,0,17,20,Albuquerque,NM
2025-09-06,usa,tuln,31,33,425.0,-650.0,13.5,-13.5,-105.0,-115.0,10.5,-10.5,51.5,,1,espn-core,300.0,-400.0,0,0,37,151,Mobile,AL
2025-09-06,usc,gaso,59,20,,,-28.5,28.5,-105.0,-115.0,-27.5,27.5,62.5,,1,espn-core,,,0,0,5,37,Los Angeles,CA
2025-09-06,usm,jkst,38,20,-650.0,425.0,-13.5,13.5,-115.0,-105.0,-14.5,14.5,52.5,,1,espn-core,-750.0,475.0,0,0,37,31,Hattiesburg,MS
2025-09-06,utah,cp,63,9,,,-42.5,42.5,-110.0,-110.0,-42.0,42.0,52.5,,1,espn-core,,,0,0,4,20,Salt Lake City,UT
2025-09-06,utep,utm,42,17,-260.0,215.0,-7.5,7.5,105.0,-125.0,-5.0,5.0,49.5,,1,espn-core,-215.0,180.0,0,0,12,179,El Paso,TX
2025-09-06,utsa,txst,36,43,-195.0,165.0,-4.5,4.5,-115.0,-105.0,-4.5,4.5,64.5,,1,espn-core,-175.0,150.0,0,0,151,37,San Antonio,TX
2025-09-06,vt,van,20,44,-130.0,110.0,-2.5,2.5,-110.0,-110.0,-1.5,1.5,46.5,,1,espn-core,-115.0,-105.0,0,0,1,8,Blacksburg,VA
2025-09-06,wake,wcu,42,10,-1200.0,700.0,-17.5,17.5,-115.0,-105.0,-20.0,20.0,59.5,,1,espn-core,-1200.0,700.0,0,0,1,29,Winston-Salem,NC
2025-09-06,wash,ucd,70,10,-7500.0,2000.0,-29.5,29.5,-115.0,-105.0,-28.0,28.0,54.5,,1,espn-core,-6000.0,1800.0,0,0,5,20,Seattle,WA
2025-09-06,wis,mtsu,42,10,,,-28.5,28.5,-110.0,-110.0,-28.5,28.5,44.5,,1,espn-core,,,0,0,5,12,Madison,WI
2025-09-06,wmu,unt,30,33,360.0,-500.0,12.5,-12.5,-110.0,-110.0,10.5,-10.5,56.5,,1,espn-core,270.0,-340.0,0,0,15,151,Kalamazoo,MI
2025-09-06,wsu,sdsu,36,13,-125.0,105.0,-2.5,2.5,-110.0,-110.0,-1.5,1.5,46.5,,1,espn-core,-120.0,100.0,0,0,9,17,Pullman,WA
2025-09-06,wyo,uni,31,7,-750.0,475.0,-13.5,13.5,-120.0,100.0,-13.5,13.5,45.5,,1,espn-core,-700.0,450.0,0,0,17,21,Laramie,WY
2025-09-11,wake,ncsu,24,34,230.0,-280.0,7.5,-7.5,-130.0,110.0,7.5,-7.5,52.5,,1,espn-core,240.0,-290.0,0,1,1,1,Winston-Salem,NC
2025-09-12,ariz,ksu,23,17,-105.0,-115.0,1.5,-1.5,-120.0,100.0,1.5,-1.5,56.5,,1,espn-core,-125.0,105.0,0,0,4,4,Tucson,AZ
2025-09-12,hou,colo,36,20,-190.0,160.0,-3.5,3.5,-115.0,-105.0,-3.5,3.5,45.5,,1,espn-core,-195.0,165.0,0,1,4,4,Houston,TX
2025-09-12,iu,inst,73,0,,,,,,,,,60.5,,1,espn-core,,,0,0,5,21,Bloomington,IN
2025-09-12,syr,colg,66,24,-50000.0,3500.0,-37.5,37.5,-110.0,-110.0,-37.5,37.5,64.5,,1,espn-core,-100000.0,4000.0,0,0,1,27,Syracuse,NY
2025-09-12,ucla,unm,10,35,-700.0,450.0,-15.5,15.5,-110.0,-110.0,-14.5,14.5,52.5,,1,espn-core,-750.0,475.0,0,0,5,17,Pasadena,CA
2025-09-13,ala,wis,38,14,-1400.0,750.0,-18.5,18.5,-105.0,-115.0,-19.5,19.5,45.5,,1,espn-core,-1800.0,900.0,0,0,8,5,Tuscaloosa,AL
2025-09-13,arst,isu,16,24,1100.0,-2500.0,20.5,-20.5,100.0,-120.0,21.5,-21.5,55.5,,1,espn-core,1000.0,-2000.0,0,0,37,4,Jonesboro,AR
2025-09-13,asu,txst,34,15,-1000.0,600.0,-18.5,18.5,100.0,-120.0,-14.5,14.5,61.5,,1,espn-core,-750.0,475.0,0,0,4,37,Tempe,AZ
2025-09-13,aub,usa,31,15,-5000.0,1500.0,-26.5,26.5,-110.0,-110.0,-25.5,25.5,55.5,,1,espn-core,-4000.0,1300.0,0,0,8,37,Auburn,AL
2025-09-13,ball,unh,34,29,-135.0,115.0,-2.5,2.5,-120.0,100.0,2.5,-2.5,46.5,,1,espn-core,115.0,-135.0,0,0,15,48,Muncie,IN
2025-09-13,bay,sam,42,7,,,-52.5,52.5,-115.0,-105.0,-47.5,47.5,64.5,,1,espn-core,,,0,0,4,29,Waco,TX
2025-09-13,bgsu,lib,23,13,190.0,-225.0,6.5,-6.5,-110.0,-110.0,7.5,-7.5,51.5,,1,espn-core,195.0,-230.0,0,0,15,12,Bowling Green,OH
2025-09-13,cal,minn,27,14,140.0,-165.0,3.5,-3.5,-125.0,105.0,2.5,-2.5,39.5,,1,espn-core,115.0,-135.0,0,0,1,5,Berkeley,CA
2025-09-13,ccu,ecu,0,38,200.0,-240.0,7.5,-7.5,-125.0,105.0,6.5,-6.5,56.5,,1,espn-core,215.0,-260.0,0,0,37,151,Conway,SC
2025-09-13,cin,nwst,70,0,,,,,,,,,56.5,,1,espn-core,,,0,0,4,30,Cincinnati,OH
2025-09-13,clt,monm,42,35,-130.0,110.0,-2.5,2.5,-105.0,-115.0,-3.5,3.5,65.5,,1,espn-core,-185.0,155.0,0,0,151,48,Charlotte,NC
2025-09-13,del,conn,44,41,250.0,-300.0,9.5,-9.5,-120.0,100.0,10.5,-10.5,51.5,,1,espn-core,290.0,-380.0,0,0,12,18,Newark,DE
2025-09-13,fiu,fau,38,28,-130.0,110.0,-1.5,1.5,-115.0,-105.0,-4.5,4.5,56.5,,1,espn-core,-120.0,100.0,0,0,12,151,Miami,FL
2025-09-13,fres,sou,56,7,,,-35.5,35.5,100.0,-120.0,-35.5,35.5,50.5,,1,espn-core,-100000.0,4000.0,0,0,17,31,Fresno,CA
2025-09-13,gaso,jvst,41,34,-165.0,140.0,-3.5,3.5,-115.0,-105.0,-3.5,3.5,57.5,,1,espn-core,-165.0,140.0,0,0,37,12,Statesboro,GA
2025-09-13,gast,mur,37,21,,,-31.5,31.5,-105.0,-115.0,-31.5,31.5,63.5,,1,espn-core,,,0,0,37,21,Atlanta,GA
2025-09-13,gt,clem,24,21,130.0,-150.0,2.5,-2.5,110.0,-130.0,6.5,-6.5,49.5,,1,espn-core,160.0,-190.0,0,1,1,1,Atlanta,GA
2025-09-13,haw,prst,23,3,-100000.0,4000.0,-36.5,36.5,-110.0,-110.0,-38.5,38.5,54.5,,1,espn-core,-100000.0,4000.0,0,0,17,20,Honolulu,HI
2025-09-13,ill,wmu,38,0,-5000.0,1500.0,-27.5,27.5,-110.0,-110.0,-27.5,27.5,50.5,,1,espn-core,-5000.0,1500.0,0,0,5,15,Champaign,IL
2025-09-13,iowa,mass,47,7,,,-35.5,35.5,100.0,-120.0,-35.5,35.5,44.5,,1,espn-core,,,0,0,5,15,Iowa City,IA
2025-09-13,kenn,mrmk,27,13,-1000.0,600.0,-17.5,17.5,-120.0,100.0,-9.5,9.5,44.5,,1,espn-core,-360.0,280.0,0,0,12,32,Kennesaw,GA
2025-09-13,kent,buff,28,31,1500.0,-5000.0,24.5,-24.5,-105.0,-115.0,22.5,-22.5,47.5,,1,espn-core,1100.0,-2500.0,0,1,15,15,Kent,OH
2025-09-13,lsu,fla,20,10,-215.0,180.0,-5.5,5.5,-105.0,-115.0,-8.5,8.5,47.5,,1,espn-core,-360.0,280.0,0,1,8,8,Baton Rouge,LA
2025-09-13,lt,nmsu,49,14,-380.0,290.0,-10.5,10.5,-110.0,-110.0,-12.5,12.5,42.5,,1,espn-core,-360.0,280.0,0,1,12,12,Ruston,LA
2025-09-13,md,tow,44,17,-7500.0,2000.0,-28.5,28.5,-110.0,-110.0,-28.0,28.0,53.5,,1,espn-core,-7500.0,2000.0,0,0,5,48,College Park,MD
2025-09-13,mia,usf,49,12,-800.0,500.0,-17.5,17.5,105.0,-125.0,-15.5,15.5,56.5,,1,espn-core,-900.0,550.0,0,0,1,151,Miami Gardens,FL
2025-09-13,mich,cmu,63,3,-4000.0,1300.0,-27.5,27.5,-125.0,105.0,-27.5,27.5,42.5,,1,espn-core,-4000.0,1300.0,0,0,5,15,Ann Arbor,MI
2025-09-13,miss,ark,41,35,-170.0,145.0,-4.5,4.5,-105.0,-115.0,-8.5,8.5,60.5,,1,espn-core,-340.0,270.0,0,1,8,8,Oxford,MS
2025-09-13,miz,ul,52,10,-5000.0,1500.0,-27.5,27.5,-120.0,100.0,-22.5,22.5,46.5,,1,espn-core,-4000.0,1300.0,0,0,8,37,Columbia,MO
2025-09-13,most,smu,10,28,2500.0,-10000.0,28.5,-28.5,-105.0,-115.0,27.5,-27.5,59.5,,1,espn-core,1200.0,-3000.0,0,0,12,1,Springfield,MO
2025-09-13,mrsh,eku,38,7,-600.0,400.0,-17.5,17.5,-110.0,-110.0,-16.5,16.5,51.5,,1,espn-core,-900.0,550.0,0,0,37,177,Huntington,WV
2025-09-13,msst,alcn,63,0,,,,,,,,,54.5,,1,espn-core,,,0,0,8,31,Starkville,MS
2025-09-13,msu,ysu,41,24,-4000.0,1300.0,-27.5,27.5,-110.0,-110.0,-23.5,23.5,56.5,,1,espn-core,-2500.0,1100.0,0,0,5,21,East Lansing,MI
2025-09-13,nd,ta&m,40,41,-250.0,210.0,-7.5,7.5,100.0,-120.0,-9.5,9.5,48.5,,1,espn-core,-230.0,195.0,0,0,18,8,Notre Dame,IN
2025-09-13,ndsu,semo,41,14,,,-31.5,31.5,-105.0,-115.0,-30.5,30.5,54.5,,1,espn-core,,,0,0,21,179,Fargo,ND
2025-09-13,neb,hcu,59,7,,,-46.5,46.5,-110.0,-110.0,-42.5,42.5,57.5,,1,espn-core,,,0,0,5,30,Lincoln,NE
2025-09-13,nev,mtsu,13,14,-340.0,270.0,-9.5,9.5,-110.0,-110.0,-8.5,8.5,49.5,,1,espn-core,-320.0,260.0,0,0,17,12,Reno,NV
2025-09-13,nu,ore,14,34,1100.0,-2500.0,24.5,-24.5,-120.0,100.0,27.5,-27.5,50.5,,1,espn-core,3000.0,-20000.0,0,1,5,5,Evanston,IL
2025-09-13,osu,ohio,37,9,,,-28.5,28.5,-110.0,-110.0,-31.5,31.5,49.5,,1,espn-core,,,0,0,5,15,Columbus,OH
2025-09-13,psu,vill,52,6,,,-47.5,47.5,-115.0,-105.0,-48.5,48.5,56.5,,1,espn-core,,,0,0,5,48,University Park,PA
2025-09-13,pur,usc,17,33,900.0,-1800.0,20.5,-20.5,-105.0,-115.0,21.5,-21.5,59.5,,1,espn-core,1000.0,-2000.0,0,1,5,5,West Lafayette,IN
2025-09-13,rice,pv,38,17,-10000.0,2500.0,-29.5,29.5,-110.0,-110.0,-28.0,28.0,48.5,,1,espn-core,-10000.0,2500.0,0,0,151,31,Houston,TX
2025-09-13,rutg,norf,60,10,,,-45.5,45.5,100.0,-120.0,-42.5,42.5,55.5,,1,espn-core,,,0,0,5,24,Piscataway,NJ
2025-09-13,sac,merc,49,28,,,-21.5,21.5,-105.0,-115.0,-13.5,13.5,57.5,,1,espn-core,,,0,0,20,25,Sacramento,CA
2025-09-13,sc,van,7,31,-145.0,125.0,-2.5,2.5,-125.0,105.0,-5.5,5.5,48.5,,1,espn-core,-195.0,165.0,0,1,8,8,Columbia,SC
2025-09-13,stan,bc,30,20,450.0,-700.0,13.5,-13.5,100.0,-120.0,11.5,-11.5,46.5,,1,espn-core,340.0,-450.0,0,1,1,1,Stanford,CA
2025-09-13,tcu,acu,42,21,,,-41.5,41.5,-110.0,-110.0,-37.5,37.5,58.5,,1,espn-core,,,0,0,4,177,Fort Worth,TX
2025-09-13,tem,ou,3,42,1250.0,-3000.0,24.5,-24.5,-120.0,100.0,25.5,-25.5,51.5,,1,espn-core,1300.0,-4000.0,0,0,151,8,Philadelphia,PA
2025-09-13,tenn,uga,41,44,145.0,-170.0,3.5,-3.5,-125.0,105.0,6.5,-6.5,50.5,,1,espn-core,165.0,-195.0,0,1,8,8,Knoxville,TN
2025-09-13,tex,utep,27,10,,,-40.5,40.5,-115.0,-105.0,-36.5,36.5,52.5,,1,espn-core,,,0,0,8,12,Austin,TX
2025-09-13,tlsa,navy,23,42,400.0,-600.0,13.5,-13.5,-105.0,-115.0,14.5,-14.5,53.5,,1,espn-core,425.0,-650.0,0,1,151,151,Tulsa,OK
2025-09-13,tol,morg,60,0,-50000.0,3500.0,-33.5,33.5,-115.0,-105.0,-33.5,33.5,54.5,,1,espn-core,-100000.0,4000.0,0,0,15,24,Toledo,OH
2025-09-13,troy,mem,7,28,165.0,-195.0,4.5,-4.5,-110.0,-110.0,6.5,-6.5,51.5,,1,espn-core,170.0,-200.0,0,0,37,151,Troy,AL
2025-09-13,ttu,orst,45,14,-2500.0,1100.0,-23.5,23.5,-115.0,-105.0,-24.5,24.5,61.5,,1,espn-core,-3000.0,1200.0,0,0,4,9,Lubbock,TX
2025-09-13,tuln,duke,34,27,-110.0,-110.0,1.5,-1.5,-125.0,105.0,-2.5,2.5,53.5,,1,espn-core,-150.0,130.0,0,0,151,1,New Orleans,LA
2025-09-13,uab,akr,31,28,-550.0,380.0,-13.5,13.5,-110.0,-110.0,-11.5,11.5,59.5,,1,espn-core,-450.0,340.0,0,0,151,15,Birmingham,AL
2025-09-13,uk,emu,48,23,-3000.0,1200.0,-26.5,26.5,-115.0,-105.0,-25.5,25.5,50.5,,1,espn-core,-4000.0,1300.0,0,0,8,15,Lexington,KY
2025-09-13,unc,rich,41,6,-4000.0,1300.0,-24.5,24.5,-115.0,-105.0,-23.5,23.5,47.5,,1,espn-core,-2000.0,1000.0,0,0,1,27,Chapel Hill,NC
2025-09-13,unt,wsu,59,10,-270.0,220.0,-6.5,6.5,-125.0,105.0,-5.5,5.5,58.5,,1,espn-core,-210.0,175.0,0,0,151,9,Denton,TX
2025-09-13,usm,app,38,22,125.0,-145.0,2.5,-2.5,100.0,-120.0,-2.5,2.5,56.5,,1,espn-core,-105.0,-115.0,0,1,37,37,Hattiesburg,MS
2025-09-13,usu,afa,49,30,155.0,-185.0,3.5,-3.5,-105.0,-115.0,4.5,-4.5,51.5,,1,espn-core,165.0,-195.0,0,1,17,17,Logan,UT
2025-09-13,utsa,uiw,48,20,-1400.0,750.0,-21.5,21.5,-115.0,-105.0,-16.5,16.5,62.5,,1,espn-core,-900.0,550.0,0,0,151,30,San Antonio,TX
2025-09-13,uva,w&m,55,16,-10000.0,2500.0,-29.5,29.5,-115.0,-105.0,-26.5,26.5,52.5,,1,espn-core,-7500.0,2000.0,0,0,1,48,Charlottesville,VA
2025-09-13,vt,odu,26,45,-225.0,190.0,-5.5,5.5,-115.0,-105.0,-6.5,6.5,50.5,,1,espn-core,-290.0,240.0,0,0,1,37,Blacksburg,VA
2025-09-13,wvu,pitt,31,24,240.0,-290.0,6.5,-6.5,100.0,-120.0,5.5,-5.5,54.5,,1,espn-core,190.0,-225.0,0,0,4,1,Morgantown,WV
2025-09-13,wyo,utah,6,31,1300.0,-4000.0,24.5,-24.5,-110.0,-110.0,22.5,-22.5,47.5,,1,espn-core,1200.0,-3000.0,0,0,17,4,Laramie,WY
2025-09-18,clt,rice,17,28,110.0,-130.0,1.5,-1.5,-110.0,-110.0,5.5,-5.5,41.5,,1,espn-core,115.0,-135.0,0,1,151,151,Charlotte,NC
2025-09-19,okst,tlsa,12,19,-425.0,320.0,-10.5,10.5,100.0,-120.0,-13.5,13.5,54.5,,1,espn-core,-550.0,380.0,0,0,4,151,Stillwater,OK
2025-09-19,rutg,iowa,28,38,110.0,-130.0,2.5,-2.5,-115.0,-105.0,2.5,-2.5,46.5,,1,espn-core,125.0,-145.0,0,1,5,5,Piscataway,NJ
2025-09-20,afa,bois,37,49,320.0,-425.0,11.5,-11.5,-115.0,-105.0,8.5,-8.5,51.5,,1,espn-core,300.0,-400.0,0,1,17,17,USAF Academy,CO
2025-09-20,akr,duq,51,7,-400.0,300.0,-10.5,10.5,-105.0,-115.0,-7.0,7.0,51.5,,1,espn-core,-280.0,230.0,0,0,15,25,Akron,OH
2025-09-20,army,unt,38,45,115.0,-135.0,2.5,-2.5,-110.0,-110.0,-1.5,1.5,50.5,,1,espn-core,-120.0,100.0,0,1,151,151,West Point,NY
2025-09-20,bay,asu,24,27,-125.0,105.0,-1.5,1.5,-115.0,-105.0,-2.5,2.5,61.5,,1,espn-core,-130.0,110.0,0,1,4,4,Waco,TX
2025-09-20,buff,troy,17,21,-215.0,180.0,-6.5,6.5,-105.0,-115.0,-7.5,7.5,43.5,,1,espn-core,-230.0,195.0,0,0,15,37,Buffalo,NY
2025-09-20,clem,syr,21,34,-900.0,550.0,-17.5,17.5,-105.0,-115.0,-16.5,16.5,53.5,,1,espn-core,-1000.0,600.0,0,1,1,1,Clemson,SC
2025-09-20,cmu,wag,49,10,-20000.0,3000.0,-30.5,30.5,-105.0,-115.0,-28.5,28.5,46.5,,1,espn-core,-10000.0,2500.0,0,0,15,25,Mount Pleasant,MI
2025-09-20,colo,wyo,37,20,-500.0,360.0,-12.5,12.5,-105.0,-115.0,-13.5,13.5,45.5,,1,espn-core,-550.0,380.0,0,0,4,17,Boulder,CO
2025-09-20,conn,ball,31,25,-1800.0,900.0,-20.5,20.5,-125.0,105.0,-20.5,20.5,53.5,,1,espn-core,-1600.0,800.0,0,0,18,15,East Hartford,CT
2025-09-20,csu,utsa,16,17,180.0,-215.0,5.5,-5.5,-110.0,-110.0,3.5,-3.5,58.5,,1,espn-core,170.0,-200.0,0,0,17,151,Fort Collins,CO
2025-09-20,duke,ncsu,45,33,-150.0,130.0,-3.5,3.5,100.0,-120.0,-2.5,2.5,57.5,,1,espn-core,-170.0,145.0,0,1,1,1,Durham,NC
2025-09-20,ecu,byu,13,34,175.0,-210.0,5.5,-5.5,-105.0,-115.0,7.5,-7.5,49.5,,1,espn-core,240.0,-290.0,0,0,151,4,Greenville,NC
2025-09-20,emu,ul,34,31,110.0,-130.0,1.5,-1.5,-110.0,-110.0,2.5,-2.5,51.5,,1,espn-core,125.0,-145.0,0,0,15,37,Ypsilanti,MI
2025-09-20,fiu,del,16,38,-195.0,165.0,-5.5,5.5,-110.0,-110.0,-4.5,4.5,54.5,,1,espn-core,-225.0,190.0,0,1,12,12,Miami,FL
2025-09-20,fsu,kent,66,10,,,-45.5,45.5,100.0,-120.0,-42.5,42.5,56.5,,1,espn-core,,,0,0,1,15,Tallahassee,FL
2025-09-20,gaso,me,45,17,-1400.0,750.0,-20.5,20.5,-110.0,-110.0,-24.0,24.0,57.5,,1,espn-core,-5000.0,1500.0,0,0,37,48,Statesboro,GA
2025-09-20,gt,tem,45,24,-2500.0,1100.0,-24.5,24.5,-115.0,-105.0,-23.5,23.5,52.5,,1,espn-core,-3000.0,1200.0,0,0,1,151,Atlanta,GA
2025-09-20,haw,fres,21,23,115.0,-135.0,2.5,-2.5,-105.0,-115.0,3.5,-3.5,47.5,,1,espn-core,130.0,-150.0,0,1,17,17,Honolulu,HI
2025-09-20,iu,ill,63,10,-270.0,220.0,-7.5,7.5,105.0,-125.0,-4.5,4.5,50.5,,1,espn-core,-190.0,160.0,0,1,5,5,Bloomington,IN
2025-09-20,jvst,mur,45,10,-100000.0,4000.0,-35.5,35.5,-110.0,-110.0,-35.5,35.5,60.5,,1,espn-core,-50000.0,3500.0,0,0,12,21,Jacksonville,AL
2025-09-20,kenn,arst,28,21,160.0,-190.0,4.5,-4.5,-115.0,-105.0,7.5,-7.5,58.5,,1,espn-core,180.0,-215.0,0,0,12,37,Kennesaw,GA
2025-09-20,ku,wvu,41,10,-550.0,380.0,-13.5,13.5,100.0,-120.0,-12.5,12.5,54.5,,1,espn-core,-450.0,340.0,0,1,4,4,Lawrence,KS
2025-09-20,lib,jmu,13,31,240.0,-290.0,7.5,-7.5,-120.0,100.0,11.5,-11.5,46.5,,1,espn-core,290.0,-380.0,0,0,12,37,Lynchburg,VA
2025-09-20,lou,bgsu,40,17,-5000.0,1500.0,-25.5,25.5,-110.0,-110.0,-27.5,27.5,50.5,,1,espn-core,-5000.0,1500.0,0,0,1,15,Louisville,KY
2025-09-20,lsu,sela,56,10,,,-48.5,48.5,100.0,-120.0,-38.5,38.5,60.5,,1,espn-core,,,0,0,8,30,Baton Rouge,LA
2025-09-20,lt,usm,30,20,-150.0,130.0,-3.5,3.5,100.0,-120.0,-1.5,1.5,50.5,,1,espn-core,-140.0,120.0,0,0,12,37,Ruston,LA
2025-09-20,m-oh,unlv,38,41,110.0,-130.0,1.5,-1.5,100.0,-120.0,3.5,-3.5,49.5,,1,espn-core,115.0,-135.0,0,0,15,17,Oxford,OH
2025-09-20,mem,ark,32,31,230.0,-280.0,7.5,-7.5,-115.0,-105.0,6.5,-6.5,59.5,,1,espn-core,225.0,-275.0,0,0,151,8,Memphis,TN
2025-09-20,mia,fla,26,7,-340.0,270.0,-8.5,8.5,-110.0,-110.0,-9.5,9.5,51.5,,1,espn-core,-300.0,250.0,0,0,1,8,Miami Gardens,FL
2025-09-20,miss,tuln,45,10,-425.0,320.0,-11.5,11.5,-110.0,-110.0,-12.5,12.5,61.5,,1,espn-core,-450.0,340.0,0,0,8,151,Oxford,MS
2025-09-20,miz,sc,29,20,-380.0,290.0,-10.5,10.5,100.0,-120.0,-11.5,11.5,48.5,,1,espn-core,-550.0,380.0,0,1,8,8,Columbia,MO
2025-09-20,most,utm,42,10,,,-14.5,14.5,-105.0,-115.0,-14.0,14.0,54.5,,1,espn-core,,,0,0,12,179,Springfield,MO
2025-09-20,msst,niu,38,10,-4000.0,1300.0,-24.5,24.5,100.0,-120.0,-22.5,22.5,48.5,,1,espn-core,-2000.0,1000.0,0,0,8,15,Starkville,MS
2025-09-20,mtsu,mrsh,28,42,115.0,-135.0,2.5,-2.5,-110.0,-110.0,3.5,-3.5,45.5,,1,espn-core,115.0,-135.0,0,0,12,37,Murfreesboro,TN
2025-09-20,nd,pur,56,30,-3000.0,1200.0,-24.5,24.5,-110.0,-110.0,-26.5,26.5,51.5,,1,espn-core,-5000.0,1500.0,0,0,18,5,Notre Dame,IN
2025-09-20,neb,mich,27,30,100.0,-120.0,1.5,-1.5,-120.0,100.0,2.5,-2.5,48.5,,1,espn-core,120.0,-140.0,0,1,5,5,Lincoln,NE
2025-09-20,ohio,gweb,52,35,-7500.0,2000.0,-29.5,29.5,-115.0,-105.0,-25.5,25.5,54.5,,1,espn-core,-4000.0,1300.0,0,0,15,179,Athens,OH
2025-09-20,ore,orst,41,7,,,-34.5,34.5,-110.0,-110.0,-34.5,34.5,58.5,,1,espn-core,,,0,0,5,9,Eugene,OR
2025-09-20,ou,aub,24,17,-260.0,215.0,-6.5,6.5,-125.0,105.0,-6.5,6.5,47.5,,1,espn-core,-230.0,195.0,0,1,8,8,Norman,OK
2025-09-20,sac,cark,45,16,,,-15.5,15.5,-110.0,-110.0,-10.5,10.5,59.5,,1,espn-core,,,0,0,20,177,Sacramento,CA
2025-09-20,sdsu,cal,34,0,400.0,-600.0,13.5,-13.5,-105.0,-115.0,13.5,-13.5,45.5,,1,espn-core,380.0,-550.0,0,0,17,1,San Diego,CA
2025-09-20,sjsu,idho,31,28,-650.0,425.0,-13.5,13.5,-110.0,-110.0,-14.5,14.5,51.5,,1,espn-core,-700.0,450.0,0,0,17,20,San Jose,CA
2025-09-20,tcu,smu,35,24,-215.0,180.0,-6.5,6.5,-105.0,-115.0,-6.5,6.5,63.5,,1,espn-core,-250.0,210.0,0,0,4,1,Fort Worth,TX
2025-09-20,tenn,uab,56,24,,,-38.5,38.5,-115.0,-105.0,-37.5,37.5,68.5,,1,espn-core,,,0,0,8,151,Knoxville,TN
2025-09-20,tex,shsu,55,0,,,-39.5,39.5,-115.0,-105.0,-40.5,40.5,51.5,,1,espn-core,,,0,0,8,12,Austin,TX
2025-09-20,txst,nich,35,3,-20000.0,3000.0,-32.5,32.5,-105.0,-115.0,-29.0,29.0,56.5,,1,espn-core,-7500.0,2000.0,0,0,37,30,San Marcos,TX
2025-09-20,ucf,unc,34,9,-280.0,230.0,-7.5,7.5,100.0,-120.0,-6.5,6.5,45.5,,1,espn-core,-225.0,190.0,0,0,4,1,Orlando,FL
2025-09-20,usa,ccu,20,38,-700.0,450.0,-14.5,14.5,-110.0,-110.0,-14.5,14.5,52.5,,1,espn-core,-750.0,475.0,0,1,37,37,Mobile,AL
2025-09-20,usc,msu,45,31,-1600.0,800.0,-18.5,18.5,-110.0,-110.0,-15.5,15.5,55.5,,1,espn-core,-900.0,550.0,0,1,5,5,Los Angeles,CA
2025-09-20,usf,scst,63,14,-100000.0,4000.0,-35.5,35.5,-105.0,-115.0,-28.5,28.5,58.5,,1,espn-core,-6000.0,1800.0,0,0,151,24,Tampa,FL
2025-09-20,usu,mcn,48,7,-1800.0,900.0,-23.5,23.5,-110.0,120.0,-23.5,23.5,62.5,,1,espn-core,-2500.0,1100.0,0,0,17,30,Logan,UT
2025-09-20,utah,ttu,10,34,-165.0,140.0,-3.5,3.5,100.0,-120.0,-4.5,4.5,58.5,,1,espn-core,-185.0,155.0,0,1,4,4,Salt Lake City,UT
2025-09-20,utep,ulm,25,31,-215.0,180.0,-5.5,5.5,-115.0,-105.0,-4.5,4.5,46.5,,1,espn-core,-190.0,160.0,0,0,12,37,El Paso,TX
2025-09-20,uva,stan,48,20,-800.0,500.0,-16.5,16.5,-110.0,-110.0,-16.5,16.5,49.5,,1,espn-core,-900.0,550.0,0,1,1,1,Charlottesville,VA
2025-09-20,van,gast,70,21,-5000.0,1500.0,-26.5,26.5,-115.0,-105.0,-26.5,26.5,52.5,,1,espn-core,-4000.0,1300.0,0,0,8,37,Nashville,TN
2025-09-20,vt,wof,38,6,,,,,,,,,51.5,,1,espn-core,-100000.0,4000.0,0,0,1,29,Blacksburg,VA
2025-09-20,wis,md,10,27,-400.0,300.0,-10.5,10.5,105.0,-125.0,-6.5,6.5,44.5,,1,espn-core,-320.0,260.0,0,1,5,5,Madison,WI
2025-09-20,wku,nev,31,16,-290.0,240.0,-7.5,7.5,-115.0,-105.0,-10.5,10.5,54.5,,1,espn-core,-425.0,320.0,0,0,12,17,Bowling Green,KY
2025-09-20,wmu,tol,14,13,380.0,-550.0,11.5,-11.5,-110.0,-110.0,13.5,-13.5,48.5,,1,espn-core,425.0,-650.0,0,1,15,15,Kalamazoo,MI
2025-09-20,wsu,wash,24,59,900.0,-1800.0,20.5,-20.5,-110.0,-110.0,20.5,-20.5,52.5,,1,espn-core,800.0,-1600.0,0,0,9,5,Pullman,WA
2025-09-25,ecu,army,28,6,-165.0,140.0,-3.5,3.5,-110.0,-110.0,-3.5,3.5,52.5,,1,espn-core,-165.0,140.0,0,1,151,151,Greenville,NC
2025-09-26,asu,tcu,27,24,-145.0,125.0,-2.5,2.5,-120.0,100.0,-1.5,1.5,54.5,,1,espn-core,-135.0,115.0,0,1,4,4,Tempe,AZ
2025-09-26,orst,hou,24,27,360.0,-500.0,11.5,-11.5,-110.0,-110.0,10.5,-10.5,48.5,,1,espn-core,360.0,-500.0,0,0,9,4,Corvallis,OR
2025-09-26,uva,fsu,46,38,225.0,-275.0,6.5,-6.5,105.0,-125.0,7.5,-7.5,60.5,,1,espn-core,215.0,-260.0,0,1,1,1,Charlottesville,VA
2025-09-27,afa,haw,35,44,-260.0,215.0,-6.5,6.5,-120.0,100.0,-4.5,4.5,52.5,,1,espn-core,-200.0,170.0,0,1,17,17,USAF Academy,CO
2025-09-27,ark,nd,13,56,170.0,-200.0,5.5,-5.5,-115.0,-105.0,6.5,-6.5,62.5,,1,espn-core,190.0,-225.0,0,0,8,18,Fayetteville,AR
2025-09-27,bc,cal,24,28,-215.0,180.0,-6.5,6.5,-105.0,-115.0,-6.5,6.5,54.5,,1,espn-core,-225.0,190.0,0,1,1,1,Chestnut Hill,MA
2025-09-27,bois,app,47,14,-900.0,550.0,-17.5,17.5,100.0,-120.0,-16.5,16.5,59.5,,1,espn-core,-1000.0,600.0,0,0,17,37,Boise,ID
2025-09-27,buff,conn,17,20,125.0,-145.0,2.5,-2.5,100.0,-120.0,2.5,-2.5,51.5,,1,espn-core,120.0,-140.0,0,0,15,18,Buffalo,NY
2025-09-27,cmu,emu,24,13,-155.0,135.0,-3.5,3.5,-105.0,-115.0,-5.5,5.5,55.5,,1,espn-core,-210.0,175.0,0,1,15,15,Mount Pleasant,MI
2025-09-27,colo,byu,21,24,200.0,-240.0,6.5,-6.5,-110.0,-110.0,6.5,-6.5,48.5,,1,espn-core,195.0,-230.0,0,1,4,4,Boulder,CO
2025-09-27,csu,wsu,3,20,-200.0,170.0,-6.5,6.5,-110.0,-110.0,-4.5,4.5,48.5,,1,espn-core,-195.0,165.0,0,0,17,9,Fort Collins,CO
2025-09-27,fau,mem,26,55,400.0,-600.0,13.5,-13.5,-105.0,-115.0,13.5,-13.5,62.5,,1,espn-core,400.0,-600.0,0,1,151,151,Boca Raton,FL
2025-09-27,ill,usc,34,32,200.0,-240.0,6.5,-6.5,-105.0,-115.0,1.5,-1.5,62.5,,1,espn-core,190.0,-225.0,0,1,5,5,Champaign,IL
2025-09-27,iowa,iu,15,20,260.0,-320.0,8.5,-8.5,-110.0,-110.0,3.5,-3.5,47.5,,1,espn-core,225.0,-275.0,0,1,5,5,Iowa City,IA
2025-09-27,isu,ariz,39,14,-185.0,155.0,-4.5,4.5,100.0,-120.0,-7.5,7.5,48.5,,1,espn-core,-240.0,200.0,0,1,4,4,Ames,IA
2025-09-27,jmu,gaso,35,10,-750.0,475.0,-16.5,16.5,-110.0,-110.0,-16.5,16.5,54.5,,1,espn-core,-900.0,550.0,0,1,37,37,Harrisonburg,VA
2025-09-27,kenn,mtsu,24,16,-270.0,220.0,-7.5,7.5,100.0,-120.0,-6.5,6.5,54.5,,1,espn-core,-250.0,210.0,0,1,12,12,Kennesaw,GA
2025-09-27,ksu,ucf,34,20,-215.0,180.0,-5.5,5.5,-120.0,100.0,-6.5,6.5,48.5,,1,espn-core,-200.0,170.0,0,1,4,4,Manhattan,KS
2025-09-27,ku,cin,34,37,-200.0,170.0,-4.5,4.5,-115.0,-105.0,-5.5,5.5,57.5,,1,espn-core,-240.0,200.0,0,1,4,4,Lawrence,KS
2025-09-27,m-oh,lin,38,0,-2500.0,1100.0,-22.5,22.5,-110.0,-110.0,-20.5,20.5,49.5,,1,espn-core,-1800.0,900.0,0,0,15,179,Oxford,OH
2025-09-27,minn,rutg,31,28,-175.0,150.0,-3.5,3.5,-115.0,-105.0,-3.5,3.5,51.5,,1,espn-core,-210.0,175.0,0,1,5,5,Minneapolis,MN
2025-09-27,miss,lsu,24,19,-145.0,125.0,-3.5,3.5,105.0,-125.0,1.5,-1.5,58.5,,1,espn-core,-130.0,110.0,0,1,8,8,Oxford,MS
2025-09-27,miz,mass,42,6,,,-44.5,44.5,-115.0,-105.0,-43.5,43.5,56.5,,1,espn-core,,,0,0,8,15,Columbia,MO
2025-09-27,most,wku,22,27,150.0,-175.0,3.5,-3.5,-105.0,-115.0,5.5,-5.5,59.5,,1,espn-core,175.0,-210.0,0,1,12,12,Springfield,MO
2025-09-27,msst,tenn,34,41,240.0,-290.0,7.5,-7.5,-115.0,-105.0,9.5,-9.5,63.5,,1,espn-core,260.0,-320.0,0,1,8,8,Starkville,MS
2025-09-27,navy,rice,21,13,-800.0,500.0,-14.5,14.5,-105.0,-115.0,-14.5,14.5,45.5,,1,espn-core,-700.0,450.0,0,1,151,151,Annapolis,MD
2025-09-27,ncsu,vt,21,23,-425.0,320.0,-10.5,10.5,-110.0,-110.0,-10.5,10.5,56.5,,1,espn-core,-425.0,320.0,0,1,1,1,Raleigh,NC
2025-09-27,ndsu,sdak,51,13,,,-25.5,25.5,-110.0,-110.0,-22.0,22.0,50.5,,1,espn-core,,,0,1,21,21,Fargo,ND
2025-09-27,niu,sdsu,3,6,100.0,-120.0,1.5,-1.5,-115.0,-105.0,2.5,-2.5,42.5,,1,espn-core,135.0,-155.0,0,0,15,17,Dekalb,IL
2025-09-27,nu,ucla,17,14,-215.0,180.0,-6.5,6.5,-105.0,-115.0,-6.5,6.5,46.5,,1,espn-core,-225.0,190.0,0,1,5,5,Evanston,IL
2025-09-27,odu,lib,21,7,-800.0,500.0,-14.5,14.5,-110.0,-110.0,-15.5,15.5,53.5,,1,espn-core,-750.0,475.0,0,0,37,12,Norfolk,VA
2025-09-27,ohio,bgsu,35,20,-300.0,250.0,-7.5,7.5,-105.0,-115.0,-10.5,10.5,49.5,,1,espn-core,-425.0,320.0,0,1,15,15,Athens,OH
2025-09-27,okst,bay,27,45,900.0,-1800.0,21.5,-21.5,-110.0,-110.0,20.5,-20.5,58.5,,1,espn-core,800.0,-1600.0,0,1,4,4,Stillwater,OK
2025-09-27,pitt,lou,27,34,125.0,-145.0,3.5,-3.5,-125.0,105.0,3.5,-3.5,52.5,,1,espn-core,145.0,-170.0,0,1,1,1,Pittsburgh,PA
2025-09-27,psu,ore,24,30,-190.0,160.0,-4.5,4.5,-105.0,-115.0,-3.5,3.5,52.5,,1,espn-core,-155.0,135.0,0,1,5,5,University Park,PA
2025-09-27,sac,cp,24,32,,,-18.0,18.0,-105.0,-115.0,-17.5,17.5,57.5,,1,espn-core,,,0,1,20,20,Sacramento,CA
2025-09-27,sc,uk,35,13,-225.0,190.0,-6.5,6.5,-110.0,-110.0,-6.5,6.5,46.5,,1,espn-core,-230.0,195.0,0,1,8,8,Columbia,SC
2025-09-27,stan,sjsu,30,29,-150.0,130.0,-3.5,3.5,-105.0,-115.0,-2.5,2.5,49.5,,1,espn-core,-130.0,110.0,0,0,1,17,Stanford,CA
2025-09-27,syr,duke,3,38,150.0,-175.0,3.5,-3.5,-110.0,-110.0,5.5,-5.5,59.5,,1,espn-core,175.0,-210.0,0,1,1,1,Syracuse,NY
2025-09-27,ta&m,aub,16,10,-225.0,190.0,-6.5,6.5,-105.0,-115.0,-6.5,6.5,51.5,,1,espn-core,-215.0,180.0,0,1,8,8,College Station,TX
2025-09-27,tlsa,tuln,14,31,500.0,-800.0,14.5,-14.5,-110.0,-110.0,13.5,-13.5,52.5,,1,espn-core,425.0,-650.0,0,1,151,151,Tulsa,OK
2025-09-27,tol,akr,45,3,-3000.0,1200.0,-22.5,22.5,-115.0,-105.0,-21.5,21.5,49.5,,1,espn-core,-1800.0,900.0,0,1,15,15,Toledo,OH
2025-09-27,uga,ala,21,24,-130.0,110.0,-2.5,2.5,100.0,-120.0,-3.5,3.5,52.5,,1,espn-core,-145.0,125.0,0,1,8,8,Athens,GA
2025-09-27,ul,mrsh,54,51,100.0,-120.0,1.5,-1.5,-110.0,-110.0,-2.5,2.5,48.5,,1,espn-core,-120.0,100.0,0,1,37,37,Lafayette,LA
2025-09-27,ulm,arst,28,16,-125.0,105.0,-1.5,1.5,-115.0,-105.0,-3.5,3.5,55.5,,1,espn-core,-170.0,145.0,0,1,37,37,Monroe,LA
2025-09-27,unm,nmsu,38,20,-1000.0,600.0,-17.5,17.5,-115.0,-105.0,-13.5,13.5,53.5,,1,espn-core,-600.0,400.0,0,0,17,12,Albuquerque,NM
2025-09-27,unt,usa,36,22,-450.0,340.0,-11.5,11.5,-115.0,-105.0,-12.5,12.5,63.5,,1,espn-core,-550.0,380.0,0,0,151,37,Denton,TX
2025-09-27,usm,jvst,42,25,-210.0,175.0,-5.5,5.5,-115.0,-105.0,-4.5,4.5,55.5,,1,espn-core,-155.0,135.0,0,0,37,12,Hattiesburg,MS
2025-09-27,utep,lt,11,30,135.0,-155.0,3.5,-3.5,-110.0,-110.0,3.5,-3.5,47.5,,1,espn-core,165.0,-195.0,0,1,12,12,El Paso,TX
2025-09-27,van,usu,55,35,-4000.0,1300.0,-24.5,24.5,-110.0,-110.0,-21.5,21.5,58.5,,1,espn-core,-2000.0,1000.0,0,0,8,17,Nashville,TN
2025-09-27,wake,gt,29,30,360.0,-500.0,11.5,-11.5,-110.0,-110.0,14.5,-14.5,53.5,,1,espn-core,450.0,-700.0,0,1,1,1,Winston-Salem,NC
2025-09-27,wash,osu,6,24,290.0,-380.0,9.5,-9.5,-105.0,-115.0,13.5,-13.5,52.5,,1,espn-core,270.0,-340.0,0,1,5,5,Seattle,WA
2025-09-27,wmu,uri,47,14,-300.0,250.0,-8.5,8.5,-110.0,-110.0,-7.5,7.5,44.5,,1,espn-core,-320.0,260.0,0,0,15,48,Kalamazoo,MI
2025-09-27,wvu,utah,14,48,360.0,-500.0,12.5,-12.5,-110.0,-110.0,9.5,-9.5,46.5,,1,espn-core,290.0,-380.0,0,1,4,4,Morgantown,WV
2025-10-02,nmsu,shsu,37,10,105.0,-125.0,1.5,-1.5,-120.0,100.0,1.5,-1.5,53.5,,1,espn-core,125.0,-145.0,0,1,12,12,Las Cruces,NM
2025-10-03,byu,wvu,38,24,-1600.0,800.0,-19.5,19.5,-115.0,-105.0,-20.5,20.5,46.5,,1,espn-core,-1400.0,750.0,0,1,4,4,Provo,UT
2025-10-03,del,wku,24,27,-150.0,130.0,-2.5,2.5,-125.0,105.0,-2.5,2.5,63.5,,1,espn-core,-135.0,115.0,0,1,12,12,Newark,DE
2025-10-03,sdsu,csu,45,24,-190.0,160.0,-4.5,4.5,-110.0,-110.0,-5.5,5.5,40.5,,1,espn-core,-210.0,175.0,0,1,17,17,San Diego,CA
2025-10-03,sjsu,unm,35,28,-130.0,110.0,-2.5,2.5,-110.0,-110.0,-2.5,2.5,58.5,,1,espn-core,-140.0,120.0,0,1,17,17,San Jose,CA
2025-10-03,usf,clt,54,26,-7500.0,2000.0,-28.5,28.5,-110.0,-110.0,-28.5,28.5,54.5,,1,espn-core,-5000.0,1500.0,0,1,151,151,Tampa,FL
2025-10-04,akr,cmu,28,22,190.0,-225.0,6.5,-6.5,-105.0,-115.0,7.5,-7.5,47.5,,1,espn-core,250.0,-300.0,0,1,15,15,Akron,OH
2025-10-04,ala,van,30,14,-550.0,380.0,-13.5,13.5,-110.0,-110.0,-11.5,11.5,58.5,,1,espn-core,-450.0,340.0,0,1,8,8,Tuscaloosa,AL
2025-10-04,app,orst,27,23,-125.0,105.0,-2.5,2.5,-105.0,-115.0,1.5,-1.5,54.5,,1,espn-core,115.0,-135.0,0,0,37,9,Boone,NC
2025-10-04,ariz,okst,41,13,-3000.0,1200.0,-23.5,23.5,-105.0,-115.0,-18.5,18.5,56.5,,1,espn-core,-1600.0,800.0,0,1,4,4,Tucson,AZ
2025-10-04,arst,txst,31,30,425.0,-650.0,14.5,-14.5,-125.0,105.0,12.5,-12.5,63.5,,1,espn-core,380.0,-550.0,0,1,37,37,Jonesboro,AR
2025-10-04,ball,ohio,20,14,475.0,-750.0,14.5,-14.5,-120.0,100.0,16.5,-16.5,52.5,,1,espn-core,475.0,-750.0,0,1,15,15,Muncie,IN
2025-10-04,bay,ksu,35,34,-175.0,150.0,-4.5,4.5,-105.0,-115.0,-5.5,5.5,60.5,,1,espn-core,-230.0,195.0,0,1,4,4,Waco,TX
2025-10-04,buff,emu,31,30,-320.0,260.0,-9.5,9.5,-110.0,-110.0,-9.5,9.5,53.5,,1,espn-core,-400.0,300.0,0,1,15,15,Buffalo,NY
2025-10-04,cal,duke,21,45,135.0,-155.0,3.5,-3.5,-125.0,105.0,3.5,-3.5,55.5,,1,espn-core,115.0,-135.0,0,1,1,1,Berkeley,CA
2025-10-04,cin,isu,38,30,-120.0,100.0,-1.5,1.5,-105.0,-115.0,-1.5,1.5,55.5,,1,espn-core,-120.0,100.0,0,1,4,4,Cincinnati,OH
2025-10-04,conn,fiu,51,10,-270.0,220.0,-6.5,6.5,-125.0,105.0,-7.5,7.5,51.5,,1,espn-core,-320.0,260.0,0,0,18,12,East Hartford,CT
2025-10-04,fla,tex,29,21,165.0,-195.0,4.5,-4.5,-115.0,-105.0,6.5,-6.5,42.5,,1,espn-core,210.0,-250.0,0,1,8,8,Gainesville,FL
2025-10-04,fres,nev,20,17,-600.0,400.0,-13.5,13.5,-105.0,-115.0,-13.5,13.5,46.5,,1,espn-core,-700.0,450.0,0,1,17,17,Fresno,CA
2025-10-04,fsu,mia,22,28,145.0,-170.0,2.5,-2.5,114.0,-140.0,6.5,-6.5,54.5,,1,espn-core,160.0,-190.0,0,1,1,1,Tallahassee,FL
2025-10-04,gast,jmu,7,14,800.0,-1600.0,18.5,-18.5,-110.0,-110.0,19.5,-19.5,52.5,,1,espn-core,800.0,-1600.0,0,1,37,37,Atlanta,GA
2025-10-04,hou,ttu,11,35,340.0,-450.0,11.5,-11.5,-110.0,-110.0,12.5,-12.5,51.5,,1,espn-core,360.0,-500.0,0,1,4,4,Houston,TX
2025-10-04,ilst,ndsu,16,33,,,,,,,,,,,0,espn-core,,,0,1,21,21,Normal,IL
2025-10-04,lou,uva,27,30,-240.0,200.0,-6.5,6.5,-120.0,100.0,-6.5,6.5,61.5,,1,espn-core,-275.0,225.0,0,1,1,1,Louisville,KY
2025-10-04,mass,wmu,3,21,320.0,-425.0,12.5,-12.5,-115.0,-105.0,12.5,-12.5,45.5,,1,espn-core,360.0,-500.0,0,1,15,15,Amherst,MA
2025-10-04,md,wash,20,24,180.0,-215.0,5.5,-5.5,-110.0,-110.0,5.5,-5.5,53.5,,1,espn-core,175.0,-210.0,0,1,5,5,College Park,MD
2025-10-04,mem,tlsa,45,7,-2000.0,1000.0,-21.5,21.5,-110.0,-110.0,-21.5,21.5,52.5,,1,espn-core,-1600.0,800.0,0,1,151,151,Memphis,TN
2025-10-04,mich,wis,24,10,-1000.0,600.0,-17.5,17.5,100.0,-120.0,-16.5,16.5,42.5,,1,espn-core,-900.0,550.0,0,1,5,5,Ann Arbor,MI
2025-10-04,navy,afa,34,31,-550.0,380.0,-13.5,13.5,-115.0,-105.0,-12.5,12.5,51.5,,1,espn-core,-400.0,300.0,0,0,151,17,Annapolis,MD
2025-10-04,ncsu,cam,56,10,,,-41.5,41.5,-120.0,100.0,-42.5,42.5,60.5,,1,espn-core,,,0,0,1,48,Raleigh,NC
2025-10-04,nd,bois,28,7,-1600.0,800.0,-21.5,21.5,-105.0,-115.0,-17.5,17.5,63.5,,1,espn-core,-1200.0,700.0,0,0,18,17,Notre Dame,IN
2025-10-04,neb,msu,38,27,-450.0,340.0,-12.5,12.5,-120.0,100.0,-10.5,10.5,49.5,,1,espn-core,-450.0,340.0,0,1,5,5,Lincoln,NE
2025-10-04,niu,m-oh,14,25,160.0,-190.0,4.5,-4.5,-115.0,-105.0,3.5,-3.5,39.5,,1,espn-core,165.0,-195.0,0,1,15,15,Dekalb,IL
2025-10-04,nu,ulm,42,7,-600.0,400.0,-13.5,13.5,-110.0,-110.0,-10.5,10.5,43.5,,1,espn-core,-450.0,340.0,0,0,5,37,Evanston,IL
2025-10-04,odu,ccu,47,7,-900.0,550.0,-18.5,18.5,-105.0,-115.0,-17.5,17.5,53.5,,1,espn-core,-1000.0,600.0,0,1,37,37,Norfolk,VA
2025-10-04,osu,minn,42,3,-5000.0,1500.0,-23.5,23.5,-110.0,-110.0,-24.5,24.5,42.5,,1,espn-core,-3000.0,1200.0,0,1,5,5,Columbus,OH
2025-10-04,ou,kent,44,0,,,-46.5,46.5,-110.0,-110.0,-45.5,45.5,53.5,,1,espn-core,,,0,0,8,15,Norman,OK
2025-10-04,pitt,bc,48,7,-250.0,210.0,-6.5,6.5,-125.0,105.0,-4.5,4.5,54.5,,1,espn-core,-225.0,190.0,0,1,1,1,Pittsburgh,PA
2025-10-04,pur,ill,27,43,225.0,-275.0,7.5,-7.5,-120.0,100.0,7.5,-7.5,55.5,,1,espn-core,290.0,-380.0,0,1,5,5,West Lafayette,IN
2025-10-04,rice,fau,21,27,-190.0,160.0,-4.5,4.5,-110.0,-110.0,-4.5,4.5,55.5,,1,espn-core,-200.0,170.0,0,1,151,151,Houston,TX
2025-10-04,smu,syr,31,18,-1000.0,600.0,-17.5,17.5,-115.0,-105.0,-16.5,16.5,56.5,,1,espn-core,-800.0,500.0,0,1,1,1,Dallas,TX
2025-10-04,ta&m,msst,31,9,-900.0,550.0,-17.5,17.5,-115.0,-105.0,-13.5,13.5,57.5,,1,espn-core,-700.0,450.0,0,1,8,8,College Station,TX
2025-10-04,tcu,colo,35,21,-700.0,450.0,-14.5,14.5,100.0,-120.0,-14.5,14.5,56.5,,1,espn-core,-650.0,425.0,0,1,4,4,Fort Worth,TX
2025-10-04,tem,utsa,27,21,195.0,-230.0,6.5,-6.5,-110.0,-110.0,6.5,-6.5,57.5,,1,espn-core,175.0,-210.0,0,1,151,151,Philadelphia,PA
2025-10-04,troy,usa,31,24,115.0,-135.0,2.5,-2.5,-105.0,-115.0,-2.5,2.5,46.5,,1,espn-core,-135.0,115.0,0,1,37,37,Troy,AL
2025-10-04,uab,army,13,31,180.0,-215.0,6.5,-6.5,-110.0,-110.0,7.5,-7.5,55.5,,1,espn-core,230.0,-280.0,0,1,151,151,Birmingham,AL
2025-10-04,ucf,ku,20,27,155.0,-185.0,3.5,-3.5,-110.0,-110.0,4.5,-4.5,52.5,,1,espn-core,160.0,-190.0,0,1,4,4,Orlando,FL
2025-10-04,ucla,psu,42,37,1500.0,-5000.0,24.5,-24.5,-105.0,-115.0,25.5,-25.5,47.5,,1,espn-core,1300.0,-4000.0,0,1,5,5,Pasadena,CA
2025-10-04,uga,uk,35,14,-1600.0,800.0,-19.5,19.5,-105.0,-115.0,-20.5,20.5,49.5,,1,espn-core,-1800.0,900.0,0,1,8,8,Athens,GA
2025-10-04,unc,clem,10,38,500.0,-800.0,15.5,-15.5,-105.0,-115.0,13.5,-13.5,47.5,,1,espn-core,425.0,-650.0,0,1,1,1,Chapel Hill,NC
2025-10-04,vt,wake,23,30,-190.0,160.0,-4.5,4.5,-110.0,-110.0,-6.5,6.5,51.5,,1,espn-core,-190.0,160.0,0,1,1,1,Blacksburg,VA
2025-10-04,wyo,unlv,17,31,150.0,-175.0,4.5,-4.5,-115.0,-105.0,5.5,-5.5,53.5,,1,espn-core,170.0,-200.0,0,1,17,17,Laramie,WY
2025-10-08,mtsu,most,20,22,120.0,-140.0,2.5,-2.5,-105.0,-115.0,2.5,-2.5,52.5,,1,espn-core,115.0,-135.0,0,1,12,12,Murfreesboro,TN
2025-10-08,utep,lib,8,19,105.0,-125.0,1.5,-1.5,-110.0,-110.0,2.5,-2.5,47.5,,1,espn-core,110.0,-130.0,0,1,12,12,El Paso,TX
2025-10-09,gaso,usm,35,38,115.0,-135.0,2.5,-2.5,100.0,-120.0,-1.5,1.5,60.5,,1,espn-core,125.0,-145.0,0,1,37,37,Statesboro,GA
2025-10-09,kenn,lt,35,7,165.0,-195.0,5.5,-5.5,-120.0,100.0,5.5,-5.5,45.5,,1,espn-core,200.0,-240.0,0,1,12,12,Kennesaw,GA
2025-10-09,shsu,jvst,27,29,230.0,-280.0,7.5,-7.5,-110.0,-110.0,9.5,-9.5,52.5,,1,espn-core,250.0,-300.0,0,1,12,12,Houston,TX
2025-10-09,tuln,ecu,26,19,-230.0,195.0,-6.5,6.5,-120.0,100.0,-7.5,7.5,53.5,,1,espn-core,-230.0,195.0,0,1,151,151,New Orleans,LA
2025-10-10,csu,fres,49,21,170.0,-200.0,5.5,-5.5,-110.0,-110.0,6.5,-6.5,48.5,,1,espn-core,215.0,-260.0,0,1,17,17,Fort Collins,CO
2025-10-10,unt,usf,36,63,-135.0,115.0,-2.5,2.5,-110.0,-110.0,-1.5,1.5,68.5,,1,espn-core,-125.0,105.0,0,1,151,151,Denton,TX
2025-10-10,wash,rutg,38,19,-380.0,290.0,-9.5,9.5,-115.0,-105.0,-10.5,10.5,62.5,,1,espn-core,-380.0,290.0,0,1,5,5,Seattle,WA
2025-10-11,akr,m-oh,7,20,340.0,-450.0,11.5,-11.5,-110.0,-110.0,9.5,-9.5,47.5,,1,espn-core,290.0,-380.0,0,1,15,15,Akron,OH
2025-10-11,ariz,byu,27,33,120.0,-140.0,2.5,-2.5,100.0,-120.0,2.5,-2.5,46.5,,1,espn-core,105.0,-125.0,0,1,4,4,Tucson,AZ
2025-10-11,army,clt,24,7,-900.0,550.0,-17.5,17.5,-105.0,-115.0,-20.5,20.5,44.5,,1,espn-core,-900.0,550.0,0,1,151,151,West Point,NY
2025-10-11,aub,uga,10,20,170.0,-200.0,4.5,-4.5,-115.0,-105.0,3.5,-3.5,45.5,,1,espn-core,150.0,-175.0,0,1,8,8,Auburn,AL
2025-10-11,bc,clem,10,41,450.0,-700.0,13.5,-13.5,105.0,-125.0,14.5,-14.5,54.5,,1,espn-core,450.0,-700.0,0,1,1,1,Chestnut Hill,MA
2025-10-11,bgsu,tol,28,23,320.0,-425.0,10.5,-10.5,-120.0,100.0,9.5,-9.5,45.5,,1,espn-core,270.0,-340.0,0,1,15,15,Bowling Green,OH
2025-10-11,bois,unm,41,25,-800.0,500.0,-15.5,15.5,-115.0,-105.0,-16.5,16.5,57.5,,1,espn-core,-1000.0,600.0,0,1,17,17,Boise,ID
2025-10-11,ccu,ulm,23,8,120.0,-140.0,2.5,-2.5,-105.0,-115.0,2.5,-2.5,45.5,,1,espn-core,115.0,-135.0,0,1,37,37,Conway,SC
2025-10-11,cin,ucf,20,11,-380.0,290.0,-10.5,10.5,-105.0,-115.0,-10.5,10.5,55.5,,1,espn-core,-400.0,300.0,0,1,4,4,Cincinnati,OH
2025-10-11,colo,isu,24,17,125.0,-145.0,2.5,-2.5,105.0,-125.0,4.5,-4.5,52.5,,1,espn-core,150.0,-175.0,0,1,4,4,Boulder,CO
2025-10-11,emu,niu,16,10,-105.0,-115.0,1.5,-1.5,-115.0,-105.0,1.5,-1.5,48.5,,1,espn-core,105.0,-125.0,0,1,15,15,Ypsilanti,MI
2025-10-11,fau,uab,53,33,-190.0,160.0,-5.5,5.5,-110.0,-110.0,-4.5,4.5,65.5,,1,espn-core,-175.0,150.0,0,1,151,151,Boca Raton,FL
2025-10-11,fsu,pitt,31,34,-400.0,300.0,-11.5,11.5,-105.0,-115.0,-9.5,9.5,57.5,,1,espn-core,-340.0,270.0,0,1,1,1,Tallahassee,FL
2025-10-11,gast,app,20,41,125.0,-145.0,2.5,-2.5,-105.0,-115.0,3.5,-3.5,55.5,,1,espn-core,130.0,-150.0,0,1,37,37,Atlanta,GA
2025-10-11,gt,vt,35,20,-750.0,475.0,-14.5,14.5,-105.0,-115.0,-14.5,14.5,55.5,,1,espn-core,-750.0,475.0,0,1,1,1,Atlanta,GA
2025-10-11,haw,usu,44,26,-110.0,-110.0,1.5,-1.5,-120.0,100.0,-1.5,1.5,57.5,,1,espn-core,-125.0,105.0,0,1,17,17,Honolulu,HI
2025-10-11,ill,osu,16,34,500.0,-800.0,15.5,-15.5,-115.0,-105.0,16.5,-16.5,51.5,,1,espn-core,475.0,-750.0,0,1,5,5,Champaign,IL
2025-10-11,jmu,ul,24,14,-1400.0,750.0,-18.5,18.5,-110.0,-110.0,-16.5,16.5,45.5,,1,espn-core,-1000.0,600.0,0,1,37,37,Harrisonburg,VA
2025-10-11,kent,mass,42,6,-120.0,100.0,-1.5,1.5,-110.0,-110.0,-2.5,2.5,49.5,,1,espn-core,-150.0,130.0,0,1,15,15,Kent,OH
2025-10-11,ksu,tcu,41,28,120.0,-140.0,2.5,-2.5,100.0,-120.0,1.5,-1.5,54.5,,1,espn-core,-105.0,-115.0,0,1,4,4,Manhattan,KS
2025-10-11,lsu,sc,20,10,-340.0,270.0,-8.5,8.5,-110.0,-110.0,-9.5,9.5,44.5,,1,espn-core,-360.0,280.0,0,1,8,8,Baton Rouge,LA
2025-10-11,md,neb,31,34,210.0,-250.0,6.5,-6.5,110.0,-130.0,5.5,-5.5,47.5,,1,espn-core,200.0,-240.0,0,1,5,5,College Park,MD
2025-10-11,minn,pur,27,20,-300.0,250.0,-7.5,7.5,100.0,-120.0,-9.5,9.5,49.5,,1,espn-core,-320.0,260.0,0,1,5,5,Minneapolis,MN
2025-10-11,miss,wsu,24,21,,,-32.5,32.5,-105.0,-115.0,-32.5,32.5,58.5,,1,espn-core,,,0,0,8,9,Oxford,MS
2025-10-11,miz,ala,24,27,140.0,-165.0,3.5,-3.5,-130.0,110.0,5.5,-5.5,50.5,,1,espn-core,130.0,-150.0,0,1,8,8,Columbia,MO
2025-10-11,mrsh,odu,48,24,400.0,-600.0,14.5,-14.5,-115.0,-105.0,14.5,-14.5,57.5,,1,espn-core,425.0,-650.0,0,1,37,37,Huntington,WV
2025-10-11,msu,ucla,13,38,-250.0,210.0,-6.5,6.5,-125.0,105.0,-7.5,7.5,51.5,,1,espn-core,-290.0,240.0,0,1,5,5,East Lansing,MI
2025-10-11,nd,ncsu,36,7,-5000.0,1500.0,-24.5,24.5,-115.0,-105.0,-22.5,22.5,59.5,,1,espn-core,-2500.0,1100.0,0,0,18,1,Notre Dame,IN
2025-10-11,ndsu,siu,45,17,,,-20.0,20.0,-110.0,-110.0,-20.5,20.5,58.5,,1,espn-core,,,0,1,21,21,Fargo,ND
2025-10-11,nev,sdsu,10,44,190.0,-225.0,6.5,-6.5,-110.0,-110.0,6.5,-6.5,42.5,,1,espn-core,220.0,-270.0,0,1,17,17,Reno,NV
2025-10-11,okst,hou,17,39,475.0,-750.0,14.5,-14.5,-105.0,-115.0,14.5,-14.5,47.5,,1,espn-core,425.0,-650.0,0,1,4,4,Stillwater,OK
2025-10-11,ore,iu,20,30,-280.0,230.0,-7.5,7.5,-110.0,-110.0,-7.5,7.5,51.5,,1,espn-core,-300.0,250.0,0,1,5,5,Eugene,OR
2025-10-11,orst,wake,14,39,100.0,-120.0,1.5,-1.5,-110.0,-110.0,2.5,-2.5,47.5,,1,espn-core,110.0,-130.0,0,0,9,1,Corvallis,OR
2025-10-11,psu,nu,21,22,-1600.0,800.0,-20.5,20.5,-110.0,-110.0,-21.5,21.5,46.5,,1,espn-core,-1800.0,900.0,0,1,5,5,University Park,PA
2025-10-11,smu,stan,34,10,-1400.0,750.0,-19.5,19.5,-105.0,-115.0,-17.5,17.5,55.5,,1,espn-core,-1200.0,700.0,0,1,1,1,Dallas,TX
2025-10-11,ta&m,fla,34,17,-240.0,200.0,-6.5,6.5,-115.0,-105.0,-8.5,8.5,48.5,,1,espn-core,-280.0,230.0,0,1,8,8,College Station,TX
2025-10-11,tem,navy,31,32,300.0,-400.0,10.5,-10.5,-120.0,100.0,8.5,-8.5,52.5,,1,espn-core,240.0,-290.0,0,1,151,151,Philadelphia,PA
2025-10-11,tenn,ark,34,31,-425.0,320.0,-10.5,10.5,100.0,-120.0,-12.5,12.5,68.5,,1,espn-core,-550.0,380.0,0,1,8,8,Knoxville,TN
2025-10-11,tex,ou,23,6,-145.0,125.0,-2.5,2.5,-120.0,100.0,-2.5,2.5,43.5,,1,espn-core,-140.0,120.0,1,1,8,8,Dallas,TX
2025-10-11,ttu,ku,42,17,-650.0,425.0,-13.5,13.5,-125.0,105.0,-14.5,14.5,58.5,,1,espn-core,-700.0,450.0,0,1,4,4,Lubbock,TX
2025-10-11,txst,troy,41,48,-280.0,230.0,-7.5,7.5,-110.0,-110.0,-10.5,10.5,53.5,,1,espn-core,-380.0,290.0,0,1,37,37,San Marcos,TX
2025-10-11,unlv,afa,51,48,-250.0,210.0,-7.5,7.5,105.0,-125.0,-7.5,7.5,66.5,,1,espn-core,-225.0,190.0,0,1,17,17,Las Vegas,NV
2025-10-11,usc,mich,31,13,-145.0,125.0,-2.5,2.5,-125.0,105.0,-1.5,1.5,57.5,,1,espn-core,-130.0,110.0,0,1,5,5,Los Angeles,CA
2025-10-11,utah,asu,42,10,-290.0,240.0,-8.5,8.5,-110.0,-110.0,-4.5,4.5,42.5,,1,espn-core,-200.0,170.0,0,1,4,4,Salt Lake City,UT
2025-10-11,utsa,rice,61,13,-320.0,260.0,-9.5,9.5,-105.0,-115.0,-12.5,12.5,48.5,,1,espn-core,-550.0,380.0,0,1,151,151,San Antonio,TX
2025-10-11,web,sac,27,55,,,8.5,-8.5,-110.0,-110.0,9.5,-9.5,55.5,,1,espn-core,,,0,1,20,20,Ogden,UT
2025-10-11,wis,iowa,0,37,175.0,-210.0,4.5,-4.5,-105.0,-115.0,3.5,-3.5,37.5,,1,espn-core,155.0,-185.0,0,1,5,5,Madison,WI
2025-10-11,wmu,ball,42,0,-340.0,270.0,-9.5,9.5,-115.0,-105.0,-9.5,9.5,42.5,,1,espn-core,-300.0,250.0,0,1,15,15,Kalamazoo,MI
2025-10-11,wyo,sjsu,35,28,100.0,-120.0,1.5,-1.5,-115.0,-105.0,2.5,-2.5,49.5,,1,espn-core,115.0,-135.0,0,1,17,17,Laramie,WY
2025-10-14,lib,nmsu,30,27,-450.0,340.0,-11.5,11.5,-105.0,-115.0,-9.5,9.5,48.5,,1,espn-core,-425.0,320.0,0,1,12,12,Lynchburg,VA
2025-10-14,usa,arst,14,15,-340.0,270.0,-8.5,8.5,-115.0,-105.0,-7.5,7.5,57.5,,1,espn-core,-260.0,215.0,0,1,37,37,Mobile,AL
2025-10-14,wku,fiu,6,25,-380.0,290.0,-9.5,9.5,-120.0,100.0,-8.5,8.5,55.5,,1,espn-core,-300.0,250.0,0,1,12,12,Bowling Green,KY
2025-10-15,jvst,del,38,25,115.0,-135.0,2.5,-2.5,100.0,-120.0,2.5,-2.5,55.5,,1,espn-core,120.0,-140.0,0,1,12,12,Jacksonville,AL
2025-10-15,shsu,utep,17,35,140.0,-165.0,3.5,-3.5,-120.0,100.0,1.5,-1.5,47.5,,1,espn-core,125.0,-145.0,0,1,12,12,Houston,TX
2025-10-16,ecu,tlsa,41,27,-900.0,550.0,-16.5,16.5,-110.0,-110.0,-16.5,16.5,54.5,,1,espn-core,-800.0,500.0,0,1,151,151,Greenville,NC
2025-10-17,cal,unc,21,18,-320.0,260.0,-8.5,8.5,-110.0,-110.0,-12.5,12.5,47.5,,1,espn-core,-425.0,320.0,0,1,1,1,Berkeley,CA
2025-10-17,mia,lou,21,24,-500.0,360.0,-10.5,10.5,-115.0,-105.0,-13.5,13.5,49.5,,1,espn-core,-650.0,425.0,0,1,1,1,Miami Gardens,FL
2025-10-17,minn,neb,24,6,200.0,-240.0,6.5,-6.5,-105.0,-115.0,5.5,-5.5,48.5,,1,espn-core,200.0,-240.0,0,1,5,5,Minneapolis,MN
2025-10-17,usu,sjsu,30,25,-170.0,145.0,-3.5,3.5,-105.0,-115.0,-3.5,3.5,62.5,,1,espn-core,-190.0,160.0,0,1,17,17,Logan,UT
2025-10-18,afa,wyo,24,21,-175.0,150.0,-3.5,3.5,-115.0,-105.0,-5.5,5.5,56.5,,1,espn-core,-210.0,175.0,0,1,17,17,USAF Academy,CO
2025-10-18,ala,tenn,37,20,-340.0,270.0,-8.5,8.5,-115.0,-105.0,-8.5,8.5,60.5,,1,espn-core,-320.0,260.0,0,1,8,8,Tuscaloosa,AL
2025-10-18,app,ccu,37,45,-425.0,320.0,-10.5,10.5,-110.0,-110.0,-11.5,11.5,47.5,,1,espn-core,-450.0,340.0,0,1,37,37,Boone,NC
2025-10-18,ark,ta&m,42,45,250.0,-300.0,8.5,-8.5,-115.0,-105.0,7.5,-7.5,57.5,,1,espn-core,250.0,-300.0,0,1,8,8,Fayetteville,AR
2025-10-18,asu,ttu,26,22,250.0,-300.0,8.5,-8.5,-115.0,-105.0,10.5,-10.5,52.5,,1,espn-core,340.0,-450.0,0,1,4,4,Tempe,AZ
2025-10-18,aub,miz,17,23,105.0,-125.0,1.5,-1.5,-110.0,-110.0,-2.5,2.5,43.5,,1,espn-core,100.0,-120.0,0,1,8,8,Auburn,AL
2025-10-18,ball,akr,42,28,-110.0,-110.0,-1.5,1.5,-105.0,-115.0,-1.5,1.5,43.5,,1,espn-core,-110.0,-110.0,0,1,15,15,Muncie,IN
2025-10-18,bc,conn,23,38,110.0,-130.0,2.5,-2.5,-110.0,-110.0,-1.5,1.5,58.5,,1,espn-core,-125.0,105.0,0,0,1,18,Chestnut Hill,MA
2025-10-18,bgsu,cmu,6,27,-155.0,135.0,-3.5,3.5,100.0,-120.0,-5.5,5.5,44.5,,1,espn-core,-195.0,165.0,0,1,15,15,Bowling Green,OH
2025-10-18,bois,unlv,56,31,-500.0,360.0,-13.5,13.5,-105.0,-115.0,-10.5,10.5,61.5,,1,espn-core,-400.0,300.0,0,1,17,17,Boise,ID
2025-10-18,byu,utah,24,21,180.0,-215.0,5.5,-5.5,-105.0,-115.0,3.5,-3.5,49.5,,1,espn-core,150.0,-175.0,0,1,4,4,Provo,UT
2025-10-18,clem,smu,24,35,-175.0,150.0,-5.5,5.5,114.0,-140.0,-8.5,8.5,49.5,,1,espn-core,-360.0,280.0,0,1,1,1,Clemson,SC
2025-10-18,clt,tem,14,49,270.0,-340.0,9.5,-9.5,-105.0,-115.0,11.5,-11.5,46.5,,1,espn-core,340.0,-450.0,0,1,151,151,Charlotte,NC
2025-10-18,csu,haw,19,31,-130.0,110.0,-2.5,2.5,-115.0,-105.0,1.5,-1.5,53.5,,1,espn-core,-120.0,100.0,0,1,17,17,Fort Collins,CO
2025-10-18,duke,gt,18,27,-165.0,140.0,-3.5,3.5,105.0,-125.0,-2.5,2.5,61.5,,1,espn-core,-140.0,120.0,0,1,1,1,Durham,NC
2025-10-18,fla,msst,23,21,-340.0,270.0,-9.5,9.5,-115.0,-105.0,-9.5,9.5,51.5,,1,espn-core,-380.0,290.0,0,1,8,8,Gainesville,FL
2025-10-18,gaso,gast,41,24,-225.0,190.0,-6.5,6.5,-115.0,-105.0,-6.5,6.5,58.5,,1,espn-core,-260.0,215.0,0,1,37,37,Statesboro,GA
2025-10-18,hou,ariz,31,28,110.0,-130.0,2.5,-2.5,-115.0,-105.0,-1.5,1.5,47.5,,1,espn-core,-130.0,110.0,0,1,4,4,Houston,TX
2025-10-18,inst,ndsu,7,38,,,33.5,-33.5,-105.0,-115.0,34.5,-34.5,56.5,,1,espn-core,,,0,1,21,21,Terre Haute,IN
2025-10-18,iowa,psu,25,24,-155.0,135.0,-3.5,3.5,-105.0,-115.0,-3.5,3.5,41.5,,1,espn-core,-170.0,145.0,0,1,5,5,Iowa City,IA
2025-10-18,iu,msu,38,13,,,-26.5,26.5,-110.0,-110.0,-26.5,26.5,49.5,,1,espn-core,,,0,1,5,5,Bloomington,IN
2025-10-18,jmu,odu,63,27,-145.0,125.0,-3.5,3.5,100.0,-120.0,-1.5,1.5,47.5,,1,espn-core,-125.0,105.0,0,1,37,37,Harrisonburg,VA
2025-10-18,m-oh,emu,44,30,-450.0,340.0,-11.5,11.5,-105.0,-115.0,-11.5,11.5,47.5,,1,espn-core,-600.0,400.0,0,1,15,15,Oxford,OH
2025-10-18,mass,buff,21,28,600.0,-1000.0,16.5,-16.5,-105.0,-115.0,17.5,-17.5,47.5,,1,espn-core,600.0,-1000.0,0,1,15,15,Amherst,MA
2025-10-18,mich,wash,24,7,-185.0,155.0,-4.5,4.5,100.0,-120.0,-5.5,5.5,50.5,,1,espn-core,-195.0,165.0,0,1,5,5,Ann Arbor,MI
2025-10-18,mrsh,txst,40,37,115.0,-135.0,2.5,-2.5,-110.0,-110.0,3.5,-3.5,65.5,,1,espn-core,120.0,-140.0,0,1,37,37,Huntington,WV
2025-10-18,nd,usc,34,24,-400.0,300.0,-10.5,10.5,-110.0,-110.0,-7.5,7.5,60.5,,1,espn-core,-300.0,250.0,0,0,18,5,Notre Dame,IN
2025-10-18,nu,pur,19,0,-155.0,135.0,-3.5,3.5,110.0,-130.0,-3.5,3.5,46.5,,1,espn-core,-155.0,135.0,0,1,5,5,Evanston,IL
2025-10-18,ohio,niu,48,21,-425.0,320.0,-11.5,11.5,-105.0,-115.0,-11.5,11.5,42.5,,1,espn-core,-500.0,360.0,0,1,15,15,Athens,OH
2025-10-18,okst,cin,17,49,1200.0,-3000.0,23.5,-23.5,100.0,-120.0,20.5,-20.5,57.5,,1,espn-core,1000.0,-2000.0,0,1,4,4,Stillwater,OK
2025-10-18,orst,laf,45,13,-1800.0,900.0,-21.5,21.5,100.0,-120.0,-23.5,23.5,55.5,,1,espn-core,-2500.0,1100.0,0,0,9,27,Corvallis,OR
2025-10-18,rutg,ore,10,56,700.0,-1200.0,18.5,-18.5,-105.0,-115.0,15.5,-15.5,61.5,,1,espn-core,500.0,-800.0,0,1,5,5,Piscataway,NJ
2025-10-18,sac,unco,40,35,,,-15.0,15.0,-110.0,-110.0,-13.5,13.5,54.5,,1,espn-core,,,0,1,20,20,Sacramento,CA
2025-10-18,sc,ou,7,26,170.0,-200.0,4.5,-4.5,-105.0,-115.0,4.5,-4.5,43.5,,1,espn-core,155.0,-185.0,0,1,8,8,Columbia,SC
2025-10-18,stan,fsu,20,13,700.0,-1200.0,17.5,-17.5,-110.0,-110.0,17.5,-17.5,55.5,,1,espn-core,700.0,-1200.0,0,1,1,1,Stanford,CA
2025-10-18,syr,pitt,13,30,270.0,-340.0,8.5,-8.5,-115.0,-105.0,11.5,-11.5,54.5,,1,espn-core,340.0,-450.0,0,1,1,1,Syracuse,NY
2025-10-18,tcu,bay,42,36,-155.0,135.0,-3.5,3.5,105.0,-125.0,-3.5,3.5,67.5,,1,espn-core,-145.0,125.0,0,1,4,4,Fort Worth,TX
2025-10-18,tol,kent,45,10,-5000.0,1500.0,-25.5,25.5,-110.0,-110.0,-24.5,24.5,48.5,,1,espn-core,-4000.0,1300.0,0,1,15,15,Toledo,OH
2025-10-18,tuln,army,24,17,-380.0,290.0,-10.5,10.5,-105.0,-115.0,-10.5,10.5,44.5,,1,espn-core,-400.0,300.0,0,1,151,151,New Orleans,LA
2025-10-18,uab,mem,31,24,1100.0,-2500.0,23.5,-23.5,-105.0,-115.0,21.5,-21.5,59.5,,1,espn-core,900.0,-1800.0,0,1,151,151,Birmingham,AL
2025-10-18,ucf,wvu,45,13,-240.0,200.0,-6.5,6.5,-115.0,-105.0,-7.5,7.5,47.5,,1,espn-core,-275.0,225.0,0,1,4,4,Orlando,FL
2025-10-18,ucla,md,20,17,-175.0,150.0,-4.5,4.5,-105.0,-115.0,-3.5,3.5,52.5,,1,espn-core,-145.0,125.0,0,1,5,5,Pasadena,CA
2025-10-18,uga,miss,43,35,-270.0,220.0,-7.5,7.5,105.0,-125.0,-6.5,6.5,56.5,,1,espn-core,-270.0,220.0,0,1,8,8,Athens,GA
2025-10-18,uk,tex,13,16,425.0,-650.0,13.5,-13.5,-105.0,-115.0,12.5,-12.5,45.5,,1,espn-core,340.0,-450.0,0,1,8,8,Lexington,KY
2025-10-18,ul,usm,10,22,155.0,-185.0,4.5,-4.5,-115.0,-105.0,4.5,-4.5,54.5,,1,espn-core,160.0,-190.0,0,1,37,37,Lafayette,LA
2025-10-18,ulm,troy,14,37,180.0,-215.0,5.5,-5.5,-110.0,-110.0,5.5,-5.5,45.5,,1,espn-core,190.0,-225.0,0,1,37,37,Monroe,LA
2025-10-18,unm,nev,24,22,-650.0,425.0,-14.5,14.5,-105.0,-115.0,-10.5,10.5,49.5,,1,espn-core,-425.0,320.0,0,1,17,17,Albuquerque,NM
2025-10-18,unt,utsa,55,17,-165.0,140.0,-3.5,3.5,-105.0,-115.0,-5.5,5.5,63.5,,1,espn-core,-190.0,160.0,0,1,151,151,Denton,TX
2025-10-18,usf,fau,48,13,-1600.0,800.0,-20.5,20.5,-105.0,-115.0,-22.5,22.5,72.5,,1,espn-core,-2000.0,1000.0,0,1,151,151,Tampa,FL
2025-10-18,uva,wsu,22,20,-1000.0,600.0,-16.5,16.5,-110.0,-110.0,-16.5,16.5,56.5,,1,espn-core,-1200.0,700.0,0,0,1,9,Charlottesville,VA
2025-10-18,van,lsu,31,24,-125.0,105.0,-1.5,1.5,-115.0,-105.0,-2.5,2.5,48.5,,1,espn-core,-130.0,110.0,0,1,8,8,Nashville,TN
2025-10-18,wis,osu,0,34,,,24.5,-24.5,-115.0,-105.0,26.5,-26.5,41.5,,1,espn-core,,,0,1,5,5,Madison,WI
2025-10-21,fiu,kenn,26,45,125.0,-145.0,2.5,-2.5,105.0,-125.0,1.5,-1.5,49.5,,1,espn-core,135.0,-155.0,0,1,12,12,Miami,FL
2025-10-21,lt,wku,27,28,-210.0,175.0,-4.5,4.5,-120.0,100.0,-2.5,2.5,48.5,,1,espn-core,-185.0,155.0,0,1,12,12,Ruston,LA
2025-10-22,del,mtsu,31,28,-360.0,280.0,-9.5,9.5,-110.0,-110.0,-10.5,10.5,55.5,,1,espn-core,-360.0,280.0,0,1,12,12,Newark,DE
2025-10-22,nmsu,most,17,24,120.0,-140.0,2.5,-2.5,100.0,-120.0,2.5,-2.5,51.5,,1,espn-core,110.0,-130.0,0,1,12,12,Las Cruces,NM
2025-10-23,gast,usa,31,38,175.0,-210.0,5.5,-5.5,-105.0,-115.0,6.5,-6.5,54.5,,1,espn-core,190.0,-225.0,0,1,37,37,Atlanta,GA
2025-10-24,clt,unt,20,54,,,25.5,-25.5,-115.0,-105.0,26.5,-26.5,60.5,,1,espn-core,,,0,1,151,151,Charlotte,NC
2025-10-24,nev,bois,3,24,900.0,-1800.0,20.5,-20.5,100.0,-120.0,21.5,-21.5,51.5,,1,espn-core,1000.0,-2000.0,0,1,17,17,Reno,NV
2025-10-24,sac,mont,35,49,,,6.0,-6.0,-110.0,-110.0,7.5,-7.5,61.5,,1,espn-core,,,0,1,20,20,Sacramento,CA
2025-10-24,vt,cal,42,34,-230.0,195.0,-6.5,6.5,-110.0,-110.0,-2.5,2.5,50.5,,1,espn-core,-190.0,160.0,0,1,1,1,Blacksburg,VA
2025-10-25,ark,aub,24,33,-130.0,110.0,-2.5,2.5,-110.0,-110.0,-1.5,1.5,55.5,,1,espn-core,-110.0,-110.0,0,1,8,8,Fayetteville,AR
2025-10-25,arst,gaso,34,24,-110.0,-110.0,-1.5,1.5,100.0,-120.0,-2.5,2.5,59.5,,1,espn-core,-135.0,115.0,0,1,37,37,Jonesboro,AR
2025-10-25,asu,hou,16,24,-280.0,230.0,-7.5,7.5,-110.0,-110.0,-8.5,8.5,47.5,,1,espn-core,-300.0,250.0,0,1,4,4,Tempe,AZ
2025-10-25,buff,akr,16,24,-425.0,320.0,-10.5,10.5,-105.0,-115.0,-10.5,10.5,48.5,,1,espn-core,-360.0,280.0,0,1,15,15,Buffalo,NY
2025-10-25,cin,bay,41,20,-150.0,130.0,-3.5,3.5,-105.0,-115.0,-5.5,5.5,69.5,,1,espn-core,-195.0,165.0,0,1,4,4,Cincinnati,OH
2025-10-25,cmu,mass,38,13,-1000.0,600.0,-17.5,17.5,-110.0,-110.0,-15.5,15.5,46.5,,1,espn-core,-900.0,550.0,0,1,15,15,Mount Pleasant,MI
2025-10-25,emu,ohio,21,28,380.0,-550.0,13.5,-13.5,-120.0,100.0,10.5,-10.5,60.5,,1,espn-core,360.0,-500.0,0,1,15,15,Ypsilanti,MI
2025-10-25,fres,sdsu,0,23,140.0,-165.0,3.5,-3.5,-125.0,105.0,2.5,-2.5,45.5,,1,espn-core,135.0,-155.0,0,1,17,17,Fresno,CA
2025-10-25,gt,syr,41,16,-1000.0,600.0,-17.5,17.5,-105.0,-115.0,-17.5,17.5,53.5,,1,espn-core,-1000.0,600.0,0,1,1,1,Atlanta,GA
2025-10-25,iowa,minn,41,3,-300.0,250.0,-7.5,7.5,-110.0,-110.0,-8.5,8.5,39.5,,1,espn-core,-320.0,260.0,0,1,5,5,Iowa City,IA
2025-10-25,isu,byu,27,41,-130.0,110.0,-2.5,2.5,-110.0,-110.0,-2.5,2.5,49.5,,1,espn-core,-135.0,115.0,0,1,4,4,Ames,IA
2025-10-25,iu,ucla,56,6,-4000.0,1300.0,-27.5,27.5,-105.0,-115.0,-24.5,24.5,53.5,,1,espn-core,-3000.0,1200.0,0,1,5,5,Bloomington,IN
2025-10-25,kent,bgsu,24,21,250.0,-300.0,7.5,-7.5,-110.0,-110.0,8.5,-8.5,46.5,,1,espn-core,260.0,-320.0,0,1,15,15,Kent,OH
2025-10-25,ku,ksu,17,42,-165.0,140.0,-3.5,3.5,-115.0,-105.0,-2.5,2.5,55.5,,1,espn-core,-140.0,120.0,0,1,4,4,Lawrence,KS
2025-10-25,lou,bc,38,24,-4000.0,1500.0,-25.5,25.5,-110.0,-110.0,-24.5,24.5,54.5,,1,espn-core,-4000.0,1300.0,0,1,1,1,Louisville,KY
2025-10-25,lsu,ta&m,25,49,100.0,-120.0,1.5,-1.5,-115.0,-105.0,2.5,-2.5,49.5,,1,espn-core,120.0,-140.0,0,1,8,8,Baton Rouge,LA
2025-10-25,m-oh,wmu,26,17,-140.0,120.0,-2.5,2.5,-120.0,100.0,-2.5,2.5,40.5,,1,espn-core,-130.0,110.0,0,1,15,15,Oxford,OH
2025-10-25,mem,usf,34,31,130.0,-150.0,3.5,-3.5,-125.0,105.0,3.5,-3.5,58.5,,1,espn-core,175.0,-210.0,0,1,151,151,Memphis,TN
2025-10-25,mia,stan,42,7,,,-28.5,28.5,-115.0,-105.0,-29.5,29.5,45.5,,1,espn-core,,,0,1,1,1,Miami Gardens,FL
2025-10-25,msst,tex,38,45,270.0,-340.0,8.5,-8.5,-110.0,-110.0,6.5,-6.5,49.5,,1,espn-core,215.0,-260.0,0,1,8,8,Starkville,MS
2025-10-25,msu,mich,20,31,400.0,-600.0,13.5,-13.5,100.0,-120.0,13.5,-13.5,47.5,,1,espn-core,425.0,-650.0,0,1,5,5,East Lansing,MI
2025-10-25,navy,fau,42,32,-700.0,450.0,-14.5,14.5,-105.0,-115.0,-14.5,14.5,63.5,,1,espn-core,-750.0,475.0,0,1,151,151,Annapolis,MD
2025-10-25,neb,nu,28,21,-270.0,220.0,-7.5,7.5,105.0,-125.0,-9.5,9.5,44.5,,1,espn-core,-275.0,225.0,0,1,5,5,Lincoln,NE
2025-10-25,niu,ball,21,7,-270.0,220.0,-6.5,6.5,-120.0,100.0,-4.5,4.5,42.5,,1,espn-core,-210.0,175.0,0,1,15,15,Dekalb,IL
2025-10-25,odu,app,24,21,-500.0,360.0,-12.5,12.5,-110.0,-110.0,-13.5,13.5,60.5,,1,espn-core,-600.0,400.0,0,1,37,37,Norfolk,VA
2025-10-25,ore,wis,21,7,,,-31.5,31.5,100.0,-120.0,-34.5,34.5,45.5,,1,espn-core,,,0,1,5,5,Eugene,OR
2025-10-25,ou,miss,26,34,-195.0,165.0,-5.5,5.5,-115.0,-105.0,-4.5,4.5,52.5,,1,espn-core,-210.0,175.0,0,1,8,8,Norman,OK
2025-10-25,pitt,ncsu,53,34,-200.0,170.0,-5.5,5.5,-110.0,-110.0,-7.5,7.5,52.5,,1,espn-core,-240.0,200.0,0,1,1,1,Pittsburgh,PA
2025-10-25,pur,rutg,24,27,-135.0,115.0,-2.5,2.5,-120.0,100.0,2.5,-2.5,60.5,,1,espn-core,125.0,-145.0,0,1,5,5,West Lafayette,IN
2025-10-25,rice,conn,37,34,280.0,-360.0,9.5,-9.5,-110.0,-110.0,9.5,-9.5,48.5,,1,espn-core,290.0,-380.0,0,0,151,18,Houston,TX
2025-10-25,sc,ala,22,29,380.0,-550.0,12.5,-12.5,-105.0,-115.0,13.5,-13.5,47.5,,1,espn-core,360.0,-500.0,0,1,8,8,Columbia,SC
2025-10-25,sdst,ndsu,7,38,,,9.0,-9.0,-110.0,-110.0,4.0,-4.0,45.5,,1,espn-core,,,0,1,21,21,Brookings,SD
2025-10-25,tlsa,tem,37,38,165.0,-195.0,3.5,-3.5,-105.0,-115.0,6.5,-6.5,52.5,,1,espn-core,195.0,-230.0,0,1,151,151,Tulsa,OK
2025-10-25,troy,ul,35,23,-275.0,225.0,-7.5,7.5,100.0,-120.0,-8.5,8.5,47.5,,1,espn-core,-320.0,260.0,0,1,37,37,Troy,AL
2025-10-25,ttu,okst,42,0,,,-35.5,35.5,-120.0,100.0,-38.5,38.5,56.5,,1,espn-core,,,0,1,4,4,Lubbock,TX
2025-10-25,uk,tenn,34,56,240.0,-290.0,7.5,-7.5,-105.0,-115.0,8.5,-8.5,54.5,,1,espn-core,280.0,-360.0,0,1,8,8,Lexington,KY
2025-10-25,unc,uva,16,17,360.0,-500.0,12.5,-12.5,-110.0,-110.0,9.5,-9.5,51.5,,1,espn-core,320.0,-425.0,0,1,1,1,Chapel Hill,NC
2025-10-25,unm,usu,33,14,-145.0,125.0,-2.5,2.5,-125.0,105.0,-1.5,1.5,60.5,,1,espn-core,-140.0,120.0,0,1,17,17,Albuquerque,NM
2025-10-25,usm,ulm,49,21,-700.0,450.0,-13.5,13.5,-125.0,105.0,-10.5,10.5,48.5,,1,espn-core,-500.0,360.0,0,1,37,37,Hattiesburg,MS
2025-10-25,utah,colo,53,7,-750.0,475.0,-14.5,14.5,-105.0,-115.0,-15.5,15.5,50.5,,1,espn-core,-700.0,450.0,0,1,4,4,Salt Lake City,UT
2025-10-25,van,miz,17,10,-145.0,125.0,-3.5,3.5,100.0,-120.0,-2.5,2.5,52.5,,1,espn-core,-135.0,115.0,0,1,8,8,Nashville,TN
2025-10-25,wake,smu,13,12,175.0,-210.0,5.5,-5.5,-115.0,-105.0,3.5,-3.5,52.5,,1,espn-core,150.0,-175.0,0,1,1,1,Winston-Salem,NC
2025-10-25,wash,ill,42,25,-150.0,130.0,-3.5,3.5,105.0,-125.0,-4.5,4.5,54.5,,1,espn-core,-195.0,165.0,0,1,5,5,Seattle,WA
2025-10-25,wsu,tol,28,7,105.0,-125.0,1.5,-1.5,-110.0,-110.0,-1.5,1.5,45.5,,1,espn-core,-120.0,100.0,0,0,9,15,Pullman,WA
2025-10-25,wvu,tcu,17,23,450.0,-700.0,16.5,-16.5,-105.0,-115.0,14.5,-14.5,55.5,,1,espn-core,475.0,-750.0,0,1,4,4,Morgantown,WV
2025-10-25,wyo,csu,28,0,-200.0,170.0,-5.5,5.5,-110.0,-110.0,-4.5,4.5,46.5,,1,espn-core,-230.0,195.0,0,1,17,17,Laramie,WY
2025-10-28,kenn,utep,33,20,-550.0,380.0,-12.5,12.5,-105.0,-115.0,-8.5,8.5,53.5,,1,espn-core,-380.0,290.0,0,1,12,12,Kennesaw,GA
2025-10-28,txst,jmu,20,52,225.0,-275.0,7.5,-7.5,-120.0,100.0,6.5,-6.5,55.5,,1,espn-core,180.0,-215.0,0,1,37,37,San Marcos,TX
2025-10-29,most,fiu,28,21,-150.0,130.0,-3.5,3.5,100.0,-120.0,-3.5,3.5,50.5,,1,espn-core,-170.0,145.0,0,1,12,12,Springfield,MO
2025-10-29,mtsu,jvst,21,24,150.0,-175.0,4.5,-4.5,-115.0,-105.0,5.5,-5.5,54.5,,1,espn-core,180.0,-215.0,0,1,12,12,Murfreesboro,TN
2025-10-30,ccu,mrsh,44,27,220.0,-270.0,7.5,-7.5,-125.0,105.0,4.5,-4.5,55.5,,1,espn-core,165.0,-195.0,0,1,37,37,Conway,SC
2025-10-30,utsa,tuln,48,26,190.0,-225.0,5.5,-5.5,-105.0,-115.0,4.5,-4.5,54.5,,1,espn-core,150.0,-175.0,0,1,151,151,San Antonio,TX
2025-10-31,lt,shsu,55,14,-900.0,550.0,-16.5,16.5,-115.0,-105.0,-16.5,16.5,48.5,,1,espn-core,-900.0,550.0,0,1,12,12,Ruston,LA
2025-10-31,rice,mem,14,38,425.0,-650.0,13.5,-13.5,100.0,-120.0,13.5,-13.5,48.5,,1,espn-core,450.0,-700.0,0,1,151,151,Houston,TX
2025-10-31,syr,unc,10,27,-120.0,100.0,-1.5,1.5,-110.0,-110.0,-1.5,1.5,45.5,,1,espn-core,-130.0,110.0,0,1,1,1,Syracuse,NY
2025-11-01,afa,army,17,20,100.0,-120.0,1.5,-1.5,-115.0,-105.0,1.5,-1.5,48.5,,1,espn-core,-115.0,-105.0,0,0,17,151,USAF Academy,CO
2025-11-01,ark,msst,35,38,-195.0,165.0,-5.5,5.5,-110.0,-110.0,-3.5,3.5,66.5,,1,espn-core,-190.0,160.0,0,1,8,8,Fayetteville,AR
2025-11-01,aub,uk,3,10,-550.0,380.0,-11.5,11.5,-110.0,-110.0,-10.5,10.5,44.5,,1,espn-core,-380.0,290.0,0,1,8,8,Auburn,AL
2025-11-01,bay,ucf,30,3,-165.0,140.0,-3.5,3.5,-105.0,-115.0,-4.5,4.5,58.5,,1,espn-core,-210.0,175.0,0,1,4,4,Waco,TX
2025-11-01,bc,nd,10,25,3000.0,-20000.0,30.5,-30.5,100.0,-120.0,29.5,-29.5,55.5,,1,espn-core,3000.0,-20000.0,0,0,1,18,Chestnut Hill,MA
2025-11-01,bgsu,buff,3,28,-130.0,110.0,-2.5,2.5,-115.0,-105.0,-2.5,2.5,44.5,,1,espn-core,-120.0,100.0,0,1,15,15,Bowling Green,OH
2025-11-01,bois,fres,7,30,-1600.0,800.0,-17.5,17.5,-105.0,-115.0,-17.5,17.5,47.5,,1,espn-core,-1400.0,750.0,0,1,17,17,Boise,ID
2025-11-01,cal,uva,21,31,180.0,-215.0,5.5,-5.5,-105.0,-115.0,3.5,-3.5,52.5,,1,espn-core,160.0,-190.0,0,1,1,1,Berkeley,CA
2025-11-01,clem,duke,45,46,-185.0,155.0,-4.5,4.5,-115.0,-105.0,-3.5,3.5,55.5,,1,espn-core,-155.0,135.0,0,1,1,1,Clemson,SC
2025-11-01,colo,ariz,17,52,150.0,-175.0,3.5,-3.5,-105.0,-115.0,5.5,-5.5,51.5,,1,espn-core,165.0,-195.0,0,1,4,4,Boulder,CO
2025-11-01,conn,uab,38,19,-380.0,290.0,-10.5,10.5,-105.0,-115.0,-11.5,11.5,61.5,,1,espn-core,-500.0,360.0,0,0,18,151,East Hartford,CT
2025-11-01,ewu,sac,13,35,,,8.5,-8.5,-110.0,-110.0,10.5,-10.5,59.5,,1,espn-core,,,0,1,20,20,Cheney,WA
2025-11-01,fla,uga,20,24,230.0,-280.0,6.5,-6.5,100.0,-120.0,7.5,-7.5,50.5,,1,espn-core,250.0,-300.0,1,1,8,8,Jacksonville,FL
2025-11-01,fsu,wake,42,7,-550.0,380.0,-12.5,12.5,-110.0,-110.0,-7.5,7.5,50.5,,1,espn-core,-300.0,250.0,0,1,1,1,Tallahassee,FL
2025-11-01,hou,wvu,35,45,-650.0,425.0,-12.5,12.5,-120.0,100.0,-15.5,15.5,49.5,,1,espn-core,-750.0,475.0,0,1,4,4,Houston,TX
2025-11-01,ill,rutg,35,13,-500.0,360.0,-12.5,12.5,-110.0,-110.0,-13.5,13.5,63.5,,1,espn-core,-500.0,360.0,0,1,5,5,Champaign,IL
2025-11-01,isu,asu,19,24,-320.0,260.0,-8.5,8.5,-110.0,-110.0,-3.5,3.5,48.5,,1,espn-core,-190.0,160.0,0,1,4,4,Ames,IA
2025-11-01,ksu,ttu,20,43,225.0,-275.0,7.5,-7.5,-110.0,-110.0,6.5,-6.5,51.5,,1,espn-core,240.0,-290.0,0,1,4,4,Manhattan,KS
2025-11-01,ku,okst,38,21,-4000.0,1300.0,-24.5,24.5,-110.0,-110.0,-24.5,24.5,53.5,,1,espn-core,-7500.0,,0,1,4,4,Lawrence,KS
2025-11-01,lib,del,59,30,-175.0,150.0,-3.5,3.5,-115.0,-105.0,-3.5,3.5,52.5,,1,espn-core,-145.0,125.0,0,1,12,12,Lynchburg,VA
2025-11-01,md,iu,10,55,1100.0,-2500.0,21.5,-21.5,-110.0,-110.0,21.5,-21.5,50.5,,1,espn-core,1100.0,-2500.0,0,1,5,5,College Park,MD
2025-11-01,mich,pur,21,16,-2500.0,1100.0,-22.5,22.5,-110.0,-110.0,-21.5,21.5,48.5,,1,espn-core,-4000.0,1300.0,0,1,5,5,Ann Arbor,MI
2025-11-01,minn,msu,23,20,-200.0,170.0,-5.5,5.5,-105.0,-115.0,-5.5,5.5,44.5,,1,espn-core,-170.0,145.0,0,1,5,5,Minneapolis,MN
2025-11-01,miss,sc,30,14,-600.0,400.0,-13.5,13.5,-115.0,-105.0,-14.5,14.5,56.5,,1,espn-core,-450.0,340.0,0,1,8,8,Oxford,MS
2025-11-01,ncsu,gt,48,36,150.0,-175.0,4.5,-4.5,-110.0,-110.0,6.5,-6.5,58.5,,1,espn-core,165.0,-195.0,0,1,1,1,Raleigh,NC
2025-11-01,ndsu,ysu,38,30,,,-26.5,26.5,-110.0,-110.0,-26.5,26.5,60.5,,1,espn-core,,,0,1,21,21,Fargo,ND
2025-11-01,neb,usc,17,21,150.0,-175.0,4.5,-4.5,-115.0,-105.0,6.5,-6.5,58.5,,1,espn-core,190.0,-225.0,0,1,5,5,Lincoln,NE
2025-11-01,orst,wsu,10,7,145.0,-170.0,3.5,-3.5,-120.0,100.0,3.5,-3.5,47.5,,1,espn-core,150.0,-175.0,0,1,9,9,Corvallis,OR
2025-11-01,osu,psu,38,14,-1800.0,900.0,-17.5,17.5,-115.0,-105.0,-20.5,20.5,45.5,,1,espn-core,-4000.0,1300.0,0,1,5,5,Columbus,OH
2025-11-01,sdsu,wyo,24,7,-450.0,340.0,-10.5,10.5,100.0,-120.0,-10.5,10.5,41.5,,1,espn-core,-450.0,340.0,0,1,17,17,San Diego,CA
2025-11-01,sjsu,haw,45,38,-130.0,110.0,-2.5,2.5,-105.0,-115.0,-2.5,2.5,55.5,,1,espn-core,-125.0,105.0,0,1,17,17,San Jose,CA
2025-11-01,smu,mia,26,20,270.0,-340.0,6.5,-6.5,130.0,-170.0,10.5,-10.5,46.5,,1,espn-core,290.0,-380.0,0,1,1,1,Dallas,TX
2025-11-01,stan,pitt,20,35,380.0,-550.0,13.5,-13.5,-110.0,-110.0,13.5,-13.5,52.5,,1,espn-core,425.0,-650.0,0,1,1,1,Stanford,CA
2025-11-01,tem,ecu,14,45,190.0,-225.0,5.5,-5.5,-105.0,-115.0,4.5,-4.5,58.5,,1,espn-core,160.0,-190.0,0,1,151,151,Philadelphia,PA
2025-11-01,tenn,ou,27,33,-140.0,120.0,-2.5,2.5,-125.0,105.0,-3.5,3.5,55.5,,1,espn-core,-155.0,135.0,0,1,8,8,Knoxville,TN
2025-11-01,tex,van,34,31,-165.0,140.0,-3.5,3.5,100.0,-120.0,-2.5,2.5,48.5,,1,espn-core,-145.0,125.0,0,1,8,8,Austin,TX
2025-11-01,troy,arst,10,23,-290.0,240.0,-7.5,7.5,-105.0,-115.0,-7.5,7.5,52.5,,1,espn-core,-275.0,225.0,0,1,37,37,Troy,AL
2025-11-01,ulm,odu,6,31,550.0,-1000.0,16.5,-16.5,100.0,-120.0,15.5,-15.5,55.5,,1,espn-core,450.0,-700.0,0,1,37,37,Monroe,LA
2025-11-01,unlv,unm,35,40,-190.0,160.0,-4.5,4.5,-110.0,-110.0,-5.5,5.5,60.5,,1,espn-core,-190.0,160.0,0,1,17,17,Las Vegas,NV
2025-11-01,unt,navy,31,17,-250.0,210.0,-6.5,6.5,-120.0,100.0,-5.5,5.5,68.5,,1,espn-core,-225.0,190.0,0,1,151,151,Denton,TX
2025-11-01,usa,ul,22,31,-170.0,145.0,-3.5,3.5,-115.0,-105.0,-5.5,5.5,52.5,,1,espn-core,-175.0,150.0,0,1,37,37,Mobile,AL
2025-11-01,utah,cin,45,14,-450.0,340.0,-9.5,9.5,-120.0,100.0,-7.5,7.5,58.5,,1,espn-core,-275.0,225.0,0,1,4,4,Salt Lake City,UT
2025-11-01,vt,lou,16,28,300.0,-400.0,10.5,-10.5,-115.0,-105.0,10.5,-10.5,52.5,,1,espn-core,320.0,-425.0,0,1,1,1,Blacksburg,VA
2025-11-01,wku,nmsu,35,16,-290.0,240.0,-7.5,7.5,-110.0,-110.0,-9.5,9.5,54.5,,1,espn-core,-340.0,270.0,0,1,12,12,Bowling Green,KY
2025-11-01,wmu,cmu,24,21,-200.0,170.0,-5.5,5.5,-110.0,-110.0,-6.5,6.5,43.5,,1,espn-core,-185.0,155.0,0,1,15,15,Kalamazoo,MI
2025-11-04,akr,mass,44,10,-550.0,380.0,-12.5,12.5,-105.0,-115.0,-10.5,10.5,51.5,,1,espn-core,-400.0,300.0,0,1,15,15,Akron,OH
2025-11-04,ohio,m-oh,24,20,-140.0,120.0,-2.5,2.5,-120.0,100.0,-3.5,3.5,50.5,,1,espn-core,-150.0,130.0,0,1,15,15,Athens,OH
2025-11-05,ball,kent,17,13,-155.0,135.0,-3.5,3.5,100.0,-120.0,-3.5,3.5,48.5,,1,espn-core,-125.0,105.0,0,1,15,15,Muncie,IN
2025-11-05,tol,niu,42,3,-900.0,550.0,-15.5,15.5,-115.0,-105.0,-14.5,14.5,41.5,,1,espn-core,-800.0,500.0,0,1,15,15,Toledo,OH
2025-11-06,app,gaso,23,25,-200.0,170.0,-4.5,4.5,-115.0,-105.0,-5.5,5.5,61.5,,1,espn-core,-210.0,175.0,0,1,37,37,Boone,NC
2025-11-06,usf,utsa,55,23,-700.0,450.0,-13.5,13.5,-125.0,105.0,-12.5,12.5,66.5,,1,espn-core,-800.0,500.0,0,1,151,151,Tampa,FL
2025-11-07,mem,tuln,32,38,-150.0,130.0,-3.5,3.5,100.0,-120.0,-7.5,7.5,53.5,,1,espn-core,-200.0,170.0,0,1,151,151,Memphis,TN
2025-11-07,ucf,hou,27,30,-125.0,105.0,-1.5,1.5,-115.0,-105.0,2.5,-2.5,47.5,,1,espn-core,-110.0,-110.0,0,1,4,4,Orlando,FL
2025-11-07,usc,nu,38,17,-800.0,500.0,-14.5,14.5,-110.0,-110.0,-15.5,15.5,54.5,,1,espn-core,-750.0,475.0,0,1,5,5,Los Angeles,CA
2025-11-08,ala,lsu,20,9,-400.0,300.0,-10.5,10.5,-105.0,-115.0,-10.5,10.5,49.5,,1,espn-core,-380.0,290.0,0,1,8,8,Tuscaloosa,AL
2025-11-08,ariz,ku,24,20,-225.0,190.0,-6.5,6.5,-115.0,-105.0,-5.5,5.5,56.5,,1,espn-core,-185.0,155.0,0,1,4,4,Tucson,AZ
2025-11-08,army,tem,14,13,-260.0,215.0,-7.5,7.5,105.0,-125.0,-5.5,5.5,45.5,,1,espn-core,-215.0,180.0,0,1,151,151,West Point,NY
2025-11-08,arst,usm,21,27,200.0,-240.0,6.5,-6.5,-105.0,-115.0,5.5,-5.5,54.5,,1,espn-core,175.0,-210.0,0,1,37,37,Jonesboro,AR
2025-11-08,bc,smu,13,45,340.0,-450.0,10.5,-10.5,-110.0,-110.0,12.5,-12.5,54.5,,1,espn-core,340.0,-450.0,0,1,1,1,Chestnut Hill,MA
2025-11-08,ccu,gast,40,27,-275.0,225.0,-7.5,7.5,-105.0,-115.0,-7.5,7.5,56.5,,1,espn-core,-230.0,195.0,0,1,37,37,Conway,SC
2025-11-08,clem,fsu,24,10,-120.0,100.0,-1.5,1.5,-110.0,-110.0,-2.5,2.5,57.5,,1,espn-core,-125.0,105.0,0,1,1,1,Clemson,SC
2025-11-08,conn,duke,37,34,250.0,-300.0,7.5,-7.5,-105.0,-115.0,8.5,-8.5,62.5,,1,espn-core,270.0,-340.0,0,0,18,1,East Hartford,CT
2025-11-08,csu,unlv,10,42,170.0,-200.0,4.5,-4.5,-105.0,-115.0,5.5,-5.5,61.5,,1,espn-core,170.0,-200.0,0,1,17,17,Fort Collins,CO
2025-11-08,del,lt,25,24,180.0,-215.0,5.5,-5.5,-110.0,-110.0,5.5,-5.5,57.5,,1,espn-core,175.0,-210.0,0,1,12,12,Newark,DE
2025-11-08,ecu,clt,48,22,-6000.0,1800.0,-29.5,29.5,100.0,-120.0,-26.5,26.5,56.5,,1,espn-core,-20000.0,3000.0,0,1,151,151,Greenville,NC
2025-11-08,emu,bgsu,27,21,-155.0,135.0,-3.5,3.5,-105.0,-115.0,-2.5,2.5,49.5,,1,espn-core,-135.0,115.0,0,1,15,15,Ypsilanti,MI
2025-11-08,fau,tlsa,40,21,-185.0,155.0,-4.5,4.5,-110.0,-110.0,-6.5,6.5,60.5,,1,espn-core,-165.0,140.0,0,1,151,151,Boca Raton,FL
2025-11-08,haw,sdsu,38,6,210.0,-250.0,6.5,-6.5,100.0,-120.0,6.5,-6.5,47.5,,1,espn-core,200.0,-240.0,0,1,17,17,Honolulu,HI
2025-11-08,iowa,ore,16,18,170.0,-200.0,4.5,-4.5,-105.0,-115.0,5.5,-5.5,42.5,,1,espn-core,190.0,-225.0,0,1,5,5,Iowa City,IA
2025-11-08,lib,most,17,21,-300.0,250.0,-7.5,7.5,-115.0,-105.0,-7.5,7.5,51.5,,1,espn-core,-290.0,240.0,0,1,12,12,Lynchburg,VA
2025-11-08,lou,cal,26,29,-1600.0,800.0,-18.5,18.5,-105.0,-115.0,-18.5,18.5,49.5,,1,espn-core,-2500.0,1100.0,0,1,1,1,Louisville,KY
2025-11-08,mia,syr,38,10,-50000.0,3500.0,-28.5,28.5,-115.0,-105.0,-27.5,27.5,47.5,,1,espn-core,-50000.0,3500.0,0,1,1,1,Miami Gardens,FL
2025-11-08,miss,cit,49,0,,,-52.5,52.5,100.0,-120.0,-53.5,53.5,63.5,,1,espn-core,,,0,0,8,29,Oxford,MS
2025-11-08,miz,ta&m,17,38,210.0,-250.0,6.5,-6.5,100.0,-120.0,4.5,-4.5,48.5,,1,espn-core,240.0,-290.0,0,1,8,8,Columbia,MO
2025-11-08,mrsh,jmu,23,35,425.0,-650.0,13.5,-13.5,100.0,-120.0,12.5,-12.5,52.5,,1,espn-core,380.0,-550.0,0,1,37,37,Huntington,WV
2025-11-08,msst,uga,21,41,300.0,-400.0,9.5,-9.5,-110.0,-110.0,8.5,-8.5,56.5,,1,espn-core,250.0,-300.0,0,1,8,8,Starkville,MS
2025-11-08,mtsu,fiu,30,56,-125.0,105.0,-1.5,1.5,-115.0,-105.0,1.5,-1.5,50.5,,1,espn-core,-110.0,-110.0,0,1,12,12,Murfreesboro,TN
2025-11-08,nd,navy,49,10,-7500.0,2000.0,-30.5,30.5,-110.0,-110.0,-24.5,24.5,54.5,,1,espn-core,-7500.0,2000.0,0,0,18,151,Notre Dame,IN
2025-11-08,nmsu,kenn,21,24,340.0,-450.0,11.5,-11.5,-110.0,-110.0,7.5,-7.5,52.5,,1,espn-core,260.0,-320.0,0,1,12,12,Las Cruces,NM
2025-11-08,orst,shsu,17,21,-2000.0,1000.0,-21.5,21.5,100.0,-120.0,-18.5,18.5,52.5,,1,espn-core,-2000.0,1000.0,0,0,9,12,Corvallis,OR
2025-11-08,prst,sac,24,52,,,20.5,-20.5,100.0,-120.0,27.5,-27.5,59.5,,1,espn-core,,,0,1,20,20,Portland,OR
2025-11-08,psu,iu,24,27,450.0,-700.0,13.5,-13.5,-105.0,-115.0,13.5,-13.5,50.5,,1,espn-core,500.0,-800.0,0,1,5,5,University Park,PA
2025-11-08,pur,osu,10,34,3000.0,-20000.0,30.5,-30.5,-110.0,-110.0,26.5,-26.5,49.5,,1,espn-core,3000.0,-20000.0,0,1,5,5,West Lafayette,IN
2025-11-08,rice,uab,24,17,-120.0,100.0,-1.5,1.5,-110.0,-110.0,-3.5,3.5,51.5,,1,espn-core,-135.0,115.0,0,1,151,151,Houston,TX
2025-11-08,rutg,md,35,20,-120.0,100.0,-1.5,1.5,-110.0,-110.0,-2.5,2.5,56.5,,1,espn-core,100.0,-120.0,0,1,5,5,Piscataway,NJ
2025-11-08,sjsu,afa,16,26,-210.0,175.0,-6.5,6.5,100.0,-120.0,-3.5,3.5,68.5,,1,espn-core,-155.0,135.0,0,1,17,17,San Jose,CA
2025-11-08,tcu,isu,17,20,-320.0,260.0,-7.5,7.5,-115.0,-105.0,-6.5,6.5,58.5,,1,espn-core,-215.0,180.0,0,1,4,4,Fort Worth,TX
2025-11-08,ttu,byu,29,7,-500.0,360.0,-13.5,13.5,-105.0,-115.0,-10.5,10.5,,,1,espn-core,-380.0,290.0,0,1,4,4,Lubbock,TX
2025-11-08,ucla,neb,21,28,-125.0,105.0,-2.5,2.5,-110.0,-110.0,-2.5,2.5,45.5,,1,espn-core,-130.0,110.0,0,1,5,5,Pasadena,CA
2025-11-08,uk,fla,38,7,175.0,-210.0,5.5,-5.5,-110.0,-110.0,4.5,-4.5,44.5,,1,espn-core,135.0,-155.0,0,1,8,8,Lexington,KY
2025-11-08,ul,txst,42,39,145.0,-170.0,3.5,-3.5,-115.0,-105.0,2.5,-2.5,63.5,,1,espn-core,105.0,-125.0,0,1,37,37,Lafayette,LA
2025-11-08,unc,stan,20,15,-320.0,260.0,-8.5,8.5,-110.0,-110.0,-7.5,7.5,41.5,,1,espn-core,-380.0,290.0,0,1,1,1,Chapel Hill,NC
2025-11-08,und,ndsu,10,15,,,10.5,-10.5,-105.0,-115.0,11.0,-11.0,53.5,,1,espn-core,,,0,1,21,21,Grand Forks,ND
2025-11-08,usu,nev,51,14,-360.0,280.0,-9.5,9.5,-115.0,-105.0,-11.5,11.5,52.5,,1,espn-core,-300.0,250.0,0,1,17,17,Logan,UT
2025-11-08,utep,jvst,27,30,100.0,-120.0,1.5,-1.5,-110.0,-110.0,2.5,-2.5,46.5,,1,espn-core,-110.0,-110.0,0,1,12,12,El Paso,TX
2025-11-08,uva,wake,9,16,-260.0,215.0,-7.5,7.5,105.0,-125.0,-6.5,6.5,48.5,,1,espn-core,-240.0,200.0,0,1,1,1,Charlottesville,VA
2025-11-08,van,aub,45,38,-225.0,190.0,-5.5,5.5,-120.0,100.0,-7.5,7.5,46.5,,1,espn-core,-260.0,215.0,0,1,8,8,Nashville,TN
2025-11-08,wis,wash,13,10,320.0,-425.0,10.5,-10.5,-105.0,-115.0,11.5,-11.5,44.5,,1,espn-core,340.0,-450.0,0,1,5,5,Madison,WI
2025-11-08,wvu,colo,29,22,-250.0,210.0,-6.5,6.5,-120.0,100.0,-5.5,5.5,51.5,,1,espn-core,-215.0,180.0,0,1,4,4,Morgantown,WV
2025-11-11,akr,kent,35,42,-290.0,240.0,-7.5,7.5,-110.0,-110.0,-4.5,4.5,49.5,,1,espn-core,-200.0,170.0,0,1,15,15,Akron,OH
2025-11-11,wmu,ohio,17,13,-125.0,105.0,-1.5,1.5,-110.0,-110.0,1.5,-1.5,46.5,,1,espn-core,100.0,-120.0,0,1,15,15,Kalamazoo,MI
2025-11-12,cmu,buff,38,19,-135.0,115.0,-2.5,2.5,-115.0,-105.0,-2.5,2.5,44.5,,1,espn-core,-125.0,105.0,0,1,15,15,Mount Pleasant,MI
2025-11-12,m-oh,tol,3,24,200.0,-240.0,6.5,-6.5,-120.0,100.0,2.5,-2.5,44.5,,1,espn-core,145.0,-170.0,0,1,15,15,Oxford,OH
2025-11-12,mass,niu,3,45,280.0,-360.0,8.5,-8.5,-110.0,-110.0,10.5,-10.5,43.5,,1,espn-core,360.0,-500.0,0,1,15,15,Amherst,MA
2025-11-13,odu,troy,33,0,-400.0,300.0,-9.5,9.5,-115.0,-105.0,-10.5,10.5,53.5,,1,espn-core,-400.0,300.0,0,1,37,37,Norfolk,VA
2025-11-14,lou,clem,19,20,-130.0,110.0,-2.5,2.5,-110.0,-110.0,-3.5,3.5,50.5,,1,espn-core,-155.0,135.0,0,1,1,1,Louisville,KY
2025-11-14,ore,minn,42,13,-6000.0,1800.0,-26.5,26.5,-110.0,-110.0,-21.5,21.5,45.5,,1,espn-core,-10000.0,2500.0,0,1,5,5,Eugene,OR
2025-11-15,ala,ou,21,23,-240.0,205.0,-6.5,6.5,-110.0,-104.0,-7.5,7.5,46.5,,1,espn-core,-230.0,195.0,0,1,8,8,Tuscaloosa,AL
2025-11-15,asu,wvu,25,23,-360.0,280.0,-9.5,9.5,-115.0,-105.0,-10.5,10.5,46.5,,1,espn-core,-500.0,360.0,0,1,4,4,Tempe,AZ
2025-11-15,ball,emu,9,24,125.0,-145.0,2.5,-2.5,100.0,-120.0,2.5,-2.5,48.5,,1,espn-core,115.0,-135.0,0,1,15,15,Muncie,IN
2025-11-15,bay,utah,28,55,270.0,-340.0,9.5,-9.5,-110.0,-110.0,7.5,-7.5,61.5,,1,espn-core,250.0,-300.0,0,1,4,4,Waco,TX
2025-11-15,bc,gt,34,36,570.0,-800.0,16.5,-16.5,-102.0,-112.0,16.5,-16.5,61.5,,1,espn-core,600.0,-1000.0,0,1,1,1,Chestnut Hill,MA
2025-11-15,byu,tcu,44,13,-155.0,134.0,-2.5,2.5,-115.0,-105.0,-4.5,4.5,51.5,,1,espn-core,-200.0,170.0,0,1,4,4,Provo,UT
2025-11-15,cin,ariz,24,30,-210.0,175.0,-6.5,6.5,-110.0,-110.0,-5.5,5.5,56.5,,1,espn-core,-215.0,180.0,0,1,4,4,Cincinnati,OH
2025-11-15,clt,utsa,7,28,550.0,-900.0,17.5,-17.5,-120.0,100.0,17.5,-17.5,57.5,,1,espn-core,700.0,-1200.0,0,1,151,151,Charlotte,NC
2025-11-15,conn,afa,26,16,-290.0,240.0,-7.5,7.5,-105.0,-115.0,-8.5,8.5,64.5,,1,espn-core,-320.0,260.0,0,0,18,17,East Hartford,CT
2025-11-15,duke,uva,17,34,-200.0,170.0,-5.5,5.5,100.0,-120.0,-6.5,6.5,60.5,,1,espn-core,-225.0,190.0,0,1,1,1,Durham,NC
2025-11-15,ecu,mem,31,27,-140.0,120.0,-2.5,2.5,-125.0,105.0,-2.5,2.5,57.5,,1,espn-core,-145.0,125.0,0,1,151,151,Greenville,NC
2025-11-15,fiu,lib,34,27,120.0,-140.0,4.5,-4.5,-170.0,130.0,2.5,-2.5,53.5,,1,espn-core,120.0,-140.0,0,1,12,12,Miami,FL
2025-11-15,fres,wyo,24,3,-140.0,120.0,-2.5,2.5,-125.0,105.0,-4.5,4.5,40.5,,1,espn-core,-190.0,160.0,0,1,17,17,Fresno,CA
2025-11-15,fsu,vt,34,14,-700.0,450.0,-13.5,13.5,-120.0,100.0,-10.5,10.5,53.5,,1,espn-core,-700.0,450.0,0,1,1,1,Tallahassee,FL
2025-11-15,gaso,ccu,45,40,-145.0,125.0,-3.5,3.5,100.0,-120.0,-2.5,2.5,58.5,,1,espn-core,-125.0,105.0,0,1,37,37,Statesboro,GA
2025-11-15,gast,mrsh,18,30,280.0,-360.0,9.5,-9.5,-110.0,-110.0,6.5,-6.5,59.5,,1,espn-core,250.0,-300.0,0,1,37,37,Atlanta,GA
2025-11-15,ill,md,24,6,-900.0,550.0,-15.5,15.5,-125.0,105.0,-14.5,14.5,51.5,,1,espn-core,-750.0,475.0,0,1,5,5,Champaign,IL
2025-11-15,iu,wis,31,7,-10000.0,2500.0,-27.5,27.5,-145.0,115.0,-30.5,30.5,43.5,,1,espn-core,-100000.0,,0,1,5,5,Bloomington,IN
2025-11-15,jmu,app,58,10,-1800.0,900.0,-19.5,19.5,-125.0,105.0,-19.5,19.5,54.5,,1,espn-core,-2500.0,1100.0,0,1,37,37,Harrisonburg,VA
2025-11-15,jvst,kenn,35,26,140.0,-165.0,3.5,-3.5,-110.0,-110.0,1.5,-1.5,55.5,,1,espn-core,115.0,-135.0,0,1,12,12,Jacksonville,AL
2025-11-15,lsu,ark,23,22,-195.0,165.0,-4.5,4.5,-105.0,-115.0,-5.5,5.5,58.5,,1,espn-core,-200.0,170.0,0,1,8,8,Baton Rouge,LA
2025-11-15,mia,ncsu,41,7,-900.0,550.0,-16.5,16.5,-105.0,-115.0,-14.5,14.5,54.5,,1,espn-core,-800.0,500.0,0,1,1,1,Miami Gardens,FL
2025-11-15,miss,fla,34,24,-450.0,365.0,-11.5,11.5,-107.0,-107.0,-13.5,13.5,53.5,,1,espn-core,-800.0,500.0,0,1,8,8,Oxford,MS
2025-11-15,miz,msst,49,27,-340.0,270.0,-7.5,7.5,-115.0,-105.0,-5.5,5.5,50.5,,1,espn-core,-240.0,200.0,0,1,8,8,Columbia,MO
2025-11-15,most,utep,38,24,-270.0,220.0,-7.5,7.5,100.0,-120.0,-4.5,4.5,48.5,,1,espn-core,-175.0,150.0,0,1,12,12,Springfield,MO
2025-11-15,msu,psu,10,28,220.0,-270.0,6.5,-6.5,105.0,-125.0,7.5,-7.5,49.5,,1,espn-core,210.0,-250.0,0,1,5,5,East Lansing,MI
2025-11-15,navy,usf,41,38,280.0,-360.0,8.5,-8.5,-110.0,-110.0,9.5,-9.5,62.5,,1,espn-core,320.0,-425.0,0,1,151,151,Annapolis,MD
2025-11-15,ndsu,uni,48,16,,,-34.0,34.0,-110.0,-110.0,-31.5,31.5,47.5,,1,espn-core,,,0,1,21,21,Fargo,ND
2025-11-15,nev,sjsu,55,10,280.0,-360.0,9.5,-9.5,-105.0,-115.0,8.5,-8.5,49.5,,1,espn-core,250.0,-300.0,0,1,17,17,Reno,NV
2025-11-15,nu,mich,22,24,320.0,-425.0,10.5,-10.5,-115.0,-105.0,10.5,-10.5,42.5,,1,espn-core,320.0,-425.0,0,1,5,5,Chicago,IL
2025-11-15,okst,ksu,6,14,800.0,-1600.0,19.5,-19.5,-105.0,-115.0,19.5,-19.5,50.5,,1,espn-core,900.0,-1800.0,0,1,4,4,Stillwater,OK
2025-11-15,osu,ucla,48,10,,,-32.5,32.5,-110.0,-110.0,-30.5,30.5,46.5,,1,espn-core,-50000.0,3500.0,0,1,5,5,Columbus,OH
2025-11-15,pitt,nd,15,37,380.0,-550.0,12.5,-12.5,-105.0,-115.0,11.5,-11.5,54.5,,1,espn-core,300.0,-400.0,0,0,1,18,Pittsburgh,PA
2025-11-15,sac,idho,23,20,,,-7.0,7.0,-105.0,-115.0,-5.5,5.5,59.5,,1,espn-core,,,0,1,20,20,Sacramento,CA
2025-11-15,sdsu,bois,17,7,-125.0,105.0,-2.5,2.5,-105.0,-115.0,-2.5,2.5,43.5,,1,espn-core,-135.0,115.0,0,1,17,17,San Diego,CA
2025-11-15,shsu,del,26,23,360.0,-500.0,13.5,-13.5,-105.0,-115.0,8.5,-8.5,56.5,,1,espn-core,280.0,-360.0,0,1,12,12,Houston,TX
2025-11-15,ta&m,sc,31,30,-800.0,500.0,-16.5,16.5,-110.0,-110.0,-17.5,17.5,49.5,,1,espn-core,-2000.0,1000.0,0,1,8,8,College Station,TX
2025-11-15,tenn,nmsu,42,9,,,-41.5,41.5,-120.0,100.0,-38.5,38.5,60.5,,1,espn-core,,,0,0,8,12,Knoxville,TN
2025-11-15,tlsa,orst,31,14,-125.0,105.0,-1.5,1.5,-115.0,-105.0,-1.5,1.5,50.5,,1,espn-core,100.0,-120.0,0,0,151,9,Tulsa,OK
2025-11-15,ttu,ucf,48,9,-5000.0,1500.0,-24.5,24.5,-115.0,-105.0,-23.5,23.5,48.5,,1,espn-core,-7500.0,2000.0,0,1,4,4,Lubbock,TX
2025-11-15,tuln,fau,35,24,-700.0,450.0,-17.5,17.5,-110.0,-110.0,-16.5,16.5,61.5,,1,espn-core,-800.0,500.0,0,1,151,151,New Orleans,LA
2025-11-15,uab,unt,24,53,600.0,-1000.0,17.5,-17.5,-110.0,-110.0,17.5,-17.5,69.5,,1,espn-core,750.0,-1400.0,0,1,151,151,Birmingham,AL
2025-11-15,uga,tex,35,10,-180.0,155.0,-3.5,3.5,-115.0,100.0,-6.5,6.5,50.5,,1,espn-core,-200.0,170.0,0,1,8,8,Athens,GA
2025-11-15,uk,tntc,42,10,-5000.0,1500.0,-22.5,22.5,-110.0,-110.0,-22.0,22.0,52.5,,1,espn-core,-2000.0,1000.0,0,0,8,179,Lexington,KY
2025-11-15,ulm,usa,14,26,170.0,-200.0,4.5,-4.5,-115.0,-105.0,3.5,-3.5,50.5,,1,espn-core,155.0,-185.0,0,1,37,37,Monroe,LA
2025-11-15,unlv,usu,29,26,-195.0,165.0,-4.5,4.5,-115.0,-105.0,-5.5,5.5,68.5,,1,espn-core,-215.0,180.0,0,1,17,17,Las Vegas,NV
2025-11-15,unm,csu,20,17,-800.0,500.0,-15.5,15.5,-120.0,100.0,-14.5,14.5,53.5,,1,espn-core,-800.0,500.0,0,1,17,17,Albuquerque,NM
2025-11-15,usc,iowa,26,21,-230.0,200.0,-6.5,6.5,-112.0,-102.0,-6.5,6.5,48.5,,1,espn-core,-250.0,210.0,0,1,5,5,Los Angeles,CA
2025-11-15,usm,txst,14,41,-155.0,135.0,-3.5,3.5,-105.0,-115.0,-6.5,6.5,65.5,,1,espn-core,-215.0,180.0,0,1,37,37,Hattiesburg,MS
2025-11-15,wake,unc,28,12,-170.0,145.0,-3.5,3.5,-115.0,-105.0,-6.5,6.5,37.5,,1,espn-core,-225.0,190.0,0,1,1,1,Winston-Salem,NC
2025-11-15,wash,pur,49,13,-800.0,500.0,-14.5,14.5,-115.0,-105.0,-15.5,15.5,51.5,,1,espn-core,-1200.0,700.0,0,1,5,5,Seattle,WA
2025-11-15,wku,mtsu,42,26,-700.0,450.0,-13.5,13.5,-115.0,-105.0,-13.5,13.5,51.5,,1,espn-core,-550.0,380.0,0,1,12,12,Bowling Green,KY
2025-11-15,wsu,lt,28,3,-400.0,300.0,-10.5,10.5,100.0,-120.0,-6.5,6.5,43.5,,1,espn-core,-240.0,200.0,0,0,9,12,Pullman,WA
2025-11-18,bgsu,akr,16,19,-135.0,115.0,-2.5,2.5,-115.0,-105.0,-5.5,5.5,47.5,,1,espn-core,-165.0,140.0,0,1,15,15,Bowling Green,OH
2025-11-18,niu,wmu,19,35,230.0,-280.0,6.5,-6.5,105.0,-125.0,6.5,-6.5,38.5,,1,espn-core,200.0,-240.0,0,1,15,15,Dekalb,IL
2025-11-18,ohio,mass,42,14,,,-34.5,34.5,-115.0,-105.0,-31.5,31.5,53.5,,1,espn-core,-100000.0,,0,1,15,15,Athens,OH
2025-11-19,buff,m-oh,20,37,115.0,-135.0,2.5,-2.5,-110.0,-110.0,-2.5,2.5,38.5,,1,espn-core,-125.0,105.0,0,1,15,15,Buffalo,NY
2025-11-19,kent,cmu,16,28,240.0,-290.0,7.5,-7.5,-115.0,-105.0,7.5,-7.5,50.5,,1,espn-core,260.0,-320.0,0,1,15,15,Kent,OH
2025-11-20,arst,ul,30,34,-140.0,120.0,-2.5,2.5,-120.0,100.0,-3.5,3.5,54.5,,1,espn-core,-150.0,130.0,0,1,37,37,Jonesboro,AR
2025-11-21,ncsu,fsu,21,11,210.0,-250.0,6.5,-6.5,105.0,-125.0,3.5,-3.5,59.5,,1,espn-core,160.0,-190.0,0,1,1,1,Raleigh,NC
2025-11-21,unlv,haw,38,10,-135.0,115.0,-2.5,2.5,-110.0,-110.0,-3.5,3.5,64.5,,1,espn-core,-145.0,125.0,0,1,17,17,Las Vegas,NV
2025-11-22,afa,unm,3,20,135.0,-155.0,3.5,-3.5,-115.0,-105.0,2.5,-2.5,53.5,,1,espn-core,105.0,-125.0,0,1,17,17,USAF Academy,CO
2025-11-22,ala,eiu,56,0,,,-54.5,54.5,145.0,-170.0,-50.5,50.5,59.5,,1,espn-core,,,0,0,8,179,Tuscaloosa,AL
2025-11-22,app,mrsh,26,24,155.0,-185.0,3.5,-3.5,-105.0,-115.0,4.5,-4.5,57.5,,1,espn-core,150.0,-175.0,0,1,37,37,Boone,NC
2025-11-22,ariz,bay,41,17,-215.0,180.0,-6.5,6.5,-110.0,-110.0,-6.5,6.5,60.5,,1,espn-core,-215.0,180.0,0,1,4,4,Tucson,AZ
2025-11-22,army,tlsa,25,26,-380.0,290.0,-9.5,9.5,-115.0,-105.0,-10.5,10.5,43.5,,1,espn-core,-425.0,320.0,0,1,151,151,West Point,NY
2025-11-22,aub,mer,62,17,-4000.0,1300.0,-26.5,26.5,-110.0,-110.0,-28.0,28.0,49.5,,1,espn-core,-7500.0,2000.0,0,0,8,29,Auburn,AL
2025-11-22,bois,csu,49,21,-1200.0,700.0,-17.5,17.5,-110.0,-110.0,-16.5,16.5,46.5,,1,espn-core,-1000.0,600.0,0,1,17,17,Boise,ID
2025-11-22,cin,byu,14,26,125.0,-145.0,2.5,-2.5,100.0,-120.0,2.5,-2.5,57.5,,1,espn-core,105.0,-125.0,0,1,4,4,Cincinnati,OH
2025-11-22,clem,fur,45,10,,,-43.5,43.5,-110.0,-110.0,-41.5,41.5,55.5,,1,espn-core,,,0,0,1,29,Clemson,SC
2025-11-22,colo,asu,17,42,200.0,-240.0,6.5,-6.5,-110.0,-115.0,8.5,-8.5,47.5,,1,espn-core,230.0,-280.0,0,1,4,4,Boulder,CO
2025-11-22,fau,conn,45,48,190.0,-225.0,5.5,-5.5,-110.0,-110.0,7.5,-7.5,64.5,,1,espn-core,225.0,-275.0,0,0,151,18,Boca Raton,FL
2025-11-22,fiu,jvst,27,21,-135.0,115.0,-2.5,2.5,-120.0,100.0,-1.5,1.5,56.5,,1,espn-core,-115.0,-105.0,0,1,12,12,Miami,FL
2025-11-22,fla,tenn,11,31,150.0,-175.0,3.5,-3.5,-115.0,-105.0,3.5,-3.5,57.5,,1,espn-core,125.0,-145.0,0,1,8,8,Gainesville,FL
2025-11-22,fres,usu,17,28,-125.0,105.0,-1.5,1.5,-120.0,100.0,-2.5,2.5,50.5,,1,espn-core,-135.0,115.0,0,1,17,17,Fresno,CA
2025-11-22,gaso,odu,10,45,300.0,-400.0,10.5,-10.5,-120.0,100.0,9.5,-9.5,62.5,,1,espn-core,380.0,-550.0,0,1,37,37,Statesboro,GA
2025-11-22,gt,pitt,28,42,-135.0,115.0,-2.5,2.5,-110.0,-110.0,-2.5,2.5,61.5,,1,espn-core,-130.0,110.0,0,1,1,1,Atlanta,GA
2025-11-22,hou,tcu,14,17,105.0,-125.0,1.5,-1.5,-110.0,-110.0,-2.5,2.5,55.5,,1,espn-core,-130.0,110.0,0,1,4,4,Houston,TX
2025-11-22,iowa,msu,20,17,-900.0,550.0,-17.5,17.5,-105.0,-115.0,-16.5,16.5,43.5,,1,espn-core,-1000.0,600.0,0,1,5,5,Iowa City,IA
2025-11-22,isu,ku,38,14,-165.0,140.0,-3.5,3.5,-115.0,-105.0,-3.5,3.5,55.5,,1,espn-core,-190.0,160.0,0,1,4,4,Ames,IA
2025-11-22,jmu,wsu,24,20,-800.0,500.0,-15.5,15.5,-110.0,-110.0,-14.5,14.5,45.5,,1,espn-core,-800.0,500.0,0,0,37,9,Harrisonburg,VA
2025-11-22,kenn,most,41,34,-215.0,180.0,-6.5,6.5,-115.0,-105.0,-6.5,6.5,54.5,,1,espn-core,-210.0,175.0,0,1,12,12,Kennesaw,GA
2025-11-22,lsu,wku,13,10,-4000.0,1300.0,-25.5,25.5,-105.0,-115.0,-22.5,22.5,53.5,,1,espn-core,-4000.0,1300.0,0,0,8,12,Baton Rouge,LA
2025-11-22,lt,lib,34,28,-105.0,-115.0,1.5,-1.5,-115.0,-105.0,-1.5,1.5,45.5,,1,espn-core,-120.0,100.0,0,1,12,12,Ruston,LA
2025-11-22,md,mich,20,45,475.0,-750.0,13.5,-13.5,100.0,-120.0,13.5,-13.5,46.5,,1,espn-core,425.0,-650.0,0,1,5,5,College Park,MD
2025-11-22,mtsu,shsu,31,17,-240.0,200.0,-6.5,6.5,-120.0,100.0,-6.5,6.5,53.5,,1,espn-core,-250.0,210.0,0,1,12,12,Murfreesboro,TN
2025-11-22,nd,syr,70,7,,,-36.5,36.5,-105.0,-115.0,-35.5,35.5,50.5,,1,espn-core,,,0,0,18,1,Notre Dame,IN
2025-11-22,ndsu,stmn,62,7,,,-33.5,33.5,-105.0,-115.0,-35.5,35.5,51.5,,1,espn-core,,,0,0,21,28,Fargo,ND
2025-11-22,nu,minn,38,35,-190.0,160.0,-4.5,4.5,-110.0,-110.0,-3.5,3.5,41.5,,1,espn-core,-195.0,165.0,0,1,5,5,Chicago,IL
2025-11-22,ore,usc,42,27,-450.0,340.0,-12.5,12.5,-110.0,-110.0,-8.5,8.5,60.5,,1,espn-core,-425.0,320.0,0,1,5,5,Eugene,OR
2025-11-22,osu,rutg,42,9,-50000.0,3500.0,-28.5,28.5,-105.0,-115.0,-33.5,33.5,54.5,,1,espn-core,,,0,1,5,5,Columbus,OH
2025-11-22,ou,miz,17,6,-200.0,170.0,-4.5,4.5,-105.0,-115.0,-9.5,9.5,42.5,,1,espn-core,-380.0,290.0,0,1,8,8,Norman,OK
2025-11-22,psu,neb,37,10,-300.0,250.0,-7.5,7.5,-115.0,-105.0,-9.5,9.5,45.5,,1,espn-core,-360.0,280.0,0,1,5,5,University Park,PA
2025-11-22,rice,unt,24,56,750.0,-1400.0,18.5,-18.5,-115.0,-105.0,17.5,-17.5,56.5,,1,espn-core,700.0,-1200.0,0,1,151,151,Houston,TX
2025-11-22,sc,ccu,51,7,-4000.0,1300.0,-24.5,24.5,-105.0,-115.0,-23.5,23.5,50.5,,1,espn-core,-5000.0,1500.0,0,0,8,37,Columbia,SC
2025-11-22,sdsu,sjsu,25,3,-400.0,300.0,-9.5,9.5,-115.0,-105.0,-11.5,11.5,51.5,,1,espn-core,-500.0,360.0,0,1,17,17,San Diego,CA
2025-11-22,smu,lou,38,6,-170.0,145.0,-3.5,3.5,-115.0,-105.0,-3.5,3.5,50.5,,1,espn-core,-155.0,135.0,0,1,1,1,Dallas,TX
2025-11-22,stan,cal,31,10,155.0,-185.0,4.5,-4.5,-110.0,-110.0,2.5,-2.5,47.5,,1,espn-core,125.0,-145.0,0,1,1,1,Stanford,CA
2025-11-22,ta&m,sam,48,0,,,-53.5,53.5,-110.0,-110.0,-54.5,54.5,58.5,,1,espn-core,,,0,0,8,29,College Station,TX
2025-11-22,tem,tuln,13,37,230.0,-280.0,7.5,-7.5,-110.0,-110.0,8.5,-8.5,54.5,,1,espn-core,260.0,-320.0,0,1,151,151,Philadelphia,PA
2025-11-22,tex,ark,52,37,-400.0,300.0,-10.5,10.5,-105.0,-115.0,-10.5,10.5,57.5,,1,espn-core,-400.0,300.0,0,1,8,8,Austin,TX
2025-11-22,tol,ball,38,9,-4000.0,1300.0,-28.5,28.5,-110.0,-110.0,-26.5,26.5,45.5,,1,espn-core,-20000.0,3000.0,0,1,15,15,Toledo,OH
2025-11-22,troy,gast,31,19,-400.0,300.0,-10.5,10.5,-105.0,-115.0,-11.5,11.5,51.5,,1,espn-core,-550.0,380.0,0,1,37,37,Troy,AL
2025-11-22,txst,ulm,31,14,-1400.0,750.0,-20.5,20.5,-110.0,-110.0,-18.5,18.5,60.5,,1,espn-core,-1800.0,900.0,0,1,37,37,San Marcos,TX
2025-11-22,uab,usf,18,48,1200.0,-3000.0,22.5,-22.5,-115.0,-105.0,21.5,-21.5,68.5,,1,espn-core,1000.0,-2000.0,0,1,151,151,Birmingham,AL
2025-11-22,ucd,sac,31,27,,,-5.0,5.0,-105.0,-115.0,-4.5,4.5,63.5,,1,espn-core,,,0,1,20,20,Davis,CA
2025-11-22,ucf,okst,17,14,-600.0,400.0,-12.5,12.5,-115.0,-105.0,-13.5,13.5,47.5,,1,espn-core,-800.0,500.0,0,1,4,4,Orlando,FL
2025-11-22,ucla,wash,14,48,320.0,-425.0,10.5,-10.5,-110.0,-110.0,11.5,-11.5,51.5,,1,espn-core,320.0,-425.0,0,1,5,5,Pasadena,CA
2025-11-22,uga,clt,35,3,,,-42.5,42.5,100.0,-120.0,-44.5,44.5,53.5,,1,espn-core,,,0,0,8,151,Athens,GA
2025-11-22,unc,duke,25,32,215.0,-260.0,6.5,-6.5,100.0,-120.0,6.5,-6.5,50.5,,1,espn-core,180.0,-215.0,0,1,1,1,Chapel Hill,NC
2025-11-22,usa,usm,42,35,110.0,-130.0,2.5,-2.5,-110.0,-110.0,2.5,-2.5,53.5,,1,espn-core,120.0,-140.0,0,1,37,37,Mobile,AL
2025-11-22,utah,ksu,51,47,-1400.0,750.0,-18.5,18.5,-110.0,-110.0,-17.5,17.5,52.5,,1,espn-core,-1000.0,600.0,0,1,4,4,Salt Lake City,UT
2025-11-22,utep,nmsu,31,34,-200.0,170.0,-4.5,4.5,-110.0,-110.0,-3.5,3.5,45.5,,1,espn-core,-155.0,135.0,0,1,12,12,El Paso,TX
2025-11-22,utsa,ecu,58,24,100.0,-120.0,2.5,-2.5,-120.0,100.0,3.5,-3.5,61.5,,1,espn-core,115.0,-135.0,0,1,151,151,San Antonio,TX
2025-11-22,van,uk,45,17,-300.0,250.0,-6.5,6.5,-130.0,110.0,-10.5,10.5,53.5,,1,espn-core,-400.0,300.0,0,1,8,8,Nashville,TN
2025-11-22,vt,mia,17,34,600.0,-1000.0,17.5,-17.5,-105.0,-115.0,16.5,-16.5,48.5,,1,espn-core,600.0,-1000.0,0,1,1,1,Blacksburg,VA
2025-11-22,wake,del,52,14,-1600.0,800.0,-17.5,17.5,-115.0,-105.0,-18.5,18.5,48.5,,1,espn-core,-1200.0,700.0,0,0,1,12,Winston-Salem,NC
2025-11-22,wis,ill,27,10,280.0,-360.0,8.5,-8.5,-105.0,-115.0,9.5,-9.5,41.5,,1,espn-core,290.0,-380.0,0,1,5,5,Madison,WI
2025-11-22,wyo,nev,7,13,-230.0,195.0,-6.5,6.5,-115.0,-105.0,-7.5,7.5,40.5,,1,espn-core,-250.0,210.0,0,1,17,17,Laramie,WY
2025-11-25,emu,wmu,21,31,320.0,-425.0,8.25,-8.25,,-115.0,7.0,-7.0,49.5,,2,espn-core,175.0,-210.0,0,1,15,15,Ypsilanti,MI
2025-11-25,mass,bgsu,14,45,475.0,-750.0,14.25,-14.25,,,15.0,-15.0,44.5,,2,espn-core,500.0,-800.0,0,1,15,15,Amherst,MA
2025-11-27,mem,navy,17,28,-175.0,150.0,-3.75,3.75,-111.5,-108.5,-5.0,5.0,57.5,,2,espn-core,-200.0,170.0,0,1,151,151,Memphis,TN
2025-11-28,asu,ariz,7,23,100.0,-120.0,2.5,-2.5,-120.0,100.0,2.0,-2.0,48.0,,2,espn-core,-110.0,-110.0,0,1,4,4,Tempe,AZ
2025-11-28,buff,ohio,26,31,195.0,-230.0,7.25,-7.25,-120.0,100.0,6.75,-6.75,45.0,,2,espn-core,190.0,-225.0,0,1,15,15,Buffalo,NY
2025-11-28,csu,afa,21,42,115.0,-135.0,2.5,-2.5,-105.0,-115.0,2.5,-2.5,47.5,,2,espn-core,125.0,-145.0,0,1,17,17,Fort Collins,CO
2025-11-28,gt,uga,9,16,515.0,-712.5,16.0,-16.0,-108.0,-109.0,13.75,-13.75,60.0,,2,espn-core,462.5,-675.0,1,0,1,8,Atlanta,GA
2025-11-28,ku,utah,21,31,360.0,-500.0,10.25,-10.25,-109.0,-111.0,13.5,-13.5,60.0,,2,espn-core,425.0,-650.0,0,1,4,4,Lawrence,KS
2025-11-28,msst,miss,19,38,242.0,-284.0,7.5,-7.5,-116.0,,7.5,-7.5,62.5,,2,espn-core,215.0,-260.0,0,1,8,8,Starkville,MS
2025-11-28,neb,iowa,16,40,180.0,-215.0,5.5,-5.5,-109.0,-111.0,5.0,-5.0,38.5,,2,espn-core,190.0,-225.0,0,1,5,5,Lincoln,NE
2025-11-28,niu,kent,31,35,-210.0,175.0,-5.0,5.0,-108.5,-111.5,-5.0,5.0,44.5,,2,espn-core,-190.0,160.0,0,1,15,15,Dekalb,IL
2025-11-28,pur,iu,3,56,1900.0,-6250.0,28.5,-28.5,-112.5,-107.5,28.5,-28.5,54.5,,2,espn-core,1900.0,-6250.0,0,1,5,5,West Lafayette,IN
2025-11-28,tex,ta&m,27,17,120.0,-138.0,2.5,-2.5,-105.0,-112.0,2.0,-2.0,54.5,,2,espn-core,115.0,-135.0,0,1,8,8,Austin,TX
2025-11-28,unm,sdsu,23,17,100.0,-120.0,1.5,-1.5,-116.5,-103.5,,,41.5,,2,espn-core,100.0,-120.0,0,1,17,17,Albuquerque,NM
2025-11-28,unt,tem,52,25,-1800.0,900.0,-20.5,20.5,,-115.0,-20.0,20.0,65.5,,2,espn-core,-2500.0,1100.0,0,1,151,151,Denton,TX
2025-11-28,usu,bois,24,25,,-116.0,1.5,-1.5,,-115.0,3.75,-3.75,55.0,,2,espn-core,133.0,-156.0,0,1,17,17,Logan,UT
2025-11-29,app,arst,29,30,100.0,-120.0,1.5,-1.5,-110.0,-110.0,-1.5,1.5,54.5,,1,espn-core,-130.0,110.0,0,1,37,37,Boone,NC
2025-11-29,ark,miz,17,31,175.0,-210.0,4.5,-4.5,-106.5,-116.0,3.0,-3.0,54.5,,2,espn-core,115.0,-135.0,0,1,8,8,Fayetteville,AR
2025-11-29,aub,ala,20,27,235.0,-277.0,6.75,-6.75,,-113.5,4.75,-4.75,48.5,,2,espn-core,190.0,-225.0,0,1,8,8,Auburn,AL
2025-11-29,bay,hou,24,31,-135.0,115.0,-2.5,2.5,-109.0,-111.0,-2.5,2.5,57.5,,2,espn-core,-120.0,100.0,0,1,4,4,Waco,TX
2025-11-29,byu,ucf,41,21,-1400.0,750.0,-17.5,17.5,-115.0,-105.0,-18.5,18.5,46.5,,2,espn-core,-2000.0,1000.0,0,1,4,4,Provo,UT
2025-11-29,cal,smu,38,35,400.0,-600.0,13.5,-13.5,-110.0,-110.0,10.5,-10.5,52.5,,1,espn-core,380.0,-550.0,0,1,1,1,Berkeley,CA
2025-11-29,ccu,jmu,10,59,1200.0,-3000.0,23.5,-23.5,100.0,-120.0,21.5,-21.5,53.5,,1,espn-core,1200.0,-3000.0,0,1,37,37,Conway,SC
2025-11-29,cmu,tol,3,21,320.0,-425.0,10.5,-10.5,-110.0,-110.0,8.5,-8.5,46.5,,1,espn-core,340.0,-450.0,0,1,15,15,Mount Pleasant,MI
2025-11-29,del,utep,61,31,-195.0,165.0,-4.5,4.5,-110.0,-110.0,-6.5,6.5,55.5,,1,espn-core,-200.0,170.0,0,1,12,12,Newark,DE
2025-11-29,duke,wake,49,32,-130.0,110.0,-2.5,2.5,-106.5,-113.5,,,53.5,,2,espn-core,-130.0,110.0,0,1,1,1,Durham,NC
2025-11-29,fau,ecu,3,42,210.0,-250.0,6.5,-6.5,-110.0,-110.0,6.5,-6.5,66.5,,1,espn-core,180.0,-215.0,0,1,151,151,Boca Raton,FL
2025-11-29,fla,fsu,40,21,-105.0,-115.0,1.5,-1.5,-120.0,100.0,-2.0,2.0,49.0,,2,espn-core,-125.0,105.0,0,0,8,1,Gainesville,FL
2025-11-29,haw,wyo,27,7,-380.0,290.0,-8.5,8.5,-110.0,-110.0,-9.0,9.0,44.5,,2,espn-core,-425.0,320.0,0,1,17,17,Honolulu,HI
2025-11-29,ill,nu,20,13,-270.0,220.0,-7.25,7.25,,-118.5,-6.75,6.75,44.0,,2,espn-core,-265.0,217.5,0,1,5,5,Champaign,IL
2025-11-29,jvst,wku,37,34,100.0,-120.0,1.5,-1.5,-115.0,-105.0,2.5,-2.5,56.5,,1,espn-core,110.0,-130.0,0,1,12,12,Jacksonville,AL
2025-11-29,ksu,colo,24,14,-1000.0,600.0,-16.5,16.5,,-115.0,-17.5,17.5,50.0,,2,espn-core,-1400.0,750.0,0,1,4,4,Manhattan,KS
2025-11-29,lib,kenn,42,48,120.0,-140.0,2.5,-2.5,100.0,-120.0,2.5,-2.5,55.5,,1,espn-core,110.0,-130.0,0,1,12,12,Lynchburg,VA
2025-11-29,lou,uk,41,0,105.0,-125.0,1.5,-1.5,-117.5,,-3.5,3.5,46.5,,2,espn-core,-145.0,125.0,0,0,1,8,Louisville,KY
2025-11-29,m-oh,ball,45,24,-900.0,550.0,-16.5,16.5,-115.0,-105.0,-17.5,17.5,40.5,,1,espn-core,-2000.0,1000.0,0,1,15,15,Oxford,OH
2025-11-29,mich,osu,9,27,320.0,-425.0,9.75,-9.75,,-112.5,10.75,-10.75,43.0,,2,espn-core,300.0,-400.0,0,1,5,5,Ann Arbor,MI
2025-11-29,minn,wis,17,7,115.0,-135.0,2.5,-2.5,-105.0,-115.0,-2.5,2.5,38.5,,1,espn-core,-125.0,105.0,0,1,5,5,Minneapolis,MN
2025-11-29,most,lt,30,42,-130.0,110.0,-2.5,2.5,-115.0,-105.0,-3.5,3.5,45.5,,1,espn-core,-155.0,135.0,0,1,12,12,Springfield,MO
2025-11-29,mrsh,gaso,19,24,-437.5,335.0,-10.5,10.5,-105.0,-115.0,-8.5,8.5,62.0,,2,espn-core,-350.0,277.5,0,1,37,37,Huntington,WV
2025-11-29,msu,md,38,28,-175.0,150.0,-4.25,4.25,,-114.0,-3.5,3.5,49.0,,2,espn-core,-165.0,140.0,1,1,5,5,Detroit,MI
2025-11-29,ncsu,unc,42,19,-270.0,220.0,-7.25,7.25,,-112.5,-7.75,7.75,49.0,,2,espn-core,-280.0,230.0,0,1,1,1,Raleigh,NC
2025-11-29,nev,unlv,17,42,250.0,-300.0,7.5,-7.5,-110.0,-110.0,9.0,-9.0,52.5,,2,espn-core,260.0,-320.0,0,1,17,17,Reno,NV
2025-11-29,nmsu,mtsu,24,31,-155.0,135.0,-3.5,3.5,100.0,-120.0,-4.5,4.5,51.5,,1,espn-core,-175.0,150.0,0,1,12,12,Las Cruces,NM
2025-11-29,odu,gast,27,10,-6000.0,1800.0,-28.5,28.5,-115.0,-105.0,-26.5,26.5,58.5,,1,espn-core,-7500.0,2000.0,0,1,37,37,Norfolk,VA
2025-11-29,okst,isu,13,20,452.5,-700.0,13.75,-13.75,,-116.0,14.0,-14.0,47.5,,2,espn-core,452.5,-700.0,0,1,4,4,Stillwater,OK
2025-11-29,ou,lsu,17,13,-500.0,390.0,-12.0,12.0,-106.0,-111.0,-10.25,10.25,36.5,,2,espn-core,-425.0,320.0,0,1,8,8,Norman,OK
2025-11-29,pitt,mia,7,38,202.5,-240.0,6.5,-6.5,-105.0,-115.0,6.5,-6.5,49.0,,2,espn-core,207.5,-250.0,0,1,1,1,Pittsburgh,PA
2025-11-29,rutg,psu,36,40,450.0,-700.0,14.25,-14.25,-115.0,,12.25,-12.25,55.5,,2,espn-core,340.0,-450.0,0,1,5,5,Piscataway,NJ
2025-11-29,sc,clem,14,28,-135.0,114.5,-2.5,2.5,-113.5,-106.5,-2.75,2.75,46.0,,2,espn-core,-130.0,109.5,0,0,8,1,Columbia,SC
2025-11-29,shsu,fiu,16,56,320.0,-425.0,10.5,-10.5,-110.0,-110.0,10.5,-10.5,50.5,,1,espn-core,320.0,-425.0,0,1,12,12,Houston,TX
2025-11-29,sjsu,fres,14,41,140.0,-165.0,3.25,-3.25,-112.5,,2.75,-2.75,44.5,,2,espn-core,110.0,-130.0,0,1,17,17,San Jose,CA
2025-11-29,stan,nd,20,49,3500.0,-50000.0,33.0,-33.0,-113.5,-106.5,32.0,-32.0,50.5,,2,espn-core,3500.0,-50000.0,0,0,1,18,Stanford,CA
2025-11-29,syr,bc,12,34,125.0,-145.0,2.5,-2.5,100.0,-120.0,3.5,-3.5,54.5,,1,espn-core,130.0,-150.0,0,1,1,1,Syracuse,NY
2025-11-29,tcu,cin,45,23,-149.0,127.0,-3.25,3.25,,-114.0,-4.0,4.0,58.5,,2,espn-core,-175.0,147.5,0,1,4,4,Fort Worth,TX
2025-11-29,tenn,van,24,45,-124.0,110.0,-2.5,2.5,-106.0,-111.0,-3.0,3.0,66.5,,2,espn-core,-130.0,110.0,0,1,8,8,Knoxville,TN
2025-11-29,tlsa,uab,24,31,-322.5,260.0,-9.5,9.5,-112.5,-107.5,-8.5,8.5,56.5,,2,espn-core,-342.5,270.0,0,1,151,151,Tulsa,OK
2025-11-29,tuln,clt,27,0,-100000.0,4000.0,-30.5,30.5,,-112.5,-29.5,29.5,52.0,,2,espn-core,-50000.0,3500.0,0,1,151,151,New Orleans,LA
2025-11-29,txst,usa,49,26,-380.0,290.0,-9.5,9.5,-115.0,-105.0,-9.5,9.5,62.5,,1,espn-core,-380.0,290.0,0,1,37,37,San Marcos,TX
2025-11-29,ul,ulm,30,27,-500.0,360.0,-10.5,10.5,-115.0,-105.0,-12.0,12.0,47.5,,2,espn-core,-550.0,380.0,0,1,37,37,Lafayette,LA
2025-11-29,usc,ucla,29,10,-1900.0,1000.0,-21.5,21.5,,-116.0,-21.5,21.5,59.5,,2,espn-core,-2825.0,1125.0,0,1,5,5,Los Angeles,CA
2025-11-29,usf,rice,52,3,-6000.0,1800.0,-28.5,28.5,100.0,-120.0,-26.5,26.5,57.5,,1,espn-core,-7500.0,2000.0,0,1,151,151,Tampa,FL
2025-11-29,usm,troy,18,28,-250.0,210.0,-6.5,6.5,-125.0,105.0,-6.5,6.5,50.5,,1,espn-core,-250.0,210.0,0,1,37,37,Hattiesburg,MS
2025-11-29,utsa,army,24,27,-300.0,250.0,-8.5,8.5,-105.0,-115.0,-6.5,6.5,50.5,,1,espn-core,-250.0,210.0,0,1,151,151,San Antonio,TX
2025-11-29,uva,vt,27,7,-360.0,280.0,-9.0,9.0,-107.5,-112.5,-10.5,10.5,53.0,,2,espn-core,-420.0,315.0,0,1,1,1,Charlottesville,VA
2025-11-29,wash,ore,14,26,205.0,-245.0,6.5,-6.5,,-116.0,7.0,-7.0,51.5,,2,espn-core,205.0,-249.0,0,1,5,5,Seattle,WA
2025-11-29,wsu,orst,32,8,-700.0,450.0,-14.5,14.5,100.0,-120.0,-12.5,12.5,42.5,,1,espn-core,-700.0,450.0,0,1,9,9,Pullman,WA
2025-11-29,wvu,ttu,0,49,1200.0,-3000.0,24.5,-24.5,-116.5,-103.5,22.5,-22.5,53.5,,2,espn-core,1100.0,-2500.0,0,1,4,4,Morgantown,WV
2025-12-05,bois,unlv,38,21,-205.0,170.0,-4.75,4.75,-108.0,-112.0,-2.5,2.5,58.5,,2,espn-core,-163.5,138.0,0,0,17,17,Boise,ID
2025-12-05,jmu,troy,31,14,-3800.0,1400.0,-23.5,23.5,-110.0,-110.0,-21.5,21.5,47.5,,2,espn-core,-2700.0,1200.0,0,0,37,37,Harrisonburg,VA
2025-12-05,jvst,kenn,15,19,,-133.5,,,-108.0,-112.0,,,60.5,,2,espn-core,-110.0,-110.0,0,0,12,12,Jacksonville,AL
2025-12-05,tuln,unt,34,21,105.0,-125.0,2.0,-2.0,-110.0,-110.0,2.75,-2.75,67.0,,2,espn-core,130.0,-153.0,0,0,151,151,New Orleans,LA
2025-12-06,ala,uga,7,28,112.5,-132.5,2.0,-2.0,-112.0,-108.0,2.0,-2.0,48.0,,2,espn-core,103.5,-123.5,1,0,8,8,Atlanta,GA
2025-12-06,ndsu,ilst,28,29,,,,,,,,,,,0,espn-core,,,0,0,21,21,Fargo,ND
2025-12-06,osu,iu,10,13,-195.0,162.5,-4.5,4.5,-108.0,-112.0,-5.5,5.5,47.0,,2,espn-core,-216.5,180.0,1,0,5,5,Indianapolis,IN
2025-12-06,ttu,byu,34,7,-612.5,425.0,-13.0,13.0,-115.0,-105.0,-12.0,12.0,50.5,,2,espn-core,-420.0,310.0,1,0,4,4,Arlington,TX
2025-12-06,uva,duke,20,27,-157.5,132.5,-3.0,3.0,-108.0,-112.0,-2.5,2.5,58.5,,2,espn-core,-139.0,117.0,1,0,1,1,Charlotte,NC
2025-12-06,wmu,m-oh,23,13,-141.0,117.5,-2.5,2.5,-105.0,-115.0,-3.0,3.0,44.0,,2,espn-core,-135.0,119.5,1,0,15,15,Detroit,MI
2025-12-13,navy,army,17,16,-250.0,205.0,-6.0,6.0,-112.0,-108.0,-4.5,4.5,37.5,,1,espn-core,-192.0,160.0,1,0,151,151,Baltimore,MD
2025-12-13,wash,bois,38,10,-380.0,300.0,-10.0,10.0,-110.0,-110.0,-8.5,8.5,55.5,,1,espn-core,-355.0,280.0,1,0,5,17,Inglewood,CA
2025-12-16,jvst,troy,17,13,-155.0,130.0,-3.0,3.0,-110.0,-110.0,3.0,-3.0,47.5,,1,espn-core,130.0,-155.0,1,0,12,37,Montgomery,AL
2025-12-17,del,ul,20,13,110.0,-130.0,1.5,-1.5,-105.0,-115.0,3.5,-3.5,60.5,,1,espn-core,136.0,-162.0,1,0,12,37,Mobile,AL
2025-12-17,usf,odu,10,24,-192.0,160.0,-4.0,4.0,-112.0,-108.0,-7.5,7.5,52.5,,1,espn-core,-310.0,250.0,1,0,151,37,Orlando,FL
2025-12-18,arst,most,34,28,-125.0,105.0,-1.5,1.5,-110.0,-110.0,-2.5,2.5,55.5,,1,espn-core,-130.0,110.0,1,0,37,12,Frisco,TX
2025-12-19,ncsu,mem,31,7,-162.0,136.0,-3.5,3.5,-108.0,-112.0,-5.5,5.5,56.5,,1,espn-core,-205.0,170.0,1,0,1,151,Tampa,FL
2025-12-19,ou,ala,24,34,-142.0,120.0,-2.5,2.5,-115.0,-105.0,1.5,-1.5,42.5,,1,espn-core,100.0,-120.0,0,0,8,8,Norman,OK
2025-12-19,wmu,kenn,41,6,-166.0,140.0,-3.5,3.5,-105.0,-115.0,-3.0,3.0,47.5,,1,espn-core,-148.0,124.0,1,0,15,12,Conway,SC
2025-12-20,miss,tuln,41,10,-950.0,625.0,-16.5,16.5,-112.0,-108.0,-16.5,16.5,57.5,,1,espn-core,-850.0,575.0,0,0,8,151,Oxford,MS
2025-12-20,ore,jmu,51,34,-1650.0,950.0,-20.5,20.5,-108.0,-112.0,-21.5,21.5,47.5,,1,espn-core,-2100.0,1100.0,0,0,5,37,Eugene,OR
2025-12-20,ta&m,mia,3,10,-142.0,120.0,-3.0,3.0,-102.0,-118.0,-4.0,4.0,48.5,,1,espn-core,-175.0,145.0,0,0,8,1,College Station,TX
2025-12-22,usu,wsu,21,34,-115.0,-105.0,-1.5,1.5,-108.0,-112.0,1.5,-1.5,50.5,,1,espn-core,-105.0,-115.0,1,0,17,9,Boise,ID
2025-12-23,lou,tol,27,22,-470.0,360.0,-11.5,11.5,-112.0,-108.0,-9.5,9.5,44.5,,1,espn-core,-345.0,275.0,1,0,1,15,Boca Raton,FL
2025-12-23,ohio,unlv,17,10,205.0,-250.0,6.5,-6.5,-110.0,-110.0,4.5,-4.5,64.5,,1,espn-core,150.0,-180.0,1,0,15,17,Frisco,TX
2025-12-23,usm,wku,16,27,-142.0,120.0,-2.5,2.5,-115.0,-105.0,2.5,-2.5,59.5,,1,espn-core,110.0,-130.0,1,0,37,12,New Orleans,LA
2025-12-24,haw,cal,35,31,-118.0,-102.0,-1.5,1.5,-110.0,-110.0,1.5,-1.5,50.5,,1,espn-core,100.0,-120.0,0,0,17,1,Honolulu,HI
2025-12-26,minn,unm,20,17,-118.0,-102.0,-1.5,1.5,-108.0,-112.0,-3.0,3.0,44.5,,1,espn-core,-148.0,124.0,1,0,5,17,Phoenix,AZ
2025-12-26,nu,cmu,34,7,-520.0,390.0,-13.5,13.5,-108.0,-112.0,-12.5,12.5,43.5,,1,espn-core,-470.0,360.0,1,0,5,15,Detroit,MI
2025-12-26,utsa,fiu,57,20,-265.0,215.0,-7.5,7.5,-105.0,-115.0,-8.5,8.5,63.5,,1,espn-core,-375.0,295.0,1,0,151,12,Dallas,TX
2025-12-27,army,conn,41,16,-310.0,250.0,-7.5,7.5,-115.0,-105.0,3.5,-3.5,41.5,,1,espn-core,136.0,-162.0,1,0,151,18,Boston,MA
2025-12-27,byu,gt,25,21,-180.0,150.0,-3.5,3.5,-105.0,-115.0,-2.5,2.5,55.5,,1,espn-core,-142.0,120.0,1,0,4,1,Orlando,FL
2025-12-27,clem,psu,10,22,-130.0,110.0,-2.5,2.5,-108.0,-112.0,1.5,-1.5,47.5,,1,espn-core,-105.0,-115.0,1,0,1,5,Bronx,NY
2025-12-27,ecu,pitt,23,17,370.0,-485.0,13.5,-13.5,-115.0,-105.0,6.0,-6.0,51.5,,1,espn-core,170.0,-205.0,1,0,151,1,Annapolis,MD
2025-12-27,fres,m-oh,18,3,-198.0,164.0,-5.5,5.5,-108.0,-112.0,-3.5,3.5,40.5,,1,espn-core,-166.0,140.0,1,0,17,15,Tucson,AZ
2025-12-27,hou,lsu,38,35,-110.0,-110.0,-1.5,1.5,-105.0,-115.0,-1.5,1.5,43.5,,1,espn-core,-120.0,100.0,1,0,4,8,Houston,TX
2025-12-27,miz,uva,7,13,-185.0,154.0,-4.0,4.0,-112.0,-108.0,-7.0,7.0,43.5,,1,espn-core,-258.0,210.0,1,0,8,1,Jacksonville,FL
2025-12-27,sdsu,unt,47,49,245.0,-305.0,7.5,-7.5,-115.0,-105.0,6.5,-6.5,55.5,,1,espn-core,205.0,-250.0,1,0,17,151,Albuquerque,NM
2025-12-29,app,gaso,10,29,285.0,-360.0,10.0,-10.0,-110.0,-110.0,2.5,-2.5,58.5,,1,espn-core,110.0,-130.0,1,0,37,37,Birmingham,AL
2025-12-30,ill,tenn,30,28,120.0,-142.0,3.0,-3.0,-115.0,-105.0,6.5,-6.5,61.5,,1,espn-core,185.0,-225.0,1,0,5,8,Nashville,TN
2025-12-30,lt,ccu,23,14,-395.0,310.0,-10.0,10.0,-112.0,-108.0,-7.0,7.0,51.5,,1,espn-core,-285.0,230.0,1,0,12,37,Shreveport,LA
2025-12-30,tcu,usc,30,27,170.0,-205.0,4.5,-4.5,-105.0,-115.0,5.5,-5.5,56.5,,1,espn-core,180.0,-218.0,1,0,4,5,San Antonio,TX
2025-12-31,duke,asu,42,39,-180.0,150.0,-4.0,4.0,-108.0,-112.0,-1.5,1.5,49.5,,1,espn-core,-118.0,-102.0,1,0,1,4,El Paso,TX
2025-12-31,osu,mia,14,24,-325.0,260.0,-7.5,7.5,-112.0,-108.0,-9.5,9.5,39.5,,1,espn-core,-395.0,310.0,1,0,5,1,Arlington,TX
2025-12-31,tex,mich,41,27,-192.0,160.0,-4.0,4.0,-112.0,-108.0,-4.5,4.5,50.5,,1,espn-core,-185.0,154.0,1,0,8,5,Orlando,FL
2025-12-31,utah,neb,44,22,-500.0,380.0,-13.5,13.5,-115.0,-105.0,-13.5,13.5,51.5,,1,espn-core,-575.0,425.0,1,0,4,5,Las Vegas,NV
2025-12-31,van,iowa,27,34,-162.0,136.0,-3.0,3.0,-115.0,-105.0,-4.0,4.0,47.5,,1,espn-core,-180.0,150.0,1,0,8,5,Tampa,FL
2026-01-01,iu,ala,38,3,-278.0,225.0,-7.5,7.5,-105.0,-115.0,-6.5,6.5,46.5,,1,espn-core,-245.0,200.0,1,0,5,8,Pasadena,CA
2026-01-01,ttu,ore,0,23,-115.0,-105.0,-1.5,1.5,-105.0,-115.0,1.5,-1.5,50.5,,1,espn-core,100.0,-120.0,1,0,4,5,Miami Gardens,FL
2026-01-01,uga,miss,34,39,-218.0,180.0,-6.0,6.0,-112.0,-108.0,-6.5,6.5,53.5,,1,espn-core,-258.0,210.0,1,0,8,8,New Orleans,LA
2026-01-02,cin,navy,13,35,245.0,-305.0,7.5,-7.5,-115.0,-105.0,-6.5,6.5,57.5,,1,espn-core,-238.0,195.0,1,0,4,151,Memphis,TN
2026-01-02,msst,wake,29,43,-148.0,124.0,-3.0,3.0,-108.0,-112.0,-3.0,3.0,52.5,,1,espn-core,-148.0,124.0,1,0,8,1,Charlotte,NC
2026-01-02,smu,ariz,24,19,-142.0,120.0,-2.5,2.5,-115.0,-105.0,1.5,-1.5,55.5,,1,espn-core,100.0,-120.0,1,0,1,4,San Diego,CA
2026-01-02,txst,rice,41,10,-900.0,600.0,-19.5,19.5,-108.0,-112.0,-10.5,10.5,55.5,,1,espn-core,-395.0,310.0,1,0,37,151,Fort Worth,TX
2026-01-08,miss,mia,27,31,142.0,-170.0,3.0,-3.0,-102.0,-118.0,3.0,-3.0,52.5,,1,espn-core,130.0,-155.0,1,0,8,1,Glendale,AZ
2026-01-09,iu,ore,56,22,-175.0,145.0,-3.0,3.0,-118.0,-102.0,-4.0,4.0,50.5,,1,espn-core,-185.0,154.0,1,0,5,5,Atlanta,GA
2026-01-19,iu,mia,27,21,-310.0,250.0,-7.5,7.5,-112.0,-108.0,-7.5,7.5,47.5,,1,espn-core,-325.0,260.0,0,0,5,1,Miami Gardens,FL
