league,season,date,home,away,home_xg,away_xg
Bundesliga,2020,2020-09-18,Bayern Munich,Schalke 04,4.62088,0.14975
Bundesliga,2020,2020-09-19,Eintracht Frankfurt,Arminia Bielefeld,2.46928,0.618787
Bundesliga,2020,2020-09-19,Union Berlin,Augsburg,1.04515,1.42046
Bundesliga,2020,2020-09-19,FC Cologne,Hoffenheim,2.40801,2.9032
Bundesliga,2020,2020-09-19,Werder Bremen,Hertha Berlin,0.495892,2.05406
Bundesliga,2020,2020-09-19,VfB Stuttgart,Freiburg,2.15741,2.07011
Bundesliga,2020,2020-09-19,Borussia Dortmund,Borussia M.Gladbach,1.70398,0.510293
Bundesliga,2020,2020-09-20,RasenBallsport Leipzig,Mainz 05,3.22891,1.07201
Bundesliga,2020,2020-09-20,Wolfsburg,Bayer Leverkusen,1.27652,0.441229
Bundesliga,2020,2020-09-25,Hertha Berlin,Eintracht Frankfurt,1.55994,1.62111
Bundesliga,2020,2020-09-26,Mainz 05,VfB Stuttgart,1.04484,2.9689
Bundesliga,2020,2020-09-26,Augsburg,Borussia Dortmund,1.44779,1.5267
Bundesliga,2020,2020-09-26,Arminia Bielefeld,FC Cologne,0.163242,1.3741
Bundesliga,2020,2020-09-26,Borussia M.Gladbach,Union Berlin,1.47627,0.771461
Bundesliga,2020,2020-09-26,Bayer Leverkusen,RasenBallsport Leipzig,0.91247,1.20453
Bundesliga,2020,2020-09-26,Schalke 04,Werder Bremen,1.67597,3.10437
Bundesliga,2020,2020-09-27,Hoffenheim,Bayern Munich,2.52339,1.17311
Bundesliga,2020,2020-09-27,Freiburg,Wolfsburg,0.92465,0.413442
Bundesliga,2020,2020-10-02,Union Berlin,Mainz 05,2.07145,0.189144
Bundesliga,2020,2020-10-03,FC Cologne,Borussia M.Gladbach,0.244959,2.0629
Bundesliga,2020,2020-10-03,Werder Bremen,Arminia Bielefeld,0.346071,1.02247
Bundesliga,2020,2020-10-03,VfB Stuttgart,Bayer Leverkusen,0.799979,1.69772
Bundesliga,2020,2020-10-03,Borussia Dortmund,Freiburg,2.82762,0.445096
Bundesliga,2020,2020-10-03,Eintracht Frankfurt,Hoffenheim,3.57344,0.769689
Bundesliga,2020,2020-10-03,RasenBallsport Leipzig,Schalke 04,3.25836,0.215209
Bundesliga,2020,2020-10-04,Wolfsburg,Augsburg,1.31989,1.80757
Bundesliga,2020,2020-10-04,Bayern Munich,Hertha Berlin,3.99311,1.24509
Bundesliga,2020,2020-10-17,Hoffenheim,Borussia Dortmund,0.877373,1.84829
Bundesliga,2020,2020-10-17,Freiburg,Werder Bremen,1.05894,1.6646
Bundesliga,2020,2020-10-17,Hertha Berlin,VfB Stuttgart,1.42805,1.40822
Bundesliga,2020,2020-10-17,Augsburg,RasenBallsport Leipzig,0.550472,2.39694
Bundesliga,2020,2020-10-17,Mainz 05,Bayer Leverkusen,0.214962,0.454109
Bundesliga,2020,2020-10-17,Arminia Bielefeld,Bayern Munich,1.21235,3.29447
Bundesliga,2020,2020-10-17,Borussia M.Gladbach,Wolfsburg,2.11077,1.34469
Bundesliga,2020,2020-10-18,FC Cologne,Eintracht Frankfurt,1.41695,1.54892
Bundesliga,2020,2020-10-18,Schalke 04,Union Berlin,0.250814,0.831403
Bundesliga,2020,2020-10-23,VfB Stuttgart,FC Cologne,0.722179,2.37516
Bundesliga,2020,2020-10-24,Union Berlin,Freiburg,1.28488,0.271576
Bundesliga,2020,2020-10-24,Mainz 05,Borussia M.Gladbach,1.90042,3.07629
Bundesliga,2020,2020-10-24,RasenBallsport Leipzig,Hertha Berlin,2.68523,0.802136
Bundesliga,2020,2020-10-24,Bayern Munich,Eintracht Frankfurt,3.80823,0.429229
Bundesliga,2020,2020-10-24,Borussia Dortmund,Schalke 04,1.48384,0.236172
Bundesliga,2020,2020-10-25,Wolfsburg,Arminia Bielefeld,2.77748,0.664903
Bundesliga,2020,2020-10-25,Werder Bremen,Hoffenheim,0.229596,0.870978
Bundesliga,2020,2020-10-26,Bayer Leverkusen,Augsburg,2.6291,0.342366
Bundesliga,2020,2020-10-30,Schalke 04,VfB Stuttgart,0.726659,1.56968
Bundesliga,2020,2020-10-31,FC Cologne,Bayern Munich,0.681548,0.992927
Bundesliga,2020,2020-10-31,Augsburg,Mainz 05,1.78716,1.01141
Bundesliga,2020,2020-10-31,Arminia Bielefeld,Borussia Dortmund,0.255813,2.75909
Bundesliga,2020,2020-10-31,Eintracht Frankfurt,Werder Bremen,2.49235,0.733652
Bundesliga,2020,2020-10-31,Borussia M.Gladbach,RasenBallsport Leipzig,0.615287,0.695278
Bundesliga,2020,2020-11-01,Freiburg,Bayer Leverkusen,1.18284,1.34088
Bundesliga,2020,2020-11-01,Hertha Berlin,Wolfsburg,1.25246,0.397923
Bundesliga,2020,2020-11-02,Hoffenheim,Union Berlin,1.49329,3.66229
Bundesliga,2020,2020-11-06,Werder Bremen,FC Cologne,1.35118,0.399372
Bundesliga,2020,2020-11-07,VfB Stuttgart,Eintracht Frankfurt,2.0858,3.48931
Bundesliga,2020,2020-11-07,RasenBallsport Leipzig,Freiburg,2.43212,0.577152
Bundesliga,2020,2020-11-07,Union Berlin,Arminia Bielefeld,2.25166,0.259002
Bundesliga,2020,2020-11-07,Mainz 05,Schalke 04,3.36371,1.70687
Bundesliga,2020,2020-11-07,Augsburg,Hertha Berlin,0.350601,2.51682
Bundesliga,2020,2020-11-07,Borussia Dortmund,Bayern Munich,2.30881,1.33621
Bundesliga,2020,2020-11-08,Wolfsburg,Hoffenheim,2.65255,2.63695
Bundesliga,2020,2020-11-08,Bayer Leverkusen,Borussia M.Gladbach,1.53904,3.02085
Bundesliga,2020,2020-11-21,Bayern Munich,Werder Bremen,1.6736,1.63104
Bundesliga,2020,2020-11-21,Borussia M.Gladbach,Augsburg,1.70506,0.813971
Bundesliga,2020,2020-11-21,Hoffenheim,VfB Stuttgart,1.75486,1.45618
Bundesliga,2020,2020-11-21,Schalke 04,Wolfsburg,1.00376,2.66289
Bundesliga,2020,2020-11-21,Arminia Bielefeld,Bayer Leverkusen,0.0,1.32693
Bundesliga,2020,2020-11-21,Eintracht Frankfurt,RasenBallsport Leipzig,0.888746,0.911677
Bundesliga,2020,2020-11-21,Hertha Berlin,Borussia Dortmund,1.20761,2.83449
Bundesliga,2020,2020-11-22,Freiburg,Mainz 05,1.47979,3.20461
Bundesliga,2020,2020-11-22,FC Cologne,Union Berlin,1.08472,1.89238
Bundesliga,2020,2020-11-27,Wolfsburg,Werder Bremen,1.53686,0.860897
Bundesliga,2020,2020-11-28,Borussia Dortmund,FC Cologne,2.76041,1.59253
Bundesliga,2020,2020-11-28,RasenBallsport Leipzig,Arminia Bielefeld,2.84171,1.76313
Bundesliga,2020,2020-11-28,Union Berlin,Eintracht Frankfurt,1.95856,1.33746
Bundesliga,2020,2020-11-28,Augsburg,Freiburg,0.385539,0.470106
Bundesliga,2020,2020-11-28,VfB Stuttgart,Bayern Munich,1.38666,0.889035
Bundesliga,2020,2020-11-28,Borussia M.Gladbach,Schalke 04,3.15544,0.734533
Bundesliga,2020,2020-11-29,Bayer Leverkusen,Hertha Berlin,1.04196,0.517533
Bundesliga,2020,2020-11-29,Mainz 05,Hoffenheim,1.78391,1.1082
Bundesliga,2020,2020-12-04,Hertha Berlin,Union Berlin,0.768378,0.268079
Bundesliga,2020,2020-12-05,Freiburg,Borussia M.Gladbach,4.02129,1.66853
Bundesliga,2020,2020-12-05,Eintracht Frankfurt,Borussia Dortmund,0.847822,1.1385
Bundesliga,2020,2020-12-05,FC Cologne,Wolfsburg,1.08565,1.90682
Bundesliga,2020,2020-12-05,Arminia Bielefeld,Mainz 05,1.18485,2.54193
Bundesliga,2020,2020-12-05,Bayern Munich,RasenBallsport Leipzig,1.00047,1.56492
Bundesliga,2020,2020-12-06,Werder Bremen,VfB Stuttgart,0.647875,2.13261
Bundesliga,2020,2020-12-06,Schalke 04,Bayer Leverkusen,1.22701,2.45305
Bundesliga,2020,2020-12-07,Hoffenheim,Augsburg,1.45954,0.793064
Bundesliga,2020,2020-12-11,Wolfsburg,Eintracht Frankfurt,2.81209,1.51392
Bundesliga,2020,2020-12-12,Borussia Dortmund,VfB Stuttgart,0.776004,3.07677
Bundesliga,2020,2020-12-12,RasenBallsport Leipzig,Werder Bremen,2.40107,0.599394
Bundesliga,2020,2020-12-12,Borussia M.Gladbach,Hertha Berlin,1.35982,0.36509
Bundesliga,2020,2020-12-12,Freiburg,Arminia Bielefeld,2.43027,0.238384
Bundesliga,2020,2020-12-12,Mainz 05,FC Cologne,1.26169,0.838955
Bundesliga,2020,2020-12-12,Union Berlin,Bayern Munich,1.08682,1.06474
Bundesliga,2020,2020-12-13,Augsburg,Schalke 04,1.25437,1.90769
Bundesliga,2020,2020-12-13,Bayer Leverkusen,Hoffenheim,2.12151,1.67451
Bundesliga,2020,2020-12-15,Eintracht Frankfurt,Borussia M.Gladbach,2.12722,1.14256
Bundesliga,2020,2020-12-15,Hertha Berlin,Mainz 05,0.490128,0.742962
Bundesliga,2020,2020-12-15,Werder Bremen,Borussia Dortmund,0.14594,3.37771
Bundesliga,2020,2020-12-15,VfB Stuttgart,Union Berlin,2.18597,1.01547
Bundesliga,2020,2020-12-16,Schalke 04,Freiburg,0.376573,1.15776
Bundesliga,2020,2020-12-16,FC Cologne,Bayer Leverkusen,0.251532,1.93376
Bundesliga,2020,2020-12-16,Arminia Bielefeld,Augsburg,0.702085,0.370523
Bundesliga,2020,2020-12-16,Bayern Munich,Wolfsburg,1.26746,1.10816
Bundesliga,2020,2020-12-16,Hoffenheim,RasenBallsport Leipzig,0.752599,0.476324
Bundesliga,2020,2020-12-18,Union Berlin,Borussia Dortmund,1.38214,1.1837
Bundesliga,2020,2020-12-19,RasenBallsport Leipzig,FC Cologne,1.57839,0.205395
Bundesliga,2020,2020-12-19,Borussia M.Gladbach,Hoffenheim,2.12823,2.28754
Bundesliga,2020,2020-12-19,Schalke 04,Arminia Bielefeld,0.338524,0.89989
Bundesliga,2020,2020-12-19,Mainz 05,Werder Bremen,0.388426,1.30319
Bundesliga,2020,2020-12-19,Augsburg,Eintracht Frankfurt,1.44889,2.37301
Bundesliga,2020,2020-12-19,Bayer Leverkusen,Bayern Munich,0.307742,1.41401
Bundesliga,2020,2020-12-20,Freiburg,Hertha Berlin,2.96729,1.03828
Bundesliga,2020,2020-12-20,Wolfsburg,VfB Stuttgart,1.67526,1.10934
Bundesliga,2020,2021-01-02,Hoffenheim,Freiburg,1.14476,2.08
Bundesliga,2020,2021-01-02,Eintracht Frankfurt,Bayer Leverkusen,1.34155,0.752325
Bundesliga,2020,2021-01-02,FC Cologne,Augsburg,0.454651,1.23997
Bundesliga,2020,2021-01-02,Werder Bremen,Union Berlin,1.0178,1.30377
Bundesliga,2020,2021-01-02,Arminia Bielefeld,Borussia M.Gladbach,0.707828,1.88594
Bundesliga,2020,2021-01-02,Hertha Berlin,Schalke 04,2.06576,0.717925
Bundesliga,2020,2021-01-02,VfB Stuttgart,RasenBallsport Leipzig,0.891246,2.64018
Bundesliga,2020,2021-01-03,Borussia Dortmund,Wolfsburg,2.00235,1.21991
Bundesliga,2020,2021-01-03,Bayern Munich,Mainz 05,4.11014,1.1937
Bundesliga,2020,2021-01-08,Borussia M.Gladbach,Bayern Munich,0.96923,1.32717
Bundesliga,2020,2021-01-09,Bayer Leverkusen,Werder Bremen,0.588228,0.481943
Bundesliga,2020,2021-01-09,Freiburg,FC Cologne,2.91627,0.139728
Bundesliga,2020,2021-01-09,Union Berlin,Wolfsburg,1.00289,1.89061
Bundesliga,2020,2021-01-09,Schalke 04,Hoffenheim,2.13307,1.84328
Bundesliga,2020,2021-01-09,Mainz 05,Eintracht Frankfurt,1.10303,2.44043
Bundesliga,2020,2021-01-09,RasenBallsport Leipzig,Borussia Dortmund,1.59439,2.57475
Bundesliga,2020,2021-01-10,Augsburg,VfB Stuttgart,0.97454,4.01214
Bundesliga,2020,2021-01-10,Arminia Bielefeld,Hertha Berlin,0.623296,0.603143
Bundesliga,2020,2021-01-15,Union Berlin,Bayer Leverkusen,1.21832,0.794473
Bundesliga,2020,2021-01-16,Borussia Dortmund,Mainz 05,1.89801,0.536442
Bundesliga,2020,2021-01-16,Hoffenheim,Arminia Bielefeld,0.655307,0.596397
Bundesliga,2020,2021-01-16,Wolfsburg,RasenBallsport Leipzig,0.806904,2.41624
Bundesliga,2020,2021-01-16,FC Cologne,Hertha Berlin,0.336553,0.419961
Bundesliga,2020,2021-01-16,Werder Bremen,Augsburg,1.20083,0.943511
Bundesliga,2020,2021-01-16,VfB Stuttgart,Borussia M.Gladbach,1.63795,1.43375
Bundesliga,2020,2021-01-17,Bayern Munich,Freiburg,3.01697,0.76215
Bundesliga,2020,2021-01-17,Eintracht Frankfurt,Schalke 04,1.97864,0.135505
Bundesliga,2020,2021-01-19,Borussia M.Gladbach,Werder Bremen,0.645527,0.813286
Bundesliga,2020,2021-01-19,Bayer Leverkusen,Borussia Dortmund,1.82076,1.25761
Bundesliga,2020,2021-01-19,Hertha Berlin,Hoffenheim,1.33502,1.07527
Bundesliga,2020,2021-01-19,Mainz 05,Wolfsburg,0.372223,0.989418
Bundesliga,2020,2021-01-20,Schalke 04,FC Cologne,1.14009,1.7479
Bundesliga,2020,2021-01-20,RasenBallsport Leipzig,Union Berlin,1.34987,0.121799
Bundesliga,2020,2021-01-20,Freiburg,Eintracht Frankfurt,0.850102,1.45197
Bundesliga,2020,2021-01-20,Augsburg,Bayern Munich,1.21994,1.98194
Bundesliga,2020,2021-01-20,Arminia Bielefeld,VfB Stuttgart,1.8577,1.32249
Bundesliga,2020,2021-01-22,Borussia M.Gladbach,Borussia Dortmund,2.33235,1.93273
Bundesliga,2020,2021-01-23,Bayer Leverkusen,Wolfsburg,0.572384,1.0586
Bundesliga,2020,2021-01-23,Freiburg,VfB Stuttgart,1.53443,3.02675
Bundesliga,2020,2021-01-23,Mainz 05,RasenBallsport Leipzig,1.97152,1.86151
Bundesliga,2020,2021-01-23,Augsburg,Union Berlin,0.94986,1.62585
Bundesliga,2020,2021-01-23,Arminia Bielefeld,Eintracht Frankfurt,0.328715,2.56406
Bundesliga,2020,2021-01-23,Hertha Berlin,Werder Bremen,1.99787,1.39323
Bundesliga,2020,2021-01-24,Schalke 04,Bayern Munich,0.937959,3.12798
Bundesliga,2020,2021-01-24,Hoffenheim,FC Cologne,2.66263,2.28505
Bundesliga,2020,2021-01-29,VfB Stuttgart,Mainz 05,1.02742,0.298779
Bundesliga,2020,2021-01-30,Bayern Munich,Hoffenheim,1.94572,1.87397
Bundesliga,2020,2021-01-30,Borussia Dortmund,Augsburg,1.92275,0.305739
Bundesliga,2020,2021-01-30,Eintracht Frankfurt,Hertha Berlin,1.78331,0.381451
Bundesliga,2020,2021-01-30,Union Berlin,Borussia M.Gladbach,0.691595,0.580509
Bundesliga,2020,2021-01-30,Werder Bremen,Schalke 04,0.64374,0.467918
Bundesliga,2020,2021-01-30,RasenBallsport Leipzig,Bayer Leverkusen,1.68828,0.905761
Bundesliga,2020,2021-01-31,FC Cologne,Arminia Bielefeld,1.50709,0.949382
Bundesliga,2020,2021-01-31,Wolfsburg,Freiburg,2.00557,0.684054
Bundesliga,2020,2021-02-05,Hertha Berlin,Bayern Munich,1.24698,1.8015
Bundesliga,2020,2021-02-06,Bayer Leverkusen,VfB Stuttgart,4.60657,1.30625
Bundesliga,2020,2021-02-06,Freiburg,Borussia Dortmund,0.167725,1.28601
Bundesliga,2020,2021-02-06,Schalke 04,RasenBallsport Leipzig,0.125218,3.10182
Bundesliga,2020,2021-02-06,Mainz 05,Union Berlin,2.20728,0.937962
Bundesliga,2020,2021-02-06,Augsburg,Wolfsburg,0.384821,2.19806
Bundesliga,2020,2021-02-06,Borussia M.Gladbach,FC Cologne,0.42778,0.816611
Bundesliga,2020,2021-02-07,Hoffenheim,Eintracht Frankfurt,0.637718,1.26357
Bundesliga,2020,2021-02-12,RasenBallsport Leipzig,Augsburg,2.26243,0.938388
Bundesliga,2020,2021-02-13,Borussia Dortmund,Hoffenheim,1.19058,2.19249
Bundesliga,2020,2021-02-13,Bayer Leverkusen,Mainz 05,1.75183,2.27515
Bundesliga,2020,2021-02-13,Werder Bremen,Freiburg,0.907057,0.375641
Bundesliga,2020,2021-02-13,VfB Stuttgart,Hertha Berlin,1.3857,0.832358
Bundesliga,2020,2021-02-13,Union Berlin,Schalke 04,1.9379,0.335784
Bundesliga,2020,2021-02-14,Eintracht Frankfurt,FC Cologne,2.94491,0.554721
Bundesliga,2020,2021-02-14,Wolfsburg,Borussia M.Gladbach,0.641105,0.663321
Bundesliga,2020,2021-02-15,Bayern Munich,Arminia Bielefeld,2.29294,1.71797
Bundesliga,2020,2021-02-19,Arminia Bielefeld,Wolfsburg,0.319638,1.67634
Bundesliga,2020,2021-02-20,Borussia M.Gladbach,Mainz 05,0.659888,0.665514
Bundesliga,2020,2021-02-20,Freiburg,Union Berlin,0.836092,1.49682
Bundesliga,2020,2021-02-20,Eintracht Frankfurt,Bayern Munich,1.9074,1.5483
Bundesliga,2020,2021-02-20,FC Cologne,VfB Stuttgart,0.650885,0.606729
Bundesliga,2020,2021-02-20,Schalke 04,Borussia Dortmund,0.830269,1.85349
Bundesliga,2020,2021-02-21,Augsburg,Bayer Leverkusen,0.931657,0.397505
Bundesliga,2020,2021-02-21,Hertha Berlin,RasenBallsport Leipzig,0.859063,1.16338
Bundesliga,2020,2021-02-21,Hoffenheim,Werder Bremen,2.66057,0.109963
Bundesliga,2020,2021-02-26,Werder Bremen,Eintracht Frankfurt,1.10682,1.17887
Bundesliga,2020,2021-02-27,Bayern Munich,FC Cologne,2.40221,0.985369
Bundesliga,2020,2021-02-27,Borussia Dortmund,Arminia Bielefeld,2.50855,0.636679
Bundesliga,2020,2021-02-27,Wolfsburg,Hertha Berlin,0.620957,1.18868
Bundesliga,2020,2021-02-27,VfB Stuttgart,Schalke 04,2.68633,1.64536
Bundesliga,2020,2021-02-27,RasenBallsport Leipzig,Borussia M.Gladbach,1.89119,1.94164
Bundesliga,2020,2021-02-28,Union Berlin,Hoffenheim,0.958613,1.53526
Bundesliga,2020,2021-02-28,Mainz 05,Augsburg,0.454814,1.27616
Bundesliga,2020,2021-02-28,Bayer Leverkusen,Freiburg,1.15987,1.47636
Bundesliga,2020,2021-03-05,Schalke 04,Mainz 05,0.414149,0.848925
Bundesliga,2020,2021-03-06,Hertha Berlin,Augsburg,2.68531,0.836158
Bundesliga,2020,2021-03-06,Borussia M.Gladbach,Bayer Leverkusen,0.544034,1.36843
Bundesliga,2020,2021-03-06,Hoffenheim,Wolfsburg,0.989132,1.82597
Bundesliga,2020,2021-03-06,Freiburg,RasenBallsport Leipzig,0.197373,1.97309
Bundesliga,2020,2021-03-06,Eintracht Frankfurt,VfB Stuttgart,1.56516,1.15519
Bundesliga,2020,2021-03-06,Bayern Munich,Borussia Dortmund,2.69537,0.723629
Bundesliga,2020,2021-03-07,FC Cologne,Werder Bremen,1.50386,1.20768
Bundesliga,2020,2021-03-07,Arminia Bielefeld,Union Berlin,0.213406,1.49282
Bundesliga,2020,2021-03-10,Arminia Bielefeld,Werder Bremen,2.49186,1.64589
Bundesliga,2020,2021-03-12,Augsburg,Borussia M.Gladbach,1.14857,2.30606
Bundesliga,2020,2021-03-13,Wolfsburg,Schalke 04,2.50491,0.241952
Bundesliga,2020,2021-03-13,Union Berlin,FC Cologne,2.37875,1.05403
Bundesliga,2020,2021-03-13,Mainz 05,Freiburg,1.83812,1.48247
Bundesliga,2020,2021-03-13,Werder Bremen,Bayern Munich,0.76636,3.96745
Bundesliga,2020,2021-03-13,Borussia Dortmund,Hertha Berlin,1.93335,0.0761441
Bundesliga,2020,2021-03-14,Bayer Leverkusen,Arminia Bielefeld,2.37314,2.28117
Bundesliga,2020,2021-03-14,RasenBallsport Leipzig,Eintracht Frankfurt,1.81298,0.694577
Bundesliga,2020,2021-03-14,VfB Stuttgart,Hoffenheim,1.03802,0.97511
Bundesliga,2020,2021-03-19,Arminia Bielefeld,RasenBallsport Leipzig,0.290363,2.509
Bundesliga,2020,2021-03-20,Bayern Munich,VfB Stuttgart,2.6153,1.12324
Bundesliga,2020,2021-03-20,Eintracht Frankfurt,Union Berlin,2.53513,2.9206
Bundesliga,2020,2021-03-20,FC Cologne,Borussia Dortmund,1.32405,1.81107
Bundesliga,2020,2021-03-20,Werder Bremen,Wolfsburg,1.06983,1.20287
Bundesliga,2020,2021-03-20,Schalke 04,Borussia M.Gladbach,0.185724,2.06675
Bundesliga,2020,2021-03-21,Hoffenheim,Mainz 05,1.05065,3.20297
Bundesliga,2020,2021-03-21,Hertha Berlin,Bayer Leverkusen,2.00238,2.00246
Bundesliga,2020,2021-03-21,Freiburg,Augsburg,2.06607,0.821272
Bundesliga,2020,2021-04-03,Borussia Dortmund,Eintracht Frankfurt,2.14799,1.7596
Bundesliga,2020,2021-04-03,Bayer Leverkusen,Schalke 04,0.861271,1.05068
Bundesliga,2020,2021-04-03,Wolfsburg,FC Cologne,0.729338,1.20907
Bundesliga,2020,2021-04-03,Mainz 05,Arminia Bielefeld,2.45668,0.376815
Bundesliga,2020,2021-04-03,Augsburg,Hoffenheim,0.560474,0.754596
Bundesliga,2020,2021-04-03,RasenBallsport Leipzig,Bayern Munich,0.486813,0.597457
Bundesliga,2020,2021-04-03,Borussia M.Gladbach,Freiburg,1.48872,1.96748
Bundesliga,2020,2021-04-04,VfB Stuttgart,Werder Bremen,0.695308,0.362475
Bundesliga,2020,2021-04-04,Union Berlin,Hertha Berlin,0.801212,0.850228
Bundesliga,2020,2021-04-09,Arminia Bielefeld,Freiburg,1.35635,0.4306
Bundesliga,2020,2021-04-10,Bayern Munich,Union Berlin,0.809251,0.908459
Bundesliga,2020,2021-04-10,Eintracht Frankfurt,Wolfsburg,0.748811,1.69595
Bundesliga,2020,2021-04-10,Hertha Berlin,Borussia M.Gladbach,1.41784,1.24723
Bundesliga,2020,2021-04-10,Werder Bremen,RasenBallsport Leipzig,1.32791,1.68371
Bundesliga,2020,2021-04-10,VfB Stuttgart,Borussia Dortmund,1.51604,1.12634
Bundesliga,2020,2021-04-11,Schalke 04,Augsburg,0.858301,1.14952
Bundesliga,2020,2021-04-11,FC Cologne,Mainz 05,2.49731,1.51737
Bundesliga,2020,2021-04-12,Hoffenheim,Bayer Leverkusen,0.0916581,0.32178
Bundesliga,2020,2021-04-16,RasenBallsport Leipzig,Hoffenheim,1.43967,0.179248
Bundesliga,2020,2021-04-17,Borussia M.Gladbach,Eintracht Frankfurt,2.95451,0.609687
Bundesliga,2020,2021-04-17,Wolfsburg,Bayern Munich,1.25011,1.72716
Bundesliga,2020,2021-04-17,Freiburg,Schalke 04,2.07564,0.716727
Bundesliga,2020,2021-04-17,Union Berlin,VfB Stuttgart,1.53511,0.790129
Bundesliga,2020,2021-04-17,Augsburg,Arminia Bielefeld,0.752755,0.824002
Bundesliga,2020,2021-04-17,Bayer Leverkusen,FC Cologne,1.98802,0.828829
Bundesliga,2020,2021-04-18,Borussia Dortmund,Werder Bremen,3.07111,0.973347
Bundesliga,2020,2021-04-20,FC Cologne,RasenBallsport Leipzig,0.594852,2.01175
Bundesliga,2020,2021-04-20,Bayern Munich,Bayer Leverkusen,1.89266,0.540312
Bundesliga,2020,2021-04-20,Eintracht Frankfurt,Augsburg,1.16892,1.41189
Bundesliga,2020,2021-04-20,Arminia Bielefeld,Schalke 04,2.29829,0.252122
Bundesliga,2020,2021-04-21,Borussia Dortmund,Union Berlin,6.37227,0.274853
Bundesliga,2020,2021-04-21,Hoffenheim,Borussia M.Gladbach,2.31017,0.8843
Bundesliga,2020,2021-04-21,Werder Bremen,Mainz 05,0.8847,1.38294
Bundesliga,2020,2021-04-21,VfB Stuttgart,Wolfsburg,1.77065,1.70299
Bundesliga,2020,2021-04-23,Augsburg,FC Cologne,1.84086,1.82475
Bundesliga,2020,2021-04-24,Wolfsburg,Borussia Dortmund,1.36199,1.04957
Bundesliga,2020,2021-04-24,Freiburg,Hoffenheim,1.31762,1.55721
Bundesliga,2020,2021-04-24,Union Berlin,Werder Bremen,1.69915,0.44826
Bundesliga,2020,2021-04-24,Mainz 05,Bayern Munich,1.1149,1.16918
Bundesliga,2020,2021-04-24,Bayer Leverkusen,Eintracht Frankfurt,2.08585,1.83222
Bundesliga,2020,2021-04-25,RasenBallsport Leipzig,VfB Stuttgart,3.71376,0.128485
Bundesliga,2020,2021-04-25,Borussia M.Gladbach,Arminia Bielefeld,3.75166,0.594905
Bundesliga,2020,2021-05-03,Mainz 05,Hertha Berlin,2.8172,1.54384
Bundesliga,2020,2021-05-06,Hertha Berlin,Freiburg,2.03873,0.850618
Bundesliga,2020,2021-05-07,VfB Stuttgart,Augsburg,1.62191,2.11055
Bundesliga,2020,2021-05-08,Borussia Dortmund,RasenBallsport Leipzig,2.00128,1.50553
Bundesliga,2020,2021-05-08,Hoffenheim,Schalke 04,1.53696,0.816991
Bundesliga,2020,2021-05-08,Wolfsburg,Union Berlin,1.94262,0.577025
Bundesliga,2020,2021-05-08,Werder Bremen,Bayer Leverkusen,0.552662,1.05171
Bundesliga,2020,2021-05-08,Bayern Munich,Borussia M.Gladbach,3.02349,0.806609
Bundesliga,2020,2021-05-09,FC Cologne,Freiburg,1.72084,2.49672
Bundesliga,2020,2021-05-09,Eintracht Frankfurt,Mainz 05,0.691369,0.52553
Bundesliga,2020,2021-05-09,Hertha Berlin,Arminia Bielefeld,0.757903,0.501126
Bundesliga,2020,2021-05-12,Schalke 04,Hertha Berlin,1.07359,1.48104
Bundesliga,2020,2021-05-15,Borussia M.Gladbach,VfB Stuttgart,0.491123,0.532199
Bundesliga,2020,2021-05-15,Bayer Leverkusen,Union Berlin,1.56402,1.53974
Bundesliga,2020,2021-05-15,Freiburg,Bayern Munich,0.964354,2.49234
Bundesliga,2020,2021-05-15,Hertha Berlin,FC Cologne,0.0752744,1.65371
Bundesliga,2020,2021-05-15,Schalke 04,Eintracht Frankfurt,2.69368,3.0473
Bundesliga,2020,2021-05-15,Augsburg,Werder Bremen,1.70665,0.602641
Bundesliga,2020,2021-05-15,Arminia Bielefeld,Hoffenheim,1.65894,1.57706
Bundesliga,2020,2021-05-16,Mainz 05,Borussia Dortmund,1.38457,2.12969
Bundesliga,2020,2021-05-16,RasenBallsport Leipzig,Wolfsburg,1.9175,1.07835
Bundesliga,2020,2021-05-22,Bayern Munich,Augsburg,4.85963,1.73838
Bundesliga,2020,2021-05-22,Borussia Dortmund,Bayer Leverkusen,1.62981,1.56956
Bundesliga,2020,2021-05-22,Hoffenheim,Hertha Berlin,1.90885,1.60949
Bundesliga,2020,2021-05-22,Wolfsburg,Mainz 05,1.30713,1.57286
Bundesliga,2020,2021-05-22,Eintracht Frankfurt,Freiburg,2.30602,0.525229
Bundesliga,2020,2021-05-22,Union Berlin,RasenBallsport Leipzig,1.05622,2.4444
Bundesliga,2020,2021-05-22,FC Cologne,Schalke 04,1.98992,0.337227
Bundesliga,2020,2021-05-22,Werder Bremen,Borussia M.Gladbach,1.88004,1.99606
Bundesliga,2020,2021-05-22,VfB Stuttgart,Arminia Bielefeld,0.844397,1.52995
Bundesliga,2021,2021-08-13,Borussia M.Gladbach,Bayern Munich,1.98777,2.91794
Bundesliga,2021,2021-08-14,Arminia Bielefeld,Freiburg,0.575032,1.63663
Bundesliga,2021,2021-08-14,Augsburg,Hoffenheim,0.734658,3.44423
Bundesliga,2021,2021-08-14,VfB Stuttgart,Greuther Fuerth,4.25968,1.31466
Bundesliga,2021,2021-08-14,Union Berlin,Bayer Leverkusen,0.443841,0.7943
Bundesliga,2021,2021-08-14,Wolfsburg,Bochum,2.78774,0.297792
Bundesliga,2021,2021-08-14,Borussia Dortmund,Eintracht Frankfurt,2.83799,1.36709
Bundesliga,2021,2021-08-15,Mainz 05,RasenBallsport Leipzig,1.27109,0.841814
Bundesliga,2021,2021-08-15,FC Cologne,Hertha Berlin,1.62567,2.1078
Bundesliga,2021,2021-08-20,RasenBallsport Leipzig,VfB Stuttgart,2.86627,0.958579
Bundesliga,2021,2021-08-21,Greuther Fuerth,Arminia Bielefeld,2.57735,0.763691
Bundesliga,2021,2021-08-21,Bochum,Mainz 05,1.05301,0.817413
Bundesliga,2021,2021-08-21,Hertha Berlin,Wolfsburg,1.17401,0.558009
Bundesliga,2021,2021-08-21,Freiburg,Borussia Dortmund,1.58418,1.49634
Bundesliga,2021,2021-08-21,Eintracht Frankfurt,Augsburg,1.3297,0.16593
Bundesliga,2021,2021-08-21,Bayer Leverkusen,Borussia M.Gladbach,1.94592,1.66054
Bundesliga,2021,2021-08-22,Hoffenheim,Union Berlin,0.967015,2.35122
Bundesliga,2021,2021-08-22,Bayern Munich,FC Cologne,3.08002,0.957893
Bundesliga,2021,2021-08-27,Borussia Dortmund,Hoffenheim,3.40779,2.42487
Bundesliga,2021,2021-08-28,FC Cologne,Bochum,2.91135,0.721445
Bundesliga,2021,2021-08-28,Arminia Bielefeld,Eintracht Frankfurt,0.626534,1.78556
Bundesliga,2021,2021-08-28,Augsburg,Bayer Leverkusen,1.6937,2.1207
Bundesliga,2021,2021-08-28,Mainz 05,Greuther Fuerth,2.79493,0.304223
Bundesliga,2021,2021-08-28,VfB Stuttgart,Freiburg,2.28063,1.36171
Bundesliga,2021,2021-08-28,Bayern Munich,Hertha Berlin,4.25513,0.575566
Bundesliga,2021,2021-08-29,Union Berlin,Borussia M.Gladbach,1.56256,1.52841
Bundesliga,2021,2021-08-29,Wolfsburg,RasenBallsport Leipzig,1.11229,1.43914
Bundesliga,2021,2021-09-11,Greuther Fuerth,Wolfsburg,0.392561,1.44282
Bundesliga,2021,2021-09-11,Hoffenheim,Mainz 05,0.509713,0.933476
Bundesliga,2021,2021-09-11,Freiburg,FC Cologne,0.871642,1.50213
Bundesliga,2021,2021-09-11,Union Berlin,Augsburg,1.71533,0.831722
Bundesliga,2021,2021-09-11,Bayer Leverkusen,Borussia Dortmund,0.471066,2.2922
Bundesliga,2021,2021-09-11,RasenBallsport Leipzig,Bayern Munich,0.347898,4.30091
Bundesliga,2021,2021-09-12,Eintracht Frankfurt,VfB Stuttgart,1.46763,1.2361
Bundesliga,2021,2021-09-12,Bochum,Hertha Berlin,1.02687,0.605231
Bundesliga,2021,2021-09-12,Borussia M.Gladbach,Arminia Bielefeld,2.12932,1.53189
Bundesliga,2021,2021-09-17,Hertha Berlin,Greuther Fuerth,1.59085,1.55279
Bundesliga,2021,2021-09-18,Augsburg,Borussia M.Gladbach,0.494801,0.74574
Bundesliga,2021,2021-09-18,Mainz 05,Freiburg,1.26167,0.364252
Bundesliga,2021,2021-09-18,Arminia Bielefeld,Hoffenheim,1.00534,1.54136
Bundesliga,2021,2021-09-18,Bayern Munich,Bochum,6.88189,1.23312
Bundesliga,2021,2021-09-18,FC Cologne,RasenBallsport Leipzig,1.68932,2.03702
Bundesliga,2021,2021-09-19,VfB Stuttgart,Bayer Leverkusen,1.41677,1.59332
Bundesliga,2021,2021-09-19,Borussia Dortmund,Union Berlin,1.09855,1.7321
Bundesliga,2021,2021-09-19,Wolfsburg,Eintracht Frankfurt,1.84989,0.280625
Bundesliga,2021,2021-09-24,Greuther Fuerth,Bayern Munich,0.655908,0.677915
Bundesliga,2021,2021-09-25,Union Berlin,Arminia Bielefeld,1.25321,0.435528
Bundesliga,2021,2021-09-25,Bayer Leverkusen,Mainz 05,1.45034,0.930118
Bundesliga,2021,2021-09-25,Eintracht Frankfurt,FC Cologne,0.950916,1.10981
Bundesliga,2021,2021-09-25,RasenBallsport Leipzig,Hertha Berlin,4.25065,0.341267
Bundesliga,2021,2021-09-25,Hoffenheim,Wolfsburg,1.78602,0.504541
Bundesliga,2021,2021-09-25,Borussia M.Gladbach,Borussia Dortmund,1.65529,0.568652
Bundesliga,2021,2021-09-26,Bochum,VfB Stuttgart,0.925854,0.29441
Bundesliga,2021,2021-09-26,Freiburg,Augsburg,3.97075,0.191653
Bundesliga,2021,2021-10-01,FC Cologne,Greuther Fuerth,2.8694,0.984368
Bundesliga,2021,2021-10-02,Hertha Berlin,Freiburg,0.913547,0.861008
Bundesliga,2021,2021-10-02,VfB Stuttgart,Hoffenheim,0.76705,0.978235
Bundesliga,2021,2021-10-02,Wolfsburg,Borussia M.Gladbach,1.22196,3.51831
Bundesliga,2021,2021-10-02,Borussia Dortmund,Augsburg,2.72281,0.746485
Bundesliga,2021,2021-10-02,RasenBallsport Leipzig,Bochum,2.46461,1.51583
Bundesliga,2021,2021-10-03,Mainz 05,Union Berlin,1.25545,1.1103
Bundesliga,2021,2021-10-03,Bayern Munich,Eintracht Frankfurt,2.18047,0.389616
Bundesliga,2021,2021-10-03,Arminia Bielefeld,Bayer Leverkusen,0.447571,2.96917
Bundesliga,2021,2021-10-15,Hoffenheim,FC Cologne,4.18974,0.484187
Bundesliga,2021,2021-10-16,Greuther Fuerth,Bochum,0.69855,1.72207
Bundesliga,2021,2021-10-16,Freiburg,RasenBallsport Leipzig,1.63966,1.65528
Bundesliga,2021,2021-10-16,Union Berlin,Wolfsburg,1.32884,1.28381
Bundesliga,2021,2021-10-16,Eintracht Frankfurt,Hertha Berlin,1.70283,2.56404
Bundesliga,2021,2021-10-16,Borussia Dortmund,Mainz 05,2.3618,0.610876
Bundesliga,2021,2021-10-16,Borussia M.Gladbach,VfB Stuttgart,2.28296,0.292328
Bundesliga,2021,2021-10-17,Bayer Leverkusen,Bayern Munich,0.729378,3.44913
Bundesliga,2021,2021-10-17,Augsburg,Arminia Bielefeld,0.913256,0.285865
Bundesliga,2021,2021-10-22,Mainz 05,Augsburg,4.13366,0.664542
Bundesliga,2021,2021-10-23,Arminia Bielefeld,Borussia Dortmund,1.40239,2.58993
Bundesliga,2021,2021-10-23,Wolfsburg,Freiburg,1.72591,2.17659
Bundesliga,2021,2021-10-23,RasenBallsport Leipzig,Greuther Fuerth,2.30304,1.94277
Bundesliga,2021,2021-10-23,Bayern Munich,Hoffenheim,3.31148,0.446465
Bundesliga,2021,2021-10-23,Hertha Berlin,Borussia M.Gladbach,1.47383,0.47063
Bundesliga,2021,2021-10-24,FC Cologne,Bayer Leverkusen,1.71198,1.79735
Bundesliga,2021,2021-10-24,VfB Stuttgart,Union Berlin,0.426401,1.01643
Bundesliga,2021,2021-10-24,Bochum,Eintracht Frankfurt,2.78664,1.51826
Bundesliga,2021,2021-10-29,Hoffenheim,Hertha Berlin,0.860088,0.471538
Bundesliga,2021,2021-10-30,Arminia Bielefeld,Mainz 05,0.497896,2.97383
Bundesliga,2021,2021-10-30,Freiburg,Greuther Fuerth,1.2181,0.48039
Bundesliga,2021,2021-10-30,Union Berlin,Bayern Munich,0.744794,3.14739
Bundesliga,2021,2021-10-30,Bayer Leverkusen,Wolfsburg,1.30903,1.8693
Bundesliga,2021,2021-10-30,Borussia Dortmund,FC Cologne,1.75772,1.20191
Bundesliga,2021,2021-10-30,Eintracht Frankfurt,RasenBallsport Leipzig,0.594345,3.99211
Bundesliga,2021,2021-10-31,Augsburg,VfB Stuttgart,2.59567,0.90948
Bundesliga,2021,2021-10-31,Borussia M.Gladbach,Bochum,1.81742,1.07958
Bundesliga,2021,2021-11-05,Mainz 05,Borussia M.Gladbach,0.94947,1.50835
Bundesliga,2021,2021-11-06,Bochum,Hoffenheim,2.12433,0.641687
Bundesliga,2021,2021-11-06,VfB Stuttgart,Arminia Bielefeld,1.11192,1.55125
Bundesliga,2021,2021-11-06,Wolfsburg,Augsburg,0.910085,0.867311
Bundesliga,2021,2021-11-06,Bayern Munich,Freiburg,3.16849,0.910798
Bundesliga,2021,2021-11-06,RasenBallsport Leipzig,Borussia Dortmund,2.48845,0.734721
Bundesliga,2021,2021-11-07,Hertha Berlin,Bayer Leverkusen,0.903476,0.774023
Bundesliga,2021,2021-11-07,FC Cologne,Union Berlin,1.93335,1.1297
Bundesliga,2021,2021-11-07,Greuther Fuerth,Eintracht Frankfurt,2.4344,1.26639
Bundesliga,2021,2021-11-19,Augsburg,Bayern Munich,0.614461,1.24258
Bundesliga,2021,2021-11-20,Arminia Bielefeld,Wolfsburg,1.40579,1.35662
Bundesliga,2021,2021-11-20,Hoffenheim,RasenBallsport Leipzig,2.88876,0.211083
Bundesliga,2021,2021-11-20,Borussia M.Gladbach,Greuther Fuerth,2.47443,0.307559
Bundesliga,2021,2021-11-20,Bayer Leverkusen,Bochum,1.62637,0.708697
Bundesliga,2021,2021-11-20,Borussia Dortmund,VfB Stuttgart,1.99186,1.54108
Bundesliga,2021,2021-11-20,Union Berlin,Hertha Berlin,1.89108,0.211495
Bundesliga,2021,2021-11-21,Freiburg,Eintracht Frankfurt,1.5667,1.24268
Bundesliga,2021,2021-11-21,Mainz 05,FC Cologne,0.941346,1.75564
Bundesliga,2021,2021-11-26,VfB Stuttgart,Mainz 05,0.276918,1.17743
Bundesliga,2021,2021-11-27,Greuther Fuerth,Hoffenheim,1.36493,3.01705
Bundesliga,2021,2021-11-27,Bochum,Freiburg,0.955994,2.12135
Bundesliga,2021,2021-11-27,FC Cologne,Borussia M.Gladbach,1.48695,1.30291
Bundesliga,2021,2021-11-27,Hertha Berlin,Augsburg,1.92656,1.61295
Bundesliga,2021,2021-11-27,Wolfsburg,Borussia Dortmund,2.17146,2.35127
Bundesliga,2021,2021-11-27,Bayern Munich,Arminia Bielefeld,2.67728,0.385377
Bundesliga,2021,2021-11-28,Eintracht Frankfurt,Union Berlin,1.69692,1.07386
Bundesliga,2021,2021-11-28,RasenBallsport Leipzig,Bayer Leverkusen,1.43225,1.23553
Bundesliga,2021,2021-12-03,Union Berlin,RasenBallsport Leipzig,3.76492,1.14392
Bundesliga,2021,2021-12-04,Arminia Bielefeld,FC Cologne,1.01727,1.18693
Bundesliga,2021,2021-12-04,Augsburg,Bochum,2.86606,2.04524
Bundesliga,2021,2021-12-04,Mainz 05,Wolfsburg,1.41164,0.760457
Bundesliga,2021,2021-12-04,Hoffenheim,Eintracht Frankfurt,0.924975,1.57864
Bundesliga,2021,2021-12-04,Bayer Leverkusen,Greuther Fuerth,2.4319,0.279746
Bundesliga,2021,2021-12-04,Borussia Dortmund,Bayern Munich,1.43058,2.42143
Bundesliga,2021,2021-12-05,VfB Stuttgart,Hertha Berlin,0.921944,1.25849
Bundesliga,2021,2021-12-05,Borussia M.Gladbach,Freiburg,1.07562,2.70796
Bundesliga,2021,2021-12-10,FC Cologne,Augsburg,1.15891,1.17632
Bundesliga,2021,2021-12-11,Bochum,Borussia Dortmund,0.966453,2.68284
Bundesliga,2021,2021-12-11,Hertha Berlin,Arminia Bielefeld,2.23797,0.454841
Bundesliga,2021,2021-12-11,Freiburg,Hoffenheim,2.25197,1.5054
Bundesliga,2021,2021-12-11,RasenBallsport Leipzig,Borussia M.Gladbach,4.80258,0.84748
Bundesliga,2021,2021-12-11,Bayern Munich,Mainz 05,1.78613,0.872668
Bundesliga,2021,2021-12-11,Wolfsburg,VfB Stuttgart,1.46986,1.53296
Bundesliga,2021,2021-12-12,Greuther Fuerth,Union Berlin,0.680225,1.83652
Bundesliga,2021,2021-12-12,Eintracht Frankfurt,Bayer Leverkusen,1.44415,1.60141
Bundesliga,2021,2021-12-14,VfB Stuttgart,Bayern Munich,1.04709,4.98146
Bundesliga,2021,2021-12-14,Arminia Bielefeld,Bochum,0.642785,0.748012
Bundesliga,2021,2021-12-14,Mainz 05,Hertha Berlin,3.10591,0.393369
Bundesliga,2021,2021-12-14,Wolfsburg,FC Cologne,2.42693,3.14693
Bundesliga,2021,2021-12-15,Borussia M.Gladbach,Eintracht Frankfurt,2.22983,2.50286
Bundesliga,2021,2021-12-15,Augsburg,RasenBallsport Leipzig,1.56744,3.08255
Bundesliga,2021,2021-12-15,Union Berlin,Freiburg,2.25007,1.22466
Bundesliga,2021,2021-12-15,Bayer Leverkusen,Hoffenheim,2.42553,1.68115
Bundesliga,2021,2021-12-15,Borussia Dortmund,Greuther Fuerth,1.91572,0.379024
Bundesliga,2021,2021-12-17,Bayern Munich,Wolfsburg,4.31291,1.41635
Bundesliga,2021,2021-12-18,Greuther Fuerth,Augsburg,0.0901985,1.48497
Bundesliga,2021,2021-12-18,Bochum,Union Berlin,1.04215,0.999651
Bundesliga,2021,2021-12-18,Hoffenheim,Borussia M.Gladbach,2.24422,1.62486
Bundesliga,2021,2021-12-18,Eintracht Frankfurt,Mainz 05,1.52805,0.832437
Bundesliga,2021,2021-12-18,RasenBallsport Leipzig,Arminia Bielefeld,1.64503,1.33454
Bundesliga,2021,2021-12-18,Hertha Berlin,Borussia Dortmund,1.61634,1.57262
Bundesliga,2021,2021-12-19,Freiburg,Bayer Leverkusen,2.07857,0.818605
Bundesliga,2021,2021-12-19,FC Cologne,VfB Stuttgart,1.35819,0.333564
Bundesliga,2021,2022-01-07,Bayern Munich,Borussia M.Gladbach,1.35599,1.51069
Bundesliga,2021,2022-01-08,Greuther Fuerth,VfB Stuttgart,1.12386,1.62697
Bundesliga,2021,2022-01-08,Hoffenheim,Augsburg,2.76228,0.749744
Bundesliga,2021,2022-01-08,Freiburg,Arminia Bielefeld,2.20416,1.1145
Bundesliga,2021,2022-01-08,Bayer Leverkusen,Union Berlin,2.20526,3.04208
Bundesliga,2021,2022-01-08,RasenBallsport Leipzig,Mainz 05,3.55391,0.319779
Bundesliga,2021,2022-01-08,Eintracht Frankfurt,Borussia Dortmund,1.77844,2.38227
Bundesliga,2021,2022-01-09,Hertha Berlin,FC Cologne,0.791753,2.46989
Bundesliga,2021,2022-01-09,Bochum,Wolfsburg,1.57295,0.400404
Bundesliga,2021,2022-01-14,Borussia Dortmund,Freiburg,2.42754,1.04847
Bundesliga,2021,2022-01-15,FC Cologne,Bayern Munich,1.0312,3.87329
Bundesliga,2021,2022-01-15,Mainz 05,Bochum,1.60302,1.32639
Bundesliga,2021,2022-01-15,VfB Stuttgart,RasenBallsport Leipzig,1.18793,1.601
Bundesliga,2021,2022-01-15,Union Berlin,Hoffenheim,1.76684,0.61487
Bundesliga,2021,2022-01-15,Wolfsburg,Hertha Berlin,1.80168,0.313936
Bundesliga,2021,2022-01-15,Borussia M.Gladbach,Bayer Leverkusen,1.44472,6.49734
Bundesliga,2021,2022-01-16,Augsburg,Eintracht Frankfurt,0.834967,2.14731
Bundesliga,2021,2022-01-16,Arminia Bielefeld,Greuther Fuerth,0.534681,0.55128
Bundesliga,2021,2022-01-21,Eintracht Frankfurt,Arminia Bielefeld,1.44952,1.56136
Bundesliga,2021,2022-01-22,Greuther Fuerth,Mainz 05,1.29371,1.40771
Bundesliga,2021,2022-01-22,Hoffenheim,Borussia Dortmund,1.16246,1.3361
Bundesliga,2021,2022-01-22,Freiburg,VfB Stuttgart,1.58203,0.221777
Bundesliga,2021,2022-01-22,Borussia M.Gladbach,Union Berlin,1.29912,1.30514
Bundesliga,2021,2022-01-22,Bayer Leverkusen,Augsburg,3.51884,1.21255
Bundesliga,2021,2022-01-22,Bochum,FC Cologne,1.77931,1.5434
Bundesliga,2021,2022-01-23,RasenBallsport Leipzig,Wolfsburg,1.69425,0.871043
Bundesliga,2021,2022-01-23,Hertha Berlin,Bayern Munich,0.847937,5.18503
Bundesliga,2021,2022-02-04,Hertha Berlin,Bochum,0.444153,0.993261
Bundesliga,2021,2022-02-05,FC Cologne,Freiburg,1.09604,0.683704
Bundesliga,2021,2022-02-05,Arminia Bielefeld,Borussia M.Gladbach,0.5965,1.4844
Bundesliga,2021,2022-02-05,Augsburg,Union Berlin,1.83212,2.09718
Bundesliga,2021,2022-02-05,Mainz 05,Hoffenheim,1.77868,1.31773
Bundesliga,2021,2022-02-05,VfB Stuttgart,Eintracht Frankfurt,2.12047,0.842047
Bundesliga,2021,2022-02-05,Bayern Munich,RasenBallsport Leipzig,3.0334,2.65667
Bundesliga,2021,2022-02-06,Borussia Dortmund,Bayer Leverkusen,1.60338,1.81345
Bundesliga,2021,2022-02-06,Wolfsburg,Greuther Fuerth,2.0638,1.10423
Bundesliga,2021,2022-02-11,RasenBallsport Leipzig,FC Cologne,0.850488,0.794743
Bundesliga,2021,2022-02-12,Greuther Fuerth,Hertha Berlin,2.69634,1.84512
Bundesliga,2021,2022-02-12,Bochum,Bayern Munich,1.34846,1.87083
Bundesliga,2021,2022-02-12,Freiburg,Mainz 05,1.69097,3.15753
Bundesliga,2021,2022-02-12,Borussia M.Gladbach,Augsburg,3.03062,1.62757
Bundesliga,2021,2022-02-12,Eintracht Frankfurt,Wolfsburg,0.879318,1.61974
Bundesliga,2021,2022-02-12,Bayer Leverkusen,VfB Stuttgart,2.41919,1.17227
Bundesliga,2021,2022-02-13,Union Berlin,Borussia Dortmund,1.47085,2.59623
Bundesliga,2021,2022-02-13,Hoffenheim,Arminia Bielefeld,4.16571,0.652006
Bundesliga,2021,2022-02-18,Mainz 05,Bayer Leverkusen,1.00622,0.827749
Bundesliga,2021,2022-02-19,Arminia Bielefeld,Union Berlin,1.41442,0.771488
Bundesliga,2021,2022-02-19,Augsburg,Freiburg,0.951389,2.56075
Bundesliga,2021,2022-02-19,VfB Stuttgart,Bochum,1.37485,1.93431
Bundesliga,2021,2022-02-19,Wolfsburg,Hoffenheim,1.50299,1.07132
Bundesliga,2021,2022-02-19,FC Cologne,Eintracht Frankfurt,1.43278,0.678832
Bundesliga,2021,2022-02-20,Bayern Munich,Greuther Fuerth,2.52333,0.66071
Bundesliga,2021,2022-02-20,Borussia Dortmund,Borussia M.Gladbach,3.59589,0.769068
Bundesliga,2021,2022-02-20,Hertha Berlin,RasenBallsport Leipzig,1.0916,3.42076
Bundesliga,2021,2022-02-25,Hoffenheim,VfB Stuttgart,2.65346,1.83937
Bundesliga,2021,2022-02-26,Greuther Fuerth,FC Cologne,0.640559,0.569519
Bundesliga,2021,2022-02-26,Freiburg,Hertha Berlin,3.66711,1.54627
Bundesliga,2021,2022-02-26,Borussia M.Gladbach,Wolfsburg,2.7626,1.26995
Bundesliga,2021,2022-02-26,Union Berlin,Mainz 05,0.883998,0.75947
Bundesliga,2021,2022-02-26,Bayer Leverkusen,Arminia Bielefeld,3.05247,0.307307
Bundesliga,2021,2022-02-26,Eintracht Frankfurt,Bayern Munich,1.1892,2.60814
Bundesliga,2021,2022-02-27,Bochum,RasenBallsport Leipzig,0.998771,0.61309
Bundesliga,2021,2022-02-27,Augsburg,Borussia Dortmund,0.856029,0.640799
Bundesliga,2021,2022-03-04,Arminia Bielefeld,Augsburg,0.14375,0.308406
Bundesliga,2021,2022-03-05,Bochum,Greuther Fuerth,1.6566,0.579266
Bundesliga,2021,2022-03-05,Hertha Berlin,Eintracht Frankfurt,0.483243,1.37042
Bundesliga,2021,2022-03-05,Wolfsburg,Union Berlin,0.411697,1.55639
Bundesliga,2021,2022-03-05,RasenBallsport Leipzig,Freiburg,0.753651,0.484924
Bundesliga,2021,2022-03-05,Bayern Munich,Bayer Leverkusen,1.6659,2.26407
Bundesliga,2021,2022-03-05,VfB Stuttgart,Borussia M.Gladbach,2.36751,1.20797
Bundesliga,2021,2022-03-06,FC Cologne,Hoffenheim,1.22016,2.87337
Bundesliga,2021,2022-03-12,Hoffenheim,Bayern Munich,2.02668,3.98532
Bundesliga,2021,2022-03-12,Freiburg,Wolfsburg,1.54229,0.908576
Bundesliga,2021,2022-03-12,Union Berlin,VfB Stuttgart,1.89937,1.73181
Bundesliga,2021,2022-03-12,Borussia M.Gladbach,Hertha Berlin,1.75587,0.443109
Bundesliga,2021,2022-03-13,Bayer Leverkusen,FC Cologne,2.40118,0.59749
Bundesliga,2021,2022-03-13,Eintracht Frankfurt,Bochum,1.55276,1.20928
Bundesliga,2021,2022-03-13,Borussia Dortmund,Arminia Bielefeld,2.06968,0.691049
Bundesliga,2021,2022-03-13,Greuther Fuerth,RasenBallsport Leipzig,0.377793,2.14171
Bundesliga,2021,2022-03-16,Mainz 05,Borussia Dortmund,0.782406,1.39041
Bundesliga,2021,2022-03-18,Bochum,Borussia M.Gladbach,1.65633,0.616407
Bundesliga,2021,2022-03-19,Greuther Fuerth,Freiburg,0.781339,1.05712
Bundesliga,2021,2022-03-19,Hertha Berlin,Hoffenheim,1.76348,0.576415
Bundesliga,2021,2022-03-19,Mainz 05,Arminia Bielefeld,4.32637,0.236164
Bundesliga,2021,2022-03-19,VfB Stuttgart,Augsburg,2.18312,0.770891
Bundesliga,2021,2022-03-19,Bayern Munich,Union Berlin,2.82028,1.38973
Bundesliga,2021,2022-03-20,RasenBallsport Leipzig,Eintracht Frankfurt,1.05989,0.258751
Bundesliga,2021,2022-03-20,Wolfsburg,Bayer Leverkusen,1.31797,1.43941
Bundesliga,2021,2022-03-20,FC Cologne,Borussia Dortmund,1.265,1.0401
Bundesliga,2021,2022-04-01,Union Berlin,FC Cologne,1.0725,0.220646
Bundesliga,2021,2022-04-02,Arminia Bielefeld,VfB Stuttgart,1.01032,2.73417
Bundesliga,2021,2022-04-02,Hoffenheim,Bochum,1.9687,1.70208
Bundesliga,2021,2022-04-02,Freiburg,Bayern Munich,0.754263,3.15613
Bundesliga,2021,2022-04-02,Bayer Leverkusen,Hertha Berlin,1.78741,0.872251
Bundesliga,2021,2022-04-02,Eintracht Frankfurt,Greuther Fuerth,1.31928,0.466385
Bundesliga,2021,2022-04-02,Borussia Dortmund,RasenBallsport Leipzig,0.969967,1.23272
Bundesliga,2021,2022-04-03,Augsburg,Wolfsburg,2.52845,1.18916
Bundesliga,2021,2022-04-03,Borussia M.Gladbach,Mainz 05,1.55193,1.78
Bundesliga,2021,2022-04-06,Augsburg,Mainz 05,1.92513,1.84563
Bundesliga,2021,2022-04-08,VfB Stuttgart,Borussia Dortmund,2.03163,1.49649
Bundesliga,2021,2022-04-09,Greuther Fuerth,Borussia M.Gladbach,0.651835,3.48459
Bundesliga,2021,2022-04-09,FC Cologne,Mainz 05,1.90576,0.926438
Bundesliga,2021,2022-04-09,Wolfsburg,Arminia Bielefeld,1.99101,0.476945
Bundesliga,2021,2022-04-09,Bayern Munich,Augsburg,1.43145,0.277271
Bundesliga,2021,2022-04-09,Hertha Berlin,Union Berlin,0.85457,1.85412
Bundesliga,2021,2022-04-10,Bochum,Bayer Leverkusen,1.05181,1.21928
Bundesliga,2021,2022-04-10,Eintracht Frankfurt,Freiburg,1.09915,1.46109
Bundesliga,2021,2022-04-10,RasenBallsport Leipzig,Hoffenheim,1.61141,0.171037
Bundesliga,2021,2022-04-16,Augsburg,Hertha Berlin,0.777494,1.6343
Bundesliga,2021,2022-04-16,Mainz 05,VfB Stuttgart,0.723024,0.633775
Bundesliga,2021,2022-04-16,Freiburg,Bochum,2.45736,0.427462
Bundesliga,2021,2022-04-16,Borussia Dortmund,Wolfsburg,3.31511,1.96018
Bundesliga,2021,2022-04-16,Borussia M.Gladbach,FC Cologne,1.19803,3.01287
Bundesliga,2021,2022-04-17,Arminia Bielefeld,Bayern Munich,0.463135,3.49911
Bundesliga,2021,2022-04-17,Hoffenheim,Greuther Fuerth,0.973602,0.284206
Bundesliga,2021,2022-04-17,Union Berlin,Eintracht Frankfurt,1.3196,0.513925
Bundesliga,2021,2022-04-17,Bayer Leverkusen,RasenBallsport Leipzig,0.728724,0.507455
Bundesliga,2021,2022-04-22,Wolfsburg,Mainz 05,3.6526,0.613976
Bundesliga,2021,2022-04-23,Greuther Fuerth,Bayer Leverkusen,1.18317,2.11362
Bundesliga,2021,2022-04-23,FC Cologne,Arminia Bielefeld,1.91505,0.740533
Bundesliga,2021,2022-04-23,Freiburg,Borussia M.Gladbach,2.49907,1.52115
Bundesliga,2021,2022-04-23,Eintracht Frankfurt,Hoffenheim,1.06541,0.757228
Bundesliga,2021,2022-04-23,RasenBallsport Leipzig,Union Berlin,0.573656,1.93634
Bundesliga,2021,2022-04-23,Bayern Munich,Borussia Dortmund,2.0232,1.17213
Bundesliga,2021,2022-04-24,Bochum,Augsburg,1.18661,1.99486
Bundesliga,2021,2022-04-24,Hertha Berlin,VfB Stuttgart,0.947404,0.451742
Bundesliga,2021,2022-04-29,Union Berlin,Greuther Fuerth,0.857798,0.237425
Bundesliga,2021,2022-04-30,Arminia Bielefeld,Hertha Berlin,0.403104,1.66247
Bundesliga,2021,2022-04-30,Augsburg,FC Cologne,1.73625,3.04059
Bundesliga,2021,2022-04-30,Mainz 05,Bayern Munich,3.17227,1.23601
Bundesliga,2021,2022-04-30,VfB Stuttgart,Wolfsburg,0.826738,1.16064
Bundesliga,2021,2022-04-30,Borussia Dortmund,Bochum,3.34247,1.90488
Bundesliga,2021,2022-04-30,Hoffenheim,Freiburg,2.60025,2.694
Bundesliga,2021,2022-05-02,Borussia M.Gladbach,RasenBallsport Leipzig,1.57029,1.22604
Bundesliga,2021,2022-05-02,Bayer Leverkusen,Eintracht Frankfurt,2.17544,0.349041
Bundesliga,2021,2022-05-06,Bochum,Arminia Bielefeld,2.68894,0.845303
Bundesliga,2021,2022-05-07,Greuther Fuerth,Borussia Dortmund,1.22647,1.12743
Bundesliga,2021,2022-05-07,FC Cologne,Wolfsburg,0.975489,1.14328
Bundesliga,2021,2022-05-07,Hoffenheim,Bayer Leverkusen,2.09206,3.9336
Bundesliga,2021,2022-05-07,Freiburg,Union Berlin,1.64859,2.40109
Bundesliga,2021,2022-05-07,Hertha Berlin,Mainz 05,1.11131,0.756414
Bundesliga,2021,2022-05-08,Eintracht Frankfurt,Borussia M.Gladbach,0.808226,2.02639
Bundesliga,2021,2022-05-08,Bayern Munich,VfB Stuttgart,2.77465,1.95837
Bundesliga,2021,2022-05-08,RasenBallsport Leipzig,Augsburg,3.4379,0.173579
Bundesliga,2021,2022-05-14,Arminia Bielefeld,RasenBallsport Leipzig,1.66972,3.45794
Bundesliga,2021,2022-05-14,Augsburg,Greuther Fuerth,1.17202,0.337532
Bundesliga,2021,2022-05-14,Mainz 05,Eintracht Frankfurt,0.850382,1.70213
Bundesliga,2021,2022-05-14,VfB Stuttgart,FC Cologne,3.83676,1.11893
Bundesliga,2021,2022-05-14,Borussia M.Gladbach,Hoffenheim,3.82831,1.92751
Bundesliga,2021,2022-05-14,Union Berlin,Bochum,3.37468,0.391265
Bundesliga,2021,2022-05-14,Bayer Leverkusen,Freiburg,1.82142,1.1463
Bundesliga,2021,2022-05-14,Wolfsburg,Bayern Munich,1.14112,2.07091
Bundesliga,2021,2022-05-14,Borussia Dortmund,Hertha Berlin,1.32689,0.876533
Bundesliga,2022,2022-08-05,Eintracht Frankfurt,Bayern Munich,0.756176,4.56023
Bundesliga,2022,2022-08-06,Union Berlin,Hertha Berlin,1.18263,0.350984
Bundesliga,2022,2022-08-06,Borussia M.Gladbach,Hoffenheim,2.07456,0.119138
Bundesliga,2022,2022-08-06,Wolfsburg,Werder Bremen,0.954909,1.04228
Bundesliga,2022,2022-08-06,Bochum,Mainz 05,0.818183,1.59439
Bundesliga,2022,2022-08-06,Augsburg,Freiburg,0.585905,1.54255
Bundesliga,2022,2022-08-06,Borussia Dortmund,Bayer Leverkusen,2.38349,1.23566
Bundesliga,2022,2022-08-07,VfB Stuttgart,RasenBallsport Leipzig,0.565488,2.13153
Bundesliga,2022,2022-08-07,FC Cologne,Schalke 04,4.42242,0.227735
Bundesliga,2022,2022-08-12,Freiburg,Borussia Dortmund,1.0831,0.781529
Bundesliga,2022,2022-08-13,Bayer Leverkusen,Augsburg,2.7843,0.749163
Bundesliga,2022,2022-08-13,RasenBallsport Leipzig,FC Cologne,1.17885,1.51583
Bundesliga,2022,2022-08-13,Werder Bremen,VfB Stuttgart,0.704357,1.31637
Bundesliga,2022,2022-08-13,Hoffenheim,Bochum,2.3761,1.47438
Bundesliga,2022,2022-08-13,Hertha Berlin,Eintracht Frankfurt,2.06497,1.20421
Bundesliga,2022,2022-08-13,Schalke 04,Borussia M.Gladbach,1.69324,1.41135
Bundesliga,2022,2022-08-14,Mainz 05,Union Berlin,0.648549,0.301432
Bundesliga,2022,2022-08-14,Bayern Munich,Wolfsburg,1.4017,0.443318
Bundesliga,2022,2022-08-19,Borussia M.Gladbach,Hertha Berlin,2.26575,0.967668
Bundesliga,2022,2022-08-20,Wolfsburg,Schalke 04,1.20648,1.03296
Bundesliga,2022,2022-08-20,Augsburg,Mainz 05,0.306368,2.04608
Bundesliga,2022,2022-08-20,VfB Stuttgart,Freiburg,0.766656,0.903953
Bundesliga,2022,2022-08-20,Borussia Dortmund,Werder Bremen,0.625547,1.20064
Bundesliga,2022,2022-08-20,Bayer Leverkusen,Hoffenheim,1.10143,1.30099
Bundesliga,2022,2022-08-20,Union Berlin,RasenBallsport Leipzig,0.642263,0.958767
Bundesliga,2022,2022-08-21,Eintracht Frankfurt,FC Cologne,0.54009,0.236472
Bundesliga,2022,2022-08-21,Bochum,Bayern Munich,0.747624,3.98121
Bundesliga,2022,2022-08-26,Freiburg,Bochum,4.40931,1.13013
Bundesliga,2022,2022-08-27,RasenBallsport Leipzig,Wolfsburg,3.79244,0.520425
Bundesliga,2022,2022-08-27,Mainz 05,Bayer Leverkusen,1.62032,1.40426
Bundesliga,2022,2022-08-27,Hoffenheim,Augsburg,2.00234,0.458737
Bundesliga,2022,2022-08-27,Hertha Berlin,Borussia Dortmund,0.353045,2.97427
Bundesliga,2022,2022-08-27,Schalke 04,Union Berlin,1.86616,1.0651
Bundesliga,2022,2022-08-27,Bayern Munich,Borussia M.Gladbach,3.17378,0.548057
Bundesliga,2022,2022-08-28,FC Cologne,VfB Stuttgart,0.385951,1.96538
Bundesliga,2022,2022-08-28,Werder Bremen,Eintracht Frankfurt,1.88918,1.87305
Bundesliga,2022,2022-09-02,Borussia Dortmund,Hoffenheim,2.521,0.360446
Bundesliga,2022,2022-09-03,Bayer Leverkusen,Freiburg,1.79727,2.35383
Bundesliga,2022,2022-09-03,Union Berlin,Bayern Munich,0.443137,1.38204
Bundesliga,2022,2022-09-03,VfB Stuttgart,Schalke 04,0.706188,2.10477
Bundesliga,2022,2022-09-03,Wolfsburg,FC Cologne,0.96728,3.08366
Bundesliga,2022,2022-09-03,Bochum,Werder Bremen,1.22972,1.9903
Bundesliga,2022,2022-09-03,Eintracht Frankfurt,RasenBallsport Leipzig,3.62625,0.220403
Bundesliga,2022,2022-09-04,Augsburg,Hertha Berlin,0.311026,2.87153
Bundesliga,2022,2022-09-04,Borussia M.Gladbach,Mainz 05,1.70822,0.630863
Bundesliga,2022,2022-09-09,Werder Bremen,Augsburg,1.83702,1.7824
Bundesliga,2022,2022-09-10,Bayern Munich,VfB Stuttgart,2.2976,1.18754
Bundesliga,2022,2022-09-10,RasenBallsport Leipzig,Borussia Dortmund,1.70495,0.334567
Bundesliga,2022,2022-09-10,Hoffenheim,Mainz 05,4.64891,1.08619
Bundesliga,2022,2022-09-10,Eintracht Frankfurt,Wolfsburg,0.453438,0.969737
Bundesliga,2022,2022-09-10,Hertha Berlin,Bayer Leverkusen,2.35137,1.76829
Bundesliga,2022,2022-09-10,Schalke 04,Bochum,1.4133,1.31293
Bundesliga,2022,2022-09-11,FC Cologne,Union Berlin,0.878517,1.51157
Bundesliga,2022,2022-09-11,Freiburg,Borussia M.Gladbach,0.991055,1.37892
Bundesliga,2022,2022-09-16,Mainz 05,Hertha Berlin,0.38983,0.437555
Bundesliga,2022,2022-09-17,Borussia Dortmund,Schalke 04,2.5349,0.0971459
Bundesliga,2022,2022-09-17,Bayer Leverkusen,Werder Bremen,1.82302,2.02218
Bundesliga,2022,2022-09-17,Augsburg,Bayern Munich,2.20918,1.82063
Bundesliga,2022,2022-09-17,VfB Stuttgart,Eintracht Frankfurt,0.773751,1.49027
Bundesliga,2022,2022-09-17,Borussia M.Gladbach,RasenBallsport Leipzig,2.97746,1.25609
Bundesliga,2022,2022-09-18,Union Berlin,Wolfsburg,1.07406,0.218049
Bundesliga,2022,2022-09-18,Bochum,FC Cologne,0.292667,1.8077
Bundesliga,2022,2022-09-18,Hoffenheim,Freiburg,0.74318,0.6761
Bundesliga,2022,2022-09-30,Bayern Munich,Bayer Leverkusen,2.13413,0.940717
Bundesliga,2022,2022-10-01,RasenBallsport Leipzig,Bochum,4.21544,0.146803
Bundesliga,2022,2022-10-01,Freiburg,Mainz 05,1.97161,1.84485
Bundesliga,2022,2022-10-01,FC Cologne,Borussia Dortmund,2.1489,2.46961
Bundesliga,2022,2022-10-01,Eintracht Frankfurt,Union Berlin,1.18241,0.767128
Bundesliga,2022,2022-10-01,Wolfsburg,VfB Stuttgart,1.75417,2.34936
Bundesliga,2022,2022-10-01,Werder Bremen,Borussia M.Gladbach,3.34501,2.27257
Bundesliga,2022,2022-10-02,Hertha Berlin,Hoffenheim,0.958712,1.60101
Bundesliga,2022,2022-10-02,Schalke 04,Augsburg,2.0592,1.48391
Bundesliga,2022,2022-10-07,Hoffenheim,Werder Bremen,1.30088,1.43801
Bundesliga,2022,2022-10-08,Bayer Leverkusen,Schalke 04,2.06947,0.139609
Bundesliga,2022,2022-10-08,Mainz 05,RasenBallsport Leipzig,0.649518,1.4696
Bundesliga,2022,2022-10-08,Bochum,Eintracht Frankfurt,0.649959,0.78428
Bundesliga,2022,2022-10-08,Augsburg,Wolfsburg,2.01628,2.30655
Bundesliga,2022,2022-10-08,Borussia Dortmund,Bayern Munich,1.42928,1.22934
Bundesliga,2022,2022-10-09,Borussia M.Gladbach,FC Cologne,2.72658,1.45617
Bundesliga,2022,2022-10-09,Hertha Berlin,Freiburg,1.25889,1.75899
Bundesliga,2022,2022-10-09,VfB Stuttgart,Union Berlin,1.09713,0.73441
Bundesliga,2022,2022-10-14,Schalke 04,Hoffenheim,0.697562,3.51699
Bundesliga,2022,2022-10-15,Eintracht Frankfurt,Bayer Leverkusen,4.35761,0.503272
Bundesliga,2022,2022-10-15,Wolfsburg,Borussia M.Gladbach,1.74427,0.895157
Bundesliga,2022,2022-10-15,VfB Stuttgart,Bochum,2.40775,1.52762
Bundesliga,2022,2022-10-15,Werder Bremen,Mainz 05,1.20268,1.10835
Bundesliga,2022,2022-10-15,RasenBallsport Leipzig,Hertha Berlin,3.30191,2.42152
Bundesliga,2022,2022-10-16,FC Cologne,Augsburg,1.54576,0.207517
Bundesliga,2022,2022-10-16,Union Berlin,Borussia Dortmund,1.47199,0.797656
Bundesliga,2022,2022-10-16,Bayern Munich,Freiburg,2.07998,0.328313
Bundesliga,2022,2022-10-21,Mainz 05,FC Cologne,2.21787,0.930558
Bundesliga,2022,2022-10-22,Borussia Dortmund,VfB Stuttgart,2.63936,0.989781
Bundesliga,2022,2022-10-22,Bayer Leverkusen,Wolfsburg,2.36747,1.15093
Bundesliga,2022,2022-10-22,Freiburg,Werder Bremen,3.33695,0.393506
Bundesliga,2022,2022-10-22,Hoffenheim,Bayern Munich,0.766181,3.12799
Bundesliga,2022,2022-10-22,Augsburg,RasenBallsport Leipzig,1.91261,2.38989
Bundesliga,2022,2022-10-22,Borussia M.Gladbach,Eintracht Frankfurt,1.36544,1.80175
Bundesliga,2022,2022-10-23,Bochum,Union Berlin,1.11544,1.00303
Bundesliga,2022,2022-10-23,Hertha Berlin,Schalke 04,1.05778,0.522522
Bundesliga,2022,2022-10-28,Werder Bremen,Hertha Berlin,1.53976,0.572257
Bundesliga,2022,2022-10-29,Bayern Munich,Mainz 05,4.33442,1.78114
Bundesliga,2022,2022-10-29,RasenBallsport Leipzig,Bayer Leverkusen,1.63234,0.141987
Bundesliga,2022,2022-10-29,Wolfsburg,Bochum,2.58922,0.444056
Bundesliga,2022,2022-10-29,VfB Stuttgart,Augsburg,3.12054,0.754506
Bundesliga,2022,2022-10-29,Eintracht Frankfurt,Borussia Dortmund,1.71027,0.730506
Bundesliga,2022,2022-10-30,Union Berlin,Borussia M.Gladbach,1.28667,1.01241
Bundesliga,2022,2022-10-30,Schalke 04,Freiburg,0.841369,2.25332
Bundesliga,2022,2022-10-30,FC Cologne,Hoffenheim,0.979672,0.778986
Bundesliga,2022,2022-11-04,Borussia M.Gladbach,VfB Stuttgart,1.33462,1.46207
Bundesliga,2022,2022-11-05,Mainz 05,Wolfsburg,1.24483,0.809102
Bundesliga,2022,2022-11-05,Hoffenheim,RasenBallsport Leipzig,1.16126,1.66347
Bundesliga,2022,2022-11-05,Augsburg,Eintracht Frankfurt,1.07354,1.31556
Bundesliga,2022,2022-11-05,Hertha Berlin,Bayern Munich,1.09255,2.23326
Bundesliga,2022,2022-11-05,Borussia Dortmund,Bochum,1.43174,0.496214
Bundesliga,2022,2022-11-05,Werder Bremen,Schalke 04,1.33073,1.35128
Bundesliga,2022,2022-11-06,Bayer Leverkusen,Union Berlin,1.7807,0.231839
Bundesliga,2022,2022-11-06,Freiburg,FC Cologne,1.46258,0.995484
Bundesliga,2022,2022-11-08,Wolfsburg,Borussia Dortmund,2.9101,1.29685
Bundesliga,2022,2022-11-08,Bayern Munich,Werder Bremen,5.72728,1.44045
Bundesliga,2022,2022-11-08,Bochum,Borussia M.Gladbach,1.68574,0.766603
Bundesliga,2022,2022-11-08,VfB Stuttgart,Hertha Berlin,2.00216,1.05233
Bundesliga,2022,2022-11-09,FC Cologne,Bayer Leverkusen,1.38128,1.04474
Bundesliga,2022,2022-11-09,RasenBallsport Leipzig,Freiburg,3.28873,0.148116
Bundesliga,2022,2022-11-09,Union Berlin,Augsburg,1.84012,0.29444
Bundesliga,2022,2022-11-09,Eintracht Frankfurt,Hoffenheim,3.78193,1.52829
Bundesliga,2022,2022-11-09,Schalke 04,Mainz 05,1.97962,0.60888
Bundesliga,2022,2022-11-11,Borussia M.Gladbach,Borussia Dortmund,2.64014,3.6823
Bundesliga,2022,2022-11-12,Bayer Leverkusen,VfB Stuttgart,1.88305,0.277105
Bundesliga,2022,2022-11-12,Hoffenheim,Wolfsburg,1.42352,0.94899
Bundesliga,2022,2022-11-12,Augsburg,Bochum,2.34583,1.13531
Bundesliga,2022,2022-11-12,Hertha Berlin,FC Cologne,2.13441,1.93705
Bundesliga,2022,2022-11-12,Werder Bremen,RasenBallsport Leipzig,1.03468,2.1323
Bundesliga,2022,2022-11-12,Schalke 04,Bayern Munich,0.891772,1.65233
Bundesliga,2022,2022-11-13,Mainz 05,Eintracht Frankfurt,1.78634,1.39797
Bundesliga,2022,2022-11-13,Freiburg,Union Berlin,2.69015,1.65553
Bundesliga,2022,2023-01-20,RasenBallsport Leipzig,Bayern Munich,1.03072,0.813529
Bundesliga,2022,2023-01-21,Union Berlin,Hoffenheim,2.48055,0.966541
Bundesliga,2022,2023-01-21,Eintracht Frankfurt,Schalke 04,1.68109,2.37825
Bundesliga,2022,2023-01-21,Wolfsburg,Freiburg,2.88084,0.808738
Bundesliga,2022,2023-01-21,Bochum,Hertha Berlin,1.67446,0.732458
Bundesliga,2022,2023-01-21,VfB Stuttgart,Mainz 05,1.8803,1.38032
Bundesliga,2022,2023-01-21,FC Cologne,Werder Bremen,3.1904,0.252782
Bundesliga,2022,2023-01-22,Borussia Dortmund,Augsburg,3.27016,1.92914
Bundesliga,2022,2023-01-22,Borussia M.Gladbach,Bayer Leverkusen,0.993895,1.68471
Bundesliga,2022,2023-01-24,Schalke 04,RasenBallsport Leipzig,0.503614,4.23438
Bundesliga,2022,2023-01-24,Bayern Munich,FC Cologne,1.4893,0.782641
Bundesliga,2022,2023-01-24,Hoffenheim,VfB Stuttgart,1.82139,0.658333
Bundesliga,2022,2023-01-24,Hertha Berlin,Wolfsburg,0.572863,2.94882
Bundesliga,2022,2023-01-25,Mainz 05,Borussia Dortmund,0.84968,1.15874
Bundesliga,2022,2023-01-25,Bayer Leverkusen,Bochum,1.8906,0.821758
Bundesliga,2022,2023-01-25,Freiburg,Eintracht Frankfurt,1.78609,0.261869
Bundesliga,2022,2023-01-25,Augsburg,Borussia M.Gladbach,0.869679,0.512384
Bundesliga,2022,2023-01-25,Werder Bremen,Union Berlin,0.566574,1.05412
Bundesliga,2022,2023-01-27,RasenBallsport Leipzig,VfB Stuttgart,1.59146,1.86965
Bundesliga,2022,2023-01-28,Freiburg,Augsburg,1.92228,2.00438
Bundesliga,2022,2023-01-28,Mainz 05,Bochum,2.86841,0.912111
Bundesliga,2022,2023-01-28,Hoffenheim,Borussia M.Gladbach,1.96043,1.79941
Bundesliga,2022,2023-01-28,Hertha Berlin,Union Berlin,0.46457,0.884274
Bundesliga,2022,2023-01-28,Werder Bremen,Wolfsburg,1.80059,0.696581
Bundesliga,2022,2023-01-28,Bayern Munich,Eintracht Frankfurt,1.38005,0.882875
Bundesliga,2022,2023-01-29,Schalke 04,FC Cologne,1.11694,0.329216
Bundesliga,2022,2023-01-29,Bayer Leverkusen,Borussia Dortmund,1.84499,0.977834
Bundesliga,2022,2023-02-03,Augsburg,Bayer Leverkusen,0.924397,0.461505
Bundesliga,2022,2023-02-04,Borussia Dortmund,Freiburg,2.10421,0.243795
Bundesliga,2022,2023-02-04,Union Berlin,Mainz 05,0.978155,1.09283
Bundesliga,2022,2023-02-04,FC Cologne,RasenBallsport Leipzig,0.607143,1.00025
Bundesliga,2022,2023-02-04,Eintracht Frankfurt,Hertha Berlin,2.00234,0.93959
Bundesliga,2022,2023-02-04,Bochum,Hoffenheim,2.74719,0.82308
Bundesliga,2022,2023-02-04,Borussia M.Gladbach,Schalke 04,1.12913,1.18272
Bundesliga,2022,2023-02-05,VfB Stuttgart,Werder Bremen,1.48817,0.45062
Bundesliga,2022,2023-02-05,Wolfsburg,Bayern Munich,2.39463,0.568665
Bundesliga,2022,2023-02-10,Schalke 04,Wolfsburg,0.999355,1.39713
Bundesliga,2022,2023-02-11,Bayern Munich,Bochum,4.37602,0.242356
Bundesliga,2022,2023-02-11,Freiburg,VfB Stuttgart,2.21054,1.02739
Bundesliga,2022,2023-02-11,Mainz 05,Augsburg,4.00745,1.45453
Bundesliga,2022,2023-02-11,Hoffenheim,Bayer Leverkusen,0.781599,1.47655
Bundesliga,2022,2023-02-11,Werder Bremen,Borussia Dortmund,0.587473,2.66556
Bundesliga,2022,2023-02-11,RasenBallsport Leipzig,Union Berlin,0.891399,1.04126
Bundesliga,2022,2023-02-12,Hertha Berlin,Borussia M.Gladbach,2.64788,0.421257
Bundesliga,2022,2023-02-12,FC Cologne,Eintracht Frankfurt,1.72186,0.368809
Bundesliga,2022,2023-02-17,Augsburg,Hoffenheim,1.48158,0.446218
Bundesliga,2022,2023-02-18,Borussia M.Gladbach,Bayern Munich,2.26574,1.22226
Bundesliga,2022,2023-02-18,Wolfsburg,RasenBallsport Leipzig,0.26411,3.04805
Bundesliga,2022,2023-02-18,Bochum,Freiburg,1.40839,2.39926
Bundesliga,2022,2023-02-18,VfB Stuttgart,FC Cologne,1.69842,0.452073
Bundesliga,2022,2023-02-18,Eintracht Frankfurt,Werder Bremen,2.08148,0.150794
Bundesliga,2022,2023-02-19,Union Berlin,Schalke 04,0.827192,0.385916
Bundesliga,2022,2023-02-19,Borussia Dortmund,Hertha Berlin,2.34937,1.41428
Bundesliga,2022,2023-02-19,Bayer Leverkusen,Mainz 05,3.01434,2.00397
Bundesliga,2022,2023-02-24,Mainz 05,Borussia M.Gladbach,2.95117,0.718556
Bundesliga,2022,2023-02-25,RasenBallsport Leipzig,Eintracht Frankfurt,1.89992,0.85563
Bundesliga,2022,2023-02-25,FC Cologne,Wolfsburg,1.03484,1.00016
Bundesliga,2022,2023-02-25,Hoffenheim,Borussia Dortmund,0.873677,2.75881
Bundesliga,2022,2023-02-25,Hertha Berlin,Augsburg,0.452901,0.405958
Bundesliga,2022,2023-02-25,Werder Bremen,Bochum,1.17524,0.396228
Bundesliga,2022,2023-02-25,Schalke 04,VfB Stuttgart,1.86618,1.66843
Bundesliga,2022,2023-02-26,Freiburg,Bayer Leverkusen,1.288,2.0609
Bundesliga,2022,2023-02-26,Bayern Munich,Union Berlin,3.86403,0.212984
Bundesliga,2022,2023-03-03,Borussia Dortmund,RasenBallsport Leipzig,1.12897,2.19847
Bundesliga,2022,2023-03-04,Union Berlin,FC Cologne,0.456889,0.798698
Bundesliga,2022,2023-03-04,Mainz 05,Hoffenheim,1.03595,0.616344
Bundesliga,2022,2023-03-04,Borussia M.Gladbach,Freiburg,1.11415,0.286316
Bundesliga,2022,2023-03-04,Bochum,Schalke 04,0.926001,0.873349
Bundesliga,2022,2023-03-04,Augsburg,Werder Bremen,0.493189,1.68845
Bundesliga,2022,2023-03-04,VfB Stuttgart,Bayern Munich,0.596921,2.55612
Bundesliga,2022,2023-03-05,Bayer Leverkusen,Hertha Berlin,2.2646,0.957931
Bundesliga,2022,2023-03-05,Wolfsburg,Eintracht Frankfurt,1.7728,1.18348
Bundesliga,2022,2023-03-10,FC Cologne,Bochum,0.585398,1.73391
Bundesliga,2022,2023-03-11,Bayern Munich,Augsburg,2.49393,2.48124
Bundesliga,2022,2023-03-11,RasenBallsport Leipzig,Borussia M.Gladbach,2.26747,1.44596
Bundesliga,2022,2023-03-11,Eintracht Frankfurt,VfB Stuttgart,0.525223,0.434277
Bundesliga,2022,2023-03-11,Hertha Berlin,Mainz 05,1.61723,0.388401
Bundesliga,2022,2023-03-11,Schalke 04,Borussia Dortmund,1.52455,1.2204
Bundesliga,2022,2023-03-12,Freiburg,Hoffenheim,0.452025,1.16149
Bundesliga,2022,2023-03-12,Werder Bremen,Bayer Leverkusen,1.70833,1.21761
Bundesliga,2022,2023-03-12,Wolfsburg,Union Berlin,1.33065,1.22513
Bundesliga,2022,2023-03-17,Borussia M.Gladbach,Werder Bremen,3.68386,0.764773
Bundesliga,2022,2023-03-18,Hoffenheim,Hertha Berlin,2.61296,0.807728
Bundesliga,2022,2023-03-18,Bochum,RasenBallsport Leipzig,1.31052,1.92026
Bundesliga,2022,2023-03-18,Augsburg,Schalke 04,0.395653,1.68365
Bundesliga,2022,2023-03-18,VfB Stuttgart,Wolfsburg,0.471275,0.6744
Bundesliga,2022,2023-03-18,Borussia Dortmund,FC Cologne,3.37102,1.46899
Bundesliga,2022,2023-03-19,Union Berlin,Eintracht Frankfurt,1.23036,2.20535
Bundesliga,2022,2023-03-19,Bayer Leverkusen,Bayern Munich,1.85014,1.10651
Bundesliga,2022,2023-03-19,Mainz 05,Freiburg,1.57837,1.35257
Bundesliga,2022,2023-03-31,Eintracht Frankfurt,Bochum,3.09855,1.15016
Bundesliga,2022,2023-04-01,Union Berlin,VfB Stuttgart,1.70372,2.62164
Bundesliga,2022,2023-04-01,Freiburg,Hertha Berlin,0.862445,2.08511
Bundesliga,2022,2023-04-01,Wolfsburg,Augsburg,3.93815,0.918055
Bundesliga,2022,2023-04-01,Schalke 04,Bayer Leverkusen,0.976664,3.28042
Bundesliga,2022,2023-04-01,RasenBallsport Leipzig,Mainz 05,0.584058,2.54838
Bundesliga,2022,2023-04-01,Bayern Munich,Borussia Dortmund,3.10094,1.57525
Bundesliga,2022,2023-04-02,FC Cologne,Borussia M.Gladbach,1.05192,0.520471
Bundesliga,2022,2023-04-02,Werder Bremen,Hoffenheim,0.67338,1.63673
Bundesliga,2022,2023-04-08,Borussia Dortmund,Union Berlin,2.5021,0.522776
Bundesliga,2022,2023-04-08,Bayer Leverkusen,Eintracht Frankfurt,2.35055,0.7609
Bundesliga,2022,2023-04-08,Freiburg,Bayern Munich,1.0909,3.09211
Bundesliga,2022,2023-04-08,Mainz 05,Werder Bremen,1.98671,1.08214
Bundesliga,2022,2023-04-08,Augsburg,FC Cologne,0.941865,2.0605
Bundesliga,2022,2023-04-08,Hertha Berlin,RasenBallsport Leipzig,0.503827,2.57231
Bundesliga,2022,2023-04-09,Borussia M.Gladbach,Wolfsburg,1.55684,1.22997
Bundesliga,2022,2023-04-09,Bochum,VfB Stuttgart,2.22259,2.37385
Bundesliga,2022,2023-04-09,Hoffenheim,Schalke 04,2.17705,0.561062
Bundesliga,2022,2023-04-14,Schalke 04,Hertha Berlin,2.09935,1.12148
Bundesliga,2022,2023-04-15,Bayern Munich,Hoffenheim,1.88997,0.27365
Bundesliga,2022,2023-04-15,RasenBallsport Leipzig,Augsburg,1.13772,0.864778
Bundesliga,2022,2023-04-15,FC Cologne,Mainz 05,0.937521,0.762976
Bundesliga,2022,2023-04-15,VfB Stuttgart,Borussia Dortmund,1.34955,1.52309
Bundesliga,2022,2023-04-15,Eintracht Frankfurt,Borussia M.Gladbach,2.17369,0.640098
Bundesliga,2022,2023-04-16,Werder Bremen,Freiburg,1.43107,0.473775
Bundesliga,2022,2023-04-16,Union Berlin,Bochum,1.05608,1.51987
Bundesliga,2022,2023-04-16,Wolfsburg,Bayer Leverkusen,0.616929,0.992006
Bundesliga,2022,2023-04-21,Augsburg,VfB Stuttgart,0.729024,1.17537
Bundesliga,2022,2023-04-22,Mainz 05,Bayern Munich,1.29569,2.70283
Bundesliga,2022,2023-04-22,Hoffenheim,FC Cologne,0.776652,2.07085
Bundesliga,2022,2023-04-22,Bochum,Wolfsburg,2.7745,3.34214
Bundesliga,2022,2023-04-22,Hertha Berlin,Werder Bremen,1.67149,2.33844
Bundesliga,2022,2023-04-22,Borussia Dortmund,Eintracht Frankfurt,1.43834,0.452485
Bundesliga,2022,2023-04-23,Freiburg,Schalke 04,2.63573,0.388444
Bundesliga,2022,2023-04-23,Bayer Leverkusen,RasenBallsport Leipzig,1.03404,2.11824
Bundesliga,2022,2023-04-23,Borussia M.Gladbach,Union Berlin,0.40847,1.21726
Bundesliga,2022,2023-04-28,Bochum,Borussia Dortmund,0.57291,2.93268
Bundesliga,2022,2023-04-29,RasenBallsport Leipzig,Hoffenheim,1.70758,0.217156
Bundesliga,2022,2023-04-29,Union Berlin,Bayer Leverkusen,0.580861,0.550938
Bundesliga,2022,2023-04-29,FC Cologne,Freiburg,1.47854,1.3678
Bundesliga,2022,2023-04-29,Eintracht Frankfurt,Augsburg,0.526804,0.461266
Bundesliga,2022,2023-04-29,VfB Stuttgart,Borussia M.Gladbach,2.73645,1.2489
Bundesliga,2022,2023-04-29,Schalke 04,Werder Bremen,1.24953,1.48812
Bundesliga,2022,2023-04-30,Bayern Munich,Hertha Berlin,2.92722,0.0835934
Bundesliga,2022,2023-04-30,Wolfsburg,Mainz 05,1.44113,1.44665
Bundesliga,2022,2023-05-05,Bayer Leverkusen,FC Cologne,0.724879,1.02795
Bundesliga,2022,2023-05-05,Mainz 05,Schalke 04,0.990997,3.14666
Bundesliga,2022,2023-05-06,Freiburg,RasenBallsport Leipzig,0.150751,1.89448
Bundesliga,2022,2023-05-06,Hoffenheim,Eintracht Frankfurt,2.13012,2.41375
Bundesliga,2022,2023-05-06,Borussia M.Gladbach,Bochum,2.31852,0.921673
Bundesliga,2022,2023-05-06,Augsburg,Union Berlin,1.00945,0.485635
Bundesliga,2022,2023-05-06,Hertha Berlin,VfB Stuttgart,1.4984,1.08971
Bundesliga,2022,2023-05-06,Werder Bremen,Bayern Munich,0.805974,2.02292
Bundesliga,2022,2023-05-07,Borussia Dortmund,Wolfsburg,5.13701,0.946113
Bundesliga,2022,2023-05-12,FC Cologne,Hertha Berlin,4.72652,1.11757
Bundesliga,2022,2023-05-13,Bayern Munich,Schalke 04,5.05599,0.33961
Bundesliga,2022,2023-05-13,Union Berlin,Freiburg,1.44733,2.08886
Bundesliga,2022,2023-05-13,Eintracht Frankfurt,Mainz 05,2.03828,0.944589
Bundesliga,2022,2023-05-13,Wolfsburg,Hoffenheim,0.971216,0.758147
Bundesliga,2022,2023-05-13,Bochum,Augsburg,1.32347,1.32904
Bundesliga,2022,2023-05-13,Borussia Dortmund,Borussia M.Gladbach,6.24513,1.63094
Bundesliga,2022,2023-05-14,VfB Stuttgart,Bayer Leverkusen,1.42711,1.57634
Bundesliga,2022,2023-05-14,RasenBallsport Leipzig,Werder Bremen,1.7972,1.17378
Bundesliga,2022,2023-05-19,Freiburg,Wolfsburg,1.44647,0.658973
Bundesliga,2022,2023-05-20,Hoffenheim,Union Berlin,2.49016,1.67535
Bundesliga,2022,2023-05-20,Hertha Berlin,Bochum,1.36159,1.65012
Bundesliga,2022,2023-05-20,Schalke 04,Eintracht Frankfurt,1.13388,1.36879
Bundesliga,2022,2023-05-20,Werder Bremen,FC Cologne,1.96517,1.85587
Bundesliga,2022,2023-05-20,Bayern Munich,RasenBallsport Leipzig,1.63955,2.63992
Bundesliga,2022,2023-05-21,Mainz 05,VfB Stuttgart,1.41611,1.40314
Bundesliga,2022,2023-05-21,Augsburg,Borussia Dortmund,0.407359,3.88007
Bundesliga,2022,2023-05-21,Bayer Leverkusen,Borussia M.Gladbach,1.89906,2.06056
Bundesliga,2022,2023-05-27,Borussia Dortmund,Mainz 05,4.09921,1.68097
Bundesliga,2022,2023-05-27,RasenBallsport Leipzig,Schalke 04,2.97191,1.21648
Bundesliga,2022,2023-05-27,Union Berlin,Werder Bremen,0.783196,0.399601
Bundesliga,2022,2023-05-27,FC Cologne,Bayern Munich,1.15669,1.68032
Bundesliga,2022,2023-05-27,Borussia M.Gladbach,Augsburg,2.98996,0.434493
Bundesliga,2022,2023-05-27,Eintracht Frankfurt,Freiburg,2.04195,1.46472
Bundesliga,2022,2023-05-27,Wolfsburg,Hertha Berlin,3.20986,1.44156
Bundesliga,2022,2023-05-27,Bochum,Bayer Leverkusen,1.56183,0.863964
Bundesliga,2022,2023-05-27,VfB Stuttgart,Hoffenheim,2.19198,1.16078
Bundesliga,2023,2023-08-18,Werder Bremen,Bayern Munich,0.63974,2.89704
Bundesliga,2023,2023-08-19,Bayer Leverkusen,RasenBallsport Leipzig,1.73279,1.60393
Bundesliga,2023,2023-08-19,Wolfsburg,FC Heidenheim,3.21449,1.17776
Bundesliga,2023,2023-08-19,Hoffenheim,Freiburg,1.67186,3.24821
Bundesliga,2023,2023-08-19,Augsburg,Borussia M.Gladbach,2.53482,1.91849
Bundesliga,2023,2023-08-19,VfB Stuttgart,Bochum,3.98664,0.669108
Bundesliga,2023,2023-08-19,Borussia Dortmund,FC Cologne,1.72317,1.51393
Bundesliga,2023,2023-08-20,Union Berlin,Mainz 05,2.11281,2.51995
Bundesliga,2023,2023-08-20,Eintracht Frankfurt,Darmstadt,1.2399,0.813333
Bundesliga,2023,2023-08-25,RasenBallsport Leipzig,VfB Stuttgart,2.0934,1.18326
Bundesliga,2023,2023-08-26,Freiburg,Werder Bremen,1.71877,0.696983
Bundesliga,2023,2023-08-26,FC Cologne,Wolfsburg,0.64301,2.26952
Bundesliga,2023,2023-08-26,Bochum,Borussia Dortmund,1.01164,1.17241
Bundesliga,2023,2023-08-26,FC Heidenheim,Hoffenheim,2.72999,2.75768
Bundesliga,2023,2023-08-26,Darmstadt,Union Berlin,2.59994,1.6379
Bundesliga,2023,2023-08-26,Borussia M.Gladbach,Bayer Leverkusen,1.76423,3.65301
Bundesliga,2023,2023-08-27,Mainz 05,Eintracht Frankfurt,1.44234,1.15731
Bundesliga,2023,2023-08-27,Bayern Munich,Augsburg,2.82296,0.726241
Bundesliga,2023,2023-09-01,Borussia Dortmund,FC Heidenheim,2.74794,2.09517
Bundesliga,2023,2023-09-02,Bayer Leverkusen,Darmstadt,3.42599,0.681851
Bundesliga,2023,2023-09-02,Hoffenheim,Wolfsburg,1.78689,1.4154
Bundesliga,2023,2023-09-02,Werder Bremen,Mainz 05,3.01318,0.65805
Bundesliga,2023,2023-09-02,Augsburg,Bochum,1.88106,1.86494
Bundesliga,2023,2023-09-02,VfB Stuttgart,Freiburg,2.09598,1.50372
Bundesliga,2023,2023-09-02,Borussia M.Gladbach,Bayern Munich,0.201237,2.14949
Bundesliga,2023,2023-09-03,Eintracht Frankfurt,FC Cologne,1.2824,0.931141
Bundesliga,2023,2023-09-03,Union Berlin,RasenBallsport Leipzig,0.17815,1.21402
Bundesliga,2023,2023-09-15,Bayern Munich,Bayer Leverkusen,2.74374,2.4584
Bundesliga,2023,2023-09-16,RasenBallsport Leipzig,Augsburg,1.46279,1.34046
Bundesliga,2023,2023-09-16,Freiburg,Borussia Dortmund,1.14667,3.37255
Bundesliga,2023,2023-09-16,Wolfsburg,Union Berlin,0.566932,1.56941
Bundesliga,2023,2023-09-16,Mainz 05,VfB Stuttgart,1.16545,2.06366
Bundesliga,2023,2023-09-16,FC Cologne,Hoffenheim,1.19432,1.06988
Bundesliga,2023,2023-09-16,Bochum,Eintracht Frankfurt,2.17324,0.737999
Bundesliga,2023,2023-09-17,FC Heidenheim,Werder Bremen,1.96235,2.55978
Bundesliga,2023,2023-09-17,Darmstadt,Borussia M.Gladbach,1.328,3.49324
Bundesliga,2023,2023-09-22,VfB Stuttgart,Darmstadt,3.04946,0.272376
Bundesliga,2023,2023-09-23,Augsburg,Mainz 05,1.04683,0.487325
Bundesliga,2023,2023-09-23,Borussia M.Gladbach,RasenBallsport Leipzig,0.771966,1.03744
Bundesliga,2023,2023-09-23,Bayern Munich,Bochum,6.02607,0.0892044
Bundesliga,2023,2023-09-23,Borussia Dortmund,Wolfsburg,2.16482,0.343309
Bundesliga,2023,2023-09-23,Union Berlin,Hoffenheim,1.62442,2.15364
Bundesliga,2023,2023-09-23,Werder Bremen,FC Cologne,1.59965,1.98951
Bundesliga,2023,2023-09-24,Bayer Leverkusen,FC Heidenheim,3.97445,0.659741
Bundesliga,2023,2023-09-24,Eintracht Frankfurt,Freiburg,0.754063,0.407479
Bundesliga,2023,2023-09-29,Hoffenheim,Borussia Dortmund,1.85129,1.69401
Bundesliga,2023,2023-09-30,Bochum,Borussia M.Gladbach,1.46515,2.86793
Bundesliga,2023,2023-09-30,FC Heidenheim,Union Berlin,0.542933,2.1613
Bundesliga,2023,2023-09-30,Wolfsburg,Eintracht Frankfurt,2.77737,1.09205
Bundesliga,2023,2023-09-30,Mainz 05,Bayer Leverkusen,0.388975,0.811962
Bundesliga,2023,2023-09-30,FC Cologne,VfB Stuttgart,0.803426,2.06666
Bundesliga,2023,2023-09-30,RasenBallsport Leipzig,Bayern Munich,0.793383,1.95099
Bundesliga,2023,2023-10-01,Darmstadt,Werder Bremen,2.34923,1.54627
Bundesliga,2023,2023-10-01,Freiburg,Augsburg,1.2721,1.00081
Bundesliga,2023,2023-10-06,Borussia M.Gladbach,Mainz 05,3.01512,1.21309
Bundesliga,2023,2023-10-07,Borussia Dortmund,Union Berlin,1.76935,1.5245
Bundesliga,2023,2023-10-07,RasenBallsport Leipzig,Bochum,2.22631,0.741054
Bundesliga,2023,2023-10-07,Augsburg,Darmstadt,1.18473,1.96153
Bundesliga,2023,2023-10-07,VfB Stuttgart,Wolfsburg,3.02575,1.06355
Bundesliga,2023,2023-10-07,Werder Bremen,Hoffenheim,1.03064,1.52805
Bundesliga,2023,2023-10-08,Bayer Leverkusen,FC Cologne,3.72502,1.41915
Bundesliga,2023,2023-10-08,Bayern Munich,Freiburg,2.37438,0.0704987
Bundesliga,2023,2023-10-08,Eintracht Frankfurt,FC Heidenheim,1.83609,0.625618
Bundesliga,2023,2023-10-20,Borussia Dortmund,Werder Bremen,2.7285,0.53973
Bundesliga,2023,2023-10-21,Union Berlin,VfB Stuttgart,0.573025,1.87513
Bundesliga,2023,2023-10-21,Freiburg,Bochum,2.5274,1.37705
Bundesliga,2023,2023-10-21,Wolfsburg,Bayer Leverkusen,1.3318,2.27695
Bundesliga,2023,2023-10-21,Hoffenheim,Eintracht Frankfurt,1.13281,2.13235
Bundesliga,2023,2023-10-21,Darmstadt,RasenBallsport Leipzig,1.68331,1.83161
Bundesliga,2023,2023-10-21,Mainz 05,Bayern Munich,0.975025,1.68693
Bundesliga,2023,2023-10-22,FC Cologne,Borussia M.Gladbach,2.72755,0.407008
Bundesliga,2023,2023-10-22,FC Heidenheim,Augsburg,1.99327,2.82353
Bundesliga,2023,2023-10-27,Bochum,Mainz 05,2.13405,0.443599
Bundesliga,2023,2023-10-28,Bayern Munich,Darmstadt,5.884,0.924873
Bundesliga,2023,2023-10-28,Borussia M.Gladbach,FC Heidenheim,0.981009,0.395956
Bundesliga,2023,2023-10-28,Werder Bremen,Union Berlin,0.690799,0.368624
Bundesliga,2023,2023-10-28,Augsburg,Wolfsburg,1.59374,1.25516
Bundesliga,2023,2023-10-28,VfB Stuttgart,Hoffenheim,3.15109,1.74412
Bundesliga,2023,2023-10-28,RasenBallsport Leipzig,FC Cologne,4.85886,1.32863
Bundesliga,2023,2023-10-29,Eintracht Frankfurt,Borussia Dortmund,3.67492,2.41687
Bundesliga,2023,2023-10-29,Bayer Leverkusen,Freiburg,1.60773,1.02333
Bundesliga,2023,2023-11-03,Darmstadt,Bochum,0.854923,1.56273
Bundesliga,2023,2023-11-04,Union Berlin,Eintracht Frankfurt,1.066,1.56887
Bundesliga,2023,2023-11-04,Freiburg,Borussia M.Gladbach,3.3903,1.92375
Bundesliga,2023,2023-11-04,Mainz 05,RasenBallsport Leipzig,1.49686,0.507864
Bundesliga,2023,2023-11-04,FC Cologne,Augsburg,2.22618,2.54685
Bundesliga,2023,2023-11-04,Hoffenheim,Bayer Leverkusen,1.27214,1.05046
Bundesliga,2023,2023-11-04,Borussia Dortmund,Bayern Munich,1.47623,2.86067
Bundesliga,2023,2023-11-05,Wolfsburg,Werder Bremen,1.81371,1.40324
Bundesliga,2023,2023-11-05,FC Heidenheim,VfB Stuttgart,0.78335,2.57296
Bundesliga,2023,2023-11-10,Borussia M.Gladbach,Wolfsburg,2.094,0.500797
Bundesliga,2023,2023-11-11,Bayern Munich,FC Heidenheim,2.60786,1.04526
Bundesliga,2023,2023-11-11,Augsburg,Hoffenheim,0.937133,0.897413
Bundesliga,2023,2023-11-11,VfB Stuttgart,Borussia Dortmund,4.1718,0.7643
Bundesliga,2023,2023-11-11,Darmstadt,Mainz 05,0.449952,0.624718
Bundesliga,2023,2023-11-11,Bochum,FC Cologne,5.05629,1.07591
Bundesliga,2023,2023-11-12,Bayer Leverkusen,Union Berlin,3.04223,0.0283806
Bundesliga,2023,2023-11-12,Werder Bremen,Eintracht Frankfurt,1.93909,2.02339
Bundesliga,2023,2023-11-12,RasenBallsport Leipzig,Freiburg,1.90144,0.398988
Bundesliga,2023,2023-11-24,FC Cologne,Bayern Munich,0.189125,3.8999
Bundesliga,2023,2023-11-25,Borussia Dortmund,Borussia M.Gladbach,3.36754,0.789918
Bundesliga,2023,2023-11-25,Union Berlin,Augsburg,2.40798,1.84043
Bundesliga,2023,2023-11-25,Freiburg,Darmstadt,1.34505,0.34181
Bundesliga,2023,2023-11-25,Wolfsburg,RasenBallsport Leipzig,0.634004,2.90646
Bundesliga,2023,2023-11-25,Werder Bremen,Bayer Leverkusen,0.306657,1.7528
Bundesliga,2023,2023-11-25,Eintracht Frankfurt,VfB Stuttgart,0.787582,2.29764
Bundesliga,2023,2023-11-26,FC Heidenheim,Bochum,0.748895,0.359399
Bundesliga,2023,2023-11-26,Hoffenheim,Mainz 05,0.7002,1.96701
Bundesliga,2023,2023-12-01,Darmstadt,FC Cologne,0.61755,1.30112
Bundesliga,2023,2023-12-02,RasenBallsport Leipzig,FC Heidenheim,4.71075,1.17851
Bundesliga,2023,2023-12-02,Borussia M.Gladbach,Hoffenheim,1.60234,1.33696
Bundesliga,2023,2023-12-02,Bochum,Wolfsburg,2.07603,1.03452
Bundesliga,2023,2023-12-02,VfB Stuttgart,Werder Bremen,4.01803,0.65905
Bundesliga,2023,2023-12-03,Mainz 05,Freiburg,2.86869,1.34097
Bundesliga,2023,2023-12-03,Bayer Leverkusen,Borussia Dortmund,1.96389,1.26088
Bundesliga,2023,2023-12-03,Augsburg,Eintracht Frankfurt,1.95055,0.906933
Bundesliga,2023,2023-12-08,Hoffenheim,Bochum,2.27533,1.82523
Bundesliga,2023,2023-12-09,Union Berlin,Borussia M.Gladbach,2.5675,1.03267
Bundesliga,2023,2023-12-09,Eintracht Frankfurt,Bayern Munich,1.84651,2.59277
Bundesliga,2023,2023-12-09,Wolfsburg,Freiburg,1.32934,0.511263
Bundesliga,2023,2023-12-09,Werder Bremen,Augsburg,1.84577,0.627715
Bundesliga,2023,2023-12-09,FC Heidenheim,Darmstadt,1.86894,1.00759
Bundesliga,2023,2023-12-09,Borussia Dortmund,RasenBallsport Leipzig,1.71347,3.63569
Bundesliga,2023,2023-12-10,VfB Stuttgart,Bayer Leverkusen,2.61136,1.47429
Bundesliga,2023,2023-12-10,FC Cologne,Mainz 05,0.248621,1.87569
Bundesliga,2023,2023-12-15,Borussia M.Gladbach,Werder Bremen,1.20813,1.64723
Bundesliga,2023,2023-12-16,Mainz 05,FC Heidenheim,1.21178,0.756363
Bundesliga,2023,2023-12-16,Bochum,Union Berlin,3.57797,0.670719
Bundesliga,2023,2023-12-16,Augsburg,Borussia Dortmund,1.509,2.02537
Bundesliga,2023,2023-12-16,Darmstadt,Wolfsburg,0.942093,0.587028
Bundesliga,2023,2023-12-16,RasenBallsport Leipzig,Hoffenheim,2.91669,1.04243
Bundesliga,2023,2023-12-17,Freiburg,FC Cologne,3.46957,1.24601
Bundesliga,2023,2023-12-17,Bayer Leverkusen,Eintracht Frankfurt,2.4919,0.205245
Bundesliga,2023,2023-12-17,Bayern Munich,VfB Stuttgart,3.41522,0.309157
Bundesliga,2023,2023-12-19,Werder Bremen,RasenBallsport Leipzig,1.48185,1.99449
Bundesliga,2023,2023-12-19,Borussia Dortmund,Mainz 05,1.33337,1.06262
Bundesliga,2023,2023-12-19,Hoffenheim,Darmstadt,2.81806,0.952662
Bundesliga,2023,2023-12-20,Union Berlin,FC Cologne,1.86539,0.897866
Bundesliga,2023,2023-12-20,Bayer Leverkusen,Bochum,3.32375,0.325421
Bundesliga,2023,2023-12-20,Eintracht Frankfurt,Borussia M.Gladbach,1.53912,0.552196
Bundesliga,2023,2023-12-20,Wolfsburg,Bayern Munich,0.313193,3.15053
Bundesliga,2023,2023-12-20,VfB Stuttgart,Augsburg,2.65007,0.224572
Bundesliga,2023,2023-12-20,FC Heidenheim,Freiburg,1.75628,1.59052
Bundesliga,2023,2024-01-12,Bayern Munich,Hoffenheim,3.4164,1.61888
Bundesliga,2023,2024-01-13,RasenBallsport Leipzig,Eintracht Frankfurt,2.67312,1.07791
Bundesliga,2023,2024-01-13,Freiburg,Union Berlin,2.1675,0.424997
Bundesliga,2023,2024-01-13,Mainz 05,Wolfsburg,0.366084,0.419404
Bundesliga,2023,2024-01-13,FC Cologne,FC Heidenheim,0.641578,1.27869
Bundesliga,2023,2024-01-13,Augsburg,Bayer Leverkusen,0.445211,2.31757
Bundesliga,2023,2024-01-13,Darmstadt,Borussia Dortmund,0.825788,3.14682
Bundesliga,2023,2024-01-14,Bochum,Werder Bremen,1.24017,0.934194
Bundesliga,2023,2024-01-14,Borussia M.Gladbach,VfB Stuttgart,2.02288,1.24703
Bundesliga,2023,2024-01-20,Freiburg,Hoffenheim,2.47971,1.76349
Bundesliga,2023,2024-01-20,FC Cologne,Borussia Dortmund,1.3929,3.48032
Bundesliga,2023,2024-01-20,Bochum,VfB Stuttgart,0.71453,1.99316
Bundesliga,2023,2024-01-20,FC Heidenheim,Wolfsburg,1.19211,1.22104
Bundesliga,2023,2024-01-20,Darmstadt,Eintracht Frankfurt,1.3877,1.28892
Bundesliga,2023,2024-01-20,RasenBallsport Leipzig,Bayer Leverkusen,1.59453,2.17224
Bundesliga,2023,2024-01-21,Bayern Munich,Werder Bremen,1.54562,0.429252
Bundesliga,2023,2024-01-21,Borussia M.Gladbach,Augsburg,1.87919,1.61193
Bundesliga,2023,2024-01-24,Bayern Munich,Union Berlin,2.172,0.477644
Bundesliga,2023,2024-01-26,Eintracht Frankfurt,Mainz 05,1.13826,0.815239
Bundesliga,2023,2024-01-27,Wolfsburg,FC Cologne,2.13999,0.365929
Bundesliga,2023,2024-01-27,Hoffenheim,FC Heidenheim,3.23703,1.10065
Bundesliga,2023,2024-01-27,Werder Bremen,Freiburg,2.33032,1.33739
Bundesliga,2023,2024-01-27,Augsburg,Bayern Munich,2.68517,2.27504
Bundesliga,2023,2024-01-27,VfB Stuttgart,RasenBallsport Leipzig,3.13056,0.495967
Bundesliga,2023,2024-01-27,Bayer Leverkusen,Borussia M.Gladbach,3.32828,0.278864
Bundesliga,2023,2024-01-28,Union Berlin,Darmstadt,3.54733,1.00135
Bundesliga,2023,2024-01-28,Borussia Dortmund,Bochum,3.09919,0.388377
Bundesliga,2023,2024-02-02,FC Heidenheim,Borussia Dortmund,1.00945,0.8117
Bundesliga,2023,2024-02-03,Bayern Munich,Borussia M.Gladbach,2.58401,0.780069
Bundesliga,2023,2024-02-03,Freiburg,VfB Stuttgart,1.15964,2.73728
Bundesliga,2023,2024-02-03,Mainz 05,Werder Bremen,1.04044,0.395044
Bundesliga,2023,2024-02-03,Bochum,Augsburg,1.16731,1.39431
Bundesliga,2023,2024-02-03,Darmstadt,Bayer Leverkusen,0.432778,2.18207
Bundesliga,2023,2024-02-03,FC Cologne,Eintracht Frankfurt,2.09653,1.16049
Bundesliga,2023,2024-02-04,Wolfsburg,Hoffenheim,1.60418,1.93269
Bundesliga,2023,2024-02-04,RasenBallsport Leipzig,Union Berlin,1.7598,0.65912
Bundesliga,2023,2024-02-07,Mainz 05,Union Berlin,1.37814,1.53583
Bundesliga,2023,2024-02-09,Borussia Dortmund,Freiburg,3.21996,0.230074
Bundesliga,2023,2024-02-10,Borussia M.Gladbach,Darmstadt,1.47353,0.817722
Bundesliga,2023,2024-02-10,Union Berlin,Wolfsburg,0.575454,1.08099
Bundesliga,2023,2024-02-10,Werder Bremen,FC Heidenheim,1.62589,2.1722
Bundesliga,2023,2024-02-10,Augsburg,RasenBallsport Leipzig,0.965916,1.78901
Bundesliga,2023,2024-02-10,Eintracht Frankfurt,Bochum,2.44154,1.27691
Bundesliga,2023,2024-02-10,Bayer Leverkusen,Bayern Munich,1.22993,0.710198
Bundesliga,2023,2024-02-11,VfB Stuttgart,Mainz 05,2.17007,1.61535
Bundesliga,2023,2024-02-11,Hoffenheim,FC Cologne,0.726907,0.172441
Bundesliga,2023,2024-02-16,FC Cologne,Werder Bremen,0.627448,1.35198
Bundesliga,2023,2024-02-17,Wolfsburg,Borussia Dortmund,2.11967,1.21109
Bundesliga,2023,2024-02-17,Mainz 05,Augsburg,2.62289,0.612185
Bundesliga,2023,2024-02-17,Hoffenheim,Union Berlin,1.24508,2.1649
Bundesliga,2023,2024-02-17,FC Heidenheim,Bayer Leverkusen,0.698981,1.87986
Bundesliga,2023,2024-02-17,Darmstadt,VfB Stuttgart,2.66748,1.74454
Bundesliga,2023,2024-02-17,RasenBallsport Leipzig,Borussia M.Gladbach,1.49022,0.944074
Bundesliga,2023,2024-02-18,Freiburg,Eintracht Frankfurt,2.77236,1.35483
Bundesliga,2023,2024-02-18,Bochum,Bayern Munich,2.08495,2.86883
Bundesliga,2023,2024-02-23,Bayer Leverkusen,Mainz 05,1.47222,0.471019
Bundesliga,2023,2024-02-24,VfB Stuttgart,FC Cologne,1.87785,1.43669
Bundesliga,2023,2024-02-24,Werder Bremen,Darmstadt,1.5891,0.890186
Bundesliga,2023,2024-02-24,Borussia M.Gladbach,Bochum,3.64941,2.13723
Bundesliga,2023,2024-02-24,Union Berlin,FC Heidenheim,1.20933,1.33022
Bundesliga,2023,2024-02-24,Bayern Munich,RasenBallsport Leipzig,1.83179,0.57703
Bundesliga,2023,2024-02-25,Eintracht Frankfurt,Wolfsburg,1.53623,1.18165
Bundesliga,2023,2024-02-25,Borussia Dortmund,Hoffenheim,3.06361,1.31588
Bundesliga,2023,2024-02-25,Augsburg,Freiburg,2.40818,1.42649
Bundesliga,2023,2024-03-01,Freiburg,Bayern Munich,1.53977,2.4424
Bundesliga,2023,2024-03-02,Union Berlin,Borussia Dortmund,0.999042,1.63921
Bundesliga,2023,2024-03-02,Mainz 05,Borussia M.Gladbach,1.08864,1.55082
Bundesliga,2023,2024-03-02,Bochum,RasenBallsport Leipzig,0.562887,2.11704
Bundesliga,2023,2024-03-02,FC Heidenheim,Eintracht Frankfurt,0.847831,1.57778
Bundesliga,2023,2024-03-02,Darmstadt,Augsburg,1.113,3.39611
Bundesliga,2023,2024-03-02,Wolfsburg,VfB Stuttgart,0.964288,1.04058
Bundesliga,2023,2024-03-03,FC Cologne,Bayer Leverkusen,1.29405,1.63841
Bundesliga,2023,2024-03-03,Hoffenheim,Werder Bremen,2.06582,1.34942
Bundesliga,2023,2024-03-08,VfB Stuttgart,Union Berlin,1.30933,0.839212
Bundesliga,2023,2024-03-09,Bayern Munich,Mainz 05,6.78137,1.07439
Bundesliga,2023,2024-03-09,RasenBallsport Leipzig,Darmstadt,4.25377,0.394275
Bundesliga,2023,2024-03-09,Borussia M.Gladbach,FC Cologne,2.54696,0.924707
Bundesliga,2023,2024-03-09,Augsburg,FC Heidenheim,0.740927,0.267511
Bundesliga,2023,2024-03-09,Werder Bremen,Borussia Dortmund,1.34789,1.23563
Bundesliga,2023,2024-03-10,Bochum,Freiburg,1.28237,1.43573
Bundesliga,2023,2024-03-10,Eintracht Frankfurt,Hoffenheim,3.53168,0.695868
Bundesliga,2023,2024-03-10,Bayer Leverkusen,Wolfsburg,2.09982,0.354851
Bundesliga,2023,2024-03-15,FC Cologne,RasenBallsport Leipzig,1.18251,3.92775
Bundesliga,2023,2024-03-16,Union Berlin,Werder Bremen,1.42836,0.833042
Bundesliga,2023,2024-03-16,Wolfsburg,Augsburg,1.67932,0.971481
Bundesliga,2023,2024-03-16,Mainz 05,Bochum,2.33802,0.590727
Bundesliga,2023,2024-03-16,FC Heidenheim,Borussia M.Gladbach,1.61096,0.820339
Bundesliga,2023,2024-03-16,Darmstadt,Bayern Munich,1.2476,5.11913
Bundesliga,2023,2024-03-16,Hoffenheim,VfB Stuttgart,0.229186,3.1752
Bundesliga,2023,2024-03-17,Freiburg,Bayer Leverkusen,0.916618,2.50336
Bundesliga,2023,2024-03-17,Borussia Dortmund,Eintracht Frankfurt,2.83411,0.86903
Bundesliga,2023,2024-03-30,RasenBallsport Leipzig,Mainz 05,2.91967,1.00565
Bundesliga,2023,2024-03-30,Bayer Leverkusen,Hoffenheim,3.03672,0.657688
Bundesliga,2023,2024-03-30,Eintracht Frankfurt,Union Berlin,1.3089,1.07679
Bundesliga,2023,2024-03-30,Borussia M.Gladbach,Freiburg,1.84419,2.08769
Bundesliga,2023,2024-03-30,Werder Bremen,Wolfsburg,0.738782,2.44615
Bundesliga,2023,2024-03-30,Bayern Munich,Borussia Dortmund,1.90876,1.25844
Bundesliga,2023,2024-03-31,Augsburg,FC Cologne,2.13131,1.6795
Bundesliga,2023,2024-03-31,VfB Stuttgart,FC Heidenheim,3.0588,1.62523
Bundesliga,2023,2024-03-31,Bochum,Darmstadt,2.29251,0.879015
Bundesliga,2023,2024-04-05,Eintracht Frankfurt,Werder Bremen,2.18898,1.60098
Bundesliga,2023,2024-04-06,Union Berlin,Bayer Leverkusen,0.269865,2.7617
Bundesliga,2023,2024-04-06,Freiburg,RasenBallsport Leipzig,1.55898,2.88698
Bundesliga,2023,2024-04-06,Mainz 05,Darmstadt,3.84973,0.558152
Bundesliga,2023,2024-04-06,FC Heidenheim,Bayern Munich,1.35048,2.12066
Bundesliga,2023,2024-04-06,FC Cologne,Bochum,1.23733,0.777136
Bundesliga,2023,2024-04-06,Borussia Dortmund,VfB Stuttgart,2.95333,1.82865
Bundesliga,2023,2024-04-07,Hoffenheim,Augsburg,2.21977,0.806763
Bundesliga,2023,2024-04-07,Wolfsburg,Borussia M.Gladbach,1.26689,1.38704
Bundesliga,2023,2024-04-12,Augsburg,Union Berlin,1.7073,1.55042
Bundesliga,2023,2024-04-13,Bayern Munich,FC Cologne,2.34705,0.766768
Bundesliga,2023,2024-04-13,RasenBallsport Leipzig,Wolfsburg,1.68139,0.323042
Bundesliga,2023,2024-04-13,Mainz 05,Hoffenheim,2.58388,0.529727
Bundesliga,2023,2024-04-13,Borussia M.Gladbach,Borussia Dortmund,1.17228,1.80703
Bundesliga,2023,2024-04-13,Bochum,FC Heidenheim,1.11714,1.40689
Bundesliga,2023,2024-04-13,VfB Stuttgart,Eintracht Frankfurt,1.26199,0.565621
Bundesliga,2023,2024-04-14,Darmstadt,Freiburg,0.962275,1.34437
Bundesliga,2023,2024-04-14,Bayer Leverkusen,Werder Bremen,3.33579,0.885426
Bundesliga,2023,2024-04-19,Eintracht Frankfurt,Augsburg,1.88744,0.597958
Bundesliga,2023,2024-04-20,Wolfsburg,Bochum,1.34814,1.37904
Bundesliga,2023,2024-04-20,FC Cologne,Darmstadt,1.1117,1.95124
Bundesliga,2023,2024-04-20,Hoffenheim,Borussia M.Gladbach,2.77278,1.36369
Bundesliga,2023,2024-04-20,FC Heidenheim,RasenBallsport Leipzig,1.35248,1.58114
Bundesliga,2023,2024-04-20,Union Berlin,Bayern Munich,1.06863,1.92795
Bundesliga,2023,2024-04-21,Werder Bremen,VfB Stuttgart,1.40776,3.32355
Bundesliga,2023,2024-04-21,Borussia Dortmund,Bayer Leverkusen,0.773997,1.51278
Bundesliga,2023,2024-04-21,Freiburg,Mainz 05,1.25572,1.47938
Bundesliga,2023,2024-04-26,Bochum,Hoffenheim,3.91029,1.28293
Bundesliga,2023,2024-04-27,Bayern Munich,Eintracht Frankfurt,3.29649,0.392852
Bundesliga,2023,2024-04-27,RasenBallsport Leipzig,Borussia Dortmund,2.74912,1.7764
Bundesliga,2023,2024-04-27,Freiburg,Wolfsburg,1.86256,0.583145
Bundesliga,2023,2024-04-27,Augsburg,Werder Bremen,0.54257,2.53138
Bundesliga,2023,2024-04-27,Bayer Leverkusen,VfB Stuttgart,1.66579,2.02009
Bundesliga,2023,2024-04-28,Borussia M.Gladbach,Union Berlin,1.21021,1.11351
Bundesliga,2023,2024-04-28,Mainz 05,FC Cologne,1.88933,2.85686
Bundesliga,2023,2024-04-28,Darmstadt,FC Heidenheim,0.532047,1.49165
Bundesliga,2023,2024-05-03,Hoffenheim,RasenBallsport Leipzig,1.80367,1.03434
Bundesliga,2023,2024-05-04,Borussia Dortmund,Augsburg,3.67101,2.56978
Bundesliga,2023,2024-05-04,Wolfsburg,Darmstadt,3.16035,0.372357
Bundesliga,2023,2024-05-04,Werder Bremen,Borussia M.Gladbach,1.31618,2.28533
Bundesliga,2023,2024-05-04,VfB Stuttgart,Bayern Munich,2.0106,1.92761
Bundesliga,2023,2024-05-04,FC Cologne,Freiburg,1.08936,1.12733
Bundesliga,2023,2024-05-05,Union Berlin,Bochum,1.49561,1.84679
Bundesliga,2023,2024-05-05,Eintracht Frankfurt,Bayer Leverkusen,1.57584,3.11322
Bundesliga,2023,2024-05-05,FC Heidenheim,Mainz 05,1.42565,2.2312
Bundesliga,2023,2024-05-10,Augsburg,VfB Stuttgart,0.562362,1.82603
Bundesliga,2023,2024-05-11,RasenBallsport Leipzig,Werder Bremen,1.60961,1.0305
Bundesliga,2023,2024-05-11,Freiburg,FC Heidenheim,1.8695,0.634464
Bundesliga,2023,2024-05-11,Borussia M.Gladbach,Eintracht Frankfurt,0.323547,2.33139
Bundesliga,2023,2024-05-11,FC Cologne,Union Berlin,3.02417,1.66062
Bundesliga,2023,2024-05-11,Mainz 05,Borussia Dortmund,3.05403,0.398966
Bundesliga,2023,2024-05-12,Darmstadt,Hoffenheim,0.467229,3.67135
Bundesliga,2023,2024-05-12,Bayern Munich,Wolfsburg,0.37152,0.132383
Bundesliga,2023,2024-05-12,Bochum,Bayer Leverkusen,0.221516,4.59495
Bundesliga,2023,2024-05-18,Borussia Dortmund,Darmstadt,3.0526,0.281801
Bundesliga,2023,2024-05-18,Union Berlin,Freiburg,2.28943,0.963773
Bundesliga,2023,2024-05-18,Bayer Leverkusen,Augsburg,2.40225,1.19936
Bundesliga,2023,2024-05-18,Eintracht Frankfurt,RasenBallsport Leipzig,2.62491,1.79078
Bundesliga,2023,2024-05-18,Wolfsburg,Mainz 05,1.5246,2.37382
Bundesliga,2023,2024-05-18,Hoffenheim,Bayern Munich,2.44188,1.69159
Bundesliga,2023,2024-05-18,Werder Bremen,Bochum,3.80667,2.14301
Bundesliga,2023,2024-05-18,VfB Stuttgart,Borussia M.Gladbach,2.1075,1.65395
Bundesliga,2023,2024-05-18,FC Heidenheim,FC Cologne,1.46315,2.70114
Bundesliga,2024,2024-08-23,Borussia M.Gladbach,Bayer Leverkusen,1.51665,3.23588
Bundesliga,2024,2024-08-24,RasenBallsport Leipzig,Bochum,0.937134,1.31541
Bundesliga,2024,2024-08-24,Hoffenheim,Holstein Kiel,3.73706,1.97238
Bundesliga,2024,2024-08-24,Freiburg,VfB Stuttgart,3.0149,0.374185
Bundesliga,2024,2024-08-24,Augsburg,Werder Bremen,1.31571,1.54312
Bundesliga,2024,2024-08-24,Mainz 05,Union Berlin,1.77023,0.731569
Bundesliga,2024,2024-08-24,Borussia Dortmund,Eintracht Frankfurt,1.9263,1.15188
Bundesliga,2024,2024-08-25,Wolfsburg,Bayern Munich,2.08125,2.17538
Bundesliga,2024,2024-08-25,St. Pauli,FC Heidenheim,1.1609,1.16833
Bundesliga,2024,2024-08-30,Union Berlin,St. Pauli,1.0488,0.644857
Bundesliga,2024,2024-08-31,Bochum,Borussia M.Gladbach,0.918629,2.66887
Bundesliga,2024,2024-08-31,Werder Bremen,Borussia Dortmund,0.278533,0.918302
Bundesliga,2024,2024-08-31,Holstein Kiel,Wolfsburg,0.89489,1.4619
Bundesliga,2024,2024-08-31,VfB Stuttgart,Mainz 05,4.2134,1.95179
Bundesliga,2024,2024-08-31,Eintracht Frankfurt,Hoffenheim,2.68507,0.832386
Bundesliga,2024,2024-08-31,Bayer Leverkusen,RasenBallsport Leipzig,3.42266,1.50532
Bundesliga,2024,2024-09-01,FC Heidenheim,Augsburg,3.09376,0.641534
Bundesliga,2024,2024-09-01,Bayern Munich,Freiburg,1.62797,0.970892
Bundesliga,2024,2024-09-13,Borussia Dortmund,FC Heidenheim,2.84066,1.61406
Bundesliga,2024,2024-09-14,Hoffenheim,Bayer Leverkusen,1.06356,3.41829
Bundesliga,2024,2024-09-14,Freiburg,Bochum,3.95617,1.10732
Bundesliga,2024,2024-09-14,RasenBallsport Leipzig,Union Berlin,1.29462,0.859112
Bundesliga,2024,2024-09-14,Wolfsburg,Eintracht Frankfurt,1.23249,2.86858
Bundesliga,2024,2024-09-14,Borussia M.Gladbach,VfB Stuttgart,2.05136,2.7214
Bundesliga,2024,2024-09-14,Holstein Kiel,Bayern Munich,0.299776,4.13442
Bundesliga,2024,2024-09-15,Augsburg,St. Pauli,2.61475,0.49314
Bundesliga,2024,2024-09-15,Mainz 05,Werder Bremen,1.67115,1.8089
Bundesliga,2024,2024-09-20,Augsburg,Mainz 05,2.79562,1.25788
Bundesliga,2024,2024-09-21,Union Berlin,Hoffenheim,1.21587,0.378776
Bundesliga,2024,2024-09-21,Bochum,Holstein Kiel,1.32383,2.26878
Bundesliga,2024,2024-09-21,FC Heidenheim,Freiburg,0.379656,1.23884
Bundesliga,2024,2024-09-21,Werder Bremen,Bayern Munich,0.0,3.34451
Bundesliga,2024,2024-09-21,Eintracht Frankfurt,Borussia M.Gladbach,2.93252,1.19669
Bundesliga,2024,2024-09-22,Bayer Leverkusen,Wolfsburg,1.71874,0.836406
Bundesliga,2024,2024-09-22,VfB Stuttgart,Borussia Dortmund,3.56218,0.60692
Bundesliga,2024,2024-09-22,St. Pauli,RasenBallsport Leipzig,1.67285,0.841324
Bundesliga,2024,2024-09-27,Borussia Dortmund,Bochum,4.1712,1.02915
Bundesliga,2024,2024-09-28,Freiburg,St. Pauli,1.10172,1.40925
Bundesliga,2024,2024-09-28,Wolfsburg,VfB Stuttgart,1.0386,2.58036
Bundesliga,2024,2024-09-28,Mainz 05,FC Heidenheim,0.371434,1.09304
Bundesliga,2024,2024-09-28,Borussia M.Gladbach,Union Berlin,1.38305,0.731164
Bundesliga,2024,2024-09-28,RasenBallsport Leipzig,Augsburg,2.81593,1.07415
Bundesliga,2024,2024-09-28,Bayern Munich,Bayer Leverkusen,1.19457,0.0870163
Bundesliga,2024,2024-09-29,Holstein Kiel,Eintracht Frankfurt,1.02971,2.43436
Bundesliga,2024,2024-09-29,Hoffenheim,Werder Bremen,1.78654,4.06917
Bundesliga,2024,2024-10-04,Augsburg,Borussia M.Gladbach,1.75524,0.807021
Bundesliga,2024,2024-10-05,Werder Bremen,Freiburg,0.879674,1.58065
Bundesliga,2024,2024-10-05,Union Berlin,Borussia Dortmund,1.52691,0.748758
Bundesliga,2024,2024-10-05,Bochum,Wolfsburg,2.28586,2.37344
Bundesliga,2024,2024-10-05,Bayer Leverkusen,Holstein Kiel,2.5839,1.98438
Bundesliga,2024,2024-10-05,St. Pauli,Mainz 05,0.805413,1.29606
Bundesliga,2024,2024-10-06,FC Heidenheim,RasenBallsport Leipzig,1.08159,1.81585
Bundesliga,2024,2024-10-06,Eintracht Frankfurt,Bayern Munich,1.49515,2.83119
Bundesliga,2024,2024-10-06,VfB Stuttgart,Hoffenheim,1.72567,0.893468
Bundesliga,2024,2024-10-18,Borussia Dortmund,St. Pauli,3.97161,1.07012
Bundesliga,2024,2024-10-19,Bayer Leverkusen,Eintracht Frankfurt,4.07146,1.55158
Bundesliga,2024,2024-10-19,Hoffenheim,Bochum,2.46268,2.3454
Bundesliga,2024,2024-10-19,Freiburg,Augsburg,1.07588,0.868723
Bundesliga,2024,2024-10-19,Mainz 05,RasenBallsport Leipzig,0.611288,2.16084
Bundesliga,2024,2024-10-19,Borussia M.Gladbach,FC Heidenheim,4.14976,1.89766
Bundesliga,2024,2024-10-19,Bayern Munich,VfB Stuttgart,3.61889,0.286656
Bundesliga,2024,2024-10-20,Holstein Kiel,Union Berlin,0.901058,1.2809
Bundesliga,2024,2024-10-20,Wolfsburg,Werder Bremen,2.17351,2.14788
Bundesliga,2024,2024-10-25,Mainz 05,Borussia M.Gladbach,1.45557,0.934033
Bundesliga,2024,2024-10-26,VfB Stuttgart,Holstein Kiel,1.90999,0.680092
Bundesliga,2024,2024-10-26,RasenBallsport Leipzig,Freiburg,2.69047,1.75887
Bundesliga,2024,2024-10-26,Augsburg,Borussia Dortmund,0.560509,0.776944
Bundesliga,2024,2024-10-26,St. Pauli,Wolfsburg,0.730167,0.940969
Bundesliga,2024,2024-10-26,Werder Bremen,Bayer Leverkusen,1.78808,1.30852
Bundesliga,2024,2024-10-27,Bochum,Bayern Munich,0.205046,3.1499
Bundesliga,2024,2024-10-27,Union Berlin,Eintracht Frankfurt,1.86305,1.54058
Bundesliga,2024,2024-10-27,FC Heidenheim,Hoffenheim,1.57817,0.692793
Bundesliga,2024,2024-11-01,Bayer Leverkusen,VfB Stuttgart,2.78287,0.223778
Bundesliga,2024,2024-11-02,Bayern Munich,Union Berlin,2.76181,0.4664
Bundesliga,2024,2024-11-02,Eintracht Frankfurt,Bochum,3.83028,2.08714
Bundesliga,2024,2024-11-02,Hoffenheim,St. Pauli,0.746379,1.1155
Bundesliga,2024,2024-11-02,Wolfsburg,Augsburg,1.11324,0.499473
Bundesliga,2024,2024-11-02,Holstein Kiel,FC Heidenheim,2.13316,1.27585
Bundesliga,2024,2024-11-02,Borussia Dortmund,RasenBallsport Leipzig,3.30102,0.23928
Bundesliga,2024,2024-11-03,Freiburg,Mainz 05,0.463898,0.903716
Bundesliga,2024,2024-11-03,Borussia M.Gladbach,Werder Bremen,2.95668,1.30211
Bundesliga,2024,2024-11-08,Union Berlin,Freiburg,0.801684,2.66619
Bundesliga,2024,2024-11-09,Werder Bremen,Holstein Kiel,2.26129,0.884231
Bundesliga,2024,2024-11-09,Mainz 05,Borussia Dortmund,3.18749,0.845107
Bundesliga,2024,2024-11-09,Bochum,Bayer Leverkusen,0.777554,1.40554
Bundesliga,2024,2024-11-09,St. Pauli,Bayern Munich,0.0751538,1.67296
Bundesliga,2024,2024-11-09,RasenBallsport Leipzig,Borussia M.Gladbach,0.849803,1.31521
Bundesliga,2024,2024-11-10,Augsburg,Hoffenheim,0.970329,0.415649
Bundesliga,2024,2024-11-10,VfB Stuttgart,Eintracht Frankfurt,2.81862,1.93894
Bundesliga,2024,2024-11-10,FC Heidenheim,Wolfsburg,2.62448,1.55233
Bundesliga,2024,2024-11-22,Bayern Munich,Augsburg,4.02659,0.149096
Bundesliga,2024,2024-11-23,Bayer Leverkusen,FC Heidenheim,2.02581,1.03141
Bundesliga,2024,2024-11-23,VfB Stuttgart,Bochum,2.05767,0.652259
Bundesliga,2024,2024-11-23,Borussia Dortmund,Freiburg,1.49974,1.1957
Bundesliga,2024,2024-11-23,Hoffenheim,RasenBallsport Leipzig,2.60143,1.72976
Bundesliga,2024,2024-11-23,Wolfsburg,Union Berlin,0.742754,0.63337
Bundesliga,2024,2024-11-23,Eintracht Frankfurt,Werder Bremen,1.47057,0.632819
Bundesliga,2024,2024-11-24,Holstein Kiel,Mainz 05,0.346026,2.13631
Bundesliga,2024,2024-11-24,Borussia M.Gladbach,St. Pauli,2.99128,1.15234
Bundesliga,2024,2024-11-30,RasenBallsport Leipzig,Wolfsburg,1.4486,2.69881
Bundesliga,2024,2024-11-30,Werder Bremen,VfB Stuttgart,2.14949,1.6651
Bundesliga,2024,2024-11-30,Freiburg,Borussia M.Gladbach,2.15426,1.27811
Bundesliga,2024,2024-11-30,Augsburg,Bochum,2.15529,0.250706
Bundesliga,2024,2024-11-30,Union Berlin,Bayer Leverkusen,1.11328,0.906684
Bundesliga,2024,2024-11-30,St. Pauli,Holstein Kiel,1.96179,1.1506
Bundesliga,2024,2024-11-30,Borussia Dortmund,Bayern Munich,0.55981,1.83117
Bundesliga,2024,2024-12-01,FC Heidenheim,Eintracht Frankfurt,0.861094,3.19019
Bundesliga,2024,2024-12-01,Mainz 05,Hoffenheim,2.62793,0.814599
Bundesliga,2024,2024-12-06,VfB Stuttgart,Union Berlin,1.81349,1.86301
Bundesliga,2024,2024-12-07,Bayer Leverkusen,St. Pauli,0.729523,2.18395
Bundesliga,2024,2024-12-07,Bochum,Werder Bremen,1.16256,1.20754
Bundesliga,2024,2024-12-07,Holstein Kiel,RasenBallsport Leipzig,1.14963,1.72704
Bundesliga,2024,2024-12-07,Bayern Munich,FC Heidenheim,3.08538,1.16879
Bundesliga,2024,2024-12-07,Eintracht Frankfurt,Augsburg,1.53465,1.17089
Bundesliga,2024,2024-12-07,Borussia M.Gladbach,Borussia Dortmund,1.10194,1.58856
Bundesliga,2024,2024-12-08,Wolfsburg,Mainz 05,1.48692,3.02237
Bundesliga,2024,2024-12-08,Hoffenheim,Freiburg,1.49449,1.53138
Bundesliga,2024,2024-12-13,Freiburg,Wolfsburg,2.96777,1.85123
Bundesliga,2024,2024-12-14,Augsburg,Bayer Leverkusen,0.43671,1.02095
Bundesliga,2024,2024-12-14,Mainz 05,Bayern Munich,1.64219,0.992002
Bundesliga,2024,2024-12-14,Borussia M.Gladbach,Holstein Kiel,2.33425,0.323948
Bundesliga,2024,2024-12-14,Union Berlin,Bochum,3.0131,1.23723
Bundesliga,2024,2024-12-14,St. Pauli,Werder Bremen,0.515437,0.986101
Bundesliga,2024,2024-12-15,FC Heidenheim,VfB Stuttgart,0.808275,3.46171
Bundesliga,2024,2024-12-15,Borussia Dortmund,Hoffenheim,0.433347,1.31436
Bundesliga,2024,2024-12-15,RasenBallsport Leipzig,Eintracht Frankfurt,2.4958,0.839379
Bundesliga,2024,2024-12-20,Bayern Munich,RasenBallsport Leipzig,4.35715,0.552564
Bundesliga,2024,2024-12-21,VfB Stuttgart,St. Pauli,2.41593,2.57781
Bundesliga,2024,2024-12-21,Eintracht Frankfurt,Mainz 05,2.58915,0.753285
Bundesliga,2024,2024-12-21,Hoffenheim,Borussia M.Gladbach,3.7229,0.490494
Bundesliga,2024,2024-12-21,Werder Bremen,Union Berlin,2.73356,1.64107
Bundesliga,2024,2024-12-21,Holstein Kiel,Augsburg,2.48595,1.13064
Bundesliga,2024,2024-12-21,Bayer Leverkusen,Freiburg,3.25968,1.34161
Bundesliga,2024,2024-12-22,Bochum,FC Heidenheim,1.68369,0.512353
Bundesliga,2024,2024-12-22,Wolfsburg,Borussia Dortmund,1.95337,2.4116
Bundesliga,2024,2025-01-10,Borussia Dortmund,Bayer Leverkusen,1.48663,1.8834
Bundesliga,2024,2025-01-11,Hoffenheim,Wolfsburg,1.18042,1.49127
Bundesliga,2024,2025-01-11,FC Heidenheim,Union Berlin,1.75563,1.03435
Bundesliga,2024,2025-01-11,Freiburg,Holstein Kiel,0.750017,1.66855
Bundesliga,2024,2025-01-11,Mainz 05,Bochum,1.7238,0.697735
Bundesliga,2024,2025-01-11,St. Pauli,Eintracht Frankfurt,2.5542,2.23689
Bundesliga,2024,2025-01-11,Borussia M.Gladbach,Bayern Munich,0.326195,4.47736
Bundesliga,2024,2025-01-12,RasenBallsport Leipzig,Werder Bremen,2.65039,1.32687
Bundesliga,2024,2025-01-12,Augsburg,VfB Stuttgart,0.339144,2.61617
Bundesliga,2024,2025-01-14,Holstein Kiel,Borussia Dortmund,1.95929,1.16391
Bundesliga,2024,2025-01-14,Bayer Leverkusen,Mainz 05,1.99412,0.603471
Bundesliga,2024,2025-01-14,Eintracht Frankfurt,Freiburg,2.82238,0.587762
Bundesliga,2024,2025-01-14,Wolfsburg,Borussia M.Gladbach,3.72762,0.856948
Bundesliga,2024,2025-01-15,Bochum,St. Pauli,1.8213,1.15308
Bundesliga,2024,2025-01-15,VfB Stuttgart,RasenBallsport Leipzig,2.42754,0.710278
Bundesliga,2024,2025-01-15,Bayern Munich,Hoffenheim,3.80458,0.222965
Bundesliga,2024,2025-01-15,Werder Bremen,FC Heidenheim,1.87497,1.91878
Bundesliga,2024,2025-01-15,Union Berlin,Augsburg,0.549286,1.41902
Bundesliga,2024,2025-01-17,Eintracht Frankfurt,Borussia Dortmund,2.05106,0.57641
Bundesliga,2024,2025-01-18,VfB Stuttgart,Freiburg,2.26605,0.187694
Bundesliga,2024,2025-01-18,Bayern Munich,Wolfsburg,3.23282,0.702414
Bundesliga,2024,2025-01-18,FC Heidenheim,St. Pauli,0.923964,2.23242
Bundesliga,2024,2025-01-18,Bochum,RasenBallsport Leipzig,2.75969,2.38567
Bundesliga,2024,2025-01-18,Holstein Kiel,Hoffenheim,0.908525,0.905544
Bundesliga,2024,2025-01-18,Bayer Leverkusen,Borussia M.Gladbach,2.08382,0.473935
Bundesliga,2024,2025-01-19,Union Berlin,Mainz 05,2.44953,1.40424
Bundesliga,2024,2025-01-19,Werder Bremen,Augsburg,1.15183,1.31644
Bundesliga,2024,2025-01-24,Wolfsburg,Holstein Kiel,2.52045,0.265769
Bundesliga,2024,2025-01-25,RasenBallsport Leipzig,Bayer Leverkusen,0.708246,2.57674
Bundesliga,2024,2025-01-25,Borussia Dortmund,Werder Bremen,1.49423,1.11662
Bundesliga,2024,2025-01-25,Mainz 05,VfB Stuttgart,2.22883,0.917385
Bundesliga,2024,2025-01-25,Augsburg,FC Heidenheim,1.63821,0.94738
Bundesliga,2024,2025-01-25,Freiburg,Bayern Munich,0.271308,0.787581
Bundesliga,2024,2025-01-25,Borussia M.Gladbach,Bochum,2.93153,0.759449
Bundesliga,2024,2025-01-26,Hoffenheim,Eintracht Frankfurt,2.32141,2.30325
Bundesliga,2024,2025-01-26,St. Pauli,Union Berlin,1.40358,0.986402
Bundesliga,2024,2025-01-31,Werder Bremen,Mainz 05,2.58542,1.01597
Bundesliga,2024,2025-02-01,Bochum,Freiburg,0.843049,3.33243
Bundesliga,2024,2025-02-01,St. Pauli,Augsburg,0.849878,0.194891
Bundesliga,2024,2025-02-01,VfB Stuttgart,Borussia M.Gladbach,0.950734,1.96971
Bundesliga,2024,2025-02-01,Bayern Munich,Holstein Kiel,4.93236,2.05752
Bundesliga,2024,2025-02-01,FC Heidenheim,Borussia Dortmund,0.525888,2.68284
Bundesliga,2024,2025-02-01,Union Berlin,RasenBallsport Leipzig,1.74847,0.237923
Bundesliga,2024,2025-02-02,Eintracht Frankfurt,Wolfsburg,1.69604,1.46292
Bundesliga,2024,2025-02-02,Bayer Leverkusen,Hoffenheim,1.35418,1.94944
Bundesliga,2024,2025-02-07,Bayern Munich,Werder Bremen,4.47713,0.151051
Bundesliga,2024,2025-02-08,Borussia Dortmund,VfB Stuttgart,1.07063,0.452825
Bundesliga,2024,2025-02-08,Hoffenheim,Union Berlin,0.881646,3.86589
Bundesliga,2024,2025-02-08,Freiburg,FC Heidenheim,1.33195,0.434356
Bundesliga,2024,2025-02-08,Wolfsburg,Bayer Leverkusen,0.895017,1.66317
Bundesliga,2024,2025-02-08,Mainz 05,Augsburg,1.99994,0.260742
Bundesliga,2024,2025-02-08,Borussia M.Gladbach,Eintracht Frankfurt,0.656491,2.5487
Bundesliga,2024,2025-02-09,Holstein Kiel,Bochum,2.0,2.0
Bundesliga,2024,2025-02-09,RasenBallsport Leipzig,St. Pauli,1.89601,0.72321
Bundesliga,2024,2025-02-14,Augsburg,RasenBallsport Leipzig,1.05445,1.6452
Bundesliga,2024,2025-02-15,VfB Stuttgart,Wolfsburg,1.22466,1.75731
Bundesliga,2024,2025-02-15,Union Berlin,Borussia M.Gladbach,1.66824,2.22036
Bundesliga,2024,2025-02-15,Bochum,Borussia Dortmund,3.3688,2.70519
Bundesliga,2024,2025-02-15,St. Pauli,Freiburg,0.19059,1.25072
Bundesliga,2024,2025-02-15,Bayer Leverkusen,Bayern Munich,2.55729,0.0720406
Bundesliga,2024,2025-02-16,Werder Bremen,Hoffenheim,0.85665,1.91874
Bundesliga,2024,2025-02-16,Eintracht Frankfurt,Holstein Kiel,3.02527,1.26559
Bundesliga,2024,2025-02-16,FC Heidenheim,Mainz 05,0.545205,1.94932
Bundesliga,2024,2025-02-21,Freiburg,Werder Bremen,2.66243,1.25462
Bundesliga,2024,2025-02-22,Wolfsburg,Bochum,2.16138,1.46609
Bundesliga,2024,2025-02-22,Mainz 05,St. Pauli,1.35603,0.90068
Bundesliga,2024,2025-02-22,Borussia M.Gladbach,Augsburg,0.800003,1.73915
Bundesliga,2024,2025-02-22,Holstein Kiel,Bayer Leverkusen,0.494995,2.55557
Bundesliga,2024,2025-02-22,Borussia Dortmund,Union Berlin,5.44112,0.365382
Bundesliga,2024,2025-02-23,RasenBallsport Leipzig,FC Heidenheim,1.6451,0.834882
Bundesliga,2024,2025-02-23,Bayern Munich,Eintracht Frankfurt,4.48699,0.49278
Bundesliga,2024,2025-02-23,Hoffenheim,VfB Stuttgart,0.705815,3.67099
Bundesliga,2024,2025-02-28,VfB Stuttgart,Bayern Munich,0.653703,2.29942
Bundesliga,2024,2025-03-01,RasenBallsport Leipzig,Mainz 05,1.78404,1.64735
Bundesliga,2024,2025-03-01,FC Heidenheim,Borussia M.Gladbach,1.87707,1.7158
Bundesliga,2024,2025-03-01,Werder Bremen,Wolfsburg,2.10317,1.11674
Bundesliga,2024,2025-03-01,St. Pauli,Borussia Dortmund,0.293506,2.23846
Bundesliga,2024,2025-03-01,Bochum,Hoffenheim,1.4452,0.525952
Bundesliga,2024,2025-03-01,Eintracht Frankfurt,Bayer Leverkusen,1.00046,2.37018
Bundesliga,2024,2025-03-02,Union Berlin,Holstein Kiel,0.886081,0.692509
Bundesliga,2024,2025-03-02,Augsburg,Freiburg,2.222,0.799243
Bundesliga,2024,2025-03-07,Borussia M.Gladbach,Mainz 05,1.25544,1.98889
Bundesliga,2024,2025-03-08,Bayer Leverkusen,Werder Bremen,1.36325,1.67701
Bundesliga,2024,2025-03-08,Bayern Munich,Bochum,2.72891,1.36274
Bundesliga,2024,2025-03-08,Borussia Dortmund,Augsburg,1.11055,0.250168
Bundesliga,2024,2025-03-08,Wolfsburg,St. Pauli,1.96602,1.23696
Bundesliga,2024,2025-03-08,Holstein Kiel,VfB Stuttgart,1.97246,1.0726
Bundesliga,2024,2025-03-08,Freiburg,RasenBallsport Leipzig,0.510953,2.02806
Bundesliga,2024,2025-03-09,Eintracht Frankfurt,Union Berlin,2.00811,0.725817
Bundesliga,2024,2025-03-09,Hoffenheim,FC Heidenheim,1.78028,2.31324
Bundesliga,2024,2025-03-14,St. Pauli,Hoffenheim,1.43518,0.196271
Bundesliga,2024,2025-03-15,Werder Bremen,Borussia M.Gladbach,2.98283,2.32056
Bundesliga,2024,2025-03-15,Augsburg,Wolfsburg,0.598968,0.763636
Bundesliga,2024,2025-03-15,Mainz 05,Freiburg,1.33307,2.93264
Bundesliga,2024,2025-03-15,Union Berlin,Bayern Munich,0.8044,1.83549
Bundesliga,2024,2025-03-15,RasenBallsport Leipzig,Borussia Dortmund,2.55875,4.09542
Bundesliga,2024,2025-03-16,Bochum,Eintracht Frankfurt,1.88062,3.29403
Bundesliga,2024,2025-03-16,FC Heidenheim,Holstein Kiel,1.6572,1.14988
Bundesliga,2024,2025-03-16,VfB Stuttgart,Bayer Leverkusen,2.85024,2.07439
Bundesliga,2024,2025-03-28,Bayer Leverkusen,Bochum,2.08076,0.702152
Bundesliga,2024,2025-03-29,Bayern Munich,St. Pauli,4.00213,0.841269
Bundesliga,2024,2025-03-29,Borussia M.Gladbach,RasenBallsport Leipzig,1.79539,0.929047
Bundesliga,2024,2025-03-29,Wolfsburg,FC Heidenheim,1.23886,1.31407
Bundesliga,2024,2025-03-29,Hoffenheim,Augsburg,1.94509,0.688621
Bundesliga,2024,2025-03-29,Holstein Kiel,Werder Bremen,0.56476,1.48157
Bundesliga,2024,2025-03-29,Eintracht Frankfurt,VfB Stuttgart,3.69196,0.863163
Bundesliga,2024,2025-03-30,Freiburg,Union Berlin,1.01023,1.38632
Bundesliga,2024,2025-03-30,Borussia Dortmund,Mainz 05,2.69722,0.654443
Bundesliga,2024,2025-04-04,Augsburg,Bayern Munich,0.567653,1.91653
Bundesliga,2024,2025-04-05,RasenBallsport Leipzig,Hoffenheim,1.40121,1.18624
Bundesliga,2024,2025-04-05,FC Heidenheim,Bayer Leverkusen,1.30234,0.367393
Bundesliga,2024,2025-04-05,Freiburg,Borussia Dortmund,2.02793,3.55487
Bundesliga,2024,2025-04-05,Mainz 05,Holstein Kiel,1.65205,1.66267
Bundesliga,2024,2025-04-05,Bochum,VfB Stuttgart,0.815791,2.64663
Bundesliga,2024,2025-04-05,Werder Bremen,Eintracht Frankfurt,1.22711,0.515073
Bundesliga,2024,2025-04-06,St. Pauli,Borussia M.Gladbach,2.19443,0.646648
Bundesliga,2024,2025-04-06,Union Berlin,Wolfsburg,1.55071,1.79618
Bundesliga,2024,2025-04-11,Wolfsburg,RasenBallsport Leipzig,1.84361,1.60065
Bundesliga,2024,2025-04-12,Bayer Leverkusen,Union Berlin,0.495489,0.513825
Bundesliga,2024,2025-04-12,Hoffenheim,Mainz 05,1.42393,0.969601
Bundesliga,2024,2025-04-12,Borussia M.Gladbach,Freiburg,0.524784,2.31704
Bundesliga,2024,2025-04-12,Bochum,Augsburg,1.86097,1.02536
Bundesliga,2024,2025-04-12,Holstein Kiel,St. Pauli,0.692664,1.06614
Bundesliga,2024,2025-04-12,Bayern Munich,Borussia Dortmund,2.94706,1.71681
Bundesliga,2024,2025-04-13,VfB Stuttgart,Werder Bremen,1.75437,1.65438
Bundesliga,2024,2025-04-13,Eintracht Frankfurt,FC Heidenheim,3.64515,1.28841
Bundesliga,2024,2025-04-19,RasenBallsport Leipzig,Holstein Kiel,2.16761,1.017
Bundesliga,2024,2025-04-19,FC Heidenheim,Bayern Munich,0.529774,3.54191
Bundesliga,2024,2025-04-19,Werder Bremen,Bochum,2.70919,0.4947
Bundesliga,2024,2025-04-19,Freiburg,Hoffenheim,1.54968,1.94701
Bundesliga,2024,2025-04-19,Mainz 05,Wolfsburg,2.68235,1.80796
Bundesliga,2024,2025-04-19,Union Berlin,VfB Stuttgart,2.16124,1.19
Bundesliga,2024,2025-04-20,Augsburg,Eintracht Frankfurt,1.14215,1.39546
Bundesliga,2024,2025-04-20,Borussia Dortmund,Borussia M.Gladbach,1.18456,1.2185
Bundesliga,2024,2025-04-20,St. Pauli,Bayer Leverkusen,2.3164,1.13491
Bundesliga,2024,2025-04-25,VfB Stuttgart,FC Heidenheim,1.91698,0.522621
Bundesliga,2024,2025-04-26,Bayer Leverkusen,Augsburg,1.03782,0.640893
Bundesliga,2024,2025-04-26,Bayern Munich,Mainz 05,1.70143,0.923874
Bundesliga,2024,2025-04-26,Hoffenheim,Borussia Dortmund,1.19025,2.41526
Bundesliga,2024,2025-04-26,Wolfsburg,Freiburg,0.288019,1.95821
Bundesliga,2024,2025-04-26,Holstein Kiel,Borussia M.Gladbach,3.0385,2.55098
Bundesliga,2024,2025-04-26,Eintracht Frankfurt,RasenBallsport Leipzig,2.23942,0.316263
Bundesliga,2024,2025-04-27,Bochum,Union Berlin,1.5178,0.498974
Bundesliga,2024,2025-04-27,Werder Bremen,St. Pauli,1.55064,0.830832
Bundesliga,2024,2025-05-02,FC Heidenheim,Bochum,0.463987,1.81311
Bundesliga,2024,2025-05-03,RasenBallsport Leipzig,Bayern Munich,1.74905,1.97214
Bundesliga,2024,2025-05-03,Borussia M.Gladbach,Hoffenheim,1.91833,1.91093
Bundesliga,2024,2025-05-03,Union Berlin,Werder Bremen,1.35336,1.35783
Bundesliga,2024,2025-05-03,St. Pauli,VfB Stuttgart,0.213208,3.56335
Bundesliga,2024,2025-05-03,Borussia Dortmund,Wolfsburg,2.54996,1.3634
Bundesliga,2024,2025-05-04,Augsburg,Holstein Kiel,3.93001,2.10407
Bundesliga,2024,2025-05-04,Freiburg,Bayer Leverkusen,0.904468,0.227838
Bundesliga,2024,2025-05-04,Mainz 05,Eintracht Frankfurt,1.64254,1.3876
Bundesliga,2024,2025-05-09,Wolfsburg,Hoffenheim,1.36763,1.10881
Bundesliga,2024,2025-05-10,Werder Bremen,RasenBallsport Leipzig,3.20616,1.39403
Bundesliga,2024,2025-05-10,Union Berlin,FC Heidenheim,0.528885,1.86184
Bundesliga,2024,2025-05-10,Bochum,Mainz 05,0.734972,2.48765
Bundesliga,2024,2025-05-10,Holstein Kiel,Freiburg,0.974297,2.01558
Bundesliga,2024,2025-05-10,Bayern Munich,Borussia M.Gladbach,2.78307,1.35544
Bundesliga,2024,2025-05-11,Bayer Leverkusen,Borussia Dortmund,1.90473,1.39477
Bundesliga,2024,2025-05-11,Eintracht Frankfurt,St. Pauli,1.82027,0.666882
Bundesliga,2024,2025-05-11,VfB Stuttgart,Augsburg,4.97233,0.381838
Bundesliga,2024,2025-05-17,RasenBallsport Leipzig,VfB Stuttgart,1.42373,3.34624
Bundesliga,2024,2025-05-17,Borussia Dortmund,Holstein Kiel,2.56073,0.574499
Bundesliga,2024,2025-05-17,Hoffenheim,Bayern Munich,0.661398,2.21427
Bundesliga,2024,2025-05-17,FC Heidenheim,Werder Bremen,1.75706,2.20606
Bundesliga,2024,2025-05-17,Freiburg,Eintracht Frankfurt,1.14001,2.61814
Bundesliga,2024,2025-05-17,Augsburg,Union Berlin,1.57932,1.14135
Bundesliga,2024,2025-05-17,Mainz 05,Bayer Leverkusen,2.89903,1.33572
Bundesliga,2024,2025-05-17,Borussia M.Gladbach,Wolfsburg,0.744546,1.5757
Bundesliga,2024,2025-05-17,St. Pauli,Bochum,0.802748,1.34252
Bundesliga,2025,2025-08-22,Bayern Munich,RasenBallsport Leipzig,3.29885,0.52226
Bundesliga,2025,2025-08-23,FC Heidenheim,Wolfsburg,0.783156,2.57718
Bundesliga,2025,2025-08-23,Bayer Leverkusen,Hoffenheim,1.05253,0.505193
Bundesliga,2025,2025-08-23,Union Berlin,VfB Stuttgart,0.529421,1.80147
Bundesliga,2025,2025-08-23,Eintracht Frankfurt,Werder Bremen,3.10684,0.587822
Bundesliga,2025,2025-08-23,Freiburg,Augsburg,2.27247,1.30191
Bundesliga,2025,2025-08-23,St. Pauli,Borussia Dortmund,1.46772,2.10289
Bundesliga,2025,2025-08-24,Mainz 05,FC Cologne,1.31655,1.64676
Bundesliga,2025,2025-08-24,Borussia M.Gladbach,Hamburger SV,1.01717,0.285593
Bundesliga,2025,2025-08-29,Hamburger SV,St. Pauli,0.74111,1.85404
Bundesliga,2025,2025-08-30,Hoffenheim,Eintracht Frankfurt,1.28178,1.82087
Bundesliga,2025,2025-08-30,RasenBallsport Leipzig,FC Heidenheim,3.29717,0.969982
Bundesliga,2025,2025-08-30,Werder Bremen,Bayer Leverkusen,2.32676,2.03733
Bundesliga,2025,2025-08-30,VfB Stuttgart,Borussia M.Gladbach,0.925105,1.60717
Bundesliga,2025,2025-08-30,Augsburg,Bayern Munich,0.506028,3.37523
Bundesliga,2025,2025-08-31,Wolfsburg,Mainz 05,0.616661,1.81482
Bundesliga,2025,2025-08-31,Borussia Dortmund,Union Berlin,1.82606,0.971167
Bundesliga,2025,2025-08-31,FC Cologne,Freiburg,1.84068,0.933072
Bundesliga,2025,2025-09-12,Bayer Leverkusen,Eintracht Frankfurt,2.31465,0.791863
Bundesliga,2025,2025-09-13,Freiburg,VfB Stuttgart,1.6832,0.548804
Bundesliga,2025,2025-09-13,FC Heidenheim,Borussia Dortmund,0.299026,2.84999
Bundesliga,2025,2025-09-13,Mainz 05,RasenBallsport Leipzig,0.770276,1.5009
Bundesliga,2025,2025-09-13,Wolfsburg,FC Cologne,1.79835,1.72631
Bundesliga,2025,2025-09-13,Union Berlin,Hoffenheim,3.0814,3.34084
Bundesliga,2025,2025-09-13,Bayern Munich,Hamburger SV,3.03718,0.559174
Bundesliga,2025,2025-09-14,St. Pauli,Augsburg,1.95499,0.934223
Bundesliga,2025,2025-09-14,Borussia M.Gladbach,Werder Bremen,1.58932,2.24671
Bundesliga,2025,2025-09-19,VfB Stuttgart,St. Pauli,2.78829,1.05657
Bundesliga,2025,2025-09-20,Werder Bremen,Freiburg,1.27257,2.36315
Bundesliga,2025,2025-09-20,Augsburg,Mainz 05,0.870451,2.57047
Bundesliga,2025,2025-09-20,Hamburger SV,FC Heidenheim,3.32157,2.63607
Bundesliga,2025,2025-09-20,Hoffenheim,Bayern Munich,1.03716,2.7142
Bundesliga,2025,2025-09-20,RasenBallsport Leipzig,FC Cologne,3.79591,1.39264
Bundesliga,2025,2025-09-21,Eintracht Frankfurt,Union Berlin,1.75582,2.23419
Bundesliga,2025,2025-09-21,Bayer Leverkusen,Borussia M.Gladbach,1.9461,1.29876
Bundesliga,2025,2025-09-21,Borussia Dortmund,Wolfsburg,1.24747,0.975457
Bundesliga,2025,2025-09-26,Bayern Munich,Werder Bremen,4.31859,0.298618
Bundesliga,2025,2025-09-27,FC Heidenheim,Augsburg,1.79097,0.619833
Bundesliga,2025,2025-09-27,Mainz 05,Borussia Dortmund,0.525149,1.75519
Bundesliga,2025,2025-09-27,St. Pauli,Bayer Leverkusen,0.813325,1.28912
Bundesliga,2025,2025-09-27,Wolfsburg,RasenBallsport Leipzig,2.59654,2.61107
Bundesliga,2025,2025-09-27,Borussia M.Gladbach,Eintracht Frankfurt,2.12935,3.78879
Bundesliga,2025,2025-09-28,Freiburg,Hoffenheim,1.2587,2.24224
Bundesliga,2025,2025-09-28,FC Cologne,VfB Stuttgart,1.07972,2.20939
Bundesliga,2025,2025-09-28,Union Berlin,Hamburger SV,1.54274,1.11274
Bundesliga,2025,2025-10-03,Hoffenheim,FC Cologne,1.42371,1.30873
Bundesliga,2025,2025-10-04,Bayer Leverkusen,Union Berlin,3.35673,1.19684
Bundesliga,2025,2025-10-04,Borussia Dortmund,RasenBallsport Leipzig,0.668613,1.14077
Bundesliga,2025,2025-10-04,Augsburg,Wolfsburg,1.75326,1.22584
Bundesliga,2025,2025-10-04,Werder Bremen,St. Pauli,1.77957,0.912425
Bundesliga,2025,2025-10-04,Eintracht Frankfurt,Bayern Munich,0.560138,2.2301
Bundesliga,2025,2025-10-05,VfB Stuttgart,FC Heidenheim,1.10781,0.290942
Bundesliga,2025,2025-10-05,Hamburger SV,Mainz 05,1.65883,0.591161
Bundesliga,2025,2025-10-05,Borussia M.Gladbach,Freiburg,0.471184,0.689073
Bundesliga,2025,2025-10-17,Union Berlin,Borussia M.Gladbach,1.53032,0.628848
Bundesliga,2025,2025-10-18,FC Cologne,Augsburg,0.523854,1.11917
Bundesliga,2025,2025-10-18,FC Heidenheim,Werder Bremen,3.07635,1.85638
Bundesliga,2025,2025-10-18,Mainz 05,Bayer Leverkusen,1.62978,4.43462
Bundesliga,2025,2025-10-18,RasenBallsport Leipzig,Hamburger SV,1.15611,1.29355
Bundesliga,2025,2025-10-18,Wolfsburg,VfB Stuttgart,0.392885,2.39474
Bundesliga,2025,2025-10-18,Bayern Munich,Borussia Dortmund,2.81994,1.41011
Bundesliga,2025,2025-10-19,Freiburg,Eintracht Frankfurt,1.12896,0.772638
Bundesliga,2025,2025-10-19,St. Pauli,Hoffenheim,0.871968,1.79103
Bundesliga,2025,2025-10-24,Werder Bremen,Union Berlin,1.1444,0.487613
Bundesliga,2025,2025-10-25,Augsburg,RasenBallsport Leipzig,0.639182,2.69438
Bundesliga,2025,2025-10-25,Borussia M.Gladbach,Bayern Munich,0.757777,2.65026
Bundesliga,2025,2025-10-25,Eintracht Frankfurt,St. Pauli,2.42632,0.519973
Bundesliga,2025,2025-10-25,Hamburger SV,Wolfsburg,2.40547,0.695528
Bundesliga,2025,2025-10-25,Hoffenheim,FC Heidenheim,2.4278,0.902315
Bundesliga,2025,2025-10-25,Borussia Dortmund,FC Cologne,2.09125,0.70563
Bundesliga,2025,2025-10-26,Bayer Leverkusen,Freiburg,2.46787,0.542897
Bundesliga,2025,2025-10-26,VfB Stuttgart,Mainz 05,1.66805,1.40956
Bundesliga,2025,2025-10-31,Augsburg,Borussia Dortmund,0.969501,0.588196
Bundesliga,2025,2025-11-01,FC Heidenheim,Eintracht Frankfurt,0.831882,1.22406
Bundesliga,2025,2025-11-01,Mainz 05,Werder Bremen,1.90161,0.880505
Bundesliga,2025,2025-11-01,RasenBallsport Leipzig,VfB Stuttgart,1.73471,1.0701
Bundesliga,2025,2025-11-01,St. Pauli,Borussia M.Gladbach,0.804394,3.6262
Bundesliga,2025,2025-11-01,Union Berlin,Freiburg,1.34842,1.16519
Bundesliga,2025,2025-11-01,Bayern Munich,Bayer Leverkusen,2.28295,0.382774
Bundesliga,2025,2025-11-02,FC Cologne,Hamburger SV,3.87376,1.19296
Bundesliga,2025,2025-11-02,Wolfsburg,Hoffenheim,1.40117,1.74291
Bundesliga,2025,2025-11-07,Werder Bremen,Wolfsburg,1.69456,0.676326
Bundesliga,2025,2025-11-08,Bayer Leverkusen,FC Heidenheim,3.90142,0.063377
Bundesliga,2025,2025-11-08,Hamburger SV,Borussia Dortmund,0.419878,1.42582
Bundesliga,2025,2025-11-08,Hoffenheim,RasenBallsport Leipzig,1.92349,1.56187
Bundesliga,2025,2025-11-08,Union Berlin,Bayern Munich,1.02778,1.34246
Bundesliga,2025,2025-11-08,Borussia M.Gladbach,FC Cologne,2.46206,2.15818
Bundesliga,2025,2025-11-09,Freiburg,St. Pauli,1.66558,0.640748
Bundesliga,2025,2025-11-09,VfB Stuttgart,Augsburg,2.44526,1.90345
Bundesliga,2025,2025-11-09,Eintracht Frankfurt,Mainz 05,1.77854,0.121469
Bundesliga,2025,2025-11-21,Mainz 05,Hoffenheim,2.88712,1.54404
Bundesliga,2025,2025-11-22,Augsburg,Hamburger SV,1.61897,1.555
Bundesliga,2025,2025-11-22,Bayern Munich,Freiburg,3.13858,0.516966
Bundesliga,2025,2025-11-22,Borussia Dortmund,VfB Stuttgart,3.15124,1.80942
Bundesliga,2025,2025-11-22,FC Heidenheim,Borussia M.Gladbach,0.363207,2.79666
Bundesliga,2025,2025-11-22,Wolfsburg,Bayer Leverkusen,2.07979,1.58644
Bundesliga,2025,2025-11-22,FC Cologne,Eintracht Frankfurt,1.38923,2.44506
Bundesliga,2025,2025-11-23,RasenBallsport Leipzig,Werder Bremen,2.42834,0.774872
Bundesliga,2025,2025-11-23,St. Pauli,Union Berlin,0.568717,0.398431
Bundesliga,2025,2025-11-28,Borussia M.Gladbach,RasenBallsport Leipzig,0.388883,1.09232
Bundesliga,2025,2025-11-29,Bayern Munich,St. Pauli,2.53942,0.74073
Bundesliga,2025,2025-11-29,Hoffenheim,Augsburg,1.79612,0.655496
Bundesliga,2025,2025-11-29,Union Berlin,FC Heidenheim,0.942923,0.522102
Bundesliga,2025,2025-11-29,Werder Bremen,FC Cologne,1.53668,1.1848
Bundesliga,2025,2025-11-29,Bayer Leverkusen,Borussia Dortmund,1.08287,1.1562
Bundesliga,2025,2025-11-30,Hamburger SV,VfB Stuttgart,1.21357,1.10868
Bundesliga,2025,2025-11-30,Eintracht Frankfurt,Wolfsburg,1.66051,1.60645
Bundesliga,2025,2025-11-30,Freiburg,Mainz 05,4.15677,0.0500621
Bundesliga,2025,2025-12-05,Mainz 05,Borussia M.Gladbach,1.09331,1.90297
Bundesliga,2025,2025-12-06,VfB Stuttgart,Bayern Munich,0.729313,4.07867
Bundesliga,2025,2025-12-06,Wolfsburg,Union Berlin,0.929936,2.01932
Bundesliga,2025,2025-12-06,Augsburg,Bayer Leverkusen,2.14102,1.41889
Bundesliga,2025,2025-12-06,FC Cologne,St. Pauli,1.90409,0.143945
Bundesliga,2025,2025-12-06,FC Heidenheim,Freiburg,2.66592,0.800321
Bundesliga,2025,2025-12-06,RasenBallsport Leipzig,Eintracht Frankfurt,3.64182,0.473289
Bundesliga,2025,2025-12-07,Hamburger SV,Werder Bremen,1.57713,1.17349
Bundesliga,2025,2025-12-07,Borussia Dortmund,Hoffenheim,1.10147,1.42364
Bundesliga,2025,2025-12-12,Union Berlin,RasenBallsport Leipzig,1.4766,0.495677
Bundesliga,2025,2025-12-13,Borussia M.Gladbach,Wolfsburg,0.620418,2.72142
Bundesliga,2025,2025-12-13,Eintracht Frankfurt,Augsburg,1.52024,0.655733
Bundesliga,2025,2025-12-13,Hoffenheim,Hamburger SV,2.48806,1.40522
Bundesliga,2025,2025-12-13,St. Pauli,FC Heidenheim,1.00037,1.8944
Bundesliga,2025,2025-12-13,Bayer Leverkusen,FC Cologne,2.295,0.436565
Bundesliga,2025,2025-12-14,Freiburg,Borussia Dortmund,1.10621,1.47427
Bundesliga,2025,2025-12-14,Bayern Munich,Mainz 05,4.67956,0.803171
Bundesliga,2025,2025-12-14,Werder Bremen,VfB Stuttgart,0.607898,2.05209
Bundesliga,2025,2025-12-19,Borussia Dortmund,Borussia M.Gladbach,1.65394,0.221237
Bundesliga,2025,2025-12-20,Augsburg,Werder Bremen,1.49411,0.90686
Bundesliga,2025,2025-12-20,FC Cologne,Union Berlin,0.677102,1.4739
Bundesliga,2025,2025-12-20,Hamburger SV,Eintracht Frankfurt,1.09769,1.09137
Bundesliga,2025,2025-12-20,VfB Stuttgart,Hoffenheim,1.46116,0.154175
Bundesliga,2025,2025-12-20,Wolfsburg,Freiburg,1.30583,2.65964
Bundesliga,2025,2025-12-20,RasenBallsport Leipzig,Bayer Leverkusen,1.93929,2.70478
Bundesliga,2025,2025-12-21,Mainz 05,St. Pauli,1.87368,0.227249
Bundesliga,2025,2025-12-21,FC Heidenheim,Bayern Munich,1.48758,3.36795
Bundesliga,2025,2026-01-09,Eintracht Frankfurt,Borussia Dortmund,1.66426,2.29827
Bundesliga,2025,2026-01-10,Freiburg,Hamburger SV,2.93517,0.850812
Bundesliga,2025,2026-01-10,FC Heidenheim,FC Cologne,2.14635,2.75624
Bundesliga,2025,2026-01-10,Union Berlin,Mainz 05,3.6505,1.56492
Bundesliga,2025,2026-01-10,Bayer Leverkusen,VfB Stuttgart,1.98318,2.68822
Bundesliga,2025,2026-01-11,Borussia M.Gladbach,Augsburg,3.57201,1.57502
Bundesliga,2025,2026-01-11,Bayern Munich,Wolfsburg,3.54931,1.08515
Bundesliga,2025,2026-01-13,VfB Stuttgart,Eintracht Frankfurt,3.54461,0.896468
Bundesliga,2025,2026-01-13,Borussia Dortmund,Werder Bremen,2.31769,0.39948
Bundesliga,2025,2026-01-13,Mainz 05,FC Heidenheim,1.95686,1.23557
Bundesliga,2025,2026-01-14,Wolfsburg,St. Pauli,1.78032,1.21171
Bundesliga,2025,2026-01-14,FC Cologne,Bayern Munich,0.714659,2.11635
Bundesliga,2025,2026-01-14,Hoffenheim,Borussia M.Gladbach,4.3777,0.83294
Bundesliga,2025,2026-01-14,RasenBallsport Leipzig,Freiburg,2.80289,0.147682
Bundesliga,2025,2026-01-15,Augsburg,Union Berlin,0.559529,1.73831
Bundesliga,2025,2026-01-16,Werder Bremen,Eintracht Frankfurt,2.10111,1.20772
Bundesliga,2025,2026-01-17,Borussia Dortmund,St. Pauli,2.5477,0.532613
Bundesliga,2025,2026-01-17,FC Cologne,Mainz 05,2.41277,1.91073
Bundesliga,2025,2026-01-17,Hamburger SV,Borussia M.Gladbach,1.26205,0.576522
Bundesliga,2025,2026-01-17,Hoffenheim,Bayer Leverkusen,2.11995,1.27048
Bundesliga,2025,2026-01-17,Wolfsburg,FC Heidenheim,1.07653,0.991172
Bundesliga,2025,2026-01-17,RasenBallsport Leipzig,Bayern Munich,2.86917,4.65226
Bundesliga,2025,2026-01-18,VfB Stuttgart,Union Berlin,2.1978,1.88763
Bundesliga,2025,2026-01-18,Augsburg,Freiburg,0.986653,1.59107
Bundesliga,2025,2026-01-23,St. Pauli,Hamburger SV,0.311991,0.333197
Bundesliga,2025,2026-01-24,Bayer Leverkusen,Werder Bremen,2.51599,0.673986
Bundesliga,2025,2026-01-24,Bayern Munich,Augsburg,2.30773,1.24551
Bundesliga,2025,2026-01-24,Eintracht Frankfurt,Hoffenheim,0.829658,1.62813
Bundesliga,2025,2026-01-24,FC Heidenheim,RasenBallsport Leipzig,0.987658,2.07675
Bundesliga,2025,2026-01-24,Mainz 05,Wolfsburg,4.34199,1.09338
Bundesliga,2025,2026-01-24,Union Berlin,Borussia Dortmund,0.989732,2.27286
Bundesliga,2025,2026-01-25,Borussia M.Gladbach,VfB Stuttgart,1.22197,2.72682
Bundesliga,2025,2026-01-25,Freiburg,FC Cologne,2.56728,1.69119
Bundesliga,2025,2026-01-27,St. Pauli,RasenBallsport Leipzig,1.33165,2.05989
Bundesliga,2025,2026-01-27,Werder Bremen,Hoffenheim,1.42692,0.567567
Bundesliga,2025,2026-01-30,FC Cologne,Wolfsburg,1.43559,1.34631
Bundesliga,2025,2026-01-31,Augsburg,St. Pauli,2.11699,2.88611
Bundesliga,2025,2026-01-31,Eintracht Frankfurt,Bayer Leverkusen,1.31849,1.52952
Bundesliga,2025,2026-01-31,Hoffenheim,Union Berlin,1.50682,1.23275
Bundesliga,2025,2026-01-31,RasenBallsport Leipzig,Mainz 05,2.09422,2.57678
Bundesliga,2025,2026-01-31,Werder Bremen,Borussia M.Gladbach,0.991152,1.25715
Bundesliga,2025,2026-01-31,Hamburger SV,Bayern Munich,2.64497,2.28911
Bundesliga,2025,2026-02-01,VfB Stuttgart,Freiburg,2.95203,0.936187
Bundesliga,2025,2026-02-01,Borussia Dortmund,FC Heidenheim,4.13897,3.04324
Bundesliga,2025,2026-02-06,Union Berlin,Eintracht Frankfurt,1.27118,0.296813
Bundesliga,2025,2026-02-07,Freiburg,Werder Bremen,0.36452,1.12332
Bundesliga,2025,2026-02-07,FC Heidenheim,Hamburger SV,1.04614,1.55106
Bundesliga,2025,2026-02-07,Mainz 05,Augsburg,3.00656,1.35939
Bundesliga,2025,2026-02-07,St. Pauli,VfB Stuttgart,1.66217,0.912627
Bundesliga,2025,2026-02-07,Wolfsburg,Borussia Dortmund,2.02751,1.70601
Bundesliga,2025,2026-02-07,Borussia M.Gladbach,Bayer Leverkusen,0.783478,0.741257
Bundesliga,2025,2026-02-08,FC Cologne,RasenBallsport Leipzig,1.12167,3.0577
Bundesliga,2025,2026-02-08,Bayern Munich,Hoffenheim,6.37827,2.66829
Bundesliga,2025,2026-02-13,Borussia Dortmund,Mainz 05,1.81026,1.67199
Bundesliga,2025,2026-02-14,Bayer Leverkusen,St. Pauli,2.26044,0.654783
Bundesliga,2025,2026-02-14,Eintracht Frankfurt,Borussia M.Gladbach,1.98736,1.03155
Bundesliga,2025,2026-02-14,Hamburger SV,Union Berlin,2.20339,2.18966
Bundesliga,2025,2026-02-14,Hoffenheim,Freiburg,1.90052,0.744054
Bundesliga,2025,2026-02-14,Werder Bremen,Bayern Munich,0.77965,1.87713
Bundesliga,2025,2026-02-14,VfB Stuttgart,FC Cologne,2.56266,1.13246
Bundesliga,2025,2026-02-15,Augsburg,FC Heidenheim,1.87679,0.697774
Bundesliga,2025,2026-02-15,RasenBallsport Leipzig,Wolfsburg,2.51087,0.687761
Bundesliga,2025,2026-02-20,Mainz 05,Hamburger SV,1.75215,0.823398
Bundesliga,2025,2026-02-21,Bayern Munich,Eintracht Frankfurt,2.83518,2.29258
Bundesliga,2025,2026-02-21,FC Cologne,Hoffenheim,1.12252,1.8243
Bundesliga,2025,2026-02-21,Union Berlin,Bayer Leverkusen,0.757702,1.20274
Bundesliga,2025,2026-02-21,Wolfsburg,Augsburg,2.17584,1.56427
Bundesliga,2025,2026-02-21,RasenBallsport Leipzig,Borussia Dortmund,3.50934,1.35347
Bundesliga,2025,2026-02-22,Freiburg,Borussia M.Gladbach,1.29234,1.02855
Bundesliga,2025,2026-02-22,St. Pauli,Werder Bremen,0.260698,1.61141
Bundesliga,2025,2026-02-22,FC Heidenheim,VfB Stuttgart,2.21575,2.27505
Bundesliga,2025,2026-02-27,Augsburg,FC Cologne,1.55844,0.492698
Bundesliga,2025,2026-02-28,Bayer Leverkusen,Mainz 05,1.94817,0.9714
Bundesliga,2025,2026-02-28,Borussia M.Gladbach,Union Berlin,2.56014,0.137598
Bundesliga,2025,2026-02-28,Hoffenheim,St. Pauli,2.57411,0.946504
Bundesliga,2025,2026-02-28,Werder Bremen,FC Heidenheim,3.47889,1.70919
Bundesliga,2025,2026-02-28,Borussia Dortmund,Bayern Munich,1.39761,1.89016
Bundesliga,2025,2026-03-01,VfB Stuttgart,Wolfsburg,2.95189,0.865739
Bundesliga,2025,2026-03-01,Eintracht Frankfurt,Freiburg,1.67095,0.64193
Bundesliga,2025,2026-03-01,Hamburger SV,RasenBallsport Leipzig,0.820585,2.28997
Bundesliga,2025,2026-03-04,Hamburger SV,Bayer Leverkusen,1.28692,2.67874
Bundesliga,2025,2026-03-06,Bayern Munich,Borussia M.Gladbach,3.11976,1.21993
Bundesliga,2025,2026-03-07,Freiburg,Bayer Leverkusen,2.58409,2.1863
Bundesliga,2025,2026-03-07,FC Heidenheim,Hoffenheim,0.966678,2.79383
Bundesliga,2025,2026-03-07,Mainz 05,VfB Stuttgart,3.52523,0.920068
Bundesliga,2025,2026-03-07,RasenBallsport Leipzig,Augsburg,2.19435,3.6651
Bundesliga,2025,2026-03-07,Wolfsburg,Hamburger SV,2.46612,1.80445
Bundesliga,2025,2026-03-07,FC Cologne,Borussia Dortmund,0.96405,1.9574
Bundesliga,2025,2026-03-08,St. Pauli,Eintracht Frankfurt,0.472285,0.451537
Bundesliga,2025,2026-03-08,Union Berlin,Werder Bremen,1.12998,2.23984
Bundesliga,2025,2026-03-13,Borussia M.Gladbach,St. Pauli,1.08342,0.628713
Bundesliga,2025,2026-03-14,Bayer Leverkusen,Bayern Munich,2.65255,1.26817
Bundesliga,2025,2026-03-14,Borussia Dortmund,Augsburg,2.49053,0.755745
Bundesliga,2025,2026-03-14,Eintracht Frankfurt,FC Heidenheim,0.725159,0.136174
Bundesliga,2025,2026-03-14,Hoffenheim,Wolfsburg,2.23813,0.221431
Bundesliga,2025,2026-03-14,Hamburger SV,FC Cologne,0.556493,0.984168
Bundesliga,2025,2026-03-15,Werder Bremen,Mainz 05,0.890006,2.05621
Bundesliga,2025,2026-03-15,Freiburg,Union Berlin,1.34508,1.0006
Bundesliga,2025,2026-03-15,VfB Stuttgart,RasenBallsport Leipzig,1.93167,1.12178
Bundesliga,2025,2026-03-20,RasenBallsport Leipzig,Hoffenheim,2.90699,0.521404
Bundesliga,2025,2026-03-21,Bayern Munich,Union Berlin,5.93389,0.224572
Bundesliga,2025,2026-03-21,FC Cologne,Borussia M.Gladbach,1.29293,1.08153
Bundesliga,2025,2026-03-21,FC Heidenheim,Bayer Leverkusen,1.73738,1.96287
Bundesliga,2025,2026-03-21,Wolfsburg,Werder Bremen,1.05686,0.414924
Bundesliga,2025,2026-03-21,Borussia Dortmund,Hamburger SV,6.10187,1.23049
Bundesliga,2025,2026-03-22,Mainz 05,Eintracht Frankfurt,1.38387,1.71748
Bundesliga,2025,2026-03-22,St. Pauli,Freiburg,1.39653,2.74421
Bundesliga,2025,2026-03-22,Augsburg,VfB Stuttgart,1.59097,3.87094
Bundesliga,2025,2026-04-04,Bayer Leverkusen,Wolfsburg,4.59518,2.54712
Bundesliga,2025,2026-04-04,Borussia M.Gladbach,FC Heidenheim,1.09174,0.883368
Bundesliga,2025,2026-04-04,Freiburg,Bayern Munich,2.04585,2.49116
Bundesliga,2025,2026-04-04,Hamburger SV,Augsburg,1.53108,2.57589
Bundesliga,2025,2026-04-04,Hoffenheim,Mainz 05,1.51732,2.22893
Bundesliga,2025,2026-04-04,Werder Bremen,RasenBallsport Leipzig,0.898486,1.61345
Bundesliga,2025,2026-04-04,VfB Stuttgart,Borussia Dortmund,0.553248,0.76449
Bundesliga,2025,2026-04-05,Union Berlin,St. Pauli,1.78288,0.325477
Bundesliga,2025,2026-04-05,Eintracht Frankfurt,FC Cologne,2.16998,3.09815
Bundesliga,2025,2026-04-10,Augsburg,Hoffenheim,2.67199,1.43152
Bundesliga,2025,2026-04-11,Borussia Dortmund,Bayer Leverkusen,1.01423,0.728586
Bundesliga,2025,2026-04-11,FC Heidenheim,Union Berlin,2.11247,1.11885
Bundesliga,2025,2026-04-11,RasenBallsport Leipzig,Borussia M.Gladbach,2.56843,1.66258
Bundesliga,2025,2026-04-11,Wolfsburg,Eintracht Frankfurt,2.26232,1.38694
Bundesliga,2025,2026-04-11,St. Pauli,Bayern Munich,0.355983,4.15447
Bundesliga,2025,2026-04-12,FC Cologne,Werder Bremen,3.90871,0.870139
Bundesliga,2025,2026-04-12,VfB Stuttgart,Hamburger SV,3.8645,0.417554
Bundesliga,2025,2026-04-12,Mainz 05,Freiburg,0.458085,0.538882
Bundesliga,2025,2026-04-17,St. Pauli,FC Cologne,2.2798,1.26761
Bundesliga,2025,2026-04-18,Bayer Leverkusen,Augsburg,3.73107,1.29743
Bundesliga,2025,2026-04-18,Hoffenheim,Borussia Dortmund,2.22458,1.28292
Bundesliga,2025,2026-04-18,Union Berlin,Wolfsburg,2.38881,0.23493
Bundesliga,2025,2026-04-18,Werder Bremen,Hamburger SV,1.60257,0.914249
Bundesliga,2025,2026-04-18,Eintracht Frankfurt,RasenBallsport Leipzig,1.40341,2.02122
Bundesliga,2025,2026-04-19,Freiburg,FC Heidenheim,2.13766,1.74426
Bundesliga,2025,2026-04-19,Bayern Munich,VfB Stuttgart,5.11014,1.26038
Bundesliga,2025,2026-04-19,Borussia M.Gladbach,Mainz 05,1.11134,2.46195
Bundesliga,2025,2026-04-24,RasenBallsport Leipzig,Union Berlin,4.53545,0.372365
Bundesliga,2025,2026-04-25,Augsburg,Eintracht Frankfurt,2.13872,0.854238
Bundesliga,2025,2026-04-25,FC Cologne,Bayer Leverkusen,3.49945,1.85749
Bundesliga,2025,2026-04-25,FC Heidenheim,St. Pauli,2.17234,1.17753
Bundesliga,2025,2026-04-25,Mainz 05,Bayern Munich,3.22403,2.36194
Bundesliga,2025,2026-04-25,Wolfsburg,Borussia M.Gladbach,1.61116,0.473153
Bundesliga,2025,2026-04-25,Hamburger SV,Hoffenheim,1.48261,2.42862
Bundesliga,2025,2026-04-26,VfB Stuttgart,Werder Bremen,1.99681,0.958992
Bundesliga,2025,2026-04-26,Borussia Dortmund,Freiburg,3.09306,0.496971
Bundesliga,2025,2026-05-02,Bayern Munich,FC Heidenheim,1.87973,2.48197
Bundesliga,2025,2026-05-02,Eintracht Frankfurt,Hamburger SV,0.992322,0.627209
Bundesliga,2025,2026-05-02,Hoffenheim,VfB Stuttgart,2.6399,1.76153
Bundesliga,2025,2026-05-02,Union Berlin,FC Cologne,0.887532,1.6958
Bundesliga,2025,2026-05-02,Werder Bremen,Augsburg,0.814452,3.23625
Bundesliga,2025,2026-05-02,Bayer Leverkusen,RasenBallsport Leipzig,5.41733,1.49733
Bundesliga,2025,2026-05-03,St. Pauli,Mainz 05,1.08664,2.80672
Bundesliga,2025,2026-05-03,Borussia M.Gladbach,Borussia Dortmund,2.68245,0.4281
Bundesliga,2025,2026-05-03,Freiburg,Wolfsburg,0.947988,1.11086
Bundesliga,2025,2026-05-08,Borussia Dortmund,Eintracht Frankfurt,2.94988,0.942523
Bundesliga,2025,2026-05-09,Augsburg,Borussia M.Gladbach,2.80244,1.05493
Bundesliga,2025,2026-05-09,Hoffenheim,Werder Bremen,1.28965,1.45272
Bundesliga,2025,2026-05-09,RasenBallsport Leipzig,St. Pauli,2.32909,0.945954
Bundesliga,2025,2026-05-09,VfB Stuttgart,Bayer Leverkusen,3.42891,0.631905
Bundesliga,2025,2026-05-09,Wolfsburg,Bayern Munich,3.26878,1.9054
Bundesliga,2025,2026-05-10,Hamburger SV,Freiburg,2.02228,0.583605
Bundesliga,2025,2026-05-10,FC Cologne,FC Heidenheim,1.51486,2.04489
Bundesliga,2025,2026-05-10,Mainz 05,Union Berlin,2.09983,2.94155
Bundesliga,2025,2026-05-16,Bayer Leverkusen,Hamburger SV,3.08571,1.63049
Bundesliga,2025,2026-05-16,Bayern Munich,FC Cologne,2.81515,0.880203
Bundesliga,2025,2026-05-16,Borussia M.Gladbach,Hoffenheim,0.845598,1.77286
Bundesliga,2025,2026-05-16,Eintracht Frankfurt,VfB Stuttgart,2.99231,1.81013
Bundesliga,2025,2026-05-16,Freiburg,RasenBallsport Leipzig,2.54392,1.51341
Bundesliga,2025,2026-05-16,FC Heidenheim,Mainz 05,3.03813,3.90834
Bundesliga,2025,2026-05-16,St. Pauli,Wolfsburg,1.98722,4.0649
Bundesliga,2025,2026-05-16,Union Berlin,Augsburg,2.45125,0.506181
Bundesliga,2025,2026-05-16,Werder Bremen,Borussia Dortmund,0.530615,3.37413
