game_id,penalty_team,n,yds
1999_01_ARI_PHI,ARI,8,40.0
1999_01_ARI_PHI,PHI,7,54.0
1999_01_BUF_IND,BUF,13,100.0
1999_01_BUF_IND,IND,7,65.0
1999_01_CAR_NO,CAR,6,40.0
1999_01_CAR_NO,NO,4,26.0
1999_01_CIN_TEN,CIN,9,79.0
1999_01_CIN_TEN,TEN,8,61.0
1999_01_DAL_WAS,DAL,9,99.0
1999_01_DAL_WAS,WAS,8,45.0
1999_01_DET_SEA,DET,11,123.0
1999_01_DET_SEA,SEA,5,34.0
1999_01_KC_CHI,CHI,6,44.0
1999_01_KC_CHI,KC,7,40.0
1999_01_MIA_DEN,DEN,4,30.0
1999_01_MIA_DEN,MIA,8,60.0
1999_01_MIN_ATL,ATL,4,84.0
1999_01_MIN_ATL,MIN,9,81.0
1999_01_NE_NYJ,NE,7,43.0
1999_01_NE_NYJ,NYJ,6,40.0
1999_01_NYG_TB,NYG,9,58.0
1999_01_NYG_TB,TB,3,20.0
1999_01_OAK_GB,GB,7,47.0
1999_01_OAK_GB,LV,6,55.0
1999_01_PIT_CLE,CLE,4,23.0
1999_01_PIT_CLE,PIT,4,26.0
1999_01_SF_JAX,JAX,6,57.0
1999_01_SF_JAX,SF,2,10.0
1999_02_ARI_MIA,ARI,2,15.0
1999_02_ARI_MIA,MIA,9,82.0
1999_02_ATL_DAL,ATL,11,82.0
1999_02_ATL_DAL,DAL,9,69.0
1999_02_CLE_TEN,CLE,2,7.0
1999_02_CLE_TEN,TEN,7,70.0
1999_02_DEN_KC,DEN,8,50.0
1999_02_DEN_KC,KC,10,84.0
1999_02_GB_DET,DET,6,52.0
1999_02_GB_DET,GB,5,25.0
1999_02_IND_NE,IND,7,59.0
1999_02_IND_NE,NE,15,135.0
1999_02_JAX_CAR,CAR,5,37.0
1999_02_JAX_CAR,JAX,5,35.0
1999_02_NO_SF,NO,8,79.0
1999_02_NO_SF,SF,3,28.0
1999_02_NYJ_BUF,BUF,8,50.0
1999_02_NYJ_BUF,NYJ,9,67.0
1999_02_OAK_MIN,LV,9,78.0
1999_02_OAK_MIN,MIN,7,42.0
1999_02_PIT_BAL,BAL,9,67.0
1999_02_PIT_BAL,PIT,7,37.0
1999_02_SD_CIN,CIN,6,40.0
1999_02_SD_CIN,LAC,6,47.0
1999_02_SEA_CHI,CHI,13,84.0
1999_02_SEA_CHI,SEA,8,70.0
1999_02_TB_PHI,PHI,3,45.0
1999_02_TB_PHI,TB,6,55.0
1999_02_WAS_NYG,NYG,8,106.0
1999_02_WAS_NYG,WAS,4,25.0
1999_03_ATL_STL,ATL,3,25.0
1999_03_ATL_STL,LA,3,26.0
1999_03_CHI_OAK,CHI,17,121.0
1999_03_CHI_OAK,LV,9,85.0
1999_03_CIN_CAR,CAR,3,20.0
1999_03_CIN_CAR,CIN,8,50.0
1999_03_CLE_BAL,BAL,8,65.0
1999_03_CLE_BAL,CLE,2,20.0
1999_03_DEN_TB,DEN,8,62.0
1999_03_DEN_TB,TB,2,14.0
1999_03_DET_KC,DET,7,52.0
1999_03_DET_KC,KC,6,70.0
1999_03_IND_SD,IND,8,60.0
1999_03_IND_SD,LAC,5,45.0
1999_03_MIN_GB,GB,5,47.0
1999_03_MIN_GB,MIN,5,30.0
1999_03_NYG_NE,NE,3,25.0
1999_03_NYG_NE,NYG,2,10.0
1999_03_PHI_BUF,BUF,4,20.0
1999_03_PHI_BUF,PHI,7,50.0
1999_03_SEA_PIT,PIT,5,43.0
1999_03_SEA_PIT,SEA,7,50.0
1999_03_SF_ARI,ARI,3,25.0
1999_03_SF_ARI,SF,9,88.0
1999_03_TEN_JAX,JAX,9,79.0
1999_03_TEN_JAX,TEN,9,82.0
1999_03_WAS_NYJ,NYJ,8,86.0
1999_03_WAS_NYJ,WAS,5,35.0
1999_04_ARI_DAL,ARI,6,50.0
1999_04_ARI_DAL,DAL,10,87.0
1999_04_BAL_ATL,ATL,6,40.0
1999_04_BAL_ATL,BAL,5,38.0
1999_04_BUF_MIA,BUF,8,74.0
1999_04_BUF_MIA,MIA,7,50.0
1999_04_CAR_WAS,CAR,6,80.0
1999_04_CAR_WAS,WAS,8,60.0
1999_04_JAX_PIT,JAX,5,32.0
1999_04_JAX_PIT,PIT,7,65.0
1999_04_KC_SD,KC,13,113.0
1999_04_KC_SD,LAC,6,54.0
1999_04_NE_CLE,CLE,5,45.0
1999_04_NE_CLE,NE,7,59.0
1999_04_NO_CHI,CHI,5,35.0
1999_04_NO_CHI,NO,6,41.0
1999_04_NYJ_DEN,DEN,7,82.0
1999_04_NYJ_DEN,NYJ,4,43.0
1999_04_OAK_SEA,LV,9,88.0
1999_04_OAK_SEA,SEA,5,40.0
1999_04_PHI_NYG,NYG,5,51.0
1999_04_PHI_NYG,PHI,6,35.0
1999_04_STL_CIN,CIN,5,25.0
1999_04_STL_CIN,LA,5,34.0
1999_04_TB_MIN,MIN,5,50.0
1999_04_TB_MIN,TB,10,74.0
1999_04_TEN_SF,SF,8,67.0
1999_04_TEN_SF,TEN,4,30.0
1999_05_ATL_NO,ATL,9,68.0
1999_05_ATL_NO,NO,7,64.0
1999_05_BAL_TEN,BAL,9,82.0
1999_05_BAL_TEN,TEN,15,212.0
1999_05_CHI_MIN,CHI,3,23.0
1999_05_CHI_MIN,MIN,5,40.0
1999_05_CIN_CLE,CIN,4,70.0
1999_05_CIN_CLE,CLE,8,82.0
1999_05_DAL_PHI,DAL,6,65.0
1999_05_DAL_PHI,PHI,7,82.0
1999_05_DEN_OAK,DEN,3,17.0
1999_05_DEN_OAK,LV,3,30.0
1999_05_JAX_NYJ,JAX,7,67.0
1999_05_JAX_NYJ,NYJ,2,15.0
1999_05_MIA_IND,IND,4,30.0
1999_05_MIA_IND,MIA,6,62.0
1999_05_NE_KC,KC,4,24.0
1999_05_NE_KC,NE,7,35.0
1999_05_NYG_ARI,ARI,3,14.0
1999_05_NYG_ARI,NYG,8,52.0
1999_05_PIT_BUF,BUF,4,40.0
1999_05_PIT_BUF,PIT,2,20.0
1999_05_SD_DET,DET,1,5.0
1999_05_SD_DET,LAC,4,20.0
1999_05_SF_STL,LA,11,73.0
1999_05_SF_STL,SF,7,70.0
1999_05_TB_GB,GB,8,83.0
1999_05_TB_GB,TB,3,40.0
1999_06_CAR_SF,CAR,6,57.0
1999_06_CAR_SF,SF,3,25.0
1999_06_CLE_JAX,CLE,6,55.0
1999_06_CLE_JAX,JAX,6,50.0
1999_06_DAL_NYG,DAL,10,59.0
1999_06_DAL_NYG,NYG,9,75.0
1999_06_GB_DEN,DEN,9,64.0
1999_06_GB_DEN,GB,9,51.0
1999_06_IND_NYJ,IND,1,5.0
1999_06_IND_NYJ,NYJ,6,51.0
1999_06_MIA_NE,MIA,13,99.0
1999_06_MIA_NE,NE,6,45.0
1999_06_MIN_DET,DET,7,50.0
1999_06_MIN_DET,MIN,3,61.0
1999_06_OAK_BUF,BUF,6,46.0
1999_06_OAK_BUF,LV,9,60.0
1999_06_PHI_CHI,CHI,9,85.0
1999_06_PHI_CHI,PHI,6,53.0
1999_06_PIT_CIN,CIN,8,60.0
1999_06_PIT_CIN,PIT,7,41.0
1999_06_SEA_SD,LAC,10,56.0
1999_06_SEA_SD,SEA,6,49.0
1999_06_STL_ATL,ATL,10,83.0
1999_06_STL_ATL,LA,8,45.0
1999_06_TEN_NO,NO,13,103.0
1999_06_TEN_NO,TEN,8,75.0
1999_06_WAS_ARI,ARI,4,30.0
1999_06_WAS_ARI,WAS,8,54.0
1999_07_ATL_PIT,ATL,3,15.0
1999_07_ATL_PIT,PIT,9,91.0
1999_07_BUF_SEA,BUF,6,35.0
1999_07_BUF_SEA,SEA,6,40.0
1999_07_CHI_TB,CHI,6,55.0
1999_07_CHI_TB,TB,4,30.0
1999_07_CIN_IND,CIN,10,99.0
1999_07_CIN_IND,IND,6,45.0
1999_07_CLE_STL,CLE,6,30.0
1999_07_CLE_STL,LA,4,30.0
1999_07_DEN_NE,DEN,10,70.0
1999_07_DEN_NE,NE,5,34.0
1999_07_DET_CAR,CAR,9,55.0
1999_07_DET_CAR,DET,3,21.0
1999_07_GB_SD,GB,5,45.0
1999_07_GB_SD,LAC,6,73.0
1999_07_KC_BAL,BAL,9,81.0
1999_07_KC_BAL,KC,9,113.0
1999_07_NO_NYG,NO,5,40.0
1999_07_NO_NYG,NYG,7,49.0
1999_07_NYJ_OAK,LV,2,20.0
1999_07_NYJ_OAK,NYJ,7,70.0
1999_07_PHI_MIA,MIA,7,54.0
1999_07_PHI_MIA,PHI,3,19.0
1999_07_SF_MIN,MIN,4,30.0
1999_07_SF_MIN,SF,15,104.0
1999_07_WAS_DAL,DAL,9,98.0
1999_07_WAS_DAL,WAS,8,70.0
1999_08_BUF_BAL,BAL,10,113.0
1999_08_BUF_BAL,BUF,7,50.0
1999_08_CAR_ATL,ATL,9,75.0
1999_08_CAR_ATL,CAR,9,48.0
1999_08_CHI_WAS,CHI,9,85.0
1999_08_CHI_WAS,WAS,3,15.0
1999_08_CLE_NO,CLE,8,64.0
1999_08_CLE_NO,NO,6,38.0
1999_08_DAL_IND,DAL,6,35.0
1999_08_DAL_IND,IND,6,40.0
1999_08_JAX_CIN,CIN,4,24.0
1999_08_JAX_CIN,JAX,2,16.0
1999_08_MIA_OAK,LV,2,25.0
1999_08_MIA_OAK,MIA,7,48.0
1999_08_MIN_DEN,DEN,7,39.0
1999_08_MIN_DEN,MIN,9,78.0
1999_08_NE_ARI,ARI,5,30.0
1999_08_NE_ARI,NE,4,36.0
1999_08_NYG_PHI,NYG,5,41.0
1999_08_NYG_PHI,PHI,3,15.0
1999_08_SD_KC,KC,3,15.0
1999_08_SD_KC,LAC,12,74.0
1999_08_SEA_GB,GB,9,88.0
1999_08_SEA_GB,SEA,6,67.0
1999_08_STL_TEN,LA,15,102.0
1999_08_STL_TEN,TEN,8,85.0
1999_08_TB_DET,DET,5,43.0
1999_08_TB_DET,TB,6,32.0
1999_09_ARI_NYJ,ARI,4,25.0
1999_09_ARI_NYJ,NYJ,3,25.0
1999_09_BAL_CLE,BAL,4,29.0
1999_09_BAL_CLE,CLE,4,19.0
1999_09_BUF_WAS,BUF,6,79.0
1999_09_BUF_WAS,WAS,2,15.0
1999_09_CHI_GB,CHI,3,24.0
1999_09_CHI_GB,GB,4,30.0
1999_09_CIN_SEA,CIN,16,107.0
1999_09_CIN_SEA,SEA,8,71.0
1999_09_DAL_MIN,DAL,8,55.0
1999_09_DAL_MIN,MIN,12,95.0
1999_09_DEN_SD,DEN,8,61.0
1999_09_DEN_SD,LAC,6,55.0
1999_09_JAX_ATL,ATL,5,34.0
1999_09_JAX_ATL,JAX,5,40.0
1999_09_KC_IND,IND,5,28.0
1999_09_KC_IND,KC,10,75.0
1999_09_PHI_CAR,CAR,7,74.0
1999_09_PHI_CAR,PHI,10,88.0
1999_09_PIT_SF,PIT,6,33.0
1999_09_PIT_SF,SF,11,95.0
1999_09_STL_DET,DET,9,95.0
1999_09_STL_DET,LA,7,54.0
1999_09_TB_NO,NO,5,40.0
1999_09_TB_NO,TB,9,70.0
1999_09_TEN_MIA,MIA,5,40.0
1999_09_TEN_MIA,TEN,2,19.0
1999_10_BAL_JAX,BAL,6,29.0
1999_10_BAL_JAX,JAX,4,30.0
1999_10_CAR_STL,CAR,10,89.0
1999_10_CAR_STL,LA,5,35.0
1999_10_CLE_PIT,CLE,6,64.0
1999_10_CLE_PIT,PIT,9,95.0
1999_10_DEN_SEA,DEN,6,55.0
1999_10_DEN_SEA,SEA,9,105.0
1999_10_DET_ARI,ARI,6,46.0
1999_10_DET_ARI,DET,10,101.0
1999_10_GB_DAL,DAL,10,135.0
1999_10_GB_DAL,GB,8,57.0
1999_10_IND_NYG,IND,9,79.0
1999_10_IND_NYG,NYG,7,76.0
1999_10_KC_TB,KC,6,30.0
1999_10_KC_TB,TB,1,5.0
1999_10_MIA_BUF,BUF,11,75.0
1999_10_MIA_BUF,MIA,5,41.0
1999_10_MIN_CHI,CHI,11,102.0
1999_10_MIN_CHI,MIN,6,62.0
1999_10_NYJ_NE,NE,4,35.0
1999_10_NYJ_NE,NYJ,9,93.0
1999_10_SD_OAK,LAC,9,62.0
1999_10_SD_OAK,LV,6,38.0
1999_10_SF_NO,NO,11,103.0
1999_10_SF_NO,SF,11,86.0
1999_10_TEN_CIN,CIN,8,66.0
1999_10_TEN_CIN,TEN,9,62.0
1999_10_WAS_PHI,PHI,5,51.0
1999_10_WAS_PHI,WAS,5,44.0
1999_11_ATL_TB,ATL,4,29.0
1999_11_ATL_TB,TB,2,20.0
1999_11_BAL_CIN,BAL,7,48.0
1999_11_BAL_CIN,CIN,15,127.0
1999_11_BUF_NYJ,BUF,2,15.0
1999_11_BUF_NYJ,NYJ,6,50.0
1999_11_CAR_CLE,CAR,4,23.0
1999_11_CAR_CLE,CLE,4,20.0
1999_11_CHI_SD,CHI,8,56.0
1999_11_CHI_SD,LAC,5,40.0
1999_11_DAL_ARI,ARI,5,40.0
1999_11_DAL_ARI,DAL,6,47.0
1999_11_DET_GB,DET,7,103.0
1999_11_DET_GB,GB,10,90.0
1999_11_IND_PHI,IND,6,38.0
1999_11_IND_PHI,PHI,9,67.0
1999_11_NE_MIA,MIA,5,30.0
1999_11_NE_MIA,NE,5,50.0
1999_11_NO_JAX,JAX,4,50.0
1999_11_NO_JAX,NO,7,39.0
1999_11_NYG_WAS,NYG,7,97.0
1999_11_NYG_WAS,WAS,8,64.0
1999_11_OAK_DEN,DEN,9,60.0
1999_11_OAK_DEN,LV,7,90.0
1999_11_PIT_TEN,PIT,11,79.0
1999_11_PIT_TEN,TEN,4,30.0
1999_11_SEA_KC,KC,8,60.0
1999_11_SEA_KC,SEA,5,29.0
1999_11_STL_SF,LA,7,58.0
1999_11_STL_SF,SF,3,15.0
1999_12_ARI_NYG,ARI,2,22.0
1999_12_ARI_NYG,NYG,7,50.0
1999_12_ATL_CAR,ATL,14,137.0
1999_12_ATL_CAR,CAR,8,54.0
1999_12_CHI_DET,CHI,3,25.0
1999_12_CHI_DET,DET,6,40.0
1999_12_CIN_PIT,CIN,5,35.0
1999_12_CIN_PIT,PIT,6,45.0
1999_12_GB_SF,GB,4,22.0
1999_12_GB_SF,SF,8,105.0
1999_12_JAX_BAL,BAL,6,39.0
1999_12_JAX_BAL,JAX,8,41.0
1999_12_KC_OAK,KC,7,50.0
1999_12_KC_OAK,LV,6,37.0
1999_12_MIA_DAL,DAL,12,108.0
1999_12_MIA_DAL,MIA,5,42.0
1999_12_NE_BUF,BUF,6,39.0
1999_12_NE_BUF,NE,8,101.0
1999_12_NO_STL,LA,7,50.0
1999_12_NO_STL,NO,8,80.0
1999_12_NYJ_IND,IND,3,24.0
1999_12_NYJ_IND,NYJ,10,72.0
1999_12_PHI_WAS,PHI,5,59.0
1999_12_PHI_WAS,WAS,3,24.0
1999_12_SD_MIN,LAC,1,5.0
1999_12_SD_MIN,MIN,5,30.0
1999_12_TB_SEA,SEA,5,50.0
1999_12_TB_SEA,TB,2,15.0
1999_12_TEN_CLE,CLE,5,29.0
1999_12_TEN_CLE,TEN,4,18.0
1999_13_CLE_SD,CLE,13,94.0
1999_13_CLE_SD,LAC,7,56.0
1999_13_DAL_NE,DAL,6,35.0
1999_13_DAL_NE,NE,2,20.0
1999_13_GB_CHI,CHI,4,35.0
1999_13_GB_CHI,GB,3,25.0
1999_13_IND_MIA,IND,7,89.0
1999_13_IND_MIA,MIA,7,64.0
1999_13_KC_DEN,DEN,7,52.0
1999_13_KC_DEN,KC,11,106.0
1999_13_MIN_TB,MIN,8,50.0
1999_13_MIN_TB,TB,6,35.0
1999_13_NO_ATL,ATL,11,116.0
1999_13_NO_ATL,NO,7,52.0
1999_13_NYJ_NYG,NYG,3,67.0
1999_13_NYJ_NYG,NYJ,4,50.0
1999_13_PHI_ARI,ARI,1,5.0
1999_13_PHI_ARI,PHI,9,64.0
1999_13_PIT_JAX,JAX,9,98.0
1999_13_PIT_JAX,PIT,9,76.0
1999_13_SEA_OAK,LV,1,5.0
1999_13_SEA_OAK,SEA,1,14.0
1999_13_SF_CIN,CIN,2,10.0
1999_13_SF_CIN,SF,9,82.0
1999_13_STL_CAR,CAR,5,70.0
1999_13_STL_CAR,LA,5,50.0
1999_13_TEN_BAL,BAL,9,68.0
1999_13_TEN_BAL,TEN,6,91.0
1999_13_WAS_DET,DET,9,65.0
1999_13_WAS_DET,WAS,14,122.0
1999_14_ARI_WAS,ARI,5,42.0
1999_14_ARI_WAS,WAS,12,97.0
1999_14_ATL_SF,ATL,6,65.0
1999_14_ATL_SF,SF,7,87.0
1999_14_BAL_PIT,BAL,9,73.0
1999_14_BAL_PIT,PIT,12,73.0
1999_14_CAR_GB,CAR,9,64.0
1999_14_CAR_GB,GB,10,81.0
1999_14_CLE_CIN,CIN,9,84.0
1999_14_CLE_CIN,CLE,7,79.0
1999_14_DEN_JAX,DEN,9,83.0
1999_14_DEN_JAX,JAX,3,20.0
1999_14_DET_TB,DET,8,61.0
1999_14_DET_TB,TB,7,58.0
1999_14_MIA_NYJ,MIA,6,43.0
1999_14_MIA_NYJ,NYJ,2,20.0
1999_14_MIN_KC,KC,7,40.0
1999_14_MIN_KC,MIN,8,91.0
1999_14_NE_IND,IND,4,26.0
1999_14_NE_IND,NE,11,85.0
1999_14_NYG_BUF,BUF,6,63.0
1999_14_NYG_BUF,NYG,6,40.0
1999_14_OAK_TEN,LV,8,44.0
1999_14_OAK_TEN,TEN,6,55.0
1999_14_PHI_DAL,DAL,9,55.0
1999_14_PHI_DAL,PHI,6,68.0
1999_14_SD_SEA,LAC,9,55.0
1999_14_SD_SEA,SEA,5,47.0
1999_14_STL_NO,LA,9,54.0
1999_14_STL_NO,NO,4,35.0
1999_15_ATL_TEN,ATL,5,46.0
1999_15_ATL_TEN,TEN,14,90.0
1999_15_BUF_ARI,ARI,5,20.0
1999_15_BUF_ARI,BUF,4,58.0
1999_15_DET_CHI,CHI,8,62.0
1999_15_DET_CHI,DET,6,43.0
1999_15_GB_MIN,GB,6,57.0
1999_15_GB_MIN,MIN,11,85.0
1999_15_JAX_CLE,CLE,4,35.0
1999_15_JAX_CLE,JAX,4,52.0
1999_15_NE_PHI,NE,3,15.0
1999_15_NE_PHI,PHI,7,85.0
1999_15_NO_BAL,BAL,7,60.0
1999_15_NO_BAL,NO,6,48.0
1999_15_NYG_STL,LA,8,88.0
1999_15_NYG_STL,NYG,6,50.0
1999_15_NYJ_DAL,DAL,8,92.0
1999_15_NYJ_DAL,NYJ,3,20.0
1999_15_PIT_KC,KC,8,60.0
1999_15_PIT_KC,PIT,10,65.0
1999_15_SD_MIA,LAC,4,40.0
1999_15_SD_MIA,MIA,11,106.0
1999_15_SEA_DEN,DEN,8,62.0
1999_15_SEA_DEN,SEA,12,118.0
1999_15_SF_CAR,CAR,6,40.0
1999_15_SF_CAR,SF,7,55.0
1999_15_TB_OAK,LV,3,35.0
1999_15_TB_OAK,TB,9,60.0
1999_15_WAS_IND,IND,5,62.0
1999_15_WAS_IND,WAS,6,60.0
1999_16_ARI_ATL,ARI,8,57.0
1999_16_ARI_ATL,ATL,4,24.0
1999_16_BUF_NE,BUF,4,30.0
1999_16_BUF_NE,NE,5,25.0
1999_16_CAR_PIT,CAR,3,15.0
1999_16_CAR_PIT,PIT,7,60.0
1999_16_CHI_STL,CHI,10,64.0
1999_16_CHI_STL,LA,8,76.0
1999_16_CIN_BAL,BAL,7,53.0
1999_16_CIN_BAL,CIN,11,87.0
1999_16_DAL_NO,DAL,11,86.0
1999_16_DAL_NO,NO,6,32.0
1999_16_DEN_DET,DEN,5,40.0
1999_16_DEN_DET,DET,10,78.0
1999_16_GB_TB,GB,2,20.0
1999_16_GB_TB,TB,2,25.0
1999_16_IND_CLE,CLE,7,37.0
1999_16_JAX_TEN,JAX,4,29.0
1999_16_JAX_TEN,TEN,4,33.0
1999_16_KC_SEA,KC,11,64.0
1999_16_KC_SEA,SEA,5,55.0
1999_16_MIN_NYG,MIN,10,80.0
1999_16_MIN_NYG,NYG,5,40.0
1999_16_NYJ_MIA,MIA,4,28.0
1999_16_NYJ_MIA,NYJ,5,44.0
1999_16_OAK_SD,LAC,8,91.0
1999_16_OAK_SD,LV,13,100.0
1999_16_WAS_SF,SF,1,10.0
1999_16_WAS_SF,WAS,6,38.0
1999_17_ARI_GB,ARI,3,20.0
1999_17_ARI_GB,GB,3,20.0
1999_17_BAL_NE,BAL,9,60.0
1999_17_BAL_NE,NE,3,59.0
1999_17_CIN_JAX,CIN,6,64.0
1999_17_CIN_JAX,JAX,8,49.0
1999_17_DET_MIN,DET,4,47.0
1999_17_DET_MIN,MIN,7,45.0
1999_17_IND_BUF,BUF,3,25.0
1999_17_IND_BUF,IND,2,23.0
1999_17_MIA_WAS,MIA,6,88.0
1999_17_MIA_WAS,WAS,3,25.0
1999_17_NO_CAR,CAR,8,75.0
1999_17_NO_CAR,NO,6,54.0
1999_17_NYG_DAL,DAL,7,56.0
1999_17_NYG_DAL,NYG,5,44.0
1999_17_OAK_KC,KC,5,33.0
1999_17_OAK_KC,LV,5,35.0
1999_17_SD_DEN,DEN,6,45.0
1999_17_SD_DEN,LAC,6,50.0
1999_17_SEA_NYJ,NYJ,3,25.0
1999_17_SEA_NYJ,SEA,5,44.0
1999_17_SF_ATL,ATL,6,40.0
1999_17_SF_ATL,SF,16,118.0
1999_17_STL_PHI,LA,5,54.0
1999_17_STL_PHI,PHI,8,65.0
1999_17_TB_CHI,CHI,2,10.0
1999_17_TB_CHI,TB,3,30.0
1999_17_TEN_PIT,PIT,7,73.0
1999_17_TEN_PIT,TEN,6,56.0
1999_18_BUF_TEN,BUF,10,59.0
1999_18_BUF_TEN,TEN,2,12.0
1999_18_DAL_MIN,DAL,7,60.0
1999_18_DAL_MIN,MIN,7,50.0
1999_18_DET_WAS,DET,12,126.0
1999_18_DET_WAS,WAS,6,75.0
1999_18_MIA_SEA,MIA,6,67.0
1999_18_MIA_SEA,SEA,2,10.0
1999_19_MIA_JAX,JAX,7,52.0
1999_19_MIA_JAX,MIA,9,87.0
1999_19_MIN_STL,LA,10,71.0
1999_19_MIN_STL,MIN,10,57.0
1999_19_TEN_IND,IND,7,60.0
1999_19_TEN_IND,TEN,9,78.0
1999_19_WAS_TB,TB,2,25.0
1999_19_WAS_TB,WAS,4,61.0
1999_20_TB_STL,LA,7,48.0
1999_20_TB_STL,TB,3,15.0
1999_20_TEN_JAX,JAX,9,100.0
1999_20_TEN_JAX,TEN,5,39.0
1999_21_STL_TEN,LA,8,60.0
1999_21_STL_TEN,TEN,7,45.0
2000_01_ARI_NYG,ARI,1,5.0
2000_01_ARI_NYG,NYG,9,68.0
2000_01_BAL_PIT,BAL,6,42.0
2000_01_BAL_PIT,PIT,2,15.0
2000_01_CAR_WAS,CAR,9,65.0
2000_01_CAR_WAS,WAS,7,64.0
2000_01_CHI_MIN,CHI,5,45.0
2000_01_CHI_MIN,MIN,4,20.0
2000_01_DEN_STL,DEN,5,27.0
2000_01_DEN_STL,LA,4,36.0
2000_01_DET_NO,DET,8,74.0
2000_01_DET_NO,NO,12,89.0
2000_01_IND_KC,IND,7,78.0
2000_01_IND_KC,KC,6,50.0
2000_01_JAX_CLE,CLE,3,25.0
2000_01_JAX_CLE,JAX,1,5.0
2000_01_NYJ_GB,GB,10,81.0
2000_01_NYJ_GB,NYJ,10,75.0
2000_01_PHI_DAL,DAL,8,79.0
2000_01_PHI_DAL,PHI,4,25.0
2000_01_SD_OAK,LAC,4,35.0
2000_01_SD_OAK,LV,8,60.0
2000_01_SEA_MIA,MIA,6,36.0
2000_01_SEA_MIA,SEA,2,10.0
2000_01_SF_ATL,ATL,4,51.0
2000_01_SF_ATL,SF,7,42.0
2000_01_TB_NE,NE,5,33.0
2000_01_TB_NE,TB,4,25.0
2000_01_TEN_BUF,BUF,6,91.0
2000_01_TEN_BUF,TEN,12,112.0
2000_02_ATL_DEN,ATL,10,71.0
2000_02_ATL_DEN,DEN,7,54.0
2000_02_CAR_SF,CAR,6,50.0
2000_02_CAR_SF,SF,9,67.0
2000_02_CHI_TB,CHI,9,64.0
2000_02_CHI_TB,TB,3,20.0
2000_02_CLE_CIN,CIN,7,65.0
2000_02_CLE_CIN,CLE,6,60.0
2000_02_DAL_ARI,ARI,2,15.0
2000_02_DAL_ARI,DAL,5,102.0
2000_02_GB_BUF,BUF,5,33.0
2000_02_GB_BUF,GB,2,12.0
2000_02_JAX_BAL,BAL,8,65.0
2000_02_JAX_BAL,JAX,10,60.0
2000_02_KC_TEN,KC,10,72.0
2000_02_KC_TEN,TEN,7,70.0
2000_02_MIA_MIN,MIA,7,40.0
2000_02_MIA_MIN,MIN,7,60.0
2000_02_NE_NYJ,NE,3,8.0
2000_02_NE_NYJ,NYJ,6,69.0
2000_02_NO_SD,LAC,7,85.0
2000_02_NO_SD,NO,6,37.0
2000_02_NYG_PHI,NYG,4,35.0
2000_02_NYG_PHI,PHI,5,40.0
2000_02_OAK_IND,IND,7,41.0
2000_02_OAK_IND,LV,5,35.0
2000_02_STL_SEA,LA,4,16.0
2000_02_STL_SEA,SEA,1,10.0
2000_02_WAS_DET,DET,7,50.0
2000_02_WAS_DET,WAS,6,55.0
2000_03_ATL_CAR,ATL,7,57.0
2000_03_ATL_CAR,CAR,4,28.0
2000_03_BAL_MIA,BAL,4,20.0
2000_03_BAL_MIA,MIA,6,38.0
2000_03_BUF_NYJ,BUF,7,66.0
2000_03_BUF_NYJ,NYJ,3,10.0
2000_03_CIN_JAX,CIN,6,44.0
2000_03_CIN_JAX,JAX,7,76.0
2000_03_DAL_WAS,DAL,4,20.0
2000_03_DAL_WAS,WAS,6,82.0
2000_03_DEN_OAK,DEN,3,30.0
2000_03_DEN_OAK,LV,5,51.0
2000_03_MIN_NE,MIN,5,61.0
2000_03_MIN_NE,NE,9,64.0
2000_03_NO_SEA,NO,4,40.0
2000_03_NO_SEA,SEA,4,32.0
2000_03_NYG_CHI,CHI,2,30.0
2000_03_NYG_CHI,NYG,2,15.0
2000_03_PHI_GB,GB,5,31.0
2000_03_PHI_GB,PHI,12,115.0
2000_03_PIT_CLE,CLE,4,26.0
2000_03_PIT_CLE,PIT,5,35.0
2000_03_SF_STL,LA,3,25.0
2000_03_SF_STL,SF,7,53.0
2000_03_TB_DET,DET,10,51.0
2000_03_TB_DET,TB,5,45.0
2000_04_CIN_BAL,BAL,10,90.0
2000_04_CIN_BAL,CIN,8,53.0
2000_04_CLE_OAK,CLE,8,46.0
2000_04_CLE_OAK,LV,5,40.0
2000_04_DET_CHI,CHI,9,78.0
2000_04_DET_CHI,DET,6,39.0
2000_04_GB_ARI,ARI,3,25.0
2000_04_GB_ARI,GB,8,73.0
2000_04_JAX_IND,IND,11,90.0
2000_04_JAX_IND,JAX,4,40.0
2000_04_KC_DEN,DEN,6,71.0
2000_04_KC_DEN,KC,8,48.0
2000_04_NE_MIA,MIA,5,40.0
2000_04_NE_MIA,NE,3,30.0
2000_04_NYJ_TB,NYJ,4,25.0
2000_04_NYJ_TB,TB,8,75.0
2000_04_PHI_NO,NO,5,40.0
2000_04_PHI_NO,PHI,10,64.0
2000_04_SEA_SD,LAC,9,71.0
2000_04_SEA_SD,SEA,5,45.0
2000_04_SF_DAL,DAL,5,62.0
2000_04_SF_DAL,SF,8,94.0
2000_04_STL_ATL,ATL,5,42.0
2000_04_STL_ATL,LA,10,90.0
2000_04_TEN_PIT,PIT,5,35.0
2000_04_TEN_PIT,TEN,3,25.0
2000_04_WAS_NYG,NYG,6,59.0
2000_04_WAS_NYG,WAS,4,25.0
2000_05_ARI_SF,ARI,4,40.0
2000_05_ARI_SF,SF,6,40.0
2000_05_ATL_PHI,ATL,2,10.0
2000_05_ATL_PHI,PHI,9,110.0
2000_05_BAL_CLE,BAL,6,62.0
2000_05_BAL_CLE,CLE,8,60.0
2000_05_CHI_GB,CHI,8,65.0
2000_05_CHI_GB,GB,4,35.0
2000_05_DAL_CAR,CAR,5,55.0
2000_05_DAL_CAR,DAL,4,45.0
2000_05_IND_BUF,BUF,8,60.0
2000_05_IND_BUF,IND,3,20.0
2000_05_MIA_CIN,CIN,10,123.0
2000_05_MIA_CIN,MIA,8,61.0
2000_05_MIN_DET,DET,9,55.0
2000_05_MIN_DET,MIN,10,72.0
2000_05_NE_DEN,DEN,7,50.0
2000_05_NE_DEN,NE,5,17.0
2000_05_NYG_TEN,NYG,7,48.0
2000_05_NYG_TEN,TEN,6,64.0
2000_05_PIT_JAX,JAX,10,75.0
2000_05_PIT_JAX,PIT,7,55.0
2000_05_SD_STL,LA,4,36.0
2000_05_SD_STL,LAC,3,15.0
2000_05_SEA_KC,KC,12,77.0
2000_05_SEA_KC,SEA,7,45.0
2000_05_TB_WAS,TB,4,40.0
2000_05_TB_WAS,WAS,8,48.0
2000_06_BAL_JAX,BAL,5,25.0
2000_06_BAL_JAX,JAX,6,34.0
2000_06_CLE_ARI,ARI,3,20.0
2000_06_CLE_ARI,CLE,8,86.0
2000_06_DEN_SD,DEN,9,113.0
2000_06_DEN_SD,LAC,6,57.0
2000_06_GB_DET,DET,6,50.0
2000_06_GB_DET,GB,4,29.0
2000_06_IND_NE,IND,5,52.0
2000_06_IND_NE,NE,7,34.0
2000_06_NO_CHI,CHI,5,45.0
2000_06_NO_CHI,NO,10,149.0
2000_06_NYG_ATL,ATL,2,13.0
2000_06_NYG_ATL,NYG,8,71.0
2000_06_OAK_SF,LV,8,64.0
2000_06_OAK_SF,SF,13,124.0
2000_06_PIT_NYJ,NYJ,6,45.0
2000_06_PIT_NYJ,PIT,8,57.0
2000_06_SEA_CAR,CAR,5,30.0
2000_06_SEA_CAR,SEA,12,80.0
2000_06_TB_MIN,MIN,4,44.0
2000_06_TB_MIN,TB,7,58.0
2000_06_TEN_CIN,CIN,2,10.0
2000_06_TEN_CIN,TEN,6,50.0
2000_06_WAS_PHI,PHI,5,48.0
2000_06_WAS_PHI,WAS,12,80.0
2000_07_ATL_STL,ATL,8,40.0
2000_07_ATL_STL,LA,11,96.0
2000_07_BAL_WAS,BAL,7,41.0
2000_07_BAL_WAS,WAS,6,51.0
2000_07_CAR_NO,CAR,7,45.0
2000_07_CAR_NO,NO,8,59.0
2000_07_CIN_PIT,CIN,6,46.0
2000_07_CIN_PIT,PIT,8,65.0
2000_07_CLE_DEN,CLE,9,116.0
2000_07_CLE_DEN,DEN,2,14.0
2000_07_DAL_NYG,DAL,9,81.0
2000_07_DAL_NYG,NYG,9,72.0
2000_07_IND_SEA,IND,3,25.0
2000_07_IND_SEA,SEA,5,39.0
2000_07_JAX_TEN,JAX,5,40.0
2000_07_JAX_TEN,TEN,10,89.0
2000_07_MIN_CHI,CHI,8,53.0
2000_07_MIN_CHI,MIN,7,73.0
2000_07_NYJ_NE,NE,4,30.0
2000_07_NYJ_NE,NYJ,5,68.0
2000_07_OAK_KC,KC,6,40.0
2000_07_OAK_KC,LV,8,69.0
2000_07_PHI_ARI,ARI,9,65.0
2000_07_PHI_ARI,PHI,10,95.0
2000_07_SD_BUF,BUF,10,103.0
2000_07_SD_BUF,LAC,12,88.0
2000_07_SF_GB,GB,9,65.0
2000_07_SF_GB,SF,4,53.0
2000_08_ARI_DAL,ARI,11,59.0
2000_08_ARI_DAL,DAL,5,30.0
2000_08_BUF_MIN,BUF,11,72.0
2000_08_BUF_MIN,MIN,9,55.0
2000_08_CHI_PHI,CHI,7,50.0
2000_08_CHI_PHI,PHI,4,35.0
2000_08_CLE_PIT,CLE,8,77.0
2000_08_CLE_PIT,PIT,5,47.0
2000_08_DEN_CIN,CIN,9,69.0
2000_08_DEN_CIN,DEN,6,38.0
2000_08_DET_TB,DET,7,55.0
2000_08_DET_TB,TB,7,54.0
2000_08_MIA_NYJ,MIA,13,95.0
2000_08_MIA_NYJ,NYJ,3,30.0
2000_08_NE_IND,IND,8,106.0
2000_08_NE_IND,NE,6,48.0
2000_08_NO_ATL,ATL,7,48.0
2000_08_NO_ATL,NO,6,45.0
2000_08_SEA_OAK,LV,10,90.0
2000_08_SEA_OAK,SEA,10,68.0
2000_08_SF_CAR,CAR,6,63.0
2000_08_SF_CAR,SF,13,82.0
2000_08_STL_KC,KC,6,50.0
2000_08_STL_KC,LA,8,87.0
2000_08_TEN_BAL,BAL,8,52.0
2000_08_TEN_BAL,TEN,4,20.0
2000_08_WAS_JAX,JAX,5,42.0
2000_08_WAS_JAX,WAS,6,59.0
2000_09_CAR_ATL,ATL,8,98.0
2000_09_CAR_ATL,CAR,9,58.0
2000_09_CIN_CLE,CIN,6,84.0
2000_09_CIN_CLE,CLE,9,71.0
2000_09_DET_IND,DET,9,57.0
2000_09_DET_IND,IND,3,20.0
2000_09_GB_MIA,GB,7,59.0
2000_09_GB_MIA,MIA,7,104.0
2000_09_JAX_DAL,DAL,7,54.0
2000_09_JAX_DAL,JAX,8,50.0
2000_09_KC_SEA,KC,7,53.0
2000_09_KC_SEA,SEA,10,99.0
2000_09_MIN_TB,MIN,6,46.0
2000_09_MIN_TB,TB,4,34.0
2000_09_NO_ARI,ARI,4,27.0
2000_09_NO_ARI,NO,5,55.0
2000_09_NYJ_BUF,BUF,5,45.0
2000_09_NYJ_BUF,NYJ,2,20.0
2000_09_OAK_SD,LAC,11,88.0
2000_09_OAK_SD,LV,8,50.0
2000_09_PHI_NYG,NYG,5,35.0
2000_09_PHI_NYG,PHI,8,74.0
2000_09_PIT_BAL,BAL,4,20.0
2000_09_PIT_BAL,PIT,3,20.0
2000_09_STL_SF,LA,11,90.0
2000_09_STL_SF,SF,8,80.0
2000_09_TEN_WAS,TEN,10,56.0
2000_09_TEN_WAS,WAS,7,62.0
2000_10_BAL_CIN,BAL,6,50.0
2000_10_BAL_CIN,CIN,6,40.0
2000_10_BUF_NE,BUF,7,73.0
2000_10_BUF_NE,NE,8,103.0
2000_10_CAR_STL,CAR,5,40.0
2000_10_CAR_STL,LA,7,52.0
2000_10_DAL_PHI,DAL,12,97.0
2000_10_DAL_PHI,PHI,7,91.0
2000_10_DEN_NYJ,DEN,6,57.0
2000_10_DEN_NYJ,NYJ,2,10.0
2000_10_IND_CHI,CHI,8,58.0
2000_10_IND_CHI,IND,7,81.0
2000_10_KC_OAK,KC,9,80.0
2000_10_KC_OAK,LV,9,81.0
2000_10_MIA_DET,DET,5,40.0
2000_10_MIA_DET,MIA,7,62.0
2000_10_MIN_GB,GB,8,63.0
2000_10_MIN_GB,MIN,11,129.0
2000_10_NYG_CLE,CLE,4,55.0
2000_10_NYG_CLE,NYG,3,28.0
2000_10_PIT_TEN,PIT,4,25.0
2000_10_PIT_TEN,TEN,14,115.0
2000_10_SD_SEA,LAC,9,53.0
2000_10_SD_SEA,SEA,5,34.0
2000_10_SF_NO,NO,10,54.0
2000_10_SF_NO,SF,14,97.0
2000_10_TB_ATL,ATL,5,25.0
2000_10_TB_ATL,TB,4,43.0
2000_10_WAS_ARI,ARI,8,74.0
2000_10_WAS_ARI,WAS,8,59.0
2000_11_ARI_MIN,ARI,8,65.0
2000_11_ARI_MIN,MIN,4,35.0
2000_11_ATL_DET,ATL,10,82.0
2000_11_ATL_DET,DET,9,70.0
2000_11_BAL_TEN,BAL,8,72.0
2000_11_BAL_TEN,TEN,8,64.0
2000_11_CHI_BUF,BUF,3,15.0
2000_11_CHI_BUF,CHI,3,20.0
2000_11_CIN_DAL,CIN,7,94.0
2000_11_CIN_DAL,DAL,13,100.0
2000_11_GB_TB,GB,4,35.0
2000_11_GB_TB,TB,6,37.0
2000_11_KC_SF,KC,7,50.0
2000_11_KC_SF,SF,6,53.0
2000_11_MIA_SD,LAC,8,88.0
2000_11_MIA_SD,MIA,8,60.0
2000_11_NE_CLE,CLE,4,25.0
2000_11_NE_CLE,NE,5,40.0
2000_11_NO_CAR,CAR,3,22.0
2000_11_NO_CAR,NO,8,99.0
2000_11_NYJ_IND,IND,4,64.0
2000_11_NYJ_IND,NYJ,6,65.0
2000_11_OAK_DEN,DEN,5,45.0
2000_11_OAK_DEN,LV,9,54.0
2000_11_PHI_PIT,PHI,9,61.0
2000_11_PHI_PIT,PIT,13,141.0
2000_11_SEA_JAX,JAX,7,55.0
2000_11_SEA_JAX,SEA,5,50.0
2000_11_STL_NYG,LA,2,10.0
2000_11_STL_NYG,NYG,7,49.0
2000_12_ARI_PHI,ARI,9,114.0
2000_12_ARI_PHI,PHI,5,35.0
2000_12_ATL_SF,ATL,6,40.0
2000_12_ATL_SF,SF,9,85.0
2000_12_BUF_KC,BUF,6,45.0
2000_12_BUF_KC,KC,7,57.0
2000_12_CAR_MIN,CAR,5,30.0
2000_12_CAR_MIN,MIN,8,53.0
2000_12_CIN_NE,CIN,8,75.0
2000_12_CIN_NE,NE,9,69.0
2000_12_CLE_TEN,CLE,7,61.0
2000_12_CLE_TEN,TEN,5,45.0
2000_12_DAL_BAL,BAL,6,55.0
2000_12_DAL_BAL,DAL,3,15.0
2000_12_DET_NYG,DET,6,55.0
2000_12_DET_NYG,NYG,10,103.0
2000_12_IND_GB,GB,7,46.0
2000_12_IND_GB,IND,5,69.0
2000_12_JAX_PIT,JAX,8,55.0
2000_12_JAX_PIT,PIT,4,30.0
2000_12_NYJ_MIA,MIA,10,88.0
2000_12_NYJ_MIA,NYJ,4,29.0
2000_12_OAK_NO,LV,5,32.0
2000_12_OAK_NO,NO,12,93.0
2000_12_SD_DEN,DEN,7,63.0
2000_12_SD_DEN,LAC,9,62.0
2000_12_TB_CHI,CHI,4,25.0
2000_12_TB_CHI,TB,1,8.0
2000_12_WAS_STL,LA,8,52.0
2000_12_WAS_STL,WAS,9,67.0
2000_13_ATL_OAK,ATL,10,55.0
2000_13_ATL_OAK,LV,12,108.0
2000_13_BUF_TB,BUF,8,70.0
2000_13_BUF_TB,TB,7,71.0
2000_13_CHI_NYJ,CHI,5,29.0
2000_13_CHI_NYJ,NYJ,4,35.0
2000_13_CLE_BAL,BAL,3,25.0
2000_13_CLE_BAL,CLE,3,11.0
2000_13_DEN_SEA,DEN,5,53.0
2000_13_DEN_SEA,SEA,5,43.0
2000_13_GB_CAR,CAR,2,25.0
2000_13_GB_CAR,GB,6,55.0
2000_13_KC_SD,KC,11,90.0
2000_13_KC_SD,LAC,5,43.0
2000_13_MIA_IND,IND,10,78.0
2000_13_MIA_IND,MIA,4,30.0
2000_13_MIN_DAL,DAL,5,45.0
2000_13_MIN_DAL,MIN,4,21.0
2000_13_NE_DET,DET,10,99.0
2000_13_NE_DET,NE,9,81.0
2000_13_NO_STL,LA,14,132.0
2000_13_NO_STL,NO,17,116.0
2000_13_NYG_ARI,ARI,12,99.0
2000_13_NYG_ARI,NYG,4,45.0
2000_13_PHI_WAS,PHI,11,98.0
2000_13_PHI_WAS,WAS,6,46.0
2000_13_PIT_CIN,CIN,3,15.0
2000_13_PIT_CIN,PIT,4,35.0
2000_13_TEN_JAX,JAX,4,25.0
2000_13_TEN_JAX,TEN,4,40.0
2000_14_ARI_CIN,ARI,6,39.0
2000_14_ARI_CIN,CIN,5,47.0
2000_14_CLE_JAX,CLE,9,85.0
2000_14_CLE_JAX,JAX,9,59.0
2000_14_DAL_TB,DAL,7,58.0
2000_14_DAL_TB,TB,6,35.0
2000_14_DEN_NO,DEN,4,21.0
2000_14_DEN_NO,NO,6,45.0
2000_14_DET_MIN,DET,5,35.0
2000_14_DET_MIN,MIN,6,59.0
2000_14_GB_CHI,CHI,5,41.0
2000_14_GB_CHI,GB,5,42.0
2000_14_IND_NYJ,IND,2,20.0
2000_14_IND_NYJ,NYJ,4,54.0
2000_14_KC_NE,KC,7,40.0
2000_14_KC_NE,NE,5,65.0
2000_14_MIA_BUF,BUF,4,30.0
2000_14_MIA_BUF,MIA,10,86.0
2000_14_NYG_WAS,NYG,3,20.0
2000_14_NYG_WAS,WAS,4,35.0
2000_14_OAK_PIT,LV,3,31.0
2000_14_OAK_PIT,PIT,3,15.0
2000_14_SEA_ATL,ATL,4,25.0
2000_14_SEA_ATL,SEA,5,35.0
2000_14_SF_SD,LAC,8,68.0
2000_14_SF_SD,SF,8,60.0
2000_14_STL_CAR,CAR,1,10.0
2000_14_STL_CAR,LA,9,72.0
2000_14_TEN_PHI,PHI,6,34.0
2000_14_TEN_PHI,TEN,1,5.0
2000_15_ARI_JAX,ARI,4,53.0
2000_15_ARI_JAX,JAX,2,15.0
2000_15_BUF_IND,BUF,10,106.0
2000_15_BUF_IND,IND,7,67.0
2000_15_CAR_KC,CAR,5,47.0
2000_15_CAR_KC,KC,5,35.0
2000_15_CIN_TEN,CIN,4,34.0
2000_15_CIN_TEN,TEN,7,39.0
2000_15_DET_GB,DET,3,30.0
2000_15_DET_GB,GB,2,11.0
2000_15_MIN_STL,LA,7,43.0
2000_15_MIN_STL,MIN,7,60.0
2000_15_NE_CHI,CHI,3,35.0
2000_15_NE_CHI,NE,7,60.0
2000_15_NO_SF,NO,1,5.0
2000_15_NO_SF,SF,2,15.0
2000_15_NYJ_OAK,LV,7,60.0
2000_15_NYJ_OAK,NYJ,6,27.0
2000_15_PHI_CLE,CLE,6,55.0
2000_15_PHI_CLE,PHI,4,21.0
2000_15_PIT_NYG,NYG,6,91.0
2000_15_PIT_NYG,PIT,5,42.0
2000_15_SD_BAL,BAL,3,15.0
2000_15_SD_BAL,LAC,4,20.0
2000_15_SEA_DEN,DEN,2,15.0
2000_15_SEA_DEN,SEA,4,38.0
2000_15_TB_MIA,MIA,6,46.0
2000_15_TB_MIA,TB,7,63.0
2000_15_WAS_DAL,DAL,6,35.0
2000_15_WAS_DAL,WAS,11,121.0
2000_16_ATL_NO,ATL,5,33.0
2000_16_ATL_NO,NO,7,50.0
2000_16_BAL_ARI,ARI,3,15.0
2000_16_BAL_ARI,BAL,6,64.0
2000_16_CHI_SF,CHI,4,30.0
2000_16_CHI_SF,SF,9,80.0
2000_16_DEN_KC,DEN,7,51.0
2000_16_DEN_KC,KC,6,51.0
2000_16_DET_NYJ,DET,4,25.0
2000_16_DET_NYJ,NYJ,7,45.0
2000_16_GB_MIN,GB,3,25.0
2000_16_GB_MIN,MIN,8,67.0
2000_16_IND_MIA,IND,4,35.0
2000_16_IND_MIA,MIA,8,45.0
2000_16_JAX_CIN,CIN,6,40.0
2000_16_JAX_CIN,JAX,6,47.0
2000_16_NE_BUF,BUF,6,54.0
2000_16_NE_BUF,NE,9,75.0
2000_16_NYG_DAL,DAL,7,75.0
2000_16_NYG_DAL,NYG,7,79.0
2000_16_OAK_SEA,LV,7,45.0
2000_16_OAK_SEA,SEA,5,55.0
2000_16_SD_CAR,CAR,7,45.0
2000_16_SD_CAR,LAC,10,95.0
2000_16_STL_TB,LA,2,20.0
2000_16_STL_TB,TB,5,40.0
2000_16_TEN_CLE,CLE,7,66.0
2000_16_TEN_CLE,TEN,3,25.0
2000_16_WAS_PIT,PIT,6,40.0
2000_16_WAS_PIT,WAS,7,70.0
2000_17_ARI_WAS,ARI,7,50.0
2000_17_ARI_WAS,WAS,8,85.0
2000_17_BUF_SEA,BUF,2,10.0
2000_17_BUF_SEA,SEA,4,45.0
2000_17_CAR_OAK,CAR,5,70.0
2000_17_CAR_OAK,LV,7,60.0
2000_17_CHI_DET,CHI,5,28.0
2000_17_CHI_DET,DET,2,20.0
2000_17_CIN_PHI,CIN,6,39.0
2000_17_CIN_PHI,PHI,4,34.0
2000_17_DAL_TEN,DAL,7,51.0
2000_17_DAL_TEN,TEN,7,51.0
2000_17_JAX_NYG,JAX,3,25.0
2000_17_JAX_NYG,NYG,1,10.0
2000_17_KC_ATL,ATL,4,30.0
2000_17_KC_ATL,KC,5,25.0
2000_17_MIA_NE,MIA,5,25.0
2000_17_MIA_NE,NE,5,58.0
2000_17_MIN_IND,IND,3,20.0
2000_17_MIN_IND,MIN,6,53.0
2000_17_NYJ_BAL,BAL,5,32.0
2000_17_NYJ_BAL,NYJ,4,19.0
2000_17_PIT_SD,LAC,8,82.0
2000_17_PIT_SD,PIT,1,10.0
2000_17_SF_DEN,DEN,8,90.0
2000_17_SF_DEN,SF,11,110.0
2000_17_STL_NO,LA,6,65.0
2000_17_STL_NO,NO,7,48.0
2000_17_TB_GB,GB,6,43.0
2000_17_TB_GB,TB,4,54.0
2000_18_DEN_BAL,BAL,4,30.0
2000_18_DEN_BAL,DEN,6,33.0
2000_18_IND_MIA,IND,1,10.0
2000_18_IND_MIA,MIA,7,55.0
2000_18_STL_NO,LA,9,60.0
2000_18_STL_NO,NO,5,40.0
2000_18_TB_PHI,PHI,2,20.0
2000_18_TB_PHI,TB,7,62.0
2000_19_BAL_TEN,BAL,7,50.0
2000_19_BAL_TEN,TEN,6,55.0
2000_19_MIA_OAK,LV,6,40.0
2000_19_MIA_OAK,MIA,8,55.0
2000_19_NO_MIN,MIN,5,60.0
2000_19_NO_MIN,NO,7,40.0
2000_19_PHI_NYG,NYG,4,18.0
2000_19_PHI_NYG,PHI,6,50.0
2000_20_BAL_OAK,BAL,10,95.0
2000_20_BAL_OAK,LV,5,36.0
2000_20_MIN_NYG,MIN,5,61.0
2000_20_MIN_NYG,NYG,4,36.0
2000_21_BAL_NYG,BAL,9,70.0
2000_21_BAL_NYG,NYG,6,27.0
2001_01_ATL_SF,ATL,3,25.0
2001_01_ATL_SF,SF,6,60.0
2001_01_CAR_MIN,CAR,7,57.0
2001_01_CAR_MIN,MIN,7,40.0
2001_01_CHI_BAL,BAL,6,55.0
2001_01_CHI_BAL,CHI,5,56.0
2001_01_DET_GB,DET,4,57.0
2001_01_DET_GB,GB,4,35.0
2001_01_IND_NYJ,IND,2,10.0
2001_01_IND_NYJ,NYJ,3,30.0
2001_01_MIA_TEN,MIA,9,128.0
2001_01_MIA_TEN,TEN,12,77.0
2001_01_NE_CIN,CIN,3,20.0
2001_01_NE_CIN,NE,3,15.0
2001_01_NO_BUF,BUF,4,35.0
2001_01_NO_BUF,NO,4,35.0
2001_01_NYG_DEN,DEN,6,36.0
2001_01_NYG_DEN,NYG,7,35.0
2001_01_OAK_KC,KC,4,25.0
2001_01_OAK_KC,LV,10,106.0
2001_01_PIT_JAX,PIT,8,60.0
2001_01_SEA_CLE,CLE,4,43.0
2001_01_SEA_CLE,SEA,1,5.0
2001_01_STL_PHI,LA,7,45.0
2001_01_STL_PHI,PHI,2,20.0
2001_01_TB_DAL,DAL,4,32.0
2001_01_TB_DAL,TB,6,61.0
2001_01_WAS_SD,LAC,5,49.0
2001_01_WAS_SD,WAS,6,69.0
2001_02_BAL_CIN,BAL,7,45.0
2001_02_BAL_CIN,CIN,8,46.0
2001_02_BUF_IND,BUF,19,133.0
2001_02_BUF_IND,IND,8,59.0
2001_02_CAR_ATL,ATL,1,5.0
2001_02_CAR_ATL,CAR,7,54.0
2001_02_DEN_ARI,ARI,6,79.0
2001_02_DEN_ARI,DEN,4,32.0
2001_02_DET_CLE,CLE,9,50.0
2001_02_DET_CLE,DET,15,115.0
2001_02_MIN_CHI,CHI,7,78.0
2001_02_MIN_CHI,MIN,6,50.0
2001_02_NYG_KC,KC,2,10.0
2001_02_NYG_KC,NYG,2,15.0
2001_02_NYJ_NE,NE,9,85.0
2001_02_NYJ_NE,NYJ,6,49.0
2001_02_OAK_MIA,LV,3,25.0
2001_02_OAK_MIA,MIA,5,40.0
2001_02_PHI_SEA,PHI,5,30.0
2001_02_PHI_SEA,SEA,7,62.0
2001_02_SD_DAL,DAL,3,27.0
2001_02_SD_DAL,LAC,3,57.0
2001_02_STL_SF,LA,8,92.0
2001_02_STL_SF,SF,3,25.0
2001_02_TEN_JAX,TEN,9,85.0
2001_02_WAS_GB,GB,3,15.0
2001_02_WAS_GB,WAS,8,70.0
2001_03_ATL_ARI,ARI,3,30.0
2001_03_ATL_ARI,ATL,9,98.0
2001_03_BAL_DEN,BAL,7,74.0
2001_03_BAL_DEN,DEN,4,52.0
2001_03_CIN_SD,CIN,7,61.0
2001_03_CIN_SD,LAC,6,65.0
2001_03_CLE_JAX,CLE,13,110.0
2001_03_DAL_PHI,DAL,6,50.0
2001_03_DAL_PHI,PHI,10,81.0
2001_03_GB_CAR,CAR,3,35.0
2001_03_GB_CAR,GB,6,45.0
2001_03_IND_NE,IND,5,60.0
2001_03_IND_NE,NE,7,65.0
2001_03_KC_WAS,KC,7,78.0
2001_03_KC_WAS,WAS,4,25.0
2001_03_MIA_STL,LA,9,59.0
2001_03_MIA_STL,MIA,5,30.0
2001_03_NO_NYG,NO,14,92.0
2001_03_NO_NYG,NYG,11,100.0
2001_03_PIT_BUF,BUF,6,57.0
2001_03_PIT_BUF,PIT,12,125.0
2001_03_SEA_OAK,LV,12,89.0
2001_03_SEA_OAK,SEA,5,50.0
2001_03_SF_NYJ,NYJ,1,5.0
2001_03_SF_NYJ,SF,7,48.0
2001_03_TB_MIN,MIN,6,36.0
2001_03_TB_MIN,TB,3,25.0
2001_04_ARI_PHI,ARI,5,40.0
2001_04_ARI_PHI,PHI,8,58.0
2001_04_CAR_SF,CAR,8,95.0
2001_04_CAR_SF,SF,8,47.0
2001_04_CHI_ATL,ATL,6,55.0
2001_04_CHI_ATL,CHI,5,67.0
2001_04_CIN_PIT,CIN,6,35.0
2001_04_CIN_PIT,PIT,4,29.0
2001_04_DAL_OAK,DAL,4,29.0
2001_04_DAL_OAK,LV,8,70.0
2001_04_GB_TB,GB,4,26.0
2001_04_GB_TB,TB,7,60.0
2001_04_JAX_SEA,JAX,4,24.0
2001_04_JAX_SEA,SEA,7,60.0
2001_04_KC_DEN,DEN,8,53.0
2001_04_KC_DEN,KC,2,15.0
2001_04_MIN_NO,MIN,12,116.0
2001_04_MIN_NO,NO,8,65.0
2001_04_NE_MIA,MIA,11,86.0
2001_04_NE_MIA,NE,3,20.0
2001_04_NYJ_BUF,BUF,7,55.0
2001_04_NYJ_BUF,NYJ,6,56.0
2001_04_SD_CLE,CLE,6,40.0
2001_04_SD_CLE,LAC,6,30.0
2001_04_STL_DET,DET,8,68.0
2001_04_STL_DET,LA,3,15.0
2001_04_TEN_BAL,BAL,5,30.0
2001_04_TEN_BAL,TEN,9,107.0
2001_04_WAS_NYG,NYG,7,64.0
2001_04_WAS_NYG,WAS,7,53.0
2001_05_ARI_CHI,ARI,6,50.0
2001_05_ARI_CHI,CHI,5,45.0
2001_05_BAL_GB,BAL,10,85.0
2001_05_BAL_GB,GB,6,29.0
2001_05_CLE_CIN,CIN,10,74.0
2001_05_CLE_CIN,CLE,9,92.0
2001_05_DEN_SEA,DEN,12,148.0
2001_05_DEN_SEA,SEA,8,84.0
2001_05_DET_MIN,DET,8,90.0
2001_05_DET_MIN,MIN,8,70.0
2001_05_MIA_NYJ,MIA,6,72.0
2001_05_MIA_NYJ,NYJ,3,30.0
2001_05_NO_CAR,CAR,4,19.0
2001_05_NO_CAR,NO,6,55.0
2001_05_NYG_STL,LA,12,89.0
2001_05_NYG_STL,NYG,12,125.0
2001_05_OAK_IND,IND,7,38.0
2001_05_OAK_IND,LV,10,61.0
2001_05_PIT_KC,KC,2,10.0
2001_05_PIT_KC,PIT,8,67.0
2001_05_SD_NE,LAC,11,93.0
2001_05_SD_NE,NE,7,51.0
2001_05_SF_ATL,ATL,4,30.0
2001_05_SF_ATL,SF,8,70.0
2001_05_TB_TEN,TB,8,53.0
2001_05_TB_TEN,TEN,12,117.0
2001_05_WAS_DAL,DAL,3,22.0
2001_05_WAS_DAL,WAS,7,60.0
2001_06_ATL_NO,ATL,5,34.0
2001_06_ATL_NO,NO,3,25.0
2001_06_BAL_CLE,BAL,6,49.0
2001_06_BAL_CLE,CLE,12,78.0
2001_06_BUF_JAX,BUF,8,66.0
2001_06_CAR_WAS,CAR,7,51.0
2001_06_CAR_WAS,WAS,5,50.0
2001_06_CHI_CIN,CHI,2,25.0
2001_06_CHI_CIN,CIN,2,20.0
2001_06_DEN_SD,DEN,8,61.0
2001_06_DEN_SD,LAC,5,34.0
2001_06_GB_MIN,GB,5,48.0
2001_06_GB_MIN,MIN,7,54.0
2001_06_KC_ARI,ARI,6,50.0
2001_06_KC_ARI,KC,10,107.0
2001_06_NE_IND,IND,4,53.0
2001_06_NE_IND,NE,4,35.0
2001_06_PHI_NYG,NYG,3,31.0
2001_06_PHI_NYG,PHI,7,35.0
2001_06_PIT_TB,PIT,1,5.0
2001_06_PIT_TB,TB,1,10.0
2001_06_STL_NYJ,LA,4,33.0
2001_06_STL_NYJ,NYJ,10,66.0
2001_06_TEN_DET,DET,8,77.0
2001_06_TEN_DET,TEN,5,45.0
2001_07_ARI_DAL,ARI,5,72.0
2001_07_ARI_DAL,DAL,5,37.0
2001_07_BUF_SD,BUF,9,68.0
2001_07_BUF_SD,LAC,7,62.0
2001_07_CIN_DET,CIN,5,50.0
2001_07_CIN_DET,DET,9,96.0
2001_07_IND_KC,IND,7,54.0
2001_07_IND_KC,KC,2,10.0
2001_07_JAX_BAL,BAL,4,34.0
2001_07_JAX_BAL,JAX,10,70.0
2001_07_MIA_SEA,MIA,9,57.0
2001_07_MIA_SEA,SEA,5,40.0
2001_07_MIN_TB,MIN,5,40.0
2001_07_MIN_TB,TB,5,56.0
2001_07_NE_DEN,DEN,6,66.0
2001_07_NE_DEN,NE,7,53.0
2001_07_NO_STL,LA,8,58.0
2001_07_NO_STL,NO,7,81.0
2001_07_NYG_WAS,NYG,5,43.0
2001_07_NYG_WAS,WAS,11,76.0
2001_07_NYJ_CAR,CAR,5,55.0
2001_07_NYJ_CAR,NYJ,3,15.0
2001_07_OAK_PHI,LV,7,65.0
2001_07_OAK_PHI,PHI,5,31.0
2001_07_SF_CHI,CHI,3,17.0
2001_07_SF_CHI,SF,8,78.0
2001_07_TEN_PIT,PIT,4,20.0
2001_07_TEN_PIT,TEN,4,41.0
2001_08_BAL_PIT,BAL,4,25.0
2001_08_BAL_PIT,PIT,2,25.0
2001_08_CAR_MIA,CAR,5,44.0
2001_08_CAR_MIA,MIA,5,45.0
2001_08_CLE_CHI,CHI,6,55.0
2001_08_CLE_CHI,CLE,9,80.0
2001_08_DAL_NYG,DAL,5,40.0
2001_08_DAL_NYG,NYG,4,43.0
2001_08_DEN_OAK,DEN,7,71.0
2001_08_DEN_OAK,LV,11,93.0
2001_08_DET_SF,DET,8,62.0
2001_08_DET_SF,SF,6,83.0
2001_08_IND_BUF,BUF,4,20.0
2001_08_IND_BUF,IND,3,35.0
2001_08_JAX_TEN,JAX,3,14.0
2001_08_JAX_TEN,TEN,8,48.0
2001_08_KC_SD,KC,6,61.0
2001_08_KC_SD,LAC,4,20.0
2001_08_NE_ATL,ATL,7,55.0
2001_08_NE_ATL,NE,7,60.0
2001_08_NYJ_NO,NO,8,65.0
2001_08_NYJ_NO,NYJ,6,56.0
2001_08_PHI_ARI,ARI,1,9.0
2001_08_PHI_ARI,PHI,11,92.0
2001_08_SEA_WAS,SEA,1,16.0
2001_08_SEA_WAS,WAS,6,45.0
2001_08_TB_GB,GB,7,67.0
2001_08_TB_GB,TB,9,66.0
2001_09_BAL_TEN,BAL,6,60.0
2001_09_BAL_TEN,TEN,7,72.0
2001_09_BUF_NE,BUF,9,75.0
2001_09_BUF_NE,NE,7,75.0
2001_09_CAR_STL,CAR,4,38.0
2001_09_CAR_STL,LA,7,48.0
2001_09_CIN_JAX,CIN,15,101.0
2001_09_DAL_ATL,ATL,2,10.0
2001_09_DAL_ATL,DAL,4,41.0
2001_09_GB_CHI,CHI,1,15.0
2001_09_GB_CHI,GB,7,50.0
2001_09_KC_NYJ,KC,3,25.0
2001_09_MIA_IND,IND,5,25.0
2001_09_MIA_IND,MIA,9,65.0
2001_09_MIN_PHI,MIN,7,51.0
2001_09_MIN_PHI,PHI,2,8.0
2001_09_NO_SF,NO,8,65.0
2001_09_NO_SF,SF,5,55.0
2001_09_NYG_ARI,ARI,4,24.0
2001_09_NYG_ARI,NYG,4,36.0
2001_09_OAK_SEA,LV,5,25.0
2001_09_OAK_SEA,SEA,3,20.0
2001_09_PIT_CLE,CLE,5,45.0
2001_09_PIT_CLE,PIT,2,30.0
2001_09_SD_DEN,DEN,4,20.0
2001_09_SD_DEN,LAC,3,16.0
2001_09_TB_DET,DET,4,30.0
2001_09_TB_DET,TB,5,44.0
2001_10_ATL_GB,ATL,9,70.0
2001_10_ATL_GB,GB,3,25.0
2001_10_CHI_TB,CHI,7,75.0
2001_10_CHI_TB,TB,3,39.0
2001_10_CLE_BAL,BAL,7,47.0
2001_10_CLE_BAL,CLE,7,50.0
2001_10_DET_ARI,ARI,5,59.0
2001_10_DET_ARI,DET,6,69.0
2001_10_IND_NO,IND,6,77.0
2001_10_IND_NO,NO,6,51.0
2001_10_JAX_PIT,JAX,7,35.0
2001_10_JAX_PIT,PIT,9,65.0
2001_10_NYG_MIN,MIN,9,75.0
2001_10_NYG_MIN,NYG,15,150.0
2001_10_NYJ_MIA,MIA,4,21.0
2001_10_NYJ_MIA,NYJ,1,10.0
2001_10_PHI_DAL,DAL,10,81.0
2001_10_PHI_DAL,PHI,3,22.0
2001_10_SD_OAK,LAC,5,47.0
2001_10_SD_OAK,LV,2,25.0
2001_10_SEA_BUF,BUF,4,23.0
2001_10_SEA_BUF,SEA,7,57.0
2001_10_SF_CAR,CAR,8,60.0
2001_10_SF_CAR,SF,10,70.0
2001_10_STL_NE,LA,5,36.0
2001_10_STL_NE,NE,3,15.0
2001_10_TEN_CIN,CIN,8,70.0
2001_10_TEN_CIN,TEN,11,93.0
2001_10_WAS_DEN,DEN,7,57.0
2001_10_WAS_DEN,WAS,7,54.0
2001_11_ARI_SD,ARI,3,26.0
2001_11_ARI_SD,LAC,6,55.0
2001_11_ATL_CAR,ATL,4,30.0
2001_11_ATL_CAR,CAR,6,30.0
2001_11_BAL_JAX,BAL,15,97.0
2001_11_CHI_MIN,CHI,2,15.0
2001_11_CHI_MIN,MIN,11,75.0
2001_11_CIN_CLE,CIN,5,26.0
2001_11_CIN_CLE,CLE,2,25.0
2001_11_DEN_DAL,DAL,5,34.0
2001_11_DEN_DAL,DEN,6,65.0
2001_11_GB_DET,DET,11,117.0
2001_11_GB_DET,GB,8,63.0
2001_11_MIA_BUF,BUF,10,71.0
2001_11_MIA_BUF,MIA,8,62.0
2001_11_NO_NE,NE,6,64.0
2001_11_NO_NE,NO,5,86.0
2001_11_OAK_NYG,LV,4,30.0
2001_11_OAK_NYG,NYG,5,40.0
2001_11_PIT_TEN,PIT,6,62.0
2001_11_PIT_TEN,TEN,6,45.0
2001_11_SEA_KC,KC,3,20.0
2001_11_SEA_KC,SEA,4,35.0
2001_11_SF_IND,IND,7,80.0
2001_11_SF_IND,SF,8,58.0
2001_11_TB_STL,LA,5,41.0
2001_11_TB_STL,TB,5,36.0
2001_11_WAS_PHI,PHI,7,52.0
2001_11_WAS_PHI,WAS,5,41.0
2001_12_ARI_OAK,ARI,4,30.0
2001_12_ARI_OAK,LV,8,76.0
2001_12_BUF_SF,BUF,7,47.0
2001_12_BUF_SF,SF,1,10.0
2001_12_CAR_NO,CAR,3,21.0
2001_12_CAR_NO,NO,10,85.0
2001_12_DAL_WAS,DAL,7,45.0
2001_12_DAL_WAS,WAS,5,36.0
2001_12_DEN_MIA,DEN,5,39.0
2001_12_DEN_MIA,MIA,7,70.0
2001_12_DET_CHI,CHI,5,56.0
2001_12_DET_CHI,DET,10,79.0
2001_12_GB_JAX,GB,22,192.0
2001_12_IND_BAL,BAL,5,30.0
2001_12_IND_BAL,IND,6,83.0
2001_12_MIN_PIT,MIN,5,36.0
2001_12_MIN_PIT,PIT,3,30.0
2001_12_NE_NYJ,NE,4,28.0
2001_12_NE_NYJ,NYJ,2,5.0
2001_12_PHI_KC,KC,3,43.0
2001_12_PHI_KC,PHI,5,35.0
2001_12_SD_SEA,LAC,7,46.0
2001_12_SD_SEA,SEA,3,24.0
2001_12_STL_ATL,ATL,7,61.0
2001_12_STL_ATL,LA,12,107.0
2001_12_TB_CIN,CIN,8,47.0
2001_12_TB_CIN,TB,7,52.0
2001_12_TEN_CLE,CLE,7,52.0
2001_12_TEN_CLE,TEN,9,72.0
2001_13_CAR_BUF,BUF,9,125.0
2001_13_CAR_BUF,CAR,5,40.0
2001_13_CHI_GB,CHI,2,15.0
2001_13_CHI_GB,GB,4,39.0
2001_13_CLE_NE,CLE,2,21.0
2001_13_CLE_NE,NE,5,31.0
2001_13_DET_TB,DET,4,28.0
2001_13_DET_TB,TB,4,59.0
2001_13_IND_MIA,IND,2,25.0
2001_13_IND_MIA,MIA,4,40.0
2001_13_JAX_CIN,CIN,7,54.0
2001_13_JAX_CIN,JAX,7,40.0
2001_13_KC_OAK,KC,6,50.0
2001_13_KC_OAK,LV,5,34.0
2001_13_NO_ATL,ATL,10,83.0
2001_13_NO_ATL,NO,9,62.0
2001_13_NYG_DAL,DAL,6,45.0
2001_13_NYG_DAL,NYG,2,15.0
2001_13_NYJ_PIT,NYJ,3,30.0
2001_13_NYJ_PIT,PIT,4,40.0
2001_13_SD_PHI,LAC,7,67.0
2001_13_SD_PHI,PHI,4,30.0
2001_13_SEA_DEN,DEN,6,45.0
2001_13_SEA_DEN,SEA,5,62.0
2001_13_SF_STL,LA,7,48.0
2001_13_SF_STL,SF,5,30.0
2001_13_TEN_MIN,MIN,5,35.0
2001_13_TEN_MIN,TEN,3,20.0
2001_13_WAS_ARI,ARI,8,49.0
2001_13_WAS_ARI,WAS,13,99.0
2001_14_ARI_NYG,ARI,5,40.0
2001_14_ARI_NYG,NYG,2,10.0
2001_14_ATL_IND,ATL,7,83.0
2001_14_ATL_IND,IND,5,63.0
2001_14_CIN_NYJ,CIN,6,65.0
2001_14_CIN_NYJ,NYJ,7,55.0
2001_14_DAL_SEA,DAL,6,70.0
2001_14_DEN_KC,DEN,8,146.0
2001_14_DEN_KC,KC,9,68.0
2001_14_GB_TEN,GB,4,30.0
2001_14_GB_TEN,TEN,3,24.0
2001_14_JAX_CLE,CLE,5,72.0
2001_14_JAX_CLE,JAX,9,85.0
2001_14_MIA_SF,MIA,4,27.0
2001_14_MIA_SF,SF,2,10.0
2001_14_MIN_DET,DET,13,123.0
2001_14_MIN_DET,MIN,6,40.0
2001_14_NE_BUF,BUF,4,30.0
2001_14_NE_BUF,NE,7,60.0
2001_14_OAK_SD,LAC,5,25.0
2001_14_OAK_SD,LV,5,35.0
2001_14_PHI_WAS,PHI,6,45.0
2001_14_PHI_WAS,WAS,7,58.0
2001_14_PIT_BAL,BAL,3,35.0
2001_14_PIT_BAL,PIT,7,70.0
2001_14_STL_NO,LA,11,85.0
2001_14_STL_NO,NO,16,132.0
2001_14_TB_CHI,CHI,3,15.0
2001_14_TB_CHI,TB,5,36.0
2001_15_BUF_ATL,ATL,5,43.0
2001_15_BUF_ATL,BUF,12,95.0
2001_15_CHI_WAS,CHI,1,6.0
2001_15_CHI_WAS,WAS,6,38.0
2001_15_CIN_BAL,BAL,3,40.0
2001_15_CIN_BAL,CIN,6,40.0
2001_15_CLE_GB,CLE,3,35.0
2001_15_CLE_GB,GB,1,5.0
2001_15_DAL_ARI,ARI,5,27.0
2001_15_DAL_ARI,DAL,9,65.0
2001_15_DET_PIT,DET,2,15.0
2001_15_DET_PIT,PIT,6,60.0
2001_15_JAX_MIN,JAX,3,34.0
2001_15_JAX_MIN,MIN,3,33.0
2001_15_MIA_NE,MIA,9,67.0
2001_15_MIA_NE,NE,7,75.0
2001_15_NO_TB,NO,3,23.0
2001_15_NO_TB,TB,5,40.0
2001_15_NYJ_IND,IND,2,10.0
2001_15_NYJ_IND,NYJ,2,15.0
2001_15_PHI_SF,PHI,11,109.0
2001_15_PHI_SF,SF,3,15.0
2001_15_SD_KC,KC,2,10.0
2001_15_SD_KC,LAC,7,47.0
2001_15_SEA_NYG,NYG,6,61.0
2001_15_SEA_NYG,SEA,2,10.0
2001_15_STL_CAR,CAR,4,30.0
2001_15_STL_CAR,LA,4,33.0
2001_15_TEN_OAK,LV,4,66.0
2001_15_TEN_OAK,TEN,7,54.0
2001_16_ARI_CAR,ARI,5,30.0
2001_16_ARI_CAR,CAR,7,81.0
2001_16_ATL_MIA,ATL,5,37.0
2001_16_ATL_MIA,MIA,5,48.0
2001_16_BAL_TB,BAL,8,65.0
2001_16_BAL_TB,TB,3,25.0
2001_16_BUF_NYJ,BUF,9,53.0
2001_16_BUF_NYJ,NYJ,3,25.0
2001_16_CHI_DET,CHI,7,68.0
2001_16_CHI_DET,DET,5,50.0
2001_16_CLE_TEN,CLE,3,25.0
2001_16_CLE_TEN,TEN,6,50.0
2001_16_IND_STL,IND,4,38.0
2001_16_IND_STL,LA,4,48.0
2001_16_KC_JAX,KC,10,99.0
2001_16_MIN_GB,GB,6,60.0
2001_16_MIN_GB,MIN,8,43.0
2001_16_NYG_PHI,NYG,6,73.0
2001_16_NYG_PHI,PHI,3,25.0
2001_16_OAK_DEN,DEN,2,11.0
2001_16_OAK_DEN,LV,8,62.0
2001_16_PIT_CIN,CIN,7,65.0
2001_16_PIT_CIN,PIT,7,38.0
2001_16_SEA_SD,LAC,10,64.0
2001_16_SEA_SD,SEA,4,24.0
2001_16_SF_DAL,DAL,5,27.0
2001_16_SF_DAL,SF,2,10.0
2001_16_WAS_NO,NO,8,75.0
2001_16_WAS_NO,WAS,4,34.0
2001_17_ARI_WAS,ARI,1,5.0
2001_17_ARI_WAS,WAS,3,20.0
2001_17_ATL_STL,ATL,6,35.0
2001_17_ATL_STL,LA,1,10.0
2001_17_BUF_MIA,BUF,5,36.0
2001_17_BUF_MIA,MIA,7,56.0
2001_17_CIN_TEN,CIN,5,90.0
2001_17_CIN_TEN,TEN,11,95.0
2001_17_CLE_PIT,CLE,6,70.0
2001_17_CLE_PIT,PIT,7,42.0
2001_17_DAL_DET,DAL,9,99.0
2001_17_DAL_DET,DET,1,5.0
2001_17_DEN_IND,DEN,2,15.0
2001_17_DEN_IND,IND,3,20.0
2001_17_GB_NYG,GB,3,15.0
2001_17_GB_NYG,NYG,6,64.0
2001_17_JAX_CHI,CHI,3,14.0
2001_17_JAX_CHI,JAX,3,14.0
2001_17_KC_SEA,KC,2,15.0
2001_17_KC_SEA,SEA,4,30.0
2001_17_MIN_BAL,BAL,2,15.0
2001_17_MIN_BAL,MIN,4,42.0
2001_17_NE_CAR,CAR,4,37.0
2001_17_NE_CAR,NE,6,70.0
2001_17_NYJ_OAK,LV,5,35.0
2001_17_NYJ_OAK,NYJ,7,60.0
2001_17_PHI_TB,PHI,11,95.0
2001_17_PHI_TB,TB,1,10.0
2001_17_SF_NO,NO,3,23.0
2001_18_BAL_MIA,BAL,5,35.0
2001_18_BAL_MIA,MIA,6,36.0
2001_18_NYJ_OAK,LV,5,76.0
2001_18_SF_GB,GB,3,25.0
2001_18_SF_GB,SF,3,30.0
2001_18_TB_PHI,PHI,7,59.0
2001_18_TB_PHI,TB,4,28.0
2001_19_BAL_PIT,BAL,9,65.0
2001_19_BAL_PIT,PIT,5,50.0
2001_19_GB_STL,GB,3,20.0
2001_19_GB_STL,LA,4,30.0
2001_19_OAK_NE,LV,4,20.0
2001_19_OAK_NE,NE,1,15.0
2001_19_PHI_CHI,CHI,1,5.0
2001_19_PHI_CHI,PHI,6,60.0
2001_20_NE_PIT,NE,12,87.0
2001_20_NE_PIT,PIT,3,25.0
2001_20_PHI_STL,LA,6,38.0
2001_20_PHI_STL,PHI,2,15.0
2001_21_STL_NE,LA,6,39.0
2001_21_STL_NE,NE,5,31.0
2002_01_ARI_WAS,ARI,1,5.0
2002_01_ARI_WAS,WAS,7,56.0
2002_01_ATL_GB,ATL,4,82.0
2002_01_ATL_GB,GB,3,15.0
2002_01_BAL_CAR,BAL,6,45.0
2002_01_BAL_CAR,CAR,6,35.0
2002_01_DAL_HOU,DAL,9,117.0
2002_01_DAL_HOU,HOU,11,80.0
2002_01_DET_MIA,DET,6,68.0
2002_01_DET_MIA,MIA,4,54.0
2002_01_IND_JAX,IND,7,54.0
2002_01_KC_CLE,CLE,4,38.0
2002_01_KC_CLE,KC,9,87.0
2002_01_MIN_CHI,CHI,4,33.0
2002_01_MIN_CHI,MIN,8,52.0
2002_01_NO_TB,NO,5,45.0
2002_01_NO_TB,TB,8,85.0
2002_01_NYJ_BUF,BUF,10,82.0
2002_01_NYJ_BUF,NYJ,10,90.0
2002_01_PHI_TEN,PHI,10,113.0
2002_01_PHI_TEN,TEN,6,50.0
2002_01_PIT_NE,NE,7,88.0
2002_01_PIT_NE,PIT,13,112.0
2002_01_SD_CIN,CIN,9,57.0
2002_01_SD_CIN,LAC,4,39.0
2002_01_SEA_OAK,LV,5,45.0
2002_01_SEA_OAK,SEA,13,105.0
2002_01_SF_NYG,NYG,10,80.0
2002_01_SF_NYG,SF,5,29.0
2002_01_STL_DEN,DEN,3,31.0
2002_01_STL_DEN,LA,6,44.0
2002_02_ARI_SEA,ARI,7,42.0
2002_02_ARI_SEA,SEA,7,35.0
2002_02_BUF_MIN,BUF,6,65.0
2002_02_BUF_MIN,MIN,8,65.0
2002_02_CHI_ATL,ATL,5,40.0
2002_02_CHI_ATL,CHI,7,79.0
2002_02_CIN_CLE,CIN,3,30.0
2002_02_CIN_CLE,CLE,12,87.0
2002_02_DEN_SF,DEN,3,30.0
2002_02_DEN_SF,SF,10,114.0
2002_02_DET_CAR,CAR,4,55.0
2002_02_DET_CAR,DET,11,100.0
2002_02_GB_NO,GB,7,73.0
2002_02_GB_NO,NO,9,59.0
2002_02_HOU_SD,HOU,12,73.0
2002_02_HOU_SD,LAC,4,35.0
2002_02_JAX_KC,JAX,5,45.0
2002_02_JAX_KC,KC,5,48.0
2002_02_MIA_IND,IND,5,35.0
2002_02_MIA_IND,MIA,11,68.0
2002_02_NE_NYJ,NE,3,36.0
2002_02_NE_NYJ,NYJ,7,55.0
2002_02_NYG_STL,LA,8,40.0
2002_02_NYG_STL,NYG,4,30.0
2002_02_OAK_PIT,LV,7,69.0
2002_02_OAK_PIT,PIT,6,57.0
2002_02_PHI_WAS,PHI,4,30.0
2002_02_PHI_WAS,WAS,7,55.0
2002_02_TB_BAL,BAL,3,25.0
2002_02_TB_BAL,TB,10,74.0
2002_02_TEN_DAL,DAL,2,15.0
2002_02_TEN_DAL,TEN,5,40.0
2002_03_BUF_DEN,BUF,10,82.0
2002_03_BUF_DEN,DEN,9,64.0
2002_03_CAR_MIN,CAR,6,41.0
2002_03_CAR_MIN,MIN,6,55.0
2002_03_CIN_ATL,ATL,7,70.0
2002_03_CIN_ATL,CIN,8,72.0
2002_03_CLE_TEN,CLE,7,57.0
2002_03_CLE_TEN,TEN,14,96.0
2002_03_DAL_PHI,DAL,7,92.0
2002_03_DAL_PHI,PHI,3,25.0
2002_03_GB_DET,DET,4,24.0
2002_03_GB_DET,GB,12,88.0
2002_03_IND_HOU,HOU,9,67.0
2002_03_IND_HOU,IND,4,45.0
2002_03_KC_NE,KC,1,5.0
2002_03_KC_NE,NE,12,100.0
2002_03_NO_CHI,CHI,7,49.0
2002_03_NO_CHI,NO,10,91.0
2002_03_NYJ_MIA,MIA,7,55.0
2002_03_NYJ_MIA,NYJ,7,55.0
2002_03_SD_ARI,ARI,2,25.0
2002_03_SD_ARI,LAC,8,80.0
2002_03_SEA_NYG,NYG,3,24.0
2002_03_SEA_NYG,SEA,6,37.0
2002_03_STL_TB,LA,5,33.0
2002_03_STL_TB,TB,8,50.0
2002_03_WAS_SF,SF,5,50.0
2002_03_WAS_SF,WAS,4,35.0
2002_04_CAR_GB,CAR,7,77.0
2002_04_CAR_GB,GB,10,83.0
2002_04_CHI_BUF,BUF,9,82.0
2002_04_CHI_BUF,CHI,5,55.0
2002_04_CLE_PIT,CLE,7,50.0
2002_04_CLE_PIT,PIT,7,45.0
2002_04_DAL_STL,DAL,8,60.0
2002_04_DAL_STL,LA,8,65.0
2002_04_DEN_BAL,BAL,9,62.0
2002_04_DEN_BAL,DEN,8,84.0
2002_04_HOU_PHI,HOU,11,83.0
2002_04_HOU_PHI,PHI,4,32.0
2002_04_MIA_KC,KC,10,71.0
2002_04_MIA_KC,MIA,9,86.0
2002_04_MIN_SEA,MIN,8,58.0
2002_04_MIN_SEA,SEA,4,35.0
2002_04_NE_SD,LAC,2,20.0
2002_04_NE_SD,NE,6,45.0
2002_04_NO_DET,DET,5,44.0
2002_04_NO_DET,NO,6,38.0
2002_04_NYG_ARI,ARI,5,35.0
2002_04_NYG_ARI,NYG,10,110.0
2002_04_NYJ_JAX,NYJ,7,40.0
2002_04_TB_CIN,CIN,4,30.0
2002_04_TB_CIN,TB,7,65.0
2002_04_TEN_OAK,LV,10,117.0
2002_04_TEN_OAK,TEN,11,77.0
2002_05_ARI_CAR,ARI,6,62.0
2002_05_ARI_CAR,CAR,6,45.0
2002_05_BAL_CLE,BAL,7,65.0
2002_05_BAL_CLE,CLE,9,117.0
2002_05_CIN_IND,CIN,6,63.0
2002_05_CIN_IND,IND,5,71.0
2002_05_GB_CHI,CHI,7,65.0
2002_05_GB_CHI,GB,5,49.0
2002_05_KC_NYJ,KC,7,65.0
2002_05_KC_NYJ,NYJ,4,25.0
2002_05_NE_MIA,MIA,5,35.0
2002_05_NE_MIA,NE,6,49.0
2002_05_NYG_DAL,DAL,5,37.0
2002_05_NYG_DAL,NYG,6,48.0
2002_05_OAK_BUF,BUF,7,43.0
2002_05_OAK_BUF,LV,10,120.0
2002_05_PHI_JAX,PHI,14,96.0
2002_05_PIT_NO,NO,6,35.0
2002_05_PIT_NO,PIT,7,80.0
2002_05_SD_DEN,DEN,6,50.0
2002_05_SD_DEN,LAC,5,41.0
2002_05_STL_SF,LA,4,40.0
2002_05_STL_SF,SF,4,27.0
2002_05_TB_ATL,ATL,6,41.0
2002_05_TB_ATL,TB,6,35.0
2002_05_WAS_TEN,TEN,7,46.0
2002_05_WAS_TEN,WAS,7,46.0
2002_06_ATL_NYG,ATL,3,20.0
2002_06_ATL_NYG,NYG,6,35.0
2002_06_BAL_IND,BAL,5,52.0
2002_06_BAL_IND,IND,9,70.0
2002_06_BUF_HOU,BUF,13,128.0
2002_06_BUF_HOU,HOU,11,75.0
2002_06_CAR_DAL,CAR,14,106.0
2002_06_CAR_DAL,DAL,9,71.0
2002_06_CLE_TB,CLE,8,66.0
2002_06_CLE_TB,TB,5,45.0
2002_06_DET_MIN,DET,5,56.0
2002_06_DET_MIN,MIN,10,75.0
2002_06_GB_NE,GB,5,60.0
2002_06_GB_NE,NE,12,126.0
2002_06_JAX_TEN,JAX,4,22.0
2002_06_JAX_TEN,TEN,5,55.0
2002_06_KC_SD,KC,3,30.0
2002_06_KC_SD,LAC,4,35.0
2002_06_MIA_DEN,DEN,9,70.0
2002_06_MIA_DEN,MIA,8,42.0
2002_06_NO_WAS,NO,12,90.0
2002_06_NO_WAS,WAS,11,87.0
2002_06_OAK_STL,LA,11,82.0
2002_06_OAK_STL,LV,14,107.0
2002_06_PIT_CIN,CIN,4,30.0
2002_06_PIT_CIN,PIT,7,50.0
2002_06_SF_SEA,SEA,10,80.0
2002_06_SF_SEA,SF,8,51.0
2002_07_BUF_MIA,BUF,4,40.0
2002_07_BUF_MIA,MIA,6,56.0
2002_07_CAR_ATL,ATL,9,65.0
2002_07_CAR_ATL,CAR,6,40.0
2002_07_CHI_DET,CHI,5,40.0
2002_07_CHI_DET,DET,10,79.0
2002_07_DAL_ARI,ARI,2,15.0
2002_07_DAL_ARI,DAL,6,59.0
2002_07_DEN_KC,DEN,8,75.0
2002_07_DEN_KC,KC,5,50.0
2002_07_HOU_CLE,CLE,4,42.0
2002_07_HOU_CLE,HOU,6,54.0
2002_07_IND_PIT,IND,7,55.0
2002_07_IND_PIT,PIT,4,38.0
2002_07_JAX_BAL,BAL,4,30.0
2002_07_JAX_BAL,JAX,5,30.0
2002_07_MIN_NYJ,MIN,6,60.0
2002_07_MIN_NYJ,NYJ,4,45.0
2002_07_SD_OAK,LAC,10,97.0
2002_07_SD_OAK,LV,5,50.0
2002_07_SEA_STL,LA,6,35.0
2002_07_SEA_STL,SEA,2,15.0
2002_07_SF_NO,NO,4,35.0
2002_07_SF_NO,SF,5,42.0
2002_07_TB_PHI,PHI,8,56.0
2002_07_TB_PHI,TB,7,59.0
2002_07_WAS_GB,GB,11,95.0
2002_07_WAS_GB,WAS,10,93.0
2002_08_ARI_SF,ARI,7,65.0
2002_08_ARI_SF,SF,3,25.0
2002_08_ATL_NO,ATL,10,95.0
2002_08_ATL_NO,NO,9,96.0
2002_08_CHI_MIN,CHI,6,33.0
2002_08_CHI_MIN,MIN,11,65.0
2002_08_CLE_NYJ,CLE,7,45.0
2002_08_CLE_NYJ,NYJ,6,40.0
2002_08_DEN_NE,DEN,2,51.0
2002_08_DEN_NE,NE,8,83.0
2002_08_DET_BUF,BUF,6,51.0
2002_08_DET_BUF,DET,8,71.0
2002_08_HOU_JAX,HOU,14,110.0
2002_08_IND_WAS,IND,6,40.0
2002_08_IND_WAS,WAS,5,30.0
2002_08_NYG_PHI,NYG,9,75.0
2002_08_NYG_PHI,PHI,9,65.0
2002_08_OAK_KC,KC,4,33.0
2002_08_OAK_KC,LV,6,27.0
2002_08_PIT_BAL,BAL,13,100.0
2002_08_PIT_BAL,PIT,7,51.0
2002_08_SEA_DAL,DAL,5,55.0
2002_08_SEA_DAL,SEA,6,57.0
2002_08_TB_CAR,CAR,7,70.0
2002_08_TB_CAR,TB,4,26.0
2002_08_TEN_CIN,CIN,9,81.0
2002_08_TEN_CIN,TEN,7,40.0
2002_09_BAL_ATL,ATL,4,33.0
2002_09_BAL_ATL,BAL,7,62.0
2002_09_CIN_HOU,CIN,9,100.0
2002_09_CIN_HOU,HOU,8,60.0
2002_09_DAL_DET,DAL,7,70.0
2002_09_DAL_DET,DET,6,50.0
2002_09_JAX_NYG,JAX,8,63.0
2002_09_JAX_NYG,NYG,7,59.0
2002_09_MIA_GB,GB,9,71.0
2002_09_MIA_GB,MIA,6,55.0
2002_09_MIN_TB,MIN,12,83.0
2002_09_MIN_TB,TB,7,52.0
2002_09_NE_BUF,BUF,5,59.0
2002_09_NE_BUF,NE,8,59.0
2002_09_NYJ_SD,LAC,8,55.0
2002_09_NYJ_SD,NYJ,6,65.0
2002_09_PHI_CHI,CHI,12,121.0
2002_09_PHI_CHI,PHI,6,54.0
2002_09_PIT_CLE,CLE,11,85.0
2002_09_PIT_CLE,PIT,3,21.0
2002_09_SF_OAK,LV,6,44.0
2002_09_SF_OAK,SF,3,40.0
2002_09_STL_ARI,ARI,6,40.0
2002_09_STL_ARI,LA,9,80.0
2002_09_TEN_IND,IND,6,48.0
2002_09_TEN_IND,TEN,5,45.0
2002_09_WAS_SEA,SEA,5,52.0
2002_09_WAS_SEA,WAS,6,68.0
2002_10_ATL_PIT,ATL,11,95.0
2002_10_ATL_PIT,PIT,4,25.0
2002_10_CIN_BAL,BAL,1,5.0
2002_10_CIN_BAL,CIN,5,36.0
2002_10_DET_GB,DET,1,10.0
2002_10_DET_GB,GB,8,53.0
2002_10_HOU_TEN,HOU,5,47.0
2002_10_HOU_TEN,TEN,3,20.0
2002_10_IND_PHI,IND,3,25.0
2002_10_IND_PHI,PHI,3,25.0
2002_10_KC_SF,KC,4,37.0
2002_10_KC_SF,SF,3,15.0
2002_10_MIA_NYJ,MIA,6,30.0
2002_10_MIA_NYJ,NYJ,5,36.0
2002_10_NE_CHI,CHI,5,30.0
2002_10_NE_CHI,NE,6,65.0
2002_10_NO_CAR,CAR,7,57.0
2002_10_NO_CAR,NO,11,63.0
2002_10_NYG_MIN,MIN,10,84.0
2002_10_NYG_MIN,NYG,9,84.0
2002_10_OAK_DEN,DEN,3,15.0
2002_10_OAK_DEN,LV,5,35.0
2002_10_SD_STL,LA,10,85.0
2002_10_SD_STL,LAC,12,82.0
2002_10_SEA_ARI,ARI,3,20.0
2002_10_SEA_ARI,SEA,4,34.0
2002_10_WAS_JAX,WAS,14,104.0
2002_11_ARI_PHI,ARI,1,5.0
2002_11_ARI_PHI,PHI,8,88.0
2002_11_BAL_MIA,BAL,7,50.0
2002_11_BAL_MIA,MIA,3,34.0
2002_11_BUF_KC,BUF,13,139.0
2002_11_BUF_KC,KC,5,39.0
2002_11_CAR_TB,CAR,2,10.0
2002_11_CAR_TB,TB,5,34.0
2002_11_CHI_STL,CHI,5,50.0
2002_11_CHI_STL,LA,11,97.0
2002_11_CLE_CIN,CIN,4,32.0
2002_11_CLE_CIN,CLE,4,15.0
2002_11_DAL_IND,DAL,4,30.0
2002_11_DAL_IND,IND,7,35.0
2002_11_DEN_SEA,DEN,11,104.0
2002_11_DEN_SEA,SEA,6,56.0
2002_11_GB_MIN,GB,13,118.0
2002_11_GB_MIN,MIN,12,105.0
2002_11_JAX_HOU,HOU,5,40.0
2002_11_JAX_HOU,JAX,7,62.0
2002_11_NE_OAK,LV,12,115.0
2002_11_NE_OAK,NE,7,34.0
2002_11_NO_ATL,ATL,9,69.0
2002_11_NO_ATL,NO,16,133.0
2002_11_NYJ_DET,DET,5,47.0
2002_11_NYJ_DET,NYJ,4,45.0
2002_11_PIT_TEN,PIT,4,20.0
2002_11_PIT_TEN,TEN,5,36.0
2002_11_SF_SD,LAC,5,36.0
2002_11_SF_SD,SF,8,71.0
2002_11_WAS_NYG,NYG,8,75.0
2002_11_WAS_NYG,WAS,7,39.0
2002_12_ATL_CAR,ATL,6,65.0
2002_12_ATL_CAR,CAR,5,39.0
2002_12_BUF_NYJ,BUF,5,34.0
2002_12_BUF_NYJ,NYJ,1,5.0
2002_12_CIN_PIT,CIN,9,110.0
2002_12_CIN_PIT,PIT,5,40.0
2002_12_CLE_NO,CLE,4,31.0
2002_12_CLE_NO,NO,5,24.0
2002_12_DET_CHI,CHI,6,64.0
2002_12_DET_CHI,DET,7,50.0
2002_12_GB_TB,GB,7,62.0
2002_12_GB_TB,TB,6,54.0
2002_12_IND_DEN,DEN,9,58.0
2002_12_IND_DEN,IND,4,31.0
2002_12_JAX_DAL,DAL,10,75.0
2002_12_JAX_DAL,JAX,11,79.0
2002_12_KC_SEA,KC,4,70.0
2002_12_KC_SEA,SEA,5,52.0
2002_12_MIN_NE,MIN,8,74.0
2002_12_MIN_NE,NE,5,25.0
2002_12_NYG_HOU,HOU,8,68.0
2002_12_NYG_HOU,NYG,9,65.0
2002_12_OAK_ARI,ARI,5,35.0
2002_12_OAK_ARI,LV,13,105.0
2002_12_PHI_SF,PHI,5,41.0
2002_12_PHI_SF,SF,9,86.0
2002_12_SD_MIA,LAC,6,41.0
2002_12_SD_MIA,MIA,7,70.0
2002_12_STL_WAS,LA,8,65.0
2002_12_STL_WAS,WAS,4,40.0
2002_12_TEN_BAL,BAL,6,65.0
2002_12_TEN_BAL,TEN,9,69.0
2002_13_ARI_KC,ARI,6,50.0
2002_13_ARI_KC,KC,4,51.0
2002_13_ATL_MIN,ATL,5,34.0
2002_13_ATL_MIN,MIN,10,95.0
2002_13_BAL_CIN,BAL,8,79.0
2002_13_BAL_CIN,CIN,3,30.0
2002_13_CAR_CLE,CAR,3,25.0
2002_13_CAR_CLE,CLE,2,10.0
2002_13_CHI_GB,CHI,5,39.0
2002_13_CHI_GB,GB,2,33.0
2002_13_DEN_SD,DEN,9,57.0
2002_13_DEN_SD,LAC,1,5.0
2002_13_HOU_IND,HOU,14,92.0
2002_13_HOU_IND,IND,9,75.0
2002_13_MIA_BUF,BUF,7,56.0
2002_13_MIA_BUF,MIA,5,38.0
2002_13_NE_DET,DET,8,60.0
2002_13_NE_DET,NE,9,55.0
2002_13_NYJ_OAK,LV,10,83.0
2002_13_NYJ_OAK,NYJ,3,40.0
2002_13_PIT_JAX,PIT,4,25.0
2002_13_SEA_SF,SEA,6,55.0
2002_13_SEA_SF,SF,2,10.0
2002_13_STL_PHI,LA,5,35.0
2002_13_STL_PHI,PHI,9,65.0
2002_13_TB_NO,NO,6,57.0
2002_13_TB_NO,TB,5,40.0
2002_13_TEN_NYG,NYG,6,55.0
2002_13_TEN_NYG,TEN,12,121.0
2002_13_WAS_DAL,DAL,6,48.0
2002_13_WAS_DAL,WAS,6,56.0
2002_14_ATL_TB,ATL,4,45.0
2002_14_ATL_TB,TB,5,38.0
2002_14_BUF_NE,BUF,4,29.0
2002_14_BUF_NE,NE,9,65.0
2002_14_CHI_MIA,CHI,5,55.0
2002_14_CHI_MIA,MIA,8,58.0
2002_14_CIN_CAR,CAR,10,91.0
2002_14_CIN_CAR,CIN,5,39.0
2002_14_CLE_JAX,CLE,15,119.0
2002_14_DEN_NYJ,DEN,5,55.0
2002_14_DEN_NYJ,NYJ,1,15.0
2002_14_DET_ARI,ARI,10,92.0
2002_14_DET_ARI,DET,7,75.0
2002_14_HOU_PIT,HOU,1,18.0
2002_14_HOU_PIT,PIT,8,57.0
2002_14_IND_TEN,IND,6,48.0
2002_14_IND_TEN,TEN,4,19.0
2002_14_MIN_GB,GB,4,25.0
2002_14_MIN_GB,MIN,6,62.0
2002_14_NO_BAL,BAL,8,69.0
2002_14_NO_BAL,NO,4,35.0
2002_14_NYG_WAS,NYG,8,61.0
2002_14_NYG_WAS,WAS,12,90.0
2002_14_OAK_SD,LAC,8,46.0
2002_14_OAK_SD,LV,8,57.0
2002_14_PHI_SEA,PHI,3,15.0
2002_14_PHI_SEA,SEA,8,56.0
2002_14_SF_DAL,DAL,4,35.0
2002_14_SF_DAL,SF,9,69.0
2002_14_STL_KC,KC,2,15.0
2002_14_STL_KC,LA,5,40.0
2002_15_ARI_STL,ARI,8,75.0
2002_15_ARI_STL,LA,7,43.0
2002_15_BAL_HOU,BAL,2,15.0
2002_15_BAL_HOU,HOU,9,58.0
2002_15_CAR_PIT,CAR,4,35.0
2002_15_CAR_PIT,PIT,1,5.0
2002_15_DAL_NYG,DAL,7,55.0
2002_15_DAL_NYG,NYG,6,57.0
2002_15_GB_SF,GB,4,20.0
2002_15_GB_SF,SF,3,18.0
2002_15_IND_CLE,CLE,7,39.0
2002_15_IND_CLE,IND,5,44.0
2002_15_JAX_CIN,CIN,5,29.0
2002_15_JAX_CIN,JAX,5,54.0
2002_15_KC_DEN,DEN,3,25.0
2002_15_KC_DEN,KC,10,93.0
2002_15_MIN_NO,MIN,8,73.0
2002_15_MIN_NO,NO,8,53.0
2002_15_NE_TEN,NE,2,15.0
2002_15_NE_TEN,TEN,9,80.0
2002_15_NYJ_CHI,CHI,8,74.0
2002_15_NYJ_CHI,NYJ,7,54.0
2002_15_OAK_MIA,LV,9,55.0
2002_15_OAK_MIA,MIA,4,30.0
2002_15_SD_BUF,BUF,4,60.0
2002_15_SD_BUF,LAC,9,121.0
2002_15_SEA_ATL,ATL,11,95.0
2002_15_SEA_ATL,SEA,7,45.0
2002_15_TB_DET,DET,6,36.0
2002_15_TB_DET,TB,9,67.0
2002_15_WAS_PHI,PHI,11,91.0
2002_15_WAS_PHI,WAS,9,73.0
2002_16_BUF_GB,BUF,2,10.0
2002_16_BUF_GB,GB,3,25.0
2002_16_CHI_CAR,CAR,4,40.0
2002_16_CHI_CAR,CHI,3,32.0
2002_16_CLE_BAL,BAL,6,40.0
2002_16_CLE_BAL,CLE,7,70.0
2002_16_DEN_OAK,DEN,7,48.0
2002_16_DEN_OAK,LV,5,40.0
2002_16_DET_ATL,ATL,7,55.0
2002_16_DET_ATL,DET,9,86.0
2002_16_HOU_WAS,HOU,10,83.0
2002_16_HOU_WAS,WAS,6,60.0
2002_16_MIA_MIN,MIA,8,65.0
2002_16_MIA_MIN,MIN,7,54.0
2002_16_NO_CIN,CIN,6,40.0
2002_16_NO_CIN,NO,4,30.0
2002_16_NYG_IND,IND,7,59.0
2002_16_NYG_IND,NYG,5,33.0
2002_16_NYJ_NE,NE,4,30.0
2002_16_NYJ_NE,NYJ,7,60.0
2002_16_PHI_DAL,DAL,7,69.0
2002_16_PHI_DAL,PHI,10,67.0
2002_16_PIT_TB,PIT,5,45.0
2002_16_PIT_TB,TB,5,39.0
2002_16_SD_KC,KC,1,1.0
2002_16_SD_KC,LAC,9,50.0
2002_16_SF_ARI,ARI,1,15.0
2002_16_SF_ARI,SF,4,30.0
2002_16_STL_SEA,LA,12,102.0
2002_16_STL_SEA,SEA,4,20.0
2002_16_TEN_JAX,TEN,12,81.0
2002_17_ARI_DEN,ARI,6,36.0
2002_17_ARI_DEN,DEN,8,53.0
2002_17_ATL_CLE,ATL,4,27.0
2002_17_ATL_CLE,CLE,4,25.0
2002_17_BAL_PIT,BAL,9,82.0
2002_17_BAL_PIT,PIT,5,41.0
2002_17_CAR_NO,CAR,3,19.0
2002_17_CAR_NO,NO,4,27.0
2002_17_CIN_BUF,BUF,7,71.0
2002_17_CIN_BUF,CIN,10,105.0
2002_17_DAL_WAS,DAL,9,86.0
2002_17_DAL_WAS,WAS,8,59.0
2002_17_GB_NYJ,GB,5,43.0
2002_17_GB_NYJ,NYJ,3,30.0
2002_17_JAX_IND,IND,6,35.0
2002_17_JAX_IND,JAX,6,47.0
2002_17_KC_OAK,KC,1,5.0
2002_17_KC_OAK,LV,4,25.0
2002_17_MIA_NE,MIA,6,83.0
2002_17_MIA_NE,NE,4,20.0
2002_17_MIN_DET,DET,6,60.0
2002_17_MIN_DET,MIN,7,79.0
2002_17_PHI_NYG,NYG,7,64.0
2002_17_PHI_NYG,PHI,8,55.0
2002_17_SEA_SD,LAC,5,22.0
2002_17_SEA_SD,SEA,7,58.0
2002_17_SF_STL,LA,5,33.0
2002_17_SF_STL,SF,6,48.0
2002_17_TB_CHI,CHI,5,45.0
2002_17_TB_CHI,TB,6,26.0
2002_17_TEN_HOU,HOU,7,53.0
2002_17_TEN_HOU,TEN,6,52.0
2002_18_ATL_GB,ATL,3,20.0
2002_18_ATL_GB,GB,3,15.0
2002_18_CLE_PIT,CLE,9,75.0
2002_18_CLE_PIT,PIT,4,35.0
2002_18_IND_NYJ,IND,2,10.0
2002_18_IND_NYJ,NYJ,3,30.0
2002_18_NYG_SF,NYG,5,50.0
2002_18_NYG_SF,SF,2,20.0
2002_19_ATL_PHI,ATL,9,95.0
2002_19_ATL_PHI,PHI,3,30.0
2002_19_NYJ_OAK,LV,8,70.0
2002_19_NYJ_OAK,NYJ,5,30.0
2002_19_PIT_TEN,PIT,6,41.0
2002_19_PIT_TEN,TEN,8,92.0
2002_19_SF_TB,SF,6,71.0
2002_19_SF_TB,TB,10,100.0
2002_20_TB_PHI,PHI,5,45.0
2002_20_TB_PHI,TB,3,16.0
2002_20_TEN_OAK,LV,14,127.0
2002_20_TEN_OAK,TEN,7,60.0
2002_21_OAK_TB,LV,7,51.0
2002_21_OAK_TB,TB,5,41.0
2003_01_ARI_DET,ARI,12,80.0
2003_01_ARI_DET,DET,6,36.0
2003_01_ATL_DAL,ATL,4,31.0
2003_01_ATL_DAL,DAL,7,49.0
2003_01_BAL_PIT,BAL,10,81.0
2003_01_BAL_PIT,PIT,9,138.0
2003_01_CHI_SF,CHI,4,30.0
2003_01_CHI_SF,SF,4,25.0
2003_01_DEN_CIN,CIN,4,25.0
2003_01_DEN_CIN,DEN,5,58.0
2003_01_HOU_MIA,HOU,8,67.0
2003_01_HOU_MIA,MIA,11,87.0
2003_01_IND_CLE,CLE,9,64.0
2003_01_IND_CLE,IND,9,53.0
2003_01_JAX_CAR,CAR,9,83.0
2003_01_JAX_CAR,JAX,8,82.0
2003_01_MIN_GB,GB,6,60.0
2003_01_MIN_GB,MIN,7,65.0
2003_01_NE_BUF,BUF,10,119.0
2003_01_NE_BUF,NE,12,121.0
2003_01_NO_SEA,NO,11,114.0
2003_01_NO_SEA,SEA,3,20.0
2003_01_NYJ_WAS,NYJ,1,5.0
2003_01_NYJ_WAS,WAS,6,55.0
2003_01_OAK_TEN,LV,17,173.0
2003_01_OAK_TEN,TEN,11,111.0
2003_01_SD_KC,KC,7,62.0
2003_01_SD_KC,LAC,8,55.0
2003_01_STL_NYG,LA,5,35.0
2003_01_STL_NYG,NYG,7,59.0
2003_01_TB_PHI,PHI,3,25.0
2003_01_TB_PHI,TB,7,64.0
2003_02_BUF_JAX,BUF,6,55.0
2003_02_BUF_JAX,JAX,8,97.0
2003_02_CAR_TB,CAR,16,120.0
2003_02_CAR_TB,TB,17,168.0
2003_02_CHI_MIN,CHI,6,50.0
2003_02_CHI_MIN,MIN,3,25.0
2003_02_CIN_OAK,CIN,7,65.0
2003_02_CIN_OAK,LV,6,59.0
2003_02_CLE_BAL,BAL,10,85.0
2003_02_CLE_BAL,CLE,7,50.0
2003_02_DAL_NYG,DAL,11,108.0
2003_02_DAL_NYG,NYG,10,102.0
2003_02_DEN_SD,DEN,10,81.0
2003_02_DEN_SD,LAC,11,96.0
2003_02_DET_GB,DET,7,60.0
2003_02_DET_GB,GB,7,35.0
2003_02_HOU_NO,HOU,11,86.0
2003_02_HOU_NO,NO,9,78.0
2003_02_MIA_NYJ,MIA,4,30.0
2003_02_MIA_NYJ,NYJ,7,52.0
2003_02_NE_PHI,NE,8,84.0
2003_02_NE_PHI,PHI,7,53.0
2003_02_PIT_KC,KC,4,32.0
2003_02_PIT_KC,PIT,8,82.0
2003_02_SEA_ARI,ARI,4,40.0
2003_02_SEA_ARI,SEA,8,64.0
2003_02_SF_STL,LA,4,43.0
2003_02_SF_STL,SF,13,121.0
2003_02_TEN_IND,IND,6,38.0
2003_02_TEN_IND,TEN,10,99.0
2003_02_WAS_ATL,ATL,5,35.0
2003_02_WAS_ATL,WAS,12,79.0
2003_03_BAL_SD,BAL,4,28.0
2003_03_BAL_SD,LAC,10,61.0
2003_03_BUF_MIA,BUF,11,84.0
2003_03_BUF_MIA,MIA,4,35.0
2003_03_CLE_SF,CLE,7,60.0
2003_03_CLE_SF,SF,8,88.0
2003_03_GB_ARI,ARI,7,57.0
2003_03_GB_ARI,GB,4,48.0
2003_03_JAX_IND,IND,4,20.0
2003_03_JAX_IND,JAX,7,38.0
2003_03_KC_HOU,HOU,10,74.0
2003_03_KC_HOU,KC,4,20.0
2003_03_MIN_DET,DET,9,56.0
2003_03_MIN_DET,MIN,11,125.0
2003_03_NO_TEN,NO,5,27.0
2003_03_NO_TEN,TEN,4,14.0
2003_03_NYG_WAS,NYG,15,124.0
2003_03_NYG_WAS,WAS,17,142.0
2003_03_NYJ_NE,NE,9,87.0
2003_03_NYJ_NE,NYJ,6,52.0
2003_03_OAK_DEN,DEN,6,35.0
2003_03_OAK_DEN,LV,13,98.0
2003_03_PIT_CIN,CIN,7,49.0
2003_03_PIT_CIN,PIT,6,53.0
2003_03_STL_SEA,LA,3,15.0
2003_03_STL_SEA,SEA,4,30.0
2003_03_TB_ATL,ATL,5,35.0
2003_03_TB_ATL,TB,10,123.0
2003_04_ARI_STL,ARI,9,77.0
2003_04_ARI_STL,LA,5,35.0
2003_04_ATL_CAR,ATL,9,84.0
2003_04_ATL_CAR,CAR,4,40.0
2003_04_CIN_CLE,CIN,11,60.0
2003_04_CIN_CLE,CLE,11,101.0
2003_04_DAL_NYJ,DAL,5,38.0
2003_04_DAL_NYJ,NYJ,4,40.0
2003_04_DET_DEN,DEN,6,44.0
2003_04_DET_DEN,DET,8,74.0
2003_04_GB_CHI,CHI,6,62.0
2003_04_GB_CHI,GB,4,38.0
2003_04_IND_NO,IND,2,20.0
2003_04_IND_NO,NO,5,50.0
2003_04_JAX_HOU,HOU,4,43.0
2003_04_JAX_HOU,JAX,9,48.0
2003_04_KC_BAL,BAL,4,30.0
2003_04_KC_BAL,KC,4,26.0
2003_04_NE_WAS,NE,8,64.0
2003_04_NE_WAS,WAS,9,75.0
2003_04_PHI_BUF,BUF,10,84.0
2003_04_PHI_BUF,PHI,7,45.0
2003_04_SD_OAK,LAC,9,111.0
2003_04_SD_OAK,LV,7,57.0
2003_04_SF_MIN,MIN,4,29.0
2003_04_SF_MIN,SF,9,55.0
2003_04_TEN_PIT,PIT,8,80.0
2003_04_TEN_PIT,TEN,10,77.0
2003_05_ARI_DAL,ARI,5,36.0
2003_05_ARI_DAL,DAL,7,64.0
2003_05_CIN_BUF,BUF,6,49.0
2003_05_CIN_BUF,CIN,7,49.0
2003_05_CLE_PIT,CLE,2,10.0
2003_05_CLE_PIT,PIT,10,62.0
2003_05_DEN_KC,DEN,7,59.0
2003_05_DEN_KC,KC,7,47.0
2003_05_DET_SF,DET,5,48.0
2003_05_DET_SF,SF,4,45.0
2003_05_IND_TB,IND,11,80.0
2003_05_IND_TB,TB,11,111.0
2003_05_MIA_NYG,MIA,6,50.0
2003_05_MIA_NYG,NYG,5,35.0
2003_05_MIN_ATL,ATL,7,56.0
2003_05_MIN_ATL,MIN,8,58.0
2003_05_NO_CAR,CAR,4,20.0
2003_05_NO_CAR,NO,7,64.0
2003_05_OAK_CHI,CHI,11,97.0
2003_05_OAK_CHI,LV,5,45.0
2003_05_SD_JAX,JAX,8,89.0
2003_05_SD_JAX,LAC,10,61.0
2003_05_SEA_GB,GB,3,25.0
2003_05_SEA_GB,SEA,7,57.0
2003_05_TEN_NE,NE,9,55.0
2003_05_TEN_NE,TEN,8,66.0
2003_05_WAS_PHI,PHI,7,86.0
2003_05_WAS_PHI,WAS,11,85.0
2003_06_ATL_STL,ATL,3,30.0
2003_06_ATL_STL,LA,6,45.0
2003_06_BAL_ARI,ARI,5,35.0
2003_06_BAL_ARI,BAL,6,55.0
2003_06_BUF_NYJ,BUF,5,45.0
2003_06_BUF_NYJ,NYJ,3,25.0
2003_06_CAR_IND,CAR,9,70.0
2003_06_CAR_IND,IND,4,30.0
2003_06_CHI_NO,CHI,5,86.0
2003_06_CHI_NO,NO,6,35.0
2003_06_HOU_TEN,HOU,6,50.0
2003_06_HOU_TEN,TEN,8,69.0
2003_06_KC_GB,GB,3,25.0
2003_06_KC_GB,KC,5,40.0
2003_06_MIA_JAX,JAX,7,50.0
2003_06_MIA_JAX,MIA,11,149.0
2003_06_NYG_NE,NE,10,110.0
2003_06_NYG_NE,NYG,8,50.0
2003_06_OAK_CLE,CLE,6,55.0
2003_06_OAK_CLE,LV,19,128.0
2003_06_PHI_DAL,DAL,5,23.0
2003_06_PHI_DAL,PHI,2,10.0
2003_06_PIT_DEN,DEN,6,37.0
2003_06_PIT_DEN,PIT,9,85.0
2003_06_SF_SEA,SEA,8,105.0
2003_06_SF_SEA,SF,6,33.0
2003_06_TB_WAS,TB,6,59.0
2003_06_TB_WAS,WAS,9,72.0
2003_07_BAL_CIN,BAL,13,113.0
2003_07_BAL_CIN,CIN,8,65.0
2003_07_CHI_SEA,CHI,6,64.0
2003_07_CHI_SEA,SEA,5,45.0
2003_07_DAL_DET,DAL,6,65.0
2003_07_DAL_DET,DET,9,96.0
2003_07_DEN_MIN,DEN,5,40.0
2003_07_DEN_MIN,MIN,14,108.0
2003_07_GB_STL,GB,6,40.0
2003_07_GB_STL,LA,8,64.0
2003_07_KC_OAK,KC,7,67.0
2003_07_KC_OAK,LV,6,50.0
2003_07_NE_MIA,MIA,4,40.0
2003_07_NE_MIA,NE,5,34.0
2003_07_NO_ATL,ATL,5,78.0
2003_07_NO_ATL,NO,7,54.0
2003_07_NYJ_HOU,HOU,8,50.0
2003_07_NYJ_HOU,NYJ,2,9.0
2003_07_PHI_NYG,NYG,6,66.0
2003_07_PHI_NYG,PHI,6,35.0
2003_07_SD_CLE,CLE,7,76.0
2003_07_SD_CLE,LAC,12,93.0
2003_07_TB_SF,SF,5,35.0
2003_07_TB_SF,TB,6,74.0
2003_07_TEN_CAR,CAR,5,45.0
2003_07_TEN_CAR,TEN,5,40.0
2003_07_WAS_BUF,BUF,9,95.0
2003_07_WAS_BUF,WAS,9,77.0
2003_08_BUF_KC,BUF,5,31.0
2003_08_BUF_KC,KC,5,60.0
2003_08_CAR_NO,CAR,6,50.0
2003_08_CAR_NO,NO,4,43.0
2003_08_CLE_NE,CLE,5,25.0
2003_08_CLE_NE,NE,3,30.0
2003_08_DAL_TB,DAL,1,5.0
2003_08_DAL_TB,TB,3,15.0
2003_08_DEN_BAL,BAL,9,62.0
2003_08_DEN_BAL,DEN,7,49.0
2003_08_DET_CHI,CHI,7,60.0
2003_08_DET_CHI,DET,9,64.0
2003_08_HOU_IND,HOU,7,52.0
2003_08_HOU_IND,IND,3,13.0
2003_08_MIA_SD,LAC,6,35.0
2003_08_MIA_SD,MIA,8,47.0
2003_08_NYG_MIN,MIN,9,52.0
2003_08_NYG_MIN,NYG,9,70.0
2003_08_NYJ_PHI,NYJ,5,35.0
2003_08_NYJ_PHI,PHI,1,10.0
2003_08_SEA_CIN,CIN,7,60.0
2003_08_SEA_CIN,SEA,5,30.0
2003_08_SF_ARI,ARI,6,55.0
2003_08_SF_ARI,SF,6,36.0
2003_08_STL_PIT,LA,8,45.0
2003_08_STL_PIT,PIT,5,37.0
2003_08_TEN_JAX,JAX,5,45.0
2003_08_TEN_JAX,TEN,8,49.0
2003_09_CAR_HOU,CAR,4,40.0
2003_09_CAR_HOU,HOU,7,55.0
2003_09_CIN_ARI,ARI,8,57.0
2003_09_CIN_ARI,CIN,5,43.0
2003_09_GB_MIN,GB,3,25.0
2003_09_GB_MIN,MIN,4,20.0
2003_09_IND_MIA,IND,5,35.0
2003_09_IND_MIA,MIA,5,44.0
2003_09_JAX_BAL,BAL,7,40.0
2003_09_JAX_BAL,JAX,7,52.0
2003_09_NE_DEN,DEN,4,30.0
2003_09_NE_DEN,NE,14,85.0
2003_09_NO_TB,NO,5,47.0
2003_09_NO_TB,TB,5,35.0
2003_09_NYG_NYJ,NYG,6,62.0
2003_09_NYG_NYJ,NYJ,3,30.0
2003_09_OAK_DET,DET,3,30.0
2003_09_OAK_DET,LV,8,51.0
2003_09_PHI_ATL,ATL,8,61.0
2003_09_PHI_ATL,PHI,11,90.0
2003_09_PIT_SEA,PIT,11,76.0
2003_09_PIT_SEA,SEA,5,35.0
2003_09_SD_CHI,CHI,5,35.0
2003_09_SD_CHI,LAC,4,24.0
2003_09_STL_SF,LA,7,50.0
2003_09_STL_SF,SF,6,36.0
2003_09_WAS_DAL,DAL,5,30.0
2003_09_WAS_DAL,WAS,8,57.0
2003_10_ARI_PIT,ARI,8,81.0
2003_10_ARI_PIT,PIT,6,69.0
2003_10_ATL_NYG,ATL,7,60.0
2003_10_ATL_NYG,NYG,9,70.0
2003_10_BAL_STL,BAL,10,80.0
2003_10_BAL_STL,LA,7,75.0
2003_10_BUF_DAL,BUF,1,15.0
2003_10_BUF_DAL,DAL,5,53.0
2003_10_CHI_DET,CHI,5,35.0
2003_10_CHI_DET,DET,7,41.0
2003_10_CLE_KC,CLE,4,38.0
2003_10_CLE_KC,KC,5,70.0
2003_10_HOU_CIN,CIN,7,55.0
2003_10_HOU_CIN,HOU,6,58.0
2003_10_IND_JAX,IND,7,38.0
2003_10_IND_JAX,JAX,7,47.0
2003_10_MIA_TEN,MIA,4,30.0
2003_10_MIA_TEN,TEN,5,25.0
2003_10_MIN_SD,LAC,6,49.0
2003_10_MIN_SD,MIN,10,107.0
2003_10_NYJ_OAK,LV,6,37.0
2003_10_NYJ_OAK,NYJ,3,25.0
2003_10_PHI_GB,GB,4,33.0
2003_10_PHI_GB,PHI,6,40.0
2003_10_SEA_WAS,SEA,4,32.0
2003_10_SEA_WAS,WAS,4,40.0
2003_10_TB_CAR,CAR,7,64.0
2003_10_TB_CAR,TB,9,95.0
2003_11_ARI_CLE,ARI,9,55.0
2003_11_ARI_CLE,CLE,7,64.0
2003_11_ATL_NO,ATL,5,44.0
2003_11_ATL_NO,NO,7,46.0
2003_11_BAL_MIA,BAL,10,88.0
2003_11_BAL_MIA,MIA,5,50.0
2003_11_DAL_NE,DAL,10,78.0
2003_11_DAL_NE,NE,7,84.0
2003_11_DET_SEA,DET,8,56.0
2003_11_DET_SEA,SEA,6,49.0
2003_11_GB_TB,GB,7,29.0
2003_11_GB_TB,TB,8,48.0
2003_11_HOU_BUF,BUF,6,44.0
2003_11_HOU_BUF,HOU,11,65.0
2003_11_JAX_TEN,JAX,3,15.0
2003_11_JAX_TEN,TEN,2,12.0
2003_11_KC_CIN,CIN,5,33.0
2003_11_KC_CIN,KC,4,25.0
2003_11_MIN_OAK,LV,7,85.0
2003_11_MIN_OAK,MIN,10,60.0
2003_11_NYG_PHI,NYG,11,113.0
2003_11_NYG_PHI,PHI,7,49.0
2003_11_NYJ_IND,IND,4,30.0
2003_11_NYJ_IND,NYJ,8,56.0
2003_11_PIT_SF,PIT,3,30.0
2003_11_PIT_SF,SF,4,20.0
2003_11_SD_DEN,DEN,7,60.0
2003_11_SD_DEN,LAC,9,83.0
2003_11_STL_CHI,CHI,6,47.0
2003_11_STL_CHI,LA,7,45.0
2003_11_WAS_CAR,CAR,4,69.0
2003_12_CAR_DAL,CAR,11,68.0
2003_12_CAR_DAL,DAL,10,123.0
2003_12_CHI_DEN,CHI,6,29.0
2003_12_CHI_DEN,DEN,8,114.0
2003_12_CIN_SD,CIN,6,80.0
2003_12_CIN_SD,LAC,7,59.0
2003_12_DET_MIN,DET,5,50.0
2003_12_DET_MIN,MIN,11,95.0
2003_12_IND_BUF,BUF,6,42.0
2003_12_IND_BUF,IND,6,49.0
2003_12_JAX_NYJ,JAX,3,37.0
2003_12_JAX_NYJ,NYJ,6,45.0
2003_12_NE_HOU,HOU,6,45.0
2003_12_NE_HOU,NE,5,58.0
2003_12_NO_PHI,NO,12,101.0
2003_12_NO_PHI,PHI,14,171.0
2003_12_NYG_TB,NYG,9,71.0
2003_12_NYG_TB,TB,5,45.0
2003_12_OAK_KC,KC,2,20.0
2003_12_OAK_KC,LV,7,65.0
2003_12_PIT_CLE,CLE,5,32.0
2003_12_PIT_CLE,PIT,10,55.0
2003_12_SEA_BAL,BAL,14,112.0
2003_12_SEA_BAL,SEA,6,89.0
2003_12_SF_GB,GB,4,40.0
2003_12_SF_GB,SF,6,45.0
2003_12_STL_ARI,ARI,8,60.0
2003_12_STL_ARI,LA,3,25.0
2003_12_TEN_ATL,ATL,5,40.0
2003_12_TEN_ATL,TEN,9,62.0
2003_12_WAS_MIA,MIA,7,45.0
2003_12_WAS_MIA,WAS,5,38.0
2003_13_ARI_CHI,ARI,3,15.0
2003_13_ARI_CHI,CHI,4,25.0
2003_13_ATL_HOU,ATL,6,49.0
2003_13_ATL_HOU,HOU,5,53.0
2003_13_BUF_NYG,BUF,8,60.0
2003_13_BUF_NYG,NYG,5,58.0
2003_13_CIN_PIT,CIN,6,55.0
2003_13_CIN_PIT,PIT,7,70.0
2003_13_CLE_SEA,CLE,4,35.0
2003_13_CLE_SEA,SEA,5,45.0
2003_13_DEN_OAK,DEN,6,45.0
2003_13_DEN_OAK,LV,11,89.0
2003_13_GB_DET,DET,5,40.0
2003_13_GB_DET,GB,6,49.0
2003_13_KC_SD,KC,6,55.0
2003_13_KC_SD,LAC,5,55.0
2003_13_MIA_DAL,DAL,5,50.0
2003_13_MIA_DAL,MIA,6,69.0
2003_13_MIN_STL,LA,4,25.0
2003_13_MIN_STL,MIN,11,65.0
2003_13_NE_IND,IND,4,31.0
2003_13_NE_IND,NE,6,52.0
2003_13_NO_WAS,NO,3,30.0
2003_13_NO_WAS,WAS,8,120.0
2003_13_PHI_CAR,CAR,9,70.0
2003_13_PHI_CAR,PHI,4,35.0
2003_13_SF_BAL,BAL,4,25.0
2003_13_SF_BAL,SF,6,46.0
2003_13_TB_JAX,JAX,5,48.0
2003_13_TB_JAX,TB,7,80.0
2003_13_TEN_NYJ,NYJ,3,17.0
2003_13_TEN_NYJ,TEN,5,36.0
2003_14_ARI_SF,ARI,1,13.0
2003_14_ARI_SF,SF,5,54.0
2003_14_CAR_ATL,ATL,7,42.0
2003_14_CAR_ATL,CAR,10,76.0
2003_14_CHI_GB,CHI,5,45.0
2003_14_CHI_GB,GB,8,57.0
2003_14_CIN_BAL,BAL,2,20.0
2003_14_CIN_BAL,CIN,9,63.0
2003_14_DAL_PHI,DAL,9,62.0
2003_14_DAL_PHI,PHI,3,25.0
2003_14_HOU_JAX,HOU,10,86.0
2003_14_HOU_JAX,JAX,7,70.0
2003_14_IND_TEN,IND,6,55.0
2003_14_IND_TEN,TEN,10,67.0
2003_14_KC_DEN,DEN,4,23.0
2003_14_KC_DEN,KC,5,44.0
2003_14_MIA_NE,MIA,4,25.0
2003_14_MIA_NE,NE,2,14.0
2003_14_NYJ_BUF,BUF,3,23.0
2003_14_NYJ_BUF,NYJ,6,54.0
2003_14_OAK_PIT,LV,5,50.0
2003_14_OAK_PIT,PIT,9,85.0
2003_14_SD_DET,DET,8,71.0
2003_14_SD_DET,LAC,11,95.0
2003_14_SEA_MIN,MIN,5,30.0
2003_14_SEA_MIN,SEA,7,39.0
2003_14_STL_CLE,CLE,4,30.0
2003_14_STL_CLE,LA,5,40.0
2003_14_TB_NO,NO,4,44.0
2003_14_TB_NO,TB,9,85.0
2003_14_WAS_NYG,NYG,6,55.0
2003_14_WAS_NYG,WAS,6,35.0
2003_15_ATL_IND,ATL,6,80.0
2003_15_ATL_IND,IND,9,63.0
2003_15_BAL_OAK,BAL,7,50.0
2003_15_BAL_OAK,LV,9,70.0
2003_15_BUF_TEN,BUF,3,15.0
2003_15_BUF_TEN,TEN,6,68.0
2003_15_CAR_ARI,ARI,5,50.0
2003_15_CAR_ARI,CAR,4,35.0
2003_15_CLE_DEN,CLE,7,32.0
2003_15_CLE_DEN,DEN,11,124.0
2003_15_DAL_WAS,DAL,2,10.0
2003_15_DAL_WAS,WAS,4,35.0
2003_15_DET_KC,DET,5,32.0
2003_15_DET_KC,KC,6,55.0
2003_15_GB_SD,GB,9,96.0
2003_15_GB_SD,LAC,9,69.0
2003_15_HOU_TB,HOU,9,62.0
2003_15_HOU_TB,TB,3,25.0
2003_15_JAX_NE,JAX,8,60.0
2003_15_JAX_NE,NE,4,55.0
2003_15_MIN_CHI,CHI,3,30.0
2003_15_MIN_CHI,MIN,7,68.0
2003_15_NYG_NO,NO,7,55.0
2003_15_NYG_NO,NYG,7,70.0
2003_15_PHI_MIA,MIA,7,76.0
2003_15_PHI_MIA,PHI,6,60.0
2003_15_PIT_NYJ,NYJ,4,40.0
2003_15_PIT_NYJ,PIT,4,19.0
2003_15_SEA_STL,LA,7,50.0
2003_15_SEA_STL,SEA,9,64.0
2003_15_SF_CIN,CIN,4,40.0
2003_15_SF_CIN,SF,7,50.0
2003_16_ARI_SEA,ARI,6,30.0
2003_16_ARI_SEA,SEA,3,30.0
2003_16_ATL_TB,ATL,4,30.0
2003_16_ATL_TB,TB,7,46.0
2003_16_BAL_CLE,BAL,5,41.0
2003_16_BAL_CLE,CLE,5,26.0
2003_16_CIN_STL,CIN,5,38.0
2003_16_CIN_STL,LA,6,40.0
2003_16_DEN_IND,DEN,11,93.0
2003_16_DEN_IND,IND,6,45.0
2003_16_DET_CAR,CAR,6,35.0
2003_16_DET_CAR,DET,7,55.0
2003_16_GB_OAK,GB,10,70.0
2003_16_GB_OAK,LV,3,25.0
2003_16_KC_MIN,KC,2,20.0
2003_16_KC_MIN,MIN,6,51.0
2003_16_MIA_BUF,BUF,7,59.0
2003_16_MIA_BUF,MIA,12,106.0
2003_16_NE_NYJ,NE,5,31.0
2003_16_NE_NYJ,NYJ,4,25.0
2003_16_NO_JAX,JAX,7,69.0
2003_16_NO_JAX,NO,4,30.0
2003_16_NYG_DAL,DAL,3,35.0
2003_16_NYG_DAL,NYG,4,20.0
2003_16_SD_PIT,LAC,2,10.0
2003_16_SD_PIT,PIT,3,24.0
2003_16_SF_PHI,PHI,5,35.0
2003_16_SF_PHI,SF,8,70.0
2003_16_TEN_HOU,HOU,7,75.0
2003_16_TEN_HOU,TEN,6,42.0
2003_16_WAS_CHI,CHI,5,33.0
2003_16_WAS_CHI,WAS,7,50.0
2003_17_BUF_NE,BUF,10,71.0
2003_17_BUF_NE,NE,4,34.0
2003_17_CAR_NYG,CAR,8,82.0
2003_17_CAR_NYG,NYG,8,45.0
2003_17_CHI_KC,CHI,7,71.0
2003_17_CHI_KC,KC,6,55.0
2003_17_CLE_CIN,CIN,9,66.0
2003_17_CLE_CIN,CLE,9,69.0
2003_17_DAL_NO,DAL,7,44.0
2003_17_DAL_NO,NO,7,60.0
2003_17_DEN_GB,DEN,4,30.0
2003_17_DEN_GB,GB,4,29.0
2003_17_IND_HOU,HOU,6,40.0
2003_17_IND_HOU,IND,6,60.0
2003_17_JAX_ATL,ATL,4,35.0
2003_17_JAX_ATL,JAX,9,48.0
2003_17_MIN_ARI,ARI,1,5.0
2003_17_MIN_ARI,MIN,7,71.0
2003_17_NYJ_MIA,MIA,5,30.0
2003_17_NYJ_MIA,NYJ,4,40.0
2003_17_OAK_SD,LAC,7,50.0
2003_17_OAK_SD,LV,5,38.0
2003_17_PHI_WAS,PHI,7,48.0
2003_17_PHI_WAS,WAS,9,78.0
2003_17_PIT_BAL,BAL,10,55.0
2003_17_PIT_BAL,PIT,3,40.0
2003_17_SEA_SF,SEA,6,43.0
2003_17_SEA_SF,SF,6,45.0
2003_17_STL_DET,DET,6,50.0
2003_17_STL_DET,LA,7,35.0
2003_17_TB_TEN,TB,4,31.0
2003_17_TB_TEN,TEN,4,50.0
2003_18_DAL_CAR,DAL,2,11.0
2003_18_DEN_IND,DEN,5,55.0
2003_18_DEN_IND,IND,5,40.0
2003_18_SEA_GB,GB,5,30.0
2003_18_SEA_GB,SEA,2,15.0
2003_18_TEN_BAL,BAL,8,70.0
2003_18_TEN_BAL,TEN,6,55.0
2003_19_CAR_STL,CAR,13,92.0
2003_19_CAR_STL,LA,5,33.0
2003_19_GB_PHI,GB,6,45.0
2003_19_GB_PHI,PHI,3,25.0
2003_19_IND_KC,IND,1,5.0
2003_19_IND_KC,KC,4,30.0
2003_19_TEN_NE,NE,2,14.0
2003_19_TEN_NE,TEN,9,55.0
2003_20_CAR_PHI,CAR,5,35.0
2003_20_CAR_PHI,PHI,4,34.0
2003_20_IND_NE,IND,4,20.0
2003_20_IND_NE,NE,3,15.0
2003_21_CAR_NE,CAR,12,73.0
2003_21_CAR_NE,NE,8,60.0
2004_01_ARI_STL,ARI,8,59.0
2004_01_ARI_STL,LA,7,55.0
2004_01_ATL_SF,ATL,7,72.0
2004_01_ATL_SF,SF,10,57.0
2004_01_BAL_CLE,BAL,6,46.0
2004_01_BAL_CLE,CLE,6,50.0
2004_01_CIN_NYJ,CIN,6,49.0
2004_01_CIN_NYJ,NYJ,1,7.0
2004_01_DAL_MIN,DAL,9,119.0
2004_01_DAL_MIN,MIN,5,40.0
2004_01_DET_CHI,CHI,9,95.0
2004_01_DET_CHI,DET,9,80.0
2004_01_GB_CAR,CAR,9,59.0
2004_01_GB_CAR,GB,8,77.0
2004_01_IND_NE,IND,3,20.0
2004_01_IND_NE,NE,8,55.0
2004_01_JAX_BUF,BUF,7,78.0
2004_01_JAX_BUF,JAX,9,50.0
2004_01_KC_DEN,DEN,4,35.0
2004_01_KC_DEN,KC,9,70.0
2004_01_NYG_PHI,NYG,5,30.0
2004_01_NYG_PHI,PHI,8,50.0
2004_01_OAK_PIT,LV,5,31.0
2004_01_OAK_PIT,PIT,3,20.0
2004_01_SD_HOU,HOU,6,83.0
2004_01_SD_HOU,LAC,8,60.0
2004_01_SEA_NO,NO,8,68.0
2004_01_SEA_NO,SEA,5,45.0
2004_01_TB_WAS,TB,6,44.0
2004_01_TB_WAS,WAS,3,23.0
2004_01_TEN_MIA,MIA,14,76.0
2004_01_TEN_MIA,TEN,7,55.0
2004_02_BUF_OAK,BUF,7,55.0
2004_02_BUF_OAK,LV,10,96.0
2004_02_CAR_KC,CAR,6,51.0
2004_02_CAR_KC,KC,8,88.0
2004_02_CHI_GB,CHI,2,15.0
2004_02_CHI_GB,GB,6,50.0
2004_02_CLE_DAL,CLE,6,31.0
2004_02_CLE_DAL,DAL,11,120.0
2004_02_DEN_JAX,DEN,7,57.0
2004_02_DEN_JAX,JAX,10,85.0
2004_02_HOU_DET,DET,8,65.0
2004_02_HOU_DET,HOU,9,74.0
2004_02_IND_TEN,IND,2,21.0
2004_02_IND_TEN,TEN,7,55.0
2004_02_MIA_CIN,CIN,3,19.0
2004_02_MIA_CIN,MIA,8,69.0
2004_02_MIN_PHI,MIN,10,70.0
2004_02_MIN_PHI,PHI,3,25.0
2004_02_NE_ARI,ARI,6,43.0
2004_02_NE_ARI,NE,12,79.0
2004_02_NYJ_SD,LAC,5,44.0
2004_02_NYJ_SD,NYJ,4,22.0
2004_02_PIT_BAL,BAL,10,123.0
2004_02_PIT_BAL,PIT,9,75.0
2004_02_SEA_TB,SEA,7,59.0
2004_02_SEA_TB,TB,1,5.0
2004_02_SF_NO,NO,9,86.0
2004_02_SF_NO,SF,10,125.0
2004_02_STL_ATL,ATL,6,51.0
2004_02_STL_ATL,LA,10,75.0
2004_02_WAS_NYG,NYG,8,50.0
2004_02_WAS_NYG,WAS,7,50.0
2004_03_ARI_ATL,ARI,8,66.0
2004_03_ARI_ATL,ATL,3,15.0
2004_03_BAL_CIN,BAL,9,71.0
2004_03_BAL_CIN,CIN,5,25.0
2004_03_CHI_MIN,CHI,14,101.0
2004_03_CHI_MIN,MIN,11,70.0
2004_03_CLE_NYG,CLE,8,80.0
2004_03_CLE_NYG,NYG,8,59.0
2004_03_DAL_WAS,DAL,5,40.0
2004_03_DAL_WAS,WAS,7,87.0
2004_03_GB_IND,GB,11,84.0
2004_03_GB_IND,IND,9,70.0
2004_03_HOU_KC,HOU,7,60.0
2004_03_HOU_KC,KC,9,85.0
2004_03_JAX_TEN,JAX,9,87.0
2004_03_JAX_TEN,TEN,6,56.0
2004_03_NO_STL,LA,12,85.0
2004_03_NO_STL,NO,5,25.0
2004_03_PHI_DET,DET,6,39.0
2004_03_PHI_DET,PHI,7,54.0
2004_03_PIT_MIA,MIA,6,33.0
2004_03_PIT_MIA,PIT,11,103.0
2004_03_SD_DEN,DEN,3,25.0
2004_03_SD_DEN,LAC,6,61.0
2004_03_SF_SEA,SEA,3,19.0
2004_03_SF_SEA,SF,6,50.0
2004_03_TB_OAK,LV,11,74.0
2004_03_TB_OAK,TB,8,56.0
2004_04_ATL_CAR,ATL,11,106.0
2004_04_ATL_CAR,CAR,10,91.0
2004_04_CIN_PIT,CIN,5,46.0
2004_04_CIN_PIT,PIT,7,90.0
2004_04_DEN_TB,DEN,7,50.0
2004_04_DEN_TB,TB,9,97.0
2004_04_IND_JAX,IND,3,26.0
2004_04_IND_JAX,JAX,5,28.0
2004_04_KC_BAL,BAL,6,54.0
2004_04_KC_BAL,KC,10,72.0
2004_04_NE_BUF,BUF,11,94.0
2004_04_NE_BUF,NE,10,77.0
2004_04_NO_ARI,ARI,7,65.0
2004_04_NO_ARI,NO,12,104.0
2004_04_NYG_GB,GB,7,72.0
2004_04_NYG_GB,NYG,8,76.0
2004_04_NYJ_MIA,MIA,4,30.0
2004_04_NYJ_MIA,NYJ,4,35.0
2004_04_OAK_HOU,HOU,4,25.0
2004_04_OAK_HOU,LV,13,75.0
2004_04_PHI_CHI,CHI,4,36.0
2004_04_PHI_CHI,PHI,10,73.0
2004_04_STL_SF,LA,5,43.0
2004_04_STL_SF,SF,5,30.0
2004_04_TEN_SD,LAC,7,41.0
2004_04_TEN_SD,TEN,4,25.0
2004_04_WAS_CLE,CLE,8,66.0
2004_04_WAS_CLE,WAS,7,58.0
2004_05_ARI_SF,ARI,8,60.0
2004_05_ARI_SF,SF,11,85.0
2004_05_BAL_WAS,BAL,5,53.0
2004_05_BAL_WAS,WAS,2,22.0
2004_05_BUF_NYJ,BUF,7,83.0
2004_05_BUF_NYJ,NYJ,8,45.0
2004_05_CAR_DEN,CAR,8,83.0
2004_05_CAR_DEN,DEN,4,37.0
2004_05_CLE_PIT,CLE,8,54.0
2004_05_CLE_PIT,PIT,6,63.0
2004_05_DET_ATL,ATL,8,74.0
2004_05_DET_ATL,DET,12,80.0
2004_05_JAX_SD,JAX,5,33.0
2004_05_JAX_SD,LAC,4,44.0
2004_05_MIA_NE,MIA,12,86.0
2004_05_MIA_NE,NE,7,55.0
2004_05_MIN_HOU,HOU,11,88.0
2004_05_MIN_HOU,MIN,10,75.0
2004_05_NYG_DAL,DAL,11,74.0
2004_05_NYG_DAL,NYG,9,60.0
2004_05_OAK_IND,IND,2,20.0
2004_05_OAK_IND,LV,9,59.0
2004_05_STL_SEA,LA,5,45.0
2004_05_STL_SEA,SEA,5,40.0
2004_05_TB_NO,NO,8,60.0
2004_05_TB_NO,TB,11,65.0
2004_05_TEN_GB,GB,3,15.0
2004_05_TEN_GB,TEN,12,105.0
2004_06_CAR_PHI,CAR,8,45.0
2004_06_CAR_PHI,PHI,4,38.0
2004_06_CIN_CLE,CIN,10,75.0
2004_06_CIN_CLE,CLE,6,50.0
2004_06_DEN_OAK,DEN,9,85.0
2004_06_DEN_OAK,LV,9,81.0
2004_06_GB_DET,DET,2,20.0
2004_06_GB_DET,GB,3,15.0
2004_06_HOU_TEN,HOU,4,19.0
2004_06_HOU_TEN,TEN,4,35.0
2004_06_KC_JAX,JAX,5,46.0
2004_06_KC_JAX,KC,5,30.0
2004_06_MIA_BUF,BUF,7,60.0
2004_06_MIA_BUF,MIA,3,21.0
2004_06_MIN_NO,MIN,5,35.0
2004_06_MIN_NO,NO,4,21.0
2004_06_PIT_DAL,DAL,5,30.0
2004_06_PIT_DAL,PIT,6,45.0
2004_06_SD_ATL,ATL,4,26.0
2004_06_SD_ATL,LAC,11,69.0
2004_06_SEA_NE,NE,6,46.0
2004_06_SEA_NE,SEA,6,50.0
2004_06_SF_NYJ,NYJ,4,29.0
2004_06_SF_NYJ,SF,7,61.0
2004_06_TB_STL,LA,7,50.0
2004_06_TB_STL,TB,3,12.0
2004_06_WAS_CHI,CHI,7,65.0
2004_06_WAS_CHI,WAS,5,39.0
2004_07_ATL_KC,ATL,3,41.0
2004_07_ATL_KC,KC,5,45.0
2004_07_BUF_BAL,BAL,4,25.0
2004_07_BUF_BAL,BUF,5,40.0
2004_07_CHI_TB,CHI,10,78.0
2004_07_CHI_TB,TB,6,41.0
2004_07_DAL_GB,DAL,6,37.0
2004_07_DAL_GB,GB,6,40.0
2004_07_DEN_CIN,CIN,9,65.0
2004_07_DEN_CIN,DEN,8,88.0
2004_07_DET_NYG,DET,7,65.0
2004_07_DET_NYG,NYG,4,25.0
2004_07_JAX_IND,IND,12,62.0
2004_07_JAX_IND,JAX,6,48.0
2004_07_NO_OAK,LV,6,46.0
2004_07_NO_OAK,NO,5,30.0
2004_07_NYJ_NE,NE,6,53.0
2004_07_NYJ_NE,NYJ,6,37.0
2004_07_PHI_CLE,CLE,10,80.0
2004_07_PHI_CLE,PHI,11,101.0
2004_07_SD_CAR,CAR,8,94.0
2004_07_SD_CAR,LAC,7,83.0
2004_07_SEA_ARI,ARI,6,45.0
2004_07_SEA_ARI,SEA,4,35.0
2004_07_STL_MIA,LA,7,63.0
2004_07_STL_MIA,MIA,4,37.0
2004_07_TEN_MIN,MIN,8,66.0
2004_07_TEN_MIN,TEN,12,85.0
2004_08_ARI_BUF,ARI,14,101.0
2004_08_ARI_BUF,BUF,7,55.0
2004_08_ATL_DEN,ATL,7,56.0
2004_08_ATL_DEN,DEN,9,70.0
2004_08_BAL_PHI,BAL,6,91.0
2004_08_BAL_PHI,PHI,8,72.0
2004_08_CAR_SEA,CAR,10,79.0
2004_08_CAR_SEA,SEA,2,13.0
2004_08_CIN_TEN,CIN,10,64.0
2004_08_CIN_TEN,TEN,7,58.0
2004_08_DET_DAL,DAL,5,35.0
2004_08_DET_DAL,DET,10,112.0
2004_08_GB_WAS,GB,9,73.0
2004_08_GB_WAS,WAS,10,82.0
2004_08_IND_KC,IND,7,40.0
2004_08_IND_KC,KC,5,46.0
2004_08_JAX_HOU,HOU,8,75.0
2004_08_JAX_HOU,JAX,11,80.0
2004_08_MIA_NYJ,MIA,3,20.0
2004_08_MIA_NYJ,NYJ,6,45.0
2004_08_NE_PIT,NE,6,55.0
2004_08_NE_PIT,PIT,9,90.0
2004_08_NYG_MIN,MIN,8,83.0
2004_08_NYG_MIN,NYG,7,87.0
2004_08_OAK_SD,LAC,7,46.0
2004_08_OAK_SD,LV,10,75.0
2004_08_SF_CHI,CHI,8,58.0
2004_08_SF_CHI,SF,5,30.0
2004_09_ARI_MIA,ARI,9,45.0
2004_09_ARI_MIA,MIA,11,84.0
2004_09_CHI_NYG,CHI,11,70.0
2004_09_CHI_NYG,NYG,14,109.0
2004_09_CLE_BAL,BAL,3,25.0
2004_09_CLE_BAL,CLE,9,55.0
2004_09_DAL_CIN,CIN,4,20.0
2004_09_DAL_CIN,DAL,7,46.0
2004_09_HOU_DEN,DEN,4,50.0
2004_09_HOU_DEN,HOU,9,109.0
2004_09_KC_TB,KC,10,97.0
2004_09_KC_TB,TB,10,95.0
2004_09_MIN_IND,IND,8,65.0
2004_09_MIN_IND,MIN,6,53.0
2004_09_NE_STL,LA,10,80.0
2004_09_NE_STL,NE,7,48.0
2004_09_NO_SD,LAC,5,32.0
2004_09_NO_SD,NO,10,117.0
2004_09_NYJ_BUF,BUF,8,66.0
2004_09_NYJ_BUF,NYJ,7,40.0
2004_09_OAK_CAR,CAR,8,83.0
2004_09_OAK_CAR,LV,8,53.0
2004_09_PHI_PIT,PHI,5,25.0
2004_09_PHI_PIT,PIT,4,20.0
2004_09_SEA_SF,SEA,7,55.0
2004_09_SEA_SF,SF,3,29.0
2004_09_WAS_DET,DET,4,40.0
2004_09_WAS_DET,WAS,7,75.0
2004_10_BAL_NYJ,BAL,5,39.0
2004_10_BAL_NYJ,NYJ,6,55.0
2004_10_BUF_NE,BUF,2,48.0
2004_10_BUF_NE,NE,5,44.0
2004_10_CAR_SF,CAR,7,49.0
2004_10_CAR_SF,SF,7,60.0
2004_10_CHI_TEN,CHI,6,50.0
2004_10_CHI_TEN,TEN,4,25.0
2004_10_CIN_WAS,CIN,5,50.0
2004_10_CIN_WAS,WAS,7,50.0
2004_10_DET_JAX,DET,8,45.0
2004_10_DET_JAX,JAX,10,99.0
2004_10_HOU_IND,HOU,8,65.0
2004_10_HOU_IND,IND,11,85.0
2004_10_KC_NO,KC,12,94.0
2004_10_KC_NO,NO,8,57.0
2004_10_MIN_GB,GB,4,25.0
2004_10_MIN_GB,MIN,6,37.0
2004_10_NYG_ARI,ARI,3,15.0
2004_10_NYG_ARI,NYG,10,97.0
2004_10_PHI_DAL,DAL,7,50.0
2004_10_PHI_DAL,PHI,9,59.0
2004_10_PIT_CLE,CLE,3,11.0
2004_10_PIT_CLE,PIT,5,38.0
2004_10_SEA_STL,LA,7,55.0
2004_10_SEA_STL,SEA,4,20.0
2004_10_TB_ATL,ATL,6,45.0
2004_10_TB_ATL,TB,13,83.0
2004_11_ARI_CAR,ARI,12,105.0
2004_11_ARI_CAR,CAR,12,85.0
2004_11_ATL_NYG,ATL,12,94.0
2004_11_ATL_NYG,NYG,6,50.0
2004_11_DAL_BAL,BAL,4,30.0
2004_11_DAL_BAL,DAL,4,20.0
2004_11_DEN_NO,DEN,6,82.0
2004_11_DEN_NO,NO,10,79.0
2004_11_DET_MIN,DET,9,116.0
2004_11_DET_MIN,MIN,7,51.0
2004_11_GB_HOU,GB,10,90.0
2004_11_GB_HOU,HOU,3,25.0
2004_11_IND_CHI,CHI,9,50.0
2004_11_IND_CHI,IND,10,91.0
2004_11_MIA_SEA,MIA,8,98.0
2004_11_MIA_SEA,SEA,9,70.0
2004_11_NE_KC,KC,7,50.0
2004_11_NE_KC,NE,4,25.0
2004_11_NYJ_CLE,CLE,7,40.0
2004_11_NYJ_CLE,NYJ,5,50.0
2004_11_PIT_CIN,CIN,10,97.0
2004_11_PIT_CIN,PIT,8,56.0
2004_11_SD_OAK,LAC,9,80.0
2004_11_SD_OAK,LV,8,76.0
2004_11_SF_TB,SF,4,30.0
2004_11_SF_TB,TB,5,50.0
2004_11_STL_BUF,BUF,14,108.0
2004_11_STL_BUF,LA,11,84.0
2004_11_TEN_JAX,JAX,3,22.0
2004_11_TEN_JAX,TEN,4,49.0
2004_11_WAS_PHI,PHI,9,69.0
2004_11_WAS_PHI,WAS,12,115.0
2004_12_BAL_NE,BAL,10,106.0
2004_12_BAL_NE,NE,9,82.0
2004_12_BUF_SEA,BUF,6,44.0
2004_12_BUF_SEA,SEA,7,64.0
2004_12_CHI_DAL,CHI,7,45.0
2004_12_CHI_DAL,DAL,5,30.0
2004_12_CLE_CIN,CIN,8,63.0
2004_12_CLE_CIN,CLE,12,87.0
2004_12_IND_DET,DET,10,60.0
2004_12_IND_DET,IND,5,40.0
2004_12_JAX_MIN,JAX,6,45.0
2004_12_JAX_MIN,MIN,4,35.0
2004_12_MIA_SF,MIA,7,50.0
2004_12_MIA_SF,SF,6,58.0
2004_12_NO_ATL,ATL,6,46.0
2004_12_NO_ATL,NO,5,25.0
2004_12_NYJ_ARI,ARI,6,51.0
2004_12_NYJ_ARI,NYJ,9,85.0
2004_12_OAK_DEN,DEN,5,31.0
2004_12_OAK_DEN,LV,5,38.0
2004_12_PHI_NYG,NYG,6,64.0
2004_12_PHI_NYG,PHI,12,75.0
2004_12_SD_KC,KC,5,26.0
2004_12_SD_KC,LAC,9,60.0
2004_12_STL_GB,GB,7,55.0
2004_12_STL_GB,LA,7,50.0
2004_12_TB_CAR,CAR,5,50.0
2004_12_TB_CAR,TB,7,40.0
2004_12_TEN_HOU,HOU,3,36.0
2004_12_TEN_HOU,TEN,5,37.0
2004_12_WAS_PIT,PIT,6,59.0
2004_12_WAS_PIT,WAS,6,68.0
2004_13_ARI_DET,ARI,7,70.0
2004_13_ARI_DET,DET,10,69.0
2004_13_ATL_TB,ATL,7,50.0
2004_13_ATL_TB,TB,3,32.0
2004_13_BUF_MIA,BUF,11,73.0
2004_13_BUF_MIA,MIA,7,46.0
2004_13_CAR_NO,CAR,6,44.0
2004_13_CAR_NO,NO,10,104.0
2004_13_CIN_BAL,BAL,4,30.0
2004_13_CIN_BAL,CIN,5,45.0
2004_13_DAL_SEA,DAL,6,49.0
2004_13_DAL_SEA,SEA,6,44.0
2004_13_DEN_SD,DEN,8,57.0
2004_13_DEN_SD,LAC,11,94.0
2004_13_GB_PHI,GB,12,99.0
2004_13_GB_PHI,PHI,8,89.0
2004_13_HOU_NYJ,HOU,5,48.0
2004_13_HOU_NYJ,NYJ,6,49.0
2004_13_KC_OAK,KC,7,45.0
2004_13_KC_OAK,LV,6,49.0
2004_13_MIN_CHI,CHI,7,55.0
2004_13_MIN_CHI,MIN,6,30.0
2004_13_NE_CLE,CLE,7,84.0
2004_13_NE_CLE,NE,7,60.0
2004_13_NYG_WAS,NYG,7,40.0
2004_13_NYG_WAS,WAS,8,66.0
2004_13_PIT_JAX,JAX,3,25.0
2004_13_PIT_JAX,PIT,11,82.0
2004_13_SF_STL,LA,8,59.0
2004_13_SF_STL,SF,6,35.0
2004_13_TEN_IND,IND,7,88.0
2004_13_TEN_IND,TEN,9,105.0
2004_14_CHI_JAX,CHI,13,104.0
2004_14_CHI_JAX,JAX,8,75.0
2004_14_CIN_NE,CIN,9,75.0
2004_14_CIN_NE,NE,2,13.0
2004_14_CLE_BUF,BUF,7,37.0
2004_14_CLE_BUF,CLE,7,40.0
2004_14_DET_GB,DET,9,70.0
2004_14_DET_GB,GB,9,94.0
2004_14_IND_HOU,HOU,6,30.0
2004_14_IND_HOU,IND,8,50.0
2004_14_KC_TEN,KC,7,58.0
2004_14_KC_TEN,TEN,13,104.0
2004_14_MIA_DEN,DEN,5,43.0
2004_14_MIA_DEN,MIA,4,40.0
2004_14_NO_DAL,DAL,11,76.0
2004_14_NO_DAL,NO,9,136.0
2004_14_NYG_BAL,BAL,6,86.0
2004_14_NYG_BAL,NYG,9,65.0
2004_14_NYJ_PIT,NYJ,12,84.0
2004_14_NYJ_PIT,PIT,2,15.0
2004_14_OAK_ATL,ATL,9,75.0
2004_14_OAK_ATL,LV,9,59.0
2004_14_PHI_WAS,PHI,5,41.0
2004_14_PHI_WAS,WAS,12,137.0
2004_14_SEA_MIN,MIN,5,42.0
2004_14_SEA_MIN,SEA,5,79.0
2004_14_SF_ARI,ARI,9,61.0
2004_14_SF_ARI,SF,7,70.0
2004_14_STL_CAR,CAR,7,55.0
2004_14_STL_CAR,LA,5,44.0
2004_14_TB_SD,LAC,4,40.0
2004_14_TB_SD,TB,12,111.0
2004_15_BAL_IND,BAL,7,35.0
2004_15_BAL_IND,IND,5,28.0
2004_15_BUF_CIN,BUF,4,37.0
2004_15_BUF_CIN,CIN,7,62.0
2004_15_CAR_ATL,ATL,6,66.0
2004_15_CAR_ATL,CAR,7,50.0
2004_15_DAL_PHI,DAL,6,35.0
2004_15_DAL_PHI,PHI,5,36.0
2004_15_DEN_KC,DEN,10,100.0
2004_15_DEN_KC,KC,6,58.0
2004_15_HOU_CHI,CHI,5,50.0
2004_15_HOU_CHI,HOU,10,89.0
2004_15_JAX_GB,GB,12,101.0
2004_15_JAX_GB,JAX,7,85.0
2004_15_MIN_DET,DET,4,25.0
2004_15_MIN_DET,MIN,9,70.0
2004_15_NE_MIA,MIA,9,67.0
2004_15_NE_MIA,NE,4,53.0
2004_15_NO_TB,NO,8,69.0
2004_15_NO_TB,TB,5,45.0
2004_15_PIT_NYG,NYG,5,55.0
2004_15_PIT_NYG,PIT,2,14.0
2004_15_SD_CLE,CLE,6,42.0
2004_15_SD_CLE,LAC,1,8.0
2004_15_SEA_NYJ,NYJ,2,15.0
2004_15_SEA_NYJ,SEA,2,20.0
2004_15_STL_ARI,ARI,7,67.0
2004_15_STL_ARI,LA,9,74.0
2004_15_TEN_OAK,LV,5,39.0
2004_15_TEN_OAK,TEN,5,35.0
2004_15_WAS_SF,SF,5,45.0
2004_15_WAS_SF,WAS,11,93.0
2004_16_ARI_SEA,ARI,4,25.0
2004_16_ARI_SEA,SEA,6,51.0
2004_16_ATL_NO,ATL,6,35.0
2004_16_ATL_NO,NO,10,73.0
2004_16_BAL_PIT,BAL,3,30.0
2004_16_BAL_PIT,PIT,3,25.0
2004_16_BUF_SF,BUF,5,46.0
2004_16_BUF_SF,SF,4,30.0
2004_16_CAR_TB,CAR,5,52.0
2004_16_CAR_TB,TB,9,67.0
2004_16_CHI_DET,CHI,8,55.0
2004_16_CHI_DET,DET,6,47.0
2004_16_CLE_MIA,CLE,5,25.0
2004_16_CLE_MIA,MIA,7,35.0
2004_16_DEN_TEN,DEN,2,45.0
2004_16_DEN_TEN,TEN,3,16.0
2004_16_GB_MIN,GB,4,25.0
2004_16_GB_MIN,MIN,9,78.0
2004_16_HOU_JAX,HOU,6,50.0
2004_16_HOU_JAX,JAX,5,45.0
2004_16_NE_NYJ,NE,3,25.0
2004_16_NE_NYJ,NYJ,4,20.0
2004_16_NYG_CIN,CIN,3,20.0
2004_16_NYG_CIN,NYG,9,85.0
2004_16_OAK_KC,KC,7,52.0
2004_16_OAK_KC,LV,12,90.0
2004_16_PHI_STL,LA,7,55.0
2004_16_PHI_STL,PHI,13,95.0
2004_16_SD_IND,IND,10,70.0
2004_16_SD_IND,LAC,7,63.0
2004_16_WAS_DAL,DAL,1,13.0
2004_16_WAS_DAL,WAS,8,67.0
2004_17_ATL_SEA,ATL,8,52.0
2004_17_ATL_SEA,SEA,1,5.0
2004_17_CIN_PHI,CIN,4,35.0
2004_17_CIN_PHI,PHI,7,50.0
2004_17_CLE_HOU,CLE,6,46.0
2004_17_CLE_HOU,HOU,8,52.0
2004_17_DAL_NYG,DAL,6,93.0
2004_17_DAL_NYG,NYG,3,25.0
2004_17_DET_TEN,DET,6,52.0
2004_17_DET_TEN,TEN,7,50.0
2004_17_GB_CHI,CHI,4,29.0
2004_17_GB_CHI,GB,5,35.0
2004_17_IND_DEN,DEN,2,25.0
2004_17_IND_DEN,IND,4,25.0
2004_17_JAX_OAK,JAX,7,87.0
2004_17_JAX_OAK,LV,8,72.0
2004_17_KC_SD,KC,5,45.0
2004_17_KC_SD,LAC,7,50.0
2004_17_MIA_BAL,BAL,6,50.0
2004_17_MIA_BAL,MIA,5,50.0
2004_17_MIN_WAS,MIN,7,49.0
2004_17_MIN_WAS,WAS,3,13.0
2004_17_NO_CAR,CAR,6,45.0
2004_17_NO_CAR,NO,8,87.0
2004_17_NYJ_STL,LA,10,76.0
2004_17_NYJ_STL,NYJ,7,75.0
2004_17_PIT_BUF,BUF,12,108.0
2004_17_PIT_BUF,PIT,7,40.0
2004_17_SF_NE,NE,4,37.0
2004_17_SF_NE,SF,7,64.0
2004_17_TB_ARI,ARI,10,70.0
2004_17_TB_ARI,TB,8,63.0
2004_18_DEN_IND,DEN,5,24.0
2004_18_DEN_IND,IND,4,25.0
2004_18_MIN_GB,GB,8,55.0
2004_18_MIN_GB,MIN,7,56.0
2004_18_NYJ_SD,LAC,9,75.0
2004_18_NYJ_SD,NYJ,8,49.0
2004_18_STL_SEA,LA,4,30.0
2004_18_STL_SEA,SEA,9,61.0
2004_19_IND_NE,IND,4,44.0
2004_19_IND_NE,NE,5,35.0
2004_19_MIN_PHI,MIN,7,108.0
2004_19_MIN_PHI,PHI,4,20.0
2004_19_NYJ_PIT,NYJ,4,35.0
2004_19_NYJ_PIT,PIT,6,45.0
2004_19_STL_ATL,ATL,4,32.0
2004_19_STL_ATL,LA,4,26.0
2004_20_ATL_PHI,ATL,5,24.0
2004_20_ATL_PHI,PHI,6,59.0
2004_20_NE_PIT,NE,1,5.0
2004_20_NE_PIT,PIT,2,20.0
2004_21_NE_PHI,NE,7,47.0
2004_21_NE_PHI,PHI,3,35.0
2005_01_ARI_NYG,ARI,10,53.0
2005_01_ARI_NYG,NYG,7,52.0
2005_01_CHI_WAS,CHI,8,86.0
2005_01_CHI_WAS,WAS,5,45.0
2005_01_CIN_CLE,CIN,5,40.0
2005_01_CIN_CLE,CLE,7,56.0
2005_01_DAL_SD,DAL,8,46.0
2005_01_DAL_SD,LAC,8,62.0
2005_01_DEN_MIA,DEN,7,73.0
2005_01_DEN_MIA,MIA,11,69.0
2005_01_GB_DET,DET,4,38.0
2005_01_GB_DET,GB,14,100.0
2005_01_HOU_BUF,BUF,10,71.0
2005_01_HOU_BUF,HOU,6,38.0
2005_01_IND_BAL,BAL,8,45.0
2005_01_IND_BAL,IND,7,45.0
2005_01_NO_CAR,CAR,11,84.0
2005_01_NO_CAR,NO,9,74.0
2005_01_NYJ_KC,KC,4,26.0
2005_01_NYJ_KC,NYJ,8,80.0
2005_01_OAK_NE,LV,16,149.0
2005_01_OAK_NE,NE,7,46.0
2005_01_PHI_ATL,ATL,7,88.0
2005_01_PHI_ATL,PHI,8,55.0
2005_01_SEA_JAX,JAX,6,31.0
2005_01_SEA_JAX,SEA,5,29.0
2005_01_STL_SF,LA,7,48.0
2005_01_STL_SF,SF,5,30.0
2005_01_TB_MIN,MIN,9,70.0
2005_01_TB_MIN,TB,13,99.0
2005_01_TEN_PIT,PIT,3,27.0
2005_01_TEN_PIT,TEN,7,49.0
2005_02_ATL_SEA,ATL,3,24.0
2005_02_ATL_SEA,SEA,10,79.0
2005_02_BAL_TEN,BAL,10,73.0
2005_02_BAL_TEN,TEN,5,47.0
2005_02_BUF_TB,BUF,3,20.0
2005_02_BUF_TB,TB,13,99.0
2005_02_CLE_GB,CLE,6,40.0
2005_02_CLE_GB,GB,6,41.0
2005_02_DET_CHI,CHI,6,40.0
2005_02_DET_CHI,DET,3,30.0
2005_02_JAX_IND,IND,6,45.0
2005_02_JAX_IND,JAX,7,60.0
2005_02_KC_OAK,KC,9,78.0
2005_02_KC_OAK,LV,7,84.0
2005_02_MIA_NYJ,MIA,10,88.0
2005_02_MIA_NYJ,NYJ,5,40.0
2005_02_MIN_CIN,CIN,17,115.0
2005_02_MIN_CIN,MIN,7,49.0
2005_02_NE_CAR,CAR,6,45.0
2005_02_NE_CAR,NE,12,86.0
2005_02_NYG_NO,NO,13,92.0
2005_02_NYG_NO,NYG,9,86.0
2005_02_PIT_HOU,HOU,7,58.0
2005_02_PIT_HOU,PIT,5,40.0
2005_02_SD_DEN,DEN,5,45.0
2005_02_SD_DEN,LAC,7,42.0
2005_02_SF_PHI,PHI,6,50.0
2005_02_SF_PHI,SF,2,15.0
2005_02_STL_ARI,ARI,8,72.0
2005_02_STL_ARI,LA,4,30.0
2005_02_WAS_DAL,DAL,7,60.0
2005_02_WAS_DAL,WAS,12,80.0
2005_03_ARI_SEA,ARI,12,71.0
2005_03_ARI_SEA,SEA,3,25.0
2005_03_ATL_BUF,ATL,7,75.0
2005_03_ATL_BUF,BUF,3,35.0
2005_03_CAR_MIA,CAR,4,39.0
2005_03_CAR_MIA,MIA,13,138.0
2005_03_CIN_CHI,CHI,7,88.0
2005_03_CIN_CHI,CIN,9,77.0
2005_03_CLE_IND,CLE,7,62.0
2005_03_CLE_IND,IND,3,15.0
2005_03_DAL_SF,DAL,6,45.0
2005_03_DAL_SF,SF,8,67.0
2005_03_JAX_NYJ,JAX,9,85.0
2005_03_JAX_NYJ,NYJ,6,44.0
2005_03_KC_DEN,DEN,4,30.0
2005_03_KC_DEN,KC,13,118.0
2005_03_NE_PIT,NE,10,118.0
2005_03_NE_PIT,PIT,5,35.0
2005_03_NO_MIN,MIN,8,60.0
2005_03_NO_MIN,NO,14,84.0
2005_03_NYG_SD,LAC,7,50.0
2005_03_NYG_SD,NYG,12,83.0
2005_03_OAK_PHI,LV,13,94.0
2005_03_OAK_PHI,PHI,10,81.0
2005_03_TB_GB,GB,8,65.0
2005_03_TB_GB,TB,7,62.0
2005_03_TEN_STL,LA,11,75.0
2005_03_TEN_STL,TEN,11,80.0
2005_04_BUF_NO,BUF,12,79.0
2005_04_BUF_NO,NO,4,26.0
2005_04_DAL_OAK,DAL,6,35.0
2005_04_DAL_OAK,LV,13,85.0
2005_04_DEN_JAX,DEN,5,30.0
2005_04_DEN_JAX,JAX,15,119.0
2005_04_DET_TB,DET,8,55.0
2005_04_DET_TB,TB,7,55.0
2005_04_GB_CAR,CAR,8,75.0
2005_04_GB_CAR,GB,8,86.0
2005_04_HOU_CIN,CIN,14,117.0
2005_04_HOU_CIN,HOU,9,90.0
2005_04_IND_TEN,IND,1,10.0
2005_04_IND_TEN,TEN,9,76.0
2005_04_MIN_ATL,ATL,8,65.0
2005_04_MIN_ATL,MIN,11,85.0
2005_04_NYJ_BAL,BAL,3,19.0
2005_04_NYJ_BAL,NYJ,5,39.0
2005_04_PHI_KC,KC,6,40.0
2005_04_PHI_KC,PHI,3,25.0
2005_04_SD_NE,LAC,7,50.0
2005_04_SD_NE,NE,4,62.0
2005_04_SEA_WAS,SEA,8,84.0
2005_04_SEA_WAS,WAS,2,10.0
2005_04_SF_ARI,ARI,4,37.0
2005_04_SF_ARI,SF,8,52.0
2005_04_STL_NYG,LA,11,103.0
2005_04_STL_NYG,NYG,11,90.0
2005_05_BAL_DET,BAL,19,129.0
2005_05_BAL_DET,DET,7,46.0
2005_05_CAR_ARI,ARI,8,55.0
2005_05_CAR_ARI,CAR,4,30.0
2005_05_CHI_CLE,CHI,7,57.0
2005_05_CHI_CLE,CLE,5,55.0
2005_05_CIN_JAX,CIN,12,94.0
2005_05_CIN_JAX,JAX,10,98.0
2005_05_IND_SF,IND,10,80.0
2005_05_IND_SF,SF,7,40.0
2005_05_MIA_BUF,BUF,7,63.0
2005_05_MIA_BUF,MIA,18,102.0
2005_05_NE_ATL,ATL,8,84.0
2005_05_NE_ATL,NE,11,83.0
2005_05_NO_GB,GB,6,36.0
2005_05_NO_GB,NO,11,107.0
2005_05_PHI_DAL,DAL,5,48.0
2005_05_PHI_DAL,PHI,8,54.0
2005_05_PIT_SD,LAC,9,100.0
2005_05_PIT_SD,PIT,11,104.0
2005_05_SEA_STL,LA,7,74.0
2005_05_SEA_STL,SEA,7,50.0
2005_05_TB_NYJ,NYJ,6,46.0
2005_05_TB_NYJ,TB,12,87.0
2005_05_TEN_HOU,HOU,6,39.0
2005_05_TEN_HOU,TEN,7,65.0
2005_05_WAS_DEN,DEN,6,43.0
2005_05_WAS_DEN,WAS,10,67.0
2005_06_ATL_NO,ATL,10,79.0
2005_06_ATL_NO,NO,8,55.0
2005_06_CAR_DET,CAR,10,73.0
2005_06_CAR_DET,DET,10,75.0
2005_06_CIN_TEN,CIN,4,32.0
2005_06_CIN_TEN,TEN,5,69.0
2005_06_CLE_BAL,BAL,11,97.0
2005_06_CLE_BAL,CLE,8,53.0
2005_06_HOU_SEA,HOU,13,95.0
2005_06_HOU_SEA,SEA,6,45.0
2005_06_JAX_PIT,JAX,10,106.0
2005_06_JAX_PIT,PIT,7,80.0
2005_06_MIA_TB,MIA,9,60.0
2005_06_MIA_TB,TB,9,65.0
2005_06_MIN_CHI,CHI,8,58.0
2005_06_MIN_CHI,MIN,14,91.0
2005_06_NE_DEN,DEN,11,82.0
2005_06_NE_DEN,NE,8,55.0
2005_06_NYG_DAL,DAL,6,44.0
2005_06_NYG_DAL,NYG,6,32.0
2005_06_NYJ_BUF,BUF,13,99.0
2005_06_NYJ_BUF,NYJ,7,50.0
2005_06_SD_OAK,LAC,5,35.0
2005_06_SD_OAK,LV,8,51.0
2005_06_STL_IND,IND,3,15.0
2005_06_STL_IND,LA,9,50.0
2005_06_WAS_KC,KC,4,24.0
2005_06_WAS_KC,WAS,5,54.0
2005_07_BAL_CHI,BAL,11,100.0
2005_07_BAL_CHI,CHI,9,60.0
2005_07_BUF_OAK,BUF,7,51.0
2005_07_BUF_OAK,LV,8,53.0
2005_07_DAL_SEA,DAL,9,81.0
2005_07_DAL_SEA,SEA,9,83.0
2005_07_DEN_NYG,DEN,6,53.0
2005_07_DEN_NYG,NYG,7,52.0
2005_07_DET_CLE,CLE,8,50.0
2005_07_DET_CLE,DET,11,72.0
2005_07_GB_MIN,GB,6,50.0
2005_07_GB_MIN,MIN,4,21.0
2005_07_IND_HOU,HOU,3,15.0
2005_07_IND_HOU,IND,6,35.0
2005_07_KC_MIA,KC,7,63.0
2005_07_KC_MIA,MIA,4,30.0
2005_07_NO_STL,LA,8,65.0
2005_07_NO_STL,NO,9,102.0
2005_07_NYJ_ATL,ATL,4,30.0
2005_07_NYJ_ATL,NYJ,5,44.0
2005_07_PIT_CIN,CIN,4,35.0
2005_07_PIT_CIN,PIT,5,65.0
2005_07_SD_PHI,LAC,9,72.0
2005_07_SD_PHI,PHI,10,72.0
2005_07_SF_WAS,SF,5,29.0
2005_07_SF_WAS,WAS,8,60.0
2005_07_TEN_ARI,ARI,9,71.0
2005_07_TEN_ARI,TEN,11,90.0
2005_08_ARI_DAL,ARI,8,56.0
2005_08_BAL_PIT,BAL,6,38.0
2005_08_BAL_PIT,PIT,4,19.0
2005_08_BUF_NE,BUF,12,74.0
2005_08_BUF_NE,NE,7,57.0
2005_08_CHI_DET,CHI,10,75.0
2005_08_CHI_DET,DET,5,40.0
2005_08_CLE_HOU,CLE,1,5.0
2005_08_CLE_HOU,HOU,5,35.0
2005_08_GB_CIN,CIN,3,58.0
2005_08_GB_CIN,GB,6,29.0
2005_08_JAX_STL,JAX,4,25.0
2005_08_JAX_STL,LA,9,59.0
2005_08_KC_SD,KC,9,58.0
2005_08_KC_SD,LAC,4,38.0
2005_08_MIA_NO,MIA,5,34.0
2005_08_MIA_NO,NO,8,77.0
2005_08_MIN_CAR,CAR,6,53.0
2005_08_MIN_CAR,MIN,10,57.0
2005_08_OAK_TEN,LV,7,55.0
2005_08_OAK_TEN,TEN,9,79.0
2005_08_PHI_DEN,DEN,6,50.0
2005_08_PHI_DEN,PHI,10,70.0
2005_08_TB_SF,SF,7,65.0
2005_08_TB_SF,TB,8,65.0
2005_08_WAS_NYG,NYG,9,73.0
2005_08_WAS_NYG,WAS,10,88.0
2005_09_ATL_MIA,ATL,4,28.0
2005_09_ATL_MIA,MIA,7,60.0
2005_09_CAR_TB,CAR,5,24.0
2005_09_CAR_TB,TB,8,42.0
2005_09_CHI_NO,CHI,8,60.0
2005_09_CHI_NO,NO,6,70.0
2005_09_CIN_BAL,BAL,7,40.0
2005_09_CIN_BAL,CIN,5,54.0
2005_09_DET_MIN,DET,6,31.0
2005_09_DET_MIN,MIN,3,18.0
2005_09_HOU_JAX,HOU,4,30.0
2005_09_HOU_JAX,JAX,6,45.0
2005_09_IND_NE,IND,7,32.0
2005_09_IND_NE,NE,4,24.0
2005_09_NYG_SF,NYG,10,81.0
2005_09_NYG_SF,SF,12,80.0
2005_09_OAK_KC,KC,10,72.0
2005_09_OAK_KC,LV,9,84.0
2005_09_PHI_WAS,PHI,5,64.0
2005_09_PHI_WAS,WAS,4,35.0
2005_09_PIT_GB,GB,8,74.0
2005_09_PIT_GB,PIT,4,53.0
2005_09_SD_NYJ,LAC,12,124.0
2005_09_SD_NYJ,NYJ,5,35.0
2005_09_SEA_ARI,ARI,9,78.0
2005_09_SEA_ARI,SEA,6,52.0
2005_09_TEN_CLE,CLE,9,63.0
2005_09_TEN_CLE,TEN,2,15.0
2005_10_ARI_DET,ARI,9,80.0
2005_10_ARI_DET,DET,7,50.0
2005_10_BAL_JAX,BAL,9,86.0
2005_10_BAL_JAX,JAX,5,42.0
2005_10_CLE_PIT,CLE,9,75.0
2005_10_CLE_PIT,PIT,4,30.0
2005_10_DAL_PHI,DAL,4,31.0
2005_10_DAL_PHI,PHI,14,95.0
2005_10_DEN_OAK,DEN,4,30.0
2005_10_DEN_OAK,LV,9,58.0
2005_10_GB_ATL,ATL,8,58.0
2005_10_GB_ATL,GB,4,58.0
2005_10_HOU_IND,HOU,4,35.0
2005_10_HOU_IND,IND,6,50.0
2005_10_KC_BUF,BUF,5,37.0
2005_10_KC_BUF,KC,8,65.0
2005_10_MIN_NYG,MIN,6,80.0
2005_10_MIN_NYG,NYG,9,75.0
2005_10_NE_MIA,MIA,4,69.0
2005_10_NE_MIA,NE,6,38.0
2005_10_NYJ_CAR,CAR,3,25.0
2005_10_NYJ_CAR,NYJ,5,50.0
2005_10_SF_CHI,CHI,5,34.0
2005_10_SF_CHI,SF,10,80.0
2005_10_STL_SEA,LA,8,49.0
2005_10_STL_SEA,SEA,3,69.0
2005_10_WAS_TB,TB,2,15.0
2005_10_WAS_TB,WAS,6,41.0
2005_11_ARI_STL,ARI,10,111.0
2005_11_ARI_STL,LA,9,54.0
2005_11_BUF_SD,BUF,9,65.0
2005_11_BUF_SD,LAC,2,10.0
2005_11_CAR_CHI,CAR,7,62.0
2005_11_CAR_CHI,CHI,9,75.0
2005_11_DET_DAL,DAL,5,40.0
2005_11_DET_DAL,DET,17,129.0
2005_11_IND_CIN,CIN,9,85.0
2005_11_IND_CIN,IND,4,30.0
2005_11_JAX_TEN,JAX,3,15.0
2005_11_JAX_TEN,TEN,11,73.0
2005_11_KC_HOU,HOU,6,43.0
2005_11_KC_HOU,KC,5,30.0
2005_11_MIA_CLE,CLE,5,35.0
2005_11_MIA_CLE,MIA,7,43.0
2005_11_MIN_GB,GB,5,31.0
2005_11_MIN_GB,MIN,6,77.0
2005_11_NO_NE,NE,5,50.0
2005_11_NO_NE,NO,11,99.0
2005_11_NYJ_DEN,DEN,3,30.0
2005_11_NYJ_DEN,NYJ,7,41.0
2005_11_OAK_WAS,LV,10,101.0
2005_11_OAK_WAS,WAS,6,50.0
2005_11_PHI_NYG,NYG,6,58.0
2005_11_PHI_NYG,PHI,7,105.0
2005_11_PIT_BAL,BAL,11,70.0
2005_11_PIT_BAL,PIT,10,62.0
2005_11_SEA_SF,SEA,5,75.0
2005_11_SEA_SF,SF,6,34.0
2005_11_TB_ATL,ATL,11,87.0
2005_11_TB_ATL,TB,8,55.0
2005_12_ATL_DET,ATL,11,84.0
2005_12_ATL_DET,DET,9,50.0
2005_12_BAL_CIN,BAL,9,91.0
2005_12_BAL_CIN,CIN,5,45.0
2005_12_CAR_BUF,BUF,4,31.0
2005_12_CAR_BUF,CAR,4,20.0
2005_12_CHI_TB,CHI,4,35.0
2005_12_CHI_TB,TB,5,52.0
2005_12_CLE_MIN,CLE,6,30.0
2005_12_CLE_MIN,MIN,7,49.0
2005_12_DEN_DAL,DAL,7,40.0
2005_12_DEN_DAL,DEN,10,67.0
2005_12_GB_PHI,GB,7,40.0
2005_12_GB_PHI,PHI,7,50.0
2005_12_JAX_ARI,ARI,11,105.0
2005_12_JAX_ARI,JAX,11,81.0
2005_12_MIA_OAK,LV,13,90.0
2005_12_MIA_OAK,MIA,7,70.0
2005_12_NE_KC,KC,5,35.0
2005_12_NE_KC,NE,2,22.0
2005_12_NO_NYJ,NO,7,60.0
2005_12_NO_NYJ,NYJ,7,55.0
2005_12_NYG_SEA,NYG,16,114.0
2005_12_NYG_SEA,SEA,8,65.0
2005_12_PIT_IND,IND,12,106.0
2005_12_PIT_IND,PIT,10,62.0
2005_12_SD_WAS,LAC,6,40.0
2005_12_SD_WAS,WAS,7,60.0
2005_12_SF_TEN,SF,4,35.0
2005_12_SF_TEN,TEN,10,70.0
2005_12_STL_HOU,HOU,4,54.0
2005_12_STL_HOU,LA,9,65.0
2005_13_ARI_SF,ARI,11,80.0
2005_13_ARI_SF,SF,6,44.0
2005_13_ATL_CAR,ATL,4,37.0
2005_13_ATL_CAR,CAR,3,38.0
2005_13_BUF_MIA,BUF,7,55.0
2005_13_BUF_MIA,MIA,13,81.0
2005_13_CIN_PIT,CIN,4,30.0
2005_13_CIN_PIT,PIT,7,70.0
2005_13_DAL_NYG,DAL,7,46.0
2005_13_DAL_NYG,NYG,6,44.0
2005_13_DEN_KC,DEN,8,55.0
2005_13_DEN_KC,KC,6,45.0
2005_13_GB_CHI,CHI,4,61.0
2005_13_GB_CHI,GB,9,70.0
2005_13_HOU_BAL,BAL,8,71.0
2005_13_HOU_BAL,HOU,11,93.0
2005_13_JAX_CLE,CLE,7,97.0
2005_13_JAX_CLE,JAX,5,50.0
2005_13_MIN_DET,DET,3,30.0
2005_13_MIN_DET,MIN,11,94.0
2005_13_NYJ_NE,NE,7,68.0
2005_13_NYJ_NE,NYJ,7,60.0
2005_13_OAK_SD,LAC,1,15.0
2005_13_SEA_PHI,PHI,10,56.0
2005_13_SEA_PHI,SEA,2,10.0
2005_13_TB_NO,NO,5,35.0
2005_13_TB_NO,TB,5,26.0
2005_13_TEN_IND,IND,5,33.0
2005_13_TEN_IND,TEN,7,35.0
2005_13_WAS_STL,LA,4,30.0
2005_13_WAS_STL,WAS,8,76.0
2005_14_BAL_DEN,BAL,3,20.0
2005_14_BAL_DEN,DEN,4,31.0
2005_14_CHI_PIT,CHI,1,5.0
2005_14_CHI_PIT,PIT,7,55.0
2005_14_CLE_CIN,CIN,6,33.0
2005_14_CLE_CIN,CLE,7,45.0
2005_14_DET_GB,DET,5,50.0
2005_14_DET_GB,GB,5,25.0
2005_14_HOU_TEN,HOU,8,72.0
2005_14_HOU_TEN,TEN,4,56.0
2005_14_IND_JAX,IND,5,47.0
2005_14_IND_JAX,JAX,7,65.0
2005_14_KC_DAL,DAL,5,45.0
2005_14_KC_DAL,KC,3,17.0
2005_14_MIA_SD,LAC,7,49.0
2005_14_MIA_SD,MIA,3,12.0
2005_14_NE_BUF,BUF,7,50.0
2005_14_NE_BUF,NE,9,83.0
2005_14_NO_ATL,ATL,9,74.0
2005_14_NO_ATL,NO,10,107.0
2005_14_NYG_PHI,NYG,10,71.0
2005_14_NYG_PHI,PHI,9,101.0
2005_14_OAK_NYJ,LV,13,88.0
2005_14_OAK_NYJ,NYJ,5,69.0
2005_14_SF_SEA,SEA,8,54.0
2005_14_SF_SEA,SF,7,82.0
2005_14_STL_MIN,LA,9,60.0
2005_14_STL_MIN,MIN,5,60.0
2005_14_TB_CAR,CAR,5,35.0
2005_14_TB_CAR,TB,7,50.0
2005_14_WAS_ARI,ARI,8,65.0
2005_14_WAS_ARI,WAS,5,63.0
2005_15_ARI_HOU,ARI,7,69.0
2005_15_ARI_HOU,HOU,5,43.0
2005_15_ATL_CHI,ATL,6,75.0
2005_15_ATL_CHI,CHI,3,16.0
2005_15_CAR_NO,CAR,3,25.0
2005_15_CAR_NO,NO,9,72.0
2005_15_CIN_DET,CIN,4,40.0
2005_15_CIN_DET,DET,4,30.0
2005_15_CLE_OAK,CLE,1,15.0
2005_15_CLE_OAK,LV,7,45.0
2005_15_DAL_WAS,DAL,9,56.0
2005_15_DAL_WAS,WAS,7,55.0
2005_15_DEN_BUF,BUF,12,82.0
2005_15_DEN_BUF,DEN,9,90.0
2005_15_GB_BAL,BAL,7,71.0
2005_15_GB_BAL,GB,10,94.0
2005_15_KC_NYG,KC,9,75.0
2005_15_KC_NYG,NYG,7,70.0
2005_15_NYJ_MIA,MIA,8,92.0
2005_15_NYJ_MIA,NYJ,5,39.0
2005_15_PHI_STL,LA,15,115.0
2005_15_PHI_STL,PHI,13,115.0
2005_15_PIT_MIN,MIN,13,95.0
2005_15_PIT_MIN,PIT,12,129.0
2005_15_SD_IND,IND,8,67.0
2005_15_SD_IND,LAC,11,75.0
2005_15_SEA_TEN,SEA,4,38.0
2005_15_SEA_TEN,TEN,4,30.0
2005_15_SF_JAX,JAX,10,84.0
2005_15_SF_JAX,SF,8,56.0
2005_15_TB_NE,NE,8,54.0
2005_15_TB_NE,TB,8,58.0
2005_16_ATL_TB,ATL,7,85.0
2005_16_ATL_TB,TB,8,107.0
2005_16_BUF_CIN,BUF,6,55.0
2005_16_BUF_CIN,CIN,3,15.0
2005_16_CHI_GB,CHI,8,55.0
2005_16_CHI_GB,GB,9,69.0
2005_16_DAL_CAR,CAR,6,49.0
2005_16_DAL_CAR,DAL,5,44.0
2005_16_DET_NO,DET,11,65.0
2005_16_DET_NO,NO,4,17.0
2005_16_IND_SEA,IND,4,30.0
2005_16_IND_SEA,SEA,5,30.0
2005_16_JAX_HOU,HOU,7,40.0
2005_16_JAX_HOU,JAX,6,50.0
2005_16_MIN_BAL,BAL,7,35.0
2005_16_MIN_BAL,MIN,6,50.0
2005_16_NE_NYJ,NE,4,30.0
2005_16_NE_NYJ,NYJ,9,69.0
2005_16_NYG_WAS,NYG,9,64.0
2005_16_NYG_WAS,WAS,6,81.0
2005_16_OAK_DEN,DEN,5,25.0
2005_16_OAK_DEN,LV,6,41.0
2005_16_PHI_ARI,ARI,9,84.0
2005_16_PHI_ARI,PHI,10,103.0
2005_16_PIT_CLE,CLE,4,25.0
2005_16_PIT_CLE,PIT,3,30.0
2005_16_SD_KC,KC,7,48.0
2005_16_SD_KC,LAC,7,58.0
2005_16_SF_STL,LA,4,24.0
2005_16_SF_STL,SF,6,39.0
2005_16_TEN_MIA,MIA,4,30.0
2005_16_TEN_MIA,TEN,5,28.0
2005_17_ARI_IND,ARI,12,98.0
2005_17_ARI_IND,IND,7,50.0
2005_17_BAL_CLE,BAL,8,64.0
2005_17_BAL_CLE,CLE,9,64.0
2005_17_BUF_NYJ,BUF,3,30.0
2005_17_BUF_NYJ,NYJ,6,40.0
2005_17_CAR_ATL,ATL,7,70.0
2005_17_CAR_ATL,CAR,6,55.0
2005_17_CHI_MIN,CHI,8,45.0
2005_17_CHI_MIN,MIN,7,45.0
2005_17_CIN_KC,CIN,6,50.0
2005_17_CIN_KC,KC,9,80.0
2005_17_DEN_SD,DEN,4,22.0
2005_17_DEN_SD,LAC,8,70.0
2005_17_DET_PIT,DET,5,47.0
2005_17_DET_PIT,PIT,2,15.0
2005_17_HOU_SF,HOU,8,74.0
2005_17_HOU_SF,SF,5,32.0
2005_17_MIA_NE,MIA,9,77.0
2005_17_MIA_NE,NE,6,45.0
2005_17_NO_TB,NO,7,53.0
2005_17_NO_TB,TB,10,107.0
2005_17_NYG_OAK,LV,8,54.0
2005_17_NYG_OAK,NYG,9,70.0
2005_17_SEA_GB,GB,7,50.0
2005_17_SEA_GB,SEA,5,58.0
2005_17_STL_DAL,DAL,10,78.0
2005_17_STL_DAL,LA,7,40.0
2005_17_TEN_JAX,JAX,7,50.0
2005_17_TEN_JAX,TEN,18,140.0
2005_17_WAS_PHI,PHI,5,45.0
2005_17_WAS_PHI,WAS,7,60.0
2005_18_CAR_NYG,CAR,7,52.0
2005_18_CAR_NYG,NYG,2,15.0
2005_18_JAX_NE,JAX,8,40.0
2005_18_JAX_NE,NE,4,32.0
2005_18_PIT_CIN,CIN,7,90.0
2005_18_PIT_CIN,PIT,6,39.0
2005_18_WAS_TB,TB,3,30.0
2005_18_WAS_TB,WAS,4,30.0
2005_19_CAR_CHI,CAR,9,50.0
2005_19_CAR_CHI,CHI,4,19.0
2005_19_NE_DEN,DEN,4,24.0
2005_19_NE_DEN,NE,8,82.0
2005_19_PIT_IND,IND,9,67.0
2005_19_PIT_IND,PIT,2,8.0
2005_19_WAS_SEA,SEA,2,10.0
2005_19_WAS_SEA,WAS,7,50.0
2005_20_CAR_SEA,CAR,5,57.0
2005_20_CAR_SEA,SEA,7,63.0
2005_20_PIT_DEN,DEN,4,20.0
2005_20_PIT_DEN,PIT,8,61.0
2005_21_SEA_PIT,PIT,3,20.0
2005_21_SEA_PIT,SEA,7,70.0
2006_01_ATL_CAR,ATL,2,20.0
2006_01_ATL_CAR,CAR,8,45.0
2006_01_BAL_TB,BAL,4,25.0
2006_01_BAL_TB,TB,3,21.0
2006_01_BUF_NE,BUF,7,53.0
2006_01_BUF_NE,NE,1,5.0
2006_01_CHI_GB,CHI,4,25.0
2006_01_CHI_GB,GB,5,45.0
2006_01_CIN_KC,CIN,5,40.0
2006_01_CIN_KC,KC,5,40.0
2006_01_DAL_JAX,DAL,9,93.0
2006_01_DAL_JAX,JAX,2,41.0
2006_01_DEN_STL,DEN,4,30.0
2006_01_DEN_STL,LA,10,94.0
2006_01_IND_NYG,IND,3,20.0
2006_01_IND_NYG,NYG,10,64.0
2006_01_MIA_PIT,MIA,6,63.0
2006_01_MIA_PIT,PIT,1,10.0
2006_01_MIN_WAS,MIN,9,60.0
2006_01_MIN_WAS,WAS,7,55.0
2006_01_NO_CLE,CLE,4,35.0
2006_01_NO_CLE,NO,6,44.0
2006_01_NYJ_TEN,NYJ,8,53.0
2006_01_NYJ_TEN,TEN,8,70.0
2006_01_PHI_HOU,HOU,3,20.0
2006_01_PHI_HOU,PHI,5,51.0
2006_01_SD_OAK,LAC,3,25.0
2006_01_SD_OAK,LV,7,54.0
2006_01_SEA_DET,DET,7,61.0
2006_01_SEA_DET,SEA,8,55.0
2006_01_SF_ARI,ARI,11,85.0
2006_01_SF_ARI,SF,8,62.0
2006_02_ARI_SEA,ARI,11,66.0
2006_02_ARI_SEA,SEA,7,73.0
2006_02_BUF_MIA,BUF,4,30.0
2006_02_BUF_MIA,MIA,6,75.0
2006_02_CAR_MIN,CAR,6,32.0
2006_02_CAR_MIN,MIN,9,54.0
2006_02_CLE_CIN,CIN,9,49.0
2006_02_CLE_CIN,CLE,2,27.0
2006_02_DET_CHI,CHI,6,93.0
2006_02_DET_CHI,DET,14,104.0
2006_02_HOU_IND,HOU,8,58.0
2006_02_HOU_IND,IND,7,60.0
2006_02_KC_DEN,KC,4,26.0
2006_02_NE_NYJ,NE,6,64.0
2006_02_NE_NYJ,NYJ,4,48.0
2006_02_NO_GB,GB,5,31.0
2006_02_NO_GB,NO,2,14.0
2006_02_NYG_PHI,NYG,9,75.0
2006_02_NYG_PHI,PHI,10,66.0
2006_02_OAK_BAL,BAL,9,65.0
2006_02_OAK_BAL,LV,6,45.0
2006_02_PIT_JAX,JAX,10,86.0
2006_02_PIT_JAX,PIT,3,25.0
2006_02_STL_SF,LA,6,40.0
2006_02_STL_SF,SF,2,20.0
2006_02_TB_ATL,ATL,8,83.0
2006_02_TB_ATL,TB,8,99.0
2006_02_TEN_SD,LAC,7,53.0
2006_02_TEN_SD,TEN,6,55.0
2006_02_WAS_DAL,DAL,9,90.0
2006_02_WAS_DAL,WAS,11,117.0
2006_03_ATL_NO,ATL,5,43.0
2006_03_ATL_NO,NO,4,40.0
2006_03_BAL_CLE,BAL,5,30.0
2006_03_BAL_CLE,CLE,2,17.0
2006_03_CAR_TB,CAR,7,40.0
2006_03_CAR_TB,TB,6,56.0
2006_03_CHI_MIN,CHI,10,82.0
2006_03_CHI_MIN,MIN,8,83.0
2006_03_CIN_PIT,CIN,5,45.0
2006_03_CIN_PIT,PIT,2,25.0
2006_03_DEN_NE,DEN,7,52.0
2006_03_DEN_NE,NE,6,78.0
2006_03_GB_DET,DET,6,46.0
2006_03_GB_DET,GB,5,30.0
2006_03_JAX_IND,IND,4,35.0
2006_03_JAX_IND,JAX,4,38.0
2006_03_NYG_SEA,NYG,8,63.0
2006_03_NYG_SEA,SEA,4,22.0
2006_03_NYJ_BUF,BUF,6,43.0
2006_03_NYJ_BUF,NYJ,8,52.0
2006_03_PHI_SF,PHI,9,72.0
2006_03_PHI_SF,SF,8,64.0
2006_03_STL_ARI,ARI,5,52.0
2006_03_STL_ARI,LA,5,25.0
2006_03_TEN_MIA,MIA,5,29.0
2006_03_TEN_MIA,TEN,6,47.0
2006_03_WAS_HOU,HOU,7,57.0
2006_03_WAS_HOU,WAS,12,126.0
2006_04_ARI_ATL,ARI,4,19.0
2006_04_ARI_ATL,ATL,5,40.0
2006_04_CLE_OAK,CLE,4,37.0
2006_04_CLE_OAK,LV,6,47.0
2006_04_DAL_TEN,DAL,5,61.0
2006_04_DAL_TEN,TEN,4,40.0
2006_04_DET_STL,DET,4,70.0
2006_04_DET_STL,LA,7,51.0
2006_04_GB_PHI,GB,7,62.0
2006_04_GB_PHI,PHI,5,53.0
2006_04_IND_NYJ,IND,10,64.0
2006_04_IND_NYJ,NYJ,5,47.0
2006_04_JAX_WAS,JAX,4,35.0
2006_04_JAX_WAS,WAS,4,40.0
2006_04_MIA_HOU,HOU,2,15.0
2006_04_MIA_HOU,MIA,5,35.0
2006_04_MIN_BUF,BUF,15,104.0
2006_04_MIN_BUF,MIN,12,78.0
2006_04_NE_CIN,CIN,9,74.0
2006_04_NE_CIN,NE,7,61.0
2006_04_NO_CAR,CAR,7,48.0
2006_04_NO_CAR,NO,5,38.0
2006_04_SD_BAL,BAL,4,30.0
2006_04_SD_BAL,LAC,10,77.0
2006_04_SEA_CHI,CHI,5,60.0
2006_04_SEA_CHI,SEA,7,59.0
2006_04_SF_KC,KC,3,30.0
2006_04_SF_KC,SF,6,73.0
2006_05_BAL_DEN,BAL,3,15.0
2006_05_BAL_DEN,DEN,3,25.0
2006_05_BUF_CHI,BUF,7,44.0
2006_05_BUF_CHI,CHI,4,21.0
2006_05_CLE_CAR,CAR,4,34.0
2006_05_CLE_CAR,CLE,7,70.0
2006_05_DAL_PHI,DAL,7,49.0
2006_05_DAL_PHI,PHI,3,67.0
2006_05_DET_MIN,DET,7,50.0
2006_05_DET_MIN,MIN,5,40.0
2006_05_KC_ARI,ARI,7,50.0
2006_05_KC_ARI,KC,5,49.0
2006_05_MIA_NE,MIA,10,81.0
2006_05_MIA_NE,NE,7,59.0
2006_05_NYJ_JAX,JAX,9,62.0
2006_05_NYJ_JAX,NYJ,6,59.0
2006_05_OAK_SF,LV,5,35.0
2006_05_OAK_SF,SF,3,20.0
2006_05_PIT_SD,LAC,2,10.0
2006_05_PIT_SD,PIT,4,30.0
2006_05_STL_GB,GB,4,41.0
2006_05_STL_GB,LA,10,78.0
2006_05_TB_NO,NO,9,49.0
2006_05_TB_NO,TB,8,66.0
2006_05_TEN_IND,IND,5,45.0
2006_05_TEN_IND,TEN,6,36.0
2006_05_WAS_NYG,NYG,8,76.0
2006_05_WAS_NYG,WAS,5,35.0
2006_06_BUF_DET,BUF,2,20.0
2006_06_BUF_DET,DET,6,40.0
2006_06_CAR_BAL,BAL,5,40.0
2006_06_CAR_BAL,CAR,4,20.0
2006_06_CHI_ARI,ARI,9,65.0
2006_06_CHI_ARI,CHI,6,50.0
2006_06_CIN_TB,CIN,10,84.0
2006_06_CIN_TB,TB,9,75.0
2006_06_HOU_DAL,DAL,9,73.0
2006_06_HOU_DAL,HOU,7,42.0
2006_06_KC_PIT,KC,6,50.0
2006_06_KC_PIT,PIT,5,41.0
2006_06_MIA_NYJ,MIA,6,61.0
2006_06_MIA_NYJ,NYJ,8,70.0
2006_06_NYG_ATL,ATL,4,40.0
2006_06_NYG_ATL,NYG,5,45.0
2006_06_OAK_DEN,DEN,5,39.0
2006_06_OAK_DEN,LV,13,95.0
2006_06_PHI_NO,NO,7,64.0
2006_06_PHI_NO,PHI,8,67.0
2006_06_SD_SF,LAC,6,51.0
2006_06_SD_SF,SF,9,116.0
2006_06_SEA_STL,LA,6,72.0
2006_06_SEA_STL,SEA,10,65.0
2006_06_TEN_WAS,TEN,5,51.0
2006_06_TEN_WAS,WAS,6,46.0
2006_07_ARI_OAK,ARI,4,25.0
2006_07_ARI_OAK,LV,8,70.0
2006_07_CAR_CIN,CAR,8,41.0
2006_07_CAR_CIN,CIN,5,55.0
2006_07_DEN_CLE,CLE,2,10.0
2006_07_DEN_CLE,DEN,3,30.0
2006_07_DET_NYJ,DET,9,60.0
2006_07_DET_NYJ,NYJ,2,20.0
2006_07_GB_MIA,GB,9,74.0
2006_07_GB_MIA,MIA,8,70.0
2006_07_JAX_HOU,HOU,3,17.0
2006_07_JAX_HOU,JAX,7,35.0
2006_07_MIN_SEA,MIN,5,45.0
2006_07_MIN_SEA,SEA,5,30.0
2006_07_NE_BUF,BUF,9,67.0
2006_07_NE_BUF,NE,3,25.0
2006_07_NYG_DAL,DAL,1,5.0
2006_07_NYG_DAL,NYG,3,24.0
2006_07_PHI_TB,PHI,6,50.0
2006_07_PHI_TB,TB,2,15.0
2006_07_PIT_ATL,ATL,6,40.0
2006_07_PIT_ATL,PIT,9,65.0
2006_07_SD_KC,KC,6,50.0
2006_07_SD_KC,LAC,7,60.0
2006_07_WAS_IND,IND,3,27.0
2006_07_WAS_IND,WAS,10,91.0
2006_08_ARI_GB,ARI,9,68.0
2006_08_ARI_GB,GB,10,65.0
2006_08_ATL_CIN,ATL,9,75.0
2006_08_ATL_CIN,CIN,4,30.0
2006_08_BAL_NO,BAL,9,69.0
2006_08_BAL_NO,NO,10,68.0
2006_08_DAL_CAR,CAR,5,44.0
2006_08_DAL_CAR,DAL,9,86.0
2006_08_HOU_TEN,HOU,10,74.0
2006_08_HOU_TEN,TEN,8,64.0
2006_08_IND_DEN,DEN,3,24.0
2006_08_IND_DEN,IND,5,55.0
2006_08_JAX_PHI,JAX,5,44.0
2006_08_JAX_PHI,PHI,8,50.0
2006_08_NE_MIN,MIN,6,39.0
2006_08_NE_MIN,NE,9,85.0
2006_08_NYJ_CLE,CLE,3,42.0
2006_08_NYJ_CLE,NYJ,1,5.0
2006_08_PIT_OAK,LV,5,45.0
2006_08_PIT_OAK,PIT,6,70.0
2006_08_SEA_KC,KC,6,40.0
2006_08_SEA_KC,SEA,4,35.0
2006_08_SF_CHI,CHI,5,49.0
2006_08_SF_CHI,SF,5,38.0
2006_08_STL_SD,LA,4,20.0
2006_08_STL_SD,LAC,3,43.0
2006_08_TB_NYG,NYG,4,40.0
2006_08_TB_NYG,TB,3,30.0
2006_09_ATL_DET,ATL,9,76.0
2006_09_ATL_DET,DET,10,71.0
2006_09_CIN_BAL,BAL,8,81.0
2006_09_CIN_BAL,CIN,4,40.0
2006_09_CLE_SD,CLE,6,50.0
2006_09_CLE_SD,LAC,12,113.0
2006_09_DAL_WAS,DAL,11,153.0
2006_09_DAL_WAS,WAS,5,41.0
2006_09_DEN_PIT,DEN,8,60.0
2006_09_DEN_PIT,PIT,5,50.0
2006_09_GB_BUF,BUF,8,50.0
2006_09_GB_BUF,GB,5,36.0
2006_09_HOU_NYG,HOU,8,65.0
2006_09_HOU_NYG,NYG,6,53.0
2006_09_IND_NE,IND,7,68.0
2006_09_IND_NE,NE,8,81.0
2006_09_KC_STL,KC,5,23.0
2006_09_KC_STL,LA,8,67.0
2006_09_MIA_CHI,CHI,7,45.0
2006_09_MIA_CHI,MIA,11,69.0
2006_09_MIN_SF,MIN,6,65.0
2006_09_MIN_SF,SF,5,56.0
2006_09_NO_TB,NO,4,25.0
2006_09_NO_TB,TB,4,25.0
2006_09_OAK_SEA,LV,8,60.0
2006_09_OAK_SEA,SEA,10,80.0
2006_09_TEN_JAX,JAX,4,20.0
2006_09_TEN_JAX,TEN,4,20.0
2006_10_BAL_TEN,BAL,8,91.0
2006_10_BAL_TEN,TEN,3,20.0
2006_10_BUF_IND,BUF,5,40.0
2006_10_BUF_IND,IND,6,54.0
2006_10_CHI_NYG,CHI,9,80.0
2006_10_CHI_NYG,NYG,10,96.0
2006_10_CLE_ATL,ATL,8,76.0
2006_10_CLE_ATL,CLE,7,52.0
2006_10_DAL_ARI,ARI,5,35.0
2006_10_DAL_ARI,DAL,8,69.0
2006_10_DEN_OAK,DEN,4,15.0
2006_10_DEN_OAK,LV,3,25.0
2006_10_GB_MIN,GB,5,34.0
2006_10_GB_MIN,MIN,7,49.0
2006_10_HOU_JAX,HOU,6,51.0
2006_10_HOU_JAX,JAX,9,65.0
2006_10_KC_MIA,KC,7,65.0
2006_10_KC_MIA,MIA,1,3.0
2006_10_NO_PIT,NO,3,25.0
2006_10_NO_PIT,PIT,5,34.0
2006_10_NYJ_NE,NE,4,30.0
2006_10_NYJ_NE,NYJ,4,28.0
2006_10_SD_CIN,CIN,5,44.0
2006_10_SD_CIN,LAC,4,45.0
2006_10_SF_DET,DET,5,40.0
2006_10_SF_DET,SF,5,51.0
2006_10_STL_SEA,LA,7,58.0
2006_10_STL_SEA,SEA,3,16.0
2006_10_TB_CAR,CAR,9,70.0
2006_10_TB_CAR,TB,9,71.0
2006_10_WAS_PHI,PHI,7,65.0
2006_10_WAS_PHI,WAS,8,70.0
2006_11_ATL_BAL,ATL,4,47.0
2006_11_ATL_BAL,BAL,7,56.0
2006_11_BUF_HOU,BUF,3,17.0
2006_11_BUF_HOU,HOU,5,40.0
2006_11_CHI_NYJ,CHI,10,65.0
2006_11_CHI_NYJ,NYJ,6,40.0
2006_11_CIN_NO,CIN,2,10.0
2006_11_CIN_NO,NO,4,25.0
2006_11_DET_ARI,ARI,4,34.0
2006_11_DET_ARI,DET,4,28.0
2006_11_IND_DAL,DAL,7,53.0
2006_11_IND_DAL,IND,5,35.0
2006_11_MIN_MIA,MIA,5,40.0
2006_11_MIN_MIA,MIN,6,49.0
2006_11_NE_GB,GB,3,32.0
2006_11_NE_GB,NE,6,38.0
2006_11_NYG_JAX,JAX,9,65.0
2006_11_NYG_JAX,NYG,5,35.0
2006_11_OAK_KC,KC,4,20.0
2006_11_OAK_KC,LV,8,65.0
2006_11_PIT_CLE,CLE,7,57.0
2006_11_PIT_CLE,PIT,5,50.0
2006_11_SD_DEN,DEN,5,45.0
2006_11_SD_DEN,LAC,5,35.0
2006_11_SEA_SF,SEA,5,30.0
2006_11_SEA_SF,SF,5,39.0
2006_11_STL_CAR,CAR,9,80.0
2006_11_STL_CAR,LA,6,40.0
2006_11_TEN_PHI,PHI,8,64.0
2006_11_TEN_PHI,TEN,2,15.0
2006_11_WAS_TB,TB,4,35.0
2006_11_WAS_TB,WAS,3,19.0
2006_12_ARI_MIN,ARI,8,64.0
2006_12_ARI_MIN,MIN,8,63.0
2006_12_CAR_WAS,CAR,4,40.0
2006_12_CAR_WAS,WAS,6,40.0
2006_12_CHI_NE,CHI,5,31.0
2006_12_CHI_NE,NE,4,81.0
2006_12_CIN_CLE,CIN,8,75.0
2006_12_CIN_CLE,CLE,9,93.0
2006_12_DEN_KC,DEN,7,44.0
2006_12_DEN_KC,KC,4,25.0
2006_12_GB_SEA,GB,10,61.0
2006_12_GB_SEA,SEA,4,25.0
2006_12_HOU_NYJ,HOU,7,77.0
2006_12_HOU_NYJ,NYJ,1,5.0
2006_12_JAX_BUF,BUF,4,55.0
2006_12_JAX_BUF,JAX,10,108.0
2006_12_MIA_DET,DET,7,55.0
2006_12_MIA_DET,MIA,11,100.0
2006_12_NO_ATL,ATL,7,65.0
2006_12_NO_ATL,NO,5,35.0
2006_12_NYG_TEN,NYG,5,43.0
2006_12_NYG_TEN,TEN,3,30.0
2006_12_OAK_SD,LAC,5,49.0
2006_12_OAK_SD,LV,8,56.0
2006_12_PHI_IND,IND,4,30.0
2006_12_PHI_IND,PHI,3,15.0
2006_12_PIT_BAL,BAL,10,87.0
2006_12_PIT_BAL,PIT,4,28.0
2006_12_SF_STL,LA,5,35.0
2006_12_SF_STL,SF,5,34.0
2006_12_TB_DAL,DAL,2,19.0
2006_12_TB_DAL,TB,5,55.0
2006_13_ARI_STL,ARI,11,107.0
2006_13_ARI_STL,LA,10,126.0
2006_13_ATL_WAS,ATL,6,60.0
2006_13_ATL_WAS,WAS,3,30.0
2006_13_BAL_CIN,BAL,9,64.0
2006_13_BAL_CIN,CIN,5,35.0
2006_13_CAR_PHI,CAR,7,67.0
2006_13_CAR_PHI,PHI,8,72.0
2006_13_DAL_NYG,DAL,7,58.0
2006_13_DAL_NYG,NYG,9,94.0
2006_13_DET_NE,DET,7,70.0
2006_13_DET_NE,NE,10,72.0
2006_13_HOU_OAK,HOU,5,46.0
2006_13_HOU_OAK,LV,7,60.0
2006_13_IND_TEN,IND,8,59.0
2006_13_IND_TEN,TEN,5,34.0
2006_13_JAX_MIA,JAX,7,60.0
2006_13_JAX_MIA,MIA,1,10.0
2006_13_KC_CLE,CLE,3,15.0
2006_13_KC_CLE,KC,3,29.0
2006_13_MIN_CHI,CHI,9,65.0
2006_13_MIN_CHI,MIN,12,69.0
2006_13_NYJ_GB,GB,4,29.0
2006_13_NYJ_GB,NYJ,3,20.0
2006_13_SD_BUF,BUF,2,10.0
2006_13_SD_BUF,LAC,3,30.0
2006_13_SEA_DEN,DEN,3,25.0
2006_13_SEA_DEN,SEA,10,80.0
2006_13_SF_NO,NO,3,47.0
2006_13_SF_NO,SF,7,37.0
2006_13_TB_PIT,PIT,2,15.0
2006_13_TB_PIT,TB,5,40.0
2006_14_ATL_TB,ATL,2,10.0
2006_14_ATL_TB,TB,2,10.0
2006_14_BAL_KC,BAL,6,75.0
2006_14_BAL_KC,KC,6,35.0
2006_14_BUF_NYJ,BUF,2,10.0
2006_14_BUF_NYJ,NYJ,3,15.0
2006_14_CHI_STL,CHI,11,86.0
2006_14_CHI_STL,LA,11,91.0
2006_14_CLE_PIT,CLE,5,60.0
2006_14_CLE_PIT,PIT,4,25.0
2006_14_DEN_SD,DEN,2,10.0
2006_14_DEN_SD,LAC,5,38.0
2006_14_GB_SF,GB,2,10.0
2006_14_GB_SF,SF,4,25.0
2006_14_IND_JAX,IND,7,71.0
2006_14_IND_JAX,JAX,3,31.0
2006_14_MIN_DET,DET,6,50.0
2006_14_MIN_DET,MIN,7,50.0
2006_14_NE_MIA,MIA,3,30.0
2006_14_NE_MIA,NE,9,71.0
2006_14_NO_DAL,DAL,6,43.0
2006_14_NO_DAL,NO,7,54.0
2006_14_NYG_CAR,CAR,7,37.0
2006_14_NYG_CAR,NYG,2,10.0
2006_14_OAK_CIN,CIN,5,40.0
2006_14_OAK_CIN,LV,6,38.0
2006_14_PHI_WAS,PHI,2,20.0
2006_14_PHI_WAS,WAS,11,68.0
2006_14_SEA_ARI,ARI,9,77.0
2006_14_SEA_ARI,SEA,6,40.0
2006_14_TEN_HOU,HOU,7,64.0
2006_14_TEN_HOU,TEN,8,66.0
2006_15_CIN_IND,CIN,2,10.0
2006_15_CIN_IND,IND,5,35.0
2006_15_CLE_BAL,BAL,4,30.0
2006_15_CLE_BAL,CLE,7,50.0
2006_15_DAL_ATL,ATL,8,68.0
2006_15_DAL_ATL,DAL,4,32.0
2006_15_DEN_ARI,ARI,6,52.0
2006_15_DEN_ARI,DEN,1,5.0
2006_15_DET_GB,DET,6,37.0
2006_15_DET_GB,GB,9,69.0
2006_15_HOU_NE,HOU,4,66.0
2006_15_HOU_NE,NE,2,10.0
2006_15_JAX_TEN,JAX,2,25.0
2006_15_JAX_TEN,TEN,4,40.0
2006_15_KC_SD,KC,3,23.0
2006_15_KC_SD,LAC,7,61.0
2006_15_MIA_BUF,BUF,5,17.0
2006_15_MIA_BUF,MIA,2,25.0
2006_15_NYJ_MIN,MIN,8,56.0
2006_15_NYJ_MIN,NYJ,7,55.0
2006_15_PHI_NYG,NYG,5,55.0
2006_15_PHI_NYG,PHI,12,103.0
2006_15_PIT_CAR,CAR,8,65.0
2006_15_PIT_CAR,PIT,2,10.0
2006_15_SF_SEA,SEA,3,20.0
2006_15_SF_SEA,SF,10,87.0
2006_15_STL_OAK,LA,10,56.0
2006_15_STL_OAK,LV,9,75.0
2006_15_TB_CHI,CHI,8,79.0
2006_15_TB_CHI,TB,9,73.0
2006_15_WAS_NO,NO,4,16.0
2006_15_WAS_NO,WAS,3,15.0
2006_16_ARI_SF,ARI,5,45.0
2006_16_ARI_SF,SF,3,35.0
2006_16_BAL_PIT,BAL,12,89.0
2006_16_BAL_PIT,PIT,5,32.0
2006_16_CAR_ATL,ATL,4,35.0
2006_16_CAR_ATL,CAR,8,62.0
2006_16_CHI_DET,CHI,7,48.0
2006_16_CHI_DET,DET,11,92.0
2006_16_CIN_DEN,CIN,8,46.0
2006_16_CIN_DEN,DEN,3,10.0
2006_16_IND_HOU,HOU,4,25.0
2006_16_IND_HOU,IND,2,15.0
2006_16_KC_OAK,KC,4,40.0
2006_16_KC_OAK,LV,6,45.0
2006_16_MIN_GB,GB,4,35.0
2006_16_MIN_GB,MIN,10,68.0
2006_16_NE_JAX,JAX,7,60.0
2006_16_NE_JAX,NE,7,51.0
2006_16_NO_NYG,NO,2,15.0
2006_16_NO_NYG,NYG,7,67.0
2006_16_NYJ_MIA,MIA,6,68.0
2006_16_NYJ_MIA,NYJ,1,12.0
2006_16_PHI_DAL,DAL,2,10.0
2006_16_PHI_DAL,PHI,6,45.0
2006_16_SD_SEA,LAC,10,85.0
2006_16_SD_SEA,SEA,6,50.0
2006_16_TB_CLE,CLE,1,15.0
2006_16_TB_CLE,TB,2,10.0
2006_16_TEN_BUF,BUF,5,50.0
2006_16_TEN_BUF,TEN,11,81.0
2006_16_WAS_STL,LA,6,30.0
2006_16_WAS_STL,WAS,2,58.0
2006_17_ARI_SD,ARI,9,93.0
2006_17_ARI_SD,LAC,1,15.0
2006_17_ATL_PHI,ATL,9,99.0
2006_17_ATL_PHI,PHI,11,108.0
2006_17_BUF_BAL,BAL,5,24.0
2006_17_BUF_BAL,BUF,3,19.0
2006_17_CAR_NO,CAR,2,19.0
2006_17_CAR_NO,NO,4,38.0
2006_17_CLE_HOU,CLE,5,57.0
2006_17_CLE_HOU,HOU,4,31.0
2006_17_DET_DAL,DAL,4,45.0
2006_17_DET_DAL,DET,7,65.0
2006_17_GB_CHI,CHI,6,44.0
2006_17_GB_CHI,GB,3,35.0
2006_17_JAX_KC,JAX,5,35.0
2006_17_JAX_KC,KC,5,32.0
2006_17_MIA_IND,IND,5,45.0
2006_17_MIA_IND,MIA,3,20.0
2006_17_NE_TEN,NE,9,129.0
2006_17_NE_TEN,TEN,10,119.0
2006_17_NYG_WAS,NYG,5,41.0
2006_17_NYG_WAS,WAS,10,100.0
2006_17_OAK_NYJ,LV,6,32.0
2006_17_OAK_NYJ,NYJ,3,31.0
2006_17_PIT_CIN,CIN,6,40.0
2006_17_PIT_CIN,PIT,7,101.0
2006_17_SEA_TB,SEA,3,20.0
2006_17_SEA_TB,TB,8,51.0
2006_17_SF_DEN,DEN,8,49.0
2006_17_SF_DEN,SF,8,61.0
2006_17_STL_MIN,LA,4,62.0
2006_17_STL_MIN,MIN,5,35.0
2006_18_DAL_SEA,DAL,8,74.0
2006_18_DAL_SEA,SEA,3,15.0
2006_18_KC_IND,IND,3,40.0
2006_18_KC_IND,KC,2,13.0
2006_18_NYG_PHI,NYG,9,55.0
2006_18_NYG_PHI,PHI,6,77.0
2006_18_NYJ_NE,NE,7,59.0
2006_18_NYJ_NE,NYJ,4,47.0
2006_19_IND_BAL,BAL,6,39.0
2006_19_IND_BAL,IND,3,19.0
2006_19_NE_SD,LAC,6,64.0
2006_19_NE_SD,NE,4,45.0
2006_19_PHI_NO,NO,3,35.0
2006_19_PHI_NO,PHI,6,39.0
2006_19_SEA_CHI,CHI,5,40.0
2006_19_SEA_CHI,SEA,4,16.0
2006_20_NE_IND,IND,4,32.0
2006_20_NE_IND,NE,8,63.0
2006_20_NO_CHI,CHI,1,5.0
2006_20_NO_CHI,NO,7,47.0
2006_21_IND_CHI,CHI,4,35.0
2006_21_IND_CHI,IND,6,40.0
2007_01_ARI_SF,ARI,10,71.0
2007_01_ARI_SF,SF,6,40.0
2007_01_ATL_MIN,ATL,6,40.0
2007_01_ATL_MIN,MIN,4,35.0
2007_01_BAL_CIN,BAL,10,86.0
2007_01_BAL_CIN,CIN,5,41.0
2007_01_CAR_STL,CAR,7,75.0
2007_01_CAR_STL,LA,8,82.0
2007_01_CHI_SD,CHI,4,38.0
2007_01_CHI_SD,LAC,3,20.0
2007_01_DEN_BUF,BUF,5,40.0
2007_01_DEN_BUF,DEN,3,31.0
2007_01_DET_OAK,DET,6,35.0
2007_01_DET_OAK,LV,8,50.0
2007_01_KC_HOU,HOU,6,45.0
2007_01_KC_HOU,KC,5,40.0
2007_01_MIA_WAS,MIA,8,61.0
2007_01_MIA_WAS,WAS,7,65.0
2007_01_NE_NYJ,NE,4,16.0
2007_01_NE_NYJ,NYJ,2,20.0
2007_01_NO_IND,IND,6,30.0
2007_01_NO_IND,NO,4,20.0
2007_01_NYG_DAL,DAL,7,55.0
2007_01_NYG_DAL,NYG,4,45.0
2007_01_PHI_GB,GB,6,35.0
2007_01_PHI_GB,PHI,8,76.0
2007_01_PIT_CLE,CLE,6,51.0
2007_01_PIT_CLE,PIT,6,45.0
2007_01_TB_SEA,SEA,3,35.0
2007_01_TB_SEA,TB,5,37.0
2007_01_TEN_JAX,JAX,4,45.0
2007_01_TEN_JAX,TEN,4,29.0
2007_02_ATL_JAX,ATL,5,44.0
2007_02_ATL_JAX,JAX,11,91.0
2007_02_BUF_PIT,BUF,5,55.0
2007_02_BUF_PIT,PIT,2,9.0
2007_02_CIN_CLE,CIN,3,15.0
2007_02_CIN_CLE,CLE,6,45.0
2007_02_DAL_MIA,DAL,11,101.0
2007_02_DAL_MIA,MIA,7,57.0
2007_02_GB_NYG,GB,8,63.0
2007_02_GB_NYG,NYG,6,71.0
2007_02_HOU_CAR,CAR,5,35.0
2007_02_HOU_CAR,HOU,5,40.0
2007_02_IND_TEN,IND,5,44.0
2007_02_IND_TEN,TEN,4,40.0
2007_02_KC_CHI,CHI,5,55.0
2007_02_KC_CHI,KC,9,60.0
2007_02_MIN_DET,DET,7,44.0
2007_02_MIN_DET,MIN,12,96.0
2007_02_NO_TB,NO,3,35.0
2007_02_NO_TB,TB,2,10.0
2007_02_NYJ_BAL,BAL,11,100.0
2007_02_NYJ_BAL,NYJ,2,10.0
2007_02_OAK_DEN,DEN,6,34.0
2007_02_OAK_DEN,LV,10,70.0
2007_02_SD_NE,LAC,7,75.0
2007_02_SD_NE,NE,6,67.0
2007_02_SEA_ARI,ARI,7,55.0
2007_02_SEA_ARI,SEA,4,25.0
2007_02_SF_STL,LA,4,34.0
2007_02_SF_STL,SF,3,21.0
2007_02_WAS_PHI,PHI,2,15.0
2007_02_WAS_PHI,WAS,5,25.0
2007_03_ARI_BAL,ARI,6,65.0
2007_03_ARI_BAL,BAL,5,40.0
2007_03_BUF_NE,BUF,5,30.0
2007_03_BUF_NE,NE,2,20.0
2007_03_CAR_ATL,ATL,10,135.0
2007_03_CAR_ATL,CAR,3,45.0
2007_03_CIN_SEA,CIN,10,72.0
2007_03_CIN_SEA,SEA,3,20.0
2007_03_CLE_OAK,CLE,9,64.0
2007_03_CLE_OAK,LV,7,55.0
2007_03_DAL_CHI,CHI,5,28.0
2007_03_DAL_CHI,DAL,12,100.0
2007_03_DET_PHI,DET,9,65.0
2007_03_DET_PHI,PHI,5,35.0
2007_03_IND_HOU,HOU,2,15.0
2007_03_IND_HOU,IND,5,30.0
2007_03_JAX_DEN,DEN,6,36.0
2007_03_JAX_DEN,JAX,3,14.0
2007_03_MIA_NYJ,MIA,9,56.0
2007_03_MIA_NYJ,NYJ,5,26.0
2007_03_MIN_KC,KC,10,61.0
2007_03_MIN_KC,MIN,6,45.0
2007_03_NYG_WAS,NYG,3,15.0
2007_03_NYG_WAS,WAS,6,37.0
2007_03_SD_GB,GB,5,38.0
2007_03_SD_GB,LAC,8,70.0
2007_03_SF_PIT,PIT,3,13.0
2007_03_SF_PIT,SF,2,10.0
2007_03_STL_TB,LA,3,10.0
2007_03_STL_TB,TB,5,40.0
2007_03_TEN_NO,NO,2,15.0
2007_03_TEN_NO,TEN,8,49.0
2007_04_BAL_CLE,BAL,7,41.0
2007_04_BAL_CLE,CLE,6,41.0
2007_04_CHI_DET,CHI,14,102.0
2007_04_CHI_DET,DET,9,59.0
2007_04_DEN_IND,DEN,4,32.0
2007_04_DEN_IND,IND,2,10.0
2007_04_GB_MIN,GB,6,40.0
2007_04_GB_MIN,MIN,7,40.0
2007_04_HOU_ATL,ATL,2,20.0
2007_04_HOU_ATL,HOU,7,78.0
2007_04_KC_SD,KC,4,28.0
2007_04_KC_SD,LAC,4,21.0
2007_04_NE_CIN,CIN,8,65.0
2007_04_NE_CIN,NE,3,20.0
2007_04_NYJ_BUF,BUF,6,38.0
2007_04_NYJ_BUF,NYJ,9,65.0
2007_04_OAK_MIA,LV,2,15.0
2007_04_OAK_MIA,MIA,5,34.0
2007_04_PHI_NYG,NYG,4,27.0
2007_04_PHI_NYG,PHI,15,132.0
2007_04_PIT_ARI,ARI,5,30.0
2007_04_PIT_ARI,PIT,11,72.0
2007_04_SEA_SF,SEA,3,15.0
2007_04_SEA_SF,SF,9,65.0
2007_04_STL_DAL,DAL,2,10.0
2007_04_STL_DAL,LA,7,50.0
2007_04_TB_CAR,CAR,7,65.0
2007_04_TB_CAR,TB,1,5.0
2007_05_ARI_STL,ARI,11,98.0
2007_05_ARI_STL,LA,8,71.0
2007_05_ATL_TEN,ATL,8,66.0
2007_05_ATL_TEN,TEN,6,40.0
2007_05_BAL_SF,BAL,7,40.0
2007_05_BAL_SF,SF,4,48.0
2007_05_CAR_NO,CAR,7,59.0
2007_05_CAR_NO,NO,5,35.0
2007_05_CHI_GB,CHI,6,40.0
2007_05_CHI_GB,GB,12,93.0
2007_05_CLE_NE,CLE,7,40.0
2007_05_CLE_NE,NE,6,52.0
2007_05_DAL_BUF,BUF,5,49.0
2007_05_DAL_BUF,DAL,5,31.0
2007_05_DET_WAS,DET,4,20.0
2007_05_DET_WAS,WAS,4,50.0
2007_05_JAX_KC,JAX,5,30.0
2007_05_JAX_KC,KC,3,25.0
2007_05_MIA_HOU,HOU,6,60.0
2007_05_MIA_HOU,MIA,6,50.0
2007_05_NYJ_NYG,NYG,3,37.0
2007_05_NYJ_NYG,NYJ,6,40.0
2007_05_SD_DEN,DEN,3,18.0
2007_05_SD_DEN,LAC,6,45.0
2007_05_SEA_PIT,PIT,6,64.0
2007_05_SEA_PIT,SEA,4,25.0
2007_05_TB_IND,IND,2,15.0
2007_05_TB_IND,TB,3,21.0
2007_06_CAR_ARI,ARI,11,103.0
2007_06_CAR_ARI,CAR,9,65.0
2007_06_CIN_KC,CIN,6,59.0
2007_06_CIN_KC,KC,9,55.0
2007_06_HOU_JAX,HOU,8,58.0
2007_06_HOU_JAX,JAX,3,28.0
2007_06_MIA_CLE,CLE,5,32.0
2007_06_MIA_CLE,MIA,8,90.0
2007_06_MIN_CHI,CHI,4,28.0
2007_06_MIN_CHI,MIN,2,10.0
2007_06_NE_DAL,DAL,12,98.0
2007_06_NE_DAL,NE,5,50.0
2007_06_NO_SEA,NO,5,37.0
2007_06_NO_SEA,SEA,3,11.0
2007_06_NYG_ATL,ATL,3,31.0
2007_06_NYG_ATL,NYG,6,45.0
2007_06_OAK_SD,LAC,6,40.0
2007_06_OAK_SD,LV,8,69.0
2007_06_PHI_NYJ,PHI,2,14.0
2007_06_STL_BAL,BAL,6,40.0
2007_06_STL_BAL,LA,7,63.0
2007_06_TEN_TB,TB,4,25.0
2007_06_TEN_TB,TEN,8,49.0
2007_06_WAS_GB,GB,4,35.0
2007_06_WAS_GB,WAS,7,53.0
2007_07_ARI_WAS,ARI,9,75.0
2007_07_ARI_WAS,WAS,6,53.0
2007_07_ATL_NO,ATL,9,52.0
2007_07_ATL_NO,NO,6,49.0
2007_07_BAL_BUF,BAL,11,91.0
2007_07_BAL_BUF,BUF,3,25.0
2007_07_CHI_PHI,CHI,7,51.0
2007_07_CHI_PHI,PHI,5,32.0
2007_07_IND_JAX,IND,4,27.0
2007_07_IND_JAX,JAX,2,20.0
2007_07_KC_OAK,KC,4,25.0
2007_07_KC_OAK,LV,5,30.0
2007_07_MIN_DAL,DAL,4,22.0
2007_07_MIN_DAL,MIN,4,36.0
2007_07_NE_MIA,MIA,4,41.0
2007_07_NE_MIA,NE,5,40.0
2007_07_NYJ_CIN,CIN,9,70.0
2007_07_NYJ_CIN,NYJ,5,62.0
2007_07_PIT_DEN,DEN,2,20.0
2007_07_PIT_DEN,PIT,3,23.0
2007_07_SF_NYG,NYG,8,67.0
2007_07_SF_NYG,SF,13,82.0
2007_07_STL_SEA,LA,8,45.0
2007_07_STL_SEA,SEA,4,25.0
2007_07_TB_DET,DET,4,23.0
2007_07_TB_DET,TB,7,60.0
2007_07_TEN_HOU,HOU,4,37.0
2007_07_TEN_HOU,TEN,6,45.0
2007_08_BUF_NYJ,BUF,7,50.0
2007_08_BUF_NYJ,NYJ,2,25.0
2007_08_CLE_STL,CLE,14,102.0
2007_08_CLE_STL,LA,4,30.0
2007_08_DET_CHI,CHI,7,78.0
2007_08_DET_CHI,DET,5,32.0
2007_08_GB_DEN,DEN,9,63.0
2007_08_GB_DEN,GB,13,103.0
2007_08_HOU_SD,HOU,5,31.0
2007_08_HOU_SD,LAC,3,46.0
2007_08_IND_CAR,CAR,8,55.0
2007_08_IND_CAR,IND,5,27.0
2007_08_JAX_TB,JAX,5,45.0
2007_08_JAX_TB,TB,7,74.0
2007_08_NO_SF,NO,4,25.0
2007_08_NO_SF,SF,7,66.0
2007_08_NYG_MIA,MIA,7,61.0
2007_08_NYG_MIA,NYG,7,60.0
2007_08_OAK_TEN,LV,14,100.0
2007_08_OAK_TEN,TEN,7,62.0
2007_08_PHI_MIN,MIN,6,73.0
2007_08_PHI_MIN,PHI,8,70.0
2007_08_PIT_CIN,CIN,2,10.0
2007_08_PIT_CIN,PIT,3,20.0
2007_08_WAS_NE,NE,6,40.0
2007_08_WAS_NE,WAS,5,40.0
2007_09_ARI_TB,ARI,8,64.0
2007_09_ARI_TB,TB,9,70.0
2007_09_BAL_PIT,BAL,11,85.0
2007_09_BAL_PIT,PIT,5,49.0
2007_09_CAR_TEN,CAR,10,92.0
2007_09_CAR_TEN,TEN,10,89.0
2007_09_CIN_BUF,BUF,3,25.0
2007_09_CIN_BUF,CIN,5,45.0
2007_09_DAL_PHI,DAL,3,35.0
2007_09_DAL_PHI,PHI,5,35.0
2007_09_DEN_DET,DEN,12,84.0
2007_09_DEN_DET,DET,2,32.0
2007_09_GB_KC,GB,13,115.0
2007_09_GB_KC,KC,6,55.0
2007_09_HOU_OAK,HOU,9,56.0
2007_09_HOU_OAK,LV,6,40.0
2007_09_JAX_NO,JAX,4,38.0
2007_09_JAX_NO,NO,2,20.0
2007_09_NE_IND,IND,4,25.0
2007_09_NE_IND,NE,10,146.0
2007_09_SD_MIN,LAC,10,67.0
2007_09_SD_MIN,MIN,11,81.0
2007_09_SEA_CLE,CLE,6,49.0
2007_09_SEA_CLE,SEA,4,20.0
2007_09_SF_ATL,ATL,5,31.0
2007_09_SF_ATL,SF,4,30.0
2007_09_WAS_NYJ,NYJ,5,40.0
2007_09_WAS_NYJ,WAS,5,50.0
2007_10_ATL_CAR,ATL,9,68.0
2007_10_ATL_CAR,CAR,6,43.0
2007_10_BUF_MIA,BUF,2,10.0
2007_10_BUF_MIA,MIA,7,39.0
2007_10_CHI_OAK,CHI,7,50.0
2007_10_CHI_OAK,LV,6,46.0
2007_10_CIN_BAL,BAL,6,30.0
2007_10_CIN_BAL,CIN,7,45.0
2007_10_CLE_PIT,CLE,7,40.0
2007_10_CLE_PIT,PIT,5,30.0
2007_10_DAL_NYG,DAL,10,84.0
2007_10_DAL_NYG,NYG,8,70.0
2007_10_DEN_KC,DEN,12,64.0
2007_10_DEN_KC,KC,4,20.0
2007_10_DET_ARI,ARI,9,70.0
2007_10_DET_ARI,DET,10,70.0
2007_10_IND_SD,IND,4,21.0
2007_10_IND_SD,LAC,10,78.0
2007_10_JAX_TEN,JAX,4,35.0
2007_10_JAX_TEN,TEN,9,56.0
2007_10_MIN_GB,GB,4,35.0
2007_10_MIN_GB,MIN,5,51.0
2007_10_PHI_WAS,PHI,5,38.0
2007_10_PHI_WAS,WAS,11,74.0
2007_10_SF_SEA,SEA,4,39.0
2007_10_SF_SEA,SF,10,53.0
2007_10_STL_NO,LA,5,77.0
2007_10_STL_NO,NO,2,28.0
2007_11_ARI_CIN,ARI,11,101.0
2007_11_ARI_CIN,CIN,11,79.0
2007_11_CAR_GB,CAR,4,25.0
2007_11_CAR_GB,GB,6,75.0
2007_11_CHI_SEA,CHI,6,40.0
2007_11_CHI_SEA,SEA,2,20.0
2007_11_CLE_BAL,BAL,2,15.0
2007_11_CLE_BAL,CLE,12,104.0
2007_11_KC_IND,IND,2,10.0
2007_11_KC_IND,KC,5,33.0
2007_11_MIA_PHI,MIA,3,15.0
2007_11_MIA_PHI,PHI,4,40.0
2007_11_NE_BUF,BUF,5,34.0
2007_11_NE_BUF,NE,4,37.0
2007_11_NO_HOU,HOU,3,22.0
2007_11_NO_HOU,NO,4,30.0
2007_11_NYG_DET,DET,7,40.0
2007_11_NYG_DET,NYG,6,47.0
2007_11_OAK_MIN,LV,10,55.0
2007_11_OAK_MIN,MIN,4,30.0
2007_11_PIT_NYJ,NYJ,4,30.0
2007_11_PIT_NYJ,PIT,8,100.0
2007_11_SD_JAX,JAX,5,42.0
2007_11_SD_JAX,LAC,4,31.0
2007_11_STL_SF,LA,3,20.0
2007_11_STL_SF,SF,7,39.0
2007_11_TB_ATL,ATL,11,105.0
2007_11_TB_ATL,TB,6,45.0
2007_11_TEN_DEN,DEN,5,35.0
2007_11_TEN_DEN,TEN,6,80.0
2007_11_WAS_DAL,DAL,7,58.0
2007_11_WAS_DAL,WAS,3,71.0
2007_12_BAL_SD,BAL,3,30.0
2007_12_BAL_SD,LAC,6,60.0
2007_12_BUF_JAX,BUF,5,29.0
2007_12_BUF_JAX,JAX,1,5.0
2007_12_DEN_CHI,CHI,5,50.0
2007_12_DEN_CHI,DEN,5,28.0
2007_12_GB_DET,DET,7,59.0
2007_12_GB_DET,GB,9,81.0
2007_12_HOU_CLE,CLE,7,71.0
2007_12_HOU_CLE,HOU,5,26.0
2007_12_IND_ATL,ATL,5,41.0
2007_12_IND_ATL,IND,6,55.0
2007_12_MIA_PIT,MIA,4,19.0
2007_12_MIA_PIT,PIT,3,30.0
2007_12_MIN_NYG,MIN,4,15.0
2007_12_MIN_NYG,NYG,5,30.0
2007_12_NO_CAR,CAR,5,35.0
2007_12_NO_CAR,NO,5,76.0
2007_12_NYJ_DAL,DAL,2,10.0
2007_12_NYJ_DAL,NYJ,4,30.0
2007_12_OAK_KC,KC,7,48.0
2007_12_OAK_KC,LV,7,58.0
2007_12_PHI_NE,NE,7,44.0
2007_12_PHI_NE,PHI,3,18.0
2007_12_SEA_STL,LA,4,20.0
2007_12_SEA_STL,SEA,6,45.0
2007_12_SF_ARI,ARI,10,70.0
2007_12_SF_ARI,SF,3,42.0
2007_12_TEN_CIN,CIN,4,35.0
2007_12_TEN_CIN,TEN,6,55.0
2007_12_WAS_TB,TB,4,25.0
2007_12_WAS_TB,WAS,4,27.0
2007_13_ATL_STL,ATL,8,55.0
2007_13_ATL_STL,LA,5,46.0
2007_13_BUF_WAS,BUF,8,101.0
2007_13_BUF_WAS,WAS,4,34.0
2007_13_CIN_PIT,CIN,8,45.0
2007_13_CIN_PIT,PIT,7,37.0
2007_13_CLE_ARI,ARI,11,75.0
2007_13_CLE_ARI,CLE,10,77.0
2007_13_DEN_OAK,DEN,5,25.0
2007_13_DEN_OAK,LV,3,20.0
2007_13_DET_MIN,DET,6,48.0
2007_13_DET_MIN,MIN,4,25.0
2007_13_GB_DAL,DAL,10,65.0
2007_13_GB_DAL,GB,9,142.0
2007_13_HOU_TEN,HOU,5,36.0
2007_13_HOU_TEN,TEN,7,44.0
2007_13_JAX_IND,IND,2,15.0
2007_13_JAX_IND,JAX,8,64.0
2007_13_NE_BAL,BAL,12,85.0
2007_13_NE_BAL,NE,4,30.0
2007_13_NYG_CHI,CHI,10,71.0
2007_13_NYG_CHI,NYG,2,10.0
2007_13_NYJ_MIA,MIA,4,42.0
2007_13_NYJ_MIA,NYJ,2,11.0
2007_13_SD_KC,KC,6,44.0
2007_13_SD_KC,LAC,6,36.0
2007_13_SEA_PHI,SEA,2,25.0
2007_13_SF_CAR,CAR,7,65.0
2007_13_SF_CAR,SF,7,55.0
2007_13_TB_NO,NO,6,40.0
2007_13_TB_NO,TB,7,55.0
2007_14_ARI_SEA,ARI,7,55.0
2007_14_ARI_SEA,SEA,5,23.0
2007_14_CAR_JAX,CAR,5,50.0
2007_14_CAR_JAX,JAX,6,40.0
2007_14_CHI_WAS,CHI,9,49.0
2007_14_CHI_WAS,WAS,7,48.0
2007_14_CLE_NYJ,CLE,4,29.0
2007_14_CLE_NYJ,NYJ,2,9.0
2007_14_DAL_DET,DAL,3,23.0
2007_14_DAL_DET,DET,7,35.0
2007_14_IND_BAL,BAL,2,15.0
2007_14_IND_BAL,IND,7,82.0
2007_14_KC_DEN,DEN,4,35.0
2007_14_KC_DEN,KC,7,34.0
2007_14_MIA_BUF,BUF,8,64.0
2007_14_MIA_BUF,MIA,6,55.0
2007_14_MIN_SF,MIN,3,25.0
2007_14_MIN_SF,SF,7,35.0
2007_14_NO_ATL,ATL,4,40.0
2007_14_NO_ATL,NO,3,20.0
2007_14_NYG_PHI,NYG,3,15.0
2007_14_NYG_PHI,PHI,7,41.0
2007_14_OAK_GB,GB,9,84.0
2007_14_OAK_GB,LV,9,62.0
2007_14_PIT_NE,NE,3,20.0
2007_14_PIT_NE,PIT,6,49.0
2007_14_SD_TEN,LAC,4,30.0
2007_14_SD_TEN,TEN,4,21.0
2007_14_STL_CIN,CIN,4,20.0
2007_14_STL_CIN,LA,4,53.0
2007_14_TB_HOU,HOU,5,35.0
2007_14_TB_HOU,TB,4,25.0
2007_15_ARI_NO,ARI,10,78.0
2007_15_ARI_NO,NO,3,15.0
2007_15_ATL_TB,ATL,5,48.0
2007_15_ATL_TB,TB,5,44.0
2007_15_BAL_MIA,BAL,1,5.0
2007_15_BAL_MIA,MIA,4,25.0
2007_15_BUF_CLE,BUF,2,15.0
2007_15_BUF_CLE,CLE,2,15.0
2007_15_CHI_MIN,CHI,11,95.0
2007_15_CHI_MIN,MIN,4,30.0
2007_15_CIN_SF,CIN,1,15.0
2007_15_CIN_SF,SF,3,15.0
2007_15_DEN_HOU,DEN,5,25.0
2007_15_DEN_HOU,HOU,3,15.0
2007_15_DET_SD,DET,6,38.0
2007_15_DET_SD,LAC,5,25.0
2007_15_GB_STL,GB,6,35.0
2007_15_GB_STL,LA,12,83.0
2007_15_IND_OAK,IND,3,30.0
2007_15_IND_OAK,LV,6,47.0
2007_15_JAX_PIT,JAX,1,10.0
2007_15_JAX_PIT,PIT,4,34.0
2007_15_NYJ_NE,NE,6,48.0
2007_15_NYJ_NE,NYJ,6,42.0
2007_15_PHI_DAL,DAL,6,45.0
2007_15_PHI_DAL,PHI,4,35.0
2007_15_SEA_CAR,CAR,5,54.0
2007_15_SEA_CAR,SEA,3,15.0
2007_15_TEN_KC,KC,8,61.0
2007_15_TEN_KC,TEN,5,35.0
2007_15_WAS_NYG,NYG,3,35.0
2007_15_WAS_NYG,WAS,4,35.0
2007_16_ATL_ARI,ARI,4,57.0
2007_16_ATL_ARI,ATL,10,74.0
2007_16_BAL_SEA,BAL,6,69.0
2007_16_CLE_CIN,CIN,4,34.0
2007_16_CLE_CIN,CLE,4,33.0
2007_16_DAL_CAR,CAR,3,15.0
2007_16_DAL_CAR,DAL,5,39.0
2007_16_DEN_SD,DEN,4,40.0
2007_16_DEN_SD,LAC,6,42.0
2007_16_GB_CHI,CHI,6,30.0
2007_16_GB_CHI,GB,1,10.0
2007_16_HOU_IND,HOU,6,55.0
2007_16_HOU_IND,IND,5,40.0
2007_16_KC_DET,DET,4,20.0
2007_16_KC_DET,KC,6,46.0
2007_16_MIA_NE,MIA,4,32.0
2007_16_MIA_NE,NE,2,18.0
2007_16_NYG_BUF,BUF,6,45.0
2007_16_NYG_BUF,NYG,4,25.0
2007_16_NYJ_TEN,NYJ,4,35.0
2007_16_NYJ_TEN,TEN,5,39.0
2007_16_OAK_JAX,JAX,5,32.0
2007_16_OAK_JAX,LV,9,68.0
2007_16_PHI_NO,NO,6,64.0
2007_16_PHI_NO,PHI,4,29.0
2007_16_PIT_STL,LA,3,20.0
2007_16_PIT_STL,PIT,2,36.0
2007_16_TB_SF,SF,8,72.0
2007_16_TB_SF,TB,8,56.0
2007_16_WAS_MIN,MIN,6,40.0
2007_16_WAS_MIN,WAS,7,52.0
2007_17_BUF_PHI,BUF,3,23.0
2007_17_BUF_PHI,PHI,6,39.0
2007_17_CAR_TB,CAR,4,23.0
2007_17_CAR_TB,TB,4,22.0
2007_17_CIN_MIA,CIN,3,20.0
2007_17_CIN_MIA,MIA,5,55.0
2007_17_DAL_WAS,DAL,5,37.0
2007_17_DAL_WAS,WAS,5,37.0
2007_17_DET_GB,DET,7,55.0
2007_17_DET_GB,GB,2,25.0
2007_17_JAX_HOU,HOU,3,20.0
2007_17_JAX_HOU,JAX,8,45.0
2007_17_KC_NYJ,KC,8,62.0
2007_17_KC_NYJ,NYJ,5,40.0
2007_17_MIN_DEN,DEN,5,40.0
2007_17_MIN_DEN,MIN,4,30.0
2007_17_NE_NYG,NE,5,42.0
2007_17_NE_NYG,NYG,5,53.0
2007_17_NO_CHI,CHI,5,34.0
2007_17_NO_CHI,NO,8,72.0
2007_17_PIT_BAL,BAL,6,86.0
2007_17_PIT_BAL,PIT,6,40.0
2007_17_SD_OAK,LAC,6,75.0
2007_17_SD_OAK,LV,8,60.0
2007_17_SEA_ATL,ATL,5,41.0
2007_17_SEA_ATL,SEA,9,85.0
2007_17_SF_CLE,CLE,9,75.0
2007_17_SF_CLE,SF,4,29.0
2007_17_STL_ARI,ARI,8,63.0
2007_17_STL_ARI,LA,7,50.0
2007_17_TEN_IND,IND,5,54.0
2007_17_TEN_IND,TEN,6,40.0
2007_18_JAX_PIT,JAX,6,40.0
2007_18_JAX_PIT,PIT,5,50.0
2007_18_NYG_TB,NYG,5,41.0
2007_18_NYG_TB,TB,4,25.0
2007_18_TEN_SD,LAC,5,53.0
2007_18_TEN_SD,TEN,6,38.0
2007_18_WAS_SEA,SEA,3,30.0
2007_18_WAS_SEA,WAS,5,39.0
2007_19_JAX_NE,JAX,5,42.0
2007_19_JAX_NE,NE,6,74.0
2007_19_NYG_DAL,DAL,11,84.0
2007_19_NYG_DAL,NYG,3,25.0
2007_19_SD_IND,IND,5,54.0
2007_19_SD_IND,LAC,10,79.0
2007_19_SEA_GB,GB,5,47.0
2007_19_SEA_GB,SEA,4,28.0
2007_20_NYG_GB,GB,7,37.0
2007_20_NYG_GB,NYG,6,50.0
2007_20_SD_NE,LAC,1,5.0
2007_20_SD_NE,NE,2,19.0
2007_21_NYG_NE,NE,5,35.0
2007_21_NYG_NE,NYG,4,36.0
2008_01_ARI_SF,ARI,4,40.0
2008_01_ARI_SF,SF,3,20.0
2008_01_CAR_SD,CAR,6,29.0
2008_01_CAR_SD,LAC,2,12.0
2008_01_CHI_IND,CHI,7,60.0
2008_01_CHI_IND,IND,6,40.0
2008_01_CIN_BAL,BAL,9,64.0
2008_01_CIN_BAL,CIN,5,40.0
2008_01_DAL_CLE,CLE,9,55.0
2008_01_DAL_CLE,DAL,11,82.0
2008_01_DEN_OAK,DEN,3,15.0
2008_01_DEN_OAK,LV,10,96.0
2008_01_DET_ATL,ATL,7,68.0
2008_01_DET_ATL,DET,5,30.0
2008_01_HOU_PIT,HOU,5,43.0
2008_01_HOU_PIT,PIT,4,41.0
2008_01_JAX_TEN,JAX,6,50.0
2008_01_JAX_TEN,TEN,5,36.0
2008_01_KC_NE,KC,2,15.0
2008_01_KC_NE,NE,3,30.0
2008_01_MIN_GB,GB,12,118.0
2008_01_MIN_GB,MIN,9,42.0
2008_01_NYJ_MIA,MIA,4,59.0
2008_01_NYJ_MIA,NYJ,7,40.0
2008_01_SEA_BUF,BUF,1,14.0
2008_01_SEA_BUF,SEA,5,30.0
2008_01_STL_PHI,LA,9,66.0
2008_01_STL_PHI,PHI,4,41.0
2008_01_TB_NO,NO,7,51.0
2008_01_TB_NO,TB,7,66.0
2008_01_WAS_NYG,NYG,7,70.0
2008_01_WAS_NYG,WAS,7,35.0
2008_02_ATL_TB,ATL,8,60.0
2008_02_ATL_TB,TB,11,94.0
2008_02_BUF_JAX,BUF,4,40.0
2008_02_BUF_JAX,JAX,5,35.0
2008_02_CHI_CAR,CAR,10,65.0
2008_02_CHI_CAR,CHI,12,86.0
2008_02_GB_DET,DET,5,40.0
2008_02_GB_DET,GB,8,62.0
2008_02_IND_MIN,IND,5,45.0
2008_02_IND_MIN,MIN,2,5.0
2008_02_MIA_ARI,ARI,8,45.0
2008_02_MIA_ARI,MIA,6,42.0
2008_02_NE_NYJ,NE,2,10.0
2008_02_NE_NYJ,NYJ,6,60.0
2008_02_NO_WAS,NO,5,55.0
2008_02_NO_WAS,WAS,4,26.0
2008_02_NYG_STL,LA,5,40.0
2008_02_NYG_STL,NYG,7,69.0
2008_02_OAK_KC,KC,5,36.0
2008_02_OAK_KC,LV,9,61.0
2008_02_PHI_DAL,DAL,10,108.0
2008_02_PHI_DAL,PHI,5,44.0
2008_02_PIT_CLE,CLE,10,65.0
2008_02_PIT_CLE,PIT,7,60.0
2008_02_SD_DEN,DEN,7,67.0
2008_02_SD_DEN,LAC,8,60.0
2008_02_SF_SEA,SEA,10,75.0
2008_02_SF_SEA,SF,9,60.0
2008_02_TEN_CIN,CIN,5,35.0
2008_02_TEN_CIN,TEN,5,25.0
2008_03_ARI_WAS,ARI,6,42.0
2008_03_ARI_WAS,WAS,7,67.0
2008_03_CAR_MIN,CAR,12,67.0
2008_03_CAR_MIN,MIN,9,100.0
2008_03_CIN_NYG,CIN,8,57.0
2008_03_CIN_NYG,NYG,6,40.0
2008_03_CLE_BAL,BAL,5,40.0
2008_03_CLE_BAL,CLE,9,65.0
2008_03_DAL_GB,DAL,7,54.0
2008_03_DAL_GB,GB,8,68.0
2008_03_DET_SF,DET,9,61.0
2008_03_DET_SF,SF,3,30.0
2008_03_HOU_TEN,HOU,2,10.0
2008_03_HOU_TEN,TEN,8,75.0
2008_03_JAX_IND,IND,6,37.0
2008_03_JAX_IND,JAX,5,44.0
2008_03_KC_ATL,ATL,4,22.0
2008_03_KC_ATL,KC,3,13.0
2008_03_MIA_NE,MIA,5,35.0
2008_03_MIA_NE,NE,2,10.0
2008_03_NO_DEN,DEN,3,20.0
2008_03_NO_DEN,NO,4,51.0
2008_03_NYJ_SD,LAC,6,37.0
2008_03_NYJ_SD,NYJ,2,5.0
2008_03_OAK_BUF,BUF,4,25.0
2008_03_OAK_BUF,LV,3,25.0
2008_03_PIT_PHI,PHI,7,62.0
2008_03_PIT_PHI,PIT,7,35.0
2008_03_STL_SEA,LA,7,51.0
2008_03_STL_SEA,SEA,5,55.0
2008_03_TB_CHI,CHI,8,64.0
2008_03_TB_CHI,TB,6,61.0
2008_04_ARI_NYJ,ARI,11,71.0
2008_04_ARI_NYJ,NYJ,4,61.0
2008_04_ATL_CAR,ATL,5,45.0
2008_04_ATL_CAR,CAR,11,90.0
2008_04_BAL_PIT,BAL,8,72.0
2008_04_BAL_PIT,PIT,5,29.0
2008_04_BUF_STL,BUF,5,35.0
2008_04_BUF_STL,LA,5,50.0
2008_04_CLE_CIN,CIN,6,55.0
2008_04_CLE_CIN,CLE,9,52.0
2008_04_DEN_KC,DEN,3,22.0
2008_04_DEN_KC,KC,5,45.0
2008_04_GB_TB,GB,7,74.0
2008_04_GB_TB,TB,8,70.0
2008_04_HOU_JAX,HOU,2,15.0
2008_04_HOU_JAX,JAX,2,27.0
2008_04_MIN_TEN,MIN,7,50.0
2008_04_MIN_TEN,TEN,4,18.0
2008_04_PHI_CHI,CHI,1,5.0
2008_04_PHI_CHI,PHI,3,25.0
2008_04_SD_OAK,LAC,3,15.0
2008_04_SD_OAK,LV,8,64.0
2008_04_SF_NO,NO,13,123.0
2008_04_SF_NO,SF,9,63.0
2008_04_WAS_DAL,DAL,3,15.0
2008_04_WAS_DAL,WAS,5,30.0
2008_05_ATL_GB,ATL,2,15.0
2008_05_ATL_GB,GB,9,97.0
2008_05_BUF_ARI,ARI,4,20.0
2008_05_BUF_ARI,BUF,6,36.0
2008_05_CHI_DET,CHI,6,45.0
2008_05_CHI_DET,DET,6,41.0
2008_05_CIN_DAL,CIN,7,44.0
2008_05_CIN_DAL,DAL,6,52.0
2008_05_IND_HOU,HOU,1,5.0
2008_05_IND_HOU,IND,6,31.0
2008_05_KC_CAR,CAR,8,56.0
2008_05_KC_CAR,KC,4,35.0
2008_05_MIN_NO,MIN,7,60.0
2008_05_MIN_NO,NO,11,102.0
2008_05_NE_SF,NE,4,56.0
2008_05_NE_SF,SF,6,37.0
2008_05_PIT_JAX,JAX,8,89.0
2008_05_PIT_JAX,PIT,10,129.0
2008_05_SD_MIA,LAC,4,46.0
2008_05_SD_MIA,MIA,1,5.0
2008_05_SEA_NYG,NYG,5,56.0
2008_05_SEA_NYG,SEA,2,29.0
2008_05_TB_DEN,DEN,6,55.0
2008_05_TB_DEN,TB,5,30.0
2008_05_TEN_BAL,BAL,11,91.0
2008_05_TEN_BAL,TEN,10,78.0
2008_05_WAS_PHI,PHI,4,33.0
2008_05_WAS_PHI,WAS,3,24.0
2008_06_BAL_IND,BAL,4,33.0
2008_06_BAL_IND,IND,11,84.0
2008_06_CAR_TB,CAR,4,16.0
2008_06_CAR_TB,TB,7,80.0
2008_06_CHI_ATL,ATL,6,46.0
2008_06_CHI_ATL,CHI,6,57.0
2008_06_CIN_NYJ,CIN,4,23.0
2008_06_CIN_NYJ,NYJ,4,25.0
2008_06_DAL_ARI,ARI,12,70.0
2008_06_DAL_ARI,DAL,12,93.0
2008_06_DET_MIN,DET,5,96.0
2008_06_DET_MIN,MIN,7,99.0
2008_06_GB_SEA,GB,5,45.0
2008_06_GB_SEA,SEA,6,50.0
2008_06_JAX_DEN,DEN,4,52.0
2008_06_JAX_DEN,JAX,6,45.0
2008_06_MIA_HOU,HOU,1,5.0
2008_06_MIA_HOU,MIA,4,30.0
2008_06_NE_SD,LAC,3,20.0
2008_06_NE_SD,NE,6,73.0
2008_06_NYG_CLE,CLE,10,55.0
2008_06_NYG_CLE,NYG,5,38.0
2008_06_OAK_NO,LV,5,26.0
2008_06_OAK_NO,NO,3,30.0
2008_06_PHI_SF,PHI,2,10.0
2008_06_PHI_SF,SF,10,58.0
2008_06_STL_WAS,LA,10,79.0
2008_06_STL_WAS,WAS,7,53.0
2008_07_BAL_MIA,BAL,7,67.0
2008_07_BAL_MIA,MIA,6,28.0
2008_07_CLE_WAS,CLE,4,25.0
2008_07_CLE_WAS,WAS,5,38.0
2008_07_DAL_STL,DAL,8,56.0
2008_07_DAL_STL,LA,5,32.0
2008_07_DEN_NE,DEN,8,87.0
2008_07_DEN_NE,NE,5,65.0
2008_07_DET_HOU,DET,4,31.0
2008_07_DET_HOU,HOU,5,41.0
2008_07_IND_GB,GB,9,70.0
2008_07_IND_GB,IND,12,110.0
2008_07_MIN_CHI,CHI,5,45.0
2008_07_MIN_CHI,MIN,8,50.0
2008_07_NO_CAR,CAR,3,29.0
2008_07_NO_CAR,NO,3,30.0
2008_07_NYJ_OAK,LV,14,85.0
2008_07_NYJ_OAK,NYJ,7,60.0
2008_07_PIT_CIN,CIN,4,55.0
2008_07_PIT_CIN,PIT,3,15.0
2008_07_SD_BUF,BUF,5,35.0
2008_07_SD_BUF,LAC,5,35.0
2008_07_SEA_TB,SEA,1,6.0
2008_07_SEA_TB,TB,4,26.0
2008_07_SF_NYG,NYG,11,80.0
2008_07_SF_NYG,SF,13,134.0
2008_07_TEN_KC,KC,8,60.0
2008_07_TEN_KC,TEN,8,55.0
2008_08_ARI_CAR,ARI,7,60.0
2008_08_ARI_CAR,CAR,3,25.0
2008_08_ATL_PHI,ATL,6,51.0
2008_08_ATL_PHI,PHI,7,70.0
2008_08_BUF_MIA,BUF,7,64.0
2008_08_BUF_MIA,MIA,7,51.0
2008_08_CIN_HOU,CIN,7,51.0
2008_08_CIN_HOU,HOU,7,55.0
2008_08_CLE_JAX,CLE,1,15.0
2008_08_CLE_JAX,JAX,6,40.0
2008_08_IND_TEN,IND,5,35.0
2008_08_IND_TEN,TEN,4,40.0
2008_08_KC_NYJ,KC,4,39.0
2008_08_KC_NYJ,NYJ,4,20.0
2008_08_NYG_PIT,NYG,7,71.0
2008_08_NYG_PIT,PIT,8,59.0
2008_08_OAK_BAL,BAL,8,52.0
2008_08_OAK_BAL,LV,2,10.0
2008_08_SD_NO,LAC,14,134.0
2008_08_SD_NO,NO,6,60.0
2008_08_SEA_SF,SEA,3,15.0
2008_08_SEA_SF,SF,7,65.0
2008_08_STL_NE,LA,9,63.0
2008_08_TB_DAL,DAL,5,35.0
2008_08_TB_DAL,TB,7,58.0
2008_08_WAS_DET,DET,7,51.0
2008_08_WAS_DET,WAS,8,67.0
2008_09_ARI_STL,ARI,10,69.0
2008_09_ARI_STL,LA,4,41.0
2008_09_ATL_OAK,ATL,4,40.0
2008_09_ATL_OAK,LV,7,55.0
2008_09_BAL_CLE,BAL,7,42.0
2008_09_BAL_CLE,CLE,8,37.0
2008_09_DAL_NYG,DAL,9,55.0
2008_09_DAL_NYG,NYG,8,65.0
2008_09_DET_CHI,CHI,3,25.0
2008_09_DET_CHI,DET,4,36.0
2008_09_GB_TEN,GB,4,41.0
2008_09_GB_TEN,TEN,2,15.0
2008_09_HOU_MIN,HOU,5,35.0
2008_09_HOU_MIN,MIN,3,20.0
2008_09_JAX_CIN,CIN,5,39.0
2008_09_JAX_CIN,JAX,12,86.0
2008_09_MIA_DEN,DEN,10,81.0
2008_09_MIA_DEN,MIA,2,42.0
2008_09_NE_IND,IND,1,0.0
2008_09_NE_IND,NE,2,20.0
2008_09_NYJ_BUF,BUF,7,45.0
2008_09_NYJ_BUF,NYJ,5,34.0
2008_09_PHI_SEA,PHI,1,15.0
2008_09_PHI_SEA,SEA,4,20.0
2008_09_PIT_WAS,PIT,4,41.0
2008_09_PIT_WAS,WAS,5,78.0
2008_09_TB_KC,KC,7,60.0
2008_09_TB_KC,TB,7,47.0
2008_10_BAL_HOU,BAL,7,55.0
2008_10_BAL_HOU,HOU,10,76.0
2008_10_BUF_NE,BUF,3,22.0
2008_10_BUF_NE,NE,2,15.0
2008_10_CAR_OAK,CAR,4,40.0
2008_10_CAR_OAK,LV,10,83.0
2008_10_DEN_CLE,CLE,3,20.0
2008_10_DEN_CLE,DEN,3,30.0
2008_10_GB_MIN,GB,10,80.0
2008_10_GB_MIN,MIN,7,55.0
2008_10_IND_PIT,IND,6,45.0
2008_10_IND_PIT,PIT,3,20.0
2008_10_JAX_DET,DET,6,46.0
2008_10_JAX_DET,JAX,5,33.0
2008_10_KC_SD,KC,3,16.0
2008_10_KC_SD,LAC,5,37.0
2008_10_NO_ATL,ATL,2,25.0
2008_10_NO_ATL,NO,7,45.0
2008_10_NYG_PHI,NYG,4,30.0
2008_10_NYG_PHI,PHI,5,45.0
2008_10_SEA_MIA,MIA,4,29.0
2008_10_SEA_MIA,SEA,5,25.0
2008_10_SF_ARI,ARI,10,71.0
2008_10_SF_ARI,SF,10,93.0
2008_10_STL_NYJ,LA,4,25.0
2008_10_STL_NYJ,NYJ,5,24.0
2008_10_TEN_CHI,CHI,3,20.0
2008_10_TEN_CHI,TEN,8,55.0
2008_11_ARI_SEA,ARI,8,52.0
2008_11_ARI_SEA,SEA,1,15.0
2008_11_BAL_NYG,BAL,10,66.0
2008_11_BAL_NYG,NYG,8,65.0
2008_11_CHI_GB,CHI,8,65.0
2008_11_CHI_GB,GB,6,55.0
2008_11_CLE_BUF,BUF,3,30.0
2008_11_CLE_BUF,CLE,2,15.0
2008_11_DAL_WAS,DAL,5,40.0
2008_11_DAL_WAS,WAS,2,10.0
2008_11_DEN_ATL,ATL,5,36.0
2008_11_DEN_ATL,DEN,6,36.0
2008_11_DET_CAR,CAR,7,55.0
2008_11_DET_CAR,DET,1,14.0
2008_11_HOU_IND,HOU,3,23.0
2008_11_HOU_IND,IND,6,45.0
2008_11_MIN_TB,MIN,5,28.0
2008_11_MIN_TB,TB,5,54.0
2008_11_NO_KC,KC,6,40.0
2008_11_NO_KC,NO,2,8.0
2008_11_NYJ_NE,NE,5,29.0
2008_11_NYJ_NE,NYJ,4,25.0
2008_11_OAK_MIA,LV,7,35.0
2008_11_OAK_MIA,MIA,3,55.0
2008_11_PHI_CIN,CIN,4,35.0
2008_11_PHI_CIN,PHI,8,60.0
2008_11_SD_PIT,LAC,2,5.0
2008_11_SD_PIT,PIT,13,115.0
2008_11_STL_SF,LA,6,52.0
2008_11_STL_SF,SF,7,33.0
2008_11_TEN_JAX,JAX,9,61.0
2008_11_TEN_JAX,TEN,10,63.0
2008_12_BUF_KC,BUF,6,45.0
2008_12_BUF_KC,KC,9,75.0
2008_12_CAR_ATL,ATL,3,25.0
2008_12_CAR_ATL,CAR,8,48.0
2008_12_CHI_STL,CHI,3,14.0
2008_12_CHI_STL,LA,11,85.0
2008_12_CIN_PIT,CIN,2,15.0
2008_12_CIN_PIT,PIT,4,40.0
2008_12_GB_NO,GB,3,20.0
2008_12_GB_NO,NO,2,10.0
2008_12_HOU_CLE,CLE,5,40.0
2008_12_HOU_CLE,HOU,11,84.0
2008_12_IND_SD,IND,3,15.0
2008_12_IND_SD,LAC,5,37.0
2008_12_MIN_JAX,JAX,8,81.0
2008_12_MIN_JAX,MIN,5,49.0
2008_12_NE_MIA,MIA,8,60.0
2008_12_NE_MIA,NE,6,38.0
2008_12_NYG_ARI,ARI,3,29.0
2008_12_NYG_ARI,NYG,9,76.0
2008_12_NYJ_TEN,NYJ,3,27.0
2008_12_NYJ_TEN,TEN,8,60.0
2008_12_OAK_DEN,DEN,4,39.0
2008_12_OAK_DEN,LV,10,90.0
2008_12_PHI_BAL,BAL,5,30.0
2008_12_PHI_BAL,PHI,7,64.0
2008_12_SF_DAL,DAL,8,65.0
2008_12_SF_DAL,SF,2,10.0
2008_12_TB_DET,DET,10,70.0
2008_12_TB_DET,TB,3,25.0
2008_12_WAS_SEA,SEA,6,51.0
2008_12_WAS_SEA,WAS,2,20.0
2008_13_ARI_PHI,ARI,1,2.0
2008_13_ARI_PHI,PHI,8,61.0
2008_13_ATL_SD,ATL,3,20.0
2008_13_ATL_SD,LAC,9,84.0
2008_13_BAL_CIN,BAL,3,30.0
2008_13_BAL_CIN,CIN,3,15.0
2008_13_CAR_GB,CAR,2,12.0
2008_13_CAR_GB,GB,7,49.0
2008_13_CHI_MIN,CHI,5,50.0
2008_13_CHI_MIN,MIN,4,30.0
2008_13_DEN_NYJ,DEN,6,64.0
2008_13_DEN_NYJ,NYJ,4,25.0
2008_13_IND_CLE,CLE,4,25.0
2008_13_IND_CLE,IND,2,10.0
2008_13_JAX_HOU,HOU,5,30.0
2008_13_JAX_HOU,JAX,8,60.0
2008_13_KC_OAK,KC,6,57.0
2008_13_KC_OAK,LV,5,39.0
2008_13_MIA_STL,LA,5,30.0
2008_13_MIA_STL,MIA,10,94.0
2008_13_NO_TB,NO,5,45.0
2008_13_NO_TB,TB,1,5.0
2008_13_NYG_WAS,NYG,3,19.0
2008_13_NYG_WAS,WAS,7,47.0
2008_13_PIT_NE,NE,6,45.0
2008_13_PIT_NE,PIT,8,88.0
2008_13_SEA_DAL,DAL,5,38.0
2008_13_SEA_DAL,SEA,5,46.0
2008_13_SF_BUF,BUF,6,43.0
2008_13_SF_BUF,SF,4,35.0
2008_13_TEN_DET,DET,5,38.0
2008_13_TEN_DET,TEN,9,65.0
2008_14_ATL_NO,ATL,5,34.0
2008_14_ATL_NO,NO,3,30.0
2008_14_CIN_IND,CIN,3,23.0
2008_14_CIN_IND,IND,3,21.0
2008_14_CLE_TEN,CLE,8,68.0
2008_14_CLE_TEN,TEN,13,131.0
2008_14_DAL_PIT,DAL,5,24.0
2008_14_DAL_PIT,PIT,2,10.0
2008_14_HOU_GB,GB,6,65.0
2008_14_HOU_GB,HOU,4,30.0
2008_14_JAX_CHI,CHI,1,5.0
2008_14_JAX_CHI,JAX,4,21.0
2008_14_KC_DEN,DEN,1,5.0
2008_14_KC_DEN,KC,1,5.0
2008_14_MIA_BUF,BUF,3,25.0
2008_14_MIA_BUF,MIA,5,28.0
2008_14_MIN_DET,DET,4,32.0
2008_14_MIN_DET,MIN,6,35.0
2008_14_NE_SEA,NE,1,15.0
2008_14_NE_SEA,SEA,5,39.0
2008_14_NYJ_SF,NYJ,8,57.0
2008_14_NYJ_SF,SF,3,25.0
2008_14_OAK_SD,LAC,9,51.0
2008_14_OAK_SD,LV,6,70.0
2008_14_PHI_NYG,NYG,6,43.0
2008_14_PHI_NYG,PHI,9,73.0
2008_14_STL_ARI,ARI,5,30.0
2008_14_STL_ARI,LA,1,5.0
2008_14_TB_CAR,CAR,4,26.0
2008_14_TB_CAR,TB,5,34.0
2008_14_WAS_BAL,BAL,4,35.0
2008_14_WAS_BAL,WAS,7,39.0
2008_15_BUF_NYJ,BUF,4,33.0
2008_15_BUF_NYJ,NYJ,3,25.0
2008_15_CLE_PHI,CLE,3,20.0
2008_15_CLE_PHI,PHI,1,5.0
2008_15_DEN_CAR,CAR,5,35.0
2008_15_DEN_CAR,DEN,3,25.0
2008_15_DET_IND,DET,6,48.0
2008_15_DET_IND,IND,5,31.0
2008_15_GB_JAX,GB,3,30.0
2008_15_GB_JAX,JAX,6,58.0
2008_15_MIN_ARI,ARI,5,60.0
2008_15_MIN_ARI,MIN,6,34.0
2008_15_NE_OAK,LV,7,45.0
2008_15_NE_OAK,NE,4,20.0
2008_15_NO_CHI,CHI,4,24.0
2008_15_NO_CHI,NO,5,97.0
2008_15_NYG_DAL,DAL,11,108.0
2008_15_NYG_DAL,NYG,7,40.0
2008_15_PIT_BAL,BAL,6,40.0
2008_15_PIT_BAL,PIT,6,48.0
2008_15_SD_KC,KC,4,30.0
2008_15_SD_KC,LAC,10,83.0
2008_15_SEA_STL,LA,6,40.0
2008_15_SEA_STL,SEA,5,35.0
2008_15_SF_MIA,MIA,8,66.0
2008_15_SF_MIA,SF,4,22.0
2008_15_TB_ATL,ATL,3,20.0
2008_15_TB_ATL,TB,11,76.0
2008_15_TEN_HOU,HOU,11,127.0
2008_15_TEN_HOU,TEN,7,64.0
2008_15_WAS_CIN,CIN,6,41.0
2008_15_WAS_CIN,WAS,9,75.0
2008_16_ARI_NE,ARI,3,20.0
2008_16_ARI_NE,NE,7,65.0
2008_16_ATL_MIN,ATL,6,70.0
2008_16_ATL_MIN,MIN,3,15.0
2008_16_BAL_DAL,BAL,3,19.0
2008_16_BAL_DAL,DAL,10,86.0
2008_16_BUF_DEN,BUF,4,26.0
2008_16_BUF_DEN,DEN,6,62.0
2008_16_CAR_NYG,CAR,2,14.0
2008_16_CAR_NYG,NYG,2,10.0
2008_16_CIN_CLE,CIN,2,20.0
2008_16_CIN_CLE,CLE,9,65.0
2008_16_GB_CHI,CHI,4,35.0
2008_16_GB_CHI,GB,6,50.0
2008_16_HOU_OAK,HOU,1,15.0
2008_16_HOU_OAK,LV,2,14.0
2008_16_IND_JAX,IND,6,50.0
2008_16_IND_JAX,JAX,7,60.0
2008_16_MIA_KC,KC,5,46.0
2008_16_MIA_KC,MIA,2,15.0
2008_16_NO_DET,DET,6,35.0
2008_16_NO_DET,NO,3,12.0
2008_16_NYJ_SEA,NYJ,6,45.0
2008_16_NYJ_SEA,SEA,5,28.0
2008_16_PHI_WAS,PHI,3,20.0
2008_16_PHI_WAS,WAS,3,25.0
2008_16_PIT_TEN,PIT,3,17.0
2008_16_PIT_TEN,TEN,4,45.0
2008_16_SD_TB,LAC,4,25.0
2008_16_SD_TB,TB,2,25.0
2008_16_SF_STL,LA,7,45.0
2008_16_SF_STL,SF,5,32.0
2008_17_CAR_NO,CAR,5,30.0
2008_17_CAR_NO,NO,7,48.0
2008_17_CHI_HOU,CHI,2,10.0
2008_17_CHI_HOU,HOU,7,70.0
2008_17_CLE_PIT,CLE,6,47.0
2008_17_CLE_PIT,PIT,8,65.0
2008_17_DAL_PHI,DAL,5,46.0
2008_17_DEN_SD,DEN,4,79.0
2008_17_DEN_SD,LAC,6,67.0
2008_17_DET_GB,DET,5,60.0
2008_17_DET_GB,GB,6,60.0
2008_17_JAX_BAL,BAL,7,55.0
2008_17_JAX_BAL,JAX,7,28.0
2008_17_KC_CIN,CIN,4,43.0
2008_17_KC_CIN,KC,6,73.0
2008_17_MIA_NYJ,MIA,6,30.0
2008_17_MIA_NYJ,NYJ,5,36.0
2008_17_NE_BUF,BUF,3,20.0
2008_17_NE_BUF,NE,2,10.0
2008_17_NYG_MIN,MIN,2,20.0
2008_17_NYG_MIN,NYG,7,49.0
2008_17_OAK_TB,LV,4,25.0
2008_17_OAK_TB,TB,6,83.0
2008_17_SEA_ARI,ARI,10,100.0
2008_17_SEA_ARI,SEA,11,82.0
2008_17_STL_ATL,ATL,3,14.0
2008_17_STL_ATL,LA,3,14.0
2008_17_TEN_IND,IND,3,20.0
2008_17_TEN_IND,TEN,3,30.0
2008_17_WAS_SF,SF,3,15.0
2008_17_WAS_SF,WAS,2,10.0
2008_18_ATL_ARI,ARI,6,47.0
2008_18_ATL_ARI,ATL,6,52.0
2008_18_BAL_MIA,BAL,7,59.0
2008_18_BAL_MIA,MIA,4,34.0
2008_18_IND_SD,IND,9,74.0
2008_18_IND_SD,LAC,3,40.0
2008_18_PHI_MIN,MIN,4,25.0
2008_18_PHI_MIN,PHI,7,55.0
2008_19_ARI_CAR,ARI,5,65.0
2008_19_ARI_CAR,CAR,6,40.0
2008_19_BAL_TEN,BAL,8,40.0
2008_19_BAL_TEN,TEN,12,89.0
2008_19_PHI_NYG,NYG,6,49.0
2008_19_PHI_NYG,PHI,8,61.0
2008_19_SD_PIT,LAC,8,104.0
2008_19_SD_PIT,PIT,7,44.0
2008_20_BAL_PIT,BAL,6,53.0
2008_20_BAL_PIT,PIT,6,67.0
2008_20_PHI_ARI,ARI,3,15.0
2008_20_PHI_ARI,PHI,7,64.0
2008_21_PIT_ARI,ARI,11,106.0
2008_21_PIT_ARI,PIT,7,56.0
2009_01_BUF_NE,BUF,9,71.0
2009_01_BUF_NE,NE,6,55.0
2009_01_CHI_GB,CHI,3,25.0
2009_01_CHI_GB,GB,6,45.0
2009_01_DAL_TB,DAL,4,41.0
2009_01_DAL_TB,TB,3,15.0
2009_01_DEN_CIN,CIN,4,27.0
2009_01_DEN_CIN,DEN,6,39.0
2009_01_DET_NO,DET,8,80.0
2009_01_DET_NO,NO,7,36.0
2009_01_JAX_IND,IND,3,17.0
2009_01_JAX_IND,JAX,3,24.0
2009_01_KC_BAL,BAL,8,65.0
2009_01_KC_BAL,KC,3,15.0
2009_01_MIA_ATL,ATL,4,35.0
2009_01_MIA_ATL,MIA,4,27.0
2009_01_MIN_CLE,CLE,8,66.0
2009_01_MIN_CLE,MIN,3,38.0
2009_01_NYJ_HOU,HOU,6,37.0
2009_01_NYJ_HOU,NYJ,10,80.0
2009_01_PHI_CAR,CAR,5,30.0
2009_01_PHI_CAR,PHI,9,76.0
2009_01_SD_OAK,LAC,9,60.0
2009_01_SD_OAK,LV,6,40.0
2009_01_SF_ARI,ARI,12,82.0
2009_01_SF_ARI,SF,4,31.0
2009_01_STL_SEA,LA,10,85.0
2009_01_STL_SEA,SEA,4,25.0
2009_01_TEN_PIT,PIT,6,60.0
2009_01_TEN_PIT,TEN,5,28.0
2009_01_WAS_NYG,NYG,4,30.0
2009_01_WAS_NYG,WAS,4,32.0
2009_02_ARI_JAX,ARI,7,58.0
2009_02_ARI_JAX,JAX,8,50.0
2009_02_BAL_SD,BAL,4,32.0
2009_02_BAL_SD,LAC,12,85.0
2009_02_CAR_ATL,ATL,6,40.0
2009_02_CAR_ATL,CAR,6,35.0
2009_02_CIN_GB,CIN,13,100.0
2009_02_CIN_GB,GB,11,76.0
2009_02_CLE_DEN,CLE,4,43.0
2009_02_CLE_DEN,DEN,5,50.0
2009_02_HOU_TEN,HOU,6,40.0
2009_02_HOU_TEN,TEN,8,64.0
2009_02_IND_MIA,IND,4,20.0
2009_02_IND_MIA,MIA,4,20.0
2009_02_MIN_DET,DET,6,45.0
2009_02_MIN_DET,MIN,5,43.0
2009_02_NE_NYJ,NE,11,89.0
2009_02_NE_NYJ,NYJ,8,55.0
2009_02_NO_PHI,NO,3,13.0
2009_02_NO_PHI,PHI,7,45.0
2009_02_NYG_DAL,DAL,4,50.0
2009_02_NYG_DAL,NYG,4,40.0
2009_02_OAK_KC,KC,9,70.0
2009_02_OAK_KC,LV,7,45.0
2009_02_PIT_CHI,CHI,10,80.0
2009_02_PIT_CHI,PIT,6,52.0
2009_02_SEA_SF,SEA,6,45.0
2009_02_SEA_SF,SF,6,54.0
2009_02_STL_WAS,LA,6,45.0
2009_02_STL_WAS,WAS,5,35.0
2009_02_TB_BUF,BUF,7,55.0
2009_02_TB_BUF,TB,13,112.0
2009_03_ATL_NE,ATL,7,54.0
2009_03_ATL_NE,NE,2,10.0
2009_03_CAR_DAL,CAR,6,60.0
2009_03_CAR_DAL,DAL,9,80.0
2009_03_CHI_SEA,CHI,6,60.0
2009_03_CHI_SEA,SEA,4,45.0
2009_03_CLE_BAL,BAL,8,84.0
2009_03_CLE_BAL,CLE,5,46.0
2009_03_DEN_OAK,DEN,5,30.0
2009_03_DEN_OAK,LV,6,53.0
2009_03_GB_STL,GB,6,51.0
2009_03_GB_STL,LA,6,40.0
2009_03_IND_ARI,ARI,5,35.0
2009_03_IND_ARI,IND,7,69.0
2009_03_JAX_HOU,HOU,5,60.0
2009_03_JAX_HOU,JAX,5,40.0
2009_03_KC_PHI,KC,10,90.0
2009_03_KC_PHI,PHI,3,20.0
2009_03_MIA_SD,LAC,3,20.0
2009_03_MIA_SD,MIA,7,39.0
2009_03_NO_BUF,BUF,12,116.0
2009_03_NO_BUF,NO,9,97.0
2009_03_NYG_TB,NYG,5,60.0
2009_03_NYG_TB,TB,5,25.0
2009_03_PIT_CIN,CIN,4,30.0
2009_03_PIT_CIN,PIT,5,51.0
2009_03_SF_MIN,MIN,9,52.0
2009_03_SF_MIN,SF,7,60.0
2009_03_TEN_NYJ,NYJ,3,25.0
2009_03_TEN_NYJ,TEN,3,15.0
2009_03_WAS_DET,DET,8,58.0
2009_03_WAS_DET,WAS,9,97.0
2009_04_BAL_NE,BAL,9,85.0
2009_04_BAL_NE,NE,5,41.0
2009_04_BUF_MIA,BUF,3,19.0
2009_04_BUF_MIA,MIA,5,45.0
2009_04_CIN_CLE,CIN,6,46.0
2009_04_CIN_CLE,CLE,5,44.0
2009_04_DAL_DEN,DAL,7,70.0
2009_04_DAL_DEN,DEN,10,81.0
2009_04_DET_CHI,CHI,3,36.0
2009_04_DET_CHI,DET,7,51.0
2009_04_GB_MIN,GB,7,57.0
2009_04_GB_MIN,MIN,2,10.0
2009_04_NYG_KC,KC,7,55.0
2009_04_NYG_KC,NYG,8,54.0
2009_04_NYJ_NO,NO,7,70.0
2009_04_NYJ_NO,NYJ,3,21.0
2009_04_OAK_HOU,HOU,1,5.0
2009_04_OAK_HOU,LV,9,60.0
2009_04_SD_PIT,LAC,3,20.0
2009_04_SD_PIT,PIT,6,59.0
2009_04_SEA_IND,IND,7,48.0
2009_04_SEA_IND,SEA,6,45.0
2009_04_STL_SF,LA,10,73.0
2009_04_STL_SF,SF,3,33.0
2009_04_TB_WAS,TB,5,40.0
2009_04_TB_WAS,WAS,4,40.0
2009_04_TEN_JAX,JAX,4,30.0
2009_04_TEN_JAX,TEN,6,68.0
2009_05_ATL_SF,ATL,8,90.0
2009_05_ATL_SF,SF,8,92.0
2009_05_CIN_BAL,BAL,10,76.0
2009_05_CIN_BAL,CIN,7,39.0
2009_05_CLE_BUF,BUF,13,75.0
2009_05_CLE_BUF,CLE,3,29.0
2009_05_DAL_KC,DAL,13,90.0
2009_05_DAL_KC,KC,7,50.0
2009_05_HOU_ARI,ARI,7,40.0
2009_05_HOU_ARI,HOU,6,53.0
2009_05_IND_TEN,IND,7,48.0
2009_05_IND_TEN,TEN,9,89.0
2009_05_JAX_SEA,JAX,9,73.0
2009_05_JAX_SEA,SEA,1,10.0
2009_05_MIN_STL,LA,7,82.0
2009_05_MIN_STL,MIN,5,44.0
2009_05_NE_DEN,DEN,3,20.0
2009_05_NE_DEN,NE,4,46.0
2009_05_NYJ_MIA,MIA,8,112.0
2009_05_NYJ_MIA,NYJ,6,56.0
2009_05_OAK_NYG,LV,7,67.0
2009_05_OAK_NYG,NYG,4,37.0
2009_05_PIT_DET,DET,6,66.0
2009_05_PIT_DET,PIT,6,59.0
2009_05_TB_PHI,PHI,10,111.0
2009_05_TB_PHI,TB,4,30.0
2009_05_WAS_CAR,CAR,5,27.0
2009_05_WAS_CAR,WAS,4,20.0
2009_06_ARI_SEA,ARI,7,76.0
2009_06_ARI_SEA,SEA,6,56.0
2009_06_BAL_MIN,BAL,6,74.0
2009_06_BAL_MIN,MIN,3,15.0
2009_06_BUF_NYJ,BUF,8,64.0
2009_06_BUF_NYJ,NYJ,14,96.0
2009_06_CAR_TB,CAR,3,30.0
2009_06_CAR_TB,TB,5,40.0
2009_06_CHI_ATL,ATL,6,70.0
2009_06_CHI_ATL,CHI,9,65.0
2009_06_CLE_PIT,CLE,4,45.0
2009_06_CLE_PIT,PIT,4,30.0
2009_06_DEN_SD,DEN,4,48.0
2009_06_DEN_SD,LAC,4,44.0
2009_06_DET_GB,DET,6,40.0
2009_06_DET_GB,GB,13,130.0
2009_06_HOU_CIN,CIN,4,45.0
2009_06_HOU_CIN,HOU,7,60.0
2009_06_KC_WAS,KC,4,30.0
2009_06_KC_WAS,WAS,7,63.0
2009_06_NYG_NO,NO,6,55.0
2009_06_NYG_NO,NYG,9,110.0
2009_06_PHI_OAK,LV,2,20.0
2009_06_PHI_OAK,PHI,4,38.0
2009_06_STL_JAX,JAX,3,15.0
2009_06_STL_JAX,LA,6,52.0
2009_06_TEN_NE,NE,6,40.0
2009_06_TEN_NE,TEN,6,55.0
2009_07_ARI_NYG,ARI,7,60.0
2009_07_ARI_NYG,NYG,7,30.0
2009_07_ATL_DAL,ATL,3,30.0
2009_07_ATL_DAL,DAL,8,50.0
2009_07_BUF_CAR,BUF,3,22.0
2009_07_BUF_CAR,CAR,9,67.0
2009_07_CHI_CIN,CHI,6,44.0
2009_07_CHI_CIN,CIN,3,20.0
2009_07_GB_CLE,CLE,5,40.0
2009_07_GB_CLE,GB,8,70.0
2009_07_IND_STL,IND,6,51.0
2009_07_IND_STL,LA,5,73.0
2009_07_MIN_PIT,MIN,11,78.0
2009_07_MIN_PIT,PIT,3,15.0
2009_07_NE_TB,NE,10,66.0
2009_07_NE_TB,TB,6,55.0
2009_07_NO_MIA,MIA,8,55.0
2009_07_NO_MIA,NO,6,25.0
2009_07_NYJ_OAK,LV,3,24.0
2009_07_NYJ_OAK,NYJ,2,8.0
2009_07_PHI_WAS,PHI,12,66.0
2009_07_PHI_WAS,WAS,6,60.0
2009_07_SD_KC,KC,7,41.0
2009_07_SD_KC,LAC,9,59.0
2009_07_SF_HOU,HOU,7,77.0
2009_07_SF_HOU,SF,11,65.0
2009_08_ATL_NO,ATL,4,25.0
2009_08_ATL_NO,NO,7,65.0
2009_08_CAR_ARI,ARI,5,35.0
2009_08_CAR_ARI,CAR,7,72.0
2009_08_CLE_CHI,CHI,5,35.0
2009_08_CLE_CHI,CLE,3,30.0
2009_08_DEN_BAL,BAL,8,94.0
2009_08_DEN_BAL,DEN,6,35.0
2009_08_HOU_BUF,BUF,4,36.0
2009_08_HOU_BUF,HOU,5,45.0
2009_08_JAX_TEN,JAX,2,27.0
2009_08_JAX_TEN,TEN,4,20.0
2009_08_MIA_NYJ,MIA,4,25.0
2009_08_MIA_NYJ,NYJ,6,40.0
2009_08_MIN_GB,GB,6,45.0
2009_08_MIN_GB,MIN,3,29.0
2009_08_NYG_PHI,NYG,4,25.0
2009_08_NYG_PHI,PHI,5,45.0
2009_08_OAK_SD,LAC,5,40.0
2009_08_OAK_SD,LV,6,31.0
2009_08_SEA_DAL,DAL,5,43.0
2009_08_SEA_DAL,SEA,6,53.0
2009_08_SF_IND,IND,5,38.0
2009_08_SF_IND,SF,7,50.0
2009_08_STL_DET,DET,8,67.0
2009_08_STL_DET,LA,5,27.0
2009_09_ARI_CHI,ARI,2,15.0
2009_09_ARI_CHI,CHI,9,89.0
2009_09_BAL_CIN,BAL,7,80.0
2009_09_BAL_CIN,CIN,6,40.0
2009_09_CAR_NO,CAR,6,37.0
2009_09_CAR_NO,NO,7,55.0
2009_09_DAL_PHI,DAL,11,70.0
2009_09_DAL_PHI,PHI,8,82.0
2009_09_DET_SEA,DET,9,77.0
2009_09_DET_SEA,SEA,6,45.0
2009_09_GB_TB,GB,5,35.0
2009_09_GB_TB,TB,2,15.0
2009_09_HOU_IND,HOU,13,103.0
2009_09_HOU_IND,IND,4,40.0
2009_09_KC_JAX,JAX,5,31.0
2009_09_KC_JAX,KC,1,10.0
2009_09_MIA_NE,MIA,3,35.0
2009_09_MIA_NE,NE,5,49.0
2009_09_PIT_DEN,DEN,3,25.0
2009_09_PIT_DEN,PIT,4,28.0
2009_09_SD_NYG,LAC,3,20.0
2009_09_SD_NYG,NYG,9,104.0
2009_09_TEN_SF,SF,5,25.0
2009_09_TEN_SF,TEN,8,58.0
2009_09_WAS_ATL,ATL,7,54.0
2009_09_WAS_ATL,WAS,10,88.0
2009_10_ATL_CAR,ATL,4,26.0
2009_10_ATL_CAR,CAR,5,48.0
2009_10_BAL_CLE,BAL,7,43.0
2009_10_BAL_CLE,CLE,6,52.0
2009_10_BUF_TEN,BUF,10,65.0
2009_10_BUF_TEN,TEN,8,75.0
2009_10_CHI_SF,CHI,10,75.0
2009_10_CHI_SF,SF,9,77.0
2009_10_CIN_PIT,CIN,7,87.0
2009_10_CIN_PIT,PIT,5,50.0
2009_10_DAL_GB,DAL,10,67.0
2009_10_DAL_GB,GB,12,100.0
2009_10_DEN_WAS,DEN,4,45.0
2009_10_DEN_WAS,WAS,2,19.0
2009_10_DET_MIN,DET,4,40.0
2009_10_DET_MIN,MIN,13,91.0
2009_10_JAX_NYJ,JAX,5,40.0
2009_10_JAX_NYJ,NYJ,4,26.0
2009_10_KC_OAK,KC,5,35.0
2009_10_KC_OAK,LV,10,88.0
2009_10_NE_IND,IND,3,20.0
2009_10_NE_IND,NE,4,72.0
2009_10_NO_STL,LA,4,20.0
2009_10_NO_STL,NO,6,40.0
2009_10_PHI_SD,LAC,3,31.0
2009_10_PHI_SD,PHI,9,70.0
2009_10_SEA_ARI,ARI,11,136.0
2009_10_SEA_ARI,SEA,9,113.0
2009_10_TB_MIA,MIA,3,30.0
2009_10_TB_MIA,TB,9,77.0
2009_11_ARI_STL,ARI,6,40.0
2009_11_ARI_STL,LA,7,50.0
2009_11_ATL_NYG,ATL,3,16.0
2009_11_ATL_NYG,NYG,8,64.0
2009_11_BUF_JAX,BUF,6,43.0
2009_11_BUF_JAX,JAX,6,50.0
2009_11_CIN_OAK,CIN,8,59.0
2009_11_CIN_OAK,LV,3,13.0
2009_11_CLE_DET,CLE,8,69.0
2009_11_CLE_DET,DET,8,41.0
2009_11_IND_BAL,BAL,2,20.0
2009_11_IND_BAL,IND,5,40.0
2009_11_MIA_CAR,CAR,4,35.0
2009_11_MIA_CAR,MIA,5,30.0
2009_11_NO_TB,NO,4,55.0
2009_11_NO_TB,TB,3,18.0
2009_11_NYJ_NE,NE,6,51.0
2009_11_NYJ_NE,NYJ,5,28.0
2009_11_PHI_CHI,CHI,7,64.0
2009_11_PHI_CHI,PHI,8,46.0
2009_11_PIT_KC,KC,4,28.0
2009_11_PIT_KC,PIT,8,85.0
2009_11_SD_DEN,DEN,9,65.0
2009_11_SD_DEN,LAC,1,15.0
2009_11_SEA_MIN,MIN,5,31.0
2009_11_SEA_MIN,SEA,10,64.0
2009_11_SF_GB,GB,6,64.0
2009_11_SF_GB,SF,4,30.0
2009_11_TEN_HOU,HOU,7,72.0
2009_11_TEN_HOU,TEN,5,25.0
2009_11_WAS_DAL,DAL,6,35.0
2009_11_WAS_DAL,WAS,5,27.0
2009_12_ARI_TEN,ARI,4,25.0
2009_12_ARI_TEN,TEN,6,38.0
2009_12_CAR_NYJ,CAR,5,30.0
2009_12_CAR_NYJ,NYJ,3,24.0
2009_12_CHI_MIN,CHI,6,44.0
2009_12_CHI_MIN,MIN,10,70.0
2009_12_CLE_CIN,CIN,10,75.0
2009_12_CLE_CIN,CLE,4,30.0
2009_12_GB_DET,DET,3,28.0
2009_12_GB_DET,GB,7,57.0
2009_12_IND_HOU,HOU,10,129.0
2009_12_IND_HOU,IND,3,25.0
2009_12_JAX_SF,JAX,6,60.0
2009_12_JAX_SF,SF,1,5.0
2009_12_KC_SD,KC,5,25.0
2009_12_KC_SD,LAC,8,55.0
2009_12_MIA_BUF,BUF,3,20.0
2009_12_MIA_BUF,MIA,6,50.0
2009_12_NE_NO,NO,4,36.0
2009_12_NYG_DEN,DEN,8,61.0
2009_12_NYG_DEN,NYG,4,45.0
2009_12_OAK_DAL,DAL,6,48.0
2009_12_OAK_DAL,LV,7,70.0
2009_12_PIT_BAL,BAL,9,80.0
2009_12_PIT_BAL,PIT,5,59.0
2009_12_SEA_STL,LA,4,35.0
2009_12_SEA_STL,SEA,7,52.0
2009_12_TB_ATL,ATL,3,29.0
2009_12_TB_ATL,TB,8,52.0
2009_12_WAS_PHI,PHI,7,60.0
2009_12_WAS_PHI,WAS,7,39.0
2009_13_BAL_GB,BAL,11,125.0
2009_13_BAL_GB,GB,11,175.0
2009_13_DAL_NYG,DAL,5,30.0
2009_13_DAL_NYG,NYG,2,10.0
2009_13_DEN_KC,DEN,3,20.0
2009_13_DEN_KC,KC,3,25.0
2009_13_DET_CIN,CIN,9,75.0
2009_13_DET_CIN,DET,7,45.0
2009_13_HOU_JAX,HOU,6,37.0
2009_13_HOU_JAX,JAX,4,45.0
2009_13_MIN_ARI,ARI,6,50.0
2009_13_MIN_ARI,MIN,6,50.0
2009_13_NE_MIA,MIA,2,10.0
2009_13_NE_MIA,NE,6,82.0
2009_13_NO_WAS,NO,7,102.0
2009_13_NO_WAS,WAS,2,15.0
2009_13_NYJ_BUF,BUF,1,5.0
2009_13_NYJ_BUF,NYJ,3,18.0
2009_13_OAK_PIT,LV,9,70.0
2009_13_OAK_PIT,PIT,4,41.0
2009_13_PHI_ATL,ATL,6,30.0
2009_13_PHI_ATL,PHI,8,62.0
2009_13_SD_CLE,CLE,4,30.0
2009_13_SD_CLE,LAC,1,5.0
2009_13_SF_SEA,SEA,4,48.0
2009_13_SF_SEA,SF,8,57.0
2009_13_STL_CHI,CHI,4,35.0
2009_13_STL_CHI,LA,6,85.0
2009_13_TB_CAR,CAR,5,37.0
2009_13_TB_CAR,TB,5,50.0
2009_13_TEN_IND,IND,5,40.0
2009_13_TEN_IND,TEN,4,50.0
2009_14_ARI_SF,ARI,11,78.0
2009_14_ARI_SF,SF,7,55.0
2009_14_BUF_KC,BUF,3,40.0
2009_14_BUF_KC,KC,5,43.0
2009_14_CAR_NE,CAR,9,92.0
2009_14_CAR_NE,NE,4,25.0
2009_14_CIN_MIN,CIN,11,85.0
2009_14_CIN_MIN,MIN,9,69.0
2009_14_DEN_IND,DEN,7,65.0
2009_14_DEN_IND,IND,4,20.0
2009_14_DET_BAL,BAL,5,50.0
2009_14_DET_BAL,DET,4,40.0
2009_14_GB_CHI,CHI,13,109.0
2009_14_GB_CHI,GB,4,30.0
2009_14_MIA_JAX,JAX,2,10.0
2009_14_MIA_JAX,MIA,4,27.0
2009_14_NO_ATL,ATL,4,55.0
2009_14_NO_ATL,NO,6,59.0
2009_14_NYJ_TB,NYJ,6,63.0
2009_14_NYJ_TB,TB,6,34.0
2009_14_PHI_NYG,NYG,7,54.0
2009_14_PHI_NYG,PHI,6,45.0
2009_14_PIT_CLE,CLE,6,55.0
2009_14_PIT_CLE,PIT,4,40.0
2009_14_SD_DAL,DAL,6,68.0
2009_14_SD_DAL,LAC,5,24.0
2009_14_SEA_HOU,HOU,4,35.0
2009_14_SEA_HOU,SEA,7,63.0
2009_14_STL_TEN,LA,10,82.0
2009_14_STL_TEN,TEN,4,40.0
2009_14_WAS_OAK,LV,13,103.0
2009_14_WAS_OAK,WAS,7,45.0
2009_15_ARI_DET,ARI,8,65.0
2009_15_ARI_DET,DET,7,45.0
2009_15_ATL_NYJ,ATL,4,25.0
2009_15_ATL_NYJ,NYJ,6,65.0
2009_15_CHI_BAL,BAL,4,26.0
2009_15_CHI_BAL,CHI,1,9.0
2009_15_CIN_SD,CIN,9,55.0
2009_15_CIN_SD,LAC,4,30.0
2009_15_CLE_KC,CLE,3,20.0
2009_15_CLE_KC,KC,3,34.0
2009_15_DAL_NO,DAL,6,49.0
2009_15_DAL_NO,NO,4,30.0
2009_15_GB_PIT,GB,7,53.0
2009_15_GB_PIT,PIT,10,84.0
2009_15_HOU_STL,HOU,4,30.0
2009_15_HOU_STL,LA,3,15.0
2009_15_IND_JAX,IND,5,40.0
2009_15_IND_JAX,JAX,4,22.0
2009_15_MIA_TEN,MIA,8,60.0
2009_15_MIA_TEN,TEN,4,46.0
2009_15_MIN_CAR,CAR,6,49.0
2009_15_MIN_CAR,MIN,5,45.0
2009_15_NE_BUF,BUF,11,124.0
2009_15_NE_BUF,NE,6,52.0
2009_15_NYG_WAS,NYG,3,15.0
2009_15_NYG_WAS,WAS,6,52.0
2009_15_OAK_DEN,DEN,7,72.0
2009_15_OAK_DEN,LV,9,62.0
2009_15_SF_PHI,PHI,4,69.0
2009_15_SF_PHI,SF,8,55.0
2009_15_TB_SEA,SEA,6,50.0
2009_15_TB_SEA,TB,6,35.0
2009_16_BAL_PIT,BAL,11,113.0
2009_16_BAL_PIT,PIT,4,20.0
2009_16_BUF_ATL,ATL,6,70.0
2009_16_BUF_ATL,BUF,10,60.0
2009_16_CAR_NYG,CAR,4,20.0
2009_16_CAR_NYG,NYG,4,29.0
2009_16_DAL_WAS,DAL,4,21.0
2009_16_DAL_WAS,WAS,4,33.0
2009_16_DEN_PHI,DEN,9,95.0
2009_16_DEN_PHI,PHI,8,57.0
2009_16_DET_SF,DET,1,10.0
2009_16_DET_SF,SF,4,29.0
2009_16_HOU_MIA,HOU,3,15.0
2009_16_HOU_MIA,MIA,4,30.0
2009_16_JAX_NE,JAX,1,5.0
2009_16_JAX_NE,NE,2,10.0
2009_16_KC_CIN,CIN,6,36.0
2009_16_KC_CIN,KC,6,40.0
2009_16_MIN_CHI,CHI,3,31.0
2009_16_MIN_CHI,MIN,4,47.0
2009_16_NYJ_IND,IND,3,15.0
2009_16_NYJ_IND,NYJ,5,52.0
2009_16_OAK_CLE,CLE,6,64.0
2009_16_OAK_CLE,LV,13,126.0
2009_16_SD_TEN,LAC,6,45.0
2009_16_SD_TEN,TEN,8,59.0
2009_16_SEA_GB,GB,5,50.0
2009_16_SEA_GB,SEA,8,86.0
2009_16_STL_ARI,ARI,3,15.0
2009_16_STL_ARI,LA,4,20.0
2009_16_TB_NO,NO,2,14.0
2009_16_TB_NO,TB,7,42.0
2009_17_ATL_TB,ATL,3,15.0
2009_17_ATL_TB,TB,5,51.0
2009_17_BAL_OAK,BAL,5,37.0
2009_17_BAL_OAK,LV,5,30.0
2009_17_CHI_DET,CHI,5,35.0
2009_17_CHI_DET,DET,6,35.0
2009_17_CIN_NYJ,CIN,7,44.0
2009_17_CIN_NYJ,NYJ,4,20.0
2009_17_GB_ARI,ARI,7,76.0
2009_17_GB_ARI,GB,4,19.0
2009_17_IND_BUF,BUF,4,40.0
2009_17_IND_BUF,IND,3,15.0
2009_17_JAX_CLE,CLE,3,15.0
2009_17_JAX_CLE,JAX,3,20.0
2009_17_KC_DEN,DEN,5,54.0
2009_17_KC_DEN,KC,5,76.0
2009_17_NE_HOU,HOU,5,35.0
2009_17_NE_HOU,NE,4,55.0
2009_17_NO_CAR,CAR,3,29.0
2009_17_NO_CAR,NO,4,35.0
2009_17_NYG_MIN,MIN,8,45.0
2009_17_NYG_MIN,NYG,13,95.0
2009_17_PHI_DAL,DAL,11,80.0
2009_17_PHI_DAL,PHI,6,58.0
2009_17_PIT_MIA,MIA,3,45.0
2009_17_PIT_MIA,PIT,5,40.0
2009_17_SF_STL,LA,7,50.0
2009_17_SF_STL,SF,6,40.0
2009_17_TEN_SEA,SEA,5,40.0
2009_17_TEN_SEA,TEN,9,76.0
2009_17_WAS_SD,LAC,2,17.0
2009_17_WAS_SD,WAS,3,14.0
2009_18_BAL_NE,BAL,3,15.0
2009_18_BAL_NE,NE,5,41.0
2009_18_GB_ARI,ARI,9,56.0
2009_18_GB_ARI,GB,8,76.0
2009_18_NYJ_CIN,CIN,6,55.0
2009_18_NYJ_CIN,NYJ,9,76.0
2009_18_PHI_DAL,DAL,14,112.0
2009_18_PHI_DAL,PHI,9,116.0
2009_19_ARI_NO,ARI,3,22.0
2009_19_ARI_NO,NO,6,44.0
2009_19_BAL_IND,BAL,7,64.0
2009_19_BAL_IND,IND,4,25.0
2009_19_DAL_MIN,DAL,2,10.0
2009_19_DAL_MIN,MIN,8,50.0
2009_19_NYJ_SD,LAC,10,87.0
2009_19_NYJ_SD,NYJ,5,37.0
2009_20_MIN_NO,MIN,5,32.0
2009_20_MIN_NO,NO,9,88.0
2009_20_NYJ_IND,IND,1,5.0
2009_20_NYJ_IND,NYJ,6,46.0
2009_21_NO_IND,IND,5,45.0
2009_21_NO_IND,NO,3,19.0
2010_01_ARI_STL,ARI,10,72.0
2010_01_ARI_STL,LA,5,40.0
2010_01_ATL_PIT,ATL,3,24.0
2010_01_ATL_PIT,PIT,4,25.0
2010_01_BAL_NYJ,BAL,5,38.0
2010_01_BAL_NYJ,NYJ,14,125.0
2010_01_CAR_NYG,CAR,7,63.0
2010_01_CAR_NYG,NYG,9,95.0
2010_01_CIN_NE,CIN,2,5.0
2010_01_CIN_NE,NE,6,30.0
2010_01_CLE_TB,CLE,5,47.0
2010_01_CLE_TB,TB,6,55.0
2010_01_DAL_WAS,DAL,12,91.0
2010_01_DAL_WAS,WAS,5,42.0
2010_01_DEN_JAX,DEN,7,70.0
2010_01_DEN_JAX,JAX,5,47.0
2010_01_DET_CHI,CHI,9,100.0
2010_01_DET_CHI,DET,7,40.0
2010_01_GB_PHI,GB,2,15.0
2010_01_GB_PHI,PHI,10,80.0
2010_01_IND_HOU,HOU,7,50.0
2010_01_IND_HOU,IND,5,73.0
2010_01_MIA_BUF,BUF,5,35.0
2010_01_MIA_BUF,MIA,3,15.0
2010_01_MIN_NO,MIN,6,60.0
2010_01_MIN_NO,NO,3,20.0
2010_01_OAK_TEN,LV,10,77.0
2010_01_OAK_TEN,TEN,8,81.0
2010_01_SD_KC,KC,3,35.0
2010_01_SD_KC,LAC,5,30.0
2010_01_SF_SEA,SEA,5,35.0
2010_01_SF_SEA,SF,8,60.0
2010_02_ARI_ATL,ARI,10,109.0
2010_02_ARI_ATL,ATL,6,75.0
2010_02_BAL_CIN,BAL,5,45.0
2010_02_BAL_CIN,CIN,9,56.0
2010_02_BUF_GB,BUF,4,35.0
2010_02_BUF_GB,GB,6,49.0
2010_02_CHI_DAL,CHI,2,10.0
2010_02_CHI_DAL,DAL,6,50.0
2010_02_HOU_WAS,HOU,5,45.0
2010_02_HOU_WAS,WAS,7,58.0
2010_02_JAX_SD,JAX,5,33.0
2010_02_JAX_SD,LAC,4,25.0
2010_02_KC_CLE,CLE,9,78.0
2010_02_KC_CLE,KC,4,30.0
2010_02_MIA_MIN,MIA,2,15.0
2010_02_MIA_MIN,MIN,7,44.0
2010_02_NE_NYJ,NE,6,79.0
2010_02_NE_NYJ,NYJ,6,58.0
2010_02_NO_SF,NO,5,54.0
2010_02_NO_SF,SF,5,40.0
2010_02_NYG_IND,IND,6,55.0
2010_02_NYG_IND,NYG,3,25.0
2010_02_PHI_DET,DET,9,51.0
2010_02_PHI_DET,PHI,9,75.0
2010_02_PIT_TEN,PIT,5,35.0
2010_02_PIT_TEN,TEN,11,72.0
2010_02_SEA_DEN,DEN,3,35.0
2010_02_SEA_DEN,SEA,7,64.0
2010_02_STL_OAK,LA,8,92.0
2010_02_STL_OAK,LV,12,90.0
2010_02_TB_CAR,CAR,4,48.0
2010_02_TB_CAR,TB,4,30.0
2010_03_ATL_NO,ATL,6,40.0
2010_03_ATL_NO,NO,4,38.0
2010_03_BUF_NE,BUF,6,45.0
2010_03_BUF_NE,NE,4,35.0
2010_03_CIN_CAR,CAR,6,45.0
2010_03_CIN_CAR,CIN,8,69.0
2010_03_CLE_BAL,BAL,8,60.0
2010_03_CLE_BAL,CLE,8,60.0
2010_03_DAL_HOU,DAL,8,49.0
2010_03_DAL_HOU,HOU,5,32.0
2010_03_DET_MIN,DET,8,67.0
2010_03_DET_MIN,MIN,12,100.0
2010_03_GB_CHI,CHI,5,38.0
2010_03_GB_CHI,GB,17,152.0
2010_03_IND_DEN,DEN,6,60.0
2010_03_IND_DEN,IND,4,27.0
2010_03_NYJ_MIA,MIA,6,52.0
2010_03_NYJ_MIA,NYJ,9,81.0
2010_03_OAK_ARI,ARI,7,104.0
2010_03_OAK_ARI,LV,11,123.0
2010_03_PHI_JAX,JAX,4,67.0
2010_03_PHI_JAX,PHI,7,84.0
2010_03_PIT_TB,PIT,2,20.0
2010_03_PIT_TB,TB,4,45.0
2010_03_SD_SEA,LAC,11,83.0
2010_03_SD_SEA,SEA,5,32.0
2010_03_SF_KC,KC,7,40.0
2010_03_SF_KC,SF,6,55.0
2010_03_TEN_NYG,NYG,11,86.0
2010_03_TEN_NYG,TEN,8,80.0
2010_03_WAS_STL,LA,9,99.0
2010_03_WAS_STL,WAS,9,65.0
2010_04_ARI_SD,ARI,5,34.0
2010_04_ARI_SD,LAC,5,44.0
2010_04_BAL_PIT,BAL,7,52.0
2010_04_BAL_PIT,PIT,11,88.0
2010_04_CAR_NO,CAR,4,66.0
2010_04_CAR_NO,NO,4,36.0
2010_04_CHI_NYG,CHI,8,40.0
2010_04_CHI_NYG,NYG,6,44.0
2010_04_CIN_CLE,CIN,8,79.0
2010_04_CIN_CLE,CLE,7,44.0
2010_04_DEN_TEN,DEN,6,74.0
2010_04_DEN_TEN,TEN,10,111.0
2010_04_DET_GB,DET,13,102.0
2010_04_DET_GB,GB,3,31.0
2010_04_HOU_OAK,HOU,5,26.0
2010_04_HOU_OAK,LV,2,23.0
2010_04_IND_JAX,IND,3,35.0
2010_04_IND_JAX,JAX,7,45.0
2010_04_NE_MIA,MIA,6,40.0
2010_04_NE_MIA,NE,3,31.0
2010_04_NYJ_BUF,BUF,3,32.0
2010_04_NYJ_BUF,NYJ,4,30.0
2010_04_SEA_STL,LA,5,41.0
2010_04_SEA_STL,SEA,6,49.0
2010_04_SF_ATL,ATL,4,60.0
2010_04_SF_ATL,SF,6,41.0
2010_04_WAS_PHI,PHI,8,80.0
2010_04_WAS_PHI,WAS,5,30.0
2010_05_ATL_CLE,ATL,6,60.0
2010_05_ATL_CLE,CLE,7,58.0
2010_05_CHI_CAR,CAR,7,53.0
2010_05_CHI_CAR,CHI,5,45.0
2010_05_DEN_BAL,BAL,5,66.0
2010_05_DEN_BAL,DEN,10,90.0
2010_05_GB_WAS,GB,9,63.0
2010_05_GB_WAS,WAS,4,28.0
2010_05_JAX_BUF,BUF,5,35.0
2010_05_JAX_BUF,JAX,5,38.0
2010_05_KC_IND,IND,5,45.0
2010_05_KC_IND,KC,4,38.0
2010_05_MIN_NYJ,MIN,8,51.0
2010_05_MIN_NYJ,NYJ,6,55.0
2010_05_NO_ARI,ARI,3,20.0
2010_05_NO_ARI,NO,6,45.0
2010_05_NYG_HOU,HOU,8,67.0
2010_05_NYG_HOU,NYG,9,84.0
2010_05_PHI_SF,PHI,5,30.0
2010_05_PHI_SF,SF,10,65.0
2010_05_SD_OAK,LAC,7,53.0
2010_05_SD_OAK,LV,12,85.0
2010_05_STL_DET,DET,11,78.0
2010_05_STL_DET,LA,7,40.0
2010_05_TB_CIN,CIN,9,60.0
2010_05_TB_CIN,TB,3,25.0
2010_05_TEN_DAL,DAL,12,133.0
2010_05_TEN_DAL,TEN,4,40.0
2010_06_ATL_PHI,ATL,2,30.0
2010_06_ATL_PHI,PHI,9,78.0
2010_06_BAL_NE,BAL,8,67.0
2010_06_BAL_NE,NE,9,78.0
2010_06_CLE_PIT,CLE,4,46.0
2010_06_CLE_PIT,PIT,4,25.0
2010_06_DAL_MIN,DAL,11,91.0
2010_06_DAL_MIN,MIN,5,45.0
2010_06_DET_NYG,DET,11,91.0
2010_06_DET_NYG,NYG,2,15.0
2010_06_IND_WAS,IND,3,15.0
2010_06_IND_WAS,WAS,7,53.0
2010_06_KC_HOU,HOU,5,53.0
2010_06_KC_HOU,KC,5,35.0
2010_06_MIA_GB,GB,7,45.0
2010_06_MIA_GB,MIA,4,30.0
2010_06_NO_TB,NO,8,65.0
2010_06_NO_TB,TB,5,30.0
2010_06_NYJ_DEN,DEN,5,81.0
2010_06_NYJ_DEN,NYJ,6,74.0
2010_06_OAK_SF,LV,8,60.0
2010_06_OAK_SF,SF,11,143.0
2010_06_SD_STL,LA,6,35.0
2010_06_SD_STL,LAC,6,31.0
2010_06_SEA_CHI,CHI,2,18.0
2010_06_SEA_CHI,SEA,5,83.0
2010_06_TEN_JAX,JAX,7,55.0
2010_06_TEN_JAX,TEN,8,57.0
2010_07_ARI_SEA,ARI,5,32.0
2010_07_ARI_SEA,SEA,10,95.0
2010_07_BUF_BAL,BAL,4,18.0
2010_07_BUF_BAL,BUF,6,78.0
2010_07_CIN_ATL,ATL,3,41.0
2010_07_CIN_ATL,CIN,7,36.0
2010_07_CLE_NO,CLE,4,30.0
2010_07_CLE_NO,NO,6,88.0
2010_07_JAX_KC,JAX,6,43.0
2010_07_JAX_KC,KC,7,92.0
2010_07_MIN_GB,GB,2,20.0
2010_07_MIN_GB,MIN,6,40.0
2010_07_NE_SD,LAC,6,69.0
2010_07_NE_SD,NE,7,51.0
2010_07_NYG_DAL,DAL,5,42.0
2010_07_NYG_DAL,NYG,6,46.0
2010_07_OAK_DEN,DEN,5,64.0
2010_07_OAK_DEN,LV,10,94.0
2010_07_PHI_TEN,PHI,10,100.0
2010_07_PHI_TEN,TEN,6,37.0
2010_07_PIT_MIA,MIA,3,24.0
2010_07_PIT_MIA,PIT,5,34.0
2010_07_SF_CAR,CAR,4,35.0
2010_07_SF_CAR,SF,11,81.0
2010_07_STL_TB,LA,6,45.0
2010_07_STL_TB,TB,12,92.0
2010_07_WAS_CHI,CHI,6,51.0
2010_07_WAS_CHI,WAS,7,48.0
2010_08_BUF_KC,BUF,5,35.0
2010_08_BUF_KC,KC,5,50.0
2010_08_CAR_STL,CAR,6,30.0
2010_08_CAR_STL,LA,7,65.0
2010_08_DEN_SF,DEN,8,60.0
2010_08_DEN_SF,SF,6,67.0
2010_08_GB_NYJ,GB,3,15.0
2010_08_GB_NYJ,NYJ,7,55.0
2010_08_HOU_IND,HOU,5,30.0
2010_08_HOU_IND,IND,9,69.0
2010_08_JAX_DAL,DAL,3,20.0
2010_08_JAX_DAL,JAX,6,36.0
2010_08_MIA_CIN,CIN,4,36.0
2010_08_MIA_CIN,MIA,4,42.0
2010_08_MIN_NE,MIN,5,35.0
2010_08_MIN_NE,NE,6,47.0
2010_08_PIT_NO,NO,3,35.0
2010_08_PIT_NO,PIT,4,38.0
2010_08_SEA_OAK,LV,11,105.0
2010_08_SEA_OAK,SEA,7,55.0
2010_08_TB_ARI,ARI,3,12.0
2010_08_TB_ARI,TB,9,80.0
2010_08_TEN_SD,LAC,8,62.0
2010_08_TEN_SD,TEN,10,80.0
2010_08_WAS_DET,DET,7,65.0
2010_08_WAS_DET,WAS,10,77.0
2010_09_ARI_MIN,ARI,7,39.0
2010_09_ARI_MIN,MIN,11,65.0
2010_09_CHI_BUF,BUF,4,33.0
2010_09_CHI_BUF,CHI,7,45.0
2010_09_DAL_GB,DAL,5,40.0
2010_09_DAL_GB,GB,2,20.0
2010_09_IND_PHI,IND,7,59.0
2010_09_IND_PHI,PHI,14,125.0
2010_09_KC_OAK,KC,12,100.0
2010_09_KC_OAK,LV,15,140.0
2010_09_MIA_BAL,BAL,5,40.0
2010_09_MIA_BAL,MIA,4,23.0
2010_09_NE_CLE,CLE,4,28.0
2010_09_NE_CLE,NE,3,20.0
2010_09_NO_CAR,CAR,10,65.0
2010_09_NO_CAR,NO,7,64.0
2010_09_NYG_SEA,NYG,5,40.0
2010_09_NYG_SEA,SEA,9,70.0
2010_09_NYJ_DET,DET,11,102.0
2010_09_NYJ_DET,NYJ,11,99.0
2010_09_PIT_CIN,CIN,3,30.0
2010_09_PIT_CIN,PIT,7,73.0
2010_09_SD_HOU,HOU,4,31.0
2010_09_SD_HOU,LAC,6,62.0
2010_09_TB_ATL,ATL,4,53.0
2010_09_TB_ATL,TB,5,30.0
2010_10_BAL_ATL,ATL,1,5.0
2010_10_BAL_ATL,BAL,6,51.0
2010_10_CAR_TB,CAR,7,71.0
2010_10_CAR_TB,TB,10,80.0
2010_10_CIN_IND,CIN,4,38.0
2010_10_CIN_IND,IND,5,45.0
2010_10_DAL_NYG,DAL,5,60.0
2010_10_DAL_NYG,NYG,8,69.0
2010_10_DET_BUF,BUF,4,30.0
2010_10_DET_BUF,DET,11,60.0
2010_10_HOU_JAX,HOU,8,49.0
2010_10_HOU_JAX,JAX,8,62.0
2010_10_KC_DEN,DEN,3,28.0
2010_10_KC_DEN,KC,6,40.0
2010_10_MIN_CHI,CHI,11,116.0
2010_10_MIN_CHI,MIN,2,19.0
2010_10_NE_PIT,NE,10,113.0
2010_10_NE_PIT,PIT,6,45.0
2010_10_NYJ_CLE,CLE,4,52.0
2010_10_NYJ_CLE,NYJ,9,70.0
2010_10_PHI_WAS,PHI,6,35.0
2010_10_PHI_WAS,WAS,6,41.0
2010_10_SEA_ARI,ARI,10,50.0
2010_10_SEA_ARI,SEA,6,51.0
2010_10_STL_SF,LA,12,135.0
2010_10_STL_SF,SF,14,105.0
2010_10_TEN_MIA,MIA,4,63.0
2010_10_TEN_MIA,TEN,5,55.0
2010_11_ARI_KC,ARI,11,96.0
2010_11_ARI_KC,KC,5,23.0
2010_11_ATL_STL,ATL,3,30.0
2010_11_ATL_STL,LA,7,54.0
2010_11_BAL_CAR,BAL,3,20.0
2010_11_BAL_CAR,CAR,7,54.0
2010_11_BUF_CIN,BUF,10,58.0
2010_11_BUF_CIN,CIN,7,57.0
2010_11_CHI_MIA,CHI,5,45.0
2010_11_CHI_MIA,MIA,5,45.0
2010_11_CLE_JAX,CLE,5,45.0
2010_11_CLE_JAX,JAX,2,10.0
2010_11_DEN_SD,DEN,8,56.0
2010_11_DEN_SD,LAC,5,40.0
2010_11_DET_DAL,DAL,6,39.0
2010_11_DET_DAL,DET,10,76.0
2010_11_GB_MIN,GB,1,5.0
2010_11_GB_MIN,MIN,6,50.0
2010_11_HOU_NYJ,HOU,3,25.0
2010_11_HOU_NYJ,NYJ,4,39.0
2010_11_IND_NE,IND,6,48.0
2010_11_IND_NE,NE,1,15.0
2010_11_NYG_PHI,NYG,6,54.0
2010_11_NYG_PHI,PHI,10,119.0
2010_11_OAK_PIT,LV,7,55.0
2010_11_OAK_PIT,PIT,14,163.0
2010_11_SEA_NO,NO,3,24.0
2010_11_SEA_NO,SEA,8,79.0
2010_11_TB_SF,SF,3,18.0
2010_11_TB_SF,TB,3,35.0
2010_11_WAS_TEN,TEN,11,81.0
2010_11_WAS_TEN,WAS,3,20.0
2010_12_CAR_CLE,CAR,8,68.0
2010_12_CAR_CLE,CLE,5,46.0
2010_12_CIN_NYJ,CIN,2,25.0
2010_12_CIN_NYJ,NYJ,8,64.0
2010_12_GB_ATL,ATL,4,50.0
2010_12_GB_ATL,GB,8,66.0
2010_12_JAX_NYG,JAX,3,20.0
2010_12_JAX_NYG,NYG,4,25.0
2010_12_KC_SEA,KC,5,50.0
2010_12_KC_SEA,SEA,3,26.0
2010_12_MIA_OAK,LV,4,20.0
2010_12_MIA_OAK,MIA,5,35.0
2010_12_MIN_WAS,MIN,3,15.0
2010_12_MIN_WAS,WAS,6,35.0
2010_12_NE_DET,DET,8,66.0
2010_12_NE_DET,NE,5,50.0
2010_12_NO_DAL,DAL,4,19.0
2010_12_NO_DAL,NO,4,30.0
2010_12_PHI_CHI,CHI,6,56.0
2010_12_PHI_CHI,PHI,3,19.0
2010_12_PIT_BUF,BUF,4,20.0
2010_12_PIT_BUF,PIT,10,107.0
2010_12_SD_IND,IND,1,15.0
2010_12_SD_IND,LAC,4,40.0
2010_12_SF_ARI,ARI,6,61.0
2010_12_SF_ARI,SF,6,40.0
2010_12_STL_DEN,DEN,6,60.0
2010_12_STL_DEN,LA,4,30.0
2010_12_TB_BAL,BAL,4,30.0
2010_12_TB_BAL,TB,9,78.0
2010_12_TEN_HOU,HOU,6,68.0
2010_12_TEN_HOU,TEN,10,79.0
2010_13_ATL_TB,ATL,6,55.0
2010_13_ATL_TB,TB,9,102.0
2010_13_BUF_MIN,BUF,6,54.0
2010_13_BUF_MIN,MIN,4,20.0
2010_13_CAR_SEA,CAR,8,53.0
2010_13_CAR_SEA,SEA,4,20.0
2010_13_CHI_DET,CHI,4,25.0
2010_13_CHI_DET,DET,6,42.0
2010_13_CLE_MIA,CLE,4,45.0
2010_13_CLE_MIA,MIA,4,37.0
2010_13_DAL_IND,DAL,5,35.0
2010_13_DAL_IND,IND,3,28.0
2010_13_DEN_KC,DEN,4,35.0
2010_13_DEN_KC,KC,8,60.0
2010_13_HOU_PHI,HOU,4,25.0
2010_13_HOU_PHI,PHI,11,85.0
2010_13_JAX_TEN,JAX,4,31.0
2010_13_JAX_TEN,TEN,4,30.0
2010_13_NO_CIN,CIN,7,43.0
2010_13_NO_CIN,NO,11,100.0
2010_13_NYJ_NE,NE,1,10.0
2010_13_NYJ_NE,NYJ,4,56.0
2010_13_OAK_SD,LAC,3,19.0
2010_13_OAK_SD,LV,13,105.0
2010_13_PIT_BAL,BAL,9,53.0
2010_13_PIT_BAL,PIT,9,61.0
2010_13_SF_GB,GB,5,40.0
2010_13_SF_GB,SF,6,32.0
2010_13_STL_ARI,ARI,6,54.0
2010_13_STL_ARI,LA,2,15.0
2010_13_WAS_NYG,NYG,5,35.0
2010_13_WAS_NYG,WAS,5,35.0
2010_14_ATL_CAR,ATL,1,10.0
2010_14_ATL_CAR,CAR,6,50.0
2010_14_BAL_HOU,BAL,3,15.0
2010_14_BAL_HOU,HOU,8,51.0
2010_14_CIN_PIT,CIN,4,25.0
2010_14_CIN_PIT,PIT,9,89.0
2010_14_CLE_BUF,BUF,6,44.0
2010_14_CLE_BUF,CLE,2,10.0
2010_14_DEN_ARI,ARI,7,62.0
2010_14_DEN_ARI,DEN,8,66.0
2010_14_GB_DET,DET,6,35.0
2010_14_GB_DET,GB,3,20.0
2010_14_IND_TEN,IND,7,60.0
2010_14_IND_TEN,TEN,5,29.0
2010_14_KC_SD,KC,2,15.0
2010_14_KC_SD,LAC,6,47.0
2010_14_MIA_NYJ,MIA,5,36.0
2010_14_MIA_NYJ,NYJ,6,50.0
2010_14_NE_CHI,CHI,4,30.0
2010_14_NE_CHI,NE,4,43.0
2010_14_NYG_MIN,MIN,10,71.0
2010_14_NYG_MIN,NYG,7,55.0
2010_14_OAK_JAX,JAX,6,52.0
2010_14_OAK_JAX,LV,4,25.0
2010_14_PHI_DAL,DAL,5,40.0
2010_14_PHI_DAL,PHI,6,59.0
2010_14_SEA_SF,SEA,8,75.0
2010_14_SEA_SF,SF,2,15.0
2010_14_STL_NO,LA,4,39.0
2010_14_STL_NO,NO,5,55.0
2010_14_TB_WAS,TB,2,14.0
2010_14_TB_WAS,WAS,4,25.0
2010_15_ARI_CAR,ARI,4,39.0
2010_15_ARI_CAR,CAR,6,58.0
2010_15_ATL_SEA,ATL,4,35.0
2010_15_ATL_SEA,SEA,10,76.0
2010_15_BUF_MIA,BUF,5,44.0
2010_15_BUF_MIA,MIA,4,35.0
2010_15_CHI_MIN,CHI,5,72.0
2010_15_CHI_MIN,MIN,6,55.0
2010_15_CLE_CIN,CIN,5,45.0
2010_15_CLE_CIN,CLE,3,25.0
2010_15_DEN_OAK,DEN,10,93.0
2010_15_DEN_OAK,LV,9,84.0
2010_15_DET_TB,DET,7,57.0
2010_15_DET_TB,TB,9,65.0
2010_15_GB_NE,GB,2,15.0
2010_15_GB_NE,NE,7,52.0
2010_15_HOU_TEN,HOU,9,66.0
2010_15_HOU_TEN,TEN,12,76.0
2010_15_JAX_IND,IND,6,68.0
2010_15_JAX_IND,JAX,6,55.0
2010_15_KC_STL,KC,5,40.0
2010_15_KC_STL,LA,9,60.0
2010_15_NO_BAL,BAL,10,68.0
2010_15_NO_BAL,NO,6,68.0
2010_15_NYJ_PIT,NYJ,3,19.0
2010_15_NYJ_PIT,PIT,3,35.0
2010_15_PHI_NYG,NYG,4,35.0
2010_15_PHI_NYG,PHI,5,30.0
2010_15_SF_SD,LAC,4,35.0
2010_15_SF_SD,SF,5,60.0
2010_15_WAS_DAL,DAL,9,70.0
2010_15_WAS_DAL,WAS,3,25.0
2010_16_BAL_CLE,BAL,1,5.0
2010_16_BAL_CLE,CLE,2,20.0
2010_16_CAR_PIT,CAR,6,62.0
2010_16_CAR_PIT,PIT,4,40.0
2010_16_DAL_ARI,ARI,6,43.0
2010_16_DAL_ARI,DAL,7,49.0
2010_16_DET_MIA,DET,6,53.0
2010_16_DET_MIA,MIA,8,63.0
2010_16_HOU_DEN,DEN,4,27.0
2010_16_HOU_DEN,HOU,3,24.0
2010_16_IND_OAK,IND,4,42.0
2010_16_IND_OAK,LV,10,116.0
2010_16_MIN_PHI,MIN,5,74.0
2010_16_MIN_PHI,PHI,12,62.0
2010_16_NE_BUF,BUF,6,40.0
2010_16_NE_BUF,NE,6,40.0
2010_16_NO_ATL,ATL,1,10.0
2010_16_NO_ATL,NO,8,92.0
2010_16_NYG_GB,GB,3,31.0
2010_16_NYG_GB,NYG,5,45.0
2010_16_NYJ_CHI,CHI,6,31.0
2010_16_NYJ_CHI,NYJ,3,34.0
2010_16_SD_CIN,CIN,6,57.0
2010_16_SD_CIN,LAC,1,5.0
2010_16_SEA_TB,SEA,1,10.0
2010_16_SEA_TB,TB,3,22.0
2010_16_SF_STL,LA,5,41.0
2010_16_SF_STL,SF,8,87.0
2010_16_TEN_KC,KC,7,84.0
2010_16_TEN_KC,TEN,9,74.0
2010_16_WAS_JAX,JAX,7,66.0
2010_16_WAS_JAX,WAS,5,40.0
2010_17_ARI_SF,ARI,8,43.0
2010_17_ARI_SF,SF,5,25.0
2010_17_BUF_NYJ,BUF,3,15.0
2010_17_BUF_NYJ,NYJ,3,25.0
2010_17_CAR_ATL,ATL,4,20.0
2010_17_CAR_ATL,CAR,10,97.0
2010_17_CHI_GB,CHI,6,46.0
2010_17_CHI_GB,GB,4,30.0
2010_17_CIN_BAL,BAL,7,45.0
2010_17_CIN_BAL,CIN,4,49.0
2010_17_DAL_PHI,DAL,6,45.0
2010_17_DAL_PHI,PHI,4,40.0
2010_17_JAX_HOU,HOU,5,48.0
2010_17_JAX_HOU,JAX,2,15.0
2010_17_MIA_NE,MIA,5,40.0
2010_17_MIA_NE,NE,5,72.0
2010_17_MIN_DET,DET,5,33.0
2010_17_MIN_DET,MIN,4,25.0
2010_17_NYG_WAS,NYG,2,24.0
2010_17_NYG_WAS,WAS,4,25.0
2010_17_OAK_KC,KC,5,39.0
2010_17_OAK_KC,LV,10,77.0
2010_17_PIT_CLE,CLE,6,46.0
2010_17_PIT_CLE,PIT,3,25.0
2010_17_SD_DEN,DEN,5,45.0
2010_17_SD_DEN,LAC,3,32.0
2010_17_STL_SEA,LA,6,46.0
2010_17_STL_SEA,SEA,7,70.0
2010_17_TB_NO,NO,5,45.0
2010_17_TB_NO,TB,7,54.0
2010_17_TEN_IND,IND,5,25.0
2010_17_TEN_IND,TEN,7,58.0
2010_18_BAL_KC,BAL,2,20.0
2010_18_BAL_KC,KC,5,40.0
2010_18_GB_PHI,GB,2,15.0
2010_18_GB_PHI,PHI,7,50.0
2010_18_NO_SEA,NO,7,39.0
2010_18_NO_SEA,SEA,6,39.0
2010_18_NYJ_IND,IND,2,10.0
2010_18_NYJ_IND,NYJ,3,15.0
2010_19_BAL_PIT,BAL,6,74.0
2010_19_BAL_PIT,PIT,9,93.0
2010_19_GB_ATL,ATL,7,32.0
2010_19_GB_ATL,GB,6,65.0
2010_19_NYJ_NE,NE,6,44.0
2010_19_NYJ_NE,NYJ,3,35.0
2010_19_SEA_CHI,CHI,8,71.0
2010_19_SEA_CHI,SEA,3,20.0
2010_20_GB_CHI,CHI,9,89.0
2010_20_GB_CHI,GB,6,40.0
2010_20_NYJ_PIT,NYJ,6,50.0
2010_20_NYJ_PIT,PIT,4,25.0
2010_21_PIT_GB,GB,7,67.0
2010_21_PIT_GB,PIT,6,55.0
2011_01_ATL_CHI,ATL,9,65.0
2011_01_ATL_CHI,CHI,8,56.0
2011_01_BUF_KC,BUF,5,30.0
2011_01_BUF_KC,KC,1,3.0
2011_01_CAR_ARI,ARI,6,61.0
2011_01_CAR_ARI,CAR,10,74.0
2011_01_CIN_CLE,CIN,3,22.0
2011_01_CIN_CLE,CLE,11,72.0
2011_01_DAL_NYJ,DAL,7,40.0
2011_01_DET_TB,DET,8,68.0
2011_01_DET_TB,TB,6,39.0
2011_01_IND_HOU,HOU,4,30.0
2011_01_IND_HOU,IND,6,60.0
2011_01_MIN_SD,LAC,4,26.0
2011_01_MIN_SD,MIN,9,78.0
2011_01_NE_MIA,MIA,8,60.0
2011_01_NE_MIA,NE,7,50.0
2011_01_NO_GB,GB,6,48.0
2011_01_NO_GB,NO,3,15.0
2011_01_NYG_WAS,NYG,8,63.0
2011_01_NYG_WAS,WAS,3,25.0
2011_01_OAK_DEN,DEN,10,91.0
2011_01_OAK_DEN,LV,15,131.0
2011_01_PHI_STL,LA,9,60.0
2011_01_PHI_STL,PHI,8,91.0
2011_01_PIT_BAL,BAL,7,75.0
2011_01_PIT_BAL,PIT,6,53.0
2011_01_SEA_SF,SEA,11,72.0
2011_01_SEA_SF,SF,9,102.0
2011_01_TEN_JAX,JAX,5,39.0
2011_01_TEN_JAX,TEN,7,60.0
2011_02_ARI_WAS,ARI,10,97.0
2011_02_ARI_WAS,WAS,3,15.0
2011_02_BAL_TEN,BAL,7,44.0
2011_02_BAL_TEN,TEN,6,70.0
2011_02_CHI_NO,CHI,6,47.0
2011_02_CHI_NO,NO,7,41.0
2011_02_CIN_DEN,CIN,7,69.0
2011_02_CIN_DEN,DEN,7,55.0
2011_02_CLE_IND,CLE,3,49.0
2011_02_CLE_IND,IND,4,21.0
2011_02_DAL_SF,DAL,8,83.0
2011_02_DAL_SF,SF,5,25.0
2011_02_GB_CAR,CAR,6,50.0
2011_02_GB_CAR,GB,7,57.0
2011_02_HOU_MIA,HOU,4,76.0
2011_02_HOU_MIA,MIA,3,20.0
2011_02_JAX_NYJ,JAX,4,50.0
2011_02_JAX_NYJ,NYJ,7,60.0
2011_02_KC_DET,DET,4,35.0
2011_02_KC_DET,KC,8,70.0
2011_02_OAK_BUF,BUF,3,26.0
2011_02_OAK_BUF,LV,8,85.0
2011_02_PHI_ATL,ATL,7,57.0
2011_02_PHI_ATL,PHI,4,20.0
2011_02_SD_NE,LAC,6,44.0
2011_02_SD_NE,NE,8,80.0
2011_02_SEA_PIT,PIT,4,48.0
2011_02_SEA_PIT,SEA,6,66.0
2011_02_STL_NYG,LA,7,62.0
2011_02_STL_NYG,NYG,5,55.0
2011_02_TB_MIN,MIN,8,65.0
2011_02_TB_MIN,TB,6,53.0
2011_03_ARI_SEA,ARI,2,20.0
2011_03_ARI_SEA,SEA,8,39.0
2011_03_ATL_TB,ATL,7,50.0
2011_03_ATL_TB,TB,9,66.0
2011_03_BAL_STL,BAL,5,32.0
2011_03_BAL_STL,LA,8,117.0
2011_03_DEN_TEN,DEN,1,15.0
2011_03_DEN_TEN,TEN,11,80.0
2011_03_DET_MIN,DET,7,65.0
2011_03_DET_MIN,MIN,10,79.0
2011_03_GB_CHI,CHI,10,70.0
2011_03_GB_CHI,GB,7,35.0
2011_03_HOU_NO,HOU,7,56.0
2011_03_HOU_NO,NO,4,26.0
2011_03_JAX_CAR,CAR,8,69.0
2011_03_JAX_CAR,JAX,8,60.0
2011_03_KC_SD,KC,7,65.0
2011_03_KC_SD,LAC,4,40.0
2011_03_MIA_CLE,CLE,8,85.0
2011_03_MIA_CLE,MIA,10,93.0
2011_03_NE_BUF,BUF,9,77.0
2011_03_NE_BUF,NE,8,93.0
2011_03_NYG_PHI,NYG,4,21.0
2011_03_NYG_PHI,PHI,7,36.0
2011_03_NYJ_OAK,LV,7,55.0
2011_03_NYJ_OAK,NYJ,7,61.0
2011_03_PIT_IND,IND,3,21.0
2011_03_PIT_IND,PIT,4,38.0
2011_03_SF_CIN,CIN,6,40.0
2011_03_SF_CIN,SF,12,70.0
2011_03_WAS_DAL,DAL,6,55.0
2011_03_WAS_DAL,WAS,4,35.0
2011_04_ATL_SEA,ATL,4,35.0
2011_04_ATL_SEA,SEA,6,40.0
2011_04_BUF_CIN,BUF,4,26.0
2011_04_BUF_CIN,CIN,3,15.0
2011_04_CAR_CHI,CAR,8,52.0
2011_04_CAR_CHI,CHI,5,45.0
2011_04_DEN_GB,DEN,3,24.0
2011_04_DEN_GB,GB,3,27.0
2011_04_DET_DAL,DAL,7,33.0
2011_04_DET_DAL,DET,10,75.0
2011_04_IND_TB,IND,6,50.0
2011_04_IND_TB,TB,14,106.0
2011_04_MIA_SD,LAC,8,80.0
2011_04_MIA_SD,MIA,2,41.0
2011_04_MIN_KC,KC,6,57.0
2011_04_MIN_KC,MIN,6,45.0
2011_04_NE_OAK,LV,9,85.0
2011_04_NE_OAK,NE,5,45.0
2011_04_NO_JAX,JAX,2,15.0
2011_04_NO_JAX,NO,6,50.0
2011_04_NYG_ARI,ARI,11,118.0
2011_04_NYG_ARI,NYG,7,55.0
2011_04_NYJ_BAL,BAL,7,46.0
2011_04_NYJ_BAL,NYJ,9,69.0
2011_04_PIT_HOU,HOU,9,64.0
2011_04_PIT_HOU,PIT,5,45.0
2011_04_SF_PHI,PHI,5,55.0
2011_04_SF_PHI,SF,5,40.0
2011_04_TEN_CLE,CLE,5,40.0
2011_04_TEN_CLE,TEN,5,45.0
2011_04_WAS_STL,LA,9,65.0
2011_04_WAS_STL,WAS,10,96.0
2011_05_ARI_MIN,ARI,6,64.0
2011_05_ARI_MIN,MIN,5,35.0
2011_05_CHI_DET,CHI,14,104.0
2011_05_CHI_DET,DET,12,94.0
2011_05_CIN_JAX,CIN,4,33.0
2011_05_CIN_JAX,JAX,2,15.0
2011_05_GB_ATL,ATL,5,44.0
2011_05_GB_ATL,GB,6,55.0
2011_05_KC_IND,IND,4,40.0
2011_05_KC_IND,KC,5,39.0
2011_05_NO_CAR,CAR,7,65.0
2011_05_NO_CAR,NO,9,82.0
2011_05_NYJ_NE,NE,6,50.0
2011_05_NYJ_NE,NYJ,8,89.0
2011_05_OAK_HOU,HOU,6,50.0
2011_05_OAK_HOU,LV,11,89.0
2011_05_PHI_BUF,BUF,4,40.0
2011_05_PHI_BUF,PHI,5,46.0
2011_05_SD_DEN,DEN,4,53.0
2011_05_SEA_NYG,NYG,7,52.0
2011_05_SEA_NYG,SEA,10,70.0
2011_05_TB_SF,SF,3,30.0
2011_05_TB_SF,TB,9,96.0
2011_05_TEN_PIT,PIT,5,51.0
2011_05_TEN_PIT,TEN,9,70.0
2011_06_BUF_NYG,BUF,7,75.0
2011_06_BUF_NYG,NYG,7,79.0
2011_06_CAR_ATL,ATL,4,57.0
2011_06_CAR_ATL,CAR,7,85.0
2011_06_CLE_OAK,CLE,5,34.0
2011_06_CLE_OAK,LV,5,35.0
2011_06_DAL_NE,DAL,10,77.0
2011_06_DAL_NE,NE,5,35.0
2011_06_HOU_BAL,BAL,5,25.0
2011_06_HOU_BAL,HOU,5,15.0
2011_06_IND_CIN,CIN,11,111.0
2011_06_IND_CIN,IND,2,11.0
2011_06_JAX_PIT,JAX,4,22.0
2011_06_JAX_PIT,PIT,8,65.0
2011_06_MIA_NYJ,MIA,2,10.0
2011_06_MIA_NYJ,NYJ,6,49.0
2011_06_MIN_CHI,CHI,3,15.0
2011_06_MIN_CHI,MIN,5,40.0
2011_06_NO_TB,NO,7,53.0
2011_06_NO_TB,TB,7,64.0
2011_06_PHI_WAS,PHI,8,60.0
2011_06_PHI_WAS,WAS,9,75.0
2011_06_SF_DET,DET,6,54.0
2011_06_SF_DET,SF,15,120.0
2011_06_STL_GB,GB,3,16.0
2011_06_STL_GB,LA,7,45.0
2011_07_ATL_DET,ATL,11,80.0
2011_07_ATL_DET,DET,10,84.0
2011_07_BAL_JAX,BAL,10,85.0
2011_07_BAL_JAX,JAX,6,90.0
2011_07_CHI_TB,CHI,7,54.0
2011_07_CHI_TB,TB,8,69.0
2011_07_DEN_MIA,DEN,5,30.0
2011_07_DEN_MIA,MIA,2,20.0
2011_07_GB_MIN,GB,6,44.0
2011_07_GB_MIN,MIN,9,91.0
2011_07_HOU_TEN,HOU,6,68.0
2011_07_HOU_TEN,TEN,8,76.0
2011_07_IND_NO,IND,7,49.0
2011_07_IND_NO,NO,1,10.0
2011_07_KC_OAK,KC,10,98.0
2011_07_KC_OAK,LV,14,120.0
2011_07_PIT_ARI,ARI,9,74.0
2011_07_PIT_ARI,PIT,9,69.0
2011_07_SD_NYJ,LAC,13,95.0
2011_07_SD_NYJ,NYJ,8,60.0
2011_07_SEA_CLE,CLE,7,48.0
2011_07_SEA_CLE,SEA,8,68.0
2011_07_STL_DAL,DAL,6,30.0
2011_07_STL_DAL,LA,4,16.0
2011_07_WAS_CAR,CAR,13,105.0
2011_07_WAS_CAR,WAS,3,26.0
2011_08_ARI_BAL,ARI,12,92.0
2011_08_ARI_BAL,BAL,11,99.0
2011_08_CIN_SEA,CIN,7,65.0
2011_08_CIN_SEA,SEA,11,80.0
2011_08_CLE_SF,CLE,5,39.0
2011_08_CLE_SF,SF,5,40.0
2011_08_DAL_PHI,DAL,3,20.0
2011_08_DAL_PHI,PHI,6,33.0
2011_08_DET_DEN,DEN,5,55.0
2011_08_DET_DEN,DET,4,45.0
2011_08_IND_TEN,IND,10,66.0
2011_08_IND_TEN,TEN,3,40.0
2011_08_JAX_HOU,HOU,7,60.0
2011_08_JAX_HOU,JAX,5,39.0
2011_08_MIA_NYG,MIA,4,30.0
2011_08_MIA_NYG,NYG,7,46.0
2011_08_MIN_CAR,CAR,6,60.0
2011_08_MIN_CAR,MIN,4,43.0
2011_08_NE_PIT,NE,6,37.0
2011_08_NE_PIT,PIT,8,50.0
2011_08_NO_STL,LA,9,64.0
2011_08_NO_STL,NO,5,32.0
2011_08_SD_KC,KC,9,53.0
2011_08_SD_KC,LAC,12,105.0
2011_08_WAS_BUF,BUF,6,35.0
2011_08_WAS_BUF,WAS,4,59.0
2011_09_ATL_IND,ATL,1,10.0
2011_09_ATL_IND,IND,6,32.0
2011_09_BAL_PIT,BAL,3,20.0
2011_09_BAL_PIT,PIT,6,69.0
2011_09_CHI_PHI,CHI,6,53.0
2011_09_CHI_PHI,PHI,6,44.0
2011_09_CIN_TEN,CIN,9,87.0
2011_09_CIN_TEN,TEN,7,100.0
2011_09_CLE_HOU,CLE,4,35.0
2011_09_CLE_HOU,HOU,2,15.0
2011_09_DEN_OAK,DEN,11,93.0
2011_09_DEN_OAK,LV,15,130.0
2011_09_GB_SD,GB,5,33.0
2011_09_GB_SD,LAC,8,64.0
2011_09_MIA_KC,KC,8,70.0
2011_09_MIA_KC,MIA,7,49.0
2011_09_NYG_NE,NE,7,81.0
2011_09_NYG_NE,NYG,6,50.0
2011_09_NYJ_BUF,BUF,6,84.0
2011_09_NYJ_BUF,NYJ,9,60.0
2011_09_SEA_DAL,DAL,7,82.0
2011_09_SEA_DAL,SEA,10,88.0
2011_09_SF_WAS,SF,9,55.0
2011_09_SF_WAS,WAS,3,35.0
2011_09_STL_ARI,ARI,6,45.0
2011_09_STL_ARI,LA,9,71.0
2011_09_TB_NO,NO,8,63.0
2011_09_TB_NO,TB,9,80.0
2011_10_ARI_PHI,ARI,7,66.0
2011_10_ARI_PHI,PHI,11,97.0
2011_10_BAL_SEA,BAL,4,34.0
2011_10_BAL_SEA,SEA,13,100.0
2011_10_BUF_DAL,BUF,3,12.0
2011_10_BUF_DAL,DAL,8,74.0
2011_10_DEN_KC,DEN,8,65.0
2011_10_DEN_KC,KC,4,40.0
2011_10_DET_CHI,CHI,4,37.0
2011_10_DET_CHI,DET,4,53.0
2011_10_HOU_TB,HOU,8,54.0
2011_10_HOU_TB,TB,6,49.0
2011_10_JAX_IND,IND,6,40.0
2011_10_JAX_IND,JAX,5,55.0
2011_10_MIN_GB,GB,1,5.0
2011_10_MIN_GB,MIN,10,80.0
2011_10_NE_NYJ,NE,9,80.0
2011_10_NE_NYJ,NYJ,5,56.0
2011_10_NO_ATL,ATL,10,85.0
2011_10_NO_ATL,NO,8,79.0
2011_10_NYG_SF,NYG,6,45.0
2011_10_NYG_SF,SF,5,35.0
2011_10_OAK_SD,LAC,6,31.0
2011_10_OAK_SD,LV,7,45.0
2011_10_PIT_CIN,CIN,4,35.0
2011_10_PIT_CIN,PIT,4,31.0
2011_10_STL_CLE,CLE,6,60.0
2011_10_STL_CLE,LA,7,55.0
2011_10_TEN_CAR,CAR,12,99.0
2011_10_TEN_CAR,TEN,9,92.0
2011_10_WAS_MIA,MIA,6,55.0
2011_10_WAS_MIA,WAS,6,51.0
2011_11_ARI_SF,ARI,6,75.0
2011_11_ARI_SF,SF,7,87.0
2011_11_BUF_MIA,BUF,3,27.0
2011_11_BUF_MIA,MIA,4,50.0
2011_11_CAR_DET,CAR,7,70.0
2011_11_CAR_DET,DET,8,56.0
2011_11_CIN_BAL,BAL,6,69.0
2011_11_CIN_BAL,CIN,6,43.0
2011_11_DAL_WAS,DAL,9,48.0
2011_11_DAL_WAS,WAS,6,59.0
2011_11_JAX_CLE,CLE,9,70.0
2011_11_JAX_CLE,JAX,9,81.0
2011_11_KC_NE,KC,5,34.0
2011_11_KC_NE,NE,3,20.0
2011_11_NYJ_DEN,DEN,6,51.0
2011_11_NYJ_DEN,NYJ,2,15.0
2011_11_OAK_MIN,LV,12,117.0
2011_11_OAK_MIN,MIN,9,50.0
2011_11_PHI_NYG,NYG,5,39.0
2011_11_PHI_NYG,PHI,5,30.0
2011_11_SD_CHI,CHI,6,61.0
2011_11_SD_CHI,LAC,3,20.0
2011_11_SEA_STL,LA,5,50.0
2011_11_SEA_STL,SEA,13,100.0
2011_11_TB_GB,GB,5,37.0
2011_11_TB_GB,TB,9,55.0
2011_11_TEN_ATL,ATL,5,55.0
2011_11_TEN_ATL,TEN,10,86.0
2011_12_ARI_STL,ARI,4,30.0
2011_12_ARI_STL,LA,8,49.0
2011_12_BUF_NYJ,BUF,9,85.0
2011_12_BUF_NYJ,NYJ,4,40.0
2011_12_CAR_IND,CAR,6,92.0
2011_12_CAR_IND,IND,2,15.0
2011_12_CHI_OAK,CHI,7,61.0
2011_12_CHI_OAK,LV,6,44.0
2011_12_CLE_CIN,CIN,5,35.0
2011_12_CLE_CIN,CLE,3,15.0
2011_12_DEN_SD,DEN,9,63.0
2011_12_DEN_SD,LAC,4,30.0
2011_12_GB_DET,DET,11,82.0
2011_12_GB_DET,GB,7,54.0
2011_12_HOU_JAX,HOU,7,80.0
2011_12_HOU_JAX,JAX,4,30.0
2011_12_MIA_DAL,DAL,11,69.0
2011_12_MIA_DAL,MIA,6,55.0
2011_12_MIN_ATL,ATL,4,30.0
2011_12_MIN_ATL,MIN,6,49.0
2011_12_NE_PHI,NE,3,20.0
2011_12_NE_PHI,PHI,10,60.0
2011_12_NYG_NO,NO,11,104.0
2011_12_NYG_NO,NYG,4,32.0
2011_12_PIT_KC,KC,4,20.0
2011_12_PIT_KC,PIT,6,50.0
2011_12_SF_BAL,BAL,3,20.0
2011_12_SF_BAL,SF,7,97.0
2011_12_TB_TEN,TB,4,30.0
2011_12_TB_TEN,TEN,5,50.0
2011_12_WAS_SEA,SEA,9,91.0
2011_12_WAS_SEA,WAS,10,115.0
2011_13_ATL_HOU,ATL,7,43.0
2011_13_ATL_HOU,HOU,5,35.0
2011_13_BAL_CLE,BAL,4,18.0
2011_13_BAL_CLE,CLE,3,37.0
2011_13_CAR_TB,CAR,2,20.0
2011_13_CAR_TB,TB,9,73.0
2011_13_CIN_PIT,CIN,10,109.0
2011_13_CIN_PIT,PIT,4,29.0
2011_13_DAL_ARI,ARI,6,41.0
2011_13_DAL_ARI,DAL,7,49.0
2011_13_DEN_MIN,DEN,8,73.0
2011_13_DEN_MIN,MIN,6,54.0
2011_13_DET_NO,DET,13,122.0
2011_13_DET_NO,NO,3,30.0
2011_13_GB_NYG,GB,4,30.0
2011_13_GB_NYG,NYG,6,55.0
2011_13_IND_NE,IND,5,29.0
2011_13_IND_NE,NE,3,20.0
2011_13_KC_CHI,CHI,5,35.0
2011_13_KC_CHI,KC,8,60.0
2011_13_NYJ_WAS,NYJ,6,40.0
2011_13_NYJ_WAS,WAS,6,50.0
2011_13_OAK_MIA,LV,10,91.0
2011_13_OAK_MIA,MIA,8,79.0
2011_13_PHI_SEA,PHI,5,28.0
2011_13_PHI_SEA,SEA,5,30.0
2011_13_SD_JAX,JAX,3,26.0
2011_13_SD_JAX,LAC,6,55.0
2011_13_STL_SF,LA,5,35.0
2011_13_STL_SF,SF,8,72.0
2011_13_TEN_BUF,BUF,2,15.0
2011_13_TEN_BUF,TEN,3,20.0
2011_14_ATL_CAR,ATL,5,50.0
2011_14_ATL_CAR,CAR,5,50.0
2011_14_BUF_SD,BUF,1,5.0
2011_14_BUF_SD,LAC,5,50.0
2011_14_CHI_DEN,CHI,8,69.0
2011_14_CHI_DEN,DEN,4,28.0
2011_14_CLE_PIT,CLE,6,54.0
2011_14_CLE_PIT,PIT,12,97.0
2011_14_HOU_CIN,CIN,3,27.0
2011_14_HOU_CIN,HOU,5,50.0
2011_14_IND_BAL,BAL,5,40.0
2011_14_IND_BAL,IND,3,15.0
2011_14_KC_NYJ,KC,11,128.0
2011_14_KC_NYJ,NYJ,4,22.0
2011_14_MIN_DET,DET,10,76.0
2011_14_MIN_DET,MIN,5,37.0
2011_14_NE_WAS,NE,4,47.0
2011_14_NE_WAS,WAS,7,68.0
2011_14_NO_TEN,NO,11,95.0
2011_14_NO_TEN,TEN,8,54.0
2011_14_NYG_DAL,DAL,10,51.0
2011_14_NYG_DAL,NYG,6,55.0
2011_14_OAK_GB,GB,5,35.0
2011_14_OAK_GB,LV,11,89.0
2011_14_PHI_MIA,MIA,7,81.0
2011_14_PHI_MIA,PHI,7,69.0
2011_14_SF_ARI,ARI,4,45.0
2011_14_SF_ARI,SF,5,35.0
2011_14_STL_SEA,LA,5,30.0
2011_14_STL_SEA,SEA,9,61.0
2011_14_TB_JAX,JAX,8,80.0
2011_14_TB_JAX,TB,12,97.0
2011_15_BAL_SD,BAL,3,25.0
2011_15_BAL_SD,LAC,3,35.0
2011_15_CAR_HOU,CAR,7,40.0
2011_15_CAR_HOU,HOU,6,60.0
2011_15_CIN_STL,CIN,11,101.0
2011_15_CIN_STL,LA,9,99.0
2011_15_CLE_ARI,ARI,2,13.0
2011_15_CLE_ARI,CLE,9,74.0
2011_15_DAL_TB,DAL,2,15.0
2011_15_DAL_TB,TB,6,46.0
2011_15_DET_OAK,DET,9,72.0
2011_15_DET_OAK,LV,10,86.0
2011_15_GB_KC,GB,5,37.0
2011_15_GB_KC,KC,7,55.0
2011_15_JAX_ATL,ATL,4,31.0
2011_15_JAX_ATL,JAX,5,40.0
2011_15_MIA_BUF,BUF,11,92.0
2011_15_MIA_BUF,MIA,5,62.0
2011_15_NE_DEN,DEN,7,39.0
2011_15_NE_DEN,NE,4,30.0
2011_15_NO_MIN,MIN,8,84.0
2011_15_NO_MIN,NO,6,65.0
2011_15_NYJ_PHI,NYJ,11,93.0
2011_15_NYJ_PHI,PHI,7,62.0
2011_15_PIT_SF,PIT,9,72.0
2011_15_PIT_SF,SF,7,49.0
2011_15_SEA_CHI,CHI,5,45.0
2011_15_SEA_CHI,SEA,6,36.0
2011_15_TEN_IND,IND,4,25.0
2011_15_TEN_IND,TEN,7,70.0
2011_15_WAS_NYG,NYG,8,75.0
2011_15_WAS_NYG,WAS,2,48.0
2011_16_ARI_CIN,ARI,6,87.0
2011_16_ARI_CIN,CIN,6,47.0
2011_16_ATL_NO,ATL,7,57.0
2011_16_ATL_NO,NO,4,46.0
2011_16_CHI_GB,CHI,6,28.0
2011_16_CLE_BAL,BAL,5,51.0
2011_16_CLE_BAL,CLE,6,95.0
2011_16_DEN_BUF,BUF,8,69.0
2011_16_DEN_BUF,DEN,7,58.0
2011_16_HOU_IND,HOU,11,84.0
2011_16_HOU_IND,IND,4,35.0
2011_16_JAX_TEN,JAX,6,28.0
2011_16_MIA_NE,MIA,6,39.0
2011_16_MIA_NE,NE,5,50.0
2011_16_MIN_WAS,MIN,4,40.0
2011_16_MIN_WAS,WAS,8,64.0
2011_16_NYG_NYJ,NYG,5,45.0
2011_16_NYG_NYJ,NYJ,10,95.0
2011_16_OAK_KC,KC,11,88.0
2011_16_OAK_KC,LV,15,92.0
2011_16_PHI_DAL,DAL,6,47.0
2011_16_PHI_DAL,PHI,5,47.0
2011_16_SD_DET,DET,3,8.0
2011_16_SD_DET,LAC,1,10.0
2011_16_SF_SEA,SEA,6,51.0
2011_16_SF_SEA,SF,6,77.0
2011_16_STL_PIT,LA,4,21.0
2011_16_STL_PIT,PIT,7,50.0
2011_16_TB_CAR,CAR,8,77.0
2011_16_TB_CAR,TB,7,64.0
2011_17_BAL_CIN,BAL,7,59.0
2011_17_BAL_CIN,CIN,4,35.0
2011_17_BUF_NE,BUF,5,45.0
2011_17_BUF_NE,NE,4,77.0
2011_17_CAR_NO,CAR,1,5.0
2011_17_CAR_NO,NO,6,60.0
2011_17_CHI_MIN,CHI,4,20.0
2011_17_CHI_MIN,MIN,5,38.0
2011_17_DAL_NYG,DAL,7,43.0
2011_17_DAL_NYG,NYG,3,28.0
2011_17_DET_GB,DET,11,101.0
2011_17_DET_GB,GB,6,78.0
2011_17_IND_JAX,IND,4,40.0
2011_17_IND_JAX,JAX,1,10.0
2011_17_KC_DEN,DEN,6,49.0
2011_17_KC_DEN,KC,6,36.0
2011_17_NYJ_MIA,MIA,5,35.0
2011_17_NYJ_MIA,NYJ,6,40.0
2011_17_PIT_CLE,CLE,5,40.0
2011_17_PIT_CLE,PIT,4,37.0
2011_17_SD_OAK,LAC,8,68.0
2011_17_SD_OAK,LV,8,64.0
2011_17_SEA_ARI,ARI,9,76.0
2011_17_SEA_ARI,SEA,7,55.0
2011_17_SF_STL,LA,6,50.0
2011_17_SF_STL,SF,5,80.0
2011_17_TB_ATL,ATL,3,20.0
2011_17_TB_ATL,TB,2,20.0
2011_17_TEN_HOU,HOU,7,55.0
2011_17_TEN_HOU,TEN,6,47.0
2011_17_WAS_PHI,PHI,8,75.0
2011_17_WAS_PHI,WAS,6,71.0
2011_18_ATL_NYG,ATL,3,15.0
2011_18_ATL_NYG,NYG,7,73.0
2011_18_CIN_HOU,CIN,3,25.0
2011_18_CIN_HOU,HOU,5,87.0
2011_18_DET_NO,DET,7,64.0
2011_18_DET_NO,NO,3,18.0
2011_18_PIT_DEN,DEN,5,30.0
2011_18_PIT_DEN,PIT,6,61.0
2011_19_DEN_NE,DEN,5,55.0
2011_19_DEN_NE,NE,2,20.0
2011_19_HOU_BAL,HOU,3,20.0
2011_19_NO_SF,SF,3,33.0
2011_19_NYG_GB,GB,3,20.0
2011_19_NYG_GB,NYG,3,30.0
2011_20_BAL_NE,BAL,6,33.0
2011_20_BAL_NE,NE,1,5.0
2011_20_NYG_SF,NYG,9,60.0
2011_20_NYG_SF,SF,6,50.0
2011_21_NYG_NE,NE,5,28.0
2011_21_NYG_NE,NYG,4,24.0
2012_01_ATL_KC,ATL,2,12.0
2012_01_ATL_KC,KC,2,25.0
2012_01_BUF_NYJ,BUF,6,34.0
2012_01_BUF_NYJ,NYJ,5,34.0
2012_01_CAR_TB,CAR,6,65.0
2012_01_CAR_TB,TB,4,35.0
2012_01_CIN_BAL,BAL,6,50.0
2012_01_CIN_BAL,CIN,3,41.0
2012_01_DAL_NYG,DAL,13,86.0
2012_01_DAL_NYG,NYG,4,33.0
2012_01_IND_CHI,CHI,7,48.0
2012_01_IND_CHI,IND,3,19.0
2012_01_JAX_MIN,JAX,4,25.0
2012_01_JAX_MIN,MIN,5,47.0
2012_01_MIA_HOU,HOU,4,35.0
2012_01_MIA_HOU,MIA,7,78.0
2012_01_NE_TEN,NE,3,20.0
2012_01_NE_TEN,TEN,3,30.0
2012_01_PHI_CLE,CLE,3,35.0
2012_01_PHI_CLE,PHI,12,110.0
2012_01_PIT_DEN,DEN,6,49.0
2012_01_PIT_DEN,PIT,8,52.0
2012_01_SD_OAK,LAC,9,78.0
2012_01_SD_OAK,LV,6,35.0
2012_01_SEA_ARI,ARI,10,102.0
2012_01_SEA_ARI,SEA,13,90.0
2012_01_SF_GB,GB,10,77.0
2012_01_SF_GB,SF,8,66.0
2012_01_STL_DET,DET,3,27.0
2012_01_STL_DET,LA,7,65.0
2012_01_WAS_NO,NO,12,107.0
2012_01_WAS_NO,WAS,12,127.0
2012_02_ARI_NE,ARI,5,39.0
2012_02_ARI_NE,NE,8,60.0
2012_02_BAL_PHI,BAL,6,45.0
2012_02_BAL_PHI,PHI,7,58.0
2012_02_CHI_GB,CHI,8,65.0
2012_02_CHI_GB,GB,4,54.0
2012_02_CLE_CIN,CIN,6,54.0
2012_02_CLE_CIN,CLE,10,103.0
2012_02_DAL_SEA,DAL,5,47.0
2012_02_DAL_SEA,SEA,5,35.0
2012_02_DEN_ATL,ATL,8,72.0
2012_02_DEN_ATL,DEN,10,96.0
2012_02_DET_SF,DET,8,67.0
2012_02_DET_SF,SF,5,62.0
2012_02_HOU_JAX,HOU,10,64.0
2012_02_HOU_JAX,JAX,8,71.0
2012_02_KC_BUF,BUF,5,50.0
2012_02_KC_BUF,KC,4,33.0
2012_02_MIN_IND,IND,7,51.0
2012_02_MIN_IND,MIN,11,105.0
2012_02_NO_CAR,CAR,4,34.0
2012_02_NO_CAR,NO,2,23.0
2012_02_NYJ_PIT,NYJ,7,63.0
2012_02_NYJ_PIT,PIT,10,107.0
2012_02_OAK_MIA,LV,5,42.0
2012_02_OAK_MIA,MIA,3,21.0
2012_02_TB_NYG,NYG,7,53.0
2012_02_TB_NYG,TB,5,33.0
2012_02_TEN_SD,LAC,4,41.0
2012_02_TEN_SD,TEN,8,59.0
2012_02_WAS_STL,LA,7,60.0
2012_02_WAS_STL,WAS,11,96.0
2012_03_ATL_SD,ATL,2,15.0
2012_03_ATL_SD,LAC,4,17.0
2012_03_BUF_CLE,BUF,10,75.0
2012_03_BUF_CLE,CLE,6,57.0
2012_03_CIN_WAS,CIN,8,80.0
2012_03_CIN_WAS,WAS,5,55.0
2012_03_DET_TEN,DET,10,91.0
2012_03_DET_TEN,TEN,6,32.0
2012_03_GB_SEA,GB,10,127.0
2012_03_GB_SEA,SEA,14,118.0
2012_03_HOU_DEN,DEN,7,75.0
2012_03_HOU_DEN,HOU,9,69.0
2012_03_JAX_IND,IND,11,106.0
2012_03_JAX_IND,JAX,6,67.0
2012_03_KC_NO,KC,6,40.0
2012_03_KC_NO,NO,4,45.0
2012_03_NE_BAL,BAL,14,135.0
2012_03_NE_BAL,NE,10,83.0
2012_03_NYG_CAR,CAR,3,22.0
2012_03_NYG_CAR,NYG,5,38.0
2012_03_NYJ_MIA,MIA,11,65.0
2012_03_NYJ_MIA,NYJ,9,108.0
2012_03_PHI_ARI,ARI,5,45.0
2012_03_PHI_ARI,PHI,5,65.0
2012_03_PIT_OAK,LV,3,25.0
2012_03_PIT_OAK,PIT,10,81.0
2012_03_SF_MIN,MIN,1,10.0
2012_03_SF_MIN,SF,6,60.0
2012_03_STL_CHI,CHI,6,45.0
2012_03_STL_CHI,LA,4,40.0
2012_03_TB_DAL,DAL,13,105.0
2012_03_TB_DAL,TB,10,69.0
2012_04_CAR_ATL,ATL,2,15.0
2012_04_CAR_ATL,CAR,9,64.0
2012_04_CHI_DAL,CHI,4,25.0
2012_04_CHI_DAL,DAL,2,10.0
2012_04_CIN_JAX,CIN,6,50.0
2012_04_CIN_JAX,JAX,3,37.0
2012_04_CLE_BAL,BAL,11,100.0
2012_04_CLE_BAL,CLE,6,55.0
2012_04_MIA_ARI,ARI,6,62.0
2012_04_MIA_ARI,MIA,4,40.0
2012_04_MIN_DET,DET,5,72.0
2012_04_MIN_DET,MIN,5,87.0
2012_04_NE_BUF,BUF,3,17.0
2012_04_NE_BUF,NE,1,10.0
2012_04_NO_GB,GB,7,43.0
2012_04_NO_GB,NO,10,72.0
2012_04_NYG_PHI,NYG,7,55.0
2012_04_NYG_PHI,PHI,5,49.0
2012_04_OAK_DEN,DEN,4,30.0
2012_04_OAK_DEN,LV,5,41.0
2012_04_SD_KC,KC,9,80.0
2012_04_SD_KC,LAC,7,75.0
2012_04_SEA_STL,LA,6,37.0
2012_04_SEA_STL,SEA,5,55.0
2012_04_SF_NYJ,NYJ,4,30.0
2012_04_SF_NYJ,SF,8,67.0
2012_04_TEN_HOU,HOU,1,3.0
2012_04_TEN_HOU,TEN,7,73.0
2012_04_WAS_TB,TB,10,107.0
2012_04_WAS_TB,WAS,8,73.0
2012_05_ARI_STL,ARI,5,35.0
2012_05_ARI_STL,LA,7,60.0
2012_05_ATL_WAS,ATL,2,13.0
2012_05_ATL_WAS,WAS,4,20.0
2012_05_BAL_KC,BAL,5,33.0
2012_05_BAL_KC,KC,8,60.0
2012_05_BUF_SF,BUF,5,30.0
2012_05_BUF_SF,SF,7,53.0
2012_05_CHI_JAX,CHI,12,80.0
2012_05_CHI_JAX,JAX,6,49.0
2012_05_CLE_NYG,CLE,10,91.0
2012_05_CLE_NYG,NYG,3,25.0
2012_05_DEN_NE,DEN,4,21.0
2012_05_DEN_NE,NE,6,59.0
2012_05_GB_IND,GB,9,89.0
2012_05_GB_IND,IND,9,100.0
2012_05_HOU_NYJ,HOU,7,50.0
2012_05_HOU_NYJ,NYJ,5,25.0
2012_05_MIA_CIN,CIN,5,46.0
2012_05_MIA_CIN,MIA,2,10.0
2012_05_PHI_PIT,PHI,5,35.0
2012_05_PHI_PIT,PIT,9,106.0
2012_05_SD_NO,LAC,7,56.0
2012_05_SD_NO,NO,10,99.0
2012_05_SEA_CAR,CAR,3,25.0
2012_05_SEA_CAR,SEA,7,65.0
2012_05_TEN_MIN,MIN,5,60.0
2012_05_TEN_MIN,TEN,10,75.0
2012_06_BUF_ARI,ARI,7,67.0
2012_06_BUF_ARI,BUF,5,39.0
2012_06_CIN_CLE,CIN,7,50.0
2012_06_CIN_CLE,CLE,5,35.0
2012_06_DAL_BAL,BAL,10,76.0
2012_06_DAL_BAL,DAL,13,82.0
2012_06_DEN_SD,DEN,10,81.0
2012_06_DEN_SD,LAC,9,64.0
2012_06_DET_PHI,DET,16,132.0
2012_06_DET_PHI,PHI,9,60.0
2012_06_GB_HOU,GB,4,51.0
2012_06_GB_HOU,HOU,7,69.0
2012_06_IND_NYJ,IND,3,27.0
2012_06_IND_NYJ,NYJ,8,110.0
2012_06_KC_TB,KC,7,55.0
2012_06_KC_TB,TB,6,33.0
2012_06_MIN_WAS,MIN,5,29.0
2012_06_MIN_WAS,WAS,7,66.0
2012_06_NE_SEA,NE,6,80.0
2012_06_NE_SEA,SEA,4,35.0
2012_06_NYG_SF,NYG,2,20.0
2012_06_NYG_SF,SF,6,35.0
2012_06_OAK_ATL,ATL,2,25.0
2012_06_OAK_ATL,LV,12,110.0
2012_06_PIT_TEN,PIT,4,50.0
2012_06_PIT_TEN,TEN,5,45.0
2012_06_STL_MIA,LA,12,94.0
2012_06_STL_MIA,MIA,5,40.0
2012_07_ARI_MIN,ARI,9,82.0
2012_07_ARI_MIN,MIN,7,35.0
2012_07_BAL_HOU,BAL,5,56.0
2012_07_BAL_HOU,HOU,5,60.0
2012_07_CLE_IND,CLE,9,75.0
2012_07_CLE_IND,IND,7,50.0
2012_07_DAL_CAR,CAR,9,71.0
2012_07_DAL_CAR,DAL,6,43.0
2012_07_DET_CHI,CHI,9,49.0
2012_07_DET_CHI,DET,5,47.0
2012_07_GB_STL,GB,3,30.0
2012_07_GB_STL,LA,6,30.0
2012_07_JAX_OAK,JAX,6,92.0
2012_07_JAX_OAK,LV,9,58.0
2012_07_NO_TB,NO,7,55.0
2012_07_NO_TB,TB,7,50.0
2012_07_NYJ_NE,NE,6,40.0
2012_07_NYJ_NE,NYJ,8,60.0
2012_07_PIT_CIN,CIN,2,20.0
2012_07_PIT_CIN,PIT,5,50.0
2012_07_SEA_SF,SEA,3,20.0
2012_07_SEA_SF,SF,5,40.0
2012_07_TEN_BUF,BUF,8,65.0
2012_07_TEN_BUF,TEN,3,25.0
2012_07_WAS_NYG,NYG,3,30.0
2012_07_WAS_NYG,WAS,7,55.0
2012_08_ATL_PHI,ATL,6,40.0
2012_08_ATL_PHI,PHI,6,57.0
2012_08_CAR_CHI,CAR,3,21.0
2012_08_CAR_CHI,CHI,5,40.0
2012_08_IND_TEN,IND,5,45.0
2012_08_IND_TEN,TEN,8,65.0
2012_08_JAX_GB,GB,5,33.0
2012_08_JAX_GB,JAX,7,77.0
2012_08_MIA_NYJ,MIA,4,31.0
2012_08_MIA_NYJ,NYJ,5,45.0
2012_08_NE_STL,LA,12,102.0
2012_08_NE_STL,NE,8,42.0
2012_08_NO_DEN,DEN,5,34.0
2012_08_NO_DEN,NO,3,15.0
2012_08_NYG_DAL,DAL,2,10.0
2012_08_NYG_DAL,NYG,5,45.0
2012_08_OAK_KC,KC,5,40.0
2012_08_OAK_KC,LV,2,20.0
2012_08_SD_CLE,CLE,4,35.0
2012_08_SD_CLE,LAC,3,15.0
2012_08_SEA_DET,DET,5,61.0
2012_08_SEA_DET,SEA,2,10.0
2012_08_SF_ARI,ARI,7,51.0
2012_08_SF_ARI,SF,10,80.0
2012_08_TB_MIN,MIN,5,32.0
2012_08_TB_MIN,TB,4,49.0
2012_08_WAS_PIT,PIT,3,20.0
2012_08_WAS_PIT,WAS,6,40.0
2012_09_ARI_GB,ARI,8,57.0
2012_09_ARI_GB,GB,1,5.0
2012_09_BAL_CLE,BAL,9,82.0
2012_09_BAL_CLE,CLE,4,31.0
2012_09_BUF_HOU,BUF,3,15.0
2012_09_BUF_HOU,HOU,7,42.0
2012_09_CAR_WAS,CAR,7,60.0
2012_09_CAR_WAS,WAS,13,97.0
2012_09_CHI_TEN,CHI,5,37.0
2012_09_CHI_TEN,TEN,9,68.0
2012_09_DAL_ATL,ATL,2,15.0
2012_09_DAL_ATL,DAL,7,50.0
2012_09_DEN_CIN,CIN,8,83.0
2012_09_DEN_CIN,DEN,5,29.0
2012_09_DET_JAX,DET,5,42.0
2012_09_DET_JAX,JAX,3,40.0
2012_09_KC_SD,KC,5,37.0
2012_09_KC_SD,LAC,8,54.0
2012_09_MIA_IND,IND,11,91.0
2012_09_MIA_IND,MIA,8,79.0
2012_09_MIN_SEA,MIN,6,33.0
2012_09_MIN_SEA,SEA,4,49.0
2012_09_PHI_NO,NO,4,35.0
2012_09_PHI_NO,PHI,7,58.0
2012_09_PIT_NYG,NYG,7,40.0
2012_09_PIT_NYG,PIT,6,119.0
2012_09_TB_OAK,LV,9,80.0
2012_09_TB_OAK,TB,14,116.0
2012_10_ATL_NO,ATL,6,53.0
2012_10_ATL_NO,NO,5,35.0
2012_10_BUF_NE,BUF,14,148.0
2012_10_BUF_NE,NE,7,73.0
2012_10_DAL_PHI,DAL,13,75.0
2012_10_DAL_PHI,PHI,6,50.0
2012_10_DEN_CAR,CAR,7,45.0
2012_10_DEN_CAR,DEN,7,60.0
2012_10_DET_MIN,DET,6,57.0
2012_10_DET_MIN,MIN,7,47.0
2012_10_HOU_CHI,CHI,5,49.0
2012_10_HOU_CHI,HOU,3,35.0
2012_10_IND_JAX,IND,6,40.0
2012_10_IND_JAX,JAX,10,115.0
2012_10_KC_PIT,KC,6,76.0
2012_10_KC_PIT,PIT,1,9.0
2012_10_NYG_CIN,CIN,5,40.0
2012_10_NYG_CIN,NYG,1,5.0
2012_10_NYJ_SEA,NYJ,6,35.0
2012_10_NYJ_SEA,SEA,7,45.0
2012_10_OAK_BAL,BAL,4,41.0
2012_10_OAK_BAL,LV,10,105.0
2012_10_SD_TB,LAC,1,5.0
2012_10_SD_TB,TB,1,5.0
2012_10_STL_SF,LA,13,85.0
2012_10_STL_SF,SF,7,66.0
2012_10_TEN_MIA,MIA,7,67.0
2012_10_TEN_MIA,TEN,4,39.0
2012_11_ARI_ATL,ARI,5,43.0
2012_11_ARI_ATL,ATL,5,35.0
2012_11_BAL_PIT,BAL,4,68.0
2012_11_BAL_PIT,PIT,6,43.0
2012_11_CHI_SF,CHI,6,55.0
2012_11_CHI_SF,SF,5,50.0
2012_11_CIN_KC,CIN,8,54.0
2012_11_CIN_KC,KC,6,30.0
2012_11_CLE_DAL,CLE,12,129.0
2012_11_CLE_DAL,DAL,9,92.0
2012_11_GB_DET,DET,7,50.0
2012_11_GB_DET,GB,9,80.0
2012_11_IND_NE,IND,1,5.0
2012_11_IND_NE,NE,4,70.0
2012_11_JAX_HOU,HOU,2,20.0
2012_11_JAX_HOU,JAX,6,54.0
2012_11_MIA_BUF,BUF,11,100.0
2012_11_MIA_BUF,MIA,6,69.0
2012_11_NO_OAK,LV,4,40.0
2012_11_NO_OAK,NO,11,109.0
2012_11_NYJ_STL,LA,5,30.0
2012_11_NYJ_STL,NYJ,3,20.0
2012_11_PHI_WAS,PHI,9,70.0
2012_11_PHI_WAS,WAS,13,80.0
2012_11_SD_DEN,DEN,4,30.0
2012_11_SD_DEN,LAC,10,65.0
2012_11_TB_CAR,CAR,11,91.0
2012_11_TB_CAR,TB,6,50.0
2012_12_ATL_TB,ATL,2,15.0
2012_12_ATL_TB,TB,5,24.0
2012_12_BAL_SD,BAL,6,60.0
2012_12_BAL_SD,LAC,5,37.0
2012_12_BUF_IND,BUF,4,46.0
2012_12_BUF_IND,IND,6,37.0
2012_12_CAR_PHI,CAR,6,101.0
2012_12_CAR_PHI,PHI,5,30.0
2012_12_DEN_KC,DEN,4,35.0
2012_12_DEN_KC,KC,7,50.0
2012_12_GB_NYG,GB,8,49.0
2012_12_GB_NYG,NYG,4,24.0
2012_12_HOU_DET,DET,7,70.0
2012_12_HOU_DET,HOU,8,66.0
2012_12_MIN_CHI,CHI,5,55.0
2012_12_MIN_CHI,MIN,3,44.0
2012_12_NE_NYJ,NE,8,37.0
2012_12_NE_NYJ,NYJ,5,35.0
2012_12_OAK_CIN,CIN,3,25.0
2012_12_OAK_CIN,LV,3,25.0
2012_12_PIT_CLE,CLE,10,90.0
2012_12_PIT_CLE,PIT,9,68.0
2012_12_SEA_MIA,MIA,2,15.0
2012_12_SEA_MIA,SEA,10,59.0
2012_12_SF_NO,NO,4,53.0
2012_12_SF_NO,SF,10,68.0
2012_12_STL_ARI,ARI,7,56.0
2012_12_STL_ARI,LA,10,84.0
2012_12_TEN_JAX,JAX,5,30.0
2012_12_TEN_JAX,TEN,6,42.0
2012_12_WAS_DAL,DAL,7,45.0
2012_12_WAS_DAL,WAS,5,41.0
2012_13_ARI_NYJ,ARI,4,30.0
2012_13_ARI_NYJ,NYJ,3,20.0
2012_13_CAR_KC,CAR,7,45.0
2012_13_CAR_KC,KC,1,5.0
2012_13_CIN_SD,CIN,8,55.0
2012_13_CIN_SD,LAC,8,55.0
2012_13_CLE_OAK,CLE,2,25.0
2012_13_CLE_OAK,LV,9,65.0
2012_13_HOU_TEN,HOU,11,97.0
2012_13_HOU_TEN,TEN,4,35.0
2012_13_IND_DET,DET,8,61.0
2012_13_IND_DET,IND,4,36.0
2012_13_JAX_BUF,BUF,9,100.0
2012_13_JAX_BUF,JAX,8,74.0
2012_13_MIN_GB,GB,10,78.0
2012_13_MIN_GB,MIN,5,48.0
2012_13_NE_MIA,MIA,7,77.0
2012_13_NE_MIA,NE,6,50.0
2012_13_NO_ATL,ATL,5,25.0
2012_13_NO_ATL,NO,5,30.0
2012_13_NYG_WAS,NYG,9,73.0
2012_13_NYG_WAS,WAS,4,56.0
2012_13_PHI_DAL,DAL,7,60.0
2012_13_PHI_DAL,PHI,1,5.0
2012_13_PIT_BAL,BAL,8,70.0
2012_13_PIT_BAL,PIT,4,50.0
2012_13_SEA_CHI,CHI,5,45.0
2012_13_SEA_CHI,SEA,8,55.0
2012_13_SF_STL,LA,8,65.0
2012_13_SF_STL,SF,11,97.0
2012_13_TB_DEN,DEN,8,75.0
2012_13_TB_DEN,TB,11,80.0
2012_14_ARI_SEA,ARI,9,79.0
2012_14_ARI_SEA,SEA,10,97.0
2012_14_ATL_CAR,ATL,3,15.0
2012_14_ATL_CAR,CAR,3,10.0
2012_14_BAL_WAS,BAL,8,56.0
2012_14_BAL_WAS,WAS,8,70.0
2012_14_CHI_MIN,CHI,10,80.0
2012_14_CHI_MIN,MIN,7,54.0
2012_14_DAL_CIN,CIN,8,70.0
2012_14_DAL_CIN,DAL,6,49.0
2012_14_DEN_OAK,DEN,3,25.0
2012_14_DEN_OAK,LV,11,94.0
2012_14_DET_GB,DET,5,55.0
2012_14_DET_GB,GB,7,50.0
2012_14_HOU_NE,HOU,7,70.0
2012_14_HOU_NE,NE,6,56.0
2012_14_KC_CLE,CLE,7,55.0
2012_14_KC_CLE,KC,5,35.0
2012_14_MIA_SF,MIA,5,43.0
2012_14_MIA_SF,SF,6,45.0
2012_14_NO_NYG,NO,10,81.0
2012_14_NO_NYG,NYG,6,55.0
2012_14_NYJ_JAX,JAX,7,54.0
2012_14_NYJ_JAX,NYJ,1,15.0
2012_14_PHI_TB,PHI,2,13.0
2012_14_PHI_TB,TB,8,64.0
2012_14_SD_PIT,LAC,6,51.0
2012_14_SD_PIT,PIT,8,52.0
2012_14_STL_BUF,BUF,2,15.0
2012_14_STL_BUF,LA,2,17.0
2012_14_TEN_IND,IND,6,43.0
2012_14_TEN_IND,TEN,9,70.0
2012_15_CAR_SD,CAR,6,48.0
2012_15_CAR_SD,LAC,9,70.0
2012_15_CIN_PHI,CIN,11,94.0
2012_15_CIN_PHI,PHI,9,76.0
2012_15_DEN_BAL,BAL,6,61.0
2012_15_DEN_BAL,DEN,7,51.0
2012_15_DET_ARI,ARI,6,50.0
2012_15_DET_ARI,DET,7,63.0
2012_15_GB_CHI,CHI,10,91.0
2012_15_GB_CHI,GB,8,104.0
2012_15_IND_HOU,HOU,9,69.0
2012_15_IND_HOU,IND,8,79.0
2012_15_JAX_MIA,JAX,10,88.0
2012_15_JAX_MIA,MIA,5,41.0
2012_15_KC_OAK,KC,7,60.0
2012_15_KC_OAK,LV,5,62.0
2012_15_MIN_STL,LA,8,47.0
2012_15_MIN_STL,MIN,3,49.0
2012_15_NYG_ATL,ATL,3,30.0
2012_15_NYG_ATL,NYG,2,25.0
2012_15_NYJ_TEN,NYJ,4,23.0
2012_15_NYJ_TEN,TEN,14,111.0
2012_15_PIT_DAL,DAL,8,61.0
2012_15_SEA_BUF,BUF,4,20.0
2012_15_SEA_BUF,SEA,4,32.0
2012_15_SF_NE,NE,8,73.0
2012_15_SF_NE,SF,6,88.0
2012_15_TB_NO,NO,6,55.0
2012_15_TB_NO,TB,7,84.0
2012_15_WAS_CLE,CLE,5,30.0
2012_15_WAS_CLE,WAS,6,45.0
2012_16_ATL_DET,ATL,3,20.0
2012_16_ATL_DET,DET,2,20.0
2012_16_BUF_MIA,BUF,11,93.0
2012_16_BUF_MIA,MIA,3,25.0
2012_16_CHI_ARI,ARI,4,25.0
2012_16_CHI_ARI,CHI,2,12.0
2012_16_CIN_PIT,CIN,7,55.0
2012_16_CIN_PIT,PIT,5,63.0
2012_16_CLE_DEN,CLE,10,69.0
2012_16_CLE_DEN,DEN,11,84.0
2012_16_IND_KC,IND,4,48.0
2012_16_IND_KC,KC,9,75.0
2012_16_MIN_HOU,HOU,9,60.0
2012_16_MIN_HOU,MIN,5,52.0
2012_16_NE_JAX,JAX,5,47.0
2012_16_NE_JAX,NE,4,39.0
2012_16_NO_DAL,DAL,5,32.0
2012_16_NO_DAL,NO,6,42.0
2012_16_NYG_BAL,BAL,9,92.0
2012_16_NYG_BAL,NYG,6,52.0
2012_16_OAK_CAR,CAR,10,97.0
2012_16_OAK_CAR,LV,6,70.0
2012_16_SD_NYJ,LAC,5,53.0
2012_16_SD_NYJ,NYJ,6,40.0
2012_16_SF_SEA,SEA,4,45.0
2012_16_SF_SEA,SF,6,58.0
2012_16_STL_TB,LA,9,64.0
2012_16_STL_TB,TB,1,5.0
2012_16_TEN_GB,GB,1,10.0
2012_16_TEN_GB,TEN,5,35.0
2012_16_WAS_PHI,PHI,4,25.0
2012_16_WAS_PHI,WAS,3,24.0
2012_17_ARI_SF,ARI,5,34.0
2012_17_ARI_SF,SF,3,25.0
2012_17_BAL_CIN,BAL,10,102.0
2012_17_BAL_CIN,CIN,4,40.0
2012_17_CAR_NO,CAR,4,36.0
2012_17_CAR_NO,NO,5,55.0
2012_17_CHI_DET,CHI,3,35.0
2012_17_CHI_DET,DET,4,29.0
2012_17_CLE_PIT,CLE,9,79.0
2012_17_CLE_PIT,PIT,3,58.0
2012_17_DAL_WAS,DAL,1,6.0
2012_17_DAL_WAS,WAS,2,20.0
2012_17_GB_MIN,GB,7,43.0
2012_17_GB_MIN,MIN,10,98.0
2012_17_HOU_IND,HOU,9,64.0
2012_17_HOU_IND,IND,3,24.0
2012_17_JAX_TEN,JAX,7,35.0
2012_17_JAX_TEN,TEN,5,43.0
2012_17_KC_DEN,DEN,5,30.0
2012_17_KC_DEN,KC,5,32.0
2012_17_MIA_NE,MIA,3,23.0
2012_17_MIA_NE,NE,6,48.0
2012_17_NYJ_BUF,BUF,4,24.0
2012_17_NYJ_BUF,NYJ,4,45.0
2012_17_OAK_SD,LAC,8,60.0
2012_17_OAK_SD,LV,9,67.0
2012_17_PHI_NYG,NYG,1,5.0
2012_17_PHI_NYG,PHI,6,52.0
2012_17_STL_SEA,LA,14,98.0
2012_17_STL_SEA,SEA,10,80.0
2012_17_TB_ATL,ATL,2,15.0
2012_17_TB_ATL,TB,2,15.0
2012_18_CIN_HOU,CIN,5,51.0
2012_18_CIN_HOU,HOU,7,55.0
2012_18_IND_BAL,BAL,9,70.0
2012_18_IND_BAL,IND,5,37.0
2012_18_MIN_GB,GB,2,10.0
2012_18_MIN_GB,MIN,4,30.0
2012_18_SEA_WAS,SEA,4,30.0
2012_18_SEA_WAS,WAS,3,15.0
2012_19_BAL_DEN,BAL,8,56.0
2012_19_BAL_DEN,DEN,10,87.0
2012_19_GB_SF,GB,5,26.0
2012_19_GB_SF,SF,8,86.0
2012_19_HOU_NE,HOU,3,20.0
2012_19_HOU_NE,NE,5,56.0
2012_19_SEA_ATL,ATL,3,11.0
2012_19_SEA_ATL,SEA,6,35.0
2012_20_BAL_NE,BAL,5,60.0
2012_20_BAL_NE,NE,4,40.0
2012_20_SF_ATL,ATL,2,30.0
2012_20_SF_ATL,SF,4,24.0
2012_21_BAL_SF,BAL,2,20.0
2012_21_BAL_SF,SF,5,33.0
2013_01_ARI_STL,ARI,6,68.0
2013_01_ARI_STL,LA,7,59.0
2013_01_ATL_NO,ATL,2,19.0
2013_01_ATL_NO,NO,6,57.0
2013_01_BAL_DEN,BAL,7,53.0
2013_01_BAL_DEN,DEN,8,61.0
2013_01_CIN_CHI,CHI,4,59.0
2013_01_CIN_CHI,CIN,8,84.0
2013_01_GB_SF,GB,5,44.0
2013_01_GB_SF,SF,11,85.0
2013_01_HOU_SD,HOU,7,73.0
2013_01_HOU_SD,LAC,7,55.0
2013_01_KC_JAX,JAX,5,30.0
2013_01_KC_JAX,KC,3,20.0
2013_01_MIA_CLE,CLE,9,57.0
2013_01_MIA_CLE,MIA,10,77.0
2013_01_MIN_DET,DET,11,88.0
2013_01_MIN_DET,MIN,5,52.0
2013_01_NE_BUF,BUF,10,75.0
2013_01_NE_BUF,NE,4,36.0
2013_01_NYG_DAL,DAL,5,40.0
2013_01_NYG_DAL,NYG,6,52.0
2013_01_OAK_IND,IND,3,31.0
2013_01_OAK_IND,LV,8,51.0
2013_01_PHI_WAS,PHI,8,65.0
2013_01_PHI_WAS,WAS,10,75.0
2013_01_SEA_CAR,CAR,4,46.0
2013_01_SEA_CAR,SEA,9,99.0
2013_01_TB_NYJ,NYJ,6,45.0
2013_01_TB_NYJ,TB,13,102.0
2013_01_TEN_PIT,PIT,4,47.0
2013_01_TEN_PIT,TEN,6,60.0
2013_02_CAR_BUF,BUF,7,55.0
2013_02_CAR_BUF,CAR,3,30.0
2013_02_CLE_BAL,BAL,3,41.0
2013_02_CLE_BAL,CLE,5,33.0
2013_02_DAL_KC,DAL,5,27.0
2013_02_DAL_KC,KC,10,45.0
2013_02_DEN_NYG,DEN,13,132.0
2013_02_DEN_NYG,NYG,4,16.0
2013_02_DET_ARI,ARI,7,40.0
2013_02_DET_ARI,DET,8,101.0
2013_02_JAX_OAK,JAX,10,70.0
2013_02_JAX_OAK,LV,5,30.0
2013_02_MIA_IND,IND,3,13.0
2013_02_MIN_CHI,CHI,4,35.0
2013_02_MIN_CHI,MIN,3,25.0
2013_02_NO_TB,NO,5,35.0
2013_02_NO_TB,TB,10,118.0
2013_02_NYJ_NE,NE,3,30.0
2013_02_NYJ_NE,NYJ,6,42.0
2013_02_PIT_CIN,CIN,9,84.0
2013_02_PIT_CIN,PIT,3,29.0
2013_02_SD_PHI,LAC,4,32.0
2013_02_SD_PHI,PHI,9,77.0
2013_02_SF_SEA,SEA,10,84.0
2013_02_SF_SEA,SF,12,121.0
2013_02_STL_ATL,ATL,7,53.0
2013_02_STL_ATL,LA,7,53.0
2013_02_TEN_HOU,HOU,5,40.0
2013_02_TEN_HOU,TEN,9,70.0
2013_02_WAS_GB,GB,4,40.0
2013_02_WAS_GB,WAS,7,78.0
2013_03_ARI_NO,ARI,3,18.0
2013_03_ARI_NO,NO,4,30.0
2013_03_ATL_MIA,ATL,7,59.0
2013_03_ATL_MIA,MIA,2,13.0
2013_03_BUF_NYJ,BUF,7,87.0
2013_03_BUF_NYJ,NYJ,20,168.0
2013_03_CHI_PIT,CHI,3,25.0
2013_03_CHI_PIT,PIT,6,59.0
2013_03_CLE_MIN,CLE,5,47.0
2013_03_CLE_MIN,MIN,4,35.0
2013_03_DET_WAS,DET,8,71.0
2013_03_DET_WAS,WAS,6,45.0
2013_03_GB_CIN,CIN,5,43.0
2013_03_GB_CIN,GB,4,55.0
2013_03_HOU_BAL,BAL,10,87.0
2013_03_HOU_BAL,HOU,14,113.0
2013_03_IND_SF,IND,1,10.0
2013_03_IND_SF,SF,6,48.0
2013_03_JAX_SEA,JAX,4,45.0
2013_03_JAX_SEA,SEA,4,24.0
2013_03_KC_PHI,KC,9,65.0
2013_03_KC_PHI,PHI,6,45.0
2013_03_NYG_CAR,CAR,4,32.0
2013_03_NYG_CAR,NYG,6,45.0
2013_03_OAK_DEN,DEN,5,40.0
2013_03_OAK_DEN,LV,8,77.0
2013_03_SD_TEN,LAC,4,35.0
2013_03_SD_TEN,TEN,11,116.0
2013_03_STL_DAL,DAL,6,72.0
2013_03_STL_DAL,LA,5,41.0
2013_03_TB_NE,NE,6,50.0
2013_03_TB_NE,TB,4,48.0
2013_04_ARI_TB,ARI,10,90.0
2013_04_ARI_TB,TB,8,73.0
2013_04_BAL_BUF,BAL,8,59.0
2013_04_BAL_BUF,BUF,11,99.0
2013_04_CHI_DET,CHI,4,30.0
2013_04_CHI_DET,DET,3,25.0
2013_04_CIN_CLE,CIN,3,25.0
2013_04_CIN_CLE,CLE,5,80.0
2013_04_DAL_SD,DAL,5,33.0
2013_04_DAL_SD,LAC,7,85.0
2013_04_IND_JAX,IND,7,58.0
2013_04_IND_JAX,JAX,9,65.0
2013_04_MIA_NO,MIA,5,25.0
2013_04_MIA_NO,NO,6,45.0
2013_04_NE_ATL,ATL,6,55.0
2013_04_NE_ATL,NE,9,93.0
2013_04_NYG_KC,KC,7,62.0
2013_04_NYG_KC,NYG,7,65.0
2013_04_NYJ_TEN,NYJ,10,66.0
2013_04_NYJ_TEN,TEN,4,30.0
2013_04_PHI_DEN,DEN,2,25.0
2013_04_PHI_DEN,PHI,8,62.0
2013_04_PIT_MIN,MIN,5,89.0
2013_04_PIT_MIN,PIT,4,50.0
2013_04_SEA_HOU,HOU,6,86.0
2013_04_SEA_HOU,SEA,9,62.0
2013_04_SF_STL,LA,8,82.0
2013_04_SF_STL,SF,10,85.0
2013_04_WAS_OAK,LV,4,25.0
2013_04_WAS_OAK,WAS,3,29.0
2013_05_BAL_MIA,BAL,6,64.0
2013_05_BAL_MIA,MIA,4,65.0
2013_05_BUF_CLE,BUF,7,56.0
2013_05_BUF_CLE,CLE,6,66.0
2013_05_CAR_ARI,ARI,3,30.0
2013_05_CAR_ARI,CAR,9,79.0
2013_05_DEN_DAL,DAL,9,81.0
2013_05_DEN_DAL,DEN,5,55.0
2013_05_DET_GB,DET,7,50.0
2013_05_DET_GB,GB,10,72.0
2013_05_HOU_SF,HOU,7,52.0
2013_05_HOU_SF,SF,3,17.0
2013_05_JAX_STL,JAX,4,45.0
2013_05_JAX_STL,LA,6,53.0
2013_05_KC_TEN,KC,9,61.0
2013_05_KC_TEN,TEN,6,35.0
2013_05_NE_CIN,CIN,7,59.0
2013_05_NO_CHI,CHI,6,43.0
2013_05_NO_CHI,NO,2,10.0
2013_05_NYJ_ATL,ATL,4,46.0
2013_05_NYJ_ATL,NYJ,6,24.0
2013_05_PHI_NYG,NYG,12,136.0
2013_05_PHI_NYG,PHI,8,88.0
2013_05_SD_OAK,LAC,5,30.0
2013_05_SD_OAK,LV,8,85.0
2013_05_SEA_IND,IND,3,35.0
2013_05_SEA_IND,SEA,7,85.0
2013_06_ARI_SF,ARI,6,38.0
2013_06_ARI_SF,SF,4,35.0
2013_06_CAR_MIN,CAR,6,40.0
2013_06_CAR_MIN,MIN,5,55.0
2013_06_CIN_BUF,BUF,4,27.0
2013_06_CIN_BUF,CIN,8,78.0
2013_06_DET_CLE,CLE,9,87.0
2013_06_DET_CLE,DET,8,65.0
2013_06_GB_BAL,BAL,6,40.0
2013_06_GB_BAL,GB,8,55.0
2013_06_IND_SD,IND,5,28.0
2013_06_IND_SD,LAC,5,25.0
2013_06_JAX_DEN,DEN,4,31.0
2013_06_JAX_DEN,JAX,7,62.0
2013_06_NO_NE,NE,4,33.0
2013_06_NO_NE,NO,7,56.0
2013_06_NYG_CHI,CHI,5,51.0
2013_06_NYG_CHI,NYG,4,31.0
2013_06_OAK_KC,KC,4,20.0
2013_06_OAK_KC,LV,11,68.0
2013_06_PHI_TB,PHI,3,31.0
2013_06_PHI_TB,TB,8,72.0
2013_06_PIT_NYJ,NYJ,5,60.0
2013_06_PIT_NYJ,PIT,7,49.0
2013_06_STL_HOU,HOU,7,95.0
2013_06_STL_HOU,LA,9,74.0
2013_06_TEN_SEA,SEA,6,65.0
2013_06_TEN_SEA,TEN,7,44.0
2013_06_WAS_DAL,DAL,7,80.0
2013_06_WAS_DAL,WAS,12,104.0
2013_07_BAL_PIT,BAL,9,67.0
2013_07_BAL_PIT,PIT,7,50.0
2013_07_BUF_MIA,BUF,6,53.0
2013_07_BUF_MIA,MIA,4,32.0
2013_07_CHI_WAS,CHI,5,30.0
2013_07_CHI_WAS,WAS,5,47.0
2013_07_CIN_DET,CIN,6,50.0
2013_07_CIN_DET,DET,4,30.0
2013_07_CLE_GB,CLE,11,106.0
2013_07_CLE_GB,GB,10,97.0
2013_07_DAL_PHI,DAL,12,75.0
2013_07_DAL_PHI,PHI,5,33.0
2013_07_DEN_IND,DEN,12,103.0
2013_07_DEN_IND,IND,6,52.0
2013_07_HOU_KC,HOU,4,40.0
2013_07_HOU_KC,KC,5,24.0
2013_07_MIN_NYG,MIN,3,38.0
2013_07_MIN_NYG,NYG,5,72.0
2013_07_NE_NYJ,NE,7,100.0
2013_07_NE_NYJ,NYJ,9,45.0
2013_07_SD_JAX,JAX,6,45.0
2013_07_SD_JAX,LAC,8,61.0
2013_07_SEA_ARI,ARI,3,22.0
2013_07_SEA_ARI,SEA,10,70.0
2013_07_SF_TEN,SF,5,42.0
2013_07_SF_TEN,TEN,10,100.0
2013_07_STL_CAR,CAR,7,59.0
2013_07_STL_CAR,LA,8,68.0
2013_07_TB_ATL,ATL,9,101.0
2013_07_TB_ATL,TB,11,103.0
2013_08_ATL_ARI,ARI,8,52.0
2013_08_ATL_ARI,ATL,10,55.0
2013_08_BUF_NO,BUF,6,45.0
2013_08_BUF_NO,NO,8,59.0
2013_08_CAR_TB,CAR,6,59.0
2013_08_CAR_TB,TB,3,21.0
2013_08_CLE_KC,CLE,9,70.0
2013_08_CLE_KC,KC,5,31.0
2013_08_DAL_DET,DAL,2,31.0
2013_08_DAL_DET,DET,8,61.0
2013_08_GB_MIN,GB,6,120.0
2013_08_GB_MIN,MIN,7,46.0
2013_08_MIA_NE,MIA,7,61.0
2013_08_MIA_NE,NE,5,35.0
2013_08_NYG_PHI,NYG,11,92.0
2013_08_NYG_PHI,PHI,4,48.0
2013_08_NYJ_CIN,CIN,4,45.0
2013_08_NYJ_CIN,NYJ,4,69.0
2013_08_PIT_OAK,LV,6,39.0
2013_08_PIT_OAK,PIT,3,12.0
2013_08_SEA_STL,LA,8,53.0
2013_08_SEA_STL,SEA,10,83.0
2013_08_SF_JAX,JAX,6,76.0
2013_08_SF_JAX,SF,4,35.0
2013_08_WAS_DEN,DEN,6,57.0
2013_08_WAS_DEN,WAS,1,5.0
2013_09_ATL_CAR,ATL,7,59.0
2013_09_ATL_CAR,CAR,2,15.0
2013_09_BAL_CLE,BAL,9,80.0
2013_09_BAL_CLE,CLE,6,55.0
2013_09_CHI_GB,CHI,4,45.0
2013_09_CIN_MIA,CIN,3,63.0
2013_09_CIN_MIA,MIA,2,25.0
2013_09_IND_HOU,HOU,5,86.0
2013_09_IND_HOU,IND,3,15.0
2013_09_KC_BUF,BUF,6,48.0
2013_09_KC_BUF,KC,5,38.0
2013_09_MIN_DAL,DAL,5,45.0
2013_09_MIN_DAL,MIN,4,35.0
2013_09_NO_NYJ,NO,9,59.0
2013_09_NO_NYJ,NYJ,8,62.0
2013_09_PHI_OAK,LV,8,70.0
2013_09_PHI_OAK,PHI,7,52.0
2013_09_PIT_NE,NE,3,30.0
2013_09_PIT_NE,PIT,8,96.0
2013_09_SD_WAS,LAC,7,63.0
2013_09_SD_WAS,WAS,7,65.0
2013_09_TB_SEA,SEA,6,67.0
2013_09_TB_SEA,TB,8,99.0
2013_09_TEN_STL,LA,6,44.0
2013_09_TEN_STL,TEN,3,30.0
2013_10_BUF_PIT,BUF,4,28.0
2013_10_BUF_PIT,PIT,6,42.0
2013_10_CAR_SF,CAR,3,25.0
2013_10_CAR_SF,SF,4,25.0
2013_10_CIN_BAL,BAL,8,65.0
2013_10_CIN_BAL,CIN,9,134.0
2013_10_DAL_NO,DAL,11,82.0
2013_10_DAL_NO,NO,6,44.0
2013_10_DEN_SD,DEN,3,28.0
2013_10_DEN_SD,LAC,6,40.0
2013_10_DET_CHI,CHI,5,39.0
2013_10_DET_CHI,DET,5,51.0
2013_10_HOU_ARI,ARI,6,29.0
2013_10_HOU_ARI,HOU,7,53.0
2013_10_JAX_TEN,JAX,4,19.0
2013_10_JAX_TEN,TEN,6,45.0
2013_10_MIA_TB,MIA,4,70.0
2013_10_MIA_TB,TB,9,70.0
2013_10_OAK_NYG,LV,8,65.0
2013_10_OAK_NYG,NYG,1,5.0
2013_10_PHI_GB,GB,5,31.0
2013_10_PHI_GB,PHI,5,65.0
2013_10_SEA_ATL,ATL,1,15.0
2013_10_SEA_ATL,SEA,9,80.0
2013_10_STL_IND,IND,2,20.0
2013_10_STL_IND,LA,8,46.0
2013_10_WAS_MIN,MIN,1,7.0
2013_10_WAS_MIN,WAS,8,63.0
2013_11_ARI_JAX,ARI,5,42.0
2013_11_ARI_JAX,JAX,6,40.0
2013_11_ATL_TB,ATL,7,45.0
2013_11_ATL_TB,TB,11,121.0
2013_11_BAL_CHI,BAL,5,46.0
2013_11_BAL_CHI,CHI,13,111.0
2013_11_CLE_CIN,CIN,8,64.0
2013_11_CLE_CIN,CLE,5,40.0
2013_11_DET_PIT,DET,8,45.0
2013_11_DET_PIT,PIT,4,23.0
2013_11_GB_NYG,GB,5,38.0
2013_11_GB_NYG,NYG,3,30.0
2013_11_IND_TEN,IND,5,51.0
2013_11_IND_TEN,TEN,4,34.0
2013_11_KC_DEN,DEN,13,82.0
2013_11_KC_DEN,KC,9,53.0
2013_11_MIN_SEA,MIN,4,20.0
2013_11_MIN_SEA,SEA,7,96.0
2013_11_NE_CAR,CAR,7,47.0
2013_11_NE_CAR,NE,5,50.0
2013_11_NYJ_BUF,BUF,8,64.0
2013_11_NYJ_BUF,NYJ,4,24.0
2013_11_OAK_HOU,HOU,9,50.0
2013_11_OAK_HOU,LV,8,77.0
2013_11_SD_MIA,LAC,10,76.0
2013_11_SD_MIA,MIA,3,15.0
2013_11_SF_NO,NO,4,48.0
2013_11_SF_NO,SF,5,45.0
2013_11_WAS_PHI,PHI,9,68.0
2013_11_WAS_PHI,WAS,4,39.0
2013_12_CAR_MIA,CAR,8,56.0
2013_12_CAR_MIA,MIA,6,55.0
2013_12_CHI_STL,CHI,10,84.0
2013_12_CHI_STL,LA,6,39.0
2013_12_DAL_NYG,DAL,11,85.0
2013_12_DAL_NYG,NYG,11,81.0
2013_12_DEN_NE,DEN,9,85.0
2013_12_DEN_NE,NE,5,36.0
2013_12_IND_ARI,ARI,9,84.0
2013_12_IND_ARI,IND,6,89.0
2013_12_JAX_HOU,HOU,2,22.0
2013_12_JAX_HOU,JAX,7,63.0
2013_12_MIN_GB,GB,7,50.0
2013_12_MIN_GB,MIN,5,53.0
2013_12_NO_ATL,ATL,3,25.0
2013_12_NO_ATL,NO,5,66.0
2013_12_NYJ_BAL,BAL,5,41.0
2013_12_NYJ_BAL,NYJ,6,56.0
2013_12_PIT_CLE,CLE,2,10.0
2013_12_PIT_CLE,PIT,2,8.0
2013_12_SD_KC,KC,7,62.0
2013_12_SD_KC,LAC,9,97.0
2013_12_SF_WAS,SF,4,25.0
2013_12_SF_WAS,WAS,4,30.0
2013_12_TB_DET,DET,5,39.0
2013_12_TB_DET,TB,9,67.0
2013_12_TEN_OAK,LV,4,50.0
2013_12_TEN_OAK,TEN,10,100.0
2013_13_ARI_PHI,ARI,6,55.0
2013_13_ARI_PHI,PHI,5,48.0
2013_13_ATL_BUF,ATL,8,75.0
2013_13_ATL_BUF,BUF,6,49.0
2013_13_CHI_MIN,CHI,6,51.0
2013_13_CHI_MIN,MIN,6,60.0
2013_13_CIN_SD,CIN,3,30.0
2013_13_CIN_SD,LAC,5,45.0
2013_13_DEN_KC,DEN,10,75.0
2013_13_DEN_KC,KC,9,102.0
2013_13_GB_DET,DET,5,50.0
2013_13_GB_DET,GB,3,25.0
2013_13_JAX_CLE,CLE,9,50.0
2013_13_JAX_CLE,JAX,5,35.0
2013_13_MIA_NYJ,MIA,3,28.0
2013_13_MIA_NYJ,NYJ,4,25.0
2013_13_NE_HOU,HOU,2,25.0
2013_13_NO_SEA,NO,7,52.0
2013_13_NO_SEA,SEA,8,66.0
2013_13_NYG_WAS,NYG,1,1.0
2013_13_NYG_WAS,WAS,8,55.0
2013_13_OAK_DAL,DAL,6,40.0
2013_13_OAK_DAL,LV,10,71.0
2013_13_PIT_BAL,BAL,9,55.0
2013_13_PIT_BAL,PIT,4,51.0
2013_13_STL_SF,LA,11,105.0
2013_13_STL_SF,SF,9,85.0
2013_13_TB_CAR,CAR,3,25.0
2013_13_TB_CAR,TB,4,30.0
2013_13_TEN_IND,IND,7,50.0
2013_13_TEN_IND,TEN,6,74.0
2013_14_ATL_GB,ATL,3,15.0
2013_14_ATL_GB,GB,2,10.0
2013_14_BUF_TB,BUF,11,114.0
2013_14_BUF_TB,TB,8,76.0
2013_14_CAR_NO,CAR,5,35.0
2013_14_CAR_NO,NO,5,45.0
2013_14_CLE_NE,CLE,7,75.0
2013_14_CLE_NE,NE,6,41.0
2013_14_DAL_CHI,CHI,2,15.0
2013_14_DAL_CHI,DAL,4,50.0
2013_14_DET_PHI,DET,9,48.0
2013_14_DET_PHI,PHI,1,5.0
2013_14_HOU_JAX,HOU,14,177.0
2013_14_HOU_JAX,JAX,8,57.0
2013_14_IND_CIN,CIN,7,60.0
2013_14_IND_CIN,IND,6,47.0
2013_14_KC_WAS,KC,3,30.0
2013_14_KC_WAS,WAS,4,27.0
2013_14_MIA_PIT,MIA,5,36.0
2013_14_MIA_PIT,PIT,9,63.0
2013_14_MIN_BAL,BAL,5,45.0
2013_14_MIN_BAL,MIN,6,90.0
2013_14_NYG_SD,LAC,6,30.0
2013_14_NYG_SD,NYG,7,72.0
2013_14_OAK_NYJ,LV,4,31.0
2013_14_OAK_NYJ,NYJ,4,36.0
2013_14_SEA_SF,SEA,9,85.0
2013_14_SEA_SF,SF,7,70.0
2013_14_STL_ARI,ARI,6,31.0
2013_14_STL_ARI,LA,11,90.0
2013_14_TEN_DEN,DEN,7,60.0
2013_14_TEN_DEN,TEN,8,66.0
2013_15_ARI_TEN,ARI,9,69.0
2013_15_ARI_TEN,TEN,3,16.0
2013_15_BAL_DET,BAL,7,60.0
2013_15_BAL_DET,DET,8,89.0
2013_15_BUF_JAX,BUF,7,67.0
2013_15_BUF_JAX,JAX,6,80.0
2013_15_CHI_CLE,CHI,7,40.0
2013_15_CHI_CLE,CLE,9,90.0
2013_15_CIN_PIT,CIN,6,50.0
2013_15_CIN_PIT,PIT,4,25.0
2013_15_GB_DAL,DAL,7,79.0
2013_15_GB_DAL,GB,7,59.0
2013_15_HOU_IND,HOU,14,114.0
2013_15_HOU_IND,IND,4,36.0
2013_15_KC_OAK,KC,8,91.0
2013_15_KC_OAK,LV,10,90.0
2013_15_NE_MIA,MIA,4,21.0
2013_15_NE_MIA,NE,1,2.0
2013_15_NO_STL,LA,4,30.0
2013_15_NO_STL,NO,8,77.0
2013_15_NYJ_CAR,CAR,6,59.0
2013_15_NYJ_CAR,NYJ,3,20.0
2013_15_PHI_MIN,MIN,3,25.0
2013_15_PHI_MIN,PHI,9,94.0
2013_15_SD_DEN,DEN,6,43.0
2013_15_SD_DEN,LAC,4,35.0
2013_15_SEA_NYG,NYG,5,38.0
2013_15_SEA_NYG,SEA,8,50.0
2013_15_SF_TB,SF,8,62.0
2013_15_SF_TB,TB,3,27.0
2013_15_WAS_ATL,ATL,7,73.0
2013_15_WAS_ATL,WAS,9,66.0
2013_16_ARI_SEA,ARI,7,46.0
2013_16_ARI_SEA,SEA,9,102.0
2013_16_ATL_SF,ATL,5,37.0
2013_16_ATL_SF,SF,6,42.0
2013_16_CHI_PHI,CHI,2,10.0
2013_16_CHI_PHI,PHI,2,15.0
2013_16_CLE_NYJ,CLE,3,24.0
2013_16_CLE_NYJ,NYJ,6,35.0
2013_16_DAL_WAS,DAL,6,42.0
2013_16_DAL_WAS,WAS,8,44.0
2013_16_DEN_HOU,DEN,8,67.0
2013_16_DEN_HOU,HOU,4,57.0
2013_16_IND_KC,IND,3,31.0
2013_16_IND_KC,KC,7,65.0
2013_16_MIA_BUF,BUF,4,31.0
2013_16_MIA_BUF,MIA,6,37.0
2013_16_MIN_CIN,CIN,6,55.0
2013_16_MIN_CIN,MIN,5,40.0
2013_16_NE_BAL,BAL,9,83.0
2013_16_NE_BAL,NE,7,58.0
2013_16_NO_CAR,CAR,3,26.0
2013_16_NO_CAR,NO,4,40.0
2013_16_NYG_DET,DET,7,60.0
2013_16_NYG_DET,NYG,5,30.0
2013_16_OAK_SD,LAC,3,24.0
2013_16_OAK_SD,LV,12,73.0
2013_16_PIT_GB,GB,9,90.0
2013_16_PIT_GB,PIT,7,58.0
2013_16_TB_STL,LA,7,85.0
2013_16_TB_STL,TB,3,26.0
2013_16_TEN_JAX,JAX,4,15.0
2013_16_TEN_JAX,TEN,1,4.0
2013_17_BAL_CIN,BAL,6,56.0
2013_17_BAL_CIN,CIN,10,76.0
2013_17_BUF_NE,BUF,5,39.0
2013_17_BUF_NE,NE,4,31.0
2013_17_CAR_ATL,ATL,5,56.0
2013_17_CAR_ATL,CAR,4,38.0
2013_17_CLE_PIT,CLE,3,30.0
2013_17_CLE_PIT,PIT,2,15.0
2013_17_DEN_OAK,DEN,6,56.0
2013_17_DEN_OAK,LV,2,10.0
2013_17_DET_MIN,DET,6,52.0
2013_17_DET_MIN,MIN,4,25.0
2013_17_GB_CHI,CHI,5,40.0
2013_17_GB_CHI,GB,1,15.0
2013_17_HOU_TEN,HOU,5,55.0
2013_17_HOU_TEN,TEN,7,76.0
2013_17_JAX_IND,IND,2,10.0
2013_17_JAX_IND,JAX,5,50.0
2013_17_KC_SD,KC,1,5.0
2013_17_KC_SD,LAC,4,22.0
2013_17_NYJ_MIA,MIA,5,38.0
2013_17_NYJ_MIA,NYJ,5,36.0
2013_17_PHI_DAL,DAL,1,5.0
2013_17_PHI_DAL,PHI,6,50.0
2013_17_SF_ARI,ARI,3,30.0
2013_17_SF_ARI,SF,4,20.0
2013_17_STL_SEA,LA,9,69.0
2013_17_STL_SEA,SEA,7,65.0
2013_17_TB_NO,NO,9,94.0
2013_17_TB_NO,TB,8,78.0
2013_17_WAS_NYG,NYG,3,20.0
2013_17_WAS_NYG,WAS,3,30.0
2013_18_KC_IND,IND,4,19.0
2013_18_KC_IND,KC,2,15.0
2013_18_NO_PHI,NO,7,85.0
2013_18_NO_PHI,PHI,4,38.0
2013_18_SD_CIN,CIN,4,38.0
2013_18_SD_CIN,LAC,5,28.0
2013_18_SF_GB,GB,3,20.0
2013_18_SF_GB,SF,2,10.0
2013_19_IND_NE,IND,4,42.0
2013_19_IND_NE,NE,4,35.0
2013_19_NO_SEA,NO,8,69.0
2013_19_NO_SEA,SEA,6,52.0
2013_19_SD_DEN,DEN,6,50.0
2013_19_SD_DEN,LAC,8,63.0
2013_19_SF_CAR,CAR,8,73.0
2013_19_SF_CAR,SF,5,40.0
2013_20_NE_DEN,DEN,4,34.0
2013_20_NE_DEN,NE,2,15.0
2013_20_SF_SEA,SEA,8,66.0
2013_20_SF_SEA,SF,7,65.0
2013_21_SEA_DEN,DEN,5,44.0
2013_21_SEA_DEN,SEA,10,104.0
2014_01_BUF_CHI,BUF,9,108.0
2014_01_BUF_CHI,CHI,4,43.0
2014_01_CAR_TB,CAR,6,55.0
2014_01_CAR_TB,TB,3,15.0
2014_01_CIN_BAL,BAL,3,29.0
2014_01_CIN_BAL,CIN,4,45.0
2014_01_CLE_PIT,CLE,8,55.0
2014_01_CLE_PIT,PIT,11,96.0
2014_01_GB_SEA,GB,8,65.0
2014_01_GB_SEA,SEA,4,69.0
2014_01_IND_DEN,DEN,7,70.0
2014_01_IND_DEN,IND,9,45.0
2014_01_JAX_PHI,JAX,7,55.0
2014_01_JAX_PHI,PHI,6,50.0
2014_01_MIN_STL,LA,13,121.0
2014_01_MIN_STL,MIN,7,60.0
2014_01_NE_MIA,MIA,4,26.0
2014_01_NE_MIA,NE,9,100.0
2014_01_NO_ATL,ATL,10,96.0
2014_01_NO_ATL,NO,3,27.0
2014_01_NYG_DET,DET,8,85.0
2014_01_NYG_DET,NYG,4,25.0
2014_01_OAK_NYJ,LV,4,20.0
2014_01_OAK_NYJ,NYJ,11,105.0
2014_01_SD_ARI,ARI,5,23.0
2014_01_SD_ARI,LAC,6,47.0
2014_01_SF_DAL,DAL,10,72.0
2014_01_SF_DAL,SF,11,78.0
2014_01_TEN_KC,KC,3,25.0
2014_01_TEN_KC,TEN,12,110.0
2014_01_WAS_HOU,HOU,6,45.0
2014_01_WAS_HOU,WAS,7,71.0
2014_02_ARI_NYG,ARI,7,71.0
2014_02_ARI_NYG,NYG,9,70.0
2014_02_ATL_CIN,ATL,7,56.0
2014_02_ATL_CIN,CIN,7,55.0
2014_02_CHI_SF,CHI,10,58.0
2014_02_CHI_SF,SF,16,118.0
2014_02_DAL_TEN,DAL,4,25.0
2014_02_DAL_TEN,TEN,5,30.0
2014_02_DET_CAR,CAR,4,45.0
2014_02_DET_CAR,DET,5,33.0
2014_02_HOU_OAK,HOU,7,85.0
2014_02_HOU_OAK,LV,5,24.0
2014_02_JAX_WAS,JAX,6,44.0
2014_02_JAX_WAS,WAS,11,98.0
2014_02_KC_DEN,DEN,11,71.0
2014_02_KC_DEN,KC,7,62.0
2014_02_MIA_BUF,BUF,6,40.0
2014_02_MIA_BUF,MIA,3,20.0
2014_02_NE_MIN,MIN,7,58.0
2014_02_NE_MIN,NE,15,163.0
2014_02_NO_CLE,CLE,4,30.0
2014_02_NO_CLE,NO,5,39.0
2014_02_NYJ_GB,GB,3,34.0
2014_02_NYJ_GB,NYJ,7,82.0
2014_02_PHI_IND,IND,4,70.0
2014_02_PHI_IND,PHI,11,90.0
2014_02_PIT_BAL,BAL,4,35.0
2014_02_PIT_BAL,PIT,9,75.0
2014_02_SEA_SD,LAC,6,53.0
2014_02_SEA_SD,SEA,8,53.0
2014_02_STL_TB,LA,5,65.0
2014_02_STL_TB,TB,4,30.0
2014_03_BAL_CLE,BAL,5,32.0
2014_03_BAL_CLE,CLE,12,94.0
2014_03_CHI_NYJ,CHI,9,95.0
2014_03_CHI_NYJ,NYJ,6,78.0
2014_03_DAL_STL,DAL,3,15.0
2014_03_DAL_STL,LA,8,119.0
2014_03_DEN_SEA,DEN,4,27.0
2014_03_DEN_SEA,SEA,7,34.0
2014_03_GB_DET,DET,6,40.0
2014_03_GB_DET,GB,5,30.0
2014_03_HOU_NYG,HOU,5,40.0
2014_03_HOU_NYG,NYG,4,31.0
2014_03_IND_JAX,IND,8,46.0
2014_03_IND_JAX,JAX,2,15.0
2014_03_KC_MIA,KC,4,23.0
2014_03_KC_MIA,MIA,6,65.0
2014_03_MIN_NO,MIN,5,44.0
2014_03_MIN_NO,NO,4,30.0
2014_03_OAK_NE,LV,6,49.0
2014_03_OAK_NE,NE,6,59.0
2014_03_PIT_CAR,CAR,7,105.0
2014_03_PIT_CAR,PIT,11,91.0
2014_03_SD_BUF,BUF,11,110.0
2014_03_SD_BUF,LAC,6,44.0
2014_03_SF_ARI,ARI,5,36.0
2014_03_SF_ARI,SF,9,107.0
2014_03_TB_ATL,ATL,5,50.0
2014_03_TB_ATL,TB,11,110.0
2014_03_TEN_CIN,CIN,7,50.0
2014_03_TEN_CIN,TEN,11,99.0
2014_03_WAS_PHI,PHI,9,70.0
2014_03_WAS_PHI,WAS,10,131.0
2014_04_ATL_MIN,ATL,5,50.0
2014_04_ATL_MIN,MIN,6,40.0
2014_04_BUF_HOU,BUF,8,40.0
2014_04_BUF_HOU,HOU,8,90.0
2014_04_CAR_BAL,BAL,4,40.0
2014_04_CAR_BAL,CAR,7,59.0
2014_04_DET_NYJ,DET,5,33.0
2014_04_DET_NYJ,NYJ,6,32.0
2014_04_GB_CHI,CHI,6,46.0
2014_04_GB_CHI,GB,9,70.0
2014_04_JAX_SD,JAX,3,32.0
2014_04_JAX_SD,LAC,7,57.0
2014_04_MIA_OAK,LV,9,80.0
2014_04_MIA_OAK,MIA,5,35.0
2014_04_NE_KC,KC,4,35.0
2014_04_NE_KC,NE,3,30.0
2014_04_NO_DAL,DAL,6,50.0
2014_04_NO_DAL,NO,3,20.0
2014_04_NYG_WAS,NYG,7,66.0
2014_04_NYG_WAS,WAS,11,88.0
2014_04_PHI_SF,PHI,10,70.0
2014_04_PHI_SF,SF,10,80.0
2014_04_TB_PIT,PIT,13,125.0
2014_04_TB_PIT,TB,9,50.0
2014_04_TEN_IND,IND,11,88.0
2014_04_TEN_IND,TEN,6,68.0
2014_05_ARI_DEN,ARI,3,15.0
2014_05_ARI_DEN,DEN,7,67.0
2014_05_ATL_NYG,ATL,8,81.0
2014_05_ATL_NYG,NYG,3,15.0
2014_05_BAL_IND,BAL,5,36.0
2014_05_BAL_IND,IND,6,83.0
2014_05_BUF_DET,BUF,11,74.0
2014_05_BUF_DET,DET,8,62.0
2014_05_CHI_CAR,CAR,3,30.0
2014_05_CHI_CAR,CHI,10,79.0
2014_05_CIN_NE,CIN,4,37.0
2014_05_CIN_NE,NE,12,114.0
2014_05_CLE_TEN,CLE,7,74.0
2014_05_CLE_TEN,TEN,7,68.0
2014_05_HOU_DAL,DAL,7,56.0
2014_05_HOU_DAL,HOU,5,35.0
2014_05_KC_SF,KC,4,29.0
2014_05_KC_SF,SF,2,10.0
2014_05_MIN_GB,GB,5,30.0
2014_05_MIN_GB,MIN,9,91.0
2014_05_NYJ_SD,LAC,5,76.0
2014_05_NYJ_SD,NYJ,12,94.0
2014_05_PIT_JAX,JAX,4,34.0
2014_05_PIT_JAX,PIT,7,50.0
2014_05_SEA_WAS,SEA,13,90.0
2014_05_SEA_WAS,WAS,3,30.0
2014_05_STL_PHI,LA,10,82.0
2014_05_STL_PHI,PHI,4,39.0
2014_05_TB_NO,NO,6,50.0
2014_05_TB_NO,TB,15,113.0
2014_06_BAL_TB,BAL,8,70.0
2014_06_BAL_TB,TB,5,43.0
2014_06_CAR_CIN,CAR,8,60.0
2014_06_CAR_CIN,CIN,13,119.0
2014_06_CHI_ATL,ATL,6,52.0
2014_06_CHI_ATL,CHI,7,47.0
2014_06_DAL_SEA,DAL,6,46.0
2014_06_DAL_SEA,SEA,9,58.0
2014_06_DEN_NYJ,DEN,11,101.0
2014_06_DEN_NYJ,NYJ,2,9.0
2014_06_DET_MIN,DET,5,40.0
2014_06_DET_MIN,MIN,9,60.0
2014_06_GB_MIA,GB,4,44.0
2014_06_GB_MIA,MIA,5,25.0
2014_06_IND_HOU,HOU,5,66.0
2014_06_IND_HOU,IND,5,51.0
2014_06_JAX_TEN,JAX,6,35.0
2014_06_JAX_TEN,TEN,5,48.0
2014_06_NE_BUF,BUF,8,107.0
2014_06_NE_BUF,NE,9,60.0
2014_06_NYG_PHI,NYG,10,75.0
2014_06_NYG_PHI,PHI,3,25.0
2014_06_PIT_CLE,CLE,6,60.0
2014_06_PIT_CLE,PIT,6,42.0
2014_06_SD_OAK,LAC,7,60.0
2014_06_SD_OAK,LV,11,78.0
2014_06_SF_STL,LA,8,38.0
2014_06_SF_STL,SF,5,23.0
2014_06_WAS_ARI,ARI,14,108.0
2014_06_WAS_ARI,WAS,6,62.0
2014_07_ARI_OAK,ARI,6,43.0
2014_07_ARI_OAK,LV,8,74.0
2014_07_ATL_BAL,ATL,7,76.0
2014_07_ATL_BAL,BAL,9,72.0
2014_07_CAR_GB,CAR,9,70.0
2014_07_CAR_GB,GB,5,29.0
2014_07_CIN_IND,CIN,4,20.0
2014_07_CIN_IND,IND,8,57.0
2014_07_CLE_JAX,CLE,8,50.0
2014_07_CLE_JAX,JAX,3,25.0
2014_07_HOU_PIT,HOU,4,20.0
2014_07_HOU_PIT,PIT,6,38.0
2014_07_KC_SD,KC,7,73.0
2014_07_KC_SD,LAC,4,49.0
2014_07_MIA_CHI,CHI,2,15.0
2014_07_MIA_CHI,MIA,7,84.0
2014_07_MIN_BUF,BUF,8,48.0
2014_07_MIN_BUF,MIN,7,50.0
2014_07_NO_DET,DET,9,71.0
2014_07_NO_DET,NO,12,134.0
2014_07_NYG_DAL,DAL,6,46.0
2014_07_NYG_DAL,NYG,6,40.0
2014_07_NYJ_NE,NE,9,64.0
2014_07_NYJ_NE,NYJ,7,70.0
2014_07_SEA_STL,LA,2,20.0
2014_07_SEA_STL,SEA,10,86.0
2014_07_SF_DEN,DEN,8,75.0
2014_07_SF_DEN,SF,6,62.0
2014_07_TEN_WAS,TEN,11,96.0
2014_07_TEN_WAS,WAS,7,50.0
2014_08_BAL_CIN,BAL,7,51.0
2014_08_BAL_CIN,CIN,6,40.0
2014_08_BUF_NYJ,BUF,7,49.0
2014_08_BUF_NYJ,NYJ,10,90.0
2014_08_CHI_NE,CHI,5,41.0
2014_08_CHI_NE,NE,7,38.0
2014_08_DET_ATL,ATL,5,39.0
2014_08_DET_ATL,DET,8,85.0
2014_08_GB_NO,GB,8,84.0
2014_08_GB_NO,NO,4,35.0
2014_08_HOU_TEN,HOU,4,35.0
2014_08_HOU_TEN,TEN,6,61.0
2014_08_IND_PIT,IND,5,43.0
2014_08_IND_PIT,PIT,10,59.0
2014_08_MIA_JAX,JAX,6,37.0
2014_08_MIA_JAX,MIA,7,52.0
2014_08_MIN_TB,MIN,6,59.0
2014_08_MIN_TB,TB,8,52.0
2014_08_OAK_CLE,CLE,6,30.0
2014_08_OAK_CLE,LV,8,54.0
2014_08_PHI_ARI,ARI,10,95.0
2014_08_PHI_ARI,PHI,11,103.0
2014_08_SD_DEN,DEN,9,71.0
2014_08_SD_DEN,LAC,7,77.0
2014_08_SEA_CAR,CAR,4,20.0
2014_08_SEA_CAR,SEA,7,41.0
2014_08_STL_KC,KC,7,51.0
2014_08_STL_KC,LA,8,68.0
2014_08_WAS_DAL,DAL,3,35.0
2014_08_WAS_DAL,WAS,6,45.0
2014_09_ARI_DAL,ARI,6,62.0
2014_09_ARI_DAL,DAL,5,33.0
2014_09_BAL_PIT,BAL,10,108.0
2014_09_BAL_PIT,PIT,7,67.0
2014_09_DEN_NE,DEN,10,72.0
2014_09_DEN_NE,NE,9,71.0
2014_09_IND_NYG,IND,4,30.0
2014_09_IND_NYG,NYG,4,30.0
2014_09_JAX_CIN,CIN,6,40.0
2014_09_JAX_CIN,JAX,3,35.0
2014_09_NO_CAR,CAR,6,67.0
2014_09_NO_CAR,NO,4,36.0
2014_09_NYJ_KC,KC,3,20.0
2014_09_NYJ_KC,NYJ,5,40.0
2014_09_OAK_SEA,LV,5,69.0
2014_09_OAK_SEA,SEA,9,65.0
2014_09_PHI_HOU,HOU,9,54.0
2014_09_PHI_HOU,PHI,7,55.0
2014_09_SD_MIA,LAC,7,57.0
2014_09_SD_MIA,MIA,2,15.0
2014_09_STL_SF,LA,9,83.0
2014_09_STL_SF,SF,9,44.0
2014_09_TB_CLE,CLE,7,44.0
2014_09_TB_CLE,TB,4,33.0
2014_09_WAS_MIN,MIN,9,60.0
2014_09_WAS_MIN,WAS,6,55.0
2014_10_ATL_TB,ATL,5,30.0
2014_10_ATL_TB,TB,10,79.0
2014_10_CAR_PHI,CAR,4,30.0
2014_10_CAR_PHI,PHI,5,50.0
2014_10_CHI_GB,CHI,11,163.0
2014_10_CHI_GB,GB,5,50.0
2014_10_CLE_CIN,CIN,7,55.0
2014_10_CLE_CIN,CLE,6,62.0
2014_10_DAL_JAX,DAL,9,65.0
2014_10_DAL_JAX,JAX,2,19.0
2014_10_DEN_OAK,DEN,12,95.0
2014_10_DEN_OAK,LV,4,37.0
2014_10_KC_BUF,BUF,6,44.0
2014_10_KC_BUF,KC,3,19.0
2014_10_MIA_DET,DET,10,98.0
2014_10_MIA_DET,MIA,5,44.0
2014_10_NYG_SEA,NYG,4,35.0
2014_10_NYG_SEA,SEA,6,50.0
2014_10_PIT_NYJ,NYJ,8,60.0
2014_10_PIT_NYJ,PIT,3,20.0
2014_10_SF_NO,NO,6,43.0
2014_10_SF_NO,SF,2,15.0
2014_10_STL_ARI,ARI,5,35.0
2014_10_STL_ARI,LA,8,80.0
2014_10_TEN_BAL,BAL,5,40.0
2014_10_TEN_BAL,TEN,9,67.0
2014_11_ATL_CAR,ATL,5,58.0
2014_11_ATL_CAR,CAR,1,15.0
2014_11_BUF_MIA,BUF,7,70.0
2014_11_BUF_MIA,MIA,4,30.0
2014_11_CIN_NO,CIN,4,33.0
2014_11_CIN_NO,NO,5,34.0
2014_11_DEN_STL,DEN,8,62.0
2014_11_DEN_STL,LA,3,25.0
2014_11_DET_ARI,ARI,4,35.0
2014_11_DET_ARI,DET,9,80.0
2014_11_HOU_CLE,CLE,8,67.0
2014_11_HOU_CLE,HOU,5,55.0
2014_11_MIN_CHI,CHI,7,60.0
2014_11_MIN_CHI,MIN,2,18.0
2014_11_NE_IND,IND,4,27.0
2014_11_NE_IND,NE,5,53.0
2014_11_OAK_SD,LAC,6,40.0
2014_11_OAK_SD,LV,8,41.0
2014_11_PHI_GB,GB,4,52.0
2014_11_PHI_GB,PHI,6,53.0
2014_11_PIT_TEN,PIT,4,39.0
2014_11_PIT_TEN,TEN,1,10.0
2014_11_SEA_KC,KC,3,6.0
2014_11_SEA_KC,SEA,8,50.0
2014_11_SF_NYG,NYG,3,54.0
2014_11_SF_NYG,SF,4,35.0
2014_11_TB_WAS,TB,11,101.0
2014_11_TB_WAS,WAS,9,67.0
2014_12_ARI_SEA,ARI,3,25.0
2014_12_ARI_SEA,SEA,7,74.0
2014_12_BAL_NO,BAL,6,42.0
2014_12_BAL_NO,NO,5,50.0
2014_12_CIN_HOU,CIN,6,60.0
2014_12_CIN_HOU,HOU,3,15.0
2014_12_CLE_ATL,ATL,7,40.0
2014_12_CLE_ATL,CLE,5,30.0
2014_12_DAL_NYG,DAL,7,63.0
2014_12_DAL_NYG,NYG,5,30.0
2014_12_DET_NE,DET,9,54.0
2014_12_DET_NE,NE,11,89.0
2014_12_GB_MIN,GB,8,75.0
2014_12_GB_MIN,MIN,7,77.0
2014_12_JAX_IND,IND,6,54.0
2014_12_JAX_IND,JAX,6,43.0
2014_12_KC_OAK,KC,7,59.0
2014_12_KC_OAK,LV,7,60.0
2014_12_MIA_DEN,DEN,9,98.0
2014_12_MIA_DEN,MIA,6,50.0
2014_12_NYJ_BUF,BUF,4,24.0
2014_12_NYJ_BUF,NYJ,9,60.0
2014_12_STL_SD,LA,9,90.0
2014_12_STL_SD,LAC,8,85.0
2014_12_TB_CHI,CHI,6,45.0
2014_12_TB_CHI,TB,9,87.0
2014_12_TEN_PHI,PHI,9,69.0
2014_12_TEN_PHI,TEN,7,56.0
2014_12_WAS_SF,SF,5,47.0
2014_12_WAS_SF,WAS,7,53.0
2014_13_ARI_ATL,ARI,5,34.0
2014_13_ARI_ATL,ATL,8,61.0
2014_13_CAR_MIN,CAR,4,35.0
2014_13_CAR_MIN,MIN,5,25.0
2014_13_CHI_DET,CHI,5,41.0
2014_13_CHI_DET,DET,5,38.0
2014_13_CIN_TB,CIN,10,73.0
2014_13_CIN_TB,TB,13,94.0
2014_13_CLE_BUF,BUF,6,45.0
2014_13_CLE_BUF,CLE,10,76.0
2014_13_DEN_KC,DEN,5,32.0
2014_13_DEN_KC,KC,5,35.0
2014_13_MIA_NYJ,MIA,3,20.0
2014_13_MIA_NYJ,NYJ,7,57.0
2014_13_NE_GB,GB,4,22.0
2014_13_NE_GB,NE,4,25.0
2014_13_NO_PIT,NO,11,77.0
2014_13_NO_PIT,PIT,5,28.0
2014_13_NYG_JAX,JAX,7,49.0
2014_13_NYG_JAX,NYG,6,40.0
2014_13_OAK_STL,LA,8,60.0
2014_13_OAK_STL,LV,8,73.0
2014_13_PHI_DAL,DAL,6,42.0
2014_13_PHI_DAL,PHI,4,20.0
2014_13_SD_BAL,BAL,14,98.0
2014_13_SD_BAL,LAC,8,91.0
2014_13_SEA_SF,SEA,14,105.0
2014_13_SEA_SF,SF,3,20.0
2014_13_TEN_HOU,HOU,5,40.0
2014_13_TEN_HOU,TEN,6,66.0
2014_13_WAS_IND,IND,10,94.0
2014_13_WAS_IND,WAS,10,78.0
2014_14_ATL_GB,ATL,3,11.0
2014_14_ATL_GB,GB,5,40.0
2014_14_BAL_MIA,BAL,7,36.0
2014_14_BAL_MIA,MIA,6,30.0
2014_14_BUF_DEN,BUF,11,98.0
2014_14_BUF_DEN,DEN,5,45.0
2014_14_CAR_NO,CAR,6,55.0
2014_14_CAR_NO,NO,4,30.0
2014_14_DAL_CHI,CHI,9,54.0
2014_14_DAL_CHI,DAL,8,97.0
2014_14_HOU_JAX,HOU,7,64.0
2014_14_HOU_JAX,JAX,6,40.0
2014_14_IND_CLE,CLE,7,85.0
2014_14_IND_CLE,IND,6,40.0
2014_14_KC_ARI,ARI,6,40.0
2014_14_KC_ARI,KC,9,75.0
2014_14_NE_SD,LAC,8,61.0
2014_14_NE_SD,NE,6,70.0
2014_14_NYG_TEN,NYG,7,70.0
2014_14_NYG_TEN,TEN,5,39.0
2014_14_NYJ_MIN,MIN,6,70.0
2014_14_NYJ_MIN,NYJ,4,40.0
2014_14_PIT_CIN,CIN,7,54.0
2014_14_PIT_CIN,PIT,3,20.0
2014_14_SEA_PHI,PHI,4,69.0
2014_14_SEA_PHI,SEA,8,67.0
2014_14_SF_OAK,LV,10,84.0
2014_14_SF_OAK,SF,7,50.0
2014_14_STL_WAS,LA,11,98.0
2014_14_STL_WAS,WAS,5,51.0
2014_14_TB_DET,DET,9,122.0
2014_14_TB_DET,TB,5,50.0
2014_15_ARI_STL,ARI,8,59.0
2014_15_ARI_STL,LA,6,69.0
2014_15_CIN_CLE,CIN,5,41.0
2014_15_CIN_CLE,CLE,9,68.0
2014_15_DAL_PHI,DAL,11,79.0
2014_15_DAL_PHI,PHI,8,95.0
2014_15_DEN_SD,DEN,7,71.0
2014_15_DEN_SD,LAC,8,65.0
2014_15_GB_BUF,BUF,10,75.0
2014_15_GB_BUF,GB,9,70.0
2014_15_HOU_IND,HOU,8,66.0
2014_15_HOU_IND,IND,7,45.0
2014_15_JAX_BAL,BAL,9,70.0
2014_15_JAX_BAL,JAX,5,60.0
2014_15_MIA_NE,MIA,5,35.0
2014_15_MIA_NE,NE,5,51.0
2014_15_MIN_DET,DET,5,35.0
2014_15_MIN_DET,MIN,3,25.0
2014_15_NO_CHI,CHI,9,74.0
2014_15_NO_CHI,NO,3,25.0
2014_15_NYJ_TEN,NYJ,7,46.0
2014_15_NYJ_TEN,TEN,9,76.0
2014_15_OAK_KC,KC,11,84.0
2014_15_OAK_KC,LV,10,75.0
2014_15_PIT_ATL,ATL,3,25.0
2014_15_PIT_ATL,PIT,3,34.0
2014_15_SF_SEA,SEA,7,50.0
2014_15_SF_SEA,SF,8,78.0
2014_15_TB_CAR,CAR,4,25.0
2014_15_TB_CAR,TB,4,29.0
2014_15_WAS_NYG,NYG,9,60.0
2014_15_WAS_NYG,WAS,9,120.0
2014_16_ATL_NO,ATL,6,64.0
2014_16_ATL_NO,NO,3,25.0
2014_16_BAL_HOU,BAL,7,56.0
2014_16_BAL_HOU,HOU,7,69.0
2014_16_BUF_OAK,BUF,7,55.0
2014_16_BUF_OAK,LV,4,35.0
2014_16_CLE_CAR,CAR,5,49.0
2014_16_CLE_CAR,CLE,6,49.0
2014_16_DEN_CIN,CIN,7,45.0
2014_16_DEN_CIN,DEN,6,72.0
2014_16_DET_CHI,CHI,5,86.0
2014_16_DET_CHI,DET,7,60.0
2014_16_GB_TB,GB,5,40.0
2014_16_GB_TB,TB,3,30.0
2014_16_IND_DAL,DAL,7,67.0
2014_16_IND_DAL,IND,8,55.0
2014_16_KC_PIT,KC,4,39.0
2014_16_KC_PIT,PIT,4,40.0
2014_16_MIN_MIA,MIA,7,54.0
2014_16_MIN_MIA,MIN,8,74.0
2014_16_NE_NYJ,NE,5,38.0
2014_16_NE_NYJ,NYJ,2,14.0
2014_16_NYG_STL,LA,9,76.0
2014_16_NYG_STL,NYG,12,149.0
2014_16_PHI_WAS,PHI,13,102.0
2014_16_PHI_WAS,WAS,3,15.0
2014_16_SD_SF,LAC,8,38.0
2014_16_SD_SF,SF,9,92.0
2014_16_SEA_ARI,ARI,1,5.0
2014_16_SEA_ARI,SEA,11,97.0
2014_16_TEN_JAX,JAX,3,25.0
2014_16_TEN_JAX,TEN,7,47.0
2014_17_ARI_SF,ARI,3,21.0
2014_17_ARI_SF,SF,10,78.0
2014_17_BUF_NE,BUF,5,44.0
2014_17_BUF_NE,NE,5,55.0
2014_17_CAR_ATL,ATL,6,36.0
2014_17_CAR_ATL,CAR,5,36.0
2014_17_CHI_MIN,CHI,8,50.0
2014_17_CHI_MIN,MIN,4,25.0
2014_17_CIN_PIT,CIN,5,45.0
2014_17_CIN_PIT,PIT,1,10.0
2014_17_CLE_BAL,BAL,8,55.0
2014_17_CLE_BAL,CLE,7,58.0
2014_17_DAL_WAS,DAL,7,48.0
2014_17_DAL_WAS,WAS,9,101.0
2014_17_DET_GB,DET,10,53.0
2014_17_DET_GB,GB,5,40.0
2014_17_IND_TEN,IND,4,20.0
2014_17_IND_TEN,TEN,4,20.0
2014_17_JAX_HOU,HOU,6,55.0
2014_17_JAX_HOU,JAX,4,25.0
2014_17_NO_TB,NO,2,15.0
2014_17_NO_TB,TB,4,23.0
2014_17_NYJ_MIA,MIA,5,40.0
2014_17_NYJ_MIA,NYJ,5,40.0
2014_17_OAK_DEN,DEN,1,16.0
2014_17_OAK_DEN,LV,9,86.0
2014_17_PHI_NYG,NYG,8,106.0
2014_17_PHI_NYG,PHI,5,35.0
2014_17_SD_KC,KC,7,46.0
2014_17_SD_KC,LAC,10,67.0
2014_17_STL_SEA,LA,6,45.0
2014_17_STL_SEA,SEA,2,20.0
2014_18_ARI_CAR,ARI,7,38.0
2014_18_ARI_CAR,CAR,8,80.0
2014_18_BAL_PIT,BAL,2,14.0
2014_18_BAL_PIT,PIT,8,114.0
2014_18_CIN_IND,CIN,6,45.0
2014_18_CIN_IND,IND,9,66.0
2014_18_DET_DAL,DAL,6,46.0
2014_18_DET_DAL,DET,8,44.0
2014_19_BAL_NE,BAL,7,65.0
2014_19_BAL_NE,NE,7,60.0
2014_19_CAR_SEA,CAR,5,35.0
2014_19_CAR_SEA,SEA,6,60.0
2014_19_DAL_GB,DAL,5,35.0
2014_19_DAL_GB,GB,10,87.0
2014_19_IND_DEN,DEN,2,8.0
2014_19_IND_DEN,IND,10,67.0
2014_20_GB_SEA,GB,5,45.0
2014_20_GB_SEA,SEA,8,40.0
2014_20_IND_NE,IND,3,23.0
2014_20_IND_NE,NE,6,45.0
2014_21_NE_SEA,NE,5,36.0
2014_21_NE_SEA,SEA,7,70.0
2015_01_BAL_DEN,BAL,3,15.0
2015_01_BAL_DEN,DEN,8,45.0
2015_01_CAR_JAX,CAR,3,22.0
2015_01_CAR_JAX,JAX,3,25.0
2015_01_CIN_OAK,CIN,6,50.0
2015_01_CIN_OAK,LV,5,32.0
2015_01_CLE_NYJ,CLE,12,109.0
2015_01_CLE_NYJ,NYJ,4,30.0
2015_01_DET_SD,DET,4,29.0
2015_01_DET_SD,LAC,5,40.0
2015_01_GB_CHI,CHI,6,64.0
2015_01_GB_CHI,GB,10,74.0
2015_01_IND_BUF,BUF,11,113.0
2015_01_IND_BUF,IND,5,49.0
2015_01_KC_HOU,HOU,6,39.0
2015_01_KC_HOU,KC,2,25.0
2015_01_MIA_WAS,MIA,6,39.0
2015_01_MIA_WAS,WAS,11,88.0
2015_01_MIN_SF,MIN,5,25.0
2015_01_MIN_SF,SF,8,57.0
2015_01_NO_ARI,ARI,5,30.0
2015_01_NO_ARI,NO,7,73.0
2015_01_NYG_DAL,DAL,3,35.0
2015_01_NYG_DAL,NYG,5,44.0
2015_01_PHI_ATL,ATL,7,57.0
2015_01_PHI_ATL,PHI,10,88.0
2015_01_PIT_NE,NE,7,64.0
2015_01_PIT_NE,PIT,8,77.0
2015_01_SEA_STL,LA,4,30.0
2015_01_SEA_STL,SEA,7,46.0
2015_01_TEN_TB,TB,12,97.0
2015_01_TEN_TB,TEN,8,55.0
2015_02_ARI_CHI,ARI,8,58.0
2015_02_ARI_CHI,CHI,14,170.0
2015_02_ATL_NYG,ATL,6,65.0
2015_02_ATL_NYG,NYG,6,35.0
2015_02_BAL_OAK,BAL,10,109.0
2015_02_BAL_OAK,LV,16,106.0
2015_02_DAL_PHI,DAL,18,142.0
2015_02_DAL_PHI,PHI,8,60.0
2015_02_DEN_KC,DEN,8,85.0
2015_02_DEN_KC,KC,9,60.0
2015_02_DET_MIN,DET,6,39.0
2015_02_DET_MIN,MIN,10,97.0
2015_02_HOU_CAR,CAR,10,92.0
2015_02_HOU_CAR,HOU,10,70.0
2015_02_MIA_JAX,JAX,9,93.0
2015_02_MIA_JAX,MIA,13,112.0
2015_02_NE_BUF,BUF,14,140.0
2015_02_NE_BUF,NE,11,119.0
2015_02_NYJ_IND,IND,11,84.0
2015_02_NYJ_IND,NYJ,8,90.0
2015_02_SD_CIN,CIN,9,75.0
2015_02_SD_CIN,LAC,8,64.0
2015_02_SEA_GB,GB,6,35.0
2015_02_SEA_GB,SEA,6,92.0
2015_02_SF_PIT,PIT,7,58.0
2015_02_SF_PIT,SF,7,46.0
2015_02_STL_WAS,LA,9,80.0
2015_02_STL_WAS,WAS,7,53.0
2015_02_TB_NO,NO,10,115.0
2015_02_TB_NO,TB,11,90.0
2015_02_TEN_CLE,CLE,4,40.0
2015_02_TEN_CLE,TEN,9,85.0
2015_03_ATL_DAL,ATL,6,70.0
2015_03_ATL_DAL,DAL,5,31.0
2015_03_BUF_MIA,BUF,5,40.0
2015_03_BUF_MIA,MIA,6,36.0
2015_03_CHI_SEA,CHI,6,40.0
2015_03_CHI_SEA,SEA,5,41.0
2015_03_CIN_BAL,BAL,13,116.0
2015_03_CIN_BAL,CIN,9,67.0
2015_03_DEN_DET,DEN,9,94.0
2015_03_DEN_DET,DET,9,75.0
2015_03_IND_TEN,IND,11,71.0
2015_03_IND_TEN,TEN,6,55.0
2015_03_JAX_NE,JAX,7,114.0
2015_03_JAX_NE,NE,4,30.0
2015_03_KC_GB,GB,12,89.0
2015_03_KC_GB,KC,7,38.0
2015_03_NO_CAR,CAR,10,88.0
2015_03_NO_CAR,NO,8,55.0
2015_03_OAK_CLE,CLE,6,50.0
2015_03_OAK_CLE,LV,12,85.0
2015_03_PHI_NYJ,NYJ,6,53.0
2015_03_PHI_NYJ,PHI,5,21.0
2015_03_PIT_STL,LA,7,47.0
2015_03_PIT_STL,PIT,4,63.0
2015_03_SD_MIN,LAC,7,74.0
2015_03_SD_MIN,MIN,3,39.0
2015_03_SF_ARI,ARI,4,24.0
2015_03_SF_ARI,SF,6,45.0
2015_03_TB_HOU,HOU,6,58.0
2015_03_TB_HOU,TB,10,84.0
2015_03_WAS_NYG,NYG,8,67.0
2015_03_WAS_NYG,WAS,7,58.0
2015_04_BAL_PIT,BAL,4,30.0
2015_04_BAL_PIT,PIT,4,20.0
2015_04_CAR_TB,CAR,5,45.0
2015_04_CAR_TB,TB,5,48.0
2015_04_CLE_SD,CLE,12,91.0
2015_04_CLE_SD,LAC,6,31.0
2015_04_DAL_NO,DAL,6,30.0
2015_04_DAL_NO,NO,8,64.0
2015_04_DET_SEA,DET,4,37.0
2015_04_DET_SEA,SEA,5,30.0
2015_04_GB_SF,GB,8,65.0
2015_04_GB_SF,SF,4,30.0
2015_04_HOU_ATL,ATL,10,80.0
2015_04_HOU_ATL,HOU,5,35.0
2015_04_JAX_IND,IND,4,45.0
2015_04_JAX_IND,JAX,13,92.0
2015_04_KC_CIN,CIN,11,84.0
2015_04_KC_CIN,KC,7,46.0
2015_04_MIN_DEN,DEN,8,40.0
2015_04_MIN_DEN,MIN,9,63.0
2015_04_NYG_BUF,BUF,16,120.0
2015_04_NYG_BUF,NYG,11,85.0
2015_04_NYJ_MIA,MIA,9,80.0
2015_04_NYJ_MIA,NYJ,14,163.0
2015_04_OAK_CHI,CHI,7,48.0
2015_04_OAK_CHI,LV,5,47.0
2015_04_PHI_WAS,PHI,8,72.0
2015_04_PHI_WAS,WAS,10,110.0
2015_04_STL_ARI,ARI,3,20.0
2015_04_STL_ARI,LA,7,66.0
2015_05_ARI_DET,ARI,9,70.0
2015_05_ARI_DET,DET,9,85.0
2015_05_BUF_TEN,BUF,7,62.0
2015_05_BUF_TEN,TEN,9,74.0
2015_05_CHI_KC,CHI,6,49.0
2015_05_CHI_KC,KC,3,49.0
2015_05_CLE_BAL,BAL,12,98.0
2015_05_CLE_BAL,CLE,9,74.0
2015_05_DEN_OAK,DEN,6,103.0
2015_05_DEN_OAK,LV,6,41.0
2015_05_IND_HOU,HOU,13,125.0
2015_05_IND_HOU,IND,7,65.0
2015_05_JAX_TB,JAX,3,12.0
2015_05_JAX_TB,TB,10,72.0
2015_05_NE_DAL,DAL,7,50.0
2015_05_NE_DAL,NE,9,64.0
2015_05_NO_PHI,NO,7,78.0
2015_05_NO_PHI,PHI,4,35.0
2015_05_PIT_SD,LAC,7,54.0
2015_05_PIT_SD,PIT,8,86.0
2015_05_SEA_CIN,CIN,7,50.0
2015_05_SEA_CIN,SEA,10,112.0
2015_05_SF_NYG,NYG,6,65.0
2015_05_SF_NYG,SF,4,28.0
2015_05_STL_GB,GB,7,67.0
2015_05_STL_GB,LA,8,40.0
2015_05_WAS_ATL,ATL,4,62.0
2015_05_WAS_ATL,WAS,5,51.0
2015_06_ARI_PIT,ARI,9,111.0
2015_06_ARI_PIT,PIT,6,48.0
2015_06_ATL_NO,ATL,7,41.0
2015_06_ATL_NO,NO,3,15.0
2015_06_BAL_SF,BAL,3,15.0
2015_06_BAL_SF,SF,4,25.0
2015_06_CAR_SEA,CAR,5,25.0
2015_06_CAR_SEA,SEA,7,48.0
2015_06_CHI_DET,CHI,9,76.0
2015_06_CHI_DET,DET,10,98.0
2015_06_CIN_BUF,BUF,8,93.0
2015_06_CIN_BUF,CIN,3,20.0
2015_06_DEN_CLE,CLE,6,30.0
2015_06_DEN_CLE,DEN,8,81.0
2015_06_HOU_JAX,HOU,10,69.0
2015_06_HOU_JAX,JAX,7,64.0
2015_06_KC_MIN,KC,8,95.0
2015_06_KC_MIN,MIN,5,50.0
2015_06_MIA_TEN,MIA,9,97.0
2015_06_MIA_TEN,TEN,7,50.0
2015_06_NE_IND,IND,11,103.0
2015_06_NE_IND,NE,8,72.0
2015_06_NYG_PHI,NYG,12,94.0
2015_06_NYG_PHI,PHI,9,72.0
2015_06_SD_GB,GB,6,50.0
2015_06_SD_GB,LAC,9,76.0
2015_06_WAS_NYJ,NYJ,1,5.0
2015_06_WAS_NYJ,WAS,3,15.0
2015_07_ATL_TEN,ATL,6,53.0
2015_07_ATL_TEN,TEN,5,45.0
2015_07_BAL_ARI,ARI,4,40.0
2015_07_BAL_ARI,BAL,9,64.0
2015_07_BUF_JAX,BUF,10,87.0
2015_07_BUF_JAX,JAX,10,66.0
2015_07_CLE_STL,CLE,11,98.0
2015_07_CLE_STL,LA,9,75.0
2015_07_DAL_NYG,DAL,7,46.0
2015_07_DAL_NYG,NYG,3,13.0
2015_07_HOU_MIA,HOU,3,25.0
2015_07_HOU_MIA,MIA,8,52.0
2015_07_MIN_DET,DET,5,30.0
2015_07_MIN_DET,MIN,3,31.0
2015_07_NO_IND,IND,7,42.0
2015_07_NO_IND,NO,12,100.0
2015_07_NYJ_NE,NE,4,38.0
2015_07_NYJ_NE,NYJ,4,29.0
2015_07_OAK_SD,LAC,9,86.0
2015_07_OAK_SD,LV,14,136.0
2015_07_PHI_CAR,CAR,5,43.0
2015_07_PHI_CAR,PHI,7,46.0
2015_07_PIT_KC,KC,6,66.0
2015_07_PIT_KC,PIT,1,5.0
2015_07_SEA_SF,SEA,6,50.0
2015_07_SEA_SF,SF,4,33.0
2015_07_TB_WAS,TB,16,142.0
2015_07_TB_WAS,WAS,4,20.0
2015_08_ARI_CLE,ARI,5,25.0
2015_08_ARI_CLE,CLE,7,35.0
2015_08_CIN_PIT,CIN,10,94.0
2015_08_CIN_PIT,PIT,10,91.0
2015_08_DET_KC,DET,8,81.0
2015_08_DET_KC,KC,3,20.0
2015_08_GB_DEN,DEN,11,93.0
2015_08_GB_DEN,GB,2,15.0
2015_08_IND_CAR,CAR,6,55.0
2015_08_IND_CAR,IND,2,15.0
2015_08_MIA_NE,MIA,7,40.0
2015_08_MIA_NE,NE,8,69.0
2015_08_MIN_CHI,CHI,4,38.0
2015_08_MIN_CHI,MIN,4,35.0
2015_08_NYG_NO,NO,12,93.0
2015_08_NYG_NO,NYG,6,53.0
2015_08_NYJ_OAK,LV,6,61.0
2015_08_NYJ_OAK,NYJ,6,40.0
2015_08_SD_BAL,BAL,5,46.0
2015_08_SD_BAL,LAC,6,66.0
2015_08_SEA_DAL,DAL,5,40.0
2015_08_SEA_DAL,SEA,5,40.0
2015_08_SF_STL,LA,12,93.0
2015_08_SF_STL,SF,12,88.0
2015_08_TB_ATL,ATL,11,124.0
2015_08_TB_ATL,TB,8,43.0
2015_08_TEN_HOU,HOU,7,85.0
2015_08_TEN_HOU,TEN,6,45.0
2015_09_ATL_SF,ATL,6,63.0
2015_09_ATL_SF,SF,5,30.0
2015_09_CHI_SD,CHI,6,55.0
2015_09_CHI_SD,LAC,8,54.0
2015_09_CLE_CIN,CIN,2,20.0
2015_09_CLE_CIN,CLE,4,28.0
2015_09_DEN_IND,DEN,7,53.0
2015_09_DEN_IND,IND,4,30.0
2015_09_GB_CAR,CAR,6,45.0
2015_09_GB_CAR,GB,7,87.0
2015_09_JAX_NYJ,JAX,4,30.0
2015_09_JAX_NYJ,NYJ,6,41.0
2015_09_MIA_BUF,BUF,13,94.0
2015_09_MIA_BUF,MIA,8,62.0
2015_09_NYG_TB,NYG,6,49.0
2015_09_NYG_TB,TB,9,79.0
2015_09_OAK_PIT,LV,3,21.0
2015_09_OAK_PIT,PIT,5,42.0
2015_09_PHI_DAL,DAL,8,58.0
2015_09_PHI_DAL,PHI,10,70.0
2015_09_STL_MIN,LA,12,87.0
2015_09_STL_MIN,MIN,6,67.0
2015_09_TEN_NO,NO,8,75.0
2015_09_TEN_NO,TEN,6,52.0
2015_09_WAS_NE,NE,6,43.0
2015_09_WAS_NE,WAS,4,27.0
2015_10_ARI_SEA,ARI,9,66.0
2015_10_ARI_SEA,SEA,13,121.0
2015_10_BUF_NYJ,BUF,5,44.0
2015_10_BUF_NYJ,NYJ,3,20.0
2015_10_CAR_TEN,CAR,5,45.0
2015_10_CAR_TEN,TEN,4,30.0
2015_10_CHI_STL,CHI,4,44.0
2015_10_CHI_STL,LA,8,57.0
2015_10_CLE_PIT,CLE,12,188.0
2015_10_CLE_PIT,PIT,5,50.0
2015_10_DAL_TB,DAL,6,65.0
2015_10_DAL_TB,TB,7,62.0
2015_10_DET_GB,DET,3,35.0
2015_10_DET_GB,GB,5,55.0
2015_10_HOU_CIN,CIN,9,70.0
2015_10_HOU_CIN,HOU,5,54.0
2015_10_JAX_BAL,BAL,9,121.0
2015_10_JAX_BAL,JAX,4,30.0
2015_10_KC_DEN,DEN,5,55.0
2015_10_KC_DEN,KC,11,102.0
2015_10_MIA_PHI,MIA,8,84.0
2015_10_MIA_PHI,PHI,7,54.0
2015_10_MIN_OAK,LV,8,82.0
2015_10_MIN_OAK,MIN,3,15.0
2015_10_NE_NYG,NE,7,93.0
2015_10_NE_NYG,NYG,8,49.0
2015_10_NO_WAS,NO,7,50.0
2015_10_NO_WAS,WAS,5,26.0
2015_11_BUF_NE,BUF,5,44.0
2015_11_BUF_NE,NE,5,61.0
2015_11_CIN_ARI,ARI,7,40.0
2015_11_CIN_ARI,CIN,10,108.0
2015_11_DAL_MIA,DAL,10,79.0
2015_11_DAL_MIA,MIA,9,74.0
2015_11_DEN_CHI,DEN,8,118.0
2015_11_GB_MIN,GB,4,19.0
2015_11_GB_MIN,MIN,8,110.0
2015_11_IND_ATL,ATL,6,69.0
2015_11_IND_ATL,IND,7,42.0
2015_11_KC_SD,KC,5,35.0
2015_11_KC_SD,LAC,6,39.0
2015_11_NYJ_HOU,HOU,3,54.0
2015_11_NYJ_HOU,NYJ,7,54.0
2015_11_OAK_DET,DET,7,55.0
2015_11_OAK_DET,LV,6,31.0
2015_11_SF_SEA,SEA,8,51.0
2015_11_SF_SEA,SF,5,42.0
2015_11_STL_BAL,BAL,10,137.0
2015_11_STL_BAL,LA,6,35.0
2015_11_TB_PHI,PHI,5,25.0
2015_11_TB_PHI,TB,9,82.0
2015_11_TEN_JAX,JAX,8,88.0
2015_11_TEN_JAX,TEN,6,59.0
2015_11_WAS_CAR,CAR,8,66.0
2015_11_WAS_CAR,WAS,9,68.0
2015_12_ARI_SF,ARI,7,47.0
2015_12_ARI_SF,SF,13,81.0
2015_12_BAL_CLE,BAL,7,50.0
2015_12_BAL_CLE,CLE,2,15.0
2015_12_BUF_KC,BUF,9,91.0
2015_12_BUF_KC,KC,8,58.0
2015_12_CAR_DAL,CAR,8,53.0
2015_12_CAR_DAL,DAL,5,40.0
2015_12_CHI_GB,CHI,12,95.0
2015_12_CHI_GB,GB,3,38.0
2015_12_MIA_NYJ,MIA,6,45.0
2015_12_MIA_NYJ,NYJ,6,40.0
2015_12_MIN_ATL,ATL,6,78.0
2015_12_MIN_ATL,MIN,9,53.0
2015_12_NE_DEN,DEN,6,46.0
2015_12_NE_DEN,NE,5,47.0
2015_12_NO_HOU,HOU,6,40.0
2015_12_NO_HOU,NO,10,82.0
2015_12_NYG_WAS,NYG,4,35.0
2015_12_NYG_WAS,WAS,7,80.0
2015_12_OAK_TEN,LV,11,94.0
2015_12_OAK_TEN,TEN,4,25.0
2015_12_PHI_DET,DET,4,29.0
2015_12_PHI_DET,PHI,2,30.0
2015_12_PIT_SEA,PIT,6,65.0
2015_12_PIT_SEA,SEA,8,76.0
2015_12_SD_JAX,JAX,6,35.0
2015_12_SD_JAX,LAC,8,70.0
2015_12_STL_CIN,CIN,3,35.0
2015_12_STL_CIN,LA,7,45.0
2015_12_TB_IND,IND,6,45.0
2015_12_TB_IND,TB,12,95.0
2015_13_ARI_STL,ARI,3,25.0
2015_13_ARI_STL,LA,7,104.0
2015_13_ATL_TB,ATL,7,58.0
2015_13_ATL_TB,TB,8,53.0
2015_13_BAL_MIA,BAL,5,36.0
2015_13_BAL_MIA,MIA,5,31.0
2015_13_CAR_NO,CAR,8,87.0
2015_13_CAR_NO,NO,11,104.0
2015_13_CIN_CLE,CIN,5,55.0
2015_13_CIN_CLE,CLE,7,84.0
2015_13_DAL_WAS,DAL,8,70.0
2015_13_DAL_WAS,WAS,9,72.0
2015_13_DEN_SD,DEN,3,18.0
2015_13_DEN_SD,LAC,8,72.0
2015_13_GB_DET,DET,9,108.0
2015_13_GB_DET,GB,7,55.0
2015_13_HOU_BUF,BUF,5,42.0
2015_13_HOU_BUF,HOU,10,89.0
2015_13_IND_PIT,IND,5,30.0
2015_13_IND_PIT,PIT,4,48.0
2015_13_JAX_TEN,JAX,6,21.0
2015_13_JAX_TEN,TEN,4,38.0
2015_13_KC_OAK,KC,11,88.0
2015_13_KC_OAK,LV,4,21.0
2015_13_NYJ_NYG,NYG,8,60.0
2015_13_NYJ_NYG,NYJ,8,61.0
2015_13_PHI_NE,NE,3,30.0
2015_13_PHI_NE,PHI,8,97.0
2015_13_SEA_MIN,MIN,9,95.0
2015_13_SEA_MIN,SEA,9,65.0
2015_13_SF_CHI,CHI,8,72.0
2015_13_SF_CHI,SF,6,50.0
2015_14_ATL_CAR,ATL,6,54.0
2015_14_ATL_CAR,CAR,6,60.0
2015_14_BUF_PHI,BUF,15,101.0
2015_14_BUF_PHI,PHI,5,55.0
2015_14_DAL_GB,DAL,6,30.0
2015_14_DAL_GB,GB,8,69.0
2015_14_DET_STL,DET,5,45.0
2015_14_DET_STL,LA,5,48.0
2015_14_IND_JAX,IND,8,85.0
2015_14_IND_JAX,JAX,5,40.0
2015_14_MIN_ARI,ARI,4,30.0
2015_14_MIN_ARI,MIN,3,25.0
2015_14_NE_HOU,HOU,4,36.0
2015_14_NE_HOU,NE,6,46.0
2015_14_NO_TB,NO,12,95.0
2015_14_NO_TB,TB,8,80.0
2015_14_NYG_MIA,MIA,12,123.0
2015_14_NYG_MIA,NYG,3,25.0
2015_14_OAK_DEN,DEN,4,27.0
2015_14_OAK_DEN,LV,10,70.0
2015_14_PIT_CIN,CIN,4,27.0
2015_14_PIT_CIN,PIT,5,82.0
2015_14_SD_KC,KC,8,53.0
2015_14_SD_KC,LAC,7,48.0
2015_14_SEA_BAL,BAL,9,94.0
2015_14_SEA_BAL,SEA,6,42.0
2015_14_SF_CLE,CLE,8,71.0
2015_14_SF_CLE,SF,5,40.0
2015_14_TEN_NYJ,NYJ,3,20.0
2015_14_TEN_NYJ,TEN,3,20.0
2015_14_WAS_CHI,CHI,7,79.0
2015_14_WAS_CHI,WAS,8,63.0
2015_15_ARI_PHI,ARI,1,10.0
2015_15_ARI_PHI,PHI,5,38.0
2015_15_ATL_JAX,ATL,5,43.0
2015_15_ATL_JAX,JAX,5,62.0
2015_15_BUF_WAS,BUF,8,56.0
2015_15_BUF_WAS,WAS,5,6.0
2015_15_CAR_NYG,CAR,7,88.0
2015_15_CAR_NYG,NYG,7,47.0
2015_15_CHI_MIN,CHI,6,39.0
2015_15_CHI_MIN,MIN,4,45.0
2015_15_CIN_SF,CIN,6,45.0
2015_15_CIN_SF,SF,11,98.0
2015_15_CLE_SEA,CLE,4,40.0
2015_15_CLE_SEA,SEA,5,30.0
2015_15_DEN_PIT,DEN,12,127.0
2015_15_DEN_PIT,PIT,9,63.0
2015_15_DET_NO,DET,10,92.0
2015_15_DET_NO,NO,6,28.0
2015_15_GB_OAK,GB,6,75.0
2015_15_GB_OAK,LV,10,95.0
2015_15_HOU_IND,HOU,6,48.0
2015_15_HOU_IND,IND,8,94.0
2015_15_KC_BAL,BAL,7,63.0
2015_15_KC_BAL,KC,6,55.0
2015_15_MIA_SD,LAC,7,48.0
2015_15_MIA_SD,MIA,9,72.0
2015_15_NYJ_DAL,DAL,6,54.0
2015_15_NYJ_DAL,NYJ,8,61.0
2015_15_TB_STL,LA,5,35.0
2015_15_TB_STL,TB,9,56.0
2015_15_TEN_NE,NE,5,35.0
2015_15_TEN_NE,TEN,3,29.0
2015_16_CAR_ATL,ATL,3,20.0
2015_16_CAR_ATL,CAR,4,40.0
2015_16_CHI_TB,CHI,3,25.0
2015_16_CHI_TB,TB,4,47.0
2015_16_CIN_DEN,CIN,6,45.0
2015_16_CIN_DEN,DEN,5,40.0
2015_16_CLE_KC,CLE,8,83.0
2015_16_CLE_KC,KC,5,33.0
2015_16_DAL_BUF,BUF,7,62.0
2015_16_DAL_BUF,DAL,8,65.0
2015_16_GB_ARI,ARI,10,119.0
2015_16_GB_ARI,GB,7,59.0
2015_16_HOU_TEN,HOU,4,28.0
2015_16_HOU_TEN,TEN,4,43.0
2015_16_IND_MIA,IND,6,60.0
2015_16_IND_MIA,MIA,9,50.0
2015_16_JAX_NO,JAX,8,55.0
2015_16_JAX_NO,NO,5,40.0
2015_16_NE_NYJ,NE,1,7.0
2015_16_NE_NYJ,NYJ,6,39.0
2015_16_NYG_MIN,MIN,2,10.0
2015_16_NYG_MIN,NYG,7,48.0
2015_16_PIT_BAL,BAL,12,121.0
2015_16_PIT_BAL,PIT,3,25.0
2015_16_SD_OAK,LAC,9,75.0
2015_16_SD_OAK,LV,16,121.0
2015_16_SF_DET,DET,7,71.0
2015_16_SF_DET,SF,11,65.0
2015_16_STL_SEA,LA,5,60.0
2015_16_STL_SEA,SEA,10,83.0
2015_16_WAS_PHI,PHI,8,45.0
2015_16_WAS_PHI,WAS,8,70.0
2015_17_BAL_CIN,BAL,4,38.0
2015_17_BAL_CIN,CIN,11,72.0
2015_17_DET_CHI,CHI,1,15.0
2015_17_DET_CHI,DET,4,21.0
2015_17_JAX_HOU,HOU,9,55.0
2015_17_JAX_HOU,JAX,7,53.0
2015_17_MIN_GB,GB,7,54.0
2015_17_MIN_GB,MIN,5,37.0
2015_17_NE_MIA,MIA,10,93.0
2015_17_NE_MIA,NE,7,41.0
2015_17_NO_ATL,ATL,4,32.0
2015_17_NO_ATL,NO,4,45.0
2015_17_NYJ_BUF,BUF,4,45.0
2015_17_NYJ_BUF,NYJ,6,41.0
2015_17_OAK_KC,KC,5,55.0
2015_17_OAK_KC,LV,7,59.0
2015_17_PHI_NYG,NYG,2,10.0
2015_17_PHI_NYG,PHI,3,11.0
2015_17_PIT_CLE,CLE,8,47.0
2015_17_PIT_CLE,PIT,9,45.0
2015_17_SD_DEN,DEN,6,35.0
2015_17_SD_DEN,LAC,7,45.0
2015_17_SEA_ARI,ARI,6,43.0
2015_17_SEA_ARI,SEA,6,70.0
2015_17_STL_SF,LA,11,105.0
2015_17_STL_SF,SF,7,60.0
2015_17_TB_CAR,CAR,7,33.0
2015_17_TB_CAR,TB,4,50.0
2015_17_TEN_IND,IND,6,71.0
2015_17_TEN_IND,TEN,6,60.0
2015_17_WAS_DAL,DAL,4,44.0
2015_17_WAS_DAL,WAS,3,20.0
2015_18_GB_WAS,GB,3,23.0
2015_18_GB_WAS,WAS,7,55.0
2015_18_KC_HOU,HOU,4,29.0
2015_18_KC_HOU,KC,5,52.0
2015_18_PIT_CIN,CIN,7,64.0
2015_18_PIT_CIN,PIT,10,142.0
2015_18_SEA_MIN,MIN,2,46.0
2015_18_SEA_MIN,SEA,6,65.0
2015_19_GB_ARI,ARI,3,26.0
2015_19_GB_ARI,GB,8,55.0
2015_19_KC_NE,KC,5,40.0
2015_19_KC_NE,NE,6,24.0
2015_19_PIT_DEN,DEN,4,49.0
2015_19_PIT_DEN,PIT,5,38.0
2015_19_SEA_CAR,CAR,3,25.0
2015_19_SEA_CAR,SEA,3,20.0
2015_20_ARI_CAR,ARI,8,51.0
2015_20_ARI_CAR,CAR,5,45.0
2015_20_NE_DEN,DEN,7,51.0
2015_20_NE_DEN,NE,7,53.0
2015_21_CAR_DEN,CAR,12,102.0
2015_21_CAR_DEN,DEN,6,51.0
2016_01_BUF_BAL,BAL,6,35.0
2016_01_BUF_BAL,BUF,8,89.0
2016_01_CAR_DEN,CAR,8,85.0
2016_01_CAR_DEN,DEN,4,22.0
2016_01_CHI_HOU,CHI,4,30.0
2016_01_CHI_HOU,HOU,6,69.0
2016_01_CIN_NYJ,CIN,5,44.0
2016_01_CIN_NYJ,NYJ,7,95.0
2016_01_CLE_PHI,CLE,4,15.0
2016_01_CLE_PHI,PHI,7,46.0
2016_01_DET_IND,DET,8,70.0
2016_01_DET_IND,IND,5,45.0
2016_01_GB_JAX,GB,5,24.0
2016_01_GB_JAX,JAX,9,79.0
2016_01_LA_SF,LA,9,87.0
2016_01_LA_SF,SF,2,10.0
2016_01_MIA_SEA,MIA,4,40.0
2016_01_MIA_SEA,SEA,8,69.0
2016_01_MIN_TEN,MIN,3,39.0
2016_01_MIN_TEN,TEN,2,10.0
2016_01_NE_ARI,ARI,6,58.0
2016_01_NE_ARI,NE,8,69.0
2016_01_NYG_DAL,DAL,6,50.0
2016_01_NYG_DAL,NYG,4,40.0
2016_01_OAK_NO,LV,14,141.0
2016_01_OAK_NO,NO,7,53.0
2016_01_PIT_WAS,PIT,4,81.0
2016_01_PIT_WAS,WAS,9,55.0
2016_01_SD_KC,KC,6,46.0
2016_01_SD_KC,LAC,5,30.0
2016_01_TB_ATL,ATL,7,74.0
2016_01_TB_ATL,TB,6,48.0
2016_02_ATL_OAK,ATL,7,72.0
2016_02_ATL_OAK,LV,9,58.0
2016_02_BAL_CLE,BAL,4,29.0
2016_02_BAL_CLE,CLE,8,59.0
2016_02_CIN_PIT,CIN,5,31.0
2016_02_CIN_PIT,PIT,5,54.0
2016_02_DAL_WAS,DAL,6,39.0
2016_02_DAL_WAS,WAS,8,51.0
2016_02_GB_MIN,GB,6,72.0
2016_02_GB_MIN,MIN,13,137.0
2016_02_IND_DEN,DEN,8,54.0
2016_02_IND_DEN,IND,8,94.0
2016_02_JAX_SD,JAX,13,88.0
2016_02_JAX_SD,LAC,3,23.0
2016_02_KC_HOU,HOU,5,44.0
2016_02_KC_HOU,KC,9,77.0
2016_02_MIA_NE,MIA,5,49.0
2016_02_MIA_NE,NE,7,65.0
2016_02_NO_NYG,NO,7,76.0
2016_02_NO_NYG,NYG,3,25.0
2016_02_NYJ_BUF,BUF,6,59.0
2016_02_NYJ_BUF,NYJ,7,50.0
2016_02_PHI_CHI,CHI,7,60.0
2016_02_PHI_CHI,PHI,5,34.0
2016_02_SEA_LA,LA,9,78.0
2016_02_SEA_LA,SEA,10,114.0
2016_02_SF_CAR,CAR,8,65.0
2016_02_SF_CAR,SF,6,50.0
2016_02_TB_ARI,ARI,3,30.0
2016_02_TB_ARI,TB,5,39.0
2016_02_TEN_DET,DET,17,138.0
2016_02_TEN_DET,TEN,12,83.0
2016_03_ARI_BUF,ARI,8,50.0
2016_03_ARI_BUF,BUF,9,75.0
2016_03_ATL_NO,ATL,4,35.0
2016_03_ATL_NO,NO,5,75.0
2016_03_BAL_JAX,BAL,8,58.0
2016_03_BAL_JAX,JAX,7,75.0
2016_03_CHI_DAL,CHI,6,45.0
2016_03_CHI_DAL,DAL,4,45.0
2016_03_CLE_MIA,CLE,13,91.0
2016_03_CLE_MIA,MIA,8,67.0
2016_03_DEN_CIN,CIN,9,69.0
2016_03_DEN_CIN,DEN,5,41.0
2016_03_DET_GB,DET,4,86.0
2016_03_DET_GB,GB,4,45.0
2016_03_HOU_NE,HOU,6,43.0
2016_03_HOU_NE,NE,3,15.0
2016_03_LA_TB,LA,8,69.0
2016_03_LA_TB,TB,9,80.0
2016_03_MIN_CAR,CAR,10,65.0
2016_03_MIN_CAR,MIN,6,42.0
2016_03_NYJ_KC,KC,5,59.0
2016_03_NYJ_KC,NYJ,3,15.0
2016_03_OAK_TEN,LV,8,58.0
2016_03_OAK_TEN,TEN,8,70.0
2016_03_PIT_PHI,PHI,10,99.0
2016_03_PIT_PHI,PIT,7,77.0
2016_03_SD_IND,IND,10,66.0
2016_03_SD_IND,LAC,10,80.0
2016_03_SF_SEA,SEA,6,50.0
2016_03_SF_SEA,SF,4,35.0
2016_03_WAS_NYG,NYG,11,128.0
2016_03_WAS_NYG,WAS,8,70.0
2016_04_BUF_NE,BUF,6,60.0
2016_04_BUF_NE,NE,9,74.0
2016_04_CAR_ATL,ATL,8,77.0
2016_04_CAR_ATL,CAR,6,55.0
2016_04_CLE_WAS,CLE,7,101.0
2016_04_CLE_WAS,WAS,9,75.0
2016_04_DAL_SF,DAL,6,45.0
2016_04_DAL_SF,SF,5,32.0
2016_04_DEN_TB,DEN,9,88.0
2016_04_DEN_TB,TB,9,69.0
2016_04_DET_CHI,CHI,8,55.0
2016_04_DET_CHI,DET,10,76.0
2016_04_IND_JAX,IND,7,78.0
2016_04_IND_JAX,JAX,11,145.0
2016_04_KC_PIT,KC,7,40.0
2016_04_KC_PIT,PIT,9,68.0
2016_04_LA_ARI,ARI,6,45.0
2016_04_LA_ARI,LA,9,84.0
2016_04_MIA_CIN,CIN,6,40.0
2016_04_MIA_CIN,MIA,7,68.0
2016_04_NO_SD,LAC,5,46.0
2016_04_NO_SD,NO,6,34.0
2016_04_NYG_MIN,MIN,6,37.0
2016_04_NYG_MIN,NYG,8,69.0
2016_04_OAK_BAL,BAL,10,105.0
2016_04_OAK_BAL,LV,12,93.0
2016_04_SEA_NYJ,NYJ,7,60.0
2016_04_SEA_NYJ,SEA,7,71.0
2016_04_TEN_HOU,HOU,6,59.0
2016_04_TEN_HOU,TEN,11,93.0
2016_05_ARI_SF,ARI,7,50.0
2016_05_ARI_SF,SF,4,34.0
2016_05_ATL_DEN,ATL,7,78.0
2016_05_ATL_DEN,DEN,8,57.0
2016_05_BUF_LA,BUF,7,60.0
2016_05_BUF_LA,LA,6,40.0
2016_05_CHI_IND,CHI,10,80.0
2016_05_CHI_IND,IND,9,68.0
2016_05_CIN_DAL,CIN,6,49.0
2016_05_CIN_DAL,DAL,7,45.0
2016_05_HOU_MIN,HOU,4,15.0
2016_05_HOU_MIN,MIN,9,97.0
2016_05_NE_CLE,CLE,5,35.0
2016_05_NE_CLE,NE,5,61.0
2016_05_NYG_GB,GB,6,57.0
2016_05_NYG_GB,NYG,6,51.0
2016_05_NYJ_PIT,NYJ,4,18.0
2016_05_NYJ_PIT,PIT,1,10.0
2016_05_PHI_DET,DET,2,18.0
2016_05_PHI_DET,PHI,14,111.0
2016_05_SD_OAK,LAC,4,38.0
2016_05_SD_OAK,LV,6,36.0
2016_05_TB_CAR,CAR,7,60.0
2016_05_TB_CAR,TB,5,40.0
2016_05_TEN_MIA,MIA,8,83.0
2016_05_TEN_MIA,TEN,5,40.0
2016_05_WAS_BAL,BAL,9,65.0
2016_05_WAS_BAL,WAS,4,46.0
2016_06_ATL_SEA,ATL,8,66.0
2016_06_ATL_SEA,SEA,3,30.0
2016_06_BAL_NYG,BAL,15,111.0
2016_06_BAL_NYG,NYG,7,119.0
2016_06_CAR_NO,CAR,5,51.0
2016_06_CAR_NO,NO,10,126.0
2016_06_CIN_NE,CIN,7,46.0
2016_06_CIN_NE,NE,6,55.0
2016_06_CLE_TEN,CLE,11,69.0
2016_06_CLE_TEN,TEN,7,96.0
2016_06_DAL_GB,DAL,7,60.0
2016_06_DAL_GB,GB,5,23.0
2016_06_DEN_SD,DEN,12,103.0
2016_06_DEN_SD,LAC,3,20.0
2016_06_IND_HOU,HOU,7,59.0
2016_06_IND_HOU,IND,7,42.0
2016_06_JAX_CHI,CHI,10,87.0
2016_06_JAX_CHI,JAX,5,50.0
2016_06_KC_OAK,KC,2,10.0
2016_06_KC_OAK,LV,3,25.0
2016_06_LA_DET,DET,7,62.0
2016_06_LA_DET,LA,8,62.0
2016_06_NYJ_ARI,ARI,9,64.0
2016_06_NYJ_ARI,NYJ,10,83.0
2016_06_PHI_WAS,PHI,13,114.0
2016_06_PHI_WAS,WAS,9,75.0
2016_06_PIT_MIA,MIA,8,95.0
2016_06_PIT_MIA,PIT,6,65.0
2016_06_SF_BUF,BUF,7,71.0
2016_06_SF_BUF,SF,6,52.0
2016_07_BAL_NYJ,BAL,4,35.0
2016_07_BAL_NYJ,NYJ,4,25.0
2016_07_BUF_MIA,BUF,6,45.0
2016_07_BUF_MIA,MIA,13,116.0
2016_07_CHI_GB,CHI,10,108.0
2016_07_CHI_GB,GB,9,56.0
2016_07_CLE_CIN,CIN,3,30.0
2016_07_CLE_CIN,CLE,5,35.0
2016_07_HOU_DEN,DEN,7,83.0
2016_07_HOU_DEN,HOU,2,15.0
2016_07_IND_TEN,IND,12,131.0
2016_07_IND_TEN,TEN,6,38.0
2016_07_MIN_PHI,MIN,6,46.0
2016_07_MIN_PHI,PHI,7,53.0
2016_07_NE_PIT,NE,4,40.0
2016_07_NE_PIT,PIT,10,85.0
2016_07_NO_KC,KC,4,30.0
2016_07_NO_KC,NO,10,75.0
2016_07_NYG_LA,LA,8,43.0
2016_07_NYG_LA,NYG,3,33.0
2016_07_OAK_JAX,JAX,12,97.0
2016_07_OAK_JAX,LV,11,117.0
2016_07_SD_ATL,ATL,9,70.0
2016_07_SD_ATL,LAC,3,14.0
2016_07_SEA_ARI,ARI,6,45.0
2016_07_SEA_ARI,SEA,10,90.0
2016_07_TB_SF,SF,4,31.0
2016_07_TB_SF,TB,7,78.0
2016_07_WAS_DET,DET,4,30.0
2016_07_WAS_DET,WAS,4,20.0
2016_08_ARI_CAR,ARI,9,78.0
2016_08_ARI_CAR,CAR,5,40.0
2016_08_DET_HOU,DET,8,75.0
2016_08_DET_HOU,HOU,6,49.0
2016_08_GB_ATL,ATL,7,46.0
2016_08_GB_ATL,GB,6,68.0
2016_08_JAX_TEN,JAX,7,75.0
2016_08_JAX_TEN,TEN,7,54.0
2016_08_KC_IND,IND,5,45.0
2016_08_KC_IND,KC,6,40.0
2016_08_MIN_CHI,CHI,2,20.0
2016_08_MIN_CHI,MIN,1,10.0
2016_08_NE_BUF,BUF,12,84.0
2016_08_NE_BUF,NE,10,116.0
2016_08_NYJ_CLE,CLE,2,10.0
2016_08_NYJ_CLE,NYJ,5,37.0
2016_08_OAK_TB,LV,23,200.0
2016_08_OAK_TB,TB,6,64.0
2016_08_PHI_DAL,DAL,11,84.0
2016_08_PHI_DAL,PHI,5,40.0
2016_08_SD_DEN,DEN,6,45.0
2016_08_SD_DEN,LAC,8,52.0
2016_08_SEA_NO,NO,2,10.0
2016_08_SEA_NO,SEA,11,76.0
2016_08_WAS_CIN,CIN,7,85.0
2016_08_WAS_CIN,WAS,15,106.0
2016_09_ATL_TB,ATL,6,34.0
2016_09_ATL_TB,TB,11,85.0
2016_09_BUF_SEA,BUF,11,115.0
2016_09_BUF_SEA,SEA,10,75.0
2016_09_CAR_LA,CAR,5,35.0
2016_09_CAR_LA,LA,10,109.0
2016_09_DAL_CLE,CLE,5,33.0
2016_09_DAL_CLE,DAL,4,38.0
2016_09_DEN_OAK,DEN,12,104.0
2016_09_DEN_OAK,LV,8,72.0
2016_09_DET_MIN,DET,6,57.0
2016_09_DET_MIN,MIN,8,54.0
2016_09_IND_GB,GB,4,25.0
2016_09_IND_GB,IND,4,35.0
2016_09_JAX_KC,JAX,5,46.0
2016_09_JAX_KC,KC,7,60.0
2016_09_NO_SF,NO,4,40.0
2016_09_NO_SF,SF,9,78.0
2016_09_NYJ_MIA,MIA,8,85.0
2016_09_NYJ_MIA,NYJ,10,77.0
2016_09_PHI_NYG,NYG,5,30.0
2016_09_PHI_NYG,PHI,4,43.0
2016_09_PIT_BAL,BAL,10,94.0
2016_09_PIT_BAL,PIT,14,99.0
2016_09_TEN_SD,LAC,14,107.0
2016_09_TEN_SD,TEN,8,57.0
2016_10_ATL_PHI,ATL,8,67.0
2016_10_ATL_PHI,PHI,10,77.0
2016_10_CHI_TB,CHI,9,74.0
2016_10_CHI_TB,TB,9,85.0
2016_10_CIN_NYG,CIN,9,60.0
2016_10_CIN_NYG,NYG,2,15.0
2016_10_CLE_BAL,BAL,6,61.0
2016_10_CLE_BAL,CLE,3,35.0
2016_10_DAL_PIT,DAL,10,98.0
2016_10_DAL_PIT,PIT,4,40.0
2016_10_DEN_NO,DEN,1,10.0
2016_10_DEN_NO,NO,3,25.0
2016_10_GB_TEN,GB,11,92.0
2016_10_GB_TEN,TEN,7,65.0
2016_10_HOU_JAX,HOU,4,89.0
2016_10_HOU_JAX,JAX,4,49.0
2016_10_KC_CAR,CAR,6,53.0
2016_10_KC_CAR,KC,9,45.0
2016_10_LA_NYJ,LA,7,55.0
2016_10_LA_NYJ,NYJ,4,31.0
2016_10_MIA_SD,LAC,4,29.0
2016_10_MIA_SD,MIA,10,69.0
2016_10_MIN_WAS,MIN,4,35.0
2016_10_MIN_WAS,WAS,4,35.0
2016_10_SEA_NE,NE,7,61.0
2016_10_SEA_NE,SEA,8,60.0
2016_10_SF_ARI,ARI,2,10.0
2016_10_SF_ARI,SF,9,100.0
2016_11_ARI_MIN,ARI,8,96.0
2016_11_ARI_MIN,MIN,10,73.0
2016_11_BAL_DAL,BAL,12,136.0
2016_11_BAL_DAL,DAL,5,45.0
2016_11_BUF_CIN,BUF,9,75.0
2016_11_BUF_CIN,CIN,4,25.0
2016_11_CHI_NYG,CHI,5,40.0
2016_11_CHI_NYG,NYG,4,35.0
2016_11_GB_WAS,GB,6,59.0
2016_11_GB_WAS,WAS,6,40.0
2016_11_HOU_OAK,HOU,7,101.0
2016_11_HOU_OAK,LV,4,21.0
2016_11_JAX_DET,DET,5,32.0
2016_11_JAX_DET,JAX,4,25.0
2016_11_MIA_LA,LA,8,70.0
2016_11_MIA_LA,MIA,8,82.0
2016_11_NE_SF,NE,5,40.0
2016_11_NE_SF,SF,9,63.0
2016_11_NO_CAR,CAR,6,45.0
2016_11_NO_CAR,NO,6,48.0
2016_11_PHI_SEA,PHI,8,48.0
2016_11_PHI_SEA,SEA,7,48.0
2016_11_PIT_CLE,CLE,9,52.0
2016_11_PIT_CLE,PIT,8,70.0
2016_11_TB_KC,KC,5,30.0
2016_11_TB_KC,TB,7,42.0
2016_11_TEN_IND,IND,8,70.0
2016_11_TEN_IND,TEN,11,109.0
2016_12_ARI_ATL,ARI,8,60.0
2016_12_ARI_ATL,ATL,4,23.0
2016_12_CAR_OAK,CAR,7,67.0
2016_12_CAR_OAK,LV,7,46.0
2016_12_CIN_BAL,BAL,8,69.0
2016_12_CIN_BAL,CIN,2,15.0
2016_12_GB_PHI,GB,7,51.0
2016_12_GB_PHI,PHI,7,42.0
2016_12_JAX_BUF,BUF,6,31.0
2016_12_JAX_BUF,JAX,6,60.0
2016_12_KC_DEN,DEN,15,97.0
2016_12_KC_DEN,KC,9,71.0
2016_12_LA_NO,LA,6,62.0
2016_12_LA_NO,NO,6,45.0
2016_12_MIN_DET,DET,4,16.0
2016_12_MIN_DET,MIN,5,40.0
2016_12_NE_NYJ,NE,2,15.0
2016_12_NE_NYJ,NYJ,6,66.0
2016_12_NYG_CLE,CLE,5,35.0
2016_12_NYG_CLE,NYG,9,100.0
2016_12_PIT_IND,IND,2,10.0
2016_12_PIT_IND,PIT,7,67.0
2016_12_SD_HOU,HOU,9,58.0
2016_12_SD_HOU,LAC,10,78.0
2016_12_SEA_TB,SEA,2,27.0
2016_12_SEA_TB,TB,7,68.0
2016_12_SF_MIA,MIA,4,42.0
2016_12_SF_MIA,SF,7,65.0
2016_12_TEN_CHI,CHI,7,48.0
2016_12_TEN_CHI,TEN,6,118.0
2016_12_WAS_DAL,DAL,3,25.0
2016_12_WAS_DAL,WAS,3,30.0
2016_13_BUF_OAK,BUF,7,58.0
2016_13_BUF_OAK,LV,7,65.0
2016_13_CAR_SEA,CAR,6,63.0
2016_13_CAR_SEA,SEA,6,37.0
2016_13_DAL_MIN,DAL,10,78.0
2016_13_DAL_MIN,MIN,8,57.0
2016_13_DEN_JAX,DEN,4,32.0
2016_13_DEN_JAX,JAX,6,65.0
2016_13_DET_NO,DET,6,39.0
2016_13_DET_NO,NO,10,83.0
2016_13_HOU_GB,GB,4,30.0
2016_13_HOU_GB,HOU,3,12.0
2016_13_IND_NYJ,IND,3,28.0
2016_13_IND_NYJ,NYJ,6,90.0
2016_13_KC_ATL,ATL,5,30.0
2016_13_KC_ATL,KC,13,128.0
2016_13_LA_NE,LA,4,30.0
2016_13_LA_NE,NE,8,46.0
2016_13_MIA_BAL,BAL,7,68.0
2016_13_MIA_BAL,MIA,7,57.0
2016_13_NYG_PIT,NYG,4,24.0
2016_13_NYG_PIT,PIT,12,115.0
2016_13_PHI_CIN,CIN,3,23.0
2016_13_PHI_CIN,PHI,10,88.0
2016_13_SF_CHI,CHI,5,40.0
2016_13_SF_CHI,SF,11,106.0
2016_13_TB_SD,LAC,6,45.0
2016_13_TB_SD,TB,6,35.0
2016_13_WAS_ARI,ARI,6,51.0
2016_13_WAS_ARI,WAS,7,35.0
2016_14_ARI_MIA,ARI,7,54.0
2016_14_ARI_MIA,MIA,14,118.0
2016_14_ATL_LA,ATL,5,40.0
2016_14_ATL_LA,LA,11,105.0
2016_14_BAL_NE,BAL,8,47.0
2016_14_BAL_NE,NE,5,48.0
2016_14_CHI_DET,CHI,11,139.0
2016_14_CHI_DET,DET,7,55.0
2016_14_CIN_CLE,CIN,6,43.0
2016_14_CIN_CLE,CLE,5,34.0
2016_14_DAL_NYG,DAL,5,54.0
2016_14_DAL_NYG,NYG,7,50.0
2016_14_DEN_TEN,DEN,9,87.0
2016_14_DEN_TEN,TEN,5,55.0
2016_14_HOU_IND,HOU,7,124.0
2016_14_HOU_IND,IND,9,59.0
2016_14_MIN_JAX,JAX,14,114.0
2016_14_MIN_JAX,MIN,6,88.0
2016_14_NO_TB,NO,13,104.0
2016_14_NO_TB,TB,7,65.0
2016_14_NYJ_SF,NYJ,9,56.0
2016_14_NYJ_SF,SF,3,25.0
2016_14_OAK_KC,KC,9,73.0
2016_14_OAK_KC,LV,10,82.0
2016_14_PIT_BUF,BUF,7,46.0
2016_14_PIT_BUF,PIT,6,45.0
2016_14_SD_CAR,CAR,5,35.0
2016_14_SD_CAR,LAC,7,32.0
2016_14_SEA_GB,GB,5,50.0
2016_14_SEA_GB,SEA,7,63.0
2016_14_WAS_PHI,PHI,5,54.0
2016_14_WAS_PHI,WAS,5,86.0
2016_15_CAR_WAS,CAR,6,62.0
2016_15_CAR_WAS,WAS,7,70.0
2016_15_CLE_BUF,BUF,5,42.0
2016_15_CLE_BUF,CLE,4,51.0
2016_15_DET_NYG,DET,2,15.0
2016_15_DET_NYG,NYG,5,46.0
2016_15_GB_CHI,CHI,6,40.0
2016_15_GB_CHI,GB,8,64.0
2016_15_IND_MIN,IND,5,55.0
2016_15_IND_MIN,MIN,6,27.0
2016_15_JAX_HOU,HOU,6,71.0
2016_15_JAX_HOU,JAX,12,91.0
2016_15_LA_SEA,LA,7,61.0
2016_15_LA_SEA,SEA,13,86.0
2016_15_MIA_NYJ,MIA,9,70.0
2016_15_MIA_NYJ,NYJ,3,42.0
2016_15_NE_DEN,DEN,5,49.0
2016_15_NE_DEN,NE,4,30.0
2016_15_NO_ARI,ARI,7,52.0
2016_15_NO_ARI,NO,5,46.0
2016_15_OAK_SD,LAC,6,44.0
2016_15_OAK_SD,LV,2,15.0
2016_15_PHI_BAL,BAL,7,62.0
2016_15_PHI_BAL,PHI,3,30.0
2016_15_PIT_CIN,CIN,8,86.0
2016_15_PIT_CIN,PIT,7,104.0
2016_15_SF_ATL,ATL,4,27.0
2016_15_SF_ATL,SF,4,20.0
2016_15_TB_DAL,DAL,8,91.0
2016_15_TB_DAL,TB,3,35.0
2016_15_TEN_KC,KC,5,40.0
2016_15_TEN_KC,TEN,2,25.0
2016_16_ARI_SEA,ARI,7,85.0
2016_16_ARI_SEA,SEA,5,40.0
2016_16_ATL_CAR,ATL,6,45.0
2016_16_ATL_CAR,CAR,4,24.0
2016_16_BAL_PIT,BAL,7,95.0
2016_16_BAL_PIT,PIT,4,45.0
2016_16_CIN_HOU,CIN,6,60.0
2016_16_CIN_HOU,HOU,3,25.0
2016_16_DEN_KC,DEN,9,70.0
2016_16_DEN_KC,KC,8,65.0
2016_16_DET_DAL,DAL,8,47.0
2016_16_DET_DAL,DET,5,62.0
2016_16_IND_OAK,IND,4,22.0
2016_16_IND_OAK,LV,10,97.0
2016_16_MIA_BUF,BUF,5,35.0
2016_16_MIA_BUF,MIA,2,15.0
2016_16_MIN_GB,GB,3,21.0
2016_16_MIN_GB,MIN,8,70.0
2016_16_NYG_PHI,NYG,5,50.0
2016_16_NYG_PHI,PHI,1,5.0
2016_16_NYJ_NE,NE,3,20.0
2016_16_NYJ_NE,NYJ,6,77.0
2016_16_SD_CLE,CLE,4,44.0
2016_16_SD_CLE,LAC,9,92.0
2016_16_SF_LA,LA,5,45.0
2016_16_SF_LA,SF,11,100.0
2016_16_TB_NO,NO,7,59.0
2016_16_TB_NO,TB,7,63.0
2016_16_TEN_JAX,JAX,4,45.0
2016_16_TEN_JAX,TEN,6,49.0
2016_16_WAS_CHI,CHI,4,52.0
2016_16_WAS_CHI,WAS,7,73.0
2016_17_ARI_LA,ARI,4,51.0
2016_17_ARI_LA,LA,9,61.0
2016_17_BAL_CIN,BAL,4,41.0
2016_17_BAL_CIN,CIN,2,20.0
2016_17_BUF_NYJ,NYJ,2,15.0
2016_17_CAR_TB,CAR,4,45.0
2016_17_CAR_TB,TB,5,30.0
2016_17_CHI_MIN,CHI,6,49.0
2016_17_CHI_MIN,MIN,2,15.0
2016_17_CLE_PIT,CLE,5,37.0
2016_17_CLE_PIT,PIT,9,43.0
2016_17_DAL_PHI,DAL,5,35.0
2016_17_DAL_PHI,PHI,4,61.0
2016_17_GB_DET,DET,5,30.0
2016_17_GB_DET,GB,10,75.0
2016_17_HOU_TEN,HOU,6,35.0
2016_17_HOU_TEN,TEN,7,50.0
2016_17_JAX_IND,IND,4,35.0
2016_17_JAX_IND,JAX,8,54.0
2016_17_KC_SD,KC,4,19.0
2016_17_KC_SD,LAC,10,50.0
2016_17_NE_MIA,MIA,9,73.0
2016_17_NE_MIA,NE,7,64.0
2016_17_NO_ATL,ATL,9,63.0
2016_17_NO_ATL,NO,6,70.0
2016_17_NYG_WAS,NYG,5,42.0
2016_17_NYG_WAS,WAS,5,42.0
2016_17_OAK_DEN,DEN,5,43.0
2016_17_OAK_DEN,LV,13,125.0
2016_17_SEA_SF,SEA,4,34.0
2016_17_SEA_SF,SF,4,25.0
2016_18_DET_SEA,DET,7,68.0
2016_18_DET_SEA,SEA,6,40.0
2016_18_MIA_PIT,MIA,6,64.0
2016_18_MIA_PIT,PIT,5,45.0
2016_18_NYG_GB,GB,2,21.0
2016_18_NYG_GB,NYG,3,42.0
2016_18_OAK_HOU,HOU,7,65.0
2016_18_OAK_HOU,LV,8,63.0
2016_19_GB_DAL,DAL,6,50.0
2016_19_GB_DAL,GB,3,22.0
2016_19_HOU_NE,HOU,5,75.0
2016_19_HOU_NE,NE,5,50.0
2016_19_PIT_KC,KC,6,60.0
2016_19_PIT_KC,PIT,4,53.0
2016_19_SEA_ATL,ATL,2,10.0
2016_19_SEA_ATL,SEA,7,40.0
2016_20_GB_ATL,ATL,4,31.0
2016_20_GB_ATL,GB,6,63.0
2016_20_PIT_NE,NE,2,10.0
2016_20_PIT_NE,PIT,3,19.0
2016_21_NE_ATL,ATL,9,65.0
2016_21_NE_ATL,NE,4,23.0
2017_01_ARI_DET,ARI,6,55.0
2017_01_ARI_DET,DET,10,100.0
2017_01_ATL_CHI,ATL,8,73.0
2017_01_ATL_CHI,CHI,4,40.0
2017_01_BAL_CIN,BAL,11,85.0
2017_01_BAL_CIN,CIN,9,66.0
2017_01_CAR_SF,CAR,5,40.0
2017_01_CAR_SF,SF,10,74.0
2017_01_IND_LA,IND,4,20.0
2017_01_IND_LA,LA,7,50.0
2017_01_JAX_HOU,HOU,9,94.0
2017_01_JAX_HOU,JAX,10,89.0
2017_01_KC_NE,KC,15,139.0
2017_01_KC_NE,NE,6,55.0
2017_01_LAC_DEN,DEN,3,62.0
2017_01_LAC_DEN,LAC,4,40.0
2017_01_NO_MIN,MIN,5,50.0
2017_01_NO_MIN,NO,6,52.0
2017_01_NYG_DAL,DAL,5,50.0
2017_01_NYG_DAL,NYG,6,55.0
2017_01_NYJ_BUF,BUF,6,50.0
2017_01_NYJ_BUF,NYJ,5,62.0
2017_01_OAK_TEN,LV,5,49.0
2017_01_OAK_TEN,TEN,5,49.0
2017_01_PHI_WAS,PHI,8,76.0
2017_01_PHI_WAS,WAS,2,15.0
2017_01_PIT_CLE,CLE,4,61.0
2017_01_PIT_CLE,PIT,13,143.0
2017_01_SEA_GB,GB,8,70.0
2017_01_SEA_GB,SEA,8,50.0
2017_02_ARI_IND,ARI,6,41.0
2017_02_ARI_IND,IND,8,70.0
2017_02_BUF_CAR,BUF,5,44.0
2017_02_BUF_CAR,CAR,6,40.0
2017_02_CHI_TB,CHI,8,59.0
2017_02_CHI_TB,TB,4,34.0
2017_02_CLE_BAL,BAL,7,45.0
2017_02_CLE_BAL,CLE,11,65.0
2017_02_DAL_DEN,DAL,8,69.0
2017_02_DAL_DEN,DEN,8,61.0
2017_02_DET_NYG,DET,6,50.0
2017_02_DET_NYG,NYG,7,50.0
2017_02_GB_ATL,ATL,6,34.0
2017_02_GB_ATL,GB,10,70.0
2017_02_HOU_CIN,CIN,7,45.0
2017_02_HOU_CIN,HOU,9,61.0
2017_02_MIA_LAC,LAC,6,56.0
2017_02_MIA_LAC,MIA,5,23.0
2017_02_MIN_PIT,MIN,11,131.0
2017_02_MIN_PIT,PIT,10,72.0
2017_02_NE_NO,NE,9,66.0
2017_02_NE_NO,NO,5,35.0
2017_02_NYJ_OAK,LV,9,79.0
2017_02_NYJ_OAK,NYJ,5,47.0
2017_02_PHI_KC,KC,5,40.0
2017_02_PHI_KC,PHI,4,30.0
2017_02_SF_SEA,SEA,9,71.0
2017_02_SF_SEA,SF,6,66.0
2017_02_TEN_JAX,JAX,10,99.0
2017_02_TEN_JAX,TEN,7,70.0
2017_02_WAS_LA,LA,7,75.0
2017_02_WAS_LA,WAS,4,25.0
2017_03_ATL_DET,ATL,8,68.0
2017_03_ATL_DET,DET,9,98.0
2017_03_BAL_JAX,BAL,10,88.0
2017_03_BAL_JAX,JAX,9,70.0
2017_03_CIN_GB,CIN,7,68.0
2017_03_CIN_GB,GB,4,33.0
2017_03_CLE_IND,CLE,10,113.0
2017_03_CLE_IND,IND,11,99.0
2017_03_DAL_ARI,ARI,6,50.0
2017_03_DAL_ARI,DAL,9,76.0
2017_03_DEN_BUF,BUF,8,69.0
2017_03_DEN_BUF,DEN,10,79.0
2017_03_HOU_NE,HOU,10,60.0
2017_03_HOU_NE,NE,5,69.0
2017_03_KC_LAC,KC,13,122.0
2017_03_KC_LAC,LAC,8,61.0
2017_03_LA_SF,LA,7,52.0
2017_03_LA_SF,SF,10,55.0
2017_03_MIA_NYJ,MIA,8,51.0
2017_03_MIA_NYJ,NYJ,10,94.0
2017_03_NO_CAR,CAR,1,5.0
2017_03_NO_CAR,NO,1,10.0
2017_03_NYG_PHI,NYG,10,137.0
2017_03_NYG_PHI,PHI,9,103.0
2017_03_OAK_WAS,LV,4,35.0
2017_03_OAK_WAS,WAS,10,77.0
2017_03_PIT_CHI,CHI,10,73.0
2017_03_PIT_CHI,PIT,6,40.0
2017_03_SEA_TEN,SEA,10,82.0
2017_03_SEA_TEN,TEN,5,45.0
2017_03_TB_MIN,MIN,5,53.0
2017_03_TB_MIN,TB,7,37.0
2017_04_BUF_ATL,ATL,4,45.0
2017_04_BUF_ATL,BUF,9,55.0
2017_04_CAR_NE,CAR,1,33.0
2017_04_CAR_NE,NE,7,55.0
2017_04_CHI_GB,CHI,8,62.0
2017_04_CHI_GB,GB,7,55.0
2017_04_CIN_CLE,CIN,8,66.0
2017_04_CIN_CLE,CLE,4,28.0
2017_04_DET_MIN,DET,6,60.0
2017_04_DET_MIN,MIN,2,10.0
2017_04_IND_SEA,IND,5,31.0
2017_04_IND_SEA,SEA,6,45.0
2017_04_JAX_NYJ,JAX,6,47.0
2017_04_JAX_NYJ,NYJ,10,70.0
2017_04_LA_DAL,DAL,4,45.0
2017_04_LA_DAL,LA,7,41.0
2017_04_NO_MIA,MIA,11,90.0
2017_04_NO_MIA,NO,8,71.0
2017_04_NYG_TB,NYG,1,0.0
2017_04_NYG_TB,TB,4,19.0
2017_04_OAK_DEN,DEN,6,40.0
2017_04_OAK_DEN,LV,7,75.0
2017_04_PHI_LAC,LAC,9,39.0
2017_04_PHI_LAC,PHI,9,58.0
2017_04_PIT_BAL,BAL,6,55.0
2017_04_PIT_BAL,PIT,8,60.0
2017_04_SF_ARI,ARI,10,80.0
2017_04_SF_ARI,SF,13,113.0
2017_04_TEN_HOU,HOU,3,20.0
2017_04_TEN_HOU,TEN,6,88.0
2017_04_WAS_KC,KC,3,15.0
2017_04_WAS_KC,WAS,7,44.0
2017_05_ARI_PHI,ARI,7,61.0
2017_05_ARI_PHI,PHI,5,60.0
2017_05_BAL_OAK,BAL,1,5.0
2017_05_BAL_OAK,LV,3,24.0
2017_05_BUF_CIN,BUF,6,71.0
2017_05_BUF_CIN,CIN,6,71.0
2017_05_CAR_DET,CAR,11,100.0
2017_05_CAR_DET,DET,1,10.0
2017_05_GB_DAL,DAL,7,70.0
2017_05_GB_DAL,GB,6,38.0
2017_05_JAX_PIT,JAX,4,19.0
2017_05_JAX_PIT,PIT,5,37.0
2017_05_KC_HOU,HOU,7,59.0
2017_05_KC_HOU,KC,6,64.0
2017_05_LAC_NYG,LAC,11,87.0
2017_05_LAC_NYG,NYG,10,67.0
2017_05_MIN_CHI,CHI,8,55.0
2017_05_MIN_CHI,MIN,9,69.0
2017_05_NE_TB,NE,12,108.0
2017_05_NE_TB,TB,9,70.0
2017_05_NYJ_CLE,CLE,6,60.0
2017_05_NYJ_CLE,NYJ,9,80.0
2017_05_SEA_LA,LA,5,45.0
2017_05_SEA_LA,SEA,7,40.0
2017_05_SF_IND,IND,7,62.0
2017_05_SF_IND,SF,10,77.0
2017_05_TEN_MIA,MIA,5,23.0
2017_05_TEN_MIA,TEN,11,77.0
2017_06_CHI_BAL,BAL,8,69.0
2017_06_CHI_BAL,CHI,5,44.0
2017_06_CLE_HOU,CLE,11,72.0
2017_06_CLE_HOU,HOU,4,44.0
2017_06_DET_NO,DET,7,46.0
2017_06_DET_NO,NO,13,118.0
2017_06_GB_MIN,GB,8,92.0
2017_06_GB_MIN,MIN,7,65.0
2017_06_IND_TEN,IND,5,51.0
2017_06_IND_TEN,TEN,4,45.0
2017_06_LAC_OAK,LAC,4,32.0
2017_06_LAC_OAK,LV,5,40.0
2017_06_LA_JAX,JAX,5,40.0
2017_06_LA_JAX,LA,7,70.0
2017_06_MIA_ATL,ATL,6,73.0
2017_06_MIA_ATL,MIA,4,42.0
2017_06_NE_NYJ,NE,6,45.0
2017_06_NE_NYJ,NYJ,6,69.0
2017_06_NYG_DEN,DEN,5,46.0
2017_06_NYG_DEN,NYG,5,77.0
2017_06_PHI_CAR,CAR,1,1.0
2017_06_PHI_CAR,PHI,10,126.0
2017_06_PIT_KC,KC,7,48.0
2017_06_PIT_KC,PIT,6,57.0
2017_06_SF_WAS,SF,7,40.0
2017_06_SF_WAS,WAS,5,43.0
2017_06_TB_ARI,ARI,7,61.0
2017_06_TB_ARI,TB,9,49.0
2017_07_ARI_LA,ARI,10,65.0
2017_07_ARI_LA,LA,6,45.0
2017_07_ATL_NE,ATL,6,40.0
2017_07_ATL_NE,NE,8,65.0
2017_07_BAL_MIN,BAL,3,15.0
2017_07_BAL_MIN,MIN,4,47.0
2017_07_CAR_CHI,CAR,4,35.0
2017_07_CAR_CHI,CHI,5,40.0
2017_07_CIN_PIT,CIN,5,54.0
2017_07_CIN_PIT,PIT,1,5.0
2017_07_DAL_SF,DAL,5,36.0
2017_07_DAL_SF,SF,2,22.0
2017_07_DEN_LAC,DEN,10,68.0
2017_07_DEN_LAC,LAC,9,81.0
2017_07_JAX_IND,IND,5,55.0
2017_07_JAX_IND,JAX,4,34.0
2017_07_KC_OAK,KC,7,94.0
2017_07_KC_OAK,LV,10,97.0
2017_07_NO_GB,GB,8,54.0
2017_07_NO_GB,NO,7,80.0
2017_07_NYJ_MIA,MIA,9,76.0
2017_07_NYJ_MIA,NYJ,12,124.0
2017_07_SEA_NYG,NYG,7,28.0
2017_07_SEA_NYG,SEA,15,110.0
2017_07_TB_BUF,BUF,4,35.0
2017_07_TB_BUF,TB,5,55.0
2017_07_TEN_CLE,CLE,12,81.0
2017_07_TEN_CLE,TEN,5,35.0
2017_07_WAS_PHI,PHI,9,55.0
2017_07_WAS_PHI,WAS,5,55.0
2017_08_ATL_NYJ,ATL,6,68.0
2017_08_ATL_NYJ,NYJ,6,50.0
2017_08_CAR_TB,CAR,5,51.0
2017_08_CAR_TB,TB,6,55.0
2017_08_CHI_NO,CHI,4,31.0
2017_08_CHI_NO,NO,7,51.0
2017_08_DAL_WAS,DAL,8,89.0
2017_08_DAL_WAS,WAS,5,32.0
2017_08_DEN_KC,DEN,7,53.0
2017_08_DEN_KC,KC,7,69.0
2017_08_HOU_SEA,HOU,8,93.0
2017_08_HOU_SEA,SEA,10,120.0
2017_08_IND_CIN,CIN,5,54.0
2017_08_IND_CIN,IND,7,45.0
2017_08_LAC_NE,LAC,10,77.0
2017_08_LAC_NE,NE,6,80.0
2017_08_MIA_BAL,BAL,5,40.0
2017_08_MIA_BAL,MIA,7,43.0
2017_08_MIN_CLE,CLE,5,74.0
2017_08_MIN_CLE,MIN,5,58.0
2017_08_OAK_BUF,BUF,11,95.0
2017_08_OAK_BUF,LV,6,50.0
2017_08_PIT_DET,DET,6,57.0
2017_08_PIT_DET,PIT,5,37.0
2017_08_SF_PHI,PHI,4,35.0
2017_08_SF_PHI,SF,6,69.0
2017_09_ARI_SF,ARI,2,25.0
2017_09_ARI_SF,SF,8,53.0
2017_09_ATL_CAR,ATL,8,70.0
2017_09_ATL_CAR,CAR,5,29.0
2017_09_BAL_TEN,BAL,6,39.0
2017_09_BAL_TEN,TEN,3,39.0
2017_09_BUF_NYJ,BUF,11,99.0
2017_09_BUF_NYJ,NYJ,10,66.0
2017_09_CIN_JAX,CIN,8,77.0
2017_09_CIN_JAX,JAX,5,50.0
2017_09_DEN_PHI,DEN,14,105.0
2017_09_DEN_PHI,PHI,5,35.0
2017_09_DET_GB,DET,2,19.0
2017_09_DET_GB,GB,2,20.0
2017_09_IND_HOU,HOU,7,74.0
2017_09_IND_HOU,IND,6,68.0
2017_09_KC_DAL,DAL,5,65.0
2017_09_KC_DAL,KC,8,52.0
2017_09_LA_NYG,LA,6,55.0
2017_09_LA_NYG,NYG,4,52.0
2017_09_OAK_MIA,LV,10,105.0
2017_09_OAK_MIA,MIA,11,107.0
2017_09_TB_NO,NO,4,28.0
2017_09_TB_NO,TB,7,50.0
2017_09_WAS_SEA,SEA,16,138.0
2017_09_WAS_SEA,WAS,7,62.0
2017_10_CIN_TEN,CIN,12,84.0
2017_10_CIN_TEN,TEN,5,55.0
2017_10_CLE_DET,CLE,7,60.0
2017_10_CLE_DET,DET,7,81.0
2017_10_DAL_ATL,ATL,5,35.0
2017_10_DAL_ATL,DAL,5,54.0
2017_10_GB_CHI,CHI,8,78.0
2017_10_GB_CHI,GB,5,35.0
2017_10_HOU_LA,HOU,8,60.0
2017_10_HOU_LA,LA,10,86.0
2017_10_LAC_JAX,JAX,9,106.0
2017_10_LAC_JAX,LAC,7,77.0
2017_10_MIA_CAR,CAR,6,37.0
2017_10_MIA_CAR,MIA,7,57.0
2017_10_MIN_WAS,MIN,3,40.0
2017_10_MIN_WAS,WAS,2,15.0
2017_10_NE_DEN,DEN,5,28.0
2017_10_NE_DEN,NE,1,5.0
2017_10_NO_BUF,BUF,8,56.0
2017_10_NO_BUF,NO,4,41.0
2017_10_NYG_SF,NYG,4,35.0
2017_10_NYG_SF,SF,6,44.0
2017_10_NYJ_TB,NYJ,8,77.0
2017_10_NYJ_TB,TB,6,50.0
2017_10_PIT_IND,IND,9,82.0
2017_10_PIT_IND,PIT,9,70.0
2017_10_SEA_ARI,ARI,9,58.0
2017_10_SEA_ARI,SEA,12,108.0
2017_11_ARI_HOU,ARI,10,90.0
2017_11_ARI_HOU,HOU,6,42.0
2017_11_ATL_SEA,ATL,7,69.0
2017_11_ATL_SEA,SEA,9,106.0
2017_11_BAL_GB,BAL,3,30.0
2017_11_BAL_GB,GB,5,53.0
2017_11_BUF_LAC,BUF,6,48.0
2017_11_BUF_LAC,LAC,1,13.0
2017_11_CIN_DEN,CIN,3,14.0
2017_11_CIN_DEN,DEN,5,50.0
2017_11_DET_CHI,CHI,5,64.0
2017_11_DET_CHI,DET,6,49.0
2017_11_JAX_CLE,JAX,6,40.0
2017_11_KC_NYG,KC,9,87.0
2017_11_KC_NYG,NYG,5,48.0
2017_11_LA_MIN,LA,8,60.0
2017_11_LA_MIN,MIN,7,65.0
2017_11_NE_OAK,LV,8,66.0
2017_11_NE_OAK,NE,2,10.0
2017_11_PHI_DAL,DAL,2,10.0
2017_11_PHI_DAL,PHI,3,30.0
2017_11_TB_MIA,MIA,17,123.0
2017_11_TB_MIA,TB,9,82.0
2017_11_TEN_PIT,PIT,7,61.0
2017_11_TEN_PIT,TEN,9,65.0
2017_11_WAS_NO,NO,7,54.0
2017_11_WAS_NO,WAS,9,67.0
2017_12_BUF_KC,BUF,6,50.0
2017_12_BUF_KC,KC,6,50.0
2017_12_CAR_NYJ,CAR,10,84.0
2017_12_CAR_NYJ,NYJ,7,68.0
2017_12_CHI_PHI,CHI,9,56.0
2017_12_CHI_PHI,PHI,11,70.0
2017_12_CLE_CIN,CIN,4,35.0
2017_12_CLE_CIN,CLE,7,69.0
2017_12_DEN_OAK,DEN,9,75.0
2017_12_DEN_OAK,LV,7,68.0
2017_12_GB_PIT,GB,3,27.0
2017_12_GB_PIT,PIT,5,45.0
2017_12_HOU_BAL,BAL,7,89.0
2017_12_HOU_BAL,HOU,6,36.0
2017_12_JAX_ARI,ARI,10,98.0
2017_12_JAX_ARI,JAX,5,45.0
2017_12_LAC_DAL,DAL,7,60.0
2017_12_LAC_DAL,LAC,5,56.0
2017_12_MIA_NE,MIA,6,52.0
2017_12_MIA_NE,NE,7,70.0
2017_12_MIN_DET,DET,8,54.0
2017_12_MIN_DET,MIN,9,74.0
2017_12_NO_LA,LA,9,90.0
2017_12_NO_LA,NO,7,112.0
2017_12_NYG_WAS,NYG,6,79.0
2017_12_NYG_WAS,WAS,8,55.0
2017_12_SEA_SF,SEA,6,35.0
2017_12_SEA_SF,SF,7,74.0
2017_12_TB_ATL,ATL,4,42.0
2017_12_TB_ATL,TB,2,15.0
2017_12_TEN_IND,IND,9,67.0
2017_12_TEN_IND,TEN,2,15.0
2017_13_CAR_NO,CAR,6,54.0
2017_13_CAR_NO,NO,7,68.0
2017_13_CLE_LAC,CLE,4,24.0
2017_13_CLE_LAC,LAC,5,62.0
2017_13_DEN_MIA,DEN,9,57.0
2017_13_DEN_MIA,MIA,7,85.0
2017_13_DET_BAL,BAL,2,25.0
2017_13_DET_BAL,DET,6,45.0
2017_13_HOU_TEN,HOU,11,85.0
2017_13_HOU_TEN,TEN,7,63.0
2017_13_IND_JAX,IND,4,31.0
2017_13_IND_JAX,JAX,6,55.0
2017_13_KC_NYJ,KC,7,29.0
2017_13_KC_NYJ,NYJ,5,40.0
2017_13_LA_ARI,ARI,4,25.0
2017_13_LA_ARI,LA,7,36.0
2017_13_MIN_ATL,ATL,7,55.0
2017_13_MIN_ATL,MIN,6,51.0
2017_13_NE_BUF,BUF,3,34.0
2017_13_NE_BUF,NE,9,66.0
2017_13_NYG_OAK,LV,6,42.0
2017_13_NYG_OAK,NYG,1,5.0
2017_13_PHI_SEA,PHI,7,64.0
2017_13_PHI_SEA,SEA,5,46.0
2017_13_PIT_CIN,CIN,13,173.0
2017_13_PIT_CIN,PIT,7,66.0
2017_13_SF_CHI,CHI,4,29.0
2017_13_SF_CHI,SF,8,53.0
2017_13_TB_GB,GB,7,47.0
2017_13_TB_GB,TB,8,74.0
2017_13_WAS_DAL,DAL,3,25.0
2017_13_WAS_DAL,WAS,7,43.0
2017_14_BAL_PIT,BAL,5,35.0
2017_14_BAL_PIT,PIT,6,101.0
2017_14_CHI_CIN,CHI,10,74.0
2017_14_CHI_CIN,CIN,7,56.0
2017_14_DAL_NYG,DAL,8,51.0
2017_14_DAL_NYG,NYG,7,69.0
2017_14_DET_TB,DET,8,105.0
2017_14_DET_TB,TB,7,65.0
2017_14_GB_CLE,CLE,6,45.0
2017_14_GB_CLE,GB,3,20.0
2017_14_IND_BUF,BUF,2,10.0
2017_14_IND_BUF,IND,2,20.0
2017_14_MIN_CAR,CAR,6,48.0
2017_14_MIN_CAR,MIN,2,30.0
2017_14_NE_MIA,MIA,8,102.0
2017_14_NE_MIA,NE,9,78.0
2017_14_NO_ATL,ATL,4,35.0
2017_14_NO_ATL,NO,11,82.0
2017_14_NYJ_DEN,DEN,3,21.0
2017_14_NYJ_DEN,NYJ,4,20.0
2017_14_OAK_KC,KC,7,69.0
2017_14_OAK_KC,LV,7,39.0
2017_14_PHI_LA,LA,7,102.0
2017_14_PHI_LA,PHI,10,67.0
2017_14_SEA_JAX,JAX,7,48.0
2017_14_SEA_JAX,SEA,6,73.0
2017_14_SF_HOU,HOU,8,81.0
2017_14_SF_HOU,SF,11,87.0
2017_14_TEN_ARI,ARI,5,30.0
2017_14_TEN_ARI,TEN,6,48.0
2017_14_WAS_LAC,LAC,5,40.0
2017_14_WAS_LAC,WAS,4,47.0
2017_15_ARI_WAS,ARI,8,71.0
2017_15_ARI_WAS,WAS,7,82.0
2017_15_ATL_TB,ATL,6,60.0
2017_15_ATL_TB,TB,7,53.0
2017_15_BAL_CLE,BAL,7,57.0
2017_15_BAL_CLE,CLE,6,35.0
2017_15_CHI_DET,CHI,13,97.0
2017_15_CHI_DET,DET,8,58.0
2017_15_CIN_MIN,CIN,5,44.0
2017_15_CIN_MIN,MIN,11,93.0
2017_15_DAL_OAK,DAL,7,100.0
2017_15_DAL_OAK,LV,14,105.0
2017_15_DEN_IND,DEN,12,80.0
2017_15_DEN_IND,IND,4,39.0
2017_15_GB_CAR,CAR,5,40.0
2017_15_GB_CAR,GB,6,28.0
2017_15_HOU_JAX,HOU,14,127.0
2017_15_HOU_JAX,JAX,8,54.0
2017_15_LAC_KC,KC,7,71.0
2017_15_LAC_KC,LAC,9,61.0
2017_15_LA_SEA,LA,3,25.0
2017_15_LA_SEA,SEA,9,60.0
2017_15_MIA_BUF,BUF,3,28.0
2017_15_MIA_BUF,MIA,6,50.0
2017_15_NE_PIT,NE,2,4.0
2017_15_NE_PIT,PIT,6,63.0
2017_15_NYJ_NO,NO,8,92.0
2017_15_NYJ_NO,NYJ,8,50.0
2017_15_PHI_NYG,NYG,5,67.0
2017_15_PHI_NYG,PHI,7,44.0
2017_15_TEN_SF,SF,7,70.0
2017_15_TEN_SF,TEN,3,22.0
2017_16_ATL_NO,ATL,10,91.0
2017_16_ATL_NO,NO,3,30.0
2017_16_BUF_NE,BUF,4,83.0
2017_16_BUF_NE,NE,2,10.0
2017_16_CLE_CHI,CHI,4,25.0
2017_16_CLE_CHI,CLE,8,60.0
2017_16_DEN_WAS,DEN,3,30.0
2017_16_DEN_WAS,WAS,6,35.0
2017_16_DET_CIN,CIN,5,60.0
2017_16_DET_CIN,DET,9,74.0
2017_16_IND_BAL,BAL,5,25.0
2017_16_IND_BAL,IND,2,19.0
2017_16_JAX_SF,JAX,12,99.0
2017_16_JAX_SF,SF,8,68.0
2017_16_LAC_NYJ,LAC,8,80.0
2017_16_LAC_NYJ,NYJ,5,34.0
2017_16_LA_TEN,LA,5,44.0
2017_16_LA_TEN,TEN,5,54.0
2017_16_MIA_KC,KC,5,40.0
2017_16_MIA_KC,MIA,11,75.0
2017_16_MIN_GB,GB,6,79.0
2017_16_MIN_GB,MIN,2,10.0
2017_16_NYG_ARI,ARI,6,45.0
2017_16_NYG_ARI,NYG,10,101.0
2017_16_OAK_PHI,LV,7,50.0
2017_16_OAK_PHI,PHI,8,60.0
2017_16_PIT_HOU,HOU,7,80.0
2017_16_PIT_HOU,PIT,4,24.0
2017_16_SEA_DAL,DAL,7,75.0
2017_16_SEA_DAL,SEA,11,142.0
2017_16_TB_CAR,CAR,6,50.0
2017_16_TB_CAR,TB,12,72.0
2017_17_ARI_SEA,ARI,4,25.0
2017_17_ARI_SEA,SEA,8,100.0
2017_17_BUF_MIA,BUF,6,45.0
2017_17_BUF_MIA,MIA,14,145.0
2017_17_CAR_ATL,ATL,7,60.0
2017_17_CAR_ATL,CAR,5,35.0
2017_17_CHI_MIN,CHI,10,116.0
2017_17_CHI_MIN,MIN,12,103.0
2017_17_CIN_BAL,BAL,5,47.0
2017_17_CIN_BAL,CIN,6,60.0
2017_17_CLE_PIT,CLE,9,77.0
2017_17_CLE_PIT,PIT,3,15.0
2017_17_DAL_PHI,DAL,7,64.0
2017_17_DAL_PHI,PHI,7,49.0
2017_17_GB_DET,DET,5,62.0
2017_17_GB_DET,GB,8,68.0
2017_17_HOU_IND,HOU,7,34.0
2017_17_HOU_IND,IND,4,20.0
2017_17_JAX_TEN,JAX,6,41.0
2017_17_JAX_TEN,TEN,2,15.0
2017_17_KC_DEN,DEN,4,30.0
2017_17_KC_DEN,KC,4,40.0
2017_17_NO_TB,NO,7,38.0
2017_17_NO_TB,TB,2,15.0
2017_17_NYJ_NE,NE,4,49.0
2017_17_NYJ_NE,NYJ,9,84.0
2017_17_OAK_LAC,LAC,7,65.0
2017_17_OAK_LAC,LV,6,85.0
2017_17_SF_LA,LA,6,46.0
2017_17_SF_LA,SF,4,23.0
2017_17_WAS_NYG,NYG,3,25.0
2017_17_WAS_NYG,WAS,4,35.0
2017_18_ATL_LA,ATL,4,51.0
2017_18_ATL_LA,LA,5,45.0
2017_18_BUF_JAX,BUF,5,52.0
2017_18_BUF_JAX,JAX,5,34.0
2017_18_CAR_NO,CAR,2,18.0
2017_18_CAR_NO,NO,7,96.0
2017_18_TEN_KC,KC,8,68.0
2017_18_TEN_KC,TEN,8,50.0
2017_19_ATL_PHI,ATL,4,73.0
2017_19_ATL_PHI,PHI,4,24.0
2017_19_JAX_PIT,JAX,3,40.0
2017_19_JAX_PIT,PIT,4,25.0
2017_19_NO_MIN,MIN,4,30.0
2017_19_NO_MIN,NO,7,97.0
2017_19_TEN_NE,NE,4,37.0
2017_19_TEN_NE,TEN,10,62.0
2017_20_JAX_NE,JAX,6,98.0
2017_20_JAX_NE,NE,1,10.0
2017_20_MIN_PHI,MIN,2,19.0
2017_20_MIN_PHI,PHI,4,55.0
2017_21_PHI_NE,NE,1,5.0
2017_21_PHI_NE,PHI,6,35.0
2018_01_ATL_PHI,ATL,15,135.0
2018_01_ATL_PHI,PHI,11,101.0
2018_01_BUF_BAL,BAL,9,78.0
2018_01_BUF_BAL,BUF,10,100.0
2018_01_CHI_GB,CHI,5,35.0
2018_01_CHI_GB,GB,8,72.0
2018_01_CIN_IND,CIN,8,94.0
2018_01_CIN_IND,IND,7,91.0
2018_01_DAL_CAR,CAR,9,80.0
2018_01_DAL_CAR,DAL,10,85.0
2018_01_HOU_NE,HOU,6,44.0
2018_01_HOU_NE,NE,6,36.0
2018_01_JAX_NYG,JAX,11,119.0
2018_01_JAX_NYG,NYG,6,43.0
2018_01_KC_LAC,KC,6,50.0
2018_01_KC_LAC,LAC,7,45.0
2018_01_LA_OAK,LA,8,70.0
2018_01_LA_OAK,LV,11,155.0
2018_01_NYJ_DET,DET,3,15.0
2018_01_NYJ_DET,NYJ,7,49.0
2018_01_PIT_CLE,CLE,11,87.0
2018_01_PIT_CLE,PIT,12,116.0
2018_01_SEA_DEN,DEN,7,60.0
2018_01_SEA_DEN,SEA,7,45.0
2018_01_SF_MIN,MIN,7,52.0
2018_01_SF_MIN,SF,3,21.0
2018_01_TB_NO,NO,8,77.0
2018_01_TB_NO,TB,7,70.0
2018_01_TEN_MIA,MIA,7,51.0
2018_01_TEN_MIA,TEN,5,48.0
2018_01_WAS_ARI,ARI,9,67.0
2018_01_WAS_ARI,WAS,9,63.0
2018_02_ARI_LA,ARI,9,47.0
2018_02_ARI_LA,LA,5,49.0
2018_02_BAL_CIN,BAL,7,51.0
2018_02_BAL_CIN,CIN,9,92.0
2018_02_CAR_ATL,ATL,2,26.0
2018_02_CAR_ATL,CAR,7,49.0
2018_02_CLE_NO,CLE,4,43.0
2018_02_CLE_NO,NO,4,53.0
2018_02_DET_SF,DET,10,105.0
2018_02_DET_SF,SF,9,86.0
2018_02_HOU_TEN,HOU,11,88.0
2018_02_HOU_TEN,TEN,8,70.0
2018_02_IND_WAS,IND,6,26.0
2018_02_IND_WAS,WAS,7,90.0
2018_02_KC_PIT,KC,12,76.0
2018_02_KC_PIT,PIT,12,90.0
2018_02_LAC_BUF,BUF,6,31.0
2018_02_LAC_BUF,LAC,6,45.0
2018_02_MIA_NYJ,MIA,2,10.0
2018_02_MIA_NYJ,NYJ,7,50.0
2018_02_MIN_GB,GB,7,54.0
2018_02_MIN_GB,MIN,8,70.0
2018_02_NE_JAX,JAX,7,71.0
2018_02_NE_JAX,NE,2,25.0
2018_02_NYG_DAL,DAL,6,47.0
2018_02_NYG_DAL,NYG,3,24.0
2018_02_OAK_DEN,DEN,6,35.0
2018_02_OAK_DEN,LV,4,30.0
2018_02_PHI_TB,PHI,6,55.0
2018_02_PHI_TB,TB,4,44.0
2018_02_SEA_CHI,CHI,7,55.0
2018_02_SEA_CHI,SEA,5,37.0
2018_03_BUF_MIN,BUF,12,84.0
2018_03_BUF_MIN,MIN,6,59.0
2018_03_CHI_ARI,ARI,6,43.0
2018_03_CHI_ARI,CHI,7,45.0
2018_03_CIN_CAR,CAR,3,17.0
2018_03_CIN_CAR,CIN,4,36.0
2018_03_DAL_SEA,DAL,7,55.0
2018_03_DAL_SEA,SEA,10,67.0
2018_03_DEN_BAL,BAL,7,52.0
2018_03_DEN_BAL,DEN,13,120.0
2018_03_GB_WAS,GB,11,115.0
2018_03_GB_WAS,WAS,6,66.0
2018_03_IND_PHI,IND,11,77.0
2018_03_IND_PHI,PHI,10,110.0
2018_03_LAC_LA,LA,6,64.0
2018_03_LAC_LA,LAC,4,30.0
2018_03_NE_DET,DET,6,70.0
2018_03_NE_DET,NE,5,38.0
2018_03_NO_ATL,ATL,5,54.0
2018_03_NO_ATL,NO,11,120.0
2018_03_NYG_HOU,HOU,7,50.0
2018_03_NYG_HOU,NYG,3,20.0
2018_03_NYJ_CLE,CLE,5,41.0
2018_03_NYJ_CLE,NYJ,6,55.0
2018_03_OAK_MIA,LV,8,38.0
2018_03_OAK_MIA,MIA,9,74.0
2018_03_PIT_TB,PIT,12,150.0
2018_03_PIT_TB,TB,9,80.0
2018_03_SF_KC,KC,6,48.0
2018_03_SF_KC,SF,14,147.0
2018_03_TEN_JAX,JAX,8,75.0
2018_03_TEN_JAX,TEN,4,30.0
2018_04_BAL_PIT,BAL,7,50.0
2018_04_BAL_PIT,PIT,5,40.0
2018_04_BUF_GB,BUF,3,20.0
2018_04_BUF_GB,GB,5,60.0
2018_04_CIN_ATL,ATL,10,95.0
2018_04_CIN_ATL,CIN,6,55.0
2018_04_CLE_OAK,CLE,8,55.0
2018_04_CLE_OAK,LV,6,65.0
2018_04_DET_DAL,DAL,2,20.0
2018_04_DET_DAL,DET,8,58.0
2018_04_HOU_IND,HOU,10,54.0
2018_04_HOU_IND,IND,10,85.0
2018_04_KC_DEN,DEN,3,25.0
2018_04_KC_DEN,KC,10,93.0
2018_04_MIA_NE,MIA,10,89.0
2018_04_MIA_NE,NE,6,57.0
2018_04_MIN_LA,LA,2,15.0
2018_04_MIN_LA,MIN,4,35.0
2018_04_NO_NYG,NO,5,51.0
2018_04_NO_NYG,NYG,6,67.0
2018_04_NYJ_JAX,JAX,9,89.0
2018_04_NYJ_JAX,NYJ,6,43.0
2018_04_PHI_TEN,PHI,8,77.0
2018_04_PHI_TEN,TEN,4,30.0
2018_04_SEA_ARI,ARI,5,38.0
2018_04_SEA_ARI,SEA,8,57.0
2018_04_SF_LAC,LAC,5,49.0
2018_04_SF_LAC,SF,4,29.0
2018_04_TB_CHI,CHI,4,38.0
2018_04_TB_CHI,TB,11,99.0
2018_05_ARI_SF,ARI,5,46.0
2018_05_ARI_SF,SF,9,65.0
2018_05_ATL_PIT,ATL,7,75.0
2018_05_ATL_PIT,PIT,7,58.0
2018_05_BAL_CLE,BAL,4,41.0
2018_05_BAL_CLE,CLE,10,66.0
2018_05_DAL_HOU,DAL,7,72.0
2018_05_DAL_HOU,HOU,5,25.0
2018_05_DEN_NYJ,DEN,6,45.0
2018_05_DEN_NYJ,NYJ,4,33.0
2018_05_GB_DET,DET,8,71.0
2018_05_GB_DET,GB,12,112.0
2018_05_IND_NE,IND,4,35.0
2018_05_IND_NE,NE,7,50.0
2018_05_JAX_KC,JAX,5,45.0
2018_05_JAX_KC,KC,11,105.0
2018_05_LA_SEA,LA,7,45.0
2018_05_LA_SEA,SEA,7,50.0
2018_05_MIA_CIN,CIN,6,47.0
2018_05_MIA_CIN,MIA,9,85.0
2018_05_MIN_PHI,MIN,4,23.0
2018_05_MIN_PHI,PHI,8,52.0
2018_05_NYG_CAR,CAR,4,22.0
2018_05_NYG_CAR,NYG,7,57.0
2018_05_OAK_LAC,LAC,9,82.0
2018_05_OAK_LAC,LV,7,55.0
2018_05_TEN_BUF,BUF,4,30.0
2018_05_TEN_BUF,TEN,5,40.0
2018_05_WAS_NO,NO,4,45.0
2018_05_WAS_NO,WAS,6,38.0
2018_06_ARI_MIN,ARI,5,30.0
2018_06_ARI_MIN,MIN,9,52.0
2018_06_BAL_TEN,BAL,10,70.0
2018_06_BAL_TEN,TEN,4,35.0
2018_06_BUF_HOU,BUF,12,104.0
2018_06_BUF_HOU,HOU,6,50.0
2018_06_CAR_WAS,CAR,8,55.0
2018_06_CAR_WAS,WAS,5,43.0
2018_06_CHI_MIA,CHI,6,58.0
2018_06_CHI_MIA,MIA,7,67.0
2018_06_IND_NYJ,IND,8,66.0
2018_06_IND_NYJ,NYJ,7,49.0
2018_06_JAX_DAL,DAL,3,25.0
2018_06_JAX_DAL,JAX,4,30.0
2018_06_KC_NE,KC,5,58.0
2018_06_LAC_CLE,CLE,6,53.0
2018_06_LAC_CLE,LAC,10,72.0
2018_06_LA_DEN,DEN,6,61.0
2018_06_LA_DEN,LA,10,81.0
2018_06_PHI_NYG,NYG,5,61.0
2018_06_PHI_NYG,PHI,4,25.0
2018_06_PIT_CIN,CIN,6,30.0
2018_06_PIT_CIN,PIT,9,69.0
2018_06_SEA_OAK,LV,5,38.0
2018_06_SEA_OAK,SEA,8,64.0
2018_06_SF_GB,GB,6,54.0
2018_06_SF_GB,SF,2,10.0
2018_06_TB_ATL,ATL,5,30.0
2018_06_TB_ATL,TB,4,20.0
2018_07_BUF_IND,BUF,6,58.0
2018_07_BUF_IND,IND,4,35.0
2018_07_CAR_PHI,CAR,5,78.0
2018_07_CAR_PHI,PHI,4,35.0
2018_07_CIN_KC,CIN,8,58.0
2018_07_CIN_KC,KC,8,49.0
2018_07_CLE_TB,CLE,14,114.0
2018_07_CLE_TB,TB,8,65.0
2018_07_DAL_WAS,DAL,8,65.0
2018_07_DAL_WAS,WAS,5,35.0
2018_07_DEN_ARI,ARI,7,45.0
2018_07_DEN_ARI,DEN,5,50.0
2018_07_DET_MIA,DET,6,43.0
2018_07_DET_MIA,MIA,4,50.0
2018_07_HOU_JAX,HOU,6,35.0
2018_07_HOU_JAX,JAX,2,15.0
2018_07_LA_SF,LA,1,10.0
2018_07_LA_SF,SF,2,10.0
2018_07_MIN_NYJ,MIN,6,55.0
2018_07_MIN_NYJ,NYJ,8,71.0
2018_07_NE_CHI,CHI,5,40.0
2018_07_NE_CHI,NE,7,64.0
2018_07_NO_BAL,BAL,5,54.0
2018_07_NO_BAL,NO,6,52.0
2018_07_NYG_ATL,ATL,5,29.0
2018_07_NYG_ATL,NYG,4,58.0
2018_07_TEN_LAC,LAC,4,31.0
2018_07_TEN_LAC,TEN,4,32.0
2018_08_BAL_CAR,BAL,9,68.0
2018_08_BAL_CAR,CAR,4,30.0
2018_08_CLE_PIT,CLE,7,52.0
2018_08_CLE_PIT,PIT,8,60.0
2018_08_DEN_KC,DEN,10,83.0
2018_08_DEN_KC,KC,7,50.0
2018_08_GB_LA,GB,2,10.0
2018_08_GB_LA,LA,2,15.0
2018_08_IND_OAK,IND,10,77.0
2018_08_IND_OAK,LV,10,79.0
2018_08_MIA_HOU,HOU,8,57.0
2018_08_MIA_HOU,MIA,5,63.0
2018_08_NE_BUF,BUF,6,51.0
2018_08_NE_BUF,NE,5,33.0
2018_08_NO_MIN,MIN,6,54.0
2018_08_NO_MIN,NO,7,64.0
2018_08_NYJ_CHI,CHI,2,25.0
2018_08_NYJ_CHI,NYJ,8,45.0
2018_08_PHI_JAX,JAX,5,45.0
2018_08_PHI_JAX,PHI,4,36.0
2018_08_SEA_DET,DET,4,32.0
2018_08_SEA_DET,SEA,7,111.0
2018_08_SF_ARI,ARI,9,62.0
2018_08_SF_ARI,SF,5,59.0
2018_08_TB_CIN,CIN,4,46.0
2018_08_TB_CIN,TB,11,75.0
2018_08_WAS_NYG,NYG,11,102.0
2018_08_WAS_NYG,WAS,8,90.0
2018_09_ATL_WAS,ATL,7,50.0
2018_09_ATL_WAS,WAS,10,147.0
2018_09_CHI_BUF,BUF,10,163.0
2018_09_CHI_BUF,CHI,14,129.0
2018_09_DET_MIN,DET,8,66.0
2018_09_DET_MIN,MIN,3,15.0
2018_09_GB_NE,GB,7,63.0
2018_09_GB_NE,NE,5,30.0
2018_09_HOU_DEN,DEN,8,50.0
2018_09_HOU_DEN,HOU,7,60.0
2018_09_KC_CLE,CLE,4,20.0
2018_09_KC_CLE,KC,11,86.0
2018_09_LAC_SEA,LAC,12,105.0
2018_09_LAC_SEA,SEA,10,83.0
2018_09_LA_NO,LA,4,32.0
2018_09_LA_NO,NO,2,20.0
2018_09_NYJ_MIA,MIA,5,55.0
2018_09_NYJ_MIA,NYJ,5,45.0
2018_09_OAK_SF,LV,6,40.0
2018_09_OAK_SF,SF,3,23.0
2018_09_PIT_BAL,BAL,5,25.0
2018_09_PIT_BAL,PIT,8,103.0
2018_09_TB_CAR,CAR,9,84.0
2018_09_TB_CAR,TB,8,49.0
2018_09_TEN_DAL,DAL,6,52.0
2018_09_TEN_DAL,TEN,3,20.0
2018_10_ARI_KC,ARI,3,30.0
2018_10_ARI_KC,KC,8,63.0
2018_10_ATL_CLE,ATL,1,5.0
2018_10_ATL_CLE,CLE,7,38.0
2018_10_BUF_NYJ,BUF,4,30.0
2018_10_BUF_NYJ,NYJ,1,10.0
2018_10_CAR_PIT,CAR,5,42.0
2018_10_CAR_PIT,PIT,1,24.0
2018_10_DAL_PHI,DAL,5,37.0
2018_10_DET_CHI,CHI,6,46.0
2018_10_DET_CHI,DET,6,41.0
2018_10_JAX_IND,IND,7,45.0
2018_10_JAX_IND,JAX,8,61.0
2018_10_LAC_OAK,LAC,6,70.0
2018_10_LAC_OAK,LV,6,55.0
2018_10_MIA_GB,GB,6,45.0
2018_10_MIA_GB,MIA,3,10.0
2018_10_NE_TEN,NE,4,31.0
2018_10_NE_TEN,TEN,4,35.0
2018_10_NO_CIN,CIN,4,26.0
2018_10_NO_CIN,NO,1,5.0
2018_10_NYG_SF,NYG,8,78.0
2018_10_NYG_SF,SF,10,97.0
2018_10_SEA_LA,LA,10,102.0
2018_10_SEA_LA,SEA,7,56.0
2018_10_WAS_TB,TB,5,50.0
2018_10_WAS_TB,WAS,8,52.0
2018_11_CAR_DET,CAR,2,15.0
2018_11_CAR_DET,DET,1,5.0
2018_11_CIN_BAL,BAL,5,31.0
2018_11_CIN_BAL,CIN,7,58.0
2018_11_DAL_ATL,ATL,2,15.0
2018_11_DAL_ATL,DAL,2,20.0
2018_11_DEN_LAC,DEN,7,43.0
2018_11_DEN_LAC,LAC,14,120.0
2018_11_GB_SEA,GB,5,80.0
2018_11_GB_SEA,SEA,6,30.0
2018_11_HOU_WAS,HOU,7,40.0
2018_11_HOU_WAS,WAS,6,43.0
2018_11_KC_LA,KC,13,135.0
2018_11_KC_LA,LA,8,60.0
2018_11_MIN_CHI,CHI,5,46.0
2018_11_MIN_CHI,MIN,4,50.0
2018_11_OAK_ARI,ARI,7,62.0
2018_11_OAK_ARI,LV,4,20.0
2018_11_PHI_NO,NO,8,69.0
2018_11_PHI_NO,PHI,6,49.0
2018_11_PIT_JAX,JAX,11,111.0
2018_11_PIT_JAX,PIT,3,15.0
2018_11_TB_NYG,NYG,8,60.0
2018_11_TB_NYG,TB,4,40.0
2018_11_TEN_IND,IND,7,60.0
2018_11_TEN_IND,TEN,8,112.0
2018_12_ARI_LAC,ARI,3,35.0
2018_12_ARI_LAC,LAC,4,30.0
2018_12_ATL_NO,ATL,2,26.0
2018_12_ATL_NO,NO,3,19.0
2018_12_CHI_DET,CHI,3,20.0
2018_12_CHI_DET,DET,5,54.0
2018_12_CLE_CIN,CIN,13,96.0
2018_12_CLE_CIN,CLE,7,61.0
2018_12_GB_MIN,GB,4,20.0
2018_12_GB_MIN,MIN,6,55.0
2018_12_JAX_BUF,BUF,13,80.0
2018_12_JAX_BUF,JAX,10,90.0
2018_12_MIA_IND,IND,7,52.0
2018_12_MIA_IND,MIA,10,75.0
2018_12_NE_NYJ,NE,11,105.0
2018_12_NE_NYJ,NYJ,8,47.0
2018_12_NYG_PHI,NYG,11,91.0
2018_12_NYG_PHI,PHI,7,46.0
2018_12_OAK_BAL,BAL,6,45.0
2018_12_OAK_BAL,LV,4,24.0
2018_12_PIT_DEN,DEN,6,50.0
2018_12_PIT_DEN,PIT,5,34.0
2018_12_SEA_CAR,CAR,3,30.0
2018_12_SEA_CAR,SEA,4,36.0
2018_12_SF_TB,SF,8,68.0
2018_12_SF_TB,TB,9,70.0
2018_12_TEN_HOU,HOU,3,53.0
2018_12_TEN_HOU,TEN,7,50.0
2018_12_WAS_DAL,DAL,4,30.0
2018_12_WAS_DAL,WAS,4,25.0
2018_13_ARI_GB,ARI,7,49.0
2018_13_ARI_GB,GB,7,43.0
2018_13_BAL_ATL,ATL,8,82.0
2018_13_BAL_ATL,BAL,9,88.0
2018_13_BUF_MIA,BUF,13,120.0
2018_13_BUF_MIA,MIA,8,89.0
2018_13_CAR_TB,CAR,7,104.0
2018_13_CAR_TB,TB,9,69.0
2018_13_CHI_NYG,CHI,8,58.0
2018_13_CHI_NYG,NYG,12,107.0
2018_13_CLE_HOU,CLE,6,45.0
2018_13_CLE_HOU,HOU,5,77.0
2018_13_DEN_CIN,CIN,12,100.0
2018_13_DEN_CIN,DEN,7,60.0
2018_13_IND_JAX,IND,6,65.0
2018_13_IND_JAX,JAX,8,74.0
2018_13_KC_OAK,KC,11,94.0
2018_13_KC_OAK,LV,8,74.0
2018_13_LAC_PIT,LAC,5,80.0
2018_13_LAC_PIT,PIT,7,59.0
2018_13_LA_DET,DET,8,54.0
2018_13_LA_DET,LA,7,105.0
2018_13_MIN_NE,MIN,5,55.0
2018_13_MIN_NE,NE,7,60.0
2018_13_NO_DAL,DAL,8,80.0
2018_13_NO_DAL,NO,5,48.0
2018_13_NYJ_TEN,NYJ,11,96.0
2018_13_NYJ_TEN,TEN,8,75.0
2018_13_SF_SEA,SEA,10,100.0
2018_13_SF_SEA,SF,12,123.0
2018_13_WAS_PHI,PHI,5,38.0
2018_13_WAS_PHI,WAS,10,69.0
2018_14_ATL_GB,ATL,13,101.0
2018_14_ATL_GB,GB,6,37.0
2018_14_BAL_KC,BAL,11,112.0
2018_14_BAL_KC,KC,7,53.0
2018_14_CAR_CLE,CAR,10,68.0
2018_14_CAR_CLE,CLE,7,52.0
2018_14_CIN_LAC,CIN,6,34.0
2018_14_CIN_LAC,LAC,6,38.0
2018_14_DEN_SF,DEN,11,62.0
2018_14_DEN_SF,SF,11,87.0
2018_14_DET_ARI,ARI,8,83.0
2018_14_DET_ARI,DET,7,68.0
2018_14_IND_HOU,HOU,7,35.0
2018_14_IND_HOU,IND,9,59.0
2018_14_JAX_TEN,JAX,7,67.0
2018_14_JAX_TEN,TEN,3,30.0
2018_14_LA_CHI,CHI,6,45.0
2018_14_LA_CHI,LA,9,57.0
2018_14_MIN_SEA,MIN,4,51.0
2018_14_MIN_SEA,SEA,4,45.0
2018_14_NE_MIA,MIA,7,81.0
2018_14_NE_MIA,NE,5,30.0
2018_14_NO_TB,NO,6,51.0
2018_14_NO_TB,TB,10,84.0
2018_14_NYG_WAS,NYG,2,18.0
2018_14_NYG_WAS,WAS,15,135.0
2018_14_NYJ_BUF,BUF,7,47.0
2018_14_NYJ_BUF,NYJ,7,93.0
2018_14_PHI_DAL,DAL,11,110.0
2018_14_PHI_DAL,PHI,5,49.0
2018_14_PIT_OAK,LV,13,130.0
2018_14_PIT_OAK,PIT,2,14.0
2018_15_ARI_ATL,ARI,8,75.0
2018_15_ARI_ATL,ATL,6,50.0
2018_15_CLE_DEN,CLE,6,75.0
2018_15_CLE_DEN,DEN,8,51.0
2018_15_DAL_IND,DAL,9,74.0
2018_15_DAL_IND,IND,6,55.0
2018_15_DET_BUF,BUF,3,20.0
2018_15_DET_BUF,DET,4,81.0
2018_15_GB_CHI,CHI,4,24.0
2018_15_GB_CHI,GB,7,48.0
2018_15_HOU_NYJ,HOU,5,43.0
2018_15_HOU_NYJ,NYJ,9,60.0
2018_15_LAC_KC,KC,10,66.0
2018_15_LAC_KC,LAC,7,50.0
2018_15_MIA_MIN,MIA,8,49.0
2018_15_MIA_MIN,MIN,6,45.0
2018_15_NE_PIT,NE,14,106.0
2018_15_NE_PIT,PIT,4,40.0
2018_15_NO_CAR,CAR,4,48.0
2018_15_NO_CAR,NO,9,80.0
2018_15_OAK_CIN,CIN,9,85.0
2018_15_OAK_CIN,LV,8,90.0
2018_15_PHI_LA,LA,5,50.0
2018_15_PHI_LA,PHI,6,49.0
2018_15_SEA_SF,SEA,14,148.0
2018_15_SEA_SF,SF,8,66.0
2018_15_TB_BAL,BAL,8,70.0
2018_15_TB_BAL,TB,6,58.0
2018_15_TEN_NYG,NYG,10,58.0
2018_15_TEN_NYG,TEN,4,35.0
2018_15_WAS_JAX,JAX,8,55.0
2018_15_WAS_JAX,WAS,6,48.0
2018_16_ATL_CAR,ATL,4,41.0
2018_16_ATL_CAR,CAR,10,86.0
2018_16_BAL_LAC,BAL,4,40.0
2018_16_BAL_LAC,LAC,8,69.0
2018_16_BUF_NE,BUF,3,29.0
2018_16_BUF_NE,NE,5,49.0
2018_16_CHI_SF,CHI,4,30.0
2018_16_CHI_SF,SF,6,45.0
2018_16_CIN_CLE,CIN,3,15.0
2018_16_CIN_CLE,CLE,6,57.0
2018_16_DEN_OAK,DEN,11,91.0
2018_16_DEN_OAK,LV,6,50.0
2018_16_GB_NYJ,GB,10,86.0
2018_16_GB_NYJ,NYJ,16,172.0
2018_16_HOU_PHI,HOU,10,61.0
2018_16_HOU_PHI,PHI,11,105.0
2018_16_JAX_MIA,JAX,10,97.0
2018_16_JAX_MIA,MIA,10,95.0
2018_16_KC_SEA,KC,8,76.0
2018_16_KC_SEA,SEA,3,20.0
2018_16_LA_ARI,ARI,7,54.0
2018_16_LA_ARI,LA,6,66.0
2018_16_MIN_DET,DET,7,55.0
2018_16_MIN_DET,MIN,11,78.0
2018_16_NYG_IND,IND,6,29.0
2018_16_NYG_IND,NYG,6,24.0
2018_16_PIT_NO,NO,9,91.0
2018_16_PIT_NO,PIT,6,79.0
2018_16_TB_DAL,DAL,10,67.0
2018_16_TB_DAL,TB,9,72.0
2018_16_WAS_TEN,TEN,2,10.0
2018_16_WAS_TEN,WAS,8,49.0
2018_17_ARI_SEA,ARI,3,20.0
2018_17_ARI_SEA,SEA,1,10.0
2018_17_ATL_TB,ATL,9,85.0
2018_17_ATL_TB,TB,3,30.0
2018_17_CAR_NO,CAR,2,10.0
2018_17_CAR_NO,NO,6,94.0
2018_17_CHI_MIN,CHI,11,102.0
2018_17_CHI_MIN,MIN,3,30.0
2018_17_CIN_PIT,CIN,9,85.0
2018_17_CIN_PIT,PIT,9,70.0
2018_17_CLE_BAL,BAL,10,65.0
2018_17_CLE_BAL,CLE,4,35.0
2018_17_DAL_NYG,DAL,6,46.0
2018_17_DAL_NYG,NYG,11,78.0
2018_17_DET_GB,DET,3,34.0
2018_17_DET_GB,GB,5,38.0
2018_17_IND_TEN,IND,12,96.0
2018_17_IND_TEN,TEN,9,75.0
2018_17_JAX_HOU,HOU,2,15.0
2018_17_JAX_HOU,JAX,8,68.0
2018_17_LAC_DEN,DEN,11,99.0
2018_17_LAC_DEN,LAC,6,51.0
2018_17_MIA_BUF,BUF,3,24.0
2018_17_MIA_BUF,MIA,4,35.0
2018_17_NYJ_NE,NE,4,30.0
2018_17_NYJ_NE,NYJ,4,30.0
2018_17_OAK_KC,KC,4,50.0
2018_17_OAK_KC,LV,4,22.0
2018_17_PHI_WAS,PHI,5,25.0
2018_17_PHI_WAS,WAS,2,15.0
2018_17_SF_LA,LA,6,57.0
2018_17_SF_LA,SF,5,41.0
2018_18_IND_HOU,HOU,8,67.0
2018_18_IND_HOU,IND,2,10.0
2018_18_LAC_BAL,BAL,7,41.0
2018_18_LAC_BAL,LAC,5,35.0
2018_18_PHI_CHI,CHI,3,52.0
2018_18_PHI_CHI,PHI,3,25.0
2018_18_SEA_DAL,DAL,6,36.0
2018_18_SEA_DAL,SEA,5,36.0
2018_19_DAL_LA,DAL,4,26.0
2018_19_DAL_LA,LA,4,41.0
2018_19_IND_KC,IND,10,70.0
2018_19_IND_KC,KC,6,54.0
2018_19_LAC_NE,LAC,5,33.0
2018_19_LAC_NE,NE,9,75.0
2018_19_PHI_NO,NO,11,84.0
2018_19_PHI_NO,PHI,4,30.0
2018_20_LA_NO,LA,7,64.0
2018_20_LA_NO,NO,3,20.0
2018_20_NE_KC,KC,4,28.0
2018_20_NE_KC,NE,6,61.0
2018_21_NE_LA,LA,9,65.0
2018_21_NE_LA,NE,3,20.0
2019_01_ATL_MIN,ATL,9,78.0
2019_01_ATL_MIN,MIN,11,100.0
2019_01_BAL_MIA,BAL,4,40.0
2019_01_BAL_MIA,MIA,9,64.0
2019_01_BUF_NYJ,BUF,7,55.0
2019_01_BUF_NYJ,NYJ,8,67.0
2019_01_CIN_SEA,CIN,7,57.0
2019_01_CIN_SEA,SEA,8,55.0
2019_01_DEN_OAK,DEN,6,44.0
2019_01_DEN_OAK,LV,9,62.0
2019_01_DET_ARI,ARI,7,35.0
2019_01_DET_ARI,DET,9,59.0
2019_01_GB_CHI,CHI,10,107.0
2019_01_GB_CHI,GB,10,71.0
2019_01_HOU_NO,HOU,8,69.0
2019_01_HOU_NO,NO,7,48.0
2019_01_IND_LAC,IND,3,10.0
2019_01_IND_LAC,LAC,3,20.0
2019_01_KC_JAX,JAX,10,71.0
2019_01_KC_JAX,KC,5,55.0
2019_01_LA_CAR,CAR,6,46.0
2019_01_LA_CAR,LA,5,43.0
2019_01_NYG_DAL,DAL,6,47.0
2019_01_NYG_DAL,NYG,8,70.0
2019_01_PIT_NE,NE,7,55.0
2019_01_PIT_NE,PIT,6,54.0
2019_01_SF_TB,SF,11,87.0
2019_01_SF_TB,TB,8,87.0
2019_01_TEN_CLE,CLE,18,182.0
2019_01_TEN_CLE,TEN,6,54.0
2019_01_WAS_PHI,PHI,6,55.0
2019_01_WAS_PHI,WAS,12,96.0
2019_02_ARI_BAL,ARI,8,70.0
2019_02_ARI_BAL,BAL,10,62.0
2019_02_BUF_NYG,BUF,9,65.0
2019_02_BUF_NYG,NYG,7,40.0
2019_02_CHI_DEN,CHI,7,65.0
2019_02_CHI_DEN,DEN,10,81.0
2019_02_CLE_NYJ,CLE,9,85.0
2019_02_CLE_NYJ,NYJ,12,89.0
2019_02_DAL_WAS,DAL,8,67.0
2019_02_DAL_WAS,WAS,6,44.0
2019_02_IND_TEN,IND,8,65.0
2019_02_IND_TEN,TEN,5,75.0
2019_02_JAX_HOU,HOU,7,47.0
2019_02_JAX_HOU,JAX,9,70.0
2019_02_KC_OAK,KC,10,114.0
2019_02_KC_OAK,LV,7,52.0
2019_02_LAC_DET,DET,8,71.0
2019_02_LAC_DET,LAC,9,70.0
2019_02_MIN_GB,GB,6,35.0
2019_02_MIN_GB,MIN,8,100.0
2019_02_NE_MIA,MIA,4,22.0
2019_02_NE_MIA,NE,5,54.0
2019_02_NO_LA,LA,8,65.0
2019_02_NO_LA,NO,11,87.0
2019_02_PHI_ATL,ATL,10,58.0
2019_02_PHI_ATL,PHI,7,60.0
2019_02_SEA_PIT,PIT,5,78.0
2019_02_SEA_PIT,SEA,10,93.0
2019_02_SF_CIN,CIN,7,60.0
2019_02_SF_CIN,SF,9,75.0
2019_02_TB_CAR,CAR,5,50.0
2019_02_TB_CAR,TB,12,66.0
2019_03_ATL_IND,ATL,16,128.0
2019_03_ATL_IND,IND,4,39.0
2019_03_BAL_KC,BAL,7,60.0
2019_03_BAL_KC,KC,4,31.0
2019_03_CAR_ARI,ARI,7,52.0
2019_03_CAR_ARI,CAR,3,35.0
2019_03_CHI_WAS,CHI,9,59.0
2019_03_CHI_WAS,WAS,9,61.0
2019_03_CIN_BUF,BUF,7,55.0
2019_03_CIN_BUF,CIN,8,54.0
2019_03_DEN_GB,DEN,3,27.0
2019_03_DEN_GB,GB,7,53.0
2019_03_DET_PHI,DET,9,61.0
2019_03_DET_PHI,PHI,4,30.0
2019_03_HOU_LAC,HOU,6,65.0
2019_03_HOU_LAC,LAC,7,69.0
2019_03_LA_CLE,CLE,8,60.0
2019_03_LA_CLE,LA,7,49.0
2019_03_MIA_DAL,DAL,8,100.0
2019_03_MIA_DAL,MIA,5,35.0
2019_03_NO_SEA,NO,11,70.0
2019_03_NO_SEA,SEA,7,53.0
2019_03_NYG_TB,NYG,6,59.0
2019_03_NYG_TB,TB,4,30.0
2019_03_NYJ_NE,NE,8,70.0
2019_03_NYJ_NE,NYJ,5,67.0
2019_03_OAK_MIN,LV,7,84.0
2019_03_OAK_MIN,MIN,6,59.0
2019_03_PIT_SF,PIT,6,42.0
2019_03_PIT_SF,SF,5,71.0
2019_03_TEN_JAX,JAX,4,30.0
2019_03_TEN_JAX,TEN,9,101.0
2019_04_CAR_HOU,CAR,6,35.0
2019_04_CAR_HOU,HOU,7,81.0
2019_04_CIN_PIT,CIN,8,60.0
2019_04_CIN_PIT,PIT,4,37.0
2019_04_CLE_BAL,BAL,3,15.0
2019_04_CLE_BAL,CLE,6,41.0
2019_04_DAL_NO,DAL,6,64.0
2019_04_DAL_NO,NO,9,80.0
2019_04_JAX_DEN,DEN,5,48.0
2019_04_JAX_DEN,JAX,12,104.0
2019_04_KC_DET,DET,8,48.0
2019_04_KC_DET,KC,7,51.0
2019_04_LAC_MIA,LAC,10,89.0
2019_04_LAC_MIA,MIA,5,53.0
2019_04_MIN_CHI,CHI,7,50.0
2019_04_MIN_CHI,MIN,7,55.0
2019_04_NE_BUF,BUF,8,76.0
2019_04_NE_BUF,NE,8,58.0
2019_04_OAK_IND,IND,5,35.0
2019_04_OAK_IND,LV,11,80.0
2019_04_PHI_GB,GB,5,50.0
2019_04_PHI_GB,PHI,9,93.0
2019_04_SEA_ARI,ARI,7,44.0
2019_04_SEA_ARI,SEA,7,65.0
2019_04_TB_LA,LA,13,106.0
2019_04_TB_LA,TB,12,99.0
2019_04_TEN_ATL,ATL,7,50.0
2019_04_TEN_ATL,TEN,5,77.0
2019_04_WAS_NYG,NYG,5,45.0
2019_04_WAS_NYG,WAS,12,58.0
2019_05_ARI_CIN,ARI,12,96.0
2019_05_ARI_CIN,CIN,7,60.0
2019_05_ATL_HOU,ATL,7,63.0
2019_05_ATL_HOU,HOU,9,89.0
2019_05_BAL_PIT,BAL,11,92.0
2019_05_BAL_PIT,PIT,11,76.0
2019_05_BUF_TEN,BUF,11,78.0
2019_05_BUF_TEN,TEN,8,60.0
2019_05_CHI_OAK,CHI,10,75.0
2019_05_CHI_OAK,LV,6,69.0
2019_05_CLE_SF,CLE,7,55.0
2019_05_CLE_SF,SF,4,34.0
2019_05_DEN_LAC,DEN,12,122.0
2019_05_DEN_LAC,LAC,4,43.0
2019_05_GB_DAL,DAL,11,124.0
2019_05_GB_DAL,GB,8,73.0
2019_05_IND_KC,IND,7,50.0
2019_05_IND_KC,KC,11,125.0
2019_05_JAX_CAR,CAR,8,70.0
2019_05_JAX_CAR,JAX,9,84.0
2019_05_LA_SEA,LA,6,45.0
2019_05_LA_SEA,SEA,5,45.0
2019_05_MIN_NYG,MIN,12,112.0
2019_05_MIN_NYG,NYG,5,45.0
2019_05_NE_WAS,NE,7,55.0
2019_05_NE_WAS,WAS,6,72.0
2019_05_NYJ_PHI,NYJ,9,52.0
2019_05_NYJ_PHI,PHI,9,76.0
2019_05_TB_NO,NO,6,40.0
2019_05_TB_NO,TB,4,30.0
2019_06_ATL_ARI,ARI,8,57.0
2019_06_ATL_ARI,ATL,8,72.0
2019_06_CAR_TB,CAR,3,30.0
2019_06_CAR_TB,TB,9,70.0
2019_06_CIN_BAL,BAL,10,81.0
2019_06_CIN_BAL,CIN,4,20.0
2019_06_DAL_NYJ,DAL,9,68.0
2019_06_DAL_NYJ,NYJ,8,105.0
2019_06_DET_GB,DET,8,50.0
2019_06_DET_GB,GB,6,48.0
2019_06_HOU_KC,HOU,10,70.0
2019_06_HOU_KC,KC,11,79.0
2019_06_NO_JAX,JAX,2,15.0
2019_06_NO_JAX,NO,3,35.0
2019_06_NYG_NE,NE,3,20.0
2019_06_NYG_NE,NYG,5,40.0
2019_06_PHI_MIN,MIN,4,30.0
2019_06_PHI_MIN,PHI,7,49.0
2019_06_PIT_LAC,LAC,8,74.0
2019_06_PIT_LAC,PIT,6,45.0
2019_06_SEA_CLE,CLE,9,83.0
2019_06_SEA_CLE,SEA,10,65.0
2019_06_SF_LA,LA,8,59.0
2019_06_SF_LA,SF,4,30.0
2019_06_TEN_DEN,DEN,8,51.0
2019_06_TEN_DEN,TEN,6,40.0
2019_06_WAS_MIA,MIA,5,45.0
2019_06_WAS_MIA,WAS,6,56.0
2019_07_ARI_NYG,ARI,10,85.0
2019_07_ARI_NYG,NYG,6,75.0
2019_07_BAL_SEA,BAL,8,75.0
2019_07_BAL_SEA,SEA,2,18.0
2019_07_HOU_IND,HOU,10,54.0
2019_07_HOU_IND,IND,6,45.0
2019_07_JAX_CIN,CIN,6,50.0
2019_07_JAX_CIN,JAX,11,130.0
2019_07_KC_DEN,DEN,4,33.0
2019_07_KC_DEN,KC,6,46.0
2019_07_LAC_TEN,LAC,4,29.0
2019_07_LAC_TEN,TEN,7,54.0
2019_07_LA_ATL,ATL,5,48.0
2019_07_LA_ATL,LA,5,24.0
2019_07_MIA_BUF,BUF,9,83.0
2019_07_MIA_BUF,MIA,6,55.0
2019_07_MIN_DET,DET,8,67.0
2019_07_MIN_DET,MIN,6,60.0
2019_07_NE_NYJ,NE,7,92.0
2019_07_NE_NYJ,NYJ,8,60.0
2019_07_NO_CHI,CHI,3,10.0
2019_07_NO_CHI,NO,4,35.0
2019_07_OAK_GB,GB,3,20.0
2019_07_OAK_GB,LV,8,97.0
2019_07_PHI_DAL,DAL,6,65.0
2019_07_PHI_DAL,PHI,5,40.0
2019_07_SF_WAS,SF,2,20.0
2019_07_SF_WAS,WAS,7,47.0
2019_08_ARI_NO,ARI,5,35.0
2019_08_ARI_NO,NO,2,15.0
2019_08_CAR_SF,CAR,9,70.0
2019_08_CAR_SF,SF,4,31.0
2019_08_CIN_LA,CIN,6,40.0
2019_08_CIN_LA,LA,9,59.0
2019_08_CLE_NE,CLE,13,85.0
2019_08_CLE_NE,NE,4,32.0
2019_08_DEN_IND,DEN,10,88.0
2019_08_DEN_IND,IND,10,103.0
2019_08_GB_KC,GB,4,25.0
2019_08_GB_KC,KC,3,30.0
2019_08_LAC_CHI,CHI,5,42.0
2019_08_LAC_CHI,LAC,8,53.0
2019_08_MIA_PIT,MIA,5,45.0
2019_08_MIA_PIT,PIT,9,70.0
2019_08_NYG_DET,DET,7,75.0
2019_08_NYG_DET,NYG,5,44.0
2019_08_NYJ_JAX,JAX,9,70.0
2019_08_NYJ_JAX,NYJ,10,83.0
2019_08_OAK_HOU,HOU,7,50.0
2019_08_OAK_HOU,LV,11,100.0
2019_08_PHI_BUF,BUF,8,57.0
2019_08_PHI_BUF,PHI,4,44.0
2019_08_SEA_ATL,ATL,5,40.0
2019_08_SEA_ATL,SEA,9,60.0
2019_08_TB_TEN,TB,9,87.0
2019_08_TB_TEN,TEN,6,77.0
2019_08_WAS_MIN,MIN,7,74.0
2019_08_WAS_MIN,WAS,4,46.0
2019_09_CHI_PHI,CHI,9,70.0
2019_09_CHI_PHI,PHI,8,75.0
2019_09_CLE_DEN,CLE,5,40.0
2019_09_CLE_DEN,DEN,7,55.0
2019_09_DAL_NYG,DAL,10,104.0
2019_09_DAL_NYG,NYG,8,71.0
2019_09_DET_OAK,DET,5,35.0
2019_09_DET_OAK,LV,10,96.0
2019_09_GB_LAC,GB,8,45.0
2019_09_GB_LAC,LAC,5,45.0
2019_09_HOU_JAX,HOU,7,60.0
2019_09_HOU_JAX,JAX,4,34.0
2019_09_IND_PIT,IND,7,89.0
2019_09_IND_PIT,PIT,5,70.0
2019_09_MIN_KC,KC,4,25.0
2019_09_MIN_KC,MIN,3,25.0
2019_09_NE_BAL,BAL,4,34.0
2019_09_NE_BAL,NE,7,48.0
2019_09_NYJ_MIA,MIA,6,51.0
2019_09_NYJ_MIA,NYJ,10,105.0
2019_09_SF_ARI,ARI,9,65.0
2019_09_SF_ARI,SF,8,75.0
2019_09_TB_SEA,SEA,4,45.0
2019_09_TB_SEA,TB,10,82.0
2019_09_TEN_CAR,CAR,6,77.0
2019_09_TEN_CAR,TEN,11,99.0
2019_09_WAS_BUF,BUF,2,20.0
2019_09_WAS_BUF,WAS,3,15.0
2019_10_ARI_TB,ARI,11,87.0
2019_10_ARI_TB,TB,9,94.0
2019_10_ATL_NO,ATL,7,48.0
2019_10_ATL_NO,NO,12,90.0
2019_10_BAL_CIN,BAL,5,35.0
2019_10_BAL_CIN,CIN,1,5.0
2019_10_BUF_CLE,BUF,7,40.0
2019_10_BUF_CLE,CLE,4,70.0
2019_10_CAR_GB,CAR,5,46.0
2019_10_CAR_GB,GB,10,64.0
2019_10_DET_CHI,CHI,7,57.0
2019_10_DET_CHI,DET,8,76.0
2019_10_KC_TEN,KC,9,80.0
2019_10_KC_TEN,TEN,8,64.0
2019_10_LAC_OAK,LAC,8,70.0
2019_10_LAC_OAK,LV,12,97.0
2019_10_LA_PIT,LA,10,95.0
2019_10_LA_PIT,PIT,13,107.0
2019_10_MIA_IND,IND,3,25.0
2019_10_MIA_IND,MIA,4,30.0
2019_10_MIN_DAL,DAL,5,39.0
2019_10_MIN_DAL,MIN,5,35.0
2019_10_NYG_NYJ,NYG,6,62.0
2019_10_NYG_NYJ,NYJ,7,54.0
2019_10_SEA_SF,SEA,9,75.0
2019_10_SEA_SF,SF,5,40.0
2019_11_ARI_SF,ARI,10,104.0
2019_11_ARI_SF,SF,10,127.0
2019_11_ATL_CAR,ATL,3,20.0
2019_11_ATL_CAR,CAR,8,68.0
2019_11_BUF_MIA,BUF,5,50.0
2019_11_BUF_MIA,MIA,6,44.0
2019_11_CHI_LA,CHI,2,25.0
2019_11_CHI_LA,LA,6,34.0
2019_11_CIN_OAK,CIN,4,40.0
2019_11_CIN_OAK,LV,7,42.0
2019_11_DAL_DET,DAL,6,45.0
2019_11_DAL_DET,DET,11,89.0
2019_11_DEN_MIN,DEN,6,35.0
2019_11_DEN_MIN,MIN,5,49.0
2019_11_HOU_BAL,BAL,8,65.0
2019_11_HOU_BAL,HOU,5,60.0
2019_11_JAX_IND,IND,3,20.0
2019_11_JAX_IND,JAX,8,81.0
2019_11_KC_LAC,KC,8,102.0
2019_11_KC_LAC,LAC,9,60.0
2019_11_NE_PHI,NE,6,89.0
2019_11_NE_PHI,PHI,7,39.0
2019_11_NO_TB,NO,9,76.0
2019_11_NO_TB,TB,7,55.0
2019_11_NYJ_WAS,NYJ,6,55.0
2019_11_NYJ_WAS,WAS,10,56.0
2019_11_PIT_CLE,CLE,8,121.0
2019_11_PIT_CLE,PIT,6,41.0
2019_12_BAL_LA,BAL,8,66.0
2019_12_BAL_LA,LA,8,56.0
2019_12_CAR_NO,CAR,3,25.0
2019_12_CAR_NO,NO,12,123.0
2019_12_DAL_NE,DAL,7,50.0
2019_12_DAL_NE,NE,6,56.0
2019_12_DEN_BUF,BUF,12,90.0
2019_12_DEN_BUF,DEN,7,70.0
2019_12_DET_WAS,DET,6,65.0
2019_12_DET_WAS,WAS,8,63.0
2019_12_GB_SF,GB,5,50.0
2019_12_GB_SF,SF,9,78.0
2019_12_IND_HOU,HOU,4,27.0
2019_12_IND_HOU,IND,3,29.0
2019_12_JAX_TEN,JAX,11,104.0
2019_12_JAX_TEN,TEN,6,54.0
2019_12_MIA_CLE,CLE,7,70.0
2019_12_MIA_CLE,MIA,8,94.0
2019_12_NYG_CHI,CHI,6,40.0
2019_12_NYG_CHI,NYG,6,35.0
2019_12_OAK_NYJ,LV,4,35.0
2019_12_OAK_NYJ,NYJ,4,37.0
2019_12_PIT_CIN,CIN,7,79.0
2019_12_PIT_CIN,PIT,10,77.0
2019_12_SEA_PHI,PHI,2,15.0
2019_12_SEA_PHI,SEA,12,90.0
2019_12_TB_ATL,ATL,7,60.0
2019_12_TB_ATL,TB,8,51.0
2019_13_BUF_DAL,BUF,7,53.0
2019_13_BUF_DAL,DAL,5,66.0
2019_13_CHI_DET,CHI,10,89.0
2019_13_CHI_DET,DET,9,85.0
2019_13_CLE_PIT,CLE,5,34.0
2019_13_CLE_PIT,PIT,10,65.0
2019_13_GB_NYG,GB,7,54.0
2019_13_GB_NYG,NYG,4,31.0
2019_13_LAC_DEN,DEN,3,25.0
2019_13_LAC_DEN,LAC,7,82.0
2019_13_LA_ARI,ARI,2,7.0
2019_13_LA_ARI,LA,8,81.0
2019_13_MIN_SEA,MIN,3,30.0
2019_13_MIN_SEA,SEA,1,30.0
2019_13_NE_HOU,HOU,8,79.0
2019_13_NE_HOU,NE,8,60.0
2019_13_NO_ATL,ATL,4,18.0
2019_13_NO_ATL,NO,9,121.0
2019_13_NYJ_CIN,CIN,2,15.0
2019_13_NYJ_CIN,NYJ,10,106.0
2019_13_OAK_KC,LV,12,99.0
2019_13_PHI_MIA,MIA,7,59.0
2019_13_PHI_MIA,PHI,10,91.0
2019_13_SF_BAL,BAL,3,23.0
2019_13_SF_BAL,SF,6,54.0
2019_13_TB_JAX,JAX,16,121.0
2019_13_TB_JAX,TB,8,44.0
2019_13_TEN_IND,IND,6,40.0
2019_13_TEN_IND,TEN,3,33.0
2019_13_WAS_CAR,CAR,5,43.0
2019_13_WAS_CAR,WAS,6,65.0
2019_14_BAL_BUF,BAL,9,99.0
2019_14_BAL_BUF,BUF,4,44.0
2019_14_CAR_ATL,ATL,6,58.0
2019_14_CAR_ATL,CAR,7,44.0
2019_14_CIN_CLE,CIN,8,99.0
2019_14_CIN_CLE,CLE,6,30.0
2019_14_DAL_CHI,CHI,4,30.0
2019_14_DAL_CHI,DAL,6,52.0
2019_14_DEN_HOU,DEN,7,50.0
2019_14_DEN_HOU,HOU,9,44.0
2019_14_DET_MIN,DET,4,28.0
2019_14_DET_MIN,MIN,8,55.0
2019_14_IND_TB,IND,3,35.0
2019_14_IND_TB,TB,6,104.0
2019_14_KC_NE,KC,10,136.0
2019_14_KC_NE,NE,5,25.0
2019_14_LAC_JAX,JAX,10,101.0
2019_14_LAC_JAX,LAC,6,65.0
2019_14_MIA_NYJ,MIA,5,48.0
2019_14_MIA_NYJ,NYJ,5,88.0
2019_14_NYG_PHI,NYG,7,54.0
2019_14_NYG_PHI,PHI,4,30.0
2019_14_PIT_ARI,ARI,7,75.0
2019_14_PIT_ARI,PIT,4,20.0
2019_14_SEA_LA,LA,3,20.0
2019_14_SEA_LA,SEA,8,64.0
2019_14_SF_NO,NO,5,50.0
2019_14_SF_NO,SF,10,67.0
2019_14_TEN_OAK,LV,3,20.0
2019_14_TEN_OAK,TEN,4,21.0
2019_14_WAS_GB,GB,5,34.0
2019_14_WAS_GB,WAS,3,25.0
2019_15_ATL_SF,ATL,11,98.0
2019_15_ATL_SF,SF,7,67.0
2019_15_BUF_PIT,BUF,8,70.0
2019_15_BUF_PIT,PIT,6,30.0
2019_15_CHI_GB,CHI,4,35.0
2019_15_CHI_GB,GB,4,30.0
2019_15_CLE_ARI,ARI,5,34.0
2019_15_CLE_ARI,CLE,6,55.0
2019_15_DEN_KC,DEN,7,72.0
2019_15_DEN_KC,KC,5,45.0
2019_15_HOU_TEN,HOU,5,27.0
2019_15_HOU_TEN,TEN,4,30.0
2019_15_IND_NO,IND,7,49.0
2019_15_IND_NO,NO,6,52.0
2019_15_JAX_OAK,JAX,8,87.0
2019_15_JAX_OAK,LV,6,51.0
2019_15_LA_DAL,DAL,4,16.0
2019_15_LA_DAL,LA,5,29.0
2019_15_MIA_NYG,MIA,7,42.0
2019_15_MIA_NYG,NYG,4,32.0
2019_15_MIN_LAC,LAC,5,48.0
2019_15_MIN_LAC,MIN,5,41.0
2019_15_NE_CIN,CIN,5,25.0
2019_15_NE_CIN,NE,4,30.0
2019_15_NYJ_BAL,BAL,6,35.0
2019_15_NYJ_BAL,NYJ,8,94.0
2019_15_PHI_WAS,PHI,7,54.0
2019_15_PHI_WAS,WAS,5,60.0
2019_15_SEA_CAR,CAR,2,15.0
2019_15_SEA_CAR,SEA,5,40.0
2019_15_TB_DET,DET,2,10.0
2019_15_TB_DET,TB,9,70.0
2019_16_ARI_SEA,ARI,5,47.0
2019_16_ARI_SEA,SEA,7,55.0
2019_16_BAL_CLE,BAL,7,50.0
2019_16_BAL_CLE,CLE,7,62.0
2019_16_BUF_NE,BUF,7,46.0
2019_16_BUF_NE,NE,3,30.0
2019_16_CAR_IND,CAR,6,46.0
2019_16_CIN_MIA,CIN,10,77.0
2019_16_CIN_MIA,MIA,6,47.0
2019_16_DAL_PHI,DAL,2,20.0
2019_16_DAL_PHI,PHI,4,30.0
2019_16_DET_DEN,DEN,6,50.0
2019_16_DET_DEN,DET,7,68.0
2019_16_GB_MIN,GB,2,20.0
2019_16_GB_MIN,MIN,3,30.0
2019_16_HOU_TB,HOU,4,35.0
2019_16_HOU_TB,TB,6,45.0
2019_16_JAX_ATL,ATL,9,64.0
2019_16_JAX_ATL,JAX,6,36.0
2019_16_KC_CHI,CHI,7,50.0
2019_16_KC_CHI,KC,9,71.0
2019_16_LA_SF,LA,7,43.0
2019_16_LA_SF,SF,3,26.0
2019_16_NO_TEN,NO,11,70.0
2019_16_NO_TEN,TEN,6,56.0
2019_16_NYG_WAS,NYG,4,33.0
2019_16_NYG_WAS,WAS,6,51.0
2019_16_OAK_LAC,LAC,2,15.0
2019_16_OAK_LAC,LV,5,47.0
2019_16_PIT_NYJ,NYJ,3,30.0
2019_16_PIT_NYJ,PIT,4,34.0
2019_17_ARI_LA,ARI,8,63.0
2019_17_ARI_LA,LA,10,91.0
2019_17_ATL_TB,ATL,5,53.0
2019_17_ATL_TB,TB,12,97.0
2019_17_CHI_MIN,CHI,3,34.0
2019_17_CHI_MIN,MIN,3,40.0
2019_17_CLE_CIN,CIN,3,20.0
2019_17_CLE_CIN,CLE,4,33.0
2019_17_GB_DET,DET,4,50.0
2019_17_GB_DET,GB,9,97.0
2019_17_IND_JAX,IND,4,36.0
2019_17_IND_JAX,JAX,3,27.0
2019_17_LAC_KC,KC,5,39.0
2019_17_LAC_KC,LAC,8,40.0
2019_17_MIA_NE,MIA,4,35.0
2019_17_MIA_NE,NE,6,54.0
2019_17_NO_CAR,CAR,5,54.0
2019_17_NO_CAR,NO,3,44.0
2019_17_NYJ_BUF,BUF,5,40.0
2019_17_NYJ_BUF,NYJ,2,13.0
2019_17_OAK_DEN,DEN,9,61.0
2019_17_OAK_DEN,LV,10,107.0
2019_17_PHI_NYG,NYG,4,48.0
2019_17_PHI_NYG,PHI,7,55.0
2019_17_PIT_BAL,BAL,6,35.0
2019_17_PIT_BAL,PIT,6,47.0
2019_17_SF_SEA,SEA,5,29.0
2019_17_SF_SEA,SF,8,57.0
2019_17_TEN_HOU,HOU,5,35.0
2019_17_TEN_HOU,TEN,5,37.0
2019_17_WAS_DAL,DAL,10,81.0
2019_17_WAS_DAL,WAS,2,10.0
2019_18_BUF_HOU,BUF,7,64.0
2019_18_BUF_HOU,HOU,4,20.0
2019_18_MIN_NO,MIN,4,26.0
2019_18_MIN_NO,NO,6,52.0
2019_18_SEA_PHI,PHI,7,45.0
2019_18_SEA_PHI,SEA,11,114.0
2019_18_TEN_NE,NE,3,28.0
2019_18_TEN_NE,TEN,5,25.0
2019_19_HOU_KC,HOU,7,87.0
2019_19_HOU_KC,KC,4,37.0
2019_19_MIN_SF,MIN,1,15.0
2019_19_MIN_SF,SF,5,38.0
2019_19_SEA_GB,GB,4,30.0
2019_19_SEA_GB,SEA,6,47.0
2019_19_TEN_BAL,BAL,7,56.0
2019_19_TEN_BAL,TEN,5,20.0
2019_20_GB_SF,GB,6,46.0
2019_20_GB_SF,SF,2,10.0
2019_20_TEN_KC,KC,9,61.0
2019_20_TEN_KC,TEN,8,85.0
2019_21_SF_KC,KC,4,24.0
2019_21_SF_KC,SF,5,45.0
2020_01_ARI_SF,ARI,9,102.0
2020_01_ARI_SF,SF,5,53.0
2020_01_CHI_DET,CHI,6,48.0
2020_01_CHI_DET,DET,8,77.0
2020_01_CLE_BAL,BAL,7,66.0
2020_01_CLE_BAL,CLE,8,80.0
2020_01_DAL_LA,DAL,7,50.0
2020_01_DAL_LA,LA,5,34.0
2020_01_GB_MIN,GB,6,63.0
2020_01_GB_MIN,MIN,5,20.0
2020_01_HOU_KC,HOU,5,37.0
2020_01_HOU_KC,KC,1,5.0
2020_01_IND_JAX,IND,5,80.0
2020_01_IND_JAX,JAX,6,61.0
2020_01_LAC_CIN,CIN,7,44.0
2020_01_LAC_CIN,LAC,6,35.0
2020_01_LV_CAR,CAR,5,65.0
2020_01_LV_CAR,LV,3,40.0
2020_01_MIA_NE,MIA,4,35.0
2020_01_MIA_NE,NE,3,47.0
2020_01_NYJ_BUF,BUF,7,79.0
2020_01_NYJ_BUF,NYJ,9,95.0
2020_01_PHI_WAS,PHI,3,20.0
2020_01_PHI_WAS,WAS,7,55.0
2020_01_PIT_NYG,NYG,4,25.0
2020_01_PIT_NYG,PIT,3,21.0
2020_01_SEA_ATL,ATL,6,72.0
2020_01_SEA_ATL,SEA,6,46.0
2020_01_TB_NO,NO,6,119.0
2020_01_TB_NO,TB,9,103.0
2020_01_TEN_DEN,DEN,5,56.0
2020_01_TEN_DEN,TEN,5,37.0
2020_02_ATL_DAL,ATL,8,51.0
2020_02_ATL_DAL,DAL,7,75.0
2020_02_BAL_HOU,BAL,3,21.0
2020_02_BAL_HOU,HOU,4,22.0
2020_02_BUF_MIA,BUF,6,55.0
2020_02_BUF_MIA,MIA,3,20.0
2020_02_CAR_TB,CAR,9,77.0
2020_02_CAR_TB,TB,5,37.0
2020_02_CIN_CLE,CIN,4,45.0
2020_02_CIN_CLE,CLE,8,76.0
2020_02_DEN_PIT,DEN,4,30.0
2020_02_DEN_PIT,PIT,10,89.0
2020_02_DET_GB,DET,7,70.0
2020_02_DET_GB,GB,8,60.0
2020_02_JAX_TEN,JAX,8,60.0
2020_02_JAX_TEN,TEN,4,30.0
2020_02_KC_LAC,KC,11,90.0
2020_02_KC_LAC,LAC,6,40.0
2020_02_LA_PHI,LA,4,24.0
2020_02_LA_PHI,PHI,5,30.0
2020_02_MIN_IND,IND,9,93.0
2020_02_MIN_IND,MIN,6,45.0
2020_02_NE_SEA,NE,2,12.0
2020_02_NE_SEA,SEA,9,68.0
2020_02_NO_LV,LV,3,13.0
2020_02_NO_LV,NO,10,129.0
2020_02_NYG_CHI,CHI,5,48.0
2020_02_NYG_CHI,NYG,3,10.0
2020_02_SF_NYJ,NYJ,5,65.0
2020_02_SF_NYJ,SF,5,59.0
2020_02_WAS_ARI,ARI,11,97.0
2020_02_WAS_ARI,WAS,6,42.0
2020_03_CAR_LAC,CAR,3,30.0
2020_03_CAR_LAC,LAC,8,60.0
2020_03_CHI_ATL,ATL,7,75.0
2020_03_CHI_ATL,CHI,10,80.0
2020_03_CIN_PHI,CIN,9,73.0
2020_03_CIN_PHI,PHI,11,93.0
2020_03_DAL_SEA,DAL,10,59.0
2020_03_DAL_SEA,SEA,5,30.0
2020_03_DET_ARI,ARI,7,38.0
2020_03_DET_ARI,DET,7,46.0
2020_03_GB_NO,GB,2,10.0
2020_03_GB_NO,NO,8,83.0
2020_03_HOU_PIT,HOU,4,49.0
2020_03_HOU_PIT,PIT,2,14.0
2020_03_KC_BAL,BAL,6,45.0
2020_03_KC_BAL,KC,6,38.0
2020_03_LA_BUF,BUF,5,55.0
2020_03_LA_BUF,LA,3,30.0
2020_03_LV_NE,LV,6,40.0
2020_03_LV_NE,NE,2,33.0
2020_03_MIA_JAX,JAX,8,63.0
2020_03_MIA_JAX,MIA,6,51.0
2020_03_NYJ_IND,IND,4,40.0
2020_03_NYJ_IND,NYJ,7,57.0
2020_03_SF_NYG,NYG,5,28.0
2020_03_SF_NYG,SF,6,45.0
2020_03_TB_DEN,DEN,4,30.0
2020_03_TB_DEN,TB,9,71.0
2020_03_TEN_MIN,MIN,3,20.0
2020_03_TEN_MIN,TEN,4,45.0
2020_03_WAS_CLE,CLE,6,50.0
2020_03_WAS_CLE,WAS,4,40.0
2020_04_ARI_CAR,ARI,5,29.0
2020_04_ARI_CAR,CAR,10,72.0
2020_04_ATL_GB,ATL,3,23.0
2020_04_ATL_GB,GB,3,30.0
2020_04_BAL_WAS,BAL,5,30.0
2020_04_BAL_WAS,WAS,2,20.0
2020_04_BUF_LV,BUF,5,81.0
2020_04_BUF_LV,LV,7,65.0
2020_04_CLE_DAL,CLE,5,40.0
2020_04_CLE_DAL,DAL,6,65.0
2020_04_DEN_NYJ,DEN,8,94.0
2020_04_DEN_NYJ,NYJ,11,118.0
2020_04_IND_CHI,CHI,8,103.0
2020_04_IND_CHI,IND,8,76.0
2020_04_JAX_CIN,CIN,7,73.0
2020_04_JAX_CIN,JAX,6,49.0
2020_04_LAC_TB,LAC,7,60.0
2020_04_LAC_TB,TB,8,90.0
2020_04_MIN_HOU,HOU,2,15.0
2020_04_MIN_HOU,MIN,4,36.0
2020_04_NE_KC,KC,4,38.0
2020_04_NE_KC,NE,4,43.0
2020_04_NO_DET,DET,5,49.0
2020_04_NO_DET,NO,4,67.0
2020_04_NYG_LA,LA,1,5.0
2020_04_NYG_LA,NYG,4,20.0
2020_04_PHI_SF,PHI,3,25.0
2020_04_PHI_SF,SF,6,42.0
2020_04_SEA_MIA,MIA,3,20.0
2020_05_ARI_NYJ,ARI,10,59.0
2020_05_ARI_NYJ,NYJ,6,30.0
2020_05_BUF_TEN,BUF,10,56.0
2020_05_BUF_TEN,TEN,6,46.0
2020_05_CAR_ATL,ATL,3,40.0
2020_05_CAR_ATL,CAR,4,25.0
2020_05_CIN_BAL,BAL,4,25.0
2020_05_CIN_BAL,CIN,5,40.0
2020_05_IND_CLE,CLE,2,10.0
2020_05_IND_CLE,IND,5,34.0
2020_05_JAX_HOU,HOU,5,25.0
2020_05_JAX_HOU,JAX,4,35.0
2020_05_LAC_NO,LAC,1,10.0
2020_05_LAC_NO,NO,5,60.0
2020_05_LA_WAS,LA,5,60.0
2020_05_LA_WAS,WAS,3,40.0
2020_05_LV_KC,KC,10,94.0
2020_05_LV_KC,LV,8,59.0
2020_05_MIA_SF,MIA,7,69.0
2020_05_MIA_SF,SF,7,75.0
2020_05_MIN_SEA,MIN,6,55.0
2020_05_MIN_SEA,SEA,3,25.0
2020_05_NYG_DAL,DAL,3,25.0
2020_05_NYG_DAL,NYG,8,81.0
2020_05_PHI_PIT,PHI,9,84.0
2020_05_PHI_PIT,PIT,8,86.0
2020_05_TB_CHI,CHI,6,66.0
2020_05_TB_CHI,TB,11,109.0
2020_06_ARI_DAL,ARI,7,43.0
2020_06_ARI_DAL,DAL,6,36.0
2020_06_ATL_MIN,ATL,5,25.0
2020_06_ATL_MIN,MIN,3,30.0
2020_06_BAL_PHI,BAL,12,132.0
2020_06_BAL_PHI,PHI,3,20.0
2020_06_CHI_CAR,CAR,8,69.0
2020_06_CHI_CAR,CHI,10,92.0
2020_06_CIN_IND,CIN,6,20.0
2020_06_CIN_IND,IND,6,55.0
2020_06_CLE_PIT,CLE,7,55.0
2020_06_CLE_PIT,PIT,6,45.0
2020_06_DEN_NE,DEN,2,20.0
2020_06_DEN_NE,NE,1,4.0
2020_06_DET_JAX,DET,7,60.0
2020_06_DET_JAX,JAX,5,56.0
2020_06_GB_TB,GB,6,76.0
2020_06_HOU_TEN,HOU,4,46.0
2020_06_HOU_TEN,TEN,7,73.0
2020_06_KC_BUF,BUF,4,39.0
2020_06_KC_BUF,KC,8,68.0
2020_06_LA_SF,LA,6,34.0
2020_06_LA_SF,SF,7,63.0
2020_06_NYJ_MIA,MIA,5,25.0
2020_06_NYJ_MIA,NYJ,7,80.0
2020_06_WAS_NYG,NYG,4,30.0
2020_06_WAS_NYG,WAS,8,50.0
2020_07_BUF_NYJ,BUF,11,106.0
2020_07_BUF_NYJ,NYJ,6,49.0
2020_07_CAR_NO,CAR,1,5.0
2020_07_CAR_NO,NO,6,50.0
2020_07_CHI_LA,CHI,6,46.0
2020_07_CHI_LA,LA,4,46.0
2020_07_CLE_CIN,CIN,7,45.0
2020_07_CLE_CIN,CLE,5,40.0
2020_07_DAL_WAS,DAL,6,49.0
2020_07_DAL_WAS,WAS,4,30.0
2020_07_DET_ATL,ATL,8,53.0
2020_07_DET_ATL,DET,5,50.0
2020_07_GB_HOU,GB,5,40.0
2020_07_GB_HOU,HOU,6,55.0
2020_07_JAX_LAC,JAX,6,55.0
2020_07_JAX_LAC,LAC,3,35.0
2020_07_KC_DEN,DEN,5,34.0
2020_07_KC_DEN,KC,1,15.0
2020_07_NYG_PHI,NYG,9,62.0
2020_07_NYG_PHI,PHI,7,75.0
2020_07_PIT_TEN,PIT,8,69.0
2020_07_PIT_TEN,TEN,7,73.0
2020_07_SEA_ARI,ARI,6,40.0
2020_07_SEA_ARI,SEA,8,78.0
2020_07_SF_NE,NE,3,30.0
2020_07_SF_NE,SF,6,65.0
2020_07_TB_LV,LV,4,35.0
2020_07_TB_LV,TB,4,20.0
2020_08_ATL_CAR,ATL,6,63.0
2020_08_ATL_CAR,CAR,6,30.0
2020_08_DAL_PHI,DAL,7,68.0
2020_08_DAL_PHI,PHI,4,28.0
2020_08_IND_DET,DET,4,76.0
2020_08_IND_DET,IND,3,19.0
2020_08_LAC_DEN,DEN,8,70.0
2020_08_LAC_DEN,LAC,6,67.0
2020_08_LA_MIA,LA,5,45.0
2020_08_LA_MIA,MIA,3,30.0
2020_08_LV_CLE,CLE,7,59.0
2020_08_LV_CLE,LV,5,25.0
2020_08_MIN_GB,GB,9,85.0
2020_08_MIN_GB,MIN,7,36.0
2020_08_NE_BUF,BUF,5,30.0
2020_08_NE_BUF,NE,5,35.0
2020_08_NO_CHI,CHI,7,53.0
2020_08_NO_CHI,NO,5,45.0
2020_08_NYJ_KC,KC,7,61.0
2020_08_NYJ_KC,NYJ,3,25.0
2020_08_PIT_BAL,BAL,9,110.0
2020_08_PIT_BAL,PIT,3,30.0
2020_08_SF_SEA,SEA,6,30.0
2020_08_SF_SEA,SF,6,36.0
2020_08_TB_NYG,NYG,7,73.0
2020_08_TB_NYG,TB,3,20.0
2020_08_TEN_CIN,CIN,7,45.0
2020_08_TEN_CIN,TEN,7,68.0
2020_09_BAL_IND,BAL,5,55.0
2020_09_BAL_IND,IND,4,30.0
2020_09_CAR_KC,CAR,12,82.0
2020_09_CAR_KC,KC,8,75.0
2020_09_CHI_TEN,CHI,5,35.0
2020_09_CHI_TEN,TEN,6,57.0
2020_09_DEN_ATL,ATL,5,61.0
2020_09_DEN_ATL,DEN,5,65.0
2020_09_DET_MIN,DET,3,37.0
2020_09_DET_MIN,MIN,9,69.0
2020_09_GB_SF,GB,5,45.0
2020_09_GB_SF,SF,4,33.0
2020_09_HOU_JAX,HOU,3,18.0
2020_09_HOU_JAX,JAX,4,78.0
2020_09_LV_LAC,LAC,5,45.0
2020_09_LV_LAC,LV,2,10.0
2020_09_MIA_ARI,ARI,7,71.0
2020_09_MIA_ARI,MIA,7,75.0
2020_09_NE_NYJ,NE,6,81.0
2020_09_NE_NYJ,NYJ,4,32.0
2020_09_NO_TB,NO,3,28.0
2020_09_NO_TB,TB,5,39.0
2020_09_NYG_WAS,NYG,4,40.0
2020_09_NYG_WAS,WAS,6,45.0
2020_09_PIT_DAL,DAL,7,70.0
2020_09_PIT_DAL,PIT,3,16.0
2020_09_SEA_BUF,BUF,6,70.0
2020_09_SEA_BUF,SEA,4,13.0
2020_10_BAL_NE,BAL,8,64.0
2020_10_BAL_NE,NE,3,18.0
2020_10_BUF_ARI,ARI,7,40.0
2020_10_BUF_ARI,BUF,9,69.0
2020_10_CIN_PIT,CIN,6,65.0
2020_10_CIN_PIT,PIT,6,45.0
2020_10_DEN_LV,DEN,7,37.0
2020_10_DEN_LV,LV,8,82.0
2020_10_HOU_CLE,CLE,6,63.0
2020_10_HOU_CLE,HOU,6,49.0
2020_10_IND_TEN,IND,9,73.0
2020_10_IND_TEN,TEN,3,30.0
2020_10_JAX_GB,GB,4,35.0
2020_10_JAX_GB,JAX,7,86.0
2020_10_LAC_MIA,LAC,5,31.0
2020_10_LAC_MIA,MIA,3,15.0
2020_10_MIN_CHI,CHI,1,5.0
2020_10_MIN_CHI,MIN,4,35.0
2020_10_PHI_NYG,NYG,7,64.0
2020_10_PHI_NYG,PHI,11,74.0
2020_10_SEA_LA,LA,4,49.0
2020_10_SEA_LA,SEA,4,23.0
2020_10_SF_NO,NO,5,61.0
2020_10_SF_NO,SF,6,51.0
2020_10_TB_CAR,CAR,5,40.0
2020_10_TB_CAR,TB,3,30.0
2020_10_WAS_DET,DET,9,55.0
2020_10_WAS_DET,WAS,6,58.0
2020_11_ARI_SEA,ARI,10,115.0
2020_11_ARI_SEA,SEA,8,79.0
2020_11_ATL_NO,ATL,7,53.0
2020_11_ATL_NO,NO,5,35.0
2020_11_CIN_WAS,CIN,3,31.0
2020_11_CIN_WAS,WAS,6,49.0
2020_11_DAL_MIN,DAL,4,30.0
2020_11_DAL_MIN,MIN,8,80.0
2020_11_DET_CAR,CAR,7,45.0
2020_11_DET_CAR,DET,4,20.0
2020_11_GB_IND,GB,7,45.0
2020_11_GB_IND,IND,8,116.0
2020_11_KC_LV,KC,10,89.0
2020_11_KC_LV,LV,8,72.0
2020_11_LA_TB,LA,5,65.0
2020_11_LA_TB,TB,2,7.0
2020_11_MIA_DEN,DEN,8,70.0
2020_11_MIA_DEN,MIA,5,50.0
2020_11_NE_HOU,HOU,5,35.0
2020_11_NE_HOU,NE,7,55.0
2020_11_NYJ_LAC,LAC,9,78.0
2020_11_NYJ_LAC,NYJ,8,88.0
2020_11_PHI_CLE,CLE,3,53.0
2020_11_PHI_CLE,PHI,5,33.0
2020_11_PIT_JAX,JAX,8,105.0
2020_11_PIT_JAX,PIT,6,42.0
2020_11_TEN_BAL,BAL,6,81.0
2020_11_TEN_BAL,TEN,4,44.0
2020_12_ARI_NE,ARI,6,50.0
2020_12_ARI_NE,NE,6,42.0
2020_12_BAL_PIT,BAL,7,86.0
2020_12_BAL_PIT,PIT,5,40.0
2020_12_CAR_MIN,CAR,7,58.0
2020_12_CAR_MIN,MIN,8,52.0
2020_12_CHI_GB,CHI,5,45.0
2020_12_CHI_GB,GB,3,17.0
2020_12_CLE_JAX,CLE,6,47.0
2020_12_CLE_JAX,JAX,5,24.0
2020_12_HOU_DET,DET,4,44.0
2020_12_HOU_DET,HOU,10,74.0
2020_12_KC_TB,KC,10,82.0
2020_12_KC_TB,TB,8,57.0
2020_12_LAC_BUF,BUF,9,85.0
2020_12_LAC_BUF,LAC,5,91.0
2020_12_LV_ATL,ATL,6,49.0
2020_12_LV_ATL,LV,11,141.0
2020_12_MIA_NYJ,MIA,3,20.0
2020_12_MIA_NYJ,NYJ,6,74.0
2020_12_NO_DEN,DEN,2,10.0
2020_12_NO_DEN,NO,5,35.0
2020_12_NYG_CIN,CIN,3,27.0
2020_12_NYG_CIN,NYG,5,51.0
2020_12_SEA_PHI,PHI,9,79.0
2020_12_SEA_PHI,SEA,8,83.0
2020_12_SF_LA,LA,3,27.0
2020_12_SF_LA,SF,5,40.0
2020_12_TEN_IND,IND,6,50.0
2020_12_TEN_IND,TEN,9,63.0
2020_12_WAS_DAL,DAL,5,45.0
2020_12_WAS_DAL,WAS,5,53.0
2020_13_BUF_SF,BUF,4,50.0
2020_13_BUF_SF,SF,7,43.0
2020_13_CIN_MIA,CIN,6,62.0
2020_13_CIN_MIA,MIA,8,54.0
2020_13_CLE_TEN,CLE,13,92.0
2020_13_CLE_TEN,TEN,5,52.0
2020_13_DAL_BAL,BAL,4,23.0
2020_13_DAL_BAL,DAL,7,58.0
2020_13_DEN_KC,DEN,4,31.0
2020_13_DEN_KC,KC,5,44.0
2020_13_DET_CHI,CHI,3,20.0
2020_13_DET_CHI,DET,7,45.0
2020_13_IND_HOU,HOU,3,30.0
2020_13_IND_HOU,IND,7,50.0
2020_13_JAX_MIN,JAX,10,83.0
2020_13_JAX_MIN,MIN,6,41.0
2020_13_LA_ARI,ARI,5,21.0
2020_13_LA_ARI,LA,6,75.0
2020_13_LV_NYJ,LV,3,21.0
2020_13_LV_NYJ,NYJ,6,40.0
2020_13_NE_LAC,LAC,5,30.0
2020_13_NE_LAC,NE,3,15.0
2020_13_NO_ATL,ATL,1,15.0
2020_13_NO_ATL,NO,10,79.0
2020_13_NYG_SEA,NYG,6,35.0
2020_13_NYG_SEA,SEA,6,41.0
2020_13_PHI_GB,GB,5,30.0
2020_13_PHI_GB,PHI,4,40.0
2020_13_WAS_PIT,PIT,6,45.0
2020_13_WAS_PIT,WAS,9,62.0
2020_14_ARI_NYG,ARI,4,22.0
2020_14_ARI_NYG,NYG,2,10.0
2020_14_ATL_LAC,ATL,4,35.0
2020_14_ATL_LAC,LAC,6,40.0
2020_14_BAL_CLE,BAL,8,69.0
2020_14_BAL_CLE,CLE,8,75.0
2020_14_DAL_CIN,CIN,3,25.0
2020_14_DAL_CIN,DAL,5,30.0
2020_14_DEN_CAR,CAR,7,48.0
2020_14_DEN_CAR,DEN,2,18.0
2020_14_GB_DET,DET,4,30.0
2020_14_GB_DET,GB,12,68.0
2020_14_HOU_CHI,CHI,7,44.0
2020_14_HOU_CHI,HOU,6,50.0
2020_14_IND_LV,IND,6,50.0
2020_14_IND_LV,LV,6,33.0
2020_14_KC_MIA,KC,8,56.0
2020_14_KC_MIA,MIA,3,35.0
2020_14_MIN_TB,MIN,5,71.0
2020_14_MIN_TB,TB,5,34.0
2020_14_NE_LA,LA,5,35.0
2020_14_NE_LA,NE,5,27.0
2020_14_NO_PHI,NO,8,52.0
2020_14_NO_PHI,PHI,6,27.0
2020_14_NYJ_SEA,NYJ,7,50.0
2020_14_NYJ_SEA,SEA,4,35.0
2020_14_PIT_BUF,BUF,7,48.0
2020_14_PIT_BUF,PIT,3,55.0
2020_14_TEN_JAX,JAX,10,80.0
2020_14_TEN_JAX,TEN,7,78.0
2020_14_WAS_SF,SF,5,35.0
2020_14_WAS_SF,WAS,5,30.0
2020_15_BUF_DEN,BUF,8,75.0
2020_15_BUF_DEN,DEN,7,33.0
2020_15_CAR_GB,CAR,7,66.0
2020_15_CAR_GB,GB,5,50.0
2020_15_CHI_MIN,CHI,4,36.0
2020_15_CHI_MIN,MIN,1,5.0
2020_15_CLE_NYG,CLE,6,60.0
2020_15_CLE_NYG,NYG,2,25.0
2020_15_DET_TEN,DET,3,33.0
2020_15_DET_TEN,TEN,3,22.0
2020_15_HOU_IND,HOU,5,24.0
2020_15_HOU_IND,IND,4,35.0
2020_15_JAX_BAL,BAL,4,40.0
2020_15_JAX_BAL,JAX,7,67.0
2020_15_KC_NO,KC,5,54.0
2020_15_KC_NO,NO,10,93.0
2020_15_LAC_LV,LAC,3,20.0
2020_15_LAC_LV,LV,5,56.0
2020_15_NE_MIA,MIA,7,40.0
2020_15_NE_MIA,NE,2,20.0
2020_15_NYJ_LA,LA,5,43.0
2020_15_NYJ_LA,NYJ,6,61.0
2020_15_PHI_ARI,ARI,9,83.0
2020_15_PHI_ARI,PHI,9,69.0
2020_15_PIT_CIN,CIN,2,16.0
2020_15_PIT_CIN,PIT,4,30.0
2020_15_SEA_WAS,SEA,4,45.0
2020_15_SEA_WAS,WAS,6,41.0
2020_15_SF_DAL,DAL,5,58.0
2020_15_SF_DAL,SF,4,39.0
2020_15_TB_ATL,ATL,2,15.0
2020_15_TB_ATL,TB,1,10.0
2020_16_ATL_KC,ATL,7,45.0
2020_16_ATL_KC,KC,6,41.0
2020_16_BUF_NE,BUF,3,27.0
2020_16_BUF_NE,NE,4,25.0
2020_16_CAR_WAS,CAR,3,35.0
2020_16_CAR_WAS,WAS,5,26.0
2020_16_CHI_JAX,CHI,4,40.0
2020_16_CHI_JAX,JAX,10,115.0
2020_16_CIN_HOU,CIN,5,35.0
2020_16_CIN_HOU,HOU,6,46.0
2020_16_CLE_NYJ,CLE,6,51.0
2020_16_CLE_NYJ,NYJ,7,58.0
2020_16_DEN_LAC,DEN,6,44.0
2020_16_DEN_LAC,LAC,6,45.0
2020_16_IND_PIT,IND,9,83.0
2020_16_IND_PIT,PIT,6,49.0
2020_16_LA_SEA,LA,5,45.0
2020_16_LA_SEA,SEA,5,31.0
2020_16_MIA_LV,LV,4,40.0
2020_16_MIA_LV,MIA,5,76.0
2020_16_MIN_NO,MIN,3,20.0
2020_16_MIN_NO,NO,4,38.0
2020_16_NYG_BAL,BAL,10,65.0
2020_16_NYG_BAL,NYG,5,35.0
2020_16_PHI_DAL,DAL,5,73.0
2020_16_PHI_DAL,PHI,12,115.0
2020_16_SF_ARI,ARI,4,20.0
2020_16_SF_ARI,SF,4,27.0
2020_16_TB_DET,DET,11,117.0
2020_16_TB_DET,TB,8,65.0
2020_16_TEN_GB,TEN,3,15.0
2020_17_ARI_LA,ARI,5,28.0
2020_17_ARI_LA,LA,5,38.0
2020_17_ATL_TB,ATL,4,48.0
2020_17_ATL_TB,TB,3,23.0
2020_17_BAL_CIN,BAL,6,49.0
2020_17_BAL_CIN,CIN,3,29.0
2020_17_DAL_NYG,DAL,6,58.0
2020_17_DAL_NYG,NYG,6,45.0
2020_17_GB_CHI,CHI,1,16.0
2020_17_GB_CHI,GB,4,30.0
2020_17_JAX_IND,IND,1,15.0
2020_17_JAX_IND,JAX,3,54.0
2020_17_LAC_KC,KC,5,69.0
2020_17_LAC_KC,LAC,4,23.0
2020_17_LV_DEN,DEN,4,28.0
2020_17_LV_DEN,LV,14,111.0
2020_17_MIA_BUF,BUF,3,16.0
2020_17_MIA_BUF,MIA,2,20.0
2020_17_MIN_DET,DET,7,51.0
2020_17_MIN_DET,MIN,4,35.0
2020_17_NO_CAR,CAR,1,5.0
2020_17_NO_CAR,NO,4,31.0
2020_17_NYJ_NE,NE,6,47.0
2020_17_NYJ_NE,NYJ,3,30.0
2020_17_PIT_CLE,CLE,4,19.0
2020_17_PIT_CLE,PIT,2,15.0
2020_17_SEA_SF,SEA,4,35.0
2020_17_SEA_SF,SF,2,25.0
2020_17_TEN_HOU,HOU,6,44.0
2020_17_TEN_HOU,TEN,6,50.0
2020_17_WAS_PHI,PHI,6,41.0
2020_17_WAS_PHI,WAS,5,56.0
2020_18_BAL_TEN,BAL,5,60.0
2020_18_BAL_TEN,TEN,2,10.0
2020_18_CHI_NO,CHI,9,50.0
2020_18_CHI_NO,NO,4,20.0
2020_18_CLE_PIT,CLE,3,20.0
2020_18_CLE_PIT,PIT,4,25.0
2020_18_IND_BUF,BUF,2,7.0
2020_18_IND_BUF,IND,2,10.0
2020_18_LA_SEA,LA,2,15.0
2020_18_LA_SEA,SEA,9,60.0
2020_18_TB_WAS,TB,3,24.0
2020_18_TB_WAS,WAS,2,25.0
2020_19_BAL_BUF,BAL,8,59.0
2020_19_BAL_BUF,BUF,2,11.0
2020_19_CLE_KC,CLE,3,25.0
2020_19_CLE_KC,KC,7,55.0
2020_19_LA_GB,GB,3,22.0
2020_19_LA_GB,LA,3,35.0
2020_19_TB_NO,NO,5,34.0
2020_19_TB_NO,TB,7,62.0
2020_20_BUF_KC,BUF,4,38.0
2020_20_BUF_KC,KC,3,32.0
2020_20_TB_GB,GB,4,30.0
2020_20_TB_GB,TB,2,8.0
2020_21_KC_TB,KC,11,120.0
2020_21_KC_TB,TB,4,39.0
2021_01_ARI_TEN,ARI,8,59.0
2021_01_ARI_TEN,TEN,7,57.0
2021_01_BAL_LV,BAL,5,71.0
2021_01_BAL_LV,LV,10,62.0
2021_01_CHI_LA,CHI,3,35.0
2021_01_CHI_LA,LA,4,36.0
2021_01_CLE_KC,CLE,5,30.0
2021_01_CLE_KC,KC,5,36.0
2021_01_DAL_TB,DAL,8,55.0
2021_01_DAL_TB,TB,10,95.0
2021_01_DEN_NYG,DEN,5,51.0
2021_01_DEN_NYG,NYG,4,48.0
2021_01_GB_NO,GB,5,33.0
2021_01_GB_NO,NO,6,36.0
2021_01_JAX_HOU,HOU,5,50.0
2021_01_JAX_HOU,JAX,10,82.0
2021_01_LAC_WAS,LAC,6,94.0
2021_01_LAC_WAS,WAS,8,57.0
2021_01_MIA_NE,MIA,5,28.0
2021_01_MIA_NE,NE,8,84.0
2021_01_MIN_CIN,CIN,3,15.0
2021_01_MIN_CIN,MIN,12,116.0
2021_01_NYJ_CAR,CAR,6,38.0
2021_01_NYJ_CAR,NYJ,5,30.0
2021_01_PHI_ATL,ATL,12,99.0
2021_01_PHI_ATL,PHI,14,89.0
2021_01_PIT_BUF,BUF,8,81.0
2021_01_PIT_BUF,PIT,5,32.0
2021_01_SEA_IND,IND,2,16.0
2021_01_SEA_IND,SEA,7,53.0
2021_01_SF_DET,DET,5,45.0
2021_01_SF_DET,SF,7,79.0
2021_02_ATL_TB,ATL,6,49.0
2021_02_ATL_TB,TB,9,83.0
2021_02_BUF_MIA,BUF,6,53.0
2021_02_BUF_MIA,MIA,9,83.0
2021_02_CIN_CHI,CHI,8,70.0
2021_02_CIN_CHI,CIN,4,57.0
2021_02_DAL_LAC,DAL,8,76.0
2021_02_DAL_LAC,LAC,12,99.0
2021_02_DEN_JAX,DEN,10,101.0
2021_02_DEN_JAX,JAX,7,70.0
2021_02_DET_GB,DET,9,78.0
2021_02_DET_GB,GB,5,50.0
2021_02_HOU_CLE,CLE,5,62.0
2021_02_HOU_CLE,HOU,9,78.0
2021_02_KC_BAL,BAL,8,55.0
2021_02_KC_BAL,KC,5,46.0
2021_02_LA_IND,IND,2,10.0
2021_02_LA_IND,LA,2,15.0
2021_02_LV_PIT,LV,5,40.0
2021_02_LV_PIT,PIT,5,43.0
2021_02_MIN_ARI,ARI,5,40.0
2021_02_MIN_ARI,MIN,3,16.0
2021_02_NE_NYJ,NE,6,54.0
2021_02_NE_NYJ,NYJ,8,77.0
2021_02_NO_CAR,CAR,5,49.0
2021_02_NO_CAR,NO,11,115.0
2021_02_NYG_WAS,NYG,11,81.0
2021_02_NYG_WAS,WAS,9,80.0
2021_02_SF_PHI,PHI,8,57.0
2021_02_SF_PHI,SF,5,60.0
2021_02_TEN_SEA,SEA,10,100.0
2021_02_TEN_SEA,TEN,5,45.0
2021_03_ARI_JAX,ARI,7,58.0
2021_03_ARI_JAX,JAX,4,40.0
2021_03_ATL_NYG,ATL,4,28.0
2021_03_ATL_NYG,NYG,8,53.0
2021_03_BAL_DET,BAL,6,69.0
2021_03_BAL_DET,DET,7,35.0
2021_03_CAR_HOU,CAR,8,64.0
2021_03_CAR_HOU,HOU,7,51.0
2021_03_CHI_CLE,CHI,5,44.0
2021_03_CHI_CLE,CLE,7,98.0
2021_03_CIN_PIT,CIN,10,89.0
2021_03_CIN_PIT,PIT,10,73.0
2021_03_GB_SF,GB,7,87.0
2021_03_GB_SF,SF,4,86.0
2021_03_IND_TEN,IND,4,66.0
2021_03_IND_TEN,TEN,4,24.0
2021_03_LAC_KC,KC,6,56.0
2021_03_LAC_KC,LAC,8,50.0
2021_03_MIA_LV,LV,8,104.0
2021_03_MIA_LV,MIA,8,68.0
2021_03_NO_NE,NE,4,30.0
2021_03_NO_NE,NO,2,15.0
2021_03_NYJ_DEN,DEN,6,50.0
2021_03_NYJ_DEN,NYJ,9,90.0
2021_03_PHI_DAL,DAL,4,37.0
2021_03_PHI_DAL,PHI,13,86.0
2021_03_SEA_MIN,MIN,4,40.0
2021_03_SEA_MIN,SEA,4,35.0
2021_03_TB_LA,LA,1,4.0
2021_03_TB_LA,TB,7,41.0
2021_03_WAS_BUF,BUF,5,30.0
2021_03_WAS_BUF,WAS,5,38.0
2021_04_ARI_LA,ARI,7,63.0
2021_04_ARI_LA,LA,5,36.0
2021_04_BAL_DEN,BAL,6,55.0
2021_04_BAL_DEN,DEN,4,25.0
2021_04_CAR_DAL,CAR,6,32.0
2021_04_CAR_DAL,DAL,7,50.0
2021_04_CLE_MIN,CLE,7,73.0
2021_04_CLE_MIN,MIN,7,42.0
2021_04_DET_CHI,CHI,7,61.0
2021_04_DET_CHI,DET,4,26.0
2021_04_HOU_BUF,BUF,3,30.0
2021_04_HOU_BUF,HOU,10,100.0
2021_04_IND_MIA,IND,8,86.0
2021_04_IND_MIA,MIA,5,32.0
2021_04_JAX_CIN,CIN,6,38.0
2021_04_JAX_CIN,JAX,2,10.0
2021_04_KC_PHI,KC,7,46.0
2021_04_KC_PHI,PHI,9,49.0
2021_04_LV_LAC,LAC,7,105.0
2021_04_LV_LAC,LV,7,58.0
2021_04_NYG_NO,NO,5,35.0
2021_04_NYG_NO,NYG,3,25.0
2021_04_PIT_GB,GB,3,25.0
2021_04_PIT_GB,PIT,5,34.0
2021_04_SEA_SF,SEA,5,27.0
2021_04_SEA_SF,SF,8,78.0
2021_04_TB_NE,NE,8,77.0
2021_04_TB_NE,TB,7,74.0
2021_04_TEN_NYJ,NYJ,6,65.0
2021_04_TEN_NYJ,TEN,8,98.0
2021_04_WAS_ATL,ATL,7,36.0
2021_04_WAS_ATL,WAS,6,85.0
2021_05_BUF_KC,BUF,10,103.0
2021_05_BUF_KC,KC,7,55.0
2021_05_CHI_LV,CHI,8,70.0
2021_05_CHI_LV,LV,10,82.0
2021_05_CLE_LAC,CLE,7,77.0
2021_05_CLE_LAC,LAC,6,49.0
2021_05_DEN_PIT,DEN,7,67.0
2021_05_DEN_PIT,PIT,8,59.0
2021_05_DET_MIN,DET,3,30.0
2021_05_DET_MIN,MIN,7,74.0
2021_05_GB_CIN,CIN,2,21.0
2021_05_GB_CIN,GB,2,10.0
2021_05_IND_BAL,BAL,8,74.0
2021_05_IND_BAL,IND,5,45.0
2021_05_LA_SEA,LA,5,85.0
2021_05_LA_SEA,SEA,3,20.0
2021_05_MIA_TB,MIA,5,37.0
2021_05_MIA_TB,TB,6,47.0
2021_05_NE_HOU,HOU,8,70.0
2021_05_NE_HOU,NE,5,27.0
2021_05_NO_WAS,NO,6,45.0
2021_05_NO_WAS,WAS,5,37.0
2021_05_NYG_DAL,DAL,8,58.0
2021_05_NYG_DAL,NYG,5,48.0
2021_05_NYJ_ATL,ATL,4,66.0
2021_05_NYJ_ATL,NYJ,7,58.0
2021_05_PHI_CAR,CAR,9,69.0
2021_05_PHI_CAR,PHI,6,60.0
2021_05_SF_ARI,ARI,6,62.0
2021_05_SF_ARI,SF,7,60.0
2021_05_TEN_JAX,JAX,4,33.0
2021_05_TEN_JAX,TEN,7,44.0
2021_06_ARI_CLE,ARI,5,45.0
2021_06_ARI_CLE,CLE,9,88.0
2021_06_BUF_TEN,BUF,8,60.0
2021_06_BUF_TEN,TEN,7,91.0
2021_06_CIN_DET,CIN,4,31.0
2021_06_CIN_DET,DET,9,77.0
2021_06_DAL_NE,DAL,12,115.0
2021_06_DAL_NE,NE,5,47.0
2021_06_GB_CHI,CHI,7,54.0
2021_06_GB_CHI,GB,3,51.0
2021_06_HOU_IND,HOU,4,25.0
2021_06_HOU_IND,IND,2,10.0
2021_06_KC_WAS,KC,5,47.0
2021_06_KC_WAS,WAS,6,44.0
2021_06_LAC_BAL,BAL,2,15.0
2021_06_LAC_BAL,LAC,4,35.0
2021_06_LA_NYG,LA,7,50.0
2021_06_LA_NYG,NYG,5,27.0
2021_06_LV_DEN,DEN,6,53.0
2021_06_LV_DEN,LV,6,54.0
2021_06_MIA_JAX,JAX,8,54.0
2021_06_MIA_JAX,MIA,7,55.0
2021_06_MIN_CAR,CAR,6,28.0
2021_06_MIN_CAR,MIN,11,98.0
2021_06_SEA_PIT,PIT,5,38.0
2021_06_SEA_PIT,SEA,6,45.0
2021_06_TB_PHI,PHI,4,41.0
2021_06_TB_PHI,TB,7,120.0
2021_07_ATL_MIA,ATL,3,29.0
2021_07_ATL_MIA,MIA,6,44.0
2021_07_CAR_NYG,CAR,7,37.0
2021_07_CAR_NYG,NYG,8,60.0
2021_07_CHI_TB,CHI,4,32.0
2021_07_CHI_TB,TB,1,10.0
2021_07_CIN_BAL,BAL,5,46.0
2021_07_CIN_BAL,CIN,1,5.0
2021_07_DEN_CLE,CLE,9,60.0
2021_07_DEN_CLE,DEN,2,15.0
2021_07_DET_LA,DET,8,77.0
2021_07_DET_LA,LA,4,35.0
2021_07_HOU_ARI,ARI,7,54.0
2021_07_HOU_ARI,HOU,8,80.0
2021_07_IND_SF,IND,6,45.0
2021_07_IND_SF,SF,7,122.0
2021_07_KC_TEN,KC,9,77.0
2021_07_KC_TEN,TEN,6,31.0
2021_07_NO_SEA,NO,7,90.0
2021_07_NO_SEA,SEA,6,53.0
2021_07_NYJ_NE,NE,6,95.0
2021_07_NYJ_NE,NYJ,5,29.0
2021_07_PHI_LV,LV,7,65.0
2021_07_PHI_LV,PHI,4,37.0
2021_07_WAS_GB,GB,4,36.0
2021_07_WAS_GB,WAS,4,50.0
2021_08_CAR_ATL,ATL,3,15.0
2021_08_CAR_ATL,CAR,8,76.0
2021_08_CIN_NYJ,CIN,5,51.0
2021_08_CIN_NYJ,NYJ,8,46.0
2021_08_DAL_MIN,DAL,11,96.0
2021_08_DAL_MIN,MIN,7,57.0
2021_08_GB_ARI,ARI,7,59.0
2021_08_GB_ARI,GB,7,60.0
2021_08_JAX_SEA,JAX,12,93.0
2021_08_JAX_SEA,SEA,5,40.0
2021_08_LA_HOU,HOU,6,38.0
2021_08_LA_HOU,LA,3,20.0
2021_08_MIA_BUF,BUF,9,80.0
2021_08_MIA_BUF,MIA,9,58.0
2021_08_NE_LAC,LAC,5,40.0
2021_08_NE_LAC,NE,4,30.0
2021_08_NYG_KC,KC,12,103.0
2021_08_NYG_KC,NYG,10,88.0
2021_08_PHI_DET,DET,8,50.0
2021_08_PHI_DET,PHI,2,15.0
2021_08_PIT_CLE,CLE,5,30.0
2021_08_PIT_CLE,PIT,8,65.0
2021_08_SF_CHI,CHI,4,30.0
2021_08_SF_CHI,SF,7,55.0
2021_08_TB_NO,NO,2,10.0
2021_08_TB_NO,TB,11,99.0
2021_08_TEN_IND,IND,9,75.0
2021_08_TEN_IND,TEN,11,161.0
2021_08_WAS_DEN,DEN,4,35.0
2021_08_WAS_DEN,WAS,4,29.0
2021_09_ARI_SF,ARI,9,84.0
2021_09_ARI_SF,SF,2,25.0
2021_09_ATL_NO,ATL,6,76.0
2021_09_ATL_NO,NO,10,74.0
2021_09_BUF_JAX,BUF,12,118.0
2021_09_BUF_JAX,JAX,8,54.0
2021_09_CHI_PIT,CHI,12,115.0
2021_09_CHI_PIT,PIT,5,30.0
2021_09_CLE_CIN,CIN,4,31.0
2021_09_CLE_CIN,CLE,10,84.0
2021_09_DEN_DAL,DAL,5,38.0
2021_09_DEN_DAL,DEN,5,37.0
2021_09_GB_KC,GB,4,19.0
2021_09_GB_KC,KC,6,33.0
2021_09_HOU_MIA,HOU,8,60.0
2021_09_HOU_MIA,MIA,2,13.0
2021_09_LAC_PHI,LAC,4,30.0
2021_09_LAC_PHI,PHI,3,25.0
2021_09_LV_NYG,LV,6,65.0
2021_09_LV_NYG,NYG,4,35.0
2021_09_MIN_BAL,BAL,8,61.0
2021_09_MIN_BAL,MIN,8,107.0
2021_09_NE_CAR,CAR,10,83.0
2021_09_NE_CAR,NE,6,35.0
2021_09_NYJ_IND,IND,2,22.0
2021_09_NYJ_IND,NYJ,7,43.0
2021_09_TEN_LA,LA,12,115.0
2021_09_TEN_LA,TEN,4,19.0
2021_10_ATL_DAL,ATL,6,41.0
2021_10_ATL_DAL,DAL,8,80.0
2021_10_BAL_MIA,BAL,4,20.0
2021_10_BAL_MIA,MIA,11,97.0
2021_10_BUF_NYJ,BUF,7,50.0
2021_10_BUF_NYJ,NYJ,9,69.0
2021_10_CAR_ARI,ARI,4,58.0
2021_10_CAR_ARI,CAR,9,115.0
2021_10_CLE_NE,CLE,6,42.0
2021_10_CLE_NE,NE,6,46.0
2021_10_DET_PIT,DET,8,84.0
2021_10_DET_PIT,PIT,7,59.0
2021_10_JAX_IND,IND,7,47.0
2021_10_JAX_IND,JAX,8,79.0
2021_10_KC_LV,KC,4,34.0
2021_10_KC_LV,LV,9,68.0
2021_10_LA_SF,LA,5,35.0
2021_10_LA_SF,SF,9,53.0
2021_10_MIN_LAC,LAC,7,52.0
2021_10_MIN_LAC,MIN,10,118.0
2021_10_NO_TEN,NO,9,65.0
2021_10_NO_TEN,TEN,8,49.0
2021_10_PHI_DEN,DEN,4,29.0
2021_10_PHI_DEN,PHI,7,89.0
2021_10_SEA_GB,GB,3,43.0
2021_10_SEA_GB,SEA,5,39.0
2021_10_TB_WAS,TB,6,43.0
2021_10_TB_WAS,WAS,3,33.0
2021_11_ARI_SEA,ARI,3,32.0
2021_11_ARI_SEA,SEA,2,17.0
2021_11_BAL_CHI,BAL,6,36.0
2021_11_BAL_CHI,CHI,6,58.0
2021_11_CIN_LV,CIN,1,5.0
2021_11_CIN_LV,LV,7,77.0
2021_11_DAL_KC,DAL,6,45.0
2021_11_DAL_KC,KC,5,54.0
2021_11_DET_CLE,CLE,10,82.0
2021_11_DET_CLE,DET,7,67.0
2021_11_GB_MIN,GB,8,92.0
2021_11_GB_MIN,MIN,3,25.0
2021_11_HOU_TEN,HOU,7,50.0
2021_11_HOU_TEN,TEN,5,52.0
2021_11_IND_BUF,BUF,7,56.0
2021_11_IND_BUF,IND,3,30.0
2021_11_MIA_NYJ,MIA,8,62.0
2021_11_MIA_NYJ,NYJ,7,48.0
2021_11_NE_ATL,ATL,9,72.0
2021_11_NE_ATL,NE,5,59.0
2021_11_NO_PHI,NO,3,25.0
2021_11_NO_PHI,PHI,6,49.0
2021_11_NYG_TB,NYG,4,30.0
2021_11_NYG_TB,TB,6,39.0
2021_11_PIT_LAC,LAC,12,75.0
2021_11_PIT_LAC,PIT,8,38.0
2021_11_SF_JAX,JAX,8,56.0
2021_11_SF_JAX,SF,1,12.0
2021_11_WAS_CAR,CAR,7,65.0
2021_11_WAS_CAR,WAS,8,69.0
2021_12_ATL_JAX,ATL,5,26.0
2021_12_ATL_JAX,JAX,6,43.0
2021_12_BUF_NO,BUF,4,35.0
2021_12_BUF_NO,NO,4,24.0
2021_12_CAR_MIA,CAR,7,61.0
2021_12_CAR_MIA,MIA,5,35.0
2021_12_CHI_DET,CHI,5,50.0
2021_12_CHI_DET,DET,10,67.0
2021_12_CLE_BAL,BAL,5,54.0
2021_12_CLE_BAL,CLE,5,45.0
2021_12_LAC_DEN,DEN,5,35.0
2021_12_LAC_DEN,LAC,9,75.0
2021_12_LA_GB,GB,3,32.0
2021_12_LA_GB,LA,4,30.0
2021_12_LV_DAL,DAL,14,166.0
2021_12_LV_DAL,LV,14,110.0
2021_12_MIN_SF,MIN,5,38.0
2021_12_MIN_SF,SF,5,57.0
2021_12_NYJ_HOU,HOU,4,32.0
2021_12_NYJ_HOU,NYJ,5,40.0
2021_12_PHI_NYG,NYG,2,15.0
2021_12_PHI_NYG,PHI,4,26.0
2021_12_PIT_CIN,CIN,3,18.0
2021_12_PIT_CIN,PIT,4,30.0
2021_12_SEA_WAS,SEA,6,51.0
2021_12_SEA_WAS,WAS,4,38.0
2021_12_TB_IND,IND,6,66.0
2021_12_TB_IND,TB,4,44.0
2021_12_TEN_NE,NE,4,35.0
2021_12_TEN_NE,TEN,5,50.0
2021_13_ARI_CHI,ARI,8,63.0
2021_13_ARI_CHI,CHI,6,45.0
2021_13_BAL_PIT,BAL,10,55.0
2021_13_BAL_PIT,PIT,5,81.0
2021_13_DAL_NO,DAL,5,35.0
2021_13_DAL_NO,NO,7,59.0
2021_13_DEN_KC,DEN,5,37.0
2021_13_DEN_KC,KC,7,60.0
2021_13_IND_HOU,HOU,4,25.0
2021_13_IND_HOU,IND,5,25.0
2021_13_JAX_LA,JAX,3,39.0
2021_13_JAX_LA,LA,7,47.0
2021_13_LAC_CIN,CIN,7,63.0
2021_13_LAC_CIN,LAC,7,51.0
2021_13_MIN_DET,DET,3,11.0
2021_13_MIN_DET,MIN,7,66.0
2021_13_NE_BUF,BUF,3,20.0
2021_13_NE_BUF,NE,6,47.0
2021_13_NYG_MIA,MIA,3,15.0
2021_13_NYG_MIA,NYG,3,23.0
2021_13_PHI_NYJ,NYJ,6,66.0
2021_13_PHI_NYJ,PHI,3,20.0
2021_13_SF_SEA,SEA,6,40.0
2021_13_SF_SEA,SF,10,86.0
2021_13_TB_ATL,ATL,6,39.0
2021_13_TB_ATL,TB,3,15.0
2021_13_WAS_LV,LV,6,54.0
2021_13_WAS_LV,WAS,6,47.0
2021_14_ATL_CAR,ATL,6,60.0
2021_14_ATL_CAR,CAR,6,45.0
2021_14_BAL_CLE,BAL,10,129.0
2021_14_BAL_CLE,CLE,4,42.0
2021_14_BUF_TB,BUF,7,65.0
2021_14_BUF_TB,TB,4,24.0
2021_14_CHI_GB,CHI,7,41.0
2021_14_CHI_GB,GB,3,30.0
2021_14_DAL_WAS,DAL,7,60.0
2021_14_DAL_WAS,WAS,7,65.0
2021_14_DET_DEN,DEN,2,18.0
2021_14_DET_DEN,DET,6,53.0
2021_14_JAX_TEN,JAX,9,79.0
2021_14_JAX_TEN,TEN,2,15.0
2021_14_LA_ARI,ARI,7,54.0
2021_14_LA_ARI,LA,5,40.0
2021_14_LV_KC,KC,8,63.0
2021_14_LV_KC,LV,9,85.0
2021_14_NO_NYJ,NO,4,42.0
2021_14_NO_NYJ,NYJ,5,45.0
2021_14_NYG_LAC,LAC,6,39.0
2021_14_NYG_LAC,NYG,3,20.0
2021_14_PIT_MIN,MIN,11,102.0
2021_14_PIT_MIN,PIT,10,85.0
2021_14_SEA_HOU,HOU,6,52.0
2021_14_SEA_HOU,SEA,8,69.0
2021_14_SF_CIN,CIN,2,19.0
2021_14_SF_CIN,SF,6,40.0
2021_15_ARI_DET,ARI,7,83.0
2021_15_ARI_DET,DET,6,49.0
2021_15_ATL_SF,ATL,4,29.0
2021_15_ATL_SF,SF,5,35.0
2021_15_CAR_BUF,BUF,8,67.0
2021_15_CAR_BUF,CAR,5,55.0
2021_15_CIN_DEN,CIN,6,38.0
2021_15_CIN_DEN,DEN,6,60.0
2021_15_DAL_NYG,DAL,6,45.0
2021_15_DAL_NYG,NYG,6,34.0
2021_15_GB_BAL,BAL,8,56.0
2021_15_GB_BAL,GB,8,76.0
2021_15_HOU_JAX,HOU,9,65.0
2021_15_HOU_JAX,JAX,4,40.0
2021_15_KC_LAC,KC,4,36.0
2021_15_KC_LAC,LAC,5,60.0
2021_15_LV_CLE,CLE,3,61.0
2021_15_LV_CLE,LV,7,64.0
2021_15_MIN_CHI,CHI,9,91.0
2021_15_MIN_CHI,MIN,7,54.0
2021_15_NE_IND,IND,2,13.0
2021_15_NE_IND,NE,8,50.0
2021_15_NO_TB,NO,6,41.0
2021_15_NO_TB,TB,3,30.0
2021_15_NYJ_MIA,MIA,5,45.0
2021_15_NYJ_MIA,NYJ,3,32.0
2021_15_SEA_LA,LA,4,34.0
2021_15_SEA_LA,SEA,8,65.0
2021_15_TEN_PIT,PIT,5,30.0
2021_15_TEN_PIT,TEN,7,68.0
2021_15_WAS_PHI,PHI,4,48.0
2021_15_WAS_PHI,WAS,2,25.0
2021_16_BAL_CIN,BAL,6,27.0
2021_16_BAL_CIN,CIN,5,45.0
2021_16_BUF_NE,BUF,5,45.0
2021_16_BUF_NE,NE,3,30.0
2021_16_CHI_SEA,CHI,8,73.0
2021_16_CHI_SEA,SEA,7,88.0
2021_16_CLE_GB,CLE,6,38.0
2021_16_CLE_GB,GB,3,29.0
2021_16_DEN_LV,DEN,3,30.0
2021_16_DEN_LV,LV,3,37.0
2021_16_DET_ATL,ATL,2,15.0
2021_16_DET_ATL,DET,6,30.0
2021_16_IND_ARI,ARI,11,85.0
2021_16_IND_ARI,IND,5,40.0
2021_16_JAX_NYJ,JAX,2,10.0
2021_16_JAX_NYJ,NYJ,7,81.0
2021_16_LAC_HOU,HOU,10,70.0
2021_16_LAC_HOU,LAC,5,49.0
2021_16_LA_MIN,LA,1,5.0
2021_16_LA_MIN,MIN,2,20.0
2021_16_MIA_NO,MIA,7,65.0
2021_16_MIA_NO,NO,7,62.0
2021_16_NYG_PHI,NYG,6,40.0
2021_16_NYG_PHI,PHI,11,79.0
2021_16_PIT_KC,KC,5,41.0
2021_16_PIT_KC,PIT,5,40.0
2021_16_SF_TEN,SF,5,41.0
2021_16_SF_TEN,TEN,6,57.0
2021_16_TB_CAR,CAR,6,32.0
2021_16_TB_CAR,TB,6,50.0
2021_16_WAS_DAL,DAL,3,15.0
2021_16_WAS_DAL,WAS,1,13.0
2021_17_ARI_DAL,ARI,7,45.0
2021_17_ARI_DAL,DAL,10,88.0
2021_17_ATL_BUF,ATL,4,27.0
2021_17_ATL_BUF,BUF,7,47.0
2021_17_CAR_NO,CAR,1,5.0
2021_17_CAR_NO,NO,5,33.0
2021_17_CLE_PIT,CLE,10,77.0
2021_17_CLE_PIT,PIT,5,51.0
2021_17_DEN_LAC,DEN,3,23.0
2021_17_DEN_LAC,LAC,3,22.0
2021_17_DET_SEA,DET,4,30.0
2021_17_DET_SEA,SEA,5,31.0
2021_17_HOU_SF,HOU,5,67.0
2021_17_HOU_SF,SF,7,111.0
2021_17_JAX_NE,JAX,3,25.0
2021_17_JAX_NE,NE,3,30.0
2021_17_KC_CIN,CIN,5,62.0
2021_17_KC_CIN,KC,10,83.0
2021_17_LA_BAL,BAL,4,24.0
2021_17_LA_BAL,LA,4,35.0
2021_17_LV_IND,IND,3,25.0
2021_17_LV_IND,LV,6,41.0
2021_17_MIA_TEN,MIA,5,55.0
2021_17_MIA_TEN,TEN,6,70.0
2021_17_MIN_GB,GB,1,5.0
2021_17_MIN_GB,MIN,3,23.0
2021_17_NYG_CHI,CHI,5,35.0
2021_17_NYG_CHI,NYG,3,26.0
2021_17_PHI_WAS,PHI,6,42.0
2021_17_PHI_WAS,WAS,1,4.0
2021_17_TB_NYJ,NYJ,2,14.0
2021_17_TB_NYJ,TB,4,39.0
2021_18_CAR_TB,CAR,1,10.0
2021_18_CAR_TB,TB,2,10.0
2021_18_CHI_MIN,CHI,2,10.0
2021_18_CHI_MIN,MIN,4,47.0
2021_18_CIN_CLE,CIN,4,32.0
2021_18_CIN_CLE,CLE,4,46.0
2021_18_DAL_PHI,DAL,5,44.0
2021_18_DAL_PHI,PHI,3,30.0
2021_18_GB_DET,DET,2,15.0
2021_18_IND_JAX,IND,4,52.0
2021_18_IND_JAX,JAX,6,49.0
2021_18_KC_DEN,DEN,6,45.0
2021_18_KC_DEN,KC,5,45.0
2021_18_LAC_LV,LAC,10,108.0
2021_18_LAC_LV,LV,4,38.0
2021_18_NE_MIA,MIA,5,33.0
2021_18_NE_MIA,NE,8,78.0
2021_18_NO_ATL,ATL,5,46.0
2021_18_NO_ATL,NO,4,40.0
2021_18_NYJ_BUF,BUF,4,40.0
2021_18_NYJ_BUF,NYJ,4,27.0
2021_18_PIT_BAL,BAL,1,5.0
2021_18_PIT_BAL,PIT,6,43.0
2021_18_SEA_ARI,ARI,6,46.0
2021_18_SEA_ARI,SEA,4,30.0
2021_18_SF_LA,LA,3,15.0
2021_18_SF_LA,SF,6,56.0
2021_18_TEN_HOU,HOU,4,65.0
2021_18_TEN_HOU,TEN,5,42.0
2021_18_WAS_NYG,NYG,3,21.0
2021_18_WAS_NYG,WAS,3,29.0
2021_19_ARI_LA,ARI,7,50.0
2021_19_ARI_LA,LA,6,48.0
2021_19_LV_CIN,CIN,7,56.0
2021_19_LV_CIN,LV,7,46.0
2021_19_NE_BUF,BUF,3,47.0
2021_19_NE_BUF,NE,5,34.0
2021_19_PHI_TB,PHI,4,45.0
2021_19_PHI_TB,TB,4,35.0
2021_19_PIT_KC,KC,3,25.0
2021_19_PIT_KC,PIT,4,45.0
2021_19_SF_DAL,DAL,14,89.0
2021_19_SF_DAL,SF,9,58.0
2021_20_BUF_KC,BUF,3,15.0
2021_20_BUF_KC,KC,1,10.0
2021_20_CIN_TEN,CIN,6,46.0
2021_20_CIN_TEN,TEN,2,15.0
2021_20_LA_TB,LA,4,45.0
2021_20_LA_TB,TB,4,61.0
2021_20_SF_GB,GB,5,25.0
2021_20_SF_GB,SF,5,40.0
2021_21_CIN_KC,CIN,4,30.0
2021_21_CIN_KC,KC,2,11.0
2021_21_SF_LA,LA,2,10.0
2021_21_SF_LA,SF,6,54.0
2021_22_LA_CIN,CIN,4,31.0
2021_22_LA_CIN,LA,2,10.0
2022_01_BAL_NYJ,BAL,5,29.0
2022_01_BAL_NYJ,NYJ,6,81.0
2022_01_BUF_LA,BUF,5,35.0
2022_01_BUF_LA,LA,4,30.0
2022_01_CLE_CAR,CAR,8,96.0
2022_01_CLE_CAR,CLE,9,71.0
2022_01_DEN_SEA,DEN,12,106.0
2022_01_DEN_SEA,SEA,5,77.0
2022_01_GB_MIN,GB,2,10.0
2022_01_GB_MIN,MIN,3,20.0
2022_01_IND_HOU,HOU,6,40.0
2022_01_IND_HOU,IND,7,89.0
2022_01_JAX_WAS,JAX,13,90.0
2022_01_JAX_WAS,WAS,6,63.0
2022_01_KC_ARI,ARI,5,49.0
2022_01_KC_ARI,KC,3,25.0
2022_01_LV_LAC,LAC,5,21.0
2022_01_LV_LAC,LV,3,11.0
2022_01_NE_MIA,MIA,4,20.0
2022_01_NE_MIA,NE,3,15.0
2022_01_NO_ATL,ATL,8,55.0
2022_01_NO_ATL,NO,8,99.0
2022_01_NYG_TEN,NYG,8,45.0
2022_01_NYG_TEN,TEN,7,50.0
2022_01_PHI_DET,DET,7,65.0
2022_01_PHI_DET,PHI,10,61.0
2022_01_PIT_CIN,CIN,4,27.0
2022_01_PIT_CIN,PIT,8,59.0
2022_01_SF_CHI,CHI,3,24.0
2022_01_SF_CHI,SF,12,99.0
2022_01_TB_DAL,DAL,10,73.0
2022_01_TB_DAL,TB,5,25.0
2022_02_ARI_LV,ARI,12,120.0
2022_02_ARI_LV,LV,10,68.0
2022_02_ATL_LA,ATL,5,29.0
2022_02_ATL_LA,LA,3,61.0
2022_02_CAR_NYG,CAR,5,38.0
2022_02_CAR_NYG,NYG,8,62.0
2022_02_CHI_GB,CHI,7,50.0
2022_02_CHI_GB,GB,3,25.0
2022_02_CIN_DAL,CIN,7,35.0
2022_02_CIN_DAL,DAL,5,45.0
2022_02_HOU_DEN,DEN,13,100.0
2022_02_HOU_DEN,HOU,8,94.0
2022_02_IND_JAX,IND,5,30.0
2022_02_IND_JAX,JAX,3,19.0
2022_02_LAC_KC,KC,6,54.0
2022_02_LAC_KC,LAC,3,25.0
2022_02_MIA_BAL,BAL,1,5.0
2022_02_MIA_BAL,MIA,8,51.0
2022_02_MIN_PHI,MIN,5,25.0
2022_02_MIN_PHI,PHI,8,60.0
2022_02_NE_PIT,NE,7,55.0
2022_02_NE_PIT,PIT,3,20.0
2022_02_NYJ_CLE,CLE,5,38.0
2022_02_NYJ_CLE,NYJ,8,57.0
2022_02_SEA_SF,SEA,10,106.0
2022_02_SEA_SF,SF,1,26.0
2022_02_TB_NO,NO,9,60.0
2022_02_TB_NO,TB,8,101.0
2022_02_TEN_BUF,BUF,8,49.0
2022_02_TEN_BUF,TEN,9,87.0
2022_02_WAS_DET,DET,1,5.0
2022_02_WAS_DET,WAS,2,17.0
2022_03_ATL_SEA,ATL,2,15.0
2022_03_ATL_SEA,SEA,6,47.0
2022_03_BAL_NE,BAL,2,10.0
2022_03_BAL_NE,NE,3,16.0
2022_03_BUF_MIA,BUF,7,52.0
2022_03_BUF_MIA,MIA,4,20.0
2022_03_CIN_NYJ,CIN,5,30.0
2022_03_CIN_NYJ,NYJ,4,55.0
2022_03_DAL_NYG,DAL,8,70.0
2022_03_DAL_NYG,NYG,8,57.0
2022_03_DET_MIN,DET,7,59.0
2022_03_DET_MIN,MIN,3,15.0
2022_03_GB_TB,GB,8,65.0
2022_03_GB_TB,TB,6,40.0
2022_03_HOU_CHI,CHI,6,32.0
2022_03_HOU_CHI,HOU,3,25.0
2022_03_JAX_LAC,JAX,2,10.0
2022_03_JAX_LAC,LAC,7,54.0
2022_03_KC_IND,IND,4,34.0
2022_03_KC_IND,KC,6,45.0
2022_03_LA_ARI,ARI,6,50.0
2022_03_LA_ARI,LA,6,35.0
2022_03_LV_TEN,LV,6,44.0
2022_03_LV_TEN,TEN,7,85.0
2022_03_NO_CAR,CAR,4,40.0
2022_03_NO_CAR,NO,7,58.0
2022_03_PHI_WAS,PHI,5,52.0
2022_03_PHI_WAS,WAS,4,48.0
2022_03_PIT_CLE,CLE,5,24.0
2022_03_PIT_CLE,PIT,5,25.0
2022_03_SF_DEN,DEN,5,30.0
2022_03_SF_DEN,SF,7,40.0
2022_04_ARI_CAR,ARI,6,46.0
2022_04_ARI_CAR,CAR,6,76.0
2022_04_BUF_BAL,BAL,9,70.0
2022_04_BUF_BAL,BUF,4,31.0
2022_04_CHI_NYG,CHI,5,65.0
2022_04_CHI_NYG,NYG,7,55.0
2022_04_CLE_ATL,ATL,1,15.0
2022_04_CLE_ATL,CLE,7,51.0
2022_04_DEN_LV,DEN,7,50.0
2022_04_DEN_LV,LV,4,25.0
2022_04_JAX_PHI,JAX,4,38.0
2022_04_JAX_PHI,PHI,3,20.0
2022_04_KC_TB,KC,4,32.0
2022_04_KC_TB,TB,5,40.0
2022_04_LAC_HOU,HOU,9,67.0
2022_04_LAC_HOU,LAC,6,61.0
2022_04_LA_SF,LA,1,5.0
2022_04_LA_SF,SF,4,25.0
2022_04_MIA_CIN,CIN,6,74.0
2022_04_MIA_CIN,MIA,6,41.0
2022_04_MIN_NO,MIN,5,35.0
2022_04_MIN_NO,NO,10,102.0
2022_04_NE_GB,GB,4,40.0
2022_04_NE_GB,NE,7,75.0
2022_04_NYJ_PIT,NYJ,7,64.0
2022_04_NYJ_PIT,PIT,8,55.0
2022_04_SEA_DET,DET,8,59.0
2022_04_SEA_DET,SEA,11,76.0
2022_04_TEN_IND,IND,7,50.0
2022_04_TEN_IND,TEN,6,40.0
2022_04_WAS_DAL,DAL,4,20.0
2022_04_WAS_DAL,WAS,11,136.0
2022_05_ATL_TB,ATL,6,55.0
2022_05_ATL_TB,TB,6,45.0
2022_05_CHI_MIN,CHI,6,40.0
2022_05_CHI_MIN,MIN,7,70.0
2022_05_CIN_BAL,BAL,6,48.0
2022_05_CIN_BAL,CIN,4,20.0
2022_05_DAL_LA,DAL,5,42.0
2022_05_DAL_LA,LA,3,25.0
2022_05_DET_NE,DET,7,82.0
2022_05_DET_NE,NE,6,46.0
2022_05_HOU_JAX,HOU,4,25.0
2022_05_HOU_JAX,JAX,6,48.0
2022_05_IND_DEN,DEN,7,49.0
2022_05_IND_DEN,IND,8,64.0
2022_05_LAC_CLE,CLE,6,65.0
2022_05_LAC_CLE,LAC,4,17.0
2022_05_LV_KC,KC,5,72.0
2022_05_LV_KC,LV,11,99.0
2022_05_MIA_NYJ,MIA,11,102.0
2022_05_MIA_NYJ,NYJ,5,105.0
2022_05_NYG_GB,GB,7,37.0
2022_05_NYG_GB,NYG,6,63.0
2022_05_PHI_ARI,ARI,2,15.0
2022_05_PHI_ARI,PHI,3,30.0
2022_05_PIT_BUF,BUF,5,28.0
2022_05_PIT_BUF,PIT,6,54.0
2022_05_SEA_NO,NO,6,57.0
2022_05_SEA_NO,SEA,12,85.0
2022_05_SF_CAR,CAR,5,33.0
2022_05_SF_CAR,SF,9,50.0
2022_05_TEN_WAS,TEN,8,69.0
2022_05_TEN_WAS,WAS,9,71.0
2022_06_ARI_SEA,ARI,6,53.0
2022_06_ARI_SEA,SEA,6,44.0
2022_06_BAL_NYG,BAL,10,74.0
2022_06_BAL_NYG,NYG,3,25.0
2022_06_BUF_KC,BUF,7,35.0
2022_06_BUF_KC,KC,5,58.0
2022_06_CAR_LA,CAR,3,30.0
2022_06_CAR_LA,LA,7,49.0
2022_06_CIN_NO,CIN,3,30.0
2022_06_CIN_NO,NO,4,34.0
2022_06_DAL_PHI,DAL,10,72.0
2022_06_DAL_PHI,PHI,2,10.0
2022_06_DEN_LAC,DEN,10,151.0
2022_06_DEN_LAC,LAC,9,89.0
2022_06_JAX_IND,IND,7,52.0
2022_06_JAX_IND,JAX,4,44.0
2022_06_MIN_MIA,MIA,10,97.0
2022_06_MIN_MIA,MIN,2,20.0
2022_06_NE_CLE,CLE,7,63.0
2022_06_NE_CLE,NE,12,92.0
2022_06_NYJ_GB,GB,7,42.0
2022_06_NYJ_GB,NYJ,7,79.0
2022_06_SF_ATL,ATL,5,40.0
2022_06_SF_ATL,SF,5,30.0
2022_06_TB_PIT,PIT,7,45.0
2022_06_TB_PIT,TB,6,42.0
2022_06_WAS_CHI,CHI,4,42.0
2022_06_WAS_CHI,WAS,7,36.0
2022_07_ATL_CIN,ATL,3,22.0
2022_07_ATL_CIN,CIN,5,17.0
2022_07_CHI_NE,CHI,4,35.0
2022_07_CHI_NE,NE,4,30.0
2022_07_CLE_BAL,BAL,3,53.0
2022_07_CLE_BAL,CLE,6,45.0
2022_07_DET_DAL,DAL,7,55.0
2022_07_DET_DAL,DET,8,59.0
2022_07_GB_WAS,GB,9,69.0
2022_07_GB_WAS,WAS,7,54.0
2022_07_HOU_LV,HOU,3,14.0
2022_07_HOU_LV,LV,5,44.0
2022_07_IND_TEN,IND,4,28.0
2022_07_IND_TEN,TEN,2,15.0
2022_07_KC_SF,KC,8,84.0
2022_07_KC_SF,SF,10,80.0
2022_07_NO_ARI,ARI,4,20.0
2022_07_NO_ARI,NO,8,49.0
2022_07_NYG_JAX,JAX,13,81.0
2022_07_NYG_JAX,NYG,8,67.0
2022_07_NYJ_DEN,DEN,4,34.0
2022_07_NYJ_DEN,NYJ,11,85.0
2022_07_PIT_MIA,MIA,5,30.0
2022_07_PIT_MIA,PIT,5,40.0
2022_07_SEA_LAC,LAC,7,70.0
2022_07_SEA_LAC,SEA,7,68.0
2022_07_TB_CAR,CAR,3,15.0
2022_07_TB_CAR,TB,4,30.0
2022_08_ARI_MIN,ARI,10,67.0
2022_08_ARI_MIN,MIN,10,86.0
2022_08_BAL_TB,BAL,7,101.0
2022_08_BAL_TB,TB,4,35.0
2022_08_CAR_ATL,ATL,7,64.0
2022_08_CAR_ATL,CAR,9,74.0
2022_08_CHI_DAL,CHI,6,45.0
2022_08_CHI_DAL,DAL,6,41.0
2022_08_CIN_CLE,CIN,2,6.0
2022_08_CIN_CLE,CLE,6,56.0
2022_08_DEN_JAX,DEN,12,80.0
2022_08_DEN_JAX,JAX,5,54.0
2022_08_GB_BUF,BUF,4,35.0
2022_08_GB_BUF,GB,8,58.0
2022_08_LV_NO,LV,6,59.0
2022_08_LV_NO,NO,5,27.0
2022_08_MIA_DET,DET,6,30.0
2022_08_MIA_DET,MIA,7,55.0
2022_08_NE_NYJ,NE,6,54.0
2022_08_NE_NYJ,NYJ,4,41.0
2022_08_NYG_SEA,NYG,6,53.0
2022_08_NYG_SEA,SEA,3,25.0
2022_08_PIT_PHI,PHI,8,60.0
2022_08_PIT_PHI,PIT,9,60.0
2022_08_SF_LA,LA,4,50.0
2022_08_SF_LA,SF,3,8.0
2022_08_TEN_HOU,HOU,6,45.0
2022_08_TEN_HOU,TEN,6,35.0
2022_08_WAS_IND,IND,3,25.0
2022_08_WAS_IND,WAS,3,52.0
2022_09_BAL_NO,BAL,5,31.0
2022_09_BAL_NO,NO,5,40.0
2022_09_BUF_NYJ,BUF,3,30.0
2022_09_BUF_NYJ,NYJ,3,30.0
2022_09_CAR_CIN,CAR,7,50.0
2022_09_CAR_CIN,CIN,5,35.0
2022_09_GB_DET,DET,7,62.0
2022_09_GB_DET,GB,8,81.0
2022_09_IND_NE,IND,2,15.0
2022_09_IND_NE,NE,4,35.0
2022_09_LAC_ATL,ATL,2,15.0
2022_09_LAC_ATL,LAC,5,45.0
2022_09_LA_TB,LA,4,53.0
2022_09_LA_TB,TB,7,55.0
2022_09_LV_JAX,JAX,4,30.0
2022_09_LV_JAX,LV,5,45.0
2022_09_MIA_CHI,CHI,4,92.0
2022_09_MIA_CHI,MIA,3,38.0
2022_09_MIN_WAS,MIN,5,42.0
2022_09_MIN_WAS,WAS,3,26.0
2022_09_PHI_HOU,HOU,4,24.0
2022_09_PHI_HOU,PHI,4,31.0
2022_09_SEA_ARI,ARI,12,77.0
2022_09_SEA_ARI,SEA,6,34.0
2022_09_TEN_KC,KC,10,69.0
2022_09_TEN_KC,TEN,8,51.0
2022_10_ARI_LA,ARI,10,67.0
2022_10_ARI_LA,LA,5,29.0
2022_10_ATL_CAR,ATL,4,37.0
2022_10_ATL_CAR,CAR,10,89.0
2022_10_CLE_MIA,CLE,6,52.0
2022_10_CLE_MIA,MIA,5,43.0
2022_10_DAL_GB,DAL,9,83.0
2022_10_DAL_GB,GB,6,40.0
2022_10_DEN_TEN,DEN,8,50.0
2022_10_DEN_TEN,TEN,9,60.0
2022_10_DET_CHI,CHI,9,86.0
2022_10_DET_CHI,DET,2,15.0
2022_10_HOU_NYG,HOU,7,40.0
2022_10_HOU_NYG,NYG,5,24.0
2022_10_IND_LV,IND,4,25.0
2022_10_IND_LV,LV,10,74.0
2022_10_JAX_KC,JAX,5,30.0
2022_10_LAC_SF,LAC,1,5.0
2022_10_LAC_SF,SF,5,52.0
2022_10_MIN_BUF,BUF,7,64.0
2022_10_MIN_BUF,MIN,7,64.0
2022_10_NO_PIT,NO,10,74.0
2022_10_NO_PIT,PIT,3,40.0
2022_10_SEA_TB,SEA,6,46.0
2022_10_SEA_TB,TB,4,40.0
2022_10_WAS_PHI,PHI,7,75.0
2022_10_WAS_PHI,WAS,5,58.0
2022_11_CAR_BAL,BAL,10,93.0
2022_11_CAR_BAL,CAR,9,66.0
2022_11_CHI_ATL,ATL,2,13.0
2022_11_CHI_ATL,CHI,7,56.0
2022_11_CIN_PIT,CIN,6,44.0
2022_11_CIN_PIT,PIT,8,70.0
2022_11_CLE_BUF,BUF,8,89.0
2022_11_CLE_BUF,CLE,6,42.0
2022_11_DAL_MIN,DAL,6,39.0
2022_11_DAL_MIN,MIN,7,59.0
2022_11_DET_NYG,DET,5,45.0
2022_11_DET_NYG,NYG,8,63.0
2022_11_KC_LAC,KC,4,54.0
2022_11_KC_LAC,LAC,4,25.0
2022_11_LA_NO,LA,6,55.0
2022_11_LA_NO,NO,2,15.0
2022_11_LV_DEN,DEN,5,45.0
2022_11_LV_DEN,LV,9,98.0
2022_11_NYJ_NE,NE,8,55.0
2022_11_NYJ_NE,NYJ,3,15.0
2022_11_PHI_IND,IND,8,90.0
2022_11_PHI_IND,PHI,7,55.0
2022_11_SF_ARI,ARI,5,50.0
2022_11_SF_ARI,SF,3,30.0
2022_11_TEN_GB,GB,5,40.0
2022_11_TEN_GB,TEN,2,19.0
2022_11_WAS_HOU,HOU,2,15.0
2022_11_WAS_HOU,WAS,5,36.0
2022_12_ATL_WAS,ATL,2,20.0
2022_12_ATL_WAS,WAS,4,28.0
2022_12_BAL_JAX,BAL,3,20.0
2022_12_BAL_JAX,JAX,4,19.0
2022_12_BUF_DET,BUF,5,36.0
2022_12_BUF_DET,DET,3,32.0
2022_12_CHI_NYJ,CHI,1,10.0
2022_12_CHI_NYJ,NYJ,1,5.0
2022_12_CIN_TEN,CIN,9,80.0
2022_12_CIN_TEN,TEN,8,57.0
2022_12_DEN_CAR,CAR,4,34.0
2022_12_DEN_CAR,DEN,4,44.0
2022_12_GB_PHI,GB,4,35.0
2022_12_GB_PHI,PHI,3,25.0
2022_12_HOU_MIA,HOU,5,45.0
2022_12_HOU_MIA,MIA,4,35.0
2022_12_LAC_ARI,ARI,3,19.0
2022_12_LAC_ARI,LAC,4,30.0
2022_12_LA_KC,KC,3,25.0
2022_12_LA_KC,LA,5,25.0
2022_12_LV_SEA,LV,7,50.0
2022_12_LV_SEA,SEA,2,10.0
2022_12_NE_MIN,MIN,3,20.0
2022_12_NE_MIN,NE,6,55.0
2022_12_NO_SF,NO,6,46.0
2022_12_NO_SF,SF,7,64.0
2022_12_NYG_DAL,DAL,13,86.0
2022_12_NYG_DAL,NYG,7,66.0
2022_12_PIT_IND,IND,2,20.0
2022_12_PIT_IND,PIT,3,19.0
2022_12_TB_CLE,CLE,5,42.0
2022_12_TB_CLE,TB,9,70.0
2022_13_BUF_NE,BUF,6,47.0
2022_13_BUF_NE,NE,6,62.0
2022_13_CLE_HOU,CLE,6,56.0
2022_13_CLE_HOU,HOU,5,31.0
2022_13_DEN_BAL,BAL,3,15.0
2022_13_DEN_BAL,DEN,4,48.0
2022_13_GB_CHI,CHI,5,63.0
2022_13_GB_CHI,GB,2,20.0
2022_13_IND_DAL,DAL,3,43.0
2022_13_IND_DAL,IND,6,88.0
2022_13_JAX_DET,DET,1,10.0
2022_13_JAX_DET,JAX,5,24.0
2022_13_KC_CIN,CIN,6,65.0
2022_13_KC_CIN,KC,4,35.0
2022_13_LAC_LV,LAC,4,20.0
2022_13_LAC_LV,LV,3,15.0
2022_13_MIA_SF,MIA,8,68.0
2022_13_MIA_SF,SF,4,45.0
2022_13_NO_TB,NO,6,84.0
2022_13_NO_TB,TB,4,39.0
2022_13_NYJ_MIN,MIN,3,44.0
2022_13_NYJ_MIN,NYJ,6,40.0
2022_13_PIT_ATL,ATL,6,48.0
2022_13_PIT_ATL,PIT,7,30.0
2022_13_SEA_LA,LA,4,39.0
2022_13_SEA_LA,SEA,6,42.0
2022_13_TEN_PHI,PHI,12,80.0
2022_13_TEN_PHI,TEN,7,82.0
2022_13_WAS_NYG,NYG,4,34.0
2022_13_WAS_NYG,WAS,7,55.0
2022_14_BAL_PIT,BAL,5,46.0
2022_14_BAL_PIT,PIT,2,15.0
2022_14_CAR_SEA,CAR,6,29.0
2022_14_CAR_SEA,SEA,3,35.0
2022_14_CLE_CIN,CIN,4,36.0
2022_14_CLE_CIN,CLE,9,98.0
2022_14_HOU_DAL,DAL,3,10.0
2022_14_HOU_DAL,HOU,4,25.0
2022_14_JAX_TEN,JAX,9,70.0
2022_14_JAX_TEN,TEN,5,50.0
2022_14_KC_DEN,DEN,6,38.0
2022_14_KC_DEN,KC,4,70.0
2022_14_LV_LA,LA,7,60.0
2022_14_LV_LA,LV,7,94.0
2022_14_MIA_LAC,LAC,6,40.0
2022_14_MIA_LAC,MIA,6,50.0
2022_14_MIN_DET,DET,7,51.0
2022_14_MIN_DET,MIN,3,25.0
2022_14_NE_ARI,ARI,8,48.0
2022_14_NE_ARI,NE,8,80.0
2022_14_NYJ_BUF,BUF,5,35.0
2022_14_NYJ_BUF,NYJ,7,61.0
2022_14_PHI_NYG,NYG,5,34.0
2022_14_PHI_NYG,PHI,2,9.0
2022_14_TB_SF,SF,2,15.0
2022_14_TB_SF,TB,8,62.0
2022_15_ARI_DEN,ARI,7,46.0
2022_15_ARI_DEN,DEN,4,31.0
2022_15_ATL_NO,ATL,3,30.0
2022_15_ATL_NO,NO,6,46.0
2022_15_BAL_CLE,BAL,3,25.0
2022_15_BAL_CLE,CLE,3,32.0
2022_15_CIN_TB,CIN,4,27.0
2022_15_CIN_TB,TB,7,58.0
2022_15_DAL_JAX,DAL,2,18.0
2022_15_DAL_JAX,JAX,4,37.0
2022_15_DET_NYJ,DET,6,52.0
2022_15_DET_NYJ,NYJ,2,20.0
2022_15_IND_MIN,IND,11,103.0
2022_15_IND_MIN,MIN,9,74.0
2022_15_KC_HOU,HOU,4,33.0
2022_15_KC_HOU,KC,10,102.0
2022_15_LA_GB,GB,4,80.0
2022_15_LA_GB,LA,8,76.0
2022_15_MIA_BUF,BUF,7,51.0
2022_15_MIA_BUF,MIA,8,51.0
2022_15_NE_LV,LV,13,90.0
2022_15_NE_LV,NE,6,30.0
2022_15_NYG_WAS,NYG,5,30.0
2022_15_NYG_WAS,WAS,6,40.0
2022_15_PHI_CHI,CHI,6,30.0
2022_15_PHI_CHI,PHI,2,25.0
2022_15_PIT_CAR,CAR,5,40.0
2022_15_PIT_CAR,PIT,7,81.0
2022_15_SF_SEA,SEA,8,79.0
2022_15_SF_SEA,SF,7,60.0
2022_15_TEN_LAC,LAC,3,20.0
2022_15_TEN_LAC,TEN,6,62.0
2022_16_ATL_BAL,ATL,5,48.0
2022_16_ATL_BAL,BAL,1,6.0
2022_16_BUF_CHI,BUF,9,72.0
2022_16_BUF_CHI,CHI,2,15.0
2022_16_CIN_NE,CIN,8,62.0
2022_16_CIN_NE,NE,10,82.0
2022_16_DEN_LA,DEN,6,55.0
2022_16_DEN_LA,LA,3,6.0
2022_16_DET_CAR,CAR,10,74.0
2022_16_DET_CAR,DET,4,30.0
2022_16_GB_MIA,GB,5,40.0
2022_16_GB_MIA,MIA,8,62.0
2022_16_HOU_TEN,HOU,4,35.0
2022_16_HOU_TEN,TEN,5,30.0
2022_16_JAX_NYJ,JAX,3,25.0
2022_16_JAX_NYJ,NYJ,9,64.0
2022_16_LAC_IND,IND,2,11.0
2022_16_LAC_IND,LAC,6,60.0
2022_16_LV_PIT,LV,2,20.0
2022_16_LV_PIT,PIT,3,35.0
2022_16_NO_CLE,CLE,4,45.0
2022_16_NO_CLE,NO,2,15.0
2022_16_NYG_MIN,MIN,2,14.0
2022_16_NYG_MIN,NYG,7,63.0
2022_16_PHI_DAL,DAL,4,36.0
2022_16_PHI_DAL,PHI,2,10.0
2022_16_SEA_KC,KC,5,39.0
2022_16_SEA_KC,SEA,6,35.0
2022_16_TB_ARI,ARI,6,74.0
2022_16_TB_ARI,TB,5,30.0
2022_16_WAS_SF,SF,4,25.0
2022_16_WAS_SF,WAS,6,51.0
2022_17_ARI_ATL,ARI,8,50.0
2022_17_ARI_ATL,ATL,5,70.0
2022_17_CAR_TB,CAR,8,58.0
2022_17_CAR_TB,TB,8,51.0
2022_17_CHI_DET,CHI,3,49.0
2022_17_CHI_DET,DET,6,42.0
2022_17_CLE_WAS,CLE,3,20.0
2022_17_CLE_WAS,WAS,5,24.0
2022_17_DAL_TEN,DAL,3,35.0
2022_17_DAL_TEN,TEN,10,124.0
2022_17_DEN_KC,DEN,3,23.0
2022_17_DEN_KC,KC,5,31.0
2022_17_IND_NYG,IND,7,60.0
2022_17_IND_NYG,NYG,3,20.0
2022_17_JAX_HOU,HOU,7,45.0
2022_17_JAX_HOU,JAX,2,30.0
2022_17_LA_LAC,LA,3,22.0
2022_17_LA_LAC,LAC,2,19.0
2022_17_MIA_NE,MIA,9,71.0
2022_17_MIA_NE,NE,6,39.0
2022_17_MIN_GB,GB,3,30.0
2022_17_MIN_GB,MIN,6,35.0
2022_17_NO_PHI,NO,3,20.0
2022_17_NO_PHI,PHI,8,49.0
2022_17_NYJ_SEA,NYJ,2,10.0
2022_17_NYJ_SEA,SEA,5,25.0
2022_17_PIT_BAL,BAL,4,30.0
2022_17_PIT_BAL,PIT,6,43.0
2022_17_SF_LV,LV,6,49.0
2022_17_SF_LV,SF,9,71.0
2022_18_ARI_SF,ARI,7,50.0
2022_18_ARI_SF,SF,2,10.0
2022_18_BAL_CIN,BAL,5,22.0
2022_18_BAL_CIN,CIN,3,35.0
2022_18_CAR_NO,CAR,2,20.0
2022_18_CAR_NO,NO,2,15.0
2022_18_CLE_PIT,CLE,9,65.0
2022_18_CLE_PIT,PIT,4,20.0
2022_18_DAL_WAS,DAL,6,74.0
2022_18_DAL_WAS,WAS,2,10.0
2022_18_DET_GB,DET,5,75.0
2022_18_DET_GB,GB,4,35.0
2022_18_HOU_IND,HOU,7,41.0
2022_18_HOU_IND,IND,2,10.0
2022_18_KC_LV,KC,5,43.0
2022_18_KC_LV,LV,6,47.0
2022_18_LAC_DEN,DEN,3,36.0
2022_18_LAC_DEN,LAC,5,34.0
2022_18_LA_SEA,LA,3,35.0
2022_18_LA_SEA,SEA,4,20.0
2022_18_MIN_CHI,CHI,2,20.0
2022_18_MIN_CHI,MIN,8,36.0
2022_18_NE_BUF,BUF,2,20.0
2022_18_NE_BUF,NE,2,20.0
2022_18_NYG_PHI,NYG,8,66.0
2022_18_NYG_PHI,PHI,4,30.0
2022_18_NYJ_MIA,MIA,5,47.0
2022_18_NYJ_MIA,NYJ,6,54.0
2022_18_TB_ATL,ATL,2,18.0
2022_18_TB_ATL,TB,3,30.0
2022_18_TEN_JAX,JAX,4,25.0
2022_18_TEN_JAX,TEN,6,40.0
2022_19_BAL_CIN,BAL,4,36.0
2022_19_BAL_CIN,CIN,7,42.0
2022_19_DAL_TB,DAL,2,15.0
2022_19_DAL_TB,TB,3,34.0
2022_19_LAC_JAX,JAX,3,30.0
2022_19_LAC_JAX,LAC,7,42.0
2022_19_MIA_BUF,BUF,2,13.0
2022_19_MIA_BUF,MIA,7,34.0
2022_19_NYG_MIN,MIN,3,12.0
2022_19_NYG_MIN,NYG,5,45.0
2022_19_SEA_SF,SEA,5,30.0
2022_19_SEA_SF,SF,3,28.0
2022_20_CIN_BUF,BUF,8,60.0
2022_20_CIN_BUF,CIN,2,9.0
2022_20_DAL_SF,DAL,7,50.0
2022_20_DAL_SF,SF,3,30.0
2022_20_JAX_KC,JAX,5,40.0
2022_20_JAX_KC,KC,3,30.0
2022_20_NYG_PHI,NYG,1,5.0
2022_20_NYG_PHI,PHI,5,25.0
2022_21_CIN_KC,CIN,9,71.0
2022_21_CIN_KC,KC,4,55.0
2022_21_SF_PHI,PHI,4,34.0
2022_21_SF_PHI,SF,11,81.0
2022_22_KC_PHI,KC,3,14.0
2022_22_KC_PHI,PHI,6,33.0
2023_01_ARI_WAS,ARI,9,122.0
2023_01_ARI_WAS,WAS,8,70.0
2023_01_BUF_NYJ,BUF,5,40.0
2023_01_BUF_NYJ,NYJ,2,10.0
2023_01_CAR_ATL,ATL,6,43.0
2023_01_CAR_ATL,CAR,9,66.0
2023_01_CIN_CLE,CIN,4,20.0
2023_01_CIN_CLE,CLE,5,43.0
2023_01_DAL_NYG,DAL,5,35.0
2023_01_DAL_NYG,NYG,6,72.0
2023_01_DET_KC,DET,4,63.0
2023_01_DET_KC,KC,3,25.0
2023_01_GB_CHI,CHI,7,61.0
2023_01_GB_CHI,GB,9,90.0
2023_01_HOU_BAL,BAL,13,106.0
2023_01_HOU_BAL,HOU,9,88.0
2023_01_JAX_IND,IND,4,35.0
2023_01_JAX_IND,JAX,4,45.0
2023_01_LA_SEA,LA,7,53.0
2023_01_LA_SEA,SEA,7,55.0
2023_01_LV_DEN,DEN,10,83.0
2023_01_LV_DEN,LV,10,97.0
2023_01_MIA_LAC,LAC,6,70.0
2023_01_MIA_LAC,MIA,6,38.0
2023_01_PHI_NE,NE,7,50.0
2023_01_PHI_NE,PHI,5,49.0
2023_01_SF_PIT,PIT,6,60.0
2023_01_SF_PIT,SF,11,85.0
2023_01_TB_MIN,MIN,6,45.0
2023_01_TB_MIN,TB,3,19.0
2023_01_TEN_NO,NO,7,45.0
2023_01_TEN_NO,TEN,6,45.0
2023_02_BAL_CIN,BAL,6,56.0
2023_02_BAL_CIN,CIN,5,30.0
2023_02_CHI_TB,CHI,5,28.0
2023_02_CHI_TB,TB,7,54.0
2023_02_CLE_PIT,CLE,8,81.0
2023_02_CLE_PIT,PIT,5,31.0
2023_02_GB_ATL,ATL,6,110.0
2023_02_GB_ATL,GB,7,40.0
2023_02_IND_HOU,HOU,3,20.0
2023_02_IND_HOU,IND,8,42.0
2023_02_KC_JAX,JAX,2,10.0
2023_02_KC_JAX,KC,12,94.0
2023_02_LAC_TEN,LAC,4,43.0
2023_02_LAC_TEN,TEN,7,45.0
2023_02_LV_BUF,BUF,4,30.0
2023_02_LV_BUF,LV,2,30.0
2023_02_MIA_NE,MIA,6,46.0
2023_02_MIA_NE,NE,5,45.0
2023_02_MIN_PHI,MIN,2,15.0
2023_02_MIN_PHI,PHI,7,45.0
2023_02_NO_CAR,CAR,6,35.0
2023_02_NO_CAR,NO,3,32.0
2023_02_NYG_ARI,ARI,8,57.0
2023_02_NYG_ARI,NYG,9,75.0
2023_02_NYJ_DAL,DAL,6,38.0
2023_02_NYJ_DAL,NYJ,5,29.0
2023_02_SEA_DET,DET,4,24.0
2023_02_SEA_DET,SEA,9,80.0
2023_02_SF_LA,LA,6,55.0
2023_02_SF_LA,SF,6,57.0
2023_02_WAS_DEN,DEN,9,58.0
2023_02_WAS_DEN,WAS,8,71.0
2023_03_ATL_DET,ATL,4,24.0
2023_03_ATL_DET,DET,10,119.0
2023_03_BUF_WAS,BUF,6,45.0
2023_03_BUF_WAS,WAS,2,15.0
2023_03_CAR_SEA,CAR,13,82.0
2023_03_CAR_SEA,SEA,8,82.0
2023_03_CHI_KC,CHI,6,32.0
2023_03_CHI_KC,KC,3,15.0
2023_03_DAL_ARI,ARI,8,69.0
2023_03_DAL_ARI,DAL,13,107.0
2023_03_DEN_MIA,DEN,7,46.0
2023_03_DEN_MIA,MIA,6,55.0
2023_03_HOU_JAX,HOU,8,75.0
2023_03_HOU_JAX,JAX,6,49.0
2023_03_IND_BAL,BAL,1,5.0
2023_03_IND_BAL,IND,6,31.0
2023_03_LAC_MIN,LAC,12,94.0
2023_03_LAC_MIN,MIN,6,45.0
2023_03_LA_CIN,CIN,7,49.0
2023_03_LA_CIN,LA,4,28.0
2023_03_NE_NYJ,NE,6,43.0
2023_03_NE_NYJ,NYJ,3,15.0
2023_03_NO_GB,GB,11,90.0
2023_03_NO_GB,NO,7,102.0
2023_03_NYG_SF,NYG,6,37.0
2023_03_NYG_SF,SF,6,71.0
2023_03_PHI_TB,PHI,3,20.0
2023_03_PHI_TB,TB,4,20.0
2023_03_PIT_LV,LV,7,60.0
2023_03_PIT_LV,PIT,6,45.0
2023_03_TEN_CLE,CLE,5,46.0
2023_03_TEN_CLE,TEN,8,80.0
2023_04_ARI_SF,ARI,9,55.0
2023_04_ARI_SF,SF,4,21.0
2023_04_ATL_JAX,ATL,3,50.0
2023_04_ATL_JAX,JAX,3,25.0
2023_04_BAL_CLE,BAL,8,92.0
2023_04_BAL_CLE,CLE,7,42.0
2023_04_CIN_TEN,CIN,5,40.0
2023_04_CIN_TEN,TEN,5,27.0
2023_04_DEN_CHI,CHI,10,91.0
2023_04_DEN_CHI,DEN,7,39.0
2023_04_DET_GB,DET,8,70.0
2023_04_DET_GB,GB,4,31.0
2023_04_KC_NYJ,KC,5,46.0
2023_04_KC_NYJ,NYJ,7,42.0
2023_04_LA_IND,IND,8,80.0
2023_04_LA_IND,LA,8,85.0
2023_04_LV_LAC,LAC,4,34.0
2023_04_LV_LAC,LV,9,80.0
2023_04_MIA_BUF,BUF,4,20.0
2023_04_MIA_BUF,MIA,8,98.0
2023_04_MIN_CAR,CAR,6,80.0
2023_04_MIN_CAR,MIN,7,37.0
2023_04_NE_DAL,DAL,5,32.0
2023_04_NE_DAL,NE,6,50.0
2023_04_PIT_HOU,HOU,8,63.0
2023_04_PIT_HOU,PIT,2,18.0
2023_04_SEA_NYG,NYG,6,45.0
2023_04_SEA_NYG,SEA,8,74.0
2023_04_TB_NO,NO,7,58.0
2023_04_TB_NO,TB,11,91.0
2023_04_WAS_PHI,PHI,11,81.0
2023_04_WAS_PHI,WAS,7,41.0
2023_05_BAL_PIT,BAL,2,20.0
2023_05_BAL_PIT,PIT,3,30.0
2023_05_CAR_DET,CAR,7,45.0
2023_05_CAR_DET,DET,5,35.0
2023_05_CHI_WAS,CHI,3,35.0
2023_05_CHI_WAS,WAS,1,5.0
2023_05_CIN_ARI,ARI,2,16.0
2023_05_CIN_ARI,CIN,4,40.0
2023_05_DAL_SF,DAL,6,60.0
2023_05_DAL_SF,SF,6,45.0
2023_05_GB_LV,GB,3,18.0
2023_05_GB_LV,LV,4,28.0
2023_05_HOU_ATL,ATL,7,55.0
2023_05_HOU_ATL,HOU,5,25.0
2023_05_JAX_BUF,BUF,11,109.0
2023_05_JAX_BUF,JAX,8,56.0
2023_05_KC_MIN,KC,10,86.0
2023_05_KC_MIN,MIN,4,51.0
2023_05_NO_NE,NE,5,30.0
2023_05_NO_NE,NO,12,86.0
2023_05_NYG_MIA,MIA,6,43.0
2023_05_NYG_MIA,NYG,6,43.0
2023_05_NYJ_DEN,DEN,4,31.0
2023_05_NYJ_DEN,NYJ,9,71.0
2023_05_PHI_LA,LA,5,48.0
2023_05_PHI_LA,PHI,3,35.0
2023_05_TEN_IND,IND,8,55.0
2023_05_TEN_IND,TEN,4,58.0
2023_06_ARI_LA,ARI,5,36.0
2023_06_ARI_LA,LA,6,59.0
2023_06_BAL_TEN,BAL,9,88.0
2023_06_BAL_TEN,TEN,6,45.0
2023_06_CAR_MIA,CAR,3,11.0
2023_06_CAR_MIA,MIA,3,25.0
2023_06_DAL_LAC,DAL,11,85.0
2023_06_DAL_LAC,LAC,9,79.0
2023_06_DEN_KC,DEN,3,34.0
2023_06_DEN_KC,KC,7,84.0
2023_06_DET_TB,DET,5,35.0
2023_06_DET_TB,TB,5,33.0
2023_06_IND_JAX,IND,6,46.0
2023_06_IND_JAX,JAX,5,25.0
2023_06_MIN_CHI,CHI,5,29.0
2023_06_MIN_CHI,MIN,5,63.0
2023_06_NE_LV,LV,6,42.0
2023_06_NE_LV,NE,10,79.0
2023_06_NO_HOU,HOU,3,29.0
2023_06_NO_HOU,NO,7,83.0
2023_06_NYG_BUF,BUF,7,51.0
2023_06_NYG_BUF,NYG,9,65.0
2023_06_PHI_NYJ,NYJ,9,68.0
2023_06_PHI_NYJ,PHI,5,46.0
2023_06_SEA_CIN,CIN,5,43.0
2023_06_SEA_CIN,SEA,7,64.0
2023_06_SF_CLE,CLE,13,119.0
2023_06_SF_CLE,SF,12,105.0
2023_06_WAS_ATL,ATL,4,31.0
2023_06_WAS_ATL,WAS,6,40.0
2023_07_ARI_SEA,ARI,7,59.0
2023_07_ARI_SEA,SEA,4,22.0
2023_07_ATL_TB,ATL,9,60.0
2023_07_ATL_TB,TB,9,66.0
2023_07_BUF_NE,BUF,9,46.0
2023_07_BUF_NE,NE,8,59.0
2023_07_CLE_IND,CLE,4,20.0
2023_07_CLE_IND,IND,8,67.0
2023_07_DET_BAL,BAL,4,45.0
2023_07_DET_BAL,DET,5,57.0
2023_07_GB_DEN,DEN,8,60.0
2023_07_GB_DEN,GB,7,56.0
2023_07_JAX_NO,JAX,5,42.0
2023_07_JAX_NO,NO,3,34.0
2023_07_LAC_KC,KC,6,43.0
2023_07_LAC_KC,LAC,4,43.0
2023_07_LV_CHI,CHI,9,110.0
2023_07_LV_CHI,LV,2,15.0
2023_07_MIA_PHI,MIA,10,70.0
2023_07_PIT_LA,LA,5,40.0
2023_07_PIT_LA,PIT,8,76.0
2023_07_SF_MIN,MIN,5,35.0
2023_07_SF_MIN,SF,5,37.0
2023_07_WAS_NYG,NYG,4,40.0
2023_07_WAS_NYG,WAS,10,75.0
2023_08_ATL_TEN,ATL,3,15.0
2023_08_ATL_TEN,TEN,6,53.0
2023_08_BAL_ARI,ARI,6,70.0
2023_08_BAL_ARI,BAL,6,45.0
2023_08_CHI_LAC,CHI,7,53.0
2023_08_CHI_LAC,LAC,2,15.0
2023_08_CIN_SF,CIN,1,15.0
2023_08_CIN_SF,SF,5,54.0
2023_08_CLE_SEA,CLE,4,25.0
2023_08_CLE_SEA,SEA,7,43.0
2023_08_HOU_CAR,CAR,3,20.0
2023_08_HOU_CAR,HOU,10,70.0
2023_08_JAX_PIT,JAX,6,72.0
2023_08_JAX_PIT,PIT,6,52.0
2023_08_KC_DEN,DEN,6,35.0
2023_08_KC_DEN,KC,5,38.0
2023_08_LA_DAL,DAL,4,21.0
2023_08_LA_DAL,LA,4,25.0
2023_08_LV_DET,DET,5,55.0
2023_08_LV_DET,LV,4,40.0
2023_08_MIN_GB,GB,11,99.0
2023_08_MIN_GB,MIN,7,35.0
2023_08_NE_MIA,MIA,3,25.0
2023_08_NE_MIA,NE,7,45.0
2023_08_NO_IND,IND,6,30.0
2023_08_NO_IND,NO,8,73.0
2023_08_NYJ_NYG,NYG,6,73.0
2023_08_NYJ_NYG,NYJ,9,85.0
2023_08_PHI_WAS,PHI,3,14.0
2023_08_PHI_WAS,WAS,7,79.0
2023_08_TB_BUF,BUF,9,86.0
2023_08_TB_BUF,TB,11,74.0
2023_09_ARI_CLE,ARI,4,40.0
2023_09_ARI_CLE,CLE,6,65.0
2023_09_BUF_CIN,BUF,5,49.0
2023_09_BUF_CIN,CIN,6,49.0
2023_09_CHI_NO,CHI,8,71.0
2023_09_CHI_NO,NO,1,5.0
2023_09_DAL_PHI,DAL,10,83.0
2023_09_DAL_PHI,PHI,10,98.0
2023_09_IND_CAR,CAR,10,81.0
2023_09_IND_CAR,IND,5,25.0
2023_09_LAC_NYJ,LAC,4,39.0
2023_09_LAC_NYJ,NYJ,8,40.0
2023_09_LA_GB,GB,8,57.0
2023_09_LA_GB,LA,5,36.0
2023_09_MIA_KC,KC,9,69.0
2023_09_MIA_KC,MIA,6,45.0
2023_09_MIN_ATL,ATL,8,62.0
2023_09_MIN_ATL,MIN,1,4.0
2023_09_NYG_LV,LV,4,30.0
2023_09_NYG_LV,NYG,3,8.0
2023_09_SEA_BAL,BAL,3,11.0
2023_09_SEA_BAL,SEA,5,29.0
2023_09_TB_HOU,HOU,9,115.0
2023_09_TB_HOU,TB,9,90.0
2023_09_TEN_PIT,PIT,10,80.0
2023_09_TEN_PIT,TEN,7,51.0
2023_09_WAS_NE,NE,4,30.0
2023_09_WAS_NE,WAS,4,30.0
2023_10_ATL_ARI,ARI,11,112.0
2023_10_ATL_ARI,ATL,4,43.0
2023_10_CAR_CHI,CAR,5,45.0
2023_10_CAR_CHI,CHI,7,44.0
2023_10_CLE_BAL,BAL,7,64.0
2023_10_CLE_BAL,CLE,10,55.0
2023_10_DEN_BUF,BUF,5,63.0
2023_10_DEN_BUF,DEN,10,61.0
2023_10_DET_LAC,DET,4,44.0
2023_10_DET_LAC,LAC,3,36.0
2023_10_GB_PIT,GB,5,32.0
2023_10_GB_PIT,PIT,3,27.0
2023_10_HOU_CIN,CIN,4,63.0
2023_10_HOU_CIN,HOU,7,50.0
2023_10_IND_NE,IND,4,34.0
2023_10_IND_NE,NE,5,34.0
2023_10_NO_MIN,MIN,5,35.0
2023_10_NO_MIN,NO,9,74.0
2023_10_NYG_DAL,DAL,9,83.0
2023_10_NYG_DAL,NYG,2,5.0
2023_10_NYJ_LV,LV,3,25.0
2023_10_NYJ_LV,NYJ,8,83.0
2023_10_SF_JAX,JAX,5,39.0
2023_10_SF_JAX,SF,7,90.0
2023_10_TEN_TB,TB,7,50.0
2023_10_TEN_TB,TEN,5,35.0
2023_10_WAS_SEA,SEA,8,50.0
2023_10_WAS_SEA,WAS,6,39.0
2023_11_ARI_HOU,ARI,5,50.0
2023_11_ARI_HOU,HOU,3,19.0
2023_11_CHI_DET,CHI,6,69.0
2023_11_CHI_DET,DET,5,25.0
2023_11_CIN_BAL,BAL,9,110.0
2023_11_CIN_BAL,CIN,9,78.0
2023_11_DAL_CAR,CAR,8,90.0
2023_11_DAL_CAR,DAL,5,45.0
2023_11_LAC_GB,GB,6,36.0
2023_11_LAC_GB,LAC,4,54.0
2023_11_LV_MIA,LV,5,41.0
2023_11_LV_MIA,MIA,5,44.0
2023_11_MIN_DEN,DEN,4,48.0
2023_11_MIN_DEN,MIN,6,55.0
2023_11_NYG_WAS,NYG,5,33.0
2023_11_NYG_WAS,WAS,1,5.0
2023_11_NYJ_BUF,BUF,8,77.0
2023_11_NYJ_BUF,NYJ,5,35.0
2023_11_PHI_KC,KC,7,55.0
2023_11_PHI_KC,PHI,7,61.0
2023_11_PIT_CLE,CLE,1,10.0
2023_11_PIT_CLE,PIT,6,46.0
2023_11_SEA_LA,LA,9,92.0
2023_11_SEA_LA,SEA,12,130.0
2023_11_TB_SF,SF,7,66.0
2023_11_TB_SF,TB,3,19.0
2023_11_TEN_JAX,JAX,4,29.0
2023_11_TEN_JAX,TEN,7,66.0
2023_12_BAL_LAC,BAL,5,42.0
2023_12_BAL_LAC,LAC,5,41.0
2023_12_BUF_PHI,BUF,11,80.0
2023_12_BUF_PHI,PHI,4,30.0
2023_12_CAR_TEN,CAR,4,35.0
2023_12_CAR_TEN,TEN,8,53.0
2023_12_CHI_MIN,CHI,7,76.0
2023_12_CHI_MIN,MIN,4,24.0
2023_12_CLE_DEN,CLE,8,66.0
2023_12_CLE_DEN,DEN,8,71.0
2023_12_GB_DET,DET,7,51.0
2023_12_GB_DET,GB,7,60.0
2023_12_JAX_HOU,HOU,7,49.0
2023_12_JAX_HOU,JAX,6,35.0
2023_12_KC_LV,KC,4,40.0
2023_12_LA_ARI,ARI,5,34.0
2023_12_LA_ARI,LA,5,23.0
2023_12_MIA_NYJ,MIA,6,38.0
2023_12_MIA_NYJ,NYJ,6,60.0
2023_12_NE_NYG,NE,2,13.0
2023_12_NE_NYG,NYG,4,37.0
2023_12_NO_ATL,ATL,5,35.0
2023_12_NO_ATL,NO,6,50.0
2023_12_PIT_CIN,CIN,5,36.0
2023_12_PIT_CIN,PIT,5,55.0
2023_12_SF_SEA,SEA,5,39.0
2023_12_SF_SEA,SF,3,20.0
2023_12_TB_IND,IND,5,40.0
2023_12_TB_IND,TB,4,24.0
2023_12_WAS_DAL,DAL,7,48.0
2023_12_WAS_DAL,WAS,4,25.0
2023_13_ARI_PIT,ARI,6,51.0
2023_13_ARI_PIT,PIT,9,77.0
2023_13_ATL_NYJ,ATL,6,55.0
2023_13_ATL_NYJ,NYJ,11,71.0
2023_13_CAR_TB,CAR,7,62.0
2023_13_CAR_TB,TB,5,36.0
2023_13_CIN_JAX,CIN,6,35.0
2023_13_CIN_JAX,JAX,7,55.0
2023_13_CLE_LA,CLE,7,86.0
2023_13_CLE_LA,LA,7,45.0
2023_13_DEN_HOU,DEN,2,8.0
2023_13_DEN_HOU,HOU,8,81.0
2023_13_DET_NO,DET,6,45.0
2023_13_DET_NO,NO,6,50.0
2023_13_IND_TEN,IND,4,29.0
2023_13_IND_TEN,TEN,9,74.0
2023_13_KC_GB,GB,7,63.0
2023_13_KC_GB,KC,5,50.0
2023_13_LAC_NE,LAC,4,20.0
2023_13_LAC_NE,NE,3,14.0
2023_13_MIA_WAS,MIA,2,15.0
2023_13_MIA_WAS,WAS,3,31.0
2023_13_SEA_DAL,DAL,9,127.0
2023_13_SEA_DAL,SEA,10,130.0
2023_13_SF_PHI,PHI,7,47.0
2023_13_SF_PHI,SF,5,47.0
2023_14_BUF_KC,BUF,4,35.0
2023_14_BUF_KC,KC,7,45.0
2023_14_CAR_NO,CAR,4,27.0
2023_14_CAR_NO,NO,3,30.0
2023_14_DEN_LAC,DEN,4,26.0
2023_14_DEN_LAC,LAC,2,10.0
2023_14_DET_CHI,CHI,4,35.0
2023_14_DET_CHI,DET,8,59.0
2023_14_GB_NYG,GB,4,39.0
2023_14_GB_NYG,NYG,5,47.0
2023_14_HOU_NYJ,HOU,4,35.0
2023_14_HOU_NYJ,NYJ,8,52.0
2023_14_IND_CIN,CIN,5,40.0
2023_14_IND_CIN,IND,9,66.0
2023_14_JAX_CLE,CLE,8,75.0
2023_14_JAX_CLE,JAX,7,40.0
2023_14_LA_BAL,BAL,7,79.0
2023_14_LA_BAL,LA,5,34.0
2023_14_MIN_LV,LV,4,37.0
2023_14_MIN_LV,MIN,5,36.0
2023_14_NE_PIT,NE,7,59.0
2023_14_NE_PIT,PIT,1,5.0
2023_14_PHI_DAL,DAL,7,60.0
2023_14_PHI_DAL,PHI,9,85.0
2023_14_SEA_SF,SEA,5,39.0
2023_14_SEA_SF,SF,5,30.0
2023_14_TB_ATL,ATL,2,10.0
2023_14_TB_ATL,TB,4,26.0
2023_14_TEN_MIA,MIA,7,61.0
2023_14_TEN_MIA,TEN,9,59.0
2023_15_ATL_CAR,ATL,4,25.0
2023_15_ATL_CAR,CAR,4,35.0
2023_15_BAL_JAX,BAL,6,54.0
2023_15_BAL_JAX,JAX,6,47.0
2023_15_CHI_CLE,CHI,4,19.0
2023_15_CHI_CLE,CLE,9,48.0
2023_15_DAL_BUF,BUF,1,15.0
2023_15_DAL_BUF,DAL,5,48.0
2023_15_DEN_DET,DEN,4,40.0
2023_15_DEN_DET,DET,2,54.0
2023_15_HOU_TEN,HOU,8,67.0
2023_15_HOU_TEN,TEN,5,50.0
2023_15_KC_NE,KC,2,15.0
2023_15_KC_NE,NE,5,45.0
2023_15_LAC_LV,LAC,6,65.0
2023_15_LAC_LV,LV,4,30.0
2023_15_MIN_CIN,CIN,3,26.0
2023_15_MIN_CIN,MIN,4,22.0
2023_15_NYG_NO,NO,6,58.0
2023_15_NYG_NO,NYG,5,32.0
2023_15_NYJ_MIA,MIA,9,65.0
2023_15_NYJ_MIA,NYJ,7,55.0
2023_15_PHI_SEA,PHI,5,40.0
2023_15_PHI_SEA,SEA,5,35.0
2023_15_PIT_IND,IND,2,10.0
2023_15_PIT_IND,PIT,8,101.0
2023_15_SF_ARI,ARI,4,28.0
2023_15_SF_ARI,SF,1,5.0
2023_15_TB_GB,GB,4,31.0
2023_15_TB_GB,TB,4,52.0
2023_15_WAS_LA,LA,5,36.0
2023_15_WAS_LA,WAS,3,28.0
2023_16_ARI_CHI,ARI,2,8.0
2023_16_ARI_CHI,CHI,5,35.0
2023_16_BAL_SF,BAL,6,67.0
2023_16_BAL_SF,SF,10,102.0
2023_16_BUF_LAC,BUF,7,64.0
2023_16_BUF_LAC,LAC,6,29.0
2023_16_CIN_PIT,CIN,3,20.0
2023_16_CIN_PIT,PIT,2,15.0
2023_16_CLE_HOU,CLE,9,55.0
2023_16_CLE_HOU,HOU,10,76.0
2023_16_DAL_MIA,DAL,6,38.0
2023_16_DAL_MIA,MIA,5,33.0
2023_16_DET_MIN,DET,9,52.0
2023_16_DET_MIN,MIN,8,64.0
2023_16_GB_CAR,CAR,8,87.0
2023_16_GB_CAR,GB,6,67.0
2023_16_IND_ATL,ATL,4,35.0
2023_16_IND_ATL,IND,4,29.0
2023_16_JAX_TB,JAX,2,20.0
2023_16_JAX_TB,TB,6,44.0
2023_16_LV_KC,KC,5,44.0
2023_16_LV_KC,LV,4,20.0
2023_16_NE_DEN,DEN,2,25.0
2023_16_NE_DEN,NE,3,25.0
2023_16_NO_LA,LA,3,25.0
2023_16_NO_LA,NO,3,20.0
2023_16_NYG_PHI,NYG,3,13.0
2023_16_NYG_PHI,PHI,9,65.0
2023_16_SEA_TEN,SEA,6,47.0
2023_16_SEA_TEN,TEN,10,97.0
2023_16_WAS_NYJ,NYJ,14,150.0
2023_16_WAS_NYJ,WAS,8,68.0
2023_17_ARI_PHI,ARI,5,25.0
2023_17_ARI_PHI,PHI,4,49.0
2023_17_ATL_CHI,ATL,1,15.0
2023_17_ATL_CHI,CHI,5,55.0
2023_17_CAR_JAX,CAR,3,24.0
2023_17_CAR_JAX,JAX,1,15.0
2023_17_CIN_KC,CIN,3,20.0
2023_17_CIN_KC,KC,3,39.0
2023_17_DET_DAL,DAL,5,34.0
2023_17_DET_DAL,DET,6,35.0
2023_17_GB_MIN,GB,4,32.0
2023_17_GB_MIN,MIN,6,27.0
2023_17_LAC_DEN,DEN,7,49.0
2023_17_LAC_DEN,LAC,3,48.0
2023_17_LA_NYG,LA,3,28.0
2023_17_LA_NYG,NYG,7,65.0
2023_17_LV_IND,IND,5,52.0
2023_17_LV_IND,LV,7,54.0
2023_17_MIA_BAL,BAL,7,45.0
2023_17_MIA_BAL,MIA,5,37.0
2023_17_NE_BUF,BUF,4,32.0
2023_17_NE_BUF,NE,2,20.0
2023_17_NO_TB,NO,5,31.0
2023_17_NO_TB,TB,5,38.0
2023_17_NYJ_CLE,CLE,4,26.0
2023_17_NYJ_CLE,NYJ,12,74.0
2023_17_PIT_SEA,PIT,2,10.0
2023_17_PIT_SEA,SEA,4,25.0
2023_17_SF_WAS,SF,3,20.0
2023_17_SF_WAS,WAS,5,40.0
2023_17_TEN_HOU,HOU,1,6.0
2023_17_TEN_HOU,TEN,3,15.0
2023_18_ATL_NO,ATL,8,75.0
2023_18_ATL_NO,NO,3,15.0
2023_18_BUF_MIA,BUF,6,41.0
2023_18_BUF_MIA,MIA,4,29.0
2023_18_CHI_GB,CHI,1,10.0
2023_18_CHI_GB,GB,1,5.0
2023_18_CLE_CIN,CIN,1,10.0
2023_18_CLE_CIN,CLE,7,35.0
2023_18_DAL_WAS,DAL,2,20.0
2023_18_DAL_WAS,WAS,4,39.0
2023_18_DEN_LV,DEN,4,35.0
2023_18_HOU_IND,HOU,11,69.0
2023_18_HOU_IND,IND,3,14.0
2023_18_JAX_TEN,JAX,6,40.0
2023_18_JAX_TEN,TEN,5,29.0
2023_18_KC_LAC,KC,3,57.0
2023_18_KC_LAC,LAC,1,5.0
2023_18_LA_SF,LA,2,8.0
2023_18_LA_SF,SF,5,78.0
2023_18_MIN_DET,DET,4,20.0
2023_18_MIN_DET,MIN,8,77.0
2023_18_NYJ_NE,NE,4,35.0
2023_18_NYJ_NE,NYJ,1,5.0
2023_18_PHI_NYG,NYG,3,21.0
2023_18_PHI_NYG,PHI,2,10.0
2023_18_PIT_BAL,BAL,3,26.0
2023_18_PIT_BAL,PIT,4,25.0
2023_18_SEA_ARI,ARI,5,27.0
2023_18_TB_CAR,CAR,3,20.0
2023_18_TB_CAR,TB,3,15.0
2023_19_CLE_HOU,CLE,4,32.0
2023_19_CLE_HOU,HOU,3,20.0
2023_19_GB_DAL,DAL,6,48.0
2023_19_GB_DAL,GB,7,66.0
2023_19_LA_DET,DET,5,34.0
2023_19_LA_DET,LA,4,36.0
2023_19_MIA_KC,KC,5,45.0
2023_19_MIA_KC,MIA,8,62.0
2023_19_PHI_TB,PHI,6,54.0
2023_19_PHI_TB,TB,5,25.0
2023_19_PIT_BUF,BUF,2,24.0
2023_19_PIT_BUF,PIT,6,50.0
2023_20_GB_SF,GB,1,5.0
2023_20_GB_SF,SF,6,83.0
2023_20_HOU_BAL,BAL,3,15.0
2023_20_HOU_BAL,HOU,11,70.0
2023_20_KC_BUF,BUF,5,28.0
2023_20_KC_BUF,KC,2,15.0
2023_20_TB_DET,DET,3,17.0
2023_20_TB_DET,TB,5,33.0
2023_21_DET_SF,DET,2,15.0
2023_21_DET_SF,SF,3,20.0
2023_21_KC_BAL,BAL,8,95.0
2023_21_KC_BAL,KC,3,30.0
2023_22_SF_KC,KC,6,55.0
2023_22_SF_KC,SF,6,40.0
2024_01_ARI_BUF,ARI,5,31.0
2024_01_ARI_BUF,BUF,9,65.0
2024_01_BAL_KC,BAL,7,64.0
2024_01_BAL_KC,KC,6,45.0
2024_01_CAR_NO,CAR,6,80.0
2024_01_CAR_NO,NO,10,95.0
2024_01_DAL_CLE,CLE,11,64.0
2024_01_DAL_CLE,DAL,11,85.0
2024_01_DEN_SEA,DEN,8,60.0
2024_01_DEN_SEA,SEA,6,41.0
2024_01_GB_PHI,GB,10,71.0
2024_01_GB_PHI,PHI,7,57.0
2024_01_HOU_IND,HOU,5,30.0
2024_01_HOU_IND,IND,4,20.0
2024_01_JAX_MIA,JAX,8,71.0
2024_01_JAX_MIA,MIA,9,103.0
2024_01_LA_DET,DET,6,56.0
2024_01_LA_DET,LA,6,50.0
2024_01_LV_LAC,LAC,7,50.0
2024_01_LV_LAC,LV,2,15.0
2024_01_MIN_NYG,MIN,7,63.0
2024_01_MIN_NYG,NYG,9,95.0
2024_01_NE_CIN,CIN,2,10.0
2024_01_NE_CIN,NE,5,40.0
2024_01_NYJ_SF,NYJ,3,10.0
2024_01_NYJ_SF,SF,4,40.0
2024_01_PIT_ATL,ATL,5,34.0
2024_01_PIT_ATL,PIT,9,60.0
2024_01_TEN_CHI,CHI,7,55.0
2024_01_TEN_CHI,TEN,8,50.0
2024_01_WAS_TB,TB,7,46.0
2024_01_WAS_TB,WAS,6,29.0
2024_02_ATL_PHI,ATL,3,40.0
2024_02_ATL_PHI,PHI,9,53.0
2024_02_BUF_MIA,BUF,1,5.0
2024_02_BUF_MIA,MIA,7,50.0
2024_02_CHI_HOU,CHI,9,60.0
2024_02_CHI_HOU,HOU,12,115.0
2024_02_CIN_KC,CIN,8,79.0
2024_02_CIN_KC,KC,4,44.0
2024_02_CLE_JAX,CLE,13,100.0
2024_02_CLE_JAX,JAX,6,52.0
2024_02_IND_GB,GB,6,50.0
2024_02_IND_GB,IND,3,20.0
2024_02_LAC_CAR,CAR,9,90.0
2024_02_LAC_CAR,LAC,3,15.0
2024_02_LA_ARI,ARI,5,52.0
2024_02_LA_ARI,LA,2,10.0
2024_02_LV_BAL,BAL,11,109.0
2024_02_LV_BAL,LV,3,15.0
2024_02_NO_DAL,DAL,4,26.0
2024_02_NO_DAL,NO,5,40.0
2024_02_NYG_WAS,NYG,5,20.0
2024_02_NYG_WAS,WAS,10,69.0
2024_02_NYJ_TEN,NYJ,7,70.0
2024_02_NYJ_TEN,TEN,5,45.0
2024_02_PIT_DEN,DEN,9,124.0
2024_02_PIT_DEN,PIT,10,78.0
2024_02_SEA_NE,NE,3,42.0
2024_02_SEA_NE,SEA,6,50.0
2024_02_SF_MIN,MIN,7,53.0
2024_02_SF_MIN,SF,4,30.0
2024_02_TB_DET,DET,4,71.0
2024_02_TB_DET,TB,4,35.0
2024_03_BAL_DAL,BAL,13,105.0
2024_03_BAL_DAL,DAL,6,44.0
2024_03_CAR_LV,CAR,7,51.0
2024_03_CAR_LV,LV,6,54.0
2024_03_CHI_IND,CHI,4,25.0
2024_03_CHI_IND,IND,9,78.0
2024_03_DEN_TB,DEN,4,35.0
2024_03_DEN_TB,TB,5,19.0
2024_03_DET_ARI,ARI,4,30.0
2024_03_DET_ARI,DET,9,79.0
2024_03_GB_TEN,GB,10,75.0
2024_03_GB_TEN,TEN,2,15.0
2024_03_HOU_MIN,HOU,11,88.0
2024_03_HOU_MIN,MIN,5,30.0
2024_03_JAX_BUF,BUF,6,47.0
2024_03_JAX_BUF,JAX,7,45.0
2024_03_KC_ATL,ATL,6,44.0
2024_03_KC_ATL,KC,6,61.0
2024_03_LAC_PIT,LAC,7,69.0
2024_03_LAC_PIT,PIT,3,15.0
2024_03_MIA_SEA,MIA,11,85.0
2024_03_MIA_SEA,SEA,11,92.0
2024_03_NE_NYJ,NE,5,70.0
2024_03_NE_NYJ,NYJ,8,106.0
2024_03_NYG_CLE,CLE,5,48.0
2024_03_NYG_CLE,NYG,9,68.0
2024_03_PHI_NO,NO,3,25.0
2024_03_PHI_NO,PHI,7,45.0
2024_03_SF_LA,LA,8,75.0
2024_03_SF_LA,SF,7,111.0
2024_03_WAS_CIN,CIN,5,16.0
2024_03_WAS_CIN,WAS,3,28.0
2024_04_BUF_BAL,BAL,8,79.0
2024_04_BUF_BAL,BUF,4,38.0
2024_04_CIN_CAR,CAR,6,37.0
2024_04_CIN_CAR,CIN,5,39.0
2024_04_CLE_LV,CLE,5,38.0
2024_04_CLE_LV,LV,6,49.0
2024_04_DAL_NYG,DAL,11,89.0
2024_04_DAL_NYG,NYG,4,35.0
2024_04_DEN_NYJ,DEN,5,74.0
2024_04_DEN_NYJ,NYJ,13,90.0
2024_04_JAX_HOU,HOU,12,93.0
2024_04_JAX_HOU,JAX,6,45.0
2024_04_KC_LAC,KC,5,40.0
2024_04_KC_LAC,LAC,9,51.0
2024_04_LA_CHI,CHI,10,84.0
2024_04_LA_CHI,LA,6,44.0
2024_04_MIN_GB,GB,8,68.0
2024_04_MIN_GB,MIN,7,55.0
2024_04_NE_SF,NE,3,20.0
2024_04_NE_SF,SF,6,43.0
2024_04_NO_ATL,ATL,9,76.0
2024_04_NO_ATL,NO,6,60.0
2024_04_PHI_TB,PHI,5,41.0
2024_04_PHI_TB,TB,3,20.0
2024_04_PIT_IND,IND,4,38.0
2024_04_PIT_IND,PIT,6,53.0
2024_04_SEA_DET,DET,12,101.0
2024_04_SEA_DET,SEA,9,70.0
2024_04_TEN_MIA,MIA,10,98.0
2024_04_TEN_MIA,TEN,8,69.0
2024_04_WAS_ARI,ARI,4,82.0
2024_04_WAS_ARI,WAS,5,49.0
2024_05_ARI_SF,ARI,1,5.0
2024_05_ARI_SF,SF,4,21.0
2024_05_BAL_CIN,BAL,5,21.0
2024_05_BAL_CIN,CIN,4,24.0
2024_05_BUF_HOU,BUF,4,25.0
2024_05_BUF_HOU,HOU,7,65.0
2024_05_CAR_CHI,CAR,4,18.0
2024_05_CAR_CHI,CHI,5,46.0
2024_05_CLE_WAS,CLE,9,52.0
2024_05_CLE_WAS,WAS,5,31.0
2024_05_DAL_PIT,DAL,11,87.0
2024_05_DAL_PIT,PIT,8,50.0
2024_05_GB_LA,GB,7,39.0
2024_05_GB_LA,LA,5,30.0
2024_05_IND_JAX,IND,5,34.0
2024_05_IND_JAX,JAX,3,25.0
2024_05_LV_DEN,DEN,9,44.0
2024_05_LV_DEN,LV,11,79.0
2024_05_MIA_NE,MIA,6,54.0
2024_05_MIA_NE,NE,12,105.0
2024_05_NO_KC,KC,6,55.0
2024_05_NO_KC,NO,5,70.0
2024_05_NYG_SEA,NYG,2,20.0
2024_05_NYG_SEA,SEA,6,30.0
2024_05_NYJ_MIN,MIN,11,80.0
2024_05_NYJ_MIN,NYJ,8,76.0
2024_05_TB_ATL,ATL,8,74.0
2024_05_TB_ATL,TB,5,47.0
2024_06_ARI_GB,ARI,13,100.0
2024_06_ARI_GB,GB,5,40.0
2024_06_ATL_CAR,ATL,5,45.0
2024_06_ATL_CAR,CAR,10,74.0
2024_06_BUF_NYJ,BUF,11,94.0
2024_06_BUF_NYJ,NYJ,11,110.0
2024_06_CIN_NYG,CIN,6,67.0
2024_06_CIN_NYG,NYG,2,9.0
2024_06_CLE_PHI,CLE,7,55.0
2024_06_CLE_PHI,PHI,5,40.0
2024_06_DET_DAL,DAL,4,30.0
2024_06_DET_DAL,DET,8,63.0
2024_06_HOU_NE,HOU,4,38.0
2024_06_HOU_NE,NE,9,50.0
2024_06_IND_TEN,IND,5,40.0
2024_06_IND_TEN,TEN,11,113.0
2024_06_JAX_CHI,CHI,2,10.0
2024_06_JAX_CHI,JAX,8,43.0
2024_06_LAC_DEN,DEN,7,37.0
2024_06_LAC_DEN,LAC,3,20.0
2024_06_PIT_LV,LV,4,42.0
2024_06_PIT_LV,PIT,7,50.0
2024_06_SF_SEA,SEA,9,69.0
2024_06_SF_SEA,SF,5,34.0
2024_06_TB_NO,NO,7,70.0
2024_06_TB_NO,TB,12,86.0
2024_06_WAS_BAL,BAL,3,33.0
2024_06_WAS_BAL,WAS,6,46.0
2024_07_BAL_TB,BAL,9,85.0
2024_07_BAL_TB,TB,8,75.0
2024_07_CAR_WAS,CAR,6,59.0
2024_07_CAR_WAS,WAS,8,55.0
2024_07_CIN_CLE,CIN,3,37.0
2024_07_CIN_CLE,CLE,10,80.0
2024_07_DEN_NO,DEN,7,47.0
2024_07_DEN_NO,NO,5,35.0
2024_07_DET_MIN,DET,8,49.0
2024_07_DET_MIN,MIN,8,59.0
2024_07_HOU_GB,GB,8,55.0
2024_07_HOU_GB,HOU,5,55.0
2024_07_KC_SF,KC,4,48.0
2024_07_KC_SF,SF,6,40.0
2024_07_LAC_ARI,ARI,3,15.0
2024_07_LAC_ARI,LAC,5,57.0
2024_07_LV_LA,LA,3,28.0
2024_07_LV_LA,LV,10,80.0
2024_07_MIA_IND,IND,4,25.0
2024_07_MIA_IND,MIA,6,50.0
2024_07_NE_JAX,JAX,4,24.0
2024_07_NE_JAX,NE,7,35.0
2024_07_NYJ_PIT,NYJ,5,50.0
2024_07_NYJ_PIT,PIT,4,36.0
2024_07_PHI_NYG,NYG,5,35.0
2024_07_PHI_NYG,PHI,6,35.0
2024_07_SEA_ATL,ATL,9,72.0
2024_07_SEA_ATL,SEA,5,42.0
2024_07_TEN_BUF,BUF,5,40.0
2024_07_TEN_BUF,TEN,8,52.0
2024_08_ARI_MIA,ARI,4,29.0
2024_08_ARI_MIA,MIA,2,15.0
2024_08_ATL_TB,ATL,4,43.0
2024_08_ATL_TB,TB,6,45.0
2024_08_BAL_CLE,BAL,7,53.0
2024_08_BAL_CLE,CLE,7,74.0
2024_08_BUF_SEA,BUF,13,85.0
2024_08_BUF_SEA,SEA,11,82.0
2024_08_CAR_DEN,CAR,8,49.0
2024_08_CAR_DEN,DEN,4,43.0
2024_08_CHI_WAS,CHI,8,60.0
2024_08_CHI_WAS,WAS,5,30.0
2024_08_DAL_SF,DAL,6,30.0
2024_08_DAL_SF,SF,9,73.0
2024_08_GB_JAX,GB,3,20.0
2024_08_GB_JAX,JAX,8,59.0
2024_08_IND_HOU,HOU,5,30.0
2024_08_IND_HOU,IND,9,57.0
2024_08_KC_LV,KC,8,55.0
2024_08_KC_LV,LV,5,32.0
2024_08_MIN_LA,LA,6,40.0
2024_08_MIN_LA,MIN,9,50.0
2024_08_NO_LAC,LAC,4,34.0
2024_08_NO_LAC,NO,7,66.0
2024_08_NYG_PIT,NYG,11,65.0
2024_08_NYG_PIT,PIT,5,50.0
2024_08_NYJ_NE,NE,5,50.0
2024_08_NYJ_NE,NYJ,8,55.0
2024_08_PHI_CIN,CIN,1,3.0
2024_08_PHI_CIN,PHI,4,40.0
2024_08_TEN_DET,DET,3,29.0
2024_08_TEN_DET,TEN,7,55.0
2024_09_CHI_ARI,ARI,2,15.0
2024_09_CHI_ARI,CHI,6,33.0
2024_09_DAL_ATL,ATL,4,26.0
2024_09_DAL_ATL,DAL,9,55.0
2024_09_DEN_BAL,BAL,6,53.0
2024_09_DEN_BAL,DEN,9,71.0
2024_09_DET_GB,DET,4,36.0
2024_09_DET_GB,GB,10,67.0
2024_09_HOU_NYJ,HOU,7,60.0
2024_09_HOU_NYJ,NYJ,9,83.0
2024_09_IND_MIN,IND,7,50.0
2024_09_IND_MIN,MIN,3,41.0
2024_09_JAX_PHI,JAX,4,17.0
2024_09_JAX_PHI,PHI,8,67.0
2024_09_LAC_CLE,CLE,4,25.0
2024_09_LAC_CLE,LAC,5,35.0
2024_09_LA_SEA,LA,8,83.0
2024_09_LA_SEA,SEA,12,95.0
2024_09_LV_CIN,CIN,7,60.0
2024_09_LV_CIN,LV,6,51.0
2024_09_MIA_BUF,BUF,4,40.0
2024_09_MIA_BUF,MIA,8,57.0
2024_09_NE_TEN,NE,8,58.0
2024_09_NE_TEN,TEN,10,67.0
2024_09_NO_CAR,CAR,6,55.0
2024_09_NO_CAR,NO,10,109.0
2024_09_TB_KC,KC,3,30.0
2024_09_TB_KC,TB,6,50.0
2024_09_WAS_NYG,NYG,4,51.0
2024_09_WAS_NYG,WAS,5,52.0
2024_10_ATL_NO,ATL,6,45.0
2024_10_ATL_NO,NO,8,76.0
2024_10_BUF_IND,BUF,8,54.0
2024_10_BUF_IND,IND,5,25.0
2024_10_CIN_BAL,BAL,11,81.0
2024_10_CIN_BAL,CIN,3,23.0
2024_10_DEN_KC,DEN,6,35.0
2024_10_DEN_KC,KC,3,10.0
2024_10_DET_HOU,DET,4,61.0
2024_10_DET_HOU,HOU,4,30.0
2024_10_MIA_LA,LA,6,64.0
2024_10_MIA_LA,MIA,1,15.0
2024_10_MIN_JAX,JAX,3,25.0
2024_10_MIN_JAX,MIN,6,40.0
2024_10_NE_CHI,CHI,5,25.0
2024_10_NE_CHI,NE,7,40.0
2024_10_NYG_CAR,CAR,10,87.0
2024_10_NYG_CAR,NYG,3,15.0
2024_10_NYJ_ARI,ARI,5,58.0
2024_10_NYJ_ARI,NYJ,3,25.0
2024_10_PHI_DAL,DAL,5,40.0
2024_10_PHI_DAL,PHI,7,49.0
2024_10_PIT_WAS,PIT,5,49.0
2024_10_PIT_WAS,WAS,5,41.0
2024_10_SF_TB,SF,6,49.0
2024_10_SF_TB,TB,5,42.0
2024_10_TEN_LAC,LAC,5,30.0
2024_10_TEN_LAC,TEN,9,68.0
2024_11_ATL_DEN,ATL,6,52.0
2024_11_ATL_DEN,DEN,4,45.0
2024_11_BAL_PIT,BAL,12,80.0
2024_11_BAL_PIT,PIT,7,45.0
2024_11_CIN_LAC,CIN,8,56.0
2024_11_CIN_LAC,LAC,5,50.0
2024_11_CLE_NO,CLE,3,14.0
2024_11_CLE_NO,NO,5,41.0
2024_11_GB_CHI,CHI,7,50.0
2024_11_GB_CHI,GB,3,25.0
2024_11_HOU_DAL,DAL,9,66.0
2024_11_HOU_DAL,HOU,9,69.0
2024_11_IND_NYJ,IND,5,40.0
2024_11_IND_NYJ,NYJ,2,14.0
2024_11_JAX_DET,DET,4,46.0
2024_11_JAX_DET,JAX,6,40.0
2024_11_KC_BUF,BUF,3,24.0
2024_11_KC_BUF,KC,6,57.0
2024_11_LA_NE,LA,7,66.0
2024_11_LA_NE,NE,7,45.0
2024_11_LV_MIA,LV,7,49.0
2024_11_LV_MIA,MIA,4,23.0
2024_11_MIN_TEN,MIN,3,35.0
2024_11_MIN_TEN,TEN,12,91.0
2024_11_SEA_SF,SEA,4,20.0
2024_11_SEA_SF,SF,9,54.0
2024_11_WAS_PHI,PHI,4,49.0
2024_11_WAS_PHI,WAS,4,25.0
2024_12_ARI_SEA,ARI,5,60.0
2024_12_ARI_SEA,SEA,5,51.0
2024_12_BAL_LAC,BAL,9,102.0
2024_12_BAL_LAC,LAC,7,62.0
2024_12_DAL_WAS,DAL,4,20.0
2024_12_DAL_WAS,WAS,8,78.0
2024_12_DEN_LV,DEN,6,58.0
2024_12_DEN_LV,LV,4,44.0
2024_12_DET_IND,DET,5,45.0
2024_12_DET_IND,IND,10,75.0
2024_12_KC_CAR,CAR,9,53.0
2024_12_KC_CAR,KC,10,91.0
2024_12_MIN_CHI,CHI,7,80.0
2024_12_MIN_CHI,MIN,5,45.0
2024_12_NE_MIA,MIA,3,17.0
2024_12_NE_MIA,NE,10,75.0
2024_12_PHI_LA,LA,4,38.0
2024_12_PHI_LA,PHI,4,52.0
2024_12_PIT_CLE,CLE,8,48.0
2024_12_PIT_CLE,PIT,6,39.0
2024_12_SF_GB,GB,5,40.0
2024_12_SF_GB,SF,9,77.0
2024_12_TB_NYG,NYG,4,42.0
2024_12_TB_NYG,TB,4,29.0
2024_12_TEN_HOU,HOU,11,81.0
2024_12_TEN_HOU,TEN,6,35.0
2024_13_ARI_MIN,ARI,10,96.0
2024_13_ARI_MIN,MIN,3,56.0
2024_13_CHI_DET,CHI,8,78.0
2024_13_CHI_DET,DET,6,79.0
2024_13_CLE_DEN,CLE,5,46.0
2024_13_CLE_DEN,DEN,4,57.0
2024_13_HOU_JAX,HOU,3,15.0
2024_13_HOU_JAX,JAX,4,30.0
2024_13_IND_NE,IND,2,15.0
2024_13_IND_NE,NE,7,88.0
2024_13_LAC_ATL,ATL,2,10.0
2024_13_LAC_ATL,LAC,7,33.0
2024_13_LA_NO,LA,3,30.0
2024_13_LA_NO,NO,4,38.0
2024_13_LV_KC,KC,7,40.0
2024_13_LV_KC,LV,9,101.0
2024_13_MIA_GB,GB,7,44.0
2024_13_MIA_GB,MIA,10,75.0
2024_13_NYG_DAL,DAL,6,48.0
2024_13_NYG_DAL,NYG,13,98.0
2024_13_PHI_BAL,BAL,4,20.0
2024_13_PHI_BAL,PHI,8,55.0
2024_13_PIT_CIN,CIN,11,101.0
2024_13_PIT_CIN,PIT,9,103.0
2024_13_SEA_NYJ,NYJ,12,83.0
2024_13_SEA_NYJ,SEA,5,50.0
2024_13_SF_BUF,BUF,5,35.0
2024_13_SF_BUF,SF,2,10.0
2024_13_TB_CAR,CAR,7,62.0
2024_13_TB_CAR,TB,7,54.0
2024_13_TEN_WAS,TEN,12,93.0
2024_13_TEN_WAS,WAS,7,65.0
2024_14_ATL_MIN,ATL,12,127.0
2024_14_ATL_MIN,MIN,6,35.0
2024_14_BUF_LA,BUF,7,59.0
2024_14_BUF_LA,LA,9,99.0
2024_14_CAR_PHI,CAR,7,43.0
2024_14_CAR_PHI,PHI,7,40.0
2024_14_CHI_SF,CHI,2,30.0
2024_14_CHI_SF,SF,7,31.0
2024_14_CIN_DAL,CIN,10,77.0
2024_14_CIN_DAL,DAL,4,36.0
2024_14_CLE_PIT,CLE,9,81.0
2024_14_CLE_PIT,PIT,6,61.0
2024_14_GB_DET,DET,7,56.0
2024_14_GB_DET,GB,7,59.0
2024_14_JAX_TEN,JAX,5,39.0
2024_14_JAX_TEN,TEN,4,25.0
2024_14_LAC_KC,KC,8,98.0
2024_14_LAC_KC,LAC,7,50.0
2024_14_LV_TB,LV,3,31.0
2024_14_LV_TB,TB,5,31.0
2024_14_NO_NYG,NO,6,40.0
2024_14_NO_NYG,NYG,12,112.0
2024_14_NYJ_MIA,MIA,8,49.0
2024_14_NYJ_MIA,NYJ,10,83.0
2024_14_SEA_ARI,ARI,6,49.0
2024_14_SEA_ARI,SEA,9,62.0
2024_15_ATL_LV,ATL,6,30.0
2024_15_ATL_LV,LV,7,55.0
2024_15_BAL_NYG,BAL,12,112.0
2024_15_BAL_NYG,NYG,6,44.0
2024_15_BUF_DET,BUF,6,49.0
2024_15_BUF_DET,DET,5,41.0
2024_15_CHI_MIN,CHI,9,93.0
2024_15_CHI_MIN,MIN,10,56.0
2024_15_CIN_TEN,CIN,14,113.0
2024_15_CIN_TEN,TEN,12,110.0
2024_15_DAL_CAR,CAR,8,65.0
2024_15_DAL_CAR,DAL,14,99.0
2024_15_GB_SEA,GB,5,27.0
2024_15_GB_SEA,SEA,5,108.0
2024_15_IND_DEN,DEN,6,58.0
2024_15_IND_DEN,IND,8,69.0
2024_15_KC_CLE,CLE,6,45.0
2024_15_KC_CLE,KC,4,30.0
2024_15_LA_SF,LA,4,40.0
2024_15_LA_SF,SF,4,25.0
2024_15_MIA_HOU,HOU,7,70.0
2024_15_MIA_HOU,MIA,8,64.0
2024_15_NE_ARI,ARI,4,35.0
2024_15_NE_ARI,NE,4,45.0
2024_15_NYJ_JAX,JAX,8,106.0
2024_15_NYJ_JAX,NYJ,8,62.0
2024_15_PIT_PHI,PHI,7,54.0
2024_15_PIT_PHI,PIT,5,60.0
2024_15_TB_LAC,LAC,7,60.0
2024_15_TB_LAC,TB,8,83.0
2024_15_WAS_NO,NO,4,36.0
2024_15_WAS_NO,WAS,9,84.0
2024_16_ARI_CAR,ARI,11,82.0
2024_16_ARI_CAR,CAR,9,64.0
2024_16_CLE_CIN,CIN,5,35.0
2024_16_CLE_CIN,CLE,5,41.0
2024_16_DEN_LAC,DEN,7,61.0
2024_16_DEN_LAC,LAC,2,8.0
2024_16_DET_CHI,CHI,10,70.0
2024_16_DET_CHI,DET,7,55.0
2024_16_HOU_KC,HOU,6,45.0
2024_16_HOU_KC,KC,2,20.0
2024_16_JAX_LV,JAX,8,60.0
2024_16_JAX_LV,LV,7,62.0
2024_16_LA_NYJ,LA,5,45.0
2024_16_LA_NYJ,NYJ,8,62.0
2024_16_MIN_SEA,MIN,7,70.0
2024_16_MIN_SEA,SEA,11,77.0
2024_16_NE_BUF,BUF,13,78.0
2024_16_NE_BUF,NE,5,34.0
2024_16_NO_GB,GB,6,60.0
2024_16_NO_GB,NO,7,40.0
2024_16_NYG_ATL,ATL,3,30.0
2024_16_NYG_ATL,NYG,10,85.0
2024_16_PHI_WAS,PHI,10,91.0
2024_16_PHI_WAS,WAS,5,88.0
2024_16_PIT_BAL,BAL,2,10.0
2024_16_PIT_BAL,PIT,5,29.0
2024_16_SF_MIA,MIA,6,45.0
2024_16_SF_MIA,SF,11,90.0
2024_16_TB_DAL,DAL,5,30.0
2024_16_TB_DAL,TB,6,47.0
2024_16_TEN_IND,IND,6,46.0
2024_16_TEN_IND,TEN,4,35.0
2024_17_ARI_LA,ARI,9,62.0
2024_17_ARI_LA,LA,7,46.0
2024_17_ATL_WAS,ATL,4,25.0
2024_17_ATL_WAS,WAS,13,108.0
2024_17_BAL_HOU,BAL,3,30.0
2024_17_BAL_HOU,HOU,5,49.0
2024_17_CAR_TB,CAR,4,30.0
2024_17_CAR_TB,TB,5,40.0
2024_17_DAL_PHI,DAL,8,69.0
2024_17_DAL_PHI,PHI,4,25.0
2024_17_DEN_CIN,CIN,3,15.0
2024_17_DEN_CIN,DEN,7,35.0
2024_17_DET_SF,DET,6,57.0
2024_17_DET_SF,SF,5,30.0
2024_17_GB_MIN,GB,7,51.0
2024_17_GB_MIN,MIN,7,47.0
2024_17_IND_NYG,IND,3,21.0
2024_17_IND_NYG,NYG,7,94.0
2024_17_KC_PIT,KC,9,90.0
2024_17_KC_PIT,PIT,4,25.0
2024_17_LAC_NE,LAC,6,54.0
2024_17_LAC_NE,NE,7,60.0
2024_17_LV_NO,LV,3,20.0
2024_17_LV_NO,NO,10,85.0
2024_17_MIA_CLE,CLE,9,84.0
2024_17_MIA_CLE,MIA,11,94.0
2024_17_NYJ_BUF,BUF,7,60.0
2024_17_NYJ_BUF,NYJ,16,120.0
2024_17_SEA_CHI,CHI,4,23.0
2024_17_SEA_CHI,SEA,3,25.0
2024_17_TEN_JAX,JAX,7,50.0
2024_17_TEN_JAX,TEN,5,34.0
2024_18_BUF_NE,BUF,6,35.0
2024_18_BUF_NE,NE,7,59.0
2024_18_CAR_ATL,ATL,7,55.0
2024_18_CAR_ATL,CAR,2,30.0
2024_18_CHI_GB,CHI,7,45.0
2024_18_CHI_GB,GB,5,45.0
2024_18_CIN_PIT,CIN,6,25.0
2024_18_CIN_PIT,PIT,3,20.0
2024_18_CLE_BAL,BAL,10,83.0
2024_18_CLE_BAL,CLE,3,20.0
2024_18_HOU_TEN,HOU,6,48.0
2024_18_HOU_TEN,TEN,7,68.0
2024_18_JAX_IND,IND,3,15.0
2024_18_JAX_IND,JAX,4,57.0
2024_18_KC_DEN,DEN,5,41.0
2024_18_KC_DEN,KC,3,15.0
2024_18_LAC_LV,LAC,7,40.0
2024_18_LAC_LV,LV,3,28.0
2024_18_MIA_NYJ,MIA,4,32.0
2024_18_MIA_NYJ,NYJ,6,35.0
2024_18_MIN_DET,DET,8,49.0
2024_18_MIN_DET,MIN,6,30.0
2024_18_NO_TB,NO,8,77.0
2024_18_NO_TB,TB,12,90.0
2024_18_NYG_PHI,NYG,6,40.0
2024_18_NYG_PHI,PHI,1,0.0
2024_18_SEA_LA,LA,2,10.0
2024_18_SEA_LA,SEA,3,23.0
2024_18_SF_ARI,ARI,1,5.0
2024_18_SF_ARI,SF,13,85.0
2024_18_WAS_DAL,DAL,11,67.0
2024_18_WAS_DAL,WAS,5,55.0
2024_19_DEN_BUF,BUF,7,45.0
2024_19_DEN_BUF,DEN,3,27.0
2024_19_GB_PHI,GB,8,85.0
2024_19_GB_PHI,PHI,7,64.0
2024_19_LAC_HOU,HOU,8,86.0
2024_19_LAC_HOU,LAC,2,10.0
2024_19_MIN_LA,LA,10,95.0
2024_19_MIN_LA,MIN,2,20.0
2024_19_PIT_BAL,BAL,3,14.0
2024_19_PIT_BAL,PIT,7,41.0
2024_19_WAS_TB,TB,7,65.0
2024_19_WAS_TB,WAS,5,39.0
2024_20_BAL_BUF,BAL,5,43.0
2024_20_BAL_BUF,BUF,1,10.0
2024_20_HOU_KC,HOU,8,82.0
2024_20_HOU_KC,KC,4,29.0
2024_20_LA_PHI,LA,3,30.0
2024_20_LA_PHI,PHI,3,14.0
2024_20_WAS_DET,DET,5,30.0
2024_20_WAS_DET,WAS,4,25.0
2024_21_BUF_KC,BUF,6,48.0
2024_21_BUF_KC,KC,5,21.0
2024_21_WAS_PHI,PHI,5,30.0
2024_21_WAS_PHI,WAS,9,47.0
2024_22_KC_PHI,KC,7,75.0
2024_22_KC_PHI,PHI,8,59.0
2025_01_ARI_NO,ARI,9,54.0
2025_01_ARI_NO,NO,13,89.0
2025_01_BAL_BUF,BAL,7,51.0
2025_01_BAL_BUF,BUF,5,38.0
2025_01_CAR_JAX,CAR,4,35.0
2025_01_CAR_JAX,JAX,11,93.0
2025_01_CIN_CLE,CIN,7,33.0
2025_01_CIN_CLE,CLE,7,53.0
2025_01_DAL_PHI,DAL,4,42.0
2025_01_DAL_PHI,PHI,9,110.0
2025_01_DET_GB,DET,7,40.0
2025_01_DET_GB,GB,4,40.0
2025_01_HOU_LA,HOU,11,80.0
2025_01_HOU_LA,LA,7,60.0
2025_01_KC_LAC,KC,10,71.0
2025_01_KC_LAC,LAC,6,49.0
2025_01_LV_NE,LV,9,77.0
2025_01_LV_NE,NE,8,70.0
2025_01_MIA_IND,IND,4,45.0
2025_01_MIA_IND,MIA,3,15.0
2025_01_MIN_CHI,CHI,12,127.0
2025_01_MIN_CHI,MIN,8,50.0
2025_01_NYG_WAS,NYG,6,35.0
2025_01_NYG_WAS,WAS,12,89.0
2025_01_PIT_NYJ,NYJ,7,74.0
2025_01_PIT_NYJ,PIT,4,26.0
2025_01_SF_SEA,SEA,4,30.0
2025_01_SF_SEA,SF,9,61.0
2025_01_TB_ATL,ATL,8,55.0
2025_01_TB_ATL,TB,5,60.0
2025_01_TEN_DEN,DEN,6,45.0
2025_01_TEN_DEN,TEN,13,131.0
2025_02_ATL_MIN,ATL,5,29.0
2025_02_ATL_MIN,MIN,8,50.0
2025_02_BUF_NYJ,BUF,6,69.0
2025_02_BUF_NYJ,NYJ,5,35.0
2025_02_CAR_ARI,ARI,12,96.0
2025_02_CAR_ARI,CAR,7,83.0
2025_02_CHI_DET,CHI,8,50.0
2025_02_CHI_DET,DET,3,28.0
2025_02_CLE_BAL,BAL,6,28.0
2025_02_CLE_BAL,CLE,6,42.0
2025_02_DEN_IND,DEN,8,83.0
2025_02_DEN_IND,IND,10,62.0
2025_02_JAX_CIN,CIN,3,29.0
2025_02_JAX_CIN,JAX,6,55.0
2025_02_LAC_LV,LAC,6,33.0
2025_02_LAC_LV,LV,5,47.0
2025_02_LA_TEN,LA,4,29.0
2025_02_LA_TEN,TEN,10,62.0
2025_02_NE_MIA,MIA,10,65.0
2025_02_NE_MIA,NE,12,75.0
2025_02_NYG_DAL,DAL,12,106.0
2025_02_NYG_DAL,NYG,14,160.0
2025_02_PHI_KC,KC,6,45.0
2025_02_PHI_KC,PHI,6,48.0
2025_02_SEA_PIT,PIT,2,15.0
2025_02_SEA_PIT,SEA,2,10.0
2025_02_SF_NO,NO,7,45.0
2025_02_SF_NO,SF,5,40.0
2025_02_TB_HOU,HOU,6,45.0
2025_02_TB_HOU,TB,7,45.0
2025_02_WAS_GB,GB,10,77.0
2025_02_WAS_GB,WAS,5,30.0
2025_03_ARI_SF,ARI,5,30.0
2025_03_ARI_SF,SF,5,69.0
2025_03_ATL_CAR,ATL,3,23.0
2025_03_ATL_CAR,CAR,6,55.0
2025_03_CIN_MIN,CIN,4,45.0
2025_03_CIN_MIN,MIN,13,105.0
2025_03_DAL_CHI,CHI,6,41.0
2025_03_DAL_CHI,DAL,4,25.0
2025_03_DEN_LAC,DEN,10,90.0
2025_03_DEN_LAC,LAC,3,25.0
2025_03_DET_BAL,BAL,3,10.0
2025_03_DET_BAL,DET,8,68.0
2025_03_GB_CLE,CLE,8,90.0
2025_03_GB_CLE,GB,14,75.0
2025_03_HOU_JAX,HOU,7,66.0
2025_03_HOU_JAX,JAX,9,70.0
2025_03_IND_TEN,IND,4,23.0
2025_03_IND_TEN,TEN,8,68.0
2025_03_KC_NYG,KC,8,85.0
2025_03_KC_NYG,NYG,7,82.0
2025_03_LA_PHI,LA,4,41.0
2025_03_LA_PHI,PHI,5,50.0
2025_03_LV_WAS,LV,6,54.0
2025_03_LV_WAS,WAS,7,54.0
2025_03_MIA_BUF,BUF,3,35.0
2025_03_MIA_BUF,MIA,6,57.0
2025_03_NO_SEA,NO,11,77.0
2025_03_NO_SEA,SEA,8,70.0
2025_03_NYJ_TB,NYJ,7,81.0
2025_03_NYJ_TB,TB,14,124.0
2025_03_PIT_NE,NE,7,54.0
2025_03_PIT_NE,PIT,8,59.0
2025_04_BAL_KC,BAL,6,56.0
2025_04_BAL_KC,KC,5,40.0
2025_04_CAR_NE,CAR,5,29.0
2025_04_CAR_NE,NE,7,54.0
2025_04_CHI_LV,CHI,8,60.0
2025_04_CHI_LV,LV,5,36.0
2025_04_CIN_DEN,CIN,11,65.0
2025_04_CIN_DEN,DEN,7,72.0
2025_04_CLE_DET,CLE,6,44.0
2025_04_CLE_DET,DET,6,35.0
2025_04_GB_DAL,DAL,11,95.0
2025_04_GB_DAL,GB,7,53.0
2025_04_IND_LA,IND,11,88.0
2025_04_IND_LA,LA,7,63.0
2025_04_JAX_SF,JAX,12,90.0
2025_04_JAX_SF,SF,5,54.0
2025_04_LAC_NYG,LAC,14,107.0
2025_04_LAC_NYG,NYG,8,43.0
2025_04_MIN_PIT,MIN,8,82.0
2025_04_MIN_PIT,PIT,5,35.0
2025_04_NO_BUF,BUF,11,55.0
2025_04_NO_BUF,NO,4,41.0
2025_04_NYJ_MIA,MIA,6,40.0
2025_04_NYJ_MIA,NYJ,13,101.0
2025_04_PHI_TB,PHI,8,83.0
2025_04_PHI_TB,TB,5,40.0
2025_04_SEA_ARI,ARI,7,46.0
2025_04_SEA_ARI,SEA,6,74.0
2025_04_TEN_HOU,HOU,6,50.0
2025_04_TEN_HOU,TEN,4,35.0
2025_04_WAS_ATL,ATL,5,45.0
2025_04_WAS_ATL,WAS,6,50.0
2025_05_DAL_NYJ,DAL,11,91.0
2025_05_DAL_NYJ,NYJ,10,61.0
2025_05_DEN_PHI,DEN,12,121.0
2025_05_DEN_PHI,PHI,9,55.0
2025_05_DET_CIN,CIN,6,30.0
2025_05_DET_CIN,DET,8,56.0
2025_05_HOU_BAL,BAL,9,49.0
2025_05_HOU_BAL,HOU,4,26.0
2025_05_KC_JAX,JAX,4,25.0
2025_05_KC_JAX,KC,13,109.0
2025_05_LV_IND,IND,8,71.0
2025_05_LV_IND,LV,6,65.0
2025_05_MIA_CAR,CAR,8,46.0
2025_05_MIA_CAR,MIA,9,64.0
2025_05_MIN_CLE,CLE,10,78.0
2025_05_MIN_CLE,MIN,7,50.0
2025_05_NE_BUF,BUF,11,90.0
2025_05_NE_BUF,NE,8,93.0
2025_05_NYG_NO,NO,7,43.0
2025_05_NYG_NO,NYG,8,95.0
2025_05_SF_LA,LA,5,36.0
2025_05_SF_LA,SF,8,44.0
2025_05_TB_SEA,SEA,7,56.0
2025_05_TB_SEA,TB,4,37.0
2025_05_TEN_ARI,ARI,8,47.0
2025_05_TEN_ARI,TEN,6,35.0
2025_05_WAS_LAC,LAC,10,85.0
2025_05_WAS_LAC,WAS,7,48.0
2025_06_ARI_IND,ARI,7,65.0
2025_06_ARI_IND,IND,5,40.0
2025_06_BUF_ATL,ATL,6,35.0
2025_06_BUF_ATL,BUF,8,64.0
2025_06_CHI_WAS,CHI,9,84.0
2025_06_CHI_WAS,WAS,5,40.0
2025_06_CIN_GB,CIN,3,17.0
2025_06_CIN_GB,GB,5,40.0
2025_06_CLE_PIT,CLE,6,44.0
2025_06_CLE_PIT,PIT,10,59.0
2025_06_DAL_CAR,CAR,6,57.0
2025_06_DAL_CAR,DAL,6,37.0
2025_06_DEN_NYJ,DEN,6,37.0
2025_06_DEN_NYJ,NYJ,2,15.0
2025_06_DET_KC,DET,4,38.0
2025_06_LAC_MIA,LAC,7,45.0
2025_06_LAC_MIA,MIA,4,45.0
2025_06_LA_BAL,BAL,7,80.0
2025_06_LA_BAL,LA,6,40.0
2025_06_NE_NO,NE,11,65.0
2025_06_NE_NO,NO,8,67.0
2025_06_PHI_NYG,NYG,6,55.0
2025_06_PHI_NYG,PHI,4,46.0
2025_06_SEA_JAX,JAX,10,76.0
2025_06_SEA_JAX,SEA,7,56.0
2025_06_SF_TB,SF,9,65.0
2025_06_SF_TB,TB,5,31.0
2025_06_TEN_LV,LV,6,27.0
2025_06_TEN_LV,TEN,7,34.0
2025_07_ATL_SF,ATL,6,43.0
2025_07_ATL_SF,SF,3,25.0
2025_07_CAR_NYJ,CAR,6,45.0
2025_07_CAR_NYJ,NYJ,5,26.0
2025_07_GB_ARI,ARI,6,55.0
2025_07_GB_ARI,GB,10,94.0
2025_07_HOU_SEA,HOU,10,105.0
2025_07_HOU_SEA,SEA,12,93.0
2025_07_IND_LAC,IND,3,42.0
2025_07_IND_LAC,LAC,6,35.0
2025_07_LA_JAX,JAX,12,102.0
2025_07_LA_JAX,LA,5,45.0
2025_07_LV_KC,KC,5,38.0
2025_07_LV_KC,LV,8,58.0
2025_07_MIA_CLE,CLE,5,37.0
2025_07_MIA_CLE,MIA,11,103.0
2025_07_NE_TEN,NE,5,36.0
2025_07_NE_TEN,TEN,3,15.0
2025_07_NO_CHI,CHI,10,92.0
2025_07_NO_CHI,NO,5,30.0
2025_07_NYG_DEN,DEN,11,89.0
2025_07_NYG_DEN,NYG,8,36.0
2025_07_PHI_MIN,MIN,3,30.0
2025_07_PHI_MIN,PHI,8,64.0
2025_07_PIT_CIN,CIN,4,35.0
2025_07_PIT_CIN,PIT,7,59.0
2025_07_TB_DET,DET,6,50.0
2025_07_TB_DET,TB,6,35.0
2025_07_WAS_DAL,DAL,10,79.0
2025_07_WAS_DAL,WAS,11,118.0
2025_08_BUF_CAR,BUF,7,60.0
2025_08_BUF_CAR,CAR,4,20.0
2025_08_CHI_BAL,BAL,6,45.0
2025_08_CHI_BAL,CHI,11,79.0
2025_08_CLE_NE,CLE,5,31.0
2025_08_CLE_NE,NE,7,54.0
2025_08_DAL_DEN,DAL,9,80.0
2025_08_DAL_DEN,DEN,7,42.0
2025_08_GB_PIT,GB,5,47.0
2025_08_GB_PIT,PIT,6,65.0
2025_08_MIA_ATL,ATL,8,76.0
2025_08_MIA_ATL,MIA,4,54.0
2025_08_MIN_LAC,LAC,8,46.0
2025_08_MIN_LAC,MIN,8,66.0
2025_08_NYG_PHI,NYG,7,54.0
2025_08_NYG_PHI,PHI,5,30.0
2025_08_NYJ_CIN,CIN,2,15.0
2025_08_NYJ_CIN,NYJ,4,25.0
2025_08_SF_HOU,HOU,8,55.0
2025_08_SF_HOU,SF,4,30.0
2025_08_TB_NO,NO,8,40.0
2025_08_TB_NO,TB,4,25.0
2025_08_TEN_IND,IND,3,32.0
2025_08_TEN_IND,TEN,3,34.0
2025_08_WAS_KC,KC,9,95.0
2025_08_WAS_KC,WAS,3,35.0
2025_09_ARI_DAL,ARI,2,10.0
2025_09_ARI_DAL,DAL,6,55.0
2025_09_ATL_NE,ATL,5,40.0
2025_09_ATL_NE,NE,2,15.0
2025_09_BAL_MIA,BAL,5,56.0
2025_09_BAL_MIA,MIA,5,45.0
2025_09_CAR_GB,CAR,5,39.0
2025_09_CAR_GB,GB,7,42.0
2025_09_CHI_CIN,CHI,7,43.0
2025_09_CHI_CIN,CIN,7,49.0
2025_09_DEN_HOU,DEN,4,41.0
2025_09_DEN_HOU,HOU,4,29.0
2025_09_IND_PIT,IND,5,53.0
2025_09_IND_PIT,PIT,8,46.0
2025_09_JAX_LV,JAX,9,80.0
2025_09_JAX_LV,LV,7,55.0
2025_09_KC_BUF,BUF,4,40.0
2025_09_KC_BUF,KC,3,25.0
2025_09_LAC_TEN,LAC,3,20.0
2025_09_LAC_TEN,TEN,7,60.0
2025_09_MIN_DET,DET,10,76.0
2025_09_MIN_DET,MIN,7,56.0
2025_09_NO_LA,LA,3,32.0
2025_09_NO_LA,NO,5,33.0
2025_09_SEA_WAS,SEA,5,44.0
2025_09_SEA_WAS,WAS,8,87.0
2025_09_SF_NYG,NYG,5,23.0
2025_09_SF_NYG,SF,6,34.0
2025_10_ARI_SEA,ARI,5,37.0
2025_10_ARI_SEA,SEA,3,20.0
2025_10_ATL_IND,ATL,3,35.0
2025_10_ATL_IND,IND,7,56.0
2025_10_BAL_MIN,BAL,5,62.0
2025_10_BAL_MIN,MIN,13,102.0
2025_10_BUF_MIA,BUF,6,67.0
2025_10_BUF_MIA,MIA,5,35.0
2025_10_CLE_NYJ,CLE,10,78.0
2025_10_CLE_NYJ,NYJ,7,61.0
2025_10_DET_WAS,DET,3,1.0
2025_10_DET_WAS,WAS,8,61.0
2025_10_JAX_HOU,HOU,11,80.0
2025_10_JAX_HOU,JAX,9,90.0
2025_10_LA_SF,SF,7,45.0
2025_10_LV_DEN,DEN,11,78.0
2025_10_LV_DEN,LV,11,83.0
2025_10_NE_TB,NE,5,49.0
2025_10_NE_TB,TB,6,40.0
2025_10_NO_CAR,CAR,1,5.0
2025_10_NO_CAR,NO,6,60.0
2025_10_NYG_CHI,CHI,3,25.0
2025_10_NYG_CHI,NYG,10,69.0
2025_10_PHI_GB,GB,4,20.0
2025_10_PHI_GB,PHI,7,61.0
2025_10_PIT_LAC,LAC,8,55.0
2025_10_PIT_LAC,PIT,4,29.0
2025_11_BAL_CLE,BAL,4,26.0
2025_11_BAL_CLE,CLE,5,41.0
2025_11_CAR_ATL,ATL,6,44.0
2025_11_CAR_ATL,CAR,8,49.0
2025_11_CHI_MIN,CHI,6,40.0
2025_11_CHI_MIN,MIN,2,15.0
2025_11_CIN_PIT,CIN,8,67.0
2025_11_CIN_PIT,PIT,8,76.0
2025_11_DAL_LV,DAL,6,50.0
2025_11_DAL_LV,LV,6,40.0
2025_11_DET_PHI,DET,5,48.0
2025_11_DET_PHI,PHI,9,78.0
2025_11_GB_NYG,GB,5,48.0
2025_11_GB_NYG,NYG,6,77.0
2025_11_HOU_TEN,HOU,5,53.0
2025_11_HOU_TEN,TEN,9,62.0
2025_11_KC_DEN,DEN,10,147.0
2025_11_KC_DEN,KC,10,69.0
2025_11_LAC_JAX,JAX,1,5.0
2025_11_LAC_JAX,LAC,5,71.0
2025_11_NYJ_NE,NE,2,20.0
2025_11_NYJ_NE,NYJ,7,62.0
2025_11_SEA_LA,LA,6,43.0
2025_11_SEA_LA,SEA,6,47.0
2025_11_SF_ARI,ARI,17,130.0
2025_11_SF_ARI,SF,1,15.0
2025_11_TB_BUF,BUF,7,45.0
2025_11_TB_BUF,TB,2,30.0
2025_11_WAS_MIA,MIA,4,39.0
2025_11_WAS_MIA,WAS,6,31.0
2025_12_ATL_NO,ATL,9,82.0
2025_12_ATL_NO,NO,4,36.0
2025_12_BUF_HOU,BUF,6,54.0
2025_12_BUF_HOU,HOU,5,40.0
2025_12_CAR_SF,CAR,4,30.0
2025_12_CAR_SF,SF,2,6.0
2025_12_CLE_LV,CLE,8,77.0
2025_12_CLE_LV,LV,13,109.0
2025_12_IND_KC,IND,11,83.0
2025_12_IND_KC,KC,7,57.0
2025_12_JAX_ARI,ARI,7,53.0
2025_12_JAX_ARI,JAX,7,60.0
2025_12_MIN_GB,GB,2,10.0
2025_12_MIN_GB,MIN,2,29.0
2025_12_NE_CIN,CIN,6,65.0
2025_12_NE_CIN,NE,4,52.0
2025_12_NYG_DET,DET,9,81.0
2025_12_NYG_DET,NYG,7,59.0
2025_12_NYJ_BAL,BAL,5,30.0
2025_12_NYJ_BAL,NYJ,6,81.0
2025_12_PHI_DAL,DAL,8,69.0
2025_12_PHI_DAL,PHI,14,96.0
2025_12_PIT_CHI,CHI,7,83.0
2025_12_PIT_CHI,PIT,6,41.0
2025_12_SEA_TEN,SEA,11,69.0
2025_12_SEA_TEN,TEN,10,63.0
2025_12_TB_LA,LA,4,32.0
2025_12_TB_LA,TB,2,10.0
2025_13_ARI_TB,ARI,4,33.0
2025_13_ARI_TB,TB,5,40.0
2025_13_ATL_NYJ,ATL,1,27.0
2025_13_ATL_NYJ,NYJ,9,59.0
2025_13_BUF_PIT,BUF,7,45.0
2025_13_BUF_PIT,PIT,5,67.0
2025_13_CHI_PHI,CHI,4,35.0
2025_13_CHI_PHI,PHI,7,44.0
2025_13_CIN_BAL,BAL,7,53.0
2025_13_CIN_BAL,CIN,6,35.0
2025_13_DEN_WAS,DEN,5,33.0
2025_13_DEN_WAS,WAS,5,35.0
2025_13_GB_DET,DET,5,22.0
2025_13_GB_DET,GB,3,20.0
2025_13_HOU_IND,HOU,9,85.0
2025_13_HOU_IND,IND,5,33.0
2025_13_JAX_TEN,JAX,13,98.0
2025_13_JAX_TEN,TEN,10,86.0
2025_13_KC_DAL,DAL,7,50.0
2025_13_KC_DAL,KC,10,119.0
2025_13_LA_CAR,CAR,7,70.0
2025_13_LA_CAR,LA,1,5.0
2025_13_LV_LAC,LAC,4,27.0
2025_13_LV_LAC,LV,4,50.0
2025_13_MIN_SEA,MIN,10,80.0
2025_13_MIN_SEA,SEA,4,25.0
2025_13_NO_MIA,MIA,3,15.0
2025_13_NO_MIA,NO,6,45.0
2025_13_NYG_NE,NE,3,30.0
2025_13_NYG_NE,NYG,4,30.0
2025_13_SF_CLE,CLE,4,25.0
2025_13_SF_CLE,SF,3,11.0
2025_14_CHI_GB,CHI,4,17.0
2025_14_CHI_GB,GB,6,55.0
2025_14_CIN_BUF,BUF,6,68.0
2025_14_CIN_BUF,CIN,4,30.0
2025_14_DAL_DET,DAL,7,76.0
2025_14_DAL_DET,DET,8,50.0
2025_14_DEN_LV,DEN,8,50.0
2025_14_DEN_LV,LV,3,25.0
2025_14_HOU_KC,HOU,8,59.0
2025_14_HOU_KC,KC,5,20.0
2025_14_IND_JAX,IND,5,45.0
2025_14_IND_JAX,JAX,8,64.0
2025_14_LA_ARI,ARI,7,42.0
2025_14_LA_ARI,LA,5,30.0
2025_14_MIA_NYJ,MIA,5,54.0
2025_14_MIA_NYJ,NYJ,6,50.0
2025_14_NO_TB,NO,10,82.0
2025_14_NO_TB,TB,7,49.0
2025_14_PHI_LAC,LAC,7,55.0
2025_14_PHI_LAC,PHI,6,53.0
2025_14_PIT_BAL,BAL,5,39.0
2025_14_PIT_BAL,PIT,7,33.0
2025_14_SEA_ATL,ATL,8,56.0
2025_14_SEA_ATL,SEA,6,60.0
2025_14_TEN_CLE,CLE,7,50.0
2025_14_TEN_CLE,TEN,11,85.0
2025_14_WAS_MIN,MIN,3,24.0
2025_14_WAS_MIN,WAS,4,34.0
2025_15_ARI_HOU,ARI,2,34.0
2025_15_ARI_HOU,HOU,5,40.0
2025_15_ATL_TB,ATL,19,125.0
2025_15_ATL_TB,TB,4,25.0
2025_15_BAL_CIN,BAL,2,10.0
2025_15_BAL_CIN,CIN,4,30.0
2025_15_BUF_NE,BUF,2,15.0
2025_15_BUF_NE,NE,7,65.0
2025_15_CAR_NO,CAR,11,103.0
2025_15_CAR_NO,NO,9,78.0
2025_15_CLE_CHI,CHI,4,25.0
2025_15_CLE_CHI,CLE,6,21.0
2025_15_DET_LA,DET,4,25.0
2025_15_DET_LA,LA,2,8.0
2025_15_GB_DEN,DEN,6,60.0
2025_15_GB_DEN,GB,10,72.0
2025_15_IND_SEA,IND,3,14.0
2025_15_IND_SEA,SEA,5,34.0
2025_15_LAC_KC,KC,9,64.0
2025_15_LAC_KC,LAC,5,50.0
2025_15_LV_PHI,LV,3,39.0
2025_15_LV_PHI,PHI,3,35.0
2025_15_MIA_PIT,MIA,6,31.0
2025_15_MIA_PIT,PIT,4,25.0
2025_15_MIN_DAL,DAL,7,58.0
2025_15_MIN_DAL,MIN,3,17.0
2025_15_NYJ_JAX,JAX,5,60.0
2025_15_NYJ_JAX,NYJ,6,44.0
2025_15_TEN_SF,SF,6,30.0
2025_15_TEN_SF,TEN,7,57.0
2025_15_WAS_NYG,NYG,6,62.0
2025_15_WAS_NYG,WAS,11,67.0
2025_16_ATL_ARI,ARI,5,14.0
2025_16_ATL_ARI,ATL,4,20.0
2025_16_BUF_CLE,BUF,5,35.0
2025_16_BUF_CLE,CLE,5,44.0
2025_16_CIN_MIA,CIN,2,10.0
2025_16_CIN_MIA,MIA,3,20.0
2025_16_GB_CHI,CHI,10,105.0
2025_16_GB_CHI,GB,4,40.0
2025_16_JAX_DEN,DEN,6,61.0
2025_16_JAX_DEN,JAX,2,20.0
2025_16_KC_TEN,KC,10,59.0
2025_16_KC_TEN,TEN,12,82.0
2025_16_LAC_DAL,DAL,5,40.0
2025_16_LAC_DAL,LAC,4,34.0
2025_16_LA_SEA,LA,8,54.0
2025_16_LA_SEA,SEA,5,40.0
2025_16_LV_HOU,HOU,4,29.0
2025_16_LV_HOU,LV,9,85.0
2025_16_MIN_NYG,MIN,11,90.0
2025_16_MIN_NYG,NYG,11,74.0
2025_16_NE_BAL,BAL,7,28.0
2025_16_NE_BAL,NE,5,50.0
2025_16_NYJ_NO,NO,3,30.0
2025_16_NYJ_NO,NYJ,7,54.0
2025_16_PHI_WAS,PHI,5,61.0
2025_16_PHI_WAS,WAS,5,44.0
2025_16_PIT_DET,DET,7,40.0
2025_16_PIT_DET,PIT,8,89.0
2025_16_SF_IND,IND,6,45.0
2025_16_SF_IND,SF,2,36.0
2025_16_TB_CAR,CAR,5,30.0
2025_16_TB_CAR,TB,8,56.0
2025_17_ARI_CIN,ARI,6,51.0
2025_17_ARI_CIN,CIN,5,38.0
2025_17_BAL_GB,BAL,6,45.0
2025_17_BAL_GB,GB,5,38.0
2025_17_CHI_SF,CHI,7,39.0
2025_17_CHI_SF,SF,5,55.0
2025_17_DAL_WAS,DAL,11,89.0
2025_17_DAL_WAS,WAS,10,71.0
2025_17_DEN_KC,DEN,5,57.0
2025_17_DEN_KC,KC,2,10.0
2025_17_DET_MIN,DET,5,25.0
2025_17_DET_MIN,MIN,3,20.0
2025_17_HOU_LAC,HOU,8,70.0
2025_17_HOU_LAC,LAC,3,25.0
2025_17_JAX_IND,IND,5,45.0
2025_17_JAX_IND,JAX,6,55.0
2025_17_LA_ATL,ATL,7,42.0
2025_17_LA_ATL,LA,4,35.0
2025_17_NE_NYJ,NE,2,20.0
2025_17_NE_NYJ,NYJ,5,53.0
2025_17_NO_TEN,NO,6,84.0
2025_17_NO_TEN,TEN,4,35.0
2025_17_NYG_LV,LV,5,41.0
2025_17_NYG_LV,NYG,8,58.0
2025_17_PHI_BUF,BUF,4,40.0
2025_17_PHI_BUF,PHI,3,36.0
2025_17_PIT_CLE,CLE,6,45.0
2025_17_PIT_CLE,PIT,4,34.0
2025_17_SEA_CAR,CAR,3,20.0
2025_17_SEA_CAR,SEA,4,40.0
2025_17_TB_MIA,MIA,10,77.0
2025_17_TB_MIA,TB,5,45.0
2025_18_ARI_LA,ARI,6,45.0
2025_18_ARI_LA,LA,4,20.0
2025_18_BAL_PIT,BAL,9,78.0
2025_18_BAL_PIT,PIT,5,45.0
2025_18_CAR_TB,CAR,5,46.0
2025_18_CAR_TB,TB,6,45.0
2025_18_CLE_CIN,CIN,6,40.0
2025_18_CLE_CIN,CLE,4,40.0
2025_18_DAL_NYG,DAL,9,94.0
2025_18_DAL_NYG,NYG,7,63.0
2025_18_DET_CHI,CHI,4,25.0
2025_18_DET_CHI,DET,6,35.0
2025_18_GB_MIN,GB,4,47.0
2025_18_GB_MIN,MIN,2,20.0
2025_18_IND_HOU,HOU,7,77.0
2025_18_IND_HOU,IND,7,81.0
2025_18_KC_LV,KC,7,45.0
2025_18_KC_LV,LV,2,10.0
2025_18_LAC_DEN,DEN,1,5.0
2025_18_LAC_DEN,LAC,5,25.0
2025_18_MIA_NE,MIA,7,52.0
2025_18_MIA_NE,NE,4,52.0
2025_18_NO_ATL,ATL,5,42.0
2025_18_NO_ATL,NO,6,40.0
2025_18_NYJ_BUF,BUF,3,28.0
2025_18_NYJ_BUF,NYJ,4,27.0
2025_18_SEA_SF,SEA,5,25.0
2025_18_SEA_SF,SF,3,31.0
2025_18_TEN_JAX,JAX,3,20.0
2025_18_TEN_JAX,TEN,5,42.0
2025_18_WAS_PHI,PHI,9,123.0
2025_18_WAS_PHI,WAS,4,19.0
2025_19_BUF_JAX,BUF,7,39.0
2025_19_BUF_JAX,JAX,2,10.0
2025_19_GB_CHI,CHI,2,5.0
2025_19_GB_CHI,GB,7,65.0
2025_19_HOU_PIT,HOU,6,44.0
2025_19_HOU_PIT,PIT,3,24.0
2025_19_LAC_NE,LAC,4,20.0
2025_19_LAC_NE,NE,2,35.0
2025_19_LA_CAR,CAR,4,35.0
2025_19_LA_CAR,LA,9,83.0
2025_19_SF_PHI,PHI,7,48.0
2025_19_SF_PHI,SF,1,15.0
2025_20_BUF_DEN,BUF,5,68.0
2025_20_BUF_DEN,DEN,3,20.0
2025_20_HOU_NE,HOU,4,32.0
2025_20_HOU_NE,NE,3,48.0
2025_20_LA_CHI,CHI,3,24.0
2025_20_LA_CHI,LA,1,5.0
2025_20_SF_SEA,SEA,2,5.0
2025_20_SF_SEA,SF,3,36.0
2025_21_LA_SEA,LA,4,30.0
2025_21_LA_SEA,SEA,6,50.0
2025_21_NE_DEN,DEN,2,5.0
2025_21_NE_DEN,NE,1,5.0
2025_22_SEA_NE,NE,3,25.0
2025_22_SEA_NE,SEA,4,25.0
