gsis_id,player,bucket,mu,sigma,snaps,cons,rating_0_100,active_2025,tier
00-0039108,Will Anderson Jr.,DL,39.379,5.93,2000,21.588,92.9,1,S
00-0037840,Kyren Williams,RB,34.996,4.779,2620,20.66,91.6,1,S
00-0035166,Azeez Al-Shaair,LB,37.131,5.027,4265,22.051,89.6,1,S
00-0035689,Dawson Knox,TE,33.524,4.451,4990,20.171,88.4,1,S
00-0036900,Ja'Marr Chase,WR,31.469,4.23,4866,18.777,86.8,1,S
00-0031381,Davante Adams,WR,31.128,4.144,8584,18.695,86.6,1,S
00-0033280,Christian McCaffrey,RB,31.92,4.379,6067,18.782,86.4,1,S
00-0031565,Danielle Hunter,DL,33.225,4.754,7028,18.962,85.4,1,S
00-0039838,Calen Bullock,DB,37.893,5.683,2077,20.845,85.1,1,S
00-0031933,Leonard Williams,DL,32.764,4.684,7900,18.713,84.6,1,S
00-0037237,Derek Stingley Jr.,DB,36.261,5.201,3384,20.657,84.5,1,S
00-0039343,Kamari Lassiter,DB,37.634,5.77,1875,20.325,83.6,1,S
00-0036994,Ernest Jones,LB,34.289,4.893,4067,19.61,82.9,1,S
00-0033904,Dion Dawkins,OL,30.767,3.84,9498,19.247,82.7,1,S
00-0035717,Nick Bosa,DL,33.001,5.021,4467,17.939,82.4,1,S
00-0036410,Tee Higgins,WR,30.701,4.487,4447,17.239,82.3,1,S
00-0032762,Chris Jones,DL,31.546,4.581,7727,17.804,82.0,1,S
00-0039075,Puka Nacua,WR,31.34,4.814,2435,16.899,81.3,1,S
00-0036339,Kevin Dotson,OL,31.292,4.208,4895,18.667,81.0,1,S
00-0031588,Stefon Diggs,WR,29.539,4.261,8320,16.756,80.9,1,S
00-0036282,Grant Delpit,DB,34.108,4.926,4153,19.331,80.8,1,S
00-0035700,Josh Jacobs,RB,30.697,4.676,4266,16.67,80.6,1,S
00-0032764,Derrick Henry,RB,30.77,4.741,5332,16.549,80.2,1,S
00-0033156,Joey Bosa,DL,32.621,5.172,5438,17.105,80.0,1,S
00-0038124,Christian Watson,WR,32.84,5.471,1944,16.428,80.0,1,S
00-0032391,Joe Thuney,OL,29.638,3.789,11889,18.271,79.8,1,S
00-0033868,Myles Garrett,LB,32.736,4.757,6769,18.466,79.7,1,S
00-0036976,Spencer Brown,OL,30.613,4.126,4942,18.234,79.7,1,S
00-0035679,Connor McGovern,OL,30.33,4.064,5421,18.139,79.4,1,S
00-0038548,O'Cyrus Torrence,OL,31.165,4.341,3571,18.142,79.4,1,S
00-0033376,Patrick Ricard,RB,31.907,5.274,3637,16.085,78.9,1,S
00-0034752,Orlando Brown,OL,30.051,4.057,8182,17.881,78.6,1,S
00-0034778,Carlton Davis III,DB,32.744,4.754,6802,18.482,78.5,1,S
00-0036223,Jonathan Taylor,RB,30.136,4.745,3624,15.9,78.4,1,S
00-0037137,Josh Jobe,DB,36.916,6.195,1536,18.33,78.1,1,S
00-0033109,Javon Hargrave,DL,32.171,5.267,5557,16.371,77.9,1,S
00-0033040,Tyreek Hill,WR,29.13,4.474,7449,15.709,77.9,1,S
00-0027857,Trent Williams,OL,29.989,4.132,7667,17.595,77.8,1,S
00-0034856,Denzel Ward,DB,33.137,4.962,5855,18.25,77.8,1,S
00-0031408,Mike Evans,WR,28.764,4.371,8306,15.65,77.7,1,S
00-0038041,Jake Ferguson,TE,31.793,5.133,2674,16.394,77.6,1,S
00-0030506,Travis Kelce,TE,28.289,3.967,9822,16.389,77.5,1,S
00-0037246,Jalen Pitre,DB,34.065,5.343,3470,18.036,77.2,1,S
00-0034673,Tremaine Edmunds,LB,30.839,4.454,7509,17.478,77.0,1,S
00-0038619,Andrei Iosivas,WR,31.398,5.378,1898,15.264,76.6,1,S
00-0039169,Devon Witherspoon,DB,33.617,5.27,2734,17.808,76.6,1,S
00-0037816,Romeo Doubs,WR,29.76,4.867,2831,15.158,76.3,1,S
00-0029606,Harrison Smith,DB,31.117,4.496,9665,17.629,76.1,1,S
00-0037236,Aidan Hutchinson,DL,31.652,5.312,3186,15.715,76.0,1,S
00-0038599,Henry To'oTo'o,LB,34.403,5.773,2213,17.086,75.9,1,S
00-0035718,Quinnen Williams,DL,31.662,5.358,4691,15.588,75.7,1,S
00-0035647,Montez Sweat,DL,30.362,4.924,4717,15.591,75.7,1,S
00-0033288,George Kittle,TE,28.698,4.339,7065,15.681,75.5,1,S
00-0035112,Patrick Mekari,OL,30.226,4.464,4735,16.834,75.5,1,S
00-0035253,C.J. Gardner-Johnson,DB,31.72,4.775,5054,17.395,75.4,1,S
00-0037196,Rasheed Walker,OL,30.815,4.674,2996,16.794,75.4,1,S
00-0032387,Jarran Reed,DL,30.28,4.945,6598,15.445,75.3,1,S
00-0032164,Arik Armstead,DL,30.478,5.013,5912,15.438,75.2,1,S
00-0034203,Darious Williams,DB,31.75,4.808,5559,17.325,75.2,1,S
00-0034720,Robert Spillane,LB,32.153,5.12,4311,16.793,75.1,1,S
00-0038552,Riley Moss,DB,33.557,5.433,2033,17.257,75.1,1,S
00-0027865,Brandon Graham,DL,32.495,5.712,5180,15.359,75.0,1,S
00-0036358,CeeDee Lamb,WR,28.062,4.47,5155,14.653,74.8,1,S
00-0035699,Jamel Dean,DB,32.302,5.06,4983,17.12,74.7,1,S
00-0032445,Ted Karras,OL,28.626,4.047,7628,16.485,74.5,1,S
00-0033921,Chris Godwin Jr.,WR,28.039,4.496,6319,14.552,74.5,1,S
00-0037817,Zach Bako-Bewele,OL,30.822,4.776,3201,16.493,74.5,1,S
00-0034361,Justin Reid,DB,30.379,4.448,7796,17.034,74.4,1,S
00-0035272,Andrew Van Ginkel,LB,32.529,5.333,3876,16.531,74.4,1,S
00-0036335,D.J. Wonnum,DL,30.254,5.032,3839,15.157,74.4,1,S
00-0036256,Colton McKivitz,OL,29.994,4.511,3772,16.461,74.4,1,S
00-0039852,Jared Verse,DL,32.121,5.653,1852,15.16,74.4,1,S
00-0033090,Hunter Henry,TE,28.212,4.314,6475,15.271,74.3,1,S
00-0037192,George Karlaftis,DL,30.31,5.081,3379,15.066,74.2,1,S
00-0029892,Kyle Juszczyk,RB,28.954,4.872,5196,14.337,74.1,1,S
00-0030062,Darius Slay,DB,30.822,4.646,8484,16.883,74.0,1,S
00-0032701,Jake Brendel,OL,29.375,4.36,4602,16.293,73.9,1,S
00-0033526,Samaje Perine,RB,31.137,5.62,2337,14.276,73.9,1,S
00-0034805,John Franklin-Myers,DL,31.137,5.388,3729,14.974,73.9,1,S
00-0036962,Tre'von Moehrig,DB,31.008,4.718,5079,16.853,73.9,1,S
00-0030035,Adam Thielen,WR,27.829,4.506,7742,14.311,73.8,1,S
00-0029607,Demario Davis,LB,29.871,4.529,9914,16.284,73.7,1,S
00-0033297,D.J. Jones,DL,31.51,5.536,3698,14.901,73.7,1,S
00-0033886,T.J. Watt,LB,30.142,4.613,7289,16.301,73.7,1,S
00-0036603,Alaric Jackson,OL,29.309,4.367,3587,16.207,73.7,1,S
00-0036220,Derrick Brown,DL,30.448,5.19,3885,14.878,73.6,1,S
00-0031898,Alex Singleton,LB,30.943,4.903,4476,16.234,73.6,1,S
00-0035526,Elgton Jenkins,OL,29.292,4.376,5983,16.164,73.5,1,S
00-0034753,Mark Andrews,TE,28.573,4.543,5016,14.944,73.4,1,S
00-0036130,Nnamdi Madubuike,DL,31.749,5.654,3114,14.786,73.4,1,S
00-0034960,Jakobi Meyers,WR,27.654,4.506,5206,14.135,73.3,1,S
00-0039309,Byron Murphy II,DL,33.661,6.298,1285,14.768,73.3,1,S
00-0031411,DeMarcus Lawrence,LB,31.639,5.191,5605,16.067,73.1,1,S
00-0036244,Colby Parkinson,TE,30.025,5.059,2487,14.849,73.1,1,S
00-0036660,Trey Smith,OL,28.265,4.096,5574,15.979,73.0,1,S
00-0033553,James Conner,RB,29.139,5.089,4009,13.872,72.8,1,S
00-0034974,Julian Love,DB,30.64,4.731,5253,16.447,72.8,1,S
00-0034345,Frank Ragnow,OL,29.342,4.498,6252,15.846,72.6,0,
00-0035276,Blake Cashman,LB,32.91,5.68,2938,15.87,72.6,1,S
00-0036290,Cole Kmet,TE,28.065,4.467,5026,14.663,72.6,1,S
00-0031254,Denico Autry,DL,30.733,5.418,5599,14.478,72.5,1,S
00-0036259,Jauan Jennings,WR,28.569,4.908,2899,13.846,72.5,1,S
00-0034815,Fred Warner,LB,29.463,4.55,7671,15.812,72.4,1,S
00-0033571,Matt Milano,LB,30.661,4.964,5667,15.77,72.3,1,S
00-0036036,Terence Steele,OL,28.558,4.267,5925,15.756,72.3,1,S
00-0036621,Nick Bolton,LB,29.716,4.64,4653,15.794,72.3,1,S
00-0036564,Talanoa Hufanga,DB,31.349,5.025,3529,16.274,72.3,1,S
00-0033110,Tyler Higbee,TE,28.33,4.605,6723,14.514,72.2,1,S
00-0035236,Byron Murphy,DB,30.404,4.724,6235,16.232,72.2,1,S
00-0033914,Alex Anzalone,LB,29.969,4.75,5803,15.72,72.1,1,S
00-0031279,Jake Matthews,OL,27.563,3.974,10413,15.642,72.0,1,S
00-0033307,Kendrick Bourne,WR,28.471,4.933,4371,13.671,72.0,1,S
00-0035230,Ed Oliver,DL,30.408,5.361,4011,14.323,72.0,1,S
00-0034114,Coleman Shelton,OL,28.482,4.278,4351,15.647,72.0,1,S
00-0038038,Kyle Hamilton,DB,31.886,5.238,3616,16.171,72.0,1,S
00-0037130,Reed Blankenship,DB,31.079,4.971,3281,16.165,72.0,1,S
00-0038996,Tucker Kraft,TE,30.536,5.357,2045,14.465,72.0,1,S
00-0036321,Chase Young,DL,30.532,5.43,3407,14.241,71.8,1,S
00-0035763,Malcolm Roach,DL,32.928,6.233,1917,14.23,71.8,1,S
00-0036224,Jonathan Greenard,LB,32.453,5.623,3015,15.584,71.8,1,S
00-0036418,Zack Baun,LB,31.36,5.268,2827,15.555,71.7,1,S
00-0034857,Josh Allen,QB,27.659,1.463,8587,23.27,71.6,1,S
00-0033072,Leonard Floyd,DL,29.174,5.012,7283,14.138,71.5,1,S
00-0033055,Jalen Ramsey,DB,29.7,4.569,9756,15.992,71.5,1,S
00-0034827,DJ Moore,WR,26.071,4.19,7314,13.503,71.5,1,S
00-0035640,DK Metcalf,WR,26.396,4.295,6006,13.511,71.5,1,S
00-0034675,Jessie Bates,DB,29.219,4.43,8497,15.931,71.4,1,S
00-0034791,Nick Chubb,RB,29.435,5.363,3213,13.345,71.4,1,S
00-0036264,Jordan Love,QB,27.607,1.462,3081,23.22,71.4,1,S
00-0027969,Cameron Heyward,DL,28.281,4.743,7391,14.053,71.3,1,S
00-0036997,Javonte Williams,RB,29.173,5.286,2415,13.317,71.3,1,S
00-0037191,Trent McDuffie,DB,30.423,4.835,3801,15.917,71.3,1,S
00-0035402,Carl Granderson,DL,30.626,5.539,3633,14.009,71.1,1,S
00-0035643,Jeffery Simmons,DL,29.352,5.117,5075,14.002,71.1,1,S
00-0037243,Tyler Smith,OL,28.756,4.466,4192,15.358,71.1,1,S
00-0033897,Joe Mixon,RB,27.839,4.882,4680,13.193,71.0,0,
00-0036261,Brandon Aiyuk,WR,27.855,4.837,4092,13.343,71.0,0,
00-0036874,Pat Surtain II,DB,29.854,4.681,4871,15.811,71.0,1,S
00-0036963,Amon-Ra St. Brown,WR,26.745,4.465,4669,13.351,71.0,1,S
00-0031330,Morgan Moses,OL,27.361,4.031,9438,15.27,70.9,1,S
00-0033132,Kevin Byard,DB,28.332,4.194,10551,15.749,70.8,1,S
00-0036292,Jaylon Johnson,DB,30.528,4.933,4455,15.73,70.8,1,S
00-0030561,Lane Johnson,OL,27.745,4.19,8080,15.176,70.6,1,S
00-0029562,Lavonte David,LB,28.363,4.398,9992,15.168,70.6,1,S
00-0036613,Jaylen Waddle,WR,27.819,4.872,3738,13.203,70.6,1,S
00-0036990,Divine Deablo,LB,31.979,5.6,2826,15.18,70.6,1,S
00-0035942,Christian Rozeboom,LB,31.618,5.497,2299,15.127,70.5,1,S
00-0032775,Demarcus Robinson,WR,26.515,4.461,5834,13.133,70.4,1,S
00-0035250,Devin Singletary,RB,28.066,5.021,4113,13.002,70.4,1,S
00-0034874,Roquan Smith,LB,29.007,4.652,7578,15.053,70.3,1,S
00-0036349,Kam Curl,DB,29.204,4.549,5669,15.558,70.3,1,S
00-0032965,Ronnie Stanley,OL,27.692,4.217,7549,15.042,70.2,1,S
00-0034828,Harold Landry III,LB,30.138,5.037,6036,15.027,70.2,1,S
00-0035237,Jawaan Taylor,OL,27.198,4.049,7366,15.052,70.2,1,S
00-0036952,Jonathon Cooper,LB,30.859,5.288,3195,14.993,70.1,1,S
00-0038412,Moro Ojomo,DL,32.686,6.342,1259,13.659,70.1,1,S
00-0033831,Andrew Wylie,OL,27.892,4.307,6768,14.97,70.0,1,S
00-0036914,Greg Rousseau,LB,31.12,5.398,3236,14.927,70.0,1,S
00-0037248,James Cook,RB,28.292,5.145,2243,12.856,70.0,1,S
00-0033536,Mike Williams,WR,27.992,5.007,4629,12.971,69.9,0,
00-0034351,Dallas Goedert,TE,26.697,4.322,5842,13.731,69.9,1,S
00-0035659,Terry McLaurin,WR,26.129,4.387,6033,12.968,69.9,1,S
00-0037190,Sauce Gardner,DB,31.408,5.331,3478,15.414,69.9,1,S
00-0037834,Brock Purdy,QB,27.517,1.545,3127,22.881,69.9,1,S
00-0029592,Kevin Zeitler,OL,27.109,4.068,9969,14.904,69.8,1,S
00-0035630,Chris Lindstrom,OL,27.202,4.101,6420,14.9,69.8,1,S
00-0036623,Creed Humphrey,OL,26.794,3.967,6089,14.893,69.8,1,S
00-0037195,Jaylen Watson,DB,31.591,5.402,2495,15.386,69.8,1,S
00-0035719,Deebo Samuel Sr.,WR,26.671,4.593,4894,12.891,69.7,1,A
00-0033393,Kenny Moore II,DB,29.788,4.825,7344,15.313,69.6,1,S
00-0034973,Maxx Crosby,DL,28.146,4.886,6092,13.488,69.6,1,A
00-0031040,Khalil Mack,LB,29.632,4.954,7538,14.769,69.5,1,A
00-0031583,Grady Jarrett,DL,27.851,4.805,7110,13.435,69.5,1,A
00-0037261,Khalil Shakir,WR,27.821,5.005,2289,12.806,69.5,1,A
00-0033523,Jonathan Allen,DL,28.316,4.967,5905,13.413,69.4,1,A
00-0036875,Rhamondre Stevenson,RB,27.845,5.073,2624,12.626,69.4,1,A
00-0026498,Matthew Stafford,QB,27.001,1.417,9529,22.75,69.3,1,S
00-0034982,Dre Greenlaw,LB,30.061,5.122,4067,14.696,69.3,1,A
00-0036957,Drew Dalman,OL,27.968,4.409,3738,14.74,69.3,1,S
00-0036406,Tristan Wirfs,OL,27.298,4.197,6232,14.708,69.2,1,A
00-0033884,Tre'Davious White,DB,30.433,5.103,6395,15.124,69.1,1,S
00-0033293,Aaron Jones,RB,27.158,4.878,4546,12.523,69.1,1,A
00-0036323,Patrick Queen,LB,28.313,4.563,6108,14.625,69.1,1,A
00-0034573,Charvarius Ward,DB,29.291,4.738,6476,15.077,69.0,1,S
00-0037249,Nik Bonitto,LB,31.555,5.654,2277,14.592,69.0,1,A
00-0033908,Cooper Kupp,WR,25.322,4.236,6974,12.613,68.9,1,A
00-0034790,Derwin James,DB,29.341,4.765,6001,15.045,68.9,1,S
00-0036551,Aaron Banks,OL,28.346,4.584,3569,14.595,68.9,1,A
00-0037829,Spencer Burford,OL,30.832,5.415,2280,14.587,68.9,1,A
00-0032242,Rob Havenstein,OL,27.168,4.197,9086,14.576,68.8,1,A
00-0031935,Preston Smith,DL,28.784,5.202,7008,13.18,68.8,1,A
00-0037228,Jaylen Warren,RB,29.109,5.569,1782,12.401,68.8,1,A
00-0031388,Aaron Donald,DL,28.639,5.157,7054,13.167,68.7,0,
00-0031936,Mitch Morse,OL,27.338,4.267,8337,14.538,68.7,0,
00-0037841,Quentin Lake,DB,31.1,5.373,2479,14.981,68.7,1,S
00-0039138,Kobie Turner,DL,29.645,5.51,2395,13.115,68.6,1,A
00-0039851,Drake Maye,QB,26.905,1.439,1867,22.589,68.5,1,S
00-0031270,Shelby Harris,DL,29.65,5.533,4398,13.053,68.4,1,A
00-0031576,Za'Darius Smith,DL,29.145,5.374,5627,13.024,68.3,1,A
00-0033077,Dak Prescott,QB,26.931,1.462,9204,22.546,68.3,1,S
00-0034383,Dalton Schultz,TE,26.198,4.351,5783,13.147,68.3,1,S
00-0034829,Mike Gesicki,TE,28.252,5.032,4177,13.155,68.3,1,S
00-0039047,Derick Hall,LB,33.529,6.399,1421,14.332,68.3,1,A
00-0032378,DeForest Buckner,DL,28.119,5.045,7646,12.984,68.2,1,A
00-0034800,B.J. Hill,DL,28.092,5.035,5068,12.986,68.2,1,A
00-0036912,DeVonta Smith,WR,25.105,4.249,5128,12.357,68.2,1,A
00-0039888,Quinyon Mitchell,DB,31.133,5.438,2091,14.818,68.2,1,A
00-0032381,Taylor Decker,OL,26.882,4.179,8929,14.344,68.1,1,A
00-0035227,P.J. Locke,DB,32.555,5.924,1949,14.782,68.1,1,A
00-0030061,Zach Ertz,TE,26.453,4.464,7345,13.062,68.0,1,A
00-0033131,Maliek Collins,DL,28.319,5.134,6115,12.917,68.0,1,A
00-0036286,K'Lavon Chaisson,LB,32.417,6.068,2548,14.212,68.0,1,A
00-0036333,Alex Highsmith,LB,29.246,5.022,4333,14.179,67.9,1,A
00-0036252,Michael Pittman,WR,25.133,4.304,5370,12.223,67.8,1,A
00-0036563,Deommodore Lenoir,DB,29.177,4.843,4386,14.646,67.8,1,A
00-0037288,Christian Benford,DB,30.765,5.373,3010,14.647,67.8,1,A
00-0033890,Budda Baker,DB,28.315,4.562,8024,14.629,67.7,1,A
00-0038597,Chase Brown,RB,29.4,5.794,1426,12.018,67.7,1,A
00-0037076,Sean Rhyan,OL,29.995,5.261,2013,14.212,67.7,1,A
00-0036275,D'Andre Swift,RB,26.772,4.932,3298,11.974,67.6,1,A
00-0036555,Chuba Hubbard,RB,28.06,5.365,2489,11.966,67.6,1,A
00-0032759,Sheldon Rankins,DL,28.642,5.3,5257,12.741,67.5,1,A
00-0035668,David Edwards,OL,26.774,4.217,5555,14.124,67.5,1,A
00-0036964,Derrick Barnes,LB,31.343,5.765,2497,14.048,67.5,1,A
00-0036429,Charlie Woerner,TE,30.355,5.832,1864,12.859,67.4,1,A
00-0038111,Kyler Gordon,DB,31.694,5.732,2320,14.499,67.4,1,A
00-0034796,Lamar Jackson,QB,26.831,1.504,6958,22.32,67.3,1,S
00-0034384,D.J. Reed,DB,29.218,4.915,5384,14.474,67.3,1,A
00-0034184,Gus Edwards,RB,30.327,6.155,1923,11.863,67.3,0,
00-0036386,Andrew Thomas,OL,27.874,4.6,4479,14.075,67.3,1,A
00-0036388,Xavier McKinney,DB,28.531,4.681,5157,14.487,67.3,1,A
00-0036637,Noah Gray,TE,27.81,5.003,2848,12.802,67.3,1,A
00-0036624,Alim McNeill,DL,29.63,5.655,2838,12.663,67.3,1,A
00-0037838,Isaiah Likely,TE,28.936,5.379,2107,12.8,67.3,1,A
00-0039734,Braden Fiske,DL,31.346,6.227,1302,12.665,67.3,1,A
00-0036442,Joe Burrow,QB,27.155,1.622,5179,22.29,67.2,1,A
00-0036231,Kyle Dugger,DB,29.972,5.171,4448,14.459,67.2,1,A
00-0039058,Steve Avila,OL,27.938,4.632,2812,14.041,67.2,1,A
00-0036916,Milton Williams,DL,30.404,5.936,2592,12.595,67.1,1,A
00-0033106,Jared Goff,QB,26.596,1.45,10076,22.247,67.0,1,A
00-0034789,Minkah Fitzpatrick,DB,28.212,4.615,7363,14.368,67.0,1,A
00-0036258,Jonah Jackson,OL,27.088,4.37,5075,13.978,67.0,1,A
00-0036309,Darnell Mooney,WR,25.463,4.506,4708,11.945,67.0,1,A
00-0036374,L'Jarius Sneed,DB,29.269,4.968,4555,14.364,67.0,1,A
00-0039064,Zay Flowers,WR,26.707,4.916,2582,11.959,67.0,1,A
00-0031235,Odell Beckham Jr.,WR,27.725,5.271,4558,11.913,66.9,0,
00-0039841,Cooper DeJean,DB,30.995,5.552,1879,14.338,66.9,1,A
00-0034381,Josh Sweat,LB,29.431,5.215,4204,13.785,66.8,1,A
00-0036944,Jaycee Horn,DB,30.14,5.28,3089,14.299,66.8,1,A
00-0037247,George Pickens,WR,25.685,4.594,3465,11.901,66.8,1,A
00-0033873,Patrick Mahomes,QB,26.633,1.485,9136,22.179,66.7,1,A
00-0038129,Cade Otton,TE,26.174,4.518,3723,12.62,66.7,1,A
00-0039137,Byron Young,LB,29.778,5.338,2766,13.766,66.7,1,A
00-0035208,Olamide Zaccheaus,WR,26.742,4.976,3356,11.815,66.6,1,A
00-0036417,Damien Lewis,OL,26.73,4.304,5411,13.82,66.6,1,A
00-0038136,Coby Bryant,DB,30.593,5.45,2722,14.245,66.6,1,A
00-0033935,Trey Hendrickson,LB,29.144,5.15,4778,13.695,66.5,1,A
00-0035248,Zach Allen,DL,27.2,4.934,4604,12.398,66.5,1,A
00-0036376,Tyler Biadasz,OL,26.647,4.28,5789,13.807,66.5,1,A
00-0036246,Jon Runyan,OL,26.99,4.399,4960,13.794,66.5,1,A
00-0036222,Isaiah Rodgers,DB,32.079,5.973,2289,14.159,66.4,1,A
00-0031019,Corey Linsley,OL,28.264,4.848,6701,13.72,66.3,0,
00-0036087,Myles Bryant,DB,32.101,5.993,2524,14.122,66.3,1,A
00-0038133,Boye Mafe,DL,29.986,5.883,2358,12.337,66.3,1,A
00-0034775,Christian Kirk,WR,25.666,4.663,5344,11.678,66.2,1,A
00-0035683,Dexter Lawrence,DL,27.765,5.158,4838,12.291,66.2,1,A
00-0036849,Tutu Atwell,WR,29.266,5.861,1554,11.682,66.2,1,A
00-0039157,Cody Mauch,OL,29.092,5.129,2407,13.704,66.2,1,A
00-0035149,Nick Allegretti,OL,28.609,4.98,2958,13.67,66.1,1,A
00-0036971,Trevor Lawrence,QB,26.386,1.448,4806,22.043,66.1,1,A
00-0037825,Tyler Linderbaum,OL,26.74,4.357,4188,13.668,66.1,1,A
00-0032211,Tyler Lockett,WR,24.954,4.446,7648,11.616,66.0,1,A
00-0033281,Marlon Humphrey,DB,28.207,4.729,7332,14.019,66.0,1,A
00-0036389,Jalen Hurts,QB,26.386,1.451,5670,22.033,66.0,1,A
00-0036981,Christian Barmore,DL,29.844,5.876,2541,12.217,66.0,1,A
00-0037744,Trey McBride,TE,26.909,4.851,3155,12.355,66.0,1,A
00-0033555,Mack Hollins,WR,25.758,4.732,4131,11.563,65.9,1,A
00-0034869,Sam Darnold,QB,26.284,1.423,5704,22.014,65.9,1,A
00-0034159,Will Dissly,TE,28.398,5.356,3029,12.331,65.9,1,A
00-0034967,Rashan Gary,LB,29.509,5.345,3731,13.474,65.9,1,A
00-0033881,Evan Engram,TE,26.228,4.642,5764,12.302,65.8,1,A
00-0035261,Tony Pollard,RB,26.415,5.031,3636,11.322,65.8,1,A
00-0036973,Travis Etienne,RB,26.768,5.144,2688,11.337,65.8,1,A
00-0032146,Bud Dupree,LB,29.754,5.461,6039,13.371,65.7,1,A
00-0034272,Marquez Valdes-Scantling,WR,25.535,4.67,4837,11.526,65.7,1,A
00-0031296,C.J. Mosley,LB,29.153,5.268,6094,13.35,65.6,0,
00-0036196,Gabe Davis,WR,25.866,4.793,4016,11.487,65.6,1,A
00-0036970,Kyle Pitts,TE,26.318,4.701,3407,12.214,65.6,1,A
00-0038542,Bijan Robinson,RB,26.241,4.992,2374,11.264,65.6,1,A
00-0034836,Braden Smith,OL,26.437,4.331,6497,13.442,65.5,1,A
00-0036629,Camryn Bynum,DB,28.692,4.954,4487,13.831,65.5,1,A
00-0037007,Patrick Jones II,LB,33.033,6.577,1590,13.302,65.5,1,A
00-0038933,Dalton Kincaid,TE,28.759,5.529,1613,12.172,65.5,1,A
00-0034431,Zaire Franklin,LB,28.532,5.086,4729,13.275,65.4,1,A
00-0036221,Brandon Jones,DB,29.391,5.201,3610,13.786,65.4,1,A
00-0039068,Yaya Diaby,LB,30.623,5.786,2104,13.266,65.4,1,A
00-0034285,Zach Sieler,DL,27.914,5.309,4324,11.988,65.3,1,A
00-0035632,Amani Hooker,DB,29.29,5.178,4536,13.755,65.3,1,A
00-0033120,Kenny Clark,DL,26.73,4.933,7064,11.931,65.2,1,A
00-0030279,Keenan Allen,WR,24.606,4.424,7144,11.333,65.2,1,A
00-0033038,Eric Murray,DB,29.174,5.15,4977,13.723,65.2,1,A
00-0033381,Adam Butler,DL,28.769,5.606,4332,11.952,65.2,1,A
00-0031544,Amari Cooper,WR,24.879,4.524,7580,11.306,65.1,0,
00-0033941,Rayshawn Jenkins,DB,29.201,5.168,5840,13.696,65.1,1,A
00-0033375,Tim Patrick,WR,27.648,5.457,3142,11.276,65.0,1,A
00-0035235,Kaleb McGary,OL,26.818,4.509,5611,13.291,65.0,0,
00-0035710,Daniel Jones,QB,26.367,1.523,4961,21.798,65.0,1,A
00-0037235,Travon Walker,DL,28.768,5.629,3066,11.882,65.0,1,A
00-0039894,Xavier Worthy,WR,27.791,5.503,1471,11.283,65.0,1,A
00-0034413,Foye Oluokun,LB,27.283,4.728,6780,13.1,64.9,1,A
00-0035687,Bobby Okereke,LB,27.549,4.813,5865,13.111,64.9,1,A
00-0029542,Stephon Gilmore,DB,28.487,4.97,7695,13.577,64.8,0,
00-0032071,Trent Brown,OL,27.055,4.609,6421,13.227,64.8,1,A
00-0034844,Saquon Barkley,RB,24.082,4.377,5458,10.952,64.8,1,A
00-0035642,Josh Hines-Allen,DL,26.996,5.069,5086,11.789,64.8,1,A
00-0036322,Justin Jefferson,WR,24.378,4.393,5343,11.199,64.8,1,A
00-0036880,Penei Sewell,OL,26.116,4.299,5488,13.219,64.8,1,A
00-0037112,Jake Tonges,TE,32.675,6.917,466,11.924,64.8,1,A
00-0036327,Ezra Cleveland,OL,26.191,4.337,5421,13.181,64.7,1,A
00-0039065,Sam LaPorta,TE,27.352,5.153,2516,11.894,64.7,1,A
00-0030067,Terron Armstead,OL,27.263,4.706,6073,13.145,64.6,0,
00-0032217,Donovan Smith,OL,26.66,4.5,8391,13.161,64.6,0,
00-0034773,Vita Vea,DL,27.115,5.125,4757,11.74,64.6,1,A
00-0039147,Christian Gonzalez,DB,31.324,5.947,2092,13.482,64.5,1,A
00-0031364,Jadeveon Clowney,DL,27.433,5.256,6419,11.664,64.4,1,A
00-0031360,Kyle Van Noy,LB,28.148,5.075,7323,12.923,64.4,1,A
00-0033894,Marcus Williams,DB,28.082,4.88,6970,13.441,64.4,1,A
00-0035676,A.J. Brown,WR,23.558,4.163,6158,11.069,64.4,1,A
00-0036378,Michael Danna,LB,29.203,5.424,3288,12.93,64.4,1,A
00-0033546,Dalvin Tomlinson,DL,27.424,5.268,5227,11.619,64.3,1,A
00-0036302,Jaylinn Hawkins,DB,30.323,5.636,3191,13.415,64.3,1,A
00-0036915,Jeremiah Owusu-Koramoah,LB,31.072,6.066,2244,12.873,64.3,0,
00-0038715,Ronnie Hickman Jr.,DB,31.458,6.021,1720,13.396,64.3,1,A
00-0033905,Larry Ogunjobi,DL,27.429,5.29,5431,11.559,64.1,1,A
00-0039165,Zach Charbonnet,RB,28.23,5.844,1443,10.698,64.1,1,A
00-0038558,Darnell Washington,TE,29.098,5.798,1582,11.705,64.1,1,A
00-0032395,Graham Glasgow,OL,25.468,4.173,8624,12.949,64.0,1,A
00-0039163,C.J. Stroud,QB,25.966,1.463,3051,21.579,64.0,1,A
00-0032890,James Bradberry,DB,28.234,4.991,7931,13.261,63.9,0,
00-0031580,Shaq Mason,OL,25.763,4.285,9644,12.909,63.9,0,
00-0034764,Michael Gallup,WR,26.387,5.176,4481,10.857,63.8,0,
00-0035357,Cam Lewis,DB,33.553,6.781,1434,13.211,63.8,1,A
00-0039793,AJ Barner,TE,28.612,5.675,1409,11.587,63.8,1,A
00-0036415,Van Jefferson,WR,25.399,4.861,3699,10.817,63.7,1,A
00-0036932,Micah Parsons,LB,28.151,5.164,4084,12.66,63.7,1,A
00-0038386,Jalen Carter,DL,27.529,5.368,2255,11.426,63.7,1,A
00-0039897,Joe Alt,OL,30.58,5.914,1288,12.839,63.7,1,A
00-0033891,Zay Jones,WR,25.459,4.893,5187,10.78,63.6,1,A
00-0034342,Quenton Nelson,OL,24.954,4.046,8143,12.816,63.6,1,A
00-0034374,Jordan Whitehead,DB,28.059,4.972,6214,13.142,63.6,0,
00-0036754,Brock Wright,TE,28.57,5.684,2240,11.517,63.6,1,A
00-0038135,Jaquan Brisker,DB,28.529,5.128,3204,13.145,63.6,1,A
00-0039077,Warren McClendon Jr.,OL,29.803,5.668,1176,12.801,63.6,1,A
00-0029316,Kelvin Beachum,OL,26.218,4.477,8318,12.786,63.5,1,A
00-0027962,Cameron Jordan,LB,27.54,4.985,8021,12.583,63.5,1,A
00-0035316,Kaden Elliss,LB,27.917,5.11,3880,12.588,63.5,1,A
00-0039167,Joey Porter Jr.,DB,29.544,5.469,2619,13.136,63.5,1,A
00-0033878,Adoree' Jackson,DB,27.916,4.947,6145,13.075,63.4,1,A
00-0033876,Derek Barnett,DL,29.007,5.894,3820,11.324,63.4,1,A
00-0035125,Alec Ingold,RB,28.51,6.024,1997,10.439,63.4,1,A
00-0033952,Grover Stewart,DL,27.349,5.359,4839,11.271,63.3,1,A
00-0035242,Erik McCoy,OL,26.681,4.658,5464,12.705,63.3,1,A
00-0036285,A.J. Terrell,DB,27.446,4.796,5536,13.059,63.3,1,A
00-0039732,Bo Nix,QB,25.779,1.448,2209,21.436,63.3,1,A
00-0031054,DaQuan Jones,DL,26.999,5.249,5666,11.252,63.2,1,A
00-0031402,Zack Martin,OL,26.028,4.45,8461,12.677,63.2,0,
00-0031236,Brandin Cooks,WR,24.181,4.512,7877,10.646,63.2,1,A
00-0036550,Rashod Bateman,WR,25.795,5.047,2734,10.654,63.2,1,A
00-0033926,Shaquill Griffin,DB,29.219,5.419,5842,12.964,63.1,1,A
00-0034333,Daron Payne,DL,26.268,5.015,6245,11.224,63.1,1,A
00-0037238,Drake London,WR,24.516,4.639,3271,10.598,63.1,1,A
00-0033009,Tyler Boyd,WR,24.671,4.692,6608,10.596,63.0,0,
00-0033856,Leonard Fournette,RB,26.742,5.481,3682,10.3,63.0,0,
00-0034832,Bradley Chubb,LB,28.631,5.408,4185,12.406,63.0,1,A
00-0036996,Greg Newsome II,DB,28.919,5.324,3545,12.946,63.0,1,A
00-0039111,Tuli Tuipulotu,LB,30.008,5.86,2275,12.429,63.0,1,A
00-0038606,Parker Washington,WR,28.058,5.821,1459,10.595,63.0,1,A
00-0026190,Calais Campbell,DL,26.959,5.278,6555,11.125,62.9,1,A
00-0034407,Ray-Ray McCloud,WR,27.042,5.494,2423,10.561,62.9,1,A
00-0036411,Antoine Winfield Jr.,DB,27.071,4.723,5669,12.902,62.9,1,A
00-0036985,Robert Hainsey,OL,26.97,4.798,3323,12.577,62.9,1,A
00-0039918,Caleb Williams,QB,25.648,1.437,2296,21.337,62.9,1,A
00-0031610,Darren Waller,TE,26.944,5.231,3819,11.251,62.8,1,A
00-0033888,Ryan Ramczyk,OL,26.861,4.775,6593,12.534,62.8,0,
00-0033928,Jourdan Lewis,DB,28.334,5.153,5442,12.873,62.8,1,A
00-0034855,Baker Mayfield,QB,25.664,1.449,7657,21.318,62.8,1,A
00-0037835,Luke Goedeke,OL,26.749,4.729,3273,12.561,62.8,1,A
00-0032053,Brandon Scherff,OL,25.753,4.417,7600,12.501,62.7,0,
00-0036212,Tua Tagovailoa,QB,25.796,1.501,4398,21.292,62.7,1,A
00-0029653,Fletcher Cox,DL,27.153,5.37,6072,11.043,62.6,0,
00-0033051,David Onyemata,DL,26.598,5.184,5646,11.045,62.6,1,A
00-0029293,Marvin Jones,WR,25.972,5.183,5854,10.424,62.5,0,
00-0030459,Tyrann Mathieu,DB,27.279,4.841,8998,12.757,62.5,0,
00-0027947,Tyron Smith,OL,26.431,4.67,6059,12.42,62.4,0,
00-0034825,Arden Key,DL,27.925,5.653,3905,10.967,62.4,1,A
00-0038095,Cordell Volson,OL,26.943,4.842,3180,12.418,62.4,0,
00-0029255,Bobby Wagner,LB,25.388,4.412,10776,12.152,62.3,1,A
00-0034158,Brian O'Neill,OL,25.14,4.253,7426,12.381,62.3,1,A
00-0035279,Charles Omenihu,DL,27.783,5.618,3308,10.928,62.3,1,A
00-0035084,Yosh Nijman,OL,29.596,5.736,2031,12.388,62.3,1,A
00-0036348,Josh Metellus,DB,28.724,5.339,3139,12.707,62.3,1,A
00-0037197,Isiah Pacheco,RB,26.559,5.499,1818,10.061,62.3,1,A
00-0032380,Laremy Tunsil,OL,24.937,4.198,8284,12.342,62.2,1,A
00-0034302,Frankie Luvu,LB,27.111,4.992,4979,12.136,62.2,1,A
00-0031687,Raheem Mostert,RB,27.647,5.884,2229,9.996,62.1,1,A
00-0035681,Mike Edwards,DB,29.44,5.609,3406,12.613,62.1,1,A
00-0037074,Quay Walker,LB,27.229,5.047,3412,12.089,62.1,1,A
00-0037253,Marcus Jones,DB,31.289,6.239,1816,12.573,62.0,1,A
00-0035228,Kyler Murray,QB,26.348,1.74,5425,21.128,61.9,1,A
00-0027943,Patrick Peterson,DB,27.703,5.06,7740,12.524,61.8,0,
00-0033282,Curtis Samuel,WR,25.394,5.08,4251,10.153,61.8,1,A
00-0037075,Devonte Wyatt,DL,30.485,6.572,1517,10.769,61.8,1,A
00-0039020,Anthony Bradford,OL,27.23,5.003,2311,12.221,61.8,1,A
00-0032954,Isaac Seumalo,OL,24.713,4.177,7066,12.182,61.7,1,A
00-0034847,Mike McGlinchey,OL,24.452,4.09,7434,12.181,61.7,1,A
00-0036251,Zack Moss,RB,28.056,6.07,1761,9.847,61.7,0,
00-0036375,Amik Robertson,DB,29.713,5.746,2813,12.474,61.7,1,A
00-0037611,Kayvon Thibodeaux,LB,28.899,5.658,2774,11.925,61.7,1,A
00-0034759,Kolton Miller,OL,25.369,4.405,6870,12.153,61.6,1,A
00-0039813,Evan Williams,DB,30.881,6.144,1428,12.45,61.6,1,A
00-0033699,Austin Ekeler,RB,24.672,4.973,4143,9.753,61.5,1,A
00-0034678,Alex Cappa,OL,24.942,4.273,6807,12.121,61.5,1,A
00-0040716,Craig Woodson,DB,32.058,6.555,1150,12.393,61.5,1,A
00-0033930,Cameron Sutton,DB,27.817,5.148,4619,12.373,61.4,0,
00-0034987,E.J. Speed,LB,30.032,6.063,2541,11.841,61.4,1,A
00-0036871,Nate Hobbs,DB,29.499,5.71,3044,12.369,61.4,1,A
00-0036618,Sam Cosmi,OL,26.128,4.685,3765,12.072,61.4,1,A
00-0036893,Najee Harris,RB,25.583,5.279,2842,9.746,61.4,1,A
00-0038553,Daiyan Henley,LB,29.406,5.857,1989,11.834,61.4,1,A
00-0039834,Kamren Kinchens,DB,30.423,6.021,1519,12.359,61.4,1,A
00-0034281,Bradley Bozeman,OL,24.43,4.131,7376,12.037,61.3,1,A
00-0035229,T.J. Hockenson,TE,24.67,4.655,4658,10.706,61.3,1,A
00-0036940,Odafe Oweh,LB,29.049,5.747,2838,11.807,61.3,1,A
00-0036927,Pete Werner,LB,28.875,5.699,3127,11.779,61.3,1,A
00-0036158,J.K. Dobbins,RB,27.415,5.915,1628,9.671,61.2,1,A
00-0037250,Martin Emerson,DB,29.93,5.88,2352,12.29,61.2,0,
00-0038393,Dontayvion Wicks,WR,27.383,5.802,1488,9.976,61.2,1,A
00-0039774,Omar Speights,LB,30.1,6.108,1268,11.777,61.2,1,A
00-0028129,Jason Kelce,OL,25.392,4.477,9005,11.962,61.1,0,
00-0032765,Michael Thomas,WR,25.795,5.295,4738,9.91,61.1,0,
00-0033858,Jonnu Smith,TE,25.041,4.798,5309,10.647,61.1,1,A
00-0034347,James Daniels,OL,25.982,4.671,5391,11.969,61.1,1,A
00-0036628,John Bates,TE,27.006,5.45,2471,10.658,61.1,1,A
00-0039905,Graham Barton,OL,27.387,5.142,2119,11.96,61.1,1,A
00-0039855,Jalen McMillan,WR,30.023,6.697,778,9.932,61.1,1,A
00-0030431,Robert Woods,WR,24.398,4.832,6838,9.901,61.0,0,
00-0031608,Quandre Diggs,DB,26.854,4.882,7966,12.208,61.0,1,A
00-0031554,Eric Kendricks,LB,26.113,4.812,8370,11.677,61.0,1,A
00-0030513,Latavius Murray,RB,26.795,5.734,3298,9.593,61.0,0,
00-0033548,Chidobe Awuzie,DB,27.744,5.178,5646,12.209,61.0,1,A
00-0036972,Mac Jones,QB,25.976,1.683,3452,20.927,61.0,1,A
00-0037821,Charles Cross,OL,25.438,4.502,3838,11.933,61.0,1,A
00-0038543,Jaxon Smith-Njigba,WR,24.695,4.931,2450,9.902,61.0,1,A
00-0031549,Nelson Agholor,WR,24.454,4.865,6355,9.858,60.9,0,
00-0034834,Sam Hubbard,DL,25.878,5.142,5090,10.452,60.9,0,
00-0036355,Justin Herbert,QB,25.263,1.45,6202,20.913,60.9,1,A
00-0036479,Kwity Paye,DL,27.473,5.672,3123,10.458,60.9,1,A
00-0023459,Aaron Rodgers,QB,25.251,1.453,8623,20.891,60.8,1,A
00-0031298,Jimmie Ward,DB,28.095,5.319,5785,12.139,60.8,0,
00-0035231,Christian Wilkins,DL,26.939,5.507,4086,10.418,60.8,0,
00-0035685,David Montgomery,RB,24.937,5.14,3888,9.518,60.8,1,A
00-0033046,Jihad Ward,LB,28.556,5.656,4443,11.587,60.7,1,A
00-0032401,De'Vondre Campbell,LB,26.775,5.07,7189,11.565,60.7,0,
00-0033875,Haason Reddick,LB,26.554,4.998,6156,11.561,60.7,1,A
00-0036040,Juwan Johnson,TE,25.798,5.094,2991,10.515,60.7,1,A
00-0036380,Alohi Gilman,DB,28.462,5.45,3463,12.111,60.7,1,A
00-0036428,Justin Strnad,LB,30.361,6.263,1590,11.571,60.7,1,A
00-0035262,Drue Tranquill,LB,26.365,4.946,4329,11.528,60.6,1,A
00-0038121,Alontae Taylor,DB,28.191,5.377,3523,12.06,60.5,1,A
00-0039141,Brian Branch,DB,28.763,5.567,2438,12.062,60.5,1,A
00-0034350,Uchenna Nwosu,LB,28.116,5.544,3717,11.484,60.4,1,A
00-0035133,Keisean Nixon,DB,27.429,5.143,3474,11.999,60.4,1,A
00-0036987,Brandon Stephens,DB,27.23,5.07,4309,12.019,60.4,1,A
00-0037251,Alex Wright,DL,30.15,6.626,1420,10.271,60.4,1,A
00-0037839,Cobie Durant,DB,28.309,5.428,2648,12.025,60.4,1,A
00-0039351,Dominick Puni,OL,27.197,5.148,2187,11.755,60.4,1,A
00-0035707,Devin White,LB,26.637,5.063,6272,11.448,60.3,1,A
00-0033945,Samson Ebukam,DL,27.171,5.657,4330,10.201,60.2,1,A
00-0033783,Ahkello Witherspoon,DB,28.088,5.382,4555,11.942,60.2,1,A
00-0035535,Darius Slayton,WR,23.399,4.589,5176,9.632,60.2,1,A
00-0036198,Mike Onwenu,OL,24.277,4.204,5522,11.666,60.2,1,A
00-0037155,Tony Adams,DB,30.181,6.077,2088,11.95,60.2,1,A
00-0033336,Eric Wilson,LB,28.193,5.609,3619,11.367,60.1,1,A
00-0034348,Courtland Sutton,WR,22.403,4.268,6077,9.598,60.1,1,A
00-0035234,Tytus Howard,OL,24.473,4.282,5615,11.627,60.1,1,A
00-0037596,Jack Gibbens,LB,30.681,6.453,1595,11.323,60.0,1,A
00-0039910,Jayden Daniels,QB,25.76,1.683,1586,20.71,60.0,1,B
00-0030114,Jordan Poyer,DB,26.191,4.79,8721,11.821,59.9,1,A
00-0033877,Malik Hooker,DB,27.116,5.094,5864,11.833,59.9,1,A
00-0034163,Jacob Martin,DL,28.353,6.09,2834,10.082,59.9,1,A
00-0038134,Kenneth Walker III,RB,25.565,5.461,2083,9.183,59.9,1,A
00-0039740,Jalyx Hunt,LB,30.779,6.497,1016,11.286,59.9,1,A
00-0031550,Shaq Thompson,LB,26.875,5.204,6164,11.264,59.8,1,A
00-0032939,Vonn Bell,DB,26.166,4.791,8208,11.794,59.8,0,
00-0033906,Alvin Kamara,RB,23.431,4.757,5391,9.16,59.8,1,A
00-0037664,Alec Pierce,WR,23.503,4.68,3290,9.463,59.8,1,A
00-0027944,Julio Jones,WR,25.572,5.377,4678,9.44,59.7,0,
00-0035644,Noah Fant,TE,24.949,4.929,4235,10.162,59.7,1,A
00-0035277,Mike Jackson,DB,26.548,4.924,3754,11.776,59.7,1,A
00-0036998,Jevon Holland,DB,27.263,5.167,4210,11.764,59.7,1,A
00-0038982,Chamarri Conner,DB,28.463,5.564,2090,11.771,59.7,1,A
00-0033874,Marshon Lattimore,DB,26.322,4.862,6625,11.736,59.6,1,A
00-0037384,Ja'Quan McMillian,DB,28.417,5.567,2352,11.717,59.6,1,A
00-0033084,Kendall Fuller,DB,26.731,5.015,7212,11.687,59.5,0,
00-0034798,Durham Smythe,TE,25.695,5.197,3730,10.103,59.5,1,A
00-0035588,Garrett Bradbury,OL,23.646,4.069,6906,11.439,59.5,1,A
00-0032971,Justin Simmons,DB,26.252,4.864,7657,11.66,59.4,0,
00-0033589,David Moore,WR,26.949,5.87,2228,9.339,59.4,1,A
00-0035216,Diontae Johnson,WR,24.218,4.955,4386,9.352,59.4,0,
00-0036199,Geno Stone,DB,27.622,5.326,3599,11.643,59.4,1,A
00-0034495,Evan Brown,OL,25.16,4.595,4142,11.376,59.3,1,A
00-0035890,Tershawn Wharton,DL,26.45,5.522,2920,9.883,59.3,1,A
00-0036625,Benjamin St-Juste,DB,28.903,5.762,3106,11.617,59.3,1,A
00-0039040,De'Von Achane,RB,26.48,5.839,1644,8.962,59.3,1,A
00-0039361,Bucky Irving,RB,28.085,6.376,923,8.956,59.3,1,A
00-0032671,Morgan Fox,DL,27.732,5.96,3318,9.851,59.2,1,A
00-0033923,Kareem Hunt,RB,23.656,4.917,4077,8.906,59.1,1,A
00-0033857,JuJu Smith-Schuster,WR,23.037,4.596,5792,9.25,59.1,1,A
00-0036937,Paulson Adebo,DB,27.894,5.448,3581,11.551,59.1,1,A
00-0032129,Jordan Hicks,LB,25.986,5.009,7293,10.959,59.0,0,
00-0034728,Jaire Alexander,DB,27.84,5.442,4757,11.514,59.0,1,A
00-0034785,Mason Cole,OL,25.83,4.85,4524,11.28,59.0,0,
00-0027685,Emmanuel Sanders,WR,25.711,5.509,4375,9.184,58.9,0,
00-0033576,Eric Saubert,TE,28.595,6.237,1782,9.884,58.9,1,A
00-0033538,Garett Bolles,OL,23.445,4.068,8334,11.24,58.9,1,A
00-0036942,Osa Odighizuwa,DL,26.2,5.487,3368,9.738,58.9,1,A
00-0037005,Tommy Tremble,TE,25.65,5.251,2669,9.895,58.9,1,A
00-0038611,Chris Rodriguez Jr.,RB,31.612,7.601,409,8.81,58.9,1,A
00-0039074,Davis Allen,TE,28.29,6.133,1115,9.891,58.9,1,A
00-0027662,Carlos Dunlap,DL,27.288,5.86,4830,9.707,58.8,0,
00-0032265,Mario Edwards,DL,28.023,6.104,3043,9.711,58.8,1,A
00-0033943,Josh Reynolds,WR,23.612,4.832,4909,9.117,58.8,1,A
00-0035713,Brian Burns,LB,26.027,5.041,5218,10.904,58.8,1,A
00-0034429,Jordan Mailata,OL,23.598,4.133,5949,11.2,58.8,1,A
00-0032383,Ryan Kelly,OL,24.455,4.431,7727,11.162,58.7,1,A
00-0033123,Yannick Ngakoue,DL,26.177,5.503,6001,9.668,58.7,0,
00-0029000,Cole Beasley,WR,25.564,5.493,4181,9.085,58.7,0,
00-0032392,Austin Hooper,TE,24.141,4.781,6326,9.8,58.7,1,A
00-0032580,Jonathan Jones,DB,27.126,5.245,5269,11.391,58.7,1,A
00-0033290,Jermaine Eluemunor,OL,24.584,4.468,4604,11.18,58.7,1,A
00-0033697,Michael Davis,DB,27.665,5.422,4868,11.398,58.7,1,A
00-0035625,Juan Thornhill,DB,26.688,5.094,5181,11.406,58.7,1,A
00-0039142,Will McDonald IV,DL,28.923,6.415,1480,9.678,58.7,1,A
00-0040148,Xavier Watts,DB,30.648,6.419,1038,11.393,58.7,1,A
00-0028899,Rodney McLeod Jr.,DB,27.236,5.291,6426,11.363,58.6,0,
00-0031382,Jarvis Landry,WR,25.274,5.399,5178,9.078,58.6,0,
00-0033045,Ezekiel Elliott,RB,23.751,5.01,6043,8.721,58.6,0,
00-0032521,Mike Hilton,DB,26.674,5.099,5644,11.378,58.6,1,A
00-0033357,Taysom Hill,TE,27.185,5.806,2440,9.767,58.6,1,B
00-0034981,Foster Moreau,TE,24.97,5.064,3502,9.777,58.6,1,B
00-0039139,Jahmyr Gibbs,RB,25.064,5.45,2032,8.715,58.6,1,A
00-0034386,Justin Watson,WR,25.119,5.365,2342,9.025,58.5,1,A
00-0037746,Brian Robinson,RB,26.441,5.92,1574,8.679,58.5,1,A
00-0027648,Rodger Saffold,OL,25.573,4.832,6951,11.076,58.4,0,
00-0033050,Xavien Howard,DB,26.915,5.209,6277,11.288,58.4,1,A
00-0033217,Mo Alie-Cox,TE,25.552,5.285,3430,9.697,58.4,1,B
00-0040579,Carson Schwesinger,LB,30.472,6.569,905,10.764,58.4,1,A
00-0032268,Marcus Mariota,QB,25.75,1.808,4419,20.326,58.3,1,B
00-0029585,Chandler Jones,DL,26.796,5.747,5621,9.554,58.3,0,
00-0027867,Jason Pierre-Paul,DL,26.319,5.6,5506,9.52,58.3,1,A
00-0029895,Ryan Jensen,OL,26.348,5.103,5970,11.04,58.3,0,
00-0037079,Riq Woolen,DB,26.837,5.187,3783,11.275,58.3,1,A
00-0037413,Ben Brown,OL,31.149,6.7,931,11.049,58.3,1,A
00-0039859,Brandon Dorlus,DL,31.816,7.427,455,9.536,58.3,1,A
00-0032398,Chris Moore,WR,25.898,5.662,3012,8.913,58.2,1,A
00-0033927,John Johnson,DB,26.906,5.234,5747,11.205,58.2,0,
00-0033947,Deatrich Wise,DL,26.768,5.75,4124,9.517,58.2,1,A
00-0033284,Taylor Moton,OL,23.584,4.19,7977,11.015,58.2,1,A
00-0034270,Tyler Conklin,TE,24.251,4.877,4161,9.62,58.2,1,B
00-0034591,J.C. Jackson,DB,28.247,5.676,3666,11.218,58.2,0,
00-0035669,Nick Scott,DB,26.509,5.101,3701,11.208,58.2,1,A
00-0035629,Jonah Williams,OL,24.604,4.533,4798,11.006,58.2,1,A
00-0036933,Zaven Collins,LB,27.718,5.68,2859,10.678,58.2,1,A
00-0036554,Nico Collins,WR,23.665,4.909,3003,8.938,58.2,1,A
00-0037271,D'Marco Jackson,LB,32.147,7.159,428,10.669,58.2,1,A
00-0033073,Emmanuel Ogbah,DL,25.861,5.464,5432,9.469,58.1,1,A
00-0031376,Jerick McKinnon,RB,25.952,5.809,2559,8.526,58.1,0,
00-0031280,Derek Carr,QB,26.8,2.169,8243,20.292,58.1,0,
00-0036967,Joe Tryon-Shoyinka,DL,27.28,5.933,2688,9.481,58.1,1,A
00-0037002,Landon Dickerson,OL,23.666,4.23,5187,10.977,58.1,1,A
00-0038106,Eyioma Uwazurike,DL,31.254,7.266,647,9.456,58.1,1,A
00-0038120,Breece Hall,RB,24.564,5.358,2154,8.49,58.0,1,A
00-0038118,Daniel Faalele,OL,25.998,5.02,2456,10.938,58.0,1,A
00-0039860,Kool-Aid McKinstry,DB,29.845,6.236,1649,11.136,58.0,1,A
00-0032388,Deion Jones,LB,27.18,5.533,6181,10.582,57.9,1,B
00-0036409,Jordyn Brooks,LB,25.676,5.037,5089,10.564,57.9,1,B
00-0040715,Cam Skattebo,RB,30.908,7.476,273,8.481,57.9,1,B
00-0029608,T.Y. Hilton,WR,25.742,5.656,4172,8.775,57.8,0,
00-0033871,Corey Davis,WR,25.15,5.448,3981,8.806,57.8,0,
00-0034807,Ogbo Okoronkwo,DL,28.957,6.532,1913,9.362,57.8,1,A
00-0036988,Josh Palmer,WR,24.395,5.207,2816,8.775,57.8,1,A
00-0037812,Abraham Lucas,OL,25.463,4.865,2806,10.868,57.8,1,A
00-0036941,Andre Cisco,DB,27.548,5.505,3479,11.034,57.7,1,B
00-0036995,Baron Browning,LB,28.551,6.018,2278,10.497,57.7,1,B
00-0039146,Jayden Reed,WR,26.092,5.784,1511,8.741,57.7,1,A
00-0039925,Amarius Mims,OL,26.931,5.37,1777,10.819,57.7,1,A
00-0032150,Steven Nelson,DB,26.489,5.159,7719,11.012,57.6,0,
00-0036248,Austin Jackson,OL,26.038,5.079,3726,10.801,57.6,1,A
00-0036974,Tyson Campbell,DB,26.264,5.09,4230,10.993,57.6,1,B
00-0036975,Walker Little,OL,25.951,5.047,2638,10.808,57.6,1,A
00-0039150,Bryce Young,QB,24.545,1.457,2675,20.173,57.6,1,B
00-0028924,Tashaun Gipson,DB,25.898,4.973,7888,10.979,57.5,0,
00-0029604,Kirk Cousins,QB,24.967,1.607,9003,20.146,57.5,1,B
00-0033119,Jacoby Brissett,QB,24.974,1.606,4262,20.155,57.5,1,B
00-0034352,Connor Williams,OL,24.97,4.736,5606,10.762,57.5,0,
00-0034375,Kyzir White,LB,26.286,5.283,4487,10.436,57.5,1,B
00-0034521,Allen Lazard,WR,23.424,4.911,4146,8.692,57.5,1,A
00-0036408,Cesar Ruiz,OL,24.105,4.449,5279,10.759,57.5,1,A
00-0037256,Rachaad White,RB,23.851,5.177,2518,8.321,57.5,1,B
00-0033964,Al-Quadin Muhammad,LB,27.773,5.801,3590,10.369,57.4,1,B
00-0037756,Travis Jones,DL,27.189,5.991,2157,9.216,57.4,1,A
00-0038117,Wan'Dale Robinson,WR,24.001,5.124,2547,8.63,57.3,1,B
00-0039915,Ladd McConkey,WR,25.277,5.557,1599,8.606,57.3,1,B
00-0031325,Sammy Watkins,WR,25.06,5.497,3933,8.568,57.2,0,
00-0034514,Levi Wallace,DB,27.551,5.564,4570,10.859,57.2,0,
00-0035692,Clelin Ferrell,DL,27.302,6.053,2895,9.143,57.2,1,A
00-0035678,Dre'Mont Jones,DL,25.132,5.324,4071,9.16,57.2,1,A
00-0039048,Matthew Bergeron,OL,24.765,4.705,2984,10.651,57.2,1,A
00-0027940,Von Miller,LB,26.931,5.553,5558,10.271,57.1,1,B
00-0032165,Marcus Peters,DB,26.734,5.303,6420,10.825,57.1,0,
00-0033870,Solomon Thomas,DL,26.759,5.881,3923,9.116,57.1,1,A
00-0033547,Zach Cunningham,LB,26.833,5.521,5062,10.27,57.1,1,B
00-0034771,Mason Rudolph,QB,26.156,2.027,1453,20.075,57.1,1,B
00-0036416,Kristian Fulton,DB,27.513,5.557,3158,10.842,57.1,1,B
00-0037239,Chris Olave,WR,24.183,5.213,2513,8.545,57.1,1,B
00-0027647,Devin McCourty,DB,26.483,5.226,7360,10.804,57.0,0,
00-0030294,Tony Jefferson,DB,28.716,5.974,4050,10.795,57.0,1,B
00-0027656,Rob Gronkowski,TE,25.591,5.458,4072,9.219,57.0,0,
00-0035662,Marquise Brown,WR,22.712,4.731,4529,8.518,57.0,1,B
00-0036187,Reggie Gilliam,RB,30.097,7.321,843,8.134,57.0,1,B
00-0036619,Dillon Radunz,OL,25.701,5.035,2619,10.597,57.0,1,B
00-0039070,Gervon Dexter Sr.,DL,26.767,5.889,1736,9.101,57.0,1,A
00-0039904,Jordan Morgan,OL,29.287,6.225,951,10.611,57.0,1,B
00-0040183,Elijah Roberts,DL,31.182,7.369,477,9.075,57.0,1,A
00-0032243,Ali Marpet,OL,26.006,5.151,6036,10.552,56.9,0,
00-0032442,Elandon Roberts,LB,26.507,5.435,5043,10.201,56.9,1,B
00-0033918,Fabian Moreau,DB,27.77,5.666,4456,10.773,56.9,1,B
00-0033251,Zach Pascal,WR,25.72,5.748,3605,8.475,56.9,0,
00-0034677,Justin Jones,DL,26.99,5.981,3288,9.047,56.9,0,
00-0036497,Tim Jones,WR,30.634,7.39,652,8.464,56.9,1,B
00-0037082,Dominique Robinson,DL,30.008,6.986,1061,9.05,56.9,1,A
00-0030090,Micah Hyde,DB,26.55,5.278,6926,10.716,56.8,0,
00-0032210,Frank Clark,LB,26.391,5.402,5575,10.184,56.8,0,
00-0033889,Cam Robinson,OL,23.92,4.469,6759,10.514,56.8,1,B
00-0038408,Carrington Valentine,DB,27.455,5.584,2180,10.703,56.8,1,B
00-0040740,Ozzy Trapilo,OL,30.79,6.748,542,10.544,56.8,1,B
00-0031095,Charles Leno Jr.,OL,24.474,4.655,8071,10.508,56.7,0,
00-0027949,J.J. Watt,DL,26.537,5.858,3945,8.964,56.7,0,
00-0027793,Antonio Brown,WR,26.11,5.905,3606,8.394,56.7,0,
00-0030584,Eric Fisher,OL,26.207,5.235,5618,10.502,56.7,0,
00-0035697,Germaine Pratt,LB,24.356,4.747,5607,10.114,56.7,1,B
00-0036293,Jeremy Chinn,DB,25.999,5.111,4859,10.667,56.7,1,B
00-0036288,Yetur Gross-Matos,DL,27.36,6.129,2463,8.972,56.7,1,A
00-0036369,John Simpson,OL,23.747,4.415,4643,10.502,56.7,1,B
00-0038540,Paris Johnson Jr.,OL,25.796,5.105,2639,10.481,56.7,1,B
00-0038608,Kayshon Boutte,WR,25.244,5.611,1585,8.41,56.7,1,B
00-0031260,Logan Thomas,TE,25.31,5.409,3404,9.083,56.6,0,
00-0034376,Taron Johnson,DB,25.005,4.78,6174,10.664,56.6,1,B
00-0034760,Nathan Shepherd,DL,26.459,5.837,3421,8.949,56.6,1,A
00-0036294,Logan Wilson,LB,24.906,4.943,4627,10.078,56.6,1,B
00-0040126,Colston Loveland,TE,28.25,6.388,782,9.084,56.6,1,B
00-0032151,Jon Feliciano,OL,25.589,5.056,4077,10.422,56.5,0,
00-0034387,Bilal Nichols,DL,26.456,5.849,3574,8.909,56.5,1,B
00-0036441,"Kenneth Murray, Jr.",LB,25.523,5.152,4490,10.067,56.5,1,B
00-0037009,Rashawn Slater,OL,25.358,4.975,3201,10.434,56.5,0,
00-0036795,Jake Curhan,OL,29.635,6.405,1087,10.42,56.5,1,B
00-0039850,Edgerrin Cooper,LB,28.075,6.001,1549,10.073,56.5,1,B
00-0031581,Mark Glowinski,OL,24.728,4.781,6792,10.387,56.4,0,
00-0031852,David Andrews,OL,24.316,4.636,7381,10.408,56.4,0,
00-0031941,Jamison Crowder,WR,25.258,5.651,4032,8.305,56.4,0,
00-0030181,Jack Doyle,TE,26.238,5.758,3761,8.965,56.3,0,
00-0027993,Rodney Hudson,OL,25.9,5.182,6002,10.355,56.3,0,
00-0033466,Isaiah McKenzie,WR,26.873,6.201,2015,8.27,56.3,0,
00-0034978,Ben Powers,OL,23.325,4.323,5170,10.355,56.3,1,B
00-0037275,DaRon Bland,DB,27.338,5.597,2760,10.546,56.3,1,B
00-0026990,Malcolm Jenkins,DB,27.035,5.512,6270,10.5,56.2,0,
00-0032379,Eli Apple,DB,25.862,5.12,6069,10.501,56.2,1,B
00-0033512,Damontae Kazee,DB,27.547,5.677,4239,10.516,56.2,1,B
00-0034782,Harrison Phillips,DL,24.877,5.357,4196,8.805,56.2,1,B
00-0034385,Ja'Whaun Bentley,LB,26.993,5.677,3517,9.962,56.2,0,
00-0035705,Jalen Thompson,DB,24.751,4.751,5518,10.499,56.2,1,B
00-0038131,Ed Ingram,OL,24.074,4.578,3604,10.342,56.2,1,B
00-0037814,Luke Fortner,OL,25.413,5.023,2952,10.343,56.2,1,B
00-0038115,Daniel Bellinger,TE,25.611,5.554,2141,8.95,56.2,1,B
00-0037667,Kerby Joseph,DB,26.825,5.445,3187,10.489,56.2,1,B
00-0039919,Rome Odunze,WR,24.758,5.504,1707,8.247,56.2,1,B
00-0030564,DeAndre Hopkins,WR,22.033,4.605,7868,8.218,56.1,1,B
00-0037336,Brock Hoffman,OL,29.945,6.548,1127,10.3,56.1,1,B
00-0028118,Tyrod Taylor,QB,25.543,1.904,3087,19.83,56.0,1,B
00-0027942,A.J. Green,WR,24.864,5.563,3974,8.177,56.0,0,
00-0033579,Xavier Woods,DB,24.689,4.752,7799,10.433,56.0,1,B
00-0035680,Quincy Williams,LB,24.939,5.022,4940,9.875,56.0,1,B
00-0035663,Taylor Rapp,DB,26.392,5.314,4662,10.45,56.0,1,B
00-0035667,Greg Gaines,DL,25.945,5.739,3290,8.726,56.0,1,B
00-0036171,Aaron Brewer,OL,23.899,4.549,4532,10.253,56.0,1,B
00-0039018,Jack Campbell,LB,26.075,5.403,2718,9.868,56.0,1,B
00-0037428,Alec Anderson,OL,32.606,7.454,495,10.245,56.0,1,B
00-0024270,Andrew Whitworth,OL,25.675,5.154,5906,10.211,55.9,0,
00-0032803,Jalen Mills,DB,26.559,5.385,5907,10.404,55.9,1,B
00-0032241,Todd Gurley,RB,25.353,5.875,3631,7.728,55.9,0,
00-0022921,Larry Fitzgerald,WR,25.333,5.73,4383,8.144,55.9,0,
00-0032128,Chris Conley,WR,25.282,5.716,4264,8.135,55.9,0,
00-0034797,Jerome Baker,LB,25.467,5.21,5844,9.838,55.9,1,B
00-0038039,Jack Jones,DB,27.147,5.588,2778,10.383,55.9,1,B
00-0037801,KaVontae Turpin,WR,28.699,6.855,846,8.135,55.9,1,B
00-0032222,D.J. Humphries,OL,24.604,4.806,6260,10.185,55.8,1,B
00-0031367,Gabe Jackson,OL,25.276,5.028,6174,10.192,55.8,0,
00-0034356,Donte Jackson,DB,25.806,5.145,5386,10.371,55.8,1,B
00-0035649,Nate Davis,OL,25.413,5.076,4263,10.184,55.8,0,
00-0036992,Elijah Molden,DB,27.765,5.8,2612,10.364,55.8,1,B
00-0030074,David Bakhtiari,OL,26.081,5.309,5348,10.153,55.7,0,
00-0036265,AJ Dillon,RB,26.502,6.284,1596,7.651,55.7,1,B
00-0039846,Tykee Smith,DB,28.576,6.083,1479,10.327,55.7,1,B
00-0032195,Ronald Darby,DB,26.565,5.426,5355,10.286,55.6,0,
00-0031101,Shaquil Barrett,LB,26.436,5.564,5028,9.744,55.6,0,
00-0031584,Adrian Amos,DB,26.556,5.416,7035,10.309,55.6,0,
00-0031534,La'el Collins,OL,25.712,5.193,4837,10.132,55.6,0,
00-0033784,Eddie Jackson,DB,26.344,5.357,6305,10.275,55.6,0,
00-0035238,Cody Ford,OL,26.762,5.544,2660,10.131,55.6,1,B
00-0036362,Willie Gay Jr.,LB,27.965,6.079,2517,9.727,55.6,1,B
00-0037818,Zion Johnson,OL,23.353,4.406,4253,10.136,55.6,1,B
00-0039875,Ray Davis,RB,29.726,7.369,442,7.619,55.6,1,B
00-0039366,Tarheeb Still,DB,28.627,6.113,1550,10.288,55.6,1,B
00-0039916,Ricky Pearsall,WR,27.234,6.412,925,7.996,55.5,1,B
00-0027881,Jerry Hughes,DL,25.887,5.783,5389,8.537,55.4,0,
00-0029413,Ben Jones,OL,24.888,4.948,6866,10.043,55.4,0,
00-0032239,Byron Jones,DB,27.525,5.771,5518,10.211,55.4,0,
00-0031555,Eric Rowe,DB,27.584,5.786,4391,10.225,55.4,0,
00-0036934,Jaelan Phillips,LB,26.201,5.512,2705,9.666,55.4,1,B
00-0039013,Nolan Smith,LB,28.256,6.2,1375,9.656,55.4,1,B
00-0039041,Elijah Higgins,TE,28.906,6.745,1017,8.672,55.4,1,B
00-0033860,Davon Godchaux,DL,24.846,5.457,4909,8.476,55.3,1,B
00-0034473,Dennis Gardeck,LB,29.547,6.644,1557,9.613,55.3,1,B
00-0036869,Dan Moore Jr.,OL,22.937,4.299,5104,10.039,55.3,1,B
00-0038932,Darnell Wright,OL,24.071,4.679,3217,10.034,55.3,1,B
00-0033082,Lucas Patrick,OL,25.107,5.039,4260,9.99,55.2,1,B
00-0035140,Mecole Hardman,WR,25.219,5.772,2380,7.904,55.2,1,B
00-0035239,Sean Murphy-Bunting,DB,26.23,5.362,4213,10.144,55.2,0,
00-0035944,Jonah Williams,DL,28.811,6.779,1406,8.474,55.2,1,B
00-0036902,Joseph Ossai,DL,27.417,6.324,1682,8.445,55.2,1,B
00-0037268,Zyon McCollum,DB,26.591,5.483,2872,10.141,55.2,1,B
00-0037602,Sam Okuayinonu,DL,28.269,6.605,1134,8.453,55.2,1,B
00-0040007,Tyler Booker,OL,28.801,6.274,929,9.978,55.2,1,B
00-0032889,A'Shawn Robinson,DL,24.024,5.197,4971,8.432,55.1,1,B
00-0029632,Mohamed Sanu,WR,25.598,5.915,3717,7.853,55.1,0,
00-0029685,Greg Van Roten,OL,22.95,4.335,6490,9.947,55.1,1,B
00-0031142,Matt Feiler,OL,24.715,4.915,5114,9.971,55.1,0,
00-0031567,Daryl Williams,OL,25.852,5.314,4930,9.912,55.0,0,
00-0027872,Kareem Jackson,DB,25.935,5.292,6866,10.059,55.0,0,
00-0037254,Terrel Bernard,LB,26.209,5.566,2546,9.511,55.0,1,B
00-0039340,Laiatu Latu,DL,28.042,6.556,1313,8.375,55.0,1,B
00-0027855,Ndamukong Suh,DL,25.498,5.719,5542,8.342,54.9,0,
00-0029261,Casey Hayward,DB,26.715,5.555,6041,10.051,54.9,0,
00-0035655,Will Harris,DB,26.595,5.517,4025,10.045,54.9,1,B
00-0036501,Michael Carter II,DB,28.142,6.03,2568,10.051,54.9,1,B
00-0037304,Connor Heyward,RB,28.236,6.948,814,7.392,54.9,1,B
00-0029249,Melvin Ingram,LB,26.505,5.688,5050,9.44,54.8,0,
00-0030565,Geno Smith,QB,23.989,1.478,4076,19.557,54.8,1,B
00-0034234,Poona Ford,DL,24.334,5.342,4230,8.308,54.8,1,B
00-0034754,Oren Burks,LB,29.444,6.673,1740,9.426,54.8,1,B
00-0034854,KhaDarel Hodge,WR,27.521,6.588,1552,7.758,54.8,1,B
00-0038589,Josh Whyle,TE,29.637,7.062,669,8.451,54.8,1,B
00-0031921,Kendall Lamm,OL,27.286,5.824,2609,9.814,54.7,1,B
00-0032141,Geoff Swaim,TE,25.497,5.69,3071,8.427,54.7,0,
00-0033594,Chris Carson,RB,26.521,6.412,1816,7.287,54.7,0,
00-0034993,Marcus Epps,DB,26.835,5.621,3594,9.973,54.7,1,B
00-0036919,Kenny Gainwell,RB,24.287,5.658,1956,7.313,54.7,1,B
00-0040691,Jaxson Dart,QB,25.091,1.853,726,19.533,54.7,1,B
00-0024243,Marcedes Lewis,TE,25.328,5.65,3900,8.377,54.6,1,B
00-0033551,Rasul Douglas,DB,24.408,4.824,6666,9.936,54.6,1,B
00-0036181,Teair Tart,DL,26.999,6.249,2164,8.253,54.6,1,B
00-0039794,Braelon Allen,RB,30.106,7.618,322,7.254,54.6,1,B
00-0039917,Michael Penix Jr.,QB,25.145,1.874,738,19.523,54.6,1,B
00-0040733,Nick Emmanwori,DB,29.606,6.556,898,9.937,54.6,1,B
00-0032688,Robbie Chosen,WR,23.78,5.375,5377,7.655,54.5,1,B
00-0029630,Michael Brockers,DL,26.429,6.076,3991,8.201,54.5,0,
00-0030411,Logan Ryan,DB,25.729,5.278,6760,9.894,54.5,0,
00-0030648,Alejandro Villanueva,OL,25.024,5.088,6503,9.759,54.5,0,
00-0031285,Devonta Freeman,RB,25.593,6.122,2595,7.228,54.5,0,
00-0033932,Kenny Golladay,WR,25.1,5.815,3274,7.654,54.5,0,
00-0033463,Carl Lawson,DL,26.921,6.231,2905,8.228,54.5,1,B
00-0034368,Josey Jewell,LB,25.639,5.429,3941,9.351,54.5,0,
00-0034275,Foley Fatukasi,DL,27.004,6.268,2642,8.199,54.5,1,B
00-0036253,Julian Blackmon,DB,26.129,5.41,4013,9.897,54.5,1,B
00-0038994,Jordan Addison,WR,23.031,5.128,2373,7.647,54.5,1,B
00-0031442,Taylor Lewan,OL,25.888,5.39,4699,9.718,54.4,0,
00-0026997,Alex Mack,OL,24.985,5.093,6451,9.706,54.4,0,
00-0034346,Will Hernandez,OL,23.709,4.661,5961,9.725,54.4,1,B
00-0034843,Mike Hughes,DB,26.39,5.512,3640,9.856,54.4,1,B
00-0034810,Sebastian Joseph-Day,DL,25.559,5.793,3461,8.181,54.4,1,B
00-0036431,Jordan Fuller,DB,26.51,5.554,3419,9.847,54.4,1,B
00-0038653,Cory Durden,DL,30.622,7.48,609,8.182,54.4,1,B
00-0039840,Austin Booker,DL,27.379,6.395,904,8.195,54.4,1,B
00-0040743,Tyler Shough,QB,25.468,2.0,575,19.467,54.4,1,B
00-0031428,Allen Robinson,WR,22.79,5.067,5641,7.589,54.3,0,
00-0036504,Brandin Echols,DB,28.822,6.335,1831,9.817,54.3,1,B
00-0038621,DeMario Douglas,WR,25.32,5.917,1447,7.57,54.3,1,B
00-0032043,Quinton Spain,OL,25.085,5.14,5463,9.666,54.2,0,
00-0032454,Jayron Kearse,DB,27.034,5.744,3710,9.803,54.2,0,
00-0033782,DeMarcus Walker,DL,26.029,5.972,2922,8.113,54.2,1,B
00-0033872,Jamal Adams,LB,25.81,5.529,5582,9.222,54.2,1,B
00-0034397,Tim Settle,DL,26.247,6.051,2772,8.094,54.2,1,B
00-0036328,Antonio Gibson,RB,24.746,5.868,2298,7.14,54.2,1,B
00-0036151,Bryce Huff,DL,27.19,6.366,2057,8.092,54.2,1,B
00-0038559,Michael Wilson,WR,23.309,5.252,2328,7.552,54.2,1,B
00-0032415,Matthew Judon,LB,25.076,5.296,5887,9.188,54.1,1,B
00-0032768,Cody Whitehair,OL,24.18,4.851,7512,9.628,54.1,0,
00-0029672,Riley Reiff,OL,25.246,5.206,5788,9.626,54.1,0,
00-0027952,Robert Quinn,DL,26.541,6.16,3853,8.062,54.1,0,
00-0033057,Jack Conklin,OL,23.281,4.558,6912,9.608,54.1,1,B
00-0027150,Julian Edelman,WR,25.352,5.941,3230,7.53,54.1,0,
00-0033294,Chuck Clark,DB,25.041,5.097,5317,9.751,54.1,1,B
00-0033246,Johnny Mundt,TE,26.731,6.182,1872,8.185,54.1,1,B
00-0035243,Miles Sanders,RB,23.926,5.614,2996,7.084,54.1,1,B
00-0037263,Tyler Allgeier,RB,25.566,6.161,1401,7.083,54.1,1,B
00-0039373,Audric Estimé,RB,29.871,7.598,299,7.078,54.1,1,B
00-0029657,Akiem Hicks,DL,26.273,6.083,4222,8.025,54.0,0,
00-0032052,Dante Fowler Jr.,LB,25.952,5.6,5254,9.151,54.0,1,B
00-0030694,James Hurst,OL,24.661,5.022,5253,9.595,54.0,0,
00-0038995,Bryan Bresee,DL,26.826,6.265,1798,8.032,54.0,1,B
00-0039233,Roger Rosengarten,OL,25.339,5.255,1959,9.575,54.0,1,B
00-0029137,Alshon Jeffery,WR,25.451,5.997,3224,7.46,53.9,0,
00-0031051,John Brown,WR,24.991,5.85,3384,7.442,53.9,0,
00-0034830,Hayden Hurst,TE,24.67,5.513,2944,8.131,53.9,0,
00-0033221,Daniel Brunskill,OL,24.241,4.9,4772,9.543,53.9,1,B
00-0036325,Robert Hunt,OL,23.944,4.802,4492,9.538,53.9,1,B
00-0038127,Logan Hall,DL,26.133,6.044,2079,8.002,53.9,1,B
00-0039849,Marvin Harrison Jr.,WR,25.324,5.957,1351,7.455,53.9,1,B
00-0031585,MyCole Pruitt,TE,25.795,5.9,2368,8.094,53.8,0,
00-0035688,Trey Pipkins,OL,23.22,4.569,4312,9.512,53.8,1,B
00-0036617,Asante Samuel Jr.,DB,26.49,5.61,3160,9.661,53.8,1,B
00-0039359,Cade Stover,TE,28.095,6.664,730,8.103,53.8,1,B
00-0031372,Bradley Roby,DB,26.528,5.639,4792,9.611,53.7,0,
00-0031426,Joel Bitonio,OL,21.658,4.058,9702,9.483,53.7,1,B
00-0027061,Jared Cook,TE,25.39,5.777,3503,8.058,53.7,0,
00-0027981,Kyle Rudolph,TE,24.997,5.647,4725,8.056,53.7,0,
00-0026166,Duane Brown,OL,24.308,4.943,6061,9.478,53.7,0,
00-0028008,Justin Houston,LB,26.445,5.795,4479,9.06,53.7,0,
00-0033681,Keelan Cole,WR,24.769,5.795,3452,7.385,53.7,0,
00-0036192,A.J. Epenesa,LB,26.776,5.914,2679,9.035,53.7,1,B
00-0031503,Jameis Winston,QB,25.273,1.993,4790,19.293,53.6,1,B
00-0035144,Mack Wilson,LB,26.379,5.787,3153,9.017,53.6,1,B
00-0039031,Adetomiwa Adebawore,DL,29.964,7.352,772,7.908,53.6,1,B
00-0039872,Cole Bishop,DB,27.688,6.034,1422,9.585,53.6,1,B
00-0029681,Janoris Jenkins,DB,26.536,5.66,5323,9.556,53.5,0,
00-0032103,Denzel Perryman,LB,25.947,5.662,4385,8.961,53.5,1,B
00-0030781,Trey Hopkins,OL,25.358,5.313,4278,9.42,53.5,0,
00-0033893,Dalvin Cook,RB,23.238,5.456,3584,6.869,53.5,0,
00-0033676,Elijah Wilkinson,OL,23.745,4.777,3922,9.413,53.5,1,B
00-0040578,James Pearce Jr.,DL,29.249,7.133,561,7.849,53.5,1,B
00-0028339,Mario Addison,DL,26.006,6.058,3953,7.832,53.4,0,
00-0030578,Cordarrelle Patterson,RB,25.148,6.105,2663,6.833,53.4,0,
00-0032203,Andrus Peat,OL,24.266,4.957,5951,9.394,53.4,1,B
00-0034261,Austin Corbett,OL,23.365,4.657,5123,9.394,53.4,1,B
00-0036695,Naquan Jones,DL,29.342,7.173,1110,7.824,53.4,1,B
00-0027696,Jimmy Graham,TE,25.609,5.898,3902,7.915,53.3,0,
00-0031433,Billy Turner,OL,25.07,5.24,4487,9.351,53.3,0,
00-0034975,Justice Hill,RB,24.673,5.96,1668,6.793,53.3,1,B
00-0035386,T.J. Edwards,LB,23.792,4.97,4956,8.883,53.3,1,B
00-0036298,Akeem Davis-Gaither,LB,27.628,6.238,2046,8.915,53.3,1,B
00-0039050,Payne Durham,TE,28.123,6.732,882,7.927,53.3,1,B
00-0039424,Devaughn Vele,WR,26.86,6.545,863,7.225,53.3,1,B
00-0039491,Jalen Coker,WR,26.326,6.364,889,7.235,53.3,1,B
00-0034818,Derrick Nnadi,DL,25.124,5.79,3608,7.753,53.2,1,B
00-0035933,Michael Hoecht,LB,27.088,6.07,2173,8.879,53.2,1,B
00-0036655,Cole Van Lanen,OL,29.401,6.692,899,9.324,53.2,1,B
00-0038577,Nick Herbig,LB,28.798,6.649,1201,8.851,53.2,1,B
00-0038778,Jalen Redmond,DL,28.099,6.775,975,7.776,53.2,1,B
00-0033093,Jonathan Bullard,DL,25.681,5.981,3393,7.738,53.1,1,B
00-0030076,JC Tretter,OL,25.04,5.248,5540,9.296,53.1,0,
00-0032262,Landon Collins,LB,26.477,5.88,4879,8.836,53.1,0,
00-0036616,Christian Darrisaw,OL,24.141,4.952,3244,9.285,53.1,1,B
00-0038096,Joshua Paschal,DL,27.63,6.63,1330,7.74,53.1,0,
00-0037292,Andrew Ogletree,TE,27.557,6.563,935,7.868,53.1,1,B
00-0039109,Broderick Jones,OL,24.498,5.072,2438,9.282,53.1,1,B
00-0039751,Jordan Whittington,WR,26.848,6.557,735,7.177,53.1,1,B
00-0031122,Andrew Norwell,OL,24.506,5.081,6710,9.262,53.0,0,
00-0032968,Myles Jack,LB,25.436,5.548,5462,8.792,53.0,0,
00-0029263,Russell Wilson,QB,24.909,1.922,8687,19.142,52.9,1,B
00-0027701,Everson Griffen,DL,25.704,6.013,4103,7.666,52.9,0,
00-0032144,Melvin Gordon,RB,23.884,5.743,3717,6.655,52.9,0,
00-0030496,Le'Veon Bell,RB,25.296,6.213,2980,6.656,52.9,0,
00-0036887,Luke Farrell,TE,26.318,6.183,1507,7.769,52.9,1,B
00-0037743,Daxton Hill,DB,26.402,5.69,2396,9.333,52.9,1,B
00-0037240,Jameson Williams,WR,22.432,5.112,2446,7.095,52.9,1,B
00-0040719,Bhayshul Tuten,RB,29.908,7.754,218,6.647,52.9,1,B
00-0040708,Jihaad Campbell,LB,29.491,6.916,671,8.742,52.9,1,B
00-0030585,Justin Pugh,OL,24.317,5.04,5111,9.195,52.8,0,
00-0032385,Sterling Shepard,WR,22.065,4.999,5269,7.069,52.8,1,B
00-0032455,Austin Blythe,OL,24.92,5.244,4681,9.188,52.8,0,
00-0034777,DJ Chark,WR,23.622,5.516,3291,7.075,52.8,0,
00-0035795,James Pierre,DB,29.731,6.811,1268,9.299,52.8,1,B
00-0037193,Bryan Cook,DB,25.963,5.559,2787,9.286,52.8,1,B
00-0036193,Anfernee Jennings,LB,27.167,6.156,2431,8.7,52.7,1,B
00-0032382,Keanu Neal,DB,26.48,5.755,4716,9.214,52.6,0,
00-0034846,Shaquille Leonard,LB,26.03,5.789,4274,8.662,52.6,0,
00-0034968,Darnell Savage,DB,24.876,5.223,5309,9.205,52.6,1,B
00-0033125,Joe Schobert,LB,25.887,5.758,5124,8.614,52.5,0,
00-0037616,Nick Cross,DB,26.574,5.798,2547,9.181,52.5,1,B
00-0038922,Drake Thomas,LB,29.018,6.798,870,8.624,52.5,1,B
00-0022531,Jason Peters,OL,24.87,5.271,5002,9.056,52.4,0,
00-0029963,Chris Hubbard,OL,25.387,5.446,4080,9.05,52.4,1,B
00-0030725,Cornelius Lucas,OL,25.046,5.328,3394,9.061,52.4,1,B
00-0033885,David Njoku,TE,21.286,4.56,5227,7.606,52.4,1,B
00-0034858,Terrell Edmunds,DB,25.392,5.42,5266,9.132,52.4,1,B
00-0035292,David Long Jr.,LB,25.798,5.74,3080,8.576,52.4,0,
00-0035301,Donovan Wilson,DB,24.243,5.035,4581,9.138,52.4,1,B
00-0038125,Roger McCreary,DB,26.066,5.636,2987,9.159,52.4,1,B
00-0039341,Tyler Guyton,OL,27.237,6.058,1225,9.063,52.4,1,B
00-0032416,Quinton Jefferson,DL,24.914,5.82,3883,7.455,52.3,1,B
00-0035702,Dalton Risner,OL,22.321,4.439,5564,9.005,52.3,1,B
00-0035525,Devin Bush,LB,24.396,5.287,4007,8.535,52.3,1,B
00-0036901,Eric Stokes,DB,26.711,5.871,3031,9.097,52.3,1,B
00-0026158,Joe Flacco,QB,23.912,1.641,5195,18.989,52.2,1,B
00-0029679,Brandon Brooks,OL,25.881,5.636,4317,8.973,52.2,0,
00-0027860,Joe Haden,DB,26.771,5.896,4816,9.083,52.2,0,
00-0031389,Lamarcus Joyner,DB,26.256,5.729,4533,9.069,52.2,0,
00-0031256,Anthony Barr,LB,25.358,5.622,5314,8.493,52.2,0,
00-0027966,Mark Ingram,RB,25.253,6.287,2705,6.394,52.2,0,
00-0031253,K'Waun Williams,DB,27.069,5.995,3465,9.082,52.2,0,
00-0034264,Jalyn Holmes,DL,28.432,7.003,1556,7.421,52.2,1,B
00-0037001,Quinn Meinerz,OL,22.029,4.348,4523,8.985,52.2,1,B
00-0036883,Tommy Togiai,DL,28.121,6.908,1106,7.396,52.2,1,B
00-0039893,Brian Thomas Jr.,WR,23.99,5.706,1536,6.872,52.2,1,B
00-0029253,Mitchell Schwartz,OL,25.559,5.542,4641,8.933,52.1,0,
00-0032160,Tyrell Williams,WR,25.281,6.15,3215,6.831,52.1,0,
00-0033883,Jabrill Peppers,DB,25.525,5.495,5008,9.042,52.1,1,B
00-0034837,Calvin Ridley,WR,21.548,4.912,4374,6.813,52.1,1,B
00-0033127,Will Fuller,WR,25.145,6.118,2963,6.792,52.0,0,
00-0030070,John Jenkins,DL,25.436,6.032,3077,7.341,52.0,1,B
00-0031547,DeVante Parker,WR,22.482,5.235,4934,6.775,52.0,0,
00-0032466,George Fant,OL,24.141,5.073,4705,8.922,52.0,0,
00-0032918,C.J. Ham,RB,25.072,6.244,2174,6.341,52.0,1,B
00-0037753,Cam Taylor-Britt,DB,25.497,5.504,2696,8.986,52.0,1,B
00-0038977,Tank Dell,WR,25.87,6.364,1078,6.777,52.0,0,
00-0038541,Tyree Wilson,DL,27.951,6.867,1373,7.35,52.0,1,B
00-0032424,DJ Reader,DL,22.707,5.128,5345,7.325,51.9,1,B
00-0033118,Kenyan Drake,RB,24.337,6.016,2866,6.289,51.9,0,
00-0030386,William Gholston,DL,25.853,6.182,4001,7.308,51.9,0,
00-0031598,Nick Boyle,TE,26.421,6.335,2658,7.417,51.9,0,
00-0033907,Dawuane Smoot,DL,25.021,5.909,3606,7.293,51.9,1,B
00-0033902,Tanoh Kpassagnon,DL,26.323,6.344,2934,7.292,51.9,1,B
00-0037010,Liam Eichenberg,OL,23.99,5.036,3448,8.882,51.9,0,
00-0036979,Alijah Vera-Tucker,OL,24.946,5.36,2489,8.865,51.9,0,
00-0037587,Nate Landman,LB,25.13,5.584,2456,8.378,51.9,1,B
00-0038679,Tyrell Shavers,WR,27.937,7.064,470,6.744,51.9,1,B
00-0032950,Carson Wentz,QB,24.95,2.015,6340,18.906,51.8,1,B
00-0034487,Trent Sherfield,WR,24.289,5.857,2349,6.719,51.8,1,B
00-0040667,Matthew Golden,WR,27.952,7.073,463,6.732,51.8,1,B
00-0031587,Bobby McCain,DB,25.832,5.645,5346,8.898,51.7,0,
00-0031062,James White,RB,25.159,6.32,2448,6.199,51.7,0,
00-0031041,Kyle Fuller,DB,26.477,5.866,4809,8.879,51.7,0,
00-0034277,DeShon Elliott,DB,24.384,5.163,4275,8.895,51.7,1,B
00-0035258,Hjalte Froholdt,OL,22.871,4.687,3743,8.81,51.7,1,B
00-0028002,Randall Cobb,WR,23.536,5.631,3935,6.641,51.6,0,
00-0030663,Willie Snead,WR,24.905,6.081,3293,6.662,51.6,0,
00-0030827,Tyler Shatley,OL,24.915,5.377,3702,8.783,51.6,0,
00-0033566,Desmond King,DB,25.779,5.634,4976,8.876,51.6,0,
00-0034768,Chukwuma Okorafor,OL,24.233,5.15,3850,8.784,51.6,0,
00-0036622,Josh Myers,OL,22.162,4.466,4517,8.764,51.6,1,B
00-0039868,Troy Franklin,WR,25.448,6.26,1031,6.668,51.6,1,B
00-0031361,Christian Kirksey,LB,25.461,5.732,5001,8.264,51.5,0,
00-0027891,Golden Tate,WR,24.762,6.043,3241,6.633,51.5,0,
00-0026035,Danny Amendola,WR,24.945,6.109,2883,6.617,51.5,0,
00-0031763,DeAndre Carter,WR,25.246,6.208,1961,6.622,51.5,0,
00-0037353,Kader Kohou,DB,26.727,5.964,2501,8.835,51.5,0,
00-0038765,Ty Okada,DB,30.384,7.182,750,8.839,51.5,1,B
00-0040580,Josaiah Stewart,LB,30.359,7.374,450,8.238,51.5,1,B
00-0030665,Daniel Sorensen,DB,25.944,5.724,4676,8.773,51.4,0,
00-0032109,Kwon Alexander,LB,25.83,5.876,4483,8.203,51.4,0,
00-0031622,Bobby Hart,OL,24.858,5.388,4804,8.695,51.4,1,B
00-0030573,Sheldon Richardson,DL,25.515,6.124,4278,7.144,51.4,0,
00-0032677,Cory Littleton,LB,25.891,5.892,4295,8.215,51.4,0,
00-0032781,Matthew Ioannidis,DL,26.345,6.403,3092,7.136,51.4,0,
00-0033863,Dan Skipper,OL,28.853,6.718,1052,8.699,51.4,1,B
00-0032257,Duke Johnson,RB,25.487,6.474,2415,6.065,51.3,0,
00-0032655,Romeo Okwara,DL,26.267,6.388,3006,7.101,51.3,0,
00-0031958,Austin Reiter,OL,25.866,5.733,2853,8.666,51.3,0,
00-0033066,Andrew Billings,DL,24.539,5.819,3356,7.083,51.3,1,B
00-0033892,Marcus Maye,DB,25.3,5.522,5228,8.736,51.3,1,B
00-0034833,Isaiah Wynn,OL,25.585,5.64,2863,8.665,51.3,0,
00-0039148,Keion White,DL,26.473,6.452,1753,7.116,51.3,1,B
00-0039735,Jackson Powers-Johnson,OL,27.25,6.19,1228,8.681,51.3,1,B
00-0033064,Adam Gotsis,DL,26.58,6.503,3202,7.071,51.2,1,B
00-0029528,Bobby Massie,OL,25.214,5.526,4573,8.637,51.2,0,
00-0032009,Adam Humphries,WR,24.596,6.023,3198,6.528,51.2,0,
00-0032394,Nick Vannett,TE,25.373,6.059,2572,7.195,51.2,1,B
00-0038128,Malik Willis,QB,26.084,2.439,513,18.769,51.2,1,B
00-0039736,Matt Goncalves,OL,25.803,5.725,1489,8.628,51.2,1,B
00-0031387,Eric Ebron,TE,25.211,6.016,3164,7.164,51.1,0,
00-0028037,K.J. Wright,LB,25.794,5.902,4747,8.088,51.1,0,
00-0032933,Antonio Hamilton,DB,28.783,6.697,1694,8.692,51.1,1,B
00-0034845,Sony Michel,RB,25.557,6.52,1707,5.997,51.1,0,
00-0036894,Pat Freiermuth,TE,21.843,4.898,3157,7.15,51.1,1,B
00-0037295,Jamaree Salyer,OL,23.334,4.914,2921,8.594,51.1,1,B
00-0039052,Trey Palmer,WR,26.007,6.507,1024,6.485,51.1,0,
00-0029643,Whitney Mercilus,DL,25.574,6.194,3801,6.991,51.0,0,
00-0033895,Gerald Everett,TE,23.05,5.315,3878,7.105,51.0,0,
00-0037255,Dylan Parham,OL,22.78,4.73,3599,8.591,51.0,1,B
00-0037758,Cordale Flott,DB,26.518,5.957,2185,8.648,51.0,1,B
00-0038618,Xavier Hutchinson,WR,23.336,5.625,1569,6.461,51.0,1,B
00-0030085,Kenny Stills,WR,24.499,6.032,3522,6.402,50.9,0,
00-0022127,Jason Witten,TE,25.279,6.064,3177,7.088,50.9,0,
00-0033047,Anthony Brown,DB,26.294,5.89,4778,8.623,50.9,0,
00-0031404,Adrian Phillips,DB,26.22,5.867,4407,8.619,50.9,0,
00-0033570,Anthony Walker,LB,25.384,5.786,4014,8.027,50.9,1,B
00-0034411,Russell Gage,WR,24.03,5.878,2445,6.396,50.9,1,B
00-0034297,Byron Pringle,WR,25.74,6.447,1617,6.399,50.9,0,
00-0035993,Tyler Huntley,QB,24.635,1.983,1286,18.687,50.9,1,B
00-0036480,Dayo Odeyingbo,DL,25.36,6.129,2307,6.973,50.9,1,B
00-0038557,Dorian Williams,LB,28.267,6.745,1309,8.031,50.9,1,B
00-0031362,Trai Turner,OL,24.115,5.202,5810,8.509,50.8,0,
00-0027960,Anthony Castonzo,OL,25.506,5.669,4482,8.5,50.8,0,
00-0033529,Chase Roullier,OL,25.339,5.605,3892,8.524,50.8,0,
00-0036945,Justin Fields,QB,23.757,1.691,3132,18.684,50.8,1,B
00-0037231,Kevin Austin Jr.,WR,27.712,7.107,535,6.391,50.8,1,B
00-0032134,C.J. Uzomah,TE,23.446,5.477,3846,7.015,50.7,0,
00-0029568,Malik Jackson,DL,26.26,6.454,3291,6.899,50.7,0,
00-0028237,Chris Hogan,WR,24.722,6.125,3137,6.348,50.7,0,
00-0031348,Anthony Hitchens,LB,25.472,5.839,4307,7.955,50.7,0,
00-0027870,Maurkice Pouncey,OL,25.234,5.589,4773,8.467,50.7,0,
00-0031484,Chris Manhertz,TE,24.43,5.809,3064,7.002,50.7,1,B
00-0036500,Jamien Sherwood,LB,25.602,5.875,2353,7.977,50.7,1,B
00-0036953,Teven Jenkins,OL,24.948,5.488,2406,8.485,50.7,1,B
00-0039784,Justin Dedich,OL,27.473,6.333,710,8.475,50.7,1,B
00-0039660,Thomas Harper,DB,30.048,7.172,621,8.532,50.7,1,B
00-0032187,David Johnson,RB,24.518,6.227,2958,5.836,50.6,0,
00-0027955,Nate Solder,OL,24.813,5.46,5234,8.433,50.6,0,
00-0034373,Dorance Armstrong,DL,24.498,5.88,3305,6.858,50.6,1,B
00-0035266,Mike Jordan,OL,23.347,4.971,3350,8.434,50.6,1,B
00-0035254,Anthony Nelson,LB,25.857,5.976,2922,7.929,50.6,1,B
00-0038398,Karl Brooks,DL,25.765,6.299,1486,6.868,50.6,1,B
00-0030946,Kerry Hyder,DL,26.564,6.579,2850,6.826,50.5,0,
00-0032057,Jaquiski Tartt,DB,26.687,6.079,3579,8.452,50.5,0,
00-0030575,Xavier Rhodes,DB,25.763,5.764,4955,8.472,50.5,0,
00-0032575,Matt Skura,OL,24.787,5.465,4363,8.392,50.5,0,
00-0040737,Terrance Ferguson,TE,28.267,7.104,380,6.953,50.5,1,B
00-0032259,Ereck Flowers,OL,24.454,5.359,5265,8.376,50.4,0,
00-0031353,Michael Schofield,OL,24.628,5.432,4913,8.333,50.3,0,
00-0029678,David DeCastro,OL,24.978,5.541,4952,8.356,50.3,0,
00-0030997,Zach Fulton,OL,25.2,5.619,4397,8.344,50.3,0,
00-0033107,William Jackson,DB,26.381,5.996,4178,8.392,50.3,0,
00-0034096,Emmanuel Moseley,DB,27.177,6.266,2227,8.379,50.3,0,
00-0035249,Josh Oliver,TE,23.924,5.679,2119,6.887,50.3,1,B
00-0035127,Andre James,OL,22.726,4.797,3823,8.334,50.3,1,B
00-0036132,Ben Bredeson,OL,22.595,4.748,3555,8.353,50.3,1,B
00-0028224,Chris Harris,DB,25.827,5.828,5133,8.344,50.2,0,
00-0032977,Rashard Higgins,WR,24.922,6.25,2478,6.172,50.2,0,
00-0031273,Cameron Brate,TE,24.625,5.927,3326,6.845,50.2,0,
00-0036414,Cam Akers,RB,24.877,6.397,1373,5.686,50.2,1,B
00-0036233,Donovan Peoples-Jones,WR,22.872,5.572,2494,6.155,50.2,0,
00-0037229,Ikem Ekwonu,OL,22.286,4.665,3820,8.291,50.2,1,B
00-0039071,Tyrique Stevenson,DB,25.861,5.84,2171,8.342,50.2,1,B
00-0039232,Nate Wiggins,DB,26.788,6.143,1696,8.358,50.2,1,B
00-0039847,Theo Johnson,TE,24.103,5.759,1450,6.824,50.2,1,B
00-0036267,Jedrick Wills,OL,23.585,5.104,3542,8.273,50.1,0,
00-0036642,Tedarrell Slaton,DL,25.096,6.134,2179,6.693,50.1,1,B
00-0037034,Dee Alford,DB,26.768,6.15,2005,8.319,50.1,1,B
00-0039352,Marist Liufau,LB,29.63,7.292,661,7.752,50.1,1,B
00-0040678,Derrick Harmon,DL,28.995,7.441,461,6.672,50.1,1,B
00-0029738,Darren Fells,TE,25.552,6.259,2733,6.775,50.0,0,
00-0031412,Stephon Tuitt,DL,26.085,6.481,3190,6.641,50.0,0,
00-0032058,Tevin Coleman,RB,25.505,6.638,2094,5.593,50.0,0,
00-0032667,Roy Robertson-Harris,DL,23.538,5.634,4159,6.636,50.0,1,B
00-0033948,Jamaal Williams,RB,23.19,5.862,2954,5.605,50.0,0,
00-0034365,Ian Thomas,TE,23.775,5.674,3229,6.754,50.0,1,B
00-0035674,Jerry Tillery,DL,23.947,5.764,3552,6.655,50.0,1,B
00-0036360,Clyde Edwards-Helaire,RB,24.964,6.449,1474,5.617,50.0,1,B
00-0036422,Adam Trautman,TE,21.741,4.993,3457,6.762,50.0,1,B
00-0036502,Jason Pinnock,DB,25.236,5.65,3000,8.286,50.0,1,B
00-0025418,Greg Olsen,TE,25.267,6.179,2959,6.729,49.9,0,
00-0032384,Germain Ifedi,OL,23.408,5.068,5973,8.203,49.9,0,
00-0031893,Jesse Davis,OL,24.708,5.499,4488,8.21,49.9,0,
00-0034765,Tre'Quan Smith,WR,23.748,5.889,2650,6.081,49.9,0,
00-0034359,Tyquan Lewis,DL,25.863,6.416,2544,6.614,49.9,1,B
00-0035677,Nasir Adderley,DB,26.386,6.048,2625,8.243,49.9,0,
00-0036361,Trevon Diggs,DB,24.308,5.354,4093,8.245,49.9,1,B
00-0036307,Kindle Vildor,DB,26.362,6.041,2286,8.24,49.9,1,B
00-0036936,Rondale Moore,WR,24.336,6.086,1583,6.078,49.9,0,
00-0037809,Chig Okonkwo,TE,23.02,5.427,2230,6.739,49.9,1,B
00-0039164,Anthony Richardson,QB,25.103,2.21,763,18.472,49.9,1,B
00-0032234,Laken Tomlinson,OL,20.845,4.22,9391,8.185,49.8,1,B
00-0032780,Jordan Howard,RB,25.322,6.602,2262,5.515,49.8,0,
00-0032969,Nick Martin,OL,24.961,5.591,4183,8.186,49.8,0,
00-0034674,Leighton Vander Esch,LB,25.741,6.038,3525,7.628,49.8,0,
00-0038103,Cole Strange,OL,24.272,5.37,2351,8.161,49.8,1,B
00-0030065,Larry Warford,OL,25.464,5.775,3872,8.14,49.7,0,
00-0027885,Linval Joseph,DL,24.228,5.891,4529,6.557,49.7,0,
00-0036326,Chase Claypool,WR,23.96,5.988,2359,5.995,49.7,0,
00-0031369,Brandon Linder,OL,25.248,5.717,4452,8.096,49.6,0,
00-0032135,Jesse James,TE,24.84,6.066,3531,6.641,49.6,0,
00-0031795,DeShawn Williams,DL,25.54,6.339,2122,6.524,49.6,0,
00-0031349,Matt Paradis,OL,24.657,5.53,5177,8.067,49.5,0,
00-0031045,Carlos Hyde,RB,24.149,6.242,2738,5.425,49.5,0,
00-0028434,Doug Baldwin,WR,25.109,6.389,2462,5.941,49.5,0,
00-0031566,Trey Flowers,LB,26.121,6.196,3804,7.532,49.5,0,
00-0034743,Rashaan Evans,LB,25.121,5.864,3969,7.53,49.5,0,
00-0036370,Joshua Kelley,RB,25.796,6.79,1059,5.427,49.5,0,
00-0037512,Isaiah Pola-Mao,DB,26.484,6.122,2103,8.119,49.5,1,B
00-0038596,Antonio Johnson,DB,28.096,6.66,1455,8.115,49.5,1,B
00-0036281,C.J. Henderson,DB,27.2,6.372,2052,8.085,49.4,1,B
00-0036391,Lloyd Cushenberry III,OL,21.717,4.562,4815,8.03,49.4,1,B
00-0036552,Azeez Ojulari,LB,26.507,6.345,1835,7.473,49.4,1,B
00-0037287,Vederian Lowe,OL,25.768,5.91,1531,8.037,49.4,1,B
00-0040194,Jackson Hawes,TE,27.467,6.969,502,6.561,49.4,1,B
00-0025424,Eric Weddle,DB,26.497,6.153,4155,8.037,49.3,0,
00-0032785,Halapoulivaati Vaitai,OL,24.836,5.614,3727,7.994,49.3,0,
00-0035240,Jahlani Tavai,LB,24.591,5.708,3679,7.467,49.3,1,B
00-0038123,Dane Belton,DB,27.151,6.376,1752,8.024,49.3,1,B
00-0038934,Anton Harrison,OL,22.522,4.84,2919,8.001,49.3,1,B
00-0038839,Mitchell Tinsley,WR,28.533,7.56,273,5.853,49.3,1,B
00-0039348,Cooper Beebe,OL,24.496,5.496,1703,8.009,49.3,1,B
00-0031052,Bashaud Breeland,DB,25.644,5.885,4347,7.99,49.2,0,
00-0029146,J.R. Sweezy,OL,25.508,5.849,3338,7.962,49.2,0,
00-0034842,Taven Bryan,DL,25.414,6.351,2837,6.36,49.2,1,B
00-0036332,Josiah Deguara,TE,27.647,7.055,978,6.483,49.2,1,B
00-0036159,Joshua Uche,LB,27.879,6.825,1501,7.404,49.2,1,B
00-0036345,K.J. Osborn,WR,22.091,5.424,2610,5.82,49.2,0,
00-0029693,Olivier Vernon,DL,25.407,6.36,3573,6.326,49.1,0,
00-0031166,Seth Roberts,WR,24.992,6.402,2646,5.786,49.1,0,
00-0031868,Damiere Byrd,WR,23.938,6.046,2441,5.799,49.1,0,
00-0034681,Chase Edmonds,RB,24.694,6.472,1805,5.279,49.1,1,B
00-0035672,Cody Barton,LB,22.941,5.193,4301,7.361,49.1,1,B
00-0037663,Jermaine Johnson II,DL,25.297,6.324,1724,6.326,49.1,1,B
00-0039372,Jarvis Brownlee Jr.,DB,28.265,6.761,1243,7.98,49.1,1,B
00-0039369,Cam Hart,DB,28.645,6.893,1107,7.966,49.1,1,B
00-0032255,A.J. Cann,OL,23.75,5.286,5865,7.893,49.0,0,
00-0026176,Jordy Nelson,WR,25.173,6.468,2587,5.769,49.0,0,
00-0032412,Dean Lowry,DL,24.155,5.958,4188,6.281,49.0,0,
00-0033879,O.J. Howard,TE,25.187,6.253,2510,6.429,49.0,0,
00-0034344,Marcus Davenport,DL,24.374,6.031,2670,6.281,49.0,1,B
00-0036166,Dane Jackson,DB,26.204,6.092,2413,7.927,49.0,1,B
00-0036748,Jerry Jacobs,DB,27.835,6.641,1722,7.911,49.0,0,
00-0037289,Malcolm Rodriguez,LB,28.635,7.103,1121,7.327,49.0,1,B
00-0039063,Calijah Kancey,DL,25.851,6.521,1280,6.289,49.0,1,B
00-0039353,Jarrian Jones,DB,28.281,6.786,1199,7.924,49.0,1,B
00-0028015,Jurrell Casey,DL,25.707,6.487,3302,6.246,48.9,0,
00-0035021,Ashton Dulin,WR,26.798,7.021,1030,5.734,48.9,1,B
00-0034485,Jonathan Owens,DB,25.772,5.957,2420,7.9,48.9,1,B
00-0036413,Darrell Taylor,DL,25.721,6.484,1875,6.269,48.9,1,B
00-0040685,Mason Graham,DL,26.659,6.801,728,6.254,48.9,1,B
00-0040639,Grey Zabel,OL,25.652,5.924,1173,7.88,48.9,1,B
00-0032063,Mike Davis,RB,24.579,6.474,1804,5.155,48.8,0,
00-0032432,Wes Schweitzer,OL,23.864,5.345,4543,7.83,48.8,0,
00-0037083,Kingsley Enagbare,LB,25.724,6.148,1909,7.28,48.8,1,B
00-0038807,Ivan Pace Jr.,LB,26.858,6.529,1405,7.27,48.8,1,B
00-0039376,Spencer Rattler,QB,23.464,1.743,828,18.235,48.8,1,B
00-0032574,Michael Pierce,DL,25.407,6.4,2998,6.207,48.7,0,
00-0029164,Mike Remmers,OL,24.628,5.612,4689,7.792,48.7,0,
00-0031557,Jordan Phillips,DL,24.928,6.249,3501,6.18,48.7,1,B
00-0034780,Isaac Yiadom,DB,26.74,6.309,2505,7.813,48.7,1,B
00-0035414,Jalen Guyton,WR,24.421,6.259,1745,5.643,48.7,0,
00-0037740,Garrett Wilson,WR,20.308,4.884,3151,5.656,48.7,1,B
00-0038731,TJ Bass,OL,28.105,6.772,948,7.79,48.7,1,B
00-0029893,Rick Wagner,OL,25.164,5.799,3947,7.765,48.6,0,
00-0032892,Nick Vigil,LB,26.006,6.263,3554,7.216,48.6,0,
00-0032127,Markus Golden,LB,24.98,5.93,4428,7.191,48.6,0,
00-0030216,Josh Hill,TE,25.026,6.254,2672,6.265,48.6,0,
00-0031228,Taylor Gabriel,WR,24.805,6.399,2205,5.607,48.6,0,
00-0032355,Chester Rogers,WR,24.553,6.313,2305,5.615,48.6,0,
00-0034115,Jeff Wilson,RB,24.801,6.571,1514,5.087,48.6,1,B
00-0035637,Rock Ya-Sin,DB,24.756,5.662,3422,7.77,48.6,1,B
00-0036284,Mekhi Becton,OL,21.991,4.743,3490,7.762,48.6,1,B
00-0036905,Larry Borom,OL,24.195,5.474,2450,7.773,48.6,1,B
00-0026189,DeSean Jackson,WR,24.813,6.409,2335,5.586,48.5,0,
00-0030505,D.J. Fluker,OL,25.282,5.848,3467,7.738,48.5,0,
00-0030757,Mike Pennel,DL,24.627,6.167,2648,6.125,48.5,1,B
00-0033909,Pat Elflein,OL,24.316,5.528,4041,7.732,48.5,0,
00-0034571,Trent Scott,OL,26.321,6.193,2047,7.743,48.5,1,B
00-0035286,Cole Holcomb,LB,24.627,5.824,3265,7.155,48.5,1,B
00-0034418,Cedrick Wilson Jr.,WR,23.503,5.974,2202,5.582,48.5,1,B
00-0035382,Ryan Bates,OL,26.008,6.091,1672,7.736,48.5,0,
00-0036182,Nick Westbrook-Ikhine,WR,21.261,5.226,3251,5.584,48.5,1,B
00-0032149,John Miller,OL,24.539,5.609,4292,7.713,48.4,0,
00-0027874,Demaryius Thomas,WR,24.998,6.485,2816,5.543,48.4,0,
00-0034399,Wyatt Teller,OL,20.523,4.272,6414,7.707,48.4,1,B
00-0035406,Lil'Jordan Humphrey,WR,22.681,5.706,1831,5.563,48.4,1,B
00-0040466,Raheim Sanders,RB,28.401,8.132,56,4.007,48.4,1,B
00-0040204,Jaylen Reed,DB,30.671,7.69,169,7.602,48.4,1,B
00-0030527,Alec Ogletree,LB,25.649,6.182,4295,7.103,48.3,0,
00-0033052,Jaylon Smith,LB,24.774,5.893,4555,7.094,48.3,0,
00-0036394,Darnay Holmes,DB,27.172,6.502,1847,7.666,48.3,1,B
00-0025396,Ted Ginn,WR,25.08,6.533,2240,5.48,48.2,0,
00-0032214,Tyler Kroft,TE,25.33,6.402,2378,6.125,48.2,0,
00-0032107,Angelo Blackson,DL,25.602,6.528,2950,6.017,48.2,0,
00-0030503,Alex Okafor,DL,25.881,6.626,2619,6.004,48.2,0,
00-0036614,Jamin Davis,LB,25.945,6.293,2163,7.066,48.2,1,B
00-0039110,Keeanu Benton,DL,23.795,5.927,1875,6.015,48.2,1,B
00-0039901,Keon Coleman,WR,23.215,5.911,1284,5.482,48.2,1,B
00-0032132,Max Garcia,OL,24.407,5.599,3753,7.611,48.1,0,
00-0027875,Bryan Bulaga,OL,25.445,5.943,3514,7.616,48.1,0,
00-0032778,Tajae Sharpe,WR,24.625,6.391,2281,5.452,48.1,0,
00-0028087,Dion Lewis,RB,24.78,6.621,1895,4.917,48.1,0,
00-0034279,Equanimeous St. Brown,WR,24.562,6.368,1636,5.456,48.1,0,
00-0036356,Isaiah Simmons,DB,26.09,6.165,2719,7.595,48.1,1,B
00-0036909,Khyiris Tonga,DL,26.711,6.914,1306,5.97,48.1,1,B
00-0036862,Ben Skowronek,WR,24.827,6.457,1391,5.457,48.1,1,B
00-0036165,Isaiah Hodgins,WR,24.185,6.246,1405,5.446,48.1,1,B
00-0038116,Arnold Ebiketie,LB,26.519,6.502,1730,7.014,48.1,1,B
00-0030456,Giovani Bernard,RB,24.74,6.622,2235,4.873,48.0,0,
00-0023500,Frank Gore,RB,24.761,6.626,2183,4.884,48.0,0,
00-0031282,Justin Britt,OL,24.503,5.646,4166,7.564,48.0,0,
00-0027686,Corey Peters,DL,25.24,6.431,3372,5.946,48.0,0,
00-0031022,Laurent Duvernay-Tardif,OL,24.949,5.795,3301,7.566,48.0,0,
00-0030083,Oday Aboushi,OL,25.895,6.105,2557,7.581,48.0,0,
00-0036219,Marquez Callaway,WR,25.096,6.561,1506,5.413,48.0,0,
00-0038549,DJ Turner II,DB,25.03,5.818,2193,7.575,48.0,1,B
00-0039384,Tyrone Tracy Jr.,RB,23.747,6.287,1125,4.885,48.0,1,B
00-0039521,Xavier Weaver,WR,28.569,7.723,308,5.401,48.0,1,B
00-0030068,Marquise Goodwin,WR,23.708,6.112,2911,5.372,47.9,0,
00-0032145,Cameron Erving,OL,24.838,5.772,3493,7.523,47.9,0,
00-0027723,Al Woods,DL,25.873,6.657,2645,5.903,47.9,0,
00-0031297,Dee Ford,DL,26.023,6.705,2620,5.907,47.9,0,
00-0033537,Deshaun Watson,QB,24.957,2.306,4643,18.039,47.9,0,
00-0030097,David Quessenberry,OL,24.459,5.647,2490,7.518,47.9,1,B
00-0034301,Darrel Williams,RB,25.451,6.873,1229,4.834,47.9,0,
00-0035378,Andrew Wingard,DB,25.076,5.845,3136,7.541,47.9,1,B
00-0036924,Michael Carter,RB,23.322,6.162,1606,4.834,47.9,1,B
00-0037819,Leo Chenal,LB,25.502,6.184,1690,6.951,47.9,1,B
00-0038579,Aidan O'Connell,QB,24.418,2.124,1063,18.045,47.9,1,B
00-0029615,Lamar Miller,RB,25.063,6.753,2010,4.803,47.8,0,
00-0026814,Demar Dotson,OL,24.911,5.803,3909,7.503,47.8,0,
00-0029992,Josh Kline,OL,24.963,5.825,3687,7.486,47.8,0,
00-0031097,Terrance Mitchell,DB,25.458,5.988,3967,7.493,47.8,0,
00-0034831,Rasheem Green,DL,24.766,6.298,2842,5.872,47.8,0,
00-0034468,Chandon Sullivan,DB,25.497,5.996,3417,7.509,47.8,0,
00-0039867,Javon Bullard,DB,25.934,6.15,1525,7.485,47.8,1,B
00-0032054,Breshad Perriman,WR,24.012,6.239,2666,5.294,47.7,0,
00-0030669,Albert Wilson,WR,25.236,6.638,1998,5.321,47.7,0,
00-0034353,Anthony Miller,WR,24.77,6.484,1939,5.316,47.7,0,
00-0034516,Tre Herndon,DB,26.064,6.198,3016,7.469,47.7,0,
00-0033955,Jeremy McNichols,RB,25.309,6.843,1062,4.78,47.7,1,B
00-0038090,Skyy Moore,WR,24.983,6.558,1016,5.308,47.7,1,B
00-0038544,Quentin Johnston,WR,21.026,5.24,2125,5.306,47.7,1,B
00-0028092,Richard Sherman,DB,25.842,6.135,3887,7.438,47.6,0,
00-0028076,Marcus Cannon,OL,24.566,5.708,4039,7.443,47.6,0,
00-0030064,Jon Bostic,LB,25.318,6.162,3746,6.831,47.6,0,
00-0036986,Nahshon Wright,DB,25.645,6.078,1386,7.41,47.6,1,B
00-0037157,Bam Knight,RB,27.626,7.628,464,4.74,47.6,1,B
00-0037092,Chris Paul,OL,25.322,5.967,1379,7.419,47.6,1,B
00-0036833,Ryan Neuzil,OL,23.737,5.431,1773,7.443,47.6,1,B
00-0038824,Ryan Miller,WR,27.651,7.458,390,5.276,47.6,1,B
00-0039880,Malik Washington,WR,25.223,6.646,936,5.285,47.6,1,B
00-0029586,Derek Wolfe,DL,25.632,6.622,2859,5.766,47.5,0,
00-0030383,Duron Harmon,DB,23.97,5.53,5962,7.378,47.5,0,
00-0039357,Decamerion Richardson,DB,29.381,7.325,536,7.405,47.5,1,B
00-0031558,Maxx Williams,TE,25.686,6.609,1859,5.86,47.4,0,
00-0027029,LeSean McCoy,RB,24.74,6.69,2199,4.669,47.4,0,
00-0028171,Lawrence Guy,DL,23.183,5.816,4309,5.734,47.4,0,
00-0032261,Malcom Brown,DL,25.253,6.507,3338,5.733,47.4,0,
00-0033839,Dede Westbrook,WR,24.909,6.569,2184,5.204,47.4,0,
00-0034745,Tracy Walker III,DB,25.738,6.126,3223,7.361,47.4,0,
00-0037614,John Metchie III,WR,23.645,6.151,1229,5.192,47.4,1,B
00-0039145,Joe Tippmann,OL,22.257,4.959,2833,7.379,47.4,1,B
00-0032408,Blake Martinez,LB,24.572,5.944,4725,6.74,47.3,0,
00-0025415,Joe Staley,OL,25.434,6.032,3261,7.337,47.3,0,
00-0029669,Dont'a Hightower,LB,25.304,6.195,3321,6.719,47.3,0,
00-0029285,Josh Norman,DB,25.571,6.079,4615,7.335,47.3,0,
00-0031785,Troy Hill,DB,24.446,5.714,4475,7.303,47.3,0,
00-0032602,J.D. McKissic,RB,24.239,6.533,1734,4.639,47.3,0,
00-0035409,Shy Tuttle,DL,23.659,5.98,2925,5.718,47.3,1,B
00-0036287,Noah Igbinoghene,DB,26.405,6.367,1859,7.305,47.3,1,B
00-0036954,Levi Onwuzurike,DL,26.603,6.962,1180,5.717,47.3,0,
00-0036483,Will Fries,OL,22.23,4.964,2889,7.337,47.3,1,B
00-0031904,Bryce Callahan,DB,26.055,6.254,3300,7.292,47.2,0,
00-0031553,Benardrick McKinney,LB,25.559,6.285,4131,6.704,47.2,0,
00-0026986,Michael Crabtree,WR,24.791,6.546,2199,5.153,47.2,0,
00-0033901,Ethan Pocic,OL,20.285,4.325,6048,7.311,47.2,1,B
00-0036331,Devin Duvernay,WR,23.227,6.029,1858,5.14,47.2,1,B
00-0036741,Jack Stoll,TE,24.429,6.211,1763,5.798,47.2,1,B
00-0038407,Jaylon Jones,DB,26.38,6.361,2042,7.297,47.2,1,B
00-0038588,Jordan Howden,DB,28.33,7.012,1299,7.295,47.2,1,B
00-0030228,A.J. Bouye,DB,25.738,6.167,4363,7.236,47.1,0,
00-0029272,Nigel Bradham,LB,25.518,6.292,3742,6.644,47.1,0,
00-0025394,Adrian Peterson,RB,25.301,6.922,1559,4.535,47.1,0,
00-0034972,Alexander Mattison,RB,22.6,6.017,2004,4.549,47.1,0,
00-0035631,Drew Sample,TE,21.195,5.151,3155,5.742,47.1,1,B
00-0034419,Braxton Berrios,WR,24.512,6.468,1629,5.106,47.1,1,B
00-0036232,Harrison Bryant,TE,23.402,5.877,2268,5.771,47.1,1,B
00-0038951,Sean Tucker,RB,27.974,7.807,298,4.554,47.1,1,B
00-0037306,John FitzPatrick,TE,27.833,7.358,390,5.758,47.1,1,B
00-0038936,Juice Scruggs,OL,24.238,5.659,1721,7.262,47.1,1,B
00-0039358,Mason McCormick,OL,23.007,5.248,1922,7.264,47.1,1,B
00-0032062,Blake Bell,TE,25.157,6.482,1887,5.71,47.0,0,
00-0027986,Stefen Wisniewski,OL,25.394,6.058,2713,7.221,47.0,0,
00-0032464,Kalif Raymond,WR,22.49,5.803,2515,5.081,47.0,1,B
00-0034970,Irv Smith,TE,24.636,6.299,1847,5.739,47.0,0,
00-0037008,Ambry Thomas,DB,28.155,6.976,1042,7.227,47.0,0,
00-0038046,Charlie Kolar,TE,26.032,6.774,926,5.709,47.0,1,B
00-0027859,Russell Okung,OL,25.239,6.019,3460,7.183,46.9,0,
00-0029577,Danny Trevathan,LB,25.539,6.316,3644,6.589,46.9,0,
00-0031242,Shamar Stephen,DL,24.801,6.414,3066,5.56,46.9,0,
00-0029419,Dennis Kelly,OL,25.07,5.956,2673,7.202,46.9,0,
00-0026561,Ramon Foster,OL,24.846,5.887,3781,7.186,46.9,0,
00-0033283,Tyus Bowser,LB,25.62,6.346,2663,6.581,46.9,0,
00-0033445,Nicholas Morrow,LB,23.597,5.67,4193,6.588,46.9,0,
00-0033455,Anthony Firkser,TE,25.404,6.568,1450,5.701,46.9,1,B
00-0035686,Michael Deiter,OL,24.492,5.76,2428,7.213,46.9,0,
00-0034445,Nick Gates,OL,24.685,5.829,2390,7.199,46.9,0,
00-0037615,Nakobe Dean,LB,24.783,6.067,1497,6.583,46.9,1,B
00-0038809,Ben Sims,TE,28.598,7.641,470,5.673,46.9,1,B
00-0039913,Brandon Coleman,OL,24.911,5.904,1314,7.198,46.9,1,B
00-0039347,Trevin Wallace,LB,26.133,6.513,1129,6.594,46.9,1,B
00-0030470,Vance McDonald,TE,24.77,6.375,2401,5.644,46.8,0,
00-0030546,Travis Frederick,OL,25.478,6.105,3111,7.163,46.8,0,
00-0030060,Kenny Vaccaro,DB,25.191,6.023,4136,7.123,46.8,0,
00-0028411,Dontrelle Inman,WR,25.033,6.68,2244,4.994,46.8,0,
00-0035259,Trevon Wesco,TE,26.687,7.011,1059,5.653,46.8,0,
00-0035265,John Cominsky,DL,25.79,6.756,1639,5.521,46.8,0,
00-0036658,Isaiah McDuffie,LB,24.643,6.033,1901,6.545,46.8,1,B
00-0039355,Luke McCaffrey,WR,26.486,7.162,583,5.0,46.8,1,B
00-0039423,Jonah Laulu,DL,26.174,6.881,1154,5.531,46.8,1,B
00-0038792,Demontrey Jacobs,OL,27.004,6.618,870,7.15,46.8,1,B
00-0040727,Tre Harris,WR,25.986,6.999,566,4.99,46.8,1,B
00-0029159,Jermaine Kearse,WR,24.804,6.608,2313,4.979,46.7,0,
00-0032763,Austin Johnson,DL,23.341,5.946,3532,5.502,46.7,1,B
00-0032420,Brandon Shell,OL,23.361,5.408,4351,7.138,46.7,0,
00-0034983,Hunter Renfrow,WR,22.038,5.696,2608,4.951,46.7,1,B
00-0038938,Jalin Hyatt,WR,24.596,6.547,1016,4.954,46.7,1,B
00-0039903,Terrion Arnold,DB,26.712,6.535,1239,7.109,46.7,1,B
00-0039360,Malik Mustapha,DB,25.611,6.166,1499,7.111,46.7,1,B
00-0040188,Yahya Black,DL,28.008,7.504,423,5.495,46.7,1,B
00-0040563,Efton Chism III,WR,28.836,8.117,106,4.483,46.7,1,B
00-0030821,Allen Hurns,WR,25.11,6.722,2116,4.944,46.6,0,
00-0030869,Tyler Larsen,OL,25.017,5.974,2510,7.094,46.6,0,
00-0036310,Hakeem Adeniji,OL,25.679,6.191,1422,7.105,46.6,1,B
00-0036139,Rico Dowdle,RB,22.423,6.018,1426,4.369,46.6,1,B
00-0036898,Davis Mills,QB,23.796,2.014,1909,17.755,46.6,1,B
00-0037297,Cade Mays,OL,23.71,5.539,1676,7.095,46.6,1,B
00-0040676,Cam Ward,QB,22.63,1.627,947,17.75,46.6,1,B
00-0031261,Tre Boston,DB,25.27,6.074,4709,7.05,46.5,0,
00-0027869,Mike Iupati,OL,25.149,6.025,2935,7.073,46.5,0,
00-0029193,Bruce Irvin,LB,25.908,6.495,3526,6.423,46.5,0,
00-0027862,Tyson Alualu,DL,25.38,6.655,2575,5.414,46.5,0,
00-0033591,Noah Brown,WR,21.579,5.563,2600,4.889,46.5,1,B
00-0033910,Dan Feeney,OL,22.157,5.028,4786,7.073,46.5,1,B
00-0035026,Kevin Givens,DL,25.554,6.71,1776,5.424,46.5,1,B
00-0037525,Jordan Mason,RB,24.825,6.834,905,4.323,46.5,1,B
00-0030273,Lane Taylor,OL,25.025,6.0,3360,7.026,46.4,0,
00-0031799,Anthony Harris,DB,24.647,5.887,3931,6.986,46.4,0,
00-0032059,P.J. Williams,DB,25.54,6.184,3599,6.987,46.4,0,
00-0033524,Kevin King,DB,26.383,6.467,2646,6.98,46.4,0,
00-0033563,Carlos Watkins,DL,25.619,6.74,2132,5.4,46.4,1,B
00-0033578,Sam Tevi,OL,24.904,5.956,2796,7.035,46.4,0,
00-0035639,Parris Campbell,WR,23.507,6.212,1702,4.871,46.4,1,B
00-0039000,Deonte Banks,DB,25.271,6.088,1982,7.006,46.4,1,B
00-0039054,Marte Mapu,LB,28.984,7.527,773,6.402,46.4,1,B
00-0039776,Jaylen McCollough,DB,27.691,6.899,886,6.993,46.4,1,B
00-0031238,Weston Richburg,OL,25.651,6.215,2967,7.005,46.3,0,
00-0022942,Philip Rivers,QB,25.288,2.531,5205,17.694,46.3,1,C
00-0032951,Laquon Treadwell,WR,25.109,6.756,2022,4.84,46.3,1,B
00-0036371,Leki Fotu,DL,25.783,6.806,1613,5.365,46.3,1,B
00-0038555,Tank Bigsby,RB,26.168,7.305,592,4.252,46.3,1,B
00-0040677,Abdul Carter,LB,27.14,6.92,783,6.378,46.3,1,B
00-0025473,Marshal Yanda,OL,25.339,6.128,3089,6.954,46.2,0,
00-0030463,A.J. Klein,LB,25.183,6.281,3567,6.34,46.2,0,
00-0031218,Malcolm Butler,DB,25.245,6.112,4686,6.908,46.2,0,
00-0030710,Trey Burton,TE,25.199,6.591,2050,5.426,46.2,0,
00-0033954,Jayon Brown,LB,24.876,6.182,3595,6.33,46.2,0,
00-0033880,Charles Harris,LB,25.065,6.248,3240,6.322,46.2,0,
00-0034876,Christopher Ezeala,RB,24.953,6.906,1458,4.235,46.2,0,
00-0034360,Lorenzo Carter,LB,24.226,5.965,3563,6.33,46.2,0,
00-0035657,Damien Harris,RB,25.473,7.081,924,4.23,46.2,0,
00-0036896,Victor Dimukeje,LB,28.794,7.489,803,6.327,46.2,1,B
00-0039809,Jonah Elliss,LB,27.656,7.114,749,6.315,46.2,1,B
00-0039380,Chau Smith-Wade,DB,26.616,6.563,914,6.926,46.2,1,B
00-0030108,Ryan Griffin,TE,23.771,6.121,3306,5.407,46.1,0,
00-0027720,Geno Atkins,DL,25.564,6.755,3097,5.3,46.1,0,
00-0033540,Takk McKinley,DL,26.296,6.998,2023,5.303,46.1,0,
00-0035636,L.J. Collier,DL,25.243,6.657,1740,5.273,46.1,1,B
00-0036295,Matt Hennessy,OL,26.054,6.378,1479,6.92,46.1,1,B
00-0038551,Kendre Miller,RB,27.99,7.938,307,4.176,46.1,1,B
00-0038554,Ji'Ayir Brown,DB,24.19,5.769,2158,6.884,46.1,1,B
00-0037301,Theo Jackson,DB,29.232,7.458,711,6.857,46.0,1,B
00-0039912,Ben Sinnott,TE,27.162,7.262,608,5.375,46.0,1,B
00-0027996,Torrey Smith,WR,25.375,6.894,1743,4.692,45.9,0,
00-0030874,Damien Williams,RB,24.72,6.873,1357,4.1,45.9,0,
00-0031067,Cameron Fleming,OL,23.507,5.554,3384,6.844,45.9,0,
00-0027025,Max Unger,OL,25.314,6.15,3215,6.865,45.9,0,
00-0032758,Vernon Hargreaves III,DB,25.055,6.082,3691,6.807,45.9,0,
00-0033503,Arthur Maulet,DB,26.565,6.582,2235,6.819,45.9,1,B
00-0034787,Chris Board,LB,28.979,7.588,1024,6.215,45.9,1,B
00-0034367,Nyheim Hines,RB,23.848,6.577,1766,4.117,45.9,1,B
00-0035693,Johnathan Abram,DB,25.456,6.218,2633,6.803,45.9,0,
00-0036260,Javon Kinlaw,DL,22.78,5.852,2721,5.224,45.9,1,B
00-0037666,Jalen Tolbert,WR,22.002,5.767,1847,4.701,45.9,1,B
00-0039744,Tanor Bortolini,OL,24.53,5.894,1215,6.848,45.9,1,B
00-0031796,Justin Coleman,DB,25.896,6.369,3272,6.789,45.8,0,
00-0030155,Demetrius Harris,TE,25.132,6.609,2235,5.305,45.8,0,
00-0032197,Randy Gregory,LB,26.318,6.717,1896,6.167,45.8,0,
00-0034803,Joe Noteboom,OL,23.637,5.598,2518,6.843,45.8,1,B
00-0034320,Kentavius Street,DL,24.894,6.573,1977,5.176,45.8,1,B
00-0036204,LaCale London,DL,28.546,7.784,445,5.195,45.8,1,B
00-0039236,Johnny Wilson,WR,27.224,7.526,397,4.646,45.8,0,
00-0039896,Zach Frazier,OL,22.413,5.2,1946,6.814,45.8,1,B
00-0040660,Mykel Williams,DL,27.748,7.52,360,5.189,45.8,1,B
00-0040189,Oronde Gadsden II,TE,26.086,6.924,619,5.315,45.8,1,B
00-0031241,Devon Kennard,LB,25.417,6.423,3445,6.148,45.7,0,
00-0033556,Tarik Cohen,RB,25.015,6.986,1427,4.058,45.7,0,
00-0035617,Troy Reeder,LB,25.073,6.305,2313,6.159,45.7,1,B
00-0030500,Nick Williams,DL,24.647,6.514,2311,5.106,45.6,0,
00-0034756,Tre Flowers,DB,25.141,6.144,3315,6.708,45.6,1,B
00-0036268,Laviska Shenault Jr.,WR,24.81,6.746,1568,4.57,45.6,0,
00-0036568,Roy Lopez,DL,23.455,6.113,2206,5.115,45.6,1,B
00-0037741,Jahan Dotson,WR,19.544,4.99,2897,4.575,45.6,1,B
00-0027975,Jabaal Sheard,DL,25.638,6.858,3173,5.063,45.5,0,
00-0028042,Luke Stocker,TE,25.137,6.642,1972,5.21,45.5,0,
00-0032637,Andrew Adams,DB,25.813,6.379,2859,6.674,45.5,0,
00-0034676,James Washington,WR,23.742,6.392,2074,4.565,45.5,0,
00-0037842,Derion Kendrick,DB,27.223,6.852,1405,6.667,45.5,1,B
00-0039410,Ryan Flournoy,WR,25.486,6.984,591,4.535,45.5,1,B
00-0037509,Sincere McCormick,RB,27.097,8.144,84,2.665,45.5,0,
00-0040500,Joe Huber,OL,27.086,7.981,74,3.144,45.5,1,B
00-0039622,Isaiah Stalbird,LB,26.471,8.263,54,1.682,45.5,1,B
00-0040166,Quincy Riley,DB,28.767,7.359,558,6.69,45.5,1,B
00-0027681,Brandon LaFell,WR,25.053,6.847,2007,4.512,45.4,0,
00-0031257,Paul Richardson,WR,25.11,6.867,1893,4.508,45.4,0,
00-0030421,Jamie Collins,LB,24.607,6.185,4159,6.053,45.4,0,
00-0029259,Kelechi Osemele,OL,24.931,6.085,3099,6.678,45.4,0,
00-0036271,Quez Watkins,WR,22.457,5.975,1991,4.532,45.4,0,
00-0036556,Brevin Jordan,TE,26.167,6.997,848,5.176,45.4,0,
00-0038560,Jordan Battle,DB,24.992,6.121,1933,6.63,45.4,1,B
00-0040672,Tyleik Williams,DL,27.189,7.385,427,5.034,45.4,1,B
00-0023448,Thomas Davis,LB,25.566,6.524,3265,5.995,45.3,0,
00-0029212,Tahir Whitehead,LB,25.163,6.384,4009,6.009,45.3,0,
00-0032208,Phillip Dorsett,WR,23.315,6.282,2748,4.468,45.3,0,
00-0030380,Benson Mayowa,LB,26.161,6.722,2596,5.993,45.3,0,
00-0031181,Ricardo Allen,DB,25.333,6.249,4079,6.585,45.3,0,
00-0036364,Lynn Bowden,WR,27.262,7.595,653,4.478,45.3,0,
00-0036338,Troy Dye,LB,27.163,7.05,1183,6.011,45.3,1,B
00-0038465,Malik Heath,WR,25.868,7.133,624,4.47,45.3,1,B
00-0039049,SirVocea Dennis,LB,26.059,6.686,1054,6.001,45.3,1,B
00-0028112,Charles Clay,TE,24.988,6.636,2269,5.08,45.2,0,
00-0030455,Star Lotulelei,DL,25.47,6.831,2558,4.977,45.2,0,
00-0032055,Devin Funchess,WR,24.842,6.799,1967,4.446,45.2,0,
00-0029670,Mark Barron,LB,25.45,6.491,3275,5.978,45.2,0,
00-0026950,A.Q. Shipley,OL,24.989,6.117,3249,6.639,45.2,0,
00-0036387,Jalen Reagor,WR,23.373,6.312,1770,4.437,45.2,0,
00-0037757,Bernhard Raimann,OL,20.622,4.671,3388,6.611,45.2,1,B
00-0037244,Devin Lloyd,LB,22.17,5.405,3442,5.954,45.2,1,B
00-0038636,Kenny McIntosh,RB,26.761,8.28,71,1.921,45.2,0,
00-0038471,Kadeem Telfort,OL,25.531,8.281,53,0.689,45.2,0,
00-0039926,Jalen Sundell,OL,25.235,6.206,926,6.617,45.2,1,B
00-0040202,Devin Neal,RB,26.605,7.583,254,3.856,45.2,1,B
00-0030511,Brandon Williams,DL,24.463,6.503,3054,4.955,45.1,0,
00-0026618,Michael Bennett,DL,25.448,6.837,2830,4.937,45.1,0,
00-0029546,Senio Kelemete,OL,25.445,6.285,2754,6.589,45.1,0,
00-0030161,Bradley McDougald,DB,25.214,6.225,3997,6.539,45.1,0,
00-0034286,Richie James,WR,23.763,6.451,1498,4.409,45.1,0,
00-0036160,Jason Strowbridge,DL,24.77,8.333,50,-0.23,45.1,0,
00-0035500,Greg Dortch,WR,22.732,6.109,1589,4.405,45.1,1,B
00-0038546,Myles Murphy,DL,25.235,6.764,1265,4.944,45.1,1,B
00-0038397,Evan Hull,RB,26.391,8.123,74,2.021,45.1,1,B
00-0040710,Deone Walker,DL,26.646,7.231,529,4.952,45.1,1,B
00-0036535,Will Sherman,OL,29.144,7.766,171,5.846,45.1,1,B
00-0033129,Carl Nassib,LB,25.707,6.609,3226,5.879,45.0,0,
00-0032209,T.J. Yeldon,RB,25.036,7.078,1510,3.802,45.0,0,
00-0027136,Jason McCourty,DB,25.522,6.34,3910,6.502,45.0,0,
00-0031345,Jimmy Garoppolo,QB,24.938,2.514,4080,17.397,45.0,1,C
00-0030968,Keith Smith,RB,24.563,6.922,1441,3.796,45.0,0,
00-0033025,Jalen Richard,RB,25.004,7.069,1404,3.797,45.0,0,
00-0032240,Vic Beasley,DL,25.098,6.73,2865,4.907,45.0,0,
00-0030443,Levine Toilolo,TE,25.331,6.77,2088,5.02,45.0,0,
00-0032215,Damien Wilson,LB,24.705,6.275,3268,5.88,45.0,0,
00-0033733,Greg Ward,WR,24.899,6.84,1331,4.38,45.0,0,
00-0035646,Sione Takitaki,LB,25.592,6.561,2061,5.909,45.0,0,
00-0035061,Alex Bars,OL,25.477,6.312,1507,6.543,45.0,0,
00-0036167,Tae Crowder,LB,25.34,6.484,1871,5.889,45.0,0,
00-0036626,Dyami Brown,WR,22.331,5.986,1651,4.372,45.0,1,B
00-0040152,Upton Stout,DB,28.457,7.322,627,6.491,45.0,1,B
00-0025900,Chris Clark,OL,25.191,6.226,2890,6.514,44.9,0,
00-0027954,Ryan Kerrigan,DL,24.234,6.455,3657,4.869,44.9,0,
00-0029688,Dontari Poe,DL,25.446,6.855,2756,4.882,44.9,0,
00-0032626,Geronimo Allison,WR,25.196,6.949,1533,4.349,44.9,0,
00-0034109,Phillip Lindsay,RB,24.555,6.935,1375,3.748,44.9,0,
00-0035961,Krys Barnes,LB,24.931,6.359,1881,5.855,44.9,1,B
00-0040369,Howard Cross III,DL,24.507,8.331,50,-0.487,44.9,1,B
00-0040118,Cooper McDonald,LB,25.731,8.237,55,1.022,44.9,1,B
00-0039485,Andrew Meyer,OL,24.566,8.176,52,0.039,44.9,1,B
00-0031410,Xavier Su'a-Filo,OL,24.785,6.104,3269,6.475,44.8,0,
00-0030066,Brian Winters,OL,24.577,6.027,3547,6.497,44.8,0,
00-0027856,Gerald McCoy,DL,25.09,6.754,2870,4.829,44.8,0,
00-0033096,Shaq Lawson,DL,24.14,6.436,3420,4.832,44.8,0,
00-0028278,Josh Bynes,LB,24.947,6.374,3172,5.824,44.8,0,
00-0032154,Michael Bennett,DL,24.836,8.333,53,-0.164,44.8,0,
00-0034779,Ronnie Harrison,LB,24.494,6.218,2751,5.839,44.8,1,B
00-0040289,Bam Martin-Scott,LB,25.167,8.172,53,0.652,44.8,1,B
00-0029248,Luke Kuechly,LB,25.307,6.503,3409,5.8,44.7,0,
00-0030448,Kawann Short,DL,25.999,7.064,2185,4.808,44.7,0,
00-0027963,James Carpenter,OL,24.218,5.917,3971,6.466,44.7,0,
00-0029287,Tank Carder,LB,25.002,8.333,50,0.002,44.7,0,
00-0028101,Daniel Kilgore,OL,25.287,6.277,3026,6.455,44.7,0,
00-0028063,Taiwan Jones,RB,24.92,8.333,51,-0.08,44.7,0,
00-0034646,Brandon Powell,WR,24.413,6.715,1140,4.268,44.7,0,
00-0035726,Jakob Johnson,RB,24.156,6.826,1255,3.679,44.7,1,B
00-0038107,Micheal Clemons,DL,23.988,6.394,1762,4.807,44.7,1,B
00-0037153,Vi Jones,LB,25.156,8.333,51,0.156,44.7,0,
00-0040009,Savion Williams,WR,27.068,8.1,82,2.769,44.7,1,B
00-0027914,Andrew Sendejo,DB,24.97,6.206,3874,6.352,44.6,0,
00-0032970,Jordan Jenkins,DL,25.101,6.779,3069,4.764,44.6,0,
00-0033929,Montravius Adams,DL,25.278,6.836,1724,4.77,44.6,0,
00-0033414,Eric Smith,OL,24.616,8.333,53,-0.384,44.6,0,
00-0035831,James Robinson,RB,24.144,6.83,1373,3.653,44.6,0,
00-0033752,Storm Norton,OL,24.843,6.145,1773,6.408,44.6,0,
00-0036961,Richie Grant,DB,25.606,6.423,2368,6.338,44.6,0,
00-0036876,Kylen Granson,TE,22.808,5.977,1688,4.876,44.6,1,B
00-0036993,Ifeatu Melifonwu,DB,26.115,6.591,1530,6.343,44.6,1,B
00-0038387,Colby Wooden,DL,24.744,6.66,1121,4.765,44.6,1,B
00-0038614,Scott Matlock,DL,24.714,6.655,1068,4.75,44.6,1,B
00-0030046,Jordan Mills,OL,24.735,6.113,3264,6.395,44.5,0,
00-0031359,Kelvin Benjamin,WR,24.889,6.898,1907,4.193,44.5,0,
00-0031176,Nevin Lawson,DB,25.503,6.395,3578,6.318,44.5,0,
00-0031431,Marqise Lee,WR,25.072,6.96,1699,4.192,44.5,0,
00-0031546,Trae Waynes,DB,25.492,6.397,3290,6.302,44.5,0,
00-0029040,Damon Harrison,DL,25.369,6.884,2531,4.717,44.5,0,
00-0031068,Ryan Grant,WR,25.104,6.961,1461,4.221,44.5,0,
00-0030434,Vince Williams,LB,25.739,6.679,2757,5.701,44.5,0,
00-0030528,Robert Alford,DB,25.384,6.35,3765,6.333,44.5,0,
00-0033308,Matt Breida,RB,23.991,6.794,1661,3.608,44.5,0,
00-0033925,D'Onta Foreman,RB,24.35,6.914,1212,3.607,44.5,0,
00-0033058,Reggie Ragland,LB,25.544,6.611,2324,5.712,44.5,0,
00-0028177,Mike Person,OL,25.304,6.311,2294,6.373,44.5,0,
00-0034762,Billy Price,OL,23.3,5.637,2914,6.39,44.5,0,
00-0034813,Justin Lawler,LB,25.362,8.333,54,0.362,44.5,0,
00-0034377,Avonte Maddox,DB,23.43,5.708,3789,6.306,44.5,1,B
00-0034954,Malik Reed,LB,24.798,6.365,2339,5.704,44.5,0,
00-0036351,James Smith-Williams,DL,24.783,6.682,1627,4.737,44.5,0,
00-0037551,Stephen Jones,DL,24.247,8.333,52,-0.753,44.5,0,
00-0037549,Darrell Baker Jr.,DB,25.797,6.496,1712,6.308,44.5,1,B
00-0038661,Chris Smith,DL,24.099,8.333,51,-0.901,44.5,0,
00-0039829,Darius Muasau,LB,27.372,7.217,840,5.722,44.5,1,B
00-0037167,Tyrese Robinson,OL,24.857,8.333,55,-0.143,44.5,0,
00-0040144,Jamaree Caldwell,DL,27.007,7.426,491,4.729,44.5,1,B
00-0031333,Ha Ha Clinton-Dix,DB,25.155,6.291,4145,6.283,44.4,0,
00-0029580,Rishard Matthews,WR,24.893,6.911,1697,4.162,44.4,0,
00-0029786,Ryan Schraeder,OL,25.135,6.262,2891,6.348,44.4,0,
00-0026929,Andrew Gardner,OL,24.978,8.333,57,-0.022,44.4,0,
00-0033557,Jalen Reeves-Maybin,LB,27.443,7.25,1583,5.694,44.4,1,B
00-0022943,Benjamin Watson,TE,25.312,6.83,1626,4.822,44.4,0,
00-0033961,Dylan Donahue,LB,24.962,8.333,52,-0.038,44.4,0,
00-0033913,Chris Wormley,DL,24.443,6.584,2326,4.693,44.4,1,B
00-0034817,Geron Christian,OL,24.999,6.216,1809,6.351,44.4,0,
00-0034808,John Kelly,RB,24.65,8.333,51,-0.35,44.4,0,
00-0035329,Donald Parham,TE,24.787,6.66,1158,4.808,44.4,0,
00-0038104,Tyquan Thornton,WR,23.065,6.296,1171,4.177,44.4,1,B
00-0038939,Brodric Martin,DL,25.269,8.31,62,0.337,44.4,1,B
00-0037590,Tyler Vrabel,OL,24.514,8.333,54,-0.486,44.4,0,
00-0039620,Rico Payton,DB,25.447,8.253,53,0.687,44.4,1,B
00-0040686,Josh Conerly Jr.,OL,25.25,6.299,979,6.353,44.4,1,B
00-0038764,Patrick O'Connell,LB,25.472,8.312,57,0.536,44.4,1,B
00-0030107,Theo Riddick,RB,25.246,7.237,1259,3.534,44.3,0,
00-0026345,Pierre Garcon,WR,25.321,7.058,1549,4.148,44.3,0,
00-0032674,Nicholas Grigsby,LB,24.961,8.333,53,-0.039,44.3,0,
00-0031000,Trevor Reilly,LB,24.964,8.333,53,-0.036,44.3,0,
00-0036365,Bryan Edwards,WR,24.167,6.675,1152,4.144,44.3,0,
00-0036982,Chauncey Golston,DL,24.447,6.59,1846,4.678,44.3,1,B
00-0036711,Charles Snowden,DL,27.357,7.568,678,4.653,44.3,1,B
00-0036638,Darrick Forrest,DB,27.308,7.018,1205,6.254,44.3,0,
00-0039854,Darius Robinson,DL,26.001,7.115,647,4.657,44.3,1,B
00-0040245,Connor Colby,OL,27.425,7.036,427,6.317,44.3,1,B
00-0032741,Peyton Barber,RB,24.824,7.112,1539,3.489,44.2,0,
00-0036465,Aaron Patrick,LB,24.74,8.333,53,-0.26,44.2,0,
00-0039007,Garrett Williams,DB,25.137,6.304,1595,6.226,44.2,1,B
00-0040161,Kyle Kennard,LB,26.674,8.183,75,2.124,44.2,1,B
00-0028009,DeMarco Murray,RB,25.059,7.201,1408,3.456,44.1,0,
00-0030280,Knile Davis,RB,24.882,8.333,56,-0.118,44.1,0,
00-0030104,Nate Palmer,LB,24.979,8.333,55,-0.021,44.1,0,
00-0030559,Matt Elam,DB,24.989,8.333,51,-0.011,44.1,0,
00-0032980,Marcus Johnson,WR,24.821,6.913,1402,4.083,44.1,0,
00-0035289,Gardner Minshew,QB,23.594,2.134,3167,17.193,44.1,1,C
00-0036300,Mykal Walker,LB,26.142,6.852,1851,5.586,44.1,1,B
00-0036379,Bradlee Anae,DL,23.739,8.333,52,-1.261,44.1,0,
00-0034527,Ryan Neal,DB,25.463,6.432,2134,6.168,44.1,0,
00-0039753,Beaux Limmer,OL,24.51,6.088,1025,6.247,44.1,1,C
00-0039459,Theo Benedet,OL,27.277,7.002,557,6.271,44.1,1,C
00-0039422,Nathan Thomas,OL,27.989,7.242,316,6.263,44.1,1,C
00-0031619,Christian Covington,DL,24.774,6.74,2447,4.554,44.0,0,
00-0027902,Dez Bryant,WR,24.811,6.921,1687,4.047,44.0,0,
00-0029572,Jarius Wright,WR,25.018,6.995,1599,4.032,44.0,0,
00-0030519,Will Davis,DB,24.976,8.333,52,-0.024,44.0,0,
00-0029940,T.J. Barnes,DL,24.943,8.333,62,-0.057,44.0,0,
00-0033477,LaTroy Lewis,LB,24.928,8.333,56,-0.072,44.0,0,
00-0031929,Carlos Thompson,LB,24.861,8.333,55,-0.139,44.0,0,
00-0034372,Joel Iyiegbuniwe,LB,24.853,8.333,55,-0.147,44.0,0,
00-0035311,Myles Gaskin,RB,25.025,7.202,1133,3.42,44.0,1,B
00-0034992,Armon Watts,DL,24.377,6.612,1966,4.54,44.0,0,
00-0035802,Darrion Daniels,DL,24.988,8.333,63,-0.012,44.0,0,
00-0036065,Auzoyah Alufohai,DL,24.714,8.333,60,-0.286,44.0,0,
00-0037073,Jordan Davis,DL,22.409,5.951,1912,4.556,44.0,1,B
00-0035754,Jonathan Kongbo,DL,23.767,8.333,53,-1.233,44.0,0,
00-0036462,Innis Gaines,DB,24.8,8.333,51,-0.2,44.0,0,
00-0039112,Lukas Van Ness,LB,25.62,6.692,1136,5.543,44.0,1,B
00-0038865,Andrew Farmer II,LB,24.364,8.333,52,-0.636,44.0,0,
00-0039861,Tyler Nubin,DB,24.975,6.285,1488,6.12,44.0,1,B
00-0040735,Luther Burden III,WR,24.482,6.818,475,4.028,44.0,1,B
00-0040706,Walter Nolen,DL,28.123,8.05,157,3.972,44.0,1,B
00-0028075,Buster Skrine,DB,25.116,6.341,3800,6.093,43.9,0,
00-0031632,Denzelle Good,OL,24.904,6.241,2378,6.18,43.9,0,
00-0030562,Desmond Trufant,DB,25.078,6.326,3561,6.101,43.9,0,
00-0029278,Joe Looney,OL,25.04,6.281,2200,6.197,43.9,0,
00-0029570,Nate Ebner,DB,24.911,8.333,52,-0.089,43.9,0,
00-0029144,Tom Compton,OL,24.466,6.089,2422,6.2,43.9,0,
00-0026327,John Sullivan,OL,25.321,6.383,2169,6.171,43.9,0,
00-0033776,Gimel President,LB,25.011,8.333,57,0.011,43.9,0,
00-0035245,Max Scharping,OL,24.284,6.037,2337,6.173,43.9,0,
00-0034104,Cam Sims,WR,24.379,6.794,1339,3.996,43.9,0,
00-0028149,Bruce Miller,RB,24.763,8.333,57,-0.237,43.9,0,
00-0036405,Chris Williamson,DB,24.562,8.333,50,-0.438,43.9,0,
00-0039151,Emmanuel Forbes,DB,25.361,6.423,1467,6.091,43.9,1,B
00-0038783,Nate Adkins,TE,25.527,6.962,686,4.643,43.9,1,B
00-0039338,Brock Bowers,TE,22.143,5.83,1471,4.652,43.9,1,B
00-0039720,Taki Taimani,DL,27.093,8.287,97,2.233,43.9,1,B
00-0037414,Devin Cochran,OL,28.419,7.954,140,4.556,43.9,0,
00-0040643,Jonas Sanker,DB,26.577,6.827,916,6.094,43.9,1,B
00-0040527,Sebastian Castro,DB,26.59,8.117,72,2.239,43.9,1,B
00-0031427,Todd Davis,LB,25.437,6.656,3048,5.471,43.8,0,
00-0024221,Vernon Davis,TE,24.979,6.794,1973,4.597,43.8,0,
00-0027958,Adrian Clayborn,DL,25.485,7.0,2457,4.486,43.8,0,
00-0031740,Neville Hewitt,LB,25.367,6.63,3030,5.476,43.8,1,C
00-0031957,Rakeem Nunez-Roches,DL,22.066,5.857,3817,4.494,43.8,1,B
00-0033011,Connor McGovern,OL,20.718,4.852,5936,6.161,43.8,0,
00-0033900,Obi Melifonwu,DB,24.966,8.333,53,-0.034,43.8,0,
00-0034256,Da'Mari Scott,WR,25.176,8.333,54,0.176,43.8,0,
00-0034959,Andrew Beck,RB,24.699,7.116,967,3.349,43.8,1,B
00-0036118,Jovante Moffatt,DB,24.626,8.333,51,-0.374,43.8,0,
00-0036906,Khalil Herbert,RB,23.832,6.829,1104,3.345,43.8,1,B
00-0035830,J.R. Reed,DB,24.871,8.333,53,-0.129,43.8,0,
00-0037323,Rodney Thomas,DB,26.102,6.683,1844,6.051,43.8,1,B
00-0038605,JL Skinner,DB,24.312,8.325,50,-0.662,43.8,1,B
00-0038630,Cooper Hodges,OL,24.555,8.275,61,-0.271,43.8,0,
00-0038359,Xavier Smith,WR,26.587,7.538,261,3.972,43.8,1,B
00-0040242,Jacory Croskey-Merritt,RB,25.702,7.444,381,3.37,43.8,1,B
00-0040577,Jalon Walker,LB,27.255,7.268,466,5.45,43.8,1,C
00-0039362,Giovanni Manu,OL,24.812,8.236,64,0.103,43.8,1,C
00-0023894,Donald Penn,OL,24.948,6.272,2796,6.132,43.7,0,
00-0028024,Allen Bailey,DL,24.816,6.79,2587,4.446,43.7,0,
00-0030621,Michael Ola,OL,24.986,8.333,64,-0.014,43.7,0,
00-0029139,Adam Gettis,OL,24.913,8.333,64,-0.087,43.7,0,
00-0030556,Leon McFadden,DB,24.943,8.333,54,-0.057,43.7,0,
00-0033951,Marlon Mack,RB,24.544,7.079,1382,3.308,43.7,0,
00-0033719,Shane Smith,RB,24.879,8.333,60,-0.121,43.7,0,
00-0032459,Aaron Neary,OL,24.815,8.333,63,-0.185,43.7,0,
00-0035537,Ty Johnson,RB,21.452,6.045,1806,3.318,43.7,1,B
00-0034887,Alexander Johnson,LB,25.565,6.713,2040,5.426,43.7,0,
00-0036407,Jerry Jeudy,WR,17.776,4.619,4356,3.919,43.7,1,C
00-0035313,Terry Godwin,WR,24.618,8.333,50,-0.382,43.7,0,
00-0036503,Hamsah Nasirildeen,LB,24.962,8.333,59,-0.038,43.7,0,
00-0034522,KC McDermott,OL,24.881,8.333,63,-0.119,43.7,0,
00-0037382,Brandon Johnson,WR,26.459,7.504,537,3.947,43.7,0,
00-0028142,Virgil Green,TE,24.591,6.69,2151,4.523,43.6,0,
00-0029284,Mike Daniels,DL,25.307,6.968,2367,4.402,43.6,0,
00-0031940,Geneo Grissom,DL,24.943,8.333,67,-0.057,43.6,0,
00-0036278,Jason Huntley,RB,24.726,8.333,59,-0.274,43.6,0,
00-0036725,Andre Mintze,LB,25.056,8.333,61,0.056,43.6,0,
00-0036788,Jack Heflin,DL,24.549,8.33,63,-0.441,43.6,1,B
00-0037257,David Bell,WR,25.233,7.109,748,3.907,43.6,0,
00-0038102,Kenny Pickett,QB,23.73,2.216,1592,17.083,43.6,1,C
00-0039603,British Brooks,RB,25.136,8.143,71,0.709,43.6,1,B
00-0039681,Tyler Owens,DB,25.925,8.212,66,1.288,43.6,1,B
00-0039830,Dylan McMahon,OL,24.468,8.127,66,0.087,43.6,0,
00-0040076,Aeneas Peebles,DL,24.694,8.217,67,0.042,43.6,1,B
00-0031947,Tyeler Davison,DL,24.267,6.625,2889,4.393,43.5,0,
00-0031729,Thurston Armbrister,LB,24.988,8.333,61,-0.012,43.5,0,
00-0027547,Marcus Sherels,DB,24.878,8.333,55,-0.122,43.5,0,
00-0032448,Stephen Weatherly,DL,25.886,7.164,1683,4.393,43.5,0,
00-0036241,Bryce Hall,DB,26.004,6.681,1775,5.96,43.5,0,
00-0037270,Otito Ogbonnia,DL,25.309,6.977,997,4.378,43.5,1,B
00-0038935,Brenton Strange,TE,22.26,5.922,1428,4.494,43.5,1,B
00-0039816,Anthony Gould,WR,25.22,8.23,60,0.529,43.5,1,C
00-0040069,Teddye Buchanan,LB,27.239,7.301,624,5.335,43.5,1,C
00-0040722,Mike Green,LB,27.132,7.259,671,5.355,43.5,1,C
00-0027965,Jimmy Smith,DB,25.726,6.601,2923,5.922,43.4,0,
00-0022161,Terrell Suggs,LB,25.265,6.655,2944,5.3,43.4,0,
00-0031339,Donte Moncrief,WR,24.484,6.882,1970,3.838,43.4,0,
00-0027010,Patrick Chung,DB,25.388,6.485,3793,5.933,43.4,0,
00-0026280,Brandon Carr,DB,25.66,6.578,3599,5.926,43.4,0,
00-0032552,Adairius Barnes,DB,24.966,8.333,57,-0.034,43.4,0,
00-0028702,Chris Matthews,WR,24.986,8.333,56,-0.014,43.4,0,
00-0034440,Justin Jackson,RB,25.816,7.534,812,3.215,43.4,0,
00-0035346,Nik Needham,DB,25.955,6.672,2199,5.939,43.4,0,
00-0036266,Jordan Elliott,DL,21.84,5.825,2792,4.364,43.4,1,B
00-0036412,KJ Hamler,WR,25.461,7.216,794,3.814,43.4,0,
00-0038043,Joshua Williams,DB,25.996,6.69,1314,5.927,43.4,1,B
00-0037156,Irvin Charles,WR,24.929,8.333,55,-0.071,43.4,0,
00-0029560,Dre Kirkpatrick,DB,25.108,6.412,3593,5.871,43.3,0,
00-0034364,Jordan Akins,TE,22.472,6.019,2735,4.416,43.3,0,
00-0032484,Vontarrius Dora,LB,24.81,8.333,61,-0.19,43.3,0,
00-0035172,Shakial Taylor,DB,24.876,8.333,57,-0.124,43.3,0,
00-0034922,Ishmael Hyman,WR,24.797,8.333,55,-0.203,43.3,0,
00-0037742,Treylon Burks,WR,22.356,6.19,1215,3.787,43.3,1,C
00-0037545,Rashid Shaheed,WR,20.37,5.529,1912,3.784,43.3,1,C
00-0039807,Max Melton,DB,26.085,6.728,932,5.9,43.3,1,B
00-0039792,Devontez Walker,WR,27.472,7.889,194,3.806,43.3,1,C
00-0039382,Christian Jones,OL,24.733,8.27,68,-0.077,43.3,0,
00-0023516,Richie Incognito,OL,24.9,6.314,2858,5.958,43.2,0,
00-0030041,Nickell Robey-Coleman,DB,25.486,6.543,3141,5.855,43.2,0,
00-0026839,Jermey Parnell,OL,25.028,6.36,2908,5.948,43.2,0,
00-0029890,Mike Purcell,DL,24.466,6.727,2116,4.285,43.2,0,
00-0032543,Alex Erickson,WR,23.938,6.73,1750,3.748,43.2,0,
00-0029010,Ronald Leary,OL,24.936,6.328,2555,5.951,43.2,0,
00-0033693,Carroll Phillips,DL,24.976,8.333,71,-0.024,43.2,0,
00-0035270,Amani Oruwariye,DB,24.305,6.151,2753,5.853,43.2,0,
00-0035572,Parker Hesse,TE,25.572,7.056,823,4.405,43.2,0,
00-0036505,Jonathan Marshall,DL,25.039,8.333,72,0.039,43.2,0,
00-0037570,Dennis Houston,WR,24.668,8.333,55,-0.332,43.2,0,
00-0039390,Marcellas Dial Jr.,DB,25.445,8.333,62,0.445,43.2,0,
00-0040741,Shemar Turner,DL,24.564,8.164,72,0.072,43.2,1,B
00-0040151,Charles Grant,OL,22.354,8.132,56,-2.041,43.2,1,C
00-0040311,Theo Wease Jr.,WR,23.761,8.23,50,-0.93,43.2,1,C
00-0031177,Brent Urban,DL,23.704,6.491,2589,4.231,43.1,1,B
00-0032437,Kamu Grugier-Hill,LB,24.563,6.447,2564,5.223,43.1,0,
00-0029641,Tyrone Crawford,DL,25.184,6.98,2411,4.244,43.1,0,
00-0033087,Marquis Bundy,WR,24.923,8.333,58,-0.077,43.1,0,
00-0034816,Ronald Jones,RB,24.318,7.068,1190,3.112,43.1,0,
00-0034533,Trayvon Henderson,DB,24.958,8.333,59,-0.042,43.1,0,
00-0035383,Nate Herbig,OL,23.728,5.938,2124,5.913,43.1,0,
00-0035816,Niko Lalos,DL,24.482,8.333,67,-0.518,43.1,0,
00-0038841,Nick Whiteside,DB,25.054,8.278,61,0.221,43.1,1,B
00-0039568,Frank Crum,OL,24.518,8.173,70,-0.0,43.1,1,C
00-0039878,Edefuan Ulofoshio,LB,24.292,8.289,60,-0.575,43.1,0,
00-0031386,Greg Robinson,OL,25.031,6.377,2468,5.901,43.0,0,
00-0029709,Ty Nsekhe,OL,25.422,6.513,1990,5.882,43.0,0,
00-0031688,Denzel Rice,DB,24.781,8.333,59,-0.219,43.0,0,
00-0034090,Skai Moore,LB,25.0,8.333,66,-0.0,43.0,0,
00-0034370,DaeSean Hamilton,WR,24.066,6.796,1558,3.679,43.0,0,
00-0034509,Keith Ford,RB,24.751,8.333,65,-0.249,43.0,0,
00-0035062,Sam Mustipher,OL,22.493,5.538,2892,5.878,43.0,1,C
00-0040404,Payton Page,DL,22.313,8.272,53,-2.503,43.0,1,B
00-0032955,Kyler Fackrell,LB,25.297,6.717,2569,5.147,42.9,0,
00-0032389,Mackensie Alexander,DB,25.044,6.43,2762,5.754,42.9,0,
00-0030542,Terrance Williams,WR,25.118,7.15,1440,3.667,42.9,0,
00-0031590,Jay Ajayi,RB,24.872,7.283,1301,3.024,42.9,0,
00-0027861,C.J. Spiller,RB,24.938,8.333,68,-0.062,42.9,0,
00-0027953,Mike Pouncey,OL,25.066,6.407,2531,5.845,42.9,0,
00-0033541,Taco Charlton,DL,26.785,7.538,1514,4.172,42.9,0,
00-0033965,Adam Bisnowaty,OL,24.895,8.333,72,-0.105,42.9,0,
00-0034130,Linden Stephens,DB,24.808,8.333,60,-0.192,42.9,0,
00-0036076,Chauncey Rivers,LB,24.665,8.333,64,-0.335,42.9,0,
00-0038092,Erik Ezukanma,WR,24.477,8.333,55,-0.523,42.9,0,
00-0040342,Danny Striggow,DL,27.469,8.106,141,3.151,42.9,1,C
00-0039817,Jacob Monk,OL,21.951,8.18,55,-2.589,42.9,1,C
00-0039383,Jaylin Simpson,DB,24.606,8.294,59,-0.277,42.9,1,B
00-0029412,Vinny Curry,DL,24.943,6.938,2334,4.129,42.8,0,
00-0032891,Daryl Worley,DB,24.485,6.261,3924,5.701,42.8,0,
00-0032470,Steve Longa,LB,24.79,8.333,66,-0.21,42.8,0,
00-0029664,Josh Gordon,WR,24.436,6.942,1524,3.61,42.8,0,
00-0034804,Brian Allen,OL,23.78,5.984,2080,5.826,42.8,0,
00-0034414,Boston Scott,RB,24.662,7.228,1049,2.978,42.8,0,
00-0036213,Raekwon Davis,DL,23.357,6.406,2318,4.138,42.8,0,
00-0035924,Jonathan Ward,RB,24.633,8.333,66,-0.367,42.8,0,
00-0036596,Robert Jones,OL,22.44,5.542,2029,5.812,42.8,0,
00-0036968,Brady Christensen,OL,23.403,5.865,2104,5.808,42.8,1,C
00-0038101,Akayleb Evans,DB,26.174,6.82,1069,5.714,42.8,1,B
00-0036202,Dieter Eiselen,OL,24.015,8.333,66,-0.985,42.8,0,
00-0039299,George Holani,RB,25.003,8.024,84,0.932,42.8,1,B
00-0040037,Jamon Johnson,LB,24.437,8.289,64,-0.43,42.8,1,C
00-0027675,Ed Dickson,TE,25.198,6.995,1648,4.212,42.7,0,
00-0024331,Stephen Tulloch,LB,24.974,8.333,68,-0.026,42.7,0,
00-0026293,Matthew Slater,WR,25.004,8.333,62,0.004,42.7,0,
00-0032760,Josh Doctson,WR,24.469,6.959,1553,3.591,42.7,0,
00-0031734,Chris Reed,OL,24.504,6.238,2234,5.79,42.7,0,
00-0033373,Taquan Mizzell,RB,24.947,8.333,70,-0.053,42.7,0,
00-0034355,M.J. Stewart,DB,26.629,6.983,1866,5.681,42.7,1,C
00-0034660,Rico Gafford,WR,24.855,8.333,60,-0.145,42.7,0,
00-0039450,Isaac Ukwu,DL,23.987,8.333,66,-1.013,42.7,0,
00-0040726,Anthony Belton,OL,26.235,6.823,526,5.768,42.7,1,C
00-0040146,Wyatt Milum,OL,26.376,8.112,99,2.039,42.7,1,C
00-0034655,Nick DeLuca,LB,24.933,8.333,69,-0.067,42.6,0,
00-0035222,Zach Gentry,TE,24.569,6.8,1088,4.169,42.6,0,
00-0035656,Khalen Saunders,DL,23.13,6.349,2106,4.083,42.6,1,C
00-0035085,Randy Ramsey,LB,24.912,8.333,69,-0.088,42.6,0,
00-0036884,Marco Wilson,DB,24.571,6.308,2407,5.648,42.6,1,C
00-0036230,Prince Tega Wanogho,OL,24.751,8.333,73,-0.249,42.6,0,
00-0037055,Lance McCutcheon,WR,23.862,8.333,53,-1.138,42.6,0,
00-0037404,Ryan Van Demark,OL,27.941,7.4,501,5.741,42.6,1,C
00-0038389,Israel Abanikanda,RB,25.256,8.333,75,0.256,42.6,0,
00-0039692,Dell Pettus,DB,29.203,7.859,462,5.627,42.6,1,C
00-0026901,Mike Wallace,WR,24.957,7.149,1574,3.51,42.5,0,
00-0030471,Shawn Williams,DB,25.42,6.61,3535,5.591,42.5,0,
00-0032244,Jamon Brown,OL,25.099,6.465,2539,5.705,42.5,0,
00-0027873,Jermaine Gresham,TE,25.142,6.997,1875,4.152,42.5,0,
00-0027925,James Develin,RB,25.157,7.427,1254,2.875,42.5,0,
00-0030300,Jaron Brown,WR,24.421,6.971,1660,3.508,42.5,0,
00-0031310,Devin Street,WR,25.01,8.333,64,0.01,42.5,0,
00-0029942,Marcus Burley,DB,25.025,8.333,65,0.025,42.5,0,
00-0035530,Khari Willis,DB,25.311,6.575,1988,5.586,42.5,0,
00-0035298,Scott Miller,WR,22.153,6.214,1691,3.512,42.5,1,C
00-0036363,Josh Jones,OL,23.883,6.052,1969,5.726,42.5,1,C
00-0035187,Austin Walter,RB,24.371,8.333,65,-0.629,42.5,0,
00-0037321,Chase Lucas,DB,26.807,7.98,99,2.868,42.5,1,C
00-0037521,Tayler Hawkins,DB,24.647,8.333,62,-0.353,42.5,0,
00-0039757,Terrell Jennings,RB,23.942,8.256,63,-0.827,42.5,1,C
00-0040238,LeQuint Allen Jr.,RB,25.671,7.601,245,2.867,42.5,1,C
00-0040020,Micah Robinson,DB,24.103,8.259,60,-0.673,42.5,1,C
00-0040033,Johnathan Baldwin,DB,24.594,8.29,63,-0.277,42.5,1,C
00-0024389,Delanie Walker,TE,24.816,6.902,1684,4.11,42.4,0,
00-0030063,Johnathan Hankins,DL,21.509,5.837,4795,3.997,42.4,0,
00-0030404,Chris Thompson,RB,24.368,7.175,1515,2.842,42.4,0,
00-0032756,Channing Ward,DL,24.953,8.333,79,-0.047,42.4,0,
00-0031017,Dakota Dozier,OL,25.565,6.63,1828,5.673,42.4,0,
00-0033316,Lorenzo Jerome,DB,24.929,8.333,65,-0.071,42.4,0,
00-0031919,Kurtis Drummond,DB,24.939,8.333,65,-0.061,42.4,0,
00-0034499,Jawill Davis,WR,24.892,8.333,63,-0.108,42.4,0,
00-0032751,Cassanova McKinzy,LB,24.944,8.333,71,-0.056,42.4,0,
00-0035985,David Moa,DL,25.006,8.333,80,0.006,42.4,0,
00-0036664,Will Bradley-King,DL,24.847,8.333,78,-0.153,42.4,0,
00-0037831,Nick Zakelj,OL,28.839,8.025,183,4.764,42.4,1,C
00-0035100,Jake Browning,QB,23.224,2.133,648,16.825,42.4,1,C
00-0038488,Brady Russell,RB,25.824,8.281,89,0.982,42.4,1,C
00-0037544,Nephi Sewell,LB,27.293,8.19,111,2.723,42.4,0,
00-0039363,Isaac Guerendo,RB,26.691,7.95,215,2.842,42.4,0,
00-0037799,Dondrea Tillman,LB,25.905,6.981,699,4.962,42.4,1,C
00-0039400,Zion Logue,DL,25.463,8.205,91,0.848,42.4,1,C
00-0039828,Walter Rouse,OL,24.883,8.078,84,0.647,42.4,1,C
00-0040174,Cam Jackson,DL,24.488,8.153,80,0.029,42.4,1,C
00-0027378,Chris Maragos,DB,24.965,8.333,66,-0.035,42.3,0,
00-0029165,Tony Jerod-Eddie,DL,24.977,8.333,80,-0.023,42.3,0,
00-0031225,Julius Warmsley,DL,24.976,8.333,80,-0.024,42.3,0,
00-0029269,Travis Benjamin,WR,24.732,7.09,1598,3.463,42.3,0,
00-0030288,Rex Burkhead,RB,23.069,6.749,1759,2.821,42.3,0,
00-0030148,Damion Square,DL,25.49,7.176,2086,3.961,42.3,0,
00-0030549,Tyler Eifert,TE,25.054,6.994,1611,4.072,42.3,0,
00-0034750,Rashaad Penny,RB,25.203,7.468,784,2.798,42.3,0,
00-0034668,Aaron Stinnie,OL,24.147,6.167,1341,5.646,42.3,1,C
00-0036357,Henry Ruggs III,WR,24.687,7.074,866,3.464,42.3,0,
00-0040746,Nic Scourton,LB,24.855,6.64,724,4.934,42.3,1,C
00-0030401,Kiko Alonso,LB,25.416,6.841,3185,4.894,42.2,0,
00-0028172,Andrew Gachkar,LB,24.974,8.333,73,-0.026,42.2,0,
00-0032403,Juston Burris,DB,26.268,6.929,2231,5.48,42.2,0,
00-0026998,Percy Harvin,WR,25.014,8.333,66,0.014,42.2,0,
00-0033539,Jarrad Davis,LB,24.468,6.534,3005,4.866,42.2,0,
00-0033841,Blair Brown,LB,24.963,8.333,73,-0.037,42.2,0,
00-0037537,Lewis Kidd,OL,24.624,8.333,76,-0.376,42.2,0,
00-0039454,Beanie Bishop Jr.,DB,27.986,7.5,523,5.487,42.2,0,
00-0039808,Isaiah Adams,OL,24.378,6.25,1149,5.628,42.2,1,C
00-0037752,Tycen Anderson,DB,24.65,8.322,65,-0.315,42.2,1,C
00-0039421,Levi Drake Rodriguez,DL,26.662,7.573,441,3.942,42.2,1,C
00-0040666,Omarion Hampton,RB,24.424,7.215,359,2.78,42.2,1,C
00-0040128,Tyler Warren,TE,23.054,6.339,844,4.036,42.2,1,B
00-0040662,Ty Robinson,DL,25.236,8.164,92,0.744,42.2,1,C
00-0040259,Gage Larvadain,WR,27.452,8.012,179,3.415,42.2,1,C
00-0040587,Drew Kendall,OL,24.654,8.142,82,0.227,42.2,1,C
00-0027957,Prince Amukamara,DB,25.552,6.696,3385,5.463,42.1,0,
00-0031309,Telvin Smith,LB,25.469,6.876,2945,4.841,42.1,0,
00-0029701,Ryan Tannehill,QB,24.741,2.66,5339,16.759,42.1,0,
00-0030196,Jeff Heath,DB,25.332,6.621,3286,5.469,42.1,0,
00-0033285,Daeshon Hall,DL,24.898,8.333,82,-0.102,42.1,0,
00-0033917,Tarell Basham,LB,25.53,6.892,2285,4.854,42.1,0,
00-0034763,Brandon Parker,OL,24.06,6.157,2150,5.588,42.1,0,
00-0034958,Tyree St. Louis,OL,24.536,8.333,76,-0.464,42.1,0,
00-0037258,Dameon Pierce,RB,23.592,6.951,923,2.74,42.1,1,C
00-0038663,Starling Thomas V,DB,25.347,6.631,1227,5.453,42.1,0,
00-0028039,Clint Boling,OL,24.828,6.425,2714,5.552,42.0,0,
00-0032068,Malcolm Johnson,RB,25.006,8.333,78,0.006,42.0,0,
00-0024421,Antoine Bethea,DB,25.234,6.605,3856,5.42,42.0,0,
00-0032414,John Theus,OL,24.955,8.333,81,-0.045,42.0,0,
00-0034838,Royce Freeman,RB,23.6,6.96,1427,2.72,42.0,0,
00-0033474,Gehrig Dieter,WR,24.874,8.333,66,-0.126,42.0,0,
00-0034395,Daurice Fountain,WR,24.672,8.333,64,-0.328,42.0,0,
00-0038738,Hunter Luepke,RB,24.02,7.11,643,2.689,42.0,1,C
00-0039921,Trey Benson,RB,26.205,7.837,247,2.695,42.0,1,C
00-0039895,Mike Hall Jr.,DL,26.555,7.56,388,3.874,42.0,1,C
00-0040157,Barrett Carter,LB,25.826,7.004,746,4.815,42.0,1,C
00-0040640,Ashton Gillotte,DL,26.286,7.477,455,3.855,42.0,1,C
00-0040212,Branson Taylor,OL,22.394,8.125,66,-1.982,42.0,1,C
00-0030656,Isaiah Crowell,RB,24.721,7.353,1382,2.664,41.9,0,
00-0027866,Earl Thomas,DB,26.029,6.881,2637,5.385,41.9,0,
00-0031269,T.J. Carrie,DB,25.247,6.615,3399,5.402,41.9,0,
00-0031332,Fitzgerald Toussaint,RB,24.932,8.333,78,-0.068,41.9,0,
00-0033898,Justin Evans,DB,26.606,7.076,1788,5.38,41.9,0,
00-0033662,Cooper Rush,QB,22.646,1.98,1138,16.706,41.9,1,C
00-0034276,Simeon Thomas,DB,24.86,8.333,69,-0.14,41.9,0,
00-0036852,D'Ante Smith,OL,24.061,8.333,74,-0.939,41.9,0,
00-0038941,Tyler Scott,WR,26.13,7.608,437,3.307,41.9,0,
00-0039623,Mason Tipton,WR,24.525,7.07,619,3.314,41.9,1,C
00-0039749,Tyler Davis,DL,24.006,6.724,873,3.836,41.9,1,C
00-0040738,Demetrius Knight Jr.,LB,25.86,7.025,758,4.784,41.9,1,C
00-0040329,BJ Green II,DL,25.742,8.274,98,0.918,41.9,1,C
00-0029587,Rhett Ellison,TE,24.942,7.016,1598,3.894,41.8,0,
00-0030312,Jahleel Addae,DB,25.191,6.617,3385,5.34,41.8,0,
00-0030487,Tharold Simon,DB,25.023,8.333,71,0.023,41.8,0,
00-0036989,Malcolm Koonce,DL,25.86,7.362,1056,3.774,41.8,1,C
00-0037373,Zyon Gilbert,DB,25.01,8.333,71,0.01,41.8,0,
00-0038423,Jalen Harris,DL,24.226,8.333,77,-0.774,41.8,0,
00-0040138,Jaylin Noel,WR,25.919,7.545,289,3.284,41.8,1,C
00-0029854,C.J. Anderson,RB,25.253,7.548,1139,2.608,41.7,0,
00-0031923,Greg Mancz,OL,25.101,6.551,2390,5.448,41.7,0,
00-0026564,Steve McLendon,DL,25.198,7.142,2428,3.772,41.7,0,
00-0033103,Artie Burns,DB,26.144,6.939,2800,5.326,41.7,0,
00-0034449,Buddy Howell,RB,24.777,8.333,77,-0.223,41.7,0,
00-0035104,Alexander Hollins,WR,24.782,8.333,68,-0.218,41.7,0,
00-0036247,Freddie Swain,WR,24.241,7.005,1026,3.227,41.7,0,
00-0036888,Damar Hamlin,DB,23.753,6.15,1884,5.304,41.7,1,C
00-0039034,Peter Skoronski,OL,20.298,4.947,2829,5.458,41.7,1,C
00-0039911,Chop Robinson,LB,26.264,7.193,927,4.684,41.7,1,C
00-0037088,Doug Kramer,OL,23.857,8.333,74,-1.142,41.7,0,
00-0040748,Omarr Norman-Lott,DL,22.883,8.215,69,-1.763,41.7,1,C
00-0032972,Devontae Booker,RB,23.279,6.904,1782,2.566,41.6,0,
00-0030449,Margus Hunt,DL,24.945,7.07,2541,3.735,41.6,0,
00-0027002,Clay Matthews,LB,25.411,6.918,2534,4.659,41.6,0,
00-0030089,Luke Willson,TE,25.08,7.08,1481,3.84,41.6,0,
00-0031346,Justin Ellis,DL,25.076,7.117,2017,3.723,41.6,0,
00-0033460,John Ross,WR,24.565,7.124,1259,3.194,41.6,0,
00-0033950,Wayne Gallman,RB,25.142,7.522,1009,2.575,41.6,0,
00-0031676,Joey Mbu,DL,24.937,8.333,87,-0.063,41.6,0,
00-0033573,Shelton Gibson,WR,25.039,8.333,72,0.039,41.6,0,
00-0035334,Kevin Strong,DL,25.451,7.243,1147,3.721,41.6,0,
00-0035223,Ulysees Gilbert,LB,24.815,8.333,77,-0.185,41.6,0,
00-0036641,Richard LeCounte,DB,25.031,8.333,73,0.031,41.6,0,
00-0037815,Cameron Thomas,DL,25.791,7.359,913,3.715,41.6,1,C
00-0038685,Chris Brooks,RB,24.818,7.419,424,2.56,41.6,1,C
00-0040255,Adin Huntington,DL,26.623,7.863,162,3.035,41.6,1,C
00-0038620,Erick Hallett,DB,27.793,7.953,139,3.935,41.6,1,C
00-0024239,Johnathan Joseph,DB,25.144,6.633,3216,5.244,41.5,0,
00-0032776,Deiondre' Hall,DB,24.909,8.333,73,-0.091,41.5,0,
00-0032136,Lorenzo Doss,DB,25.042,8.333,74,0.042,41.5,0,
00-0026393,Marcel Reece,RB,24.996,8.333,82,-0.004,41.5,0,
00-0033845,Dominique Hatfield,DB,24.958,8.333,73,-0.042,41.5,0,
00-0035645,Gunner Olszewski,WR,26.573,7.802,573,3.167,41.5,1,C
00-0035579,Tuzar Skipper,LB,25.036,8.333,80,0.036,41.5,0,
00-0035147,Rashad Fenton,DB,25.839,6.87,1658,5.228,41.5,0,
00-0035219,Isaiah Buggs,DL,25.243,7.188,1344,3.678,41.5,0,
00-0035184,Devine Ozigbo,RB,24.891,8.333,81,-0.109,41.5,0,
00-0035341,Trenton Irwin,WR,23.366,6.734,951,3.164,41.5,0,
00-0036317,Arlington Hambright,OL,24.284,8.333,80,-0.716,41.5,0,
00-0036983,Kendrick Green,OL,25.024,6.547,1278,5.383,41.5,0,
00-0036903,Bobby Brown III,DL,23.377,6.566,1344,3.68,41.5,1,C
00-0037612,Evan Neal,OL,23.42,6.017,1676,5.369,41.5,0,
00-0037827,Tyrion Davis-Price,RB,24.634,8.333,77,-0.366,41.5,0,
00-0038634,Nesta Jade Silvera,DL,25.005,8.333,89,0.005,41.5,0,
00-0038587,Jammie Robinson,DB,25.177,8.325,75,0.201,41.5,1,C
00-0038489,Ben VanSumeren,RB,23.901,8.333,69,-1.099,41.5,0,
00-0039814,Erick All,TE,27.076,7.754,228,3.814,41.5,0,
00-0039345,Renardo Green,DB,23.645,6.139,1539,5.229,41.5,1,C
00-0039733,Ruke Orhorhoro,DL,24.892,7.07,704,3.682,41.5,1,C
00-0038519,Nikko Remigio,WR,23.978,8.32,62,-0.982,41.5,1,C
00-0040185,Marques Sigle,DB,27.241,7.338,451,5.226,41.5,1,C
00-0040489,Greedy Vance,DB,26.065,8.247,87,1.324,41.5,1,C
00-0032967,Vernon Butler,DL,25.021,7.119,2033,3.662,41.4,0,
00-0032143,Danny Shelton,DL,24.311,6.889,2694,3.644,41.4,0,
00-0028825,Terrelle Pryor,WR,25.01,7.288,1485,3.145,41.4,0,
00-0030525,Tavon Austin,WR,24.762,7.212,1629,3.126,41.4,0,
00-0028110,Brandon Fusco,OL,25.089,6.581,2233,5.347,41.4,0,
00-0027674,Jared Veldheer,OL,24.722,6.458,2264,5.348,41.4,0,
00-0031765,Nick Easton,OL,25.3,6.652,2009,5.344,41.4,0,
00-0033387,Jacob Hollister,TE,24.592,6.94,1250,3.772,41.4,0,
00-0033748,Tion Green,RB,25.074,8.333,85,0.074,41.4,0,
00-0033352,Michael Clark,WR,24.812,8.333,71,-0.188,41.4,0,
00-0034253,Dontrell Hilliard,RB,25.816,7.775,564,2.49,41.4,0,
00-0035628,D'Ernest Johnson,RB,24.928,7.477,843,2.496,41.4,1,C
00-0035704,Drew Lock,QB,23.748,2.381,1784,16.605,41.4,1,C
00-0036274,Jeff Okudah,DB,25.397,6.732,1941,5.201,41.4,1,C
00-0036631,Royce Newman,OL,24.052,6.233,1621,5.355,41.4,0,
00-0038585,Cameron Mitchell,DB,26.645,7.152,860,5.189,41.4,1,C
00-0038866,AJ Finley,DB,24.589,8.333,71,-0.411,41.4,0,
00-0038399,Zaire Barnes,LB,24.752,8.156,84,0.284,41.4,1,C
00-0033010,Sheldon Day,DL,24.136,6.835,2033,3.632,41.3,1,C
00-0031380,Darqueze Dennard,DB,25.67,6.831,2714,5.176,41.3,0,
00-0033113,Josh Forrest,LB,24.969,8.333,81,-0.031,41.3,0,
00-0032773,Nick Kwiatkoski,LB,25.837,7.094,2051,4.554,41.3,0,
00-0033528,Jeremy Sprinkle,TE,25.075,7.113,1413,3.738,41.3,0,
00-0035370,Saivion Smith,DB,24.827,8.333,74,-0.173,41.3,0,
00-0036050,Benning Potoa'e,DL,24.811,8.333,89,-0.189,41.3,0,
00-0035771,Mitchell Wilcox,TE,25.04,7.104,819,3.729,41.3,0,
00-0037087,Trestan Ebner,RB,24.412,8.333,76,-0.588,41.3,0,
00-0037051,Elijah Garcia,DL,27.74,8.041,264,3.619,41.3,1,C
00-0039144,Luke Musgrave,TE,22.159,6.146,1087,3.721,41.3,1,C
00-0038958,Markees Watts,LB,24.195,8.325,74,-0.779,41.3,1,C
00-0040699,Will Campbell,OL,23.201,5.968,984,5.299,41.3,1,C
00-0040384,Elijah Simmons,DL,24.073,8.151,86,-0.379,41.3,1,C
00-0031023,Quincy Enunwa,WR,24.897,7.271,1405,3.084,41.2,0,
00-0024061,Tramon Williams,DB,25.582,6.819,3173,5.124,41.2,0,
00-0031263,Avery Williamson,LB,24.666,6.716,3242,4.519,41.2,0,
00-0030472,Jordan Reed,TE,24.819,7.046,1473,3.681,41.2,0,
00-0031300,Trent Murphy,DL,25.109,7.18,2093,3.569,41.2,0,
00-0032227,Jeff Heuerman,TE,25.491,7.26,1413,3.712,41.2,0,
00-0029202,Mike Adams,OL,25.032,8.333,90,0.032,41.2,0,
00-0031982,Cap Capi,DL,24.937,8.333,91,-0.063,41.2,0,
00-0035703,Miles Boykin,WR,23.956,6.96,1367,3.076,41.2,0,
00-0035591,Justin Hollins,LB,25.56,7.01,1535,4.532,41.2,0,
00-0036330,Cameron Dantzler,DB,25.224,6.701,1704,5.12,41.2,0,
00-0038720,Julian Hill,TE,22.952,6.422,1230,3.688,41.2,1,C
00-0038801,Andre Carter II,LB,24.641,8.333,79,-0.359,41.2,0,
00-0039906,Jer'Zhan Newton,DL,24.485,6.965,966,3.589,41.2,1,C
00-0038796,Alex Palczewski,OL,25.128,6.617,793,5.277,41.2,1,C
00-0031306,Russell Bodine,OL,24.969,6.574,2475,5.246,41.1,0,
00-0032426,Alex Collins,RB,24.693,7.442,1114,2.367,41.1,0,
00-0027282,Ben Garland,OL,25.246,6.666,1610,5.247,41.1,0,
00-0031800,Taylor Heinicke,QB,24.663,2.707,2014,16.541,41.1,0,
00-0036329,Ashtyn Davis,DB,23.813,6.237,2230,5.102,41.1,1,C
00-0037331,Zander Horvath,RB,25.12,8.333,88,0.12,41.1,0,
00-0038112,Cam Jurgens,OL,19.728,4.83,2758,5.237,41.1,1,C
00-0039021,Roschon Johnson,RB,23.904,7.173,635,2.384,41.1,1,C
00-0038820,Christian Izien,DB,24.751,6.547,1562,5.109,41.1,1,C
00-0037136,Mario Goodrich,DB,23.93,8.333,68,-1.07,41.1,0,
00-0032596,Brian Poole,DB,24.772,6.574,3628,5.051,41.0,0,
00-0030047,Marquess Wilson,WR,24.916,8.333,75,-0.084,41.0,0,
00-0033584,Elijah Qualls,DL,24.958,8.333,94,-0.042,41.0,0,
00-0033658,Blake Jarwin,TE,24.96,7.114,1122,3.616,41.0,0,
00-0033326,Aviante Collins,OL,24.799,8.333,90,-0.201,41.0,0,
00-0033757,Robert Tonyan,TE,21.992,6.122,2213,3.626,41.0,1,C
00-0033319,Nick Mullens,QB,25.159,2.88,1423,16.52,41.0,1,C
00-0034489,Jalen Tolliver,WR,24.785,8.333,74,-0.215,41.0,0,
00-0035664,Darrell Henderson,RB,22.692,6.781,1366,2.349,41.0,0,
00-0036589,Nick McCloud,DB,24.554,6.498,1511,5.059,41.0,1,C
00-0037269,Eric Johnson,DL,27.042,7.845,653,3.507,41.0,1,C
00-0039158,Blake Freeland,OL,25.765,6.853,682,5.206,41.0,0,
00-0040196,Tyler Baron,DL,23.775,8.172,85,-0.742,41.0,1,C
00-0027825,Jim Dray,TE,24.938,8.333,56,-0.062,40.9,0,
00-0030548,Eric Reid,DB,25.337,6.77,3096,5.026,40.9,0,
00-0025828,Wesley Woodyard,LB,25.302,6.96,2730,4.422,40.9,0,
00-0031782,Eli Rogers,WR,25.056,7.364,1161,2.962,40.9,0,
00-0033642,B.J. Bello,LB,24.948,8.333,85,-0.052,40.9,0,
00-0034766,Chris Herndon,TE,24.522,6.972,1425,3.605,40.9,0,
00-0036430,Khalil Davis,DL,26.858,7.79,713,3.488,40.9,0,
00-0036106,Parnell Motley,DB,24.815,8.333,77,-0.185,40.9,0,
00-0036938,Rashad Weaver,LB,26.316,7.307,850,4.395,40.9,0,
00-0037823,Christian Harris,LB,23.748,6.442,1772,4.42,40.9,1,C
00-0035934,Trishton Jackson,WR,25.284,8.255,84,0.518,40.9,0,
00-0039718,Bo Richter,LB,24.368,8.331,79,-0.627,40.9,1,C
00-0040742,Jonah Savaiinaea,OL,24.868,6.568,942,5.165,40.9,1,C
00-0024217,Reggie Bush,RB,24.988,8.333,89,-0.012,40.8,0,
00-0029689,Dwayne Allen,TE,25.342,7.261,1452,3.558,40.8,0,
00-0032200,Ty Montgomery,WR,24.011,7.03,1558,2.922,40.8,0,
00-0027678,John Jerry,OL,24.872,6.575,2398,5.146,40.8,0,
00-0021547,Antonio Gates,TE,25.13,7.189,1445,3.563,40.8,0,
00-0028570,Taylor Boggs,OL,25.011,8.333,94,0.011,40.8,0,
00-0033549,Duke Riley,LB,24.277,6.631,2229,4.385,40.8,0,
00-0033415,Maurice Smith,DB,24.929,8.333,79,-0.071,40.8,0,
00-0034366,Keke Coutee,WR,25.238,7.436,940,2.929,40.8,0,
00-0035359,David Sills,WR,22.959,6.676,900,2.932,40.8,1,C
00-0037274,Esezi Otomewo,DL,27.437,7.992,347,3.459,40.8,1,C
00-0039006,Felix Anudike-Uzomah,DL,26.693,7.754,553,3.43,40.8,0,
00-0039530,Brevyn Spann-Ford,TE,25.208,7.211,552,3.573,40.8,1,C
00-0038645,Spencer Anderson,OL,25.426,6.763,694,5.136,40.8,1,C
00-0039411,Elijah Klein,OL,23.375,8.143,83,-1.055,40.8,1,C
00-0040124,Tetairoa McMillan,WR,21.509,6.187,939,2.948,40.8,1,C
00-0039923,J.J. McCarthy,QB,22.49,2.007,492,16.467,40.8,1,C
00-0040089,Kevin Knowles,DB,24.568,8.217,79,-0.083,40.8,1,C
00-0029388,Deonte Thompson,WR,24.934,7.351,1235,2.881,40.7,0,
00-0022247,Mike Adams,DB,25.155,6.729,2912,4.97,40.7,0,
00-0028180,Malcolm Smith,LB,25.582,7.084,2279,4.332,40.7,0,
00-0028445,Ron Parker,DB,25.215,6.751,3112,4.962,40.7,0,
00-0031047,Spencer Long,OL,24.918,6.601,2063,5.116,40.7,0,
00-0033347,Josh Tupou,DL,23.969,6.851,1727,3.417,40.7,1,C
00-0032867,Tyler Marz,OL,24.862,8.333,93,-0.138,40.7,0,
00-0035244,Lonnie Johnson,DB,24.521,6.522,2313,4.955,40.7,1,C
00-0036262,DaVon Hamilton,DL,21.179,5.926,2727,3.401,40.7,1,C
00-0035848,De'Michael Harris,WR,25.262,8.333,82,0.262,40.7,0,
00-0035137,Terrell Bonds,DB,24.614,8.333,77,-0.386,40.7,0,
00-0037109,Jack Sanborn,LB,25.097,6.922,1130,4.331,40.7,1,C
00-0037515,Zach VanValkenburg,LB,25.269,8.333,91,0.269,40.7,0,
00-0038791,Thomas Incoom,LB,24.143,8.317,79,-0.807,40.7,1,C
00-0039898,Mike Sainristil,DB,22.532,5.855,2065,4.967,40.7,1,C
00-0039333,Brandon Codrington,DB,24.614,8.332,77,-0.383,40.7,1,C
00-0040752,Oluwafemi Oladejo,DL,27.316,7.968,218,3.412,40.7,1,C
00-0040546,Cobee Bryant,DB,25.573,8.116,94,1.226,40.7,1,C
00-0032117,Nick O'Leary,TE,24.789,7.103,1548,3.48,40.6,0,
00-0030553,Armonty Bryant,DL,24.964,8.333,98,-0.036,40.6,0,
00-0031127,Brandon Dunn,DL,25.39,7.34,1626,3.37,40.6,0,
00-0034349,Kerryon Johnson,RB,24.826,7.542,863,2.202,40.6,0,
00-0034268,J'Mon Moore,WR,24.74,8.333,76,-0.26,40.6,0,
00-0034511,Mike Love,DL,25.012,8.333,99,0.012,40.6,0,
00-0034358,Derrius Guice,RB,24.898,8.333,90,-0.102,40.6,0,
00-0035624,N'Keal Harry,TE,23.865,6.788,1315,3.501,40.6,0,
00-0034994,Olisaemeka Udoh,OL,23.379,6.102,1726,5.072,40.6,1,C
00-0036432,Clay Johnston,LB,24.913,8.333,87,-0.087,40.6,0,
00-0036383,Eno Benjamin,RB,25.812,7.867,420,2.21,40.6,0,
00-0036951,Frank Darby,WR,23.941,8.333,68,-1.059,40.6,0,
00-0037810,Troy Andersen,LB,25.984,7.225,862,4.309,40.6,0,
00-0037286,Kevin Harris,RB,24.301,8.333,81,-0.699,40.6,0,
00-0037475,Stone Smartt,TE,25.477,7.328,618,3.494,40.6,1,C
00-0038578,Jay Ward,DB,28.837,7.971,297,4.923,40.6,1,C
00-0039741,Payton Wilson,LB,23.576,6.42,1215,4.316,40.6,1,C
00-0025446,Ryan Kalil,OL,24.943,6.634,2146,5.04,40.5,0,
00-0028023,Jah Reid,OL,24.884,8.333,96,-0.116,40.5,0,
00-0033234,Chris Odom,DL,24.849,8.333,97,-0.151,40.5,0,
00-0036243,Vernon Scott,DB,24.949,8.333,82,-0.051,40.5,0,
00-0035352,Tyrel Dodson,LB,21.966,5.902,2672,4.261,40.5,1,C
00-0036030,La'Darius Hamilton,LB,24.539,8.333,84,-0.461,40.5,0,
00-0036851,Tyler Shelvin,DL,24.766,8.333,96,-0.234,40.5,0,
00-0036813,Christian Elliss,LB,24.213,6.649,1270,4.265,40.5,1,C
00-0037665,Sam Williams,DL,25.583,7.418,1025,3.329,40.5,1,C
00-0038122,Desmond Ridder,QB,23.452,2.353,1201,16.394,40.5,0,
00-0038797,Emanuel Wilson,RB,23.472,7.1,628,2.172,40.5,1,C
00-0038576,Charlie Jones,WR,25.381,8.286,88,0.524,40.5,1,C
00-0038851,Caleb Murphy,LB,27.719,8.121,158,3.354,40.5,1,C
00-0038561,Siaki Ika,DL,24.955,8.333,99,-0.045,40.5,0,
00-0039737,Tip Reiman,TE,25.3,7.283,516,3.45,40.5,1,C
00-0040694,Darius Alexander,DL,26.406,7.694,353,3.324,40.5,1,C
00-0030084,Jonathan Meeks,DB,24.978,8.333,83,-0.022,40.4,0,
00-0031057,Ka'Deem Carey,RB,24.976,8.333,93,-0.024,40.4,0,
00-0031284,Travis Swanson,OL,24.943,6.645,1994,5.008,40.4,0,
00-0031417,Ja'Wuan James,OL,24.606,6.536,2269,4.998,40.4,0,
00-0029613,Doug Martin,RB,25.289,7.727,916,2.107,40.4,0,
00-0032419,Joe Haeg,OL,24.345,6.449,2722,4.998,40.4,0,
00-0033543,Sidney Jones,DB,25.72,6.957,1706,4.85,40.4,0,
00-0034266,Kenny Young,LB,25.253,7.003,1588,4.244,40.4,0,
00-0033969,Ifeadi Odenigbo,DL,24.922,7.211,1461,3.289,40.4,0,
00-0036560,Tommy Doyle,OL,24.761,8.333,95,-0.239,40.4,0,
00-0037364,Arron Mosby,DL,27.212,8.242,161,2.484,40.4,1,C
00-0038615,Jarrett Patterson,OL,22.261,5.748,1476,5.016,40.4,1,C
00-0038593,Olu Oluwatimi,OL,25.08,6.687,837,5.019,40.4,1,C
00-0037205,Brenden Schooler,DB,26.287,8.333,98,1.29,40.4,1,C
00-0039152,Will Levis,QB,23.122,2.246,1084,16.383,40.4,0,
00-0040197,Dorian Strong,DB,24.529,8.114,85,0.187,40.4,1,C
00-0040179,DJ Giddens,RB,21.029,8.203,57,-3.579,40.4,1,C
00-0040432,Beaux Collins,WR,24.013,8.151,76,-0.439,40.4,1,C
00-0038440,Zavier Scott,RB,24.834,8.159,99,0.358,40.4,1,C
00-0040199,JJ Pegues,DL,26.165,8.223,130,1.495,40.4,1,C
00-0029566,Zach Brown,LB,25.046,6.948,2629,4.203,40.3,0,
00-0027668,Brandon Spikes,LB,24.973,8.333,91,-0.027,40.3,0,
00-0030539,Dwayne Gratz,DB,24.99,8.333,84,-0.01,40.3,0,
00-0027325,LeGarrette Blount,RB,24.618,7.511,1215,2.084,40.3,0,
00-0032888,Karl Joseph,DB,24.792,6.666,3158,4.795,40.3,0,
00-0032269,Henry Anderson,DL,24.776,7.166,2417,3.279,40.3,0,
00-0032192,Daniel Munyer,OL,24.992,8.333,99,-0.008,40.3,0,
00-0033869,Mitchell Trubisky,QB,24.699,2.781,3838,16.356,40.3,1,C
00-0033940,Jaleel Johnson,DL,23.788,6.84,2078,3.267,40.3,0,
00-0034398,Natrell Jamerson,DB,24.855,8.333,82,-0.145,40.3,0,
00-0033949,Joshua Dobbs,QB,23.774,2.473,1085,16.356,40.3,1,C
00-0034101,Matt Flanagan,TE,25.014,8.333,60,0.014,40.3,0,
00-0035094,Bryan Mone,DL,25.548,7.424,987,3.276,40.3,0,
00-0033590,Joey Ivie,DL,25.123,8.333,104,0.123,40.3,0,
00-0035257,Christian Miller,LB,24.764,8.333,88,-0.236,40.3,0,
00-0035538,Emeke Egbule,LB,24.813,8.333,89,-0.187,40.3,0,
00-0034597,Ryan Nall,RB,25.018,8.333,94,0.018,40.3,0,
00-0036427,Tyler Johnson,WR,20.999,6.079,1668,2.761,40.3,1,C
00-0037093,Dareke Young,WR,27.416,8.223,203,2.746,40.3,1,C
00-0037225,Chris Glaser,OL,23.062,8.333,80,-1.938,40.3,0,
00-0040125,Kelvin Banks Jr.,OL,23.63,6.216,1008,4.983,40.3,1,C
00-0023259,Lorenzo Alexander,LB,25.555,7.138,2493,4.14,40.2,0,
00-0029901,Rashaan Melvin,DB,25.212,6.814,2753,4.769,40.2,0,
00-0031016,Ross Cockrell,DB,24.977,6.731,3173,4.784,40.2,0,
00-0032525,Jarrod Wilson,DB,25.069,6.761,2195,4.784,40.2,0,
00-0032973,Zack Sanchez,DB,24.93,8.333,84,-0.07,40.2,0,
00-0031690,Eric Tomlinson,TE,22.932,6.524,1905,3.359,40.2,0,
00-0030001,Joe Vellano,DL,25.004,8.333,103,0.004,40.2,0,
00-0025399,Marshawn Lynch,RB,25.111,7.691,704,2.037,40.2,0,
00-0033222,Deante Burton,DB,24.847,8.333,83,-0.153,40.2,0,
00-0035542,Kemon Hall,DB,24.547,8.182,85,0.001,40.2,1,C
00-0037313,Montaric Brown,DB,23.319,6.177,2049,4.788,40.2,1,C
00-0037603,Jayden Peevy,DL,25.015,8.333,103,0.015,40.2,0,
00-0038383,Andrew Vorhees,OL,23.064,6.041,1167,4.942,40.2,1,C
00-0039332,C.J. Ravenell,DL,23.821,8.217,91,-0.831,40.2,1,C
00-0038703,Kendell Brooks,DB,27.376,7.968,146,3.473,40.2,1,C
00-0032407,Alex Lewis,OL,24.492,6.526,2386,4.914,40.1,0,
00-0030073,Duke Williams,DB,24.983,8.333,85,-0.017,40.1,0,
00-0032251,Damarious Randall,DB,24.697,6.656,3087,4.727,40.1,0,
00-0026142,Chris Long,DL,25.223,7.343,1927,3.194,40.1,0,
00-0032320,Erik Harris,DB,24.218,6.488,2618,4.755,40.1,0,
00-0030670,Bennie Fowler,WR,24.502,7.265,1493,2.708,40.1,0,
00-0033439,Pharaoh Brown,TE,21.804,6.16,2010,3.325,40.1,1,C
00-0034505,Ike Boettger,OL,24.776,6.624,1477,4.905,40.1,0,
00-0030908,Kenny Ladler,DB,24.944,8.333,85,-0.056,40.1,0,
00-0035638,Greedy Williams,DB,27.068,7.445,1285,4.734,40.1,0,
00-0036385,Bopete Keyes,DB,24.73,8.333,83,-0.27,40.1,0,
00-0035928,Eric Banks,DL,23.558,8.333,85,-1.442,40.1,0,
00-0034614,Godwin Igwebuike,RB,25.34,8.333,102,0.34,40.1,0,
00-0038850,TK McLendon Jr.,DL,24.69,8.333,99,-0.31,40.1,0,
00-0040648,Tory Horton,WR,26.031,7.778,210,2.698,40.1,1,C
00-0024348,Kyle Williams,DL,25.336,7.394,2130,3.155,40.0,0,
00-0030547,Denard Robinson,RB,24.984,8.333,97,-0.016,40.0,0,
00-0031130,Christian Jones,LB,24.684,6.86,2483,4.103,40.0,0,
00-0027124,Don Carey,DB,24.933,8.333,86,-0.067,40.0,0,
00-0027607,Ted Larsen,OL,25.075,6.737,1946,4.863,40.0,0,
00-0033896,Adam Shaheen,TE,24.444,7.059,1277,3.268,40.0,0,
00-0033659,Joe Jones,LB,24.986,8.333,94,-0.014,40.0,0,
00-0035695,Trayvon Mullen,DB,25.29,6.867,1879,4.687,40.0,0,
00-0035013,Jon Hilliman,RB,24.861,8.333,95,-0.139,40.0,0,
00-0036086,Rashod Berry,DL,24.511,8.333,98,-0.489,40.0,0,
00-0036892,Alex Leatherwood,OL,24.552,6.56,1136,4.872,40.0,0,
00-0036843,Isaiahh Loudermilk,DL,25.491,7.44,849,3.17,40.0,1,C
00-0039135,Ochaun Mathis,LB,23.377,8.333,78,-1.623,40.0,0,
00-0040168,Que Robinson,LB,26.725,7.914,153,2.983,40.0,1,C
00-0031551,Eddie Goldman,DL,22.977,6.617,2688,3.126,39.9,1,C
00-0027690,Eric Decker,WR,24.939,7.436,1000,2.63,39.9,0,
00-0031299,Jordan Matthews,TE,23.745,6.836,1802,3.235,39.9,0,
00-0027081,Glover Quin,DB,25.349,6.888,2800,4.685,39.9,0,
00-0029690,Trumaine Johnson,DB,25.644,6.994,2756,4.661,39.9,0,
00-0033121,B.J. Goodson,LB,24.794,6.91,2016,4.065,39.9,0,
00-0019596,Tom Brady,QB,25.175,2.969,8272,16.267,39.9,0,
00-0027941,Marcell Dareus,DL,25.691,7.522,1634,3.124,39.9,0,
00-0031950,D.J. Alexander,LB,24.97,8.333,95,-0.03,39.9,0,
00-0029294,Asa Jackson,DB,24.975,8.333,87,-0.025,39.9,0,
00-0032520,Rashod Hill,OL,24.775,6.641,1825,4.853,39.9,0,
00-0034928,Steven Sims,WR,23.613,6.999,1027,2.615,39.9,1,C
00-0034578,Reggie Bonnafon,RB,25.067,8.333,99,0.067,39.9,0,
00-0036866,James Hudson,OL,23.689,6.284,1434,4.838,39.9,1,C
00-0039155,BJ Ojulari,LB,26.26,7.41,567,4.032,39.9,1,C
00-0038920,John Shenker,TE,24.165,8.272,57,-0.651,39.9,0,
00-0039857,Blake Fisher,OL,24.402,6.522,806,4.837,39.9,1,C
00-0039686,Colson Yankoff,TE,26.788,8.148,96,2.344,39.9,1,C
00-0040106,Reuben Lowery,DB,22.76,8.261,70,-2.023,39.9,1,C
00-0027256,Darian Stewart,DB,25.529,6.965,2812,4.633,39.8,0,
00-0030566,D.J. Swearinger,DB,24.881,6.746,3313,4.642,39.8,0,
00-0031331,Pierre Desir,DB,24.584,6.645,2781,4.65,39.8,0,
00-0033792,Rudy Ford,DB,25.142,6.833,1546,4.644,39.8,0,
00-0033611,Ricky Seals-Jones,TE,24.538,7.111,1343,3.205,39.8,0,
00-0033001,Trae Elston,DB,24.967,8.333,88,-0.033,39.8,0,
00-0033464,Jehu Chesson,WR,25.024,8.333,87,0.024,39.8,0,
00-0034357,Isaiah Oliver,DB,22.287,5.882,3686,4.64,39.8,1,C
00-0036255,Denzel Mims,WR,23.647,7.019,955,2.59,39.8,0,
00-0037711,Jeremiah Pharms Jr.,DL,26.177,7.689,556,3.11,39.8,1,C
00-0039821,Andru Phillips,DB,24.236,6.531,1270,4.642,39.8,1,C
00-0039825,Jaden Hicks,DB,25.505,6.953,861,4.646,39.8,1,C
00-0039871,Troy Fautanu,OL,22.831,6.011,1080,4.797,39.8,1,C
00-0026160,Aqib Talib,DB,25.572,6.99,2367,4.603,39.7,0,
00-0027985,Lance Kendricks,TE,24.726,7.188,1612,3.163,39.7,0,
00-0029889,Patrick Omameh,OL,24.789,6.669,2268,4.783,39.7,0,
00-0031951,James O'Shaughnessy,TE,24.101,6.981,1787,3.158,39.7,0,
00-0028240,Kenny Wiggins,OL,24.401,6.539,2272,4.783,39.7,0,
00-0034331,Jaylen Samuels,RB,24.872,7.672,690,1.857,39.7,0,
00-0036829,Caleb Huntley,RB,25.876,8.333,118,0.876,39.7,0,
00-0038612,A.T. Perry,WR,25.901,7.787,333,2.539,39.7,0,
00-0038840,Brycen Tremayne,WR,25.662,7.702,262,2.557,39.7,1,C
00-0040019,Jay Toia,DL,22.642,8.154,85,-1.821,39.7,1,C
00-0040277,Jahdae Walker,WR,23.792,8.096,81,-0.497,39.7,1,C
00-0023564,Darren Sproles,RB,24.567,7.58,863,1.828,39.6,0,
00-0031105,Zach Kerr,DL,25.238,7.403,1703,3.031,39.6,0,
00-0033053,Sean Davis,DB,25.228,6.887,2885,4.568,39.6,0,
00-0030147,Russell Shepard,WR,24.971,7.483,1138,2.522,39.6,0,
00-0028011,Stevan Ridley,RB,24.816,8.333,98,-0.184,39.6,0,
00-0031277,Branden Oliver,RB,24.783,8.333,97,-0.217,39.6,0,
00-0036315,Stantley Thomas-Oliver,DB,24.921,8.333,89,-0.079,39.6,0,
00-0036434,Chapelle Russell,LB,24.675,8.333,94,-0.325,39.6,0,
00-0039401,Khristian Boyd,DL,25.817,8.189,134,1.249,39.6,1,C
00-0040688,Malaki Starks,DB,24.823,6.759,1013,4.547,39.6,1,C
00-0040237,Tez Johnson,WR,23.802,7.099,471,2.506,39.6,1,C
00-0040586,Jaydon Blue,RB,22.04,8.2,69,-2.561,39.6,1,C
00-0031171,Preston Brown,LB,24.788,6.962,2858,3.901,39.5,0,
00-0024334,Brandon Marshall,WR,24.823,7.447,1284,2.483,39.5,0,
00-0021140,Julius Peppers,DL,25.299,7.431,1658,3.005,39.5,0,
00-0029946,Abry Jones,DL,24.712,7.244,2128,2.979,39.5,0,
00-0026201,Martellus Bennett,TE,25.176,7.356,1374,3.108,39.5,0,
00-0027663,Sean Lee,LB,25.346,7.142,2566,3.921,39.5,0,
00-0033838,Trey Edmunds,RB,24.798,8.333,98,-0.202,39.5,0,
00-0035350,Preston Williams,WR,25.146,7.558,870,2.472,39.5,0,
00-0035486,Miles Brown,DL,24.869,8.333,108,-0.131,39.5,0,
00-0036157,Kristian Welch,LB,24.693,8.331,95,-0.299,39.5,1,C
00-0036173,Tommy Hudson,TE,23.887,8.333,56,-1.113,39.5,0,
00-0036643,K.J. Britt,LB,24.562,6.888,1048,3.898,39.5,1,C
00-0038565,Mekhi Blackmon,DB,24.813,6.765,1152,4.517,39.5,1,C
00-0038986,Nic Jones,DB,23.938,8.277,82,-0.894,39.5,1,C
00-0039613,Dallin Holker,TE,24.923,8.283,66,0.073,39.5,0,
00-0040784,Quinshon Judkins,RB,23.585,7.265,435,1.789,39.5,1,C
00-0039405,Jawhar Jordan,RB,22.623,8.179,76,-1.912,39.5,1,C
00-0027044,Michael Johnson,DL,25.197,7.411,1874,2.964,39.4,0,
00-0029638,Michael Floyd,WR,24.934,7.498,1216,2.441,39.4,0,
00-0031514,Quan Bray,WR,24.973,8.333,89,-0.027,39.4,0,
00-0031628,Darryl Roberts,DB,24.881,6.8,2687,4.48,39.4,0,
00-0033560,Julie'n Davenport,OL,24.354,6.556,2053,4.687,39.4,0,
00-0032084,Curtis Grant,LB,24.999,8.333,100,-0.001,39.4,0,
00-0036305,Trevis Gipson,LB,24.33,6.819,1483,3.873,39.4,1,C
00-0036228,Dezmon Patmon,WR,24.856,8.333,88,-0.144,39.4,0,
00-0036858,Jalen Camp,WR,24.342,8.333,81,-0.658,39.4,0,
00-0036736,Kayode Awosika,OL,24.654,6.661,944,4.671,39.4,1,C
00-0040147,Jared Wilson,OL,22.292,5.872,983,4.678,39.4,1,C
00-0028497,Kamar Aiken,WR,24.756,7.441,1243,2.432,39.3,0,
00-0027078,T.J. Lang,OL,25.104,6.827,1932,4.623,39.3,0,
00-0031337,Marcus Martin,OL,24.892,8.333,108,-0.108,39.3,0,
00-0033582,Jeremiah Ledbetter,DL,25.304,7.463,1162,2.915,39.3,0,
00-0033912,Jordan Willis,DL,25.048,7.377,1670,2.916,39.3,0,
00-0034439,Ryan Izzo,TE,25.139,7.371,870,3.027,39.3,0,
00-0036280,Malik Harrison,LB,23.694,6.624,1613,3.821,39.3,1,C
00-0035602,Alex Bachman,WR,26.829,8.212,141,2.193,39.3,1,C
00-0037832,Kalia Davis,DL,24.386,7.15,799,2.934,39.3,1,C
00-0040509,Ben Yurosek,TE,26.907,8.131,105,2.516,39.3,1,C
00-0040155,Danny Stutsman,LB,27.744,8.043,190,3.615,39.3,1,C
00-0031595,Michael Burton,RB,24.398,7.571,1028,1.685,39.2,0,
00-0032413,Ronald Blair,DL,25.963,7.691,1403,2.891,39.2,0,
00-0028903,Garrett Celek,TE,25.192,7.394,1435,3.01,39.2,0,
00-0029627,Jack Crawford,DL,24.407,7.177,2056,2.876,39.2,0,
00-0028097,Lee Smith,TE,24.079,7.022,1455,3.012,39.2,0,
00-0024183,Brent Grimes,DB,25.188,6.928,2481,4.403,39.2,0,
00-0030402,Akeem Spence,DL,24.795,7.301,2153,2.891,39.2,0,
00-0035246,J.J. Arcega-Whiteside,WR,24.784,7.472,768,2.368,39.2,0,
00-0035400,Keaton Sutherland,OL,24.226,8.333,101,-0.774,39.2,0,
00-0035384,Sua Opeta,OL,25.209,6.87,979,4.598,39.2,0,
00-0035660,Kahale Warring,TE,24.811,8.333,65,-0.189,39.2,0,
00-0036010,Jalen Elliott,DB,24.611,8.333,89,-0.389,39.2,0,
00-0037617,Hassan Haskins,RB,25.399,7.901,365,1.698,39.2,1,C
00-0037593,Tre Avery,DB,26.661,7.413,652,4.424,39.2,1,C
00-0036810,Cade Johnson,WR,25.181,8.333,94,0.181,39.2,0,
00-0038625,Dee Winters,LB,22.496,6.231,1419,3.804,39.2,1,C
00-0038981,Wanya Morris,OL,23.428,6.279,1052,4.59,39.2,1,C
00-0039920,Malachi Corley,WR,25.465,7.694,264,2.384,39.2,1,C
00-0039378,Deantre Prince,DB,25.095,8.312,95,0.158,39.2,0,
00-0039235,Sanoussi Kane,DB,24.302,8.264,88,-0.489,39.2,1,C
00-0040583,Woody Marks,RB,21.582,6.627,631,1.701,39.2,1,C
00-0040198,Ollie Gordon II,RB,25.431,7.911,211,1.697,39.2,1,C
00-0040186,Francisco Mauigoa,LB,26.868,7.695,308,3.782,39.2,1,C
00-0040720,Jahdae Barron,DB,26.909,7.5,329,4.408,39.2,1,C
00-0040744,Jaylahn Tuimoloau,DL,27.176,8.093,201,2.896,39.2,1,C
00-0030442,John Simon,LB,24.23,6.826,2410,3.752,39.1,0,
00-0031806,Malcolm Brown,RB,23.429,7.259,1202,1.652,39.1,0,
00-0030422,Dion Sims,TE,24.886,7.302,1454,2.978,39.1,0,
00-0030414,Spencer Ware,RB,25.166,7.843,862,1.637,39.1,0,
00-0028103,Pernell McPhee,LB,25.691,7.305,1742,3.777,39.1,0,
00-0033763,Evan Baylis,TE,24.754,8.333,65,-0.246,39.1,0,
00-0033604,Krishawn Hogan,WR,24.92,8.333,91,-0.08,39.1,0,
00-0033855,Chris Thompson,WR,25.132,8.333,94,0.132,39.1,0,
00-0034772,Antonio Callaway,WR,24.77,7.474,913,2.348,39.1,0,
00-0034417,Matt Pryor,OL,20.751,5.389,2922,4.582,39.1,1,C
00-0036510,Kenny Yeboah,TE,27.124,8.049,290,2.976,39.1,0,
00-0037272,Montrell Washington,WR,24.003,8.333,79,-0.997,39.1,0,
00-0037085,Tyler Badie,RB,24.502,7.615,235,1.658,39.1,1,C
00-0038737,Isaiah Land,LB,25.305,8.327,107,0.322,39.1,1,C
00-0038678,Jordan Mims,RB,24.191,8.293,94,-0.689,39.1,0,
00-0039436,Jaylen Harrell,DL,25.556,7.569,611,2.85,39.1,1,C
00-0039417,Myles Harden,DB,26.207,7.272,546,4.391,39.1,1,C
00-0040745,Aireontae Ersery,OL,22.14,5.857,1147,4.57,39.1,1,C
00-0028064,Bilal Powell,RB,24.299,7.566,1231,1.6,39.0,0,
00-0028029,Akeem Dent,LB,25.033,8.333,104,0.033,39.0,0,
00-0033903,Josh Jones,DB,24.823,6.83,2245,4.332,39.0,0,
00-0033471,Isaiah Ford,WR,25.51,7.737,709,2.3,39.0,0,
00-0035315,Cortez Broughton,DL,24.842,8.333,113,-0.158,39.0,0,
00-0036400,Cameron Brown,LB,25.053,8.333,104,0.053,39.0,0,
00-0036842,Kene Nwangwu,RB,23.965,8.31,91,-0.965,39.0,1,C
00-0038091,JT Woods,DB,23.978,8.333,85,-1.022,39.0,0,
00-0037487,Deven Thompkins,WR,25.465,7.717,389,2.313,39.0,1,C
00-0039853,Javon Baker,WR,23.986,8.332,80,-1.009,39.0,0,
00-0040213,Rayuan Lane III,DB,25.582,8.24,106,0.862,39.0,1,C
00-0029561,Cordy Glenn,OL,25.243,6.915,1861,4.498,38.9,0,
00-0029676,Morris Claiborne,DB,25.47,7.049,2393,4.324,38.9,0,
00-0024323,Jahri Evans,OL,25.022,6.843,1940,4.493,38.9,0,
00-0031821,Darrell Williams,OL,24.82,8.333,111,-0.18,38.9,0,
00-0033588,Isaac Rochell,DL,24.694,7.307,1669,2.774,38.9,0,
00-0033468,Ukeme Eligwe,LB,25.071,8.333,105,0.071,38.9,0,
00-0032800,Jonathan Woodard,DL,24.932,8.333,115,-0.068,38.9,0,
00-0034011,Dan Arnold,TE,24.309,7.134,1189,2.906,38.9,0,
00-0035992,Trystan Colon,OL,24.051,6.516,1147,4.503,38.9,1,C
00-0037259,Micah McFadden,LB,22.95,6.417,1765,3.698,38.9,1,C
00-0038514,Truman Jones,DL,24.365,8.232,111,-0.331,38.9,1,C
00-0040041,Nazir Stackhouse,DL,25.922,7.992,164,1.948,38.9,1,C
00-0026153,Jonathan Stewart,RB,24.981,7.807,971,1.559,38.8,0,
00-0031818,Bradley Marquez,WR,24.882,8.333,93,-0.118,38.8,0,
00-0030792,Justin McCray,OL,23.358,6.297,2199,4.468,38.8,0,
00-0035006,Bisi Johnson,WR,24.783,7.518,793,2.23,38.8,0,
00-0035233,Andre Dillard,OL,24.552,6.697,1213,4.46,38.8,0,
00-0036081,Broderick Washington,DL,22.318,6.52,1875,2.758,38.8,1,C
00-0036955,Terrace Marshall Jr.,WR,21.431,6.394,1478,2.25,38.8,0,
00-0039339,Taliese Fuaga,OL,21.194,5.571,1781,4.48,38.8,1,C
00-0039772,Josh Wallace,DB,27.732,7.819,420,4.277,38.8,1,C
00-0039770,Charles Woods,DB,27.636,8.159,157,3.159,38.8,1,C
00-0040116,Josh Simmons,OL,25.048,6.858,495,4.475,38.8,1,C
00-0025555,Corey Graham,DB,25.202,6.982,2202,4.255,38.7,0,
00-0027768,Marshall Newhouse,OL,24.529,6.696,2176,4.443,38.7,0,
00-0035073,Jonathan Harris,DL,24.692,7.322,960,2.725,38.7,0,
00-0036437,Tremayne Anchrum,OL,23.266,8.333,95,-1.734,38.7,0,
00-0037828,Danny Gray,WR,24.402,8.333,87,-0.598,38.7,0,
00-0032112,J.J. Nelson,WR,24.757,7.523,1203,2.19,38.6,0,
00-0025472,Brandon Mebane,DL,25.067,7.459,1646,2.689,38.6,0,
00-0028581,Patrick DiMarco,RB,25.068,7.87,927,1.457,38.6,0,
00-0029319,Josh Bellamy,WR,24.953,7.598,1067,2.159,38.6,0,
00-0032774,Deon Bush,DB,26.823,7.54,1249,4.202,38.6,0,
00-0031373,Martavis Bryant,WR,24.963,7.598,888,2.168,38.6,0,
00-0033300,Conor McDermott,OL,24.324,6.64,1153,4.403,38.6,0,
00-0035485,Nate Brooks,DB,24.608,8.333,94,-0.392,38.6,0,
00-0031344,Cody Latimer,WR,24.962,7.605,1119,2.146,38.5,0,
00-0031075,Alfred Blue,RB,25.021,7.863,826,1.433,38.5,0,
00-0030864,Anthony Johnson,DL,25.048,8.333,121,0.048,38.5,0,
00-0027416,Barry Church,DB,25.425,7.084,2454,4.174,38.5,0,
00-0030881,Howard Jones,LB,24.994,8.333,108,-0.006,38.5,0,
00-0031870,Dean Marlowe,DB,25.308,7.041,1641,4.185,38.5,0,
00-0030121,David King,DL,24.903,8.333,119,-0.097,38.5,0,
00-0027822,C.J. Wilson,DL,24.996,8.333,120,-0.004,38.5,0,
00-0031326,Bruce Ellington,WR,24.998,7.617,807,2.148,38.5,0,
00-0032549,Alex Redmond,OL,24.94,6.86,1575,4.361,38.5,0,
00-0035698,Chuma Edoga,OL,24.878,6.839,1428,4.361,38.5,1,C
00-0034019,Malik McDowell,DL,26.288,7.879,605,2.651,38.5,0,
00-0035973,Patrick Taylor,RB,24.372,7.651,469,1.419,38.5,0,
00-0039515,Winston Reid,LB,26.263,8.224,136,1.59,38.5,0,
00-0040296,Corey Thornton,DB,25.171,7.983,117,1.221,38.5,1,C
00-0030441,Kyle Long,OL,24.884,6.849,1595,4.337,38.4,0,
00-0026184,Matt Forte,RB,25.04,7.884,804,1.387,38.4,0,
00-0027375,Tramaine Brock,DB,24.56,6.814,2423,4.118,38.4,0,
00-0026995,Jeremy Maclin,WR,25.099,7.66,1145,2.12,38.4,0,
00-0031182,Kevin Pamphile,OL,24.936,6.871,1781,4.322,38.4,0,
00-0032069,Derron Smith,DB,24.959,8.333,100,-0.041,38.4,0,
00-0032871,Antwaun Woods,DL,24.615,7.337,1452,2.605,38.4,0,
00-0033306,Victor Bolden,WR,24.714,8.333,94,-0.286,38.4,0,
00-0034465,Jeremy Reaves,DB,24.602,6.826,1423,4.125,38.4,1,C
00-0036948,Ta'Quon Graham,DL,23.956,7.111,1318,2.623,38.4,1,C
00-0039815,Tyrice Knight,LB,24.472,6.991,825,3.499,38.4,1,C
00-0040718,Travis Hunter,DB,25.483,7.111,456,4.149,38.4,1,C
00-0031170,Timmy Jernigan,DL,25.169,7.528,1593,2.585,38.3,0,
00-0033147,Darron Lee,LB,24.943,7.162,2472,3.457,38.3,0,
00-0029409,Mychal Kendricks,LB,25.363,7.302,1747,3.456,38.3,0,
00-0029410,Tavon Wilson,DB,24.717,6.872,2604,4.102,38.3,0,
00-0030761,Joe Thomas,LB,24.806,7.115,2026,3.46,38.3,0,
00-0027006,Kenny Britt,WR,24.932,7.62,1119,2.073,38.3,0,
00-0027027,Andy Levitre,OL,25.008,6.902,1889,4.303,38.3,0,
00-0032894,Joshua Perry,LB,24.973,8.333,110,-0.027,38.3,0,
00-0032791,Jakeem Grant,WR,24.349,7.43,1113,2.059,38.3,0,
00-0032365,DeMarcus Ayers,WR,24.981,8.333,99,-0.019,38.3,0,
00-0032839,Hunter Sharp,WR,24.912,8.333,98,-0.088,38.3,0,
00-0032528,Justin Murray,OL,24.522,6.738,1497,4.309,38.3,0,
00-0035142,Ugo Amadi,DB,23.728,6.545,1960,4.094,38.3,1,C
00-0036337,James Lynch,DL,24.618,7.348,1157,2.574,38.3,1,C
00-0037283,John Ridgeway,DL,24.496,7.312,906,2.56,38.3,1,C
00-0039342,Xavier Legette,WR,19.891,5.945,1295,2.057,38.3,1,C
00-0038696,Keidron Smith,DB,22.639,8.235,81,-2.065,38.3,1,C
00-0032233,Cedric Ogbuehi,OL,23.337,6.356,2050,4.268,38.2,0,
00-0023639,Joe Berger,OL,25.061,6.932,1982,4.265,38.2,0,
00-0027694,Shawn Lauvao,OL,25.117,6.953,1639,4.259,38.2,0,
00-0028030,Joe Barksdale,OL,25.04,6.922,1905,4.275,38.2,0,
00-0032958,Will Parks,DB,24.943,6.955,2447,4.077,38.2,0,
00-0031574,Gabe Wright,DL,24.901,8.333,122,-0.099,38.2,0,
00-0032147,Ty Sambrailo,OL,25.501,7.074,1297,4.281,38.2,0,
00-0032007,Quinton Dunbar,DB,25.258,7.07,1948,4.047,38.2,0,
00-0033164,Troymaine Pope,RB,24.827,8.333,111,-0.173,38.2,0,
00-0034396,Jermaine Carter,LB,25.032,7.199,1482,3.434,38.2,0,
00-0036352,Carlos Davis,DL,24.458,8.333,114,-0.542,38.2,0,
00-0036557,Jaylon Moore,OL,24.21,6.647,1163,4.27,38.2,1,C
00-0037805,Jeremy Ruckert,TE,21.979,6.44,1190,2.659,38.2,1,C
00-0040734,TreVeyon Henderson,RB,22.291,6.982,548,1.344,38.2,1,C
00-0030059,Ezekiel Ansah,DL,25.074,7.529,1492,2.486,38.1,0,
00-0027676,Morgan Burnett,DB,25.232,7.071,2433,4.019,38.1,0,
00-0031384,Richard Rodgers,TE,24.548,7.314,1371,2.604,38.1,0,
00-0032790,DeAndre Houston-Carson,DB,24.573,6.844,1512,4.04,38.1,0,
00-0028846,Peyton Thompson,DB,25.01,8.333,103,0.01,38.1,0,
00-0032634,David Grinnage,TE,24.949,8.333,73,-0.051,38.1,0,
00-0034988,Kaden Smith,TE,24.163,7.184,1014,2.61,38.1,0,
00-0037563,Malik Davis,RB,25.064,7.928,218,1.28,38.1,1,C
00-0038877,D'Shawn Jamison,DB,24.901,8.333,102,-0.099,38.1,0,
00-0040749,Andrew Mukuba,DB,24.764,6.913,637,4.025,38.1,1,C
00-0040156,Billy Bowman Jr.,DB,26.836,7.604,282,4.026,38.1,1,C
00-0029524,Jeff Allen,OL,24.924,6.913,1816,4.186,38.0,0,
00-0032782,Wendell Smallwood,RB,24.593,7.775,816,1.269,38.0,0,
00-0032116,Darius Philon,DL,25.082,7.534,1623,2.479,38.0,0,
00-0026500,Matt Slauson,OL,24.868,6.889,1722,4.2,38.0,0,
00-0032734,Brennan Scarlett,LB,25.813,7.479,1438,3.377,38.0,0,
00-0030403,B.W. Webb,DB,25.073,7.026,2271,3.995,38.0,0,
00-0029794,Daren Bates,LB,24.91,8.333,111,-0.09,38.0,0,
00-0033085,Jerald Hawkins,OL,24.65,8.333,118,-0.35,38.0,0,
00-0034325,Taylor Stallworth,DL,25.28,7.6,1095,2.481,38.0,0,
00-0033994,Fred Brown,WR,24.715,8.333,97,-0.285,38.0,0,
00-0036133,James Proche,WR,24.42,7.484,652,1.969,38.0,1,C
00-0038040,Zamir White,RB,24.065,7.605,459,1.25,38.0,1,C
00-0037282,James Mitchell,TE,26.429,7.947,384,2.589,38.0,1,C
00-0039032,Tyjae Spears,RB,20.241,6.326,1162,1.263,38.0,1,C
00-0039822,Kiran Amegadjie,OL,23.742,8.15,113,-0.709,38.0,0,
00-0038966,Natrone Brooks,DB,25.227,8.182,113,0.68,38.0,1,C
00-0040244,Moliki Matavao,TE,24.646,8.083,79,0.396,38.0,1,C
00-0040171,Joshua Farmer,DL,26.277,7.942,204,2.451,38.0,1,C
00-0040016,Warren Brinson,DL,25.56,7.7,280,2.459,38.0,1,C
00-0024338,Domata Peko Sr.,DL,24.849,7.473,1802,2.43,37.9,0,
00-0032104,Ameer Abdullah,RB,20.76,6.52,1776,1.201,37.9,1,C
00-0030392,Michael Mauti,LB,24.944,8.333,113,-0.056,37.9,0,
00-0027956,Corey Liuget,DL,25.28,7.614,1625,2.439,37.9,0,
00-0026143,Matt Ryan,QB,24.864,3.011,7084,15.832,37.9,0,
00-0033005,Denver Kirkland,OL,24.966,8.333,123,-0.034,37.9,0,
00-0033911,Taywan Taylor,WR,25.109,7.728,714,1.926,37.9,0,
00-0032566,Trevon Coley,DL,25.106,7.559,1434,2.43,37.9,0,
00-0033552,Brendan Langley,WR,24.858,8.333,100,-0.142,37.9,0,
00-0034559,Austin Larkin,DL,24.829,8.333,124,-0.171,37.9,0,
00-0035141,Phil Haynes,OL,24.28,6.701,1035,4.178,37.9,0,
00-0036567,Elijah Mitchell,RB,22.524,7.103,793,1.216,37.9,1,C
00-0036587,Ar'Darius Washington,DB,25.237,7.1,966,3.935,37.9,1,C
00-0037845,A.J. Arcuri,OL,24.041,8.229,115,-0.645,37.9,0,
00-0038953,Dylan Drummond,WR,24.418,7.96,112,0.538,37.9,1,C
00-0039747,Ainias Smith,WR,23.945,8.284,89,-0.905,37.9,0,
00-0040180,Jalen Rivers,OL,25.742,7.196,443,4.155,37.9,1,C
00-0030530,T.J. McDonald,DB,25.313,7.136,2388,3.906,37.8,0,
00-0032131,Rodney Gunter,DL,25.022,7.538,1673,2.408,37.8,0,
00-0030801,Brandon Coleman,WR,25.066,7.725,996,1.892,37.8,0,
00-0031570,Justin Hardy,WR,24.679,7.598,1111,1.885,37.8,0,
00-0029740,Ifeanyi Momah,TE,24.963,8.333,75,-0.037,37.8,0,
00-0034378,Ito Smith,RB,25.041,7.949,648,1.195,37.8,0,
00-0034251,Daniel Ekuale,DL,22.865,6.825,1639,2.389,37.8,1,C
00-0034169,Marcus Baugh,TE,25.049,8.333,76,0.049,37.8,0,
00-0036395,K'Von Wallace,DB,24.621,6.898,1522,3.928,37.8,1,C
00-0036630,Tylan Wallace,WR,23.404,7.169,695,1.898,37.8,1,C
00-0038547,Luke Schoonmaker,TE,22.325,6.606,1096,2.508,37.8,1,C
00-0038601,Asim Richards,OL,25.402,7.095,549,4.118,37.8,1,C
00-0038752,Jake Bobo,WR,23.004,7.034,729,1.902,37.8,1,C
00-0038456,Travis Vokolek,TE,25.163,8.288,79,0.299,37.8,1,C
00-0040134,Pat Bryant,WR,23.228,7.106,474,1.91,37.8,1,C
00-0032956,Andy Janovich,RB,24.664,7.845,945,1.129,37.7,0,
00-0032966,Corey Coleman,WR,24.781,7.635,1064,1.875,37.7,0,
00-0027762,Reshad Jones,DB,25.425,7.177,2288,3.893,37.7,0,
00-0026989,Brian Orakpo,LB,25.381,7.377,2239,3.25,37.7,0,
00-0028083,Jacquizz Rodgers,RB,24.949,7.935,827,1.145,37.7,0,
00-0030020,Brynden Trawick,DB,25.039,8.333,107,0.039,37.7,0,
00-0031743,Akeem Hunt,RB,25.027,8.333,120,0.027,37.7,0,
00-0034262,P.J. Hall,DL,24.709,7.452,1307,2.354,37.7,0,
00-0034682,Genard Avery,DL,24.916,7.517,1234,2.366,37.7,0,
00-0034545,Brandon Facyson,DB,25.422,7.18,1418,3.883,37.7,0,
00-0035764,Calvin Throckmorton,OL,22.022,5.971,1909,4.109,37.7,1,C
00-0037276,Ty Chandler,RB,23.653,7.502,487,1.147,37.7,1,C
00-0038613,Jerrick Reed II,DB,24.046,8.261,98,-0.738,37.7,1,C
00-0039790,Olumuyiwa Fashanu,OL,21.31,5.738,1502,4.097,37.7,1,C
00-0037836,Logan Bruss,OL,26.106,7.806,187,2.687,37.7,0,
00-0039365,Jacob Cowing,WR,24.638,8.256,102,-0.128,37.7,0,
00-0039176,Basil Okoye,DL,26.428,8.041,197,2.305,37.7,1,C
00-0028001,Marcus Gilbert,OL,25.068,6.999,1693,4.072,37.6,0,
00-0028022,Mason Foster,LB,25.097,7.288,1968,3.233,37.6,0,
00-0032659,Roger Lewis,WR,24.868,7.685,871,1.813,37.6,0,
00-0031152,Bryan Witzmann,OL,24.921,6.952,1389,4.065,37.6,0,
00-0033661,Lewis Neal,DL,25.023,8.333,130,0.023,37.6,0,
00-0031462,Jerome Cunningham,TE,25.026,8.333,77,0.026,37.6,0,
00-0035295,Isaiah Prince,OL,25.031,6.993,698,4.052,37.6,0,
00-0036423,Albert Okwuegbunam,TE,24.716,7.424,738,2.445,37.6,1,C
00-0037843,Daniel Hardy,DL,24.358,8.253,123,-0.399,37.6,1,C
00-0037296,Gregory Junior,DB,24.776,8.333,104,-0.224,37.6,0,
00-0039886,T'Vondre Sweat,DL,23.379,7.018,1020,2.326,37.6,1,C
00-0039754,Devin Culp,TE,24.819,8.211,79,0.187,37.6,1,C
00-0040195,Denzel Burke,DB,25.06,7.068,629,3.856,37.6,1,C
00-0029600,Andre Branch,DL,25.113,7.606,1724,2.295,37.5,0,
00-0029931,Zach Line,RB,25.06,8.001,761,1.058,37.5,0,
00-0030504,Earl Watford,OL,25.123,7.03,1612,4.032,37.5,0,
00-0030572,D.J. Hayden,DB,25.318,7.17,2145,3.808,37.5,0,
00-0027531,Chris Ivory,RB,25.197,8.045,846,1.063,37.5,0,
00-0033542,Forrest Lamp,OL,24.636,6.873,1272,4.018,37.5,0,
00-0035300,Dennis Daley,OL,22.064,6.009,2363,4.036,37.5,0,
00-0035393,Anthony Chesley,DB,23.979,8.333,96,-1.021,37.5,0,
00-0037077,Sam Howell,QB,23.475,2.581,1104,15.733,37.5,0,
00-0038536,Chandler Zavala,OL,24.763,6.908,741,4.039,37.5,1,C
00-0038674,Divaad Wilson,DB,25.595,8.333,116,0.595,37.5,0,
00-0039738,Blake Corum,RB,22.149,7.031,507,1.055,37.5,1,C
00-0039435,Tatum Bethune,LB,24.962,7.261,520,3.178,37.5,1,C
00-0024030,Tom Johnson,DL,25.191,7.639,1562,2.275,37.4,0,
00-0031418,Austin Seferian-Jenkins,TE,25.026,7.552,1010,2.372,37.4,0,
00-0027297,Austin Howard,OL,24.847,6.95,1805,3.998,37.4,0,
00-0031571,Clayton Geathers,DB,25.394,7.212,1945,3.759,37.4,0,
00-0032386,Kamalei Correa,LB,25.591,7.477,1233,3.16,37.4,0,
00-0031577,Javorius Allen,RB,24.922,7.966,799,1.025,37.4,0,
00-0028409,DuJuan Harris,RB,24.991,8.333,122,-0.009,37.4,0,
00-0033421,Antony Auclair,TE,24.717,7.446,994,2.38,37.4,0,
00-0033567,Brian Hill,RB,25.069,8.013,613,1.029,37.4,0,
00-0036237,Larrell Murchison,DL,26.142,7.957,788,2.271,37.4,1,C
00-0034731,Kahlil McKenzie,OL,25.28,8.333,133,0.28,37.4,0,
00-0036272,Ben Bartch,OL,23.192,6.4,1626,3.993,37.4,1,C
00-0037447,Tomon Fox,LB,26.775,7.874,582,3.154,37.4,1,C
00-0039650,Bryce Oliver,WR,24.023,8.284,94,-0.83,37.4,1,C
00-0027973,Andy Dalton,QB,22.282,2.193,5519,15.704,37.3,1,C
00-0027883,Koa Misi,LB,25.021,8.333,120,0.021,37.3,0,
00-0030387,Steven Means,LB,24.849,7.243,1524,3.121,37.3,0,
00-0031491,Brian Peters,LB,24.858,8.333,117,-0.142,37.3,0,
00-0033675,Dymonte Thomas,DB,24.838,8.333,108,-0.162,37.3,0,
00-0034171,Jason Cabinda,RB,25.413,8.137,533,1.002,37.3,0,
00-0035527,Andy Isabella,WR,25.444,7.911,549,1.711,37.3,0,
00-0035339,Montre Hartage,DB,24.928,8.333,109,-0.072,37.3,0,
00-0035428,Daniel Helm,TE,25.193,8.333,81,0.193,37.3,0,
00-0036907,Dazz Newsome,WR,24.415,8.333,98,-0.585,37.3,0,
00-0038114,Max Mitchell,OL,24.119,6.714,1053,3.978,37.3,1,C
00-0039062,Jonathan Mingo,WR,20.512,6.263,1383,1.722,37.3,1,C
00-0038640,Jalen Brooks,WR,24.251,7.51,513,1.722,37.3,1,C
00-0031189,T.J. Jones,WR,24.747,7.688,914,1.682,37.2,0,
00-0034860,Dante Pettis,WR,21.254,6.517,1660,1.703,37.2,1,C
00-0034208,Mike Boone,RB,24.9,7.976,416,0.973,37.2,0,
00-0034426,Javon Wims,WR,24.443,7.584,809,1.691,37.2,0,
00-0035654,Chase Winovich,DL,24.596,7.467,1106,2.195,37.2,0,
00-0035255,Kendall Sheffield,DB,25.494,7.266,1329,3.697,37.2,1,C
00-0035179,Jalen Dalton,DL,25.094,8.333,136,0.094,37.2,0,
00-0038523,Kahlef Hailassie,DB,24.321,8.333,102,-0.679,37.2,0,
00-0039178,Austin Ajiake,LB,26.143,8.213,150,1.505,37.2,1,C
00-0027004,Eric Wood,OL,25.002,7.033,1600,3.901,37.1,0,
00-0031548,Kevin Johnson,DB,25.419,7.246,1839,3.682,37.1,0,
00-0032911,Spencer Pulley,OL,24.568,6.885,1843,3.912,37.1,0,
00-0027667,Vladimir Ducasse,OL,24.77,6.952,1890,3.913,37.1,0,
00-0029821,Emmett Cleary,OL,24.88,8.333,130,-0.12,37.1,0,
00-0033725,Corey Clement,RB,24.462,7.85,749,0.911,37.1,0,
00-0035806,JaMycal Hasty,RB,23.831,7.64,598,0.911,37.1,0,
00-0037322,Thayer Munford Jr.,OL,22.856,6.318,1178,3.901,37.1,1,C
00-0038622,Deuce Vaughn,RB,23.594,8.333,100,-1.406,37.1,0,
00-0039009,Dylan Horton,DL,25.322,7.72,638,2.161,37.1,1,C
00-0038997,Josh Downs,WR,17.92,5.421,1847,1.658,37.1,1,C
00-0032081,Nick Dzubnar,LB,24.595,8.333,116,-0.405,37.0,0,
00-0034392,Scott Quessenberry,OL,23.191,6.442,1699,3.864,37.0,0,
00-0034185,Tyler Lancaster,DL,23.983,7.289,1409,2.117,37.0,0,
00-0034686,Auden Tate,WR,24.126,7.505,957,1.611,37.0,0,
00-0034310,Craig James,DB,25.414,8.333,118,0.414,37.0,0,
00-0035531,Austin Bryant,DL,25.089,7.658,954,2.114,37.0,0,
00-0035950,Myles Hartsfield,DB,25.042,7.142,1341,3.614,37.0,0,
00-0036895,Elerson G. Smith,LB,25.186,8.333,125,0.186,37.0,0,
00-0038100,Percy Butler,DB,24.296,6.883,1357,3.647,37.0,1,C
00-0040122,Ashton Jeanty,RB,20.817,6.644,737,0.884,37.0,1,C
00-0040201,Marcus Harris,DB,26.944,7.771,325,3.632,37.0,1,C
00-0040668,Shedeur Sanders,QB,22.299,2.225,412,15.624,37.0,1,C
00-0040371,Eric Gregory,DL,24.371,8.153,134,-0.087,37.0,1,C
00-0022084,Anquan Boldin,WR,25.075,7.824,826,1.604,36.9,0,
00-0029762,John Wetzel,OL,24.863,7.005,1803,3.848,36.9,0,
00-0029683,Ronnie Hillman,RB,24.985,8.333,127,-0.015,36.9,0,
00-0032422,Kentrell Brothers,LB,24.988,8.333,123,-0.012,36.9,0,
00-0034841,Brandon Bryant,DB,24.455,6.956,1552,3.588,36.9,0,
00-0034382,Marquis Haynes,LB,25.083,7.376,1428,2.955,36.9,0,
00-0034488,Tavierre Thomas,DB,24.475,6.956,1634,3.608,36.9,1,C
00-0036691,Tory Carter,RB,24.554,8.333,118,-0.446,36.9,0,
00-0037759,DeMarvin Leal,DL,25.94,7.948,425,2.097,36.9,1,C
00-0039289,Leonard Taylor III,DL,25.676,7.862,394,2.089,36.9,1,C
00-0039430,James Williams,LB,26.97,8.155,183,2.503,36.9,1,C
00-0040010,Barryn Sorrell,DL,25.727,7.948,191,1.883,36.9,1,C
00-0030649,Jonotthan Harrison,OL,24.925,7.039,1645,3.809,36.8,0,
00-0027858,Eric Berry,DB,25.822,7.416,1331,3.576,36.8,0,
00-0029112,Jacquies Smith,DL,24.955,8.333,137,-0.045,36.8,0,
00-0032463,Kyle Peko,DL,24.86,7.605,883,2.046,36.8,0,
00-0032479,Tyvis Powell,DB,24.868,8.333,112,-0.132,36.8,0,
00-0031500,Efe Obada,DL,23.288,7.082,1634,2.044,36.8,0,
00-0036650,Larry Rountree III,RB,24.354,8.333,115,-0.646,36.8,0,
00-0036850,Cameron Sample,DL,22.81,6.923,1400,2.042,36.8,1,C
00-0037267,Jerome Ford,RB,19.09,6.095,1396,0.806,36.8,1,C
00-0038643,Brayden Willis,TE,24.549,8.327,77,-0.432,36.8,1,C
00-0039900,Marshawn Kneeland,DL,25.123,7.691,393,2.05,36.8,1,C
00-0039924,Dallas Turner,LB,23.925,6.998,962,2.931,36.8,1,C
00-0039863,Caedan Wallace,OL,23.708,8.211,121,-0.926,36.8,1,C
00-0039882,Tylan Grable,OL,24.909,8.222,139,0.242,36.8,1,C
00-0040169,Tonka Hemingway,DL,25.768,8.108,177,1.445,36.8,1,C
00-0031302,C.J. Fiedorowicz,TE,25.013,7.633,951,2.115,36.7,0,
00-0032895,Jatavis Brown,LB,25.299,7.464,1732,2.906,36.7,0,
00-0032094,Tyrell Adams,LB,25.291,7.471,975,2.879,36.7,0,
00-0035544,Tom Kennedy,WR,25.442,7.972,421,1.526,36.7,1,C
00-0038979,Cedric Tillman,WR,19.216,5.895,1492,1.532,36.7,1,C
00-0040751,Will Johnson,DB,24.534,7.0,662,3.534,36.7,1,C
00-0037340,Zaire Mitchell-Paden,TE,25.324,8.039,100,1.206,36.7,1,C
00-0040184,KeAndre Lambert-Smith,WR,24.01,8.027,111,-0.071,36.7,1,C
00-0027835,Kurt Coleman,DB,25.343,7.283,2081,3.494,36.6,0,
00-0030484,Jamar Taylor,DB,25.327,7.285,2465,3.472,36.6,0,
00-0025512,Jermon Bushrod,OL,24.698,6.991,1889,3.724,36.6,0,
00-0026283,Orlando Scandrick,DB,25.318,7.277,2096,3.486,36.6,0,
00-0032418,Joe Dahl,OL,24.941,7.067,1229,3.741,36.6,0,
00-0033882,Gareon Conley,DB,24.887,7.136,1567,3.479,36.6,0,
00-0035708,Oshane Ximines,LB,24.955,7.372,1304,2.838,36.6,0,
00-0037043,Amare Barno,LB,27.269,8.141,267,2.846,36.6,0,
00-0039076,Nick Hampton,LB,27.286,8.155,198,2.821,36.6,1,C
00-0038647,Ronnie Bell,WR,25.413,7.971,308,1.501,36.6,1,C
00-0038390,Noah Sewell,LB,25.647,7.604,417,2.837,36.6,1,C
00-0028091,Jeremy Kerley,WR,24.891,7.815,1071,1.445,36.5,0,
00-0031175,Cassius Marsh,LB,24.595,7.257,2023,2.823,36.5,0,
00-0033083,Darian Thompson,DB,25.352,7.296,1959,3.463,36.5,0,
00-0032578,Woodrow Hamilton,DL,24.968,8.333,141,-0.032,36.5,0,
00-0032290,Trovon Reed,DB,24.924,8.333,116,-0.076,36.5,0,
00-0031744,Matt LaCosse,TE,24.57,7.502,881,2.065,36.5,0,
00-0037011,Tre' McKitty,TE,23.493,7.141,808,2.071,36.5,0,
00-0039356,Ja'Tavion Sanders,TE,21.919,6.619,873,2.061,36.5,1,C
00-0039902,Chris Braswell,LB,25.3,7.491,579,2.828,36.5,1,C
00-0039420,Jaheim Bell,TE,24.247,8.333,75,-0.753,36.5,0,
00-0040590,Konata Mumpfield,WR,22.728,7.09,397,1.459,36.5,1,C
00-0040729,Jack Bech,WR,23.958,7.498,326,1.463,36.5,1,C
00-0023449,Derrick Johnson,LB,25.19,7.473,1772,2.772,36.4,0,
00-0026964,Clinton McDonald,DL,25.089,7.728,1400,1.903,36.4,0,
00-0032777,Evan Boehm,OL,24.625,6.988,1559,3.661,36.4,0,
00-0027236,Kyle Love,DL,25.023,7.704,1410,1.911,36.4,0,
00-0033424,Riley Bullough,LB,24.943,8.333,127,-0.057,36.4,0,
00-0031787,Jake Kumerow,WR,24.838,7.807,696,1.418,36.4,0,
00-0034539,Corey Thompson,LB,24.991,8.333,128,-0.009,36.4,0,
00-0035278,Byron Cowart,DL,24.006,7.369,981,1.9,36.4,0,
00-0034809,Jamil Demby,OL,24.928,8.333,138,-0.072,36.4,0,
00-0035665,David Long,DB,24.532,7.038,1318,3.418,36.4,0,
00-0035099,Khari Blasingame,RB,23.724,7.684,692,0.673,36.4,0,
00-0036627,Dez Fitzpatrick,WR,24.675,8.333,109,-0.325,36.4,0,
00-0037281,Damone Clark,LB,23.207,6.809,1424,2.78,36.4,1,C
00-0037003,Chazz Surratt,LB,25.223,8.28,134,0.382,36.4,1,C
00-0037618,Zach Thomas,OL,24.262,8.329,128,-0.725,36.4,0,
00-0040130,Jayden Higgins,WR,21.055,6.546,725,1.417,36.4,1,C
00-0040170,Elic Ayomanor,WR,21.439,6.68,751,1.4,36.4,1,C
00-0027968,Muhammad Wilkerson,DL,25.423,7.854,1556,1.861,36.3,0,
00-0032139,Ben Koyack,TE,24.766,7.59,1117,1.997,36.3,0,
00-0023368,Cameron Wake,LB,25.33,7.523,1817,2.759,36.3,0,
00-0027868,Derrick Morgan,LB,25.284,7.516,2011,2.735,36.3,0,
00-0029239,Brandon Bolden,RB,24.409,7.919,589,0.652,36.3,0,
00-0030558,Barkevious Mingo,LB,24.994,7.416,1523,2.747,36.3,0,
00-0029848,Nick Williams,WR,24.759,8.333,112,-0.241,36.3,0,
00-0033631,Rashaad Coward,OL,24.685,7.015,1111,3.638,36.3,0,
00-0034296,Ben Niemann,LB,22.467,6.574,2259,2.745,36.3,0,
00-0034433,Nick Bawden,RB,25.497,8.29,288,0.629,36.3,0,
00-0035287,KeeSean Johnson,WR,24.892,7.837,548,1.38,36.3,0,
00-0036277,Quintez Cephus,WR,24.657,7.756,592,1.39,36.3,0,
00-0036506,Isaiah Dunn,DB,24.445,8.333,111,-0.555,36.3,0,
00-0035910,T.J. Smith,DL,24.137,8.333,127,-0.863,36.3,0,
00-0036368,Tanner Muse,LB,24.482,8.333,121,-0.518,36.3,0,
00-0037844,Russ Yeast,DB,25.223,7.286,913,3.364,36.3,0,
00-0037527,Segun Olubi,LB,25.697,8.332,142,0.703,36.3,1,C
00-0039324,Christian Roland-Wallace,DB,27.043,7.886,361,3.385,36.3,1,C
00-0039457,Jacoby Windmon,LB,23.661,8.138,117,-0.752,36.3,0,
00-0040661,Donovan Jackson,OL,23.652,6.673,749,3.634,36.3,1,C
00-0040141,Kevin Winston Jr.,DB,27.007,7.873,296,3.389,36.3,1,C
00-0029408,Nick Perry,LB,25.356,7.546,1483,2.717,36.2,0,
00-0025489,Brian Robison,DL,25.235,7.803,1409,1.827,36.2,0,
00-0028834,Craig Robertson,LB,24.817,7.368,2095,2.712,36.2,0,
00-0028116,Aldrick Robinson,WR,24.66,7.771,1018,1.346,36.2,0,
00-0032472,Tre Madden,RB,24.827,8.333,130,-0.173,36.2,0,
00-0033577,Nate Gerry,LB,25.399,7.567,1228,2.698,36.2,0,
00-0035342,Patrick Laird,RB,24.759,8.049,456,0.611,36.2,0,
00-0035291,Trayveon Williams,RB,24.629,8.012,336,0.593,36.2,1,C
00-0035857,Chris Williams,DL,24.033,7.396,686,1.845,36.2,1,C
00-0035891,Cody White,WR,25.342,8.001,287,1.34,36.2,1,C
00-0038545,Mazi Smith,DL,23.451,7.202,916,1.845,36.2,1,C
00-0040230,Kitan Crawford,DB,24.838,8.096,128,0.551,36.2,1,C
00-0040646,Jalen Royals,WR,21.348,8.173,77,-3.172,36.2,1,C
00-0031489,Brett Jones,OL,25.033,7.154,1316,3.57,36.1,0,
00-0030518,Corey Lemonier,LB,24.937,8.333,130,-0.063,36.1,0,
00-0031682,Terron Ward,RB,24.925,8.333,133,-0.075,36.1,0,
00-0033295,Elijah McGuire,RB,24.983,8.136,550,0.576,36.1,0,
00-0033277,Kyle Kalis,OL,24.944,8.333,141,-0.056,36.1,0,
00-0034421,Peter Kalambayi,LB,24.641,8.333,125,-0.359,36.1,0,
00-0035215,Deonte Harty,WR,23.76,7.482,746,1.315,36.1,0,
00-0035594,Travis Homer,RB,23.092,7.503,672,0.581,36.1,1,C
00-0036336,Anthony McFarland,RB,24.506,8.333,124,-0.494,36.1,0,
00-0035020,Demetrius Flannigan-Fowles,LB,25.43,7.591,812,2.659,36.1,1,C
00-0036716,Amen Ogbongbemiga,LB,26.938,8.088,224,2.675,36.1,1,C
00-0032770,Tavon Young,DB,24.587,7.106,1903,3.269,36.0,0,
00-0026762,Alex Boone,OL,24.882,7.116,1643,3.534,36.0,0,
00-0028114,Dwayne Harris,WR,25.092,8.333,120,0.092,36.0,0,
00-0028074,Anthony Sherman,RB,25.515,8.333,558,0.515,36.0,0,
00-0031390,Charles Sims,RB,25.033,8.171,581,0.521,36.0,0,
00-0031237,Teddy Bridgewater,QB,24.835,3.145,2293,15.402,36.0,1,C
00-0035841,Benito Jones,DL,21.803,6.675,1620,1.776,36.0,1,C
00-0035958,Sam Tecklenburg,OL,23.915,8.333,126,-1.085,36.0,0,
00-0036653,Stone Forsythe,OL,21.201,5.89,1646,3.532,36.0,1,C
00-0038627,Antoine Green,WR,23.719,8.333,98,-1.281,36.0,0,
00-0038411,Anthony Johnson Jr.,DB,27.163,7.963,339,3.273,36.0,0,
00-0039030,Jake Andrews,OL,21.12,5.861,1225,3.538,36.0,1,C
00-0025495,Paul Soliai,DL,24.998,8.333,148,-0.002,35.9,0,
00-0027022,Connor Barwin,LB,25.205,7.536,1621,2.597,35.9,0,
00-0027882,Patrick Robinson,DB,25.623,7.461,1688,3.239,35.9,0,
00-0030883,Josh Mauro,DL,24.982,7.748,1336,1.738,35.9,0,
00-0031366,Deone Bucannon,LB,25.4,7.6,2024,2.6,35.9,0,
00-0031912,Cameron Meredith,WR,25.184,7.979,791,1.249,35.9,0,
00-0032617,Lafayette Pitts,DB,24.939,8.333,121,-0.061,35.9,0,
00-0033292,Trent Taylor,WR,22.998,7.247,1247,1.258,35.9,1,C
00-0031185,Jon Halapio,OL,24.344,6.949,1416,3.496,35.9,0,
00-0034613,Tanner Hudson,TE,22.999,7.05,888,1.848,35.9,1,C
00-0035273,Qadree Ollison,RB,24.858,8.333,133,-0.142,35.9,0,
00-0035567,Craig Reynolds,RB,24.733,8.08,428,0.492,35.9,1,C
00-0036569,Gary Brightwell,RB,25.145,8.333,140,0.145,35.9,0,
00-0037526,Marcelino McCrary-Ball,LB,22.008,8.083,103,-2.24,35.9,1,C
00-0039051,Josh Hayes,DB,26.049,7.605,303,3.234,35.9,1,C
00-0040131,Kyle Williams,WR,23.377,7.38,371,1.238,35.9,1,C
00-0030010,Brandon Copeland,LB,25.852,7.76,1430,2.57,35.8,0,
00-0029687,Matt Kalil,OL,25.382,7.307,1193,3.46,35.8,0,
00-0030322,Josh Johnson,DB,25.003,8.333,123,0.003,35.8,0,
00-0030699,Deji Olatoye,DB,24.945,8.333,122,-0.055,35.8,0,
00-0033094,Marvin Hall,WR,24.693,7.827,723,1.213,35.8,0,
00-0035399,Stanley Morgan,WR,26.22,8.333,357,1.22,35.8,0,
00-0036558,Daviyon Nixon,DL,24.307,8.333,135,-0.693,35.8,0,
00-0035804,Jonas Griffith,LB,25.647,7.694,545,2.565,35.8,0,
00-0037278,Luke Wattenberg,OL,19.484,5.339,1946,3.468,35.8,1,C
00-0037591,Leroy Watson IV,OL,27.179,7.99,238,3.21,35.8,0,
00-0036878,Janarius Robinson,DL,25.885,8.247,180,1.143,35.8,0,
00-0039631,Cam Grandy,TE,24.823,8.252,89,0.065,35.8,1,C
00-0027988,Marcus Gilchrist,DB,25.101,7.306,2427,3.182,35.7,0,
00-0030382,Kevin Minter,LB,24.946,7.47,1888,2.537,35.7,0,
00-0033112,Temarrick Hemingway,TE,24.884,8.333,87,-0.116,35.7,0,
00-0032354,Adam Redmond,OL,24.814,8.333,143,-0.186,35.7,0,
00-0033296,Alex Armah,RB,25.182,8.257,518,0.411,35.7,0,
00-0036007,Raequan Williams,DL,24.134,8.333,133,-0.866,35.7,0,
00-0038564,Cameron Latu,TE,24.81,8.139,94,0.393,35.7,1,C
00-0030577,Sylvester Williams,DL,24.618,7.667,1564,1.616,35.6,0,
00-0030516,Brice Butler,WR,24.962,7.938,789,1.148,35.6,0,
00-0027265,Victor Cruz,WR,24.929,7.934,767,1.127,35.6,0,
00-0032940,DeAndre Washington,RB,24.288,7.974,855,0.367,35.6,0,
00-0030286,Tourek Williams,LB,24.986,8.333,135,-0.014,35.6,0,
00-0032573,Patrick Onwuasor,LB,25.152,7.552,1588,2.496,35.6,0,
00-0031884,Gabe Holmes,TE,24.818,8.333,87,-0.182,35.6,0,
00-0034309,Chad Beebe,WR,25.776,8.217,379,1.125,35.6,0,
00-0034730,Marcell Harris,DB,25.067,7.308,1356,3.141,35.6,0,
00-0034556,Kam Kelly,DB,24.773,8.333,121,-0.227,35.6,0,
00-0035217,Benny Snell,RB,24.545,8.056,590,0.377,35.6,0,
00-0034662,Joshua Kalu,DB,26.54,7.799,590,3.144,35.6,0,
00-0037081,Braxton Jones,OL,19.376,5.329,2551,3.387,35.6,1,C
00-0039375,Josh Newton,DB,25.633,7.499,728,3.137,35.6,1,C
00-0039835,Justin Eboigbe,DL,24.6,7.653,425,1.64,35.6,1,C
00-0026275,Josh Sitton,OL,25.177,7.278,1422,3.343,35.5,0,
00-0031089,Beau Allen,DL,24.698,7.707,1393,1.579,35.5,0,
00-0033080,Seth DeValve,TE,24.655,7.649,1033,1.708,35.5,0,
00-0024227,Haloti Ngata,DL,25.245,7.884,1066,1.592,35.5,0,
00-0032201,Ben Heeney,LB,24.928,8.333,135,-0.072,35.5,0,
00-0032256,Clive Walford,TE,24.999,7.767,912,1.698,35.5,0,
00-0032813,Elijhaa Penny,RB,25.332,8.333,499,0.332,35.5,0,
00-0034132,Christian Blake,WR,24.394,7.766,664,1.095,35.5,0,
00-0036396,Jack Driscoll,OL,23.166,6.597,1390,3.375,35.5,0,
00-0038563,Tre Tucker,WR,17.345,5.417,2144,1.095,35.5,1,C
00-0035829,Austen Pleasants,OL,25.497,7.912,188,1.761,35.5,1,C
00-0039431,Jowon Briggs,DL,23.573,7.323,671,1.604,35.5,1,C
00-0040221,R.J. Mickens,DB,26.31,7.743,336,3.083,35.5,1,C
00-0040363,Keleki Latu,TE,23.541,8.187,78,-1.02,35.5,1,C
00-0029620,Brandon Marshall,LB,25.231,7.609,1850,2.404,35.4,0,
00-0031314,Wesley Johnson,OL,24.944,7.205,1529,3.331,35.4,0,
00-0028067,Julius Thomas,TE,24.933,7.759,1031,1.656,35.4,0,
00-0025408,Reggie Nelson,DB,25.133,7.36,2352,3.052,35.4,0,
00-0026248,Kory Lichtensteiger,OL,25.043,8.333,150,0.043,35.4,0,
00-0031258,Jeremiah Attaochu,LB,25.447,7.675,1225,2.422,35.4,0,
00-0029708,Kendall Wright,WR,24.952,7.964,838,1.059,35.4,0,
00-0034652,Cameron Batson,WR,25.419,8.112,514,1.083,35.4,0,
00-0034390,Tyrell Crosby,OL,24.717,7.125,1114,3.342,35.4,0,
00-0035307,Jimmy Moreland,DB,25.626,7.52,1050,3.067,35.4,0,
00-0035694,Greg Little,OL,24.75,7.14,842,3.331,35.4,0,
00-0036311,Bravvion Roy,DL,24.182,7.535,1001,1.578,35.4,0,
00-0034957,Calvin Anderson,OL,24.317,6.995,912,3.331,35.4,1,C
00-0036705,Sam Kamara,DL,25.025,7.821,524,1.561,35.4,1,C
00-0035715,Derrick Gore,RB,24.518,8.333,130,-0.482,35.4,0,
00-0039149,Quan Martin,DB,20.329,5.761,2278,3.046,35.4,1,C
00-0037654,Tucker Fisk,TE,23.694,7.347,511,1.654,35.4,1,C
00-0038603,Rob Beal Jr.,DL,26.104,8.178,284,1.569,35.4,1,C
00-0039425,Myles Cole,DL,23.448,8.332,124,-1.548,35.4,0,
00-0040140,Dylan Fairchild,OL,22.104,6.256,911,3.334,35.4,1,C
00-0040574,Elijah Ponder,LB,25.945,7.847,303,2.404,35.4,1,C
00-0029215,George Iloka,DB,25.328,7.437,2088,3.017,35.3,0,
00-0025549,Brent Celek,TE,25.024,7.8,900,1.622,35.3,0,
00-0027658,Zane Beadles,OL,25.114,7.275,1626,3.291,35.3,0,
00-0028263,Andre Holmes,WR,24.786,7.915,885,1.042,35.3,0,
00-0025402,Lawrence Timmons,LB,25.241,7.614,1818,2.4,35.3,0,
00-0031334,Jason Verrett,DB,25.817,7.595,1127,3.033,35.3,0,
00-0032799,Aaron Wallace,LB,24.98,8.333,138,-0.02,35.3,0,
00-0032371,Rob Kelley,RB,25.072,8.268,463,0.268,35.3,0,
00-0031029,Seantrel Henderson,OL,24.913,8.333,149,-0.087,35.3,0,
00-0033770,Justin Hardee,DB,24.968,8.333,127,-0.032,35.3,0,
00-0034799,Kalen Ballage,RB,23.947,7.892,693,0.27,35.3,0,
00-0036105,Nick Leverett,OL,23.725,6.806,894,3.306,35.3,0,
00-0037662,C.J. Brewer,DL,25.75,8.079,212,1.512,35.3,1,C
00-0037318,Baylon Spector,LB,26.426,8.018,343,2.371,35.3,1,C
00-0040173,Tyrion Ingram-Dawkins,DL,25.352,7.94,235,1.532,35.3,1,C
00-0040670,Nohl Williams,DB,25.687,7.558,429,3.012,35.3,1,C
00-0024306,Frostee Rucker,DL,25.133,7.883,1369,1.483,35.2,0,
00-0029141,Alfred Morris,RB,24.757,8.176,654,0.229,35.2,0,
00-0032875,Ken Crawley,DB,25.07,7.365,1920,2.975,35.2,0,
00-0031731,Corey Grant,RB,25.236,8.333,211,0.236,35.2,0,
00-0031713,Xavier Williams,DL,24.459,7.655,1274,1.494,35.2,0,
00-0028912,Vontaze Burfict,LB,25.19,7.612,1660,2.356,35.2,0,
00-0033572,Jamal Agnew,WR,23.432,7.478,1012,0.997,35.2,1,C
00-0033374,Ricky Ortiz,RB,24.888,8.333,141,-0.112,35.2,0,
00-0034679,Mark Walton,RB,25.223,8.333,269,0.223,35.2,0,
00-0034073,Ross Dwelley,TE,22.827,7.077,1356,1.595,35.2,1,C
00-0035696,Duke Shelley,DB,24.501,7.177,1167,2.97,35.2,0,
00-0032660,Brandin Bryant,DL,24.562,8.333,146,-0.438,35.2,0,
00-0027945,Aldon Smith,DL,24.88,7.8,767,1.479,35.2,0,
00-0036245,Malcolm Perry,RB,25.105,8.333,146,0.105,35.2,0,
00-0035547,Joseph Fortson,TE,25.784,8.064,274,1.593,35.2,0,
00-0036980,Elijah Moore,WR,16.228,5.079,3115,0.993,35.2,1,C
00-0036947,Jalen Mayfield,OL,23.975,6.906,985,3.257,35.2,0,
00-0038119,Jalyn Armour-Davis,DB,25.458,7.496,646,2.971,35.2,1,C
00-0037754,Nicholas Petit-Frere,OL,21.3,6.012,1565,3.264,35.2,0,
00-0039019,John Michael Schmitz,OL,18.848,5.196,2382,3.261,35.2,1,C
00-0038504,Trenton Simpson,LB,23.04,6.892,1044,2.365,35.2,1,C
00-0039589,Kameron Johnson,WR,24.888,8.084,140,0.636,35.2,1,C
00-0026164,Chris Johnson,RB,24.997,8.333,144,-0.003,35.1,0,
00-0030668,Charcandrick West,RB,24.772,8.188,600,0.209,35.1,0,
00-0032897,Derek Watt,RB,25.097,8.299,682,0.198,35.1,0,
00-0030829,Josh Wells,OL,23.919,6.897,1578,3.229,35.1,0,
00-0036289,Ross Blacklock,DL,24.434,7.654,863,1.472,35.1,0,
00-0035202,Del'Shawn Phillips,LB,26.835,8.179,344,2.3,35.1,1,C
00-0037242,Kaiir Elam,DB,21.854,6.297,1568,2.962,35.1,1,C
00-0037387,Jalen Virgil,WR,23.324,8.333,99,-1.676,35.1,0,
00-0037307,Ja'Sir Taylor,DB,24.073,7.044,1150,2.942,35.1,1,C
00-0038623,Dante Stills,DL,20.582,6.374,1507,1.458,35.1,1,C
00-0039810,Jermaine Burton,WR,23.99,8.064,122,-0.201,35.1,0,
00-0040417,Benjamin Chukwuma,OL,23.188,7.916,142,-0.56,35.1,1,C
00-0031843,Ryan Delaire,DL,24.975,8.333,157,-0.025,35.0,0,
00-0033069,Braxton Miller,WR,24.814,7.959,759,0.937,35.0,0,
00-0027864,Ryan Mathews,RB,25.16,8.333,280,0.16,35.0,0,
00-0029205,Travaris Cadet,RB,25.174,8.333,364,0.174,35.0,0,
00-0032508,Hakeem Valles,TE,25.063,8.333,94,0.063,35.0,0,
00-0030555,Dion Jordan,DL,24.989,7.851,954,1.436,35.0,0,
00-0035328,Matt Nelson,OL,24.735,7.181,1011,3.193,35.0,0,
00-0036403,Casey Toohill,DL,22.434,6.999,1421,1.436,35.0,0,
00-0034903,Tevaughn Campbell,DB,25.167,7.415,984,2.923,35.0,0,
00-0036672,Grant Stuard,LB,26.469,8.062,283,2.282,35.0,1,C
00-0037661,Ja'Marcus Ingram,DB,26.899,7.996,362,2.911,35.0,1,C
00-0037086,Grant Calcaterra,TE,19.798,6.087,1534,1.536,35.0,1,C
00-0036527,DJ Turner,WR,23.596,7.555,368,0.931,35.0,0,
00-0038976,Marvin Mims Jr.,WR,19.422,6.163,1127,0.932,35.0,1,C
00-0039873,DeWayne Carter,DL,25.423,8.006,294,1.406,35.0,0,
00-0040024,Darius Cooper,WR,24.177,7.751,220,0.926,35.0,1,C
00-0030465,Kenjon Barner,RB,25.12,8.333,281,0.12,34.9,0,
00-0033079,Ricardo Louis,WR,24.93,8.007,841,0.908,34.9,0,
00-0022999,John Kuhn,RB,25.138,8.333,261,0.138,34.9,0,
00-0026019,Danny Woodhead,RB,25.144,8.333,204,0.144,34.9,0,
00-0031048,Will Sutton,DL,25.005,8.333,158,0.005,34.9,0,
00-0032567,Anthony Fabiano,OL,24.881,8.333,152,-0.119,34.9,0,
00-0034186,Alex Light,OL,24.909,8.333,153,-0.091,34.9,0,
00-0035539,Isaac Nauta,TE,24.957,8.333,93,-0.043,34.9,0,
00-0035862,Essang Bassey,DB,25.346,7.485,921,2.889,34.9,0,
00-0036347,Blake Brandel,OL,19.329,5.395,2152,3.144,34.9,1,C
00-0038126,Perrion Winfrey,DL,25.307,7.977,362,1.376,34.9,1,C
00-0035000,Quinton Bell,LB,26.242,7.996,403,2.255,34.9,1,C
00-0038728,Jared Wayne,WR,22.423,8.187,95,-2.137,34.9,1,D
00-0040584,Gunnar Helm,TE,22.67,7.054,504,1.509,34.9,1,C
00-0031375,Terrance West,RB,25.102,8.333,479,0.102,34.8,0,
00-0031128,Ryan Groy,OL,24.736,7.208,1364,3.113,34.8,0,
00-0030507,Bennie Logan,DL,25.013,7.887,1221,1.354,34.8,0,
00-0031061,Dontae Johnson,DB,25.246,7.467,1664,2.846,34.8,0,
00-0030432,Christine Michael,RB,25.095,8.333,407,0.095,34.8,0,
00-0028040,Jordan Cameron,TE,24.991,8.333,94,-0.009,34.8,0,
00-0024268,Anthony Fasano,TE,25.034,7.862,983,1.447,34.8,0,
00-0031562,Owa Odighizuwa,DL,24.99,8.333,159,-0.01,34.8,0,
00-0026289,Tim Hightower,RB,25.105,8.333,277,0.105,34.8,0,
00-0031939,Matt Jones,RB,25.093,8.333,211,0.093,34.8,0,
00-0033382,Austin Carr,WR,25.029,8.06,548,0.85,34.8,0,
00-0029972,A.J. Francis,DL,25.006,8.333,159,0.006,34.8,0,
00-0034278,Tremon Smith,DB,26.351,7.831,648,2.858,34.8,1,C
00-0036020,Salvon Ahmed,RB,23.095,7.673,551,0.077,34.8,0,
00-0036913,Kadarius Toney,WR,22.656,7.268,682,0.853,34.8,0,
00-0035003,Jackson Barton,OL,23.601,7.903,153,-0.107,34.8,0,
00-0038395,Terell Smith,DB,25.833,7.665,554,2.837,34.8,0,
00-0039752,Cedric Johnson,DL,25.338,7.993,270,1.36,34.8,1,C
00-0031015,Phillip Gaines,DB,25.26,7.479,1551,2.824,34.7,0,
00-0032428,Tyrone Holmes,LB,24.974,8.333,143,-0.026,34.7,0,
00-0030860,Orleans Darkwa,RB,25.043,8.333,365,0.043,34.7,0,
00-0026213,Jamaal Charles,RB,25.067,8.333,241,0.067,34.7,0,
00-0032779,Caleb Benenoch,OL,24.818,7.247,1308,3.077,34.7,0,
00-0031959,Marcus Murphy,RB,25.042,8.333,192,0.042,34.7,0,
00-0031596,David Mayo,LB,23.769,7.201,1742,2.166,34.7,0,
00-0034371,Da'Shawn Hand,DL,20.913,6.528,2135,1.329,34.7,1,C
00-0033461,Raekwon McMillan,LB,23.621,7.15,1896,2.172,34.7,0,
00-0033798,Mason Schreck,TE,25.039,8.333,95,0.039,34.7,0,
00-0032830,Rolan Milligan,DB,24.801,8.333,129,-0.199,34.7,0,
00-0035573,Kareem Orr,DB,24.663,8.333,127,-0.337,34.7,0,
00-0031621,Jake Rodgers,OL,25.024,8.333,157,0.024,34.7,0,
00-0036249,Julian Okwara,DL,23.521,7.401,983,1.317,34.7,0,
00-0036401,Shaun Bradley,LB,24.597,8.333,137,-0.403,34.7,0,
00-0037004,Hunter Long,TE,22.536,7.035,747,1.432,34.7,1,C
00-0036865,Jackson Carman,OL,23.774,6.896,705,3.085,34.7,0,
00-0038684,Ethan Bonner,DB,24.218,8.303,122,-0.692,34.7,1,C
00-0027791,James Starks,RB,25.036,8.333,243,0.036,34.6,0,
00-0033114,Mike Thomas,WR,23.951,7.713,783,0.813,34.6,0,
00-0026232,Cliff Avril,DL,25.265,7.99,1005,1.296,34.6,0,
00-0026982,Andre Smith,OL,24.658,7.2,1390,3.058,34.6,0,
00-0027155,Rashad Jennings,RB,25.011,8.333,441,0.011,34.6,0,
00-0029697,Coby Fleener,TE,25.302,7.967,872,1.401,34.6,0,
00-0029492,Jamize Olawale,RB,25.028,8.333,533,0.028,34.6,0,
00-0027008,Ziggy Hood,DL,24.941,7.887,1338,1.281,34.6,0,
00-0031265,Ed Stinson,DL,24.948,8.333,160,-0.052,34.6,0,
00-0031599,Cameron Artis-Payne,RB,25.04,8.333,156,0.04,34.6,0,
00-0029384,Bobby Rainey,RB,25.011,8.333,166,0.011,34.6,0,
00-0032411,Kenneth Dixon,RB,25.029,8.333,416,0.029,34.6,0,
00-0030251,Wes Horton,DL,24.809,7.837,1234,1.299,34.6,0,
00-0032783,LeShaun Sims,DB,24.557,7.267,1725,2.756,34.6,0,
00-0026290,Breno Giacomini,OL,25.016,7.325,1278,3.041,34.6,0,
00-0030117,Kerwynn Williams,RB,25.037,8.333,276,0.037,34.6,0,
00-0030112,Tommy Bohanon,RB,25.012,8.333,458,0.012,34.6,0,
00-0034265,Anthony Averett,DB,23.92,7.053,1653,2.761,34.6,0,
00-0034457,Josh Adams,RB,25.037,8.333,327,0.037,34.6,0,
00-0035345,Chris Myarick,TE,25.142,7.917,372,1.391,34.6,0,
00-0037751,Myjai Sanders,LB,26.384,8.079,434,2.147,34.6,0,
00-0038594,Darrell Luter Jr.,DB,25.786,7.677,321,2.755,34.6,1,C
00-0038616,Christian Braswell,DB,26.924,8.163,189,2.434,34.6,1,C
00-0038641,Isaiah Bolden,DB,24.739,8.23,134,0.048,34.6,0,
00-0039354,McKinnley Jackson,DL,25.17,7.965,367,1.275,34.6,1,C
00-0039368,Jordan Magee,LB,25.345,7.736,360,2.136,34.6,1,C
00-0027215,Logan Paulsen,TE,25.025,7.884,851,1.373,34.5,0,
00-0031301,Jeremy Hill,RB,24.996,8.333,514,-0.004,34.5,0,
00-0030485,Eddie Lacy,RB,24.991,8.333,288,-0.009,34.5,0,
00-0031308,Kevin Pierre-Louis,LB,25.352,7.753,1119,2.092,34.5,0,
00-0032130,Jalston Fowler,RB,24.985,8.333,274,-0.015,34.5,0,
00-0029510,Jonathan Grimes,RB,25.002,8.333,184,0.002,34.5,0,
00-0026286,Jerome Felton,RB,24.999,8.333,307,-0.001,34.5,0,
00-0033527,Montae Nicholson,DB,25.072,7.449,1564,2.723,34.5,0,
00-0033554,Tedric Thompson,DB,25.041,7.436,1149,2.732,34.5,0,
00-0034446,Jalen Davis,DB,26.272,7.846,565,2.732,34.5,1,C
00-0035927,Breiden Fehoko,DL,25.594,8.119,420,1.236,34.5,0,
00-0036654,Demetric Felton,RB,24.975,8.333,195,-0.025,34.5,0,
00-0036857,Chris Evans,RB,24.525,8.333,139,-0.475,34.5,0,
00-0036176,Mason Kinsey,WR,25.103,8.116,162,0.754,34.5,1,D
00-0036590,Quintin Morris,TE,22.343,6.992,857,1.368,34.5,1,C
00-0039337,Malik Nabers,WR,20.213,6.484,1036,0.759,34.5,1,D
00-0030433,Mike Gillislee,RB,24.953,8.333,455,-0.047,34.4,0,
00-0032402,Hassan Ridgeway,DL,23.594,7.466,1752,1.196,34.4,0,
00-0028003,Terrell McClain,DL,24.701,7.835,1204,1.197,34.4,0,
00-0035343,Jonathan Ledbetter,DL,23.797,7.533,797,1.198,34.4,0,
00-0034812,Travin Howard,LB,26.83,8.253,307,2.071,34.4,0,
00-0034984,Kingsley Keke,DL,24.845,7.873,865,1.225,34.4,0,
00-0033995,Michael Dunn,OL,24.824,7.278,663,2.99,34.4,0,
00-0036908,Thomas Graham Jr.,DB,25.31,8.333,140,0.31,34.4,0,
00-0038475,Alex Cook,DB,25.055,8.333,136,0.055,34.4,0,
00-0038649,Alex Forsyth,OL,24.999,7.337,449,2.988,34.4,1,C
00-0026373,Justin Forsett,RB,24.925,8.333,247,-0.075,34.3,0,
00-0026069,Mike Tolbert,RB,24.905,8.333,508,-0.095,34.3,0,
00-0029273,Robert Turbin,RB,24.916,8.333,411,-0.084,34.3,0,
00-0032377,Josh Ferguson,RB,24.931,8.333,151,-0.069,34.3,0,
00-0029795,Benny Cunningham,RB,24.905,8.333,366,-0.095,34.3,0,
00-0028202,Shaun Draughn,RB,24.918,8.333,299,-0.082,34.3,0,
00-0028198,Matt Asiata,RB,24.917,8.333,386,-0.083,34.3,0,
00-0024242,DeAngelo Williams,RB,24.929,8.333,320,-0.071,34.3,0,
00-0026994,Robert Ayers,DL,25.12,7.976,1097,1.193,34.3,0,
00-0032902,Kenneth Farrow,RB,24.896,8.333,180,-0.104,34.3,0,
00-0032921,Zach Sterup,OL,24.854,8.333,158,-0.146,34.3,0,
00-0035148,Darwin Thompson,RB,24.92,8.333,189,-0.08,34.3,0,
00-0033705,Andre Patton,WR,24.835,8.048,469,0.691,34.3,0,
00-0035418,Brandon Knight,OL,25.266,7.44,852,2.946,34.3,0,
00-0036397,Shane Lemieux,OL,23.641,6.896,931,2.952,34.3,0,
00-0036867,Chris Rumph II,LB,24.656,7.55,856,2.005,34.3,1,C
00-0031102,Kapri Bibbs,RB,24.893,8.333,352,-0.107,34.2,0,
00-0031085,Jay Prosch,RB,24.89,8.333,325,-0.11,34.2,0,
00-0026944,Captain Munnerlyn,DB,25.294,7.558,1592,2.621,34.2,0,
00-0026832,Jonathan Casillas,LB,25.174,7.727,1243,1.994,34.2,0,
00-0031938,Carl Davis,DL,24.853,7.9,987,1.153,34.2,0,
00-0033744,Chad Wheeler,OL,24.968,7.353,1133,2.908,34.2,0,
00-0031928,Chad Slade,OL,24.888,8.333,159,-0.112,34.2,0,
00-0034435,Keion Crossen,DB,25.225,7.531,906,2.633,34.2,0,
00-0036214,Tyre Phillips,OL,21.088,6.056,1763,2.92,34.2,0,
00-0036334,Saahdiq Charles,OL,22.865,6.653,1125,2.907,34.2,0,
00-0037262,Thomas Booker,DL,23.478,7.449,933,1.131,34.2,1,C
00-0037395,Dallis Flowers,DB,25.697,7.692,546,2.622,34.2,0,
00-0038642,D.J. Ivey,DB,26.795,8.236,183,2.087,34.2,1,C
00-0039842,Michael Jerrell,OL,26.174,7.755,263,2.908,34.2,1,C
00-0040192,Jordan Hancock,DB,25.791,7.954,178,1.929,34.2,1,C
00-0031569,Jeremy Langford,RB,24.825,8.333,252,-0.175,34.1,0,
00-0031087,Andre Hal,DB,25.22,7.545,2045,2.586,34.1,0,
00-0031612,Aaron Ripkowski,RB,24.825,8.333,509,-0.175,34.1,0,
00-0031021,Jared Abbrederis,WR,24.909,8.333,133,-0.091,34.1,0,
00-0027684,Earl Mitchell,DL,25.122,8.006,1277,1.104,34.1,0,
00-0031897,Thomas Rawls,RB,24.708,8.289,558,-0.161,34.1,0,
00-0030287,Andre Ellington,RB,24.838,8.333,425,-0.162,34.1,0,
00-0029004,Lance Dunbar,RB,24.83,8.333,167,-0.17,34.1,0,
00-0025753,James Ihedigbo,DB,24.996,8.333,137,-0.004,34.1,0,
00-0030590,Jonathan Cooper,OL,24.982,7.362,1146,2.895,34.1,0,
00-0034071,Danny Johnson,DB,25.038,7.483,928,2.588,34.1,0,
00-0035268,Ryquell Armstead,RB,24.85,8.333,168,-0.15,34.1,0,
00-0035507,Kyle Phillips,DL,25.523,8.14,938,1.104,34.1,0,
00-0034989,Justin Skule,OL,21.584,6.229,1674,2.898,34.1,1,C
00-0034951,Fred Johnson,OL,20.906,6.009,1846,2.88,34.1,1,C
00-0035592,Travis Fulgham,WR,23.949,7.772,589,0.634,34.1,0,
00-0034193,Kevin Rader,TE,25.624,8.138,286,1.211,34.1,0,
00-0036537,Josiah Bronson,DL,24.432,8.333,154,-0.568,34.1,0,
00-0035603,Kendall Blanton,TE,25.063,7.954,266,1.2,34.1,0,
00-0036978,Ronnie Perkins,LB,24.582,8.311,143,-0.352,34.1,0,
00-0035853,Carter O'Donnell,OL,24.884,8.012,181,0.849,34.1,0,
00-0040136,Princely Umanmielen,LB,25.441,7.834,225,1.939,34.1,1,C
00-0029731,Fozzy Whittaker,RB,24.815,8.333,327,-0.185,34.0,0,
00-0029640,Brian Quick,WR,24.774,8.062,809,0.588,34.0,0,
00-0032417,Paul Perkins,RB,24.808,8.333,446,-0.192,34.0,0,
00-0031665,Zach Zenner,RB,24.799,8.333,523,-0.201,34.0,0,
00-0032443,Joey Hunt,OL,24.903,7.346,864,2.865,34.0,0,
00-0032794,Danny Vitale,RB,24.822,8.333,355,-0.178,34.0,0,
00-0032964,Byron Marshall,RB,24.798,8.333,160,-0.202,34.0,0,
00-0032250,Kasen Williams,WR,24.959,8.333,135,-0.041,34.0,0,
00-0029068,Derrick Coleman,RB,24.819,8.333,299,-0.181,34.0,0,
00-0033562,Ryan Switzer,WR,25.237,8.213,447,0.598,34.0,0,
00-0026300,Josh Johnson,QB,23.213,2.745,515,14.977,34.0,1,C
00-0035126,Antoine Wesley,WR,24.289,7.896,460,0.602,34.0,0,
00-0037569,Peyton Hendershot,TE,24.318,7.71,523,1.187,34.0,0,
00-0037539,Lucas Krull,TE,23.26,7.361,518,1.176,34.0,1,C
00-0039156,Julius Brents,DB,24.888,7.439,647,2.57,34.0,1,C
00-0032740,Lawrence Thomas,RB,24.766,8.333,191,-0.234,33.9,0,
00-0034177,Tim Boyle,QB,23.159,2.739,404,14.942,33.9,0,
00-0034432,Bo Scarbrough,RB,24.777,8.333,170,-0.223,33.9,0,
00-0037000,Monty Rice,LB,25.519,7.88,600,1.88,33.9,0,
00-0036611,Raymond Johnson III,DL,24.335,8.333,153,-0.665,33.9,0,
00-0037013,Zach Wilson,QB,22.377,2.48,1861,14.938,33.9,1,C
00-0036666,Shaka Toney,DL,24.639,8.333,160,-0.361,33.9,0,
00-0038782,Eku Leota,LB,23.92,8.333,133,-1.08,33.9,0,
00-0038908,Anfernee Orji,LB,23.28,8.113,133,-1.057,33.9,0,
00-0039874,Jaylen Wright,RB,23.69,7.971,274,-0.223,33.9,1,D
00-0039818,Kitan Oladapo,DB,24.205,8.292,129,-0.671,33.9,1,C
00-0025945,Erin Henderson,LB,25.002,8.333,152,0.002,33.8,0,
00-0029529,Coty Sensabaugh,DB,25.265,7.595,1312,2.481,33.8,0,
00-0027994,Shane Vereen,RB,24.721,8.333,417,-0.279,33.8,0,
00-0026512,Chris Baker,DL,25.025,8.003,1169,1.015,33.8,0,
00-0031900,Rod Smith,RB,24.747,8.333,367,-0.253,33.8,0,
00-0032560,Charles Washington,DB,25.109,8.333,142,0.109,33.8,0,
00-0033258,Darrell Daniels,TE,23.937,7.603,920,1.126,33.8,0,
00-0032042,Curtis Riley,DB,25.079,7.527,1440,2.499,33.8,0,
00-0033861,Mike Tyson,DB,24.899,8.333,138,-0.101,33.8,0,
00-0034112,Austin Schlottmann,OL,22.68,6.63,1333,2.791,33.8,1,C
00-0036390,Michael Ojemudia,DB,24.748,7.427,892,2.468,33.8,0,
00-0035670,Dakota Allen,LB,24.499,8.333,143,-0.501,33.8,0,
00-0038105,Damarri Mathis,DB,23.394,6.964,1227,2.502,33.8,0,
00-0032725,Stephen Anderson,TE,23.511,7.475,1113,1.085,33.7,0,
00-0026281,Gary Barnidge,TE,24.937,7.951,923,1.084,33.7,0,
00-0028958,Cory Harkey,TE,25.025,8.333,101,0.025,33.7,0,
00-0028908,Michael Thomas,DB,24.978,7.514,1697,2.436,33.7,0,
00-0032393,C.J. Prosise,RB,24.691,8.333,392,-0.309,33.7,0,
00-0030963,Dashaun Phillips,DB,24.994,8.333,141,-0.006,33.7,0,
00-0028932,L.J. Fort,LB,25.212,7.8,1075,1.814,33.7,0,
00-0027980,Brooks Reed,LB,24.654,7.62,1478,1.792,33.7,0,
00-0032581,Cre'von LeBlanc,DB,24.831,7.455,1644,2.466,33.7,0,
00-0032098,Daniel Brown,TE,25.382,8.102,817,1.075,33.7,0,
00-0034400,Jordan Wilkins,RB,24.106,8.132,553,-0.29,33.7,0,
00-0034164,Trenton Cannon,RB,24.686,8.333,230,-0.314,33.7,0,
00-0033446,Jordan Simmons,OL,24.702,7.31,806,2.77,33.7,0,
00-0035437,Roderic Teamer,DB,25.235,7.596,908,2.447,33.7,0,
00-0035294,Blessuan Austin,DB,25.116,7.56,1136,2.436,33.7,0,
00-0033275,PJ Walker,QB,23.735,2.944,699,14.902,33.7,0,
00-0037375,Christopher Hinton,DL,24.846,8.333,167,-0.154,33.7,0,
00-0038573,Derius Davis,WR,23.525,7.676,367,0.496,33.7,1,D
00-0039001,Tyler Steen,OL,19.959,5.739,1459,2.742,33.7,1,C
00-0040649,Robbie Ouzts,RB,23.513,7.935,200,-0.292,33.7,1,D
00-0040218,Jimmy Horn Jr.,WR,23.771,7.766,161,0.475,33.7,1,D
00-0032435,Anthony Zettel,DL,24.916,7.998,1200,0.923,33.6,0,
00-0033111,Pharoh Cooper,WR,24.235,7.923,905,0.465,33.6,0,
00-0030741,Roosevelt Nix,RB,24.677,8.333,395,-0.323,33.6,0,
00-0032362,Maurice Harris,WR,24.798,8.115,631,0.452,33.6,0,
00-0031103,Deandre Coleman,DL,24.935,8.333,170,-0.065,33.6,0,
00-0033840,Chad Hansen,WR,24.868,8.136,595,0.461,33.6,0,
00-0033595,Pat O'Connor,DL,24.618,7.895,618,0.932,33.6,1,C
00-0034631,Vyncint Smith,WR,24.629,8.063,600,0.439,33.6,0,
00-0032518,Justin Zimmer,DL,25.34,8.136,556,0.932,33.6,0,
00-0034054,River Cracraft,WR,23.432,7.657,608,0.46,33.6,1,D
00-0034848,R.J. McIntosh,DL,24.789,8.333,167,-0.211,33.6,0,
00-0035310,Chandler Cox,RB,24.652,8.333,168,-0.348,33.6,0,
00-0032986,J.P. Holtz,TE,25.197,8.056,544,1.028,33.6,0,
00-0036635,Ihmir Smith-Marsette,WR,24.992,8.182,264,0.446,33.6,0,
00-0037298,Sam Roberts,DL,25.032,8.037,247,0.922,33.6,1,C
00-0038045,Isaiah Spiller,RB,24.654,8.333,156,-0.346,33.6,0,
00-0036584,Foster Sarell,OL,25.17,7.481,526,2.727,33.6,1,C
00-0040347,Johnathan Edwards,DB,25.718,7.764,297,2.425,33.6,1,C
00-0020337,Steve Smith,WR,25.081,8.219,677,0.426,33.5,0,
00-0032694,Jalin Marshall,WR,24.968,8.333,139,-0.032,33.5,0,
00-0030538,Johnathan Cyprien,DB,24.918,7.509,1740,2.391,33.5,0,
00-0022924,Ben Roethlisberger,QB,24.85,3.334,5305,14.848,33.5,0,
00-0029869,Will Compton,LB,25.123,7.797,1453,1.732,33.5,0,
00-0034263,Tarvarius Moore,DB,25.489,7.701,999,2.385,33.5,0,
00-0036297,Darrynton Evans,RB,24.625,8.333,176,-0.375,33.5,0,
00-0035457,Tyron Johnson,WR,24.976,8.188,347,0.413,33.5,0,
00-0031757,Lucky Whitehead,WR,25.047,8.333,142,0.047,33.4,0,
00-0027717,Joe Hawley,OL,25.109,7.482,1104,2.663,33.4,0,
00-0033392,Harvey Langi,LB,25.624,7.972,635,1.71,33.4,0,
00-0036131,Solomon Kindley,OL,24.885,7.411,820,2.651,33.4,0,
00-0036096,J.J. Taylor,RB,24.262,8.333,142,-0.738,33.4,0,
00-0036425,DeeJay Dallas,RB,22.119,7.514,662,-0.425,33.4,1,D
00-0036101,Luq Barcoo,DB,24.612,8.333,137,-0.388,33.4,0,
00-0036999,Anthony Schwartz,WR,24.315,7.978,386,0.381,33.4,0,
00-0036885,Tre Brown,DB,23.287,6.985,1157,2.333,33.4,1,C
00-0037456,Troy Hairston,RB,24.589,8.333,155,-0.411,33.4,0,
00-0038980,Zach Harrison,DL,22.373,7.173,809,0.855,33.4,1,D
00-0039394,Casey Washington,WR,23.652,7.758,177,0.377,33.4,1,D
00-0030149,Matt Tobin,OL,24.976,8.333,170,-0.024,33.3,0,
00-0030986,Ethan Westbrooks,DL,25.218,8.135,1070,0.812,33.3,0,
00-0031365,Ryan Shazier,LB,25.319,7.888,1549,1.655,33.3,0,
00-0032517,Briean Boddy-Calhoun,DB,24.976,7.558,1731,2.3,33.3,0,
00-0032916,Trevor Williams,DB,24.949,7.55,1742,2.298,33.3,0,
00-0034354,Kemoko Turay,DL,25.131,8.101,821,0.829,33.3,0,
00-0034052,Brandon Zylstra,WR,24.346,7.994,520,0.364,33.3,0,
00-0034806,Micah Kiser,LB,25.486,7.942,638,1.661,33.3,0,
00-0034273,Damion Ratley,WR,24.741,8.136,515,0.333,33.3,0,
00-0034747,Marcell Ateman,WR,24.653,8.096,480,0.364,33.3,0,
00-0035390,Anthony Rush,DL,25.315,8.163,566,0.825,33.3,0,
00-0035908,Gabe Nabers,RB,24.537,8.333,152,-0.463,33.3,0,
00-0036633,Caden Sterns,DB,25.861,7.852,544,2.304,33.3,0,
00-0038646,Alex Austin,DB,24.916,7.542,562,2.291,33.3,1,C
00-0038667,Elijah Cooks,WR,22.716,8.333,103,-2.284,33.3,0,
00-0039812,Ty'Ron Hopper,LB,23.89,8.172,145,-0.625,33.3,1,C
00-0027125,Zach Miller,TE,24.927,8.003,784,0.918,33.2,0,
00-0032218,Dorial Green-Beckham,WR,24.941,8.214,613,0.298,33.2,0,
00-0031997,David Irving,DL,25.183,8.128,929,0.799,33.2,0,
00-0032577,D.J. Foster,RB,24.529,8.333,169,-0.471,33.2,0,
00-0033039,Christian Westerman,OL,24.988,8.333,171,-0.012,33.2,0,
00-0033920,Derek Rivers,DL,25.79,8.333,336,0.79,33.2,0,
00-0036373,Rashard Lawrence,DL,25.268,8.154,495,0.807,33.2,0,
00-0036324,Jeff Gladney,DB,24.875,7.533,908,2.276,33.2,0,
00-0036844,Garret Wallow,LB,25.655,8.014,472,1.612,33.2,1,C
00-0037826,Drake Jackson,LB,25.345,7.905,536,1.629,33.2,1,C
00-0037096,Elijah Hicks,DB,24.161,7.296,1029,2.273,33.2,1,C
00-0032156,Trevor Siemian,QB,23.549,2.924,2163,14.776,33.1,0,
00-0031336,Kony Ealy,DL,25.056,8.1,1078,0.756,33.1,0,
00-0028443,Mike Morgan,LB,25.098,8.333,161,0.098,33.1,0,
00-0032400,Malcolm Mitchell,WR,25.112,8.273,600,0.294,33.1,0,
00-0031259,Aaron Colvin,DB,25.225,7.664,1582,2.234,33.1,0,
00-0035666,Bobby Evans,OL,23.978,7.147,923,2.536,33.1,0,
00-0036366,Neville Gallimore,DL,20.563,6.597,1987,0.772,33.1,1,D
00-0035965,Tipa Galeai,LB,24.712,8.333,153,-0.288,33.1,0,
00-0036755,Jaret Patterson,RB,23.75,8.095,274,-0.534,33.1,1,D
00-0037280,Matthew Butler,DL,24.759,8.002,349,0.753,33.1,1,D
00-0040636,Keyon Martin,DB,24.007,8.209,136,-0.619,33.1,1,C
00-0039755,KT Leveston,OL,22.972,6.802,622,2.565,33.1,1,C
00-0032404,Tyler Ervin,RB,24.45,8.333,351,-0.55,33.0,0,
00-0022927,Karlos Dansby,LB,25.073,7.845,1604,1.537,33.0,0,
00-0025390,Joe Thomas,OL,24.891,7.462,1413,2.504,33.0,0,
00-0026156,Dominique Rodgers-Cromartie,DB,24.991,7.593,1455,2.213,33.0,0,
00-0032004,Will Tye,TE,24.887,8.021,780,0.824,33.0,0,
00-0027023,Mike Mitchell,DB,25.106,7.631,2062,2.214,33.0,0,
00-0028031,Chris Conte,DB,25.05,7.615,1520,2.204,33.0,0,
00-0030629,Jeremy Vujnovich,OL,24.751,7.409,1127,2.524,33.0,0,
00-0034317,Keith Kirkwood,WR,22.358,7.373,747,0.239,33.0,0,
00-0035633,Corey Ballentine,DB,25.153,7.657,987,2.181,33.0,1,C
00-0035181,Darrius Shepherd,WR,25.253,8.333,179,0.253,33.0,0,
00-0035293,Xavier Crawford,DB,24.853,8.333,144,-0.147,33.0,0,
00-0036163,Justin Herron,OL,24.881,7.449,796,2.533,33.0,0,
00-0036142,Isaiah Wright,WR,24.785,8.181,348,0.243,33.0,0,
00-0036846,Tre Norwood,DB,25.26,7.692,603,2.184,33.0,0,
00-0038607,Jaelyn Duncan,OL,25.123,7.54,382,2.504,33.0,0,
00-0039887,Layden Robinson,OL,24.047,7.178,564,2.514,33.0,0,
00-0039374,Tommy Eichenberg,LB,24.759,8.27,159,-0.052,33.0,1,C
00-0039371,Kris Abrams-Draine,DB,25.717,7.844,321,2.186,33.0,1,C
00-0027714,Dennis Pitta,TE,25.045,8.088,753,0.782,32.9,0,
00-0031620,Deon Simon,DL,24.932,8.333,177,-0.068,32.9,0,
00-0027089,Louis Murphy,WR,25.213,8.333,214,0.213,32.9,0,
00-0034510,Robert Foster,WR,23.991,7.923,648,0.222,32.9,0,
00-0031319,Diontae Spencer,WR,25.22,8.333,178,0.22,32.9,0,
00-0035432,Jason Moore,WR,25.218,8.333,198,0.218,32.9,0,
00-0036382,K.J. Hill,WR,25.212,8.333,150,0.212,32.9,0,
00-0036341,Khalid Kareem,DL,24.521,7.942,585,0.695,32.9,1,D
00-0036991,Amari Rodgers,WR,24.404,8.059,371,0.227,32.9,0,
00-0036727,Adam Prentice,RB,20.782,7.121,781,-0.581,32.9,1,D
00-0037755,Jelani Woods,TE,24.358,7.858,371,0.784,32.9,1,C
00-0039391,Kimani Vidal,RB,19.983,6.858,676,-0.592,32.9,1,D
00-0040127,Kenneth Grant,DL,23.147,7.481,523,0.704,32.9,1,D
00-0032450,Dwayne Washington,RB,24.386,8.333,389,-0.614,32.8,0,
00-0033525,Ryan Anderson,LB,25.368,7.968,1057,1.465,32.8,0,
00-0033505,Cameron Tom,OL,24.792,8.333,171,-0.208,32.8,0,
00-0036005,Noah Togiai,TE,24.501,8.333,99,-0.499,32.8,0,
00-0039508,Jake Kubas,OL,24.489,8.011,186,0.455,32.8,0,
00-0040585,Ty Hamilton,DL,23.304,7.953,166,-0.556,32.8,1,D
00-0040747,Benjamin Morrison,DB,25.205,7.694,345,2.123,32.8,1,C
00-0033024,Branden Jackson,DL,24.8,8.065,953,0.604,32.7,0,
00-0031953,Geremy Davis,WR,25.149,8.333,169,0.149,32.7,0,
00-0031636,Justin Hamilton,DL,25.636,8.333,641,0.636,32.7,0,
00-0033095,Garrett Griffin,TE,25.433,8.236,400,0.726,32.7,0,
00-0035593,Juwann Winfree,WR,25.06,8.306,208,0.141,32.7,0,
00-0035783,Tyler Hall,DB,26.205,8.037,371,2.092,32.7,0,
00-0036752,AJ Parker,DB,25.404,7.771,663,2.092,32.7,0,
00-0036634,Tony Fields II,LB,25.202,7.914,504,1.46,32.7,0,
00-0039844,Kingsley Suamataia,OL,19.978,5.855,1214,2.414,32.7,1,C
00-0025421,Paul Posluszny,LB,25.105,7.895,1476,1.421,32.6,0,
00-0030290,Cobi Hamilton,WR,25.111,8.333,498,0.111,32.6,0,
00-0035247,Trysten Hill,DL,24.333,7.917,726,0.582,32.6,0,
00-0036576,Phil Hoskins,DL,24.844,8.279,183,0.006,32.6,0,
00-0037811,Chad Muma,LB,24.559,7.716,739,1.412,32.6,1,C
00-0037633,Jacob Hummel,LB,24.286,8.287,152,-0.574,32.6,1,C
00-0036682,Malik Herring,DL,23.981,7.795,474,0.597,32.6,1,D
00-0038130,Andrew Booth,DB,26.291,8.08,342,2.051,32.6,0,
00-0036839,Kion Smith,OL,24.922,7.979,202,0.986,32.6,1,C
00-0039442,Kingsley Eguakun,OL,20.508,7.788,132,-2.856,32.6,1,C
00-0040704,Dillon Gabriel,QB,21.838,2.396,351,14.649,32.6,1,C
00-0031560,Jaelen Strong,WR,25.075,8.333,343,0.075,32.5,0,
00-0029744,Josh McNary,LB,25.02,8.333,165,0.02,32.5,0,
00-0031615,Christian Ringo,DL,25.263,8.239,672,0.547,32.5,0,
00-0029129,Rod Streater,WR,25.088,8.333,261,0.088,32.5,0,
00-0025509,Doug Free,OL,25.1,7.581,1057,2.357,32.5,0,
00-0026784,Evan Smith,OL,25.433,7.69,963,2.363,32.5,0,
00-0032975,Jonathan Williams,RB,24.278,8.333,376,-0.722,32.5,0,
00-0030737,Freddie Martino,WR,25.072,8.333,233,0.072,32.5,0,
00-0031050,Kareem Martin,LB,25.365,8.003,1077,1.355,32.5,0,
00-0031511,DeAndrew White,WR,24.918,8.333,146,-0.082,32.5,0,
00-0034030,Keionta Davis,DL,24.761,8.333,177,-0.239,32.5,0,
00-0034587,Abdullah Anderson,DL,24.508,7.985,707,0.552,32.5,0,
00-0033215,Cyril Grayson,WR,25.06,8.333,169,0.06,32.5,0,
00-0036296,Jabari Zuniga,DL,24.845,8.333,179,-0.155,32.5,0,
00-0036845,Quincy Roche,LB,25.58,8.066,393,1.383,32.5,0,
00-0037561,Markquese Bell,DB,23.563,7.178,1039,2.029,32.5,1,C
00-0037468,Raheem Layne,DB,26.507,8.16,215,2.027,32.5,1,C
00-0038403,Tre Hawkins III,DB,26.033,8.002,408,2.028,32.5,0,
00-0032976,Spencer Drango,OL,24.817,7.503,1153,2.309,32.4,0,
00-0024424,Zach Strief,OL,25.123,7.601,1143,2.319,32.4,0,
00-0028052,Cecil Shorts,WR,25.023,8.333,235,0.023,32.4,0,
00-0027654,Arrelious Benn,WR,25.043,8.333,169,0.043,32.4,0,
00-0031268,Walt Powell,WR,25.022,8.333,277,0.022,32.4,0,
00-0028994,Dominique Jones,TE,25.019,8.333,109,0.019,32.4,0,
00-0030094,Eric Kush,OL,24.853,7.51,979,2.323,32.4,0,
00-0029336,Brittan Golden,WR,25.044,8.333,215,0.044,32.4,0,
00-0033742,Tyrone Swoopes,TE,24.534,8.333,102,-0.466,32.4,0,
00-0032728,Tevin Jones,WR,24.541,8.333,139,-0.459,32.4,0,
00-0035957,Rodney Smith,RB,24.223,8.333,166,-0.777,32.4,0,
00-0036926,Payton Turner,DL,24.222,7.899,631,0.527,32.4,0,
00-0038394,Will Mallory,TE,24.407,7.925,251,0.63,32.4,1,C
00-0026182,Eddie Royal,WR,25.002,8.333,297,0.002,32.3,0,
00-0031291,James Wright,WR,25.009,8.333,181,0.009,32.3,0,
00-0029545,Keenan Robinson,LB,25.188,7.965,1069,1.293,32.3,0,
00-0031264,Chris Smith,LB,25.514,8.067,1087,1.314,32.3,0,
00-0031001,Jeff Janis,WR,24.987,8.333,281,-0.013,32.3,0,
00-0032724,Bryce Treggs,WR,25.009,8.333,278,0.009,32.3,0,
00-0032841,Paul Turner,WR,24.997,8.333,153,-0.003,32.3,0,
00-0033933,Chad Williams,WR,24.567,8.186,516,0.009,32.3,0,
00-0032633,Reggie Gilbert,DL,25.043,8.184,823,0.49,32.3,0,
00-0034091,George Odum,DB,24.597,7.547,1197,1.956,32.3,0,
00-0034801,Josh Woods,LB,24.024,7.575,718,1.3,32.3,1,C
00-0035423,Daniel Wise,DL,25.487,8.333,219,0.487,32.3,0,
00-0037095,Christian Holmes,DB,23.747,8.333,133,-1.253,32.3,0,
00-0038108,Bailey Zappe,QB,22.735,2.717,641,14.585,32.3,0,
00-0037300,Mike Woods,WR,22.72,7.572,434,0.004,32.3,0,
00-0039067,Rashee Rice,WR,17.244,5.741,1337,0.02,32.3,1,D
00-0038493,Claudin Cherelus,LB,23.501,7.403,399,1.291,32.3,1,C
00-0038476,Tommy DeVito,QB,23.14,2.848,475,14.596,32.3,0,
00-0039377,Jaylon Carlies,LB,25.844,8.188,226,1.281,32.3,1,C
00-0026739,Jordan Norwood,WR,24.968,8.333,443,-0.032,32.2,0,
00-0027245,Vincent Rey,LB,25.097,7.946,1283,1.259,32.2,0,
00-0023441,Adam Jones,DB,25.203,7.767,1424,1.9,32.2,0,
00-0031031,Brent Qvale,OL,24.672,7.472,1092,2.257,32.2,0,
00-0026205,John Greco,OL,24.797,7.521,1280,2.234,32.2,0,
00-0031854,Chris Harper,WR,24.957,8.333,220,-0.043,32.2,0,
00-0030521,Justin Hunter,WR,24.956,8.333,463,-0.044,32.2,0,
00-0032423,Trevor Davis,WR,24.964,8.333,410,-0.036,32.2,0,
00-0033097,Shon Coleman,OL,24.969,7.579,1044,2.234,32.2,0,
00-0031060,De'Anthony Thomas,WR,24.977,8.333,331,-0.023,32.2,0,
00-0029119,Derek Carrier,TE,25.168,8.201,683,0.564,32.2,0,
00-0033916,ArDarius Stewart,WR,24.977,8.333,213,-0.023,32.2,0,
00-0033936,C.J. Beathard,QB,24.728,3.386,1010,14.571,32.2,0,
00-0033006,Jaydon Mickens,WR,24.956,8.333,194,-0.044,32.2,0,
00-0033434,Bobo Wilson,WR,24.984,8.333,175,-0.016,32.2,0,
00-0031972,Darius Jennings,WR,24.976,8.333,215,-0.024,32.2,0,
00-0036419,Terrell Lewis,LB,24.828,7.86,786,1.247,32.2,0,
00-0039731,JC Latham,OL,19.212,5.659,1778,2.234,32.2,1,C
00-0039458,Brenden Bates,TE,24.499,7.981,169,0.557,32.2,1,C
00-0039796,Rasheen Ali,RB,22.237,7.985,132,-1.718,32.2,1,D
00-0025470,Charles Johnson,DL,25.168,8.251,884,0.416,32.1,0,
00-0031118,Corey Brown,WR,24.941,8.333,556,-0.059,32.1,0,
00-0030990,Josh Huff,WR,24.948,8.333,158,-0.052,32.1,0,
00-0026307,Erik Walden,LB,25.065,7.952,1314,1.211,32.1,0,
00-0032170,Rashad Greene,WR,24.922,8.333,162,-0.078,32.1,0,
00-0027733,Kam Chancellor,DB,25.364,7.832,1354,1.869,32.1,0,
00-0032430,David Morgan,TE,25.077,8.182,664,0.532,32.1,0,
00-0024271,Chris Chester,OL,25.122,7.641,1167,2.199,32.1,0,
00-0023496,Vincent Jackson,WR,24.931,8.333,291,-0.069,32.1,0,
00-0030263,Charles James,DB,24.947,8.333,154,-0.053,32.1,0,
00-0032959,Charone Peake,WR,24.937,8.333,423,-0.063,32.1,0,
00-0032795,Cody Core,WR,24.625,8.227,678,-0.056,32.1,0,
00-0034751,Josh Jackson,DB,25.178,7.768,1174,1.874,32.1,0,
00-0034746,Maurice Hurst,DL,21.694,7.089,1644,0.427,32.1,1,D
00-0034362,Rashaan Gaulden,DB,24.898,8.333,153,-0.102,32.1,0,
00-0034402,Duke Ejiofor,LB,24.854,8.333,165,-0.146,32.1,0,
00-0034081,Steven Mitchell,WR,24.936,8.333,152,-0.064,32.1,0,
00-0036238,John Penisini,DL,23.812,7.795,785,0.426,32.1,0,
00-0036276,Jacob Phillips,LB,24.919,7.901,647,1.215,32.1,0,
00-0036240,Chris Jackson,DB,25.75,7.957,620,1.878,32.1,0,
00-0036671,Dax Milne,WR,24.818,8.297,234,-0.072,32.1,0,
00-0036977,Ben Cleveland,OL,24.54,7.44,657,2.22,32.1,1,C
00-0033511,Sean Harlow,OL,24.809,7.527,648,2.23,32.1,0,
00-0036350,Kenny Willekes,DL,25.134,8.333,191,0.134,32.1,0,
00-0037459,Kurt Hinish,DL,22.081,7.228,1150,0.395,32.1,0,
00-0037132,Britain Covey,WR,24.46,8.173,162,-0.057,32.1,1,D
00-0037320,Deane Leonard,DB,25.932,8.019,332,1.875,32.1,1,D
00-0029799,Lerentee McCray,DL,25.359,8.333,404,0.359,32.0,0,
00-0031697,Jordan Taylor,WR,24.883,8.333,508,-0.117,32.0,0,
00-0027918,Andrew Hawkins,WR,24.9,8.333,616,-0.1,32.0,0,
00-0027691,Andre Roberts,WR,24.453,8.179,659,-0.084,32.0,0,
00-0029091,Bradley Sowell,TE,24.596,8.041,941,0.473,32.0,0,
00-0033060,Leonte Carroo,WR,24.911,8.333,298,-0.089,32.0,0,
00-0027037,Sean Smith,DB,25.339,7.838,1555,1.826,32.0,0,
00-0026502,Ricky Jean Francois,DL,24.97,8.199,998,0.372,32.0,0,
00-0026983,Darrius Heyward-Bey,WR,24.917,8.333,412,-0.083,32.0,0,
00-0032952,Noah Spence,DL,24.952,8.19,941,0.382,32.0,0,
00-0030460,Markus Wheaton,WR,24.884,8.333,263,-0.116,32.0,0,
00-0029033,Griff Whalen,WR,24.884,8.333,196,-0.116,32.0,0,
00-0031018,Jeremiah George,LB,25.095,8.333,171,0.095,32.0,0,
00-0032115,Kaelin Clay,WR,24.912,8.333,278,-0.088,32.0,0,
00-0033859,Josh Malone,WR,24.9,8.333,387,-0.1,32.0,0,
00-0034192,Nick Keizer,TE,25.149,8.221,309,0.487,32.0,0,
00-0035881,Yasir Durant,OL,24.644,8.333,176,-0.356,32.0,0,
00-0037216,Justyn Ross,WR,23.896,8.227,135,-0.786,32.0,0,
00-0038794,Jaleel McLaughlin,RB,21.06,7.331,562,-0.932,32.0,1,D
00-0038617,Amari Burney,LB,25.386,8.282,182,0.539,32.0,0,
00-0028027,Shareece Wright,DB,24.985,7.729,1557,1.799,31.9,0,
00-0031578,Jake Ryan,LB,25.103,7.984,1137,1.149,31.9,0,
00-0032441,Aaron Burbridge,WR,24.863,8.333,210,-0.137,31.9,0,
00-0030091,Tavarres King,WR,24.879,8.332,475,-0.117,31.9,0,
00-0032881,Tommylee Lewis,WR,24.868,8.333,270,-0.132,31.9,0,
00-0027057,Brandon Tate,WR,24.853,8.333,280,-0.147,31.9,0,
00-0027778,Sam Young,OL,24.727,7.525,1051,2.153,31.9,0,
00-0031934,Devin Smith,WR,24.86,8.333,167,-0.14,31.9,0,
00-0033746,Alex Barrett,DL,23.762,8.333,160,-1.238,31.9,0,
00-0034283,Jullian Taylor,DL,24.855,8.333,186,-0.145,31.9,0,
00-0035684,Deandre Baker,DB,24.68,7.63,1183,1.79,31.9,0,
00-0035025,Hale Hentges,TE,25.431,8.333,218,0.431,31.9,0,
00-0036340,Antonio Gandy-Golden,WR,24.403,8.333,140,-0.597,31.9,0,
00-0036195,Charlie Heck,OL,20.3,6.056,1822,2.133,31.9,1,D
00-0036235,Shaquille Quarterman,LB,24.597,8.333,162,-0.403,31.9,0,
00-0037429,Raheem Blackshear,RB,24.056,8.333,181,-0.944,31.9,0,
00-0039451,Isaiah Williams,WR,22.693,7.613,342,-0.146,31.9,1,D
00-0040669,Isaac TeSlaa,WR,21.567,7.231,419,-0.126,31.9,1,D
00-0026330,Ahtyba Rubin,DL,25.081,8.262,790,0.296,31.8,0,
00-0026224,Harry Douglas,WR,24.849,8.333,245,-0.151,31.8,0,
00-0030113,Charles D. Johnson,WR,24.825,8.333,398,-0.175,31.8,0,
00-0032166,Sammie Coates,WR,24.815,8.333,440,-0.185,31.8,0,
00-0030278,Manti Te'o,LB,25.427,8.108,936,1.103,31.8,0,
00-0031071,Caraun Reid,DL,24.954,8.21,611,0.323,31.8,0,
00-0029394,Brenton Bersin,WR,24.845,8.333,249,-0.155,31.8,0,
00-0033065,Le'Raven Clark,OL,24.232,7.376,1175,2.103,31.8,0,
00-0031394,E.J. Gaines,DB,25.079,7.772,1431,1.764,31.8,0,
00-0033070,Javien Elliott,DB,25.201,7.806,1046,1.783,31.8,0,
00-0032707,Andy Jones,WR,24.826,8.333,245,-0.174,31.8,0,
00-0032123,Tre McBride,WR,24.822,8.333,215,-0.178,31.8,0,
00-0033253,Tyler Catalina,OL,24.831,8.333,182,-0.169,31.8,0,
00-0034339,Trey Quinn,WR,24.156,8.112,506,-0.179,31.8,0,
00-0035260,Renell Wren,DL,24.59,8.333,180,-0.41,31.8,0,
00-0036661,Israel Mukuamu,DB,26.425,8.214,477,1.783,31.8,0,
00-0036877,Jaelon Darden,WR,24.846,8.333,166,-0.154,31.8,0,
00-0037277,Teagan Quitoriano,TE,22.261,7.281,674,0.417,31.8,1,D
00-0038556,DeMarvion Overshown,LB,22.365,7.077,864,1.133,31.8,1,C
00-0039899,Patrick Paul,OL,20.745,6.211,1247,2.112,31.8,1,D
00-0039379,Jamari Thrash,WR,22.705,7.624,337,-0.168,31.8,1,D
00-0038348,Josh Butler,DB,25.532,8.199,177,0.936,31.8,1,D
00-0033122,Shilique Calhoun,DL,24.877,8.197,862,0.285,31.7,0,
00-0033256,Deyshawn Bond,OL,24.794,8.333,182,-0.206,31.7,0,
00-0027688,Colt McCoy,QB,24.515,3.35,697,14.465,31.7,0,
00-0034612,Demone Harris,DL,24.614,8.111,524,0.282,31.7,0,
00-0035297,Kelvin Harmon,WR,24.148,8.118,461,-0.205,31.7,0,
00-0035404,Porter Gustin,LB,25.352,8.093,705,1.072,31.7,0,
00-0035869,Austin Mack,WR,24.814,8.333,170,-0.186,31.7,0,
00-0036457,Ty'Son Williams,RB,23.974,8.333,151,-1.026,31.7,0,
00-0036367,Lucas Niang,OL,24.553,7.496,554,2.065,31.7,0,
00-0038574,Isaiah McGuire,DL,21.026,6.915,937,0.282,31.7,1,D
00-0037605,Andrew Rupcich,OL,25.054,8.019,213,0.997,31.7,0,
00-0040234,Quinn Ewers,QB,24.054,3.2,173,14.453,31.7,1,C
00-0037480,Dylan Cook,OL,23.295,7.067,334,2.094,31.7,1,D
00-0029417,Jared Crick,DL,25.082,8.283,880,0.234,31.6,0,
00-0023682,Ryan Fitzpatrick,QB,25.406,3.654,2718,14.446,31.6,0,
00-0033076,Derrick Kindred,DB,24.894,7.731,1620,1.7,31.6,0,
00-0030420,David Amerson,DB,25.123,7.805,1516,1.709,31.6,0,
00-0032766,Jason Spriggs,OL,24.817,7.585,960,2.062,31.6,0,
00-0032827,Leonard Wester,OL,25.043,8.333,189,0.043,31.6,0,
00-0031025,Michael Campanaro,WR,24.763,8.333,270,-0.237,31.6,0,
00-0035401,Damion Willis,WR,24.758,8.333,185,-0.242,31.6,0,
00-0034729,Jamarco Jones,OL,24.024,7.323,710,2.056,31.6,0,
00-0035355,Blake Hance,OL,23.011,6.987,1003,2.049,31.6,1,D
00-0036950,Avery Williams,RB,23.85,8.301,258,-1.054,31.6,0,
00-0036553,Carlos Basham,LB,23.84,7.593,960,1.061,31.6,1,D
00-0035946,Myles Adams,DL,24.653,8.137,387,0.242,31.6,0,
00-0037207,Mike Caliendo,OL,21.239,6.402,843,2.034,31.6,1,D
00-0040541,Torricelli Simpkins III,OL,22.936,7.954,169,-0.926,31.6,1,D
00-0032138,Darius Kilgo,DL,24.952,8.333,193,-0.048,31.5,0,
00-0032628,Kentrell Brice,DB,25.124,7.822,1197,1.66,31.5,0,
00-0026243,William Hayes,DL,25.19,8.333,799,0.19,31.5,0,
00-0032475,Tanner McEvoy,WR,24.744,8.333,347,-0.256,31.5,0,
00-0027725,Clay Harbor,TE,25.041,8.333,115,0.041,31.5,0,
00-0033758,Jeremiah Valoaga,DL,24.822,8.333,189,-0.178,31.5,0,
00-0033937,Amara Darboh,WR,24.73,8.333,176,-0.27,31.5,0,
00-0033633,Tanner Gentry,WR,24.713,8.333,192,-0.287,31.5,0,
00-0033302,Adrian Colbert,DB,24.573,7.638,1402,1.658,31.5,0,
00-0034515,Dee Delaney,DB,24.741,7.688,840,1.676,31.5,0,
00-0034792,Cornell Armstrong,DB,25.962,8.106,546,1.645,31.5,1,D
00-0032945,Duke Williams,WR,24.742,8.333,224,-0.258,31.5,0,
00-0036194,Devin Asiasi,TE,24.839,8.172,374,0.323,31.5,0,
00-0035822,Doug Costin,DL,24.803,8.198,438,0.209,31.5,0,
00-0036949,Adetokunbo Ogundeji,LB,23.469,7.486,1040,1.012,31.5,0,
00-0036493,Deon Jackson,RB,22.717,7.933,308,-1.084,31.5,0,
00-0037311,Ko Kieft,TE,22.875,7.523,569,0.305,31.5,1,D
00-0039133,Cam Smith,DB,23.505,8.157,143,-0.965,31.5,0,
00-0039827,Hunter Nourzad,OL,19.286,8.128,117,-5.098,31.5,1,D
00-0040182,Dante Trader Jr.,DB,24.772,7.699,397,1.674,31.5,1,D
00-0040645,Cody Simon,LB,22.523,7.167,516,1.021,31.5,1,D
00-0027573,Mitch Unrein,DL,25.176,8.333,769,0.176,31.4,0,
00-0022712,Vince Wilfork,DL,25.161,8.333,551,0.161,31.4,0,
00-0032496,Matthias Farley,DB,25.498,7.958,1388,1.624,31.4,0,
00-0030576,Datone Jones,DL,25.182,8.333,816,0.182,31.4,0,
00-0021146,Dwight Freeney,DL,25.173,8.333,724,0.173,31.4,0,
00-0032772,Ryan Smith,DB,25.017,7.797,1067,1.628,31.4,0,
00-0034824,Martinas Rankin,OL,25.048,7.694,700,1.965,31.4,0,
00-0035590,Riley Ridley,WR,24.69,8.333,160,-0.31,31.4,0,
00-0038984,Kei'Trel Clark,DB,23.898,7.43,713,1.609,31.4,1,D
00-0040187,Mitchell Evans,TE,22.003,7.246,390,0.264,31.4,1,D
00-0030048,Cornelius Washington,DL,25.12,8.333,791,0.12,31.3,0,
00-0032162,T.Y. McGill,DL,24.811,8.222,861,0.145,31.3,0,
00-0027812,Dekoda Watson,LB,25.014,8.333,176,0.014,31.3,0,
00-0031120,Adarius Taylor,LB,24.61,7.897,1020,0.919,31.3,0,
00-0031844,Deshazor Everett,DB,25.496,7.964,1131,1.604,31.3,0,
00-0034436,Will Clapp,OL,20.773,6.272,1602,1.958,31.3,0,
00-0034593,Chris Lacy,WR,24.664,8.333,153,-0.336,31.3,0,
00-0035330,Anthony Pittman,LB,24.383,8.333,163,-0.617,31.3,0,
00-0034125,Kendal Vickers,DL,24.088,7.988,584,0.124,31.3,0,
00-0034318,Henry Mondeaux,DL,24.176,8.014,556,0.135,31.3,0,
00-0035135,Tim Ward,DL,25.126,8.333,235,0.126,31.3,0,
00-0036572,Shi Smith,WR,22.63,7.652,540,-0.324,31.3,0,
00-0037621,Ryder Anderson,DL,24.573,8.333,184,-0.427,31.3,0,
00-0037627,Mike Greene,DL,24.839,8.231,218,0.146,31.3,0,
00-0027787,Eugene Sims,DL,25.084,8.333,509,0.084,31.2,0,
00-0026194,Jason Jones,DL,25.085,8.333,482,0.085,31.2,0,
00-0028080,Karl Klug,DL,25.084,8.333,720,0.084,31.2,0,
00-0031403,Jay Bromley,DL,25.084,8.333,680,0.084,31.2,0,
00-0029053,Ryan Davis,DL,25.105,8.333,618,0.105,31.2,0,
00-0032649,Brian Price,DL,25.101,8.333,370,0.101,31.2,0,
00-0030871,Garrison Smith,DL,24.972,8.333,196,-0.028,31.2,0,
00-0029275,Ladarius Green,TE,25.196,8.333,129,0.196,31.2,0,
00-0031414,Dexter McDougle,DB,24.91,8.333,161,-0.09,31.2,0,
00-0032409,Willie Henry,DL,25.111,8.333,638,0.111,31.2,0,
00-0033962,Caleb Brantley,DL,25.082,8.333,251,0.082,31.2,0,
00-0033717,Travis Rudolph,WR,24.63,8.333,238,-0.37,31.2,0,
00-0034363,Deadrin Senat,DL,24.921,8.28,585,0.081,31.2,0,
00-0035650,Justin Layne,DB,24.889,8.333,160,-0.111,31.2,0,
00-0034080,Jeremiah Kolone,OL,23.879,8.127,181,-0.5,31.2,0,
00-0039350,Zak Zinter,OL,25.07,7.724,265,1.896,31.2,1,D
00-0039799,Sataoa Laumea,OL,24.319,7.471,335,1.905,31.2,0,
00-0029257,Jerel Worthy,DL,25.076,8.333,305,0.076,31.1,0,
00-0029303,Billy Winn,DL,25.054,8.333,354,0.054,31.1,0,
00-0027878,Jared Odrick,DL,25.079,8.333,247,0.079,31.1,0,
00-0027745,Cam Thomas,DL,25.07,8.333,375,0.07,31.1,0,
00-0023750,Mario Williams,DL,25.077,8.333,421,0.077,31.1,0,
00-0030776,Kerry Wynn,DL,25.055,8.333,717,0.055,31.1,0,
00-0027951,Nick Fairley,DL,25.073,8.333,675,0.073,31.1,0,
00-0031193,Dan McCullers,DL,25.054,8.333,511,0.054,31.1,0,
00-0027756,Arthur Jones,DL,25.062,8.333,327,0.062,31.1,0,
00-0032369,Anthony Lanier,DL,25.046,8.333,364,0.046,31.1,0,
00-0031081,Zach Moore,DL,25.051,8.333,249,0.051,31.1,0,
00-0033786,Ryan Glasgow,DL,25.068,8.333,620,0.068,31.1,0,
00-0031208,Chris McCain,DL,25.08,8.333,225,0.08,31.1,0,
00-0027732,Michael Hoomanawanui,TE,25.161,8.333,436,0.161,31.1,0,
00-0032627,James Burgess,LB,25.164,8.098,1305,0.871,31.1,0,
00-0033438,Fadol Brown,DL,25.053,8.333,215,0.053,31.1,0,
00-0034653,Deontay Burnett,WR,24.599,8.333,206,-0.401,31.1,0,
00-0034215,Hercules Mata'afa,DL,25.077,8.333,373,0.077,31.1,0,
00-0035519,Isaiah Mack,DL,25.071,8.333,312,0.071,31.1,0,
00-0036149,Javelin Guidry,DB,25.54,8.003,636,1.531,31.1,0,
00-0036273,Jake Hanson,OL,25.275,7.799,399,1.878,31.1,0,
00-0036663,Matt Farniok,OL,24.695,8.218,194,0.04,31.1,0,
00-0037517,Luke Masterson,LB,24.043,7.732,582,0.848,31.1,0,
00-0038416,Tyson Bagent,QB,24.124,3.262,312,14.338,31.1,1,C
00-0025942,Leger Douzable,DL,25.022,8.333,662,0.022,31.0,0,
00-0026217,Pat Sims,DL,25.018,8.333,669,0.018,31.0,0,
00-0032061,Xavier Cooper,DL,25.031,8.333,708,0.031,31.0,0,
00-0029266,John Hughes,DL,25.017,8.333,223,0.017,31.0,0,
00-0026105,Wallace Gilberry,DL,25.038,8.333,252,0.038,31.0,0,
00-0027038,Sen'Derrick Marks,DL,25.044,8.333,504,0.044,31.0,0,
00-0031393,Maurice Alexander,LB,25.079,8.087,1129,0.818,31.0,0,
00-0029191,DeShawn Shead,DB,25.126,7.876,1177,1.499,31.0,0,
00-0028424,Cedric Thornton,DL,25.014,8.333,659,0.014,31.0,0,
00-0027033,Paul Kruger,DL,25.038,8.333,536,0.038,31.0,0,
00-0024278,Darryl Tapp,DL,25.025,8.333,327,0.025,31.0,0,
00-0030921,Tenny Palepoi,DL,25.039,8.333,611,0.039,31.0,0,
00-0029111,Derrick Shelby,DL,25.02,8.333,756,0.02,31.0,0,
00-0023494,Jonathan Babineaux,DL,25.029,8.333,508,0.029,31.0,0,
00-0031981,Richard Ash,DL,25.019,8.333,272,0.019,31.0,0,
00-0033568,Nate Hairston,DB,25.197,7.908,1451,1.473,31.0,0,
00-0033934,Nazair Jones,DL,25.014,8.333,395,0.014,31.0,0,
00-0033580,Tanner Vallejo,LB,25.188,8.118,683,0.836,31.0,0,
00-0034213,Holton Hill,DB,25.305,7.941,765,1.483,31.0,0,
00-0033569,Roderick Johnson,OL,25.586,7.912,593,1.849,31.0,0,
00-0033367,C.J. Board,WR,24.555,8.333,277,-0.445,31.0,0,
00-0036398,John Hightower,WR,23.801,8.076,330,-0.427,31.0,0,
00-0035022,Penny Hart,WR,24.566,8.333,217,-0.434,31.0,0,
00-0036002,Elijah Riley,DB,25.678,8.062,436,1.492,31.0,0,
00-0035998,Michael Jacquet,DB,24.505,8.333,155,-0.495,31.0,0,
00-0036620,Dee Eskridge,WR,23.264,7.899,470,-0.433,31.0,1,D
00-0036825,Feleipe Franks,TE,24.373,8.329,108,-0.614,31.0,1,D
00-0034401,Mike White,QB,24.39,3.362,533,14.303,31.0,0,
00-0034602,Bunmi Rotimi,DL,24.878,8.333,196,-0.122,31.0,0,
00-0036959,Michael Bandy,WR,24.005,8.145,243,-0.43,31.0,1,D
00-0037431,Kingsley Jonathan,DL,23.943,8.31,173,-0.986,31.0,1,D
00-0037594,Julius Chestnut,RB,23.482,8.253,155,-1.277,31.0,1,D
00-0038818,Luke Haggard,OL,24.158,7.605,232,1.343,31.0,1,D
00-0027939,Cam Newton,QB,24.711,3.472,4087,14.294,30.9,0,
00-0027991,Stephen Paea,DL,24.997,8.333,437,-0.003,30.9,0,
00-0031172,Khyri Thornton,DL,25.0,8.333,365,0.0,30.9,0,
00-0026206,Kendall Langford,DL,25.011,8.333,282,0.011,30.9,0,
00-0031592,David Parry,DL,24.981,8.333,660,-0.019,30.9,0,
00-0026292,Letroy Guion,DL,25.005,8.333,511,0.005,30.9,0,
00-0027055,Roy Miller,DL,25.002,8.333,218,0.002,30.9,0,
00-0027894,NaVorro Bowman,LB,25.247,8.154,1163,0.786,30.9,0,
00-0020531,Drew Brees,QB,25.296,3.673,4701,14.275,30.9,0,
00-0027877,Dan Williams,DL,24.993,8.333,374,-0.007,30.9,0,
00-0032938,Darius Latham,DL,24.991,8.333,351,-0.009,30.9,0,
00-0029256,Kendall Reyes,DL,25.004,8.333,238,0.004,30.9,0,
00-0029277,Jaye Howard,DL,24.997,8.333,338,-0.003,30.9,0,
00-0026980,Tyson Jackson,DL,25.001,8.333,361,0.001,30.9,0,
00-0026145,Glenn Dorsey,DL,25.001,8.333,383,0.001,30.9,0,
00-0032727,Joel Heath,DL,25.006,8.333,632,0.006,30.9,0,
00-0030923,Jeremiah Sirles,OL,25.081,7.759,1187,1.805,30.9,0,
00-0024341,Elvis Dumervil,DL,24.989,8.333,570,-0.011,30.9,0,
00-0022793,Antonio Smith,DL,24.99,8.333,255,-0.01,30.9,0,
00-0029634,James Hanna,TE,25.093,8.333,266,0.093,30.9,0,
00-0033338,Cethan Carter,TE,25.098,8.333,382,0.098,30.9,0,
00-0035651,Jaylon Ferguson,LB,24.656,7.956,916,0.788,30.9,0,
00-0035264,Jarrett Stidham,QB,23.443,3.051,441,14.289,30.9,1,D
00-0035860,Tony Jones,RB,22.922,8.081,313,-1.321,30.9,0,
00-0037377,Trenton Thompson,DB,26.312,8.295,199,1.426,30.9,0,
00-0039876,Sedrick Van Pran-Granger,OL,24.6,8.227,193,-0.08,30.9,1,D
00-0028707,Corbin Bryant,DL,24.959,8.333,212,-0.041,30.8,0,
00-0027139,John Phillips,TE,25.072,8.333,474,0.072,30.8,0,
00-0030088,Quinton Dial,DL,24.975,8.333,742,-0.025,30.8,0,
00-0023514,Evan Mathis,OL,24.956,8.333,195,-0.044,30.8,0,
00-0025420,Alan Branch,DL,24.95,8.333,988,-0.05,30.8,0,
00-0027829,Ricardo Mathews,DL,24.951,8.333,318,-0.049,30.8,0,
00-0027442,Frank Zombo,LB,24.971,8.07,1107,0.761,30.8,0,
00-0029252,Courtney Upshaw,DL,24.966,8.333,565,-0.034,30.8,0,
00-0030106,Chris Jones,DL,24.952,8.333,283,-0.048,30.8,0,
00-0030132,Stefan Charles,DL,24.952,8.333,217,-0.048,30.8,0,
00-0031006,Robert Thomas,DL,24.959,8.333,315,-0.041,30.8,0,
00-0032905,Chris Landrum,LB,24.95,8.333,179,-0.05,30.8,0,
00-0031948,Ryan Russell,DL,24.951,8.333,601,-0.049,30.8,0,
00-0032787,Cole Toner,OL,25.834,8.019,352,1.776,30.8,0,
00-0033924,Eddie Vanderdoes,DL,24.947,8.333,513,-0.053,30.8,0,
00-0033054,Rico Gathers,TE,25.067,8.333,148,0.067,30.8,0,
00-0034145,Chris Lammons,DB,25.943,8.183,450,1.395,30.8,1,D
00-0035562,Jesper Horsted,TE,25.053,8.333,168,0.053,30.8,0,
00-0036314,Markus Bailey,LB,25.64,8.293,392,0.762,30.8,0,
00-0036984,Trey Sermon,RB,21.605,7.652,439,-1.35,30.8,1,D
00-0026223,Jeremy Zuttah,OL,24.981,7.747,1042,1.74,30.7,0,
00-0031304,Will Clarke,DL,24.918,8.333,660,-0.082,30.7,0,
00-0025506,Allen Barbre,OL,24.964,7.742,1153,1.739,30.7,0,
00-0030697,Jamie Meder,DL,24.926,8.333,869,-0.074,30.7,0,
00-0031556,Nate Orchard,DL,24.934,8.333,673,-0.066,30.7,0,
00-0032859,Destiny Vaeao,DL,24.912,8.333,639,-0.088,30.7,0,
00-0024495,Ahmad Brooks,LB,25.073,8.113,1193,0.734,30.7,0,
00-0030457,Tank Carradine,DL,24.928,8.333,472,-0.072,30.7,0,
00-0024102,Tony McDaniel,DL,24.928,8.333,572,-0.072,30.7,0,
00-0032390,Cyrus Jones,DB,25.013,8.333,167,0.013,30.7,0,
00-0027135,Brandon Myers,TE,25.039,8.333,363,0.039,30.7,0,
00-0031281,Ra'Shede Hageman,DL,24.91,8.333,336,-0.09,30.7,0,
00-0021706,Cullen Jenkins,DL,24.914,8.333,288,-0.086,30.7,0,
00-0031696,Zaire Anderson,LB,25.012,8.333,182,0.012,30.7,0,
00-0031607,L.T. Walton,DL,24.913,8.333,523,-0.087,30.7,0,
00-0031914,Olsen Pierre,DL,24.91,8.333,728,-0.09,30.7,0,
00-0033765,Dylan Cole,LB,24.253,7.847,901,0.712,30.7,0,
00-0027495,George Johnson,DL,24.921,8.333,260,-0.079,30.7,0,
00-0034334,Troy Apke,DB,25.278,7.963,624,1.39,30.7,0,
00-0036424,Brycen Hopkins,TE,23.959,7.981,349,0.017,30.7,0,
00-0036507,Michael Dwumfour,DL,24.91,8.333,293,-0.09,30.7,0,
00-0037557,Ronnie Rivers,RB,22.323,7.904,231,-1.39,30.7,1,D
00-0038454,Keaton Mitchell,RB,22.228,7.872,279,-1.389,30.7,1,D
00-0038570,Ventrell Miller,LB,23.286,7.522,639,0.721,30.7,1,D
00-0038657,Brandon Joseph,DB,24.923,8.273,169,0.104,30.7,0,
00-0040756,Shemar Stewart,DL,23.779,7.947,271,-0.062,30.7,1,D
00-0027653,T.J. Ward,DB,25.124,7.93,1292,1.334,30.6,0,
00-0029601,Brandon Bostick,TE,24.98,8.333,284,-0.02,30.6,0,
00-0027979,Jarvis Jenkins,DL,24.893,8.333,687,-0.107,30.6,0,
00-0031533,Randall Telfer,TE,25.003,8.333,495,0.003,30.6,0,
00-0030079,Devin Taylor,DL,24.881,8.333,671,-0.119,30.6,0,
00-0022045,Terence Newman,DB,25.147,7.937,1309,1.337,30.6,0,
00-0028987,Phillip Supernaw,TE,24.983,8.333,465,-0.017,30.6,0,
00-0032396,Vincent Valentine,DL,24.891,8.333,349,-0.109,30.6,0,
00-0031255,Kasim Edebali,DL,24.905,8.333,344,-0.095,30.6,0,
00-0032935,Johnny Holton,WR,24.388,8.322,516,-0.578,30.6,0,
00-0027777,Arthur Moats,DL,24.877,8.333,459,-0.123,30.6,0,
00-0026267,Jacob Tamme,TE,24.989,8.333,314,-0.011,30.6,0,
00-0031572,T.J. Clemmings,OL,24.981,7.762,1023,1.695,30.6,0,
00-0028292,Nick Bellore,LB,25.695,8.333,979,0.695,30.6,1,D
00-0032864,Alex Ellis,TE,24.978,8.333,135,-0.022,30.6,0,
00-0032730,Eric Lee,DL,24.883,8.333,431,-0.117,30.6,0,
00-0034389,Dane Cruikshank,DB,25.65,8.108,510,1.327,30.6,0,
00-0034335,Marcus Allen,LB,25.669,8.333,300,0.669,30.6,0,
00-0035510,Jeff Smith,WR,22.507,7.695,656,-0.579,30.6,0,
00-0036037,Sam Franklin Jr.,DB,24.178,7.608,744,1.353,30.6,1,D
00-0036183,Kristian Wilkerson,WR,24.403,8.333,150,-0.597,30.6,0,
00-0037585,Timmy Horne,DL,24.268,8.132,421,-0.128,30.6,0,
00-0038098,Pierre Strong,RB,22.127,7.854,385,-1.437,30.6,0,
00-0032221,Shane Ray,LB,24.959,8.098,1180,0.664,30.5,0,
00-0029208,Tyrunn Walker,DL,24.849,8.333,666,-0.151,30.5,0,
00-0031922,Khari Lee,TE,24.952,8.333,178,-0.048,30.5,0,
00-0029878,MarQueis Gray,TE,24.972,8.333,374,-0.028,30.5,0,
00-0030544,Gavin Escobar,TE,24.946,8.333,171,-0.054,30.5,0,
00-0028838,Larry Donnell,TE,24.96,8.333,208,-0.04,30.5,0,
00-0030515,Stacy McGee,DL,24.851,8.326,879,-0.129,30.5,0,
00-0032120,Neal Sterling,TE,24.941,8.333,376,-0.059,30.5,0,
00-0031317,Terrence Fede,DL,24.863,8.333,323,-0.137,30.5,0,
00-0032750,DaVonte Lambert,DL,24.85,8.333,350,-0.15,30.5,0,
00-0032745,Alan Cross,TE,24.966,8.333,329,-0.034,30.5,0,
00-0031080,Demetri Goodson,DB,24.973,8.333,168,-0.027,30.5,0,
00-0032729,Ufomba Kamalu,DL,24.844,8.333,269,-0.156,30.5,0,
00-0033887,Reuben Foster,LB,25.175,8.179,839,0.638,30.5,0,
00-0027321,Jeff Cumberland,TE,24.946,8.333,137,-0.054,30.5,0,
00-0029414,Orson Charles,TE,24.946,8.333,217,-0.054,30.5,0,
00-0034154,Jacob Tuioti-Mariner,LB,24.932,8.089,602,0.664,30.5,0,
00-0037057,Keir Thomas,LB,25.488,8.285,220,0.634,30.5,0,
00-0039143,Isaiah Foskey,DL,23.563,8.333,168,-1.435,30.5,1,D
00-0038595,Jordan McFadden,OL,23.745,7.46,239,1.366,30.5,1,D
00-0038609,Luke Wypler,OL,24.542,7.625,316,1.666,30.5,1,D
00-0040248,Zeek Biggers,DL,23.814,7.986,205,-0.145,30.5,1,D
00-0030992,Crockett Gillmore,TE,24.928,8.333,228,-0.072,30.4,0,
00-0031167,Scott Simonson,TE,24.907,8.333,355,-0.093,30.4,0,
00-0029699,Tony Bergstrom,OL,24.88,7.748,915,1.635,30.4,0,
00-0032425,Antwione Williams,LB,25.037,8.333,185,0.037,30.4,0,
00-0032060,Eli Harold,LB,25.176,8.194,1223,0.594,30.4,0,
00-0028093,Niles Paul,TE,24.909,8.333,479,-0.091,30.4,0,
00-0031779,B.J. Finney,OL,24.673,7.682,1036,1.627,30.4,0,
00-0030514,Mychal Rivera,TE,24.91,8.333,307,-0.09,30.4,0,
00-0029886,LaAdrian Waddle,OL,25.33,7.894,686,1.648,30.4,0,
00-0026008,Matthew Mulligan,TE,24.912,8.333,171,-0.088,30.4,0,
00-0032592,Sharrod Neasman,DB,24.859,7.865,934,1.264,30.4,0,
00-0033976,Treyvon Hester,DL,24.835,8.333,698,-0.165,30.4,0,
00-0033469,Vincent Taylor,DL,24.827,8.333,657,-0.173,30.4,0,
00-0033043,Austin Traylor,TE,24.935,8.333,250,-0.065,30.4,0,
00-0033946,David Sharpe,OL,25.211,7.861,627,1.629,30.4,0,
00-0034980,Isaiah Johnson,DB,25.327,8.333,176,0.327,30.4,0,
00-0035536,Lamont Gaillard,OL,25.24,8.333,206,0.24,30.4,0,
00-0036124,Khalil Dorsey,DB,25.21,8.328,174,0.226,30.4,1,D
00-0037332,D'Anthony Bell,DB,25.574,8.105,477,1.259,30.4,1,D
00-0037316,Mark Robinson,LB,25.48,8.296,221,0.592,30.4,1,D
00-0038580,Yasir Abdullah,LB,25.18,8.188,205,0.616,30.4,1,D
00-0038591,Mike Morris,DL,24.449,8.206,254,-0.17,30.4,1,D
00-0039839,Christian Haynes,OL,23.453,7.992,188,-0.522,30.4,1,D
00-0039370,JD Bertrand,LB,23.692,7.69,335,0.621,30.4,1,D
00-0040251,Trikweze Bridges,DB,25.203,7.975,229,1.277,30.4,1,D
00-0026298,Kellen Davis,TE,24.899,8.333,247,-0.101,30.3,0,
00-0031609,A.J. Derby,TE,24.649,8.259,640,-0.127,30.3,0,
00-0029647,Kyle Wilber,LB,25.579,8.333,250,0.579,30.3,0,
00-0020712,James Harrison,LB,24.975,8.132,902,0.578,30.3,0,
00-0028256,Sealver Siliga,DL,24.793,8.333,266,-0.207,30.3,0,
00-0032480,Eddie Yarbrough,DL,24.639,8.288,827,-0.225,30.3,0,
00-0034424,Matthew Adams,LB,25.563,8.333,575,0.563,30.3,0,
00-0035327,C.J. Moore,DB,26.237,8.333,331,1.237,30.3,0,
00-0037078,Cole Turner,TE,23.625,7.907,363,-0.096,30.3,0,
00-0038705,Emari Demercado,RB,20.078,7.206,621,-1.539,30.3,1,D
00-0038978,Byron Young,DL,22.506,7.574,424,-0.217,30.3,1,D
00-0039140,Kelee Ringo,DB,24.382,7.722,629,1.215,30.3,1,D
00-0039325,Carson Steele,RB,22.295,7.941,177,-1.527,30.3,0,
00-0033037,Adolphus Washington,DL,24.759,8.333,924,-0.241,30.2,0,
00-0028986,Case Keenum,QB,24.218,3.36,3366,14.14,30.2,0,
00-0031044,Troy Niklas,TE,24.853,8.333,443,-0.147,30.2,0,
00-0028454,Jonathan Freeny,LB,24.96,8.333,185,-0.04,30.2,0,
00-0032761,Robert Nkemdiche,DL,24.15,8.129,948,-0.238,30.2,0,
00-0026957,David Johnson,TE,24.856,8.333,269,-0.144,30.2,0,
00-0029391,Sean McGrath,TE,24.861,8.333,468,-0.139,30.2,0,
00-0032429,Jerell Adams,TE,24.864,8.333,347,-0.136,30.2,0,
00-0030752,Jay Elliott,LB,24.947,8.333,185,-0.053,30.2,0,
00-0031307,Walt Aikens,DB,24.764,8.333,166,-0.236,30.2,0,
00-0029087,Leonard Johnson,DB,25.114,7.973,1177,1.195,30.2,0,
00-0033091,KeiVarae Russell,DB,25.099,8.333,173,0.099,30.2,0,
00-0033696,Sean Culkin,TE,24.866,8.333,292,-0.134,30.2,0,
00-0032809,Joe Walker,LB,25.265,8.239,662,0.549,30.2,0,
00-0033117,Bronson Kaufusi,TE,24.867,8.333,135,-0.133,30.2,0,
00-0033362,Lenzy Pipkins,DB,24.849,8.333,168,-0.151,30.2,0,
00-0028738,Byron Bell,OL,24.812,7.742,732,1.585,30.2,0,
00-0033535,Daniel Ross,DL,24.75,8.333,367,-0.25,30.2,0,
00-0034420,Jordan Thomas,LB,24.698,8.058,535,0.524,30.2,0,
00-0032089,Brian Parker,TE,24.863,8.333,128,-0.137,30.2,0,
00-0036450,Ke'Shawn Vaughn,RB,23.184,8.248,324,-1.558,30.2,0,
00-0036930,Landon Young,OL,22.552,6.99,830,1.581,30.2,0,
00-0035045,D.J. Montgomery,WR,24.136,8.281,166,-0.708,30.2,0,
00-0037356,Ben Stille,DL,24.272,8.17,318,-0.237,30.2,0,
00-0039396,Mekhi Wingo,DL,24.427,8.221,217,-0.236,30.2,1,D
00-0039586,Tyrek Funderburk,DB,23.413,8.053,157,-0.748,30.2,0,
00-0039826,Jeremiah Trotter Jr.,LB,24.4,8.129,186,0.014,30.2,1,D
00-0037194,Darian Kinnard,OL,24.145,7.517,343,1.592,30.2,1,D
00-0030899,Garry Gilliam,OL,24.887,7.781,989,1.543,30.1,0,
00-0029793,Brandon Williams,TE,24.808,8.333,410,-0.192,30.1,0,
00-0031956,Anthony Chickillo,LB,25.217,8.238,1128,0.504,30.1,0,
00-0032319,Ross Travis,TE,24.807,8.333,207,-0.193,30.1,0,
00-0027871,Sean Weatherspoon,LB,24.999,8.333,187,-0.001,30.1,0,
00-0025820,Jake Long,OL,24.962,8.333,202,-0.038,30.1,0,
00-0035480,Malik Taylor,WR,24.229,8.333,223,-0.771,30.1,0,
00-0034930,Trinity Benson,WR,24.056,8.273,278,-0.761,30.1,0,
00-0036677,Zayne Anderson,DB,23.579,8.097,158,-0.713,30.1,1,D
00-0037808,DeAngelo Malone,LB,25.422,8.302,315,0.517,30.1,1,D
00-0037314,Isaiah Thomas,DL,24.281,8.333,188,-0.719,30.1,0,
00-0040133,Azareye'h Thomas,DB,24.235,7.69,292,1.164,30.1,1,D
00-0031173,Jaylen Watkins,DB,25.165,8.012,909,1.13,30.0,0,
00-0030854,Erik Swoope,TE,24.766,8.333,289,-0.234,30.0,0,
00-0028111,Byron Maxwell,DB,25.223,8.032,1332,1.129,30.0,0,
00-0026157,Gosder Cherilus,OL,24.912,8.333,202,-0.088,30.0,0,
00-0033559,Michael Roberts,TE,24.78,8.333,355,-0.22,30.0,0,
00-0033790,Jordan Evans,LB,24.972,8.172,946,0.456,30.0,0,
00-0033938,Kendell Beckwith,LB,25.01,8.182,789,0.464,30.0,0,
00-0033574,Avery Moss,DL,24.667,8.333,550,-0.333,30.0,0,
00-0033627,Jason Croom,TE,24.78,8.333,373,-0.22,30.0,0,
00-0033953,Jordan Leggett,TE,24.78,8.333,303,-0.22,30.0,0,
00-0033501,Devaroe Lawrence,DL,24.688,8.333,209,-0.312,30.0,0,
00-0034502,Grant Haley,DB,24.857,7.913,960,1.119,30.0,0,
00-0035120,Keelan Doss,WR,24.008,8.268,265,-0.796,30.0,0,
00-0033386,Cody Hollister,WR,23.48,8.092,331,-0.795,30.0,0,
00-0037303,Matt Henningsen,DL,23.861,8.059,429,-0.316,30.0,0,
00-0039864,Dadrion Taylor-Demerson,DB,22.77,7.22,655,1.109,30.0,1,D
00-0031829,LaDarius Gunter,DB,24.933,7.954,1023,1.072,29.9,0,
00-0032110,Kyle Emanuel,LB,25.096,8.22,1042,0.435,29.9,0,
00-0029747,Chris Banjo,DB,25.601,8.175,638,1.075,29.9,0,
00-0034726,Dallin Leavitt,DB,26.097,8.333,362,1.097,29.9,0,
00-0034788,Jaeden Graham,TE,24.742,8.333,293,-0.258,29.9,0,
00-0034590,Frank Herron,DL,24.407,8.333,193,-0.593,29.9,0,
00-0036215,Danny Pinter,OL,22.991,7.174,836,1.47,29.9,1,D
00-0036303,Josiah Scott,DB,25.094,8.005,558,1.079,29.9,0,
00-0037012,Trey Lance,QB,22.257,2.734,433,14.055,29.9,1,D
00-0037363,Marquan McCall,DL,23.627,8.333,175,-1.373,29.9,0,
00-0040730,RJ Harvey,RB,18.856,6.844,532,-1.677,29.9,1,D
00-0031943,Ramik Wilson,LB,25.193,8.261,841,0.409,29.8,0,
00-0031338,Terrence Brooks,DB,25.316,8.092,816,1.039,29.8,0,
00-0031788,Matt Lengel,TE,24.727,8.333,219,-0.273,29.8,0,
00-0030706,Josh Andrews,OL,23.71,7.418,700,1.456,29.8,0,
00-0035150,Kris Boyd,DB,25.137,8.032,673,1.042,29.8,0,
00-0033530,Robert Davis,WR,24.156,8.333,173,-0.844,29.8,0,
00-0035444,Jordan Kunaszyk,LB,23.77,8.333,164,-1.23,29.8,0,
00-0036299,Troy Pride,DB,24.611,7.848,551,1.065,29.8,0,
00-0038505,Tavius Robinson,LB,20.506,6.703,1263,0.396,29.8,1,D
00-0038592,Colby Sorsdal,OL,24.715,7.949,231,0.867,29.8,0,
00-0040160,Jack Sawyer,LB,24.015,7.88,288,0.375,29.8,1,D
00-0030545,Luke Joeckel,OL,24.569,7.715,867,1.423,29.7,0,
00-0030050,Ray-Ray Armstrong,LB,25.357,8.333,708,0.357,29.7,0,
00-0027984,Orlando Franklin,OL,25.084,7.893,870,1.403,29.7,0,
00-0029329,Neiko Thorpe,DB,24.969,8.333,175,-0.031,29.7,0,
00-0033408,Bryan Cox,DL,24.583,8.333,543,-0.417,29.7,0,
00-0032641,Donte' Deayon,DB,25.519,8.164,697,1.028,29.7,0,
00-0034586,John Atkins,DL,24.571,8.333,418,-0.429,29.7,0,
00-0036456,Dominique Dafney,TE,24.696,8.333,250,-0.304,29.7,0,
00-0036645,Shemar Jean-Charles,DB,24.581,8.115,181,0.235,29.7,0,
00-0039284,Braiden McGregor,DL,23.417,7.944,312,-0.414,29.7,1,D
00-0039908,Kris Jenkins,DL,20.387,6.936,938,-0.422,29.7,1,D
00-0040397,Jordan Clark,DB,21.538,8.12,131,-2.823,29.7,1,D
00-0027060,Lardarius Webb,DB,25.171,8.069,1295,0.963,29.6,0,
00-0029543,Donald Stephenson,OL,24.956,7.862,994,1.371,29.6,0,
00-0032792,Nate Sudfeld,QB,23.271,4.893,68,8.593,29.6,0,
00-0034391,Siran Neal,DB,25.978,8.333,655,0.978,29.6,0,
00-0034774,Breeland Speaks,DL,24.552,8.333,496,-0.448,29.6,0,
00-0033564,Jake Butt,TE,24.643,8.333,194,-0.357,29.6,0,
00-0034770,Chad Thomas,DL,24.555,8.333,452,-0.445,29.6,0,
00-0034393,Troy Fumagalli,TE,24.644,8.333,269,-0.356,29.6,0,
00-0035513,Amani Bledsoe,DL,24.537,8.329,378,-0.451,29.6,0,
00-0035864,Kendall Hinton,WR,21.096,7.341,700,-0.926,29.6,0,
00-0035157,Darius Harris,LB,24.304,7.99,412,0.333,29.6,0,
00-0035925,Jarren Williams,DB,25.57,8.333,189,0.57,29.6,0,
00-0037830,Samuel Womack,DB,22.721,7.242,993,0.994,29.6,1,D
00-0037822,Brian Asamoah II,LB,24.652,8.333,183,-0.348,29.6,0,
00-0037252,Greg Dulcich,TE,20.535,6.959,870,-0.343,29.6,1,D
00-0032399,Miles Killebrew,DB,25.928,8.333,753,0.928,29.5,0,
00-0031035,Xavier Grimble,TE,24.609,8.333,551,-0.391,29.5,0,
00-0032661,Ben Braunecker,TE,24.608,8.333,388,-0.392,29.5,0,
00-0033344,Hardy Nickerson,LB,24.564,8.089,807,0.298,29.5,0,
00-0034867,Malik Turner,WR,23.726,8.23,404,-0.964,29.5,1,D
00-0034406,Deon Cain,WR,24.026,8.333,284,-0.974,29.5,0,
00-0035281,Joe Jackson,DL,24.504,8.333,284,-0.496,29.5,0,
00-0035336,Shaq Calhoun,OL,25.756,8.137,456,1.344,29.5,0,
00-0034723,Nick Thurman,DL,22.825,7.776,678,-0.501,29.5,0,
00-0036225,Dalton Keene,TE,24.603,8.333,142,-0.397,29.5,0,
00-0036482,Mike Strachan,WR,23.78,8.244,238,-0.951,29.5,0,
00-0037330,Jesse Luketa,LB,24.585,8.102,353,0.278,29.5,0,
00-0039349,DJ Glaze,OL,17.995,5.553,1873,1.335,29.5,1,D
00-0030780,Ryan Hewitt,TE,24.567,8.333,466,-0.433,29.4,0,
00-0029295,Jeremy Lane,DB,25.116,8.066,1139,0.917,29.4,0,
00-0030993,Aaron Lynch,LB,24.719,8.156,1062,0.253,29.4,0,
00-0030770,Brock Coyle,LB,25.265,8.333,798,0.265,29.4,0,
00-0033956,Marquel Lee,LB,25.257,8.333,662,0.257,29.4,0,
00-0035671,Jace Sternberger,TE,24.575,8.333,274,-0.425,29.4,0,
00-0036239,Jonathan Garvin,DL,23.658,8.062,628,-0.528,29.4,0,
00-0037310,James Houston,LB,23.536,7.761,581,0.251,29.4,1,D
00-0036354,Kyle Hinton,OL,24.325,7.678,345,1.29,29.4,1,D
00-0038584,Jaquelin Roy,DL,24.251,8.259,225,-0.526,29.4,0,
00-0038639,Cory Trice Jr.,DB,23.841,7.882,182,0.195,29.4,0,
00-0031545,Kevin White,WR,23.602,8.208,569,-1.022,29.3,0,
00-0032168,Josh Shaw,DB,24.916,8.009,1197,0.888,29.3,0,
00-0027609,J'Marcus Webb,OL,24.58,7.772,809,1.264,29.3,0,
00-0028006,Kelvin Sheppard,LB,25.046,8.275,809,0.221,29.3,0,
00-0031814,Matt Longacre,LB,25.224,8.333,771,0.224,29.3,0,
00-0032929,James Cowser,LB,24.947,8.333,193,-0.053,29.3,0,
00-0032056,Hau'oli Kikaha,LB,25.111,8.333,197,0.111,29.3,0,
00-0034639,Mike Ford,DB,24.686,7.937,801,0.876,29.3,0,
00-0035533,Ryan Connelly,LB,24.788,8.333,189,-0.212,29.3,0,
00-0031838,James Vaughters,LB,25.196,8.333,461,0.196,29.3,0,
00-0034140,Matt Gono,OL,25.46,8.059,357,1.283,29.3,0,
00-0036343,Khaleke Hudson,LB,24.014,7.937,533,0.204,29.3,0,
00-0036152,Lamar Jackson,DB,25.303,8.145,461,0.868,29.3,0,
00-0036114,A.J. Green,DB,25.717,8.28,305,0.878,29.3,1,D
00-0036011,Bobby Price,DB,25.254,8.333,185,0.254,29.3,0,
00-0036573,Rachad Wildgoose,DB,25.26,8.333,185,0.26,29.3,0,
00-0037613,Kenyon Green,OL,20.275,6.335,1332,1.271,29.3,0,
00-0037291,Jalen Nailor,WR,17.341,6.118,1356,-1.013,29.3,1,D
00-0038937,Zacch Pickens,DL,22.766,7.777,515,-0.566,29.3,1,D
00-0038492,Jason Brownlee,WR,22.479,7.835,316,-1.025,29.3,1,D
00-0038568,Clark Phillips III,DB,23.477,7.533,783,0.877,29.3,0,
00-0037094,Jonathan Ford,DL,23.409,7.995,217,-0.575,29.3,1,D
00-0040736,Mason Taylor,TE,19.79,6.751,625,-0.464,29.3,1,D
00-0032406,Antonio Morrison,LB,24.841,8.226,1356,0.163,29.2,0,
00-0027682,Donald Butler,LB,25.191,8.333,351,0.191,29.2,0,
00-0030937,Zac Kerin,OL,25.15,8.333,216,0.15,29.2,0,
00-0032599,Josh Perkins,TE,24.488,8.333,311,-0.512,29.2,0,
00-0033598,Eli Ankou,DL,24.079,8.22,728,-0.582,29.2,0,
00-0031597,Tye Smith,DB,25.002,8.049,616,0.854,29.2,0,
00-0033931,Lano Hill,DB,24.931,8.031,716,0.838,29.2,0,
00-0034683,Darius Phillips,DB,24.501,7.89,986,0.832,29.2,0,
00-0034336,Shaun Dion Hamilton,LB,25.038,8.285,589,0.182,29.2,0,
00-0034394,Andrew Brown,DL,24.411,8.333,362,-0.589,29.2,0,
00-0035455,Albert Huggins,DL,23.794,8.132,559,-0.602,29.2,0,
00-0035823,Ben Ellefson,TE,24.513,8.333,246,-0.487,29.2,0,
00-0033720,Colin Thompson,TE,24.507,8.333,258,-0.493,29.2,0,
00-0036145,Lawrence Cager,TE,23.655,8.054,369,-0.506,29.2,0,
00-0035356,Tyree Jackson,TE,24.506,8.333,202,-0.494,29.2,0,
00-0038572,Cameron Young,DL,24.125,8.307,195,-0.794,29.2,0,
00-0037837,Calvin Austin III,WR,16.36,5.812,1444,-1.077,29.2,1,D
00-0038853,Otis Reese,LB,23.946,8.327,172,-1.036,29.2,0,
00-0040663,Harold Fannin Jr.,TE,19.74,6.749,746,-0.506,29.2,1,D
00-0027657,Lamarr Houston,LB,25.148,8.333,383,0.148,29.1,0,
00-0029061,Julian Stanford,LB,25.126,8.333,541,0.126,29.1,0,
00-0029076,Austin Pasztor,OL,24.896,7.894,977,1.214,29.1,0,
00-0024249,D'Qwell Jackson,LB,25.133,8.333,669,0.133,29.1,0,
00-0027977,Akeem Ayers,LB,25.131,8.333,346,0.131,29.1,0,
00-0033074,Kevin Dodd,LB,25.156,8.333,261,0.156,29.1,0,
00-0030069,Damontre Moore,DL,24.351,8.333,428,-0.649,29.1,0,
00-0033944,Ben Gedeon,LB,25.124,8.333,647,0.124,29.1,0,
00-0027551,Junior Galette,LB,25.134,8.333,386,0.134,29.1,0,
00-0034969,Ben Banogu,DL,24.357,8.333,525,-0.643,29.1,0,
00-0036439,Tyrie Cleveland,WR,23.907,8.333,165,-1.093,29.1,0,
00-0036291,Marlon Davidson,DL,23.684,8.107,534,-0.636,29.1,1,D
00-0036250,Tyler Davis,TE,24.063,8.202,318,-0.544,29.1,0,
00-0035422,Chris Westry,DB,24.94,8.333,179,-0.06,29.1,0,
00-0038628,DeMarcco Hellams,DB,25.358,8.182,363,0.812,29.1,1,D
00-0039346,Junior Colson,LB,24.702,8.182,222,0.155,29.1,0,
00-0040236,Kyle Monangai,RB,19.079,7.013,520,-1.96,29.1,1,D
00-0026999,Michael Oher,OL,25.04,8.333,215,0.04,29.0,0,
00-0023445,DeMarcus Ware,LB,25.109,8.333,294,0.109,29.0,0,
00-0025920,Jerrell Freeman,LB,25.089,8.333,796,0.089,29.0,0,
00-0027014,Rey Maualuga,LB,25.09,8.333,462,0.09,29.0,0,
00-0022059,Robert Mathis,LB,25.118,8.333,504,0.118,29.0,0,
00-0025405,Leon Hall,DB,25.029,8.084,973,0.776,29.0,0,
00-0029289,Korey Toomer,LB,25.093,8.333,712,0.093,29.0,0,
00-0033430,Greg Mabin,DB,25.047,8.097,730,0.758,29.0,0,
00-0033939,Vince Biegel,LB,25.114,8.333,718,0.114,29.0,0,
00-0033532,Josh Harvey-Clemons,LB,25.089,8.333,267,0.089,29.0,0,
00-0033403,Cameron Malveaux,DL,24.319,8.333,349,-0.681,29.0,0,
00-0034428,Leon Jacobs,LB,25.088,8.333,455,0.088,29.0,0,
00-0034781,Dorian O'Daniel,LB,25.115,8.333,340,0.115,29.0,0,
00-0034165,Colby Gossett,OL,24.354,7.725,593,1.178,29.0,0,
00-0034319,Deon Yelder,TE,24.442,8.333,226,-0.558,29.0,0,
00-0039014,Dawand Jones,OL,19.459,6.09,1297,1.188,29.0,1,D
00-0038823,Kaevon Merriweather,DB,24.847,8.026,430,0.768,29.0,1,D
00-0039402,Jaden Crumedy,DL,21.505,8.102,155,-2.802,29.0,1,D
00-0040137,Jordan Burch,LB,22.308,7.399,457,0.113,29.0,1,D
00-0040129,Emeka Egbuka,WR,17.74,6.296,837,-1.148,29.0,1,D
00-0027808,Willie Young,LB,25.083,8.333,768,0.083,28.9,0,
00-0028041,Sam Acho,LB,24.979,8.3,1113,0.08,28.9,0,
00-0025434,David Harris,LB,25.055,8.333,1029,0.055,28.9,0,
00-0031564,Lorenzo Mauldin,LB,25.081,8.333,342,0.081,28.9,0,
00-0030160,Josh Martin,LB,25.08,8.333,502,0.08,28.9,0,
00-0031046,Jack Mewhort,OL,24.804,7.886,919,1.145,28.9,0,
00-0030529,Sio Moore,LB,25.056,8.333,388,0.056,28.9,0,
00-0028274,Tim Barnes,OL,24.783,7.876,947,1.155,28.9,0,
00-0030385,Gerald Hodges,LB,25.061,8.333,904,0.061,28.9,0,
00-0027018,Jairus Byrd,DB,25.109,8.122,975,0.744,28.9,0,
00-0024235,Tamba Hali,LB,25.073,8.333,673,0.073,28.9,0,
00-0026233,Philip Wheeler,LB,25.062,8.333,338,0.062,28.9,0,
00-0031915,John Timu,LB,25.078,8.333,294,0.078,28.9,0,
00-0024349,Rob Ninkovich,LB,25.081,8.333,539,0.081,28.9,0,
00-0027704,Perry Riley,LB,25.062,8.333,650,0.062,28.9,0,
00-0032922,Marwin Evans,DB,24.995,8.333,182,-0.005,28.9,0,
00-0032820,Terrance Smith,LB,25.077,8.333,295,0.077,28.9,0,
00-0033963,Tanzel Smart,DL,24.289,8.333,590,-0.711,28.9,0,
00-0033452,Austin Calitro,LB,25.083,8.333,564,0.083,28.9,0,
00-0036440,Derrek Tuszka,LB,24.83,8.252,385,0.075,28.9,0,
00-0039367,Xavier Thomas,LB,24.479,8.141,209,0.055,28.9,1,D
00-0040711,C.J. West,DL,22.389,7.703,323,-0.72,28.9,1,D
00-0027560,Albert McClellan,LB,25.014,8.333,623,0.014,28.8,0,
00-0026991,Brian Cushing,LB,25.029,8.333,856,0.029,28.8,0,
00-0031371,Marcus Smith,LB,25.015,8.333,452,0.015,28.8,0,
00-0026725,Dan Skuta,LB,25.045,8.333,246,0.045,28.8,0,
00-0030384,Jelani Jenkins,LB,25.018,8.333,459,0.018,28.8,0,
00-0030517,David Bass,LB,25.034,8.333,538,0.034,28.8,0,
00-0029250,Shea McClellin,LB,25.038,8.333,421,0.038,28.8,0,
00-0032204,Chaz Green,OL,25.059,7.987,626,1.097,28.8,0,
00-0031945,Martrell Spaight,LB,25.014,8.333,536,0.014,28.8,0,
00-0031728,Zach Vigil,LB,25.034,8.333,401,0.034,28.8,0,
00-0031512,Jermaine Whitehead,DB,24.995,8.105,794,0.681,28.8,0,
00-0036426,Alton Robinson,LB,23.892,7.955,668,0.027,28.8,0,
00-0036270,Kamal Martin,LB,25.046,8.333,205,0.046,28.8,0,
00-0036559,Shaun Wade,DB,25.12,8.142,356,0.692,28.8,0,
00-0037106,Jaylon Jones,DB,23.219,7.504,685,0.708,28.8,1,D
00-0026672,Ramon Humber,LB,24.998,8.333,712,-0.002,28.7,0,
00-0027050,Deandre Levy,LB,24.977,8.333,234,-0.023,28.7,0,
00-0031425,Dominique Easley,LB,25.007,8.333,498,0.007,28.7,0,
00-0024232,Chad Greenway,LB,25.008,8.333,382,0.008,28.7,0,
00-0029594,Sean Spence,LB,24.977,8.333,680,-0.023,28.7,0,
00-0025435,Justin Durant,LB,24.988,8.333,429,-0.012,28.7,0,
00-0030499,Jarvis Jones,LB,25.012,8.333,470,0.012,28.7,0,
00-0032788,D.J. White,DB,24.846,8.333,181,-0.154,28.7,0,
00-0022839,Daryl Smith,LB,25.012,8.333,449,0.012,28.7,0,
00-0029792,Paul Worrilow,LB,24.989,8.333,417,-0.011,28.7,0,
00-0032171,Hayes Pullard,LB,24.993,8.333,580,-0.007,28.7,0,
00-0027978,Bruce Carter,LB,24.914,8.333,198,-0.086,28.7,0,
00-0031719,Mike Hull,LB,24.985,8.333,330,-0.015,28.7,0,
00-0031704,Edwin Jackson,LB,25.001,8.333,466,0.001,28.7,0,
00-0029567,Nick Foles,QB,24.284,3.492,1723,13.809,28.7,0,
00-0026857,Dannell Ellerbe,LB,25.007,8.333,524,0.007,28.7,0,
00-0031290,Marquis Flowers,LB,25.001,8.333,361,0.001,28.7,0,
00-0030396,Freddie Bishop,LB,24.984,8.333,235,-0.016,28.7,0,
00-0033973,Elijah Lee,LB,24.992,8.333,579,-0.008,28.7,0,
00-0035117,Lester Cotton,OL,21.553,6.833,819,1.055,28.7,0,
00-0038569,Sidy Sow,OL,20.763,6.56,905,1.083,28.7,1,D
00-0023579,Trent Cole,LB,24.974,8.333,222,-0.026,28.6,0,
00-0033056,Cory James,LB,24.954,8.333,813,-0.046,28.6,0,
00-0030033,Terence Garvin,LB,24.956,8.333,235,-0.044,28.6,0,
00-0029479,Emmanuel Lamur,LB,24.968,8.333,245,-0.032,28.6,0,
00-0029310,Cam Johnson,LB,24.973,8.333,329,-0.027,28.6,0,
00-0028368,Spencer Paysinger,LB,24.957,8.333,320,-0.043,28.6,0,
00-0031961,Mark Nzeocha,LB,24.975,8.333,213,-0.025,28.6,0,
00-0033915,Tim Williams,LB,24.941,8.333,295,-0.059,28.6,0,
00-0034641,Chris Jones,DB,25.288,8.225,599,0.612,28.6,0,
00-0034388,Davontae Harris,DB,25.024,8.131,587,0.631,28.6,0,
00-0035906,Jessie Lemonier,LB,24.848,8.333,197,-0.152,28.6,0,
00-0036077,JuJu Hughes,DB,24.834,8.333,181,-0.166,28.6,0,
00-0036899,Aaron Robinson,DB,25.218,8.201,325,0.616,28.6,0,
00-0037491,J.J. Russell,LB,23.756,7.938,370,-0.059,28.6,0,
00-0037120,Tyler Goodson,RB,22.129,8.092,205,-2.147,28.6,1,D
00-0039412,Javontae Jean-Baptiste,LB,23.563,7.864,291,-0.03,28.6,1,D
00-0039743,Jordan Jefferson,DL,21.899,8.194,160,-2.685,28.6,1,D
00-0040011,Shemar James,LB,22.394,7.483,500,-0.055,28.6,1,D
00-0029629,Nate Stupar,LB,24.908,8.333,448,-0.092,28.5,0,
00-0030488,Lavar Edwards,LB,24.933,8.333,234,-0.067,28.5,0,
00-0029530,Justin Bethel,DB,25.472,8.294,993,0.591,28.5,0,
00-0032433,Kyle Murphy,OL,24.823,8.333,215,-0.177,28.5,0,
00-0033399,Chase Allen,LB,24.933,8.333,221,-0.067,28.5,0,
00-0033481,Marcus Kemp,WR,23.688,8.333,176,-1.312,28.5,0,
00-0034594,A.J. Moore,DB,25.269,8.227,406,0.588,28.5,0,
00-0035306,Darryl Johnson,LB,24.931,8.333,518,-0.069,28.5,0,
00-0035375,Brandon Rusnak,DB,25.235,8.333,191,0.235,28.5,0,
00-0036110,Ja'Marcus Bradley,WR,23.706,8.333,152,-1.294,28.5,0,
00-0037457,Jake Hansen,LB,24.411,8.16,385,-0.068,28.5,1,D
00-0037098,Samori Toure,WR,23.101,8.13,243,-1.289,28.5,1,D
00-0039004,Carter Warren,OL,23.182,7.398,520,0.988,28.5,0,
00-0040382,Josh Fryar,OL,24.234,7.744,277,1.001,28.5,1,D
00-0040243,Korie Black,DB,22.994,7.884,172,-0.659,28.5,1,D
00-0030109,Mike Catapano,LB,24.899,8.333,202,-0.101,28.4,0,
00-0027744,Nolan Carroll,DB,25.069,8.175,933,0.543,28.4,0,
00-0032102,Stephone Anthony,LB,24.888,8.333,295,-0.112,28.4,0,
00-0030127,Marcus Cooper,DB,25.108,8.19,1033,0.537,28.4,0,
00-0033420,Donald Payne,LB,24.893,8.333,329,-0.107,28.4,0,
00-0033970,Shalom Luani,DB,24.928,8.333,185,-0.072,28.4,0,
00-0034274,Parry Nickerson,DB,25.534,8.33,351,0.544,28.4,1,D
00-0034404,Kylie Fitts,LB,24.868,8.333,236,-0.132,28.4,0,
00-0034577,Kyle Allen,QB,23.993,3.419,1279,13.736,28.4,1,D
00-0036254,Collin Johnson,WR,22.761,8.03,502,-1.328,28.4,0,
00-0037168,Armani Rogers,TE,24.221,8.333,148,-0.779,28.4,0,
00-0035939,Bryce Perkins,QB,23.98,4.593,86,10.202,28.4,0,
00-0040739,Elijah Arroyo,TE,22.021,7.595,312,-0.765,28.4,1,D
00-0028069,Davon House,DB,25.05,8.175,913,0.524,28.3,0,
00-0032410,Rashard Robinson,DB,24.883,8.12,1250,0.523,28.3,0,
00-0032248,Bryce Hager,LB,24.839,8.333,415,-0.161,28.3,0,
00-0028836,Michael Wilhoite,LB,24.837,8.333,767,-0.163,28.3,0,
00-0032353,Chris Milton,DB,24.871,8.333,185,-0.129,28.3,0,
00-0032798,Harlan Miller,DB,24.987,8.333,187,-0.013,28.3,0,
00-0033716,Calvin Munson,LB,24.866,8.333,512,-0.134,28.3,0,
00-0033635,Isaiah Irving,LB,24.867,8.333,276,-0.133,28.3,0,
00-0034259,Desmond Harrison,OL,24.639,7.902,563,0.933,28.3,0,
00-0034204,Ola Adeniyi,LB,24.855,8.333,484,-0.145,28.3,0,
00-0035541,Michael Dogbe,DL,23.138,8.018,658,-0.916,28.3,0,
00-0035521,Derick Roberson,LB,24.839,8.333,407,-0.161,28.3,0,
00-0036855,Earnest Brown IV,DL,24.091,8.333,201,-0.909,28.3,0,
00-0039795,Nehemiah Pritchett,DB,24.523,8.002,238,0.515,28.3,1,D
00-0038660,Trevor Nowaske,LB,23.415,7.855,391,-0.15,28.3,1,D
00-0027195,Rafael Bush,DB,25.06,8.19,1134,0.489,28.2,0,
00-0030520,Mike Glennon,QB,24.358,3.553,896,13.699,28.2,0,
00-0033819,Jamal Carter,LB,24.796,8.333,200,-0.204,28.2,0,
00-0033592,Kyle Fuller,OL,23.537,7.545,691,0.903,28.2,0,
00-0032789,Devante Bond,LB,24.823,8.333,382,-0.177,28.2,0,
00-0035607,Marquise Copeland,DL,23.415,8.121,465,-0.948,28.2,0,
00-0035876,Andre Baccellia,WR,23.04,8.145,240,-1.394,28.2,1,D
00-0039066,Michael Mayer,TE,17.058,5.968,1443,-0.845,28.2,1,D
00-0038961,Eric Garror,DB,24.6,8.041,328,0.478,28.2,0,
00-0039398,Joe Milton III,QB,26.194,4.896,103,11.506,28.2,1,D
00-0027840,Robert McClain,DB,24.818,8.125,963,0.443,28.1,0,
00-0026257,Quintin Demps,DB,25.212,8.251,827,0.46,28.1,0,
00-0027987,Ben Ijalana,OL,24.925,8.022,885,0.858,28.1,0,
00-0029418,Najee Goode,LB,24.794,8.333,532,-0.206,28.1,0,
00-0026370,King Dunlap,OL,25.083,8.075,729,0.86,28.1,0,
00-0034167,Devante Downs,LB,24.788,8.333,220,-0.212,28.1,0,
00-0036359,Damon Arnette,DB,24.926,8.161,385,0.443,28.1,1,D
00-0036420,McTelvin Agim,DL,24.032,8.333,224,-0.968,28.1,0,
00-0036399,Netane Muti,OL,24.88,8.0,440,0.881,28.1,0,
00-0037327,Skylar Thompson,QB,22.265,2.864,319,13.674,28.1,0,
00-0039061,Desjuan Johnson,LB,23.146,7.795,386,-0.24,28.1,1,D
00-0038535,DJ Johnson,DL,21.945,7.643,624,-0.983,28.1,1,D
00-0037461,Tristin McCollum,DB,24.258,7.939,413,0.441,28.1,1,D
00-0039764,Elijah Chatman,DL,22.022,7.67,466,-0.989,28.1,1,D
00-0039907,Ja'Lynn Polk,WR,20.959,7.468,412,-1.445,28.1,0,
00-0040582,Arian Smith,WR,21.045,7.498,361,-1.449,28.1,1,D
00-0030887,Anthony Steen,OL,24.973,8.044,699,0.842,28.0,0,
00-0026155,Branden Albert,OL,25.048,8.068,750,0.842,28.0,0,
00-0027743,Sherrick McManis,DB,25.415,8.333,364,0.415,28.0,0,
00-0034659,Sharif Finch,LB,24.753,8.333,379,-0.247,28.0,0,
00-0034088,Robert Jackson,DB,24.871,8.333,187,-0.129,28.0,0,
00-0036269,La'Mical Perine,RB,22.577,8.31,265,-2.353,28.0,0,
00-0036283,Kenny Robinson,DB,24.25,8.333,174,-0.75,28.0,0,
00-0036649,Quinton Bohanna,DL,22.626,7.878,616,-1.007,28.0,1,D
00-0037208,Jack Cochrane,LB,24.431,8.226,249,-0.247,28.0,1,D
00-0040181,Marcus Mbow,OL,23.743,7.635,304,0.84,28.0,1,D
00-0031999,Justin March,LB,24.699,8.333,207,-0.301,27.9,0,
00-0029955,LaRoy Reynolds,LB,24.696,8.333,247,-0.304,27.9,0,
00-0034500,Tae Davis,LB,24.701,8.333,401,-0.299,27.9,0,
00-0034179,Raven Greene,DB,25.371,8.333,417,0.371,27.9,0,
00-0034744,Duke Dawson,DB,25.382,8.333,385,0.382,27.9,0,
00-0036561,Keith Taylor,DB,22.683,7.443,912,0.355,27.9,1,D
00-0037984,Damarion Williams,DB,25.237,8.283,211,0.389,27.9,0,
00-0037745,Velus Jones Jr.,WR,22.896,8.138,271,-1.519,27.9,1,D
00-0040143,Jacob Parrish,DB,21.103,6.912,710,0.366,27.9,1,D
00-0040705,Chimere Dike,WR,19.56,7.02,591,-1.501,27.9,1,D
00-0031350,Corey Nelson,LB,24.672,8.333,655,-0.328,27.8,0,
00-0027001,Vontae Davis,DB,24.991,8.215,1112,0.345,27.8,0,
00-0032786,Marqui Christian,DB,25.051,8.239,854,0.333,27.8,0,
00-0033788,Will Holden,OL,24.698,7.975,597,0.775,27.8,0,
00-0033324,Tashawn Bower,DL,23.915,8.333,289,-1.085,27.8,0,
00-0034902,Sam Eguavoen,LB,23.73,8.017,936,-0.321,27.8,0,
00-0035363,Joe Giles-Harris,LB,24.669,8.332,244,-0.328,27.8,1,D
00-0036920,Marlon Tuipulotu,DL,23.259,8.119,516,-1.097,27.8,1,D
00-0037273,Kyle Philips,WR,22.898,8.15,179,-1.553,27.8,0,
00-0038381,Kyu Blu Kelly,DB,22.551,7.409,573,0.324,27.8,1,D
00-0039234,T.J. Tampa,DB,22.182,8.208,148,-2.443,27.8,1,D
00-0030533,Matt Barkley,QB,25.134,3.851,581,13.581,27.7,0,
00-0031039,James Ferentz,OL,23.072,7.441,736,0.748,27.7,0,
00-0033544,Quincy Wilson,DB,24.647,8.117,1051,0.296,27.7,0,
00-0034755,Shaquem Griffin,LB,24.639,8.333,261,-0.361,27.7,0,
00-0034116,J.T. Gray,DB,22.972,8.333,155,-2.028,27.7,0,
00-0036032,Sean McKeon,TE,23.754,8.254,390,-1.008,27.7,1,D
00-0034999,Ty Summers,LB,24.615,8.328,328,-0.369,27.7,1,D
00-0037198,Nazeeh Johnson,DB,22.947,7.55,525,0.296,27.7,1,D
00-0039763,Joe Andreessen,LB,24.366,8.245,203,-0.368,27.7,1,D
00-0028038,Da'Norris Searcy,DB,25.267,8.333,930,0.267,27.6,0,
00-0026253,Dwight Lowery,DB,25.162,8.295,951,0.276,27.6,0,
00-0033608,Ryan Lewis,DB,24.948,8.233,675,0.25,27.6,0,
00-0035308,Tommy Sweeney,TE,23.519,8.197,420,-1.072,27.6,0,
00-0034111,Trey Marshall,DB,25.25,8.333,347,0.25,27.6,0,
00-0036236,Nick Harris,OL,23.335,7.544,585,0.701,27.6,0,
00-0034962,Terez Hall,LB,24.614,8.333,252,-0.386,27.6,0,
00-0035984,Blake Lynch,LB,24.597,8.333,306,-0.403,27.6,0,
00-0037299,Keaontay Ingram,RB,22.349,8.284,201,-2.504,27.6,0,
00-0037089,Ja'Tyre Carter,OL,23.49,8.239,199,-1.228,27.6,0,
00-0038506,Jordon Riley,DL,22.301,7.82,424,-1.158,27.6,1,D
00-0039648,David Martin-Robinson,TE,23.101,8.052,165,-1.055,27.6,1,D
00-0040078,Brashard Smith,RB,21.008,7.841,180,-2.514,27.6,1,D
00-0025401,Darrelle Revis,DB,25.233,8.333,1096,0.233,27.5,0,
00-0027440,Sam Shields,DB,25.235,8.333,384,0.235,27.5,0,
00-0026935,Brice McCain,DB,25.028,8.265,1185,0.233,27.5,0,
00-0030543,J.J. Wilcox,DB,25.224,8.333,809,0.224,27.5,0,
00-0030579,Menelik Watson,OL,24.871,8.071,730,0.658,27.5,0,
00-0027652,Nate Allen,DB,25.221,8.333,561,0.221,27.5,0,
00-0023436,Alex Smith,QB,24.902,3.787,2936,13.539,27.5,0,
00-0032366,Tyler Matakevich,LB,24.565,8.333,299,-0.435,27.5,0,
00-0033048,Kavon Frazier,DB,25.221,8.333,487,0.221,27.5,0,
00-0033545,Teez Tabor,DB,25.213,8.333,650,0.213,27.5,0,
00-0034657,Matt Dickerson,DL,21.649,7.615,818,-1.195,27.5,1,D
00-0032436,Jeff Driskel,QB,23.74,3.401,805,13.537,27.5,0,
00-0034736,Steven Parker,DB,25.221,8.333,408,0.221,27.5,0,
00-0036749,Tommy Kraemer,OL,25.014,8.333,230,0.014,27.5,0,
00-0030523,Kayvon Webster,DB,25.193,8.333,678,0.193,27.4,0,
00-0027705,Alterraun Verner,DB,25.207,8.333,375,0.207,27.4,0,
00-0033734,Jomal Wiltz,DB,24.89,8.238,697,0.177,27.4,0,
00-0036043,Jace Whittaker,DB,24.865,8.222,337,0.2,27.4,0,
00-0036652,Racey McMath,WR,23.328,8.333,161,-1.672,27.4,0,
00-0039824,Jared Wiley,TE,21.834,8.146,101,-2.605,27.4,1,D
00-0031262,Bene' Benwikere,DB,25.106,8.321,756,0.142,27.3,0,
00-0025557,William Gay,DB,25.061,8.299,1180,0.164,27.3,0,
00-0026175,Brandon Flowers,DB,25.175,8.333,336,0.175,27.3,0,
00-0034380,Will Richardson,OL,24.616,8.009,596,0.588,27.3,0,
00-0036342,Keith Ismael,OL,24.519,7.972,365,0.603,27.3,0,
00-0038496,Xavier Gipson,WR,19.737,7.148,713,-1.707,27.3,1,D
00-0040724,T.J. Sanders,DL,22.05,7.766,323,-1.249,27.3,1,D
00-0027539,Anthony Levine,DB,24.961,8.282,850,0.115,27.2,0,
00-0026180,Tracy Porter,DB,25.107,8.333,873,0.107,27.2,0,
00-0029422,Keith Tandy,DB,24.987,8.292,603,0.112,27.2,0,
00-0025406,Michael Griffin,DB,25.13,8.333,275,0.13,27.2,0,
00-0032212,Dexter McDonald,DB,25.127,8.333,511,0.127,27.2,0,
00-0033462,Cordrea Tankersley,DB,25.123,8.333,636,0.123,27.2,0,
00-0035532,Deionte Thompson,DB,24.931,8.267,631,0.129,27.2,0,
00-0035263,Wes Martin,OL,23.877,7.775,730,0.553,27.2,0,
00-0036421,Terrell Burgess,DB,24.461,8.111,483,0.127,27.2,1,D
00-0034623,Andre Chachere,DB,23.369,7.75,567,0.118,27.2,0,
00-0036577,Jack Anderson,OL,24.377,8.33,217,-0.613,27.2,0,
00-0027736,Kendrick Lewis,DB,25.096,8.333,278,0.096,27.1,0,
00-0029280,Ron Brooks,DB,25.078,8.333,222,0.078,27.1,0,
00-0033059,T.J. Green,DB,25.091,8.333,933,0.091,27.1,0,
00-0027737,Perrish Cox,DB,25.077,8.333,580,0.077,27.1,0,
00-0026240,Tyvon Branch,DB,25.097,8.333,808,0.097,27.1,0,
00-0029314,Trevin Wade,DB,25.077,8.333,358,0.077,27.1,0,
00-0033289,Corn Elder,DB,24.676,8.195,465,0.092,27.1,0,
00-0034929,Quinn Bailey,OL,24.896,8.116,252,0.548,27.1,0,
00-0037747,Christian Matthew,DB,25.004,8.303,225,0.093,27.1,0,
00-0036841,Austin Trammell,WR,22.699,8.167,226,-1.8,27.1,1,D
00-0040165,Malachi Moore,DB,20.717,6.874,885,0.095,27.1,1,D
00-0040641,Darien Porter,DB,23.129,7.682,572,0.084,27.1,1,D
00-0040227,Jonah Monheim,OL,20.861,7.741,182,-2.362,27.1,1,D
00-0027972,Aaron Williams,DB,25.067,8.333,322,0.067,27.0,0,
00-0031343,Calvin Pryor,DB,25.053,8.333,767,0.053,27.0,0,
00-0032196,Jake Fisher,OL,24.916,8.139,676,0.5,27.0,0,
00-0031151,Marcus Williams,DB,25.036,8.333,627,0.036,27.0,0,
00-0030170,Rontez Miles,DB,25.049,8.333,583,0.049,27.0,0,
00-0026151,Leodis McKelvin,DB,25.063,8.333,561,0.063,27.0,0,
00-0028564,Isa Abdul-Quddus,DB,25.062,8.333,885,0.062,27.0,0,
00-0027067,Rashad Johnson,DB,25.04,8.333,520,0.04,27.0,0,
00-0031070,Nat Berhe,DB,25.048,8.333,225,0.048,27.0,0,
00-0026910,Greg Toler,DB,25.033,8.333,245,0.033,27.0,0,
00-0032322,Dexter McCoil,DB,25.041,8.333,250,0.041,27.0,0,
00-0027017,Darius Butler,DB,25.062,8.333,911,0.062,27.0,0,
00-0032106,Craig Mager,DB,25.059,8.333,388,0.059,27.0,0,
00-0026625,Brian Hoyer,QB,24.618,3.732,962,13.421,27.0,0,
00-0028942,Duke Ihenacho,DB,25.055,8.333,602,0.055,27.0,0,
00-0031594,Tony Lippett,DB,25.011,8.317,881,0.061,27.0,0,
00-0024223,Donte Whitner,DB,25.036,8.333,532,0.036,27.0,0,
00-0031028,Ulrick John,OL,24.991,8.333,235,-0.009,27.0,0,
00-0032793,Blake Countess,DB,25.065,8.333,361,0.065,27.0,0,
00-0032697,Doug Middleton,DB,25.043,8.333,275,0.043,27.0,0,
00-0034603,Kevin Toliver,DB,25.057,8.333,311,0.057,27.0,0,
00-0035752,Chris Streveler,QB,23.051,4.684,80,8.998,27.0,0,
00-0036728,Curtis Robinson,LB,23.711,8.107,330,-0.61,27.0,1,D
00-0040725,Donovan Ezeiruaku,LB,21.489,7.368,559,-0.615,27.0,1,D
00-0029658,Corey White,DB,25.014,8.333,389,0.014,26.9,0,
00-0029575,Robert Blanton,DB,25.011,8.333,250,0.011,26.9,0,
00-0031989,Harold Jones-Quartey,DB,25.013,8.333,674,0.013,26.9,0,
00-0028059,Chris Prosinski,DB,25.018,8.333,289,0.018,26.9,0,
00-0032946,De'Vante Harris,DB,25.012,8.333,346,0.012,26.9,0,
00-0028954,Robert Golden,DB,25.0,8.333,562,0.0,26.9,0,
00-0032767,Su'a Cravens,DB,25.029,8.333,386,0.029,26.9,0,
00-0031020,Keith Reaser,DB,25.007,8.333,376,0.007,26.9,0,
00-0032050,Corey Moore,DB,25.029,8.333,739,0.029,26.9,0,
00-0030275,Demontre Hurst,DB,24.999,8.333,205,-0.001,26.9,0,
00-0031552,Jalen Collins,DB,24.999,8.333,605,-0.001,26.9,0,
00-0031312,Ed Reynolds,DB,25.004,8.333,483,0.004,26.9,0,
00-0032797,Jordan Lucas,DB,25.004,8.333,388,0.004,26.9,0,
00-0031328,Brandon Dixon,DB,25.002,8.333,245,0.002,26.9,0,
00-0032749,Isaiah Johnson,DB,25.013,8.333,377,0.013,26.9,0,
00-0033731,Tre Sullivan,DB,25.022,8.333,294,0.022,26.9,0,
00-0034767,Nick Nelson,DB,25.019,8.333,296,0.019,26.9,0,
00-0033124,Will Redmond,DB,24.361,8.116,641,0.015,26.9,0,
00-0035139,Marquise Blair,DB,25.003,8.333,398,0.003,26.9,0,
00-0035282,Easton Stick,QB,23.981,3.524,307,13.408,26.9,0,
00-0035903,Joe Gaziano,DL,23.107,8.174,420,-1.416,26.9,0,
00-0036068,Jamir Jones,LB,23.955,8.333,191,-1.045,26.9,0,
00-0037493,Mike Brown,DB,23.689,7.897,474,-0.003,26.9,1,D
00-0037396,Wesley French,OL,23.98,7.838,255,0.465,26.9,0,
00-0031907,Jacoby Glenn,DB,24.985,8.333,222,-0.015,26.8,0,
00-0030491,Daimion Stafford,DB,24.963,8.333,578,-0.037,26.8,0,
00-0024330,Will Blackmon,DB,24.982,8.333,539,-0.018,26.8,0,
00-0028767,Sterling Moore,DB,24.992,8.333,862,-0.008,26.8,0,
00-0029050,Valentino Blake,DB,24.995,8.333,350,-0.005,26.8,0,
00-0031942,Arie Kouandjio,OL,24.845,8.137,524,0.434,26.8,0,
00-0030023,Jordan Dangerfield,DB,24.96,8.333,238,-0.04,26.8,0,
00-0029107,Kelcie McCray,DB,24.968,8.333,331,-0.032,26.8,0,
00-0031232,Robert Nelson,DB,24.987,8.333,218,-0.013,26.8,0,
00-0030289,Bacarri Rambo,DB,24.96,8.333,487,-0.04,26.8,0,
00-0031276,Tyler Patmon,DB,24.975,8.333,290,-0.025,26.8,0,
00-0031267,Antone Exum,DB,24.971,8.333,593,-0.029,26.8,0,
00-0035232,Dwayne Haskins,QB,24.837,3.818,829,13.385,26.8,0,
00-0036402,Carter Coughlin,LB,24.31,8.333,230,-0.69,26.8,0,
00-0035048,Wyatt Ray,LB,24.151,8.277,364,-0.682,26.8,0,
00-0034937,John Leglue,OL,23.638,7.738,458,0.424,26.8,0,
00-0037129,Josh Blackwell,DB,24.639,8.225,252,-0.036,26.8,1,D
00-0040175,Jordan Phillips,DL,21.323,7.581,438,-1.419,26.8,1,D
00-0039544,Will Putnam,OL,17.545,7.883,136,-6.105,26.8,1,D
00-0040709,Maxwell Hairston,DB,23.222,7.743,335,-0.008,26.8,1,D
00-0040058,Nick Kallerup,TE,22.934,8.089,130,-1.334,26.8,1,D
00-0040150,Caleb Rogers,OL,22.964,7.516,273,0.416,26.8,1,D
00-0029888,Darryl Morris,DB,24.927,8.333,458,-0.073,26.7,0,
00-0029764,Cody Davis,DB,24.947,8.333,595,-0.053,26.7,0,
00-0032769,Brandon Williams,DB,24.959,8.333,315,-0.041,26.7,0,
00-0031559,Jordan Richards,DB,24.926,8.333,738,-0.074,26.7,0,
00-0031347,Keith McGill,DB,24.924,8.333,210,-0.076,26.7,0,
00-0031474,Delvin Breaux,DB,24.933,8.333,285,-0.067,26.7,0,
00-0032273,Jude Adjei-Barimah,DB,24.939,8.333,271,-0.061,26.7,0,
00-0028128,Colin Jones,DB,24.957,8.333,319,-0.043,26.7,0,
00-0030469,Johnthan Banks,DB,24.926,8.333,211,-0.074,26.7,0,
00-0032676,Mike Jordan,DB,24.927,8.333,368,-0.073,26.7,0,
00-0031626,Brian Mihalik,OL,24.841,8.333,233,-0.159,26.7,0,
00-0032848,Kevin Peterson,DB,24.957,8.333,501,-0.043,26.7,0,
00-0034496,Sean Chandler,DB,23.582,7.885,785,-0.073,26.7,0,
00-0035365,Tae Hayes,DB,24.925,8.333,204,-0.075,26.7,0,
00-0037203,LaBryan Ray,DL,19.168,6.883,1049,-1.481,26.7,1,D
00-0032987,Tracy Howard,DB,24.921,8.333,268,-0.079,26.6,0,
00-0031937,Quinten Rollins,DB,24.917,8.333,829,-0.083,26.6,0,
00-0022923,DeAngelo Hall,DB,24.918,8.333,307,-0.082,26.6,0,
00-0029958,Steven Terrell,DB,24.913,8.333,529,-0.087,26.6,0,
00-0030541,Blidi Wreh-Wilson,DB,24.843,8.313,643,-0.096,26.6,0,
00-0033649,Kai Nacua,DB,24.905,8.333,214,-0.095,26.6,0,
00-0032438,Maurice Canady,DB,24.898,8.333,743,-0.102,26.6,0,
00-0034461,Bruce Hector,DL,23.391,8.293,324,-1.488,26.6,0,
00-0031630,Akeem King,DB,24.92,8.333,405,-0.08,26.6,0,
00-0035318,Ken Webster,DB,24.895,8.333,224,-0.105,26.6,0,
00-0034839,Sam Beal,DB,24.893,8.333,277,-0.107,26.6,0,
00-0036438,Stephen Sullivan,TE,22.673,8.031,339,-1.421,26.6,0,
00-0036856,Trey Hill,OL,23.551,8.333,203,-1.449,26.6,0,
00-0038513,Cam Jones,LB,22.571,8.333,167,-2.428,26.6,1,D
00-0039879,Javon Solomon,LB,23.397,8.054,317,-0.764,26.6,1,D
00-0029520,Eddie Pleasant,DB,24.868,8.333,645,-0.132,26.5,0,
00-0024258,Roman Harper,DB,24.888,8.333,287,-0.112,26.5,0,
00-0030427,Kemal Ishmael,DB,24.888,8.333,730,-0.112,26.5,0,
00-0027064,Jerraud Powers,DB,24.884,8.333,478,-0.116,26.5,0,
00-0029065,Johnson Bademosi,DB,24.867,8.333,532,-0.133,26.5,0,
00-0031186,Kenneth Acker,DB,24.856,8.333,342,-0.144,26.5,0,
00-0038711,Mohamoud Diabate,LB,20.027,6.947,846,-0.814,26.5,1,D
00-0040164,Jaylin Lane,WR,20.66,7.554,321,-2.003,26.5,1,D
00-0032198,Ibraheim Campbell,DB,24.852,8.333,875,-0.148,26.4,0,
00-0029268,Gino Gradkowski,OL,24.876,8.333,237,-0.124,26.4,0,
00-0034430,Andre Smith,LB,24.135,8.333,199,-0.865,26.4,0,
00-0034588,Trent Harris,LB,24.144,8.333,348,-0.856,26.4,0,
00-0034976,Dru Samia,OL,25.098,8.27,286,0.288,26.4,0,
00-0036306,Daniel Thomas,DB,24.295,8.149,528,-0.153,26.4,1,D
00-0036393,Davion Taylor,LB,24.15,8.333,269,-0.85,26.4,0,
00-0036904,Robert Rochell,DB,24.843,8.333,256,-0.157,26.4,0,
00-0037516,Sam Webb,DB,23.027,7.733,458,-0.173,26.4,1,D
00-0030011,Jordan Devey,OL,25.27,8.333,554,0.27,26.3,0,
00-0035534,Marvell Tell,DB,24.799,8.333,237,-0.201,26.3,0,
00-0036917,Zech McPhearson,DB,24.789,8.333,280,-0.211,26.3,0,
00-0036234,Logan Stenberg,OL,23.957,8.213,224,-0.681,26.3,0,
00-0038396,Eric Gray,RB,21.877,8.293,165,-3.002,26.3,0,
00-0040396,Dean Clark,DB,22.287,8.051,167,-1.866,26.3,1,D
00-0032934,Tony McRae,DB,24.766,8.333,297,-0.234,26.2,0,
00-0033435,Breon Borders,DB,24.511,8.247,498,-0.229,26.2,0,
00-0035743,Brett Toth,OL,22.207,7.321,553,0.244,26.2,1,D
00-0036678,Dicaprio Bootle,DB,24.414,8.216,212,-0.235,26.2,0,
00-0031991,DeVante Bausby,DB,24.598,8.29,636,-0.273,26.1,0,
00-0037241,Trevor Penning,OL,16.834,5.548,2056,0.191,26.1,1,D
00-0038985,Keondre Coburn,DL,23.299,8.321,223,-1.665,26.1,0,
00-0039858,Cedric Gray,LB,20.134,7.03,911,-0.956,26.1,1,D
00-0039305,Jack Westover,TE,21.118,7.565,275,-1.577,26.1,1,D
00-0040162,Dylan Sampson,RB,20.213,7.756,234,-3.055,26.1,1,D
00-0032247,Cody Wichmann,OL,24.756,8.195,560,0.171,26.0,0,
00-0032635,Josh Hawkins,DB,24.705,8.333,428,-0.295,26.0,0,
00-0032397,Rees Odhiambo,OL,24.85,8.226,527,0.172,26.0,0,
00-0033854,Dare Ogunbowale,RB,17.001,6.696,1434,-3.088,26.0,1,D
00-0034977,Sheldrick Redwine,DB,24.62,8.31,710,-0.311,26.0,0,
00-0035290,Jaquan Johnson,DB,24.678,8.333,449,-0.322,26.0,0,
00-0036859,Jimmy Morrissey,OL,24.404,8.084,302,0.153,26.0,0,
00-0033405,Torry McTyer,DB,24.658,8.333,424,-0.342,25.9,0,
00-0036304,John Reid,DB,24.662,8.333,301,-0.338,25.9,0,
00-0032771,Parker Ehinger,OL,25.081,8.333,347,0.081,25.8,0,
00-0032899,Vadal Alexander,OL,24.933,8.275,521,0.109,25.8,0,
00-0033151,Joshua Garnett,OL,25.093,8.333,728,0.093,25.8,0,
00-0031561,Hroniss Grasu,OL,24.468,8.126,604,0.09,25.8,0,
00-0034337,Greg Stroman,DB,23.817,8.067,713,-0.383,25.8,0,
00-0033791,Brandon Wilson,DB,24.635,8.333,362,-0.365,25.8,0,
00-0036648,Nick Niemann,LB,23.436,8.159,349,-1.042,25.8,1,D
00-0039291,Eric Watts,DL,22.081,7.96,306,-1.799,25.8,1,D
00-0040123,Armand Membou,OL,19.218,6.375,1005,0.092,25.8,1,D
00-0040721,Alfred Collins,DL,20.452,7.414,523,-1.789,25.8,1,D
00-0032942,Kevon Seymour,DB,23.618,8.006,903,-0.401,25.7,0,
00-0035241,Joejuan Williams,DB,24.573,8.333,575,-0.427,25.7,0,
00-0030207,Alvin Bailey,OL,25.012,8.333,356,0.012,25.6,0,
00-0029187,Don Barclay,OL,25.034,8.333,297,0.034,25.6,0,
00-0027750,Chris Scott,OL,25.02,8.333,282,0.02,25.6,0,
00-0032807,Clayton Fejedelem,DB,24.534,8.333,715,-0.466,25.6,0,
00-0033793,Corey Levin,OL,22.694,7.56,733,0.012,25.6,1,D
00-0031575,Jamil Douglas,OL,24.592,8.19,438,0.023,25.6,0,
00-0038463,Brenton Cox Jr.,DL,22.113,7.994,260,-1.869,25.6,1,D
00-0037091,Bo Melton,WR,19.823,7.381,519,-2.321,25.6,1,D
00-0040008,Shavon Revel Jr.,DB,22.878,7.774,305,-0.443,25.6,1,D
00-0026408,Joe Reitz,OL,24.988,8.333,393,-0.012,25.5,0,
00-0030217,Tim Lelito,OL,24.984,8.333,413,-0.016,25.5,0,
00-0028060,Chris Hairston,OL,25.001,8.333,334,0.001,25.5,0,
00-0027053,Kraig Urbik,OL,25.009,8.333,437,0.009,25.5,0,
00-0024281,Eric Winston,OL,24.992,8.333,458,-0.008,25.5,0,
00-0030126,T.J. Johnson,OL,24.979,8.333,319,-0.021,25.5,0,
00-0030486,Brian Schwenke,OL,24.982,8.333,377,-0.018,25.5,0,
00-0029666,Josh LeRibeus,OL,25.004,8.333,378,0.004,25.5,0,
00-0036534,Shane Zylstra,TE,20.552,7.446,542,-1.787,25.5,1,D
00-0026152,Ryan Clady,OL,24.967,8.333,511,-0.033,25.4,0,
00-0024244,Nick Mangold,OL,24.962,8.333,412,-0.038,25.4,0,
00-0031191,Luke Bowanko,OL,24.97,8.333,382,-0.03,25.4,0,
00-0036570,Rodarius Williams,DB,23.622,8.333,182,-1.378,25.4,0,
00-0036646,Simi Fehoko,WR,21.022,7.795,328,-2.362,25.4,1,D
00-0036636,Brenden Jaimes,OL,23.552,7.866,275,-0.045,25.4,1,D
00-0039890,Adonai Mitchell,WR,17.804,6.723,843,-2.366,25.4,1,D
00-0038724,Ali Gaye,DL,22.797,8.255,199,-1.968,25.4,1,D
00-0031627,Corey Robinson,OL,24.771,8.283,504,-0.078,25.3,0,
00-0029661,Andrew Tiller,OL,24.922,8.333,468,-0.078,25.3,0,
00-0034490,Ezekiel Turner,LB,23.433,8.228,294,-1.252,25.3,0,
00-0039889,Maason Smith,DL,20.806,7.591,645,-1.968,25.3,1,D
00-0039601,Demani Richardson,DB,21.873,7.478,405,-0.562,25.3,1,D
00-0031335,Cyrus Kouandjio,OL,24.896,8.333,466,-0.104,25.2,0,
00-0036316,Chris Claybrooks,DB,23.745,8.108,595,-0.579,25.2,0,
00-0038694,Brandon Pili,DL,22.371,8.124,248,-2.0,25.2,1,D
00-0028152,Derek Newton,OL,24.859,8.333,387,-0.141,25.1,0,
00-0030652,Josh Walker,OL,24.857,8.333,294,-0.143,25.1,0,
00-0035995,Grayland Arnold,DB,24.363,8.333,220,-0.637,25.1,0,
00-0036783,Ryan McCollum,OL,23.525,7.888,300,-0.138,25.1,1,D
00-0037260,DJ Davidson,DL,20.419,7.484,751,-2.033,25.1,1,D
00-0038742,Tyrus Wheat,LB,22.939,8.081,241,-1.305,25.1,1,D
00-0038998,Jake Haener,QB,22.461,5.088,73,7.198,25.1,0,
00-0030996,John Urschel,OL,24.804,8.333,249,-0.196,25.0,0,
00-0034990,Ka'dar Hollman,DB,24.176,8.276,343,-0.651,25.0,0,
00-0039481,Storm Duck,DB,23.452,8.042,380,-0.674,25.0,1,D
00-0032246,Andrew Donnal,OL,24.806,8.333,300,-0.194,24.9,0,
00-0029254,Amini Silatolu,OL,24.769,8.333,249,-0.231,24.9,0,
00-0035962,Henry Black,DB,24.296,8.333,290,-0.704,24.9,0,
00-0034966,D'Angelo Ross,DB,23.373,8.029,302,-0.714,24.9,1,D
00-0039789,Qwan'tez Stiggers,DB,22.974,7.888,274,-0.69,24.9,1,D
00-0039696,Evan Anderson,DL,21.648,7.911,254,-2.086,24.9,0,
00-0030593,Chance Warmack,OL,24.757,8.333,430,-0.243,24.8,0,
00-0038583,Dorian Thompson-Robinson,QB,21.284,2.784,399,12.932,24.8,0,
00-0034687,Korey Cunningham,OL,24.34,8.206,540,-0.279,24.7,0,
00-0034955,Brett Rypien,QB,22.303,3.132,317,12.907,24.7,1,D
00-0036344,Harrison Hand,DB,24.222,8.333,263,-0.778,24.7,0,
00-0038635,Andre Jones Jr.,LB,23.222,8.229,224,-1.463,24.7,1,D
00-0038600,Owen Pappoe,LB,22.541,7.996,324,-1.447,24.7,1,D
00-0033785,Zach Banner,OL,24.695,8.333,278,-0.305,24.6,0,
00-0033740,Jordan Roos,OL,24.063,8.233,241,-0.635,24.6,0,
00-0034540,Tony Brown,DB,24.173,8.333,472,-0.827,24.6,0,
00-0032434,Brandon Allen,QB,22.956,3.351,614,12.904,24.6,1,D
00-0037354,Verone McKinley III,DB,23.873,8.233,233,-0.825,24.6,0,
00-0038940,Tyler Lacy,DL,20.125,7.439,672,-2.192,24.6,1,D
00-0039003,Drew Sanders,LB,23.217,8.238,274,-1.497,24.6,0,
00-0039387,Caelen Carson,DB,22.442,7.749,433,-0.806,24.6,1,D
00-0031357,C.J. Goodwin,DB,24.14,8.333,272,-0.86,24.5,0,
00-0035039,Stephen Carlson,TE,22.738,8.288,294,-2.126,24.5,1,D
00-0036956,Darren Hall,DB,21.785,7.548,1006,-0.86,24.5,1,D
00-0038581,KJ Henry,DL,21.949,8.066,314,-2.249,24.5,0,
00-0039408,Christian Mahogany,OL,19.454,6.594,810,-0.329,24.5,1,D
00-0033317,Erik Magnuson,OL,24.639,8.333,266,-0.361,24.4,0,
00-0039072,Jakorian Bennett,DB,21.035,7.3,849,-0.865,24.4,1,D
00-0037315,Cameron Goode,LB,22.025,8.189,181,-2.543,24.4,1,D
00-0038566,Nick Saldiveri,OL,22.206,7.529,340,-0.38,24.4,0,
00-0037294,Jordan Jackson,DL,21.398,7.892,370,-2.279,24.4,1,D
00-0037279,Marcus McKethan,OL,22.512,7.643,355,-0.416,24.3,0,
00-0039386,Bub Means,WR,20.362,8.155,130,-4.102,24.3,0,
00-0040731,Trey Amos,DB,21.352,7.418,475,-0.903,24.3,1,D
00-0034680,Armani Watts,DB,24.049,8.333,306,-0.951,24.2,0,
00-0035040,David Blough,QB,24.37,3.851,420,12.816,24.2,0,
00-0038487,Eli Ricks,DB,23.229,8.066,311,-0.968,24.2,0,
00-0039578,Dalton Tucker,OL,20.105,6.85,575,-0.445,24.2,1,D
00-0034142,J.C. Hassenauer,OL,22.182,7.557,653,-0.488,24.1,0,
00-0037348,Tanner Conner,TE,21.515,7.928,239,-2.269,24.1,1,D
00-0037179,Jeremiah Moon,LB,22.89,8.187,229,-1.671,24.1,1,D
00-0036392,Matt Peart,OL,21.098,7.201,1017,-0.506,24.0,1,D
00-0037804,Zachary Carter,DL,17.872,6.764,1269,-2.419,24.0,1,D
00-0022803,Eli Manning,QB,25.002,4.088,3237,12.739,23.9,0,
00-0033960,Danny Isidora,OL,24.432,8.333,468,-0.568,23.8,0,
00-0039739,Roman Wilson,WR,20.28,7.751,249,-2.972,23.7,1,D
00-0036921,Tarron Jackson,DL,22.452,8.333,306,-2.548,23.6,0,
00-0035252,Yodny Cajuste,OL,23.536,8.077,262,-0.694,23.5,0,
00-0040728,Tate Ratledge,OL,17.886,6.193,1039,-0.693,23.5,1,D
00-0029668,Andrew Luck,QB,25.294,4.237,2094,12.581,23.2,0,
00-0035895,Joe Bachie,LB,22.216,8.067,375,-1.984,23.2,1,D
00-0036879,Sam Ehlinger,QB,23.734,3.718,232,12.58,23.2,0,
00-0037578,Juanyeh Thomas,DB,21.834,7.723,509,-1.335,23.1,1,D
00-0036683,Devon Key,DB,22.713,8.015,312,-1.332,23.1,1,D
00-0035956,Giovanni Ricci,TE,21.44,8.031,370,-2.652,23.0,1,D
00-0038099,Phidarian Mathis,DL,20.529,7.774,559,-2.792,22.9,1,D
00-0039002,Sydney Brown,DB,20.627,7.354,630,-1.436,22.9,1,D
00-0036881,Jay Tufele,DL,20.021,7.611,730,-2.812,22.8,1,D
00-0038093,Neil Farrell,DL,21.618,8.154,272,-2.843,22.8,0,
00-0020679,Shaun Hill,QB,25.037,6.619,68,5.18,22.6,0,
00-0036935,Kelvin Joseph,DB,23.431,8.333,332,-1.569,22.5,0,
00-0036045,Cam Gill,LB,21.608,7.962,425,-2.277,22.4,0,
00-0034248,Elijah Campbell,DB,23.326,8.302,304,-1.58,22.4,1,D
00-0038571,Jon Gaines II,OL,21.934,7.658,345,-1.04,22.4,1,D
00-0036922,Patrick Johnson,DL,21.398,8.136,516,-3.01,22.3,1,D
00-0037807,Joshua Ezeudu,OL,20.727,7.29,702,-1.143,22.1,0,
00-0033958,Nathan Peterman,QB,24.167,3.953,295,12.309,21.9,0,
00-0038498,E.J. Jenkins,TE,20.128,8.268,103,-4.676,21.9,1,D
00-0040782,Isaiah Bond,WR,17.985,7.194,466,-3.598,21.8,1,D
00-0031407,Blake Bortles,QB,24.827,4.217,3040,12.176,21.3,0,
00-0039174,Chukwuebuka Godrick,OL,17.672,7.677,179,-5.359,21.1,1,D
00-0027948,Blaine Gabbert,QB,24.434,4.109,1013,12.107,21.0,0,
00-0035623,Chandler Brewer,OL,22.009,8.058,235,-2.166,20.9,0,
00-0037601,Xavier Newman-Johnson,OL,21.84,7.797,327,-1.552,20.9,1,D
00-0038821,Rakim Jarrett,WR,19.174,7.696,310,-3.915,20.9,0,
00-0038852,John Ojukwu,OL,21.746,7.767,410,-1.555,20.9,1,D
00-0034343,Josh Rosen,QB,24.531,4.16,948,12.052,20.8,0,
00-0035413,Luke Gifford,LB,20.674,7.876,451,-2.954,20.6,1,D
00-0039746,Will Shipley,RB,18.914,7.99,180,-5.055,20.6,1,D
00-0038142,David Ojabo,LB,20.414,7.8,565,-2.988,20.5,1,D
00-0038775,Nash Jensen,OL,21.635,7.778,293,-1.698,20.5,0,
00-0038710,Blake Whiteheart,TE,18.813,7.475,429,-3.611,20.3,1,D
00-0035577,Devlin Hodges,QB,24.808,4.296,350,11.92,20.2,0,
00-0029682,Brock Osweiler,QB,24.969,4.354,1713,11.906,20.1,0,
00-0039798,Isaiah Davis,RB,17.485,7.576,380,-5.243,20.1,1,D
00-0037324,Chris Oladokun,QB,20.64,3.759,109,9.364,19.9,1,D
00-0031076,David Fales,QB,24.952,6.115,84,6.608,19.8,0,
00-0025708,Matt Moore,QB,24.929,4.37,598,11.821,19.7,0,
00-0036604,Jordan Meredith,OL,16.507,6.159,1311,-1.971,19.7,1,D
00-0040178,Jason Marshall Jr.,DB,21.026,7.864,230,-2.568,19.7,1,D
00-0026544,Chase Daniel,QB,24.358,4.199,357,11.761,19.5,0,
00-0036123,Brandon Walton,OL,21.76,8.043,242,-2.369,19.5,1,D
00-0026197,Chad Henne,QB,25.209,4.497,167,11.719,19.3,0,
00-0037308,Lecitus Smith,OL,21.641,7.911,260,-2.091,19.3,1,D
00-0039419,Michael Jurgens,OL,21.139,7.754,287,-2.123,19.2,1,D
00-0037302,Austin Deculus,OL,19.827,7.343,558,-2.203,19.0,1,D
00-0026898,Mark Sanchez,QB,24.63,5.479,100,8.192,18.9,0,
00-0036197,Jake Fromm,QB,23.666,4.818,111,9.211,18.9,0,
00-0021206,Josh McCown,QB,24.844,4.414,1260,11.602,18.7,0,
00-0036615,Caleb Farley,DB,20.916,7.968,313,-2.988,18.5,0,
00-0037264,Delarrin Turner-Yell,DB,21.551,8.176,205,-2.976,18.5,0,
00-0027854,Sam Bradford,QB,24.956,4.485,1144,11.502,18.3,0,
00-0039465,Reddy Steward,DB,19.326,7.459,511,-3.051,18.3,1,D
00-0031589,Brett Hundley,QB,24.718,4.414,662,11.477,18.2,0,
00-0034899,John Wolford,QB,24.109,4.206,227,11.492,18.2,0,
00-0024226,Jay Cutler,QB,25.054,4.534,986,11.451,18.1,0,
00-0037560,Chandler Wooten,LB,19.949,7.936,241,-3.859,18.1,0,
00-0029665,Robert Griffin III,QB,24.908,4.499,491,11.411,17.9,0,
00-0038586,Atonio Mafi,OL,19.044,7.221,583,-2.619,17.7,1,D
00-0040159,Lathan Ransom,DB,18.877,7.384,337,-3.275,17.7,1,D
00-0033104,Cody Kessler,QB,24.855,4.509,623,11.327,17.5,0,
00-0033899,DeShone Kizer,QB,24.855,4.518,895,11.301,17.4,0,
00-0038795,PJ Mustipher,DL,18.51,7.744,311,-4.722,17.4,1,D
00-0021429,Carson Palmer,QB,25.011,4.576,1406,11.284,17.3,0,
00-0035251,Will Grier,QB,24.111,6.07,86,5.9,17.3,0,
00-0035146,Trace McSorley,QB,23.354,4.115,161,11.008,16.1,0,
00-0040163,Jalen Travis,OL,19.172,7.451,296,-3.181,16.1,1,D
00-0027796,Joe Webb,QB,24.848,6.444,87,5.516,15.9,0,
00-0040398,Brady Cook,QB,19.416,2.834,289,10.913,15.6,1,D
00-0038400,Tanner McKee,QB,25.31,4.855,168,10.746,14.9,1,D
00-0031064,Tom Savage,QB,24.848,4.706,522,10.729,14.8,0,
00-0035652,Ryan Finley,QB,24.173,4.482,270,10.727,14.8,0,
00-0032784,Kevin Hogan,QB,24.593,4.672,182,10.578,14.1,0,
00-0027974,Colin Kaepernick,QB,25.071,4.895,657,10.387,13.2,0,
00-0033550,Davis Webb,QB,24.571,8.333,65,-0.429,12.8,0,
00-0031568,Bryce Petty,QB,24.811,4.866,445,10.214,12.5,0,
00-0025430,Drew Stanton,QB,24.848,4.894,393,10.167,12.2,0,
00-0028012,Ryan Mallett,QB,24.976,8.333,70,-0.024,10.8,0,
00-0040206,Riley Leonard,QB,22.408,4.818,123,7.953,10.8,1,D
00-0023662,Matt Cassel,QB,24.754,5.042,186,9.629,9.8,0,
00-0032893,Connor Cook,QB,24.794,6.588,100,5.029,9.3,0,
00-0036312,Jake Luton,QB,24.461,5.02,185,9.4,8.8,0,
00-0033108,Paxton Lynch,QB,24.818,5.161,261,9.336,8.5,0,
00-0032245,Sean Mannion,QB,24.239,5.043,235,9.11,7.5,0,
00-0034412,Luke Falk,QB,24.475,5.262,144,8.689,7.3,0,
00-0031288,AJ McCarron,QB,24.749,5.929,124,6.962,6.8,0,
00-0028090,T.J. Yates,QB,24.86,5.314,192,8.917,6.6,0,
00-0023645,Derek Anderson,QB,24.776,5.314,210,8.834,6.2,0,
00-0022787,Matt Schaub,QB,25.213,6.09,127,6.944,5.7,0,
00-0040092,Esa Pole,OL,15.358,7.349,266,-6.689,5.6,1,D
00-0040581,Dont'e Thornton Jr.,WR,13.044,7.504,375,-9.468,4.8,1,D
00-0040494,Max Brosmer,QB,17.973,3.197,165,8.383,4.2,1,D
00-0031395,Garrett Gilbert,QB,24.55,5.67,142,7.539,3.0,0,
00-0028595,Scott Tolzien,QB,24.872,6.616,117,5.024,2.4,0,
00-0030526,EJ Manuel,QB,24.902,5.676,150,7.873,1.8,0,
00-0030524,Landry Jones,QB,24.99,5.753,212,7.73,1.2,0,
00-0036384,Ben DiNucci,QB,24.241,8.333,91,-0.759,1.0,0,
00-0037175,Anthony Brown,QB,23.776,8.333,93,-1.224,1.0,0,
00-0038582,Clayton Tune,QB,19.873,5.344,143,3.841,1.0,1,D
