game_id,home_agg,away_agg
2010020001,0.0,0.0
2010020002,0.0,0.0
2010020003,0.0,0.0
2010020004,0.0,0.0
2010020005,0.0,0.0
2010020006,0.0,0.0
2010020007,0.0,0.0
2010020008,0.2459,-0.623
2010020009,0.0,0.0
2010020010,0.0,0.0
2010020011,0.0,0.0
2010020012,0.0,0.0
2010020013,-0.3636,0.0
2010020014,-0.6341,-0.6808
2010020015,0.0,0.0
2010020016,-1.6068,0.0731
2010020017,-0.2907,-0.3523
2010020018,0.0,-0.2507
2010020019,0.0,0.6338
2010020020,0.0,-0.2257
2010020021,0.1096,0.1478
2010020022,0.2189,-0.6524
2010020023,0.0,0.0
2010020024,-0.705,0.8554
2010020025,-2.5227,-0.3446
2010020026,1.2121,0.0
2010020027,-0.3273,-1.4323
2010020028,1.1706,1.334
2010020029,0.9641,-0.8462
2010020030,-1.6132,-0.6337
2010020031,-0.3467,-0.674
2010020032,-0.0042,-1.0927
2010020033,0.0705,-0.0391
2010020034,-0.2458,-0.9902
2010020035,-2.6716,-1.2943
2010020036,-0.3706,0.0808
2010020037,-1.371,1.1073
2010020038,-0.6553,1.0669
2010020039,-2.3885,-0.4128
2010020040,-1.9651,-0.0335
2010020041,-0.7985,-1.0093
2010020042,-0.3795,1.1394
2010020043,-0.0969,-0.1543
2010020044,-0.487,0.7449
2010020045,-1.0143,0.9875
2010020046,-0.9754,-0.787
2010020047,-0.7941,0.2966
2010020048,-0.0029,-0.8837
2010020049,0.8358,-1.6115
2010020050,-1.5214,-0.3711
2010020051,-1.4105,-1.8051
2010020052,-0.8123,-0.8861
2010020053,-1.0104,-1.1244
2010020054,-2.2063,-0.7426
2010020055,-1.6439,0.2015
2010020056,-0.2405,-2.079
2010020057,-1.2282,-0.5817
2010020058,0.4609,-0.9665
2010020059,-0.9382,-0.1848
2010020060,0.7485,-0.0292
2010020061,0.3378,-1.7574
2010020062,-0.4768,-0.6211
2010020063,-1.3445,-0.7391
2010020064,1.1579,-1.5771
2010020065,-0.0187,-0.6003
2010020066,0.561,-1.6291
2010020067,-1.1562,0.1597
2010020068,-2.467,-0.8894
2010020069,-1.4285,-0.623
2010020070,-0.0591,-1.1187
2010020071,-1.2096,-0.4741
2010020072,-0.4928,0.1777
2010020073,-0.9297,-1.6116
2010020074,-0.0332,-1.2944
2010020075,0.7921,0.2542
2010020076,-0.1989,-1.2337
2010020077,0.0483,-2.2692
2010020078,-1.082,-1.9658
2010020079,-0.9055,-0.8383
2010020080,-1.589,-1.7255
2010020081,0.1463,-1.4013
2010020082,-0.557,-0.7205
2010020083,-0.735,-1.1846
2010020084,0.6308,-1.88
2010020085,-1.0078,0.0922
2010020086,-1.0994,-0.7743
2010020087,-0.2904,-1.3566
2010020088,-0.3074,-0.76
2010020089,0.4675,-0.7165
2010020090,-1.1644,-2.5062
2010020091,-1.2938,0.1971
2010020092,-1.4058,-0.6054
2010020093,0.118,-0.8984
2010020094,-1.9678,-0.9213
2010020095,-1.3022,0.404
2010020096,-1.041,-1.6503
2010020097,-1.6011,0.0809
2010020098,-1.1535,-1.0922
2010020099,-1.2254,-1.2502
2010020100,0.1632,-2.3686
2010020101,-0.4604,-0.9921
2010020102,-0.6847,-0.8176
2010020103,-0.118,-1.6463
2010020104,-0.166,-0.98
2010020105,-1.245,-0.5971
2010020106,-1.2828,0.3308
2010020107,-1.0261,-0.7509
2010020108,-1.387,-0.2764
2010020109,-1.4058,-1.456
2010020110,-0.9728,-2.1054
2010020111,-0.1999,-0.921
2010020112,-0.9308,-1.1045
2010020113,-0.8553,-1.4619
2010020114,-1.8443,-0.3774
2010020115,-1.4116,-1.2323
2010020116,-1.4811,-0.3524
2010020117,-1.0777,-0.2829
2010020118,-1.2366,-1.3659
2010020119,-1.2723,-0.6771
2010020120,-1.0252,-1.591
2010020121,-0.0851,-1.5014
2010020122,-0.447,-1.0858
2010020123,-0.2096,-0.6694
2010020124,-1.6709,-1.2941
2010020125,-1.8243,-1.5016
2010020126,-0.2091,-1.9364
2010020127,-0.8603,-1.2708
2010020128,-1.1978,-2.2761
2010020129,-1.4763,-0.1662
2010020130,0.1604,-2.2058
2010020131,-1.7706,-1.2257
2010020132,-0.5616,-0.9443
2010020133,-1.0102,-0.2388
2010020134,-0.1242,-0.6108
2010020135,-0.2212,-1.9874
2010020136,-0.8783,-0.9861
2010020137,-1.3506,-1.8364
2010020138,-0.3325,-2.4459
2010020139,-1.9421,-1.0675
2010020140,-1.2388,-1.685
2010020141,-0.6197,-1.6506
2010020142,-1.2284,-2.2803
2010020143,-0.9949,-0.918
2010020144,-2.5254,-1.2052
2010020145,-0.1253,-0.8315
2010020146,-1.3582,-1.4484
2010020147,-1.8438,-1.5143
2010020148,0.3606,-0.3625
2010020149,-0.9727,-0.7464
2010020150,-0.5798,-0.5177
2010020151,0.0261,-2.1039
2010020152,-1.6107,-1.8667
2010020153,-1.8638,-0.6907
2010020154,-0.4032,-0.1925
2010020155,-1.9924,-1.5759
2010020156,-1.0524,-1.3042
2010020157,-0.4302,-1.0187
2010020158,-1.402,-1.453
2010020159,-0.5323,-1.5845
2010020160,-1.2531,-0.3118
2010020161,-1.2413,-1.9174
2010020162,-0.7002,-0.6019
2010020163,-1.4246,-0.9366
2010020164,-1.4356,-0.6629
2010020165,-0.7435,-1.6146
2010020166,-1.6544,-2.2478
2010020167,-2.1132,-1.5129
2010020168,-1.3662,-0.9519
2010020169,-0.3669,-2.4138
2010020170,-0.2123,0.8147
2010020171,-1.6993,-1.1893
2010020172,-1.5386,-0.6907
2010020173,-1.123,0.2098
2010020174,-2.1822,-1.5495
2010020175,-0.3101,-2.8673
2010020176,-0.4316,-0.1133
2010020177,-1.9038,-1.3459
2010020178,-1.8249,-1.0971
2010020179,-1.9704,-0.8086
2010020180,-0.6655,-1.7255
2010020181,-0.5987,-1.7508
2010020182,-1.7148,-1.5855
2010020183,-0.7307,0.1589
2010020184,-0.4891,-1.4634
2010020185,-1.1752,-0.2681
2010020186,-1.3295,-2.1864
2010020187,-1.8824,-1.6333
2010020188,-1.8228,-0.3292
2010020189,-1.7675,-0.1424
2010020190,-1.9217,-0.8933
2010020191,-2.0804,-0.578
2010020192,-2.7958,-0.2262
2010020193,-1.0197,-1.414
2010020194,-2.6815,0.1056
2010020195,-1.9876,-0.1621
2010020196,-1.9568,-2.2765
2010020197,-1.5945,-1.1336
2010020198,-0.03,-0.8779
2010020199,-0.5135,-0.9576
2010020200,-0.9585,-1.8205
2010020201,-1.3455,-0.6057
2010020202,-1.2941,-2.0657
2010020203,-1.7492,-1.3027
2010020204,-0.983,-1.0782
2010020205,-1.5721,-1.4152
2010020206,-1.9357,-1.1891
2010020207,-1.1599,-1.2116
2010020208,-0.8368,-1.1537
2010020209,-0.0513,-0.6645
2010020210,-0.0032,-1.1723
2010020211,-1.0082,-1.0581
2010020212,-2.7907,-0.5867
2010020213,-1.6079,-1.9128
2010020214,-1.1266,-1.5347
2010020215,-0.9538,-1.3928
2010020216,-1.5321,-1.7546
2010020217,-1.0265,-1.4675
2010020218,-1.0545,-0.8342
2010020219,-1.0978,-0.2309
2010020220,-0.9563,-0.5342
2010020221,-1.3117,-1.5335
2010020222,-1.5379,-1.8339
2010020223,-1.111,-2.0949
2010020224,-2.1072,-2.4399
2010020225,-1.0957,-1.6015
2010020226,0.0509,-1.9416
2010020227,-1.5666,-2.1876
2010020228,-2.4017,-0.4575
2010020229,-1.5862,-0.8157
2010020230,-1.0802,-2.0234
2010020231,-0.9469,-0.1745
2010020232,-1.445,-1.9317
2010020233,-1.4109,-1.6407
2010020234,-1.2432,-0.3399
2010020235,-2.3563,-1.7346
2010020236,-1.1203,-1.1437
2010020237,-0.3685,-1.0707
2010020238,-1.1225,-2.1166
2010020239,-1.2833,-1.1246
2010020240,-3.2517,-1.2487
2010020241,-0.8407,-1.2907
2010020242,-0.1766,-0.1332
2010020243,-0.6185,-2.2484
2010020244,-0.6035,-2.4482
2010020245,-0.9688,-1.486
2010020246,-1.0293,-1.7604
2010020247,-2.1267,-1.7984
2010020248,-0.9987,-1.6541
2010020249,-0.6979,-2.2538
2010020250,-0.04,-2.0699
2010020251,-2.0675,-0.8501
2010020252,-1.5894,-1.2744
2010020253,-0.0777,-0.3634
2010020254,-1.7945,-2.2965
2010020255,-0.8518,-0.4207
2010020256,-1.7424,-2.2087
2010020257,-2.2192,-1.3305
2010020258,-1.6213,-1.0263
2010020259,-1.2795,-1.9782
2010020260,-0.7109,-1.4744
2010020261,-1.6308,-1.5262
2010020262,-1.8615,-1.3274
2010020263,-0.7918,-1.6249
2010020264,-1.6092,-2.3701
2010020265,-1.1462,-0.4724
2010020266,-0.6244,-1.0338
2010020267,-2.3775,-1.6493
2010020268,-0.548,-0.8207
2010020269,-1.6026,-1.9188
2010020270,-1.3494,-1.6033
2010020271,-0.9169,-1.7774
2010020272,-0.5201,-2.4975
2010020273,-1.5822,-1.0649
2010020274,-0.7431,-1.1205
2010020275,-1.1851,-2.18
2010020276,-1.2893,-0.5927
2010020277,-1.3611,-0.7206
2010020278,-1.4178,-2.0709
2010020279,-0.8173,-1.2906
2010020280,-0.7796,-1.8745
2010020281,-1.9558,-0.9257
2010020282,-1.7009,-0.7952
2010020283,-1.0182,-1.3062
2010020284,-0.8902,-1.0379
2010020285,-0.6277,-1.3063
2010020286,-1.572,-2.6967
2010020287,-1.1987,-1.1225
2010020288,-1.1781,-2.2282
2010020289,-1.5549,-1.6517
2010020290,-1.9755,-1.6581
2010020291,-0.8561,-0.4677
2010020292,-2.2888,-1.8875
2010020293,-1.917,-1.7855
2010020294,-0.8463,-1.1847
2010020295,-1.3851,-0.8469
2010020296,-0.7532,-1.6488
2010020297,-1.5216,-1.4868
2010020298,-1.5533,-0.2996
2010020299,-1.7991,-0.1136
2010020300,-1.8059,-1.6536
2010020301,-2.38,-0.4465
2010020302,-1.9364,-2.4503
2010020303,-1.6927,-1.8664
2010020304,-1.1947,-0.7116
2010020305,-3.218,-0.5332
2010020306,-1.4933,-1.1598
2010020307,-0.993,-1.4434
2010020308,-1.2203,-1.3376
2010020309,-1.1777,-0.6188
2010020310,-0.8381,-0.56
2010020311,-1.9824,-1.7559
2010020312,-1.6701,-1.1564
2010020313,-0.9278,-1.1174
2010020314,-0.1709,-1.6756
2010020315,-3.1195,-1.5016
2010020316,-3.002,-1.3666
2010020317,-1.6933,-0.9662
2010020318,-1.6444,-1.0299
2010020319,-1.4254,-2.9327
2010020320,-1.1823,-1.9532
2010020321,-2.5017,-0.7346
2010020322,-0.3007,-0.6937
2010020323,-1.1106,-1.2439
2010020324,-1.9457,-1.7509
2010020325,-1.6706,-2.584
2010020326,-1.3323,-2.7618
2010020327,-1.249,-0.1821
2010020328,-2.1495,-1.3137
2010020329,-0.5812,-1.2431
2010020330,-0.5265,-2.0809
2010020331,-2.2957,-1.7506
2010020332,-1.7664,-2.3167
2010020333,-1.3525,-2.1483
2010020334,-1.1015,-0.8432
2010020335,-1.3344,-1.6919
2010020336,-1.6323,-0.0821
2010020337,-2.0799,-1.7347
2010020338,-0.472,-1.8936
2010020339,-2.5953,-1.3843
2010020340,-3.2668,-2.1077
2010020341,-1.6303,-0.9284
2010020342,-1.8621,-0.6769
2010020343,-1.302,-1.4031
2010020344,-1.8597,-3.0271
2010020345,-1.2743,-1.1934
2010020346,-1.0182,-1.8135
2010020347,-1.2206,-1.5626
2010020348,-2.8842,-0.9079
2010020349,-1.2186,-1.9779
2010020350,-1.6178,-1.0895
2010020351,-2.3263,-1.4421
2010020352,-1.5878,-2.3029
2010020353,-1.9427,-0.2592
2010020354,-2.499,-1.6495
2010020355,-2.6068,-2.1312
2010020356,-1.5411,-1.2382
2010020357,-2.0464,-1.1419
2010020358,-0.9376,-1.6044
2010020359,-1.1555,-1.3547
2010020360,-1.6697,-2.4691
2010020361,-2.6535,-1.1581
2010020362,-2.5169,-1.6639
2010020363,-1.5125,-1.3442
2010020364,-1.8161,-1.9645
2010020365,-1.6615,-0.8665
2010020366,-1.9285,-1.9864
2010020367,-0.6491,-0.541
2010020368,-0.2287,-2.2202
2010020369,-1.5117,-1.1667
2010020370,-1.1688,-1.4761
2010020371,-1.2154,-1.3534
2010020372,-1.7692,-2.3973
2010020373,-1.421,-1.138
2010020374,-1.853,-1.7035
2010020375,-1.0979,-1.8397
2010020376,-2.1933,-1.0114
2010020377,-2.036,-2.1461
2010020378,-1.3635,-1.5221
2010020379,-1.0944,-0.3818
2010020380,-0.7035,-0.8528
2010020381,-1.4944,-1.5415
2010020382,-1.4789,-0.5424
2010020383,-1.8803,-1.6284
2010020384,-1.8187,-0.8582
2010020385,-1.2311,-2.5896
2010020386,-2.2396,-1.0733
2010020387,-1.0126,-1.5738
2010020388,-2.014,-2.5556
2010020389,-2.1141,-2.0668
2010020390,-1.372,-1.2667
2010020391,-1.6695,-0.8447
2010020392,-1.0316,-1.5893
2010020393,-2.0155,-1.5566
2010020394,-1.55,-1.5244
2010020395,-2.4942,-2.4368
2010020396,-1.4219,-0.7805
2010020397,-1.2869,-1.2642
2010020398,-2.1468,-1.6969
2010020399,-1.4738,-1.5347
2010020400,-2.0324,-1.2556
2010020401,-1.7248,-0.8498
2010020402,-0.296,-1.4592
2010020403,-3.248,-1.9338
2010020404,-2.0613,-1.8671
2010020405,-1.4905,-1.3292
2010020406,-1.28,-1.5118
2010020407,-1.4483,-1.6449
2010020408,-1.5564,-2.0485
2010020409,-1.0811,-1.8037
2010020410,-2.4996,-1.805
2010020411,-1.6863,-1.3576
2010020412,-0.868,-1.7355
2010020413,-2.6087,-1.1133
2010020414,-1.0762,-2.7534
2010020415,-1.2577,-1.1753
2010020416,-2.4859,-1.564
2010020417,-2.0375,-1.3689
2010020418,-1.4594,-2.1879
2010020419,-1.1189,-0.5355
2010020420,-1.101,-0.6922
2010020421,-1.6046,-2.5978
2010020422,-1.8775,-1.5881
2010020423,-1.054,-1.5636
2010020424,-2.1577,-2.2264
2010020425,-1.3179,-1.5846
2010020426,-0.7787,-1.0997
2010020427,-2.2491,-0.8805
2010020428,-0.9549,-0.6433
2010020429,-1.8231,-1.6357
2010020430,-1.844,-1.6508
2010020431,-1.521,-1.7254
2010020432,-1.7357,-1.8698
2010020433,-2.5934,-2.45
2010020434,-1.7424,-1.5059
2010020435,-1.5154,-1.455
2010020436,-1.7511,-1.5179
2010020437,-1.8768,-0.9294
2010020438,-1.7474,-1.0397
2010020439,-1.0172,-1.9107
2010020440,-1.8809,-1.6643
2010020441,-0.6944,-1.754
2010020442,-0.9578,-2.2103
2010020443,-2.4273,-1.6033
2010020444,-2.2616,-1.1079
2010020445,-2.5305,-1.4842
2010020446,-2.0214,-2.5335
2010020447,-1.8838,-0.9355
2010020448,-0.9743,-1.7654
2010020449,-0.8246,-1.0169
2010020450,-1.2091,-0.5159
2010020451,-1.8575,-1.1981
2010020452,-1.804,-1.3261
2010020453,-1.0359,-1.3077
2010020454,-1.4525,-1.2581
2010020455,-1.1849,-1.998
2010020456,-2.4278,-2.5695
2010020457,-1.5022,-1.6544
2010020458,-1.9513,-1.4887
2010020459,-2.3871,-1.4169
2010020460,-2.0512,-1.7059
2010020461,-0.8472,-0.2373
2010020462,-2.5786,-2.9322
2010020463,-1.3108,-1.3964
2010020464,-1.896,-1.6824
2010020465,-2.4095,-1.3874
2010020466,-2.9702,-1.0583
2010020467,-2.6057,-1.8887
2010020468,-1.0863,-1.5657
2010020469,-1.2091,-1.9411
2010020470,-2.244,-0.5277
2010020471,-1.66,-0.7993
2010020472,-1.5718,-1.6711
2010020473,-1.4202,-0.4097
2010020474,-1.4843,-1.308
2010020475,-1.4996,-0.9419
2010020476,-2.7071,-2.5412
2010020477,-1.9471,-1.2766
2010020478,-2.6455,-2.6615
2010020479,-0.9726,-1.8382
2010020480,-1.3967,-1.5709
2010020481,-1.9062,-1.7788
2010020482,-2.2961,-1.9054
2010020483,-2.1596,-1.8354
2010020484,-1.9135,-1.6879
2010020485,-0.8771,-2.6656
2010020486,-1.2924,-1.8058
2010020487,-1.1325,-1.2888
2010020488,-1.2517,-4.5743
2010020489,-1.8202,-1.7096
2010020490,-0.9297,-1.1059
2010020491,-2.1938,-1.6939
2010020492,-0.5003,-1.7184
2010020493,-1.9527,-2.5939
2010020494,-2.33,-2.2676
2010020495,-1.9925,-3.7537
2010020496,-2.076,-1.7062
2010020497,-1.6904,-2.0146
2010020498,-2.2516,-3.0358
2010020499,-2.5789,-1.1655
2010020500,-1.1604,-1.5574
2010020501,-0.8727,-0.6088
2010020502,-1.0105,-0.3744
2010020503,-2.1234,-1.0266
2010020504,-1.4299,-2.7163
2010020505,-1.3892,-1.8554
2010020506,-2.1096,-1.4798
2010020507,-1.5302,-1.6672
2010020508,-1.3925,-0.5254
2010020509,-0.9523,-0.8838
2010020510,-2.118,-1.447
2010020511,-1.8492,-1.5622
2010020512,-2.235,-2.212
2010020513,-1.9613,-1.7161
2010020514,-1.8886,-1.997
2010020515,-2.3636,-3.1284
2010020516,-1.2866,-1.7177
2010020517,-1.3415,-0.3097
2010020518,-1.0766,-1.4597
2010020519,-1.9665,-2.2479
2010020520,-1.245,-1.7138
2010020521,-0.6017,-2.1327
2010020522,-1.4511,-1.311
2010020523,-2.2501,-0.8173
2010020524,-1.8124,-1.7604
2010020525,-1.6819,-1.6926
2010020526,-2.0337,-2.4016
2010020527,-2.7053,-1.4805
2010020528,-2.6471,-0.2658
2010020529,-1.3696,-4.0997
2010020530,-1.0754,-1.4953
2010020531,-2.4734,-1.6207
2010020532,-1.8205,-1.6541
2010020533,-1.4734,-2.0701
2010020534,-2.8612,-1.6089
2010020535,-1.0445,-1.8693
2010020536,-1.8574,-1.5783
2010020537,-2.628,-1.8469
2010020538,-0.8161,-1.853
2010020539,-1.3539,-1.7805
2010020540,-1.9199,-1.7335
2010020541,-1.1652,-2.4612
2010020542,-1.45,-2.3581
2010020543,-1.5102,-3.8194
2010020544,-1.5748,-0.9241
2010020545,-1.3882,-0.7164
2010020546,-2.0096,-1.7011
2010020547,-1.4929,-1.719
2010020548,-2.0128,-1.253
2010020549,-1.9739,-2.5372
2010020550,-2.0102,-1.8693
2010020551,-1.5212,-1.8204
2010020552,-3.1012,-2.0625
2010020553,-0.5119,-2.4767
2010020554,-1.696,-2.1534
2010020555,-2.3403,-0.9124
2010020556,-1.8693,-1.4184
2010020557,-1.8683,-2.4813
2010020558,-2.0071,-2.7887
2010020559,-1.4553,-1.1064
2010020560,-2.4348,-2.1442
2010020561,-1.3374,-1.3514
2010020562,-1.7944,-1.7708
2010020563,-3.5628,-1.6674
2010020564,-2.2446,-1.1001
2010020565,-2.1305,-1.4853
2010020566,-1.9574,-0.4644
2010020567,-1.6188,-2.9513
2010020568,-1.4443,-2.0396
2010020569,-2.1461,-1.4374
2010020570,-0.5136,-0.3265
2010020571,-1.8242,-2.0221
2010020572,-1.6743,-1.9235
2010020573,-3.2856,-2.8595
2010020574,-1.7677,-0.2152
2010020575,-2.1513,-2.5994
2010020576,-2.0515,-1.4224
2010020577,-1.0578,-1.1186
2010020578,-1.6203,-1.7556
2010020579,-1.7513,-1.8859
2010020580,-2.515,-2.203
2010020581,-1.9558,-3.1384
2010020582,-2.0878,-1.0402
2010020583,-2.0499,-2.1488
2010020584,-1.8242,-2.2283
2010020585,-1.9816,-2.2359
2010020586,-0.9352,-1.4125
2010020587,-0.9558,-0.6651
2010020588,-1.5217,-1.5535
2010020589,-1.7889,-2.2141
2010020590,-1.956,-1.2224
2010020591,-1.3399,-1.6672
2010020592,-1.6711,-1.0436
2010020593,-1.2654,-3.4484
2010020594,-2.3632,-1.3749
2010020595,-2.2087,-1.5306
2010020596,-2.6617,-1.1605
2010020597,-3.2585,-1.4434
2010020598,-2.1065,-2.1395
2010020599,-0.8616,-2.6666
2010020600,-2.3248,-0.8112
2010020601,-1.0479,-1.7278
2010020602,-1.6968,-2.7515
2010020603,-1.3879,-1.7072
2010020604,-1.784,-2.3464
2010020605,-3.1311,-2.1099
2010020606,-1.7104,-2.2093
2010020607,-2.0994,-1.6713
2010020608,-2.217,-1.1351
2010020609,-2.2418,-1.9038
2010020610,-1.7793,-1.3872
2010020611,-2.1237,-1.1441
2010020612,-2.3883,-1.3328
2010020613,-1.2928,-3.7021
2010020614,-1.676,-2.6094
2010020615,-1.6622,-1.0608
2010020616,-1.8583,-1.8684
2010020617,-0.6324,-1.5537
2010020618,-1.9278,-1.6916
2010020619,-1.2803,-2.5283
2010020620,-1.8507,-1.8765
2010020621,-1.6634,-3.1044
2010020622,-1.8202,-1.8995
2010020623,-2.322,-2.9032
2010020624,-1.6627,-1.3124
2010020625,-2.4201,-1.7067
2010020626,-2.0538,-3.3298
2010020627,-1.5805,-1.6539
2010020628,-1.4428,-2.5407
2010020629,-2.249,-1.3418
2010020630,-1.7055,-2.6571
2010020631,-1.6115,-2.1673
2010020632,-2.678,-1.0976
2010020633,-2.1742,-2.41
2010020634,-3.0485,-2.2215
2010020635,-1.3846,-1.8367
2010020636,-2.3292,-1.7184
2010020637,-1.9093,-1.204
2010020638,-1.7426,-0.1323
2010020639,-1.8902,-2.512
2010020640,-1.6975,-1.5894
2010020641,-1.4462,-1.8087
2010020642,-1.842,-1.6114
2010020643,-1.1696,-1.0639
2010020644,-2.3225,-1.8229
2010020645,-1.6842,-2.2379
2010020646,-2.1688,-2.1844
2010020647,-2.6362,-1.7484
2010020648,-2.5141,-2.2904
2010020649,-1.4812,-2.872
2010020650,-1.0446,-1.4809
2010020651,-1.1847,-1.5445
2010020652,-1.8578,-2.8087
2010020653,-1.1148,-1.795
2010020654,-1.3839,-2.7253
2010020655,-1.9029,-2.4683
2010020656,-2.2714,-2.4171
2010020657,-3.4428,-2.1559
2010020658,-0.661,-1.6627
2010020659,-2.7941,-2.491
2010020660,-2.6492,-2.0925
2010020661,-1.9728,-2.5911
2010020662,-1.8191,-1.7269
2010020663,-2.6538,-2.4674
2010020664,-2.3053,-0.5676
2010020665,-0.9033,-1.6051
2010020666,-2.1457,-2.4323
2010020667,-1.9923,-1.9042
2010020668,-1.1212,-2.8564
2010020669,-1.1522,-1.4239
2010020670,-1.6373,-1.9752
2010020671,-0.96,-2.9832
2010020672,-1.8131,-1.8816
2010020673,-2.7574,-1.9924
2010020674,-2.3497,-2.853
2010020675,-2.0284,-1.8458
2010020676,-1.7497,-1.6914
2010020677,-2.6255,-1.7719
2010020678,-2.2655,-1.4688
2010020679,-1.307,-0.9091
2010020680,-1.313,-2.1409
2010020681,-0.6272,-2.3303
2010020682,-1.7545,-0.9333
2010020683,-2.4979,-1.314
2010020684,-2.7607,-1.4429
2010020685,-2.1283,-1.9566
2010020686,-2.5432,-2.0907
2010020687,-1.8442,-1.4391
2010020688,-1.4212,-2.2535
2010020689,-2.6171,-1.0369
2010020690,-2.4264,-3.0642
2010020691,-3.0638,-1.8981
2010020692,-0.6401,-2.0033
2010020693,-2.4217,-2.2662
2010020694,-0.5707,-2.9731
2010020695,-2.2364,-2.4947
2010020696,-2.2369,-1.8831
2010020697,-2.3569,-2.0777
2010020698,-1.6883,-1.351
2010020699,-2.0009,-1.8482
2010020700,-2.266,-1.0032
2010020701,-2.3,-1.7667
2010020702,-2.293,-1.4641
2010020703,-2.7747,-2.3153
2010020704,-2.2175,-1.8712
2010020705,-2.2917,-1.6902
2010020706,-3.4373,-1.2936
2010020707,-1.1352,-0.7919
2010020708,-1.8517,-2.0057
2010020709,-1.8704,-1.4536
2010020710,-1.2069,-1.606
2010020711,-2.1583,-2.2425
2010020712,-2.0144,-1.0552
2010020713,-2.4269,-1.3821
2010020714,-1.4653,-2.243
2010020715,-2.156,-2.1818
2010020716,-1.541,-1.9276
2010020717,-1.803,-2.0789
2010020718,-2.1928,-1.9546
2010020719,-2.896,-1.7705
2010020720,-0.9017,-1.0642
2010020721,-2.9517,-1.7064
2010020722,-1.807,-2.5463
2010020723,-1.886,-1.4211
2010020724,-2.3497,-1.3468
2010020725,-1.9163,-1.7247
2010020726,-1.2005,-2.2631
2010020727,-1.709,-2.4088
2010020728,-2.0046,-2.2451
2010020729,-2.0693,-2.3011
2010020730,-2.3123,-2.9036
2010020731,-1.9098,-3.0416
2010020732,-2.3391,-2.4739
2010020733,-1.0642,-1.7992
2010020734,-2.4732,-1.1557
2010020735,-1.644,-1.0002
2010020736,-2.147,-2.227
2010020737,-2.3406,-2.4526
2010020738,-1.7952,-1.6915
2010020739,-0.7986,-3.2852
2010020740,-1.7497,-3.0082
2010020741,-1.0757,-1.0365
2010020742,-2.1881,-1.8984
2010020743,-2.4499,-1.359
2010020744,-2.325,-2.0353
2010020745,-1.7403,-1.5192
2010020746,-2.1086,-1.1258
2010020747,-1.7454,-1.049
2010020748,-2.497,-3.3308
2010020749,-2.8646,-3.0166
2010020750,-0.6309,-1.5389
2010020751,-2.731,-2.0584
2010020752,-1.5381,-1.2087
2010020753,-1.8311,-1.4896
2010020754,-2.3073,-1.7205
2010020755,-1.6597,-1.9449
2010020756,-2.2597,-2.0414
2010020757,-2.2276,-2.259
2010020758,-1.5449,-1.0128
2010020760,-2.7428,-2.3789
2010020761,-2.6124,-0.6309
2010020762,-1.2695,-3.0532
2010020763,-1.3527,-1.3565
2010020764,-1.3898,-1.6742
2010020765,-1.5496,-1.987
2010020766,-2.6742,-2.5599
2010020767,-1.0601,-2.7999
2010020768,-1.8206,-0.9244
2010020769,-2.588,-1.2974
2010020770,-1.6782,-1.4592
2010020771,-2.4225,-1.6987
2010020772,-1.6024,-1.5762
2010020773,-1.9189,-2.3872
2010020774,-2.3776,-2.2376
2010020775,-1.4384,-2.4236
2010020776,-1.6418,-2.9898
2010020777,-1.6446,-2.4574
2010020778,-1.9882,-2.0734
2010020779,-0.4643,-1.3945
2010020780,-3.5555,-1.3209
2010020781,-2.747,-2.4613
2010020782,-1.6441,-1.6626
2010020783,-2.0673,-1.7018
2010020784,-1.6443,-2.2081
2010020785,-2.1362,-2.1579
2010020786,-2.7118,-1.3511
2010020787,-1.7729,-1.2537
2010020788,-1.9257,-2.5097
2010020789,-2.4133,-2.1339
2010020790,-2.6416,-1.5612
2010020791,-1.1045,-2.511
2010020792,-2.3885,-1.0274
2010020793,-1.3136,-1.449
2010020794,-1.4405,-1.7719
2010020795,-1.0326,-2.7265
2010020796,-2.4214,-2.9634
2010020797,-2.3119,-2.4439
2010020798,-1.8592,-2.9557
2010020799,-1.9894,-2.7992
2010020800,-0.8169,-1.8547
2010020801,-2.3441,-2.6452
2010020802,-1.3444,-1.617
2010020803,-1.4679,-2.2199
2010020804,-1.5184,-2.1545
2010020805,-0.9826,-1.4615
2010020806,-1.1048,-2.3919
2010020807,-2.4815,-3.1461
2010020808,-1.7259,-1.9919
2010020809,-2.395,-1.7402
2010020810,-2.1341,-1.2367
2010020811,-2.8587,-2.2737
2010020812,-1.8109,-0.5199
2010020813,-1.9806,-2.581
2010020814,-3.0731,-3.317
2010020815,-2.1583,-2.3287
2010020816,-2.5566,-1.7123
2010020817,-1.4561,-1.7094
2010020818,-1.1829,-1.6593
2010020819,-2.6088,-1.5904
2010020820,-2.1999,-2.4499
2010020821,-1.3997,-2.0455
2010020822,-1.8408,-0.9533
2010020823,-1.5848,-0.9953
2010020824,-2.3985,-2.8875
2010020825,-3.4542,-2.5911
2010020826,-2.9553,-2.3981
2010020827,-1.7114,-3.8169
2010020828,-2.2902,-1.6069
2010020829,-1.1744,-1.7017
2010020830,-2.9879,-2.2671
2010020831,-2.1685,-2.4358
2010020832,-0.8663,-1.438
2010020833,-2.4239,-2.8491
2010020834,-0.4449,-3.9077
2010020835,-2.3828,-2.968
2010020836,-2.7317,-2.1692
2010020837,-2.3329,-1.6575
2010020838,-2.9751,-1.54
2010020839,-2.0856,-2.3612
2010020840,-2.9532,-1.8836
2010020841,-2.8486,-0.9533
2010020842,-2.3706,-1.1792
2010020843,-1.5722,-1.7326
2010020844,-2.6446,-1.6329
2010020845,-3.2894,-2.8497
2010020846,-3.6286,-2.1956
2010020847,-0.8077,-1.1586
2010020848,-1.9868,-2.6319
2010020849,-1.8824,-1.9656
2010020850,-2.6544,-2.1273
2010020851,-0.432,-1.8463
2010020852,-1.6557,-1.0956
2010020853,-1.9935,-3.6078
2010020854,-2.6054,-2.0834
2010020855,-2.0169,-2.3818
2010020856,-1.8408,-2.6309
2010020857,-2.3153,-1.6024
2010020858,-2.6611,-1.8192
2010020859,-3.6178,-2.406
2010020860,-2.5779,-2.2724
2010020861,-3.2254,-2.3042
2010020862,-2.0107,-1.7256
2010020863,-2.7404,-2.0401
2010020864,-2.5338,-1.4376
2010020865,-0.0553,-1.7901
2010020866,-1.402,-3.2185
2010020867,-2.4218,-2.0226
2010020868,-0.334,-2.5076
2010020869,-1.6815,-2.0656
2010020870,-1.5895,-2.2583
2010020871,-2.897,-2.3222
2010020872,-1.7486,-3.205
2010020873,-2.2919,-2.5246
2010020874,-2.2925,-1.5263
2010020875,-2.7683,-1.9481
2010020876,-2.8986,-2.5298
2010020877,-2.5846,-2.3447
2010020878,-2.0524,-1.8396
2010020879,-2.6778,-1.9934
2010020880,-2.4748,-1.9419
2010020881,-0.1695,-1.957
2010020882,-3.6284,-2.2365
2010020883,-1.3599,-0.5853
2010020884,-3.4735,-2.8152
2010020885,-2.0401,-1.4244
2010020886,-2.5666,-1.8403
2010020887,-2.0923,-3.327
2010020888,-3.0496,-2.7294
2010020889,-2.1263,-1.9004
2010020890,-2.7906,-1.8393
2010020891,-2.3048,-2.0072
2010020892,-2.9484,-2.9007
2010020893,-2.97,-2.3626
2010020759,-2.9181,-1.9438
2010020894,-1.3502,-2.0964
2010020895,-2.8431,-0.2832
2010020896,-2.026,-2.7681
2010020897,-2.2015,-1.6501
2010020898,-1.9808,-1.7857
2010020899,-1.7763,-1.8711
2010020900,-2.6196,-2.2693
2010020901,-2.885,-2.4286
2010020906,-2.2329,-2.9252
2010020902,-2.2366,-3.3301
2010020903,-2.0385,-2.1903
2010020904,-3.0774,-2.0227
2010020905,-0.2369,-0.9685
2010020907,-2.1603,-1.92
2010020908,-2.509,-2.1411
2010020909,-1.9108,-2.6859
2010020910,-1.8991,-2.4591
2010020911,-2.6389,-1.3228
2010020912,-1.9024,-2.959
2010020913,-2.6645,-2.6234
2010020914,-2.2513,-1.4684
2010020915,-2.8474,-2.88
2010020916,-2.6889,-3.689
2010020917,-1.5464,-1.0259
2010020918,-2.2495,-0.4379
2010020919,-3.3787,-2.3247
2010020920,-0.53,-2.3236
2010020921,-2.139,-1.9108
2010020922,-2.3505,-2.9684
2010020923,-2.7781,-1.9527
2010020924,-2.2994,-2.078
2010020925,-1.8711,-2.2172
2010020926,-1.5644,-2.0167
2010020927,-1.7329,-3.5063
2010020928,-2.1899,-3.01
2010020929,-1.2823,-2.2122
2010020930,-2.3054,-2.791
2010020931,-2.2694,-3.0261
2010020932,-2.9198,-0.53
2010020933,-2.1313,-1.2502
2010020934,-3.0177,-2.5327
2010020935,-2.7592,-2.4601
2010020936,-2.5194,-1.5699
2010020937,-2.5228,-3.1189
2010020938,-2.6213,-3.2148
2010020939,-2.3394,-2.2059
2010020940,-2.074,-2.3876
2010020941,-1.7101,-1.5621
2010020942,-2.2875,-1.7534
2010020943,-3.1878,-2.013
2010020944,-1.9455,-3.9562
2010020945,-2.0307,-2.126
2010020946,-1.6881,-3.2746
2010020947,-3.0645,-2.3547
2010020948,-2.5842,-1.6291
2010020949,-1.3539,-2.3137
2010020950,-2.7409,-1.8194
2010020951,-1.0817,-2.1048
2010020952,-3.5539,-3.2399
2010020953,-1.7064,-1.1151
2010020954,-2.8303,-1.7947
2010020955,-2.0877,-2.7185
2010020956,-1.8521,-1.9122
2010020957,-3.2411,-0.8921
2010020958,-1.6566,-2.3034
2010020959,-2.5027,-2.959
2010020960,-2.5955,-2.7363
2010020961,-2.5116,-2.6523
2010020962,-2.4682,-1.7413
2010020963,-3.423,-1.6459
2010020964,-2.0983,-1.7496
2010020965,-2.8367,-1.8327
2010020966,-2.4534,-1.1745
2010020967,-1.2212,-2.6944
2010020968,-1.7284,-3.8044
2010020969,-1.7419,-1.6264
2010020970,-1.9495,-1.7004
2010020971,-2.9567,-1.9099
2010020972,-1.46,-2.873
2010020973,-2.3797,-3.2182
2010020974,-2.5409,-3.7195
2010020975,-2.4534,-2.9587
2010020976,-2.9489,-3.9628
2010020977,-3.1473,-1.8742
2010020978,-2.6435,-2.5333
2010020979,-1.6033,-2.3857
2010020980,-0.8299,-2.8581
2010020981,-2.2098,-1.1885
2010020982,-0.9865,-2.6085
2010020983,-2.1474,-1.842
2010020984,-1.9416,-2.9204
2010020985,-3.013,-2.7859
2010020986,-1.9917,-3.2957
2010020987,-2.412,-1.6947
2010020988,-1.6873,-2.8733
2010020989,-1.826,-2.6434
2010020990,-3.1866,-2.2977
2010020991,-2.6584,-2.7964
2010020992,-1.4066,-1.7178
2010020993,-2.0649,-2.4468
2010020994,-3.535,-1.6638
2010020995,-4.0033,-3.0016
2010020996,-2.1682,-3.3109
2010020997,-2.5955,-2.5313
2010020998,-2.486,-1.5069
2010020999,-1.2351,-2.8172
2010021000,-0.9224,-2.1756
2010021001,-3.0321,-2.434
2010021002,-1.8187,-2.4864
2010021003,-2.9897,-2.8597
2010021004,-2.3418,-3.2266
2010021005,-1.2388,-2.8326
2010021006,-2.9658,-2.1558
2010021007,-1.6262,-1.5708
2010021008,-3.4305,-3.6708
2010021009,-2.1986,-2.7978
2010021010,-2.7178,-1.8954
2010021011,-2.7512,-1.7352
2010021012,-2.0946,-1.7104
2010021013,-1.8753,-2.3948
2010021014,-0.8558,-2.5875
2010021015,-2.2059,-3.5098
2010021016,-2.6577,-1.6589
2010021017,-2.3423,-2.9467
2010021018,-2.3435,-3.4894
2010021019,-2.7147,-1.2
2010021020,-1.6739,-2.4529
2010021021,-2.4613,-2.1917
2010021022,-2.3243,-1.9178
2010021023,-3.1903,-2.7342
2010021024,-2.4987,-3.0529
2010021025,-1.7723,-2.0264
2010021026,-2.4711,-2.5712
2010021027,-2.3728,-2.5687
2010021028,-2.3861,-1.4148
2010021029,-1.9869,-2.6163
2010021030,-1.5164,-1.5836
2010021031,-2.8005,-2.6207
2010021032,-1.275,-1.6404
2010021033,-3.4971,-2.8007
2010021034,-2.3104,-1.7919
2010021035,-2.283,-3.4756
2010021036,-3.3404,-2.8686
2010021037,-2.3585,-1.6801
2010021038,-2.7618,-1.6997
2010021039,-2.9586,-1.2853
2010021040,-3.0522,-2.5399
2010021041,-3.341,-2.116
2010021042,-1.946,-2.8013
2010021043,-1.3834,-1.8971
2010021044,-2.8539,-3.6851
2010021045,-2.5626,-2.1881
2010021046,-2.9345,-2.7744
2010021047,-2.0219,-2.2794
2010021048,-1.4034,-3.0492
2010021049,-2.5562,-2.0774
2010021050,-2.0796,-1.9663
2010021051,-2.851,-2.2924
2010021052,-2.8666,-2.0
2010021053,-2.5792,-1.7753
2010021054,-1.9542,-2.2765
2010021055,-3.0299,-2.2773
2010021056,-2.6291,-2.0261
2010021057,-3.0564,-2.0252
2010021058,-2.2591,-1.6155
2010021059,-2.3455,-3.0622
2010021060,-1.6064,-3.9246
2010021061,-2.4484,-2.3039
2010021062,-2.2001,-2.1209
2010021063,-3.0911,-1.8117
2010021064,-2.8162,-2.5492
2010021065,-2.2859,-3.147
2010021066,-1.5067,-2.8143
2010021067,-1.1732,-2.7632
2010021068,-2.3771,-2.4191
2010021069,-2.6678,-2.5009
2010021070,-3.2484,-1.7772
2010021071,-2.8822,-3.0214
2010021072,-3.4093,-3.3574
2010021073,-2.1638,-2.257
2010021074,-2.1831,-2.9514
2010021075,-2.2567,-2.4472
2010021076,-1.9459,-2.3038
2010021077,-2.2088,-3.1408
2010021078,-2.4225,-1.6844
2010021079,-2.1373,-2.933
2010021080,-3.0662,-1.0304
2010021081,-3.0,-2.1709
2010021082,-2.3743,-1.7869
2010021083,-2.8217,-2.3935
2010021084,-2.6415,-2.9667
2010021085,-1.6703,-1.3231
2010021086,-2.5081,-2.8161
2010021087,-2.4976,-1.6344
2010021088,-3.827,-1.263
2010021089,-1.4321,-2.4788
2010021090,-2.2201,-1.8531
2010021091,-1.9868,-1.6925
2010021092,-2.6651,-2.9182
2010021093,-2.587,-2.8844
2010021094,-2.2383,-2.696
2010021095,-2.6309,-2.8704
2010021096,-2.9452,-2.6189
2010021097,-2.5357,-3.1582
2010021098,-2.8,-2.5714
2010021099,-2.3913,-2.1896
2010021100,-2.3502,-1.4829
2010021101,-2.0807,-1.6269
2010021102,-3.2714,-2.5299
2010021103,-3.0972,-3.1937
2010021104,-1.56,-2.1438
2010021105,-1.9666,-3.1463
2010021106,-2.7776,-2.8245
2010021107,-2.0963,-1.5687
2010021108,-2.9658,-2.9157
2010021109,-2.3206,-2.7623
2010021110,-2.1255,-1.3711
2010021111,-2.8373,-2.2783
2010021112,-3.2218,-2.3283
2010021113,-2.4264,-2.1408
2010021114,-2.9785,-3.024
2010021115,-2.5014,-1.7584
2010021116,-2.7471,-1.5263
2010021117,-2.1255,-3.0725
2010021118,-2.3734,-2.3349
2010021119,-3.2457,-2.0098
2010021120,-3.5708,-2.2777
2010021121,-2.5225,-1.562
2010021122,-2.4558,-3.3128
2010021123,-1.7846,-1.7939
2010021124,-2.2481,-2.988
2010021125,-1.96,-2.376
2010021126,-2.1244,-1.1632
2010021127,-3.0882,-2.2535
2010021128,-2.8677,-2.9027
2010021129,-3.4378,-2.6445
2010021130,-3.2866,-2.5604
2010021131,-2.4188,-1.846
2010021132,-2.7511,-1.9728
2010021133,-2.5329,-2.8301
2010021134,-1.9605,-2.2474
2010021135,-3.0811,-2.5483
2010021136,-2.8241,-2.3639
2010021137,-2.7042,-2.538
2010021138,-2.7885,-3.2352
2010021139,-2.9057,-2.9744
2010021140,-1.6489,-3.0763
2010021141,-3.2424,-1.9092
2010021142,-1.4811,-3.1792
2010021143,-2.2741,-2.5053
2010021144,-1.7045,-2.3104
2010021145,-3.7064,-2.2533
2010021146,-2.4971,-3.9967
2010021147,-2.4786,-2.8462
2010021148,-2.6352,-2.4016
2010021149,-3.0449,-1.9621
2010021150,-2.086,-2.2876
2010021151,-3.6299,-2.4091
2010021152,-2.679,-3.0863
2010021153,-3.0733,-2.3723
2010021154,-1.8018,-2.4689
2010021155,-3.6952,-3.1645
2010021156,-2.8949,-2.9082
2010021157,-3.5438,-1.3795
2010021158,-3.1418,-2.1736
2010021159,-1.1632,-2.5272
2010021160,-2.9974,-2.792
2010021161,-2.5044,-2.4002
2010021162,-3.3297,-2.1881
2010021163,-1.3205,-2.7145
2010021164,-2.2589,-2.9436
2010021165,-3.1068,-1.5203
2010021166,-2.268,-2.2691
2010021167,-2.0546,-2.1633
2010021168,-3.8257,-2.1821
2010021169,-3.4957,-2.7357
2010021170,-3.0297,-2.7068
2010021171,-3.4051,-3.1848
2010021172,-3.4372,-2.7599
2010021173,-3.1453,-3.5361
2010021174,-1.0742,-2.8251
2010021175,-2.6763,-3.2457
2010021176,-2.6249,-3.3073
2010021177,-2.4999,-2.4938
2010021178,-2.6242,-3.2269
2010021179,-2.8237,-2.0628
2010021180,-2.2423,-2.4615
2010021181,-2.9307,-2.7663
2010021182,-3.159,-2.0245
2010021183,-1.0341,-1.5414
2010021184,-3.5144,-2.6759
2010021185,-2.9674,-2.5821
2010021186,-3.1703,-3.6304
2010021187,-2.6264,-2.4614
2010021188,-2.9706,-2.9751
2010021189,-3.4469,-2.6148
2010021190,-1.7842,-3.0118
2010021191,-3.1022,-2.3995
2010021192,-2.3803,-3.4545
2010021193,-2.7124,-3.8083
2010021194,-3.4245,-2.1411
2010021195,-4.0289,-2.8112
2010021196,-2.3685,-2.1868
2010021197,-3.183,-2.8703
2010021198,-2.4067,-2.5566
2010021199,-2.5377,-0.8957
2010021200,-1.5414,-0.9448
2010021201,-2.2404,-2.6529
2010021202,-2.925,-1.9789
2010021203,-2.6841,-2.8492
2010021204,-2.7562,-2.1842
2010021205,-3.9024,-3.0262
2010021206,-2.6513,-2.8698
2010021207,-3.4915,-3.2936
2010021208,-2.8915,-1.6248
2010021209,-2.5697,-3.2099
2010021210,-2.0976,-2.6563
2010021211,-3.8268,-2.4864
2010021212,-2.7622,-3.7834
2010021213,-0.6148,-0.8912
2010021214,-2.2411,-1.5414
2010021215,-2.0702,-2.9943
2010021216,-3.5077,-2.5099
2010021217,-2.1615,-2.7761
2010021218,-3.0534,-3.4787
2010021219,-1.6699,-1.8943
2010021220,-3.4905,-3.0692
2010021221,-2.4995,-3.5436
2010021222,-3.1644,-2.3064
2010021223,-2.0158,-2.1632
2010021224,-2.188,-1.6733
2010021225,-1.2833,-0.6148
2010021226,-2.387,-2.4641
2010021227,-2.6549,-2.8592
2010021228,-2.9641,-3.4154
2010021229,-2.622,-2.9329
2010021230,-3.6107,-2.9542
2010030111,-3.2831,-2.32
2010030141,-3.8659,-1.7895
2010030151,-2.68,-2.9651
2010030171,-2.6327,-1.0765
2010030181,-1.7213,-2.4301
2010030121,-1.9079,-3.2321
2010030131,-2.9511,-2.0336
2010030161,-1.4033,-2.4202
2010030112,-2.9896,-2.8165
2010030142,-3.5757,-2.1693
2010030152,-2.1808,-2.9504
2010030182,-1.6036,-2.56
2010030122,-2.0403,-3.2986
2010030132,-2.7418,-2.354
2010030162,-1.1731,-2.7332
2010030172,-2.0651,-1.9091
2010030113,-2.9675,-2.8328
2010030153,-2.3724,-3.541
2010030183,-2.7754,-1.3277
2010030123,-3.2839,-1.9153
2010030133,-2.4441,-2.5896
2010030143,-2.0062,-3.7101
2010030173,-2.3259,-1.7656
2010030154,-3.4324,-3.2151
2010030163,-2.4202,-1.4033
2010030114,-3.0312,-2.7742
2010030124,-2.708,-2.3219
2010030144,-1.7405,-3.807
2010030174,-1.7071,-2.4854
2010030184,-2.0664,-1.9509
2010030134,-2.5402,-2.3452
2010030155,-3.8462,-2.8806
2010030164,-2.4202,-1.4033
2010030125,-2.2373,-2.5977
2010030185,-2.2339,-1.9308
2010030115,-2.7057,-3.1967
2010030135,-2.4567,-2.3774
2010030145,-3.9475,-1.8993
2010030165,-1.4315,-2.3777
2010030126,-2.4737,-2.055
2010030156,-2.7401,-3.7193
2010030186,-2.0802,-2.3366
2010030146,-2.2926,-3.6081
2010030166,-2.3777,-1.4315
2010030127,-2.5367,-2.2463
2010030136,-2.059,-2.4535
2010030157,-3.4953,-2.6318
2010030137,-2.5723,-2.1751
2010030147,-3.7147,-2.1691
2010030231,-2.7567,-1.9068
2010030211,-2.8456,-2.1243
2010030241,-1.5836,-3.031
2010030221,-2.2124,-2.3094
2010030232,-2.2339,-2.443
2010030212,-1.9318,-2.7951
2010030242,-1.6529,-3.0301
2010030222,-2.07,-2.5931
2010030213,-2.4594,-2.1878
2010030233,-2.4155,-2.3653
2010030214,-1.8926,-3.2
2010030223,-2.8926,-2.1584
2010030243,-3.2456,-1.2336
2010030234,-2.3325,-2.6183
2010030224,-2.352,-2.7753
2010030244,-2.6377,-1.946
2010030235,-2.5862,-2.7186
2010030245,-2.1649,-2.4806
2010030236,-2.313,-2.6029
2010030246,-2.7918,-1.984
2010030247,-2.2389,-2.486
2010030311,-2.4614,-1.3892
2010030321,-2.6933,-1.9895
2010030312,-2.372,-1.586
2010030322,-2.7575,-2.1364
2010030313,-2.264,-1.8042
2010030323,-2.3967,-2.4215
2010030314,-2.0783,-2.0236
2010030324,-1.4939,-3.5156
2010030315,-2.4357,-1.5054
2010030325,-3.5371,-1.5538
2010030316,-1.3994,-2.3573
2010030317,-2.8267,-0.9475
2010030411,-3.1461,-2.458
2010030412,-2.7794,-3.1508
2010030413,-3.1163,-3.006
2010030414,-2.1608,-3.692
2010030415,-3.6562,-2.3921
2010030416,-3.2655,-2.9177
2011020001,-1.0243,-1.7041
2011020002,-1.5844,-1.5591
2011020003,-2.3015,-2.3188
2011020004,-1.3043,-1.0387
2011020005,-1.6931,-2.0767
2011020006,-1.7076,-1.2308
2011020007,-1.8802,-1.9247
2011020008,-2.334,-1.8696
2011020009,-1.2529,-2.3291
2011020010,-1.2064,-1.1941
2011020011,-1.0349,-1.696
2011020012,-1.1864,-1.4154
2011020013,-2.6172,-1.2149
2011020014,-2.7374,-2.1162
2011020015,-2.0871,-1.3822
2011020016,-1.368,-1.5099
2011020017,-2.1427,-2.3363
2011020018,-0.9256,-1.8981
2011020019,-1.5751,-2.4134
2011020020,-2.6231,-1.9107
2011020021,-0.6529,-1.7945
2011020022,-1.7809,-1.3799
2011020023,-1.6471,-2.6103
2011020024,-2.3369,-2.5143
2011020025,-1.3239,-1.1809
2011020026,-0.9632,-2.6984
2011020027,-2.8365,-0.4373
2011020028,-1.656,-1.5507
2011020029,-1.6135,-1.1164
2011020030,-2.012,-2.3002
2011020031,-2.4557,-2.1894
2011020032,-2.8456,-2.1215
2011020033,-1.8123,-0.8118
2011020034,-1.3923,-1.4719
2011020035,-1.7825,-2.7783
2011020036,-2.7246,-0.9616
2011020037,-0.4476,-2.2478
2011020038,-2.6582,-1.4518
2011020039,-2.162,-1.1948
2011020040,-2.5112,-1.4891
2011020041,-1.2771,-1.6209
2011020042,-1.9571,-3.3191
2011020043,-2.2637,-1.685
2011020044,-1.5898,-1.8271
2011020045,-2.1302,-2.0255
2011020046,-2.4065,-1.7297
2011020047,-1.3371,-1.5132
2011020048,-2.0311,-0.6529
2011020049,-1.1744,-1.5856
2011020050,-2.5178,-1.5956
2011020051,-2.4048,-2.2646
2011020052,-1.461,-2.1358
2011020053,-1.657,-1.0268
2011020054,-1.744,-1.7217
2011020055,-2.1433,-2.8423
2011020056,-3.1178,-1.3941
2011020057,-1.8097,-0.6067
2011020058,-0.9508,-2.2638
2011020059,-2.4447,-1.3309
2011020060,-1.5636,-2.5052
2011020061,-2.8174,-3.1968
2011020062,-1.0144,-1.9818
2011020063,-1.5615,-2.2844
2011020064,-1.0444,-1.236
2011020065,-1.9488,-2.803
2011020066,-2.8074,-1.1297
2011020067,-2.8113,-1.4406
2011020068,-0.8101,-1.1979
2011020069,-2.4104,-1.9682
2011020070,-1.5492,-3.4194
2011020071,-1.98,-1.8427
2011020072,-2.7003,-1.4317
2011020073,-1.7383,-1.3025
2011020074,-0.9948,-2.0523
2011020075,-1.7973,-1.473
2011020076,-3.2342,-2.3599
2011020077,-1.9991,-1.9119
2011020078,-2.5843,-2.6091
2011020079,-1.2458,-2.1071
2011020080,-2.5915,-1.2299
2011020081,-1.2869,-1.6522
2011020082,-2.3363,-2.5345
2011020083,-1.9111,-2.2781
2011020084,-1.0483,-2.4622
2011020085,-3.4436,-1.8488
2011020086,-1.1421,-1.93
2011020087,-0.8836,-2.3457
2011020088,-3.0734,-0.4492
2011020089,-3.1359,-2.9157
2011020090,-2.0053,-2.1502
2011020091,-0.843,-1.1363
2011020092,-2.255,-0.8755
2011020093,-2.7274,-2.0927
2011020094,-1.5434,-2.6564
2011020095,-1.2461,-3.4296
2011020096,-2.4723,-1.519
2011020097,-1.9342,-1.0043
2011020098,-2.952,-2.0462
2011020099,-1.5325,-2.1128
2011020100,-1.1291,-2.0958
2011020101,-1.7139,-0.6998
2011020102,-1.7996,-1.3863
2011020103,-2.6182,-2.7528
2011020104,-1.3808,-2.1189
2011020105,-2.7986,-2.3103
2011020106,-1.7711,-1.3765
2011020107,-2.2839,-2.0072
2011020108,-2.1502,-2.5238
2011020109,-1.4762,-2.1381
2011020110,-1.4051,-3.108
2011020111,-1.7923,-2.1136
2011020112,-2.2023,-2.0188
2011020113,-2.1261,-1.2025
2011020114,-3.1668,-1.685
2011020115,-3.5632,-1.1323
2011020116,-2.339,-2.3241
2011020117,-2.4087,-1.4852
2011020118,-1.8275,-1.5435
2011020119,-2.0626,-2.0663
2011020120,-2.2578,-2.4786
2011020121,-1.9787,-1.0696
2011020122,-1.5893,-1.6171
2011020123,-2.0665,-1.333
2011020124,-2.2637,-1.929
2011020125,-1.6018,-1.188
2011020126,-1.8443,-2.0091
2011020127,-2.468,-2.463
2011020128,-2.1357,-1.996
2011020129,-1.9602,-2.6422
2011020130,-2.1813,-2.4321
2011020131,-2.6387,-1.516
2011020132,-2.2962,-2.4629
2011020133,-2.8548,-1.9307
2011020134,-2.085,-1.4642
2011020135,-1.9347,-1.2744
2011020136,-2.6807,-1.367
2011020137,-2.6069,-1.5849
2011020138,-1.5202,-1.5876
2011020139,-1.8503,-2.1765
2011020140,-2.25,-2.0333
2011020141,-0.9976,-2.8614
2011020142,-2.5716,-1.4311
2011020143,-1.2978,-1.5258
2011020144,-3.4032,-1.9633
2011020145,-1.8342,-1.794
2011020146,-2.3976,-2.2007
2011020147,-1.6282,-2.3864
2011020148,-2.9157,-2.3849
2011020149,-2.335,-1.2744
2011020150,-2.6043,-3.0825
2011020151,-1.9654,-2.2905
2011020152,-2.0831,-2.0524
2011020153,-3.5884,-2.3063
2011020154,-1.9405,-2.3558
2011020155,-0.7485,-2.2905
2011020156,-2.4671,-2.9469
2011020157,-1.8951,-2.3245
2011020158,-1.6537,-2.4553
2011020159,-2.2368,-1.8466
2011020160,-1.924,-1.8374
2011020161,-2.4132,-2.7062
2011020162,-2.4554,-2.0608
2011020163,-2.6783,-2.3748
2011020164,-1.3655,-1.6436
2011020165,-1.875,-1.1224
2011020166,-1.4152,-2.6194
2011020167,-0.6679,-1.9347
2011020168,-3.0258,-2.8675
2011020169,-1.5334,-2.7335
2011020170,-1.2472,-2.1204
2011020171,-2.9127,-2.4516
2011020172,-1.7632,-1.8796
2011020173,-2.5309,-1.6237
2011020174,-2.6398,-1.6889
2011020175,-1.9509,-2.6834
2011020176,-2.5595,-2.3643
2011020177,-2.4593,-1.7828
2011020178,-2.0717,-2.2909
2011020179,-1.9792,-1.9741
2011020180,-1.7268,-0.9929
2011020181,-2.559,-1.8692
2011020182,-3.0896,-2.8601
2011020183,-2.0875,-0.8387
2011020184,-3.0282,-1.7135
2011020185,-1.3215,-1.9523
2011020186,-1.0266,-3.0674
2011020187,-2.7473,-2.7094
2011020188,-1.609,-1.5113
2011020189,-1.6048,-2.5272
2011020190,-1.9888,-3.0074
2011020191,-1.5525,-2.4694
2011020192,-2.5319,-2.4814
2011020193,-2.5389,-1.9856
2011020194,-2.3218,-2.3984
2011020195,-1.9659,-1.5919
2011020196,-1.8275,-2.0785
2011020197,-1.5552,-2.7914
2011020198,-2.1975,-3.1256
2011020199,-1.4881,-2.6291
2011020200,-1.6322,-3.0867
2011020201,-1.6509,-2.2057
2011020202,-1.9672,-3.2436
2011020203,-2.795,-1.8883
2011020204,-0.7826,-1.5587
2011020205,-2.5097,-1.9998
2011020206,-1.4709,-2.3028
2011020207,-1.9535,-1.5521
2011020208,-2.1945,-1.9321
2011020209,-2.1844,-1.5144
2011020210,-2.2057,-3.0765
2011020211,-1.4336,-1.4876
2011020212,-1.8852,-1.7858
2011020213,-2.9743,-3.3882
2011020214,-1.4352,-2.2122
2011020215,-2.3012,-2.2203
2011020216,-2.3436,-2.4076
2011020217,-3.2998,-2.2011
2011020218,-2.0142,-3.4037
2011020219,-2.2311,-1.4649
2011020220,-1.9139,-3.4532
2011020221,-1.6509,-2.2362
2011020222,-1.1434,-2.6377
2011020223,-1.5251,-1.5963
2011020224,-2.0258,-2.1258
2011020225,-1.9925,-1.6064
2011020226,-1.9335,-2.8452
2011020227,-2.5886,-1.7246
2011020228,-3.0964,-3.4339
2011020229,-1.2237,-1.4969
2011020230,-2.272,-1.9389
2011020231,-2.9252,-1.0059
2011020232,-1.8211,-1.2808
2011020233,-1.7335,-2.792
2011020234,-1.9986,-2.6633
2011020235,-3.0156,-2.578
2011020236,-2.5189,-1.722
2011020237,-2.3303,-2.1102
2011020238,-1.9479,-2.1855
2011020239,-1.4239,-1.4187
2011020240,-2.9175,-1.9612
2011020241,-2.2175,-3.2996
2011020242,-2.5405,-2.0222
2011020243,-3.9419,-3.0152
2011020244,-1.6254,-2.0679
2011020245,-3.4251,-1.8955
2011020246,-2.5062,-1.5359
2011020247,-1.061,-1.7539
2011020248,-1.9568,-1.4187
2011020249,-2.7567,-1.2387
2011020250,-1.7468,-2.0135
2011020251,-2.1092,-2.8772
2011020252,-2.5189,-2.2438
2011020253,-2.427,-2.0473
2011020254,-2.2249,-2.8334
2011020255,-2.4183,-2.6314
2011020256,-2.9856,-1.8426
2011020257,-2.2496,-1.8644
2011020258,-3.7025,-2.1751
2011020259,-1.8408,-1.6867
2011020260,-1.3506,-2.1267
2011020261,-2.2877,-2.8854
2011020262,-1.8252,-1.3632
2011020263,-1.6232,-1.938
2011020264,-1.8771,-2.4625
2011020265,-2.1193,-1.7929
2011020266,-3.3218,-1.7862
2011020267,-2.59,-2.1405
2011020268,-3.4277,-3.1839
2011020269,-2.0266,-1.8324
2011020270,-1.5877,-2.8743
2011020271,-2.0881,-2.6322
2011020272,-2.2871,-2.4955
2011020273,-1.609,-3.0708
2011020274,-2.058,-0.9519
2011020275,-1.9994,-3.2922
2011020276,-2.0395,-2.324
2011020277,-2.8998,-2.759
2011020278,-3.2847,-1.9276
2011020279,-2.1648,-0.9345
2011020280,-1.5116,-1.9431
2011020281,-2.6879,-2.3065
2011020282,-1.712,-2.1822
2011020283,-2.9236,-1.9424
2011020284,-2.7479,-1.3605
2011020285,-3.5628,-2.758
2011020286,-2.5159,-2.5859
2011020287,-2.1415,-1.3705
2011020288,-1.7893,-3.0745
2011020289,-3.1912,-3.2344
2011020290,-1.9492,-2.6291
2011020291,-2.4944,-1.8953
2011020292,-3.4204,-2.5354
2011020293,-1.9227,-1.7062
2011020294,-2.9005,-1.7222
2011020295,-2.2991,-1.8081
2011020296,-2.7653,-2.4381
2011020297,-1.5116,-2.4236
2011020298,-2.5005,-2.593
2011020299,-1.8743,-3.5953
2011020300,-2.3821,-1.9007
2011020301,-2.216,-1.9741
2011020302,-2.9431,-1.4696
2011020303,-1.4657,-2.4584
2011020304,-2.8275,-1.7964
2011020305,-2.7363,-2.3441
2011020306,-2.9241,-2.0021
2011020307,-2.0388,-2.3741
2011020308,-2.1276,-2.535
2011020309,-1.8222,-2.9064
2011020310,-2.0111,-3.251
2011020311,-3.1311,-2.2663
2011020312,-1.5433,-3.4305
2011020313,-1.9397,-2.2399
2011020314,-2.2598,-1.7775
2011020315,-2.0229,-2.8617
2011020316,-1.7819,-2.6866
2011020317,-2.664,-2.2678
2011020318,-2.388,-3.1875
2011020319,-1.2581,-3.2101
2011020320,-2.4028,-2.5932
2011020321,-2.7005,-2.2038
2011020322,-1.5925,-1.8442
2011020323,-2.7357,-2.7593
2011020324,-2.3643,-2.0804
2011020325,-2.8074,-3.2518
2011020326,-1.7281,-2.2744
2011020327,-2.5418,-1.6901
2011020328,-2.3337,-2.3428
2011020329,-2.6491,-2.3754
2011020330,-3.4612,-2.4787
2011020331,-3.454,-1.2557
2011020332,-2.2208,-1.5466
2011020333,-1.629,-2.8769
2011020334,-2.3922,-2.0672
2011020335,-1.3769,-3.6983
2011020336,-2.0871,-3.3585
2011020337,-3.1916,-2.2866
2011020338,-1.8458,-2.6535
2011020339,-2.2056,-2.9736
2011020340,-2.2503,-2.7398
2011020341,-1.5,-1.4334
2011020342,-2.0188,-1.8404
2011020343,-2.257,-2.6243
2011020344,-2.0397,-1.6015
2011020345,-2.4213,-2.1721
2011020346,-2.0026,-2.4037
2011020347,-3.1877,-3.2084
2011020348,-3.3755,-2.2919
2011020349,-3.2693,-2.5403
2011020350,-3.5465,-2.4726
2011020351,-3.0279,-2.7876
2011020352,-3.5214,-2.0845
2011020353,-2.9738,-1.8122
2011020354,-1.9742,-2.0391
2011020355,-2.0205,-2.5311
2011020356,-2.0977,-1.2216
2011020357,-2.0272,-2.4279
2011020358,-3.0254,-2.9687
2011020359,-3.2061,-1.6854
2011020360,-3.2203,-2.6362
2011020361,-1.9696,-3.53
2011020362,-2.1489,-2.3706
2011020363,-3.0531,-3.4675
2011020364,-2.0397,-1.9709
2011020365,-1.6324,-3.1275
2011020366,-2.7184,-1.729
2011020367,-1.3054,-2.0946
2011020368,-3.0486,-2.3288
2011020369,-2.0294,-2.7612
2011020370,-1.8287,-2.6444
2011020371,-1.4237,-2.0725
2011020372,-2.7219,-3.2641
2011020373,-2.2835,-2.7853
2011020374,-2.3924,-3.2904
2011020375,-2.6299,-3.5474
2011020376,-2.6272,-2.4716
2011020377,-2.447,-2.0377
2011020378,-2.6348,-2.3274
2011020379,-3.766,-1.8019
2011020380,-3.4234,-2.3523
2011020381,-2.3239,-3.2729
2011020382,-1.9161,-2.3021
2011020383,-1.466,-2.6218
2011020384,-1.7318,-2.3106
2011020385,-1.6287,-1.3788
2011020386,-2.6022,-2.4376
2011020387,-2.1538,-2.4936
2011020388,-3.4928,-2.4587
2011020389,-3.3902,-2.1699
2011020390,-3.0067,-2.2794
2011020391,-2.0945,-3.5182
2011020392,-2.3544,-2.7155
2011020393,-3.4456,-2.5902
2011020394,-3.8685,-2.682
2011020395,-2.7381,-2.7439
2011020396,-2.7641,-3.0463
2011020397,-2.3938,-2.6331
2011020398,-2.7852,-2.6388
2011020399,-2.3076,-1.4478
2011020400,-1.7728,-2.3226
2011020401,-1.6273,-1.2037
2011020402,-2.9378,-2.6898
2011020403,-3.4327,-2.8696
2011020404,-2.0022,-2.9628
2011020405,-3.0875,-2.8836
2011020406,-2.8156,-3.1159
2011020407,-3.4364,-2.8563
2011020408,-2.9917,-2.0526
2011020409,-3.132,-2.7862
2011020410,-2.8694,-2.8344
2011020411,-3.8716,-1.411
2011020412,-3.1274,-2.6674
2011020413,-2.8594,-1.6553
2011020414,-2.3986,-2.2274
2011020415,-2.1803,-0.5776
2011020416,-1.5692,-2.7862
2011020417,-2.8531,-2.6017
2011020418,-2.5256,-2.4188
2011020419,-2.3366,-2.0556
2011020420,-2.612,-2.5102
2011020421,-3.5692,-2.8057
2011020422,-2.7702,-2.7665
2011020423,-2.6777,-2.659
2011020424,-2.9496,-3.0897
2011020425,-3.0915,-2.4598
2011020426,-2.9278,-2.1858
2011020427,-3.0864,-3.4301
2011020428,-2.0001,-1.5085
2011020429,-2.8085,-2.072
2011020430,-2.8772,-0.775
2011020431,-2.0536,-2.0609
2011020432,-1.4549,-2.8678
2011020433,-3.1065,-2.8366
2011020434,-3.3398,-1.8063
2011020435,-2.9706,-3.2664
2011020436,-3.9814,-1.7896
2011020437,-2.3102,-2.9293
2011020438,-2.9264,-2.3027
2011020439,-2.5727,-2.9086
2011020440,-2.4769,-2.5279
2011020441,-2.5298,-2.78
2011020442,-2.5471,-2.4356
2011020443,-2.9714,-3.4955
2011020444,-3.4312,-3.3591
2011020445,-2.2555,-1.5335
2011020446,-2.4821,-1.6268
2011020447,-2.3887,-2.4187
2011020448,-3.8378,-3.3073
2011020449,-2.5223,-3.233
2011020450,-2.7339,-2.1553
2011020451,-3.6847,-2.7691
2011020452,-2.6108,-1.8442
2011020453,-2.7127,-2.4066
2011020454,-3.0886,-3.0094
2011020455,-2.9706,-2.2181
2011020456,-2.0036,-2.745
2011020457,-1.9179,-2.5827
2011020458,-2.1275,-2.3921
2011020459,-3.1035,-2.5349
2011020460,-1.9058,-2.4553
2011020461,-3.651,-3.6766
2011020462,-1.3041,-2.8218
2011020463,-3.9343,-2.4018
2011020464,-3.2299,-2.4576
2011020465,-2.6844,-2.6848
2011020466,-3.1811,-3.3399
2011020467,-2.3703,-2.9367
2011020468,-3.0617,-3.7867
2011020469,-3.2009,-1.8582
2011020470,-1.8067,-2.7605
2011020471,-2.5205,-2.2355
2011020472,-2.898,-2.2165
2011020473,-1.9604,-1.6655
2011020474,-1.1742,-2.4838
2011020475,-2.728,-2.9774
2011020476,-2.2566,-2.5787
2011020477,-2.0505,-2.828
2011020478,-2.4249,-2.2727
2011020479,-3.1551,-3.2752
2011020480,-2.547,-2.8487
2011020481,-3.482,-2.9609
2011020482,-2.5854,-1.9636
2011020483,-3.4625,-2.0862
2011020484,-2.26,-2.8426
2011020485,-3.0698,-2.3147
2011020486,-3.3306,-1.9894
2011020487,-3.6425,-3.6388
2011020488,-2.5521,-3.2997
2011020489,-2.6771,-1.4702
2011020490,-2.9011,-1.9254
2011020491,-2.0269,-1.9841
2011020492,-2.2788,-2.8214
2011020493,-2.7541,-1.7923
2011020494,-2.3899,-2.2373
2011020495,-2.8268,-3.7148
2011020496,-3.3141,-2.6826
2011020497,-2.5046,-2.4422
2011020498,-3.074,-3.0822
2011020499,-1.4709,-2.1949
2011020500,-1.98,-2.6901
2011020501,-3.7289,-2.8636
2011020502,-2.4665,-1.9864
2011020503,-2.0592,-3.1117
2011020504,-2.4489,-3.4567
2011020505,-2.0964,-3.4683
2011020506,-2.1143,-2.6795
2011020507,-2.2503,-2.5355
2011020508,-2.8159,-2.2592
2011020509,-3.5256,-2.3394
2011020510,-3.0068,-1.4199
2011020511,-3.5876,-2.8686
2011020512,-2.3891,-2.3306
2011020513,-2.1566,-2.6063
2011020514,-2.9718,-2.1847
2011020515,-2.3003,-2.0679
2011020516,-1.8863,-2.8103
2011020517,-2.8589,-2.9414
2011020518,-1.4709,-2.3993
2011020519,-3.0208,-2.2559
2011020520,-3.4664,-2.3402
2011020521,-3.3105,-2.6635
2011020522,-2.3507,-3.5579
2011020523,-2.295,-2.8532
2011020524,-2.9026,-3.2112
2011020525,-2.8313,-3.0095
2011020526,-3.1367,-2.4128
2011020527,-2.3261,-2.337
2011020528,-1.3872,-2.5828
2011020529,-2.5351,-2.797
2011020530,-3.2672,-2.3436
2011020531,-3.3429,-4.4865
2011020532,-2.1711,-3.3937
2011020533,-2.8168,-1.8234
2011020534,-2.7684,-1.7879
2011020535,-3.5084,-1.8861
2011020536,-2.9141,-2.7044
2011020537,-3.0932,-2.7754
2011020538,-2.701,-1.9723
2011020539,-2.6101,-2.1291
2011020540,-2.2391,-2.2828
2011020541,-1.2121,-2.5805
2011020542,-3.1291,-2.7813
2011020543,-2.3544,-3.0731
2011020544,-2.8628,-2.3754
2011020545,-2.5466,-4.4917
2011020546,-2.2383,-3.1343
2011020547,-2.1939,-2.4033
2011020548,-3.2289,-2.8023
2011020549,-3.5705,-1.9773
2011020550,-2.5167,-3.027
2011020551,-2.2257,-3.3173
2011020552,-2.6577,-3.3171
2011020553,-2.2492,-3.8
2011020554,-2.2674,-2.198
2011020555,-2.537,-2.5018
2011020556,-2.2824,-2.5375
2011020557,-2.7178,-3.1202
2011020558,-2.2132,-2.0915
2011020559,-2.2184,-4.9115
2011020560,-2.1292,-2.806
2011020561,-3.2997,-2.6409
2011020562,-1.8355,-3.2325
2011020563,-2.572,-2.1621
2011020564,-2.7716,-2.5263
2011020565,-3.3826,-2.8299
2011020566,-2.4936,-3.057
2011020567,-2.94,-3.2026
2011020568,-2.2448,-3.1018
2011020569,-2.6211,-3.8434
2011020570,-3.5193,-2.2535
2011020571,-3.1286,-3.3272
2011020572,-3.4659,-0.7474
2011020573,-2.7375,-2.9737
2011020574,-2.3445,-3.6422
2011020575,-2.8649,-2.0532
2011020576,-1.8924,-2.8327
2011020577,-2.0752,-2.6312
2011020578,-2.5979,-2.8028
2011020579,-3.7304,-2.2894
2011020580,-3.9019,-2.1695
2011020581,-2.7817,-2.6839
2011020582,-3.0133,-2.3329
2011020583,-2.4483,-1.3273
2011020584,-2.8085,-2.4917
2011020585,-2.5043,-3.0042
2011020586,-3.5562,-2.9658
2011020587,-2.8758,-2.4777
2011020588,-4.0725,-2.4369
2011020589,-2.8225,-3.2929
2011020590,-2.4862,-3.3665
2011020591,-2.512,-2.5517
2011020592,-1.2217,-3.329
2011020593,-2.5516,-3.1694
2011020594,-2.3759,-3.1991
2011020595,-1.8343,-2.1591
2011020596,-3.5128,-3.1999
2011020597,-2.4345,-2.8907
2011020598,-2.0758,-2.7592
2011020599,-2.445,-3.2409
2011020600,-3.264,-3.5379
2011020601,-2.0562,-3.1046
2011020602,-2.6598,-2.9715
2011020603,-2.2165,-2.2173
2011020604,-3.1779,-2.9564
2011020605,-2.6545,-2.9394
2011020606,-2.8402,-2.895
2011020607,-3.0653,-1.5908
2011020608,-2.6137,-2.9982
2011020609,-3.8287,-1.5435
2011020610,-1.4072,-2.4452
2011020611,-3.1302,-2.6973
2011020612,-2.9935,-2.7338
2011020613,-2.2018,-3.3207
2011020614,-3.0088,-3.2771
2011020615,-2.2633,-2.2881
2011020616,-1.8894,-3.1486
2011020617,-2.514,-2.6516
2011020618,-3.3604,-2.9067
2011020619,-2.9727,-1.4847
2011020620,-3.1953,-3.2313
2011020621,-2.2607,-2.6539
2011020622,-3.2387,-2.1052
2011020623,-2.842,-3.6167
2011020624,-1.7253,-1.2425
2011020625,-2.6479,-3.2797
2011020626,-3.4204,-2.4638
2011020627,-3.4268,-2.4754
2011020628,-1.9503,-2.7818
2011020629,-2.9387,-2.9597
2011020630,-3.5295,-2.8191
2011020631,-1.9597,-3.0388
2011020632,-2.8398,-2.6753
2011020633,-2.5044,-3.1855
2011020634,-2.944,-2.3357
2011020635,-3.1397,-2.2961
2011020636,-2.912,-3.8855
2011020637,-3.0904,-2.6666
2011020638,-3.1902,-1.337
2011020639,-2.3577,-1.986
2011020640,-3.0588,-1.7698
2011020641,-2.0211,-3.2919
2011020642,-2.7906,-2.9703
2011020643,-3.3647,-2.2093
2011020644,-3.0556,-2.3764
2011020645,-2.7312,-3.0465
2011020646,-3.1604,-2.2825
2011020647,-3.363,-2.4234
2011020648,-3.2537,-3.3088
2011020649,-2.4809,-2.786
2011020650,-2.4426,-2.9921
2011020651,-2.2559,-3.0826
2011020652,-2.522,-2.1002
2011020653,-2.9583,-3.0858
2011020654,-3.0224,-1.409
2011020655,-2.5535,-2.0273
2011020656,-2.786,-3.0851
2011020657,-2.7698,-2.2963
2011020658,-2.6982,-3.5151
2011020659,-3.0885,-2.9534
2011020660,-2.9041,-2.9567
2011020661,-3.061,-1.2191
2011020662,-2.7999,-2.3642
2011020663,-3.7608,-2.6562
2011020664,-2.2153,-2.4932
2011020665,-2.6349,-3.1105
2011020666,-3.062,-3.3377
2011020667,-2.3047,-1.8499
2011020668,-2.7906,-3.2714
2011020669,-2.1201,-3.384
2011020670,-2.4909,-3.0887
2011020671,-2.6347,-3.4396
2011020672,-3.4309,-2.5815
2011020673,-3.1897,-2.0822
2011020674,-3.5052,-3.4463
2011020675,-2.5484,-2.6145
2011020676,-3.1022,-2.3809
2011020677,-2.5397,-2.314
2011020678,-3.3923,-2.7809
2011020679,-2.978,-2.6223
2011020680,-1.8201,-2.1792
2011020681,-2.6567,-2.2867
2011020682,-2.1095,-3.3352
2011020683,-2.3433,-1.9438
2011020684,-3.4057,-3.4868
2011020685,-2.6042,-2.6999
2011020686,-2.3934,-2.8474
2011020687,-3.0514,-2.7095
2011020688,-2.1957,-2.5696
2011020689,-2.4763,-2.8498
2011020690,-2.3464,-3.6229
2011020691,-3.5801,-3.6422
2011020692,-3.3609,-3.1717
2011020693,-2.8246,-2.1068
2011020694,-1.6549,-3.1649
2011020695,-2.9415,-1.9917
2011020696,-4.2752,-3.1497
2011020697,-1.9868,-2.0639
2011020698,-2.9176,-2.2452
2011020699,-2.7335,-2.7484
2011020700,-3.1657,-1.9715
2011020701,-2.844,-1.5471
2011020702,-3.047,-2.7153
2011020703,-2.778,-3.2074
2011020704,-3.9393,-2.6891
2011020705,-3.3957,-3.1937
2011020706,-2.7482,-2.7164
2011020707,-2.138,-4.0728
2011020708,-2.9169,-1.6354
2011020709,-2.5878,-2.6317
2011020710,-2.1989,-2.8915
2011020711,-4.1547,-2.127
2011020712,-3.0119,-2.3755
2011020713,-1.4383,-2.9917
2011020714,-2.2464,-3.4258
2011020715,-3.3175,-2.5491
2011020716,-2.5128,-2.8098
2011020717,-3.1445,-2.4241
2011020718,-3.4555,-2.1881
2011020719,-2.2712,-3.575
2011020720,-3.0886,-1.6542
2011020721,-2.5481,-3.9328
2011020722,-3.2685,-3.4198
2011020723,-2.8906,-2.4138
2011020724,-2.6738,-2.6179
2011020725,-3.4215,-2.6821
2011020726,-2.2308,-3.6599
2011020727,-3.02,-1.2457
2011020728,-2.3617,-2.2342
2011020729,-2.155,-2.658
2011020730,-3.1558,-2.2962
2011020731,-2.6682,-1.5834
2011020732,-3.4705,-1.7964
2011020733,-2.7381,-4.0444
2011020734,-2.7521,-2.9193
2011020735,-3.6222,-3.3529
2011020736,-3.2162,-3.5872
2011020737,-3.3557,-2.3914
2011020738,-2.012,-3.0587
2011020739,-2.7252,-2.3432
2011020740,-3.0075,-2.7642
2011020741,-3.2875,-3.249
2011020742,-2.3319,-2.8469
2011020743,-1.9311,-2.6784
2011020744,-2.754,-3.0799
2011020745,-3.3538,-2.631
2011020746,-3.3618,-2.556
2011020747,-2.1947,-3.1291
2011020748,-1.8397,-4.472
2011020749,-3.1808,-2.5885
2011020750,-2.5473,-2.6769
2011020751,-2.1391,-2.7345
2011020752,-3.2107,-3.1648
2011020753,-2.3682,-3.8991
2011020754,-3.087,-2.9809
2011020755,-3.1083,-3.0604
2011020756,-2.3261,-2.4941
2011020757,-2.2152,-3.03
2011020758,-3.0755,-1.9581
2011020759,-3.8659,-3.5148
2011020760,-1.6436,-3.701
2011020761,-2.6497,-3.0228
2011020762,-3.4922,-2.7589
2011020763,-2.8092,-3.0712
2011020764,-1.9542,-2.7702
2011020765,-2.5351,-2.9867
2011020766,-2.9701,-3.2775
2011020767,-2.9909,-2.87
2011020768,-1.9615,-3.0986
2011020769,-2.8208,-2.6626
2011020770,-3.0258,-2.4756
2011020771,-3.5111,-2.5432
2011020772,-2.9261,-3.1192
2011020773,-3.1922,-2.5348
2011020774,-2.2244,-2.9806
2011020775,-3.1147,-1.9817
2011020776,-3.313,-2.5908
2011020777,-2.1354,-2.4568
2011020778,-3.7574,-3.2753
2011020779,-2.6203,-3.0689
2011020780,-3.6587,-2.8558
2011020781,-2.8482,-1.4906
2011020782,-3.0129,-2.8785
2011020783,-2.9928,-3.4096
2011020784,-2.1354,-3.8935
2011020785,-2.6683,-2.0126
2011020786,-2.8827,-3.5367
2011020787,-1.7367,-3.6136
2011020788,-2.3208,-3.3058
2011020789,-3.7564,-2.6075
2011020790,-2.4259,-2.5802
2011020791,-3.1497,-2.7748
2011020792,-1.9658,-2.8686
2011020793,-2.4217,-3.1574
2011020794,-3.5856,-2.6395
2011020795,-3.2585,-2.1587
2011020796,-2.4895,-3.2482
2011020797,-2.9618,-3.42
2011020798,-3.6713,-3.9743
2011020799,-2.5719,-2.856
2011020800,-2.3295,-2.0672
2011020801,-3.3553,-2.4053
2011020802,-3.3149,-2.6276
2011020803,-2.7145,-2.0329
2011020804,-1.9839,-3.0723
2011020805,-1.578,-3.2009
2011020806,-3.3159,-2.9578
2011020807,-3.2345,-2.3836
2011020808,-4.174,-2.8686
2011020809,-3.4167,-3.3595
2011020810,-2.4947,-2.1827
2011020812,-3.3436,-3.4999
2011020813,-3.2005,-2.4872
2011020814,-2.3959,-2.9804
2011020815,-2.5744,-3.9561
2011020811,-2.2413,-3.4614
2011020816,-3.4657,-2.9714
2011020817,-3.1536,-4.006
2011020818,-3.306,-2.4448
2011020819,-2.458,-2.2118
2011020820,-2.5219,-4.2216
2011020821,-3.5239,-2.3783
2011020822,-2.7309,-2.7549
2011020823,-2.5686,-1.5684
2011020824,-2.1435,-3.6393
2011020825,-2.2759,-4.048
2011020826,-2.3876,-4.3706
2011020827,-3.2536,-4.0872
2011020828,-2.4298,-2.1856
2011020829,-2.5136,-1.8457
2011020830,-3.159,-3.2438
2011020831,-3.3373,-2.4221
2011020832,-2.7498,-2.3948
2011020833,-2.5443,-2.1724
2011020834,-2.037,-2.2793
2011020835,-2.7378,-3.3279
2011020944,-4.7193,-2.829
2011020837,-2.9945,-2.4144
2011020838,-3.4215,-3.0472
2011020839,-3.1572,-2.5619
2011020840,-3.2097,-2.8721
2011020841,-2.4789,-3.28
2011020842,-3.218,-3.7342
2011020843,-2.6205,-3.4628
2011020844,-2.8623,-3.2634
2011020845,-2.0804,-2.7287
2011020846,-2.2057,-3.3966
2011020847,-2.6675,-3.2095
2011020848,-4.1711,-3.1614
2011020849,-4.0299,-2.6596
2011020850,-4.7475,-2.3534
2011020851,-2.1278,-3.7756
2011020852,-2.5614,-3.3295
2011020853,-3.0989,-1.4862
2011020854,-2.8121,-3.4746
2011020855,-2.3954,-2.9728
2011020856,-3.5118,-2.1459
2011020857,-2.2248,-2.6018
2011020858,-3.5087,-3.0973
2011020859,-2.9411,-1.5801
2011020860,-3.4518,-3.6387
2011020861,-3.9411,-2.6909
2011020862,-2.5345,-3.1437
2011020863,-3.1064,-2.7754
2011020864,-3.171,-2.6898
2011020865,-2.2949,-2.6975
2011020866,-3.3081,-3.2776
2011020867,-2.1846,-2.4348
2011020868,-3.8326,-2.8754
2011020869,-3.0989,-3.2633
2011020870,-3.9562,-3.6683
2011020871,-3.0572,-3.0095
2011020872,-2.9492,-2.4972
2011020873,-3.3048,-2.3707
2011020874,-2.9666,-1.9733
2011020875,-2.7934,-2.2089
2011020876,-2.4673,-2.8359
2011020877,-3.7918,-3.5074
2011020878,-3.0867,-3.3211
2011020879,-2.6027,-3.7014
2011020880,-3.4156,-1.948
2011020881,-2.9348,-3.9712
2011020882,-2.9278,-3.1861
2011020883,-2.823,-3.4477
2011020884,-3.8313,-3.3743
2011020885,-3.1873,-2.8344
2011020886,-3.4633,-2.9797
2011020887,-2.9483,-2.271
2011020888,-3.918,-2.116
2011020889,-4.0208,-3.6138
2011020890,-2.5181,-3.1777
2011020891,-2.2575,-3.8648
2011020892,-2.6259,-2.6444
2011020893,-3.8178,-3.0522
2011020894,-2.4079,-3.044
2011020895,-2.5611,-2.3274
2011020896,-3.4337,-4.3157
2011020897,-2.194,-2.9431
2011020898,-3.5476,-2.3274
2011020899,-2.7175,-1.8931
2011020900,-3.1866,-3.3018
2011020901,-2.9502,-2.4764
2011020902,-3.499,-4.022
2011020903,-2.1798,-2.4244
2011020904,-2.9751,-2.3754
2011020905,-2.779,-3.9206
2011020906,-3.3081,-3.078
2011020907,-2.7507,-2.1665
2011020908,-3.6649,-4.2275
2011020909,-2.5607,-3.5055
2011020910,-4.6822,-3.9102
2011020911,-3.6128,-3.7472
2011020912,-2.542,-2.6855
2011020913,-3.198,-2.4494
2011020914,-1.8861,-3.0243
2011020915,-2.7695,-2.6457
2011020916,-2.5755,-3.5772
2011020917,-3.2858,-3.319
2011020918,-2.1039,-4.0982
2011020919,-3.3521,-2.57
2011020920,-3.2083,-2.3816
2011020921,-2.4782,-3.2168
2011020922,-3.3948,-3.485
2011020923,-2.5288,-2.7729
2011020924,-2.8492,-2.5234
2011020925,-3.2128,-2.7378
2011020926,-2.0319,-3.617
2011020927,-2.6307,-4.3672
2011020928,-3.0185,-2.8516
2011020929,-3.5228,-4.8683
2011020930,-3.1505,-2.6785
2011020931,-4.175,-4.1173
2011020932,-2.7055,-3.5236
2011020933,-2.9129,-2.6837
2011020934,-3.1545,-2.9664
2011020935,-3.5609,-3.2793
2011020936,-2.6556,-2.7785
2011020836,-3.5675,-3.8047
2011020937,-3.5902,-3.221
2011020938,-2.3054,-2.8959
2011020939,-3.6826,-2.8651
2011020940,-2.0598,-3.3503
2011020941,-3.9996,-4.5809
2011020942,-2.4682,-4.3534
2011020943,-3.8447,-2.5232
2011020945,-2.8892,-2.8096
2011020946,-3.3164,-1.9185
2011020947,-4.3864,-2.5584
2011020948,-2.697,-3.2023
2011020949,-4.0356,-3.2606
2011020950,-3.0712,-3.124
2011020951,-4.2893,-3.7763
2011020952,-2.8702,-3.3636
2011020953,-2.1824,-2.9672
2011020954,-3.1099,-3.2236
2011020955,-2.8267,-3.9335
2011020956,-3.8066,-2.1818
2011020957,-3.8584,-3.6185
2011020958,-2.8193,-3.3701
2011020959,-3.36,-2.8483
2011020960,-3.6012,-3.7615
2011020961,-2.5493,-2.8964
2011020962,-4.6152,-3.9505
2011020963,-2.1034,-2.6197
2011020964,-3.9181,-2.3787
2011020965,-2.6458,-3.4875
2011020966,-4.1424,-2.7245
2011020967,-2.588,-2.3122
2011020968,-3.6359,-3.1682
2011020969,-3.7465,-3.0686
2011020970,-3.5724,-2.6118
2011020971,-3.861,-3.6976
2011020972,-2.1105,-3.3304
2011020973,-2.9862,-3.7204
2011020974,-3.4732,-3.1099
2011020975,-3.2293,-2.6125
2011020976,-3.9761,-3.4816
2011020977,-3.6729,-3.6753
2011020978,-2.6766,-2.9019
2011020979,-3.6156,-2.9582
2011020980,-4.9216,-2.6864
2011020981,-4.0896,-3.7545
2011020982,-2.8391,-3.2945
2011020983,-3.3378,-2.0201
2011020984,-3.793,-3.1552
2011020985,-3.3249,-2.3759
2011020986,-3.0926,-3.8001
2011020987,-3.3004,-2.761
2011020988,-3.0732,-4.2273
2011020989,-2.3609,-3.7033
2011020990,-4.0943,-3.568
2011020991,-3.3772,-2.1227
2011020992,-3.7346,-4.2725
2011020993,-2.0212,-3.273
2011020994,-3.7702,-3.3735
2011020995,-2.2314,-2.5563
2011020996,-3.6328,-3.08
2011020997,-3.6357,-3.2653
2011020998,-3.5725,-3.0548
2011020999,-3.2742,-3.0654
2011021000,-3.0634,-3.6935
2011021001,-3.0201,-2.5018
2011021002,-3.7221,-2.1028
2011021003,-3.7281,-3.03
2011021004,-3.3519,-2.9929
2011021005,-3.0339,-3.1241
2011021006,-3.5656,-2.35
2011021007,-3.971,-4.9417
2011021008,-2.3868,-3.342
2011021009,-3.7313,-2.8324
2011021010,-3.5591,-3.2664
2011021011,-3.9241,-3.0796
2011021012,-4.0833,-3.6179
2011021013,-1.8952,-2.8278
2011021014,-2.6406,-2.7529
2011021015,-3.0409,-2.7302
2011021016,-3.697,-3.1364
2011021017,-3.1198,-2.7255
2011021018,-3.5887,-2.8021
2011021019,-2.7286,-3.9748
2011021020,-2.7907,-2.8316
2011021021,-3.1618,-3.7205
2011021022,-3.6827,-3.6498
2011021023,-3.9078,-2.5174
2011021024,-3.5313,-2.8969
2011021025,-3.5564,-3.0662
2011021026,-3.9499,-3.5667
2011021027,-2.7735,-2.9572
2011021028,-3.946,-1.6763
2011021029,-2.8714,-3.7096
2011021030,-4.2559,-3.4209
2011021031,-3.5258,-3.242
2011021032,-2.8646,-2.3395
2011021033,-3.6248,-3.2852
2011021034,-2.5861,-4.0794
2011021035,-3.2886,-2.8865
2011021036,-3.9078,-2.8939
2011021037,-3.4089,-3.5953
2011021038,-3.6527,-3.9077
2011021039,-3.448,-3.1798
2011021040,-3.0305,-2.7393
2011021041,-3.6246,-3.0153
2011021042,-3.5744,-3.4476
2011021043,-3.3214,-3.6117
2011021044,-2.3074,-2.9876
2011021045,-3.5476,-4.0599
2011021046,-3.3787,-2.7741
2011021047,-3.888,-2.9331
2011021048,-3.0914,-3.1924
2011021049,-3.176,-2.1642
2011021050,-3.4624,-3.3712
2011021051,-3.9292,-4.4532
2011021052,-3.131,-3.0884
2011021053,-3.7901,-3.4858
2011021054,-3.9432,-2.3997
2011021055,-3.9298,-3.4151
2011021056,-2.8154,-2.9585
2011021057,-3.437,-3.3199
2011021058,-2.6299,-2.9893
2011021059,-2.6176,-3.2376
2011021060,-3.5053,-3.0981
2011021061,-2.8818,-4.0762
2011021062,-3.5272,-3.3674
2011021063,-1.8579,-2.2842
2011021064,-3.2509,-3.5553
2011021065,-2.9602,-3.2794
2011021066,-3.6993,-2.9469
2011021067,-3.9517,-3.4685
2011021068,-3.2637,-3.9367
2011021069,-3.3625,-3.2489
2011021070,-3.7396,-2.7156
2011021071,-2.8977,-3.4812
2011021072,-3.6387,-3.0499
2011021073,-3.5585,-2.911
2011021074,-3.1706,-2.8831
2011021075,-2.2644,-4.5888
2011021076,-4.276,-2.867
2011021077,-4.0511,-4.0636
2011021078,-2.7167,-3.4574
2011021079,-2.1384,-3.6089
2011021080,-3.8248,-3.0585
2011021081,-2.7508,-3.7233
2011021082,-2.7403,-3.1215
2011021083,-3.5681,-3.7739
2011021084,-2.1963,-2.9996
2011021085,-4.5848,-3.5964
2011021086,-3.9156,-3.3768
2011021087,-2.4857,-3.3471
2011021088,-3.3594,-3.8059
2011021089,-3.2818,-3.5177
2011021090,-3.333,-2.6842
2011021091,-3.8049,-3.6546
2011021092,-2.9813,-4.0556
2011021093,-3.499,-2.1097
2011021094,-3.3364,-3.1758
2011021095,-3.2945,-2.7531
2011021096,-2.9377,-1.9561
2011021097,-3.5877,-3.2947
2011021098,-3.8975,-3.9341
2011021099,-3.4504,-4.423
2011021100,-3.9517,-3.6443
2011021101,-3.6947,-4.4083
2011021102,-3.1831,-3.8713
2011021103,-2.9076,-2.5708
2011021104,-1.7393,-3.0509
2011021105,-3.3476,-3.4135
2011021106,-3.6743,-3.7561
2011021107,-3.2241,-2.6122
2011021108,-2.9377,-4.431
2011021109,-2.1414,-2.5479
2011021110,-3.6222,-2.7747
2011021111,-3.5192,-2.9845
2011021112,-3.5729,-2.8205
2011021113,-3.6687,-3.3897
2011021114,-3.9871,-3.6589
2011021115,-4.2562,-3.1383
2011021116,-3.5261,-4.1284
2011021117,-2.9179,-2.7945
2011021118,-2.8751,-3.0512
2011021119,-3.1737,-3.9313
2011021120,-4.1191,-2.5847
2011021121,-3.5493,-3.5938
2011021122,-1.6816,-3.9074
2011021123,-3.9311,-3.7409
2011021124,-2.499,-3.5969
2011021125,-2.4634,-3.7865
2011021126,-1.7994,-3.3288
2011021127,-3.3215,-3.2786
2011021128,-2.6595,-3.3206
2011021129,-4.1198,-3.2999
2011021130,-3.2835,-3.6132
2011021131,-3.534,-2.3718
2011021132,-3.3521,-3.0937
2011021133,-3.3296,-4.1479
2011021134,-3.4143,-2.8055
2011021135,-3.5194,-3.4862
2011021136,-3.5735,-3.2363
2011021137,-4.3022,-3.4817
2011021138,-4.142,-2.8131
2011021139,-1.7994,-1.999
2011021140,-3.363,-2.8472
2011021141,-3.0593,-4.0337
2011021142,-4.485,-2.6856
2011021143,-3.3219,-3.9267
2011021144,-2.4392,-2.8079
2011021145,-3.8083,-3.7539
2011021146,-3.8996,-2.7765
2011021147,-3.5656,-3.8657
2011021148,-3.682,-4.0487
2011021149,-3.8992,-2.9857
2011021150,-3.452,-2.5018
2011021151,-3.0011,-4.2864
2011021152,-4.2619,-2.0989
2011021153,-3.1221,-2.1034
2011021154,-3.3346,-3.039
2011021155,-2.8448,-3.6219
2011021156,-3.7746,-3.1713
2011021157,-3.8553,-3.1544
2011021158,-3.1851,-3.7866
2011021159,-3.4989,-3.2616
2011021160,-3.6006,-2.6719
2011021161,-4.1954,-3.1291
2011021162,-4.3333,-3.6907
2011021163,-3.3927,-4.14
2011021164,-2.8528,-3.7247
2011021165,-3.7396,-3.4412
2011021166,-3.188,-3.1929
2011021167,-3.1591,-2.5404
2011021168,-3.5302,-4.2265
2011021169,-3.2097,-3.418
2011021170,-3.4934,-3.3523
2011021171,-2.6702,-3.971
2011021172,-3.0821,-4.0568
2011021173,-3.6302,-3.7746
2011021174,-3.4297,-4.532
2011021175,-3.5881,-3.6847
2011021176,-3.8503,-3.0071
2011021177,-3.7332,-2.7632
2011021178,-3.6006,-2.8511
2011021179,-3.8215,-3.2462
2011021180,-2.6719,-3.6065
2011021181,-3.3801,-3.3577
2011021182,-3.3677,-3.4374
2011021183,-3.1209,-4.2376
2011021184,-3.3945,-3.5295
2011021185,-3.319,-2.7358
2011021186,-4.1431,-3.6944
2011021187,-3.988,-3.0496
2011021188,-2.6095,-4.2566
2011021189,-3.615,-2.8835
2011021190,-3.8552,-1.8142
2011021191,-3.5761,-3.5114
2011021192,-3.2904,-3.2942
2011021193,-4.2017,-3.7378
2011021194,-4.1901,-3.9993
2011021195,-3.4434,-4.0614
2011021196,-4.3288,-1.9871
2011021197,-3.5666,-3.7137
2011021198,-2.8019,-4.5854
2011021199,-4.1967,-2.8563
2011021200,-2.972,-3.4159
2011021201,-3.1176,-2.7761
2011021202,-3.6656,-4.4234
2011021203,-2.807,-3.4951
2011021204,-3.1616,-3.6844
2011021205,-3.6669,-4.1576
2011021206,-3.4422,-4.3223
2011021207,-4.1768,-3.3206
2011021208,-3.5314,-3.7791
2011021209,-3.5505,-4.3076
2011021210,-4.7792,-2.6791
2011021211,-3.0797,-4.5753
2011021212,-3.2143,-3.9085
2011021213,-3.2474,-3.0562
2011021214,-3.052,-2.2719
2011021215,-2.6003,-3.4601
2011021216,-3.2468,-3.7947
2011021217,-3.8147,-3.3542
2011021218,-4.1117,-4.0616
2011021219,-2.8271,-2.8072
2011021220,-3.6618,-3.3389
2011021221,-2.6463,-3.2414
2011021222,-4.4036,-3.3919
2011021223,-4.2859,-2.7412
2011021224,-4.1535,-3.1458
2011021225,-3.9573,-3.8153
2011021226,-4.5124,-3.4061
2011021227,-5.2502,-2.1009
2011021228,-3.6538,-3.5439
2011021229,-4.4925,-3.4376
2011021230,-1.7542,-3.052
2011030141,-2.6919,-3.563
2011030151,-4.0578,-2.9251
2011030181,-3.0563,-3.5943
2011030111,-4.0022,-3.7904
2011030121,-3.2077,-3.7059
2011030161,-2.794,-2.2808
2011030171,-3.1809,-3.2854
2011030131,-3.6805,-3.3897
2011030142,-2.7732,-3.1427
2011030152,-3.6738,-3.0142
2011030182,-2.4857,-4.2547
2011030112,-3.721,-4.1409
2011030122,-3.0786,-3.8241
2011030162,-2.8468,-2.0215
2011030172,-2.8053,-3.8527
2011030132,-3.6916,-3.3392
2011030143,-3.113,-2.8947
2011030153,-2.8095,-3.8111
2011030183,-4.1078,-3.0773
2011030113,-4.2373,-3.4049
2011030123,-3.8193,-3.1271
2011030163,-2.0844,-2.7465
2011030133,-3.4088,-3.6427
2011030173,-4.0913,-3.0567
2011030184,-3.3579,-3.6129
2011030114,-3.6253,-4.0562
2011030144,-2.3749,-3.6669
2011030154,-2.5268,-4.4513
2011030124,-3.8449,-3.7521
2011030134,-3.1098,-3.7893
2011030164,-1.8693,-2.695
2011030174,-3.5631,-2.4998
2011030145,-3.8328,-2.8895
2011030185,-3.4035,-3.7443
2011030115,-4.3788,-3.4578
2011030125,-4.0041,-3.5092
2011030135,-4.1501,-2.9413
2011030165,-2.7429,-1.7043
2011030175,-3.1073,-3.515
2011030126,-3.9237,-3.4786
2011030146,-3.6559,-3.1893
2011030155,-4.3939,-2.4971
2011030116,-3.7495,-4.2518
2011030176,-4.389,-2.8154
2011030136,-3.6481,-3.5146
2011030127,-3.5103,-3.5216
2011030117,-4.4293,-3.6295
2011030137,-3.5032,-3.6647
2011030241,-2.9419,-2.5686
2011030211,-3.4324,-4.1343
2011030231,-2.997,-3.2339
2011030221,-3.1397,-4.1786
2011030242,-2.6064,-3.2952
2011030212,-4.1371,-3.6723
2011030232,-3.3168,-2.7882
2011030222,-3.383,-3.187
2011030213,-4.0524,-3.7895
2011030243,-3.4546,-2.0046
2011030223,-3.7577,-3.4422
2011030233,-3.2067,-2.8101
2011030244,-3.1046,-2.3254
2011030214,-3.7896,-4.0523
2011030224,-3.4426,-3.7077
2011030234,-2.8532,-3.1207
2011030215,-4.0624,-3.7846
2011030245,-3.0741,-2.7946
2011030225,-3.6454,-3.6891
2011030216,-3.6278,-4.0554
2011030217,-4.2334,-3.5679
2011030321,-2.4461,-2.4873
2011030311,-4.2271,-3.5386
2011030322,-2.4445,-2.6371
2011030312,-4.0713,-3.7331
2011030323,-2.6371,-2.1209
2011030313,-3.7348,-3.6991
2011030324,-2.4873,-1.8774
2011030314,-3.4014,-3.4871
2011030325,-2.1981,-2.4873
2011030315,-4.0582,-3.4387
2011030316,-3.335,-3.8244
2011030411,-2.7601,-2.4873
2011030412,-2.7601,-2.4873
2011030413,-2.5614,-2.7601
2011030414,-2.5614,-2.7567
2011030415,-2.7567,-2.5614
2011030416,-2.5614,-2.7567
2012020001,-2.1366,-2.296
2012020002,-2.7669,-2.779
2012020003,-2.202,-2.3115
2012020004,-2.2639,-2.857
2012020005,-2.6534,-2.6714
2012020006,-2.7644,-1.3721
2012020007,-2.2222,-1.994
2012020008,-2.1061,-2.9062
2012020009,-2.1152,-2.7334
2012020010,-2.0409,-2.6797
2012020011,-3.3094,-1.8179
2012020012,-2.4424,-2.8669
2012020013,-2.5002,-1.7032
2012020014,-1.7048,-2.0447
2012020015,-3.05,-2.4771
2012020016,-2.0499,-1.0685
2012020017,-2.0186,-2.9796
2012020018,-2.6784,-2.2705
2012020019,-1.995,-2.8433
2012020020,-2.347,-2.3749
2012020021,-2.5907,-1.6617
2012020022,-2.6479,-1.768
2012020023,-2.8805,-1.3106
2012020024,-3.1167,-1.2781
2012020025,-2.2221,-3.4722
2012020026,-1.8219,-1.634
2012020027,-3.433,-3.1226
2012020028,-3.4611,-2.5184
2012020029,-2.7665,-2.3988
2012020030,-1.4748,-2.3042
2012020031,-3.1259,-3.3013
2012020032,-1.7954,-2.4671
2012020033,-3.0176,-2.0905
2012020034,-3.2794,-1.7759
2012020035,-2.3404,-1.4019
2012020036,-3.1527,-2.7707
2012020037,-1.8785,-1.6915
2012020038,-2.826,-2.1781
2012020039,-2.1663,-2.8596
2012020040,-3.3866,-1.8399
2012020041,-2.1854,-1.5095
2012020042,-3.3327,-2.2462
2012020043,-2.4122,-1.3188
2012020044,-3.3642,-2.0441
2012020045,-2.8294,-2.1688
2012020046,-3.9617,-2.366
2012020047,-2.6471,-2.9637
2012020048,-1.7111,-1.4443
2012020049,-1.9914,-1.8685
2012020050,-1.8552,-3.2599
2012020051,-2.1187,-1.7796
2012020052,-1.2773,-2.3682
2012020053,-3.2999,-2.6541
2012020054,-2.9395,-2.4615
2012020055,-3.3331,-2.2937
2012020056,-1.6255,-2.563
2012020057,-2.172,-2.024
2012020058,-2.2596,-2.6307
2012020059,-3.6081,-3.4871
2012020060,-2.5753,-2.4404
2012020061,-2.8117,-2.2043
2012020062,-1.9945,-1.7467
2012020063,-2.6591,-1.5523
2012020064,-1.285,-2.6973
2012020065,-2.112,-1.385
2012020066,-3.0943,-2.2026
2012020067,-2.6103,-1.4593
2012020068,-2.9012,-2.885
2012020069,-3.6242,-2.5639
2012020070,-3.344,-3.7493
2012020071,-2.0212,-2.6431
2012020072,-2.0449,-3.1947
2012020073,-2.3624,-1.9031
2012020074,-3.6397,-3.6153
2012020075,-1.9619,-2.0174
2012020076,-2.127,-1.8335
2012020077,-1.7467,-3.7025
2012020078,-1.9608,-1.6684
2012020079,-1.9977,-2.5537
2012020080,-2.3551,-3.2866
2012020081,-2.5317,-3.312
2012020082,-2.4479,-1.8911
2012020083,-2.7997,-3.6774
2012020084,-2.2659,-2.2988
2012020085,-3.335,-4.0349
2012020086,-2.2129,-3.0999
2012020087,-1.414,-1.5141
2012020088,-2.3675,-2.7763
2012020089,-2.5005,-2.7874
2012020090,-1.2554,-1.9605
2012020091,-3.4573,-2.5738
2012020092,-1.5839,-2.0058
2012020093,-2.4557,-2.1589
2012020094,-2.2707,-3.5221
2012020095,-2.1144,-3.1627
2012020096,-3.4161,-2.3552
2012020097,-2.8278,-3.4307
2012020098,-2.1154,-3.0965
2012020099,-2.0755,-2.0846
2012020100,-1.1903,-1.4222
2012020101,-2.4179,-3.7994
2012020102,-2.3661,-2.0876
2012020103,-1.7221,-3.8199
2012020104,-2.8857,-2.9759
2012020105,-4.8942,-1.3295
2012020106,-2.8031,-2.5701
2012020107,-2.066,-2.6947
2012020108,-2.9793,-2.5828
2012020109,-2.981,-1.641
2012020110,-2.6581,-1.3348
2012020111,-2.6381,-1.5216
2012020112,-3.4396,-2.0569
2012020113,-1.9972,-2.4539
2012020114,-3.1834,-2.8397
2012020115,-2.5432,-3.8026
2012020116,-2.6461,-2.6642
2012020117,-1.7029,-2.0724
2012020118,-1.4142,-1.8496
2012020119,-2.8181,-2.6505
2012020120,-2.3886,-2.3429
2012020121,-3.1383,-2.2954
2012020122,-3.5613,-3.3502
2012020123,-2.7341,-2.7676
2012020124,-1.7824,-3.6109
2012020125,-3.2155,-2.6406
2012020126,-2.3354,-2.7397
2012020127,-2.0077,-1.5516
2012020128,-3.7284,-2.5343
2012020129,-3.0463,-3.3198
2012020130,-2.2441,-3.1654
2012020131,-2.769,-1.3612
2012020132,-2.504,-2.4739
2012020133,-2.7101,-2.4078
2012020134,-3.6821,-1.9398
2012020135,-3.6576,-3.0443
2012020136,-3.1282,-2.0834
2012020137,-1.6844,-3.2499
2012020138,-2.3917,-1.521
2012020139,-2.0608,-2.3038
2012020140,-2.2682,-3.9253
2012020141,-3.1089,-1.9608
2012020142,-3.3476,-3.0501
2012020143,-2.7346,-2.942
2012020144,-2.2099,-3.1491
2012020145,-3.6056,-2.271
2012020146,-2.6344,-2.3155
2012020147,-1.8307,-2.5574
2012020148,-3.5653,-2.986
2012020149,-2.8221,-3.3372
2012020150,-2.2089,-1.2877
2012020151,-3.3358,-2.9214
2012020152,-2.4365,-2.9704
2012020153,-3.8066,-2.2071
2012020155,-3.3476,-3.133
2012020156,-2.803,-2.382
2012020157,-2.1663,-3.6192
2012020158,-2.6495,-2.2823
2012020159,-1.9394,-2.1705
2012020160,-2.9037,-3.0588
2012020161,-3.8606,-1.9142
2012020162,-2.5192,-2.9953
2012020163,-3.1547,-2.5768
2012020164,-3.2075,-2.0847
2012020165,-3.3214,-2.2224
2012020166,-2.3492,-1.5799
2012020167,-2.6457,-2.4448
2012020168,-2.553,-2.4298
2012020169,-2.0833,-2.8963
2012020170,-3.627,-2.7253
2012020171,-2.9851,-3.1066
2012020172,-2.7898,-2.1663
2012020173,-2.91,-2.8782
2012020174,-2.8681,-1.755
2012020175,-2.9908,-2.1436
2012020176,-2.1436,-2.072
2012020177,-2.5919,-2.5796
2012020178,-3.116,-2.945
2012020179,-2.3284,-2.6005
2012020180,-2.4337,-2.5619
2012020181,-2.2894,-3.2893
2012020182,-3.4156,-2.5547
2012020183,-3.1367,-2.4843
2012020184,-3.1174,-1.6256
2012020185,-3.5447,-3.0244
2012020186,-1.9038,-3.2833
2012020187,-2.7631,-2.7651
2012020188,-3.3695,-2.2513
2012020189,-2.1632,-2.3366
2012020190,-2.3011,-3.6663
2012020191,-2.1654,-2.9228
2012020192,-3.6095,-2.6376
2012020193,-1.754,-2.8691
2012020194,-2.9654,-3.7366
2012020195,-3.1112,-2.3877
2012020196,-3.1642,-1.8609
2012020197,-2.7404,-2.845
2012020198,-2.9881,-2.8836
2012020199,-2.8246,-2.8609
2012020200,-2.1411,-3.5227
2012020201,-3.0259,-2.1323
2012020202,-3.0202,-2.3372
2012020203,-2.6503,-3.7948
2012020204,-2.4768,-2.7145
2012020205,-3.4256,-2.5382
2012020206,-3.7338,-2.8291
2012020207,-2.7161,-3.0277
2012020208,-2.9749,-2.054
2012020209,-2.4959,-3.6998
2012020210,-2.8313,-2.4645
2012020211,-2.0877,-2.0345
2012020212,-2.68,-3.4629
2012020213,-2.7795,-2.4059
2012020214,-2.6969,-2.7857
2012020215,-4.0936,-2.7084
2012020216,-2.6825,-2.1769
2012020217,-2.2818,-2.8406
2012020218,-2.5074,-2.5324
2012020219,-3.1858,-3.2523
2012020220,-2.5858,-3.5169
2012020221,-3.2829,-3.4441
2012020222,-3.1926,-2.8478
2012020223,-2.2761,-2.7946
2012020224,-2.6987,-2.4166
2012020225,-3.6766,-2.585
2012020226,-2.7671,-2.7342
2012020227,-1.6938,-2.6798
2012020228,-3.4543,-2.7602
2012020229,-2.8172,-3.1722
2012020230,-3.0537,-1.7062
2012020231,-3.743,-2.4802
2012020232,-2.7956,-2.0728
2012020233,-1.5758,-2.4141
2012020234,-3.7597,-3.265
2012020235,-3.1645,-2.952
2012020236,-3.0918,-2.8417
2012020237,-3.1798,-2.9113
2012020238,-3.5325,-1.8072
2012020239,-3.179,-3.4088
2012020240,-3.579,-2.5828
2012020241,-2.6546,-3.6291
2012020242,-2.7149,-1.556
2012020243,-2.6548,-2.8822
2012020244,-2.681,-3.792
2012020245,-4.3699,-2.2598
2012020246,-1.2072,-2.6347
2012020247,-3.2128,-2.927
2012020248,-2.7826,-2.998
2012020249,-2.4776,-1.9215
2012020250,-2.8389,-3.5228
2012020251,-2.8735,-3.116
2012020252,-1.3597,-2.2017
2012020253,-3.0341,-2.8351
2012020254,-2.9446,-3.2554
2012020255,-2.7284,-2.4755
2012020256,-2.3407,-2.8836
2012020257,-3.0964,-3.125
2012020258,-3.9666,-2.6245
2012020259,-3.4214,-2.8766
2012020260,-3.6764,-2.1096
2012020261,-2.9596,-2.6818
2012020262,-3.1146,-2.5774
2012020263,-3.5716,-3.5121
2012020264,-3.7206,-2.9904
2012020265,-3.0862,-3.3542
2012020266,-2.4516,-4.0131
2012020267,-2.9548,-2.9551
2012020268,-2.9246,-2.3443
2012020269,-3.5382,-3.1356
2012020270,-2.6249,-2.8037
2012020271,-2.4445,-2.4327
2012020272,-3.512,-3.5962
2012020273,-2.204,-1.2616
2012020274,-2.5618,-3.7018
2012020275,-2.886,-3.5181
2012020276,-3.2326,-3.7438
2012020277,-4.5326,-3.1305
2012020278,-2.7378,-2.4081
2012020279,-2.5464,-2.917
2012020280,-3.2926,-3.0646
2012020281,-2.7737,-2.5844
2012020282,-3.5324,-2.6964
2012020283,-2.355,-2.5971
2012020284,-2.8258,-2.7091
2012020285,-2.5767,-3.1946
2012020286,-3.6238,-3.2003
2012020287,-2.1463,-3.1998
2012020288,-2.4268,-2.3568
2012020289,-3.0927,-2.4252
2012020290,-2.2607,-3.3056
2012020291,-3.4882,-3.5576
2012020292,-2.7417,-2.6633
2012020293,-3.8084,-3.5971
2012020294,-2.4341,-1.5009
2012020295,-3.9766,-1.769
2012020296,-2.8058,-2.6213
2012020297,-2.5027,-2.5955
2012020298,-2.2925,-3.887
2012020299,-2.2906,-3.1193
2012020300,-1.9236,-4.1684
2012020301,-2.9068,-2.7853
2012020302,-2.4942,-2.6151
2012020303,-1.8862,-3.362
2012020304,-2.5113,-3.9423
2012020305,-3.5918,-2.6406
2012020306,-3.0674,-3.8522
2012020307,-2.7221,-3.6026
2012020308,-2.3913,-3.0466
2012020309,-3.0891,-1.2431
2012020310,-2.246,-3.9937
2012020311,-4.0296,-1.6698
2012020312,-2.7121,-3.328
2012020313,-3.8582,-2.6857
2012020314,-2.839,-2.8021
2012020315,-4.0965,-2.2633
2012020316,-2.5418,-3.4455
2012020317,-2.197,-2.2549
2012020318,-3.2193,-2.7194
2012020319,-2.9674,-2.903
2012020320,-2.7116,-4.162
2012020321,-3.6573,-1.8884
2012020322,-1.994,-3.3157
2012020323,-1.9588,-3.9821
2012020324,-3.7837,-2.5572
2012020325,-2.1862,-3.2453
2012020326,-3.8135,-2.7367
2012020327,-2.9822,-3.6354
2012020328,-3.8614,-3.5125
2012020329,-1.3058,-2.2284
2012020330,-3.3446,-2.928
2012020331,-3.3253,-3.2095
2012020332,-2.721,-2.9893
2012020333,-2.9971,-2.0499
2012020334,-2.2703,-2.4652
2012020335,-2.936,-3.4798
2012020336,-2.1843,-2.5683
2012020337,-3.2519,-2.0499
2012020338,-2.6003,-2.9791
2012020339,-3.0518,-3.1972
2012020340,-3.4965,-3.7032
2012020341,-1.9828,-1.2289
2012020342,-2.2127,-2.89
2012020343,-3.1145,-3.4628
2012020344,-2.9469,-3.5045
2012020345,-3.4449,-3.0433
2012020346,-2.5648,-2.8205
2012020347,-3.4441,-3.6342
2012020348,-2.9656,-2.7501
2012020349,-2.074,-3.1258
2012020350,-1.3112,-3.2433
2012020351,-3.916,-2.9228
2012020352,-3.9877,-3.408
2012020353,-2.3178,-2.528
2012020354,-2.6555,-2.893
2012020355,-3.051,-2.5781
2012020356,-2.1272,-2.799
2012020357,-3.6889,-3.2806
2012020358,-2.2938,-3.1253
2012020359,-3.4212,-2.7942
2012020360,-2.6144,-3.5273
2012020361,-2.5008,-3.9621
2012020362,-3.2967,-2.6673
2012020363,-2.8195,-2.6003
2012020364,-2.2687,-2.7659
2012020365,-3.8418,-2.091
2012020366,-3.7087,-3.0986
2012020367,-3.603,-4.2951
2012020368,-3.7498,-3.2924
2012020369,-2.8477,-1.7853
2012020370,-3.2351,-3.7698
2012020371,-3.2585,-3.7901
2012020372,-2.9472,-2.676
2012020373,-1.8723,-1.7787
2012020374,-2.1928,-3.5225
2012020375,-2.9376,-2.3487
2012020376,-2.275,-2.3089
2012020377,-2.9841,-2.4003
2012020378,-3.3274,-2.5224
2012020379,-3.1984,-3.3821
2012020380,-2.2162,-3.2477
2012020381,-3.9269,-2.6399
2012020382,-3.2201,-3.5416
2012020383,-3.8499,-1.0885
2012020384,-2.5258,-1.7612
2012020385,-3.2199,-3.0977
2012020386,-2.2462,-4.1423
2012020387,-2.918,-1.6466
2012020388,-4.0734,-2.1564
2012020389,-3.8873,-3.7418
2012020390,-3.4203,-3.2227
2012020391,-3.1529,-3.6983
2012020392,-3.7304,-2.6131
2012020393,-3.1098,-2.7512
2012020394,-3.213,-2.9975
2012020395,-2.5015,-2.0647
2012020396,-2.8241,-2.9129
2012020397,-3.1031,-2.9674
2012020398,-2.5798,-2.9159
2012020399,-3.8503,-2.2189
2012020400,-3.6721,-2.8698
2012020401,-1.5399,-1.8026
2012020402,-3.4807,-3.9799
2012020403,-3.1533,-3.3757
2012020404,-3.3683,-4.017
2012020405,-3.0563,-2.6519
2012020406,-3.2951,-2.9506
2012020407,-2.667,-3.2596
2012020408,-2.6392,-2.5715
2012020409,-3.3858,-2.7477
2012020410,-3.8461,-2.2814
2012020411,-2.2784,-2.7588
2012020412,-3.4722,-2.8953
2012020413,-3.6616,-2.294
2012020414,-3.3421,-2.9544
2012020415,-3.2661,-2.826
2012020416,-2.9344,-4.6852
2012020417,-1.767,-1.5399
2012020418,-2.7143,-2.664
2012020419,-3.4015,-2.8531
2012020420,-3.0463,-2.9232
2012020421,-2.9872,-3.7125
2012020422,-3.1938,-2.5689
2012020423,-2.1456,-3.4758
2012020424,-3.4081,-2.8961
2012020425,-2.7887,-2.7236
2012020426,-3.1234,-2.6241
2012020427,-2.9353,-1.7389
2012020428,-1.767,-3.021
2012020429,-3.5874,-2.7249
2012020430,-2.5195,-3.0314
2012020431,-3.2485,-3.5141
2012020432,-3.2373,-3.3332
2012020433,-3.1616,-3.181
2012020434,-2.1998,-2.4447
2012020435,-3.3875,-3.3161
2012020436,-2.3899,-2.6837
2012020437,-1.767,-3.0001
2012020438,-3.1109,-2.5097
2012020439,-4.2369,-3.446
2012020440,-2.7125,-2.9778
2012020441,-3.5185,-2.1037
2012020442,-2.6764,-2.6661
2012020443,-3.1447,-2.9715
2012020444,-2.6808,-3.0531
2012020445,-2.5867,-3.5383
2012020446,-3.58,-3.6158
2012020447,-3.2396,-3.3738
2012020448,-3.0525,-2.8224
2012020449,-3.6781,-2.737
2012020450,-3.0001,-1.6446
2012020451,-1.8026,-3.3665
2012020452,-2.6473,-1.9002
2012020453,-3.0832,-3.4494
2012020454,-3.3562,-2.9918
2012020455,-2.8321,-3.522
2012020456,-2.6163,-2.3754
2012020457,-3.6205,-2.4303
2012020458,-1.9142,-1.9913
2012020459,-3.0173,-4.0206
2012020460,-3.2902,-3.3061
2012020461,-4.2911,-3.3375
2012020462,-2.6889,-2.96
2012020463,-3.3543,-2.4815
2012020464,-3.2697,-3.2552
2012020465,-2.3844,-3.8363
2012020466,-2.681,-3.1494
2012020467,-2.9818,-3.6042
2012020468,-3.1095,-2.0626
2012020469,-2.4304,-2.2282
2012020470,-3.5388,-3.0774
2012020471,-2.8747,-4.1365
2012020472,-3.4953,-3.9127
2012020473,-2.911,-2.9846
2012020474,-2.849,-0.9825
2012020475,-2.6498,-3.6883
2012020476,-2.4844,-3.2669
2012020477,-3.1409,-3.8825
2012020478,-2.773,-3.1921
2012020479,-3.7567,-3.9357
2012020480,-2.5895,-3.3836
2012020481,-3.8551,-2.2025
2012020482,-3.4563,-2.4063
2012020483,-3.1266,-2.7903
2012020484,-2.7955,-3.3663
2012020485,-3.1289,-3.5751
2012020486,-3.0254,-3.5185
2012020487,-2.386,-2.9177
2012020488,-3.6217,-3.383
2012020489,-3.0946,-3.5366
2012020490,-3.4707,-2.4782
2012020491,-3.3463,-2.4366
2012020492,-3.4021,-2.9518
2012020493,-3.7617,-3.3087
2012020494,-3.4685,-2.6287
2012020495,-3.0055,-2.5979
2012020496,-4.1551,-3.1109
2012020497,-3.2542,-0.8964
2012020498,-2.6349,-3.9993
2012020499,-3.4257,-3.2636
2012020500,-2.0895,-3.0078
2012020501,-2.8162,-4.1819
2012020502,-2.8419,-3.0829
2012020503,-2.7152,-3.2501
2012020504,-2.6574,-2.5767
2012020505,-2.8119,-3.6107
2012020506,-3.7826,-3.023
2012020507,-2.7371,-3.3684
2012020508,-3.5232,-3.7023
2012020509,-2.8976,-2.8355
2012020510,-3.0413,-1.3367
2012020511,-3.9178,-2.8924
2012020512,-3.6783,-2.7502
2012020513,-2.7278,-2.8993
2012020514,-3.7962,-3.4912
2012020515,-3.6011,-2.268
2012020516,-2.7952,-3.9624
2012020517,-4.3542,-3.1374
2012020518,-2.9685,-2.9778
2012020519,-3.6339,-3.5924
2012020520,-2.1476,-2.6577
2012020521,-3.2188,-2.9773
2012020522,-3.1067,-3.1816
2012020523,-3.2318,-3.4035
2012020524,-3.1757,-4.1662
2012020525,-3.5088,-1.7198
2012020526,-2.8998,-2.664
2012020527,-3.4107,-3.3785
2012020528,-2.2789,-3.0212
2012020529,-2.8473,-3.2252
2012020530,-2.6566,-3.0202
2012020531,-3.7721,-2.7663
2012020532,-3.6003,-3.6148
2012020533,-4.7008,-3.6869
2012020534,-2.8188,-3.843
2012020535,-2.771,-3.8715
2012020536,-3.3414,-2.2207
2012020537,-3.9624,-2.0378
2012020538,-3.0949,-3.2046
2012020539,-3.1059,-2.9313
2012020540,-2.8701,-3.0889
2012020541,-2.9988,-1.8153
2012020542,-2.436,-2.8665
2012020543,-3.2451,-2.4767
2012020544,-2.9024,-2.8268
2012020545,-4.1025,-3.2532
2012020546,-3.9315,-3.0404
2012020547,-2.9212,-3.1884
2012020548,-2.502,-3.0641
2012020549,-3.394,-2.509
2012020550,-3.4064,-3.3894
2012020551,-2.9445,-3.4388
2012020552,-1.2119,-3.0477
2012020553,-4.1439,-3.2726
2012020554,-3.1781,-3.0589
2012020555,-2.5441,-3.1101
2012020556,-2.8205,-3.5558
2012020557,-2.2815,-2.2737
2012020558,-2.5349,-3.0098
2012020559,-3.8182,-3.4002
2012020560,-2.6553,-3.3479
2012020561,-1.4089,-3.7658
2012020562,-2.4933,-3.2185
2012020563,-3.453,-2.2397
2012020564,-3.7951,-3.5907
2012020565,-3.3801,-3.0851
2012020566,-3.5174,-3.702
2012020567,-2.7253,-3.2036
2012020568,-2.8871,-2.6027
2012020569,-3.4092,-2.083
2012020570,-2.5974,-2.7015
2012020571,-3.7311,-3.9056
2012020572,-3.6963,-3.1239
2012020573,-3.6055,-4.3518
2012020574,-3.3055,-2.5635
2012020575,-3.6481,-2.5026
2012020576,-2.058,-1.5253
2012020577,-3.3497,-2.7437
2012020578,-2.4603,-3.9276
2012020579,-3.8595,-2.5575
2012020580,-3.2262,-2.1175
2012020581,-2.0978,-3.5774
2012020582,-3.5843,-4.0745
2012020583,-3.1812,-3.1164
2012020584,-3.2329,-2.2554
2012020585,-3.0235,-3.3378
2012020586,-3.9565,-3.634
2012020587,-3.1737,-3.6957
2012020588,-2.743,-2.6103
2012020589,-3.3423,-3.2429
2012020590,-3.0047,-1.9672
2012020591,-2.7658,-3.1116
2012020592,-3.5242,-2.9058
2012020593,-2.9013,-2.7724
2012020594,-3.2059,-2.4456
2012020595,-2.5298,-3.7332
2012020596,-2.5639,-3.1261
2012020597,-4.0892,-3.217
2012020598,-4.5908,-3.8763
2012020599,-3.1507,-2.7005
2012020600,-3.6594,-2.8695
2012020601,-3.7843,-2.5296
2012020602,-3.116,-3.824
2012020603,-3.1348,-2.8534
2012020604,-2.4412,-3.2072
2012020605,-3.9717,-4.0133
2012020606,-3.0718,-2.7635
2012020607,-2.5664,-2.6052
2012020608,-3.2925,-3.5699
2012020609,-2.9752,-3.5308
2012020610,-3.6877,-4.4487
2012020611,-3.1974,-3.2754
2012020612,-2.9748,-4.18
2012020613,-2.8843,-3.5779
2012020614,-3.2042,-3.3857
2012020615,-2.6505,-2.8677
2012020616,-3.0859,-3.6956
2012020617,-2.9695,-2.5188
2012020618,-2.6547,-2.711
2012020619,-2.9117,-2.3505
2012020620,-2.6316,-2.8623
2012020621,-3.2627,-2.4815
2012020622,-3.6534,-3.6371
2012020623,-2.0201,-4.5962
2012020625,-2.9784,-4.0225
2012020626,-4.1828,-4.4609
2012020627,-2.9394,-2.9457
2012020628,-2.873,-4.134
2012020629,-2.4017,-2.9556
2012020630,-3.533,-2.5106
2012020631,-3.0563,-2.3915
2012020632,-3.0891,-2.7491
2012020633,-2.9717,-2.6787
2012020634,-3.69,-2.3892
2012020635,-4.7163,-3.5841
2012020636,-3.0738,-3.2703
2012020637,-2.7755,-4.3707
2012020638,-2.1652,-3.0524
2012020639,-1.9939,-2.494
2012020640,-3.8093,-3.4462
2012020641,-3.4142,-3.8859
2012020642,-2.5558,-3.9826
2012020643,-3.1735,-3.7401
2012020644,-3.3543,-2.6587
2012020645,-3.9453,-3.8219
2012020646,-4.0135,-3.0077
2012020647,-2.9869,-2.5599
2012020648,-4.8017,-4.1195
2012020649,-3.2641,-2.7092
2012020650,-3.1542,-3.1051
2012020651,-3.2579,-4.093
2012020652,-2.3994,-3.6905
2012020653,-2.3915,-2.8467
2012020655,-4.7602,-3.2792
2012020656,-3.3636,-3.508
2012020657,-2.8096,-2.3922
2012020658,-2.4559,-2.5033
2012020659,-2.7104,-3.7252
2012020654,-2.4023,-3.3972
2012020660,-4.2719,-4.5165
2012020661,-3.0391,-3.023
2012020662,-3.7575,-3.1397
2012020663,-2.3361,-2.9909
2012020665,-3.3864,-4.0134
2012020666,-2.8646,-3.3947
2012020667,-4.2827,-4.5999
2012020668,-2.5418,-4.175
2012020669,-3.0567,-3.7679
2012020670,-2.7804,-2.0979
2012020671,-3.6473,-4.1679
2012020672,-2.3551,-3.2234
2012020673,-2.703,-3.8144
2012020674,-2.1276,-3.2195
2012020675,-2.4875,-3.1956
2012020676,-4.3925,-3.0277
2012020677,-2.8331,-3.5569
2012020678,-4.8637,-2.7365
2012020679,-2.6645,-3.7843
2012020680,-3.9441,-2.7957
2012020664,-3.0349,-3.8982
2012020681,-4.4616,-3.6078
2012020682,-3.3633,-3.7557
2012020683,-3.9181,-3.1767
2012020684,-3.6333,-3.4801
2012020685,-3.9892,-3.619
2012020686,-3.4479,-2.2993
2012020687,-2.3871,-0.2748
2012020688,-3.0332,-2.321
2012020689,-2.0322,-3.4033
2012020690,-3.3345,-2.9105
2012020691,-4.2331,-1.3291
2012020692,-3.5536,-2.885
2012020693,-3.9692,-2.8177
2012020154,-3.0872,-3.7161
2012020694,-3.9175,-3.3167
2012020695,-3.3533,-2.9683
2012020696,-3.382,-3.7251
2012020697,-4.3105,-3.9854
2012020698,-3.5325,-2.8149
2012020699,-3.7917,-2.2297
2012020700,-3.9238,-3.8973
2012020701,-2.4704,-2.2686
2012020702,-3.5046,-3.3352
2012020703,-3.7121,-3.189
2012020704,-3.8668,-3.0013
2012020705,-3.1659,-3.4457
2012020706,-3.2484,-0.9317
2012020707,-4.0415,-3.652
2012020708,-3.0081,-3.989
2012020709,-3.3468,-4.8509
2012020710,-3.7737,-3.91
2012020711,-3.0919,-2.9717
2012020712,-3.4668,-3.2505
2012020713,-3.5184,-2.8846
2012020714,-4.0217,-4.684
2012020715,-4.1499,-3.1583
2012020716,-2.6652,-1.7096
2012020717,-3.2624,-3.247
2012020718,-3.4711,-4.2095
2012020719,-3.0105,-3.5311
2012020720,-2.8105,-2.1317
2012020624,-3.242,-3.2792
2012030151,-2.9674,-3.4049
2012030161,-3.0742,-3.7556
2012030181,-2.5205,-2.9994
2012030111,-2.7366,-2.9885
2012030141,-3.6855,-3.0321
2012030171,-4.1472,-2.4134
2012030121,-3.9612,-3.1215
2012030131,-2.9636,-3.6622
2012030162,-2.3821,-4.5481
2012030182,-2.8605,-2.4803
2012030112,-2.0402,-3.8966
2012030122,-3.0043,-3.3844
2012030152,-2.7511,-4.1515
2012030172,-4.1211,-2.1084
2012030132,-3.2326,-3.4034
2012030142,-3.4604,-3.5419
2012030163,-4.0746,-2.4369
2012030183,-2.2253,-3.1117
2012030113,-3.4563,-2.6302
2012030123,-3.4609,-3.0797
2012030153,-3.9176,-2.7998
2012030173,-2.1118,-4.2452
2012030133,-2.6739,-3.7512
2012030143,-3.1523,-3.6791
2012030164,-3.9272,-3.498
2012030184,-2.0092,-3.4029
2012030114,-2.5621,-2.9876
2012030124,-2.8168,-3.7233
2012030154,-3.4374,-3.2522
2012030174,-2.1832,-4.2393
2012030134,-3.0178,-3.8315
2012030144,-3.5596,-3.4029
2012030165,-3.3902,-4.2202
2012030185,-3.7178,-1.9637
2012030115,-3.4387,-2.5412
2012030125,-3.5731,-3.0958
2012030155,-3.4722,-3.403
2012030135,-3.6082,-3.1082
2012030145,-3.9747,-2.8162
2012030166,-3.891,-3.1699
2012030186,-1.9842,-3.6221
2012030116,-3.2773,-2.7474
2012030136,-3.4942,-3.1227
2012030146,-3.1064,-3.9373
2012030167,-3.2513,-3.9703
2012030137,-3.0706,-3.4842
2012030147,-3.8791,-3.1839
2012030211,-3.0084,-3.8067
2012030241,-2.5876,-2.6419
2012030231,-3.2766,-3.2925
2012030221,-4.2391,-3.3296
2012030242,-2.621,-2.2903
2012030212,-3.2046,-3.8717
2012030232,-2.6446,-3.7192
2012030243,-2.5716,-2.1279
2012030213,-3.9838,-3.2583
2012030222,-4.32,-3.2508
2012030233,-3.5728,-2.7457
2012030223,-3.7522,-3.9091
2012030244,-2.2903,-2.4176
2012030214,-3.1481,-3.9215
2012030224,-3.0769,-4.0619
2012030234,-2.9435,-3.3345
2012030245,-2.4176,-2.2122
2012030215,-3.799,-3.4834
2012030225,-4.1366,-2.8674
2012030235,-3.6035,-2.7329
2012030246,-2.1176,-2.421
2012030236,-3.2537,-3.1868
2012030247,-2.4176,-2.1176
2012030237,-3.3112,-3.1543
2012030311,-3.2005,-3.6629
2012030321,-3.4908,-2.3989
2012030322,-3.1659,-2.7667
2012030312,-2.9705,-3.9319
2012030323,-2.5153,-3.3267
2012030313,-4.192,-2.4722
2012030324,-2.6737,-3.0726
2012030314,-3.6284,-3.4558
2012030325,-3.7593,-2.2967
2012030411,-3.6452,-3.4998
2012030412,-3.2425,-3.864
2012030413,-3.8876,-2.9543
2012030414,-3.2908,-3.859
2012030415,-3.9143,-3.2131
2012030416,-3.7385,-3.3678
2013020001,-2.178,-2.8776
2013020002,-1.9922,-2.1244
2013020003,-1.9771,-2.4992
2013020004,-1.9581,-3.2745
2013020005,-2.6879,-2.3074
2013020006,-3.0059,-2.2794
2013020007,-2.1173,-2.3749
2013020008,-2.7093,-2.9471
2013020009,-2.9737,-1.2596
2013020010,-2.2397,-2.6272
2013020011,-2.3256,-1.5778
2013020012,-1.8766,-1.8201
2013020013,-2.8021,-2.2459
2013020014,-1.8268,-2.5219
2013020015,-2.3058,-2.4128
2013020016,-3.1248,-2.0019
2013020017,-3.0339,-2.8607
2013020018,-2.5123,-2.1889
2013020019,-2.6324,-1.9833
2013020020,-2.4062,-2.6369
2013020021,-2.2623,-2.9833
2013020022,-3.6744,-2.591
2013020023,-1.686,-1.8749
2013020024,-2.471,-2.0719
2013020025,-2.5931,-2.5514
2013020026,-1.8165,-2.0382
2013020027,-2.2411,-2.4362
2013020028,-1.4941,-2.5477
2013020029,-2.4353,-2.5136
2013020030,-3.0305,-1.9308
2013020031,-1.2155,-2.1797
2013020032,-2.8647,-2.4206
2013020033,-2.4885,-3.3021
2013020034,-2.688,-2.2085
2013020035,-2.6007,-2.6683
2013020036,-1.9567,-2.884
2013020037,-3.0176,-2.5098
2013020038,-2.4251,-2.6536
2013020039,-2.579,-2.3826
2013020040,-1.9349,-2.7324
2013020041,-3.3061,-2.0786
2013020042,-3.1266,-1.4795
2013020043,-2.4038,-3.5321
2013020044,-1.2758,-2.6912
2013020045,-2.0715,-1.5387
2013020046,-2.5224,-1.6643
2013020047,-2.3527,-2.9077
2013020048,-2.0796,-2.8903
2013020049,-3.267,-2.3045
2013020050,-2.6307,-3.0575
2013020051,-3.2629,-2.4535
2013020052,-2.1397,-2.7201
2013020053,-2.0806,-2.6335
2013020054,-2.5053,-2.4427
2013020055,-2.0919,-2.3218
2013020056,-2.706,-1.4515
2013020057,-3.3685,-2.4455
2013020058,-2.5036,-2.3713
2013020059,-2.8967,-2.0147
2013020060,-3.2649,-1.705
2013020061,-1.6807,-2.1988
2013020062,-3.0662,-1.3483
2013020063,-1.8886,-3.1953
2013020064,-2.6398,-2.0679
2013020065,-3.4764,-2.2723
2013020066,-1.6464,-2.3516
2013020067,-3.0439,-2.7334
2013020068,-3.3754,-2.0819
2013020069,-1.4729,-2.7083
2013020070,-1.7892,-2.5765
2013020071,-2.4398,-2.0813
2013020072,-1.9521,-2.2348
2013020073,-2.8405,-2.1793
2013020074,-1.5648,-3.3638
2013020075,-2.8919,-2.339
2013020076,-2.5639,-2.338
2013020077,-2.487,-2.7944
2013020078,-3.2015,-3.6207
2013020079,-2.5489,-2.8797
2013020080,-2.6752,-2.3663
2013020081,-2.2955,-1.4454
2013020082,-2.7368,-2.0748
2013020083,-2.81,-2.0641
2013020084,-2.9013,-2.9109
2013020085,-2.4735,-3.1036
2013020086,-2.8797,-1.5831
2013020087,-3.2637,-2.901
2013020088,-1.3523,-2.2823
2013020089,-2.3325,-1.2413
2013020090,-1.9671,-2.5215
2013020091,-2.1077,-2.3234
2013020092,-3.1026,-2.5935
2013020093,-2.8357,-3.7142
2013020094,-2.2306,-2.2734
2013020095,-3.0969,-2.1196
2013020096,-2.7724,-2.692
2013020097,-2.0977,-2.1683
2013020098,-2.2283,-2.8493
2013020099,-3.2423,-2.5087
2013020100,-2.3399,-2.4838
2013020101,-3.781,-3.2734
2013020102,-1.366,-2.9991
2013020103,-2.8248,-2.6274
2013020104,-2.3739,-2.3951
2013020105,-1.8279,-2.2823
2013020106,-3.3987,-1.4076
2013020107,-2.4692,-3.4367
2013020108,-1.7272,-2.2476
2013020109,-2.7368,-2.2831
2013020110,-3.2378,-2.9869
2013020111,-3.4992,-3.5131
2013020112,-2.402,-2.1427
2013020113,-2.4876,-1.8295
2013020114,-1.6016,-2.5726
2013020115,-2.5434,-2.9079
2013020116,-3.0626,-1.8394
2013020117,-2.3113,-2.5008
2013020118,-2.4411,-3.0959
2013020119,-2.7723,-1.7499
2013020120,-2.0223,-3.5595
2013020121,-1.9204,-2.5826
2013020122,-2.1332,-3.0802
2013020123,-3.5535,-3.2298
2013020124,-2.471,-2.6695
2013020125,-2.9453,-3.0377
2013020126,-4.5749,-2.1472
2013020127,-3.2886,-2.4716
2013020128,-2.423,-2.3491
2013020129,-2.3601,-2.3209
2013020130,-2.4569,-3.2268
2013020131,-3.0531,-2.312
2013020132,-1.596,-2.6226
2013020133,-2.3116,-2.1448
2013020134,-3.176,-2.296
2013020135,-2.7605,-1.8274
2013020136,-1.6772,-2.6332
2013020137,-4.2227,-3.6722
2013020138,-2.3918,-2.8863
2013020139,-2.2722,-2.635
2013020140,-3.036,-2.9037
2013020141,-2.6341,-2.6195
2013020142,-2.3078,-3.0688
2013020143,-1.2398,-2.3907
2013020144,-3.1919,-1.7132
2013020145,-2.3829,-2.7914
2013020146,-3.7692,-3.0629
2013020147,-2.0536,-2.9418
2013020148,-2.4029,-1.5314
2013020149,-2.1449,-2.7325
2013020150,-2.8806,-1.9688
2013020151,-3.7632,-2.5407
2013020152,-2.2017,-2.5302
2013020153,-2.3584,-2.5686
2013020154,-3.125,-3.0183
2013020155,-2.2536,-2.8857
2013020156,-2.3614,-2.1509
2013020157,-2.5682,-2.323
2013020158,-4.1356,-2.9604
2013020159,-0.7677,-3.1207
2013020160,-2.7203,-2.6756
2013020161,-2.8694,-2.8004
2013020162,-2.725,-1.5649
2013020163,-2.1878,-2.4379
2013020164,-1.6005,-2.3148
2013020165,-3.4255,-3.2827
2013020166,-3.29,-2.6654
2013020167,-1.9999,-0.6495
2013020168,-2.7085,-2.9493
2013020169,-2.5122,-2.3294
2013020170,-2.3547,-1.7905
2013020171,-3.2532,-3.2503
2013020172,-3.1539,-3.0416
2013020173,-3.2037,-2.1837
2013020174,-2.8006,-1.989
2013020175,-2.5642,-4.6831
2013020176,-2.8621,-2.87
2013020177,-2.4777,-3.0485
2013020178,-2.6949,-3.3276
2013020179,-2.7237,-1.0746
2013020180,-2.6342,-3.5294
2013020181,-2.4466,-2.8793
2013020182,-1.8137,-2.0914
2013020183,-1.6963,-2.1288
2013020184,-2.8377,-2.3878
2013020185,-2.7745,-2.0815
2013020186,-2.7935,-3.4032
2013020187,-2.044,-2.4466
2013020188,-2.5744,-2.5834
2013020189,-2.747,-3.2185
2013020190,-1.8103,-2.0479
2013020191,-2.9004,-4.2881
2013020192,-2.6241,-2.4493
2013020193,-2.9193,-1.0995
2013020194,-3.6372,-2.9677
2013020195,-1.9737,-2.7842
2013020196,-1.7044,-2.6299
2013020197,-3.4366,-2.1274
2013020198,-2.6048,-3.8712
2013020199,-3.0665,-2.3851
2013020200,-1.9181,-2.3186
2013020201,-2.9616,-3.1704
2013020202,-2.3297,-2.6077
2013020203,-2.5699,-2.5754
2013020204,-3.5427,-2.0328
2013020205,-3.0535,-2.3595
2013020206,-4.2762,-1.9484
2013020207,-2.998,-1.8815
2013020208,-2.6885,-2.1124
2013020209,-2.881,-2.4771
2013020210,-1.7171,-3.5299
2013020211,-2.0217,-1.3846
2013020212,-3.2219,-2.6987
2013020213,-2.5411,-3.0059
2013020214,-1.8866,-2.5019
2013020215,-2.8225,-2.6819
2013020216,-2.6246,-3.9919
2013020217,-2.5322,-3.0247
2013020218,-4.0855,-3.2789
2013020219,-2.6356,-2.9098
2013020220,-2.2921,-2.9225
2013020221,-2.5467,-2.0576
2013020222,-2.8939,-3.0256
2013020223,-1.812,-2.9334
2013020224,-1.1618,-2.5763
2013020225,-2.2855,-3.179
2013020226,-2.9302,-2.5059
2013020227,-2.2646,-2.6632
2013020228,-2.8999,-2.9078
2013020229,-3.0489,-1.1533
2013020230,-2.3075,-2.9968
2013020231,-3.2025,-2.1241
2013020232,-2.6937,-2.7203
2013020233,-3.6846,-1.6548
2013020234,-3.1032,-3.8931
2013020235,-2.2275,-2.3122
2013020236,-4.0163,-3.2698
2013020237,-2.0018,-2.27
2013020238,-3.178,-3.0326
2013020239,-1.9456,-3.2132
2013020240,-2.5419,-3.1097
2013020241,-2.6015,-2.0357
2013020242,-3.1809,-3.2267
2013020243,-2.873,-4.0007
2013020244,-2.8244,-3.2561
2013020245,-3.2799,-2.7185
2013020246,-2.9926,-3.0151
2013020247,-2.2454,-2.4835
2013020248,-3.7153,-2.0711
2013020249,-3.3858,-2.3232
2013020250,-2.1793,-3.7942
2013020251,-2.3838,-3.4011
2013020252,-3.2551,-1.8481
2013020253,-1.7001,-3.2409
2013020254,-2.2816,-3.4731
2013020255,-2.4131,-3.252
2013020256,-2.3012,-3.5577
2013020257,-2.239,-2.8712
2013020258,-1.9115,-3.6122
2013020259,-3.0049,-2.6222
2013020260,-3.3523,-3.25
2013020261,-1.8585,-3.3518
2013020262,-2.0128,-2.319
2013020263,-3.677,-2.1778
2013020264,-3.5719,-3.611
2013020265,-2.0428,-2.1288
2013020266,-4.0948,-2.5135
2013020267,-2.9655,-2.5795
2013020268,-2.2764,-2.6132
2013020269,-3.7178,-2.8102
2013020270,-3.6007,-2.9208
2013020271,-3.0986,-2.0126
2013020272,-2.4774,-1.5591
2013020273,-3.2306,-2.0313
2013020274,-2.4325,-3.5024
2013020275,-3.494,-2.7323
2013020276,-3.1468,-2.8734
2013020277,-1.7286,-2.7472
2013020278,-3.5733,-1.8509
2013020279,-2.7665,-2.912
2013020280,-2.5652,-2.3644
2013020281,-2.0625,-2.591
2013020282,-3.426,-3.4183
2013020283,-3.3814,-1.8404
2013020284,-3.7408,-3.4937
2013020285,-2.2143,-1.9449
2013020286,-3.2903,-3.4606
2013020287,-2.7768,-2.7857
2013020288,-2.1904,-2.1285
2013020289,-3.3119,-2.0035
2013020290,-3.1466,-3.6989
2013020291,-2.4348,-2.1173
2013020292,-2.9332,-2.8576
2013020293,-2.6039,-2.0077
2013020294,-3.5441,-3.9038
2013020295,-2.4728,-2.3169
2013020296,-2.2143,-3.1608
2013020297,-3.5703,-3.0031
2013020298,-1.6433,-2.323
2013020299,-3.6965,-1.8546
2013020300,-3.1066,-2.0723
2013020301,-2.6376,-2.9235
2013020302,-2.6569,-2.3922
2013020303,-2.9729,-2.1308
2013020304,-3.9419,-1.7032
2013020305,-2.8212,-2.1251
2013020306,-2.972,-2.2502
2013020307,-2.4743,-3.3268
2013020308,-3.5529,-4.1297
2013020309,-2.6348,-2.2367
2013020310,-3.7563,-3.2647
2013020311,-3.6331,-2.2783
2013020312,-3.7756,-2.6162
2013020313,-3.1877,-2.8049
2013020314,-2.9905,-2.4778
2013020315,-1.7168,-2.0449
2013020316,-3.6329,-2.6155
2013020317,-3.0074,-2.7023
2013020318,-3.4084,-2.8855
2013020319,-2.6973,-2.4997
2013020320,-3.6831,-3.2536
2013020321,-1.7697,-1.937
2013020322,-3.0602,-2.2927
2013020323,-3.0791,-3.548
2013020324,-2.6525,-3.1669
2013020325,-3.4653,-1.5648
2013020326,-3.3028,-2.9544
2013020327,-2.9385,-2.925
2013020328,-2.5856,-3.5962
2013020329,-3.6019,-2.9966
2013020330,-3.2168,-2.8585
2013020331,-3.7497,-2.7812
2013020332,-2.2646,-3.1099
2013020333,-2.0698,-3.4199
2013020334,-1.7697,-2.2133
2013020335,-2.7435,-2.0724
2013020336,-3.5626,-3.3192
2013020337,-3.0597,-1.1781
2013020338,-2.0762,-2.9589
2013020339,-3.6303,-3.692
2013020340,-2.8121,-1.9427
2013020341,-3.0792,-3.6422
2013020342,-2.7811,-2.5761
2013020343,-3.3986,-2.1104
2013020344,-2.6274,-3.5052
2013020345,-2.9133,-2.7229
2013020346,-2.716,-3.412
2013020347,-3.0317,-3.0653
2013020348,-2.2427,-3.3665
2013020349,-2.348,-3.1138
2013020350,-3.1162,-2.4992
2013020351,-1.8958,-3.005
2013020352,-2.6465,-2.2678
2013020353,-3.6322,-2.7347
2013020354,-3.6335,-3.0733
2013020355,-3.1706,-3.1554
2013020356,-2.2267,-4.1274
2013020357,-2.2976,-3.0009
2013020358,-1.7379,-3.0502
2013020359,-2.3972,-2.9709
2013020360,-2.7575,-2.6513
2013020361,-2.2213,-2.6191
2013020362,-2.3355,-3.032
2013020363,-3.4716,-1.7506
2013020364,-3.5653,-3.4194
2013020365,-3.5914,-2.3903
2013020366,-2.1833,-3.3349
2013020367,-3.5719,-3.078
2013020368,-3.4551,-3.4729
2013020369,-4.1632,-2.2876
2013020370,-2.8368,-2.3743
2013020371,-0.8873,-3.0155
2013020372,-2.4415,-3.7874
2013020373,-2.6098,-2.1891
2013020374,-2.5311,-2.7967
2013020375,-2.7962,-2.5921
2013020376,-2.3336,-2.9886
2013020377,-2.8355,-2.123
2013020378,-3.816,-3.1968
2013020379,-2.3824,-2.8272
2013020380,-2.7382,-3.5634
2013020381,-1.4816,-2.3874
2013020382,-3.1652,-2.4965
2013020383,-2.7614,-3.2266
2013020384,-4.1619,-2.8225
2013020385,-2.8538,-2.5133
2013020386,-3.4735,-3.2162
2013020387,-2.3689,-2.772
2013020388,-2.8641,-2.391
2013020389,-3.3196,-2.2516
2013020390,-3.8984,-2.6298
2013020391,-3.1734,-2.977
2013020392,-3.3333,-3.5809
2013020393,-2.9882,-3.1691
2013020394,-3.1759,-2.5883
2013020395,-2.5166,-2.4304
2013020396,-2.4755,-2.8884
2013020397,-3.4107,-3.3815
2013020398,-3.4671,-2.6038
2013020399,-2.9737,-2.7352
2013020400,-3.2262,-2.2136
2013020401,-2.123,-3.027
2013020402,-2.1397,-3.5409
2013020403,-3.3034,-3.6894
2013020404,-3.8279,-2.7885
2013020405,-3.0839,-3.2679
2013020406,-3.1447,-3.1683
2013020407,-2.3941,-2.6654
2013020408,-2.0665,-2.8785
2013020409,-1.7557,-2.5799
2013020410,-3.3857,-1.8417
2013020411,-3.6544,-2.8491
2013020412,-3.1798,-3.2301
2013020413,-3.2956,-2.0913
2013020414,-1.6611,-3.1304
2013020415,-2.6514,-2.5704
2013020416,-3.124,-3.3124
2013020417,-4.1985,-3.033
2013020418,-3.4232,-1.6062
2013020419,-3.0506,-2.3802
2013020420,-2.7659,-2.7536
2013020421,-3.3127,-3.5468
2013020422,-3.2601,-3.2855
2013020423,-2.7768,-3.3673
2013020424,-3.1742,-2.524
2013020425,-2.1765,-3.3734
2013020426,-1.5765,-3.3463
2013020427,-2.1896,-2.7818
2013020428,-3.112,-3.2802
2013020429,-2.508,-3.1452
2013020430,-2.179,-1.6254
2013020431,-3.9996,-4.0368
2013020432,-2.9397,-3.1129
2013020433,-2.7539,-2.7406
2013020434,-3.5827,-2.1228
2013020435,-2.3536,-2.9062
2013020436,-3.0544,-4.9043
2013020437,-3.7382,-4.1844
2013020438,-3.5964,-3.1843
2013020439,-2.3211,-3.0182
2013020440,-3.321,-2.19
2013020441,-3.1687,-2.1822
2013020442,-1.4472,-2.6659
2013020443,-3.5484,-2.2289
2013020444,-3.5128,-3.0386
2013020445,-2.9384,-2.6196
2013020446,-4.3918,-2.9869
2013020447,-3.2986,-3.2184
2013020448,-2.0165,-3.4194
2013020449,-2.3572,-2.9045
2013020450,-2.7951,-3.1672
2013020451,-3.3964,-2.9922
2013020452,-2.5559,-2.4029
2013020453,-3.9955,-4.8866
2013020454,-2.9859,-3.4981
2013020455,-3.9741,-3.2091
2013020456,-4.2876,-2.5085
2013020457,-2.7064,-3.3251
2013020458,-3.5131,-3.6417
2013020459,-3.3645,-0.8736
2013020460,-3.7191,-3.5786
2013020461,-2.1598,-1.8973
2013020462,-2.8916,-2.6078
2013020463,-3.1001,-2.6724
2013020464,-3.0814,-2.8597
2013020465,-3.8533,-2.7623
2013020466,-4.4757,-3.4406
2013020467,-3.4089,-3.3072
2013020468,-3.0169,-3.3237
2013020469,-3.4197,-3.7227
2013020470,-2.7032,-2.1654
2013020471,-3.0591,-2.8871
2013020472,-3.0121,-2.1626
2013020473,-2.808,-3.6011
2013020474,-3.7703,-1.746
2013020475,-4.7657,-3.3401
2013020476,-1.8337,-3.3551
2013020477,-3.15,-2.5657
2013020478,-3.0535,-3.1248
2013020479,-3.028,-4.6392
2013020480,-3.7176,-3.7414
2013020481,-3.3481,-3.9507
2013020482,-2.9317,-3.3649
2013020483,-3.3657,-2.272
2013020484,-3.394,-3.6895
2013020485,-2.7664,-2.6478
2013020486,-3.433,-3.129
2013020487,-4.1462,-3.4375
2013020488,-4.1617,-2.1391
2013020489,-3.1164,-3.5387
2013020490,-2.9522,-2.678
2013020491,-3.1038,-3.7685
2013020492,-3.3578,-2.0538
2013020493,-4.491,-2.8042
2013020494,-3.4224,-2.5221
2013020495,-3.1164,-2.9367
2013020496,-2.8713,-4.1748
2013020497,-3.913,-2.5047
2013020498,-2.832,-3.2549
2013020499,-2.5144,-2.7858
2013020500,-1.9781,-1.9839
2013020501,-3.2596,-1.9785
2013020502,-2.8713,-3.5451
2013020503,-2.3959,-2.1462
2013020504,-3.0506,-3.0745
2013020505,-4.5488,-2.4636
2013020506,-3.197,-3.4071
2013020507,-3.761,-2.6165
2013020508,-3.9562,-3.6658
2013020509,-2.8249,-3.2571
2013020510,-3.5324,-3.3675
2013020511,-3.2518,-2.7614
2013020512,-4.0586,-1.8832
2013020513,-2.9572,-2.9185
2013020514,-2.1749,-3.3919
2013020515,-2.933,-2.3937
2013020516,-2.757,-3.0601
2013020517,-3.0878,-3.068
2013020518,-2.5265,-3.4143
2013020519,-4.6131,-3.6681
2013020520,-2.3334,-3.4808
2013020521,-3.422,-3.428
2013020522,-3.2034,-4.3332
2013020523,-3.2623,-2.711
2013020524,-2.7247,-3.1347
2013020525,-2.5051,-3.4845
2013020526,-4.7122,-2.5705
2013020527,-2.788,-3.2116
2013020528,-2.6241,-3.7289
2013020529,-1.9804,-2.7999
2013020530,-3.034,-2.4712
2013020531,-4.3199,-3.2509
2013020532,-3.9407,-3.242
2013020533,-2.6629,-2.8714
2013020534,-3.3903,-2.5675
2013020535,-3.0554,-3.3012
2013020536,-4.1415,-3.1995
2013020537,-2.9385,-3.9822
2013020538,-3.3512,-3.0186
2013020539,-2.8796,-3.0131
2013020540,-2.6629,-3.2841
2013020541,-3.2822,-2.7648
2013020542,-2.877,-2.848
2013020543,-1.691,-3.7465
2013020544,-3.9127,-2.9931
2013020545,-3.9885,-3.3134
2013020546,-3.6624,-2.4463
2013020547,-3.9769,-2.5227
2013020548,-3.5389,-3.4654
2013020549,-3.5003,-2.7956
2013020550,-3.152,-3.6895
2013020551,-2.5289,-3.6035
2013020552,-4.117,-2.7373
2013020553,-2.2518,-2.421
2013020554,-2.5822,-2.4523
2013020555,-3.4124,-3.194
2013020556,-4.1004,-3.1076
2013020557,-3.0933,-4.1291
2013020558,-3.0754,-4.0507
2013020559,-3.6578,-2.195
2013020560,-2.9072,-3.2333
2013020561,-3.2374,-2.6991
2013020562,-3.2214,-2.4563
2013020563,-3.1768,-2.9979
2013020564,-3.3588,-2.8878
2013020565,-2.1415,-4.4501
2013020566,-2.1713,-3.6679
2013020567,-2.5455,-2.8815
2013020568,-2.6767,-3.2101
2013020569,-3.1379,-3.3605
2013020570,-3.3852,-2.4324
2013020571,-3.5817,-4.0631
2013020572,-2.636,-3.9561
2013020573,-4.403,-3.8336
2013020574,-3.9799,-3.0201
2013020575,-3.0197,-2.5265
2013020576,-2.4734,-2.263
2013020577,-3.3542,-3.0254
2013020578,-3.5984,-3.7976
2013020579,-3.1977,-4.3239
2013020580,-3.4537,-3.1596
2013020581,-3.0418,-2.8807
2013020582,-3.2815,-2.1639
2013020583,-4.0608,-2.4497
2013020584,-2.9362,-2.674
2013020585,-3.4882,-2.6265
2013020586,-3.0866,-3.6484
2013020587,-3.6137,-3.5676
2013020588,-3.9315,-2.9862
2013020589,-2.8969,-3.7989
2013020590,-2.5945,-3.7464
2013020591,-3.6671,-3.4783
2013020592,-4.1838,-3.391
2013020593,-3.6092,-3.5577
2013020594,-2.2653,-3.026
2013020595,-2.2727,-3.1058
2013020596,-2.8722,-2.8619
2013020597,-2.7873,-3.6787
2013020598,-3.8002,-2.5068
2013020599,-3.1759,-3.9025
2013020600,-3.3736,-3.2255
2013020601,-3.4342,-3.0606
2013020602,-3.9804,-3.9539
2013020603,-3.4911,-3.3843
2013020604,-3.4906,-3.2956
2013020605,-3.3672,-3.0389
2013020606,-3.5632,-3.3205
2013020607,-3.6198,-2.1719
2013020608,-3.1946,-2.8115
2013020609,-2.9565,-2.8784
2013020610,-4.0614,-3.08
2013020611,-3.5678,-2.4302
2013020612,-3.152,-3.0811
2013020613,-5.0826,-3.3533
2013020614,-2.6543,-3.2634
2013020615,-1.7435,-3.0706
2013020616,-3.6395,-2.942
2013020617,-2.8381,-3.4655
2013020618,-3.0998,-3.2936
2013020619,-3.2933,-2.9862
2013020620,-2.6315,-3.8274
2013020621,-2.9112,-3.3242
2013020622,-3.1919,-3.8385
2013020623,-3.9596,-3.6513
2013020624,-2.8195,-2.7141
2013020625,-3.1107,-4.1581
2013020626,-2.8391,-2.9299
2013020627,-3.0983,-1.9163
2013020628,-4.0212,-3.1302
2013020629,-3.5893,-3.7812
2013020630,-2.7376,-1.8854
2013020631,-3.0869,-3.2356
2013020632,-4.3949,-3.603
2013020633,-3.7249,-4.1162
2013020634,-4.052,-4.097
2013020635,-2.4686,-2.4734
2013020636,-2.6222,-3.2374
2013020637,-3.2153,-3.4857
2013020638,-3.8714,-3.3902
2013020639,-3.6774,-3.3763
2013020640,-3.2993,-2.7123
2013020641,-4.4566,-2.188
2013020642,-2.8329,-3.552
2013020643,-4.7089,-3.4582
2013020644,-3.7663,-4.1748
2013020645,-1.9553,-2.6978
2013020646,-3.0744,-2.3344
2013020648,-3.5296,-4.1059
2013020649,-3.6616,-3.4303
2013020650,-3.5094,-2.036
2013020651,-3.8371,-3.3306
2013020652,-2.404,-3.3314
2013020653,-3.6805,-3.6034
2013020654,-3.6554,-3.2391
2013020655,-2.7413,-1.9177
2013020656,-3.0221,-1.5207
2013020657,-3.728,-1.9343
2013020658,-3.4917,-3.3964
2013020659,-2.3554,-3.0049
2013020660,-3.292,-2.6339
2013020661,-3.1768,-3.9161
2013020662,-3.673,-3.4525
2013020663,-3.043,-3.1356
2013020664,-3.0852,-2.4823
2013020665,-3.3371,-3.8958
2013020666,-1.9741,-2.272
2013020667,-2.3068,-2.8482
2013020668,-1.9832,-4.0628
2013020669,-3.6629,-3.4555
2013020670,-3.2985,-3.3476
2013020671,-4.5189,-3.5326
2013020672,-2.2257,-4.3067
2013020673,-3.4614,-3.4246
2013020674,-3.4592,-4.1389
2013020675,-2.8564,-2.6293
2013020676,-3.0307,-3.6726
2013020677,-3.4889,-3.1447
2013020678,-2.8041,-3.2645
2013020679,-3.7201,-3.5149
2013020680,-2.6662,-2.6287
2013020681,-1.6811,-2.6044
2013020682,-3.1311,-3.4406
2013020683,-2.2958,-4.0027
2013020684,-1.7431,-4.1481
2013020685,-3.4426,-3.2842
2013020686,-3.6469,-4.142
2013020687,-3.2219,-3.7496
2013020688,-3.7569,-2.3067
2013020689,-3.5829,-3.2763
2013020690,-2.7319,-2.1948
2013020691,-3.0085,-4.1604
2013020692,-4.4524,-2.7611
2013020693,-4.1566,-3.3726
2013020694,-3.0986,-1.3176
2013020695,-1.8186,-3.5342
2013020696,-3.7492,-3.0558
2013020697,-3.2592,-4.2958
2013020698,-3.0837,-2.041
2013020699,-3.6537,-3.2273
2013020700,-2.568,-3.806
2013020701,-3.1519,-4.4508
2013020702,-3.1979,-3.3786
2013020703,-3.3008,-2.3519
2013020704,-2.5809,-3.1216
2013020705,-2.2595,-3.6692
2013020706,-3.4903,-3.5434
2013020707,-3.2841,-3.589
2013020708,-3.4058,-2.8021
2013020709,-2.7386,-4.0325
2013020710,-3.5623,-4.1105
2013020711,-3.7687,-2.8782
2013020712,-3.3889,-2.8774
2013020713,-3.1422,-4.3665
2013020714,-3.1088,-2.1604
2013020715,-2.9511,-1.9586
2013020716,-2.16,-3.4009
2013020717,-3.2501,-3.6926
2013020718,-3.2207,-4.2581
2013020719,-3.1774,-2.6422
2013020720,-2.4129,-4.1131
2013020721,-4.051,-3.3819
2013020722,-3.2731,-2.8008
2013020723,-3.6625,-3.4272
2013020724,-2.9908,-2.4799
2013020725,-2.6879,-3.3153
2013020726,-4.3416,-3.6139
2013020727,-2.4575,-2.9141
2013020728,-4.0727,-2.2626
2013020729,-3.3538,-4.5929
2013020730,-4.0126,-3.0396
2013020731,-2.7158,-2.4586
2013020732,-3.4701,-3.5852
2013020733,-2.221,-3.6689
2013020734,-2.1744,-3.2843
2013020735,-4.3965,-3.044
2013020736,-3.04,-3.621
2013020737,-3.4359,-2.8378
2013020738,-3.2409,-3.8634
2013020739,-4.5393,-3.0284
2013020740,-4.5125,-3.4587
2013020741,-3.3334,-3.256
2013020742,-3.1267,-2.7551
2013020743,-2.878,-3.539
2013020744,-2.194,-2.0198
2013020745,-2.4799,-3.5887
2013020746,-3.7436,-3.3549
2013020747,-3.7986,-3.3748
2013020748,-2.9831,-4.5311
2013020750,-4.3044,-4.2119
2013020751,-3.7791,-3.1136
2013020752,-3.4853,-1.9412
2013020753,-4.0862,-2.3312
2013020754,-3.1021,-3.8194
2013020755,-2.2348,-2.9849
2013020749,-3.2743,-3.028
2013020756,-3.2246,-3.1713
2013020757,-2.2236,-3.1449
2013020758,-3.7365,-1.8396
2013020759,-3.2061,-3.2786
2013020760,-3.1938,-3.6102
2013020761,-3.9945,-3.3091
2013020762,-3.2846,-4.6906
2013020763,-4.3443,-2.8432
2013020764,-2.849,-2.6361
2013020765,-2.9222,-2.7277
2013020766,-3.9867,-2.8041
2013020767,-2.2453,-2.913
2013020768,-2.8424,-3.0125
2013020769,-3.5532,-3.4407
2013020771,-2.1648,-3.7749
2013020772,-3.6399,-3.8702
2013020773,-3.2073,-3.6894
2013020774,-3.6881,-2.4587
2013020770,-3.2817,-4.5251
2013020775,-4.2758,-3.4156
2013020776,-3.7002,-4.4425
2013020777,-3.5327,-3.5811
2013020778,-2.964,-4.1088
2013020779,-3.7032,-3.3248
2013020780,-3.4248,-3.0758
2013020781,-2.5026,-3.3651
2013020782,-2.8269,-2.4932
2013020783,-2.5325,-2.1518
2013020784,-3.8367,-3.6816
2013020785,-2.7974,-3.7904
2013020786,-3.2172,-3.0956
2013020787,-3.0824,-3.6098
2013020788,-2.622,-3.0638
2013020789,-3.912,-4.4335
2013020790,-3.2503,-3.2866
2013020791,-3.2858,-3.5733
2013020792,-2.4158,-4.2381
2013020793,-3.1699,-3.0037
2013020794,-2.2644,-1.9622
2013020795,-4.0428,-4.4326
2013020796,-3.6472,-2.8929
2013020797,-3.8631,-2.2209
2013020798,-3.3954,-4.798
2013020799,-3.7985,-3.5519
2013020800,-3.695,-3.551
2013020801,-3.4729,-3.673
2013020802,-3.1091,-3.9016
2013020803,-3.2142,-3.2951
2013020804,-3.059,-1.9622
2013020805,-2.8573,-2.4199
2013020806,-3.984,-3.832
2013020807,-3.6558,-2.0699
2013020808,-3.5852,-3.3537
2013020809,-3.9352,-3.1667
2013020810,-3.4925,-4.5187
2013020811,-3.7797,-3.8004
2013020812,-4.1559,-3.4668
2013020813,-2.098,-3.9885
2013020814,-4.5217,-2.7697
2013020815,-3.0052,-2.5758
2013020816,-3.0313,-3.7318
2013020817,-2.7749,-3.3038
2013020818,-1.9622,-2.9931
2013020819,-3.6192,-4.3073
2013020820,-4.3078,-3.1437
2013020821,-2.6094,-4.5734
2013020822,-4.1642,-4.279
2013020823,-3.1026,-3.9861
2013020824,-3.8815,-2.7596
2013020825,-3.292,-3.5316
2013020826,-3.6906,-3.5541
2013020827,-2.3514,-3.427
2013020828,-3.2565,-3.9487
2013020829,-2.9268,-4.2599
2013020830,-3.9401,-4.0614
2013020831,-3.3026,-3.0144
2013020832,-3.1224,-2.8799
2013020833,-2.3402,-2.1939
2013020834,-2.8375,-3.3323
2013020835,-4.3798,-2.9634
2013020836,-3.2222,-3.0687
2013020837,-3.7944,-3.9547
2013020838,-2.8387,-4.5918
2013020839,-3.3394,-4.8784
2013020840,-4.7555,-3.2095
2013020841,-2.6772,-3.1099
2013020842,-2.5105,-3.4994
2013020843,-3.2002,-3.4007
2013020844,-2.7327,-5.6953
2013020845,-3.1125,-4.4793
2013020846,-3.6409,-3.1535
2013020847,-3.0912,-2.8838
2013020848,-4.4924,-2.6561
2013020849,-3.8903,-4.8717
2013020850,-3.8201,-4.5048
2013020851,-2.6568,-3.3825
2013020852,-3.3192,-2.0351
2013020853,-3.3455,-2.6321
2013020854,-3.0374,-3.2166
2013020855,-2.7782,-2.8969
2013020856,-5.1803,-3.3672
2013020857,-3.3236,-4.4296
2013020858,-3.5408,-4.2889
2013020859,-4.6158,-3.4604
2013020860,-2.7734,-4.2865
2013020861,-4.6148,-3.0653
2013020862,-3.6846,-3.2841
2013020863,-3.9155,-2.4199
2013020864,-3.5554,-3.8407
2013020865,-2.6729,-4.1587
2013020866,-2.7992,-3.337
2013020867,-3.8687,-4.1529
2013020868,-3.0973,-3.7203
2013020869,-3.3344,-3.656
2013020870,-2.5817,-2.91
2013020871,-2.7549,-3.5714
2013020872,-3.7396,-3.7887
2013020873,-3.5225,-4.3525
2013020874,-4.0066,-3.6651
2013020875,-3.0857,-4.2852
2013020876,-3.2083,-2.4267
2013020877,-3.7734,-3.4895
2013020878,-4.3641,-3.9531
2013020879,-3.8877,-4.1755
2013020880,-3.7647,-2.3819
2013020881,-2.9225,-2.6851
2013020647,-4.7857,-2.7846
2013020882,-3.0677,-3.3584
2013020883,-3.2367,-4.2172
2013020884,-3.1753,-2.3691
2013020885,-4.0448,-3.5173
2013020886,-4.7354,-4.6367
2013020887,-3.841,-2.9622
2013020888,-3.8982,-3.8526
2013020889,-4.2414,-2.9816
2013020890,-3.4335,-3.5057
2013020891,-3.8691,-3.6709
2013020892,-2.7443,-2.6648
2013020893,-3.6226,-3.3804
2013020894,-3.8372,-2.7701
2013020895,-2.4261,-3.6838
2013020896,-3.4273,-3.3778
2013020897,-4.0003,-2.8358
2013020898,-2.7122,-3.6754
2013020899,-3.4082,-3.0759
2013020900,-3.3976,-2.8257
2013020901,-2.732,-3.4654
2013020902,-3.6913,-2.7523
2013020903,-3.3186,-4.4172
2013020904,-3.6655,-3.9064
2013020905,-4.8302,-3.4488
2013020906,-3.6103,-3.692
2013020907,-2.4941,-3.0068
2013020908,-3.4543,-3.5378
2013020909,-3.8898,-3.6093
2013020910,-3.9017,-2.8422
2013020911,-3.9334,-3.3243
2013020912,-3.1614,-4.1875
2013020913,-4.7227,-3.6963
2013020914,-3.4311,-3.2091
2013020915,-3.1919,-4.5877
2013020916,-3.3908,-3.497
2013020917,-3.3,-2.9284
2013020918,-3.3135,-3.4611
2013020919,-3.2095,-3.9574
2013020920,-3.4597,-4.2741
2013020921,-2.5298,-3.896
2013020922,-3.1035,-3.4747
2013020923,-3.1851,-3.8267
2013020924,-3.8743,-3.8266
2013020925,-4.7384,-3.6984
2013020926,-4.1897,-2.5283
2013020927,-2.9344,-3.4397
2013020928,-3.6794,-3.6422
2013020929,-3.6034,-3.8856
2013020930,-3.477,-3.3153
2013020931,-3.2824,-3.3781
2013020932,-3.8103,-4.4615
2013020933,-3.6963,-3.5786
2013020934,-3.2753,-3.7477
2013020935,-4.1436,-3.4123
2013020936,-2.8061,-4.76
2013020937,-2.567,-4.0419
2013020938,-3.8385,-4.1222
2013020939,-3.5028,-3.3342
2013020940,-4.1208,-3.282
2013020941,-3.8417,-3.1877
2013020942,-2.7864,-2.9758
2013020943,-3.5992,-3.292
2013020944,-3.4461,-3.6707
2013020945,-3.0896,-4.0227
2013020946,-4.0115,-3.5344
2013020947,-2.8884,-4.0638
2013020948,-3.7249,-3.9033
2013020949,-4.0056,-4.9533
2013020950,-4.3536,-2.8391
2013020951,-2.6809,-4.2109
2013020952,-3.4306,-4.2195
2013020953,-3.336,-4.0073
2013020954,-3.4574,-3.3023
2013020955,-2.9871,-3.6097
2013020956,-3.8161,-3.623
2013020957,-5.1396,-3.5785
2013020958,-3.925,-2.9506
2013020959,-3.6436,-3.6507
2013020960,-3.2355,-2.906
2013020961,-3.7804,-2.6516
2013020962,-3.083,-4.3308
2013020963,-3.9075,-4.0957
2013020964,-3.6847,-3.0084
2013020965,-4.1835,-3.785
2013020966,-3.3976,-3.2227
2013020967,-3.317,-3.5411
2013020968,-3.579,-4.2949
2013020969,-4.3485,-3.375
2013020970,-2.9767,-3.6698
2013020972,-3.3893,-3.1064
2013020973,-3.9069,-3.5844
2013020974,-2.7674,-4.2583
2013020975,-3.0642,-2.8792
2013020976,-3.2832,-3.5358
2013020977,-4.0164,-4.6814
2013020978,-3.6989,-4.0936
2013020979,-3.8845,-3.709
2013020980,-4.2508,-3.6698
2013020981,-4.1751,-3.4001
2013020982,-3.6995,-2.428
2013020983,-3.1914,-3.4539
2013020984,-3.4889,-2.7137
2013020985,-3.9729,-4.1603
2013020986,-2.9243,-2.9753
2013020987,-3.6667,-2.251
2013020988,-3.81,-3.4914
2013020989,-4.2659,-3.2481
2013020990,-3.7697,-3.072
2013020991,-3.4373,-3.2762
2013020992,-3.1858,-4.2948
2013020993,-3.1198,-4.1606
2013020994,-2.4963,-4.2533
2013020995,-3.9323,-2.7721
2013020996,-3.8024,-3.2335
2013020997,-3.5113,-3.4377
2013020998,-4.0552,-4.1172
2013020999,-4.7781,-4.9344
2013021000,-3.3197,-3.5126
2013021001,-2.7669,-4.0268
2013021002,-2.7465,-2.9703
2013021003,-3.2884,-4.4242
2013021004,-4.1182,-2.926
2013021005,-3.9799,-3.8081
2013021006,-3.3173,-4.2447
2013021007,-3.1265,-5.2815
2013021008,-3.7355,-4.2338
2013021009,-3.5107,-2.9268
2013021010,-2.7194,-3.7089
2013021011,-3.024,-2.8861
2013021012,-3.2225,-3.7544
2013021013,-4.1175,-3.7678
2013021014,-3.3321,-2.9707
2013021015,-2.9976,-4.8511
2013021016,-3.8384,-3.1962
2013021017,-4.2963,-3.287
2013021018,-4.8931,-3.5911
2013021019,-4.4001,-3.418
2013021020,-3.4833,-3.3968
2013021021,-2.8319,-2.9572
2013021022,-4.6046,-3.181
2013021023,-3.1265,-4.068
2013021024,-2.4969,-2.6114
2013021025,-2.8507,-3.3646
2013021026,-5.5818,-4.078
2013021027,-3.2528,-3.4883
2013021028,-3.9843,-3.1162
2013021029,-3.2846,-3.3227
2013021030,-4.0534,-3.9472
2013021031,-4.0773,-3.7699
2013021032,-3.2917,-3.2357
2013021033,-3.9598,-3.0298
2013021034,-2.9078,-4.3881
2013021035,-4.0915,-3.6108
2013021036,-4.31,-3.1792
2013021037,-3.2177,-3.5365
2013021038,-3.3204,-3.4843
2013021039,-3.598,-2.8302
2013021040,-2.8165,-3.809
2013021041,-4.4552,-4.2875
2013021042,-4.4334,-3.6411
2013021043,-3.3711,-3.1096
2013021044,-3.474,-3.2676
2013021045,-3.3287,-3.3139
2013021046,-3.6586,-3.7905
2013021047,-3.3324,-4.168
2013021048,-3.5501,-3.3946
2013021049,-3.5197,-3.4004
2013021050,-3.1894,-3.6452
2013021051,-4.2495,-4.4669
2013021052,-2.7413,-3.9482
2013021053,-4.2597,-4.6881
2013021054,-2.9278,-4.4005
2013021055,-3.3418,-2.9247
2013021056,-4.3512,-3.289
2013021057,-4.0533,-3.3354
2013021058,-3.0883,-3.47
2013021059,-3.3579,-3.7236
2013021060,-3.5816,-2.7053
2013021061,-4.28,-5.0097
2013021062,-2.2968,-4.4259
2013021063,-3.2497,-4.134
2013021064,-4.0959,-3.2591
2013021065,-3.0962,-3.6308
2013021066,-3.8631,-4.0488
2013021067,-3.4964,-3.1181
2013021068,-4.2276,-3.173
2013021069,-2.5695,-3.7446
2013021070,-3.854,-3.5187
2013021071,-4.0936,-4.0004
2013021072,-4.3823,-3.9221
2013021073,-4.9387,-3.5226
2013021074,-2.5927,-3.08
2013021075,-4.1632,-3.1734
2013021076,-3.4581,-3.3273
2013021077,-3.08,-3.2557
2013021078,-3.2623,-3.1598
2013021079,-3.1731,-3.299
2013021080,-3.5764,-4.947
2013021081,-3.792,-3.2982
2013021082,-3.8381,-3.1992
2013021083,-4.3895,-4.3945
2013021084,-4.843,-3.7383
2013021085,-4.3446,-3.9771
2013021086,-3.337,-3.0348
2013021087,-3.7543,-4.7085
2013021088,-4.3173,-2.8803
2013021089,-3.6418,-3.5687
2013021090,-4.0908,-2.4547
2013021091,-3.175,-3.4952
2013021092,-3.4596,-2.7512
2013021093,-4.9778,-4.0832
2013021094,-4.0493,-3.6197
2013021095,-4.1503,-3.8831
2013021096,-3.1174,-3.2091
2013021097,-4.0658,-3.1439
2013021098,-3.5101,-3.4316
2013021099,-3.9497,-5.1256
2013021100,-4.1117,-3.8808
2013021101,-4.2356,-3.1018
2013021102,-3.1048,-3.351
2013021103,-4.1583,-3.6711
2013021104,-4.4611,-3.0829
2013021105,-2.7974,-3.7537
2013021106,-2.967,-3.5944
2013021107,-4.144,-3.7119
2013021108,-3.3277,-3.2178
2013021109,-4.3905,-3.7622
2013021110,-4.7248,-3.2455
2013021111,-3.6167,-3.8341
2013021112,-3.9651,-4.3314
2013021113,-3.0809,-5.288
2013021114,-3.282,-4.4427
2013021115,-3.25,-3.1092
2013021116,-4.1923,-3.9821
2013021117,-4.3424,-3.1571
2013021118,-4.1358,-3.4563
2013021119,-3.6958,-3.3088
2013021120,-3.3425,-3.5391
2013021121,-2.7555,-3.9393
2013021122,-3.8692,-3.7133
2013021123,-3.392,-3.2829
2013021124,-3.9057,-4.0381
2013021125,-3.3323,-3.5634
2013021126,-5.5193,-3.8454
2013021127,-4.0152,-4.0657
2013021128,-3.9911,-3.8758
2013021129,-4.7353,-4.7766
2013021130,-3.8632,-3.5383
2013021131,-2.8227,-4.9055
2013021132,-4.0424,-2.9167
2013021133,-2.725,-3.8788
2013021134,-4.0971,-3.9636
2013021135,-3.749,-4.4369
2013021136,-2.9623,-3.2983
2013021137,-4.2076,-4.5686
2013021138,-3.8766,-4.6685
2013021139,-3.8981,-3.2036
2013021140,-3.4232,-2.8897
2013021141,-3.3547,-3.5498
2013021142,-3.12,-3.2743
2013021143,-4.0677,-3.7144
2013021144,-3.3904,-3.9347
2013021145,-3.1983,-3.3841
2013021146,-3.2169,-4.0158
2013021147,-3.7764,-4.0854
2013021148,-3.7739,-3.5938
2013021149,-3.272,-5.5102
2013021150,-4.5611,-3.8155
2013021151,-4.5992,-4.5341
2013021152,-3.9601,-4.0603
2013021153,-4.1757,-4.7181
2013021154,-3.8614,-3.1441
2013021155,-3.1495,-5.3989
2013021156,-4.1469,-3.9236
2013021157,-4.0707,-3.2806
2013021158,-3.7177,-3.7819
2013021159,-2.5458,-3.1951
2013021160,-4.5402,-2.8442
2013021161,-2.6741,-3.7956
2013021162,-2.7064,-3.4192
2013021163,-3.0843,-4.3731
2013021164,-4.4868,-3.4319
2013021165,-3.5576,-4.3317
2013021166,-4.6213,-4.5892
2013021167,-2.9269,-4.3607
2013021168,-3.7932,-3.7766
2013021169,-4.798,-4.513
2013021170,-4.0682,-3.2668
2013021171,-3.8951,-4.6574
2013021172,-3.4113,-2.1827
2013021173,-3.8413,-4.9831
2013021174,-3.4698,-3.3448
2013021175,-3.5369,-4.2359
2013021176,-3.7112,-2.7689
2013021177,-3.9684,-4.3793
2013021178,-3.8711,-3.516
2013021179,-4.6561,-3.2833
2013021180,-5.1285,-4.2719
2013021181,-2.3524,-4.607
2013021182,-4.3745,-3.5589
2013021183,-3.4507,-3.6418
2013021184,-3.3475,-3.4363
2013021185,-3.3965,-3.5146
2013021186,-3.5604,-4.0574
2013021187,-3.9725,-2.9705
2013021188,-5.1655,-3.2723
2013021189,-2.9239,-3.1956
2013020971,0.0,-9.9797
2013021190,-3.3885,-4.0226
2013021191,-4.5638,-5.0531
2013021192,-4.5445,-4.717
2013021193,-4.1343,-3.691
2013021194,-3.531,-4.4034
2013021195,-4.0788,-4.2255
2013021196,-3.6651,-2.8921
2013021197,-4.2144,-3.7171
2013021198,-3.1819,-3.7412
2013021199,-3.3808,-3.7826
2013021200,-3.6947,-3.1782
2013021201,-4.1354,-3.4434
2013021202,-3.0009,-4.1693
2013021203,-3.3223,-4.2565
2013021204,-4.2756,-2.7061
2013021205,-4.219,-3.3212
2013021206,-4.9886,-4.338
2013021207,-2.6426,-3.2816
2013021208,-4.0523,-2.8127
2013021209,-4.7303,-3.1973
2013021210,-4.4121,-3.0014
2013021211,-4.6143,-2.8402
2013021212,-4.356,-4.0999
2013021213,-4.0807,-3.4524
2013021214,-3.4349,-3.6066
2013021215,-3.7789,-4.2323
2013021216,-3.5164,-3.5042
2013021217,-3.3015,-4.1849
2013021218,-4.6462,-3.931
2013021219,-3.0226,-4.2282
2013021220,-3.4559,-3.6337
2013021221,-4.2264,-1.9836
2013021222,-3.7219,-4.8179
2013021223,-3.538,-2.2022
2013021224,-4.3792,-4.6686
2013021225,-5.0719,-2.8819
2013021226,-3.9909,-3.6325
2013021227,-2.3539,-3.1286
2013021228,-3.5608,-4.7416
2013021229,-4.736,-3.073
2013021230,-3.6774,-4.6355
2013030121,-2.9088,-2.8646
2013030131,-3.735,-3.7554
2013030171,-4.3217,-4.2286
2013030141,-3.7217,-3.6934
2013030151,-4.1832,-2.3581
2013030161,-4.1865,-4.2211
2013030181,-3.3284,-2.9875
2013030111,-3.8139,-4.734
2013030122,-3.0311,-2.8622
2013030172,-3.7794,-4.9871
2013030132,-3.6316,-3.8874
2013030152,-3.7905,-2.7919
2013030162,-4.2705,-4.3386
2013030112,-4.0608,-4.6106
2013030123,-2.8647,-3.7116
2013030142,-3.6812,-3.7022
2013030182,-3.3284,-2.6531
2013030133,-4.5923,-3.6446
2013030153,-3.7165,-3.4293
2013030163,-4.2877,-4.1169
2013030173,-5.1796,-3.3083
2013030113,-3.9897,-4.0367
2013030124,-2.9856,-3.2336
2013030143,-3.6094,-3.9417
2013030183,-2.8187,-3.3284
2013030134,-3.7868,-4.4329
2013030164,-4.0114,-4.5118
2013030174,-4.3845,-3.7333
2013030114,-4.0236,-4.2726
2013030154,-3.4207,-3.3755
2013030184,-2.9354,-3.3284
2013030144,-3.3388,-4.1656
2013030165,-4.4073,-4.0857
2013030175,-3.4929,-3.2902
2013030115,-4.1443,-4.5169
2013030135,-4.8402,-3.8598
2013030155,-3.7257,-3.2171
2013030185,-3.3284,-2.9354
2013030145,-4.0883,-3.5181
2013030166,-4.2237,-4.4334
2013030176,-4.0405,-3.4521
2013030136,-4.257,-4.3067
2013030156,-3.7066,-3.4306
2013030186,-2.9354,-4.2231
2013030146,-3.9692,-3.5914
2013030147,-4.2279,-3.4592
2013030157,-3.9678,-3.1741
2013030187,-3.8943,-3.1547
2013030211,-3.6924,-2.7529
2013030221,-4.4691,-4.14
2013030231,-4.1707,-3.7434
2013030212,-3.5176,-3.1874
2013030241,-3.8486,-3.1547
2013030222,-3.8224,-4.709
2013030232,-3.6017,-4.3063
2013030223,-4.9,-3.7184
2013030242,-3.6517,-3.4518
2013030213,-3.7329,-3.1373
2013030233,-4.0303,-3.8189
2013030224,-4.4367,-3.8731
2013030214,-3.5606,-3.0767
2013030243,-3.6508,-4.1562
2013030225,-4.4497,-4.2597
2013030234,-3.5186,-3.9782
2013030215,-3.6432,-2.7838
2013030244,-4.3178,-3.6543
2013030226,-4.4013,-4.3408
2013030235,-4.3544,-3.6335
2013030216,-4.0533,-3.1129
2013030245,-3.8954,-4.0676
2013030227,-4.8671,-3.9506
2013030236,-3.765,-4.1433
2013030217,-3.6233,-3.5034
2013030246,-4.2911,-3.7764
2013030247,-4.0871,-3.8854
2013030311,-3.7525,-4.2147
2013030321,-4.1784,-3.3988
2013030312,-3.5109,-4.5154
2013030322,-4.1136,-3.8918
2013030313,-3.9433,-4.0882
2013030323,-4.3149,-3.9453
2013030314,-3.6879,-3.8395
2013030324,-3.9776,-4.0945
2013030315,-4.5637,-3.6224
2013030325,-4.1184,-4.1324
2013030316,-4.432,-4.0093
2013030326,-4.5376,-3.1121
2013030327,-3.8109,-4.5909
2013030411,-4.6933,-4.1407
2013030412,-4.5241,-4.1511
2013030413,-4.5166,-4.0724
2013030414,-3.7329,-5.0678
2013030415,-4.8018,-3.9792
2014020001,-2.8594,-2.7694
2014020002,-1.44,-2.2153
2014020003,-2.541,-2.4267
2014020004,-2.7442,-2.209
2014020005,-2.8341,-2.8683
2014020006,-1.9166,-3.0403
2014020007,-2.8387,-2.7624
2014020008,-1.9158,-2.8261
2014020009,-2.2696,-1.76
2014020010,-1.922,-3.0786
2014020011,-2.7548,-2.2766
2014020012,-2.4492,-3.2034
2014020013,-2.7054,-3.1923
2014020014,-2.927,-2.7447
2014020015,-2.9321,-2.3007
2014020016,-3.4416,-2.4299
2014020017,-2.3217,-2.2909
2014020018,-2.3502,-1.7973
2014020019,-2.7631,-3.065
2014020020,-1.9692,-2.2964
2014020021,-1.4088,-3.7826
2014020022,-3.5132,-2.6512
2014020023,-2.2674,-2.5896
2014020024,-2.1099,-3.2751
2014020025,-3.6578,-2.2341
2014020026,-2.554,-2.0403
2014020027,-2.0033,-2.7951
2014020028,-3.5469,-2.0003
2014020029,-3.1647,-2.4223
2014020030,-2.8308,-2.7671
2014020031,-2.8097,-3.5103
2014020032,-2.209,-2.9379
2014020033,-3.1634,-2.6237
2014020034,-2.6887,-2.8918
2014020035,-2.1951,-2.6829
2014020036,-2.601,-2.5681
2014020037,-3.234,-3.9356
2014021194,-1.3773,-2.9304
2014020038,-2.5728,-2.1898
2014020039,-2.3628,-2.4345
2014020040,-2.2273,-2.6925
2014020041,-2.1418,-2.6892
2014020042,-2.6889,-3.0417
2014020043,-3.567,-2.9027
2014020044,-1.5359,-2.5842
2014020045,-1.6985,-2.2128
2014020046,-2.4425,-3.4466
2014020047,-1.7253,-2.0185
2014020048,-2.8133,-2.6776
2014020049,-2.7915,-3.7688
2014020050,-2.5232,-3.6187
2014020051,-3.3597,-3.4143
2014020052,-1.746,-2.5842
2014020053,-2.5864,-1.494
2014020054,-4.0888,-3.7804
2014020055,-2.1571,-2.5484
2014020057,-2.0521,-1.7836
2014020056,-3.1039,-3.1349
2014020058,-2.3358,-2.1617
2014020059,-2.6025,-2.2437
2014020060,-2.9112,-1.4157
2014020061,-3.5736,-2.712
2014020062,-2.5959,-2.9207
2014020063,-3.0005,-2.0846
2014020064,-2.0659,-4.2343
2014020065,-3.5513,-2.1512
2014020066,-2.9131,-1.8315
2014020067,-2.8107,-3.4722
2014020068,-3.0535,-2.4819
2014020069,-1.4759,-3.7275
2014020070,-3.6276,-2.2332
2014020071,-2.7517,-1.7042
2014020072,-3.1462,-2.8475
2014020073,-3.421,-1.5359
2014020074,-1.7826,-3.5321
2014020075,-1.613,-3.5012
2014020076,-2.5874,-2.7221
2014020077,-2.15,-3.7155
2014020078,-2.9816,-2.288
2014020079,-2.2681,-3.4901
2014020080,-2.7439,-1.6535
2014020081,-3.2305,-2.8428
2014020082,-2.7908,-2.1116
2014020083,-1.8931,-2.813
2014020084,-2.3162,-2.2473
2014020085,-2.8653,-3.0043
2014020086,-3.1339,-2.9666
2014020087,-3.5768,-3.4639
2014020088,-2.4219,-2.4564
2014020090,-2.4238,-3.0699
2014020091,-2.7804,-1.7457
2014020092,-2.2787,-2.7185
2014020093,-2.2861,-2.4685
2014020094,-2.0655,-2.814
2014020095,-3.369,-2.742
2014020096,-1.3062,-2.899
2014020097,-3.8859,-3.6113
2014020098,-2.4013,-2.7145
2014020099,-1.3845,-2.6227
2014020100,-3.3132,-2.9839
2014020101,-2.9473,-3.5448
2014020102,-2.4223,-2.6239
2014020103,-4.2175,-3.0039
2014020104,-2.677,-2.0729
2014020105,-2.3376,-3.116
2014020106,-3.1988,-3.0328
2014020107,-3.562,-2.0603
2014020108,-2.7275,-1.3351
2014020109,-3.0648,-3.2244
2014020110,-2.5938,-3.4077
2014020111,-2.9265,-1.5306
2014020112,-3.1058,-2.5798
2014020113,-1.6735,-3.2914
2014020114,-3.3011,-2.7123
2014020115,-4.136,-3.1044
2014020116,-2.3644,-2.0509
2014020117,-2.3005,-3.5574
2014020118,-0.8334,-2.7336
2014020119,-3.5351,-3.3857
2014020120,-2.0793,-3.4787
2014020121,-3.6761,-1.9823
2014020122,-2.2821,-2.9276
2014020123,-2.8295,-2.0649
2014020124,-2.7351,-3.3292
2014020125,-2.5193,-2.3164
2014020126,-2.7404,-0.8929
2014020127,-3.0259,-2.6283
2014020128,-2.6517,-3.1808
2014020129,-3.2119,-2.9377
2014020130,-3.3464,-3.8833
2014020131,-3.1564,-2.6891
2014020132,-3.4908,-2.3985
2014020133,-3.585,-3.0819
2014020134,-2.2397,-2.5243
2014020135,-2.5413,-3.072
2014020136,-3.3152,-1.799
2014020137,-2.3463,-2.2081
2014020138,-3.3017,-3.1264
2014020139,-3.1414,-2.4043
2014020140,-2.5984,-2.0293
2014020141,-3.4871,-3.0178
2014020142,-3.0414,-2.0626
2014020143,-3.4276,-4.1337
2014020144,-2.6329,-2.8925
2014020145,-3.1835,-3.1698
2014020146,-3.2372,-2.6223
2014020147,-2.6258,-2.8568
2014020148,-1.9433,-2.6896
2014020149,-2.5773,-2.5076
2014020150,-2.8636,-3.2952
2014020151,-2.2501,-2.3044
2014020152,-2.7436,-2.9355
2014020153,-3.3531,-2.6817
2014020154,-2.3224,-3.9347
2014020155,-2.5439,-2.5444
2014020156,-2.8273,-2.6175
2014020157,-3.4578,-2.5655
2014020158,-2.3896,-2.1988
2014020159,-2.2702,-3.2025
2014020160,-2.2836,-4.5023
2014020161,-2.8115,-2.963
2014020162,-3.6048,-3.3464
2014020163,-2.4036,-2.4933
2014020164,-3.2625,-2.4135
2014020165,-2.45,-3.5482
2014020166,-3.0955,-2.1298
2014020167,-2.0447,-4.5726
2014020168,-3.3686,-2.9658
2014020169,-3.9679,-3.0463
2014020170,-2.3524,-3.1064
2014020171,-2.4481,-2.5981
2014020172,-2.995,-2.1422
2014020173,-3.4344,-2.3501
2014020174,-3.2027,-2.4429
2014020175,-1.7813,-2.6374
2014020176,-3.1148,-2.5691
2014020177,-2.6431,-3.9646
2014020178,-3.1108,-2.2919
2014020179,-3.1011,-2.7834
2014020180,-3.0801,-3.2161
2014020181,-3.5057,-3.708
2014020182,-3.1755,-2.4242
2014020183,-4.9136,-2.9771
2014020184,-3.4861,-2.9311
2014020185,-1.9426,-3.5
2014020186,-3.1263,-3.1585
2014020187,-2.6776,-3.2822
2014020188,-2.7842,-2.7515
2014020189,-2.7862,-2.8765
2014020190,-3.2271,-2.8671
2014020191,-1.9916,-4.0116
2014020192,-2.4511,-2.7854
2014020193,-3.4988,-3.8099
2014020194,-3.1425,-3.8786
2014020195,-3.4443,-3.5734
2014020196,-2.9494,-2.5869
2014020197,-3.5284,-3.2078
2014020198,-3.8342,-2.6357
2014020199,-3.0989,-3.7928
2014020200,-3.3112,-1.7172
2014020201,-1.8538,-4.016
2014020202,-2.9056,-2.9593
2014020203,-3.3578,-3.0306
2014020204,-3.3972,-2.3575
2014020205,-2.6271,-3.1907
2014020206,-2.6028,-2.2949
2014020207,-2.5403,-3.5763
2014020208,-3.2481,-3.0988
2014020209,-1.4886,-3.0342
2014020210,-2.1721,-4.083
2014020211,-3.249,-3.2375
2014020212,-3.6895,-3.6858
2014020213,-3.9116,-2.6008
2014020089,-2.0193,-2.6148
2014020214,-2.7942,-3.2218
2014020215,-3.1435,-2.8932
2014020216,-3.5499,-3.3001
2014020217,-3.1893,-2.5455
2014020218,-2.7631,-4.1105
2014020219,-2.1707,-2.7344
2014020220,-4.3072,-2.6637
2014020221,-4.0362,-4.0968
2014020222,-2.9223,-3.3749
2014020223,-2.1117,-3.0745
2014020224,-2.8136,-2.6078
2014020225,-3.3363,-3.4988
2014020226,-2.5884,-3.141
2014020227,-3.1285,-2.7408
2014020228,-3.2058,-3.402
2014020229,-3.5873,-3.4328
2014020230,-2.9257,-2.2166
2014020231,-2.6932,-2.9736
2014020232,-2.4917,-3.3279
2014020233,-2.7455,-4.8117
2014020234,-2.1191,-2.9153
2014020235,-1.8738,-3.1666
2014020236,-3.348,-3.3843
2014020237,-2.7314,-2.6949
2014020238,-3.6172,-3.4385
2014020239,-2.133,-3.868
2014020240,-3.2234,-2.6808
2014020241,-3.0893,-2.8659
2014020242,-2.2112,-2.3909
2014020243,-2.3077,-3.9125
2014020244,-2.5823,-3.6508
2014020245,-2.7717,-3.6742
2014020246,-3.4245,-3.5329
2014020247,-2.7448,-4.1375
2014020248,-3.3477,-2.2175
2014020249,-3.2997,-2.1972
2014020250,-2.367,-2.5324
2014020251,-4.357,-2.5465
2014020252,-1.7172,-2.4372
2014020253,-3.3529,-3.3478
2014020254,-4.5244,-4.5776
2014020255,-3.8717,-2.9767
2014020256,-2.8778,-3.1899
2014020257,-2.8948,-2.8791
2014020258,-2.6131,-1.9164
2014020259,-2.0364,-3.5078
2014020260,-3.0328,-3.1661
2014020261,-2.2428,-3.3506
2014020262,-2.6301,-1.6042
2014020263,-3.4414,-3.0506
2014020264,-2.7083,-3.7603
2014020265,-2.4591,-3.855
2014020266,-3.2629,-3.8165
2014020267,-2.6276,-2.1712
2014020268,-3.8622,-3.3917
2014020269,-3.3759,-3.5556
2014020270,-3.0528,-2.3891
2014020271,-3.0733,-2.5661
2014020272,-2.6801,-3.573
2014020273,-3.6853,-3.9633
2014020274,-2.9479,-2.9519
2014020275,-2.4546,-3.1216
2014020276,-3.9126,-2.2977
2014020277,-2.7835,-3.3985
2014020278,-2.9428,-2.6159
2014020279,-2.1854,-3.1787
2014020280,-2.7744,-2.009
2014020281,-3.1441,-4.2583
2014020282,-2.7353,-2.4808
2014020283,-3.7947,-2.7119
2014020284,-3.4583,-3.2055
2014020285,-3.1511,-3.4629
2014020286,-4.6647,-2.9226
2014020287,-1.6497,-3.2379
2014020288,-2.9948,-3.0727
2014020289,-2.0446,-3.0946
2014020290,-3.5472,-3.9403
2014020292,-3.0817,-2.8162
2014020293,-2.8287,-2.5254
2014020294,-2.4422,-4.1177
2014020295,-3.6309,-2.8309
2014020296,-2.582,-2.0418
2014020297,-3.3644,-3.5491
2014020298,-4.2481,-2.4487
2014020299,-2.8315,-3.0762
2014020300,-2.2418,-2.8319
2014020301,-3.1365,-3.6683
2014020302,-3.2238,-4.1982
2014020303,-3.8461,-1.9812
2014020304,-3.985,-3.182
2014020305,-2.3039,-3.8247
2014020306,-2.7115,-2.6214
2014020307,-2.6022,-3.3933
2014020308,-3.2561,-3.604
2014020309,-2.302,-2.0224
2014020310,-3.9855,-3.281
2014020311,-3.0849,-3.4113
2014020312,-2.7538,-3.0305
2014020313,-3.2264,-2.2198
2014020314,-3.3539,-2.7345
2014020315,-4.4339,-3.3366
2014020316,-2.8272,-2.6254
2014020317,-3.926,-3.026
2014020318,-3.1698,-2.3068
2014020319,-3.8038,-1.9793
2014020320,-3.7696,-3.7738
2014020321,-2.6862,-4.4062
2014020322,-3.7263,-1.4477
2014020323,-4.3163,-2.3408
2014020324,-2.539,-2.7287
2014020325,-2.7584,-3.0996
2014020326,-3.3404,-1.67
2014020327,-4.0162,-3.5572
2014020328,-3.4297,-3.7278
2014020329,-3.857,-2.8928
2014020330,-4.2111,-4.0964
2014020331,-3.2233,-3.0296
2014020332,-2.5249,-2.401
2014020333,-3.1999,-2.3205
2014020334,-3.2141,-4.3639
2014020335,-2.4119,-2.6633
2014020336,-2.3493,-3.3018
2014020337,-3.6975,-2.8651
2014020338,-3.9263,-2.6267
2014020339,-2.963,-3.5467
2014020340,-2.8995,-2.7041
2014020341,-3.7211,-3.0299
2014020342,-3.7066,-3.0771
2014020343,-3.4021,-3.3516
2014020344,-4.2986,-2.1656
2014020345,-2.6218,-3.742
2014020346,-2.5662,-3.8394
2014020347,-3.0046,-4.1237
2014020348,-1.8433,-3.0454
2014020349,-3.4471,-3.2325
2014020350,-2.3701,-2.7277
2014020351,-2.8212,-3.253
2014020352,-3.9104,-3.3334
2014020353,-3.7718,-2.7704
2014020354,-3.1038,-4.1303
2014020355,-2.8562,-3.3122
2014020356,-2.8472,-2.7112
2014020357,-1.8711,-2.6338
2014020358,-2.9484,-2.7778
2014020359,-3.5987,-2.5759
2014020360,-3.1215,-4.0057
2014020361,-3.7914,-2.5476
2014020362,-3.7747,-2.4878
2014020363,-2.7845,-3.797
2014020364,-3.4292,-3.8774
2014020365,-3.1089,-2.9334
2014020366,-3.4879,-2.0263
2014020367,-3.5816,-3.5863
2014020368,-2.5346,-3.1698
2014020369,-2.6118,-4.2251
2014020370,-2.3696,-2.527
2014020371,-3.4965,-2.8737
2014020372,-3.1046,-2.9427
2014020373,-3.9919,-3.4737
2014020374,-3.9078,-2.9607
2014020375,-3.1943,-2.4467
2014020376,-3.2155,-3.1995
2014020377,-2.9639,-2.8079
2014020378,-3.2861,-4.5038
2014020379,-3.8986,-3.1811
2014020380,-2.5353,-3.9532
2014020381,-3.4278,-3.0539
2014020382,-3.2518,-2.9874
2014020383,-3.0435,-3.9658
2014020384,-2.2582,-3.3741
2014020385,-4.6828,-2.7924
2014020386,-2.759,-3.3969
2014020387,-3.0073,-3.0352
2014020388,-3.9791,-3.3879
2014020389,-3.5082,-2.8536
2014020390,-3.1087,-3.8194
2014020391,-2.8893,-2.7366
2014020392,-3.2666,-3.2041
2014020393,-2.6008,-2.0659
2014020394,-2.7465,-3.2874
2014020395,-3.0402,-4.0911
2014020396,-4.6006,-2.5037
2014020397,-3.4292,-4.0921
2014020398,-3.3185,-3.7894
2014020399,-3.5912,-2.7521
2014020400,-4.4644,-3.8681
2014020401,-2.1833,-2.5123
2014020402,-3.3418,-3.0036
2014020403,-3.0912,-2.4988
2014020404,-3.3591,-3.3094
2014020405,-3.1272,-2.1421
2014020406,-2.0549,-3.7534
2014020407,-2.7368,-4.0177
2014020408,-4.602,-2.5329
2014020409,-3.7894,-3.0047
2014020410,-3.8843,-4.132
2014020411,-2.941,-2.951
2014020412,-3.2681,-2.3676
2014020413,-3.0954,-3.6424
2014020414,-3.337,-2.8623
2014020415,-2.678,-3.0904
2014020416,-3.5881,-3.1015
2014020417,-4.0501,-2.7633
2014020418,-2.8953,-2.3911
2014020419,-2.7137,-3.3882
2014020420,-3.2097,-3.3245
2014020421,-3.978,-4.3826
2014020422,-3.7361,-2.6424
2014020423,-2.5821,-3.7329
2014020424,-2.6631,-2.9957
2014020425,-3.0385,-3.3447
2014020426,-4.1529,-2.9921
2014020427,-3.9614,-3.0354
2014020428,-3.4798,-3.5881
2014020429,-4.0061,-3.6721
2014020430,-2.8057,-2.9825
2014020431,-3.2742,-3.0983
2014020432,-2.8382,-3.2208
2014020433,-2.9854,-3.2847
2014020434,-3.2171,-2.9284
2014020435,-3.8969,-3.3753
2014020436,-1.8892,-2.993
2014020437,-4.0354,-3.5443
2014020438,-3.3081,-2.5958
2014020439,-3.8577,-4.3933
2014020440,-2.1222,-3.5181
2014020441,-3.2041,-2.7646
2014020442,-3.55,-3.127
2014020443,-3.479,-4.2713
2014020444,-3.2634,-3.2904
2014020445,-3.2607,-3.7117
2014020446,-3.9132,-2.3693
2014020447,-2.3539,-4.4426
2014020448,-3.0099,-3.2978
2014020449,-4.7594,-3.4786
2014020450,-2.7468,-2.4033
2014020451,-3.4765,-4.0787
2014020452,-3.7338,-3.5165
2014020866,-3.9757,-3.8727
2014020453,-2.2255,-3.6037
2014020454,-2.4347,-3.4562
2014020455,-2.8098,-2.7321
2014020456,-2.739,-2.5002
2014020457,-3.6116,-2.1376
2014020458,-3.693,-4.094
2014020459,-4.2935,-3.4913
2014020460,-2.9201,-4.3816
2014020461,-4.245,-2.8878
2014020462,-4.2539,-2.5561
2014020463,-3.6776,-2.977
2014020464,-4.2932,-3.3096
2014020465,-2.9785,-3.573
2014020466,-3.6841,-3.2107
2014020467,-3.0805,-3.2811
2014020468,-3.9252,-2.6953
2014020469,-3.3148,-2.8605
2014020470,-2.4506,-2.3495
2014020471,-2.5439,-3.0316
2014020472,-4.2623,-3.3931
2014020473,-2.7316,-3.2661
2014020474,-3.8602,-2.9558
2014020475,-3.6297,-2.9101
2014020476,-2.9645,-2.9612
2014020477,-3.3446,-3.5008
2014020478,-3.7463,-4.0604
2014020479,-4.0721,-3.4163
2014020480,-4.1096,-3.8066
2014020481,-3.5282,-2.678
2014020482,-2.5785,-2.9812
2014020483,-3.5786,-2.4402
2014020484,-3.3317,-3.0853
2014020485,-3.8818,-3.7053
2014020486,-2.6824,-3.2429
2014020487,-2.4844,-3.6528
2014020488,-3.0366,-4.3546
2014020489,-3.0694,-3.2839
2014020490,-2.6982,-3.4829
2014020491,-2.798,-3.6077
2014020492,-3.4072,-4.1287
2014020493,-3.7011,-4.505
2014020494,-3.3684,-2.7872
2014020495,-3.3015,-3.0685
2014020496,-3.2595,-3.3846
2014020497,-2.869,-3.7057
2014020498,-2.648,-4.0963
2014020499,-3.9317,-2.7694
2014020500,-2.9325,-3.514
2014020501,-3.3333,-2.8195
2014020502,-3.8452,-3.3556
2014020503,-3.8432,-3.7683
2014020504,-3.3542,-3.5574
2014020505,-2.6347,-2.5193
2014020506,-2.6919,-2.8196
2014020507,-3.3813,-3.726
2014020508,-2.4577,-3.79
2014020509,-4.2997,-3.3638
2014020510,-4.2043,-4.1433
2014020511,-2.5583,-3.0117
2014020512,-3.6898,-3.5928
2014020513,-3.8454,-3.4497
2014020514,-3.5158,-2.2389
2014020515,-3.864,-2.2795
2014020516,-4.392,-3.6241
2014020517,-2.9731,-3.1259
2014020518,-3.1325,-2.9531
2014020519,-3.2097,-3.5708
2014020520,-3.5574,-2.5104
2014020521,-4.0309,-3.5919
2014020522,-3.6869,-3.6805
2014020523,-4.3402,-3.0599
2014020524,-3.6697,-3.343
2014020525,-3.2727,-3.5924
2014020526,-4.0838,-2.5813
2014020527,-3.5172,-3.7005
2014020528,-3.1892,-2.5383
2014020529,-3.3135,-2.6414
2014020530,-3.6275,-2.8239
2014020531,-2.9046,-2.9109
2014020532,-3.678,-3.0695
2014020533,-2.9152,-2.9146
2014020534,-4.2965,-3.8609
2014020535,-3.0863,-3.2993
2014020536,-3.4018,-2.9851
2014020537,-3.8142,-3.8266
2014020538,-4.2199,-2.636
2014020539,-2.741,-3.1515
2014020540,-4.3393,-3.6071
2014020541,-3.5184,-3.5555
2014020542,-3.9379,-2.6458
2014020543,-4.1545,-3.4386
2014020544,-3.1774,-2.7544
2014020545,-2.7836,-2.6431
2014020546,-3.2486,-4.0888
2014020547,-3.1929,-4.0818
2014020548,-2.5307,-3.7835
2014020549,-2.9985,-3.6733
2014020550,-3.3894,-3.7842
2014020551,-3.5428,-3.5607
2014020552,-3.0535,-2.4328
2014020553,-3.2672,-4.3842
2014020554,-3.6005,-4.2128
2014020555,-2.4757,-4.0809
2014020556,-3.3476,-3.1951
2014020557,-2.8945,-3.3349
2014020558,-3.277,-3.5166
2014020559,-3.8384,-3.6356
2014020560,-3.3454,-3.5908
2014020561,-3.2189,-3.892
2014020562,-3.3249,-4.1698
2014020563,-3.9311,-4.0463
2014020564,-2.2605,-2.7578
2014020565,-3.3565,-3.3418
2014020566,-2.9484,-2.5063
2014020567,-3.1346,-2.8649
2014020568,-4.0534,-3.7426
2014020569,-3.4056,-3.8286
2014020570,-3.8835,-2.9825
2014020571,-2.6062,-4.3661
2014020572,-3.1247,-3.0171
2014020573,-3.8206,-2.8294
2014020574,-3.3181,-3.3478
2014020575,-2.2963,-3.7255
2014020576,-2.9724,-2.5388
2014020577,-2.4745,-3.1626
2014020578,-2.9604,-3.7259
2014020579,-3.6985,-2.9282
2014020580,-3.682,-3.3695
2014020581,-3.5531,-3.0013
2014020582,-4.3553,-2.8214
2014020583,-2.9419,-3.4802
2014020584,-4.0725,-3.6372
2014020585,-4.3338,-3.0731
2014020586,-3.568,-3.0992
2014020587,-3.6572,-3.0579
2014020588,-3.3143,-3.6033
2014020589,-3.371,-3.6979
2014020590,-3.1676,-3.9225
2014020591,-3.9876,-3.6156
2014020592,-3.6433,-3.7953
2014020593,-2.713,-3.4187
2014020594,-4.136,-2.4257
2014020595,-3.1767,-2.3825
2014020596,-2.2372,-3.6232
2014020597,-2.857,-3.05
2014020598,-2.247,-3.7475
2014020599,-3.6577,-3.3511
2014020600,-3.8499,-3.7839
2014020601,-3.666,-3.8356
2014020602,-3.3601,-2.9679
2014020603,-3.3019,-3.5302
2014020604,-3.7365,-3.862
2014020605,-4.4168,-2.5453
2014020606,-2.8936,-3.4338
2014020607,-3.0426,-2.9448
2014020608,-3.5038,-3.343
2014020609,-3.5659,-4.1637
2014020610,-3.4296,-4.6231
2014020611,-2.4711,-2.9664
2014020612,-3.8917,-3.5266
2014020613,-3.4094,-2.6507
2014020614,-2.994,-2.9738
2014020615,-3.5712,-3.1302
2014020616,-3.6705,-2.937
2014020617,-3.3545,-3.1957
2014020618,-3.8486,-3.1995
2014020619,-3.565,-3.5987
2014020620,-3.347,-2.9657
2014020621,-3.327,-2.4752
2014020622,-3.1846,-3.1484
2014020623,-3.6242,-2.9462
2014020624,-3.8609,-3.2482
2014020625,-3.8112,-3.2086
2014020626,-2.8757,-3.3551
2014020627,-3.2436,-3.3725
2014020628,-2.8881,-3.3261
2014020629,-2.8945,-3.4643
2014020630,-2.7799,-3.9714
2014020631,-3.992,-3.7033
2014020632,-3.1305,-3.7395
2014020633,-3.2146,-3.5924
2014020634,-3.6419,-3.5925
2014020635,-3.2878,-3.5542
2014020636,-3.4006,-3.3267
2014020637,-3.5105,-3.5011
2014020638,-3.6559,-3.3375
2014020639,-3.214,-3.5665
2014020640,-3.658,-3.7105
2014020641,-2.5919,-3.1373
2014020642,-3.049,-3.4441
2014020643,-3.2927,-3.4464
2014020644,-3.0311,-3.7166
2014020645,-3.6707,-4.0382
2014020646,-3.23,-3.4065
2014020647,-4.0046,-3.6707
2014020648,-3.3034,-3.6859
2014020649,-4.0367,-4.3365
2014020650,-3.2406,-4.6977
2014020651,-3.5489,-3.0605
2014020652,-3.525,-2.5783
2014020653,-3.6024,-4.1871
2014020654,-3.2911,-3.4079
2014020655,-2.9099,-3.1552
2014020656,-3.4509,-3.9314
2014020657,-2.7563,-2.5698
2014020658,-3.3915,-3.1091
2014020659,-2.8926,-3.4464
2014020660,-2.7713,-3.9159
2014020661,-3.945,-3.6949
2014020662,-3.6431,-3.0791
2014020663,-3.7385,-2.3547
2014020664,-4.7626,-2.7382
2014020665,-3.9227,-4.6516
2014020666,-3.72,-3.4716
2014020667,-3.2429,-3.9621
2014020668,-3.8272,-3.0477
2014020669,-4.0448,-3.248
2014020670,-3.2876,-2.6444
2014020671,-3.4354,-3.0179
2014020672,-3.3536,-3.6494
2014020673,-3.0661,-3.5897
2014020674,-3.1858,-4.6264
2014020675,-3.661,-3.6948
2014020676,-3.7266,-3.8886
2014020677,-4.0273,-3.461
2014020678,-3.4395,-3.7722
2014020679,-3.2469,-4.4627
2014020680,-3.4285,-3.9192
2014020681,-3.1429,-3.1976
2014020682,-3.1477,-3.7832
2014020683,-3.9432,-2.7267
2014020684,-4.4173,-3.3848
2014020685,-3.1971,-3.8195
2014020686,-3.1844,-3.4519
2014020687,-3.8986,-3.7732
2014020688,-4.3276,-3.7613
2014020689,-2.989,-4.6901
2014020690,-3.731,-3.1004
2014020691,-3.4652,-4.003
2014020692,-4.3547,-3.0318
2014020693,-3.3162,-3.3089
2014020694,-4.0211,-3.2309
2014020695,-3.6408,-3.6105
2014020696,-3.2407,-2.6736
2014020697,-3.3894,-2.7446
2014020698,-3.0505,-4.2175
2014020699,-3.479,-3.0592
2014020700,-3.6175,-4.0453
2014020701,-3.646,-2.8746
2014020702,-3.2546,-3.3143
2014020703,-3.5051,-4.1786
2014020704,-3.3927,-4.146
2014020705,-3.5539,-3.677
2014020706,-4.066,-3.873
2014020707,-3.9279,-3.2458
2014020708,-4.0599,-4.1963
2014020709,-3.2635,-2.7777
2014020710,-2.5836,-3.4238
2014020711,-2.7924,-3.5316
2014020712,-3.7088,-2.664
2014020713,-3.8436,-3.0058
2014020714,-4.1617,-3.7662
2014020715,-2.9589,-4.2648
2014020716,-3.7311,-4.1217
2014020717,-4.0753,-3.2788
2014020718,-3.4592,-3.5639
2014020719,-3.4909,-4.2955
2014020720,-3.6935,-3.7623
2014020721,-3.0974,-3.3725
2014020722,-4.192,-4.0662
2014020723,-3.6041,-2.9812
2014020724,-4.0031,-4.0102
2014020725,-3.5345,-3.641
2014020726,-3.1154,-3.47
2014020727,-3.0728,-2.3619
2014020728,-4.165,-3.1992
2014020729,-3.2732,-4.2581
2014020730,-3.4081,-2.5467
2014020731,-4.2874,-3.8801
2014020732,-3.1773,-3.2496
2014020733,-3.0805,-3.6486
2014020734,-3.9748,-3.9286
2014020735,-4.0338,-3.3024
2014020736,-3.3262,-3.6833
2014020737,-3.4708,-3.1192
2014020738,-2.3752,-4.8581
2014020739,-2.6771,-3.0755
2014020740,-4.2287,-4.1566
2014020741,-3.5388,-4.1524
2014020742,-3.0944,-4.1279
2014020743,-3.3291,-3.809
2014020744,-3.6668,-4.0081
2014020745,-3.7137,-2.9507
2014020746,-3.7049,-3.4909
2014020747,-2.9648,-2.7004
2014020748,-3.7532,-4.5773
2014020749,-3.0432,-4.1968
2014020750,-2.6021,-3.5469
2014020751,-4.2328,-3.4721
2014020752,-3.7718,-3.1112
2014020753,-4.3125,-3.8378
2014020754,-3.3701,-3.7006
2014020755,-3.5036,-3.9994
2014020756,-3.3927,-3.268
2014020757,-3.7201,-4.3314
2014020758,-2.9793,-3.5607
2014020759,-3.6955,-2.6756
2014020760,-2.5879,-3.1619
2014020761,-2.4653,-2.5852
2014020762,-4.2496,-3.4636
2014020763,-4.4517,-4.1685
2014020764,-4.0484,-3.3436
2014020765,-4.2027,-3.6485
2014020766,-4.3769,-4.2548
2014020767,-3.5341,-3.7196
2014020768,-3.8177,-3.315
2014020769,-2.9531,-3.9519
2014020770,-4.4992,-3.1707
2014020771,-3.7414,-3.6562
2014020772,-3.241,-3.9414
2014020773,-4.4029,-3.2869
2014020774,-3.7022,-3.3533
2014020775,-3.6144,-2.7736
2014020776,-3.4264,-4.1912
2014020777,-2.8485,-4.2605
2014020778,-3.4391,-3.8956
2014020779,-2.4481,-3.7669
2014020780,-3.4374,-4.2042
2014020781,-4.4443,-3.6392
2014020782,-3.8038,-4.1844
2014020783,-3.4216,-3.7142
2014020784,-4.0828,-3.8757
2014020785,-4.368,-3.7893
2014020786,-2.993,-3.0778
2014020787,-3.941,-3.5737
2014020788,-3.4632,-3.9603
2014020789,-3.5833,-3.6737
2014020790,-3.4404,-4.4895
2014020791,-2.8814,-3.5865
2014020792,-3.8234,-3.7708
2014020793,-3.5234,-3.2095
2014020794,-3.095,-2.7858
2014020795,-4.0853,-3.784
2014020796,-3.7987,-3.0101
2014020797,-2.9329,-3.6553
2014020798,-3.9601,-2.5778
2014020799,-3.502,-3.3808
2014020800,-3.4263,-3.6496
2014020801,-3.6481,-3.3279
2014020802,-4.7971,-3.7094
2014020803,-3.9059,-4.1518
2014020804,-4.052,-2.9636
2014020805,-3.6654,-2.8035
2014020806,-4.9479,-4.2568
2014020807,-4.2866,-3.0591
2014020808,-3.7491,-2.7423
2014020809,-3.4414,-3.9594
2014020810,-3.7342,-4.8986
2014020811,-3.4992,-3.6233
2014020812,-3.2508,-4.2464
2014020813,-2.8804,-3.3296
2014020814,-4.4113,-3.8686
2014020815,-3.4486,-4.2218
2014020816,-4.3201,-3.2569
2014020817,-3.1101,-3.1709
2014020818,-3.6006,-3.5556
2014020819,-4.3305,-4.389
2014020820,-3.7338,-4.4341
2014020821,-4.4913,-3.8773
2014020822,-3.6794,-2.9772
2014020823,-3.8294,-3.2396
2014020824,-3.4311,-4.1853
2014020825,-4.5999,-3.9444
2014020826,-3.1877,-3.2232
2014020827,-4.2977,-4.5948
2014020828,-3.2854,-3.4008
2014020829,-4.3401,-3.9117
2014020830,-3.2648,-2.5669
2014020831,-2.8478,-3.251
2014020832,-3.0955,-3.0716
2014020833,-3.6386,-4.3891
2014020834,-4.348,-2.817
2014020835,-3.0505,-3.8933
2014020836,-5.0677,-2.8275
2014020837,-3.2325,-3.1772
2014020838,-2.5228,-3.9432
2014020839,-2.5133,-3.6932
2014020840,-4.0208,-3.3892
2014020841,-4.5144,-3.7363
2014020842,-2.5458,-4.943
2014020843,-2.4971,-3.5225
2014020844,-4.1526,-2.9207
2014020845,-2.8893,-3.4734
2014020846,-4.1031,-3.1232
2014020847,-3.9156,-3.8357
2014020848,-4.5342,-3.4768
2014020849,-3.5705,-2.871
2014020850,-4.2433,-3.9413
2014020851,-3.2155,-3.5282
2014020852,-4.2776,-3.1953
2014020853,-2.6007,-3.936
2014020854,-3.4786,-4.0473
2014020855,-3.188,-2.8133
2014020856,-3.2657,-2.8893
2014020857,-4.4147,-3.3348
2014020858,-3.7928,-3.084
2014020859,-3.128,-4.1925
2014020860,-3.8732,-3.7419
2014020861,-3.9882,-3.587
2014020862,-4.8059,-3.9735
2014020863,-3.2293,-3.1383
2014020864,-3.6756,-3.9341
2014020865,-3.3542,-3.4269
2014020291,-4.0308,-3.9224
2014020867,-3.6937,-4.0783
2014020868,-3.426,-4.2627
2014020869,-3.7636,-3.3674
2014020870,-3.5942,-2.9462
2014020871,-2.8938,-4.6479
2014020872,-4.0453,-3.6654
2014020873,-2.3445,-2.8705
2014020874,-3.0066,-4.3944
2014020875,-4.6097,-3.9148
2014020876,-3.638,-4.4199
2014020877,-2.7897,-4.021
2014020878,-3.5689,-3.3752
2014020879,-4.4969,-4.1603
2014020880,-3.2523,-4.2149
2014020881,-3.9219,-4.1554
2014020882,-4.2343,-2.7952
2014020883,-3.5038,-3.2597
2014020884,-3.2551,-2.7279
2014020885,-3.4672,-3.6689
2014020886,-3.952,-4.5205
2014020887,-3.2072,-4.2216
2014020888,-4.6227,-3.9208
2014020889,-3.6001,-3.2137
2014020890,-4.7453,-4.406
2014020891,-3.4753,-3.8058
2014020892,-3.5435,-4.1149
2014020893,-3.729,-4.4418
2014020894,-3.6415,-4.3456
2014020895,-3.2811,-4.8315
2014020896,-4.4011,-2.8721
2014020897,-3.4198,-2.3594
2014020898,-4.5188,-3.8527
2014020899,-3.5259,-3.7604
2014020900,-4.3301,-3.2022
2014020901,-3.4222,-4.4834
2014020902,-4.2508,-3.9088
2014020903,-3.9499,-4.408
2014020904,-3.2597,-4.6224
2014020905,-3.4496,-3.2967
2014020906,-3.6932,-4.2061
2014020907,-3.1279,-3.3713
2014020908,-3.6653,-4.5508
2014020909,-4.4016,-4.6521
2014020910,-3.7546,-4.1098
2014020911,-3.9044,-3.2864
2014020912,-4.6059,-4.0778
2014020913,-4.0583,-3.8264
2014020914,-3.7344,-3.1252
2014020915,-3.3838,-3.5779
2014020916,-3.3186,-4.5649
2014020917,-3.5542,-3.4006
2014020918,-3.0453,-2.8998
2014020919,-2.5433,-2.7161
2014020920,-2.9858,-4.5343
2014020921,-4.5376,-3.955
2014020922,-3.2793,-2.9305
2014020923,-4.4651,-3.6039
2014020924,-4.2169,-4.3166
2014020925,-2.7131,-2.6305
2014020926,-3.8274,-3.7069
2014020927,-3.17,-5.0388
2014020928,-3.7906,-3.4217
2014020929,-4.3144,-4.1662
2014020930,-4.3509,-3.5269
2014020931,-4.6507,-4.0636
2014020932,-3.6535,-3.6172
2014020933,-3.2264,-3.1416
2014020934,-3.6831,-3.2368
2014020935,-4.3644,-3.3904
2014020936,-2.9725,-4.0008
2014020937,-4.0031,-3.4262
2014020938,-4.6025,-4.2862
2014020939,-4.7328,-4.0765
2014020940,-4.2239,-2.6687
2014020941,-3.5195,-3.4159
2014020942,-3.7677,-4.2443
2014020943,-3.9409,-3.4318
2014020944,-3.846,-2.7291
2014020945,-3.1263,-4.1807
2014020946,-3.4064,-4.2136
2014020947,-4.8335,-3.9026
2014020948,-3.5815,-2.8264
2014020949,-4.6909,-3.5892
2014020950,-4.5159,-3.3347
2014020951,-4.1708,-3.5946
2014020952,-3.9927,-4.5388
2014020953,-4.2997,-4.5068
2014020954,-3.4577,-3.8977
2014020955,-3.534,-3.0016
2014020956,-3.0606,-3.8666
2014020957,-3.5827,-4.2924
2014020958,-2.7859,-4.2283
2014020959,-3.279,-3.3398
2014020960,-4.3189,-4.0375
2014020961,-4.4558,-2.7758
2014020962,-4.6919,-4.1948
2014020963,-3.9228,-2.9736
2014020964,-3.7197,-3.3483
2014020965,-3.2216,-3.9579
2014020966,-4.668,-4.389
2014020967,-4.3124,-3.7666
2014020968,-3.5399,-4.0777
2014020969,-3.3924,-3.8814
2014020970,-3.0919,-3.7449
2014020971,-3.8497,-4.4832
2014020972,-3.2056,-4.65
2014020973,-3.684,-3.4247
2014020974,-3.297,-4.4318
2014020975,-3.7247,-3.3445
2014020976,-3.8874,-3.3989
2014020977,-4.4024,-3.4996
2014020978,-3.5202,-4.1759
2014020979,-3.2753,-4.4689
2014020980,-4.1217,-3.658
2014020981,-3.5902,-4.0885
2014020982,-3.787,-3.6447
2014020983,-4.2215,-3.6732
2014020984,-3.0204,-4.5028
2014020985,-3.4793,-4.5356
2014020986,-4.1561,-3.6155
2014020987,-3.5114,-4.3873
2014020988,-4.2691,-3.2237
2014020989,-4.8018,-3.4931
2014020990,-3.1814,-4.3591
2014020991,-3.7697,-3.9806
2014020992,-4.1389,-4.9773
2014020993,-3.9707,-3.0718
2014020994,-3.6411,-3.0736
2014020995,-4.0279,-3.6406
2014020996,-4.3455,-3.8428
2014020997,-3.7653,-3.434
2014020998,-4.058,-3.3036
2014020999,-3.6969,-4.6486
2014021000,-4.0389,-4.335
2014021001,-3.9404,-4.0799
2014021002,-3.7952,-2.8484
2014021003,-4.1554,-4.6331
2014021004,-3.9818,-4.6008
2014021005,-3.8954,-3.8289
2014021006,-3.0653,-3.1652
2014021007,-3.3354,-4.4039
2014021008,-3.7052,-4.1263
2014021009,-3.8339,-4.2789
2014021010,-3.4902,-3.5682
2014021011,-3.9922,-3.6995
2014021012,-3.4297,-3.9414
2014021013,-3.3372,-3.9111
2014021014,-4.0353,-4.855
2014021015,-3.3913,-4.6195
2014021016,-3.1163,-4.7196
2014021017,-3.5087,-4.3057
2014021018,-4.5176,-3.1389
2014021019,-3.9492,-3.8128
2014021020,-3.7218,-4.3447
2014021021,-4.1465,-4.067
2014021022,-2.7141,-4.3085
2014021023,-3.9339,-4.1242
2014021024,-3.8041,-3.0884
2014021025,-3.4579,-4.872
2014021026,-3.2543,-3.5166
2014021027,-3.4581,-4.517
2014021028,-3.3717,-3.1631
2014021029,-3.6631,-3.7371
2014021030,-4.4248,-3.8785
2014021031,-3.6913,-3.5354
2014021032,-5.2523,-3.2212
2014021033,-3.5741,-3.8177
2014021034,-3.8411,-3.4575
2014021035,-3.6369,-3.8235
2014021036,-4.3825,-3.8391
2014021037,-3.9917,-3.3734
2014021038,-2.9694,-4.429
2014021039,-4.3024,-5.3717
2014021040,-3.5264,-3.3515
2014021041,-4.0774,-3.5649
2014021042,-4.5509,-3.535
2014021043,-3.703,-3.3159
2014021044,-3.5901,-4.1357
2014021045,-4.3538,-3.6639
2014021046,-3.8638,-2.988
2014021047,-4.5017,-4.0621
2014021048,-3.4868,-4.4739
2014021049,-2.8335,-3.8356
2014021050,-4.0282,-4.3672
2014021051,-4.0811,-3.4487
2014021052,-4.1945,-3.1125
2014021053,-4.8347,-3.422
2014021054,-4.4584,-3.7752
2014021055,-3.7074,-3.6054
2014021056,-3.1656,-3.3852
2014021057,-3.8118,-3.73
2014021058,-3.8873,-4.009
2014021059,-4.5552,-3.6133
2014021060,-3.5578,-2.6944
2014021061,-3.331,-3.6241
2014021062,-3.7046,-3.074
2014021063,-3.7861,-4.5959
2014021064,-2.866,-3.5678
2014021065,-4.4684,-3.0957
2014021066,-3.5669,-4.0221
2014021067,-3.1075,-3.6161
2014021068,-3.4296,-3.3927
2014021069,-4.0269,-3.3778
2014021070,-3.4947,-4.7407
2014021071,-4.0266,-3.5902
2014021072,-4.8531,-4.5745
2014021073,-3.5341,-3.9645
2014021074,-3.6331,-3.8972
2014021075,-3.9839,-3.7383
2014021076,-4.019,-4.3415
2014021077,-3.2171,-4.5317
2014021078,-4.2949,-3.8054
2014021079,-3.4372,-4.5283
2014021080,-3.0252,-3.8218
2014021081,-3.8219,-3.7602
2014021082,-4.3481,-3.9751
2014021083,-4.6251,-2.9816
2014021084,-4.1194,-4.6627
2014021085,-4.3352,-3.6478
2014021086,-3.5171,-3.3872
2014021087,-3.6532,-4.0506
2014021088,-2.7235,-3.511
2014021089,-4.4122,-3.9214
2014021090,-4.5519,-3.8618
2014021091,-3.4079,-2.9816
2014021092,-3.8877,-4.598
2014021093,-3.7524,-4.3485
2014021094,-3.4649,-4.1978
2014021095,-3.1317,-3.4336
2014021096,-3.6247,-4.2549
2014021097,-3.7171,-4.2431
2014021098,-3.6735,-4.3556
2014021099,-4.0697,-3.1251
2014021100,-2.668,-3.9665
2014021101,-3.6653,-4.7277
2014021102,-4.23,-4.7867
2014021103,-3.9518,-2.6969
2014021104,-3.6091,-4.6419
2014021105,-4.7536,-4.0759
2014021106,-3.8267,-4.3176
2014021107,-3.5942,-3.6141
2014021108,-3.2581,-2.6669
2014021109,-2.3348,-3.5512
2014021110,-4.6773,-4.2739
2014021111,-3.3122,-3.1823
2014021112,-4.488,-2.0516
2014021113,-5.17,-2.8724
2014021114,-4.4515,-4.4811
2014021115,-3.6671,-3.5853
2014021116,-4.2596,-3.6422
2014021117,-3.562,-4.3065
2014021118,-4.1895,-2.5811
2014021119,-5.0054,-5.3598
2014021120,-3.679,-2.7156
2014021121,-4.0582,-3.4936
2014021122,-4.6992,-3.7628
2014021123,-3.7273,-4.5469
2014021124,-4.1122,-3.3507
2014021125,-3.3704,-3.1691
2014021126,-3.0836,-3.1325
2014021127,-3.5514,-4.8539
2014021128,-4.288,-3.3482
2014021129,-3.6105,-3.737
2014021130,-3.8549,-3.2235
2014021131,-3.7976,-4.0483
2014021132,-3.9468,-3.0912
2014021133,-4.7343,-4.4616
2014021134,-5.5274,-3.0419
2014021135,-4.6264,-4.4096
2014021136,-4.3901,-4.063
2014021137,-3.7915,-3.8053
2014021138,-4.66,-3.3312
2014021139,-4.563,-3.0679
2014021140,-3.27,-4.2406
2014021141,-5.2975,-3.3475
2014021142,-3.9009,-4.902
2014021143,-3.9114,-4.0899
2014021144,-3.8972,-4.5646
2014021145,-3.7156,-4.5144
2014021146,-3.608,-3.7035
2014021147,-3.9382,-3.664
2014021148,-4.1968,-3.4283
2014021149,-3.7663,-3.296
2014021150,-5.1084,-3.597
2014021151,-4.1753,-4.1422
2014021152,-3.6879,-3.2351
2014021153,-4.387,-3.3354
2014021154,-4.0437,-3.7108
2014021155,-3.8408,-5.1643
2014021156,-3.6335,-3.6128
2014021157,-5.2197,-4.6069
2014021158,-3.8794,-3.5469
2014021159,-3.4337,-3.9715
2014021160,-4.3109,-4.067
2014021161,-3.722,-4.3511
2014021162,-3.2048,-4.3919
2014021163,-4.2215,-3.9308
2014021164,-4.4219,-3.193
2014021165,-3.7655,-3.3863
2014021166,-3.9016,-5.2945
2014021167,-5.1154,-3.8089
2014021168,-3.4117,-4.8918
2014021169,-4.0704,-4.2828
2014021170,-4.1252,-4.1136
2014021171,-4.3834,-3.8416
2014021172,-4.1619,-4.358
2014021173,-4.0319,-2.767
2014021174,-3.8288,-4.0672
2014021175,-3.5716,-3.2274
2014021176,-3.7992,-4.3454
2014021177,-5.1054,-3.9499
2014021178,-5.1916,-3.7055
2014021179,-3.6767,-3.4383
2014021180,-3.1195,-3.9911
2014021181,-4.641,-4.0971
2014021182,-4.2819,-4.1006
2014021183,-4.4127,-4.6574
2014021184,-4.5225,-3.1791
2014021185,-3.8703,-4.4567
2014021186,-4.0566,-3.3866
2014021187,-3.7237,-4.5401
2014021188,-4.1174,-3.8337
2014021189,-4.366,-4.5175
2014021190,-3.9103,-3.4644
2014021191,-4.0671,-3.1433
2014021192,-4.3062,-4.841
2014021193,-2.7396,-4.1555
2014021195,-3.4334,-4.7857
2014021196,-3.6939,-3.4887
2014021197,-3.3314,-4.0058
2014021198,-3.8916,-4.8663
2014021199,-4.9523,-3.4857
2014021200,-3.8258,-4.1323
2014021201,-4.0563,-4.1327
2014021202,-3.9932,-4.8661
2014021203,-3.9921,-3.9611
2014021204,-3.8207,-3.8329
2014021205,-4.9896,-3.1573
2014021206,-3.4955,-3.8837
2014021207,-4.6917,-3.8671
2014021208,-2.974,-3.7531
2014021209,-4.2295,-3.6118
2014021210,-4.0207,-4.9419
2014021211,-4.1959,-4.2212
2014021212,-4.2278,-4.0701
2014021213,-4.4044,-4.5333
2014021214,-5.6912,-3.3493
2014021215,-3.4203,-4.2594
2014021216,-3.0581,-4.2856
2014021217,-4.2197,-3.7576
2014021218,-4.9531,-3.8265
2014021219,-4.4189,-3.7623
2014021220,-4.2676,-5.0838
2014021221,-4.5576,-4.655
2014021222,-4.201,-3.8784
2014021223,-3.8384,-3.6518
2014021224,-4.0337,-4.0477
2014021225,-3.4076,-3.8556
2014021226,-2.7619,-4.4869
2014021227,-4.7521,-4.207
2014021228,-4.309,-4.2158
2014021229,-5.1797,-4.0033
2014021230,-4.1311,-4.7457
2014030111,-4.7272,-3.8749
2014030141,-3.8548,-3.8392
2014030161,-3.7599,-4.3608
2014030181,-4.0028,-4.0482
2014030121,-3.332,-3.6478
2014030131,-4.1505,-4.7275
2014030151,-3.1918,-4.2473
2014030171,-4.5504,-4.777
2014030112,-4.625,-3.9179
2014030142,-3.6268,-4.1315
2014030162,-4.0281,-4.3964
2014030182,-4.0766,-4.051
2014030122,-3.529,-3.5672
2014030132,-3.8478,-5.026
2014030152,-3.3897,-4.1375
2014030172,-4.4518,-4.7513
2014030113,-4.3918,-4.0582
2014030143,-4.0616,-3.6386
2014030163,-4.5437,-3.7098
2014030183,-4.732,-4.0857
2014030133,-4.9941,-3.7613
2014030153,-3.6562,-3.8314
2014030173,-5.285,-4.1485
2014030123,-3.2828,-3.2644
2014030144,-3.8589,-3.4972
2014030164,-4.1783,-4.0319
2014030184,-4.1641,-4.5338
2014030114,-3.8211,-4.8456
2014030134,-4.7636,-4.0389
2014030154,-3.7802,-3.7604
2014030174,-4.8103,-5.065
2014030124,-3.1105,-2.3942
2014030145,-3.404,-4.0045
2014030165,-4.1718,-4.158
2014030185,-4.5656,-4.0504
2014030115,-4.6966,-3.9928
2014030135,-4.161,-4.6576
2014030155,-3.5872,-4.0001
2014030125,-3.8526,-2.34
2014030146,-4.6195,-3.1309
2014030166,-4.1909,-4.0733
2014030186,-4.5791,-4.0603
2014030116,-3.8221,-4.7182
2014030156,-3.9221,-3.7259
2014030126,-2.906,-3.1759
2014030147,-3.7832,-4.326
2014030127,-3.1705,-3.1961
2014030221,-3.7577,-3.2923
2014030241,-4.6142,-3.783
2014030211,-4.7126,-2.8166
2014030231,-3.9798,-3.8426
2014030222,-3.8776,-3.2076
2014030212,-4.3271,-3.5786
2014030232,-4.0397,-3.7984
2014030242,-4.3726,-4.3427
2014030223,-3.5614,-3.4146
2014030233,-3.8076,-3.7299
2014030243,-4.2501,-4.2675
2014030213,-3.2196,-4.5861
2014030224,-3.3578,-3.6618
2014030214,-2.7262,-4.7576
2014030234,-3.577,-3.7842
2014030225,-3.2059,-3.7979
2014030244,-3.9776,-4.8293
2014030215,-4.2437,-3.5918
2014030226,-3.3175,-3.7333
2014030245,-4.7239,-4.1396
2014030216,-3.1602,-4.1258
2014030227,-3.4011,-3.5374
2014030311,-3.5399,-3.8149
2014030321,-4.1465,-4.3072
2014030312,-3.6943,-3.5811
2014030322,-3.7996,-4.8367
2014030313,-3.8423,-3.441
2014030323,-5.2585,-3.8562
2014030314,-3.7357,-3.7102
2014030324,-4.7385,-4.0132
2014030315,-3.3054,-3.9608
2014030325,-4.4249,-4.5595
2014030316,-4.1222,-3.1722
2014030326,-5.0214,-4.1562
2014030317,-3.0871,-3.7032
2014030327,-4.4986,-4.8484
2014030411,-3.1457,-4.82
2014030412,-2.9997,-4.9933
2014030413,-5.0997,-2.7674
2014030414,-4.4889,-3.1531
2014030415,-3.8079,-4.0562
2014030416,-3.8804,-4.1669
2015020001,-2.8207,-2.8913
2015020002,-2.6478,-2.5858
2015020003,-2.9918,-3.0982
2015020004,-2.449,-2.0259
2015020005,-3.3474,-2.9006
2015020006,-2.2644,-2.7421
2015020007,-2.2337,-2.7597
2015020008,-3.1246,-2.3179
2015020009,-2.4116,-3.0474
2015020010,-3.0287,-2.9065
2015020011,-2.6025,-2.1998
2015020012,-2.8365,-2.6649
2015020013,-2.9548,-2.4939
2015020014,-2.3373,-2.9811
2015020015,-3.1116,-2.864
2015020016,-2.6809,-2.31
2015020017,-2.2154,-2.0847
2015020018,-3.5683,-2.7733
2015020019,-2.9379,-2.8242
2015020020,-2.7113,-3.0219
2015020021,-2.7533,-2.7895
2015020022,-2.4597,-2.7486
2015020023,-3.4992,-1.8129
2015020024,-2.0831,-2.4554
2015020025,-2.4566,-2.5912
2015020026,-3.2028,-2.9063
2015020027,-2.3176,-2.7099
2015020028,-3.6948,-2.7412
2015020029,-3.0631,-3.1934
2015020030,-2.0259,-3.082
2015020031,-3.5082,-2.9591
2015020032,-3.2916,-2.0844
2015020033,-2.9558,-2.7719
2015020034,-2.2948,-3.3419
2015020035,-3.3134,-2.8364
2015020036,-3.2022,-3.5278
2015020037,-3.5279,-1.9072
2015020038,-2.4892,-3.0812
2015020039,-3.2062,-3.374
2015020040,-1.5643,-1.9283
2015020041,-3.4835,-2.896
2015020042,-1.8656,-2.3116
2015020043,-2.7758,-2.924
2015020044,-2.9738,-2.9993
2015020045,-2.4103,-3.5332
2015020046,-3.2857,-3.1983
2015020047,-2.8024,-3.2967
2015020048,-2.3493,-3.4384
2015020049,-3.559,-2.8283
2015020050,-2.4951,-2.2122
2015020051,-3.6371,-3.381
2015020052,-2.0064,-3.6446
2015020053,-3.3406,-2.4217
2015020054,-2.3083,-2.3596
2015020055,-2.8174,-2.8173
2015020056,-3.1062,-2.9451
2015020057,-2.8739,-2.2302
2015020058,-3.1335,-1.5771
2015020059,-3.0008,-2.3699
2015020060,-1.8105,-3.6045
2015020061,-2.8745,-3.0873
2015020062,-3.1486,-2.8881
2015020063,-3.7202,-2.7569
2015020064,-3.4185,-3.1497
2015020065,-2.3527,-2.525
2015020066,-4.4753,-2.3016
2015020067,-2.1515,-2.7903
2015020068,-3.1071,-2.6712
2015020069,-2.5793,-2.5647
2015020070,-2.4281,-3.4443
2015020071,-2.577,-1.8441
2015020072,-3.56,-2.6778
2015020073,-3.1628,-2.9645
2015020074,-2.386,-3.1176
2015020075,-3.7406,-3.1204
2015020076,-2.821,-2.8977
2015020077,-4.0379,-3.6927
2015020078,-3.2614,-3.1411
2015020079,-2.7507,-2.7551
2015020080,-3.4598,-2.6155
2015020081,-3.6267,-1.7365
2015020082,-2.5758,-2.5142
2015020083,-1.8514,-2.8358
2015020084,-3.2045,-2.1032
2015020085,-2.1286,-3.4835
2015020086,-3.6981,-1.3007
2015020087,-2.6783,-2.1655
2015020088,-3.2377,-3.4847
2015020089,-3.6748,-2.4495
2015020090,-2.9245,-2.8691
2015020091,-3.4416,-3.7683
2015020092,-3.4606,-2.483
2015020093,-1.714,-2.4551
2015020094,-3.4274,-2.8106
2015020095,-3.1803,-3.803
2015020096,-3.7181,-3.2614
2015020097,-2.9301,-2.9805
2015020098,-3.0861,-2.3957
2015020099,-2.7299,-2.317
2015020100,-3.0102,-2.506
2015020101,-2.1591,-3.3922
2015020102,-2.581,-1.7947
2015020103,-2.3106,-3.1181
2015020104,-2.2859,-2.4962
2015020105,-2.317,-3.9956
2015020106,-3.1444,-4.3481
2015020107,-2.6079,-3.7605
2015020108,-3.2186,-3.4686
2015020109,-2.6922,-2.4712
2015020110,-3.2212,-3.1485
2015020111,-2.5842,-2.3257
2015020112,-2.6107,-1.7478
2015020113,-2.556,-3.9053
2015020114,-2.7516,-2.0722
2015020115,-3.2565,-3.5229
2015020116,-3.1884,-3.2189
2015020117,-2.3814,-4.2571
2015020118,-2.3286,-3.7019
2015020119,-2.7837,-2.3976
2015020120,-2.8825,-1.7935
2015020121,-2.7811,-2.7061
2015020122,-4.4239,-2.3252
2015020123,-3.2247,-3.9065
2015020124,-3.1404,-3.4164
2015020125,-3.687,-4.0397
2015020126,-3.1148,-2.439
2015020127,-3.7587,-3.8716
2015020128,-3.4783,-2.4633
2015020129,-2.5685,-1.5644
2015020130,-3.8569,-2.522
2015020131,-2.1754,-2.2374
2015020132,-2.9805,-3.8833
2015020133,-2.9512,-2.7833
2015020134,-2.0987,-3.4475
2015020135,-2.2402,-2.4136
2015020136,-2.7757,-2.259
2015020137,-2.5676,-4.5955
2015020138,-3.5148,-3.6637
2015020139,-2.6099,-1.8027
2015020140,-1.6973,-3.4462
2015020141,-2.4773,-4.1436
2015020142,-2.1581,-3.5039
2015020143,-2.6461,-2.8637
2015020144,-2.7743,-2.6594
2015020145,-3.3439,-3.4342
2015020146,-2.5794,-3.1431
2015020147,-2.244,-4.2222
2015020148,-3.8725,-4.0101
2015020149,-3.2354,-2.2567
2015020150,-2.5513,-3.3372
2015020151,-3.427,-3.8196
2015020152,-3.0542,-2.8625
2015020153,-3.1538,-2.5356
2015020154,-3.2518,-3.2111
2015020155,-2.7481,-2.5415
2015020156,-2.1058,-2.4331
2015020157,-2.9659,-1.8707
2015020158,-2.4404,-3.1525
2015020159,-1.5595,-3.0642
2015020160,-2.9102,-2.1702
2015020161,-4.272,-2.0936
2015020162,-2.5027,-3.0007
2015020163,-2.7829,-3.0611
2015020164,-3.445,-3.0085
2015020165,-3.9518,-1.5982
2015020166,-3.2304,-2.9753
2015020167,-3.6412,-2.8785
2015020168,-3.8118,-2.3878
2015020169,-2.8008,-2.7065
2015020170,-4.05,-2.3036
2015020171,-3.5237,-4.1618
2015020172,-2.9784,-2.4715
2015020173,-3.3965,-2.6601
2015020174,-3.0097,-3.1144
2015020175,-3.0783,-2.0231
2015020176,-3.5384,-2.2279
2015020177,-2.603,-2.3816
2015020178,-3.2917,-3.2138
2015020179,-3.2974,-4.7854
2015020180,-3.3555,-3.8062
2015020181,-2.8593,-3.1489
2015020182,-3.7695,-2.1486
2015020183,-2.9017,-2.3942
2015020184,-2.7122,-1.7757
2015020185,-2.9058,-3.1543
2015020186,-2.9262,-3.0373
2015020187,-2.7365,-3.0863
2015020188,-2.5576,-3.1138
2015020189,-3.136,-3.5697
2015020190,-3.0089,-4.2394
2015020191,-2.337,-3.1518
2015020192,-2.7291,-3.651
2015020193,-3.0411,-1.9491
2015020194,-3.0322,-2.8423
2015020195,-3.5305,-3.6832
2015020196,-3.5153,-2.3306
2015020197,-3.0525,-3.4793
2015020198,-3.2611,-2.5359
2015020199,-3.0593,-3.4785
2015020200,-2.6754,-3.0358
2015020201,-3.7555,-2.5704
2015020202,-3.0052,-3.7136
2015020203,-2.4587,-2.6151
2015020204,-3.365,-3.3423
2015020205,-3.0035,-4.5913
2015020206,-3.4033,-2.7173
2015020207,-3.6121,-3.3399
2015020208,-2.4303,-3.1552
2015020209,-2.6728,-2.4205
2015020210,-2.009,-2.8511
2015020211,-3.1375,-2.2675
2015020212,-3.5433,-4.0144
2015020213,-2.987,-3.7758
2015020214,-3.4184,-3.0153
2015020215,-2.8639,-2.6528
2015020216,-2.7709,-3.3103
2015020217,-3.3522,-3.329
2015020218,-4.6653,-2.9542
2015020219,-3.8374,-4.445
2015020220,-3.0768,-2.3919
2015020221,-2.8181,-2.5344
2015020222,-2.7551,-1.7765
2015020223,-2.7467,-2.8072
2015020224,-3.795,-3.3281
2015020225,-2.6637,-2.832
2015020226,-3.0926,-2.3207
2015020227,-2.0758,-2.6172
2015020228,-2.8428,-2.9978
2015020229,-3.1374,-3.0423
2015020230,-3.6841,-3.7338
2015020231,-2.7716,-3.3895
2015020232,-4.058,-3.2896
2015020233,-4.28,-3.4066
2015020234,-3.37,-4.1903
2015020235,-2.3172,-2.1536
2015020236,-2.3174,-2.9197
2015020237,-2.6087,-2.4163
2015020238,-3.5806,-2.3529
2015020239,-2.8483,-3.5221
2015020240,-2.4417,-3.2935
2015020241,-2.837,-3.0291
2015020242,-2.4453,-3.6686
2015020243,-3.2549,-2.8047
2015020244,-2.8158,-1.4541
2015020245,-2.4341,-3.5072
2015020246,-3.295,-2.5713
2015020247,-3.8984,-2.3823
2015020248,-2.7074,-1.7503
2015020249,-2.6002,-4.2982
2015020250,-3.769,-3.2594
2015020251,-1.8346,-2.9894
2015020252,-2.7335,-2.8179
2015020253,-3.9112,-3.6658
2015020254,-3.6984,-2.2541
2015020255,-2.4125,-3.9612
2015020256,-3.8884,-3.0209
2015020257,-2.4498,-3.5681
2015020258,-2.4116,-3.8874
2015020259,-2.9778,-3.0774
2015020260,-3.1754,-3.0601
2015020261,-3.414,-2.4092
2015020262,-3.4394,-2.8069
2015020263,-3.6704,-3.2885
2015020264,-3.1006,-3.4751
2015020265,-2.7538,-1.7189
2015020266,-3.3871,-3.2918
2015020267,-3.0728,-2.4667
2015020268,-2.6444,-2.4269
2015020269,-4.1498,-2.8699
2015020270,-3.5528,-3.7166
2015020271,-3.3996,-3.2033
2015020272,-2.9809,-3.3776
2015020273,-2.91,-2.6533
2015020274,-3.6263,-2.5249
2015020275,-3.4084,-2.9445
2015020276,-3.7662,-3.0451
2015020277,-4.0895,-2.7048
2015020278,-3.6037,-4.7105
2015020279,-3.9696,-2.5489
2015020280,-3.0106,-3.7768
2015020281,-3.6452,-2.3816
2015020282,-3.3776,-2.2727
2015020283,-2.8855,-2.9213
2015020284,-1.2023,-3.0113
2015020285,-3.2499,-3.4088
2015020286,-3.2374,-2.8523
2015020287,-3.7024,-3.0834
2015020288,-3.6396,-2.3011
2015020289,-3.2681,-3.1059
2015020290,-3.5813,-3.5621
2015020291,-3.2708,-2.7793
2015020292,-3.7463,-2.8541
2015020293,-3.9389,-3.506
2015020294,-2.4067,-3.8001
2015020295,-1.04,-3.5214
2015020296,-2.8627,-3.3523
2015020297,-3.233,-2.7484
2015020298,-2.8213,-3.549
2015020299,-2.6055,-2.6427
2015020300,-3.0385,-3.0694
2015020301,-3.3665,-3.6117
2015020302,-3.9233,-2.6466
2015020303,-3.7573,-3.5164
2015020304,-3.3621,-3.1863
2015020305,-3.5013,-2.8136
2015020306,-3.5086,-3.4765
2015020307,-3.8369,-2.6623
2015020308,-3.89,-2.4835
2015020309,-3.3409,-3.3397
2015020310,-3.9663,-3.0604
2015020311,-2.7708,-3.4893
2015020312,-3.6929,-3.875
2015020313,-3.4389,-3.0003
2015020314,-2.3083,-3.5925
2015020315,-3.0261,-2.3726
2015020316,-3.414,-2.604
2015020317,-2.9213,-4.1679
2015020318,-2.9173,-3.249
2015020319,-3.854,-3.3757
2015020320,-2.7122,-2.82
2015020321,-3.0215,-3.4094
2015020322,-3.3013,-2.5932
2015020323,-3.551,-3.3615
2015020324,-3.3725,-3.7554
2015020325,-3.2083,-4.403
2015020326,-1.288,-3.3374
2015020327,-1.7573,-3.0138
2015020328,-3.2952,-2.6746
2015020329,-3.4656,-3.9853
2015020330,-4.3791,-2.6387
2015020331,-3.787,-3.7319
2015020332,-3.7583,-2.3896
2015020333,-3.463,-3.8929
2015020334,-3.3746,-1.2897
2015020335,-3.3531,-2.7449
2015020336,-3.0577,-2.9525
2015020337,-3.3627,-3.0254
2015020338,-3.1422,-3.1474
2015020339,-2.5794,-3.5131
2015020340,-2.6919,-3.5758
2015020341,-1.3103,-3.1242
2015020342,-3.5971,-3.902
2015020343,-3.0924,-3.0566
2015020344,-3.1237,-2.8963
2015020345,-1.5341,-3.4538
2015020346,-3.4266,-4.2097
2015020347,-3.6289,-2.8323
2015020348,-3.7217,-3.1529
2015020349,-3.2332,-2.5859
2015020350,-3.375,-2.6037
2015020351,-2.1691,-2.5012
2015020352,-3.6466,-2.8481
2015020353,-3.3374,-3.5518
2015020354,-2.9804,-2.6896
2015020355,-3.5159,-3.4508
2015020356,-3.6359,-2.9775
2015020357,-2.9027,-4.6354
2015020358,-3.8931,-3.6762
2015020359,-2.9223,-3.7953
2015020360,-2.8114,-3.4291
2015020361,-2.7866,-4.1569
2015020362,-2.4235,-3.3473
2015020363,-3.0906,-3.4344
2015020364,-3.5154,-1.3333
2015020365,-2.9551,-3.4947
2015020366,-3.6783,-2.5539
2015020367,-3.9485,-4.8687
2015020368,-3.0761,-2.9931
2015020369,-2.7994,-3.0602
2015020370,-2.9579,-3.5675
2015020371,-3.9052,-3.6986
2015020372,-3.484,-1.5788
2015020373,-4.1196,-4.275
2015020374,-3.4068,-2.4839
2015020375,-2.7993,-3.0384
2015020376,-2.3419,-2.5661
2015020377,-2.4679,-2.3951
2015020378,-3.3635,-2.3018
2015020379,-3.9564,-3.3712
2015020380,-4.7539,-3.6307
2015020381,-3.3269,-2.8515
2015020382,-2.9245,-3.9747
2015020383,-3.0768,-2.7806
2015020384,-2.5181,-3.5117
2015020385,-2.6366,-3.8063
2015020386,-3.8477,-3.8647
2015020387,-3.0885,-2.7658
2015020388,-2.4478,-3.2591
2015020389,-4.3669,-3.4567
2015020390,-2.5766,-2.5097
2015020391,-2.3801,-3.2897
2015020392,-3.0773,-2.2607
2015020393,-3.6451,-3.2478
2015020394,-4.0204,-2.6105
2015020395,-4.0579,-4.0993
2015020396,-4.0033,-2.9663
2015020397,-3.499,-2.1032
2015020398,-2.9199,-3.2773
2015020399,-3.0607,-2.6918
2015020400,-3.4593,-2.819
2015020401,-4.3683,-2.4245
2015020402,-3.6876,-3.0026
2015020403,-2.9261,-3.6074
2015020404,-4.257,-2.1922
2015020405,-3.2126,-3.0987
2015020406,-4.5588,-3.5643
2015020407,-3.8779,-3.4362
2015020408,-3.9695,-2.6693
2015020409,-3.0729,-2.5368
2015020410,-2.9794,-3.8998
2015020411,-3.4402,-3.5044
2015020412,-2.6055,-2.7168
2015020413,-3.8155,-3.4214
2015020414,-2.9732,-3.298
2015020415,-4.4143,-2.576
2015020416,-2.7515,-3.4141
2015020417,-2.4695,-3.0241
2015020418,-4.535,-4.4571
2015020419,-3.0068,-3.2395
2015020420,-3.3544,-3.6099
2015020421,-3.3288,-2.8563
2015020422,-2.5891,-3.2475
2015020423,-2.0005,-2.0996
2015020424,-3.3231,-3.392
2015020425,-3.1624,-3.2158
2015020426,-2.9337,-3.2012
2015020427,-2.6104,-3.9649
2015020428,-4.5382,-3.176
2015020429,-4.359,-4.0402
2015020430,-3.8524,-2.6517
2015020431,-3.6866,-3.6735
2015020432,-2.9598,-3.5745
2015020433,-3.5834,-3.5641
2015020434,-2.4619,-3.5473
2015020435,-2.8439,-2.085
2015020436,-3.9165,-4.2513
2015020437,-2.9286,-3.2442
2015020438,-2.1815,-2.6093
2015020439,-3.759,-3.0551
2015020440,-3.0718,-3.1634
2015020441,-2.7014,-4.5383
2015020442,-4.4524,-2.8453
2015020443,-2.9354,-3.975
2015020444,-2.8984,-3.7421
2015020445,-3.7049,-4.533
2015020446,-2.8556,-4.2351
2015020447,-3.4603,-3.6016
2015020448,-2.2719,-2.7588
2015020449,-4.6818,-2.7592
2015020450,-3.2904,-1.8607
2015020451,-3.1846,-4.451
2015020452,-3.2559,-3.7888
2015020453,-3.3488,-4.0559
2015020454,-3.7386,-2.4474
2015020455,-4.7654,-3.1848
2015020456,-4.2605,-3.487
2015020457,-3.2934,-2.4718
2015020458,-2.865,-3.1117
2015020459,-3.2035,-2.7498
2015020460,-3.4602,-4.4322
2015020461,-3.0081,-3.4551
2015020462,-2.3578,-3.5895
2015020463,-3.2006,-2.5978
2015020464,-3.3441,-3.1591
2015020465,-1.8142,-3.5631
2015020466,-3.4103,-3.2289
2015020467,-3.9292,-2.8935
2015020468,-4.0259,-4.5959
2015020469,-3.6261,-3.1787
2015020470,-3.0332,-4.3227
2015020471,-3.5912,-2.9423
2015020472,-3.3332,-4.1056
2015020473,-2.6526,-3.7708
2015020474,-3.293,-3.0234
2015020475,-3.5319,-3.6692
2015020476,-3.7891,-3.0806
2015020477,-3.3281,-2.153
2015020478,-3.2854,-2.2243
2015020479,-3.8516,-2.4774
2015020480,-3.8104,-4.0075
2015020481,-3.4704,-4.7061
2015020482,-2.8515,-3.9703
2015020483,-3.2491,-2.4925
2015020484,-3.5286,-3.1812
2015020485,-2.9495,-3.6418
2015020486,-3.8035,-4.0839
2015020487,-3.3837,-3.6919
2015020488,-3.1348,-3.5275
2015020489,-3.1953,-3.4498
2015020490,-3.1423,-3.3104
2015020491,-3.2159,-3.6098
2015020492,-3.5874,-4.2188
2015020493,-3.0137,-4.832
2015020494,-2.395,-3.8041
2015020495,-2.0436,-3.6866
2015020496,-3.787,-3.6935
2015020497,-4.5418,-3.0177
2015020498,-2.6634,-3.4429
2015020499,-4.0083,-4.0401
2015020500,-3.8988,-3.191
2015020501,-2.6938,-2.8165
2015020502,-3.7483,-3.0932
2015020503,-2.9894,-4.1347
2015020504,-3.4119,-2.8111
2015020505,-3.678,-2.9341
2015020506,-3.9584,-2.164
2015020507,-2.3512,-3.9088
2015020508,-4.6217,-3.558
2015020509,-4.0141,-3.6872
2015020510,-1.3428,-4.7268
2015020511,-3.1151,-3.4501
2015020512,-3.148,-3.9626
2015020513,-2.8385,-2.7136
2015020514,-3.4652,-2.7233
2015020515,-3.0264,-3.52
2015020516,-3.6919,-3.3773
2015020517,-2.8116,-2.9696
2015020518,-1.9039,-2.9293
2015020519,-3.7093,-3.8867
2015020520,-3.1103,-3.9668
2015020521,-2.7728,-2.5917
2015020522,-3.401,-3.8406
2015020523,-3.3871,-2.6062
2015020524,-2.0594,-4.0393
2015020525,-4.8625,-3.5002
2015020526,-3.7991,-2.6896
2015020527,-2.7203,-3.0642
2015020528,-3.792,-3.4061
2015020529,-2.4315,-2.839
2015020530,-3.2662,-3.1767
2015020531,-2.9892,-3.3631
2015020532,-3.7535,-3.5998
2015020533,-3.6581,-3.6448
2015020534,-3.139,-3.8839
2015020535,-3.308,-3.3997
2015020536,-2.0075,-4.4091
2015020537,-3.2891,-3.8035
2015020538,-3.1149,-3.5404
2015020539,-4.5364,-3.5694
2015020540,-3.9528,-3.7757
2015020541,-3.2488,-2.9951
2015020542,-3.4498,-3.9967
2015020543,-3.929,-3.6358
2015020544,-3.3688,-2.1925
2015020545,-1.6901,-4.373
2015020546,-3.0981,-3.2907
2015020547,-2.9459,-4.0153
2015020548,-2.9653,-3.4321
2015020549,-4.2713,-3.6091
2015020550,-2.6842,-3.3151
2015020551,-3.1529,-3.9597
2015020552,-3.5134,-2.9299
2015020553,-3.6519,-3.239
2015020554,-2.0037,-3.7594
2015020555,-3.8453,-3.9511
2015020556,-3.5615,-3.7079
2015020557,-3.8328,-3.1498
2015020558,-3.9751,-3.2131
2015020559,-2.6629,-2.6587
2015020560,-3.6144,-3.3366
2015020561,-2.926,-3.6255
2015020562,-3.2591,-4.2273
2015020563,-4.3254,-3.1676
2015020564,-2.8938,-2.8328
2015020565,-3.3066,-4.038
2015020566,-4.2028,-3.6829
2015020567,-3.6133,-3.9892
2015020568,-3.8346,-2.8969
2015020569,-3.6381,-3.5839
2015020570,-3.9947,-3.4174
2015020571,-1.9848,-2.7435
2015020572,-2.6193,-3.91
2015020573,-3.201,-2.7353
2015020574,-2.9287,-3.5467
2015020575,-3.7228,-3.8783
2015020576,-2.6456,-3.8186
2015020577,-3.4146,-3.0641
2015020578,-3.6204,-3.052
2015020579,-3.8322,-3.0537
2015020580,-2.4147,-3.227
2015020581,-3.8768,-3.6038
2015020582,-4.601,-3.0406
2015020583,-2.7846,-4.2835
2015020584,-3.3535,-4.1795
2015020585,-2.9855,-3.4381
2015020586,-3.4237,-3.4445
2015020587,-3.8511,-3.0149
2015020588,-3.3566,-3.9513
2015020589,-3.4661,-1.9333
2015020590,-3.2931,-4.0041
2015020591,-4.3585,-4.1809
2015020592,-2.9302,-3.5613
2015020593,-2.7672,-3.8581
2015020594,-3.6953,-3.5964
2015020595,-3.344,-1.6655
2015020596,-4.592,-2.9929
2015020597,-3.3213,-3.0829
2015020598,-3.3133,-3.6559
2015020599,-3.3826,-3.4556
2015020600,-4.079,-3.993
2015020601,-3.1244,-4.0365
2015020602,-3.6941,-2.4409
2015020603,-3.2775,-4.5009
2015020604,-4.5856,-3.7299
2015020605,-2.8739,-3.4656
2015020606,-3.122,-4.0034
2015020607,-3.7444,-4.0236
2015020608,-3.2512,-3.904
2015020609,-3.3637,-3.3797
2015020610,-3.2021,-3.2753
2015020611,-3.2107,-3.7661
2015020612,-3.488,-2.4546
2015020613,-3.9832,-3.7277
2015020614,-3.0321,-3.489
2015020615,-4.613,-3.7383
2015020616,-4.7255,-3.1507
2015020617,-3.4621,-3.5622
2015020618,-3.4662,-3.0277
2015020619,-3.1982,-3.9692
2015020620,-4.475,-3.258
2015020621,-3.0924,-4.1149
2015020622,-3.0076,-2.1071
2015020623,-3.0782,-3.7618
2015020624,-3.8742,-3.5989
2015020625,-3.3433,-3.6544
2015020626,-2.7049,-3.0045
2015020627,-3.5116,-3.1078
2015020628,-3.7541,-4.385
2015020629,-3.3286,-1.998
2015020630,-3.6573,-3.6521
2015020631,-2.8306,-2.5836
2015020632,-2.7044,-2.7594
2015020633,-2.777,-4.0169
2015020634,-4.2034,-2.7728
2015020635,-3.9447,-3.7424
2015020636,-3.9109,-2.9677
2015020637,-3.7738,-3.7103
2015020638,-3.8212,-2.9034
2015020639,-2.3366,-4.4027
2015020640,-3.486,-2.4915
2015020641,-2.7137,-3.0649
2015020642,-4.4244,-3.9537
2015020643,-4.019,-3.6673
2015020644,-3.2446,-2.5189
2015020645,-3.9303,-3.8193
2015020646,-3.3731,-4.1314
2015020647,-3.2639,-2.9808
2015020648,-3.7941,-2.8362
2015020649,-3.9876,-4.0663
2015020650,-3.4067,-3.5453
2015020651,-3.872,-3.171
2015020652,-2.1469,-4.4283
2015020653,-3.3618,-4.0002
2015020654,-3.7971,-3.9928
2015020655,-3.9717,-3.6166
2015020656,-4.1913,-4.0085
2015020657,-2.4682,-3.3962
2015020658,-3.2301,-2.7284
2015020659,-3.8148,-4.0421
2015020660,-3.8412,-3.6786
2015020661,-2.672,-3.774
2015020662,-4.303,-4.1622
2015020663,-3.6033,-3.079
2015020664,-4.0064,-3.7602
2015020665,-4.2237,-2.9362
2015020666,-3.504,-3.2108
2015020667,-3.1519,-3.0516
2015020668,-4.0811,-2.636
2015020669,-3.2267,-4.3091
2015020670,-3.6899,-3.8946
2015020671,-3.4622,-3.6755
2015020672,-2.5256,-2.5091
2015020673,-3.7576,-4.1925
2015020674,-3.7309,-3.7576
2015020675,-3.9176,-3.6658
2015020676,-4.1831,-2.6281
2015020677,-3.4383,-3.7473
2015020678,-3.5558,-3.0226
2015020679,-3.1392,-4.7435
2015020680,-2.3587,-2.9915
2015020681,-3.1787,-4.3507
2015020682,-4.1857,-3.35
2015020683,-3.8813,-3.519
2015020684,-4.5641,-4.67
2015020685,-2.8481,-3.4823
2015020686,-3.9171,-3.677
2015020687,-2.2501,-3.9603
2015020688,-3.3878,-3.821
2015020689,-2.6144,-5.1309
2015020690,-2.8856,-3.6874
2015020691,-4.7592,-2.8759
2015020692,-3.9367,-3.3812
2015020693,-4.1368,-3.7551
2015020694,-3.8533,-3.7847
2015020695,-3.1977,-5.1264
2015020696,-2.9141,-3.2664
2015020697,-4.4235,-4.3011
2015020698,-2.8736,-2.4963
2015020699,-2.7864,-3.8869
2015020700,-4.6761,-3.7544
2015020701,-2.1516,-3.1547
2015020702,-3.2302,-3.3701
2015020703,-2.8504,-2.9778
2015020705,-4.9569,-3.407
2015020706,-3.6908,-3.2876
2015020707,-2.9162,-3.599
2015020708,-4.6055,-3.1848
2015020709,-3.0755,-3.8819
2015020710,-2.4617,-3.3928
2015020711,-3.7524,-3.2198
2015020712,-3.8954,-3.8846
2015020713,-3.4339,-4.0268
2015020714,-2.465,-2.0154
2015020715,-3.4211,-4.073
2015020717,-4.0755,-4.0784
2015020718,-2.9078,-3.2297
2015020719,-4.3325,-3.8065
2015020721,-3.4963,-4.0016
2015020722,-4.5069,-2.6293
2015020723,-3.7135,-3.443
2015020724,-2.3467,-2.9219
2015020725,-3.3967,-2.8601
2015020726,-4.6212,-3.0624
2015020727,-5.4251,-3.3695
2015020728,-3.8679,-4.2447
2015020729,-4.2256,-3.2724
2015020730,-3.6717,-2.8151
2015020731,-4.6103,-4.6923
2015020732,-3.1083,-3.8604
2015020733,-3.6614,-3.5231
2015020734,-4.6249,-3.6493
2015020735,-2.9562,-3.8927
2015020736,-2.044,-3.8115
2015020737,-3.5047,-3.2886
2015020738,-3.8254,-3.8588
2015020739,-2.5498,-3.7171
2015020740,-2.808,-3.8476
2015020741,-3.5261,-4.1894
2015020742,-4.1651,-3.6666
2015020743,-3.256,-4.0856
2015020744,-4.4229,-3.8853
2015020745,-4.2364,-3.6509
2015020746,-3.3385,-3.2959
2015020747,-3.7787,-4.3881
2015020748,-2.9741,-2.9632
2015020749,-2.979,-2.1353
2015020750,-4.5516,-3.8347
2015020751,-3.0608,-3.6729
2015020752,-3.8669,-4.2542
2015020753,-4.5896,-3.7437
2015020754,-3.7115,-3.4294
2015020755,-4.7969,-2.2763
2015020756,-4.3431,-4.2952
2015020757,-2.8666,-3.181
2015020758,-2.7806,-3.4361
2015020759,-4.6705,-4.0731
2015020760,-3.9072,-3.211
2015020761,-2.7961,-3.1587
2015020762,-4.2948,-3.8442
2015020763,-3.0894,-3.9217
2015020764,-2.4018,-3.3088
2015020765,-4.3785,-2.8739
2015020766,-3.8579,-3.7499
2015020767,-3.9594,-3.8317
2015020768,-3.6843,-3.6446
2015020769,-3.9074,-4.3475
2015020770,-3.8843,-4.4123
2015020771,-2.7878,-2.5651
2015020772,-2.8326,-4.5103
2015020773,-2.1939,-3.9957
2015020774,-4.9655,-4.0861
2015020775,-3.9597,-2.4112
2015020776,-4.1853,-3.4177
2015020777,-4.0411,-3.5061
2015020778,-3.5133,-3.6042
2015020779,-4.693,-3.4291
2015020780,-3.6502,-4.5946
2015020781,-3.0325,-2.7419
2015020782,-4.2466,-4.1888
2015020783,-3.3862,-3.0425
2015020784,-3.4092,-3.9456
2015020785,-3.9526,-2.8196
2015020786,-3.9679,-2.7298
2015020787,-2.6007,-4.2613
2015020788,-3.7745,-4.7085
2015020789,-3.7948,-3.9132
2015020790,-3.5693,-3.7066
2015020791,-2.8963,-4.6293
2015020792,-3.1826,-2.5658
2015020793,-3.3498,-2.3336
2015020794,-4.1977,-3.4339
2015020795,-3.4484,-3.935
2015020796,-3.555,-3.9591
2015020797,-4.3684,-4.6523
2015020798,-3.5066,-3.8499
2015020799,-3.8581,-3.2803
2015020800,-3.8048,-2.4402
2015020801,-3.4062,-2.8639
2015020802,-5.1201,-3.65
2015020803,-4.0069,-3.2134
2015020804,-4.236,-3.718
2015020805,-2.9343,-4.9682
2015020806,-2.5265,-3.1183
2015020807,-2.8026,-3.708
2015020808,-3.805,-3.5763
2015020809,-3.6784,-3.6331
2015020810,-4.3577,-3.9546
2015020811,-3.5672,-4.5988
2015020812,-3.0497,-4.4295
2015020813,-4.3912,-3.1731
2015020814,-2.9732,-4.3505
2015020815,-4.1913,-4.2738
2015020816,-4.0053,-4.4394
2015020817,-3.1964,-3.1384
2015020818,-3.9393,-3.2874
2015020819,-4.009,-3.3532
2015020820,-5.3774,-2.3943
2015020821,-2.2228,-4.4637
2015020822,-3.593,-2.9652
2015020823,-3.9989,-3.7001
2015020824,-3.3969,-3.4286
2015020825,-4.302,-3.3111
2015020826,-4.0176,-4.34
2015020827,-3.2045,-3.6043
2015020828,-4.3915,-3.9716
2015020829,-3.7387,-3.4202
2015020830,-3.5115,-4.88
2015020831,-4.2661,-3.5629
2015020832,-4.1626,-4.2441
2015020833,-3.7771,-3.017
2015020834,-3.5116,-2.9514
2015020835,-4.2288,-4.4668
2015020836,-3.4702,-3.4069
2015020837,-2.842,-4.1982
2015020838,-2.8627,-4.0581
2015020839,-3.8173,-4.2818
2015020840,-4.007,-3.1595
2015020841,-4.3993,-4.4578
2015020842,-3.2444,-2.8101
2015020843,-3.8232,-3.9642
2015020844,-3.601,-5.5701
2015020845,-3.5481,-3.0402
2015020846,-3.7665,-4.5112
2015020847,-3.4702,-5.3828
2015020848,-3.745,-3.4069
2015020849,-4.1362,-3.6758
2015020850,-3.3911,-3.2453
2015020851,-3.7215,-3.7634
2015020852,-2.7014,-3.023
2015020853,-4.1042,-3.8584
2015020854,-3.063,-4.548
2015020855,-3.2929,-3.3291
2015020856,-5.1068,-3.4095
2015020857,-3.876,-4.1345
2015020858,-3.5506,-3.3929
2015020859,-2.5055,-3.7924
2015020860,-6.2791,-3.2594
2015020861,-3.4151,-4.3452
2015020862,-2.7014,-4.2865
2015020863,-3.6516,-3.023
2015020864,-4.0736,-3.5344
2015020865,-4.0514,-3.7355
2015020866,-3.945,-4.4537
2015020867,-3.3151,-4.1642
2015020868,-4.1354,-4.2453
2015020869,-3.4863,-3.3604
2015020870,-4.0155,-3.1335
2015020871,-2.9842,-4.2678
2015020872,-3.9096,-4.9293
2015020873,-3.8745,-4.065
2015020874,-2.5252,-3.1134
2015020875,-4.5468,-5.2089
2015020876,-3.3986,-3.9563
2015020877,-3.509,-3.8785
2015020878,-3.6936,-3.0618
2015020879,-3.3805,-3.832
2015020880,-4.3429,-4.5996
2015020881,-3.1426,-3.7088
2015020882,-3.4619,-4.6355
2015020883,-3.3223,-2.4875
2015020884,-4.7931,-2.9906
2015020885,-4.5621,-3.6191
2015020886,-3.6536,-2.931
2015020887,-4.386,-4.2777
2015020888,-4.2641,-4.2877
2015020889,-4.6411,-3.362
2015020890,-2.9222,-2.8439
2015020891,-4.3268,-3.94
2015020892,-3.8515,-3.5577
2015020893,-3.8538,-4.3834
2015020894,-3.4486,-4.3086
2015020895,-5.5271,-4.2668
2015020896,-4.0061,-3.7634
2015020897,-3.2276,-3.6708
2015020898,-4.2306,-3.7559
2015020899,-4.0145,-4.1485
2015020900,-4.2896,-4.0397
2015020901,-3.5972,-5.0215
2015020902,-2.4671,-4.2647
2015020903,-4.2444,-2.8404
2015020904,-4.9604,-2.9471
2015020905,-3.9768,-3.3782
2015020906,-4.2983,-3.7275
2015020907,-3.5287,-3.8241
2015020908,-5.2935,-3.4307
2015020909,-2.7652,-3.68
2015020910,-3.6267,-3.6774
2015020911,-4.0189,-4.4913
2015020912,-4.3994,-3.3281
2015020913,-4.7948,-3.9533
2015020914,-3.063,-4.587
2015020915,-3.7987,-4.0978
2015020916,-4.6877,-2.8764
2015020917,-3.0313,-3.869
2015020918,-4.8654,-3.8149
2015020919,-3.7586,-4.1313
2015020920,-3.1575,-3.696
2015020921,-3.4796,-3.9171
2015020922,-3.604,-3.6086
2015020923,-3.2643,-2.7925
2015020924,-4.4595,-3.3731
2015020925,-4.0613,-3.8109
2015020926,-3.7319,-4.514
2015020927,-4.8031,-3.9885
2015020928,-3.8123,-4.333
2015020929,-3.8017,-4.0685
2015020930,-4.0761,-3.0478
2015020931,-4.7083,-3.6609
2015020932,-4.099,-2.9314
2015020933,-3.6748,-2.8764
2015020934,-2.9095,-2.6775
2015020935,-3.5327,-3.9309
2015020936,-4.4501,-4.7398
2015020937,-3.7193,-2.7798
2015020938,-3.6747,-3.7831
2015020939,-3.6661,-3.9202
2015020940,-3.7999,-2.2949
2015020941,-4.2042,-4.2235
2015020942,-2.507,-2.9296
2015020720,-3.6322,-3.7112
2015020943,-3.251,-3.6892
2015020944,-3.6317,-3.7822
2015020945,-4.4454,-4.5457
2015020946,-3.9424,-4.2267
2015020947,-4.315,-3.6777
2015020948,-3.8728,-4.9175
2015020949,-3.8625,-4.0476
2015020950,-2.9176,-4.6289
2015020951,-3.5525,-3.3402
2015020952,-4.6373,-3.4662
2015020953,-3.931,-3.2899
2015020954,-2.9134,-4.1602
2015020955,-3.1937,-4.0868
2015020956,-3.5327,-4.4313
2015020957,-3.979,-3.9978
2015020958,-3.6185,-3.838
2015020959,-3.8836,-3.0915
2015020960,-3.4532,-4.1956
2015020961,-3.293,-4.5077
2015020962,-5.1878,-4.0883
2015020963,-4.1012,-3.6841
2015020964,-3.6881,-2.3294
2015020965,-4.0056,-3.7516
2015020966,-3.0664,-4.3948
2015020967,-3.1876,-4.085
2015020968,-4.2881,-4.0538
2015020969,-3.0971,-3.603
2015020970,-3.1909,-4.2879
2015020971,-5.1279,-3.6471
2015020972,-3.8417,-3.7302
2015020973,-2.8861,-3.7109
2015020974,-3.3865,-3.5564
2015020975,-3.6362,-4.7867
2015020976,-3.5443,-3.4351
2015020977,-3.2463,-3.9822
2015020978,-3.4691,-4.4641
2015020979,-2.3852,-3.6678
2015020980,-3.8609,-4.2359
2015020981,-4.3269,-2.6962
2015020982,-4.3929,-4.6031
2015020983,-4.1627,-3.525
2015020984,-3.0754,-4.1795
2015020985,-3.8319,-4.3232
2015020986,-3.194,-4.4534
2015020987,-3.8886,-3.0319
2015020988,-5.0551,-3.6368
2015020989,-4.5877,-3.5598
2015020990,-4.476,-1.9327
2015020991,-3.8558,-3.212
2015020992,-3.6798,-3.9811
2015020993,-3.4394,-4.8353
2015020994,-4.5719,-3.139
2015020995,-4.4705,-3.5821
2015020996,-3.7607,-4.4712
2015020997,-3.0044,-4.9106
2015020998,-4.1169,-4.8367
2015020999,-3.3252,-4.3176
2015021000,-4.063,-2.6125
2015021001,-3.7376,-4.2607
2015021002,-3.8849,-3.273
2015021003,-4.2739,-4.4095
2015021004,-3.9959,-4.0176
2015021005,-3.9769,-3.188
2015021006,-3.8876,-3.2695
2015021007,-4.4671,-4.3243
2015021008,-3.1819,-3.4572
2015021009,-4.3911,-3.3208
2015021010,-3.8638,-3.4621
2015021011,-4.138,-4.2415
2015021012,-2.7573,-3.6035
2015021013,-3.5909,-3.5981
2015021014,-3.9753,-3.506
2015021015,-3.6899,-4.1163
2015021016,-5.045,-4.2648
2015021017,-3.9139,-3.7256
2015021018,-3.8339,-4.3101
2015021019,-3.9393,-4.2212
2015021020,-3.7568,-4.531
2015021021,-2.8945,-3.203
2015021022,-4.1338,-3.653
2015021023,-2.993,-4.4401
2015021024,-3.8306,-4.1349
2015021025,-4.8191,-3.4834
2015021026,-4.7037,-3.3592
2015021027,-3.561,-4.9073
2015021028,-4.2962,-3.5316
2015021029,-2.7573,-2.8315
2015021030,-4.6534,-3.4992
2015021031,-3.5025,-3.2317
2015021032,-3.579,-4.3727
2015021033,-4.462,-3.4221
2015021034,-4.1013,-4.2962
2015021035,-4.2793,-3.9248
2015021036,-4.5739,-4.4986
2015021037,-3.4295,-3.4893
2015021038,-4.0906,-3.5316
2015021039,-4.0932,-3.0547
2015021040,-3.9435,-4.2599
2015021041,-3.3252,-5.168
2015021042,-4.7212,-2.8286
2015021043,-3.024,-3.7452
2015021044,-3.6804,-3.1511
2015021045,-4.3262,-4.2781
2015021046,-2.4847,-3.6632
2015021047,-3.9134,-2.7931
2015021048,-4.0827,-3.835
2015021049,-5.1725,-4.405
2015021050,-3.7926,-3.1087
2015021051,-4.5685,-5.0654
2015021052,-3.8183,-4.5778
2015021053,-3.5613,-3.2739
2015021054,-3.8887,-4.6514
2015021055,-3.4686,-3.277
2015021056,-4.0375,-3.499
2015021057,-4.0695,-4.6183
2015021058,-4.8277,-3.5141
2015021059,-3.752,-2.4144
2015021060,-3.9002,-4.286
2015021061,-3.7114,-3.4862
2015021062,-3.2518,-3.7464
2015021063,-3.1154,-3.988
2015021064,-3.3257,-4.4674
2015021065,-5.1843,-4.8391
2015021066,-4.0373,-3.4227
2015021067,-4.2515,-3.2934
2015021068,-3.9792,-5.5512
2015021069,-2.9669,-4.3654
2015021070,-3.5497,-2.5954
2015021071,-4.2726,-3.782
2015021072,-3.361,-3.3707
2015021073,-2.9329,-3.5686
2015021074,-4.2354,-4.4741
2015021075,-4.7148,-4.5973
2015021076,-3.6956,-3.1057
2015021077,-3.8409,-3.5712
2015021078,-3.0762,-4.0064
2015021079,-4.049,-2.9155
2015021080,-3.3215,-3.125
2015021081,-4.2017,-4.1794
2015021082,-3.8981,-3.9707
2015021083,-5.1619,-4.3656
2015021084,-3.0224,-4.2975
2015021085,-4.4336,-4.2379
2015021086,-4.3356,-3.3623
2015021087,-3.0902,-4.5748
2015021088,-3.7386,-3.3573
2015021089,-5.2083,-3.3906
2015021090,-3.4567,-4.5069
2015021091,-3.7912,-4.0849
2015021092,-4.218,-3.7506
2015021093,-2.8068,-3.6456
2015021094,-4.3032,-3.5934
2015021095,-3.3356,-4.0712
2015021096,-3.6093,-4.3992
2015021097,-4.7279,-4.6746
2015021098,-2.6024,-5.0486
2015021099,-4.4931,-3.9666
2015021100,-4.1172,-3.9073
2015021101,-5.0083,-3.6123
2015021102,-3.0382,-2.7025
2015021103,-2.9504,-4.8024
2015021104,-3.5653,-4.5343
2015021105,-3.6088,-3.4203
2015021106,-3.492,-3.7104
2015021107,-4.434,-4.4227
2015021108,-3.2278,-3.3259
2015021109,-4.5933,-4.9591
2015021110,-4.1191,-4.0291
2015021111,-2.5199,-5.2853
2015021112,-2.8111,-3.9207
2015021113,-2.9459,-4.4325
2015021114,-5.0714,-3.7019
2015021115,-3.1585,-2.7958
2015021116,-3.8876,-3.0311
2015021117,-4.9883,-3.7618
2015021118,-2.9105,-4.4697
2015021119,-4.0883,-4.05
2015021120,-4.0894,-3.2761
2015021121,-3.7409,-4.6965
2015021122,-2.7452,-4.1828
2015021123,-3.8712,-5.2044
2015021124,-4.1353,-4.5127
2015021125,-3.4211,-4.1246
2015021126,-4.8339,-4.0304
2015021127,-3.6751,-4.6892
2015021128,-3.8865,-5.0534
2015021129,-4.0256,-2.9436
2015021130,-3.4668,-3.3732
2015021131,-4.0187,-4.0536
2015021132,-5.2562,-3.3496
2015021133,-4.2713,-4.2884
2015021134,-3.3566,-3.6512
2015021135,-3.5429,-4.2119
2015021136,-3.2875,-4.7013
2015021137,-4.7638,-4.803
2015021138,-2.6006,-4.2206
2015021139,-2.6137,-4.2914
2015021140,-3.6796,-3.823
2015021141,-4.465,-3.5823
2015021142,-3.8732,-3.8622
2015021143,-3.7936,-2.9893
2015021144,-4.0163,-4.5522
2015021145,-4.9066,-4.3325
2015021146,-4.1157,-4.2675
2015021147,-4.6048,-3.584
2015021148,-3.7574,-2.8528
2015021149,-3.7181,-3.7962
2015021150,-5.1023,-4.0429
2015021151,-5.0997,-3.7377
2015021152,-4.3173,-5.0648
2015021153,-3.964,-4.3611
2015021154,-3.4526,-4.0359
2015021155,-4.0338,-3.0723
2015021156,-3.3421,-3.5734
2015021157,-3.7316,-3.4337
2015021158,-3.9442,-4.5216
2015021159,-4.2981,-3.4812
2015021160,-4.2914,-5.0453
2015021161,-3.2188,-3.7043
2015021162,-3.2604,-3.6865
2015021163,-4.4192,-4.1318
2015021164,-3.3527,-4.4532
2015021165,-4.6724,-4.1296
2015021166,-3.894,-3.9847
2015021167,-4.1679,-3.1668
2015021168,-4.7464,-5.1858
2015021169,-4.6283,-4.2881
2015021170,-5.1427,-2.9541
2015021171,-3.4977,-3.4508
2015021172,-3.4112,-4.3425
2015021173,-3.3082,-4.1034
2015021174,-3.7069,-4.2325
2015021175,-4.2136,-2.8345
2015021176,-4.2482,-4.9217
2015021177,-3.796,-4.0689
2015021178,-4.1701,-4.5855
2015021179,-3.1191,-4.2475
2015021180,-3.6932,-3.786
2015021181,-4.8875,-4.0804
2015021182,-3.7045,-4.6799
2015021183,-4.4275,-3.4977
2015021184,-4.03,-3.4249
2015021185,-3.876,-2.591
2015021186,-4.4981,-3.9317
2015021187,-3.8084,-4.2596
2015021188,-4.6245,-4.1088
2015021189,-3.6393,-4.0292
2015021190,-3.99,-3.4581
2015021191,-4.0174,-5.1094
2015021192,-4.7079,-3.81
2015021193,-5.4643,-3.0492
2015021194,-3.77,-4.3791
2015021195,-3.911,-3.1813
2015021196,-4.1134,-4.3057
2015021197,-4.9044,-4.2754
2015021198,-2.9789,-2.8332
2015021199,-3.2773,-3.5717
2015021200,-3.6485,-4.4859
2015021201,-4.175,-4.0186
2015021202,-3.5261,-3.5198
2015021203,-2.8545,-3.4949
2015021204,-4.1749,-4.3625
2015021205,-4.7232,-3.49
2015021206,-4.3438,-3.1319
2015021207,-5.0105,-4.4739
2015021208,-5.0987,-4.0961
2015021209,-3.8902,-4.9562
2015021210,-3.4548,-4.1338
2015021211,-4.4631,-4.5241
2015021212,-4.7897,-4.1835
2015021213,-3.9661,-2.8045
2015021214,-3.1415,-3.0743
2015021215,-3.8469,-3.2868
2015021216,-2.8658,-4.8205
2015021217,-4.3517,-3.9958
2015021218,-3.9853,-3.384
2015021219,-4.6572,-3.5034
2015021220,-5.2805,-3.4286
2015021221,-4.6175,-4.4672
2015021222,-3.0907,-4.7401
2015021223,-3.9019,-4.0829
2015021224,-4.23,-4.7687
2015021225,-4.7545,-3.5826
2015021226,-3.7574,-3.7604
2015021227,-4.7108,-3.7969
2015021228,-4.66,-4.0893
2015021229,-3.4387,-3.1349
2015021230,-3.572,-4.3784
2015020704,-3.6577,-3.7247
2015020716,-4.1944,-4.3731
2015030121,-4.048,-4.0236
2015030141,-3.116,-3.9847
2015030161,-3.894,-4.5473
2015030111,-4.0921,-3.9377
2015030131,-3.6647,-4.0884
2015030151,-4.1853,-3.8355
2015030181,-3.1749,-2.2883
2015030112,-3.8763,-4.0372
2015030122,-3.7087,-4.3067
2015030162,-3.9597,-4.4857
2015030171,-4.3881,-4.5385
2015030132,-3.2208,-4.6559
2015030142,-3.0196,-5.0085
2015030152,-3.9669,-4.2989
2015030182,-3.3782,-2.2883
2015030113,-4.7031,-3.1323
2015030123,-4.6752,-3.398
2015030163,-4.4954,-3.7414
2015030172,-4.7125,-4.4184
2015030133,-4.2732,-3.634
2015030153,-3.5349,-4.3679
2015030183,-2.2883,-3.6123
2015030124,-3.6148,-4.0725
2015030143,-4.7835,-3.0518
2015030164,-4.3014,-4.0509
2015030173,-4.4175,-4.7963
2015030114,-3.9648,-3.4014
2015030134,-4.4165,-3.8641
2015030154,-3.1962,-4.5098
2015030184,-2.2883,-3.6123
2015030125,-4.3343,-3.5478
2015030144,-4.6149,-3.2546
2015030165,-4.2372,-3.851
2015030174,-4.5154,-4.4181
2015030115,-4.1078,-3.2401
2015030135,-3.7059,-4.5697
2015030155,-4.004,-3.8387
2015030185,-3.6123,-2.2883
2015030145,-3.7639,-3.3717
2015030166,-4.225,-4.1507
2015030175,-4.5107,-4.3901
2015030116,-3.7184,-4.0026
2015030136,-4.5231,-3.632
2015030156,-3.8152,-3.8328
2015030167,-4.7851,-3.823
2015030176,-4.6436,-4.5206
2015030177,-4.155,-4.5165
2015030211,-3.6798,-3.0616
2015030221,-3.8411,-3.3667
2015030231,-4.0889,-4.0627
2015030241,-2.2883,-4.2934
2015030212,-3.6173,-3.135
2015030222,-3.8301,-3.4487
2015030232,-3.7479,-4.315
2015030242,-2.5005,-4.4256
2015030223,-4.4612,-3.598
2015030213,-3.6293,-3.1241
2015030233,-4.1557,-3.6246
2015030243,-4.3549,-2.1484
2015030224,-3.5787,-4.0166
2015030234,-4.0091,-3.9655
2015030244,-3.8724,-2.7351
2015030214,-3.6076,-3.6814
2015030225,-3.9858,-3.6164
2015030235,-3.8121,-4.0107
2015030245,-2.6415,-4.2652
2015030215,-3.5979,-3.4945
2015030236,-4.0193,-3.948
2015030246,-4.6926,-2.1926
2015030226,-3.6891,-3.7591
2015030237,-3.9658,-4.2409
2015030247,-2.6464,-4.4015
2015030311,-3.1755,-2.6636
2015030321,-4.2524,-2.2587
2015030312,-2.9745,-2.4767
2015030322,-4.1957,-2.376
2015030313,-2.7398,-2.9602
2015030323,-2.5078,-3.8182
2015030314,-2.9438,-2.8021
2015030324,-2.4426,-4.0908
2015030315,-2.889,-2.8802
2015030325,-4.1201,-2.503
2015030316,-3.0193,-2.6271
2015030326,-2.5885,-4.0781
2015030317,-3.2124,-3.1402
2015030411,-2.822,-2.92
2015030412,-2.669,-3.1002
2015030413,-2.3801,-3.1654
2015030414,-2.2345,-3.3404
2015030415,-3.5486,-2.0115
2015030416,-2.6813,-2.9549
2016020001,-2.5626,-3.6832
2016020002,-2.9045,-3.0041
2016020003,-2.4541,-2.8282
2016020004,-2.515,-2.1639
2016020005,-2.7794,-2.8502
2016020006,-2.7262,-2.7217
2016020007,-1.5983,-2.4667
2016020008,-2.7833,-3.2318
2016020009,-2.2968,-3.175
2016020010,-2.4456,-2.3321
2016020011,-2.9891,-2.7597
2016020012,-2.6121,-3.0501
2016020013,-2.594,-2.9902
2016020014,-3.0893,-2.7218
2016020015,-3.2313,-2.165
2016020016,-2.1639,-2.4965
2016020017,-3.9518,-3.305
2016020018,-2.2729,-2.3855
2016020019,-3.1429,-2.9838
2016020020,-2.0505,-2.3579
2016020021,-1.0339,-3.6844
2016020022,-2.8577,-2.7376
2016020023,-2.7859,-2.515
2016020024,-3.2884,-2.3765
2016020025,-2.4094,-2.7527
2016020026,-3.459,-2.4343
2016020027,-2.5638,-2.3537
2016020028,-3.2423,-2.252
2016020029,-2.6201,-3.2101
2016020030,-2.9881,-3.2256
2016020031,-2.2414,-2.9226
2016020032,-2.5284,-3.3553
2016020033,-2.9569,-2.3644
2016020034,-1.5626,-2.0932
2016020035,-2.6839,-1.5915
2016020036,-2.6767,-4.3183
2016020037,-2.9475,-3.8305
2016020038,-2.1417,-2.8113
2016020039,-2.833,-2.2181
2016020040,-3.3642,-1.8417
2016020041,-2.2391,-2.9568
2016020042,-3.1429,-1.6797
2016020043,-2.9576,-2.9992
2016020044,-2.8166,-1.9534
2016020045,-2.9564,-2.3675
2016020046,-3.4854,-3.7987
2016020047,-1.7402,-3.5705
2016020048,-2.893,-2.8838
2016020049,-2.1255,-1.9486
2016020050,-2.7227,-2.797
2016020051,-4.0375,-2.7467
2016020052,-3.3545,-3.9178
2016020053,-2.1422,-2.3896
2016020054,-3.0338,-3.2547
2016020055,-2.7652,-2.3161
2016020056,-1.9749,-2.4576
2016020057,-2.8252,-3.0142
2016020058,-3.2236,-2.2675
2016020059,-3.4787,-2.8011
2016020060,-2.2059,-2.8921
2016020061,-2.9192,-3.8273
2016020062,-2.8266,-3.0261
2016020063,-2.6111,-1.9185
2016020064,-2.5307,-2.6699
2016020065,-4.1159,-2.8091
2016020066,-2.1675,-2.957
2016020067,-2.3514,-2.8089
2016020068,-2.2292,-2.607
2016020069,-2.9181,-2.2751
2016020070,-3.3445,-3.8429
2016020071,-2.0276,-1.8117
2016020072,-3.3271,-3.4795
2016020073,-2.1861,-1.8364
2016020074,-2.5168,-2.3105
2016020075,-2.5199,-3.4381
2016020076,-2.5815,-2.8973
2016020077,-2.4977,-1.6237
2016020078,-2.4906,-2.6126
2016020079,-1.6592,-3.5906
2016020080,-4.0496,-3.1746
2016020081,-3.2351,-3.0338
2016020082,-2.6722,-2.9354
2016020083,-3.1373,-2.5037
2016020084,-2.6939,-3.5524
2016020085,-3.0814,-3.7194
2016020086,-2.6823,-1.973
2016020087,-3.3704,-2.3761
2016020088,-2.5295,-4.0932
2016020089,-2.985,-3.3076
2016020090,-2.2477,-1.5913
2016020091,-4.217,-2.6673
2016020092,-2.3204,-2.4399
2016020093,-2.3145,-3.4161
2016020094,-2.7805,-3.2096
2016020095,-1.8425,-2.8774
2016020096,-2.5557,-1.8826
2016020097,-3.7555,-1.9093
2016020098,-4.3311,-2.9378
2016020099,-2.9815,-3.6195
2016020100,-2.3392,-3.2877
2016020101,-2.8741,-2.4744
2016020102,-2.77,-2.9561
2016020103,-3.4324,-3.02
2016020104,-1.8572,-1.6662
2016020105,-2.0373,-3.3145
2016020106,-2.0246,-2.672
2016020107,-2.6796,-2.1169
2016020108,-3.6919,-1.5987
2016020109,-3.3643,-0.8686
2016020110,-3.0597,-3.0678
2016020111,-3.7228,-2.066
2016020112,-2.8969,-2.7072
2016020113,-3.7421,-2.7937
2016020114,-2.9833,-2.656
2016020115,-3.4256,-2.9302
2016020116,-2.3438,-2.6753
2016020117,-2.6547,-2.0872
2016020118,-3.0741,-1.9965
2016020119,-3.1954,-3.4914
2016020120,-3.7465,-3.108
2016020121,-3.4917,-2.442
2016020122,-2.1767,-3.4271
2016020123,-1.8355,-2.9128
2016020124,-3.0048,-3.5487
2016020125,-3.0323,-2.8878
2016020126,-3.5588,-2.8602
2016020127,-2.3214,-2.8192
2016020128,-2.5321,-2.0862
2016020129,-2.1903,-3.6129
2016020130,-2.6863,-2.3741
2016020131,-3.1326,-2.867
2016020132,-2.5682,-3.0303
2016020133,-2.8152,-4.232
2016020134,-3.4432,-3.113
2016020135,-2.9846,-2.779
2016020136,-2.8024,-3.3413
2016020137,-2.5675,-2.2895
2016020138,-3.0203,-2.675
2016020139,-2.4199,-2.4436
2016020140,-3.5693,-2.8623
2016020141,-3.5298,-3.042
2016020142,-2.0499,-3.0291
2016020143,-2.7438,-3.1056
2016020144,-3.3255,-3.7703
2016020145,-2.7225,-2.0266
2016020146,-2.3192,-3.0098
2016020147,-2.9011,-2.9854
2016020148,-2.5226,-3.6491
2016020149,-3.1137,-2.1194
2016020150,-2.7739,-3.2799
2016020151,-3.1012,-2.9077
2016020152,-3.1041,-2.3438
2016020153,-2.2604,-2.9109
2016020154,-4.0495,-2.8892
2016020155,-3.9024,-2.8188
2016020156,-2.5323,-2.0145
2016020157,-2.6382,-2.868
2016020158,-2.7485,-2.7034
2016020159,-3.6828,-2.7978
2016020160,-2.4702,-3.6329
2016020161,-2.8473,-2.7056
2016020162,-3.2344,-2.4491
2016020163,-3.1955,-3.2563
2016020164,-2.9897,-3.5958
2016020165,-2.9314,-1.9792
2016020166,-3.0815,-2.9101
2016020167,-2.4273,-3.8292
2016020168,-2.3915,-2.6468
2016020169,-3.398,-2.5229
2016020170,-3.2629,-2.9054
2016020171,-3.5588,-2.4493
2016020172,-2.1049,-2.811
2016020173,-2.426,-2.3183
2016020174,-3.2689,-3.4047
2016020175,-3.2594,-2.6824
2016020176,-3.5296,-2.7158
2016020177,-3.0711,-3.2119
2016020178,-3.0675,-2.0631
2016020179,-2.7753,-3.2507
2016020180,-2.8056,-2.4579
2016020181,-2.804,-4.0401
2016020182,-3.1802,-2.7867
2016020183,-2.7157,-3.3346
2016020184,-3.055,-3.9838
2016020185,-3.6453,-3.4821
2016020186,-2.3215,-3.2072
2016020187,-2.0741,-2.4645
2016020188,-2.5924,-1.9942
2016020189,-3.0382,-2.7475
2016020190,-2.5781,-2.4287
2016020191,-2.2632,-2.8024
2016020192,-3.4726,-3.7759
2016020193,-2.806,-2.7797
2016020194,-2.5688,-2.8884
2016020195,-2.6647,-2.5707
2016020196,-2.8927,-2.6394
2016020197,-2.0864,-3.1587
2016020198,-2.9829,-2.6637
2016020199,-2.9092,-2.4436
2016020200,-4.0152,-3.9863
2016020201,-2.8773,-3.0168
2016020202,-3.3766,-2.1934
2016020203,-2.4211,-2.475
2016020204,-3.4126,-3.5206
2016020205,-3.9741,-1.6113
2016020206,-2.2914,-2.9145
2016020207,-2.3139,-3.1439
2016020208,-3.4311,-2.7429
2016020209,-2.9414,-2.3979
2016020210,-3.6544,-1.3494
2016020211,-3.425,-3.6197
2016020212,-2.7722,-3.3905
2016020213,-2.4507,-2.4499
2016020214,-3.0886,-3.2633
2016020215,-2.8057,-2.379
2016020216,-3.665,-3.4537
2016020217,-2.013,-2.4396
2016020218,-3.1009,-2.6648
2016020219,-3.2057,-2.7133
2016020220,-2.0904,-2.9758
2016020221,-4.3596,-2.4491
2016020222,-3.4218,-3.037
2016020223,-2.4762,-2.9837
2016020224,-4.6382,-3.2087
2016020225,-3.3623,-3.6508
2016020226,-2.5612,-2.6105
2016020227,-2.9168,-2.7348
2016020228,-3.9196,-3.1555
2016020229,-3.5832,-2.7381
2016020230,-3.4533,-3.1128
2016020231,-2.7704,-2.5983
2016020232,-3.1724,-3.6277
2016020233,-2.0953,-2.2284
2016020234,-2.9633,-2.574
2016020235,-3.9553,-3.0626
2016020236,-3.1441,-2.6232
2016020237,-4.255,-3.1568
2016020238,-2.4815,-2.2684
2016020239,-4.1309,-2.3424
2016020240,-2.8188,-3.4053
2016020241,-4.3362,-2.7828
2016020242,-3.0091,-4.276
2016020243,-3.2875,-1.4135
2016020244,-3.3464,-3.6785
2016020245,-2.4554,-3.0719
2016020246,-3.0123,-2.0675
2016020247,-2.0369,-3.1298
2016020248,-3.2199,-2.4248
2016020249,-3.2949,-3.1853
2016020250,-3.7532,-2.5556
2016020251,-3.9855,-2.4469
2016020252,-4.0685,-4.3636
2016020253,-3.6369,-2.5337
2016020254,-3.5206,-4.0944
2016020255,-3.3874,-1.8623
2016020256,-2.6301,-3.7666
2016020257,-3.4554,-3.4003
2016020258,-2.4018,-3.0853
2016020259,-2.7609,-2.8154
2016020260,-3.2848,-2.7383
2016020261,-3.4804,-2.8994
2016020262,-2.8576,-2.044
2016020263,-2.7172,-2.0747
2016020264,-3.2179,-1.4658
2016020265,-2.8783,-3.9563
2016020266,-3.9415,-3.8306
2016020267,-3.0424,-2.5191
2016020268,-3.1926,-3.1607
2016020269,-3.8333,-2.8024
2016020270,-4.0871,-2.6753
2016020271,-2.6931,-3.6168
2016020272,-3.2435,-3.3035
2016020273,-2.4371,-2.1162
2016020274,-3.7783,-2.3106
2016020275,-3.3677,-3.4804
2016020276,-2.7227,-2.5312
2016020277,-1.8941,-2.5778
2016020278,-3.3171,-2.6898
2016020279,-3.4938,-3.3599
2016020280,-3.9578,-3.6175
2016020281,-4.2946,-3.4071
2016020282,-3.0285,-2.6069
2016020283,-2.451,-2.4643
2016020284,-2.2112,-2.3568
2016020285,-2.444,-3.3145
2016020286,-3.9855,-3.0576
2016020287,-3.7738,-3.1868
2016020288,-2.6254,-3.3002
2016020289,-3.1282,-2.2442
2016020290,-2.5481,-1.9702
2016020291,-2.7372,-2.5332
2016020292,-3.0581,-3.0808
2016020293,-3.8353,-2.3101
2016020294,-3.7483,-3.1495
2016020295,-3.1839,-3.6213
2016020296,-2.9666,-3.5872
2016020297,-3.8213,-3.5257
2016020298,-2.9027,-4.2077
2016020299,-3.2033,-3.8487
2016020300,-2.6135,-2.4165
2016020301,-3.1835,-2.2468
2016020302,-3.9113,-2.3338
2016020303,-3.3395,-2.1567
2016020304,-2.6731,-3.5151
2016020305,-3.2432,-3.6542
2016020306,-2.6091,-2.5519
2016020307,-2.9611,-2.9377
2016020308,-2.8392,-2.5521
2016020309,-2.6656,-3.4483
2016020310,-3.0684,-3.4489
2016020311,-4.2117,-3.5164
2016020312,-3.8011,-3.5673
2016020313,-2.4899,-2.0723
2016020314,-2.6353,-2.8993
2016020315,-3.3913,-2.1044
2016020316,-4.0645,-3.2073
2016020317,-2.8147,-3.5144
2016020318,-2.6393,-2.9333
2016020319,-3.7356,-3.9547
2016020320,-3.0678,-3.5869
2016020321,-3.8796,-3.0411
2016020322,-2.8374,-3.3129
2016020323,-4.0468,-3.5063
2016020324,-2.8099,-3.63
2016020325,-2.5873,-2.8744
2016020326,-2.7654,-2.7026
2016020327,-3.1374,-2.694
2016020328,-3.5515,-3.1052
2016020329,-2.2353,-3.7502
2016020330,-3.0694,-2.27
2016020331,-2.5715,-3.0301
2016020332,-3.4914,-2.7948
2016020333,-2.5331,-2.9671
2016020334,-2.6943,-3.5145
2016020335,-2.2863,-3.4479
2016020336,-3.3303,-4.0807
2016020337,-3.4468,-3.5374
2016020338,-3.9292,-1.5038
2016020339,-4.3384,-3.5599
2016020340,-3.0958,-2.9453
2016020341,-3.0466,-3.7363
2016020342,-3.8962,-2.6133
2016020343,-3.1536,-2.253
2016020344,-3.2019,-2.4947
2016020345,-3.2424,-2.5349
2016020346,-2.9907,-2.7926
2016020347,-3.1359,-3.6548
2016020348,-2.874,-3.2811
2016020349,-2.7902,-2.4739
2016020350,-2.4841,-4.3013
2016020351,-2.5837,-2.2667
2016020352,-2.3805,-3.0922
2016020353,-3.0834,-4.2015
2016020354,-2.7667,-3.4422
2016020355,-4.1259,-3.3695
2016020356,-3.7553,-2.7439
2016020357,-2.5434,-3.9674
2016020358,-2.5476,-3.4516
2016020359,-3.4389,-2.8512
2016020360,-2.8664,-2.7974
2016020361,-3.1236,-3.0288
2016020362,-3.8536,-4.2883
2016020363,-2.4228,-4.3803
2016020364,-2.7471,-2.6766
2016020365,-2.9606,-2.5187
2016020366,-2.7072,-2.5592
2016020367,-3.8704,-2.5341
2016020368,-4.2663,-3.1502
2016020369,-3.726,-4.3475
2016020370,-3.5679,-2.9493
2016020371,-2.8106,-2.175
2016020372,-3.4125,-3.1107
2016020373,-3.9517,-3.3868
2016020374,-3.0615,-2.7101
2016020375,-3.1279,-3.1219
2016020376,-3.4439,-3.7779
2016020377,-3.5591,-3.3681
2016020378,-2.9449,-4.4642
2016020379,-2.2392,-2.3799
2016020380,-3.1519,-3.0724
2016020381,-3.683,-3.4394
2016020382,-3.1488,-3.56
2016020383,-4.4964,-3.7825
2016020384,-3.4908,-2.8377
2016020385,-3.5657,-4.2336
2016020386,-2.5621,-3.2473
2016020387,-3.8373,-4.1873
2016020388,-2.893,-3.356
2016020389,-2.5724,-3.9952
2016020390,-4.3357,-2.5112
2016020391,-3.1011,-3.3994
2016020392,-3.1155,-3.1811
2016020393,-3.5997,-2.5374
2016020394,-2.9743,-3.5764
2016020395,-3.2254,-4.4717
2016020396,-2.2903,-2.7807
2016020397,-3.7594,-4.1179
2016020398,-2.8145,-3.6568
2016020399,-2.3753,-4.4781
2016020400,-4.1397,-1.5612
2016020401,-2.0783,-3.7238
2016020402,-4.1325,-2.9216
2016020403,-3.9424,-2.339
2016020404,-3.2609,-3.6119
2016020405,-2.4181,-3.355
2016020406,-3.9247,-3.2465
2016020407,-3.1195,-3.4371
2016020408,-3.5857,-4.5225
2016020409,-2.6867,-3.6027
2016020410,-2.6477,-3.0382
2016020411,-3.2618,-3.5865
2016020412,-3.4093,-2.9274
2016020413,-3.7331,-2.5208
2016020414,-3.2211,-4.0873
2016020415,-2.5169,-2.233
2016020416,-3.9561,-4.1936
2016020417,-3.3375,-2.2754
2016020418,-3.3221,-3.7553
2016020419,-2.8664,-2.0263
2016020420,-3.4997,-3.4728
2016020421,-2.4973,-3.6915
2016020422,-3.7787,-3.1452
2016020423,-2.9935,-4.2572
2016020424,-3.7021,-3.5976
2016020425,-2.9267,-4.1422
2016020426,-3.8861,-2.9903
2016020427,-2.3947,-3.7895
2016020428,-4.5156,-2.5331
2016020429,-2.421,-3.947
2016020430,-2.951,-3.6852
2016020431,-2.5516,-3.2277
2016020432,-2.7398,-2.6572
2016020433,-3.628,-2.3509
2016020434,-3.1081,-4.6753
2016020435,-3.1412,-4.325
2016020436,-3.4411,-4.1028
2016020437,-3.4308,-4.3115
2016020438,-3.155,-3.4289
2016020439,-4.218,-2.1472
2016020440,-3.8496,-2.8866
2016020441,-3.993,-4.1265
2016020442,-2.2036,-4.0983
2016020443,-2.6374,-2.1787
2016020444,-4.0358,-3.5197
2016020445,-4.4658,-2.7828
2016020446,-2.3061,-2.6003
2016020447,-2.8677,-4.4464
2016020448,-3.4424,-2.5373
2016020449,-4.1628,-3.2168
2016020450,-3.5713,-2.6115
2016020451,-3.0908,-4.1656
2016020452,-3.8898,-3.5342
2016020453,-2.736,-2.2799
2016020454,-2.2236,-2.6207
2016020455,-2.1886,-3.415
2016020456,-3.4185,-3.1342
2016020457,-3.914,-4.1882
2016020458,-2.2624,-3.2181
2016020459,-4.683,-2.7888
2016020460,-3.8171,-3.7639
2016020461,-2.7295,-3.6055
2016020462,-3.0878,-2.0528
2016020463,-3.472,-3.4649
2016020464,-3.402,-3.1646
2016020465,-3.1912,-2.3903
2016020466,-3.177,-2.4005
2016020467,-3.4845,-2.6716
2016020468,-3.7593,-3.1929
2016020469,-3.3115,-3.0633
2016020470,-3.7166,-2.4202
2016020471,-2.8374,-3.938
2016020472,-4.312,-3.1756
2016020473,-2.6134,-3.5792
2016020474,-2.7494,-4.0266
2016020475,-3.4976,-3.5041
2016020476,-3.0954,-3.0076
2016020478,-2.5141,-3.0049
2016020479,-3.4647,-3.4887
2016020480,-3.7712,-2.3084
2016020481,-3.4868,-2.9192
2016020482,-3.4596,-3.1582
2016020483,-2.4298,-3.7843
2016020484,-3.6279,-3.1919
2016020485,-2.302,-2.7259
2016020486,-3.0818,-3.7308
2016020487,-4.2352,-2.7964
2016020488,-2.3701,-4.2985
2016020489,-3.0943,-3.6015
2016020490,-4.1598,-3.4306
2016020491,-3.805,-2.63
2016020492,-3.4896,-2.6272
2016020493,-3.2644,-3.4341
2016020494,-3.2787,-3.8047
2016020495,-3.2644,-2.583
2016020496,-3.945,-3.0174
2016020497,-3.2303,-2.302
2016020498,-2.3474,-2.2874
2016020499,-3.8885,-3.6599
2016020500,-2.6383,-3.9278
2016020501,-3.7798,-3.7641
2016020502,-3.0499,-3.7825
2016020503,-4.3864,-2.4818
2016020504,-3.555,-3.0853
2016020505,-2.8151,-2.696
2016020506,-3.8557,-2.2328
2016020507,-3.0464,-4.0769
2016020508,-3.7688,-2.6823
2016020509,-2.4271,-2.246
2016020510,-3.268,-3.9129
2016020511,-3.1944,-3.9812
2016020512,-2.776,-4.0179
2016020513,-3.2275,-4.2149
2016020514,-2.8249,-3.6015
2016020515,-2.6892,-2.9274
2016020516,-3.5477,-3.9551
2016020517,-4.1485,-3.3585
2016020518,-2.189,-3.3961
2016020519,-3.3792,-3.8028
2016020520,-2.5265,-3.8159
2016020521,-3.8222,-3.4612
2016020522,-3.3656,-3.0373
2016020523,-2.7453,-3.144
2016020524,-3.8051,-2.2081
2016020525,-3.1079,-3.9661
2016020526,-3.9398,-2.6529
2016020527,-2.8241,-2.9893
2016020528,-3.4984,-3.1579
2016020529,-2.9766,-1.9861
2016020530,-3.5616,-2.7198
2016020531,-3.8011,-3.7823
2016020532,-3.4828,-3.4288
2016020533,-3.8047,-3.7462
2016020534,-3.6408,-3.8473
2016020535,-2.6359,-2.9356
2016020536,-3.1176,-2.735
2016020537,-2.7924,-2.9697
2016020538,-3.6776,-2.0216
2016020539,-2.8986,-2.7778
2016020540,-4.1167,-3.3211
2016020541,-2.5656,-3.6222
2016020542,-4.8138,-4.095
2016020543,-3.4006,-3.2716
2016020544,-2.796,-2.9712
2016020545,-3.2201,-2.96
2016020546,-3.5417,-3.265
2016020547,-3.0326,-2.8833
2016020548,-3.9126,-2.9038
2016020549,-4.2958,-3.4164
2016020550,-3.0965,-3.3165
2016020551,-2.802,-2.9789
2016020552,-3.0025,-2.7533
2016020553,-2.2972,-2.7448
2016020554,-3.2948,-3.4353
2016020555,-3.9518,-3.4147
2016020556,-2.7017,-2.9298
2016020557,-4.5698,-3.2152
2016020558,-4.4642,-3.2138
2016020559,-3.0065,-4.3252
2016020560,-3.3965,-3.4099
2016020561,-3.4867,-3.7277
2016020562,-2.9471,-3.0184
2016020563,-4.7867,-3.3746
2016020564,-3.7634,-3.6417
2016020565,-3.9036,-3.5338
2016020566,-3.1868,-3.3468
2016020567,-3.1808,-4.691
2016020568,-3.4168,-4.2071
2016020569,-2.8152,-2.6768
2016020570,-3.3845,-2.8742
2016020571,-3.4492,-4.4642
2016020572,-3.4988,-2.5829
2016020573,-3.7678,-4.1948
2016020574,-3.4208,-3.0355
2016020575,-2.9366,-4.0361
2016020576,-3.2762,-2.9729
2016020577,-3.3945,-4.0244
2016020578,-3.4856,-3.9559
2016020579,-2.9451,-3.265
2016020580,-3.3346,-2.7154
2016020581,-3.1098,-3.4695
2016020582,-3.7956,-3.7545
2016020583,-4.4642,-4.6767
2016020584,-3.4828,-2.9844
2016020585,-3.3077,-2.5187
2016020586,-4.5758,-3.4532
2016020587,-3.3434,-2.8199
2016020588,-4.3482,-2.392
2016020589,-2.6757,-3.0033
2016020590,-3.1266,-3.7218
2016020591,-3.5779,-2.4632
2016020592,-3.6849,-3.6221
2016020593,-4.0231,-3.148
2016020594,-3.4042,-2.5505
2016020595,-3.4706,-2.4218
2016020596,-2.6218,-3.3818
2016020597,-4.414,-4.446
2016020598,-3.7828,-4.2552
2016020599,-3.6554,-3.8
2016020600,-3.3066,-3.1187
2016020601,-3.4426,-3.0496
2016020602,-3.4065,-4.8399
2016020603,-2.8295,-4.3179
2016020604,-3.5991,-3.4472
2016020605,-3.8764,-3.5096
2016020606,-3.3702,-4.7391
2016020607,-2.9809,-2.9005
2016020608,-3.2553,-3.264
2016020609,-4.4496,-2.7948
2016020610,-2.9824,-2.7779
2016020611,-3.3108,-2.9896
2016020612,-4.0664,-3.8661
2016020613,-3.0733,-3.7442
2016020614,-4.0287,-3.1398
2016020615,-3.6164,-3.1779
2016020616,-3.341,-3.1828
2016020617,-2.8826,-4.6258
2016020618,-4.8227,-2.8101
2016020619,-2.9955,-3.6485
2016020620,-3.907,-3.122
2016020621,-2.742,-2.5145
2016020622,-3.4793,-2.8162
2016020623,-3.5543,-3.9758
2016020624,-3.7665,-3.0888
2016020625,-3.3046,-3.1975
2016020626,-3.6135,-2.9973
2016020627,-2.806,-3.4445
2016020628,-3.684,-2.3539
2016020629,-4.582,-4.2719
2016020630,-3.1865,-2.2247
2016020631,-4.3433,-4.1252
2016020632,-4.7331,-2.963
2016020633,-4.3609,-2.7477
2016020634,-3.0859,-3.0832
2016020635,-3.073,-3.9928
2016020636,-3.3327,-3.6238
2016020637,-3.6397,-3.3567
2016020638,-3.3065,-4.4555
2016020639,-3.3994,-3.0944
2016020640,-3.5093,-3.2991
2016020641,-3.2027,-3.6139
2016020642,-3.5177,-3.7254
2016020643,-3.1249,-3.4133
2016020644,-4.7658,-3.6976
2016020645,-3.1767,-4.4778
2016020646,-3.3755,-4.1797
2016020647,-3.7428,-2.365
2016020648,-4.061,-3.1079
2016020649,-4.1339,-3.3827
2016020650,-4.4945,-2.8207
2016020651,-3.6252,-3.5313
2016020652,-2.8928,-3.7179
2016020653,-2.956,-3.4524
2016020654,-4.0265,-4.453
2016020655,-2.7958,-3.7051
2016020656,-3.2596,-3.9442
2016020657,-3.8368,-3.8469
2016020658,-4.4328,-3.6766
2016020659,-4.0997,-2.8757
2016020660,-3.452,-3.1807
2016020661,-4.1317,-2.9185
2016020662,-4.005,-3.6301
2016020663,-3.5315,-4.3281
2016020664,-4.3463,-3.26
2016020665,-3.4609,-3.1839
2016020666,-3.4835,-3.1692
2016020667,-3.7579,-4.5417
2016020668,-3.3659,-3.3597
2016020669,-3.1529,-3.2325
2016020670,-3.8946,-4.225
2016020671,-3.0219,-2.8757
2016020672,-3.8655,-3.8739
2016020673,-3.1933,-3.8665
2016020674,-4.2532,-3.5445
2016020675,-3.2707,-4.1526
2016020676,-4.0855,-3.3382
2016020677,-3.6992,-4.376
2016020678,-3.8729,-3.5358
2016020679,-3.2984,-3.6811
2016020680,-3.1524,-3.321
2016020681,-3.5435,-4.4442
2016020682,-2.62,-4.3688
2016020683,-2.2448,-3.4308
2016020684,-3.5029,-3.0544
2016020685,-3.7292,-3.1653
2016020686,-3.6178,-4.1199
2016020687,-3.4386,-3.8413
2016020688,-4.7649,-3.9527
2016020689,-4.1837,-3.6942
2016020690,-3.896,-3.8086
2016020691,-3.1562,-3.5403
2016020692,-3.271,-3.0568
2016020693,-2.5199,-4.3288
2016020694,-4.2591,-3.5068
2016020695,-3.4757,-4.1042
2016020696,-3.8499,-4.0752
2016020697,-4.2514,-3.3068
2016020698,-4.2386,-2.8797
2016020699,-3.7358,-2.7098
2016020700,-3.0965,-3.7441
2016020701,-3.5029,-3.4072
2016020702,-4.0559,-3.3291
2016020703,-4.6076,-4.1548
2016020704,-4.446,-3.0666
2016020705,-3.2192,-3.7963
2016020706,-3.5519,-3.815
2016020707,-2.7723,-4.1325
2016020708,-4.3751,-4.391
2016020709,-3.6639,-3.4164
2016020710,-2.4417,-2.8122
2016020711,-2.1361,-3.5754
2016020712,-3.4112,-3.1257
2016020713,-3.9155,-3.934
2016020714,-3.5356,-4.017
2016020715,-4.0497,-4.289
2016020716,-2.9995,-3.7691
2016020717,-3.3995,-4.0518
2016020718,-3.4538,-2.7767
2016020719,-3.5184,-3.8592
2016020720,-4.2686,-3.8843
2016020721,-2.0521,-2.7161
2016020722,-3.2067,-3.5444
2016020723,-3.8071,-3.218
2016020724,-4.0658,-2.7063
2016020725,-4.4291,-3.9704
2016020726,-3.6608,-4.1594
2016020727,-2.9588,-3.9625
2016020728,-3.5601,-3.066
2016020729,-4.1676,-3.6855
2016020730,-3.246,-2.8781
2016020731,-3.6658,-3.1954
2016020732,-3.5633,-4.289
2016020733,-3.7907,-3.4844
2016020734,-3.6846,-3.2168
2016020735,-3.6929,-4.1376
2016020736,-3.3809,-4.2644
2016020737,-3.3779,-1.8017
2016020738,-4.0245,-4.0009
2016020739,-4.3066,-3.881
2016020740,-3.0364,-4.0958
2016020741,-3.5228,-3.7753
2016020742,-4.2453,-4.0619
2016020743,-3.4141,-3.8024
2016020744,-3.3386,-3.3447
2016020745,-3.1969,-4.0427
2016020746,-3.8788,-4.0021
2016020747,-3.3518,-3.1885
2016020748,-3.4672,-3.5895
2016020749,-4.4991,-2.5055
2016020750,-4.1472,-3.5451
2016020751,-4.1761,-2.9182
2016020752,-4.1595,-4.8347
2016020753,-2.6984,-4.0768
2016020754,-3.0149,-2.8788
2016020755,-3.5618,-2.9692
2016020756,-3.7552,-3.0325
2016020757,-4.2851,-4.4002
2016020758,-4.3065,-3.2451
2016020759,-4.0873,-3.0177
2016020760,-4.0956,-3.7242
2016020761,-3.8753,-3.4788
2016020762,-4.0538,-4.0146
2016020763,-3.6847,-3.396
2016020764,-4.3048,-3.0919
2016020765,-4.0463,-2.4469
2016020766,-3.0456,-4.546
2016020767,-3.6809,-3.0811
2016020768,-2.6566,-2.9402
2016020769,-3.6537,-3.0779
2016020770,-2.499,-4.3905
2016020771,-3.3855,-3.527
2016020772,-3.5661,-3.8636
2016020773,-4.9619,-3.2594
2016020774,-3.1358,-3.5042
2016020775,-3.5715,-4.2443
2016020776,-2.7502,-3.4832
2016020777,-3.7454,-2.531
2016020778,-4.9125,-3.165
2016020779,-3.7387,-2.884
2016020780,-3.6203,-3.7029
2016020781,-3.6808,-3.4405
2016020782,-3.7334,-3.688
2016020783,-2.5689,-3.8745
2016020784,-3.5864,-3.7891
2016020785,-3.2218,-4.3658
2016020786,-3.6248,-3.4022
2016020787,-4.4992,-3.0889
2016020788,-3.1217,-3.8623
2016020789,-3.3,-3.1499
2016020790,-3.8501,-2.5076
2016020791,-3.9157,-3.6538
2016020792,-3.4697,-3.4385
2016020793,-3.2365,-3.2211
2016020794,-3.7007,-4.2719
2016020795,-5.087,-3.1744
2016020796,-3.9764,-4.3584
2016020797,-2.1167,-4.4652
2016020798,-3.6442,-3.5689
2016020799,-4.6747,-3.5082
2016020800,-3.4946,-3.2376
2016020801,-3.6543,-3.0592
2016020802,-3.1907,-2.662
2016020803,-3.1926,-4.8043
2016020804,-3.493,-3.3155
2016020805,-3.8926,-3.2737
2016020806,-3.1412,-3.9987
2016020807,-4.5561,-3.6645
2016020808,-3.9218,-3.3076
2016020809,-4.3694,-4.2114
2016020810,-2.5428,-4.4652
2016020811,-3.0222,-3.1112
2016020812,-3.9867,-3.3264
2016020813,-3.3457,-2.6757
2016020814,-4.2936,-3.5218
2016020815,-2.4979,-4.019
2016020816,-3.4808,-3.4828
2016020817,-3.6794,-2.8586
2016020818,-4.1122,-2.9995
2016020819,-4.6804,-3.5244
2016020820,-3.9269,-3.7467
2016020821,-3.5567,-3.7181
2016020822,-3.4185,-3.8993
2016020823,-2.7533,-3.2495
2016020824,-2.6868,-4.415
2016020825,-4.1106,-2.6661
2016020826,-3.7274,-2.7258
2016020827,-5.0346,-3.7001
2016020828,-4.0007,-3.3965
2016020829,-3.2951,-3.9978
2016020830,-3.8094,-3.6677
2016020831,-3.6473,-4.6202
2016020832,-3.169,-4.0457
2016020833,-3.5902,-3.7486
2016020834,-3.6365,-2.2169
2016020835,-3.9059,-3.5577
2016020836,-3.9207,-3.8683
2016020837,-3.0802,-3.6355
2016020838,-3.5643,-3.6905
2016020839,-3.4022,-2.8367
2016020840,-2.8762,-4.1013
2016020841,-3.899,-4.8289
2016020842,-4.4282,-3.9357
2016020843,-2.9679,-2.8319
2016020844,-4.4019,-3.64
2016020845,-3.5414,-3.1616
2016020846,-3.3965,-3.3365
2016020847,-2.8278,-3.8357
2016020848,-4.1627,-3.5927
2016020849,-4.6432,-2.8927
2016020850,-2.7527,-3.5486
2016020851,-3.9119,-4.5288
2016020852,-3.5912,-5.2457
2016020853,-3.4499,-2.9707
2016020854,-3.942,-4.6825
2016020855,-2.832,-3.2758
2016020856,-3.4009,-3.5626
2016020857,-3.208,-3.3527
2016020858,-3.0415,-3.9229
2016020859,-4.0237,-3.2715
2016020860,-4.5417,-2.7939
2016020861,-2.9301,-3.7268
2016020862,-3.7379,-3.7144
2016020863,-3.7738,-3.2994
2016020864,-5.3353,-2.8817
2016020865,-3.6833,-3.5154
2016020866,-4.5011,-3.322
2016020867,-4.4433,-3.2217
2016020868,-4.5688,-3.4542
2016020869,-3.4108,-3.1289
2016020870,-3.5217,-4.2956
2016020871,-3.419,-3.5255
2016020872,-3.0573,-3.0841
2016020873,-4.0395,-3.4386
2016020874,-3.2025,-3.7983
2016020875,-3.31,-2.7148
2016020876,-3.7258,-3.2274
2016020877,-2.7895,-3.006
2016020878,-2.8782,-4.1328
2016020879,-3.3767,-3.8548
2016020880,-4.1403,-3.9212
2016020881,-5.1039,-2.5219
2016020882,-3.0504,-3.4024
2016020883,-3.2085,-3.7461
2016020884,-3.1545,-2.8029
2016020885,-3.1497,-3.9331
2016020886,-4.5199,-4.2073
2016020887,-3.3458,-3.8927
2016020888,-3.2467,-4.3215
2016020889,-3.5166,-3.4344
2016020890,-3.7192,-4.2973
2016020891,-3.9828,-4.368
2016020892,-3.5795,-3.6191
2016020893,-3.4087,-3.2157
2016020894,-2.8671,-3.901
2016020895,-3.9615,-3.8035
2016020896,-2.9186,-4.2029
2016020897,-3.3586,-3.5617
2016020898,-3.0331,-4.2472
2016020899,-4.503,-3.8951
2016020900,-3.8198,-4.5681
2016020901,-3.7207,-3.9128
2016020902,-3.4069,-3.3349
2016020903,-5.2679,-4.192
2016020904,-4.25,-3.7562
2016020905,-3.3962,-3.5465
2016020906,-3.4172,-3.6348
2016020907,-2.7322,-4.3488
2016020908,-2.9536,-3.5004
2016020909,-3.7901,-3.4886
2016020910,-3.6257,-3.0432
2016020911,-4.1077,-2.9907
2016020912,-4.5122,-3.511
2016020913,-3.116,-3.7366
2016020914,-3.7717,-3.3714
2016020915,-3.5539,-4.3154
2016020916,-3.9671,-4.2053
2016020917,-3.6356,-4.1898
2016020918,-4.434,-3.5445
2016020919,-3.0881,-4.3004
2016020920,-3.5922,-3.5171
2016020921,-3.5559,-3.7924
2016020922,-3.6051,-4.5602
2016020923,-3.9022,-3.4934
2016020924,-3.8124,-3.3414
2016020925,-3.788,-3.1294
2016020926,-3.63,-3.5802
2016020927,-4.0854,-3.034
2016020928,-3.6077,-4.0667
2016020929,-4.0695,-3.4383
2016020930,-4.5597,-2.7105
2016020931,-3.3301,-4.0612
2016020932,-3.0511,-4.6587
2016020933,-3.8083,-3.2695
2016020934,-3.9343,-3.3834
2016020935,-3.5187,-2.786
2016020936,-4.36,-3.824
2016020937,-3.3154,-3.7936
2016020938,-2.8657,-4.4471
2016020939,-3.5582,-3.7176
2016020940,-3.7377,-3.8092
2016020941,-3.2896,-4.3787
2016020942,-3.5943,-3.7465
2016020943,-4.516,-3.7602
2016020944,-3.6711,-3.5087
2016020945,-3.5976,-3.4387
2016020946,-3.2019,-3.6554
2016020947,-3.69,-3.9771
2016020948,-3.4655,-3.4118
2016020949,-3.3039,-3.7787
2016020950,-3.587,-4.2492
2016020951,-4.3125,-3.545
2016020952,-3.7374,-4.1704
2016020953,-3.0508,-3.6795
2016020954,-3.5477,-3.3448
2016020955,-4.1175,-3.9914
2016020956,-4.2324,-4.0123
2016020957,-3.2447,-3.2527
2016020958,-3.2004,-3.7932
2016020959,-4.1908,-3.4988
2016020960,-4.6407,-4.9386
2016020961,-3.832,-3.4752
2016020962,-3.0815,-3.6067
2016020963,-4.4004,-3.7526
2016020964,-3.1746,-3.5044
2016020965,-4.2674,-3.5836
2016020966,-4.0611,-4.2921
2016020967,-4.0233,-2.9904
2016020968,-3.9683,-3.8119
2016020969,-3.0307,-4.2091
2016020970,-3.1414,-3.6839
2016020971,-2.9252,-4.341
2016020972,-2.922,-4.3108
2016020973,-4.4261,-3.494
2016020974,-3.8508,-4.3522
2016020975,-3.9694,-5.274
2016020976,-3.513,-4.6046
2016020977,-3.872,-3.7861
2016020978,-4.2131,-3.4044
2016020979,-4.2988,-3.9121
2016020980,-4.0081,-4.1088
2016020981,-3.7217,-3.8365
2016020982,-3.6832,-5.2512
2016020983,-4.2997,-2.8258
2016020984,-3.1675,-2.0438
2016020985,-4.1284,-4.0709
2016020986,-3.9615,-3.8944
2016020987,-2.5947,-4.2328
2016020988,-2.9778,-3.8102
2016020989,-3.6126,-3.9073
2016020990,-2.91,-4.3578
2016020991,-4.0481,-3.3815
2016020992,-3.5366,-3.8036
2016020993,-4.3433,-3.853
2016020994,-3.966,-2.9275
2016020995,-4.1405,-4.0234
2016020996,-5.0572,-3.2666
2016020997,-3.9682,-3.9005
2016020998,-3.4027,-3.9088
2016020999,-4.3727,-2.2181
2016021000,-4.0456,-3.9693
2016021001,-2.983,-4.2009
2016021002,-4.289,-3.751
2016021003,-2.478,-4.1221
2016021004,-3.9585,-3.8513
2016021005,-2.7787,-3.5269
2016021006,-3.6994,-3.6491
2016021007,-3.5941,-3.9019
2016021008,-3.6724,-3.1202
2016021009,-3.4971,-2.8799
2016021010,-4.8728,-3.6614
2016021011,-4.4141,-3.9639
2016021012,-3.1074,-3.7334
2016021013,-3.3291,-3.9661
2016021014,-4.2802,-3.4791
2016021015,-3.0339,-4.2756
2016021016,-3.9422,-3.8592
2016021017,-3.9134,-2.6854
2016021018,-3.8517,-4.1114
2016021019,-4.3285,-3.7586
2016021020,-3.312,-3.218
2016021021,-3.6911,-3.9997
2016021022,-3.9367,-3.3245
2016021023,-4.6724,-3.2855
2016021025,-4.007,-3.3786
2016021026,-3.5801,-4.1323
2016021027,-3.4142,-3.0343
2016021028,-4.435,-2.2267
2016021029,-4.2828,-3.8853
2016021030,-3.9746,-3.9593
2016021031,-4.6051,-3.5335
2016021032,-3.2601,-3.8309
2016021033,-3.7787,-3.6381
2016021034,-3.047,-4.5713
2016021035,-4.1811,-4.6208
2016021036,-3.8017,-3.2943
2016021037,-2.7095,-3.6256
2016021038,-4.3218,-3.5479
2016021039,-3.7172,-3.7706
2016021040,-3.5674,-3.8234
2016021041,-4.5469,-3.9112
2016021042,-4.247,-2.9534
2016021043,-2.4417,-4.4481
2016021044,-3.4937,-4.4204
2016021045,-3.1439,-4.2875
2016021046,-3.6956,-4.6019
2016021047,-4.3351,-4.0443
2016021048,-3.2663,-3.5073
2016021049,-4.0561,-4.2771
2016021050,-4.4863,-3.1131
2016021051,-3.2385,-4.5992
2016021052,-3.8815,-4.1758
2016021053,-4.7448,-4.1109
2016021054,-4.2418,-4.1753
2016021055,-4.2843,-3.1337
2016021056,-3.8099,-3.8728
2016021057,-2.5838,-3.9801
2016021058,-3.8539,-3.9734
2016021059,-3.5709,-3.8219
2016021060,-3.6263,-3.8277
2016021061,-3.4098,-2.9837
2016021062,-2.8134,-3.3514
2016021063,-3.3779,-3.4733
2016021064,-4.1137,-4.6282
2016021065,-3.809,-3.6516
2016021066,-3.4651,-3.4521
2016021067,-3.8261,-4.0444
2016021068,-3.6186,-3.7426
2016021069,-3.0484,-4.0985
2016021070,-4.0622,-4.3932
2016021071,-4.6031,-4.9427
2016021072,-4.2078,-3.9253
2016021073,-4.5543,-2.9182
2016021074,-2.9601,-4.0929
2016021075,-4.4774,-3.807
2016021076,-4.7517,-3.403
2016021077,-3.2001,-4.1762
2016021078,-3.9503,-2.8046
2016021079,-3.7672,-4.7863
2016021080,-2.503,-4.4984
2016021081,-5.219,-3.833
2016021082,-3.9129,-3.6859
2016021083,-3.9493,-3.1498
2016021084,-3.3826,-3.5731
2016021085,-4.0183,-3.2515
2016021086,-3.5669,-4.0208
2016021087,-3.8889,-4.8863
2016021088,-3.3428,-2.4211
2016021089,-3.7781,-2.8216
2016021090,-3.267,-3.9802
2016021091,-3.798,-3.4385
2016021092,-3.8641,-4.1177
2016021093,-4.4924,-3.6199
2016021094,-4.9884,-4.3619
2016021095,-3.6725,-3.5316
2016021096,-3.6801,-3.4034
2016021097,-3.8663,-4.1371
2016021098,-3.2446,-4.3135
2016021099,-3.4962,-3.4993
2016021100,-4.7013,-3.1802
2016021101,-4.0092,-4.4979
2016021102,-4.434,-3.8967
2016021103,-4.4875,-3.4471
2016021104,-2.9671,-3.2743
2016021105,-3.8507,-3.9731
2016021106,-4.1073,-4.3446
2016021107,-4.2298,-3.5285
2016021108,-4.2839,-4.5947
2016021109,-4.3526,-3.5208
2016021110,-3.6519,-3.8182
2016021111,-4.3927,-3.3101
2016021112,-3.3494,-4.4676
2016021113,-3.0696,-3.6218
2016021114,-3.6616,-4.7946
2016021115,-3.767,-3.3088
2016021116,-4.2111,-3.8044
2016021117,-4.1266,-3.8282
2016021118,-3.6391,-3.4324
2016021119,-4.5277,-3.6945
2016021120,-3.443,-4.4738
2016021121,-2.3253,-3.7981
2016020477,-3.7993,-4.887
2016021122,-3.8118,-4.0962
2016021123,-3.4364,-3.7079
2016021124,-3.5696,-4.0462
2016021125,-3.2718,-5.0025
2016021126,-3.5036,-3.4543
2016021024,-3.2567,-3.6331
2016021127,-3.8295,-3.4081
2016021128,-3.9145,-4.8099
2016021129,-3.4706,-4.2229
2016021130,-3.9526,-3.1225
2016021131,-3.8896,-4.6419
2016021132,-4.2208,-3.9153
2016021133,-4.0983,-3.536
2016021134,-3.6276,-4.2027
2016021135,-4.1203,-2.8753
2016021136,-4.3079,-3.7833
2016021137,-4.0373,-3.627
2016021138,-3.0802,-4.5474
2016021139,-3.9942,-3.8045
2016021140,-4.6965,-3.847
2016021141,-3.5514,-4.4222
2016021142,-3.5914,-3.9864
2016021143,-3.4444,-3.2916
2016021144,-4.2126,-4.5274
2016021145,-2.708,-4.2325
2016021146,-4.263,-4.0065
2016021147,-3.8319,-4.9563
2016021148,-3.4617,-3.274
2016021149,-3.5099,-4.3012
2016021150,-3.4417,-3.4334
2016021151,-3.7491,-4.4081
2016021152,-3.6633,-3.6752
2016021153,-3.3117,-4.3212
2016021154,-3.3749,-3.6274
2016021155,-3.6486,-4.1813
2016021156,-4.5487,-4.3696
2016021157,-3.7274,-4.616
2016021158,-3.8878,-3.9702
2016021159,-4.3842,-3.9398
2016021160,-3.5554,-3.9283
2016021161,-3.6015,-4.1885
2016021162,-2.8767,-3.8614
2016021163,-2.941,-5.1874
2016021164,-3.6576,-3.2744
2016021165,-3.0345,-3.701
2016021166,-3.5267,-3.66
2016021167,-3.1747,-3.1377
2016021168,-3.3912,-3.5695
2016021169,-4.5091,-4.5275
2016021170,-4.7616,-3.4407
2016021171,-4.0362,-3.755
2016021172,-3.7694,-3.9273
2016021173,-3.6105,-3.341
2016021174,-3.3896,-3.7495
2016021175,-4.0704,-4.2762
2016021176,-3.2929,-3.7809
2016021177,-3.9635,-5.2137
2016021178,-4.6472,-4.0357
2016021179,-3.3568,-3.5473
2016021180,-4.4848,-3.9588
2016021181,-2.5879,-4.8362
2016021182,-3.9774,-4.0739
2016021183,-4.9817,-4.0295
2016021184,-3.9599,-3.2563
2016021185,-4.6959,-3.185
2016021186,-3.721,-3.6597
2016021187,-4.2702,-3.4425
2016021188,-4.3009,-3.6748
2016021189,-3.4928,-3.6673
2016021190,-4.6089,-3.4155
2016021191,-3.4528,-3.7242
2016021192,-3.6833,-4.1393
2016021193,-4.2262,-3.6327
2016021194,-3.3707,-4.5336
2016021195,-4.2337,-2.6909
2016021196,-4.4822,-3.6722
2016021197,-4.8351,-3.3022
2016021198,-3.8016,-3.4112
2016021199,-4.5845,-3.5486
2016021200,-3.1436,-4.1715
2016021201,-4.1998,-2.8311
2016021202,-4.8523,-4.1193
2016021203,-3.515,-4.5477
2016021204,-4.1116,-4.298
2016021205,-3.129,-3.661
2016021206,-4.6918,-3.6059
2016021207,-4.8471,-3.9022
2016021208,-3.9708,-4.2299
2016021209,-3.2521,-3.6053
2016021210,-4.1281,-4.3346
2016021211,-3.7775,-2.0542
2016021212,-4.9044,-5.0461
2016021213,-4.6576,-2.9202
2016021214,-4.112,-3.9273
2016021215,-4.0783,-4.3693
2016021216,-3.4863,-4.0417
2016021217,-4.3109,-3.3196
2016021218,-3.7726,-3.9329
2016021219,-2.3873,-3.5819
2016021220,-4.7214,-4.2948
2016021221,-4.9516,-4.6132
2016021222,-3.4415,-3.4449
2016021223,-3.9805,-4.45
2016021224,-3.1368,-4.5809
2016021225,-4.0156,-3.3935
2016021226,-4.0156,-2.2377
2016021227,-3.8202,-3.4452
2016021228,-3.3191,-2.8082
2016021229,-3.6596,-4.4166
2016021230,-3.7739,-3.4117
2016030111,-4.6013,-3.9636
2016030121,-4.5776,-3.4753
2016030141,-2.9996,-5.174
2016030161,-2.8489,-4.2111
2016030181,-3.8673,-2.625
2016030131,-4.0238,-2.9685
2016030151,-4.0426,-3.9993
2016030171,-3.4964,-4.2118
2016030112,-4.2637,-4.3964
2016030142,-2.9636,-5.1827
2016030162,-3.1692,-3.2901
2016030182,-3.8356,-2.772
2016030122,-4.1176,-3.5741
2016030132,-3.7798,-3.239
2016030152,-3.9581,-4.0271
2016030172,-3.7211,-3.9606
2016030113,-4.6622,-3.9404
2016030143,-5.4819,-2.6667
2016030163,-3.2206,-3.5298
2016030183,-3.8865,-3.1165
2016030123,-4.741,-3.9265
2016030133,-3.516,-3.7963
2016030153,-3.9619,-4.1505
2016030173,-3.9905,-3.7404
2016030114,-4.4846,-4.056
2016030144,-4.5477,-3.1539
2016030184,-3.586,-3.3494
2016030124,-4.1522,-4.4071
2016030134,-3.3747,-3.9214
2016030164,-2.8337,-3.9674
2016030174,-3.2403,-4.4058
2016030115,-4.4649,-4.131
2016030145,-3.4302,-4.3121
2016030154,-3.976,-4.0226
2016030185,-3.7667,-3.3702
2016030125,-4.8116,-3.892
2016030135,-3.9031,-3.3432
2016030116,-4.2567,-4.3164
2016030165,-3.7347,-3.4032
2016030186,-3.2588,-3.9594
2016030126,-4.6575,-4.0899
2016030136,-3.6342,-3.6247
2016030231,-3.4803,-4.3181
2016030241,-4.0222,-3.8693
2016030211,-4.4223,-3.8768
2016030221,-3.7553,-3.143
2016030232,-3.6385,-3.3519
2016030242,-4.0277,-4.3324
2016030212,-4.3363,-3.933
2016030222,-3.2949,-3.4377
2016030233,-3.2664,-3.6681
2016030243,-4.5077,-3.7486
2016030223,-3.2989,-3.0175
2016030213,-4.0698,-4.3767
2016030234,-3.2494,-3.9641
2016030224,-3.0562,-2.9479
2016030244,-4.0791,-3.8099
2016030214,-3.4067,-4.8789
2016030235,-3.9938,-3.0624
2016030245,-4.129,-3.8387
2016030215,-5.1754,-3.1556
2016030225,-3.297,-2.9905
2016030236,-3.5083,-3.7922
2016030246,-4.2643,-3.4772
2016030226,-3.7084,-2.7701
2016030216,-3.8031,-4.5487
2016030227,-2.9439,-3.4051
2016030247,-4.4702,-3.8859
2016030321,-4.2074,-3.1921
2016030311,-3.0736,-4.684
2016030322,-3.497,-4.0468
2016030312,-3.071,-4.6552
2016030323,-3.7241,-3.7271
2016030313,-4.2501,-2.6992
2016030324,-3.6306,-3.8595
2016030314,-3.9305,-3.2951
2016030325,-3.8079,-2.7216
2016030315,-3.3028,-3.5563
2016030326,-2.982,-3.6541
2016030316,-3.8171,-2.9639
2016030317,-3.2481,-3.9582
2016030411,-3.0727,-2.7854
2016030412,-2.8633,-3.0574
2016030413,-3.1342,-3.1786
2016030414,-2.9957,-3.2095
2016030415,-3.4334,-2.744
2016030416,-3.5799,-2.9367
2017020001,-1.8736,-2.6732
2017020002,-2.0028,-2.6225
2017020003,-2.5989,-2.3635
2017020004,-2.3151,-1.8966
2017020005,-2.1579,-2.5179
2017020006,-2.8401,-2.8193
2017020007,-2.7742,-2.744
2017020008,-2.8266,-2.6322
2017020009,-2.7466,-2.9021
2017020010,-3.4684,-2.1961
2017020011,-2.3351,-1.8809
2017020012,-3.0513,-2.1247
2017020013,-2.5912,-2.9603
2017020014,-2.4797,-2.3495
2017020015,-2.1941,-2.0543
2017020016,-3.1017,-2.4075
2017020017,-2.582,-2.8556
2017020018,-2.6276,-2.5955
2017020019,-3.2652,-3.1797
2017020020,-3.0275,-2.5979
2017020021,-2.6553,-3.1491
2017020022,-3.213,-3.1672
2017020023,-2.71,-2.873
2017020024,-2.4549,-2.3201
2017020025,-3.0325,-2.6504
2017020026,-1.6447,-2.2928
2017020027,-2.735,-1.7497
2017020028,-3.1286,-2.3311
2017020029,-2.4485,-2.7919
2017020030,-2.5038,-2.1856
2017020031,-2.567,-3.5946
2017020032,-1.5571,-3.345
2017020033,-2.5298,-1.9978
2017020034,-3.3304,-2.6277
2017020035,-2.7643,-2.6412
2017020036,-2.9409,-2.7032
2017020037,-2.767,-2.6248
2017020038,-2.8212,-2.0727
2017020039,-3.0777,-2.8855
2017020040,-2.691,-3.2438
2017020041,-3.5244,-4.2945
2017020042,-3.2279,-3.0692
2017020043,-2.6489,-2.932
2017020044,-2.6446,-2.5581
2017020045,-3.0344,-1.0043
2017020046,-1.6757,-2.8308
2017020047,-2.9298,-3.0648
2017020048,-2.5744,-1.8613
2017020049,-2.7016,-2.0294
2017020050,-2.1933,-2.4436
2017020051,-3.0463,-2.7207
2017020052,-2.1249,-3.4057
2017020053,-3.0659,-2.0339
2017020054,-4.1776,-2.9868
2017020055,-2.1516,-2.7641
2017020056,-1.7342,-3.6345
2017020057,-2.8645,-2.7158
2017020058,-2.7558,-3.419
2017020059,-3.5111,-2.7043
2017020060,-2.1231,-2.5558
2017020061,-2.4177,-3.0715
2017020062,-2.0065,-3.4847
2017020063,-3.4362,-1.0192
2017020064,-2.9345,-3.4027
2017020065,-3.4578,-3.8987
2017020066,-2.8891,-2.809
2017020067,-2.9386,-2.0287
2017020068,-2.5976,-2.3851
2017020069,-2.4654,-2.0152
2017020070,-2.8815,-2.3546
2017020071,-4.0616,-2.6072
2017020072,-1.9084,-2.6724
2017020073,-2.7552,-3.1777
2017020074,-2.6532,-2.3379
2017020075,-1.2705,-3.1351
2017020076,-2.2872,-2.4279
2017020077,-2.847,-2.2849
2017020078,-2.7913,-2.7854
2017020079,-1.6814,-2.7528
2017020080,-3.006,-2.5587
2017020081,-4.0704,-2.6716
2017020082,-4.163,-2.3593
2017020083,-2.4402,-2.8234
2017020084,-3.1828,-2.0679
2017020085,-3.8467,-2.1322
2017020086,-3.4544,-2.8727
2017020087,-2.1433,-2.806
2017020088,-2.0189,-2.558
2017020089,-2.0355,-3.2609
2017020090,-2.4856,-3.0443
2017020091,-1.9178,-3.0379
2017020092,-2.3744,-2.6788
2017020093,-3.839,-2.9872
2017020094,-2.2273,-2.906
2017020095,-2.6306,-2.6266
2017020096,-2.7589,-2.6294
2017020097,-2.4432,-2.9208
2017020098,-2.5428,-2.6456
2017020099,-3.6249,-3.7774
2017020100,-3.7836,-2.5028
2017020101,-3.016,-2.848
2017020102,-3.123,-2.5694
2017020103,-2.5684,-1.7984
2017020104,-3.9098,-3.4885
2017020105,-3.5126,-1.7098
2017020106,-2.7624,-2.8697
2017020107,-3.2521,-3.7747
2017020108,-2.0802,-2.7513
2017020109,-2.9964,-3.224
2017020110,-1.8245,-3.1361
2017020111,-2.3443,-2.8388
2017020112,-3.0242,-3.7387
2017020113,-3.8218,-2.6346
2017020114,-2.8418,-3.7597
2017020115,-2.8933,-1.7098
2017020116,-3.8254,-3.6338
2017020117,-2.72,-1.6292
2017020118,-2.5754,-3.4275
2017020119,-1.9385,-3.4528
2017020120,-2.4202,-2.7293
2017020121,-1.8956,-3.1516
2017020122,-1.7886,-3.4147
2017020123,-3.5073,-2.1735
2017020124,-1.6453,-2.4285
2017020125,-3.9903,-2.3611
2017020126,-2.7564,-2.0543
2017020127,-2.6506,-2.8035
2017020128,-3.9651,-2.8342
2017020129,-3.396,-2.5487
2017020130,-3.0051,-4.0907
2017020131,-2.2496,-3.1977
2017020132,-3.4326,-1.8915
2017020133,-3.3844,-2.9563
2017020134,-2.5684,-2.6774
2017020135,-2.4977,-3.4206
2017020136,-2.5329,-3.0577
2017020137,-3.5796,-2.3935
2017020138,-2.3373,-3.2514
2017020139,-2.9557,-3.4427
2017020140,-1.1136,-2.2378
2017020141,-3.8895,-1.812
2017020142,-3.3108,-3.6555
2017020143,-1.9056,-2.9828
2017020144,-2.5801,-2.7878
2017020145,-3.4686,-2.932
2017020146,-2.8252,-2.7061
2017020147,-2.8884,-2.6166
2017020148,-3.5376,-2.6428
2017020149,-2.6641,-2.4125
2017020150,-3.333,-2.2612
2017020151,-2.4393,-2.5804
2017020152,-3.3398,-2.6097
2017020153,-3.4326,-3.0859
2017020154,-3.2493,-2.9829
2017020155,-2.9398,-3.4968
2017020156,-2.211,-3.8942
2017020157,-2.636,-3.0885
2017020158,-2.9111,-1.1121
2017020159,-2.62,-3.6053
2017020160,-3.0009,-2.9072
2017020161,-2.7516,-2.3272
2017020162,-2.6524,-2.4501
2017020163,-3.3328,-3.5135
2017020164,-2.2905,-3.0037
2017020165,-3.142,-3.5491
2017020166,-2.4467,-3.4745
2017020167,-3.1813,-3.3184
2017020168,-2.8078,-2.9562
2017020169,-3.0925,-3.2349
2017020170,-3.4002,-2.328
2017020171,-3.4951,-2.3155
2017020172,-1.9194,-2.7068
2017020173,-2.4609,-2.199
2017020174,-3.0634,-2.8693
2017020175,-2.9816,-3.186
2017020176,-3.0962,-2.9489
2017020177,-3.6351,-2.8058
2017020178,-2.1813,-3.238
2017020179,-3.3452,-1.9859
2017020180,-2.7565,-2.0159
2017020181,-3.5975,-3.6863
2017020182,-3.2643,-3.8194
2017020183,-2.7219,-3.5045
2017020184,-3.2049,-2.9119
2017020185,-3.3895,-3.8896
2017020186,-2.0605,-2.9365
2017020187,-3.2512,-2.8239
2017020188,-2.4169,-2.9927
2017020189,-3.2692,-2.0193
2017020190,-2.3331,-2.2817
2017020191,-3.1398,-4.7889
2017020192,-3.1085,-2.3371
2017020193,-1.8208,-3.0555
2017020194,-2.912,-3.5846
2017020195,-2.7859,-3.6942
2017020196,-2.7906,-3.3601
2017020197,-3.0497,-2.9488
2017020198,-3.052,-3.2161
2017020199,-3.0785,-3.8006
2017020200,-2.1698,-2.9845
2017020201,-2.0067,-2.8699
2017020202,-3.0098,-1.8253
2017020203,-3.0007,-2.074
2017020204,-4.484,-2.2705
2017020205,-3.3293,-3.2972
2017020206,-1.7376,-3.2805
2017020207,-3.0342,-4.0033
2017020208,-2.1953,-3.2163
2017020209,-2.2542,-4.1055
2017020210,-2.5881,-3.6261
2017020211,-2.6312,-3.6631
2017020212,-3.6907,-3.031
2017020213,-2.8533,-3.3115
2017020214,-3.3885,-2.8592
2017020215,-3.2606,-3.355
2017020216,-3.0313,-3.2291
2017020217,-1.843,-2.1746
2017020218,-3.9469,-2.651
2017020219,-2.7567,-2.1856
2017020220,-2.906,-2.7
2017020221,-2.516,-1.7939
2017020222,-2.7023,-3.3096
2017020223,-3.4077,-2.4682
2017020224,-3.381,-2.9766
2017020225,-3.5186,-2.8835
2017020226,-3.4411,-2.9691
2017020227,-3.8282,-2.5535
2017020228,-2.2747,-3.5714
2017020229,-3.5366,-2.8016
2017020230,-3.0481,-2.9917
2017020231,-3.4225,-3.0472
2017020232,-3.6458,-2.2674
2017020233,-2.5206,-1.5837
2017020234,-2.8194,-2.993
2017020235,-4.0441,-3.1466
2017020236,-3.3536,-3.3828
2017020237,-2.6663,-3.1569
2017020238,-3.2776,-3.4725
2017020239,-2.8807,-2.9122
2017020240,-3.0403,-3.098
2017020241,-2.8323,-2.9149
2017020242,-3.1435,-3.065
2017020243,-3.1473,-2.0701
2017020244,-2.9407,-3.029
2017020245,-2.3609,-2.8956
2017020246,-3.1833,-3.3787
2017020247,-3.1526,-2.6101
2017020248,-3.1492,-2.1892
2017020249,-2.2738,-3.4103
2017020250,-2.6477,-2.7944
2017020251,-2.8426,-3.1074
2017020252,-2.8286,-3.1919
2017020253,-2.7595,-2.2251
2017020254,-3.605,-3.147
2017020255,-3.2506,-3.4124
2017020256,-2.9432,-3.5934
2017020257,-3.4295,-3.0836
2017020258,-3.5802,-3.8106
2017020259,-3.322,-2.8759
2017020260,-2.8194,-3.5227
2017020261,-2.4397,-3.6889
2017020262,-3.3647,-3.3256
2017020263,-2.6068,-2.7893
2017020264,-2.8399,-2.982
2017020265,-2.7571,-3.2407
2017020266,-2.324,-3.083
2017020267,-4.0076,-2.8753
2017020268,-2.5624,-2.213
2017020269,-3.4353,-3.2982
2017020270,-3.3377,-2.8768
2017020271,-3.4031,-3.3954
2017020272,-2.8484,-3.3863
2017020273,-3.4432,-3.0949
2017020274,-2.2435,-3.4143
2017020275,-2.7455,-2.1237
2017020276,-3.7924,-2.1734
2017020277,-2.3847,-1.794
2017020278,-3.3005,-3.0348
2017020279,-3.5759,-2.4805
2017020280,-2.7352,-3.5437
2017020281,-2.3379,-3.2213
2017020282,-2.866,-3.6656
2017020283,-2.4666,-2.9346
2017020284,-2.7555,-3.6701
2017020285,-3.8966,-2.8861
2017020286,-2.9292,-3.2552
2017020287,-3.255,-3.4661
2017020288,-2.4551,-2.1076
2017020289,-2.982,-3.1196
2017020290,-3.0403,-2.4857
2017020291,-2.2794,-3.4971
2017020292,-4.5179,-2.5066
2017020293,-2.6281,-3.5797
2017020294,-3.7909,-2.9463
2017020295,-2.6464,-3.3418
2017020296,-2.2993,-3.1387
2017020297,-3.5349,-2.6681
2017020298,-2.9105,-3.2765
2017020299,-3.1692,-3.2223
2017020300,-2.8077,-3.473
2017020301,-3.4246,-2.3722
2017020302,-3.088,-3.1453
2017020303,-3.3245,-3.1307
2017020304,-2.852,-2.3708
2017020305,-2.9683,-3.1608
2017020306,-2.2737,-3.3768
2017020307,-2.7591,-2.852
2017020308,-3.4272,-2.2989
2017020309,-1.812,-2.8394
2017020310,-3.1126,-2.1883
2017020311,-3.0826,-3.1518
2017020312,-2.8271,-3.1121
2017020313,-2.745,-3.3985
2017020314,-3.1789,-2.4222
2017020315,-2.9474,-2.0724
2017020316,-4.3895,-3.1906
2017020317,-3.2297,-3.7106
2017020318,-3.0368,-3.0119
2017020319,-3.0708,-3.4692
2017020320,-2.1066,-4.4421
2017020321,-3.3539,-3.0733
2017020322,-2.4703,-2.5631
2017020323,-3.6451,-4.1137
2017020324,-2.5126,-3.111
2017020325,-2.5365,-3.9787
2017020326,-2.8767,-1.8272
2017020327,-2.2237,-3.4444
2017020328,-3.1907,-3.5701
2017020329,-2.6852,-3.5731
2017020330,-3.3684,-2.4451
2017020331,-3.2145,-2.8348
2017020332,-2.1767,-3.0327
2017020333,-3.318,-3.1828
2017020334,-2.6195,-2.5601
2017020335,-4.0915,-3.6617
2017020336,-3.0245,-3.1137
2017020337,-2.3633,-3.1631
2017020338,-2.6935,-3.1698
2017020339,-3.5786,-3.813
2017020340,-1.8949,-3.3983
2017020341,-1.9575,-2.6724
2017020342,-2.7695,-4.154
2017020343,-2.814,-2.5698
2017020344,-2.8091,-2.6127
2017020345,-3.4537,-2.9298
2017020346,-3.1258,-3.308
2017020347,-2.9257,-2.8424
2017020348,-3.0581,-2.2264
2017020349,-4.2327,-3.306
2017020350,-4.2708,-3.8296
2017020351,-2.8864,-2.1798
2017020352,-3.6162,-3.6167
2017020353,-2.6966,-3.5671
2017020354,-3.1286,-2.7232
2017020355,-2.9178,-1.8672
2017020356,-3.4966,-2.6644
2017020357,-3.8992,-2.8502
2017020358,-3.9665,-1.9531
2017020359,-2.3413,-2.007
2017020360,-2.1512,-3.5849
2017020361,-2.775,-4.1063
2017020362,-2.1165,-2.9971
2017020363,-2.5884,-3.3825
2017020364,-3.5917,-2.4585
2017020365,-2.819,-3.3513
2017020366,-3.8187,-2.5626
2017020367,-4.2818,-3.4358
2017020368,-4.0499,-3.1926
2017020369,-2.4145,-3.1094
2017020370,-3.6287,-3.8776
2017020371,-3.3589,-2.2075
2017020372,-2.9917,-3.4097
2017020373,-2.267,-2.9882
2017020374,-3.029,-2.9185
2017020375,-4.4365,-1.8424
2017020376,-2.6586,-3.0012
2017020377,-2.9438,-3.254
2017020378,-2.9521,-4.1192
2017020379,-2.8667,-2.7914
2017020380,-2.4294,-2.0353
2017020381,-2.8003,-3.5909
2017020382,-2.5031,-2.6932
2017020383,-1.9069,-3.281
2017020384,-4.4254,-2.1933
2017020385,-3.398,-2.7433
2017020386,-2.9997,-2.7811
2017020387,-3.8339,-3.0659
2017020388,-4.3279,-2.3975
2017020389,-4.0193,-4.2159
2017020390,-2.8466,-2.7229
2017020391,-2.6886,-3.3239
2017020392,-3.2482,-3.8389
2017020393,-2.8348,-3.3067
2017020394,-2.4067,-3.1983
2017020395,-1.9724,-2.2137
2017020396,-3.7018,-2.3494
2017020397,-3.3735,-2.6164
2017020398,-2.6366,-2.5632
2017020399,-4.2055,-3.0453
2017020400,-2.9058,-3.1798
2017020401,-3.3815,-2.8711
2017020402,-3.0875,-3.2623
2017020403,-2.9536,-3.5153
2017020404,-2.267,-3.5493
2017020405,-3.1817,-2.0859
2017020406,-2.6712,-3.4236
2017020407,-2.7171,-3.7976
2017020408,-3.6495,-2.7148
2017020409,-2.8601,-4.6078
2017020410,-2.1576,-2.7231
2017020411,-2.76,-3.0344
2017020412,-3.6093,-3.0526
2017020413,-3.7326,-3.463
2017020414,-1.9359,-2.7016
2017020415,-2.834,-2.9259
2017020416,-2.5012,-2.582
2017020417,-2.6116,-2.581
2017020418,-2.4328,-3.511
2017020419,-3.261,-2.8276
2017020420,-4.2088,-3.9087
2017020421,-2.3142,-2.4515
2017020422,-3.3596,-3.9606
2017020423,-2.9235,-2.7989
2017020424,-2.5833,-3.4259
2017020425,-2.5792,-2.6327
2017020426,-3.5608,-2.6859
2017020427,-3.2311,-3.7751
2017020428,-3.8273,-3.5186
2017020429,-4.0107,-4.6441
2017020430,-2.5848,-3.4689
2017020431,-2.7792,-4.2084
2017020432,-2.9531,-2.9067
2017020433,-4.1373,-2.7107
2017020434,-3.6255,-3.5086
2017020435,-3.7786,-2.1698
2017020436,-2.7949,-3.8355
2017020437,-2.8223,-5.2719
2017020438,-3.2616,-2.9808
2017020439,-2.3447,-2.6953
2017020440,-3.035,-2.3083
2017020441,-2.503,-2.3548
2017020442,-4.3149,-3.6729
2017020443,-3.416,-2.2904
2017020444,-2.8068,-3.8396
2017020445,-3.3555,-3.6758
2017020446,-2.5741,-2.95
2017020447,-4.4274,-3.7799
2017020448,-3.4582,-2.8056
2017020449,-2.6221,-2.2758
2017020450,-3.1277,-3.0854
2017020451,-2.4295,-3.3667
2017020452,-2.8348,-2.1257
2017020453,-3.1783,-2.6125
2017020454,-3.2434,-5.1804
2017020455,-2.8798,-3.1462
2017020456,-2.6437,-3.6738
2017020457,-3.8486,-3.558
2017020458,-2.8684,-3.893
2017020459,-3.1797,-2.5509
2017020460,-4.2366,-2.7792
2017020461,-2.4972,-2.6438
2017020462,-3.2689,-3.0569
2017020463,-2.3691,-3.2626
2017020464,-3.7923,-2.7099
2017020465,-3.2944,-3.0683
2017020466,-4.0388,-5.1698
2017020467,-2.6248,-3.0905
2017020468,-3.5772,-2.7819
2017020469,-3.8175,-2.882
2017020470,-2.5143,-3.868
2017020471,-3.1246,-4.5583
2017020472,-2.3914,-2.891
2017020473,-3.558,-3.4529
2017020474,-2.3711,-3.3757
2017020475,-4.3127,-2.4189
2017020476,-3.0185,-3.0441
2017020477,-2.0531,-3.058
2017020478,-3.6005,-2.7395
2017020479,-2.3926,-3.5743
2017020480,-3.1217,-4.5477
2017020481,-2.6668,-3.0906
2017020482,-3.3182,-2.1086
2017020483,-3.7857,-2.7048
2017020484,-2.4388,-3.1433
2017020485,-2.923,-3.6015
2017020486,-3.1784,-3.7887
2017020487,-2.7821,-3.6078
2017020488,-3.8225,-3.0146
2017020489,-3.4134,-4.1744
2017020490,-2.9152,-3.303
2017020491,-4.6475,-3.1371
2017020492,-2.3051,-3.1249
2017020493,-2.4863,-3.1556
2017020494,-2.4105,-2.8278
2017020495,-3.8142,-3.2842
2017020496,-3.0349,-3.6501
2017020497,-2.6778,-2.505
2017020498,-4.6673,-3.3701
2017020499,-3.3856,-3.1751
2017020500,-3.5414,-3.1962
2017020501,-3.8349,-2.6932
2017020502,-3.5186,-2.6386
2017020503,-3.3917,-2.223
2017020504,-3.605,-3.6329
2017020505,-3.2808,-3.3708
2017020506,-2.9937,-3.0425
2017020507,-3.0851,-3.2588
2017020508,-3.9107,-2.7627
2017020509,-3.0112,-2.8366
2017020510,-2.6345,-3.8554
2017020511,-2.6715,-2.8584
2017020512,-2.1489,-3.5296
2017020513,-2.779,-3.137
2017020514,-3.9314,-3.8534
2017020515,-2.764,-4.2356
2017020516,-2.9933,-3.0826
2017020517,-4.1056,-2.1879
2017020518,-3.1971,-2.3774
2017020519,-2.5247,-3.2685
2017020520,-4.0773,-3.4811
2017020521,-2.7204,-2.8057
2017020522,-3.9605,-3.1661
2017020523,-3.144,-3.9137
2017020524,-2.6825,-4.1053
2017020525,-2.5054,-3.2712
2017020526,-3.5991,-2.8498
2017020527,-3.4592,-2.1119
2017020528,-3.2163,-3.4594
2017020529,-2.6042,-2.5959
2017020530,-2.6624,-2.3651
2017020531,-3.5484,-3.3824
2017020532,-4.3133,-3.084
2017020533,-3.7431,-4.2065
2017020534,-2.9876,-3.0052
2017020535,-3.3548,-3.5524
2017020536,-2.928,-4.6292
2017020537,-3.0311,-3.7837
2017020538,-4.1938,-2.5897
2017020539,-3.2858,-3.6408
2017020540,-3.5487,-3.7523
2017020541,-2.8863,-4.2319
2017020542,-3.3565,-3.4097
2017020543,-2.261,-1.8796
2017020544,-3.6749,-2.9857
2017020545,-3.8808,-3.521
2017020546,-3.4853,-3.8428
2017020547,-2.9169,-3.8506
2017020548,-1.641,-3.5815
2017020549,-3.7951,-3.1258
2017020550,-3.3851,-2.9403
2017020551,-3.6412,-3.9333
2017020552,-3.2771,-4.0814
2017020553,-3.3182,-3.2651
2017020554,-2.9841,-3.6784
2017020555,-2.3672,-4.4671
2017020556,-2.4683,-3.5266
2017020557,-3.7507,-2.5471
2017020558,-1.9168,-4.0447
2017020559,-2.8578,-2.1956
2017020560,-3.4648,-3.5459
2017020561,-1.9309,-4.2391
2017020562,-3.678,-3.5882
2017020563,-2.9201,-4.7013
2017020564,-3.3991,-2.8767
2017020565,-3.9479,-3.4647
2017020566,-2.987,-2.9189
2017020567,-3.4069,-2.985
2017020568,-3.2173,-2.653
2017020569,-4.1006,-1.9017
2017020570,-3.6288,-4.6966
2017020571,-3.4495,-3.7113
2017020572,-2.9392,-3.3805
2017020573,-2.5792,-3.5457
2017020574,-2.758,-2.8491
2017020575,-3.7507,-3.2163
2017020576,-2.2175,-3.8818
2017020577,-4.2166,-3.5006
2017020578,-2.2324,-1.826
2017020579,-3.7291,-4.2689
2017020580,-2.9209,-3.4434
2017020581,-3.0036,-2.868
2017020582,-3.1947,-3.7098
2017020583,-4.3579,-3.4566
2017020584,-3.2846,-3.5532
2017020585,-3.1291,-3.9656
2017020586,-3.0751,-3.5128
2017020587,-4.387,-3.1232
2017020588,-2.891,-3.884
2017020589,-2.3582,-2.3158
2017020590,-3.5726,-2.3497
2017020591,-3.4613,-2.5428
2017020592,-2.5102,-2.8535
2017020593,-2.974,-3.8374
2017020594,-3.3947,-3.6523
2017020595,-1.6655,-3.8701
2017020596,-3.406,-3.6984
2017020597,-3.2791,-4.2545
2017020598,-3.3239,-2.7417
2017020599,-3.4205,-3.5996
2017020600,-3.1246,-3.0298
2017020601,-3.7738,-2.816
2017020602,-4.0173,-3.7837
2017020603,-4.6062,-3.4927
2017020604,-4.2172,-3.7829
2017020605,-3.5803,-2.3607
2017020606,-3.9121,-3.7026
2017020607,-3.2762,-2.3052
2017020608,-3.1182,-3.1078
2017020609,-3.3601,-3.3158
2017020610,-2.6845,-3.1239
2017020611,-3.1861,-2.9636
2017020612,-2.356,-3.1263
2017020613,-2.6531,-3.2105
2017020614,-1.8664,-3.9204
2017020615,-3.1453,-3.676
2017020617,-3.4798,-3.7835
2017020618,-3.8882,-3.8335
2017020619,-3.6899,-2.7385
2017020620,-3.7907,-4.6386
2017020621,-2.9039,-2.6325
2017020622,-2.5827,-3.6591
2017020623,-3.3763,-2.6611
2017020624,-2.9649,-3.142
2017020625,-3.4304,-3.3969
2017020626,-2.8439,-2.8503
2017020627,-2.9136,-3.1806
2017020628,-4.2037,-3.6106
2017020629,-4.2039,-3.9637
2017020630,-1.8685,-3.7426
2017020631,-2.9762,-3.3529
2017020632,-3.8434,-2.1726
2017020633,-3.6066,-2.9827
2017020634,-3.1681,-2.5298
2017020635,-3.2223,-2.847
2017020636,-3.8668,-2.8554
2017020637,-3.3821,-2.8422
2017020638,-4.4399,-4.9172
2017020639,-3.005,-3.1298
2017020640,-2.9998,-3.3288
2017020641,-4.0447,-3.1128
2017020642,-4.3559,-3.2268
2017020643,-2.9344,-3.4327
2017020644,-3.6942,-3.6657
2017020645,-4.2016,-2.7376
2017020646,-2.8848,-3.7153
2017020647,-2.9168,-3.2595
2017020648,-3.877,-3.6495
2017020649,-1.9128,-4.2395
2017020650,-3.7241,-2.9089
2017020651,-2.946,-3.4302
2017020652,-3.4248,-2.6339
2017020653,-3.972,-2.6645
2017020654,-3.7396,-3.8032
2017020655,-4.8013,-3.2126
2017020656,-4.1243,-3.4647
2017020657,-3.2005,-4.0976
2017020658,-3.4577,-3.7037
2017020659,-3.5001,-3.3921
2017020660,-2.7949,-3.6705
2017020661,-3.2793,-3.4521
2017020662,-3.5843,-3.0418
2017020663,-3.0809,-3.9128
2017020664,-4.0963,-3.5037
2017020665,-3.405,-4.0612
2017020666,-3.737,-3.911
2017020667,-3.7891,-3.2836
2017020668,-3.3093,-3.1883
2017020669,-2.7372,-3.6985
2017020670,-3.5508,-4.0919
2017020671,-3.3885,-2.3874
2017020672,-3.7593,-3.2107
2017020673,-4.1443,-3.0243
2017020674,-3.8443,-2.7155
2017020675,-2.9137,-2.5141
2017020676,-3.0078,-3.6565
2017020677,-3.7801,-3.3333
2017020678,-4.0208,-2.8113
2017020679,-2.8119,-2.8435
2017020680,-3.2175,-3.8251
2017020681,-3.5544,-2.6613
2017020682,-3.1757,-3.4212
2017020683,-3.0698,-2.2867
2017020684,-2.7552,-3.1826
2017020685,-3.5154,-3.7397
2017020686,-3.4706,-4.3133
2017020687,-2.6644,-4.3674
2017020688,-3.4939,-4.1444
2017020689,-2.9548,-2.862
2017020690,-2.9351,-3.0229
2017020691,-3.2331,-2.9745
2017020692,-2.5938,-3.7397
2017020693,-2.8201,-3.7982
2017020694,-3.5509,-2.6318
2017020695,-3.5567,-3.8081
2017020696,-4.4263,-2.597
2017020697,-2.5557,-3.0571
2017020698,-3.4622,-3.2038
2017020699,-3.8705,-3.6827
2017020700,-3.2724,-3.8258
2017020701,-4.1685,-2.921
2017020702,-3.2924,-2.7829
2017020703,-2.6729,-3.6323
2017020704,-3.2852,-3.0323
2017020705,-3.7207,-2.8253
2017020706,-4.1003,-4.0561
2017020707,-2.7714,-2.7304
2017020708,-3.4066,-3.9846
2017020709,-3.3928,-3.5593
2017020710,-2.2507,-2.3837
2017020711,-3.8276,-3.5246
2017020712,-4.4196,-2.7923
2017020713,-3.2733,-3.5686
2017020714,-2.3904,-3.2272
2017020715,-3.828,-3.0786
2017020716,-3.4888,-3.5036
2017020717,-3.7182,-3.5558
2017020718,-3.6619,-4.0493
2017020719,-2.9454,-3.9277
2017020720,-3.776,-4.0273
2017020721,-3.8391,-3.0744
2017020722,-3.2954,-3.1468
2017020723,-3.5416,-4.406
2017020724,-2.6972,-3.2681
2017020725,-2.8728,-2.2189
2017020726,-3.6259,-2.5645
2017020727,-3.5249,-3.1506
2017020728,-2.7969,-3.546
2017020729,-3.7739,-3.7585
2017020730,-3.8118,-3.6108
2017020731,-2.946,-3.8718
2017020732,-2.8388,-3.2125
2017020733,-3.7366,-3.0594
2017020734,-3.8698,-2.5428
2017020735,-2.9394,-3.7248
2017020736,-3.2976,-3.7036
2017020737,-3.1476,-3.8118
2017020738,-3.6856,-3.4075
2017020739,-2.8665,-4.0723
2017020740,-4.5054,-2.6157
2017020741,-3.2417,-3.6593
2017020742,-2.8702,-2.4551
2017020743,-2.9213,-3.4005
2017020744,-3.8001,-3.256
2017020745,-3.4802,-3.3998
2017020746,-2.5594,-3.147
2017020747,-3.9847,-3.8777
2017020748,-3.4273,-2.595
2017020749,-3.2138,-3.4937
2017020750,-3.9907,-2.9302
2017020751,-2.4922,-3.169
2017020752,-4.5035,-3.3189
2017020753,-3.8735,-3.441
2017020754,-2.9824,-3.8852
2017020755,-2.7256,-3.0005
2017020756,-3.043,-3.8628
2017020757,-4.0803,-3.9895
2017020758,-3.2943,-3.9266
2017020759,-2.2817,-3.2635
2017020760,-2.7683,-3.501
2017020761,-3.2192,-2.6978
2017020762,-4.3123,-3.082
2017020763,-3.9932,-3.0784
2017020764,-2.8569,-2.9452
2017020765,-3.2094,-4.028
2017020766,-3.4043,-3.3901
2017020767,-3.8529,-3.828
2017020768,-3.0376,-3.1651
2017020769,-3.2487,-3.7956
2017020770,-3.0713,-4.2491
2017020771,-2.7797,-3.2206
2017020772,-3.6708,-3.7202
2017020773,-4.0291,-3.5797
2017020774,-3.0892,-3.4002
2017020775,-4.334,-3.7697
2017020776,-2.7494,-3.2901
2017020777,-4.0561,-3.1049
2017020778,-2.9854,-4.0491
2017020779,-3.5236,-3.5261
2017020780,-2.9785,-4.3904
2017020781,-3.9061,-3.0753
2017020782,-3.3092,-3.6414
2017020783,-3.0307,-2.9684
2017020784,-3.0074,-4.3305
2017020785,-3.2032,-4.051
2017020786,-3.463,-3.3139
2017020787,-3.6559,-3.1708
2017020788,-2.9113,-4.1105
2017020789,-3.2682,-2.68
2017020790,-3.3649,-4.0377
2017020791,-3.5382,-3.1454
2017020792,-3.8744,-3.606
2017020793,-4.1358,-3.2818
2017020794,-2.7824,-3.2299
2017020795,-3.9726,-3.9446
2017020796,-4.0363,-2.8691
2017020797,-2.9143,-2.6662
2017020798,-4.1116,-3.3459
2017020799,-2.0812,-3.7844
2017020800,-3.0478,-2.7459
2017020801,-4.0597,-3.3882
2017020802,-2.8808,-3.5849
2017020803,-2.9788,-3.9717
2017020804,-4.3159,-3.0116
2017020805,-4.1741,-3.9872
2017020806,-3.4382,-4.126
2017020807,-3.1139,-4.0738
2017020808,-3.4889,-4.0508
2017020809,-3.7966,-2.6048
2017020810,-3.8769,-2.8837
2017020811,-3.4768,-3.8488
2017020812,-3.4358,-4.1176
2017020813,-2.7529,-4.0907
2017020814,-3.1038,-3.371
2017020815,-4.1833,-4.0396
2017020816,-3.987,-2.8045
2017020817,-3.2264,-2.4345
2017020818,-3.6614,-3.0096
2017020819,-3.5606,-3.4401
2017020820,-2.133,-3.4374
2017020821,-4.325,-3.0979
2017020822,-3.4839,-3.7282
2017020823,-3.285,-2.9692
2017020824,-3.484,-2.7378
2017020825,-4.1081,-3.0847
2017020826,-3.9885,-3.3837
2017020827,-2.7223,-3.1501
2017020828,-3.9948,-3.1645
2017020829,-3.8183,-2.9319
2017020830,-4.0151,-3.6066
2017020831,-4.2892,-3.646
2017020832,-3.6942,-3.5204
2017020833,-3.9903,-3.382
2017020834,-3.7637,-3.9607
2017020835,-3.6077,-3.1542
2017020836,-3.7278,-2.8857
2017020837,-4.1357,-3.9348
2017020838,-3.1654,-3.4159
2017020839,-2.7782,-2.9124
2017020840,-2.0747,-4.0296
2017020841,-3.3344,-3.2463
2017020842,-4.0142,-3.405
2017020843,-3.2472,-3.5677
2017020844,-3.5334,-3.2665
2017020845,-3.2153,-4.0266
2017020846,-4.2851,-3.4269
2017020847,-2.8189,-3.9095
2017020848,-4.7744,-2.9389
2017020849,-3.6205,-3.7732
2017020850,-3.7176,-3.9157
2017020851,-3.6801,-4.263
2017020852,-3.4388,-3.4915
2017020853,-3.6273,-3.4133
2017020854,-2.5016,-3.0158
2017020855,-3.352,-3.7207
2017020856,-3.4092,-4.2677
2017020857,-3.6505,-3.1673
2017020858,-3.2126,-3.935
2017020859,-3.839,-4.1405
2017020860,-3.4068,-3.7041
2017020861,-3.1233,-4.2851
2017020862,-4.3593,-3.1475
2017020863,-3.5565,-3.9614
2017020864,-2.9711,-3.3487
2017020865,-3.5871,-4.3265
2017020866,-3.7144,-4.2474
2017020867,-4.1044,-3.8019
2017020868,-3.5868,-3.8662
2017020869,-2.517,-3.1299
2017020870,-3.6577,-3.5332
2017020871,-4.2939,-3.4739
2017020872,-3.2924,-4.195
2017020873,-2.0241,-3.2911
2017020874,-3.7243,-4.5669
2017020875,-3.727,-3.092
2017020876,-3.0387,-4.0873
2017020877,-4.0989,-3.067
2017020878,-3.6265,-3.9823
2017020879,-4.1382,-2.6659
2017020880,-3.1319,-4.6101
2017020881,-3.6431,-2.9132
2017020882,-4.0478,-3.4076
2017020883,-4.4056,-3.2422
2017020884,-3.5348,-3.5993
2017020885,-2.8548,-3.3581
2017020886,-4.6758,-4.3283
2017020887,-3.1231,-3.6363
2017020888,-3.9705,-3.8116
2017020889,-3.5187,-2.9457
2017020890,-3.6212,-3.7938
2017020891,-3.1399,-3.1063
2017020892,-1.8421,-3.0624
2017020893,-2.9057,-4.2894
2017020894,-4.358,-3.4115
2017020895,-3.1729,-4.9144
2017020896,-3.0688,-4.1561
2017020897,-3.174,-3.7835
2017020898,-4.2139,-3.1855
2017020899,-3.0293,-3.5476
2017020900,-3.2995,-3.5439
2017020901,-4.1216,-3.6672
2017020902,-4.7462,-3.545
2017020903,-3.6576,-4.4034
2017020904,-3.2512,-2.7041
2017020905,-5.0503,-3.7928
2017020906,-3.23,-3.7875
2017020907,-3.4079,-3.2894
2017020908,-3.844,-3.1538
2017020909,-3.1276,-3.3566
2017020910,-1.727,-4.2865
2017020911,-3.476,-2.8955
2017020912,-3.0033,-3.2827
2017020913,-4.0596,-4.3194
2017020914,-3.7462,-3.4647
2017020915,-3.9534,-3.2059
2017020916,-4.2232,-3.0407
2017020917,-3.1941,-3.6992
2017020918,-3.7864,-4.1684
2017020919,-3.399,-3.1568
2017020920,-3.8099,-3.619
2017020921,-4.3804,-3.9562
2017020922,-3.2301,-3.6151
2017020923,-3.904,-3.27
2017020924,-1.7424,-3.3289
2017020925,-3.7077,-3.1917
2017020926,-2.641,-4.366
2017020927,-4.0146,-3.8942
2017020928,-3.8611,-3.2158
2017020929,-3.0535,-4.3197
2017020930,-3.8072,-3.0813
2017020931,-2.9821,-3.2514
2017020932,-3.5336,-3.3636
2017020933,-4.3839,-4.8793
2017020934,-3.9814,-4.3973
2017020935,-2.7821,-4.1421
2017020936,-3.9781,-3.9696
2017020937,-3.7479,-3.1542
2017020938,-2.8687,-4.0181
2017020939,-3.4729,-4.4246
2017020940,-2.252,-3.9886
2017020941,-5.5414,-3.6329
2017020942,-3.4802,-3.0761
2017020943,-4.6854,-2.1284
2017020944,-3.9183,-3.5449
2017020945,-2.912,-3.6787
2017020946,-3.9303,-3.4804
2017020947,-4.3209,-3.6102
2017020948,-3.0083,-3.7139
2017020949,-3.7944,-4.3066
2017020950,-2.975,-3.6066
2017020951,-3.8088,-2.8821
2017020952,-3.0343,-3.6271
2017020953,-4.1773,-4.0514
2017020954,-3.7589,-3.6945
2017020955,-3.6332,-2.8656
2017020956,-3.1635,-3.3712
2017020957,-3.2777,-3.4088
2017020958,-4.8582,-3.2007
2017020959,-3.401,-3.7865
2017020960,-5.4891,-2.6553
2017020961,-4.0419,-3.9405
2017020962,-3.4094,-3.7551
2017020963,-2.7859,-3.4205
2017020964,-3.441,-3.7205
2017020965,-3.9496,-3.5347
2017020966,-4.0202,-3.011
2017020967,-4.1829,-2.8564
2017020968,-3.0871,-3.3193
2017020969,-4.2622,-4.0351
2017020970,-3.03,-2.8601
2017020971,-4.0665,-3.7245
2017020972,-3.7788,-3.5067
2017020973,-3.5519,-4.4515
2017020974,-3.4161,-2.8872
2017020975,-3.3091,-3.8367
2017020976,-3.4663,-3.429
2017020977,-3.6327,-3.5858
2017020978,-4.1884,-3.4367
2017020979,-3.5408,-3.98
2017020980,-5.0709,-2.8206
2017020981,-3.7791,-4.6129
2017020982,-3.7718,-4.5831
2017020983,-3.3933,-3.1376
2017020984,-3.5856,-3.9396
2017020985,-3.6998,-2.9256
2017020986,-2.728,-3.4836
2017020987,-3.8666,-3.2019
2017020988,-2.7296,-3.2199
2017020989,-3.6571,-3.5118
2017020990,-3.463,-3.9049
2017020991,-3.2329,-4.0544
2017020992,-3.4762,-4.2727
2017020993,-3.7626,-2.9253
2017020994,-3.0494,-3.4863
2017020995,-3.6318,-4.1655
2017020996,-4.7325,-5.1032
2017020997,-2.9964,-3.1402
2017020998,-4.0395,-4.4734
2017020999,-3.9898,-3.2751
2017021000,-3.6751,-3.6598
2017021001,-2.8923,-4.1375
2017021002,-3.9078,-3.9168
2017021003,-2.8085,-3.5616
2017021004,-4.1322,-3.9182
2017021005,-3.5241,-3.6327
2017021006,-2.4398,-4.8632
2017021007,-3.8064,-5.6565
2017021008,-3.4971,-3.9607
2017021009,-3.9255,-3.9052
2017021010,-3.1124,-4.074
2017021011,-3.2431,-3.5784
2017021012,-3.6294,-3.2556
2017021013,-3.6206,-3.3141
2017021014,-3.3767,-4.0517
2017021015,-4.4792,-4.1929
2017021016,-3.7749,-4.2128
2017021017,-3.2993,-4.6573
2017021018,-3.9179,-2.3782
2017021019,-2.4116,-4.2951
2017021020,-2.4798,-3.7075
2017021021,-3.2071,-4.2614
2017021022,-5.4758,-2.9124
2017021023,-3.8029,-3.6207
2017021024,-3.3248,-3.3085
2017021025,-3.8637,-3.1694
2017021026,-3.5762,-4.1012
2017021027,-4.1742,-3.3889
2017021028,-3.0913,-3.2449
2017021029,-4.6368,-4.1704
2017021030,-4.2805,-3.8704
2017021031,-2.2898,-2.6047
2017021032,-2.5433,-4.1565
2017021033,-3.4381,-3.0668
2017021034,-3.5302,-3.4298
2017021035,-4.8744,-4.1329
2017021036,-3.2389,-3.5703
2017021037,-3.6066,-5.2121
2017021038,-3.6927,-4.0004
2017021039,-3.6864,-2.6915
2017021040,-3.4919,-4.0468
2017021041,-3.234,-4.3997
2017021042,-3.8584,-3.293
2017021043,-3.7079,-4.147
2017021044,-3.1769,-3.0052
2017021045,-4.6903,-3.9027
2017021046,-3.3799,-3.8195
2017021047,-2.1427,-3.5105
2017021048,-2.6215,-3.4523
2017021049,-4.248,-3.9586
2017021050,-3.4654,-4.653
2017021051,-4.4182,-3.8768
2017021052,-4.4983,-2.5745
2017021053,-4.0534,-4.4457
2017021054,-3.6513,-2.9847
2017021055,-3.8066,-3.8939
2017021056,-3.0739,-5.1665
2017021057,-3.247,-3.1088
2017021058,-4.1988,-3.1053
2017021059,-3.6611,-1.5632
2017021060,-3.8022,-3.7734
2017021061,-4.1305,-2.9424
2017021062,-3.3219,-2.6968
2017021063,-4.498,-3.8733
2017021064,-4.2484,-3.6263
2017021065,-3.1297,-4.1602
2017021066,-3.2463,-4.2897
2017021067,-3.6849,-4.634
2017021068,-3.7294,-4.8412
2017021069,-3.7382,-2.7983
2017021070,-3.7871,-3.1071
2017021071,-4.4833,-2.8189
2017021072,-4.4298,-3.7305
2017021073,-3.7663,-4.8838
2017021074,-3.1399,-4.4314
2017021075,-3.7345,-3.3937
2017021076,-3.4693,-3.6582
2017021077,-2.953,-3.3
2017021078,-3.5456,-4.9696
2017021079,-4.5666,-3.4833
2017021080,-3.8188,-3.5725
2017021081,-3.8418,-3.0013
2017021082,-4.9832,-3.2296
2017021083,-4.8252,-4.1411
2017021084,-3.6245,-2.8728
2017021085,-3.9168,-3.4274
2017021086,-3.3257,-3.5152
2017021087,-3.7652,-2.9045
2017021088,-3.5596,-3.4909
2017021089,-3.9386,-3.439
2017021090,-3.0057,-3.9792
2017021091,-3.6279,-3.3925
2017021092,-2.5596,-3.3551
2017021093,-4.4229,-4.7365
2017021094,-3.6697,-3.6246
2017021095,-3.6067,-5.0914
2017021096,-4.8429,-3.302
2017021097,-3.3042,-3.9671
2017021098,-3.9888,-4.1914
2017021099,-3.8507,-2.4729
2017021100,-3.4384,-3.534
2017021101,-4.3547,-3.2835
2017021102,-4.2137,-2.9624
2017021103,-4.0587,-3.3338
2017021104,-3.3242,-4.7446
2017021105,-3.4943,-4.5368
2017021106,-3.5959,-4.0047
2017021107,-3.3419,-3.7297
2017021108,-3.039,-4.5607
2017021109,-3.5345,-4.2813
2017021110,-3.7701,-2.9146
2017021111,-4.0121,-3.8192
2017021112,-3.4819,-2.6264
2017021113,-4.1341,-3.8128
2017021114,-3.4928,-4.3538
2017021115,-4.1557,-3.9355
2017021116,-2.4629,-3.3825
2017021117,-4.2039,-4.3475
2017021118,-4.0624,-3.3041
2017021119,-3.7277,-3.2195
2017021120,-4.0674,-4.0387
2017021121,-3.2754,-3.6301
2017021122,-4.1865,-3.5269
2017021123,-2.9409,-4.0158
2017021124,-4.2414,-3.9834
2017021125,-4.9372,-3.8805
2017021126,-4.2684,-3.2275
2017021127,-3.0814,-3.5011
2017021128,-3.4735,-2.9906
2017021129,-3.8223,-3.1884
2017021130,-3.6124,-3.788
2017021131,-3.499,-3.7325
2017021132,-4.4379,-3.584
2017021133,-3.9028,-4.0245
2017021134,-4.1936,-2.3565
2017021135,-4.3611,-4.283
2017021136,-3.0931,-3.0369
2017021137,-3.4309,-4.3536
2017021138,-4.3685,-3.7934
2017021139,-3.5026,-3.7791
2017021140,-4.8462,-3.9864
2017021141,-3.742,-3.3876
2017021142,-3.4934,-3.8004
2017021143,-3.2654,-3.7505
2017021144,-3.5676,-2.7339
2017021145,-3.499,-3.7075
2017021146,-4.477,-4.4338
2017021147,-3.3154,-3.5907
2017021148,-3.5527,-3.9633
2017021149,-3.5764,-4.2361
2017021150,-3.4662,-3.0693
2017021151,-3.3734,-4.2528
2017021152,-3.3377,-4.6235
2017021153,-3.8655,-3.7542
2017021154,-4.4259,-4.0042
2017021155,-3.9636,-4.3327
2017021156,-3.9773,-4.5596
2017021157,-4.262,-2.9212
2017021158,-2.803,-2.9562
2017021159,-4.8466,-4.5655
2017021160,-3.0431,-3.7757
2017021161,-3.8808,-4.0391
2017021162,-3.8013,-3.0335
2017021163,-2.9503,-2.972
2017021164,-2.9369,-4.7628
2017021165,-3.4026,-4.0217
2017021166,-3.9763,-3.4577
2017021167,-3.6669,-4.6382
2017021168,-3.4597,-4.9089
2017021169,-2.8858,-4.0834
2017021170,-4.2861,-4.1625
2017021171,-4.3097,-4.1943
2017021172,-4.24,-3.6796
2017021173,-3.0883,-4.4974
2017021174,-2.6829,-2.9231
2017021175,-4.4362,-3.1945
2017021176,-3.149,-4.7869
2017021177,-3.8535,-3.8229
2017021178,-4.612,-2.8278
2017021179,-4.3254,-2.3626
2017021180,-3.6893,-3.3827
2017021181,-3.8262,-3.7894
2017021182,-3.3576,-3.7128
2017021183,-3.2839,-3.4944
2017021184,-3.8007,-2.9637
2017021185,-4.5987,-4.5558
2017021186,-3.6433,-4.4048
2017021187,-4.1211,-3.9897
2017021188,-4.6941,-3.8146
2017021189,-3.1691,-4.5454
2017021190,-4.227,-3.7767
2017021191,-4.5885,-4.0987
2017021192,-3.8017,-2.4211
2017021193,-3.9534,-4.2721
2017021194,-3.8493,-3.2581
2017021195,-3.731,-3.369
2017021196,-2.6519,-3.1476
2017021197,-4.9915,-3.0807
2017021198,-4.2183,-3.527
2017021199,-3.0712,-4.269
2017021200,-2.6727,-3.727
2017021201,-4.7323,-3.9074
2017021202,-3.7546,-3.8966
2017021203,-4.6845,-2.4574
2017021204,-4.9247,-3.1658
2017021205,-3.7347,-3.9041
2017021206,-4.1533,-4.1826
2017021207,-4.4384,-3.9834
2017021208,-4.4658,-4.0955
2017021209,-4.2527,-3.1028
2017021210,-3.5375,-2.4954
2017021211,-2.6454,-3.7594
2017021212,-3.9433,-4.4961
2017021213,-3.287,-4.3855
2017021214,-4.1791,-3.3745
2017021215,-4.1503,-4.294
2017021216,-4.3592,-3.9333
2017021217,-3.1767,-3.8319
2017021218,-4.2852,-4.2301
2017021219,-3.8456,-3.7779
2017021220,-4.0036,-3.1694
2017021221,-2.645,-3.7369
2017021222,-4.447,-3.9082
2017021223,-3.2674,-3.6737
2017021224,-4.3214,-4.1272
2017021225,-4.5899,-4.2949
2017021226,-4.1177,-3.4736
2017021227,-4.4503,-3.6346
2017021228,-3.9219,-3.6381
2017021229,-3.2767,-4.4199
2017021230,-3.2915,-4.121
2017021231,-4.0521,-3.912
2017021232,-3.705,-4.8476
2017021233,-4.0379,-4.5663
2017021234,-4.4045,-3.3437
2017021235,-4.6411,-3.7818
2017021236,-4.0348,-3.586
2017021237,-3.6691,-3.5508
2017021238,-4.6881,-4.4128
2017021239,-3.9039,-3.4381
2017021240,-4.9023,-4.335
2017021241,-3.0893,-2.7171
2017021242,-3.4346,-4.8567
2017021243,-4.2442,-4.4042
2017021244,-3.7128,-3.7333
2017021245,-3.9522,-2.9194
2017021246,-3.8605,-3.5527
2017021247,-4.2805,-4.4804
2017021248,-4.1287,-3.9267
2017021249,-4.3657,-4.2067
2017021250,-3.4416,-4.7018
2017021251,-4.1434,-4.7768
2017021252,-3.6069,-3.4735
2017021253,-3.5073,-4.6544
2017021254,-4.2229,-4.4103
2017021255,-3.1902,-3.7712
2017021256,-4.5045,-3.7007
2017021257,-3.9513,-4.905
2017021258,-4.2791,-4.9805
2017021259,-3.2561,-3.9544
2017021260,-3.3081,-3.2908
2017021261,-4.0036,-4.6839
2017021262,-3.5438,-2.6838
2017021263,-4.7956,-3.307
2017021264,-4.3043,-3.4118
2017021265,-3.6229,-3.4825
2017021266,-3.6885,-3.6037
2017021267,-5.5632,-3.856
2017021268,-4.1524,-4.3468
2017021269,-3.9826,-3.2436
2017021270,-3.7643,-3.9207
2017021271,-3.5052,-4.873
2017020616,-4.1771,-4.0915
2017030141,-3.6419,-3.7514
2017030161,-3.5167,-4.5943
2017030171,-3.8643,-4.1234
2017030111,-4.1013,-3.1827
2017030121,-3.676,-2.7921
2017030131,-3.2844,-3.9438
2017030151,-3.4195,-3.0764
2017030181,-4.9012,-3.2861
2017030142,-3.2453,-4.1362
2017030162,-3.2258,-4.5941
2017030172,-3.8936,-4.2427
2017030112,-4.1013,-2.9898
2017030122,-3.1464,-2.9796
2017030152,-3.3261,-3.2366
2017030182,-4.2665,-3.5153
2017030132,-3.0611,-4.0731
2017030143,-3.8473,-3.5446
2017030163,-4.5401,-3.3428
2017030173,-4.4269,-3.2562
2017030113,-3.5791,-4.4066
2017030123,-3.4661,-2.6284
2017030153,-3.7724,-2.8666
2017030183,-3.1587,-5.007
2017030133,-3.8404,-3.011
2017030164,-3.8799,-3.8747
2017030174,-4.6349,-3.167
2017030114,-3.5791,-4.4066
2017030144,-3.6972,-3.8379
2017030154,-3.0475,-3.4401
2017030184,-2.8597,-5.3032
2017030124,-3.3369,-3.1168
2017030134,-3.6663,-3.223
2017030145,-3.8818,-3.462
2017030155,-3.4092,-3.1751
2017030165,-3.7448,-4.0688
2017030115,-4.1013,-3.2224
2017030125,-2.9132,-3.6481
2017030135,-3.3105,-3.7299
2017030146,-3.7655,-3.3721
2017030156,-3.1786,-3.5975
2017030126,-3.7984,-2.5683
2017030136,-4.3806,-2.6712
2017030127,-3.4907,-3.06
2017030221,-3.3675,-3.4547
2017030241,-3.3615,-2.7525
2017030231,-3.337,-3.1378
2017030211,-4.1013,-3.1275
2017030242,-3.0494,-2.9806
2017030222,-3.4989,-3.2992
2017030232,-3.2656,-3.1283
2017030212,-4.1377,-3.0885
2017030243,-3.0171,-3.2875
2017030223,-4.1624,-3.1653
2017030233,-3.2846,-3.3954
2017030213,-3.1726,-4.0987
2017030244,-3.0383,-3.8904
2017030224,-3.7793,-3.7254
2017030234,-3.4294,-3.3869
2017030214,-3.1878,-4.01
2017030245,-4.17,-2.3611
2017030225,-4.0161,-3.5088
2017030235,-3.8792,-3.3482
2017030215,-4.0378,-2.8732
2017030246,-3.5094,-3.6363
2017030226,-3.9316,-3.439
2017030236,-3.5995,-3.3625
2017030237,-3.373,-3.3823
2017030311,-3.738,-3.7198
2017030321,-3.4695,-3.5343
2017030312,-3.9582,-3.62
2017030322,-3.7537,-3.2622
2017030313,-3.5439,-4.1588
2017030323,-3.6409,-3.1826
2017030314,-3.4012,-4.3356
2017030324,-3.5146,-3.3913
2017030315,-4.2981,-3.3202
2017030325,-3.7804,-3.1971
2017030316,-3.2706,-4.3228
2017030317,-4.1193,-3.4041
2017030411,-3.5792,-3.4132
2017030412,-3.4756,-3.5619
2017030413,-3.649,-3.3611
2017030414,-3.1005,-3.9313
2017030415,-4.1232,-2.8903
2018020001,-2.1624,-3.0774
2018020002,-2.5078,-2.4272
2018020003,-2.2048,-3.0721
2018020004,-2.1633,-2.4713
2018020005,-3.3223,-3.08
2018020006,-2.7609,-2.3045
2018020007,-2.3176,-1.9882
2018020008,-1.8029,-2.3586
2018020009,-3.4643,-2.9553
2018020010,-3.3509,-2.7955
2018020011,-2.8359,-2.2163
2018020012,-2.7045,-2.187
2018020013,-1.8432,-2.6344
2018020014,-2.1563,-2.3262
2018020015,-3.5777,-2.1216
2018020016,-2.7154,-2.0614
2018020017,-3.5192,-2.4937
2018020018,-2.0452,-2.4129
2018020019,-2.5711,-3.3613
2018020020,-1.8498,-1.8881
2018020021,-2.0308,-2.5304
2018020022,-1.4547,-3.2826
2018020023,-2.522,-2.4278
2018020024,-1.9426,-4.1496
2018020025,-2.8733,-1.6043
2018020026,-1.8395,-3.1493
2018020027,-2.6018,-2.4916
2018020028,-3.6434,-1.8272
2018020029,-2.7932,-2.7756
2018020030,-3.3671,-1.5575
2018020031,-2.4554,-2.4219
2018020032,-2.7845,-2.6285
2018020033,-2.131,-1.8354
2018020034,-3.1237,-2.2184
2018020035,-1.7513,-2.7125
2018020036,-3.3838,-2.2827
2018020037,-2.9602,-3.0912
2018020038,-3.0069,-1.7191
2018020039,-2.5751,-2.8653
2018020040,-2.8191,-3.0085
2018020041,-2.1008,-2.0308
2018020042,-3.5697,-3.0741
2018020043,-2.6975,-2.6749
2018020044,-2.1874,-2.9296
2018020045,-2.0849,-2.0611
2018020046,-2.4659,-2.2387
2018020047,-3.9081,-2.479
2018020048,-1.5785,-2.2108
2018020049,-2.8263,-2.7632
2018020050,-2.0462,-3.1032
2018020051,-2.9373,-3.3959
2018020052,-2.1803,-1.8679
2018020053,-2.3066,-3.3523
2018020054,-2.6839,-3.1645
2018020055,-2.257,-2.6979
2018020056,-2.5371,-2.9546
2018020057,-2.6223,-2.626
2018020058,-3.6114,-2.9927
2018020059,-3.1192,-3.2396
2018020060,-2.3989,-2.2649
2018020061,-1.5092,-2.2368
2018020062,-3.1037,-2.0809
2018020063,-2.3704,-3.3547
2018020064,-2.9909,-3.1681
2018020065,-1.9511,-1.9194
2018020066,-1.8959,-2.0477
2018020067,-2.5987,-2.5099
2018020068,-3.172,-2.2428
2018020069,-2.5633,-2.5913
2018020070,-2.3779,-3.7536
2018020071,-1.9978,-2.9971
2018020072,-2.6889,-2.6484
2018020073,-3.0329,-2.9067
2018020074,-2.57,-3.0697
2018020075,-2.775,-3.5308
2018020076,-3.214,-2.4466
2018020077,-1.6104,-2.187
2018020078,-1.9978,-2.9535
2018020079,-2.7532,-1.7431
2018020080,-3.2489,-3.3846
2018020081,-2.2052,-3.117
2018020082,-2.114,-3.3338
2018020083,-2.217,-2.4934
2018020084,-2.7141,-2.5271
2018020085,-3.5274,-2.3268
2018020086,-2.6281,-2.9346
2018020087,-1.1669,-2.3613
2018020088,-4.1653,-1.2909
2018020089,-2.4332,-2.032
2018020090,-2.3898,-2.8239
2018020091,-2.4643,-2.2274
2018020092,-3.694,-2.6573
2018020093,-2.2923,-2.9107
2018020094,-2.6019,-2.7341
2018020095,-2.5407,-2.3007
2018020096,-3.0955,-2.3338
2018020097,-2.8137,-3.3286
2018020098,-2.9971,-3.128
2018020099,-2.0016,-3.9287
2018020100,-2.7787,-2.9343
2018020101,-3.4384,-1.2447
2018020102,-3.1631,-2.4114
2018020103,-3.2012,-2.4809
2018020104,-2.6007,-2.129
2018020105,-3.5537,-3.4968
2018020106,-2.5263,-2.9782
2018020107,-2.7101,-2.6129
2018020108,-3.986,-2.7049
2018020109,-3.3094,-2.8442
2018020110,-2.7435,-2.3631
2018020111,-2.6262,-1.4925
2018020112,-2.7664,-2.7713
2018020113,-2.7246,-1.7799
2018020114,-2.5713,-2.9941
2018020115,-1.74,-3.0413
2018020116,-3.3009,-2.7898
2018020117,-2.8649,-3.3552
2018020118,-2.9454,-3.2712
2018020119,-3.0592,-2.4505
2018020120,-2.2277,-3.4594
2018020121,-2.5436,-2.4067
2018020122,-1.5336,-3.6153
2018020123,-2.8358,-2.5031
2018020124,-3.0816,-3.4113
2018020125,-2.6233,-3.1657
2018020126,-2.0548,-2.5141
2018020127,-2.9792,-2.2817
2018020128,-2.6242,-3.8456
2018020129,-2.4545,-2.8009
2018020130,-3.1634,-3.4077
2018020131,-2.7064,-2.274
2018020132,-3.1773,-2.9645
2018020133,-2.1898,-2.5132
2018020134,-3.0462,-2.7723
2018020135,-3.4759,-2.8897
2018020136,-2.2686,-2.39
2018020137,-3.1136,-2.5203
2018020138,-2.2785,-4.0382
2018020139,-2.2626,-1.7932
2018020140,-3.0362,-3.2674
2018020141,-3.0346,-2.7273
2018020142,-2.3612,-2.4267
2018020143,-2.7361,-2.086
2018020144,-2.2976,-3.1357
2018020145,-2.9849,-2.7521
2018020146,-2.7042,-2.4791
2018020147,-2.8908,-2.9405
2018020148,-1.7125,-4.0708
2018020149,-3.1691,-2.5496
2018020150,-2.6038,-2.2158
2018020151,-3.477,-2.0417
2018020152,-2.5875,-3.1923
2018020153,-2.3078,-2.9229
2018020154,-2.9937,-3.0328
2018020155,-2.5542,-1.683
2018020156,-2.6795,-2.379
2018020157,-2.0646,-3.2267
2018020158,-3.1762,-2.6493
2018020159,-3.2446,-2.6147
2018020160,-2.8433,-2.4417
2018020161,-2.2186,-2.713
2018020162,-2.3073,-2.7212
2018020163,-2.2104,-2.8244
2018020164,-4.4076,-3.1138
2018020165,-2.1712,-3.0575
2018020166,-3.2296,-2.2381
2018020167,-3.7372,-3.1646
2018020168,-2.7204,-2.9304
2018020169,-2.0819,-2.339
2018020170,-2.4563,-2.5044
2018020171,-3.2848,-2.8273
2018020172,-3.2243,-2.0089
2018020173,-2.2667,-2.05
2018020174,-2.6153,-3.6009
2018020175,-2.3287,-3.3965
2018020176,-4.7349,-2.9536
2018020177,-3.353,-2.9007
2018020178,-2.2976,-2.1437
2018020179,-1.9962,-3.1822
2018020180,-4.2596,-2.928
2018020181,-3.4804,-2.2504
2018020182,-3.4848,-3.0389
2018020183,-3.2855,-3.0295
2018020184,-2.2621,-1.9169
2018020185,-3.2243,-1.7623
2018020186,-1.793,-2.6115
2018020187,-3.8066,-2.444
2018020188,-2.8706,-2.6485
2018020189,-3.9366,-3.2842
2018020190,-2.3725,-3.4677
2018020191,-3.0555,-2.365
2018020192,-3.8578,-3.2826
2018020193,-2.1098,-2.9158
2018020194,-2.5807,-2.0701
2018020195,-3.7232,-2.6409
2018020196,-2.942,-4.5533
2018020197,-1.4903,-2.6
2018020198,-2.8379,-2.6639
2018020199,-2.6102,-1.5399
2018020200,-3.6261,-4.1515
2018020201,-1.6716,-3.5971
2018020202,-0.8163,-2.6522
2018020203,-3.4319,-2.8747
2018020204,-2.825,-2.8958
2018020205,-2.6096,-2.5507
2018020206,-2.7483,-3.2945
2018020207,-2.7513,-4.034
2018020208,-3.6959,-3.1792
2018020209,-3.7566,-2.9361
2018020210,-2.1738,-4.0707
2018020211,-2.6252,-3.345
2018020212,-2.7425,-2.8893
2018020213,-3.5265,-2.5127
2018020214,-1.8221,-3.646
2018020215,-1.7727,-2.8213
2018020216,-3.3385,-3.3527
2018020217,-3.2611,-3.8857
2018020218,-3.158,-3.2683
2018020219,-1.6578,-2.1702
2018020220,-3.9383,-2.9089
2018020221,-1.8852,-2.5392
2018020222,-2.1445,-3.5192
2018020223,-2.3302,-3.371
2018020224,-2.8882,-2.1711
2018020225,-2.7465,-1.6166
2018020226,-3.3035,-2.8105
2018020227,-2.3785,-1.7713
2018020228,-3.9069,-3.7005
2018020229,-3.5243,-2.0147
2018020230,-3.1777,-3.7588
2018020231,-2.7873,-2.6889
2018020232,-3.4085,-2.7567
2018020233,-3.611,-2.5024
2018020234,-4.107,-1.911
2018020235,-1.8291,-3.8126
2018020236,-1.8249,-2.997
2018020237,-3.396,-3.0844
2018020238,-2.2639,-2.9132
2018020239,-1.8842,-2.8109
2018020240,-3.3662,-2.231
2018020241,-2.7308,-3.947
2018020242,-3.9377,-2.3415
2018020243,-2.6478,-3.2111
2018020244,-4.5542,-2.484
2018020245,-1.7292,-1.6118
2018020246,-3.2492,-2.7891
2018020247,-4.9308,-2.5925
2018020248,-3.7993,-1.5646
2018020249,-2.1399,-2.712
2018020250,-2.9989,-2.2738
2018020251,-3.0347,-3.0423
2018020252,-1.8792,-3.0153
2018020253,-1.9731,-3.3203
2018020254,-2.7389,-2.8914
2018020255,-3.0529,-3.1371
2018020256,-1.5499,-3.1901
2018020257,-2.6716,-2.9998
2018020258,-2.6792,-2.922
2018020259,-3.6065,-3.1019
2018020260,-3.274,-2.9208
2018020261,-2.5131,-3.6389
2018020262,-3.7029,-2.3841
2018020263,-4.0907,-2.822
2018020264,-3.4308,-4.844
2018020265,-2.8211,-1.9161
2018020266,-2.7924,-3.4641
2018020267,-2.4934,-2.8947
2018020268,-2.7344,-2.7375
2018020269,-2.7706,-3.131
2018020270,-3.3899,-3.0985
2018020271,-1.7143,-2.7969
2018020272,-2.3017,-3.9315
2018020273,-3.516,-2.5796
2018020274,-2.632,-3.7972
2018020275,-3.6538,-2.0993
2018020276,-2.3215,-3.631
2018020277,-2.7242,-2.4853
2018020278,-2.7298,-2.3158
2018020279,-2.273,-4.5447
2018020280,-2.3828,-2.9265
2018020281,-2.8683,-2.385
2018020282,-2.1692,-3.368
2018020283,-3.4089,-3.0446
2018020284,-3.1115,-3.509
2018020285,-2.5913,-3.2245
2018020286,-3.4937,-3.979
2018020287,-2.5641,-3.6799
2018020288,-3.1939,-1.1422
2018020289,-3.1937,-3.5208
2018020290,-2.0858,-2.536
2018020291,-3.9123,-3.5807
2018020292,-3.1341,-2.8676
2018020293,-2.2602,-4.1288
2018020294,-3.0454,-3.8226
2018020295,-2.6063,-2.779
2018020296,-3.0004,-3.0436
2018020297,-2.5726,-1.9269
2018020298,-2.8033,-3.2289
2018020299,-3.7353,-1.3696
2018020300,-3.7817,-4.5785
2018020301,-3.2158,-3.3263
2018020302,-2.1272,-2.6955
2018020303,-2.2457,-2.8181
2018020304,-2.42,-3.2309
2018020305,-2.8433,-3.246
2018020306,-3.4092,-2.5163
2018020307,-4.4184,-2.4963
2018020308,-3.5873,-2.2611
2018020309,-2.2876,-2.9847
2018020310,-2.9684,-3.5414
2018020311,-3.2689,-4.0156
2018020312,-2.6862,-3.397
2018020313,-2.4647,-2.4384
2018020314,-2.9886,-3.6772
2018020315,-3.1252,-2.7892
2018020316,-2.9006,-2.656
2018020317,-2.4947,-3.0973
2018020318,-3.4367,-2.2111
2018020319,-3.0918,-2.8522
2018020320,-2.249,-2.4904
2018020321,-3.0471,-3.4261
2018020322,-4.2063,-2.3706
2018020323,-2.7717,-2.9263
2018020324,-3.0454,-4.0824
2018020325,-3.8253,-3.2901
2018020326,-3.1386,-2.6399
2018020327,-3.6847,-2.9033
2018020328,-3.7403,-2.722
2018020329,-3.0391,-3.3664
2018020330,-4.7171,-2.1569
2018020331,-2.2307,-1.9769
2018020332,-2.4117,-1.6458
2018020333,-3.1795,-3.0551
2018020334,-2.8911,-2.9547
2018020335,-3.1694,-2.6224
2018020336,-3.2356,-3.6545
2018020337,-4.1091,-2.9686
2018020338,-2.7736,-2.8766
2018020339,-2.9053,-3.0366
2018020340,-4.1815,-2.8727
2018020341,-3.2167,-3.2342
2018020342,-2.6605,-4.1872
2018020343,-3.7871,-2.4547
2018020344,-3.7283,-3.4863
2018020345,-3.6993,-2.0665
2018020346,-2.654,-2.9347
2018020347,-1.7135,-3.0226
2018020348,-3.3378,-1.6245
2018020349,-3.2382,-3.7439
2018020350,-2.9425,-3.0982
2018020351,-3.7636,-3.5176
2018020352,-3.0004,-3.1444
2018020353,-3.1225,-2.6819
2018020354,-2.7069,-3.4589
2018020355,-2.5878,-3.2977
2018020356,-2.868,-2.7147
2018020357,-2.0206,-2.9671
2018020358,-3.2808,-2.905
2018020359,-3.368,-2.8852
2018020360,-3.1192,-3.7172
2018020361,-2.1596,-3.7461
2018020362,-2.4797,-4.488
2018020363,-3.8081,-2.4893
2018020364,-2.321,-2.344
2018020365,-2.7612,-3.7943
2018020366,-2.6515,-3.1995
2018020367,-3.5667,-3.3262
2018020368,-2.7812,-3.7761
2018020369,-2.7384,-3.846
2018020370,-3.368,-3.8629
2018020371,-2.9269,-2.529
2018020372,-3.2003,-2.9114
2018020373,-3.1037,-2.5309
2018020374,-3.1724,-2.5049
2018020375,-3.0198,-3.6073
2018020376,-2.6471,-2.6727
2018020377,-2.5031,-3.213
2018020378,-3.3462,-3.7909
2018020379,-2.925,-3.8403
2018020380,-2.9925,-3.5673
2018020381,-2.5287,-3.125
2018020382,-4.3771,-1.9014
2018020383,-2.8395,-3.1063
2018020384,-3.6068,-1.9031
2018020385,-3.7153,-3.2368
2018020386,-2.7948,-2.9931
2018020387,-2.839,-2.8897
2018020388,-3.3169,-2.1988
2018020389,-2.7944,-2.9563
2018020390,-3.0567,-4.1128
2018020391,-3.0522,-3.4434
2018020392,-3.5385,-3.514
2018020393,-3.0092,-2.9516
2018020394,-2.9669,-3.4605
2018020395,-3.0921,-3.9866
2018020396,-2.7463,-3.3306
2018020397,-3.5873,-2.7749
2018020398,-2.9153,-2.3182
2018020399,-2.8257,-3.6883
2018020400,-3.6068,-3.2617
2018020401,-2.4372,-2.9786
2018020402,-3.1347,-3.0922
2018020403,-2.9677,-2.7591
2018020404,-2.4245,-2.8526
2018020405,-3.1347,-3.1727
2018020406,-2.412,-3.0594
2018020407,-3.0825,-4.2967
2018020408,-2.9133,-3.1852
2018020409,-2.5645,-3.8846
2018020410,-2.7862,-3.0213
2018020411,-2.8999,-2.7741
2018020412,-3.3347,-2.7006
2018020413,-3.4874,-3.5508
2018020414,-2.6843,-4.4552
2018020415,-3.6853,-2.3869
2018020416,-4.2901,-2.873
2018020417,-3.2548,-3.6144
2018020418,-2.6756,-4.1319
2018020419,-2.7311,-2.5028
2018020420,-2.7995,-3.0589
2018020421,-2.944,-3.1807
2018020422,-2.7375,-3.5508
2018020423,-2.6017,-2.2538
2018020424,-2.537,-3.4705
2018020425,-3.2543,-2.7884
2018020426,-3.0217,-3.5023
2018020427,-4.0106,-2.3824
2018020428,-3.2981,-2.9467
2018020429,-3.0705,-2.9815
2018020430,-3.0087,-2.707
2018020431,-3.5021,-2.8952
2018020432,-2.6732,-2.7864
2018020433,-3.1723,-2.9236
2018020434,-3.7622,-3.0386
2018020435,-3.2393,-2.943
2018020436,-3.0502,-4.0039
2018020437,-2.6234,-2.8856
2018020438,-2.27,-2.8543
2018020439,-2.9356,-3.6602
2018020440,-3.3127,-3.6644
2018020441,-3.5114,-2.7981
2018020442,-3.9758,-3.851
2018020443,-3.2877,-2.4948
2018020444,-4.506,-3.3186
2018020445,-2.9466,-2.4014
2018020446,-2.6941,-3.1066
2018020447,-2.2224,-2.693
2018020448,-2.9721,-2.5469
2018020449,-3.892,-3.0305
2018020450,-2.5468,-2.5371
2018020451,-3.0875,-4.0137
2018020452,-2.8304,-3.8521
2018020453,-2.6518,-3.3993
2018020454,-3.0626,-2.1941
2018020455,-2.5714,-3.4255
2018020456,-2.6155,-2.6383
2018020457,-2.5005,-3.0121
2018020458,-3.2186,-3.6602
2018020459,-3.4378,-2.531
2018020460,-2.7526,-3.1567
2018020461,-2.7973,-2.5296
2018020462,-2.4822,-2.6731
2018020463,-3.8399,-2.0949
2018020464,-3.6672,-3.4357
2018020465,-2.9571,-3.2102
2018020466,-4.0307,-2.5526
2018020467,-3.3289,-2.6307
2018020468,-2.7861,-3.2027
2018020469,-3.7057,-2.5636
2018020470,-3.3323,-2.72
2018020471,-3.4922,-2.2051
2018020472,-4.2723,-3.4198
2018020473,-2.7955,-2.3341
2018020474,-2.9529,-2.9106
2018020475,-2.5622,-2.1829
2018020476,-3.5493,-2.6922
2018020477,-3.0183,-3.4213
2018020478,-3.3074,-3.8458
2018020479,-3.9167,-3.0113
2018020480,-3.4498,-2.8484
2018020481,-4.1757,-2.0948
2018020482,-3.801,-3.8594
2018020483,-3.051,-2.5379
2018020484,-3.5679,-2.7019
2018020485,-1.8528,-3.6043
2018020486,-3.6672,-3.7744
2018020487,-3.0631,-2.1445
2018020488,-2.6388,-3.1752
2018020489,-3.0264,-2.8563
2018020490,-3.2374,-3.335
2018020491,-2.702,-3.1197
2018020492,-3.2162,-2.648
2018020493,-3.4314,-2.0015
2018020494,-3.5812,-3.6192
2018020495,-3.1023,-2.3919
2018020496,-3.517,-3.4691
2018020497,-3.5805,-4.1466
2018020498,-2.4813,-2.7767
2018020499,-3.0372,-3.3236
2018020500,-3.1409,-3.6965
2018020501,-3.0736,-2.9332
2018020502,-2.755,-3.0445
2018020503,-2.951,-4.0153
2018020504,-2.9123,-3.7983
2018020505,-2.463,-2.0577
2018020506,-2.51,-3.1914
2018020507,-2.693,-2.5958
2018020508,-2.9451,-3.4302
2018020509,-3.1513,-3.429
2018020510,-2.4013,-3.2425
2018020511,-2.977,-3.5974
2018020512,-3.153,-3.424
2018020513,-2.9519,-2.6573
2018020514,-3.7888,-2.8411
2018020515,-2.9259,-2.7607
2018020516,-2.6879,-2.1574
2018020517,-3.7232,-3.867
2018020518,-3.0687,-4.037
2018020519,-2.2334,-3.803
2018020520,-3.7646,-3.2888
2018020521,-2.708,-3.6534
2018020522,-2.7818,-3.437
2018020523,-4.4869,-2.1885
2018020524,-3.4964,-2.5378
2018020525,-3.1867,-2.5949
2018020526,-2.8064,-3.7475
2018020527,-3.0123,-2.341
2018020528,-3.3308,-2.8175
2018020529,-2.4414,-3.7631
2018020530,-2.5302,-3.8563
2018020531,-3.7622,-3.6038
2018020532,-3.5264,-3.154
2018020533,-2.8028,-2.5852
2018020534,-2.9259,-3.5335
2018020535,-2.7348,-3.0795
2018020536,-3.7325,-2.9247
2018020537,-3.2979,-3.1687
2018020538,-2.8857,-3.9114
2018020539,-2.9725,-2.7454
2018020540,-3.0061,-3.1003
2018020541,-3.7283,-2.5518
2018020542,-3.447,-2.7078
2018020543,-3.2441,-3.3616
2018020544,-2.6173,-2.91
2018020545,-2.6469,-3.5279
2018020546,-3.2328,-2.4583
2018020547,-3.1674,-4.7614
2018020548,-2.8662,-2.7268
2018020549,-2.5898,-3.7363
2018020550,-3.4815,-2.8413
2018020551,-3.9349,-3.7713
2018020552,-3.3692,-1.9537
2018020553,-2.6908,-2.8626
2018020554,-3.1728,-2.5967
2018020555,-3.1651,-2.2296
2018020556,-3.2238,-3.6447
2018020557,-3.542,-3.9439
2018020558,-3.0212,-2.741
2018020559,-3.1432,-3.038
2018020560,-2.3827,-2.2654
2018020561,-2.7286,-2.6218
2018020562,-3.1284,-4.5853
2018020563,-2.4232,-3.1144
2018020564,-4.4368,-3.8166
2018020565,-2.8441,-2.8191
2018020566,-3.7386,-2.7811
2018020567,-2.5489,-2.3717
2018020568,-2.4272,-3.4106
2018020569,-3.0886,-3.3248
2018020570,-3.1558,-2.0447
2018020571,-4.006,-2.9997
2018020572,-3.0128,-3.5266
2018020573,-4.0624,-4.2879
2018020574,-3.2229,-2.5939
2018020575,-3.4228,-2.7697
2018020576,-3.2516,-2.6565
2018020577,-2.4849,-2.8303
2018020578,-3.4928,-3.1089
2018020579,-3.2002,-4.3077
2018020580,-4.191,-3.3765
2018020581,-3.5256,-2.6252
2018020582,-3.2711,-2.3738
2018020583,-2.3895,-2.5255
2018020584,-2.6617,-3.3316
2018020585,-2.9678,-2.7689
2018020586,-3.6044,-2.095
2018020587,-3.5713,-2.3396
2018020588,-2.8593,-3.4271
2018020589,-2.5606,-3.1648
2018020590,-3.9592,-3.6022
2018020591,-3.6305,-3.0913
2018020592,-2.8549,-2.6915
2018020593,-3.6653,-3.0329
2018020594,-3.9494,-3.8049
2018020595,-3.1458,-2.5054
2018020596,-3.3606,-2.8537
2018020597,-4.6567,-3.4441
2018020598,-3.9764,-2.749
2018020599,-2.7611,-3.6601
2018020600,-1.7405,-3.5107
2018020601,-2.4645,-3.1182
2018020602,-3.0414,-3.8387
2018020603,-3.0721,-2.7575
2018020604,-2.7756,-2.0681
2018020605,-2.7918,-3.0027
2018020606,-4.581,-3.2152
2018020607,-2.314,-3.0989
2018020608,-3.4196,-3.8067
2018020609,-2.6114,-3.1213
2018020610,-2.2886,-2.8319
2018020611,-4.1046,-3.226
2018020612,-3.2825,-3.3704
2018020613,-3.2693,-4.0596
2018020614,-3.3216,-2.8459
2018020615,-2.8292,-2.9938
2018020616,-3.7726,-2.3162
2018020617,-3.0204,-2.961
2018020618,-3.7352,-2.1122
2018020619,-2.4935,-3.5031
2018020620,-3.1846,-2.1659
2018020621,-3.101,-3.5666
2018020622,-3.0534,-3.2064
2018020623,-2.7267,-4.2172
2018020624,-3.1172,-3.4847
2018020625,-3.4334,-2.7126
2018020626,-3.7899,-2.9584
2018020627,-1.9875,-3.1207
2018020628,-3.597,-3.4427
2018020629,-2.9898,-3.007
2018020630,-3.199,-3.9224
2018020631,-3.073,-2.0676
2018020632,-3.2154,-3.0302
2018020633,-2.5274,-2.9162
2018020634,-2.8086,-2.4838
2018020635,-4.2958,-3.0049
2018020636,-3.472,-3.4497
2018020637,-2.5498,-3.8062
2018020638,-3.2415,-2.948
2018020639,-2.473,-4.0327
2018020640,-3.0627,-4.0113
2018020641,-3.6455,-2.3927
2018020642,-2.5324,-3.4622
2018020643,-3.8847,-3.3772
2018020644,-4.4414,-3.5432
2018020645,-2.6882,-3.346
2018020646,-3.4799,-2.6719
2018020647,-3.2573,-2.8034
2018020648,-3.4188,-3.3764
2018020649,-3.506,-2.9116
2018020650,-2.5057,-3.7664
2018020651,-3.3413,-3.328
2018020652,-2.3906,-3.4293
2018020653,-2.9851,-1.9911
2018020654,-3.6337,-3.8229
2018020655,-3.3408,-3.9204
2018020656,-4.4327,-3.5008
2018020657,-2.5277,-3.3094
2018020658,-3.866,-3.0723
2018020659,-3.8328,-3.2212
2018020660,-2.8107,-3.9022
2018020661,-3.1834,-2.9536
2018020662,-3.5654,-4.021
2018020663,-2.8508,-2.5756
2018020664,-2.2107,-3.4974
2018020665,-2.9792,-2.2504
2018020666,-3.2622,-3.3028
2018020667,-4.4327,-3.5861
2018020668,-3.6082,-3.5473
2018020669,-3.7165,-3.0724
2018020670,-3.2966,-2.4074
2018020671,-2.8962,-2.3269
2018020672,-3.2299,-2.307
2018020673,-2.9267,-3.5776
2018020674,-3.7842,-3.5401
2018020675,-2.7604,-3.5935
2018020676,-2.4121,-3.545
2018020677,-2.1239,-3.1114
2018020678,-2.9135,-2.2595
2018020679,-3.7341,-4.4234
2018020680,-4.2188,-2.6275
2018020681,-3.379,-3.8383
2018020682,-3.1853,-2.8217
2018020683,-3.0319,-3.6103
2018020684,-2.8991,-4.0674
2018020685,-3.8937,-4.3718
2018020686,-3.3698,-2.1125
2018020687,-3.4899,-3.6962
2018020688,-3.423,-3.0314
2018020689,-3.6857,-4.0008
2018020690,-2.5001,-3.009
2018020691,-3.5493,-3.9645
2018020692,-2.421,-3.483
2018020693,-2.934,-3.9021
2018020694,-3.1044,-3.3158
2018020695,-3.686,-2.2839
2018020696,-3.5636,-3.4625
2018020697,-3.7946,-3.1876
2018020698,-2.6564,-2.1734
2018020699,-2.9607,-3.4761
2018020700,-2.8421,-3.6174
2018020701,-3.141,-3.2398
2018020702,-3.0129,-3.8783
2018020703,-3.8903,-5.0504
2018020704,-3.6844,-3.6149
2018020705,-3.3156,-3.8164
2018020706,-2.252,-3.212
2018020707,-3.0637,-3.4321
2018020708,-4.0437,-2.8647
2018020709,-2.6966,-2.3218
2018020710,-3.2494,-3.2757
2018020711,-3.1641,-2.228
2018020712,-4.0211,-2.3538
2018020713,-2.6243,-2.592
2018020714,-3.7492,-5.0808
2018020715,-3.3645,-3.6814
2018020716,-3.9833,-2.7511
2018020717,-3.6724,-2.8443
2018020718,-2.869,-3.2872
2018020719,-3.7432,-3.6263
2018020720,-3.1865,-2.0832
2018020721,-3.5693,-3.4646
2018020722,-3.4227,-3.0563
2018020723,-3.3068,-3.831
2018020724,-3.5401,-2.615
2018020725,-3.747,-2.9415
2018020726,-3.242,-2.189
2018020727,-2.8559,-2.5359
2018020728,-3.2607,-3.8146
2018020729,-4.1064,-1.9859
2018020730,-2.9936,-2.824
2018020731,-3.4347,-3.4428
2018020732,-3.232,-3.0797
2018020733,-5.3331,-2.0017
2018020734,-2.3981,-3.4828
2018020735,-3.739,-2.5302
2018020736,-3.0801,-3.1414
2018020737,-3.5547,-3.4344
2018020738,-3.4621,-2.3238
2018020739,-2.76,-3.7635
2018020740,-2.9073,-3.8722
2018020741,-3.6035,-3.0519
2018020742,-3.5109,-2.7769
2018020743,-3.2552,-3.089
2018020744,-3.6278,-3.5188
2018020745,-2.6518,-2.9065
2018020746,-3.1694,-2.8911
2018020747,-2.8038,-4.4348
2018020748,-3.3117,-3.0499
2018020749,-3.4892,-3.5569
2018020750,-3.6212,-2.3004
2018020751,-4.0137,-3.362
2018020752,-2.8218,-3.5695
2018020753,-2.868,-3.5458
2018020754,-2.7079,-3.8557
2018020755,-2.829,-3.2253
2018020756,-3.0716,-2.8234
2018020757,-2.9489,-2.737
2018020758,-4.4989,-3.5188
2018020759,-3.7871,-1.9298
2018020760,-3.6416,-3.7371
2018020761,-3.1951,-3.0992
2018020762,-3.7658,-2.7942
2018020763,-4.2976,-3.6056
2018020764,-2.7534,-3.8344
2018020765,-2.951,-3.8123
2018020766,-3.0087,-3.0878
2018020767,-3.2037,-3.0176
2018020768,-2.9357,-3.1725
2018020769,-2.9629,-2.037
2018020770,-2.6465,-3.3825
2018020771,-2.9042,-3.7856
2018020772,-2.9689,-3.5717
2018020773,-2.8666,-3.7014
2018020774,-2.4318,-2.4794
2018020775,-3.6304,-3.5227
2018020776,-2.6154,-3.919
2018020777,-2.4944,-3.0694
2018020778,-3.0006,-2.6643
2018020779,-3.7487,-3.0346
2018020780,-3.3665,-4.2051
2018020781,-3.6987,-3.1304
2018020782,-4.1256,-3.1952
2018020783,-3.3432,-3.9044
2018020784,-2.8477,-3.3715
2018020785,-2.9612,-4.2427
2018020786,-3.615,-3.5092
2018020787,-3.3836,-2.6016
2018020788,-2.4598,-3.2792
2018020789,-3.2912,-2.9459
2018020790,-2.711,-3.8156
2018020791,-4.089,-2.5814
2018020792,-2.9581,-2.7571
2018020793,-3.9009,-3.1096
2018020794,-2.9384,-3.436
2018020795,-2.8919,-4.0505
2018020796,-4.6957,-1.6795
2018020797,-2.7047,-3.6544
2018020798,-3.1564,-2.6189
2018020799,-3.4458,-3.7141
2018020800,-2.8679,-2.9128
2018020801,-4.007,-3.9119
2018020802,-2.9163,-2.9568
2018020803,-3.4444,-3.4944
2018020804,-2.7643,-4.5736
2018020805,-3.719,-3.7809
2018020806,-2.5583,-3.5987
2018020807,-2.6735,-2.8803
2018020808,-2.5288,-3.9809
2018020809,-2.8293,-2.7666
2018020810,-3.3884,-2.9772
2018020811,-3.84,-2.3584
2018020812,-2.9161,-3.4676
2018020813,-2.9714,-2.6571
2018020814,-3.1891,-2.6255
2018020815,-3.2272,-4.2908
2018020816,-4.171,-3.1572
2018020817,-3.2398,-3.7681
2018020818,-2.5639,-4.0392
2018020819,-2.7241,-4.5304
2018020820,-3.4666,-3.538
2018020821,-3.3483,-3.2929
2018020822,-2.7379,-2.1115
2018020823,-2.9864,-3.054
2018020824,-4.2101,-2.592
2018020825,-2.1876,-3.544
2018020826,-2.8356,-3.8413
2018020827,-3.0499,-2.4385
2018020828,-3.0904,-3.0842
2018020829,-3.2979,-4.7647
2018020830,-2.8261,-3.2218
2018020831,-3.8952,-2.193
2018020832,-3.4396,-3.1822
2018020833,-2.9416,-2.7208
2018020834,-4.17,-2.798
2018020835,-4.1616,-3.7005
2018020836,-3.624,-4.492
2018020837,-2.1968,-3.0037
2018020838,-2.6806,-3.1934
2018020839,-3.1358,-2.4606
2018020840,-1.602,-3.1146
2018020841,-3.9696,-3.5554
2018020842,-3.1241,-5.1563
2018020843,-3.0396,-3.4724
2018020844,-2.8894,-3.3961
2018020845,-3.5421,-3.2512
2018020846,-2.8616,-3.3407
2018020847,-3.5832,-3.1474
2018020848,-2.1561,-3.924
2018020849,-3.2723,-3.8385
2018020850,-3.1321,-4.3751
2018020851,-3.4762,-4.2025
2018020852,-3.6388,-2.5284
2018020853,-2.3367,-3.6753
2018020854,-3.1469,-4.0165
2018020855,-2.0429,-2.4542
2018020856,-3.7707,-3.0446
2018020857,-3.9619,-2.5943
2018020858,-3.6973,-3.8864
2018020859,-2.7444,-3.2342
2018020860,-3.9559,-3.3045
2018020861,-2.5679,-3.0135
2018020862,-2.902,-3.9969
2018020863,-2.6852,-3.0664
2018020864,-3.3064,-3.1489
2018020865,-3.6782,-3.745
2018020866,-4.2812,-2.4124
2018020867,-2.4377,-2.8583
2018020868,-3.567,-4.7647
2018020869,-2.9067,-1.5521
2018020870,-3.4096,-3.0355
2018020871,-3.9601,-4.1645
2018020872,-3.7708,-2.6097
2018020873,-3.3205,-3.4958
2018020874,-3.5173,-3.0004
2018020875,-3.1719,-2.6716
2018020876,-4.2089,-2.6747
2018020877,-3.9309,-4.8856
2018020878,-3.0709,-3.1451
2018020879,-3.3738,-2.4736
2018020880,-3.4523,-3.2275
2018020881,-3.2243,-3.3657
2018020882,-3.1634,-3.1612
2018020883,-3.2251,-2.1691
2018020884,-3.2664,-2.7044
2018020885,-3.2445,-3.5081
2018020886,-3.6071,-3.3849
2018020887,-4.107,-3.6623
2018020888,-3.1701,-3.1204
2018020889,-2.9582,-3.2513
2018020890,-3.2595,-1.9841
2018020891,-3.3552,-2.4587
2018020892,-4.2863,-2.8567
2018020893,-2.7039,-4.3255
2018020894,-3.5339,-3.3645
2018020895,-3.5298,-3.1241
2018020896,-3.2204,-3.379
2018020897,-2.9774,-3.2718
2018020898,-2.9129,-3.9466
2018020899,-2.8323,-2.9427
2018020900,-3.5929,-2.7941
2018020901,-3.1014,-3.3491
2018020902,-5.2266,-3.5439
2018020903,-3.4046,-3.0866
2018020904,-3.2348,-3.0009
2018020905,-3.0043,-3.4813
2018020906,-2.144,-2.9472
2018020907,-3.9588,-3.796
2018020908,-4.1535,-2.9015
2018020909,-2.9479,-2.6508
2018020910,-4.0179,-3.1137
2018020911,-2.4135,-3.8891
2018020912,-3.752,-3.2279
2018020913,-3.4122,-2.9278
2018020914,-3.7418,-2.9118
2018020915,-4.9629,-3.1787
2018020916,-3.5082,-3.1169
2018020917,-2.0494,-3.4109
2018020918,-4.1036,-3.3987
2018020919,-2.6436,-3.0949
2018020920,-3.4915,-3.3959
2018020921,-3.3073,-3.5329
2018020922,-3.4336,-2.451
2018020923,-3.6678,-3.4968
2018020924,-2.5515,-3.3794
2018020925,-3.593,-3.2715
2018020926,-2.6028,-3.4709
2018020927,-3.3777,-3.3057
2018020928,-3.4623,-3.7677
2018020929,-3.8299,-3.4014
2018020930,-3.2961,-2.7272
2018020931,-2.2411,-2.8794
2018020932,-3.2225,-3.5439
2018020933,-3.2194,-4.3491
2018020934,-2.9595,-4.3292
2018020935,-3.6025,-3.302
2018020936,-3.7292,-3.1239
2018020937,-3.5864,-2.9726
2018020938,-3.1527,-3.449
2018020939,-3.8856,-3.2095
2018020940,-2.9908,-3.7566
2018020941,-3.0598,-3.363
2018020942,-3.6703,-2.29
2018020943,-2.9393,-2.7721
2018020944,-3.1658,-4.0283
2018020945,-3.1935,-3.784
2018020946,-2.6009,-2.3718
2018020947,-2.7874,-4.2632
2018020948,-3.2089,-3.4932
2018020949,-3.803,-3.9715
2018020950,-3.3846,-3.1008
2018020951,-3.3123,-2.8746
2018020952,-3.4837,-2.8549
2018020953,-4.0385,-3.4234
2018020954,-2.5067,-2.6716
2018020955,-3.6337,-3.7029
2018020956,-3.8612,-2.6093
2018020957,-3.0967,-4.5652
2018020958,-2.898,-3.324
2018020959,-3.5487,-3.2183
2018020960,-3.2088,-3.0693
2018020961,-4.0062,-3.7508
2018020962,-2.6979,-3.027
2018020963,-2.1383,-3.9822
2018020964,-3.3192,-3.1826
2018020965,-2.7758,-1.9433
2018020966,-3.3958,-3.3271
2018020967,-3.2973,-3.8566
2018020968,-4.3978,-4.2308
2018020969,-4.13,-3.2195
2018020970,-3.806,-3.0397
2018020971,-3.4831,-3.3434
2018020972,-3.2137,-3.1826
2018020973,-3.2319,-3.6258
2018020974,-3.1929,-4.1263
2018020975,-3.0308,-2.5726
2018020976,-4.4253,-3.2996
2018020977,-3.4668,-4.2998
2018020978,-3.2611,-2.7628
2018020979,-2.9545,-2.7356
2018020980,-1.2796,-3.6226
2018020981,-2.8941,-3.9203
2018020982,-3.126,-3.5726
2018020983,-3.6861,-3.412
2018020984,-3.8708,-4.0109
2018020985,-3.8478,-2.4379
2018020986,-3.3024,-3.8808
2018020987,-3.917,-3.3269
2018020988,-3.0498,-3.5304
2018020989,-3.0258,-4.0058
2018020990,-4.0859,-2.9434
2018020991,-3.4933,-3.5491
2018020992,-1.3061,-4.0546
2018020993,-2.8522,-2.9777
2018020994,-2.8925,-3.845
2018020995,-2.8024,-2.6779
2018020996,-3.8358,-3.2245
2018020997,-3.8034,-3.0461
2018020998,-5.2046,-2.8455
2018020999,-3.1311,-3.4362
2018021000,-3.9237,-3.6241
2018021001,-3.0527,-1.6956
2018021002,-2.6884,-3.7403
2018021003,-3.7914,-3.4223
2018021004,-4.9456,-4.0886
2018021005,-3.9303,-2.576
2018021006,-2.9167,-3.5039
2018021007,-2.7241,-3.5301
2018021008,-3.8405,-3.7765
2018021009,-2.8482,-3.0632
2018021010,-2.8917,-2.7729
2018021011,-3.6814,-3.6116
2018021012,-2.6432,-3.2034
2018021013,-3.7404,-4.1271
2018021014,-3.9675,-3.7095
2018021015,-4.3583,-3.63
2018021016,-4.4885,-3.8111
2018021017,-3.8483,-3.2082
2018021018,-3.6587,-2.9225
2018021019,-3.4217,-2.7116
2018021020,-1.5941,-3.4986
2018021021,-2.5487,-4.04
2018021022,-3.1027,-3.7594
2018021023,-5.1539,-4.0805
2018021024,-4.3767,-3.5646
2018021025,-2.306,-2.6933
2018021026,-3.0591,-3.6505
2018021027,-2.2706,-2.7701
2018021028,-3.4922,-3.6825
2018021029,-2.7232,-3.2424
2018021030,-3.9712,-3.5094
2018021031,-3.8167,-3.5018
2018021032,-3.2235,-3.0614
2018021033,-2.7284,-4.1192
2018021034,-2.7826,-3.3763
2018021035,-3.9814,-2.4903
2018021036,-3.4973,-3.1306
2018021037,-5.1911,-3.6213
2018021038,-4.4022,-3.8091
2018021039,-2.7346,-3.3368
2018021040,-3.1491,-3.7193
2018021041,-2.1171,-3.731
2018021042,-3.3385,-3.4877
2018021043,-3.877,-3.8991
2018021044,-4.2667,-3.9246
2018021045,-3.4071,-1.6233
2018021046,-3.0657,-3.9797
2018021047,-3.9962,-3.9388
2018021048,-2.6966,-3.7649
2018021049,-3.7786,-3.1566
2018021050,-2.6729,-3.3912
2018021051,-5.1569,-3.5061
2018021052,-3.5847,-3.5429
2018021053,-3.5058,-1.4658
2018021054,-3.949,-2.2467
2018021055,-3.047,-3.8737
2018021056,-4.0192,-3.1135
2018021057,-2.7093,-4.1146
2018021058,-2.2337,-3.4074
2018021059,-3.9408,-2.8727
2018021060,-4.2747,-3.8385
2018021061,-3.1787,-3.8918
2018021062,-2.6816,-2.6234
2018021063,-3.745,-3.0261
2018021064,-3.7984,-2.9984
2018021065,-3.9368,-4.5042
2018021066,-3.7077,-3.3756
2018021067,-2.7295,-3.4188
2018021068,-4.1419,-3.5534
2018021069,-4.0533,-2.3384
2018021070,-2.7873,-3.5381
2018021071,-2.6731,-2.8328
2018021072,-3.5395,-2.9168
2018021073,-2.0625,-3.0321
2018021074,-3.836,-3.0905
2018021075,-4.4538,-4.3927
2018021076,-3.4344,-3.7369
2018021077,-4.2102,-3.7422
2018021078,-3.5711,-2.1759
2018021079,-3.8168,-3.9132
2018021080,-4.2156,-2.9574
2018021081,-3.2645,-2.2089
2018021082,-4.1299,-2.4145
2018021083,-3.6632,-2.2512
2018021084,-3.4554,-4.4836
2018021085,-2.6048,-3.2095
2018021086,-4.2249,-3.4018
2018021087,-4.6999,-4.3084
2018021088,-4.1447,-3.0595
2018021089,-3.8257,-3.5637
2018021090,-4.0228,-3.4375
2018021091,-3.2038,-4.2028
2018021092,-4.1765,-3.7639
2018021093,-3.418,-2.8058
2018021094,-3.5505,-3.6429
2018021095,-3.4357,-3.3123
2018021096,-2.9756,-4.0745
2018021097,-3.3994,-3.0719
2018021098,-3.3938,-2.9275
2018021099,-2.1809,-3.4602
2018021100,-4.4467,-3.3646
2018021101,-3.6849,-4.1746
2018021102,-3.9403,-3.173
2018021103,-4.7786,-3.6027
2018021104,-4.2781,-3.1289
2018021105,-4.8177,-2.8742
2018021106,-3.8838,-3.3806
2018021107,-3.7106,-2.5079
2018021108,-4.1733,-2.8364
2018021109,-3.1513,-2.6613
2018021110,-3.6271,-3.7295
2018021111,-2.7799,-2.4093
2018021112,-3.8619,-3.2074
2018021113,-3.7345,-3.7491
2018021114,-2.6407,-3.8931
2018021115,-2.3852,-3.8126
2018021116,-4.3104,-4.1315
2018021117,-3.6799,-2.8241
2018021118,-4.5197,-2.9912
2018021119,-4.0504,-4.0688
2018021120,-4.379,-3.2147
2018021121,-3.5676,-2.8009
2018021122,-2.7168,-3.4593
2018021123,-3.6754,-3.8193
2018021124,-3.2035,-4.0017
2018021125,-3.1703,-4.3164
2018021126,-3.5339,-2.685
2018021127,-3.4881,-3.8742
2018021128,-4.0934,-4.1196
2018021129,-3.7067,-2.5192
2018021130,-2.4013,-4.4994
2018021131,-3.4549,-3.7974
2018021132,-3.8639,-4.3191
2018021133,-3.0079,-4.7379
2018021134,-4.0967,-3.6097
2018021135,-4.0319,-3.578
2018021136,-4.1301,-2.9172
2018021137,-3.069,-4.091
2018021138,-2.6221,-4.6874
2018021139,-3.6081,-3.3008
2018021140,-3.5439,-4.1555
2018021141,-3.9036,-3.4474
2018021142,-3.9736,-4.1428
2018021143,-3.0875,-3.1328
2018021144,-3.3992,-4.3992
2018021145,-3.7515,-4.1024
2018021146,-3.2898,-3.5975
2018021147,-3.4988,-3.3473
2018021148,-3.1307,-3.1573
2018021149,-4.0356,-2.982
2018021150,-2.5226,-3.5799
2018021151,-4.0187,-3.2261
2018021152,-3.1575,-4.1625
2018021153,-3.7709,-4.0667
2018021154,-3.8124,-2.704
2018021155,-3.5594,-4.1783
2018021156,-3.7165,-4.1087
2018021157,-2.5705,-3.1156
2018021158,-3.7468,-4.1677
2018021159,-3.363,-4.7234
2018021160,-2.3826,-3.156
2018021161,-3.94,-3.5
2018021162,-2.8539,-4.3584
2018021163,-3.3309,-2.8909
2018021164,-2.8306,-3.7662
2018021165,-3.5067,-4.0346
2018021166,-2.3486,-3.23
2018021167,-4.2194,-3.1119
2018021168,-3.6056,-4.3442
2018021169,-3.0744,-4.3552
2018021170,-2.2707,-5.0054
2018021171,-3.3758,-3.2309
2018021172,-4.9683,-3.9972
2018021173,-3.1676,-3.2034
2018021174,-3.3675,-4.1663
2018021175,-3.6405,-2.4253
2018021176,-3.6137,-3.1686
2018021177,-3.5999,-3.3686
2018021178,-2.9434,-2.4812
2018021179,-4.1475,-3.4332
2018021180,-3.1402,-3.5202
2018021181,-4.338,-5.5254
2018021182,-3.4272,-3.0936
2018021183,-4.2868,-2.8665
2018021184,-3.8559,-4.0434
2018021185,-3.7227,-3.4296
2018021186,-4.4434,-3.169
2018021187,-3.6718,-3.1351
2018021188,-3.4483,-3.2118
2018021189,-5.322,-3.6326
2018021190,-2.8568,-2.8442
2018021191,-4.1048,-3.0616
2018021192,-4.0101,-3.9271
2018021193,-3.2521,-3.61
2018021194,-3.0224,-2.9053
2018021195,-4.1517,-3.9841
2018021196,-3.3742,-4.5611
2018021197,-3.6586,-3.3857
2018021198,-2.9363,-4.0172
2018021199,-4.5594,-2.4093
2018021200,-3.4116,-3.1361
2018021201,-3.4449,-3.3824
2018021202,-3.7089,-3.5819
2018021203,-2.6727,-3.8067
2018021204,-4.6328,-3.6669
2018021205,-3.4813,-3.6371
2018021206,-5.1329,-3.0708
2018021207,-3.0596,-3.627
2018021208,-3.4491,-4.9374
2018021209,-3.231,-3.0129
2018021210,-4.0595,-4.0928
2018021211,-3.891,-3.2229
2018021212,-3.073,-3.5993
2018021213,-3.6879,-3.3772
2018021214,-4.2939,-4.0607
2018021215,-4.0845,-3.1379
2018021216,-2.9964,-2.1613
2018021217,-3.3681,-4.1061
2018021218,-4.8773,-4.0572
2018021219,-4.1428,-4.0865
2018021220,-3.5188,-3.2983
2018021221,-3.7652,-3.6139
2018021222,-2.9832,-3.5086
2018021223,-3.2524,-3.7657
2018021224,-3.5721,-4.9385
2018021225,-3.504,-3.1868
2018021226,-3.8905,-3.0548
2018021227,-3.4923,-2.7638
2018021228,-4.5607,-4.6536
2018021229,-4.7432,-4.3143
2018021230,-3.9208,-3.9937
2018021231,-4.0498,-3.0219
2018021232,-3.5089,-4.3775
2018021233,-4.7256,-2.6923
2018021234,-4.2955,-3.2898
2018021235,-3.7657,-4.1805
2018021236,-3.2956,-3.3967
2018021237,-3.592,-3.3486
2018021238,-3.1965,-3.7481
2018021239,-3.2164,-4.1264
2018021240,-4.4202,-3.3876
2018021241,-4.1512,-4.9543
2018021242,-4.8167,-4.6125
2018021243,-3.7885,-3.9826
2018021244,-3.8513,-2.9932
2018021245,-3.3159,-4.1171
2018021246,-3.1817,-3.5364
2018021247,-3.2481,-3.2964
2018021248,-3.3855,-4.0838
2018021249,-4.4511,-4.2811
2018021250,-3.6223,-4.0044
2018021251,-3.0126,-3.7828
2018021252,-3.7206,-3.4251
2018021253,-2.7262,-2.9985
2018021254,-2.9068,-3.8642
2018021255,-3.8425,-3.3476
2018021256,-3.8904,-4.0602
2018021257,-4.4376,-4.8563
2018021258,-3.282,-4.7997
2018021259,-2.9482,-4.1222
2018021260,-4.6423,-3.7964
2018021261,-4.2079,-4.5089
2018021262,-4.2259,-3.2848
2018021263,-4.1614,-3.0268
2018021264,-3.1728,-2.9296
2018021265,-3.9929,-3.0958
2018021266,-4.0338,-3.8883
2018021267,-3.424,-3.0019
2018021268,-3.0773,-2.7189
2018021269,-2.7037,-3.6651
2018021270,-4.4957,-2.9451
2018021271,-3.9154,-3.1737
2018030111,-4.8885,-3.6641
2018030141,-3.0576,-3.0087
2018030151,-4.0406,-2.8194
2018030161,-3.6376,-3.2095
2018030181,-3.2901,-3.3342
2018030121,-3.6513,-3.0397
2018030131,-3.7621,-3.6184
2018030171,-4.4612,-3.4127
2018030112,-4.7992,-3.7417
2018030142,-2.8604,-3.0648
2018030162,-3.1386,-3.4536
2018030182,-3.2495,-3.5725
2018030122,-3.8901,-3.0002
2018030132,-3.1035,-4.2534
2018030152,-3.5862,-3.316
2018030172,-4.1504,-3.7055
2018030113,-4.0865,-4.7758
2018030143,-3.0474,-3.0818
2018030163,-3.5962,-3.4882
2018030183,-3.4837,-4.1414
2018030123,-3.7191,-2.9516
2018030133,-3.8646,-3.6212
2018030153,-3.6619,-3.471
2018030173,-4.1496,-4.1518
2018030114,-4.2253,-4.9413
2018030144,-2.6033,-3.585
2018030164,-3.7306,-3.5593
2018030184,-3.1052,-4.24
2018030124,-3.166,-3.5313
2018030154,-3.2482,-3.9089
2018030174,-3.6249,-4.822
2018030134,-2.127,-4.4278
2018030165,-3.5787,-3.629
2018030185,-4.1157,-3.0624
2018030125,-3.6171,-3.1053
2018030175,-4.2927,-3.7494
2018030135,-3.7752,-2.9318
2018030155,-3.8613,-3.25
2018030166,-3.6898,-3.5177
2018030126,-3.3114,-3.1778
2018030186,-3.4952,-3.6344
2018030136,-3.5386,-3.1087
2018030156,-3.2584,-3.8905
2018030127,-3.5802,-2.9103
2018030187,-2.8438,-3.9656
2018030137,-3.733,-2.8991
2018030211,-3.3927,-3.9725
2018030231,-3.6816,-3.3574
2018030221,-3.2463,-3.0029
2018030241,-3.0155,-4.0832
2018030212,-3.4148,-4.1073
2018030232,-3.5498,-3.5843
2018030222,-3.213,-3.1492
2018030242,-3.4475,-3.8552
2018030233,-3.5901,-3.7387
2018030213,-4.0865,-3.2801
2018030243,-4.1295,-3.5394
2018030223,-3.4031,-3.3047
2018030234,-3.391,-4.0942
2018030214,-3.5059,-3.9416
2018030244,-3.5305,-3.9827
2018030224,-2.7871,-3.8147
2018030235,-4.0755,-3.4532
2018030215,-4.4262,-3.1662
2018030245,-4.686,-3.4569
2018030236,-3.5937,-3.5232
2018030216,-3.5734,-4.0363
2018030246,-2.8877,-4.4847
2018030237,-3.9254,-3.3786
2018030247,-4.475,-3.0556
2018030311,-4.2732,-3.3857
2018030321,-4.0575,-3.9432
2018030312,-3.77,-3.748
2018030322,-4.5944,-3.5976
2018030313,-4.2268,-3.4873
2018030323,-4.0267,-4.2627
2018030314,-3.5649,-3.6913
2018030324,-3.9555,-3.9293
2018030325,-4.2638,-3.7911
2018030326,-4.3605,-3.6085
2018030411,-3.9425,-4.0967
2018030412,-3.8306,-4.3741
2018030413,-3.8639,-4.0793
2018030414,-3.7185,-4.0596
2018030415,-3.6167,-3.7139
2018030416,-3.6493,-3.7658
2018030417,-3.9201,-3.5475
2019020001,-2.1834,-2.4841
2019020002,-2.3995,-2.6386
2019020003,-2.4546,-2.978
2019020004,-1.9458,-2.0718
2019020005,-2.841,-2.5304
2019020006,-2.4929,-3.4832
2019020007,-2.2648,-2.5824
2019020008,-1.818,-1.8694
2019020009,-2.6701,-2.5734
2019020010,-2.0797,-2.8368
2019020011,-3.0559,-2.9358
2019020012,-2.2253,-2.0954
2019020013,-2.4679,-4.2652
2019020014,-2.2972,-2.9911
2019020015,-1.667,-2.8628
2019020016,-1.9835,-2.5605
2019020017,-2.4939,-1.9073
2019020018,-2.3949,-2.4901
2019020019,-2.3433,-2.2682
2019020020,-2.9701,-1.944
2019020021,-2.8951,-2.4809
2019020022,-2.5579,-1.8443
2019020023,-2.6345,-1.3911
2019020024,-2.1037,-2.2446
2019020025,-2.562,-2.2595
2019020026,-2.4028,-3.0723
2019020027,-2.24,-2.986
2019020028,-3.5483,-3.3799
2019020029,-2.3568,-3.3919
2019020030,-1.7767,-2.3399
2019020031,-2.0745,-2.708
2019020032,-1.9046,-1.9328
2019020033,-2.8388,-4.3977
2019020034,-2.633,-2.4745
2019020035,-2.1363,-2.2932
2019020036,-2.3977,-1.876
2019020037,-2.9264,-2.3885
2019020038,-1.67,-5.1585
2019020039,-2.0219,-1.9229
2019020040,-2.3475,-1.9238
2019020041,-3.015,-2.7391
2019020042,-3.1065,-3.0764
2019020043,-2.2286,-3.1829
2019020044,-2.5583,-2.7686
2019020045,-1.6866,-2.6994
2019020046,-4.0163,-3.3839
2019020047,-2.6295,-3.1181
2019020048,-2.5282,-2.1394
2019020049,-2.873,-2.2285
2019020050,-2.5009,-2.3454
2019020051,-2.4279,-2.4926
2019020052,-2.8543,-2.0976
2019020053,-3.8319,-3.0198
2019020054,-2.4253,-2.9737
2019020055,-2.0298,-2.976
2019020056,-2.3758,-3.124
2019020057,-2.1073,-2.2936
2019020058,-2.9254,-1.9633
2019020059,-1.9141,-2.7915
2019020060,-2.4938,-3.2609
2019020061,-2.4693,-2.7278
2019020062,-2.4921,-2.7496
2019020063,-3.8281,-2.6451
2019020064,-3.0478,-2.6485
2019020065,-2.4251,-2.365
2019020066,-2.2143,-2.6054
2019020067,-3.1375,-2.5682
2019020068,-2.2917,-2.1628
2019020069,-2.5448,-3.3896
2019020070,-2.2863,-2.1674
2019020071,-3.5034,-1.8736
2019020072,-2.5489,-1.7375
2019020073,-3.6267,-1.688
2019020074,-2.4601,-2.5658
2019020075,-3.36,-2.6665
2019020076,-3.1264,-1.3353
2019020077,-2.8117,-3.7312
2019020078,-2.9308,-2.5472
2019020079,-2.3351,-2.9268
2019020080,-2.5998,-3.0991
2019020081,-2.4074,-3.2358
2019020082,-2.4346,-2.1543
2019020083,-2.3376,-1.8841
2019020084,-2.4706,-2.9997
2019020085,-2.4899,-2.7721
2019020086,-1.759,-3.1621
2019020087,-3.3819,-3.235
2019020088,-3.9811,-2.4667
2019020089,-3.0795,-2.0026
2019020090,-2.1297,-3.3593
2019020091,-2.3681,-2.2342
2019020092,-2.3785,-1.7738
2019020093,-2.4654,-1.9271
2019020094,-2.3122,-2.4764
2019020095,-2.9014,-2.354
2019020096,-2.6451,-2.1878
2019020097,-2.39,-2.3894
2019020098,-2.93,-2.5643
2019020099,-2.34,-3.4084
2019020100,-2.4383,-2.268
2019020101,-3.2301,-2.6962
2019020102,-3.6885,-2.412
2019020103,-4.1227,-2.3327
2019020104,-3.0673,-3.5902
2019020105,-2.0625,-1.7638
2019020106,-2.3326,-2.6961
2019020107,-3.0325,-2.1256
2019020108,-2.1133,-2.652
2019020109,-2.143,-2.3146
2019020110,-2.3575,-2.1665
2019020111,-1.8606,-3.1387
2019020112,-1.891,-2.2984
2019020113,-2.0748,-3.2934
2019020114,-2.8814,-2.3038
2019020115,-1.716,-2.6826
2019020116,-2.6364,-2.899
2019020117,-3.4626,-2.8353
2019020118,-1.6094,-1.7923
2019020119,-3.0193,-2.8781
2019020120,-2.891,-2.1628
2019020121,-3.9392,-2.2651
2019020122,-2.7278,-3.2925
2019020123,-2.2332,-2.5676
2019020124,-2.9326,-3.3783
2019020125,-3.6079,-2.8418
2019020126,-1.7159,-1.7247
2019020127,-3.2385,-2.1308
2019020128,-2.2895,-2.7378
2019020129,-1.6226,-2.4049
2019020130,-3.1749,-2.1334
2019020131,-2.7366,-2.5648
2019020132,-2.9617,-3.2158
2019020133,-2.9032,-1.976
2019020134,-2.7393,-1.9871
2019020135,-2.9599,-1.5057
2019020136,-2.7564,-2.2038
2019020137,-2.9759,-3.6481
2019020138,-3.6615,-2.0508
2019020139,-2.5876,-2.4993
2019020140,-2.697,-3.3794
2019020141,-1.0397,-2.7693
2019020142,-2.9375,-2.3685
2019020143,-2.7958,-2.6317
2019020144,-3.0889,-1.8859
2019020145,-3.1483,-2.8708
2019020146,-2.8818,-2.9399
2019020147,-2.0397,-2.0691
2019020148,-2.2004,-2.4994
2019020149,-2.143,-3.0005
2019020150,-2.8834,-2.3368
2019020151,-1.5362,-2.6763
2019020152,-2.7863,-3.1582
2019020153,-3.1308,-2.4986
2019020154,-3.3553,-2.6186
2019020155,-2.5673,-2.9623
2019020156,-2.8555,-3.0583
2019020157,-1.8689,-3.2913
2019020158,-2.1964,-2.8787
2019020159,-3.1793,-3.5046
2019020160,-4.1748,-3.0578
2019020161,-2.8988,-1.8716
2019020162,-2.2815,-1.8476
2019020163,-2.8251,-2.8656
2019020164,-3.8757,-2.2381
2019020165,-2.4766,-2.2809
2019020166,-2.3261,-1.9067
2019020167,-2.7939,-3.0965
2019020168,-2.9607,-2.7353
2019020169,-3.391,-3.4247
2019020170,-2.7851,-3.009
2019020171,-2.8862,-2.329
2019020172,-2.0719,-3.208
2019020173,-2.0241,-2.4893
2019020174,-1.5122,-1.6391
2019020175,-2.5905,-3.083
2019020176,-2.1025,-3.1688
2019020177,-3.8592,-3.3154
2019020178,-3.5479,-3.1835
2019020179,-2.0572,-3.3736
2019020180,-2.8926,-3.6406
2019020181,-1.8954,-3.3206
2019020182,-1.9304,-2.5972
2019020183,-2.3555,-2.9737
2019020184,-3.1529,-2.5818
2019020185,-3.0698,-1.9734
2019020186,-2.5266,-2.6043
2019020187,-3.2684,-2.2785
2019020188,-2.0095,-2.821
2019020189,-2.9465,-3.098
2019020190,-2.1455,-3.2387
2019020191,-2.9407,-3.8923
2019020192,-3.959,-2.7349
2019020193,-3.8391,-3.0092
2019020194,-2.4458,-3.1314
2019020195,-2.2204,-3.2274
2019020196,-2.0095,-2.5805
2019020197,-1.6231,-2.8317
2019020198,-3.7248,-3.3706
2019020199,-2.0993,-3.4876
2019020200,-1.9236,-2.8633
2019020201,-3.6347,-2.2671
2019020202,-2.5273,-3.0729
2019020203,-3.2534,-3.1522
2019020204,-2.0525,-3.5202
2019020205,-2.7838,-2.0487
2019020206,-1.9838,-1.9298
2019020207,-3.2188,-1.9153
2019020208,-3.4562,-3.3998
2019020209,-2.9653,-2.896
2019020210,-1.8357,-1.61
2019020211,-2.8812,-2.8798
2019020212,-2.361,-2.9224
2019020213,-3.1218,-1.8918
2019020214,-3.3929,-3.7884
2019020215,-2.6859,-3.2563
2019020216,-3.5127,-3.0057
2019020217,-3.5403,-2.9827
2019020218,-3.5944,-2.425
2019020219,-2.8029,-2.3183
2019020220,-1.9472,-2.6159
2019020221,-2.9327,-2.7741
2019020222,-4.3823,-1.9813
2019020223,-3.1022,-2.9965
2019020224,-2.9493,-2.2799
2019020225,-2.192,-2.3612
2019020226,-2.6,-1.4943
2019020227,-2.8691,-2.741
2019020228,-3.2702,-3.7563
2019020229,-3.146,-1.6707
2019020230,-2.0797,-4.2849
2019020231,-2.9436,-3.6262
2019020232,-3.0154,-2.3207
2019020233,-2.125,-2.9306
2019020234,-3.5879,-3.1002
2019020235,-2.4,-3.4146
2019020236,-2.5555,-2.7101
2019020237,-3.1769,-3.3315
2019020238,-2.5698,-3.1208
2019020239,-1.6304,-2.4514
2019020240,-2.3118,-2.8547
2019020241,-2.0797,-2.2514
2019020242,-2.3619,-3.6944
2019020243,-3.2918,-2.713
2019020244,-4.2558,-2.6999
2019020245,-3.3704,-1.8425
2019020246,-4.0673,-2.4382
2019020247,-3.9195,-3.0874
2019020248,-4.1019,-2.2489
2019020249,-3.0194,-3.053
2019020250,-2.8746,-2.9555
2019020251,-2.4242,-2.3584
2019020252,-1.8555,-2.6042
2019020253,-2.8515,-2.6713
2019020254,-2.7224,-3.7982
2019020255,-2.2417,-2.156
2019020256,-3.7031,-2.5881
2019020257,-2.482,-3.2145
2019020258,-3.0789,-2.8716
2019020259,-3.0531,-3.4672
2019020260,-3.5921,-3.116
2019020261,-3.066,-2.8026
2019020262,-3.2104,-3.5292
2019020263,-2.5817,-2.2941
2019020264,-2.8549,-2.1927
2019020265,-2.9383,-2.4381
2019020266,-3.7591,-4.0915
2019020267,-2.7409,-2.7611
2019020268,-3.2618,-2.9693
2019020269,-2.0825,-2.3811
2019020270,-2.5705,-3.0282
2019020271,-2.3993,-2.4869
2019020272,-2.6816,-3.2692
2019020273,-3.0582,-3.0599
2019020274,-2.0242,-2.6768
2019020275,-3.0017,-3.0558
2019020276,-2.4233,-2.9199
2019020277,-3.1829,-3.8698
2019020278,-3.1898,-3.6536
2019020279,-2.4475,-3.3128
2019020280,-2.8568,-2.1797
2019020281,-2.1517,-3.0443
2019020282,-2.1364,-3.4703
2019020283,-2.8184,-2.5384
2019020284,-2.8769,-2.7081
2019020285,-4.3912,-2.3492
2019020286,-2.5455,-1.9748
2019020287,-3.2389,-2.1231
2019020288,-3.3838,-1.9595
2019020289,-2.968,-3.3095
2019020290,-2.1306,-3.3113
2019020291,-2.8225,-2.6608
2019020292,-3.1487,-2.4192
2019020293,-2.9591,-3.5413
2019020294,-3.2561,-2.5124
2019020295,-2.8384,-2.786
2019020296,-2.1885,-3.1764
2019020297,-3.6361,-2.8164
2019020298,-2.6301,-3.0116
2019020299,-2.9938,-2.3217
2019020300,-3.2471,-2.1208
2019020301,-2.0738,-2.8245
2019020302,-3.2608,-2.9108
2019020303,-2.8702,-2.4467
2019020304,-2.0603,-2.4075
2019020305,-2.9101,-2.7259
2019020306,-3.2848,-2.2137
2019020307,-2.9646,-2.1558
2019020308,-2.4896,-2.9559
2019020309,-2.8321,-2.2727
2019020310,-4.3531,-2.7193
2019020311,-2.8356,-3.4493
2019020312,-3.4544,-3.8138
2019020313,-3.1092,-3.2638
2019020314,-3.0224,-1.8105
2019020315,-3.4177,-2.9236
2019020316,-2.4952,-2.332
2019020317,-2.8544,-3.5679
2019020318,-2.7464,-2.5304
2019020319,-2.7325,-2.9663
2019020320,-2.1293,-2.9164
2019020321,-2.1871,-2.442
2019020322,-3.0599,-3.2565
2019020323,-3.5883,-1.854
2019020324,-2.8546,-2.9658
2019020325,-4.0517,-2.5051
2019020326,-2.192,-2.5834
2019020327,-2.4343,-2.8729
2019020328,-3.6193,-3.638
2019020329,-2.7622,-3.2254
2019020330,-3.038,-2.3278
2019020331,-3.3651,-2.5342
2019020332,-2.4305,-1.7619
2019020333,-2.7202,-2.3821
2019020334,-2.4295,-3.2234
2019020335,-2.4847,-2.2658
2019020336,-2.5233,-2.969
2019020337,-3.3453,-2.4035
2019020338,-2.691,-3.3748
2019020339,-4.0182,-2.8815
2019020340,-2.8346,-3.9244
2019020341,-2.2195,-2.667
2019020342,-2.1977,-2.5484
2019020343,-2.8583,-3.111
2019020344,-3.1427,-2.9778
2019020345,-3.428,-2.1571
2019020346,-2.6109,-2.1911
2019020347,-3.4292,-1.5143
2019020348,-2.5399,-3.1971
2019020349,-3.102,-3.6855
2019020350,-2.813,-2.8096
2019020351,-2.4408,-2.8007
2019020352,-2.8053,-3.0472
2019020353,-3.2583,-2.6934
2019020354,-1.4328,-3.2001
2019020355,-2.3699,-2.909
2019020356,-2.9556,-2.8931
2019020357,-3.9878,-2.8059
2019020358,-2.324,-3.4629
2019020359,-2.02,-1.9888
2019020360,-3.1587,-2.6337
2019020361,-3.0174,-2.2454
2019020362,-3.3905,-2.4627
2019020363,-2.7902,-1.8618
2019020364,-2.7442,-2.9189
2019020365,-2.7151,-3.1385
2019020366,-3.2955,-3.168
2019020367,-3.345,-3.3207
2019020368,-3.0154,-3.577
2019020369,-3.4999,-1.9365
2019020370,-3.0538,-2.76
2019020371,-1.8682,-3.3217
2019020372,-3.3082,-3.178
2019020373,-2.9913,-2.0725
2019020374,-2.7487,-1.7966
2019020375,-1.8544,-3.3234
2019020376,-2.0889,-2.1307
2019020377,-3.6012,-3.6641
2019020378,-2.0804,-1.9366
2019020379,-2.5499,-2.9196
2019020380,-2.5192,-3.2826
2019020381,-2.9735,-2.1428
2019020382,-2.9388,-3.4147
2019020383,-2.5433,-2.9448
2019020384,-3.1241,-3.3312
2019020385,-2.4911,-2.8524
2019020386,-2.9757,-2.8447
2019020387,-4.2424,-2.6879
2019020388,-3.4686,-3.8608
2019020389,-2.0725,-2.9026
2019020390,-2.5172,-2.1345
2019020391,-2.4075,-2.7072
2019020392,-3.0626,-2.6369
2019020393,-3.6208,-3.5909
2019020394,-1.7478,-3.3724
2019020395,-3.1972,-2.0294
2019020396,-3.4255,-2.6776
2019020397,-2.7205,-3.0344
2019020398,-2.3244,-3.0854
2019020399,-2.4431,-2.4746
2019020400,-3.023,-2.9296
2019020401,-2.4905,-2.6634
2019020402,-2.2196,-3.1977
2019020403,-1.8173,-2.9596
2019020404,-3.1962,-3.6614
2019020405,-3.2044,-2.5323
2019020406,-3.1726,-2.3081
2019020407,-2.7867,-1.9803
2019020408,-2.869,-2.977
2019020409,-3.9975,-2.6282
2019020410,-3.9322,-2.1416
2019020411,-3.1019,-3.5105
2019020412,-2.657,-2.7329
2019020413,-3.485,-2.235
2019020414,-3.1839,-3.3096
2019020415,-2.9324,-2.7975
2019020416,-3.1309,-2.2765
2019020417,-2.5281,-3.0395
2019020418,-3.4236,-3.1053
2019020419,-2.1981,-2.3908
2019020420,-2.6356,-2.2751
2019020421,-3.3722,-3.3322
2019020422,-2.7806,-2.32
2019020423,-3.306,-2.6856
2019020424,-2.6841,-1.9866
2019020425,-2.8612,-4.0091
2019020426,-2.6476,-3.0909
2019020427,-2.2826,-2.5257
2019020428,-3.9583,-3.4494
2019020429,-3.2653,-2.5061
2019020430,-3.5577,-2.8374
2019020431,-3.1743,-2.3719
2019020432,-3.3467,-2.8327
2019020433,-3.0165,-2.8333
2019020434,-4.0781,-2.7682
2019020435,-4.658,-2.397
2019020436,-3.1432,-3.014
2019020437,-2.8158,-3.0169
2019020438,-2.3345,-3.2872
2019020439,-3.3672,-3.0684
2019020440,-3.2884,-3.1029
2019020441,-3.7001,-2.5958
2019020442,-2.8973,-2.596
2019020443,-2.6009,-2.7491
2019020444,-3.5986,-2.229
2019020445,-2.0671,-2.6936
2019020446,-3.2131,-2.3271
2019020447,-2.0461,-3.1672
2019020448,-2.0175,-3.0219
2019020449,-3.2937,-2.8836
2019020450,-3.1161,-2.3396
2019020451,-3.243,-3.0168
2019020452,-3.1527,-2.8722
2019020453,-3.503,-2.9025
2019020454,-2.5143,-3.2056
2019020455,-2.9365,-2.8002
2019020456,-3.5881,-3.1748
2019020457,-2.8388,-2.8712
2019020458,-2.3425,-3.0478
2019020459,-3.4872,-3.7439
2019020460,-3.0332,-2.5581
2019020461,-2.4318,-2.8535
2019020462,-2.7772,-3.2647
2019020463,-2.8028,-2.83
2019020464,-2.4267,-3.1879
2019020465,-2.8762,-3.4787
2019020466,-3.5491,-2.0738
2019020467,-2.9307,-3.2531
2019020468,-3.1772,-3.0377
2019020469,-3.0075,-3.5844
2019020470,-2.8309,-2.6613
2019020471,-3.183,-2.6674
2019020472,-2.9984,-3.2168
2019020473,-2.2752,-3.3057
2019020474,-2.8806,-3.067
2019020475,-3.5425,-3.2862
2019020476,-3.7744,-2.6073
2019020477,-2.9629,-2.8797
2019020478,-2.4969,-2.5376
2019020479,-3.0533,-1.9306
2019020480,-4.2762,-2.4788
2019020481,-3.3538,-4.0341
2019020482,-2.9159,-2.6335
2019020483,-3.561,-2.9281
2019020484,-3.0973,-3.4033
2019020485,-2.9075,-2.2996
2019020486,-3.2338,-2.4004
2019020487,-2.755,-2.9694
2019020488,-3.2107,-3.4944
2019020489,-2.4589,-2.9508
2019020490,-2.6822,-3.6382
2019020491,-2.563,-2.8508
2019020492,-3.3572,-2.5142
2019020493,-3.4237,-2.3774
2019020494,-3.5202,-3.8409
2019020495,-3.7112,-2.7787
2019020496,-3.3038,-2.5111
2019020497,-3.3062,-3.4816
2019020498,-3.6932,-3.101
2019020499,-2.273,-2.9504
2019020500,-3.1947,-2.3496
2019020501,-3.2686,-3.6832
2019020502,-3.1816,-2.8322
2019020503,-3.3888,-3.2951
2019020504,-3.4019,-3.1628
2019020505,-3.3731,-2.3353
2019020506,-2.3366,-2.7416
2019020507,-3.4878,-2.9795
2019020508,-2.1196,-3.3354
2019020509,-2.641,-3.2466
2019020510,-3.0729,-2.8582
2019020511,-2.9956,-4.0477
2019020512,-2.7439,-3.5204
2019020513,-3.0217,-2.1898
2019020514,-3.558,-2.8479
2019020515,-2.9341,-2.3524
2019020516,-2.7363,-3.0915
2019020517,-4.6043,-2.8025
2019020518,-3.1402,-3.0886
2019020519,-2.8471,-3.3078
2019020520,-3.2152,-3.2979
2019020521,-3.8042,-2.8031
2019020522,-1.9068,-3.2648
2019020523,-2.261,-3.1377
2019020524,-2.743,-2.7436
2019020525,-3.6653,-3.2555
2019020526,-4.2139,-3.4825
2019020527,-2.5156,-4.0305
2019020528,-2.8456,-3.0743
2019020529,-3.0204,-3.7274
2019020530,-2.4843,-3.3803
2019020531,-3.7282,-2.96
2019020532,-3.6225,-1.9928
2019020533,-2.9817,-3.5907
2019020534,-3.4626,-3.0801
2019020535,-2.0667,-2.8026
2019020536,-3.2977,-3.5023
2019020537,-1.7444,-3.2856
2019020538,-2.5531,-3.0664
2019020539,-4.3063,-2.174
2019020540,-3.1486,-3.3548
2019020541,-3.6868,-3.4484
2019020542,-3.4882,-3.8718
2019020543,-2.7616,-3.2642
2019020544,-3.5177,-3.1522
2019020545,-3.1876,-2.2766
2019020546,-3.3556,-3.5601
2019020547,-3.3012,-2.7179
2019020548,-2.607,-2.1884
2019020549,-2.2576,-2.9638
2019020550,-2.803,-3.085
2019020551,-3.2709,-3.6746
2019020552,-3.4582,-4.2339
2019020553,-3.1626,-2.6233
2019020554,-3.252,-2.9247
2019020555,-2.5266,-4.1084
2019020556,-2.8583,-2.8466
2019020557,-3.852,-3.0945
2019020558,-2.9695,-3.8583
2019020559,-3.5272,-2.4162
2019020560,-2.8332,-2.2052
2019020561,-3.4658,-2.3907
2019020562,-3.1059,-3.104
2019020563,-3.0533,-3.5676
2019020564,-3.5026,-1.825
2019020565,-2.9742,-2.0023
2019020566,-3.2316,-3.454
2019020567,-2.2317,-3.0283
2019020568,-3.4378,-2.5223
2019020569,-2.7992,-2.8884
2019020570,-3.2117,-2.5341
2019020571,-2.7129,-3.2868
2019020572,-3.2381,-3.0418
2019020573,-3.2774,-2.0252
2019020574,-3.4805,-2.8349
2019020575,-3.4323,-3.3333
2019020576,-4.0816,-3.4826
2019020577,-3.0963,-3.0874
2019020578,-3.4312,-2.5445
2019020579,-3.1536,-2.7666
2019020580,-2.9414,-2.8251
2019020581,-4.2846,-1.914
2019020582,-3.3225,-2.1988
2019020583,-2.1938,-2.5871
2019020584,-3.493,-3.2001
2019020585,-3.4163,-2.9832
2019020586,-4.0588,-3.7146
2019020587,-3.0326,-2.1181
2019020588,-3.0442,-3.1756
2019020589,-3.3616,-2.3947
2019020590,-2.8506,-2.7527
2019020591,-3.1011,-2.8007
2019020592,-3.2665,-3.5782
2019020593,-2.5564,-3.0238
2019020594,-3.4626,-3.2389
2019020595,-4.1796,-2.7104
2019020596,-3.7026,-4.2299
2019020597,-3.9547,-3.0234
2019020598,-2.9489,-2.9964
2019020599,-2.989,-3.8246
2019020600,-3.1765,-3.4017
2019020601,-3.2665,-2.6838
2019020602,-2.4216,-2.7173
2019020603,-3.8285,-2.6688
2019020604,-3.6709,-3.1772
2019020605,-3.2819,-2.9613
2019020606,-3.1663,-2.4559
2019020607,-3.3862,-3.7364
2019020608,-3.2529,-3.629
2019020609,-4.2589,-2.4416
2019020610,-2.4008,-2.2536
2019020611,-2.9708,-2.9755
2019020612,-3.5313,-3.2485
2019020613,-3.4044,-2.7601
2019020614,-3.3796,-3.2742
2019020615,-2.4805,-2.6724
2019020616,-3.0537,-2.479
2019020617,-2.6588,-3.2477
2019020618,-3.4014,-3.559
2019020619,-3.0228,-3.4065
2019020620,-2.8504,-3.5801
2019020621,-3.4432,-3.6907
2019020622,-2.9794,-3.75
2019020623,-2.4095,-2.7523
2019020624,-4.3721,-1.6958
2019020625,-3.872,-2.1353
2019020626,-2.6808,-4.4222
2019020627,-3.0831,-2.8072
2019020628,-2.0887,-2.244
2019020629,-3.2393,-3.7755
2019020630,-3.35,-3.0001
2019020631,-3.3295,-3.8045
2019020632,-3.3453,-3.4728
2019020633,-3.4903,-2.4122
2019020634,-3.8344,-2.5016
2019020635,-2.5827,-2.7748
2019020636,-3.7466,-2.6898
2019020637,-3.6233,-3.7499
2019020638,-1.7432,-3.0104
2019020639,-3.3508,-3.6096
2019020640,-2.495,-2.956
2019020641,-2.8125,-2.5769
2019020642,-3.0923,-3.8472
2019020643,-3.1763,-3.4786
2019020644,-1.9329,-3.5972
2019020645,-1.9328,-3.2776
2019020646,-2.4516,-3.565
2019020647,-3.7672,-3.3755
2019020648,-3.1525,-2.9357
2019020649,-2.4873,-2.7642
2019020650,-3.2912,-3.2514
2019020651,-3.2844,-3.0335
2019020652,-3.1997,-4.1448
2019020653,-4.0197,-3.4053
2019020654,-3.5257,-3.8811
2019020655,-2.9859,-3.6419
2019020656,-3.2157,-2.2282
2019020657,-4.2243,-3.4822
2019020658,-3.2494,-4.6054
2019020659,-2.3684,-2.7256
2019020660,-3.9328,-3.616
2019020661,-3.5488,-3.1147
2019020662,-2.8021,-3.1277
2019020663,-3.6743,-3.1518
2019020664,-3.9856,-2.8997
2019020665,-2.5194,-3.4092
2019020666,-3.1252,-3.2922
2019020667,-3.6949,-2.6872
2019020668,-2.9079,-3.8361
2019020669,-3.6067,-3.1854
2019020670,-2.8946,-3.8318
2019020671,-4.3607,-2.9849
2019020672,-3.7071,-2.9906
2019020673,-2.2956,-3.3172
2019020674,-3.6779,-3.0316
2019020675,-2.6302,-3.5938
2019020676,-3.5718,-3.4536
2019020677,-2.8508,-2.3935
2019020678,-3.6401,-3.7874
2019020679,-4.3677,-2.5864
2019020680,-3.7473,-2.8101
2019020681,-3.7035,-2.8414
2019020682,-2.4802,-3.4222
2019020683,-2.7106,-2.0469
2019020684,-3.1935,-3.694
2019020685,-3.4396,-2.5029
2019020686,-2.6749,-3.3813
2019020687,-3.6931,-2.3806
2019020688,-4.0005,-3.1931
2019020689,-3.304,-2.586
2019020690,-3.281,-2.8852
2019020691,-3.7483,-2.9004
2019020692,-2.4612,-3.9275
2019020693,-3.2476,-3.7401
2019020694,-2.8583,-3.3057
2019020695,-2.9813,-2.833
2019020696,-4.0472,-3.1446
2019020697,-3.0029,-2.4947
2019020698,-2.8752,-3.3308
2019020699,-2.9607,-3.5187
2019020700,-2.7817,-2.8762
2019020701,-2.5715,-3.4005
2019020702,-3.8097,-2.3698
2019020703,-4.3092,-4.2597
2019020704,-3.1876,-3.1561
2019020705,-2.6824,-2.8206
2019020706,-3.3078,-3.2048
2019020707,-2.8712,-2.5679
2019020708,-3.5039,-2.5125
2019020709,-3.8418,-2.7984
2019020710,-2.7463,-2.8191
2019020711,-3.0411,-3.3826
2019020712,-3.6775,-2.8652
2019020713,-3.0018,-3.1287
2019020714,-3.553,-3.284
2019020715,-2.9486,-3.5039
2019020716,-2.5125,-2.5971
2019020717,-3.3572,-2.2942
2019020718,-3.282,-2.929
2019020719,-3.1161,-3.3777
2019020720,-2.8531,-3.32
2019020721,-3.8465,-3.9828
2019020722,-3.5207,-2.1823
2019020723,-2.8069,-4.4771
2019020724,-3.1015,-3.8107
2019020725,-3.3638,-3.4316
2019020726,-2.7213,-3.1236
2019020727,-3.1513,-2.8154
2019020728,-3.079,-3.1605
2019020729,-3.0248,-2.5971
2019020730,-3.1075,-2.3318
2019020731,-3.0213,-3.0486
2019020732,-3.1882,-3.332
2019020733,-2.9832,-3.4711
2019020734,-2.6172,-3.5992
2019020735,-4.8031,-3.6901
2019020736,-3.0285,-2.5744
2019020737,-2.8157,-3.0375
2019020738,-3.1076,-3.7915
2019020739,-4.5362,-3.0044
2019020740,-2.5714,-2.9266
2019020741,-3.2429,-4.0325
2019020742,-3.4569,-3.4906
2019020743,-2.6418,-3.0656
2019020744,-3.0243,-2.3934
2019020745,-2.4499,-3.9277
2019020746,-3.1375,-3.1201
2019020747,-3.2608,-3.3802
2019020748,-3.2321,-3.4438
2019020749,-2.3784,-2.9587
2019020750,-2.149,-3.4494
2019020751,-3.0294,-3.4928
2019020752,-4.4072,-2.9973
2019020753,-2.7966,-3.0056
2019020754,-3.8496,-3.9373
2019020755,-3.1277,-3.0536
2019020756,-3.133,-2.7461
2019020757,-2.8508,-3.0363
2019020758,-3.4518,-3.3555
2019020759,-2.6057,-2.6308
2019020760,-2.5563,-3.1394
2019020761,-3.9454,-3.824
2019020762,-2.65,-3.0362
2019020763,-1.8995,-2.4183
2019020764,-2.7746,-3.8887
2019020765,-3.1681,-2.9813
2019020766,-2.8841,-4.1669
2019020767,-2.8419,-2.364
2019020768,-2.8824,-2.811
2019020769,-2.9487,-3.9665
2019020770,-3.4591,-3.0031
2019020771,-3.6214,-3.575
2019020772,-3.2771,-2.7965
2019020773,-4.7184,-4.1526
2019020774,-4.0805,-2.9695
2019020775,-3.4463,-3.0843
2019020776,-3.1513,-3.6292
2019020777,-3.095,-3.0666
2019020778,-2.5639,-2.89
2019020779,-4.1648,-4.1529
2019020780,-3.5829,-4.0114
2019020781,-4.6711,-3.4256
2019020782,-4.1463,-2.9698
2019020783,-3.5446,-3.6778
2019020784,-4.6926,-3.1801
2019020785,-3.1674,-2.6557
2019020786,-2.6538,-1.8931
2019020787,-3.2829,-3.1096
2019020788,-2.4449,-3.8457
2019020789,-3.7395,-3.7291
2019020790,-2.4844,-3.7422
2019020791,-3.7928,-4.0114
2019020792,-3.5921,-3.3598
2019020793,-2.9484,-3.8325
2019020794,-3.2952,-3.3484
2019020795,-3.3634,-2.8011
2019020796,-3.466,-2.76
2019020797,-3.6002,-2.7645
2019020798,-2.1157,-2.8165
2019020799,-3.4725,-2.8025
2019020800,-3.5498,-3.8942
2019020801,-2.2637,-3.4257
2019020802,-4.15,-2.9187
2019020803,-3.3599,-3.1184
2019020804,-4.103,-3.8446
2019020805,-3.8564,-3.9193
2019020806,-3.6553,-2.5678
2019020807,-2.4037,-3.3717
2019020808,-2.8014,-2.9892
2019020809,-3.254,-4.2073
2019020810,-3.0597,-3.2942
2019020811,-3.0912,-2.0237
2019020812,-2.954,-3.2654
2019020813,-3.3217,-2.9083
2019020814,-3.9193,-4.003
2019020815,-3.5899,-2.7807
2019020816,-3.5232,-3.2613
2019020817,-3.5591,-4.1238
2019020818,-2.8377,-4.197
2019020819,-2.9094,-3.9318
2019020820,-2.8712,-2.9602
2019020821,-3.3229,-3.2628
2019020822,-3.5363,-3.5062
2019020823,-3.3435,-3.8449
2019020824,-4.0396,-3.0732
2019020825,-3.4426,-3.1879
2019020826,-3.3192,-2.5406
2019020827,-3.2144,-2.7055
2019020828,-2.8315,-4.3219
2019020829,-3.6746,-2.9876
2019020830,-3.9763,-4.0636
2019020831,-3.0342,-3.7339
2019020832,-2.9522,-3.3255
2019020833,-2.5588,-3.2656
2019020834,-2.6257,-2.8902
2019020835,-2.9625,-3.4106
2019020836,-3.3306,-3.9584
2019020837,-3.4089,-3.7737
2019020838,-3.8295,-2.9205
2019020839,-4.1445,-4.1372
2019020840,-3.3784,-2.7824
2019020841,-3.3056,-3.2583
2019020842,-3.7065,-3.1568
2019020843,-3.1352,-3.1803
2019020844,-2.763,-3.6056
2019020845,-3.0654,-4.4418
2019020846,-3.4768,-2.9931
2019020847,-3.426,-3.2566
2019020848,-3.0448,-3.7223
2019020849,-3.7588,-2.4495
2019020850,-3.6866,-3.0289
2019020851,-3.387,-4.0131
2019020852,-2.5566,-3.001
2019020853,-3.3358,-3.416
2019020854,-4.4206,-3.1119
2019020855,-3.5724,-2.6939
2019020856,-3.0653,-3.9983
2019020857,-2.8469,-3.971
2019020858,-3.1731,-2.9362
2019020859,-3.4874,-3.6301
2019020860,-3.1022,-3.5545
2019020861,-2.6422,-3.4137
2019020862,-3.6463,-3.0733
2019020863,-2.9455,-3.1433
2019020864,-3.0918,-4.5919
2019020865,-3.6262,-3.3742
2019020866,-3.5122,-3.2628
2019020867,-4.3911,-4.0859
2019020868,-3.0448,-3.2571
2019020869,-3.1162,-2.6688
2019020870,-3.128,-3.1854
2019020871,-4.0078,-3.9174
2019020872,-2.9036,-3.0619
2019020873,-3.5787,-3.6148
2019020874,-3.4133,-3.0589
2019020875,-2.8284,-3.3998
2019020877,-3.3782,-2.5886
2019020878,-3.5263,-3.4955
2019020879,-2.8811,-3.6167
2019020880,-3.0607,-2.8698
2019020881,-4.3869,-2.2953
2019020882,-3.0395,-2.7049
2019020883,-3.4037,-3.0208
2019020884,-3.0475,-3.768
2019020885,-3.0109,-4.0759
2019020886,-4.7749,-2.6662
2019020887,-3.2496,-3.0355
2019020888,-3.2348,-3.1478
2019020889,-4.0961,-1.9534
2019020890,-4.0334,-3.432
2019020891,-2.8626,-3.0755
2019020892,-3.1281,-2.711
2019020893,-3.0681,-3.9324
2019020894,-4.305,-2.9058
2019020895,-3.3538,-3.9114
2019020896,-2.7494,-3.853
2019020897,-3.7458,-2.765
2019020898,-3.7055,-2.5179
2019020899,-3.486,-4.2298
2019020900,-3.5328,-3.2614
2019020901,-3.1286,-3.7884
2019020902,-3.5074,-3.5401
2019020903,-3.559,-3.3972
2019020904,-3.8345,-2.7954
2019020905,-3.2274,-3.9228
2019020906,-2.636,-4.1868
2019020907,-2.6367,-3.2663
2019020908,-3.8376,-2.5026
2019020909,-2.6776,-4.0004
2019020910,-3.0055,-3.3583
2019020911,-3.7068,-3.253
2019020912,-4.0608,-2.581
2019020913,-2.8582,-4.0106
2019020914,-2.4823,-3.49
2019020915,-3.6022,-3.7543
2019020916,-3.4173,-3.4882
2019020917,-3.1654,-3.8836
2019020918,-3.1741,-3.3088
2019020919,-3.7102,-4.0672
2019020920,-2.8699,-3.1228
2019020921,-3.082,-3.8032
2019020922,-3.6665,-2.7037
2019020923,-3.4561,-3.2476
2019020924,-2.6903,-3.8988
2019020925,-3.9254,-3.6514
2019020926,-3.2866,-2.8051
2019020927,-3.1932,-2.3055
2019020928,-3.6188,-3.4664
2019020929,-3.1292,-3.5245
2019020930,-3.1317,-3.7337
2019020931,-4.1648,-4.1958
2019020932,-3.1571,-4.177
2019020933,-4.3375,-3.0879
2019020934,-3.904,-3.3303
2019020935,-3.3056,-3.44
2019020936,-3.0901,-3.2465
2019020937,-2.8167,-2.7718
2019020938,-2.9326,-4.1931
2019020939,-2.5903,-4.0049
2019020940,-2.845,-4.5406
2019020941,-3.6293,-3.4328
2019020942,-3.5295,-2.7882
2019020943,-2.6762,-4.1129
2019020944,-2.9103,-3.0686
2019020945,-3.2457,-3.9235
2019020946,-2.7558,-3.9004
2019020947,-3.906,-3.088
2019020948,-3.66,-3.31
2019020949,-2.6315,-2.9792
2019020950,-3.7342,-3.5641
2019020951,-3.605,-2.6698
2019020952,-2.7104,-3.6132
2019020953,-3.5513,-3.931
2019020954,-4.0212,-2.968
2019020955,-3.7391,-4.1866
2019020956,-3.3158,-3.875
2019020957,-2.9702,-4.5728
2019020958,-3.092,-3.1911
2019020959,-3.5138,-3.4159
2019020960,-3.8081,-3.0977
2019020961,-2.9568,-3.0102
2019020962,-2.8676,-4.2778
2019020963,-3.9201,-3.3137
2019020964,-3.6454,-3.0398
2019020965,-3.5905,-3.2952
2019020966,-2.5927,-3.338
2019020967,-3.1276,-3.2747
2019020968,-4.3143,-3.4504
2019020969,-3.1594,-2.786
2019020970,-3.7807,-3.8582
2019020971,-3.1346,-3.6659
2019020972,-2.5878,-3.7282
2019020973,-3.265,-3.2302
2019020974,-3.0115,-2.5291
2019020975,-3.0938,-2.8563
2019020976,-2.9908,-3.2583
2019020977,-3.688,-3.4739
2019020978,-3.8596,-3.3452
2019020979,-3.7956,-4.1947
2019020980,-3.3137,-3.9734
2019020981,-3.7101,-3.8207
2019020982,-4.1655,-3.7454
2019020983,-3.0774,-3.9061
2019020984,-4.1569,-2.7082
2019020985,-2.639,-3.8205
2019020986,-2.7968,-4.0113
2019020987,-4.3739,-3.9649
2019020988,-3.3533,-3.0344
2019020989,-3.531,-3.4341
2019020990,-2.1198,-2.9689
2019020991,-3.6202,-3.8487
2019020992,-3.5498,-2.9579
2019020993,-3.9256,-2.7474
2019020994,-2.4951,-3.5564
2019020995,-4.0046,-3.17
2019020996,-2.861,-3.3216
2019020997,-3.6012,-4.1528
2019020998,-3.6915,-4.0509
2019020999,-2.8336,-3.5096
2019021000,-3.4623,-3.118
2019021001,-3.355,-2.7474
2019021002,-4.2517,-4.0721
2019021003,-4.4696,-3.5226
2019021004,-2.8862,-2.8825
2019021005,-2.9601,-3.4809
2019021006,-2.8867,-3.0217
2019021007,-4.2083,-2.6163
2019021008,-3.2838,-4.0146
2019021009,-3.2827,-3.071
2019021010,-3.9049,-4.1144
2019021011,-3.3691,-2.4324
2019021012,-4.1047,-3.2101
2019021013,-3.7363,-3.8254
2019021014,-3.0016,-3.4313
2019021015,-3.6642,-3.1049
2019021016,-3.9111,-3.355
2019021017,-4.0806,-3.6449
2019021018,-3.4958,-2.8942
2019021019,-3.3968,-3.6804
2019021020,-2.9028,-2.9966
2019021021,-2.5231,-2.9549
2019021022,-4.2254,-2.7221
2019021023,-3.3301,-3.2724
2019021024,-3.6534,-4.4949
2019021025,-4.2574,-3.7998
2019021026,-2.7244,-3.2778
2019021027,-3.3962,-3.0074
2019021028,-3.2277,-4.1924
2019021029,-3.191,-3.3022
2019021030,-3.5888,-3.6954
2019021031,-3.7831,-4.742
2019021032,-4.0164,-2.9872
2019021033,-4.0124,-3.8115
2019021034,-4.161,-2.2187
2019021035,-3.6195,-3.4895
2019021036,-2.4449,-3.1348
2019021037,-3.097,-2.8646
2019021038,-3.578,-2.9811
2019021039,-4.2688,-2.1518
2019021040,-3.7359,-3.9263
2019021041,-4.2481,-4.2771
2019021042,-3.254,-2.3628
2019021043,-2.4782,-3.0551
2019021044,-3.6568,-3.6543
2019021045,-4.0744,-3.5851
2019021046,-3.6093,-3.7078
2019021047,-3.2563,-3.4468
2019021048,-5.4465,-3.9707
2019021049,-3.7937,-3.1661
2019021050,-3.8145,-2.968
2019021051,-2.5265,-3.7118
2019021052,-4.1398,-2.5123
2019021053,-3.5094,-3.7478
2019021054,-3.3169,-3.3106
2019021055,-2.6822,-2.2757
2019021056,-2.8214,-3.9958
2019021057,-3.1632,-3.1953
2019021058,-4.0314,-3.7701
2019021059,-3.7396,-3.1721
2019021060,-3.576,-3.9668
2019021061,-3.6308,-3.3505
2019021062,-3.0406,-3.4907
2019021063,-4.716,-2.944
2019021064,-3.4834,-3.7008
2019021065,-3.4412,-3.1671
2019021066,-4.047,-3.0671
2019021067,-3.9857,-4.3821
2019021068,-3.5422,-2.982
2019021069,-3.6156,-2.59
2019021075,-3.2521,-3.2569
2019021070,-4.3187,-4.0382
2019021071,-3.2326,-3.5795
2019021072,-1.9751,-3.236
2019021073,-2.8173,-3.4084
2019021074,-3.5616,-3.5678
2019021076,-2.7508,-3.0596
2019021077,-3.4878,-3.3874
2019021078,-4.5892,-3.0959
2019020876,-4.0061,-2.6994
2019021079,-3.9613,-3.5805
2019021080,-4.2342,-3.6132
2019021081,-2.4262,-2.9139
2019021082,-3.6379,-3.7716
2019030021,-3.4121,-3.4368
2019030031,-3.4583,-3.7544
2019030041,-3.7292,-3.6974
2019030061,-3.6881,-3.1424
2019030091,-3.0313,-3.801
2019030001,-3.4784,-2.9997
2019030011,-3.5993,-3.188
2019030051,-3.3833,-3.3471
2019030071,-4.199,-4.5966
2019030081,-3.28,-3.6149
2019030002,-4.1537,-3.3746
2019030012,-3.5331,-2.9912
2019030022,-3.4699,-3.4924
2019030032,-3.1155,-4.2743
2019030062,-3.0574,-3.7191
2019030092,-2.9636,-4.0518
2019030033,-4.2142,-3.3666
2019030042,-3.7338,-3.7803
2019030052,-2.9238,-3.8234
2019030072,-4.1997,-4.704
2019030082,-3.6737,-3.21
2019030093,-4.1497,-3.0578
2019030003,-3.2021,-4.1289
2019030013,-3.3447,-2.8466
2019030023,-3.4592,-3.089
2019030043,-3.6383,-3.6615
2019030063,-4.0751,-3.386
2019030073,-4.6287,-4.452
2019030004,-3.0071,-3.4623
2019030014,-3.4635,-3.3831
2019030053,-3.5118,-3.3793
2019030083,-3.8898,-2.6918
2019030094,-4.0227,-3.182
2019030024,-3.1701,-3.5039
2019030044,-3.4277,-3.4305
2019030054,-3.8356,-3.4321
2019030064,-4.0157,-3.2455
2019030074,-4.5534,-4.565
2019030084,-3.1918,-3.8265
2019030006,-3.7846,-2.977
2019030015,-3.2168,-3.9649
2019030005,-4.2453,-3.5237
2019030016,-3.3931,-2.6572
2019030055,-3.6472,-3.0103
2019030121,-3.8445,-3.4428
2019030151,-4.2779,-3.4873
2019030171,-2.7943,-3.6347
2019030111,-3.4171,-3.0169
2019030131,-3.5386,-3.7168
2019030141,-3.7797,-3.6688
2019030161,-3.0702,-4.1172
2019030181,-3.8468,-3.3057
2019030122,-3.1416,-3.8941
2019030142,-3.5616,-3.4593
2019030152,-3.989,-3.8082
2019030172,-3.3147,-3.2063
2019030112,-3.3917,-2.7882
2019030132,-3.3449,-3.7327
2019030162,-3.4504,-3.8548
2019030173,-3.4231,-2.9059
2019030182,-3.4652,-3.4151
2019030123,-3.6248,-3.5668
2019030143,-3.1675,-3.5276
2019030153,-3.7703,-4.0876
2019030163,-3.9714,-3.3901
2019030113,-2.7906,-2.9337
2019030133,-3.5812,-3.4575
2019030154,-3.6809,-4.1994
2019030174,-3.0136,-3.3811
2019030183,-3.6099,-3.2669
2019030124,-3.4426,-3.6286
2019030144,-3.264,-3.5733
2019030164,-3.1798,-4.2399
2019030184,-3.9814,-2.9562
2019030114,-2.7566,-2.6786
2019030134,-3.5341,-3.229
2019030155,-4.5451,-3.2513
2019030175,-3.3241,-3.1672
2019030115,-3.4843,-2.2247
2019030125,-3.2515,-3.6849
2019030145,-3.8452,-3.2762
2019030165,-4.0036,-3.3295
2019030185,-3.42,-3.6759
2019030135,-3.8309,-2.8701
2019030176,-3.2838,-3.0205
2019030116,-2.434,-3.6475
2019030186,-3.7666,-3.1171
2019030241,-3.6335,-3.4066
2019030221,-3.3472,-3.7923
2019030231,-4.429,-3.5843
2019030211,-3.0493,-2.7437
2019030242,-3.7137,-3.3408
2019030222,-3.5164,-3.6532
2019030232,-3.8866,-4.3195
2019030212,-3.4324,-2.5343
2019030223,-3.0558,-3.3824
2019030243,-3.5316,-3.3615
2019030213,-3.2029,-3.1948
2019030224,-3.5786,-3.1302
2019030233,-4.5551,-3.7033
2019030214,-2.6696,-3.8769
2019030234,-3.9867,-3.9839
2019030244,-3.031,-3.8783
2019030225,-3.1252,-3.2718
2019030245,-4.1693,-3.1347
2019030215,-3.6703,-2.8655
2019030235,-3.9127,-4.2228
2019030246,-3.7697,-3.5345
2019030216,-3.0503,-3.4102
2019030236,-4.2276,-3.8886
2019030237,-4.2578,-3.8255
2019030247,-3.0686,-3.9932
2019030217,-3.3761,-3.1191
2019030321,-3.8542,-4.0986
2019030311,-2.9403,-3.0172
2019030322,-4.162,-4.0199
2019030312,-2.846,-2.8391
2019030323,-4.3558,-3.7789
2019030313,-3.1941,-2.2796
2019030324,-3.7627,-4.4786
2019030314,-2.5416,-3.3824
2019030325,-5.3761,-2.9921
2019030315,-3.163,-2.2396
2019030316,-2.9742,-3.0504
2019030411,-2.8267,-3.5476
2019030412,-3.0442,-3.7239
2019030413,-2.9176,-3.743
2019030414,-2.712,-3.7499
2019030415,-3.4832,-2.6766
2019030416,-2.2606,-3.8915
2020020001,-2.3451,-2.4164
2020020002,-2.6779,-2.3352
2020020003,-2.5795,-2.3582
2020020004,-2.6001,-2.7795
2020020005,-2.3709,-2.4679
2020020006,-2.2111,-2.4684
2020020007,-0.9385,-2.736
2020020008,-2.6648,-1.8698
2020020010,-2.0516,-2.3454
2020020011,-2.6239,-2.1984
2020020012,-2.2548,-2.5835
2020020013,-2.3304,-3.2232
2020020014,-2.5627,-2.9772
2020020015,-3.3551,-2.5144
2020020016,-2.9436,-1.981
2020020017,-1.7276,-3.0441
2020020018,-2.421,-2.452
2020020019,-2.4525,-2.5544
2020020021,-1.6796,-1.5945
2020020022,-2.5843,-2.5957
2020020023,-0.8391,-3.1148
2020020024,-2.7123,-2.0406
2020020025,-2.1421,-2.3745
2020020026,-2.6144,-2.2584
2020020027,-1.525,-2.023
2020020028,-3.3251,-3.5521
2020020029,-1.9616,-3.6415
2020020030,-2.0622,-3.6229
2020020031,-3.1658,-2.7664
2020020032,-2.0149,-2.7745
2020020034,-1.8605,-2.5134
2020020035,-2.9689,-2.9155
2020020036,-2.7213,-3.2103
2020020037,-2.0514,-1.8457
2020020038,-1.7338,-2.3133
2020020039,-2.9326,-2.9181
2020020040,-2.744,-2.7005
2020020041,-2.876,-1.4382
2020020042,-3.2654,-3.7762
2020020043,-2.7721,-2.9668
2020020044,-3.4309,-2.4876
2020020045,-2.5438,-2.1159
2020020046,-2.1227,-0.7426
2020020047,-1.8925,-2.043
2020020049,-2.145,-2.7656
2020020050,-2.8245,-3.0577
2020020051,-1.8138,-2.2342
2020020053,-0.8494,-2.8863
2020020054,-2.941,-2.2766
2020020055,-3.1739,-3.0278
2020020056,-1.7693,-2.5565
2020020057,-4.7505,-3.1446
2020020058,-2.3823,-3.7349
2020020059,-3.0621,-2.271
2020020060,-3.5663,-2.0282
2020020061,-2.3849,-0.5901
2020020063,-2.1816,-2.761
2020020064,-1.3376,-2.7913
2020020065,-5.5196,-3.2013
2020020066,-3.3083,-2.3169
2020020067,-2.7344,-2.1824
2020020068,-3.1488,-2.3037
2020020069,-3.1242,-2.0254
2020020070,-1.3428,-2.7439
2020020071,-2.2718,-2.6773
2020020072,-1.4516,-2.5232
2020020073,-3.3492,-2.9637
2020020074,-2.878,-2.5603
2020020075,-3.099,-2.5043
2020020077,-2.1222,-2.7613
2020020078,-3.183,-3.7374
2020020079,-2.7955,-1.1121
2020020080,-4.0566,-4.3174
2020020081,-0.8238,-2.2549
2020020082,-2.2313,-2.6063
2020020083,-2.5097,-3.2066
2020020084,-2.4941,-2.7752
2020020085,-3.6062,-3.5256
2020020086,-2.1135,-2.518
2020020087,-2.5313,-1.9445
2020020088,-2.3714,-2.4288
2020020089,-0.6061,-3.1568
2020020090,-2.855,-3.2613
2020020091,-2.7444,-3.1224
2020020092,-4.6113,-2.2357
2020020093,-2.7503,-2.7642
2020020094,-2.6051,-2.5213
2020020095,-0.8655,-2.7651
2020020096,-2.2008,-2.0137
2020020098,-1.6165,-1.6124
2020020099,-2.7006,-1.9579
2020020100,-2.2463,-2.3619
2020020101,-2.1556,-2.6976
2020020102,-1.6836,-3.678
2020020103,-1.0853,-3.1117
2020020104,-3.6941,-3.5874
2020020105,-2.8887,-2.0476
2020020106,-3.1898,-3.3912
2020020107,-2.4911,-2.3665
2020020108,-3.2862,-2.6438
2020020109,-2.7086,-3.0332
2020020110,-1.8572,-3.7708
2020020111,-1.2481,-2.3592
2020020112,-2.1873,-1.9215
2020020113,-2.4915,-3.0297
2020020114,-1.6189,-1.6197
2020020115,-3.6858,-2.3264
2020020116,-2.8914,-2.3363
2020020117,-2.756,-3.0527
2020020118,-1.5603,-3.4482
2020020119,-1.742,-2.6853
2020020120,-3.5282,-3.9481
2020020121,-2.5931,-2.4343
2020020123,-2.4487,-1.3831
2020020124,-1.862,-1.9261
2020020125,-3.8202,-3.1278
2020020126,-1.9769,-2.2601
2020020127,-2.147,-2.335
2020020128,-2.354,-2.1164
2020020129,-3.1229,-2.31
2020020130,-2.9962,-1.962
2020020131,-2.2866,-3.9427
2020020132,-1.6011,-2.5476
2020020133,-2.6338,-3.0769
2020020134,-1.1493,-3.423
2020020135,-2.52,-3.5965
2020020136,-2.003,-1.5333
2020020137,-2.1156,-2.583
2020020138,-1.197,-3.5988
2020020139,-2.0586,-2.8047
2020020140,-1.6489,-2.1401
2020020141,-2.6776,-3.4277
2020020142,-1.0525,-3.8672
2020020143,-2.5145,-3.3283
2020020144,-3.3848,-3.351
2020020145,-1.9552,-2.7452
2020020146,-3.0253,-2.9019
2020020147,-2.4967,-2.8095
2020020148,-1.274,-4.1912
2020020152,-2.2402,-3.1235
2020020153,-2.2196,-1.8779
2020020154,-2.9931,-2.3079
2020020155,-1.5798,-3.3221
2020020156,-2.1274,-3.3422
2020020157,-2.2003,-3.8835
2020020158,-3.9694,-0.9659
2020020161,-3.1509,-3.0813
2020020159,-1.8437,-2.7292
2020020160,-3.1488,-2.6412
2020020164,-3.2285,-1.476
2020020165,-2.8726,-2.9897
2020020167,-2.229,-3.0645
2020020168,-1.8999,-2.0548
2020020169,-3.098,-2.2218
2020020170,-2.0307,-4.0728
2020020171,-3.1869,-3.4074
2020020172,-2.2782,-3.1812
2020020174,-1.7323,-2.7935
2020020175,-3.0739,-2.7831
2020020176,-2.6554,-2.9935
2020020177,-3.6869,-3.0222
2020020178,-2.961,-4.0547
2020020181,-2.8832,-4.0261
2020020183,-3.888,-2.1146
2020020184,-2.7752,-3.5719
2020020185,-2.766,-2.8877
2020020187,-3.1236,-4.077
2020020550,-2.784,-2.4102
2020020188,-2.3341,-1.7834
2020020189,-2.0625,-2.3477
2020020190,-2.8474,-2.2088
2020020193,-2.0615,-1.6455
2020020194,-3.3636,-3.4369
2020020196,-2.5659,-3.3324
2020020197,-2.3725,-2.4406
2020020198,-3.1583,-3.4975
2020020199,-3.4474,-3.4003
2020020200,-2.1263,-4.2776
2020020565,-2.9882,-2.5246
2020020203,-2.2189,-2.5603
2020020204,-2.7966,-3.4206
2020020205,-3.4579,-3.1782
2020020206,-3.014,-2.6281
2020020208,-1.4257,-2.1421
2020020210,-3.3243,-3.1209
2020020211,-3.6238,-4.1448
2020020212,-2.5808,-3.1168
2020020213,-2.6196,-2.3801
2020020215,-3.2411,-3.3796
2020020217,-2.1666,-3.219
2020020218,-1.5951,-2.6914
2020020219,-3.175,-2.5071
2020020220,-2.5901,-3.6243
2020020221,-2.7166,-2.9426
2020020222,-3.5785,-2.7899
2020020224,-1.5893,-2.3679
2020020226,-3.329,-3.0662
2020020227,-3.831,-4.0962
2020020228,-2.0199,-3.2669
2020020684,-2.7484,-2.959
2020020149,-4.1402,-3.1664
2020020230,-3.1435,-3.0572
2020020232,-2.0917,-3.5176
2020020233,-1.8505,-2.7486
2020020234,-2.9392,-2.5614
2020020235,-2.3933,-2.7824
2020020236,-2.7793,-2.89
2020020237,-3.2326,-3.7673
2020020238,-1.2934,-2.6339
2020020239,-3.0271,-2.4455
2020020242,-3.4379,-2.7976
2020020243,-3.8178,-3.9302
2020020245,-2.8232,-2.4916
2020020246,-2.6911,-2.0868
2020020247,-2.2236,-3.2401
2020020248,-3.6797,-2.6265
2020020249,-3.0866,-3.6756
2020020251,-2.8047,-2.7269
2020020252,-3.2322,-3.4548
2020020255,-3.047,-2.6275
2020020256,-3.2729,-2.689
2020020253,-2.0675,-3.067
2020020257,-3.0414,-3.1377
2020020259,-3.1798,-4.3455
2020020260,-3.5737,-2.8093
2020020364,-1.8756,-1.8734
2020020062,-2.6079,-2.6418
2020020261,-2.5365,-2.2911
2020020262,-2.4726,-2.9848
2020020263,-3.5926,-3.225
2020020264,-3.1374,-2.8472
2020020265,-3.5491,-1.9715
2020020266,-1.3,-2.6098
2020020267,-2.6929,-2.8163
2020020268,-2.8256,-2.8514
2020020269,-3.0872,-3.185
2020020270,-2.7052,-3.0472
2020020272,-2.3329,-3.1379
2020020273,-3.021,-2.6793
2020020667,-3.5366,-2.3077
2020020274,-2.0495,-2.1522
2020020275,-2.7379,-3.3935
2020020276,-3.9925,-2.5533
2020020277,-3.1025,-3.4663
2020020278,-2.3189,-2.5805
2020020279,-3.2085,-2.9138
2020020281,-2.7853,-2.8435
2020020282,-2.712,-3.3678
2020020283,-2.642,-3.5296
2020020284,-2.9382,-2.2462
2020020285,-2.5632,-3.5226
2020020287,-3.9456,-2.84
2020020288,-2.3905,-3.7677
2020020289,-3.7217,-2.4476
2020020292,-2.4914,-2.8361
2020020543,-1.9149,-3.166
2020020290,-3.4949,-0.934
2020020293,-2.8467,-2.7886
2020020294,-2.9909,-3.5236
2020020392,-3.2085,-2.0994
2020020009,-3.2852,-1.2932
2020020097,-2.0757,-2.9155
2020020150,-2.8828,-2.6718
2020020297,-3.2231,-3.5994
2020020298,-2.599,-3.6641
2020020299,-3.4789,-3.8839
2020020300,-2.4076,-4.108
2020020743,-2.8805,-1.9439
2020020295,-2.1069,-3.11
2020020302,-3.1968,-2.8162
2020020304,-2.9547,-1.6463
2020020305,-2.7135,-3.365
2020020306,-2.681,-3.0142
2020020307,-3.076,-2.9104
2020020173,-3.0981,-2.21
2020020296,-2.909,-2.3949
2020020303,-2.4522,-1.9341
2020020308,-1.9468,-2.2253
2020020309,-3.1988,-3.7045
2020020310,-2.1385,-4.1359
2020020311,-2.4744,-4.5009
2020020312,-2.8249,-2.8518
2020020313,-2.6751,-3.0987
2020020314,-3.052,-2.1754
2020020315,-2.2973,-2.3267
2020020316,-2.2551,-2.3
2020020317,-3.0528,-3.0463
2020020318,-2.5714,-3.4308
2020020319,-3.4642,-3.0862
2020020320,-2.768,-2.4834
2020020635,-3.0022,-2.0567
2020020321,-2.369,-3.7223
2020020323,-2.9085,-3.4966
2020020324,-2.0178,-3.496
2020020322,-3.1719,-1.5564
2020020327,-2.3856,-2.3572
2020020328,-2.2089,-3.626
2020020329,-2.6615,-2.2013
2020020330,-2.2943,-2.4767
2020020331,-2.5337,-2.3592
2020020332,-3.6394,-2.0286
2020020333,-2.6479,-3.3655
2020020334,-3.3935,-3.1807
2020020335,-3.0771,-2.1379
2020020336,-1.8584,-3.9103
2020020337,-2.6762,-3.8307
2020020338,-4.056,-4.051
2020020339,-2.7285,-3.335
2020020340,-2.5088,-2.0789
2020020341,-2.514,-3.3042
2020020342,-2.3822,-4.3175
2020020343,-1.917,-3.211
2020020344,-3.0494,-2.8993
2020020346,-2.0183,-2.4571
2020020345,-2.941,-2.2848
2020020348,-1.9071,-2.5105
2020020349,-2.4225,-3.7922
2020020350,-3.3258,-2.2314
2020020351,-4.0458,-2.0747
2020020352,-4.1192,-3.1831
2020020353,-2.8283,-3.6735
2020020052,-2.98,-3.2581
2020020271,-2.3687,-2.9708
2020020301,-1.8845,-2.3526
2020020354,-2.7561,-2.2897
2020020355,-3.5406,-2.5225
2020020356,-3.1094,-3.0618
2020020357,-3.5984,-2.8855
2020020358,-2.9026,-2.3793
2020020359,-4.0368,-2.782
2020020360,-2.5308,-2.9356
2020020361,-3.7865,-2.1323
2020020362,-3.2529,-3.5656
2020020363,-2.4391,-3.8955
2020020742,-3.6323,-2.8403
2020020163,-2.389,-2.7222
2020020180,-1.8295,-2.2652
2020020365,-3.4326,-3.3534
2020020366,-2.6183,-3.5123
2020020367,-1.951,-3.1081
2020020368,-2.8024,-1.3522
2020020369,-2.6152,-2.4966
2020020370,-3.5665,-3.9132
2020020371,-2.5791,-3.0318
2020020372,-1.8317,-2.8349
2020020373,-4.1902,-2.7098
2020020376,-1.97,-3.2431
2020020377,-3.8799,-2.5009
2020020378,-2.8421,-2.8406
2020020379,-3.571,-3.5656
2020020380,-2.4501,-3.0893
2020020374,-1.6798,-2.0719
2020020375,-2.0631,-2.9964
2020020381,-2.449,-1.8366
2020020382,-2.6126,-2.554
2020020383,-2.7587,-3.6492
2020020384,-2.9557,-2.7126
2020020385,-1.8524,-2.5797
2020020386,-3.6467,-2.7647
2020020387,-2.4771,-2.9765
2020020388,-3.4734,-3.2968
2020020389,-1.4589,-3.3717
2020020668,-2.5296,-3.3522
2020020076,-2.7429,-2.1781
2020020244,-4.0525,-1.1872
2020020250,-1.5362,-1.5994
2020020391,-2.1347,-2.8949
2020020393,-2.5364,-2.7467
2020020394,-2.709,-3.1281
2020020395,-3.3151,-3.7931
2020020769,-3.7986,-3.3903
2020020326,-1.8661,-3.1861
2020020396,-2.8136,-3.9587
2020020397,-2.7644,-2.1808
2020020398,-2.5171,-3.3155
2020020399,-2.8228,-2.9099
2020020400,-3.5863,-3.4178
2020020401,-1.6615,-3.6157
2020020402,-3.1683,-3.1169
2020020403,-3.6254,-1.5961
2020020404,-2.5528,-2.42
2020020405,-1.9051,-2.626
2020020406,-2.5783,-2.8515
2020020407,-3.9968,-3.074
2020020408,-2.861,-2.9956
2020020409,-1.381,-2.1301
2020020410,-2.7864,-3.7744
2020020411,-2.4859,-2.4757
2020020412,-1.4867,-4.4795
2020020413,-3.1099,-2.6072
2020020414,-3.7926,-3.5727
2020020415,-3.7205,-2.3706
2020020416,-3.6222,-2.1291
2020020417,-1.9095,-2.1614
2020020418,-3.1532,-2.6522
2020020419,-2.2015,-2.666
2020020420,-2.9496,-2.7125
2020020421,-3.4901,-3.4987
2020020422,-2.0317,-3.9886
2020020423,-3.3997,-2.5961
2020020424,-1.2803,-2.3553
2020020425,-3.4541,-4.046
2020020426,-2.7623,-3.4582
2020020427,-1.986,-2.8385
2020020428,-2.8296,-4.1931
2020020429,-3.8424,-2.2436
2020020430,-3.1965,-4.0386
2020020431,-3.1552,-2.4841
2020020432,-2.0163,-2.0313
2020020433,-3.5464,-2.8366
2020020434,-3.4963,-3.3091
2020020435,-2.541,-2.2458
2020020436,-2.7052,-1.3641
2020020437,-3.5163,-3.9723
2020020438,-2.2233,-3.7804
2020020439,-3.3285,-2.9258
2020020440,-2.3437,-2.5586
2020020441,-3.6962,-2.5714
2020020442,-3.2936,-2.3734
2020020443,-3.8898,-2.3343
2020020444,-1.9792,-3.1954
2020020445,-2.9486,-3.3301
2020020451,-2.6276,-1.9766
2020020767,-1.9996,-1.7558
2020020214,-3.4636,-2.7846
2020020446,-3.3491,-3.0355
2020020448,-3.9164,-2.9161
2020020449,-2.2541,-2.7769
2020020450,-2.2578,-3.2259
2020020452,-3.5409,-1.7651
2020020453,-3.7193,-2.9525
2020020454,-3.1696,-3.171
2020020455,-3.9846,-2.6737
2020020186,-1.7698,-3.2774
2020020286,-2.5988,-4.1334
2020020457,-1.4759,-2.8877
2020020458,-3.2131,-2.603
2020020459,-1.9796,-3.3984
2020020460,-2.9686,-2.3999
2020020568,-2.9725,-3.6857
2020020462,-3.4145,-3.0474
2020020463,-2.8768,-2.6196
2020020464,-3.5445,-3.092
2020020465,-3.2584,-3.2579
2020020466,-3.2009,-3.2375
2020020467,-3.0624,-3.3942
2020020201,-2.0806,-1.6043
2020020468,-2.7673,-4.0459
2020020469,-2.6128,-3.6418
2020020470,-3.4074,-1.7849
2020020471,-4.3363,-3.0196
2020020472,-1.8158,-2.7836
2020020473,-1.8892,-2.4663
2020020474,-3.0506,-3.5166
2020020475,-2.9395,-1.9271
2020020476,-3.6898,-3.3872
2020020478,-3.5596,-2.6677
2020020479,-3.078,-2.8945
2020020480,-2.6978,-3.1825
2020020481,-3.4119,-3.6637
2020020482,-3.1677,-3.7399
2020020291,-2.9296,-3.4335
2020020461,-3.7658,-3.1779
2020020477,-2.0506,-2.0398
2020020484,-2.4456,-3.6591
2020020485,-2.7779,-2.3745
2020020486,-4.3529,-3.0428
2020020487,-2.1887,-2.4478
2020020488,-1.8767,-2.2961
2020020489,-3.1818,-3.076
2020020490,-2.2836,-3.6675
2020020491,-3.0897,-3.5517
2020020492,-2.768,-2.3768
2020020493,-2.8798,-3.6117
2020020151,-2.0584,-1.9995
2020020258,-2.2719,-2.7931
2020020495,-3.6998,-2.9311
2020020828,-3.8912,-1.5665
2020020122,-3.0206,-4.1114
2020020496,-3.6392,-2.149
2020020497,-2.6301,-2.5755
2020020499,-3.2131,-3.4946
2020020500,-3.3306,-3.984
2020020501,-3.0512,-2.8283
2020020502,-3.6189,-2.4148
2020020503,-2.9841,-3.7816
2020020755,-4.1946,-2.2202
2020020504,-3.8424,-1.8262
2020020505,-3.4832,-2.1348
2020020506,-2.8398,-2.1213
2020020507,-2.291,-4.0805
2020020508,-3.2859,-2.8624
2020020509,-2.1986,-2.5331
2020020511,-2.8097,-3.8782
2020020512,-3.4887,-3.8374
2020020513,-2.477,-4.2617
2020020514,-2.9599,-3.7816
2020020223,-2.7074,-4.2195
2020020515,-4.0284,-2.7154
2020020516,-3.4441,-2.8328
2020020517,-2.7601,-2.5158
2020020518,-2.6238,-2.5998
2020020519,-2.9997,-2.0198
2020020520,-2.025,-3.0049
2020020521,-2.59,-2.132
2020020522,-2.5208,-3.8775
2020020523,-3.3553,-3.1705
2020020532,-1.2836,-3.3137
2020020524,-2.6132,-2.6891
2020020525,-4.188,-3.1571
2020020527,-4.2102,-4.217
2020020528,-3.1003,-2.9599
2020020179,-3.9767,-3.3246
2020020530,-3.0636,-3.1313
2020020531,-2.9162,-4.0795
2020020533,-3.2633,-2.7995
2020020534,-2.3127,-2.5231
2020020536,-2.1993,-2.5494
2020020537,-4.487,-3.954
2020020538,-2.267,-2.6191
2020020539,-2.9615,-3.9476
2020020540,-2.6406,-3.4467
2020020561,-1.4589,-2.6809
2020020535,-3.6744,-2.984
2020020541,-3.9204,-3.1852
2020020542,-2.2535,-3.897
2020020544,-3.0079,-2.9745
2020020545,-2.3068,-1.839
2020020547,-1.9176,-2.7778
2020020548,-3.0317,-2.6261
2020020549,-1.9094,-2.8766
2020020551,-1.8366,-2.6727
2020020552,-4.6447,-3.8527
2020020553,-2.7343,-3.4638
2020020554,-4.3918,-4.0303
2020020555,-3.4983,-2.8565
2020020498,-3.1799,-2.6468
2020020556,-3.9435,-2.7959
2020020558,-3.7223,-2.4674
2020020559,-4.163,-3.2255
2020020560,-1.8083,-2.5658
2020020562,-2.6147,-3.0525
2020020563,-1.6607,-2.3549
2020020209,-2.8885,-2.5064
2020020557,-2.5915,-3.3468
2020020566,-4.0704,-1.874
2020020569,-3.1783,-4.8769
2020020570,-3.2294,-3.0968
2020020571,-3.4442,-2.0351
2020020572,-2.3899,-3.2608
2020020573,-2.8647,-2.965
2020020574,-4.2056,-3.0396
2020020575,-1.8344,-2.1771
2020020576,-2.7751,-2.9546
2020020577,-1.6637,-2.3532
2020020578,-2.5258,-2.4041
2020020579,-3.1215,-3.853
2020020580,-3.2658,-3.1647
2020020581,-3.4995,-2.406
2020020582,-3.5014,-4.4265
2020020583,-3.3928,-3.324
2020020584,-4.6868,-2.4294
2020020723,-2.3455,-3.8669
2020020585,-3.6337,-1.8224
2020020586,-2.4179,-2.7011
2020020587,-2.7165,-3.6298
2020020588,-2.9105,-2.1832
2020020589,-4.0138,-2.4424
2020020590,-2.6661,-2.5836
2020020591,-2.0127,-2.821
2020020592,-2.3349,-2.3193
2020020594,-2.4832,-3.8316
2020020595,-3.2453,-3.6219
2020020596,-4.9962,-2.4294
2020020597,-2.6717,-3.7516
2020020598,-3.198,-1.7847
2020020599,-4.3218,-2.0642
2020020600,-2.2227,-2.9633
2020020603,-4.6893,-2.9088
2020020604,-2.974,-3.5155
2020020390,-3.4364,-3.9807
2020020606,-3.0846,-3.3577
2020020607,-2.4345,-3.1518
2020020608,-4.307,-3.3066
2020020609,-3.5343,-2.9669
2020020610,-4.9962,-3.3794
2020020848,-3.0355,-2.3218
2020020241,-2.6311,-3.1559
2020020611,-3.0891,-1.7819
2020020612,-2.6224,-3.384
2020020613,-3.4194,-2.538
2020020614,-4.021,-3.7485
2020020615,-2.8515,-2.096
2020020616,-3.3296,-4.1089
2020020617,-2.7383,-2.0078
2020020618,-2.9056,-2.1141
2020020620,-3.5454,-3.9388
2020020621,-2.8846,-3.581
2020020622,-3.5983,-2.0032
2020020623,-3.0161,-3.4268
2020020624,-4.6808,-3.4776
2020020625,-1.1337,-3.7719
2020020626,-2.6402,-3.78
2020020627,-2.2254,-3.185
2020020628,-3.5299,-3.7516
2020020629,-2.8503,-2.5909
2020020630,-3.2551,-4.2646
2020020631,-2.6483,-2.7707
2020020632,-2.6034,-2.3085
2020020633,-2.857,-2.2797
2020020638,-2.6917,-3.4695
2020020229,-1.8338,-3.295
2020020494,-2.8269,-2.8178
2020020636,-2.9586,-2.5421
2020020637,-3.2836,-2.8927
2020020639,-3.8919,-3.6338
2020020640,-3.212,-3.7302
2020020641,-3.0398,-4.4517
2020020605,-3.4835,-4.086
2020020642,-3.121,-2.5014
2020020643,-3.252,-2.4209
2020020644,-2.2587,-4.0573
2020020645,-3.0859,-2.4065
2020020646,-2.6927,-3.0312
2020020648,-2.764,-1.9791
2020020649,-3.0398,-4.0805
2020020654,-2.9865,-3.1999
2020020849,-4.1443,-3.0707
2020020650,-2.8958,-2.9254
2020020651,-3.2608,-2.3378
2020020652,-3.1475,-2.2276
2020020655,-3.6879,-4.4883
2020020656,-3.6358,-3.2793
2020020714,-4.5056,-3.3084
2020020788,-2.3426,-2.3831
2020020225,-3.3401,-3.3185
2020020657,-3.2439,-2.379
2020020658,-1.7746,-4.2058
2020020660,-2.7081,-2.44
2020020661,-3.3137,-2.3915
2020020663,-4.0264,-4.1348
2020020664,-3.0398,-3.5528
2020020195,-3.3262,-3.0361
2020020202,-3.5241,-2.8775
2020020659,-2.0758,-2.9672
2020020666,-3.6771,-2.9452
2020020669,-2.5076,-3.6691
2020020670,-2.8368,-2.4457
2020020182,-3.1818,-3.2902
2020020192,-3.2489,-3.3951
2020020671,-2.4589,-3.7845
2020020672,-3.5189,-3.0957
2020020674,-4.0636,-4.1698
2020020675,-3.2031,-3.8411
2020020665,-3.68,-2.6859
2020020676,-3.1682,-2.732
2020020677,-3.2348,-3.1017
2020020678,-3.3259,-1.9145
2020020679,-3.0608,-3.3918
2020020680,-2.1619,-2.7884
2020020681,-2.9111,-3.9925
2020020682,-2.261,-3.238
2020020683,-2.3875,-2.309
2020020685,-2.9881,-3.1631
2020020686,-3.3469,-3.0691
2020020687,-2.8435,-2.5721
2020020689,-3.9283,-3.8765
2020020546,-3.0223,-2.7025
2020020690,-2.8485,-1.6802
2020020691,-3.5939,-1.7292
2020020692,-3.6724,-3.5055
2020020693,-2.8421,-2.2976
2020020694,-3.0203,-3.4756
2020020695,-3.116,-4.1811
2020020696,-3.3827,-3.5768
2020020698,-2.5324,-3.0649
2020020699,-1.8885,-2.7392
2020020700,-3.759,-2.9391
2020020697,-3.0378,-2.5586
2020020701,-2.7027,-3.7523
2020020702,-1.8705,-3.2603
2020020703,-3.0055,-2.999
2020020705,-3.3607,-4.2327
2020020715,-2.6444,-2.5064
2020020601,-2.7252,-4.2786
2020020706,-3.0671,-2.3918
2020020707,-3.4341,-3.0637
2020020708,-3.4195,-2.7302
2020020709,-3.4076,-2.8631
2020020711,-1.9475,-2.1569
2020020712,-3.3528,-2.6202
2020020713,-3.8015,-2.7994
2020020166,-2.8309,-1.8122
2020020483,-2.2056,-3.1297
2020020710,-3.8227,-3.1019
2020020717,-3.7338,-3.2433
2020020718,-2.8283,-2.6408
2020020719,-2.3244,-3.5747
2020020722,-2.0794,-2.4707
2020020724,-4.5956,-3.9451
2020020721,-3.1871,-3.3153
2020020725,-3.7748,-2.7038
2020020727,-3.4362,-2.4641
2020020728,-3.3687,-3.227
2020020254,-4.4892,-2.7155
2020020726,-3.4607,-3.611
2020020729,-2.5271,-2.8619
2020020730,-3.1309,-3.5204
2020020731,-2.7569,-4.2061
2020020732,-2.6036,-2.9867
2020020733,-2.9887,-2.5688
2020020734,-2.1891,-1.7109
2020020735,-3.445,-2.8776
2020020737,-3.2449,-2.7617
2020020240,-3.6266,-2.707
2020020736,-2.8485,-2.8829
2020020738,-2.6053,-2.837
2020020739,-3.9591,-2.9161
2020020740,-4.4267,-2.6539
2020020325,-4.7163,-2.9522
2020020744,-3.1474,-3.4817
2020020745,-2.6474,-2.808
2020020746,-2.9038,-3.2399
2020020747,-1.5045,-2.2807
2020020748,-2.4183,-3.1404
2020020749,-3.6683,-3.4961
2020020750,-2.9514,-2.9154
2020020751,-2.7119,-2.9793
2020020752,-3.132,-3.152
2020020753,-3.4351,-2.8972
2020020216,-3.6768,-3.3377
2020020754,-3.5305,-2.1913
2020020756,-2.7236,-4.1184
2020020757,-2.8737,-2.9171
2020020191,-2.9783,-2.5603
2020020758,-2.8845,-1.8062
2020020759,-3.2462,-2.6437
2020020760,-2.9614,-3.2931
2020020761,-3.0816,-2.9912
2020020763,-2.1981,-3.1192
2020020765,-2.7441,-3.5291
2020020766,-2.7552,-3.388
2020020447,-3.4452,-3.0248
2020020716,-3.3687,-3.7579
2020020768,-2.303,-3.508
2020020770,-2.2464,-3.2242
2020020771,-3.7411,-2.1505
2020020772,-4.1803,-3.596
2020020773,-2.555,-2.6492
2020020774,-2.2669,-3.6312
2020020775,-2.775,-3.812
2020020776,-2.7255,-2.9761
2020020777,-2.5306,-3.738
2020020778,-2.9565,-2.6907
2020020779,-3.9774,-3.124
2020020780,-2.9867,-3.4799
2020020781,-3.0263,-3.7279
2020020347,-3.4305,-2.4183
2020020762,-1.9901,-3.1432
2020020782,-3.1581,-3.4112
2020020783,-3.8641,-4.3522
2020020784,-2.5455,-3.5475
2020020785,-2.7767,-2.2515
2020020786,-3.2076,-2.056
2020020787,-4.3941,-2.0297
2020020789,-3.0598,-3.1899
2020020792,-4.068,-3.0519
2020020791,-3.0619,-2.9551
2020020793,-3.7458,-2.9394
2020020794,-3.8973,-3.4236
2020020795,-3.1729,-3.3391
2020020207,-2.585,-3.0005
2020020796,-3.2661,-3.37
2020020797,-3.0831,-2.9761
2020020798,-3.675,-4.1548
2020020799,-2.645,-2.2601
2020020800,-2.7461,-2.8895
2020020801,-3.2282,-3.3819
2020020802,-3.5087,-2.9769
2020020804,-2.2718,-2.1747
2020020805,-2.619,-2.6059
2020020806,-3.0698,-3.482
2020020807,-2.9589,-3.4752
2020020808,-4.2732,-3.1671
2020020809,-3.1889,-4.4069
2020020810,-3.2336,-3.4798
2020020811,-2.8957,-3.4702
2020020020,-2.8583,-2.9237
2020020812,-3.8159,-2.9179
2020020813,-4.2641,-3.1101
2020020814,-3.3768,-2.5669
2020020815,-3.5066,-2.927
2020020816,-3.0314,-3.1111
2020020817,-3.0082,-2.6287
2020020818,-3.2193,-3.3258
2020020819,-2.3948,-3.5618
2020020820,-2.8493,-3.3713
2020020821,-2.5089,-4.2323
2020020822,-3.1541,-3.5764
2020020823,-3.9626,-3.2705
2020020829,-3.2981,-3.0302
2020020824,-3.1789,-3.2264
2020020825,-3.2149,-3.0737
2020020826,-2.8583,-3.504
2020020827,-2.6491,-3.2055
2020020844,-2.9055,-4.1083
2020020033,-3.6709,-3.2408
2020020564,-3.0793,-2.4603
2020020830,-2.9675,-2.4404
2020020831,-2.5401,-2.8895
2020020832,-3.0697,-3.8172
2020020834,-4.0298,-3.5924
2020020835,-2.5516,-4.0371
2020020836,-3.6396,-3.3942
2020020837,-2.6549,-4.2354
2020020280,-2.5107,-3.8635
2020020593,-3.0573,-3.011
2020020838,-2.974,-2.5137
2020020839,-3.7813,-2.4771
2020020842,-3.3039,-2.9394
2020020847,-3.2329,-2.7419
2020020048,-3.7059,-3.3237
2020020840,-3.0116,-4.0264
2020020845,-2.5983,-2.8461
2020020850,-2.8613,-2.7461
2020020851,-3.7783,-3.005
2020020852,-2.8816,-4.2059
2020020853,-2.6425,-3.5779
2020020662,-3.0572,-3.2021
2020020854,-2.7247,-3.0616
2020020855,-3.5085,-2.9963
2020020856,-2.5068,-4.0782
2020020857,-2.7024,-3.6647
2020020858,-2.4421,-3.4405
2020020859,-2.4763,-2.7149
2020020861,-2.6566,-2.8114
2020020862,-2.3476,-3.3057
2020020863,-3.5171,-3.0243
2020020865,-2.5194,-4.419
2020020866,-3.482,-3.2909
2020020867,-3.0115,-3.9926
2020020868,-2.9168,-3.4975
2020020720,-3.9294,-3.4332
2020020843,-3.7246,-2.9296
2020020231,-3.7871,-3.0201
2020020456,-2.8482,-3.686
2020020510,-3.4461,-2.5821
2020020529,-3.0668,-2.9725
2020020602,-3.518,-3.4764
2020020764,-3.4119,-4.3932
2020020841,-1.313,-2.6039
2020020846,-3.3365,-3.7412
2020020860,-3.6543,-2.9148
2020020619,-3.3119,-3.4802
2020020653,-3.5093,-2.5755
2020020162,-3.3453,-3.2004
2020020526,-2.6483,-3.2695
2020020688,-4.1358,-2.9766
2020020790,-3.6259,-2.4187
2020020833,-3.9837,-2.603
2020020647,-3.2597,-3.5478
2020020704,-3.4575,-2.8915
2020020803,-3.2844,-3.413
2020020741,-3.2477,-3.1575
2020020673,-2.9081,-3.6925
2020030121,-3.3564,-2.9763
2020020567,-3.9425,-4.0988
2020030111,-2.5799,-3.4506
2020030141,-3.0002,-3.717
2020030161,-3.0516,-3.0598
2020030122,-3.3979,-2.8502
2020030131,-3.5668,-2.67
2020030151,-3.29,-2.9794
2020020864,-2.3294,-4.8105
2020030112,-2.707,-3.3279
2020030142,-2.3483,-3.1349
2020030162,-3.2744,-2.7905
2020020634,-4.2275,-3.2364
2020030123,-3.1701,-3.0209
2020030132,-3.8304,-2.4259
2020030152,-3.123,-3.1922
2020030181,-3.1139,-2.7281
2020030113,-3.1237,-3.1743
2020030143,-3.6899,-2.5816
2020030163,-3.0011,-2.7755
2020030171,-3.5241,-3.0581
2020030124,-2.843,-3.4471
2020030133,-3.5269,-3.4464
2020030153,-4.0123,-3.285
2020030182,-2.9547,-3.0076
2020030114,-3.0106,-3.2967
2020030144,-3.3426,-2.516
2020030164,-2.5772,-3.7976
2020030172,-3.3424,-3.59
2020030125,-3.6052,-2.7756
2020030134,-3.1384,-3.8486
2020030154,-3.9636,-3.3648
2020030183,-3.3185,-2.3307
2020030115,-3.5207,-2.8043
2020030145,-3.0859,-3.0169
2020030165,-3.1262,-3.3027
2020030173,-3.9487,-2.576
2020030184,-3.0917,-2.6363
2020030135,-3.902,-2.4369
2020030174,-3.5136,-2.8719
2020030116,-3.2776,-3.3346
2020030146,-3.7489,-2.6975
2020030166,-3.4388,-3.1454
2020030136,-2.8308,-3.3878
2020030175,-3.5375,-3.394
2020030167,-3.9079,-3.0869
2020030176,-3.5362,-3.1339
2020030211,-3.5741,-3.1052
2020030221,-3.3812,-3.3584
2020030231,-2.7393,-3.6137
2020030177,-3.4073,-3.5603
2020030212,-2.7804,-3.7504
2020030222,-3.6628,-2.8721
2020030232,-2.3741,-3.5413
2020030241,-2.7324,-3.7319
2020030213,-3.6185,-3.1164
2020030223,-3.1199,-3.2762
2020030233,-3.4587,-2.7591
2020030242,-2.7984,-3.9672
2020030214,-2.7927,-4.0035
2020030224,-3.282,-3.3174
2020030234,-3.0125,-3.04
2020030243,-3.3723,-3.3587
2020030215,-3.8993,-2.923
2020030244,-2.8974,-3.9125
2020030225,-3.7241,-3.1435
2020030235,-3.3303,-2.4258
2020030216,-3.181,-3.7442
2020030236,-2.9976,-2.9282
2020030321,-3.1981,-3.1474
2020030311,-2.9963,-3.3483
2020030322,-3.2842,-3.1401
2020030312,-2.6585,-3.0573
2020030323,-3.0265,-3.473
2020030313,-2.6437,-3.1278
2020030324,-3.0666,-3.4052
2020030314,-2.6137,-3.0155
2020030325,-2.7764,-3.521
2020030315,-3.2882,-2.552
2020030326,-2.9565,-3.5129
2020030316,-2.9966,-2.9493
2020030327,-3.1752,-3.2543
2020030411,-3.2148,-2.9013
2020030412,-3.5045,-2.7486
2020030413,-2.7182,-3.6723
2020030414,-3.2148,-3.3349
2020030415,-3.6167,-2.9571
2021020001,-1.939,-2.2842
2021020002,-1.611,-1.792
2021020003,-2.0247,-2.2901
2021020004,-2.2822,-1.803
2021020005,-2.0841,-2.2163
2021020006,-1.6717,-2.5568
2021020015,-2.6975,-1.7191
2021020007,-1.8903,-3.0646
2021020008,-1.4611,-1.4917
2021020009,-1.5585,-2.9578
2021020010,-3.0285,-1.7281
2021020011,-2.2452,-2.4891
2021020012,-2.2574,-1.6113
2021020013,-2.3701,-2.2545
2021020014,-1.7694,-2.2127
2021020016,-2.5079,-1.3522
2021020017,-1.8076,-2.2924
2021020018,-2.0623,-3.1967
2021020019,-2.4926,-1.9341
2021020020,-2.1077,-2.0795
2021020021,-1.6423,-2.465
2021020022,-2.5656,-0.8678
2021020023,-3.4882,-2.6839
2021020024,-2.0795,-3.0207
2021020025,-1.9455,-1.673
2021020026,-2.7976,-2.3307
2021020027,-2.1495,-2.3584
2021020028,-2.4249,-1.9985
2021020029,-1.8111,-2.2169
2021020030,-1.6364,-2.0864
2021020031,-1.3989,-2.2482
2021020032,-1.951,-2.3003
2021020033,-1.8557,-2.1287
2021020034,-1.2266,-2.9684
2021020035,-1.8773,-3.061
2021020036,-2.4204,-2.3626
2021020037,-2.5291,-2.799
2021020038,-2.9485,-2.4344
2021020039,-1.2729,-2.326
2021020040,-3.227,-1.7949
2021020041,-2.321,-1.9951
2021020042,-2.3134,-1.4098
2021020043,-1.8208,-3.1632
2021020044,-2.4106,-2.9172
2021020045,-2.231,-0.821
2021020046,-2.4047,-2.2473
2021020047,-1.883,-2.3556
2021020048,-2.1713,-1.9756
2021020049,-1.476,-2.7041
2021020050,-2.007,-1.5316
2021020051,-1.3343,-2.8174
2021020052,-2.7563,-2.2605
2021020053,-1.6942,-2.6761
2021020054,-1.9003,-2.4111
2021020055,-1.7283,-2.509
2021020056,-1.172,-1.3274
2021020057,-2.4336,-2.9258
2021020058,-1.7942,-3.7254
2021020059,-1.4311,-2.6028
2021020060,-1.9875,-2.2705
2021020061,-2.8645,-1.898
2021020062,-1.2588,-1.724
2021020063,-2.3029,-2.3696
2021020064,-2.6369,-3.1236
2021020065,-2.7266,-1.6627
2021020066,-2.4333,-1.8849
2021020067,-2.0122,-1.8533
2021020068,-1.8406,-2.2239
2021020069,-0.6092,-1.4457
2021020070,-1.8718,-2.1485
2021020071,-2.6074,-2.2419
2021020072,-1.8531,-2.3993
2021020073,-2.3029,-2.5357
2021020074,-2.0647,-3.6616
2021020075,-2.275,-2.7262
2021020076,-1.5407,-2.4191
2021020077,-2.6939,-3.1114
2021020078,-3.4763,-3.9703
2021020079,-1.3717,-3.2382
2021020080,-1.6163,-2.2185
2021020081,-1.8636,-2.5561
2021020082,-2.7396,-2.9154
2021020083,-1.256,-1.9149
2021020084,-1.8599,-1.2861
2021020085,-2.3002,-2.7711
2021020086,-2.0306,-2.9428
2021020087,-2.4927,-2.8702
2021020088,-2.4933,-2.4969
2021020089,-2.329,-3.8795
2021020090,-0.8258,-3.1725
2021020091,-1.3374,-1.8417
2021020092,-2.1769,-2.9071
2021020093,-2.2811,-2.7509
2021020094,-4.2716,-2.2168
2021020095,-3.4769,-1.0136
2021020096,-3.0608,-2.1589
2021020097,-1.8657,-1.8646
2021020098,-1.6672,-2.2793
2021020099,-1.0707,-2.6434
2021020100,-3.096,-2.4497
2021020101,-2.2666,-1.9216
2021020102,-1.4519,-3.0874
2021020103,-1.6987,-2.6483
2021020104,-2.729,-2.3118
2021020105,-2.0524,-1.6806
2021020106,-3.7609,-2.284
2021020107,-3.227,-1.5591
2021020108,-3.6197,-1.5192
2021020109,-3.5234,-2.7405
2021020110,-2.3332,-2.7797
2021020111,-2.4915,-1.9985
2021020112,-1.8369,-2.0768
2021020113,-1.374,-3.1824
2021020114,-2.3078,-0.6984
2021020115,-2.5046,-1.4022
2021020116,-3.114,-2.5164
2021020117,-2.7971,-2.1174
2021020118,-3.4779,-1.8869
2021020119,-1.7086,-1.6686
2021020120,-2.346,-1.6713
2021020121,-1.7158,-3.0087
2021020122,-1.8726,-2.5622
2021020123,-2.5322,-3.2107
2021020124,-2.5617,-1.8541
2021020125,-3.3623,-3.093
2021020126,-3.463,-2.0075
2021020127,-1.6967,-2.832
2021020128,-1.3373,-2.9937
2021020129,-2.6436,-3.1757
2021020130,-2.8485,-1.9709
2021020131,-1.8474,-1.0153
2021020132,-1.7129,-1.6429
2021020133,-2.039,-2.1424
2021020134,-2.1027,-1.2892
2021020135,-2.9596,-2.781
2021020136,-3.3673,-2.67
2021020137,-3.2151,-2.9816
2021020138,-2.5383,-2.4971
2021020139,-2.0979,-1.8322
2021020140,-2.5535,-1.5082
2021020141,-2.048,-1.6024
2021020142,-2.6693,-1.6108
2021020143,-3.136,-1.9382
2021020144,-1.3264,-1.3473
2021020145,-1.6281,-3.103
2021020146,-2.0831,-1.9797
2021020147,-2.8358,-1.5457
2021020148,-2.2011,-2.7086
2021020149,-2.5595,-1.1472
2021020150,-3.0595,-3.2014
2021020151,-2.9941,-3.3049
2021020152,-2.8587,-2.2976
2021020153,-2.7593,-2.3276
2021020154,-1.975,-2.0862
2021020155,-3.0214,-2.3082
2021020156,-1.4219,-2.0862
2021020157,-1.9956,-2.0821
2021020158,-2.1354,-2.7907
2021020159,-1.1124,-1.9736
2021020160,-2.4745,-3.6554
2021020161,-2.7699,-2.1288
2021020162,-2.3776,-2.5613
2021020163,-2.1751,-2.227
2021020164,-3.0661,-3.0396
2021020165,-2.7781,-1.5402
2021020166,-2.1019,-1.5319
2021020167,-2.5935,-1.84
2021020168,-2.6056,-2.3321
2021020169,-2.963,-2.3427
2021020170,-1.6546,-3.3869
2021020171,-1.9302,-2.5291
2021020172,-3.6734,-1.2224
2021020173,-2.5353,-2.3078
2021020174,-2.525,-3.0954
2021020175,-1.9275,-1.7089
2021020176,-2.4101,-2.454
2021020177,-1.7712,-2.2054
2021020178,-2.2901,-2.3929
2021020179,-2.4294,-2.721
2021020180,-2.8875,-1.9881
2021020181,-2.311,-2.8116
2021020182,-1.9032,-3.0785
2021020183,-2.8772,-2.5924
2021020184,-2.7142,-1.8985
2021020185,-1.6753,-1.8197
2021020186,-2.2534,-2.5809
2021020187,-1.9748,-2.6147
2021020188,-2.9552,-2.93
2021020189,-1.9097,-2.3117
2021020190,-1.6893,-1.5394
2021020191,-2.7465,-1.7864
2021020192,-2.6927,-2.0889
2021020193,-2.2645,-1.4155
2021020194,-3.5889,-2.154
2021020195,-2.0114,-2.614
2021020196,-2.2737,-1.9401
2021020197,-3.6102,-3.2391
2021020198,-2.1226,-2.3122
2021020199,-2.1022,-2.6398
2021020200,-2.2933,-2.7199
2021020201,-3.1866,-0.9283
2021020202,-2.6482,-2.2282
2021020203,-2.4448,-1.8368
2021020204,-1.9226,-1.9041
2021020205,-3.0338,-1.5604
2021020206,-2.7771,-1.871
2021020207,-2.7507,-2.6698
2021020208,-2.505,-2.5618
2021020209,-2.9659,-2.5372
2021020210,-1.6519,-3.6732
2021020211,-2.5038,-2.1589
2021020212,-3.2008,-2.3783
2021020213,-2.0987,-1.3946
2021020214,-1.4865,-3.1338
2021020215,-1.9996,-2.4693
2021020216,-2.2284,-2.8565
2021020217,-2.6136,-2.6906
2021020218,-1.3476,-3.3284
2021020219,-2.3003,-2.7429
2021020220,-1.8553,-3.5331
2021020221,-1.7688,-3.0449
2021020222,-2.0668,-2.4705
2021020223,-2.8773,-2.483
2021020224,-2.3979,-1.4617
2021020225,-2.9639,-2.685
2021020226,-2.5472,-2.0652
2021020227,-2.8546,-1.9063
2021020228,-3.1914,-2.275
2021020229,-2.1669,-2.8526
2021020230,-1.6406,-2.7208
2021020231,-2.67,-1.7259
2021020232,-2.1831,-1.4059
2021020233,-2.6942,-3.113
2021020235,-2.4053,-2.4288
2021020236,-3.6625,-2.8036
2021020237,-2.0809,-2.4268
2021020238,-3.1716,-3.7593
2021020239,-1.7848,-2.0662
2021020240,-2.5547,-2.9649
2021020241,-2.2381,-2.8028
2021020242,-1.0678,-2.1493
2021020243,-1.9805,-2.7373
2021020244,-2.6588,-1.9396
2021020245,-3.2482,-2.3856
2021020246,-2.7886,-1.6786
2021020247,-2.567,-3.4217
2021020248,-1.781,-2.3483
2021020249,-2.6239,-1.9906
2021020251,-3.0452,-2.0811
2021020252,-2.8929,-1.4049
2021020253,-2.9402,-3.2388
2021020254,-2.51,-1.7865
2021020255,-3.2419,-1.7662
2021020256,-3.9088,-2.2592
2021020257,-1.3294,-2.3352
2021020258,-2.0667,-1.9571
2021020259,-2.2424,-2.4189
2021020260,-2.7396,-2.5149
2021020261,-2.3155,-2.19
2021020262,-2.2539,-2.239
2021020264,-1.5013,-2.4486
2021020265,-2.6797,-1.9266
2021020266,-3.9551,-3.38
2021020267,-2.6324,-2.0378
2021020268,-2.7242,-2.874
2021020269,-3.0665,-2.2091
2021020270,-3.4893,-2.1326
2021020271,-1.5083,-2.6848
2021020272,-2.9855,-2.218
2021020273,-3.0374,-2.8094
2021020274,-2.7093,-3.9952
2021020275,-2.0065,-2.0125
2021020276,-3.595,-2.2942
2021020277,-1.9534,-2.7076
2021020278,-2.6595,-2.3316
2021020279,-3.0141,-3.2765
2021020280,-2.5082,-2.5812
2021020281,-3.2065,-3.3117
2021020282,-3.5503,-0.5744
2021020283,-1.9963,-1.9327
2021020284,-2.0856,-2.1504
2021020285,-2.7938,-2.8521
2021020286,-2.7826,-2.3135
2021020287,-1.5512,-2.0669
2021020288,-2.1517,-2.406
2021020289,-3.7309,-2.7463
2021020290,-2.9082,-2.9094
2021020291,-2.881,-2.5153
2021020292,-3.1649,-1.7162
2021020293,-2.2793,-2.3789
2021020294,-3.6077,-1.6499
2021020295,-2.2689,-2.1855
2021020296,-3.0974,-2.6553
2021020297,-3.7024,-2.0024
2021020298,-1.8383,-2.43
2021020299,-1.9327,-2.2256
2021020300,-3.0249,-3.2424
2021020301,-2.2128,-2.4186
2021020302,-2.0015,-3.305
2021020303,-2.4196,-3.147
2021020304,-3.4738,-2.0221
2021020305,-2.4302,-2.9627
2021020306,-1.6228,-2.3911
2021020307,-3.1513,-1.9566
2021020308,-2.2782,-3.0954
2021020309,-2.5036,-2.5887
2021020310,-3.3304,-2.7337
2021020311,-2.8477,-2.4817
2021020312,-1.9958,-1.9818
2021020313,-2.1256,-1.9934
2021020314,-2.7628,-2.0445
2021020315,-2.359,-3.4305
2021020316,-1.885,-2.5844
2021020317,-2.2082,-2.4171
2021020318,-2.7798,-2.6526
2021020319,-1.9513,-3.2391
2021020320,-2.1848,-3.2353
2021020321,-2.1862,-1.744
2021020322,-3.6708,-2.9317
2021020323,-3.7003,-1.9829
2021020324,-2.6612,-2.7236
2021020325,-2.0847,-3.3673
2021020326,-2.8426,-2.7967
2021020327,-2.358,-2.0801
2021020329,-3.189,-2.3084
2021020330,-2.7503,-1.7057
2021020331,-2.2244,-1.4248
2021020332,-2.3102,-2.5871
2021020333,-2.6745,-3.0041
2021020334,-3.0315,-3.0781
2021020335,-3.36,-3.5041
2021020336,-3.3616,-2.2663
2021020337,-2.7669,-2.0362
2021020338,-2.8056,-2.7568
2021020339,-1.9902,-2.2154
2021020341,-1.8469,-1.7088
2021020342,-1.6937,-3.484
2021020343,-2.4182,-3.238
2021020344,-1.0878,-3.4313
2021020345,-2.5299,-2.396
2021020346,-2.3172,-2.4679
2021020347,-3.3571,-3.2031
2021020348,-2.5498,-2.4359
2021020349,-2.5894,-2.6109
2021020350,-3.4918,-2.8375
2021020351,-2.3574,-2.4423
2021020352,-2.4195,-2.5618
2021020353,-2.0705,-2.1292
2021020354,-2.4821,-2.5482
2021020355,-2.6996,-1.7133
2021020356,-3.1337,-2.7413
2021020357,-3.1857,-3.2713
2021020358,-1.333,-2.2928
2021020359,-2.5186,-3.9461
2021020360,-1.8725,-2.4228
2021020361,-2.3788,-2.7416
2021020362,-2.1302,-2.0327
2021020363,-2.9417,-2.6184
2021020364,-3.3794,-3.1949
2021020365,-2.1497,-2.6282
2021020366,-2.5366,-3.1696
2021020367,-2.7579,-1.5161
2021020368,-3.5277,-2.425
2021020369,-2.5615,-2.2246
2021020370,-1.439,-2.6931
2021020371,-1.82,-3.6103
2021020372,-3.3268,-3.7363
2021020373,-2.3657,-3.5318
2021020374,-1.3172,-2.748
2021020375,-1.6181,-2.2654
2021020376,-3.2848,-3.1497
2021020377,-2.2486,-2.9345
2021020378,-3.0628,-2.451
2021020379,-4.2305,-2.3321
2021020380,-2.7785,-2.9589
2021020381,-2.9024,-2.5598
2021020382,-2.9707,-2.6576
2021020234,-2.9712,-3.5015
2021020383,-3.1269,-2.52
2021020384,-2.9482,-2.1499
2021020385,-2.4791,-3.7941
2021020386,-2.7605,-2.92
2021020387,-2.9673,-3.2066
2021020388,-3.4763,-2.3003
2021020389,-3.4093,-3.7431
2021020390,-3.0025,-2.3597
2021020391,-3.7608,-2.0126
2021020392,-2.471,-1.5973
2021020393,-3.3449,-2.2373
2021020394,-2.7271,-1.5976
2021020395,-2.0222,-2.834
2021020396,-2.7427,-1.4176
2021020397,-2.2647,-2.8554
2021020398,-2.813,-2.5775
2021020399,-2.3968,-3.2541
2021020400,-2.1028,-1.9387
2021020401,-2.6791,-2.4899
2021020402,-3.5478,-2.5117
2021020403,-2.7083,-2.3714
2021020404,-2.5532,-0.8956
2021020405,-3.7889,-3.0936
2021020406,-2.5569,-2.3801
2021020407,-3.2674,-3.0216
2021020408,-2.3828,-2.0746
2021020409,-3.9469,-2.5555
2021020410,-2.2529,-1.2951
2021020411,-3.7821,-2.0639
2021020412,-2.6525,-2.6378
2021020413,-2.5288,-1.1492
2021020414,-2.6988,-2.4075
2021020415,-2.7949,-2.587
2021020416,-3.703,-1.5841
2021020417,-2.4558,-2.8763
2021020418,-2.2777,-2.4834
2021020419,-2.3254,-2.7939
2021020420,-3.1922,-2.0592
2021020421,-3.2379,-2.9879
2021020422,-1.9706,-2.6504
2021020423,-2.3022,-3.0993
2021020424,-2.3615,-3.3664
2021020425,-2.9889,-2.4193
2021020426,-2.7242,-3.0083
2021020427,-3.174,-2.3336
2021020428,-3.4563,-2.149
2021020429,-1.9756,-3.5223
2021020430,-2.9224,-4.008
2021020431,-2.5384,-1.171
2021020432,-2.0918,-2.7269
2021020433,-1.4865,-2.2745
2021020434,-2.2356,-2.6887
2021020435,-2.5614,-2.6079
2021020437,-2.2504,-2.4816
2021020438,-3.5255,-1.586
2021020439,-3.5813,-3.126
2021020440,-3.2708,-2.9864
2021020441,-2.3977,-3.172
2021020442,-2.835,-3.3416
2021020444,-2.9347,-1.816
2021020446,-2.8712,-2.3255
2021020447,-2.2557,-2.7029
2021020448,-2.5551,-2.0088
2021020449,-3.1223,-4.2519
2021020450,-1.8157,-2.6013
2021020451,-2.7386,-2.7661
2021020452,-3.2598,-2.7571
2021020453,-2.3737,-2.9562
2021020454,-3.2783,-2.3188
2021020455,-2.9459,-3.0175
2021020456,-4.1063,-3.223
2021020457,-3.6344,-2.3141
2021020458,-2.1556,-2.1287
2021020459,-2.5561,-2.4032
2021020460,-0.7604,-2.3242
2021020461,-2.4922,-3.1147
2021020463,-2.344,-4.2253
2021020464,-1.63,-3.6443
2021020465,-2.58,-2.9612
2021020466,-2.8975,-3.4045
2021020467,-2.9292,-0.9805
2021020468,-2.1137,-2.957
2021020469,-2.5502,-2.4601
2021020470,-2.3145,-2.9845
2021020472,-2.1437,-3.0582
2021020473,-3.17,-4.1151
2021020474,-2.8131,-3.5072
2021020475,-2.9608,-2.4881
2021020480,-3.1391,-2.3329
2021020482,-3.2162,-2.7464
2021020483,-1.6111,-2.7905
2021020484,-2.6849,-3.5371
2021020486,-2.6532,-1.9435
2021020492,-2.428,-2.3653
2021020501,-2.9327,-2.3139
2021020537,-2.8688,-2.6638
2021020539,-4.0647,-2.1729
2021020540,-1.3946,-3.3777
2021020541,-3.15,-1.9663
2021020544,-2.946,-3.7842
2021020546,-3.1967,-1.9507
2021020547,-3.4023,-3.4748
2021020550,-1.6735,-2.1072
2021020551,-2.5662,-3.3156
2021020552,-2.7518,-2.416
2021020553,-1.7451,-3.15
2021020554,-2.8361,-2.5695
2021020555,-3.1413,-2.5704
2021020556,-3.2088,-2.0308
2021020557,-1.6312,-3.1054
2021020558,-2.662,-2.6324
2021020560,-2.9866,-2.3944
2021020561,-2.532,-3.7842
2021020562,-1.9663,-3.25
2021020565,-2.835,-2.2424
2021020566,-2.9522,-3.8224
2021020567,-2.4858,-3.7465
2021020568,-2.8423,-3.133
2021020569,-1.6607,-3.6287
2021020570,-2.9748,-2.9288
2021020571,-3.3588,-2.4507
2021020572,-2.7408,-3.2889
2021020573,-2.682,-3.0726
2021020574,-2.2379,-2.1387
2021020575,-2.3496,-2.341
2021020576,-4.1766,-2.1249
2021020577,-2.5642,-1.6743
2021020578,-2.576,-1.6792
2021020579,-3.4455,-3.2465
2021020580,-1.6448,-3.1645
2021020582,-2.0757,-2.2532
2021020585,-2.3503,-3.2548
2021020586,-2.0665,-1.983
2021020588,-2.3267,-2.6615
2021020589,-1.9842,-3.6523
2021020590,-3.0402,-3.4326
2021020591,-3.3849,-1.7962
2021020592,-3.2987,-2.16
2021020593,-2.3984,-2.5712
2021020594,-2.801,-3.2717
2021020596,-2.5757,-3.4812
2021020597,-2.2234,-3.1882
2021020599,-1.9785,-1.6501
2021020600,-3.9261,-2.167
2021020602,-3.2977,-3.03
2021020603,-2.0416,-3.0868
2021020604,-3.6456,-2.0625
2021020605,-2.8137,-2.6673
2021020606,-2.6595,-2.2903
2021020607,-3.2274,-2.637
2021020608,-2.4426,-2.3134
2021020610,-2.9076,-2.5218
2021020612,-3.1755,-3.4648
2021020613,-2.7555,-2.1801
2021020615,-3.0069,-2.2653
2021020616,-2.6605,-2.1355
2021020617,-3.2413,-2.2456
2021020618,-2.9794,-1.5473
2021020619,-2.4156,-2.4096
2021020620,-2.4507,-2.896
2021020622,-2.0656,-2.6115
2021020624,-3.1853,-2.4394
2021020626,-2.4769,-3.1323
2021020627,-2.9711,-1.6716
2021020628,-2.3614,-2.3368
2021020609,-2.5073,-2.7654
2021020629,-2.0576,-2.25
2021020632,-3.3268,-2.3376
2021020634,-1.7998,-2.5004
2021020636,-2.0747,-2.0611
2021020637,-3.3738,-2.7179
2021020638,-2.7983,-2.2455
2021020640,-2.7214,-3.8675
2021020641,-1.973,-1.5425
2021020643,-2.5434,-2.724
2021020644,-2.514,-2.6617
2021020645,-1.9149,-2.7304
2021020647,-2.053,-2.8383
2021020649,-3.5676,-2.7009
2021021000,-3.1919,-3.2163
2021020650,-3.722,-3.3184
2021020651,-3.0711,-3.6051
2021020652,-2.3785,-2.6602
2021020653,-2.1047,-3.0302
2021020654,-3.2578,-2.3261
2021020655,-3.5081,-3.1213
2021020656,-2.0189,-2.626
2021020657,-2.2292,-3.6302
2021020658,-3.4062,-3.7359
2021020659,-2.1188,-2.3269
2021020660,-2.0083,-1.9077
2021020661,-3.0307,-2.1874
2021020662,-2.8074,-2.5018
2021020663,-1.6099,-3.6712
2021020635,-3.5134,-4.3965
2021020665,-3.2242,-2.2903
2021020667,-3.6356,-3.7325
2021020668,-2.3524,-2.2738
2021020669,-2.9375,-2.9445
2021020670,-2.1043,-2.5762
2021020671,-3.1925,-2.4724
2021020672,-3.195,-2.6937
2021020673,-3.2346,-2.7374
2021020674,-1.6168,-2.8223
2021020677,-3.7709,-1.934
2021020678,-1.9488,-2.2121
2021020679,-2.8066,-2.426
2021020680,-2.6727,-3.2319
2021020682,-4.4215,-3.0558
2021020684,-2.0639,-2.9701
2021020685,-2.1461,-3.117
2021020686,-1.9678,-2.5489
2021020687,-3.3592,-3.4742
2021020688,-2.6221,-2.287
2021020689,-1.9248,-2.5526
2021020690,-2.7456,-2.3729
2021020340,-2.4558,-2.382
2021020691,-2.4566,-2.2346
2021020692,-4.497,-4.1543
2021020695,-2.7984,-3.3995
2021020696,-3.1223,-3.0348
2021020697,-2.9381,-3.6017
2021020698,-2.9971,-2.2676
2021020700,-2.9272,-2.5775
2021020701,-2.9168,-3.0237
2021020702,-3.2285,-2.8912
2021020703,-3.0913,-1.8038
2021020704,-2.5782,-2.7944
2021020705,-3.8265,-3.1405
2021020706,-2.3642,-4.1416
2021020707,-2.4624,-4.2736
2021020708,-2.6122,-2.7096
2021020709,-2.9469,-2.4248
2021020710,-3.0187,-3.4575
2021020711,-2.6538,-1.9477
2021020712,-2.1616,-1.6517
2021020713,-3.3967,-3.4831
2021020714,-2.5007,-3.3021
2021020715,-2.5481,-3.0823
2021020716,-4.3088,-2.9134
2021020717,-3.0796,-2.824
2021020718,-2.5893,-2.6517
2021020719,-2.9389,-2.6922
2021020720,-2.115,-2.7077
2021020721,-2.4054,-3.0664
2021020722,-3.3574,-2.096
2021020724,-2.7651,-2.2875
2021020725,-3.3486,-3.3656
2021020726,-3.2574,-3.9942
2021020727,-1.9952,-3.3459
2021020728,-2.4339,-3.3708
2021020729,-2.4961,-2.4129
2021020730,-2.9401,-2.4624
2021020731,-2.2073,-3.4584
2021021211,-2.437,-2.8671
2021020732,-2.4154,-2.5873
2021020733,-3.156,-3.3883
2021020734,-3.3121,-4.6099
2021020735,-2.3965,-2.0627
2021020736,-2.468,-3.394
2021020737,-2.42,-2.4907
2021020738,-3.3134,-2.7428
2021020739,-2.7663,-3.0947
2021020740,-2.8449,-3.175
2021020741,-2.7169,-2.1272
2021020742,-2.7928,-3.0808
2021020743,-2.8171,-2.4046
2021020744,-4.4601,-2.877
2021020745,-2.2976,-2.8882
2021020746,-2.5877,-3.3616
2021020747,-3.0823,-3.4806
2021020748,-2.465,-3.9854
2021020749,-3.872,-3.0988
2021020750,-2.2294,-2.5655
2021020751,-2.5828,-2.0973
2021020752,-2.6669,-2.691
2021020753,-3.1193,-3.1575
2021020754,-2.5217,-2.5269
2021020755,-3.6991,-2.3448
2021020756,-2.7027,-2.0806
2021020757,-2.6896,-3.1907
2021020758,-3.3936,-2.8115
2021020759,-3.2522,-2.6218
2021020760,-2.9145,-3.9394
2021020761,-2.7083,-3.2866
2021020762,-3.0574,-2.5456
2021020763,-3.6152,-2.6976
2021020764,-2.9296,-2.6298
2021020765,-3.7738,-2.4426
2021020766,-2.5072,-2.2309
2021020767,-3.3263,-1.8318
2021020768,-2.386,-3.1838
2021020769,-3.4238,-1.94
2021020770,-3.0204,-2.3795
2021020771,-3.5507,-2.4759
2021020772,-2.982,-2.4133
2021020773,-3.406,-3.2973
2021020774,-2.7459,-2.0283
2021020775,-2.899,-3.4206
2021020776,-2.8239,-2.6987
2021020778,-3.2064,-3.6703
2021020779,-2.7299,-3.0071
2021020780,-2.639,-4.1567
2021020781,-2.9398,-3.1838
2021020782,-3.0517,-3.7361
2021020783,-2.8544,-3.3451
2021020784,-2.3138,-1.9655
2021020785,-3.0794,-3.1975
2021020786,-2.7943,-4.7239
2021020787,-2.4122,-3.6073
2021020789,-3.0385,-3.0066
2021020790,-2.0634,-3.5585
2021020683,-2.3051,-3.3038
2021020791,-3.6351,-2.9384
2021020792,-2.3919,-3.5608
2021020793,-3.3424,-2.2947
2021020794,-3.2739,-3.0554
2021020795,-3.2787,-3.6984
2021020797,-2.7865,-2.7295
2021020798,-3.189,-2.4434
2021020799,-2.0315,-3.0536
2021020800,-2.8057,-2.8821
2021020801,-2.7861,-3.5709
2021020802,-2.6467,-2.3973
2021020803,-2.5195,-3.1311
2021020804,-2.6515,-3.2411
2021020805,-1.7408,-3.1265
2021020806,-4.2682,-3.6591
2021020777,-2.2939,-3.8764
2021020807,-2.3793,-4.8759
2021020808,-2.3405,-3.4498
2021020809,-3.1708,-2.0505
2021020810,-3.6327,-3.539
2021020583,-3.0306,-2.3484
2021021128,-2.8308,-2.5145
2021020487,-3.2416,-3.2714
2021020510,-3.0931,-2.5369
2021020523,-3.2431,-2.1805
2021020531,-3.2118,-2.2303
2021020664,-3.5834,-3.6475
2021020666,-3.4815,-2.2431
2021021293,-2.5839,-2.9119
2021020503,-3.4339,-3.3274
2021020530,-2.4881,-2.5151
2021020598,-3.1669,-2.747
2021020676,-3.5806,-3.6007
2021020694,-2.177,-2.6787
2021020699,-3.7586,-2.8405
2021020462,-3.1257,-2.3401
2021020477,-1.7511,-3.0241
2021020489,-4.2237,-3.1452
2021020494,-2.5237,-3.114
2021020529,-2.7117,-2.6508
2021020559,-2.5265,-2.7837
2021020587,-3.0389,-2.0966
2021020506,-1.9968,-3.0032
2021020519,-3.4765,-2.6587
2021020623,-3.6069,-2.6263
2021021033,-3.3472,-2.8273
2021020445,-2.7129,-3.3252
2021020479,-2.8434,-3.569
2021020499,-2.6306,-2.9149
2021020543,-2.6901,-2.784
2021020630,-3.036,-3.6417
2021020642,-2.4381,-2.9598
2021020788,-2.7822,-3.0031
2021020811,-2.4277,-2.1207
2021020526,-2.4706,-2.6182
2021020563,-2.2818,-2.6411
2021020614,-3.6561,-4.0419
2021020817,-2.6086,-2.987
2021020488,-3.432,-3.3756
2021020517,-2.2597,-2.2463
2021020522,-3.2502,-3.3374
2021020548,-3.1729,-2.7442
2021020478,-2.2415,-3.3829
2021020495,-2.87,-2.7779
2021020507,-3.9549,-3.5981
2021020514,-3.4238,-2.5064
2021020524,-3.9806,-3.5602
2021020549,-2.6391,-2.4054
2021020631,-2.0182,-2.2489
2021021095,-2.2195,-2.2027
2021021263,-3.1291,-2.4189
2021020500,-2.3171,-2.4809
2021020527,-3.9901,-3.0431
2021020535,-4.0458,-2.3735
2021020633,-2.9937,-1.8028
2021020493,-3.8974,-3.0337
2021020496,-3.1174,-2.2568
2021020502,-3.0686,-3.0299
2021020525,-3.3564,-2.7815
2021020538,-3.0572,-3.2377
2021020542,-3.4272,-2.9863
2021020621,-2.0868,-3.1443
2021020796,-3.6809,-2.5783
2021021006,-3.4279,-2.4326
2021021228,-3.7198,-3.1724
2021020476,-2.5553,-3.0653
2021020485,-3.546,-2.1081
2021020516,-2.9756,-2.8381
2021020521,-3.3558,-3.5216
2021020481,-3.0067,-3.4499
2021020504,-4.0024,-2.7865
2021020509,-3.4516,-2.7863
2021020518,-1.9888,-3.2845
2021020520,-3.3691,-3.8121
2021020533,-3.732,-3.5725
2021020681,-2.0105,-3.5098
2021020263,-3.2182,-2.6596
2021020491,-2.8417,-2.6518
2021020498,-2.8036,-2.8975
2021020515,-3.5007,-3.9429
2021020581,-3.479,-3.0728
2021020648,-3.847,-2.9845
2021021161,-2.6509,-3.3622
2021021304,-3.449,-3.4405
2021020508,-2.6321,-3.0838
2021020534,-3.2525,-3.0121
2021020564,-2.1,-1.4984
2021020601,-2.5546,-2.9922
2021020639,-2.8263,-3.367
2021020511,-2.9285,-2.6993
2021020528,-3.6314,-3.5678
2021020536,-3.8733,-3.075
2021020584,-2.8001,-3.2093
2021020595,-3.2793,-2.9987
2021020848,-2.4992,-3.2864
2021020490,-2.9043,-2.7072
2021020812,-2.5667,-3.6812
2021020813,-2.9197,-1.3569
2021020814,-3.7512,-3.8147
2021021273,-2.163,-3.4534
2021020497,-3.4754,-2.0434
2021020815,-3.5465,-3.1082
2021020816,-3.4594,-3.8706
2021020818,-3.3586,-2.9578
2021020819,-2.5744,-2.6536
2021020820,-3.0321,-2.227
2021020821,-3.724,-2.9682
2021020822,-3.1726,-2.4535
2021020823,-3.7815,-4.1702
2021020824,-3.2806,-2.5207
2021020825,-3.0528,-4.1642
2021020826,-3.3449,-1.5709
2021020827,-4.2359,-2.5241
2021020828,-3.5481,-3.481
2021020830,-3.5398,-2.3048
2021020831,-3.116,-3.3435
2021020832,-3.044,-3.2704
2021020833,-3.3871,-3.1167
2021020834,-2.3638,-2.9075
2021020835,-2.7679,-3.1657
2021020836,-3.0597,-2.5319
2021020837,-3.4089,-3.3031
2021020838,-3.3175,-3.3306
2021021275,-2.546,-3.2932
2021020839,-3.3729,-2.9048
2021020840,-3.571,-3.5384
2021020841,-4.1753,-3.2122
2021020842,-3.0152,-2.706
2021020843,-3.0416,-4.3266
2021020844,-3.8477,-2.4867
2021020845,-3.5884,-3.557
2021020846,-3.2382,-2.4252
2021020847,-2.945,-3.1624
2021020849,-3.4208,-2.483
2021020850,-2.8459,-3.8363
2021020851,-3.0713,-3.4145
2021020852,-2.9728,-2.9054
2021020853,-2.9998,-3.0906
2021020854,-3.4749,-2.7495
2021020855,-3.3626,-2.8681
2021020856,-2.4779,-2.6769
2021020857,-2.2542,-3.2796
2021020858,-3.3753,-3.0401
2021020859,-3.9548,-3.5962
2021020860,-2.7403,-4.4221
2021020861,-2.7269,-2.99
2021020862,-3.0803,-3.0625
2021020863,-2.7582,-2.0542
2021020864,-2.458,-4.2173
2021020865,-2.9001,-3.2022
2021020866,-3.1261,-3.1957
2021020867,-2.8553,-2.6082
2021020868,-2.7876,-3.6394
2021020869,-2.4804,-3.2322
2021020870,-3.6563,-2.9486
2021020871,-3.8978,-2.423
2021020872,-2.7547,-3.9036
2021020873,-3.8222,-2.6938
2021020874,-2.8279,-2.8823
2021020875,-2.418,-2.071
2021020876,-3.6544,-3.7501
2021020877,-3.8554,-2.9497
2021020878,-2.3061,-2.6274
2021020879,-3.6812,-3.5451
2021020880,-3.4164,-3.256
2021020881,-2.746,-3.1279
2021020882,-2.8184,-3.1586
2021020883,-2.6477,-2.3362
2021020884,-2.689,-2.5534
2021020885,-3.3429,-3.332
2021020886,-2.7434,-3.2042
2021020887,-3.8906,-3.4524
2021020888,-3.7271,-3.4661
2021020889,-3.7117,-2.5835
2021020890,-3.2723,-3.6605
2021020891,-2.5944,-3.5184
2021020892,-3.5533,-2.9219
2021020893,-2.2074,-2.6424
2021020894,-3.1547,-3.5368
2021020895,-1.7955,-1.6169
2021020896,-4.164,-3.7924
2021020897,-3.4536,-3.4082
2021020532,-3.3182,-3.906
2021020898,-3.7467,-3.3589
2021020899,-3.2566,-2.8707
2021020900,-2.865,-2.5433
2021020901,-3.0083,-3.3861
2021020902,-3.3158,-3.1708
2021020903,-3.1836,-3.6709
2021020904,-2.1262,-2.3676
2021020905,-2.9467,-4.1737
2021020906,-4.02,-3.1423
2021020907,-2.3097,-2.9689
2021020908,-3.5581,-3.8436
2021020909,-3.207,-3.5031
2021020910,-3.4592,-2.2872
2021020911,-1.7143,-2.7662
2021020912,-3.2462,-2.3119
2021020913,-4.1365,-2.4303
2021020914,-3.2947,-3.3145
2021020693,-3.0762,-2.8746
2021020915,-3.8581,-2.2261
2021020916,-2.881,-4.1453
2021020917,-2.9217,-3.6262
2021020918,-3.5121,-3.906
2021020919,-3.0539,-2.7334
2021020920,-3.61,-3.2635
2021020921,-1.5712,-1.7121
2021020923,-3.2787,-3.1841
2021020924,-2.9075,-3.034
2021020925,-3.3169,-2.8484
2021020926,-3.2282,-2.6112
2021020927,-3.7665,-3.4832
2021020928,-2.4407,-2.2172
2021020929,-3.3535,-3.7462
2021020930,-3.615,-2.6725
2021020931,-2.719,-3.7162
2021020932,-2.976,-3.2248
2021020933,-3.6447,-3.3557
2021020934,-3.6241,-1.939
2021020935,-1.123,-3.1349
2021020936,-2.926,-3.8071
2021020937,-2.8459,-3.0463
2021020938,-3.543,-2.4196
2021020939,-2.8611,-2.5357
2021020940,-2.9109,-3.0182
2021020941,-3.6929,-3.354
2021020942,-2.9617,-3.5984
2021020943,-2.6414,-2.5593
2021020944,-3.6508,-3.4204
2021020945,-3.1751,-2.9918
2021020946,-3.4953,-4.6313
2021020947,-3.3892,-2.1251
2021020948,-2.771,-2.7886
2021020949,-3.2777,-2.9168
2021020950,-3.3161,-3.168
2021020951,-3.1398,-3.2898
2021020952,-2.9812,-3.896
2021020953,-3.3658,-3.3466
2021020954,-3.8165,-4.4616
2021020955,-3.3929,-2.434
2021020956,-3.1459,-3.1263
2021020957,-3.3155,-2.5922
2021020958,-2.8622,-2.8349
2021020959,-2.2021,-4.6914
2021020960,-2.7846,-3.0343
2021020961,-3.1492,-2.1113
2021020962,-2.729,-2.5872
2021020963,-3.5313,-3.8818
2021020964,-2.6722,-3.4633
2021020965,-2.9646,-2.7654
2021020966,-3.0381,-1.5211
2021020967,-3.6657,-3.2268
2021020328,-3.5405,-3.59
2021020968,-2.4114,-2.9741
2021020969,-3.4835,-4.3519
2021020970,-3.5152,-2.965
2021020971,-3.4691,-2.7032
2021020972,-3.1592,-2.5968
2021020973,-2.7356,-3.1769
2021020974,-2.8688,-2.868
2021020975,-4.8818,-3.9532
2021020976,-2.3495,-3.4501
2021020977,-3.0106,-2.8756
2021020978,-2.7916,-2.9421
2021020979,-2.4288,-2.8962
2021020980,-2.4827,-2.9666
2021020981,-2.9111,-3.9863
2021020982,-3.3076,-2.7689
2021020983,-3.6557,-2.6533
2021020984,-3.6471,-3.8349
2021020985,-3.3707,-4.4782
2021020986,-2.8916,-2.2814
2021020987,-3.9047,-2.6255
2021020988,-2.6268,-2.714
2021020989,-2.6596,-2.2444
2021020990,-2.925,-2.5757
2021020991,-4.5134,-3.1987
2021020992,-3.9576,-2.499
2021020993,-3.6979,-2.9829
2021020994,-3.9252,-4.1048
2021020995,-2.6481,-3.9919
2021020996,-2.6443,-3.9786
2021020997,-4.1351,-2.1138
2021020998,-2.9263,-3.5994
2021020999,-3.2165,-4.4862
2021020646,-3.2515,-3.0476
2021021001,-2.0126,-3.4202
2021021002,-2.9328,-2.4439
2021021003,-2.9906,-2.7416
2021021004,-3.8715,-3.3453
2021021005,-2.2259,-3.6389
2021021007,-3.1997,-2.334
2021021008,-2.8928,-2.2369
2021021009,-3.3421,-3.4969
2021021010,-3.4439,-3.2784
2021021011,-3.2055,-3.3505
2021021012,-2.9319,-3.6529
2021021013,-3.1044,-2.9107
2021021017,-4.4218,-3.2493
2021021021,-3.6761,-3.0762
2021021014,-3.0772,-2.5687
2021021015,-3.1811,-2.0499
2021021016,-2.401,-2.8982
2021021018,-3.5387,-2.7741
2021020545,-3.4222,-3.1132
2021020675,-2.9115,-3.0814
2021021019,-3.6581,-3.5286
2021021020,-2.4565,-3.9151
2021021022,-3.3389,-2.9868
2021021023,-3.323,-3.5652
2021021024,-2.284,-2.97
2021021025,-4.1819,-3.3489
2021021026,-4.2463,-3.2722
2021021027,-3.4008,-2.4432
2021021029,-3.9048,-2.2548
2021021030,-3.0151,-3.0055
2021021031,-2.4208,-3.4683
2021021032,-3.1868,-3.7082
2021021034,-3.752,-3.2998
2021021035,-3.1306,-2.7566
2021021036,-2.6585,-3.4604
2021021037,-4.182,-3.7414
2021021038,-2.8951,-2.4436
2021021039,-3.1681,-3.2403
2021021040,-3.3513,-2.6979
2021021041,-2.5149,-3.5869
2021021042,-2.5032,-3.5888
2021021043,-2.5788,-2.7281
2021021044,-3.392,-3.5474
2021021045,-4.0427,-3.6519
2021021046,-2.9919,-2.9981
2021021047,-2.8983,-3.1729
2021021048,-3.9037,-4.1531
2021021049,-2.9948,-3.5158
2021021050,-3.5815,-3.7351
2021021051,-4.0377,-3.7939
2021021052,-2.6033,-2.9266
2021021053,-2.7679,-4.371
2021021054,-2.7392,-3.0099
2021021055,-2.6186,-3.8427
2021021056,-3.5931,-2.7956
2021021057,-3.1673,-4.6943
2021021058,-3.3335,-3.9213
2021021059,-3.3896,-2.9894
2021021060,-4.3226,-3.118
2021021061,-3.0299,-3.9378
2021021062,-2.9725,-2.8326
2021021063,-3.6171,-3.4516
2021021064,-3.5343,-2.8278
2021021065,-2.398,-4.5386
2021021066,-2.8248,-2.9862
2021021067,-4.125,-3.0867
2021021068,-3.3983,-2.669
2021021069,-4.2262,-3.0001
2021021070,-2.976,-2.8843
2021021071,-2.7214,-3.2607
2021021072,-4.7183,-3.4052
2021021073,-4.0543,-2.173
2021021074,-2.2183,-2.0817
2021021075,-3.8017,-2.967
2021021076,-2.8157,-2.7603
2021021077,-4.1922,-3.144
2021021078,-3.8188,-3.9993
2021021079,-2.8755,-2.8912
2021021080,-2.5055,-3.7904
2021021081,-3.3427,-3.2051
2021021082,-3.4764,-3.13
2021021083,-2.9616,-2.8865
2021021084,-4.1583,-3.5698
2021021085,-3.673,-3.1506
2021021086,-3.0415,-4.0082
2021021087,-3.0444,-2.69
2021021088,-4.1969,-3.4583
2021021089,-3.9565,-2.1143
2021021090,-2.6285,-3.5675
2021021091,-2.6592,-4.593
2021021092,-2.175,-2.5471
2021021093,-4.3713,-2.5014
2021021094,-3.3138,-2.8816
2021021096,-3.4897,-3.1939
2021021097,-2.6662,-3.2847
2021021098,-3.2058,-2.4814
2021021099,-3.0584,-4.0774
2021021100,-3.0428,-2.7459
2021021101,-3.9996,-3.2139
2021021102,-2.1595,-3.4519
2021021103,-3.1268,-3.3258
2021021104,-2.7391,-2.9857
2021021105,-3.656,-4.2426
2021021106,-2.8902,-2.4584
2021021107,-3.1327,-3.0241
2021021108,-3.8665,-4.0693
2021021109,-2.9415,-2.8837
2021021110,-3.4201,-2.5485
2021021111,-2.961,-4.8099
2021021112,-3.4389,-3.1028
2021021113,-3.3998,-3.3639
2021021114,-4.2895,-3.4576
2021021115,-4.2063,-2.6405
2021021116,-3.1529,-3.3038
2021021117,-1.9771,-2.979
2021021118,-3.6588,-2.8805
2021021119,-2.824,-2.7269
2021021120,-2.242,-3.0063
2021021121,-3.9754,-3.396
2021021122,-3.007,-3.1895
2021021123,-2.5267,-3.1999
2021021124,-2.8659,-4.0545
2021021125,-2.6863,-3.3588
2021021126,-3.0004,-2.8377
2021021127,-3.1583,-3.8232
2021020250,-3.1628,-2.4737
2021020512,-1.7963,-3.8877
2021021129,-2.609,-2.6767
2021021130,-3.5711,-2.8949
2021021131,-3.3885,-3.0972
2021021132,-3.5546,-3.6669
2021021133,-3.7494,-3.3564
2021021134,-4.9984,-3.4812
2021021135,-3.047,-3.4669
2021021136,-2.4815,-4.3012
2021021137,-3.2122,-3.4983
2021021138,-2.7791,-3.562
2021021139,-3.0806,-3.6131
2021021140,-2.6686,-3.1397
2021021141,-2.6103,-3.388
2021021142,-4.1468,-3.636
2021021143,-3.3373,-2.7428
2021021144,-3.0416,-3.0405
2021021145,-2.9632,-3.5761
2021021146,-2.2104,-2.6877
2021021147,-2.8563,-3.3617
2021021148,-2.6659,-2.2483
2021021149,-3.2406,-2.5359
2021021151,-3.4341,-3.5524
2021021152,-3.3109,-2.5144
2021021153,-2.7347,-4.8397
2021021154,-3.9259,-4.1205
2021021150,-3.2178,-2.8167
2021021155,-3.3588,-2.6115
2021021156,-3.0674,-4.6702
2021021157,-2.0019,-2.4091
2021021158,-2.9013,-3.3489
2021021159,-3.2628,-3.5286
2021021160,-3.3942,-3.4666
2021021162,-4.306,-3.5645
2021020922,-3.9849,-2.0543
2021021163,-2.7001,-3.2875
2021021164,-3.314,-2.3218
2021021165,-3.6144,-4.874
2021021166,-3.2714,-2.4704
2021021167,-2.3426,-3.9546
2021021168,-3.1373,-2.551
2021021170,-3.0259,-3.2412
2021021173,-3.0586,-3.5175
2021021174,-4.5508,-3.5011
2021021175,-2.9684,-3.2297
2021021176,-4.6103,-2.916
2021021187,-3.6467,-3.6368
2021021188,-2.3038,-2.9918
2021021177,-3.5123,-2.931
2021021178,-3.0823,-3.7602
2021021180,-3.6987,-4.1741
2021021171,-3.1911,-2.5373
2021021172,-2.319,-3.1979
2021021181,-3.3773,-2.6354
2021021182,-4.4973,-2.6052
2021021183,-3.4727,-2.8925
2021021184,-3.5551,-4.2719
2021021185,-2.4739,-3.4922
2021021186,-2.8443,-3.0076
2021021189,-3.1533,-2.0655
2021021190,-3.4876,-3.1607
2021021191,-3.8408,-3.7241
2021021192,-2.491,-3.8544
2021021193,-3.6933,-3.4227
2021021194,-2.1777,-4.0997
2021021195,-3.1354,-3.5375
2021021196,-2.844,-2.3659
2021021197,-4.3229,-3.3553
2021021198,-3.6684,-3.4969
2021021199,-2.4879,-3.3645
2021021200,-3.4396,-3.786
2021021201,-2.935,-2.798
2021021202,-3.0665,-2.3338
2021021203,-2.3362,-3.2533
2021021204,-2.8842,-2.842
2021021205,-2.7536,-2.933
2021021206,-3.9124,-4.0901
2021021208,-4.8783,-3.3089
2021021209,-3.3153,-4.0692
2021020723,-2.9159,-3.326
2021021210,-2.9856,-2.7032
2021021212,-4.1782,-3.593
2021021213,-2.5183,-2.8835
2021021214,-2.7709,-3.2701
2021021215,-4.078,-4.0908
2021020436,-3.2473,-3.7321
2021020611,-3.381,-2.8303
2021021216,-2.7791,-3.7206
2021021217,-2.3164,-2.9961
2021021218,-4.5275,-3.3145
2021021219,-3.7682,-4.1671
2021020443,-2.805,-3.883
2021020625,-2.1555,-3.0205
2021021220,-2.9609,-3.8602
2021021221,-3.8758,-2.3254
2021021222,-3.1799,-2.7873
2021021223,-3.2086,-2.415
2021021224,-2.9533,-4.0434
2021021225,-2.3512,-2.4924
2021021226,-3.9741,-4.0391
2021021227,-3.0465,-4.4384
2021021229,-2.9824,-2.9982
2021021230,-3.8811,-3.8033
2021021231,-3.7561,-3.6485
2021021232,-3.2826,-2.8923
2021021233,-3.399,-4.5413
2021021234,-2.3745,-3.1938
2021021235,-2.3896,-3.0977
2021021236,-4.1602,-3.9346
2021021237,-2.9177,-3.3977
2021021238,-2.9649,-2.6127
2021021239,-3.6246,-3.8391
2021021240,-2.487,-2.1889
2021021241,-3.8407,-3.2328
2021021242,-4.4413,-3.8545
2021021243,-2.9915,-2.2973
2021021244,-4.6686,-3.4756
2021021245,-2.7196,-3.016
2021021246,-2.6085,-3.3311
2021021247,-3.7349,-3.8169
2021021248,-3.4125,-3.1796
2021021249,-4.3456,-3.1152
2021021250,-3.8483,-3.3617
2021021251,-3.2232,-2.6081
2021021252,-2.3197,-2.7487
2021021253,-2.2405,-3.4012
2021021254,-3.4956,-3.5357
2021021255,-3.7013,-3.5718
2021021256,-3.8965,-2.2747
2021021257,-3.2454,-2.3474
2021021258,-3.9937,-3.7721
2021021259,-2.9534,-4.2958
2021020471,-4.4352,-2.8268
2021021260,-2.3534,-1.5941
2021021261,-3.217,-3.0142
2021021262,-3.3582,-3.565
2021021264,-4.8237,-2.6657
2021021265,-4.3028,-3.386
2021021266,-4.4901,-2.8113
2021021267,-3.4176,-1.5769
2021021268,-4.2614,-3.5292
2021021269,-3.5502,-2.8784
2021021270,-4.161,-2.4125
2021021271,-4.335,-4.0199
2021020829,-3.6257,-3.0056
2021021272,-3.5218,-2.1931
2021021274,-2.7643,-3.5484
2021021276,-2.6453,-3.2292
2021021277,-3.4488,-3.7262
2021021278,-3.3907,-3.6599
2021021279,-3.626,-3.7109
2021021280,-2.3945,-3.3579
2021021281,-3.3568,-2.8622
2021021282,-3.1671,-3.3221
2021021283,-3.9199,-2.8386
2021021284,-3.2565,-4.0538
2021021285,-3.4305,-3.9696
2021020505,-3.7424,-3.5739
2021021286,-3.4729,-2.9232
2021021287,-3.4621,-3.2307
2021021288,-3.5791,-4.9465
2021021289,-4.2506,-2.8274
2021020513,-3.5914,-3.7636
2021021290,-3.0362,-4.0512
2021021291,-2.5145,-3.8959
2021021294,-3.8355,-3.9071
2021021295,-3.3701,-3.5817
2021021296,-3.7874,-2.1663
2021021297,-3.832,-3.4434
2021021305,-2.9976,-2.7817
2021021310,-3.1231,-3.46
2021021169,-3.5407,-2.4267
2021021207,-3.5735,-2.9172
2021021292,-3.4923,-2.6979
2021021298,-4.1219,-2.7011
2021021299,-2.4138,-2.373
2021021300,-3.778,-3.4652
2021021301,-3.6247,-3.6169
2021021302,-3.5724,-3.3968
2021021303,-5.703,-2.4624
2021021306,-3.4007,-3.3385
2021021307,-3.2193,-3.9072
2021021308,-3.0217,-3.5657
2021021309,-3.0556,-4.179
2021021311,-3.4486,-2.616
2021021312,-3.2075,-3.4054
2021021179,-2.5765,-3.1036
2021030121,-3.2421,-3.6153
2021030131,-3.7782,-2.9117
2021030161,-2.8541,-3.3233
2021030181,-2.8277,-3.4792
2021030111,-2.9913,-4.4456
2021030141,-3.3073,-3.3809
2021030151,-3.8931,-3.0025
2021030171,-4.4174,-2.679
2021030122,-2.5171,-4.2976
2021030132,-3.3092,-3.4477
2021030162,-2.8899,-3.7294
2021030182,-2.728,-4.0053
2021030112,-3.7986,-3.5898
2021030142,-3.778,-3.4832
2021030152,-3.6415,-3.1069
2021030172,-3.9122,-3.2486
2021030123,-3.8662,-3.1895
2021030133,-4.2768,-2.7421
2021030163,-4.2127,-2.7863
2021030183,-3.7523,-2.8971
2021030113,-3.9007,-3.4946
2021030143,-3.4195,-3.8674
2021030153,-2.9008,-3.228
2021030173,-3.1397,-3.9222
2021030124,-3.2892,-3.8676
2021030134,-3.5616,-3.2707
2021030164,-3.8841,-2.9812
2021030184,-3.358,-3.0971
2021030114,-3.5181,-3.8689
2021030144,-3.3314,-3.9348
2021030154,-3.3793,-3.1761
2021030174,-3.1362,-3.5754
2021030125,-3.8673,-3.2336
2021030135,-3.5309,-3.3107
2021030165,-3.8022,-2.5236
2021030185,-3.5004,-3.0689
2021030115,-3.8263,-3.4009
2021030145,-3.9801,-2.8001
2021030175,-3.3452,-2.8941
2021030126,-3.5307,-3.6828
2021030136,-3.8092,-2.8368
2021030166,-2.8037,-3.0757
2021030186,-3.1935,-3.1717
2021030116,-3.5284,-3.4008
2021030146,-3.2147,-4.0445
2021030176,-3.0588,-3.2296
2021030127,-3.329,-3.8064
2021030137,-3.7289,-3.0823
2021030187,-2.6629,-3.2588
2021030147,-3.7679,-3.6349
2021030177,-4.2712,-3.2238
2021030211,-3.9693,-3.3071
2021030231,-3.1685,-2.4855
2021030221,-3.4193,-3.6028
2021030241,-3.9484,-2.4269
2021030212,-3.6466,-3.6053
2021030232,-3.0384,-2.6166
2021030222,-3.2876,-3.722
2021030242,-3.4159,-3.7116
2021030233,-2.2141,-3.4397
2021030213,-3.8418,-3.3594
2021030223,-3.9672,-3.0418
2021030243,-2.9791,-4.212
2021030214,-3.0447,-4.0812
2021030234,-2.4262,-3.0876
2021030224,-3.8042,-3.277
2021030244,-2.9185,-3.4361
2021030235,-2.8172,-2.5312
2021030225,-3.6027,-3.5266
2021030245,-3.6706,-2.7314
2021030236,-2.7546,-2.8761
2021030226,-3.6657,-3.4276
2021030227,-3.3005,-3.8691
2021030321,-2.919,-3.4293
2021030311,-3.954,-2.8988
2021030322,-2.6886,-3.406
2021030312,-3.7297,-3.124
2021030323,-2.772,-2.2964
2021030313,-3.2515,-3.799
2021030324,-1.7048,-3.5174
2021030314,-2.8392,-4.1608
2021030315,-3.9687,-2.811
2021030316,-2.9337,-3.8645
2021030411,-3.015,-3.049
2021030412,-3.2035,-2.9533
2021030413,-2.9827,-2.6849
2021030414,-2.6372,-3.1586
2021030415,-3.3426,-2.4737
2021030416,-2.9458,-2.9433
2022020001,-2.1244,-2.5437
2022020002,-3.4571,-1.3691
2022020003,-2.9614,-2.4408
2022020004,-2.4992,-2.1737
2022020005,-2.1323,-2.4094
2022020006,-2.1548,-2.0562
2022020007,-3.6745,-2.0685
2022020008,-1.3698,-2.5636
2022020009,-2.117,-2.2459
2022020010,-1.7012,-1.6525
2022020011,-2.3547,-2.4276
2022020012,-2.4469,-1.565
2022020013,-2.1222,-2.4611
2022020014,-2.2095,-3.2116
2022020015,-2.5695,-1.9293
2022020016,-2.3922,-2.632
2022020017,-2.6384,-2.2494
2022020018,-2.34,-1.5661
2022020019,-2.2535,-2.1444
2022020020,-2.6497,-2.9448
2022020021,-1.5709,-3.35
2022020022,-2.63,-3.228
2022020023,-1.5118,-2.95
2022020024,-2.5905,-2.4141
2022020025,-2.1069,-3.3778
2022020026,-1.901,-2.6784
2022020027,-2.5473,-3.2973
2022020028,-1.7216,-1.4541
2022020029,-3.0682,-4.5029
2022020030,-1.58,-2.5589
2022020031,-1.5119,-2.9681
2022020032,-2.1589,-1.747
2022020033,-1.7537,-1.8314
2022020034,-1.5818,-2.4947
2022020035,-2.5467,-2.521
2022020036,-1.1711,-2.0822
2022020037,-3.1332,-1.747
2022020038,-2.2378,-2.7971
2022020039,-3.4567,-1.9192
2022020040,-2.0602,-3.3019
2022020041,-2.8558,-3.3107
2022020042,-5.1003,-1.4166
2022020043,-2.5146,-3.1393
2022020044,-2.0956,-2.9897
2022020045,-1.4299,-1.9018
2022020046,-1.947,-1.1559
2022020047,-2.3369,-2.8443
2022020048,-0.9492,-2.6208
2022020049,-2.0916,-2.0172
2022020050,-2.3186,-2.3418
2022020051,-2.121,-2.1235
2022020052,-3.0506,-3.0726
2022020053,-3.2689,-2.1559
2022020054,-0.8763,-2.5501
2022020055,-2.478,-2.1892
2022020056,-3.5793,-2.5772
2022020057,-2.0548,-1.8147
2022020058,-2.3255,-1.5816
2022020059,-3.0966,-2.4449
2022020060,-3.9261,-3.2683
2022020061,-2.2226,-1.3007
2022020062,-2.5864,-3.7208
2022020063,-1.7951,-2.5219
2022020064,-3.0187,-2.372
2022020065,-1.2739,-2.2937
2022020066,-2.013,-0.9622
2022020067,-1.7157,-3.4278
2022020068,-2.0843,-2.6469
2022020069,-1.132,-2.9406
2022020070,-3.0821,-1.8039
2022020071,-3.2132,-2.6547
2022020072,-2.4132,-1.9701
2022020073,-2.052,-2.3067
2022020074,-2.8422,-1.9173
2022020075,-1.3675,-2.7546
2022020076,-1.1748,-3.4204
2022020077,-1.4803,-1.3821
2022020078,-3.9512,-1.9397
2022020079,-2.4994,-3.6182
2022020080,-3.3378,-1.3261
2022020081,-1.8462,-2.116
2022020082,-2.5684,-1.5472
2022020083,-2.5844,-3.4711
2022020084,-3.3855,-2.6785
2022020085,-1.9709,-2.6243
2022020086,-2.4129,-2.043
2022020087,-2.4282,-2.3137
2022020088,-2.308,-2.8756
2022020089,-2.9322,-1.9919
2022020090,-2.8122,-2.4645
2022020091,-3.392,-2.5563
2022020092,-1.1365,-1.6805
2022020093,-1.2297,-2.6989
2022020094,-1.5767,-2.3263
2022020095,-2.0113,-1.5763
2022020096,-2.5361,-1.9183
2022020097,-3.3091,-2.477
2022020098,-2.1056,-3.658
2022020099,-2.5252,-1.8123
2022020100,-2.3136,-1.4278
2022020101,-4.2593,-2.4992
2022020102,-1.9831,-1.3121
2022020103,-1.9063,-2.0591
2022020104,-2.4309,-2.1111
2022020105,-2.5776,-2.5187
2022020106,-3.1659,-1.9515
2022020107,-2.1621,-1.7225
2022020108,-3.383,-2.7311
2022020109,-2.0301,-1.4505
2022020110,-3.5978,-2.6775
2022020111,-2.3045,-1.4668
2022020112,-3.1648,-2.1296
2022020113,-1.3874,-2.1946
2022020114,-3.2443,-4.3686
2022020115,-2.5977,-2.2453
2022020116,-1.5104,-1.7075
2022020117,-1.6999,-2.6972
2022020118,-2.0366,-2.5748
2022020119,-2.1742,-2.8885
2022020120,-2.9053,-1.7637
2022020121,-1.6169,-2.5507
2022020122,-2.5795,-1.3585
2022020123,-1.7334,-1.493
2022020124,-2.9807,-2.7342
2022020125,-2.2125,-2.9193
2022020126,-3.3884,-2.1026
2022020127,-1.6341,-3.3851
2022020128,-2.9325,-1.2007
2022020129,-2.6581,-3.3814
2022020130,-2.4093,-3.0283
2022020131,-3.2635,-0.2984
2022020132,-2.1733,-2.3828
2022020133,-2.4526,-4.6249
2022020134,-2.7181,-3.0523
2022020135,-2.6654,-2.1728
2022020136,-2.3013,-2.6489
2022020137,-1.9323,-2.8019
2022020138,-2.7669,-3.3463
2022020139,-1.245,-1.8677
2022020140,-1.4316,-2.6329
2022020141,-3.0762,-3.179
2022020142,-2.7228,-2.9029
2022020143,-1.5751,-2.5318
2022020144,-2.4003,-2.1121
2022020145,-4.4124,-2.2459
2022020146,-2.2851,-2.837
2022020147,-2.9545,-1.8563
2022020148,-3.3018,-1.6969
2022020149,-3.5197,-1.3323
2022020150,-3.2506,-1.4797
2022020151,-1.9024,-4.6655
2022020152,-1.9627,-2.1307
2022020153,-2.1187,-2.854
2022020154,-2.3698,-2.5356
2022020155,-2.4952,-2.6784
2022020156,-2.3217,-2.2477
2022020157,-1.4799,-0.8176
2022020158,-2.7247,-3.1462
2022020159,-2.3955,-2.4238
2022020160,-2.4149,-2.8614
2022020161,-2.7437,-2.5577
2022020162,-2.912,-3.307
2022020163,-2.3747,-1.9361
2022020164,-2.2133,-2.8047
2022020165,-2.6845,-4.7268
2022020166,-2.193,-2.442
2022020167,-1.1164,-2.3904
2022020168,-1.9952,-3.028
2022020169,-3.0476,-2.8164
2022020170,-2.2643,-1.348
2022020171,-0.7846,-3.2876
2022020172,-1.9908,-2.1636
2022020173,-2.58,-2.7708
2022020174,-3.7066,-2.6619
2022020175,-2.4685,-2.226
2022020176,-2.8125,-2.2207
2022020177,-1.7009,-2.3248
2022020178,-3.0527,-1.8945
2022020179,-2.2001,-2.7084
2022020180,-2.4758,-3.056
2022020181,-2.1407,-2.4225
2022020182,-2.1749,-2.8547
2022020183,-2.5377,-2.5498
2022020184,-4.3376,-2.0484
2022020185,-2.595,-2.1256
2022020186,-1.054,-2.6738
2022020187,-3.4713,-2.0362
2022020188,-1.9721,-3.1237
2022020189,-2.8286,-3.1093
2022020190,-2.9715,-1.9641
2022020191,-3.1434,-2.2512
2022020192,-2.8125,-2.9704
2022020193,-2.4927,-3.7871
2022020194,-2.6973,-2.3095
2022020195,-2.5618,-2.2083
2022020196,-3.1618,-2.7424
2022020197,-2.0483,-3.542
2022020198,-2.6318,-2.6235
2022020199,-2.7863,-2.7554
2022020200,-2.3988,-1.7643
2022020201,-2.5363,-2.5798
2022020202,-2.3659,-2.0199
2022020203,-2.306,-3.6534
2022020204,-2.1007,-1.7647
2022020205,-2.7336,-2.4836
2022020206,-2.8248,-1.5364
2022020207,-2.9985,-2.99
2022020208,-2.5215,-2.4684
2022020209,-4.0413,-2.1805
2022020210,-2.642,-2.3118
2022020211,-2.2789,-3.5832
2022020212,-3.3636,-1.9357
2022020213,-2.0742,-2.2781
2022020214,-2.7097,-2.7677
2022020215,-3.2118,-2.748
2022020216,-3.017,-2.8378
2022020217,-2.1517,-1.726
2022020218,-3.2518,-2.4064
2022020219,-2.3081,-2.4639
2022020220,-1.9555,-3.155
2022020221,-2.385,-2.1262
2022020222,-2.4247,-2.462
2022020223,-1.7656,-2.6325
2022020224,-3.2725,-2.001
2022020225,-2.6179,-2.9156
2022020226,-3.1523,-2.8093
2022020227,-1.6215,-2.3181
2022020228,-2.9549,-2.1104
2022020229,-3.9533,-2.3695
2022020230,-2.5674,-2.1974
2022020231,-3.4276,-3.519
2022020232,-2.5245,-2.2539
2022020233,-2.1301,-2.6464
2022020234,-3.3609,-3.0638
2022020235,-2.8603,-3.1274
2022020236,-3.2558,-2.018
2022020237,-1.8731,-2.0569
2022020238,-2.2379,-1.9289
2022020239,-2.6006,-2.693
2022020240,-2.1932,-2.4564
2022020241,-2.28,-2.5443
2022020242,-3.2414,-1.4602
2022020243,-3.1728,-1.8916
2022020244,-3.3776,-3.1201
2022020245,-2.8974,-3.1967
2022020246,-3.5692,-1.5326
2022020247,-1.8579,-3.2022
2022020248,-2.4092,-2.3368
2022020249,-3.8919,-1.5581
2022020250,-3.1339,-1.933
2022020251,-2.159,-2.4135
2022020252,-2.641,-2.8628
2022020253,-3.0038,-2.2832
2022020254,-2.0873,-1.4706
2022020255,-3.4358,-2.471
2022020256,-2.9496,-3.2099
2022020257,-3.1824,-2.8235
2022020258,-2.4429,-3.1417
2022020259,-2.7269,-2.4613
2022020260,-2.4584,-2.5731
2022020261,-3.624,-2.5033
2022020262,-2.3932,-2.3475
2022020263,-2.7588,-3.433
2022020264,-2.3375,-2.0286
2022020265,-1.9638,-2.5275
2022020266,-2.7777,-3.4412
2022020267,-1.5535,-3.2211
2022020268,-2.2861,-2.6143
2022020269,-3.0715,-2.9431
2022020270,-2.8836,-2.8854
2022020271,-2.7844,-2.1442
2022020272,-3.3062,-2.451
2022020273,-2.6352,-2.6957
2022020274,-2.7277,-1.8099
2022020275,-2.5504,-3.4604
2022020276,-2.6001,-3.0379
2022020277,-1.9499,-2.7208
2022020278,-3.0728,-3.0626
2022020279,-2.261,-2.6775
2022020280,-3.3311,-2.3447
2022020281,-2.2675,-2.9085
2022020282,-3.0038,-3.8347
2022020283,-1.53,-3.1021
2022020284,-2.0845,-2.5841
2022020285,-2.4844,-1.4689
2022020286,-2.3159,-2.6127
2022020287,-2.5061,-2.9148
2022020288,-3.0906,-2.894
2022020289,-2.3024,-2.4172
2022020290,-2.7735,-2.7954
2022020291,-1.314,-1.6245
2022020292,-2.5354,-3.3017
2022020293,-2.1917,-1.9003
2022020294,-2.5018,-3.1302
2022020295,-2.0413,-3.0314
2022020296,-2.3499,-4.1103
2022020297,-2.0999,-2.7954
2022020298,-1.9492,-2.9882
2022020299,-2.3929,-2.1998
2022020300,-2.7351,-3.2523
2022020301,-2.7937,-3.6623
2022020302,-2.3605,-3.4247
2022020303,-3.4533,-3.3022
2022020304,-2.3289,-2.0721
2022020305,-2.691,-3.144
2022020306,-2.4517,-3.3205
2022020307,-3.4246,-2.4535
2022020308,-1.8509,-2.2142
2022020309,-2.4068,-2.186
2022020310,-2.9005,-2.7469
2022020311,-2.5803,-1.7772
2022020312,-3.3673,-2.6403
2022020313,-2.1714,-2.5179
2022020314,-3.6057,-2.9898
2022020315,-3.1733,-2.9375
2022020316,-2.0747,-1.764
2022020317,-2.8043,-3.1863
2022020318,-2.3074,-3.4284
2022020319,-2.9744,-3.6426
2022020321,-2.6485,-3.3021
2022020322,-2.7997,-2.793
2022020323,-2.8984,-3.2219
2022020324,-3.0623,-2.5385
2022020325,-2.2237,-3.53
2022020326,-2.3573,-2.7886
2022020327,-3.3899,-1.5708
2022020328,-1.9572,-2.9597
2022020329,-2.9739,-1.683
2022020330,-2.0142,-1.7483
2022020331,-2.3337,-2.6793
2022020332,-3.0146,-3.0568
2022020333,-3.8538,-3.7513
2022020334,-1.9463,-3.1456
2022020335,-2.7844,-2.8696
2022020336,-1.9409,-2.7499
2022020337,-3.1948,-2.9131
2022020339,-2.6153,-1.6291
2022020340,-2.4328,-3.0986
2022020341,-2.2543,-3.6245
2022020342,-2.8382,-1.9416
2022020343,-2.2751,-2.249
2022020344,-2.8989,-2.8088
2022020345,-2.4453,-3.7223
2022020346,-3.4849,-2.0463
2022020347,-3.0046,-1.635
2022020348,-2.285,-3.2435
2022020349,-1.8292,-2.632
2022020350,-2.6408,-2.4438
2022020351,-2.856,-2.39
2022020352,-2.2006,-3.5364
2022020353,-2.7423,-2.9002
2022020354,-3.3204,-2.9252
2022020355,-1.5215,-2.3437
2022020356,-2.3436,-2.5374
2022020357,-2.6047,-1.6871
2022020358,-4.0956,-2.9781
2022020359,-2.5811,-2.6081
2022020360,-2.5611,-2.5288
2022020361,-2.5897,-2.9482
2022020362,-3.8552,-2.7256
2022020363,-2.952,-3.5955
2022020364,-2.2785,-2.0731
2022020365,-3.1377,-2.2759
2022020366,-2.2533,-2.2295
2022020367,-2.5804,-2.1285
2022020368,-2.4424,-2.7602
2022020369,-2.5392,-3.3214
2022020370,-2.98,-2.6396
2022020371,-2.6355,-2.1547
2022020372,-3.5485,-2.7111
2022020373,-2.6306,-3.6535
2022020374,-2.7736,-2.3961
2022020375,-2.1801,-3.1183
2022020376,-2.963,-2.876
2022020377,-3.7845,-2.5843
2022020378,-2.2388,-2.0382
2022020379,-2.5251,-2.6942
2022020380,-1.361,-3.1738
2022020381,-3.1336,-3.4158
2022020382,-2.2716,-2.4113
2022020383,-3.1992,-3.4542
2022020384,-2.4496,-3.3512
2022020385,-2.8556,-2.9999
2022020386,-2.1619,-3.1797
2022020387,-2.9526,-1.8129
2022020388,-3.3014,-2.4837
2022020389,-2.8583,-2.8181
2022020390,-2.8433,-2.6385
2022020391,-2.3793,-3.0183
2022020392,-1.8555,-2.7018
2022020393,-2.0283,-2.3289
2022020394,-2.4338,-2.3147
2022020395,-2.3966,-3.8075
2022020396,-3.4403,-2.4233
2022020397,-2.2196,-2.5491
2022020398,-2.351,-3.4293
2022020399,-1.6241,-2.7848
2022020400,-2.3913,-3.0137
2022020401,-2.5244,-2.79
2022020402,-2.9574,-4.2896
2022020403,-2.4779,-2.6848
2022020404,-2.4012,-2.2231
2022020405,-2.5165,-2.6748
2022020406,-3.2914,-2.3061
2022020407,-3.3548,-3.0698
2022020408,-1.5882,-2.5563
2022020409,-2.1454,-3.1633
2022020410,-3.1935,-3.2939
2022020411,-2.6164,-4.2246
2022020412,-2.5172,-2.678
2022020413,-2.6577,-3.0897
2022020414,-3.115,-2.5882
2022020415,-1.8511,-1.719
2022020416,-2.7338,-3.007
2022020417,-2.8869,-2.5989
2022020418,-3.3107,-2.8405
2022020419,-2.8973,-2.9589
2022020420,-3.3493,-2.7049
2022020421,-2.7854,-3.1088
2022020422,-3.0092,-0.7598
2022020423,-2.0172,-2.8922
2022020424,-2.1461,-2.2665
2022020425,-2.3533,-3.9162
2022020426,-3.1731,-2.2443
2022020427,-2.9374,-3.0189
2022020428,-2.8772,-1.2649
2022020429,-2.5335,-2.6666
2022020430,-2.0251,-3.3042
2022020431,-3.4837,-1.786
2022020432,-2.4805,-2.9101
2022020433,-3.5872,-3.0726
2022020434,-3.0724,-3.3813
2022020435,-1.4919,-3.4326
2022020436,-2.7869,-2.5709
2022020437,-3.1944,-2.7111
2022020438,-2.3366,-2.4157
2022020439,-4.5035,-3.6472
2022020440,-4.1026,-3.4042
2022020441,-3.2982,-3.6203
2022020442,-2.8026,-2.4402
2022020443,-1.6382,-3.7667
2022020444,-3.1931,-4.1977
2022020445,-2.2834,-2.6476
2022020446,-1.6922,-2.5658
2022020447,-2.2992,-2.8763
2022020448,-4.1197,-2.971
2022020449,-2.3763,-1.6709
2022020450,-3.201,-2.1599
2022020451,-3.7768,-3.5168
2022020452,-3.7678,-1.9304
2022020453,-2.9053,-3.2029
2022020454,-2.1967,-2.9942
2022020455,-3.5455,-2.0832
2022020456,-2.5146,-1.8758
2022020457,-3.5734,-3.2057
2022020458,-2.7004,-3.6925
2022020459,-1.6558,-3.6373
2022020460,-3.3229,-3.8155
2022020461,-3.4512,-2.8635
2022020462,-1.3055,-2.7852
2022020463,-2.66,-2.5048
2022020464,-2.41,-2.5318
2022020465,-2.8963,-2.1817
2022020466,-3.2916,-3.0951
2022020467,-2.8682,-4.0668
2022020468,-4.3104,-2.7825
2022020469,-3.9382,-2.8573
2022020470,-1.9521,-2.9288
2022020471,-2.7367,-1.8228
2022020472,-2.3904,-3.2598
2022020473,-2.057,-2.5876
2022020474,-2.2154,-2.2274
2022020475,-3.579,-3.544
2022020476,-3.1148,-2.4528
2022020477,-1.299,-3.5447
2022020478,-2.2579,-2.8382
2022020479,-2.6305,-3.7989
2022020480,-2.736,-2.7869
2022020481,-2.7921,-2.1292
2022020482,-4.2503,-3.0946
2022020483,-2.8983,-3.9538
2022020484,-2.5478,-3.1094
2022020485,-3.686,-2.8736
2022020486,-2.5316,-3.3022
2022020487,-3.1155,-2.5464
2022020488,-2.09,-2.4657
2022020489,-2.4399,-2.9732
2022020490,-3.5741,-2.0192
2022020491,-2.1394,-2.8668
2022020492,-2.659,-4.2217
2022020493,-2.4193,-2.9524
2022020494,-2.6752,-4.0457
2022020495,-2.432,-1.8906
2022020496,-3.6355,-2.3942
2022020497,-2.4804,-3.3788
2022020498,-2.7553,-2.3714
2022020499,-2.6257,-3.0
2022020500,-3.5461,-2.3192
2022020501,-3.0664,-4.1123
2022020502,-3.0325,-2.7555
2022020503,-2.1371,-3.2045
2022020504,-2.5937,-2.3587
2022020505,-2.716,-2.3791
2022020506,-1.7944,-3.8339
2022020507,-2.8217,-4.0117
2022020508,-2.5079,-3.7012
2022020509,-2.9425,-3.1001
2022020510,-3.2996,-2.8932
2022020511,-2.5218,-2.7916
2022020512,-2.6088,-2.3843
2022020513,-2.8041,-2.048
2022020514,-3.0009,-3.4693
2022020515,-3.0786,-2.9274
2022020516,-2.8326,-3.0487
2022020517,-3.1614,-3.8033
2022020518,-2.438,-3.1418
2022020519,-2.841,-3.1525
2022020520,-2.016,-4.1377
2022020521,-3.4047,-2.5566
2022020522,-2.7089,-2.0098
2022020523,-2.6252,-2.1256
2022020524,-3.6697,-2.4945
2022020525,-1.7337,-3.1524
2022020526,-2.2949,-2.6827
2022020527,-2.7908,-3.569
2022020528,-3.4544,-2.5387
2022020529,-2.5686,-3.242
2022020530,-2.9707,-3.1077
2022020531,-2.1676,-4.0797
2022020532,-2.6859,-3.0198
2022020533,-3.4058,-2.4354
2022020535,-2.4173,-3.0174
2022020537,-2.7776,-2.9116
2022020538,-3.4336,-2.1266
2022020539,-2.6365,-2.1599
2022020540,-3.1894,-2.7281
2022020541,-2.2594,-3.5318
2022020542,-2.4953,-2.154
2022020543,-2.1501,-2.565
2022020544,-2.6814,-3.7169
2022020545,-2.5376,-3.0795
2022020546,-3.1632,-2.8065
2022020548,-2.8762,-2.327
2022020549,-2.766,-2.7922
2022020550,-3.4344,-2.2258
2022020551,-1.9404,-2.014
2022020552,-3.0702,-3.6299
2022020553,-3.0255,-2.0506
2022020554,-1.6819,-2.9553
2022020555,-4.0658,-2.1883
2022020556,-2.5549,-2.8261
2022020557,-2.6055,-2.4692
2022020558,-3.2176,-3.4933
2022020559,-3.3611,-4.0014
2022020560,-3.1497,-2.6747
2022020561,-3.5632,-3.3407
2022020562,-2.9307,-2.7193
2022020563,-4.003,-2.7879
2022020564,-2.3847,-5.0185
2022020565,-2.8041,-2.433
2022020566,-3.0703,-3.1315
2022020567,-2.8436,-3.5122
2022020568,-2.6204,-2.748
2022020569,-3.2092,-2.3463
2022020570,-3.4289,-2.3727
2022020571,-2.3503,-2.451
2022020572,-2.2202,-2.382
2022020573,-3.2546,-2.4879
2022020574,-2.7165,-1.9414
2022020575,-2.6063,-2.2158
2022020576,-3.2716,-3.3748
2022020577,-3.2705,-2.6371
2022020578,-3.3984,-3.564
2022020579,-3.0325,-2.1782
2022020580,-2.3079,-4.7801
2022020581,-2.8036,-2.8826
2022020582,-2.4674,-1.6895
2022020583,-3.3571,-2.9141
2022020584,-3.2647,-2.7237
2022020585,-2.2213,-2.8098
2022020586,-2.595,-2.8811
2022020587,-3.6933,-2.9972
2022020588,-2.9283,-2.7057
2022020589,-2.5615,-3.3348
2022020590,-3.4267,-2.1285
2022020591,-2.9305,-3.1294
2022020592,-3.1866,-4.3234
2022020593,-4.4369,-3.1104
2022020594,-3.3186,-3.2829
2022020595,-2.5052,-2.4298
2022020596,-2.0724,-2.9684
2022020597,-1.8437,-3.0724
2022020598,-2.6153,-1.8158
2022020599,-2.5043,-4.0216
2022020600,-3.4247,-2.9737
2022020601,-3.2678,-2.5779
2022020602,-2.7226,-2.5142
2022020603,-2.9735,-3.3161
2022020604,-2.4976,-4.4214
2022020605,-3.9601,-2.4012
2022020606,-2.5236,-3.3513
2022020607,-3.1041,-3.1877
2022020608,-2.5082,-2.355
2022020609,-2.8226,-2.573
2022020610,-3.0649,-2.3066
2022020611,-2.2699,-2.9702
2022020612,-3.3642,-1.7617
2022020613,-4.3839,-3.064
2022020614,-3.2446,-2.4326
2022020615,-2.6849,-2.6868
2022020616,-2.913,-2.5294
2022020617,-2.893,-3.2337
2022020618,-2.683,-3.1963
2022020619,-3.1417,-2.3988
2022020620,-2.9481,-2.7211
2022020621,-1.8219,-2.0993
2022020622,-2.8449,-2.1971
2022020623,-2.7163,-2.7029
2022020624,-3.3383,-2.9664
2022020625,-3.725,-2.3978
2022020626,-3.3286,-3.6952
2022020627,-2.5498,-2.913
2022020628,-2.8069,-3.6847
2022020629,-3.0914,-3.5228
2022020630,-2.1374,-2.4971
2022020631,-4.0846,-2.6083
2022020632,-2.735,-3.2596
2022020633,-3.7704,-3.0687
2022020634,-1.9264,-3.4503
2022020635,-3.2296,-2.0884
2022020636,-2.3941,-1.6638
2022020637,-2.9211,-2.6056
2022020638,-2.45,-2.3864
2022020639,-3.2362,-2.7981
2022020640,-3.5446,-3.3673
2022020641,-2.5692,-2.8285
2022020642,-2.7885,-4.115
2022020643,-2.7515,-2.5055
2022020644,-2.7124,-2.0696
2022020645,-2.7649,-1.889
2022020646,-3.5069,-3.3829
2022020647,-1.9762,-2.7812
2022020990,-3.4449,-2.9412
2022020648,-3.7391,-3.079
2022020649,-3.3053,-3.5901
2022020650,-3.867,-3.0947
2022020651,-2.9188,-3.2464
2022020652,-3.6021,-2.5596
2022020653,-3.8949,-2.5588
2022020654,-3.0155,-2.4407
2022020655,-4.0211,-3.7302
2022020656,-3.0199,-3.1217
2022020657,-1.8482,-2.0188
2022020658,-2.1237,-2.5515
2022020659,-3.6211,-3.4469
2022020660,-2.5324,-2.8969
2022020661,-1.9566,-2.0981
2022020662,-2.539,-3.5367
2022020663,-2.9721,-2.8994
2022020664,-3.0759,-2.1732
2022020665,-2.5094,-3.2068
2022020666,-2.6959,-2.4956
2022020667,-3.4879,-2.8344
2022020668,-2.7121,-2.5127
2022020669,-3.5492,-3.8561
2022020670,-3.7138,-4.0897
2022020671,-3.4177,-2.6981
2022020672,-1.8855,-2.1567
2022020673,-2.9875,-3.5345
2022020674,-3.4918,-2.699
2022020675,-2.8299,-3.216
2022020676,-2.5042,-2.3935
2022020677,-2.9105,-3.7471
2022020678,-2.1912,-2.1331
2022020679,-3.8789,-3.4596
2022020680,-2.5295,-2.0771
2022020681,-3.5344,-3.0966
2022020682,-3.6853,-3.3002
2022020683,-2.7933,-3.3414
2022020684,-3.4406,-3.7611
2022020685,-3.5471,-1.9956
2022020686,-2.4308,-2.427
2022020687,-3.5929,-2.9624
2022020688,-3.6387,-2.886
2022020689,-3.1272,-2.7001
2022020690,-1.885,-3.0833
2022020691,-2.8451,-4.2892
2022020692,-3.0387,-4.063
2022020693,-2.5691,-2.1812
2022020694,-2.1904,-3.0116
2022020695,-2.9371,-3.2336
2022020696,-1.9796,-2.3719
2022020697,-2.3632,-3.0228
2022020698,-3.2167,-2.74
2022020699,-3.1968,-2.9083
2022020700,-3.5565,-2.9871
2022020701,-1.7073,-3.0469
2022020702,-3.7327,-3.5288
2022020703,-1.9249,-3.7678
2022020704,-3.5845,-3.0969
2022020338,-2.339,-2.3788
2022020705,-3.7825,-3.2395
2022020706,-3.099,-2.9932
2022020707,-3.8435,-3.3431
2022020708,-3.3422,-2.421
2022020709,-3.4097,-2.0947
2022020710,-2.4262,-2.8332
2022020711,-2.5146,-3.1788
2022020712,-2.9105,-3.0884
2022020713,-3.286,-2.5964
2022020714,-3.3411,-2.1987
2022020715,-3.3861,-2.9614
2022020716,-1.9958,-3.0088
2022020717,-2.765,-3.8567
2022020718,-2.6126,-2.8501
2022020719,-3.2155,-3.0754
2022020720,-3.1082,-3.1097
2022020721,-3.7728,-4.1716
2022020722,-2.4047,-2.9869
2022020723,-2.8595,-2.9157
2022020724,-3.5406,-1.9885
2022020725,-2.3927,-3.1193
2022020726,-1.8401,-3.3628
2022020727,-3.1884,-3.2576
2022020728,-3.5867,-3.2575
2022020729,-1.8614,-3.0944
2022020730,-2.9412,-2.5279
2022020731,-2.8282,-2.7967
2022020732,-2.5164,-3.3041
2022020733,-2.6635,-2.8518
2022020734,-3.6764,-3.9465
2022020735,-2.6532,-2.8206
2022020736,-2.7846,-1.8035
2022020737,-2.2856,-2.7998
2022020738,-2.7861,-3.1038
2022020739,-3.1692,-4.2643
2022020740,-3.2689,-2.0077
2022020741,-3.1141,-3.6477
2022020742,-2.4347,-1.7403
2022020743,-3.3294,-3.6894
2022020744,-2.3119,-2.8134
2022020745,-3.6031,-3.1361
2022020746,-3.2732,-2.5513
2022020747,-3.3284,-2.3243
2022020748,-3.1475,-2.4092
2022020749,-2.7152,-3.2931
2022020750,-2.1634,-3.2597
2022020751,-2.4977,-3.6744
2022020752,-2.8454,-3.3539
2022020753,-3.2456,-2.3817
2022020754,-2.4676,-2.4358
2022020755,-1.8762,-2.3971
2022020756,-2.6207,-3.9228
2022020757,-2.6848,-2.0637
2022020758,-3.1354,-4.1472
2022020759,-3.1998,-3.6584
2022020760,-2.753,-3.0397
2022020761,-3.205,-2.776
2022020762,-1.7038,-3.2512
2022020763,-1.947,-3.9828
2022020764,-3.5126,-3.1781
2022020765,-2.5942,-3.2941
2022020766,-2.5294,-3.6054
2022020767,-2.1864,-2.6473
2022020768,-2.809,-3.9187
2022020769,-2.3536,-2.6494
2022020770,-3.673,-2.3356
2022020771,-3.2423,-1.8771
2022020772,-2.2608,-2.8923
2022020773,-3.4968,-3.0514
2022020774,-2.9209,-3.0849
2022020775,-2.204,-2.822
2022020776,-3.1898,-4.1261
2022020777,-2.782,-3.8266
2022020778,-3.888,-2.8648
2022020779,-2.3418,-3.3344
2022020780,-3.9027,-2.7857
2022020781,-3.4671,-2.0238
2022020782,-1.7937,-2.4279
2022020783,-3.9256,-3.2198
2022020784,-3.2887,-4.0083
2022020785,-3.0014,-3.2086
2022020786,-2.8786,-3.5365
2022020787,-2.8889,-2.4834
2022020788,-2.8372,-3.6597
2022020789,-2.7806,-2.1819
2022020790,-2.9886,-2.7057
2022020791,-2.9781,-2.7193
2022020792,-3.72,-3.2885
2022020793,-3.5867,-3.1829
2022020794,-3.2216,-3.6721
2022020795,-3.1881,-2.9928
2022020796,-3.9655,-1.8199
2022020797,-2.3773,-3.2485
2022020798,-3.3152,-3.4006
2022020799,-3.767,-2.6623
2022020800,-1.5912,-2.9574
2022020801,-3.9634,-3.5179
2022020802,-2.7662,-2.8274
2022020803,-2.9939,-2.5455
2022020804,-3.5616,-3.0707
2022020805,-2.7312,-3.1268
2022020806,-1.5059,-3.7935
2022020807,-3.6343,-3.3961
2022020808,-2.4125,-2.9693
2022020809,-3.8135,-2.6865
2022020810,-3.3924,-2.2109
2022020811,-2.5992,-3.0434
2022020812,-2.8265,-3.0135
2022020813,-3.6806,-3.1062
2022020814,-2.971,-3.6036
2022020815,-3.6806,-2.0855
2022020816,-3.8229,-2.6453
2022020817,-1.7854,-3.3238
2022020818,-3.5653,-3.5675
2022020819,-2.6983,-2.5706
2022020820,-2.1213,-3.7599
2022020821,-2.6332,-3.677
2022020822,-3.7007,-2.6588
2022020823,-2.8217,-3.5104
2022020824,-3.2171,-3.9809
2022020825,-3.0459,-4.0226
2022020826,-2.8668,-3.0383
2022020827,-3.6227,-2.8572
2022020828,-2.5349,-3.9663
2022020829,-3.3689,-2.0234
2022020830,-3.4559,-2.2948
2022020831,-3.6814,-3.3992
2022020832,-2.5279,-2.7979
2022020833,-2.492,-4.6273
2022020834,-3.0585,-2.9631
2022020835,-3.0832,-2.4612
2022020836,-2.9693,-2.235
2022020837,-2.3156,-2.7918
2022020838,-2.9821,-3.2623
2022020839,-2.6229,-3.5942
2022020840,-2.6441,-2.8716
2022020841,-3.025,-2.7784
2022020842,-4.414,-2.4501
2022020843,-2.6538,-3.4699
2022020844,-3.2376,-3.0873
2022020845,-2.5444,-4.0367
2022020846,-2.6183,-3.3998
2022020847,-3.1619,-3.3544
2022020848,-2.9295,-3.7869
2022020849,-3.2836,-3.0171
2022020850,-2.4259,-4.3822
2022020851,-2.6882,-3.279
2022020852,-2.9636,-2.336
2022020853,-3.1577,-2.2777
2022020854,-2.0803,-3.2421
2022020855,-3.0615,-3.1633
2022020856,-2.6635,-3.541
2022020857,-4.0589,-3.5783
2022020858,-2.8467,-2.3824
2022020859,-3.6104,-3.1771
2022020860,-2.7749,-3.2616
2022020861,-2.4292,-3.0224
2022020862,-3.9612,-3.0682
2022020863,-3.2301,-4.2784
2022020864,-2.2603,-3.9935
2022020865,-3.6654,-3.6196
2022020866,-1.9038,-3.1217
2022020867,-3.4528,-2.704
2022020868,-3.4796,-2.7057
2022020869,-2.6398,-2.6831
2022020870,-3.0811,-3.2531
2022020871,-3.3508,-2.418
2022020872,-3.8923,-2.9541
2022020873,-2.676,-3.0208
2022020874,-3.7858,-3.7064
2022020875,-4.1314,-2.8357
2022020876,-3.4328,-3.3548
2022020877,-2.8619,-3.676
2022020878,-3.1363,-4.2375
2022020879,-2.3723,-4.0922
2022020880,-2.2119,-2.3996
2022020881,-3.1023,-2.8342
2022020882,-3.6544,-2.568
2022020883,-3.4981,-3.2607
2022020884,-2.5951,-3.1557
2022020885,-3.4519,-2.4832
2022020886,-3.8205,-3.8595
2022020887,-2.5005,-2.5881
2022020888,-2.0059,-3.2956
2022020889,-2.8367,-3.1873
2022020890,-3.5446,-3.5
2022020891,-2.4786,-2.9302
2022020892,-3.003,-3.685
2022020893,-3.6592,-3.1236
2022020894,-3.6066,-3.5477
2022020895,-2.6318,-3.8632
2022020896,-2.0066,-2.2971
2022020897,-2.7979,-3.3929
2022020898,-3.31,-2.4622
2022020899,-4.2798,-1.9376
2022020900,-3.4389,-3.818
2022020901,-3.7992,-2.7703
2022020902,-3.4495,-2.8402
2022020903,-3.0335,-2.3759
2022020904,-3.777,-3.5719
2022020905,-3.1445,-3.9746
2022020906,-4.0412,-2.4618
2022020907,-3.6272,-3.9783
2022020908,-3.6988,-3.4618
2022020909,-3.4947,-3.3786
2022020910,-3.2872,-3.6001
2022020911,-2.7747,-2.9135
2022020912,-2.86,-2.5702
2022020913,-1.5247,-2.5506
2022020914,-2.9174,-2.6282
2022020915,-3.6065,-2.6323
2022020916,-2.7378,-3.8024
2022020917,-3.0598,-4.2147
2022020918,-1.9245,-3.2415
2022020919,-3.1929,-3.195
2022020920,-3.4856,-4.2275
2022020921,-3.2776,-2.6239
2022020922,-3.3753,-2.5973
2022020923,-3.4225,-2.0425
2022020924,-3.7778,-3.1551
2022020925,-3.5931,-3.151
2022020926,-4.0013,-3.282
2022020927,-3.7599,-2.198
2022020928,-2.7146,-3.6461
2022020929,-3.2491,-2.2667
2022020930,-3.23,-3.4801
2022020931,-2.8762,-3.5504
2022020932,-3.6434,-3.7817
2022020933,-2.5221,-3.028
2022020934,-2.9189,-2.4005
2022020935,-4.0679,-2.6096
2022020936,-3.4419,-2.7511
2022020937,-3.6587,-3.2741
2022020938,-2.077,-3.875
2022020939,-3.4631,-3.0008
2022020940,-4.049,-3.5434
2022020941,-3.0392,-3.6371
2022020942,-3.2077,-2.9537
2022020943,-3.7182,-3.2165
2022020944,-3.1677,-3.7431
2022020945,-2.704,-2.0105
2022020946,-3.0297,-2.2262
2022020947,-3.5883,-3.4528
2022020948,-3.129,-3.1116
2022020949,-3.7683,-2.7679
2022020950,-4.4186,-2.6026
2022020951,-3.5595,-2.9824
2022020952,-3.2246,-1.7416
2022020953,-3.4461,-2.7488
2022020534,-3.3546,-3.1298
2022020954,-3.4076,-3.1109
2022020955,-2.632,-3.3093
2022020956,-2.8902,-2.5451
2022020957,-3.2333,-3.2764
2022020958,-2.9899,-3.1711
2022020959,-2.7691,-3.8676
2022020960,-3.4335,-2.8164
2022020961,-3.1426,-3.4234
2022020962,-2.7583,-3.2318
2022020963,-2.1225,-2.9361
2022020964,-4.3681,-3.1006
2022020965,-4.0241,-3.5199
2022020966,-3.2903,-3.3941
2022020967,-2.5346,-4.2957
2022020968,-3.6135,-3.7833
2022020969,-2.9528,-3.0039
2022020970,-1.857,-3.1783
2022020971,-2.5952,-2.8766
2022020972,-2.9016,-2.648
2022020973,-3.3332,-4.5651
2022020974,-3.6763,-2.4702
2022020975,-3.1136,-2.2913
2022020976,-4.0338,-2.5875
2022020977,-3.528,-2.7116
2022020978,-3.7985,-3.5188
2022020979,-3.8501,-1.702
2022020980,-3.4247,-3.0132
2022020981,-4.4624,-3.4379
2022020982,-3.3473,-3.2187
2022020983,-2.7249,-3.4275
2022020984,-3.6355,-3.5215
2022020985,-2.4148,-3.0349
2022020986,-3.3606,-3.055
2022020987,-3.536,-3.8195
2022020988,-2.7719,-2.8614
2022020536,-3.5085,-3.2457
2022020989,-2.8994,-3.5254
2022020991,-3.1423,-2.9886
2022020992,-3.0552,-3.1841
2022020993,-3.0001,-4.8273
2022020994,-3.4004,-3.3851
2022020995,-3.5363,-2.3801
2022020996,-3.7773,-2.8889
2022020997,-2.5129,-2.7765
2022020998,-2.8956,-2.5241
2022020999,-3.3272,-4.0113
2022021000,-3.1144,-3.6781
2022021001,-3.0935,-2.9077
2022021002,-3.799,-3.8963
2022021003,-2.9103,-4.0954
2022021004,-3.1465,-2.5315
2022021005,-2.67,-3.7038
2022021006,-3.6135,-2.9056
2022021007,-3.2855,-3.2183
2022021008,-2.7708,-3.8994
2022021009,-3.0985,-3.1755
2022021010,-3.4222,-2.2697
2022021011,-2.6569,-4.708
2022021012,-3.629,-2.406
2022021013,-2.7789,-3.6447
2022021014,-3.8285,-3.6312
2022021015,-2.7809,-3.2875
2022021016,-3.0505,-2.993
2022021017,-2.5953,-3.0065
2022021018,-3.8082,-3.8728
2022021019,-2.7147,-3.7605
2022021020,-2.8724,-4.3302
2022021021,-4.2371,-3.1831
2022021022,-4.1791,-2.3914
2022021023,-2.2577,-3.5116
2022021024,-3.3283,-3.812
2022021025,-2.4027,-2.7983
2022021026,-2.8305,-3.6174
2022021027,-2.7493,-2.677
2022021028,-3.3681,-3.2406
2022021029,-5.157,-2.4739
2022021030,-2.7666,-3.7361
2022021031,-3.6704,-3.2133
2022021032,-3.9115,-3.4647
2022021033,-2.5742,-2.5908
2022021034,-3.4245,-2.3602
2022021035,-3.768,-3.6461
2022021036,-2.4395,-3.9205
2022021037,-4.2229,-3.6732
2022021038,-2.835,-2.9965
2022021039,-2.3363,-3.3827
2022021040,-2.8491,-3.9517
2022021041,-2.704,-3.5362
2022021042,-3.548,-3.6008
2022021043,-3.5119,-3.5094
2022021044,-2.7448,-2.8713
2022021045,-4.1749,-3.0636
2022021046,-3.0953,-3.4585
2022021047,-3.0291,-2.4895
2022021048,-3.3003,-4.2453
2022021049,-3.3884,-2.1502
2022021050,-3.4472,-4.2885
2022021051,-4.3775,-3.3554
2022021052,-2.175,-2.2457
2022021053,-3.519,-2.4855
2022021054,-1.8936,-4.1546
2022021055,-3.3473,-3.3745
2022021056,-4.6501,-2.8837
2022021057,-3.7416,-2.471
2022021058,-2.9089,-4.1517
2022021059,-3.6532,-3.6742
2022021060,-4.0562,-2.39
2022021061,-2.985,-2.6832
2022021062,-2.5409,-3.2068
2022021063,-3.3708,-2.2525
2022021064,-2.6548,-2.9565
2022021065,-2.7691,-3.1133
2022021066,-4.3919,-3.3849
2022021067,-3.5197,-3.9764
2022021068,-3.9101,-3.0813
2022021069,-3.1895,-3.0226
2022021070,-3.1092,-3.0174
2022021071,-3.8601,-4.9378
2022021072,-3.4128,-2.7867
2022021073,-3.764,-2.4392
2022021074,-3.637,-3.4708
2022021075,-2.4762,-3.1728
2022021076,-4.156,-2.8656
2022021077,-2.852,-2.8246
2022021078,-4.2326,-4.3165
2022021079,-3.4734,-3.1788
2022021080,-5.3321,-3.1483
2022021081,-2.8918,-3.2419
2022021082,-3.5837,-2.1722
2022021083,-2.4918,-3.7327
2022021084,-3.112,-3.446
2022021085,-3.1526,-2.5854
2022021086,-3.2667,-3.5063
2022021087,-3.8316,-3.6119
2022021088,-3.2763,-2.6851
2022021089,-2.2721,-3.757
2022021090,-3.3269,-2.8333
2022021091,-3.9529,-3.6201
2022021092,-2.4431,-3.7128
2022021093,-4.1533,-3.6991
2022021094,-3.6952,-3.9978
2022021095,-3.7264,-3.7906
2022021096,-4.052,-3.0926
2022021097,-3.2821,-3.399
2022021098,-3.164,-3.2323
2022021099,-3.0742,-3.8225
2022021100,-3.0283,-2.1093
2022021101,-3.5317,-2.6585
2022021102,-4.6725,-2.7215
2022021103,-3.01,-2.6842
2022021104,-3.3662,-3.7607
2022021105,-2.3321,-3.3415
2022021106,-2.9168,-2.3497
2022021107,-2.7046,-3.1391
2022021108,-4.5776,-3.751
2022021109,-3.2645,-3.8564
2022021110,-3.8054,-4.3049
2022021111,-2.5341,-3.2648
2022021112,-3.4459,-2.8172
2022021113,-3.9623,-3.6743
2022021114,-3.4648,-2.4619
2022021115,-3.5401,-4.0025
2022021116,-3.7956,-2.2593
2022021117,-3.7988,-2.9296
2022021118,-3.2686,-2.7108
2022021119,-2.1726,-3.6115
2022021120,-2.4553,-3.709
2022021121,-4.1185,-4.2641
2022021122,-3.0803,-2.7052
2022021123,-2.6893,-3.2843
2022021124,-4.0494,-3.2043
2022021125,-4.0505,-4.1657
2022021126,-3.1818,-3.9723
2022021127,-3.4627,-3.5219
2022021128,-4.3722,-1.8245
2022021129,-3.2568,-2.7869
2022021130,-3.7852,-2.9522
2022021131,-2.8031,-4.3017
2022021132,-3.0621,-3.8386
2022021133,-2.8334,-3.3055
2022021134,-2.3648,-3.0285
2022021135,-3.7778,-4.1513
2022021136,-2.4908,-3.0042
2022021137,-3.7252,-3.1312
2022021138,-3.4097,-2.7813
2022021139,-4.8626,-3.6884
2022021140,-3.7346,-2.6481
2022021141,-3.5474,-2.8777
2022021142,-3.4454,-3.597
2022021143,-3.1369,-3.2171
2022021144,-4.0299,-4.0629
2022021145,-2.9965,-3.0341
2022021146,-2.8737,-2.9171
2022021147,-3.5065,-3.6552
2022021148,-3.6535,-2.7773
2022021149,-3.2206,-3.7338
2022021150,-2.3883,-2.7483
2022021151,-2.89,-4.9186
2022021152,-3.1719,-4.0057
2022021153,-4.2734,-3.3836
2022021154,-2.1194,-2.8094
2022021155,-3.4531,-4.632
2022021156,-3.947,-2.7981
2022021157,-3.8689,-2.9486
2022021158,-3.5364,-3.7368
2022021159,-3.2952,-3.8523
2022021160,-3.5503,-2.653
2022021161,-3.037,-2.721
2022021162,-3.5531,-3.2284
2022021163,-2.2822,-3.9881
2022021164,-3.1203,-3.4381
2022021165,-3.9241,-2.9824
2022021166,-3.5695,-2.3715
2022021167,-3.7226,-3.0099
2022021168,-4.183,-2.9058
2022021169,-2.3943,-3.8095
2022021170,-4.0446,-3.7304
2022021171,-2.9956,-3.3468
2022021172,-3.2897,-3.0196
2022021173,-3.4249,-3.4852
2022021174,-2.9165,-3.6571
2022021175,-3.0478,-2.9748
2022021176,-3.0319,-4.1135
2022021177,-1.9943,-3.3949
2022021178,-2.9428,-3.0433
2022021179,-3.28,-5.2005
2022021180,-2.7466,-3.6336
2022021181,-3.328,-3.5905
2022021182,-3.6548,-2.7366
2022021183,-3.9491,-2.2926
2022021184,-3.0621,-2.9458
2022021185,-3.4164,-3.2444
2022021186,-3.1055,-3.9733
2022021187,-3.2065,-3.3626
2022021188,-3.4942,-2.6638
2022021189,-2.9795,-4.4829
2022021190,-3.7625,-4.1891
2022021191,-3.5125,-2.941
2022021192,-3.8678,-2.9313
2022021193,-4.2744,-2.1663
2022021194,-5.0626,-3.4223
2022021195,-3.131,-3.4842
2022021196,-3.2091,-3.9663
2022021197,-3.2401,-2.7266
2022021198,-3.4707,-3.0104
2022021199,-3.6792,-2.5953
2022021200,-3.0005,-3.0476
2022021201,-3.2445,-2.7957
2022021202,-3.1925,-3.5375
2022021203,-2.6137,-3.5003
2022021204,-3.8113,-3.7707
2022021205,-3.5731,-2.8354
2022021206,-2.7044,-3.1301
2022021207,-4.4579,-3.5062
2022021208,-4.0035,-3.6991
2022021209,-4.2509,-3.1849
2022021210,-3.5401,-2.7311
2022021211,-3.3046,-3.4148
2022021212,-3.1737,-3.6533
2022021213,-3.3262,-3.1242
2022021214,-3.4645,-3.2422
2022021215,-3.0425,-4.1536
2022021216,-2.6235,-2.9236
2022021217,-4.5018,-3.1656
2022021218,-4.4423,-3.4226
2022021219,-4.2571,-4.1108
2022021220,-4.1793,-3.8407
2022021221,-3.036,-3.3993
2022021222,-3.3039,-3.3927
2022021223,-3.1656,-3.1979
2022021224,-3.9035,-3.8706
2022021225,-2.7299,-2.9925
2022021226,-3.9695,-3.0327
2022021227,-3.9717,-3.6174
2022021228,-3.6076,-2.4157
2022021229,-3.6507,-2.7037
2022021230,-3.0525,-4.365
2022021231,-4.0546,-3.3038
2022021232,-3.8134,-3.7218
2022021233,-3.3044,-2.9836
2022021234,-4.0333,-3.4091
2022021235,-4.6691,-3.697
2022021236,-3.5192,-3.8379
2022021237,-2.954,-2.2805
2022021238,-2.946,-2.5655
2022021239,-3.2842,-2.8523
2022021240,-2.836,-3.4808
2022021241,-3.4689,-3.5899
2022021242,-3.9739,-3.3363
2022021243,-3.1561,-4.1383
2022021244,-3.5377,-3.2612
2022021245,-3.1986,-4.1257
2022021246,-3.6408,-3.1164
2022021247,-4.3002,-3.3914
2022021248,-3.1579,-3.157
2022021249,-4.3516,-3.7736
2022021250,-4.6827,-3.7051
2022021251,-3.8798,-2.8758
2022021252,-3.184,-3.8734
2022021253,-3.2026,-3.1909
2022021254,-2.7544,-4.0879
2022021255,-4.4126,-2.3793
2022021256,-2.7817,-3.2754
2022021257,-3.1549,-3.8681
2022021258,-3.7,-3.8715
2022021259,-2.8582,-3.0191
2022021260,-3.2959,-4.2478
2022021261,-3.7693,-3.4215
2022021262,-3.5674,-3.5944
2022021263,-4.3049,-3.5543
2022021264,-2.5023,-4.5379
2022021265,-3.7389,-2.7874
2022021266,-3.2792,-2.9382
2022021267,-4.3018,-4.5073
2022021268,-4.1241,-3.6019
2022021269,-3.2287,-3.2826
2022021270,-3.0736,-3.9008
2022021271,-2.856,-3.3593
2022021272,-3.4658,-3.0378
2022021273,-4.6928,-2.9233
2022021274,-4.2566,-3.6835
2022021275,-3.5628,-3.1166
2022021276,-3.7555,-3.8998
2022021277,-3.5324,-3.6563
2022021278,-2.7824,-3.8606
2022021279,-3.5064,-1.9986
2022021280,-3.0393,-3.6123
2022021281,-3.5386,-3.9239
2022021282,-3.6413,-3.9465
2022021283,-3.2868,-2.5128
2022021284,-2.5011,-3.4178
2022021285,-3.4686,-3.0979
2022021286,-2.7843,-3.1669
2022021287,-3.8189,-4.068
2022021288,-4.2462,-2.2004
2022021289,-4.8977,-2.1027
2022021290,-3.4547,-3.257
2022021291,-3.2759,-2.655
2022021292,-3.5643,-3.4829
2022021293,-3.4769,-3.1959
2022021294,-4.2755,-3.3216
2022021295,-4.3002,-4.2818
2022021296,-3.8807,-3.7731
2022021297,-3.4857,-3.701
2022021298,-4.3312,-3.0046
2022021299,-3.4647,-4.0456
2022021300,-4.1422,-2.5881
2022021301,-3.945,-3.7625
2022021302,-3.8521,-3.4762
2022021303,-4.179,-3.0407
2022021304,-3.5061,-3.146
2022021305,-4.5131,-2.0091
2022021306,-3.3276,-3.4093
2022021307,-4.1299,-3.9981
2022021308,-4.0476,-3.9174
2022021309,-3.2285,-2.6579
2022021310,-4.1521,-2.7392
2022021311,-3.3977,-4.0154
2022021312,-3.4167,-3.0056
2022020320,-3.9971,-2.7817
2022020547,-3.3222,-3.3098
2022030111,-3.6507,-3.3592
2022030131,-4.1665,-3.9876
2022030161,-3.3145,-3.3025
2022030181,-3.6005,-2.7799
2022030121,-3.7014,-3.3245
2022030141,-3.2404,-3.403
2022030151,-3.2056,-3.2061
2022030171,-3.0005,-3.2255
2022030112,-3.6816,-3.1659
2022030132,-4.0855,-4.0432
2022030162,-3.2329,-3.5131
2022030182,-2.922,-3.3703
2022030122,-2.7051,-4.1158
2022030142,-3.3563,-3.5309
2022030152,-3.2868,-3.3175
2022030172,-3.1427,-3.1837
2022030113,-3.2632,-3.5037
2022030133,-4.0757,-3.6798
2022030163,-4.0346,-2.6847
2022030183,-3.6379,-2.5761
2022030123,-4.3566,-2.6043
2022030143,-3.4609,-3.0819
2022030153,-3.026,-3.4164
2022030173,-3.2079,-3.1371
2022030114,-2.9171,-3.9195
2022030134,-3.4917,-3.9935
2022030164,-3.8564,-2.995
2022030184,-2.9436,-3.3127
2022030124,-4.0037,-3.0001
2022030144,-3.0558,-3.4678
2022030154,-3.5433,-3.0372
2022030174,-2.9629,-3.2932
2022030135,-4.2764,-3.4561
2022030165,-3.3671,-3.4964
2022030185,-3.3076,-2.9824
2022030115,-3.2819,-3.6868
2022030155,-3.0556,-3.0749
2022030125,-3.4358,-3.424
2022030145,-3.1142,-3.4379
2022030175,-3.7445,-3.3566
2022030116,-3.5566,-3.6019
2022030136,-3.7766,-3.8925
2022030156,-3.2524,-3.0799
2022030166,-3.8909,-2.9597
2022030126,-3.615,-2.6983
2022030146,-3.6017,-2.912
2022030186,-3.218,-2.9639
2022030117,-3.8054,-3.1337
2022030157,-3.0091,-2.8164
2022030147,-3.7049,-2.9746
2022030211,-3.6413,-3.0919
2022030231,-3.2083,-3.4896
2022030221,-3.9525,-2.8865
2022030241,-2.8662,-3.3822
2022030212,-3.2309,-3.4005
2022030232,-3.0985,-3.6466
2022030222,-3.2767,-3.7454
2022030242,-2.8422,-3.34
2022030213,-3.1714,-3.0747
2022030223,-4.0033,-2.9466
2022030233,-3.9316,-2.8046
2022030243,-3.3088,-2.8919
2022030224,-3.3853,-3.265
2022030234,-3.229,-3.832
2022030214,-3.3193,-3.0172
2022030244,-3.3317,-3.1524
2022030225,-3.319,-3.885
2022030235,-3.521,-3.0134
2022030215,-3.292,-3.061
2022030245,-3.4205,-3.1808
2022030236,-3.5772,-3.2165
2022030246,-3.1696,-3.1793
2022030237,-3.6425,-3.3278
2022030311,-3.4949,-3.5665
2022030321,-3.3682,-3.3482
2022030312,-3.4535,-3.2974
2022030322,-2.9819,-3.7697
2022030313,-3.3917,-3.3484
2022030323,-3.3106,-3.3628
2022030314,-3.1258,-3.6526
2022030324,-3.1296,-3.2241
2022030325,-3.5873,-2.8737
2022030326,-3.3825,-3.231
2022030411,-3.0456,-2.8799
2022030412,-2.6114,-3.074
2022030413,-3.6616,-2.2839
2022030414,-3.2902,-2.6767
2022030415,-2.28,-3.3292
2023020001,-1.9886,-2.026
2023020002,-2.451,-3.156
2023020003,-1.6464,-2.2991
2023020004,-2.4759,-2.1322
2023020005,-2.4773,-2.4916
2023020006,-2.141,-2.9866
2023020007,-1.6567,-2.2456
2023020008,-1.9079,-1.9855
2023020009,-2.5833,-2.0011
2023020010,-2.0606,-2.1563
2023020011,-2.0633,-1.8808
2023020012,-2.5968,-2.7419
2023020013,-2.6977,-2.9748
2023020014,-2.2611,-2.283
2023020015,-2.1714,-2.2639
2023020016,-2.4233,-1.626
2023020017,-2.5806,-1.7028
2023020018,-2.5087,-2.7155
2023020019,-2.8813,-1.891
2023020020,-2.8433,-2.4248
2023020021,-2.0111,-1.9052
2023020022,-2.1839,-2.2449
2023020023,-2.3283,-1.4798
2023020024,-2.9711,-2.9507
2023020025,-2.7606,-1.2713
2023020026,-2.158,-2.1651
2023020027,-2.318,-2.1902
2023020028,-2.9046,-2.6163
2023020029,-2.7495,-1.798
2023020030,-1.8797,-1.9332
2023020031,-2.1358,-3.0324
2023020032,-2.3222,-2.6539
2023020033,-2.3679,-2.4258
2023020034,-2.7239,-2.9046
2023020035,-2.304,-1.7103
2023020036,-2.3652,-3.0406
2023020037,-2.1897,-2.3605
2023020038,-1.9935,-3.8763
2023020039,-2.2977,-2.3862
2023020040,-2.0138,-2.5377
2023020041,-2.4637,-2.3099
2023020042,-2.416,-2.0906
2023020043,-2.5909,-2.6484
2023020044,-2.4922,-2.0353
2023020045,-2.379,-2.2747
2023020046,-2.4746,-1.9833
2023020047,-2.2888,-2.9207
2023020048,-2.4001,-2.7285
2023020049,-2.1673,-2.0743
2023020050,-1.7803,-1.6804
2023020051,-1.7051,-2.843
2023020052,-2.9939,-2.5822
2023020053,-2.0108,-1.7394
2023020054,-1.6071,-2.7973
2023020055,-3.0005,-2.8175
2023020056,-2.9778,-2.2152
2023020057,-2.8663,-2.0444
2023020058,-2.3613,-2.1055
2023020059,-2.6782,-2.7351
2023020060,-2.2435,-3.0404
2023020061,-2.2618,-3.5116
2023020062,-1.9084,-1.5288
2023020063,-2.3031,-2.9153
2023020064,-3.1702,-2.4537
2023020065,-2.3133,-1.2708
2023020066,-2.3712,-3.0197
2023020067,-1.9604,-2.3267
2023020068,-2.6226,-3.0914
2023020069,-2.1011,-2.3797
2023020070,-2.7581,-3.0545
2023020071,-4.0512,-2.4023
2023020072,-2.232,-1.8722
2023020073,-3.0475,-2.6082
2023020074,-1.2191,-2.0689
2023020075,-2.65,-2.1002
2023020076,-1.7112,-3.2535
2023020077,-2.7594,-2.2487
2023020078,-2.3071,-2.1503
2023020079,-2.1364,-1.3338
2023020080,-1.8254,-2.6605
2023020081,-3.7106,-1.6524
2023020082,-1.7722,-1.8291
2023020083,-2.6659,-3.15
2023020084,-3.1484,-2.7998
2023020085,-2.0781,-1.4533
2023020086,-2.5902,-3.3381
2023020087,-2.5864,-3.2542
2023020088,-3.2618,-1.7226
2023020089,-2.7364,-2.6722
2023020090,-2.4911,-1.6305
2023020091,-1.7115,-2.1442
2023020092,-3.6468,-2.4463
2023020093,-2.4672,-2.1907
2023020094,-2.6905,-2.593
2023020095,-1.1979,-3.0541
2023020096,-2.7922,-2.1596
2023020097,-1.7487,-1.4483
2023020098,-2.7078,-2.3899
2023020099,-3.4332,-2.5553
2023020100,-3.0106,-3.5769
2023020101,-3.5587,-2.257
2023020102,-1.6068,-2.281
2023020103,-2.5462,-2.2876
2023020104,-2.4613,-2.3641
2023020105,-1.8425,-1.8331
2023020106,-2.4238,-3.3268
2023020107,-2.4222,-1.8019
2023020108,-2.734,-3.2265
2023020109,-2.505,-1.9993
2023020110,-2.9075,-2.6702
2023020111,-2.2861,-3.0789
2023020112,-3.8786,-3.219
2023020113,-2.969,-1.8442
2023020114,-3.1712,-2.4873
2023020115,-1.7351,-1.6011
2023020116,-2.7296,-2.1481
2023020117,-2.2236,-4.0077
2023020118,-2.2995,-1.9658
2023020119,-2.5145,-1.7974
2023020120,-2.8752,-2.0631
2023020121,-2.3372,-2.0996
2023020122,-1.7807,-3.3541
2023020123,-1.6415,-3.1187
2023020124,-2.3388,-3.1401
2023020125,-2.4918,-2.088
2023020126,-1.7613,-2.0626
2023020127,-2.7596,-2.7325
2023020128,-2.8007,-3.9225
2023020129,-2.5478,-2.5579
2023020130,-2.0357,-2.4608
2023020131,-2.8681,-3.3926
2023020132,-1.855,-3.7957
2023020133,-2.0746,-1.8624
2023020134,-2.7596,-2.232
2023020135,-2.0207,-3.2308
2023020136,-2.8156,-2.1398
2023020137,-1.1629,-3.3362
2023020138,-2.1444,-2.4298
2023020139,-3.3054,-2.4597
2023020140,-2.4452,-1.7252
2023020141,-2.6193,-1.4307
2023020142,-3.0282,-2.3172
2023020143,-2.1059,-3.0108
2023020144,-3.8617,-1.2119
2023020145,-3.015,-2.7767
2023020146,-2.7423,-1.6965
2023020147,-2.7208,-2.5258
2023020148,-3.1974,-3.5865
2023020149,-2.9375,-3.0952
2023020150,-2.7736,-2.1055
2023020151,-3.432,-2.478
2023020152,-1.9814,-2.3329
2023020153,-1.4183,-2.8766
2023020154,-2.2477,-1.653
2023020155,-1.8494,-2.1415
2023020156,-3.4906,-2.5972
2023020157,-1.6152,-2.1741
2023020158,-3.216,-3.0092
2023020159,-2.0012,-2.5135
2023020160,-1.2831,-2.2751
2023020161,-2.1312,-2.5239
2023020162,-3.3466,-2.7503
2023020163,-2.2154,-2.8918
2023020164,-3.2231,-3.8122
2023020165,-3.5699,-1.8982
2023020166,-2.2561,-1.8197
2023020167,-2.8421,-3.607
2023020168,-2.9452,-2.8006
2023020169,-3.359,-3.3335
2023020170,-2.0849,-2.91
2023020171,-2.9842,-1.8962
2023020172,-2.6325,-2.2104
2023020173,-1.7895,-2.0721
2023020174,-3.2509,-3.2899
2023020175,-3.3545,-1.8379
2023020176,-2.7555,-1.7609
2023020177,-2.3284,-2.6898
2023020178,-2.1054,-3.394
2023020179,-2.4523,-2.0838
2023020180,-4.0633,-3.2641
2023020181,-3.8088,-2.513
2023020182,-2.1503,-3.0561
2023020183,-3.8019,-2.028
2023020184,-3.3074,-2.3234
2023020185,-1.2919,-2.2551
2023020186,-2.6911,-2.3984
2023020187,-2.6471,-1.7838
2023020188,-2.3666,-3.0587
2023020189,-3.3012,-1.899
2023020190,-2.4705,-3.3288
2023020191,-2.4089,-2.8856
2023020192,-1.8759,-3.1282
2023020193,-2.9323,-2.1078
2023020194,-1.6777,-2.3852
2023020195,-3.0728,-3.3401
2023020196,-2.5403,-3.2211
2023020197,-2.7591,-1.8129
2023020198,-2.89,-3.4326
2023020199,-3.2864,-1.4775
2023020200,-2.3643,-2.7938
2023020201,-1.8527,-2.0396
2023020202,-3.0478,-2.0258
2023020203,-3.0153,-2.8833
2023020204,-3.6041,-2.955
2023020205,-2.9015,-3.3818
2023020206,-3.4293,-2.6121
2023020207,-2.1328,-2.8729
2023020208,-2.5082,-2.5104
2023020209,-1.7675,-3.0849
2023020210,-3.4398,-2.0675
2023020211,-2.1921,-2.4628
2023020212,-3.115,-2.1245
2023020213,-2.534,-2.7604
2023020214,-2.2985,-3.8402
2023020215,-2.4213,-1.7153
2023020216,-2.7147,-3.4676
2023020217,-2.5562,-3.5088
2023020218,-3.3598,-2.063
2023020219,-1.6524,-2.8529
2023020220,-1.9894,-3.0524
2023020221,-2.4717,-2.4619
2023020222,-2.6691,-3.6197
2023020223,-2.7294,-2.4624
2023020224,-2.6391,-2.3297
2023020225,-2.399,-2.8809
2023020226,-2.0012,-2.6876
2023020227,-2.8509,-2.5274
2023020228,-2.132,-2.581
2023020229,-4.2124,-2.5037
2023020230,-2.605,-2.5134
2023020231,-2.1211,-2.6962
2023020232,-2.8328,-1.8516
2023020233,-2.5044,-2.7167
2023020234,-2.3796,-2.3441
2023020235,-2.7669,-2.6066
2023020236,-2.1179,-3.0518
2023020237,-2.6499,-2.6156
2023020238,-3.8287,-2.708
2023020239,-2.6335,-2.0933
2023020240,-2.565,-2.3958
2023020241,-3.2951,-2.9328
2023020242,-2.5996,-2.7916
2023020243,-2.0896,-2.8851
2023020244,-2.4524,-1.9747
2023020245,-2.7954,-2.1856
2023020246,-4.066,-2.7291
2023020247,-2.7556,-2.6237
2023020248,-2.5558,-3.2466
2023020249,-2.6343,-2.7196
2023020250,-2.4855,-2.6853
2023020251,-3.267,-1.4286
2023020252,-2.3535,-3.3956
2023020253,-3.0664,-3.2767
2023020254,-2.2001,-2.1151
2023020255,-3.5178,-2.3124
2023020256,-2.2618,-3.9842
2023020257,-2.8774,-2.4531
2023020258,-3.1822,-2.3887
2023020259,-3.0685,-2.8024
2023020260,-2.5282,-3.0269
2023020261,-2.1924,-3.0617
2023020262,-2.7357,-2.0533
2023020263,-2.074,-2.8412
2023020264,-2.6388,-1.9536
2023020265,-3.1468,-2.7787
2023020266,-2.0183,-2.7499
2023020267,-2.5393,-1.735
2023020268,-2.853,-2.2603
2023020269,-3.0929,-2.7744
2023020270,-4.0039,-2.5114
2023020271,-3.432,-2.6166
2023020272,-2.867,-2.0618
2023020273,-2.7668,-2.5966
2023020274,-2.4655,-2.7659
2023020275,-2.2107,-2.1089
2023020276,-2.2224,-2.0324
2023020277,-2.7318,-2.7201
2023020278,-3.0409,-2.8652
2023020279,-2.6074,-2.3446
2023020280,-3.1837,-2.9006
2023020281,-2.6036,-2.4598
2023020282,-2.4641,-2.6653
2023020283,-3.7327,-3.168
2023020284,-2.7907,-2.5489
2023020285,-2.0809,-2.6708
2023020286,-2.8388,-2.2691
2023020287,-1.638,-2.5817
2023020288,-1.802,-3.0118
2023020289,-1.8417,-3.2879
2023020290,-3.6321,-3.4019
2023020291,-2.3296,-2.4907
2023020292,-2.4703,-2.9472
2023020293,-2.6144,-2.512
2023020294,-2.7507,-3.1338
2023020295,-3.5742,-2.6507
2023020296,-3.0659,-2.9465
2023020297,-2.6017,-1.9768
2023020298,-2.2997,-2.7839
2023020299,-2.8754,-2.5681
2023020300,-3.5483,-3.9218
2023020301,-3.0082,-3.8118
2023020302,-1.9887,-2.4631
2023020303,-2.4886,-2.6658
2023020304,-2.8755,-2.7174
2023020305,-2.1598,-2.8404
2023020306,-2.1302,-1.3735
2023020307,-2.2505,-3.1123
2023020308,-3.1539,-2.3101
2023020309,-2.7698,-4.1312
2023020310,-2.7699,-3.0973
2023020311,-3.6932,-1.9209
2023020312,-2.4843,-2.6056
2023020313,-2.1562,-2.8624
2023020314,-3.0427,-3.2863
2023020315,-3.0008,-2.211
2023020316,-2.7496,-1.9163
2023020317,-3.7912,-2.5128
2023020318,-2.5781,-3.4054
2023020319,-1.9617,-2.5777
2023020320,-2.8793,-2.7478
2023020321,-3.2995,-2.7198
2023020322,-2.7373,-2.982
2023020323,-2.8654,-2.7534
2023020324,-2.1687,-2.5492
2023020325,-2.8282,-2.8587
2023020326,-3.4549,-1.6287
2023020327,-2.7154,-1.9342
2023020328,-2.9626,-2.6591
2023020329,-2.7251,-2.8809
2023020330,-2.877,-2.7747
2023020331,-1.7012,-3.2637
2023020332,-2.4766,-2.4448
2023020333,-3.7505,-2.0603
2023020334,-2.0464,-2.7285
2023020335,-2.398,-3.0995
2023020336,-3.2317,-4.0417
2023020337,-3.1103,-4.324
2023020338,-2.3206,-1.8786
2023020339,-2.454,-2.4963
2023020340,-2.956,-2.6406
2023020341,-2.9091,-2.2426
2023020342,-2.0711,-3.0476
2023020343,-3.9796,-2.8269
2023020344,-3.1043,-2.5095
2023020345,-2.6223,-3.3332
2023020346,-2.6891,-2.4889
2023020347,-1.7123,-2.8709
2023020348,-2.5864,-3.5035
2023020349,-2.7532,-2.2669
2023020350,-1.8959,-2.0355
2023020351,-2.7523,-2.3621
2023020352,-3.6667,-2.279
2023020353,-3.1396,-3.3896
2023020354,-3.3618,-2.4725
2023020355,-3.3684,-3.6047
2023020356,-2.0981,-2.8892
2023020357,-2.5999,-2.5753
2023020358,-1.8724,-2.2884
2023020359,-3.2637,-2.2623
2023020360,-2.6914,-3.2513
2023020361,-3.6174,-1.8412
2023020362,-3.411,-2.6993
2023020363,-3.4618,-2.3646
2023020364,-2.6986,-2.3512
2023020365,-1.2535,-2.7608
2023020366,-2.7518,-2.3722
2023020367,-2.941,-2.3225
2023020368,-3.8327,-2.7517
2023020369,-3.129,-2.5807
2023020370,-2.1118,-3.615
2023020371,-2.5075,-2.3993
2023020372,-3.5109,-1.8635
2023020373,-2.6039,-2.6817
2023020374,-2.4371,-3.0588
2023020375,-2.9674,-2.1201
2023020376,-3.2498,-3.406
2023020377,-2.6531,-2.6665
2023020378,-1.4662,-2.4851
2023020379,-3.6359,-2.6321
2023020380,-3.1286,-2.2205
2023020381,-2.9725,-2.4242
2023020382,-3.0715,-2.4622
2023020383,-2.961,-2.8874
2023020384,-3.0418,-2.2304
2023020385,-3.003,-2.6271
2023020386,-2.4916,-3.2227
2023020387,-2.5614,-3.2871
2023020388,-2.7124,-3.105
2023020389,-2.0761,-3.2028
2023020390,-3.0335,-3.1954
2023020391,-2.7356,-3.4374
2023020392,-2.5293,-3.3921
2023020393,-2.331,-3.2384
2023020394,-3.3099,-2.8152
2023020395,-2.7802,-2.6688
2023020396,-3.0017,-3.3787
2023020397,-2.6156,-2.8454
2023020398,-2.4245,-2.0074
2023020399,-3.4983,-3.6731
2023020400,-1.1982,-2.9478
2023020401,-2.8099,-3.5996
2023020402,-2.4819,-2.0668
2023020403,-3.6054,-2.7195
2023020404,-2.4877,-2.943
2023020405,-3.1181,-3.2005
2023020406,-2.4512,-3.5307
2023020407,-2.674,-3.2512
2023020408,-2.9843,-1.9314
2023020409,-2.7517,-4.0471
2023020410,-3.5258,-3.3008
2023020411,-3.2044,-2.4984
2023020412,-2.2192,-2.3399
2023020413,-2.8566,-2.6852
2023020414,-2.9789,-2.8581
2023020415,-2.4959,-3.3522
2023020416,-3.1501,-2.937
2023020417,-2.4519,-1.8238
2023020418,-3.6542,-1.7239
2023020419,-2.2875,-3.8421
2023020420,-3.0703,-2.8117
2023020421,-2.6392,-4.1401
2023020422,-2.9004,-2.789
2023020423,-3.2604,-2.7711
2023020424,-3.0424,-3.7777
2023020425,-3.8078,-2.1103
2023020426,-2.9534,-3.1375
2023020427,-3.6849,-3.474
2023020428,-2.8203,-2.0265
2023020429,-2.0952,-2.3336
2023020430,-3.5651,-2.1114
2023020431,-3.033,-2.8563
2023020432,-2.8964,-1.4136
2023020433,-2.7725,-3.2621
2023020434,-3.3973,-2.8839
2023020435,-2.4736,-1.7123
2023020436,-3.3611,-2.0918
2023020437,-2.6261,-3.7397
2023020438,-3.1502,-3.249
2023020439,-2.5384,-2.2503
2023020440,-3.3037,-3.0762
2023020441,-4.0082,-2.0068
2023020442,-3.4216,-2.9807
2023020443,-4.2183,-2.9528
2023020444,-2.6246,-3.5886
2023020445,-2.9239,-2.0808
2023020446,-3.924,-3.2059
2023020447,-2.9831,-3.2238
2023020448,-1.9703,-2.2818
2023020449,-2.4725,-2.9252
2023020450,-3.1781,-3.3876
2023020451,-2.1493,-2.7975
2023020452,-2.6009,-2.6281
2023020453,-2.8366,-3.564
2023020454,-2.3609,-2.9795
2023020455,-3.303,-2.5157
2023020456,-2.1102,-3.4008
2023020457,-2.5462,-3.5275
2023020458,-3.1321,-2.4927
2023020459,-3.5303,-3.3751
2023020460,-3.0505,-2.4962
2023020461,-2.8756,-2.556
2023020462,-4.0619,-2.1206
2023020463,-2.899,-3.8782
2023020464,-2.985,-2.0232
2023020465,-2.5283,-3.3671
2023020466,-1.8909,-3.3604
2023020467,-3.2884,-2.4997
2023020468,-2.8579,-2.434
2023020469,-2.3066,-2.6617
2023020470,-3.0903,-2.5343
2023020471,-3.5437,-3.146
2023020472,-2.4147,-2.8149
2023020473,-2.5501,-4.2174
2023020474,-3.9304,-3.3159
2023020475,-3.0147,-2.5583
2023020476,-3.7223,-3.7769
2023020477,-3.501,-3.7686
2023020478,-2.2105,-2.8732
2023020479,-3.1068,-3.8762
2023020480,-2.9659,-1.8072
2023020481,-2.3802,-2.7944
2023020482,-2.8583,-2.7314
2023020483,-3.2442,-2.5327
2023020484,-2.7201,-2.8845
2023020485,-3.027,-2.7406
2023020486,-3.2942,-1.7651
2023020487,-3.4791,-2.839
2023020488,-3.3222,-2.4289
2023020489,-1.8022,-2.9645
2023020490,-2.3215,-2.7207
2023020491,-2.5394,-3.3637
2023020492,-3.9282,-3.0076
2023020493,-2.692,-3.1679
2023020494,-3.8447,-4.1621
2023020495,-2.2738,-2.9817
2023020496,-2.6686,-2.0458
2023020497,-4.5202,-2.4544
2023020498,-3.2362,-1.746
2023020499,-3.092,-1.9745
2023020500,-3.3787,-3.1903
2023020501,-2.882,-2.9711
2023020502,-3.0805,-1.7896
2023020503,-2.0136,-2.7015
2023020504,-2.7392,-2.4166
2023020505,-2.8289,-3.4594
2023020506,-2.5894,-2.7602
2023020507,-3.2629,-3.3733
2023020508,-3.7114,-2.5045
2023020509,-3.7222,-2.6621
2023020510,-3.0638,-3.1934
2023020511,-2.8389,-2.4979
2023020512,-2.492,-2.5877
2023020513,-3.3571,-3.2079
2023020514,-3.2306,-2.8615
2023020515,-2.8996,-2.8365
2023020516,-2.7395,-2.8227
2023020517,-2.7913,-2.8656
2023020518,-2.0571,-3.0829
2023020519,-3.0018,-3.6197
2023020520,-4.0198,-1.9762
2023020521,-2.4368,-2.438
2023020522,-2.825,-2.2322
2023020523,-3.5713,-2.8346
2023020524,-3.5522,-3.0966
2023020525,-2.8553,-2.9144
2023020526,-4.2959,-3.3241
2023020527,-3.4389,-2.8294
2023020528,-2.7015,-2.256
2023020529,-2.6656,-2.0072
2023020530,-3.0011,-3.1764
2023020531,-3.3411,-3.2758
2023020532,-2.3884,-3.1351
2023020533,-2.3967,-2.8585
2023020534,-2.4714,-3.5685
2023020535,-2.1456,-3.071
2023020536,-3.1475,-3.2268
2023020537,-3.1058,-2.7127
2023020538,-3.4543,-2.1352
2023020539,-4.0318,-3.2019
2023020540,-3.1618,-2.9668
2023020541,-3.3592,-4.0619
2023020542,-2.6793,-3.6879
2023020543,-2.9495,-3.0402
2023020544,-3.1775,-3.0861
2023020545,-4.0872,-2.5442
2023020546,-2.9636,-3.1451
2023020547,-3.0367,-2.379
2023020548,-3.3179,-2.0721
2023020549,-3.3039,-2.7153
2023020550,-3.2584,-2.6395
2023020551,-3.424,-3.7399
2023020552,-3.0205,-2.806
2023020553,-3.0797,-2.8727
2023020554,-3.4034,-2.9398
2023020555,-2.3483,-2.3234
2023020556,-2.6561,-3.4759
2023020557,-2.542,-3.4622
2023020558,-3.0671,-3.5479
2023020559,-2.6158,-3.7062
2023020560,-2.6584,-2.3079
2023020561,-2.8676,-2.8007
2023020562,-3.0048,-2.322
2023020563,-3.4607,-2.8699
2023020564,-3.0727,-2.0648
2023020565,-3.1795,-2.4426
2023020566,-2.722,-2.2082
2023020567,-2.7189,-3.0276
2023020568,-2.8021,-3.4435
2023020569,-2.7033,-3.1637
2023020570,-3.8485,-4.0028
2023020571,-2.4656,-3.737
2023020572,-2.6673,-4.4351
2023020573,-2.6105,-3.252
2023020574,-3.6301,-3.0121
2023020575,-2.1485,-3.1213
2023020576,-2.5342,-3.0923
2023020577,-2.6233,-2.9091
2023020578,-3.0391,-3.8185
2023020579,-2.2946,-3.8116
2023020580,-2.2826,-3.9715
2023020581,-2.6974,-2.5697
2023020582,-2.7643,-2.4199
2023020583,-2.6616,-3.3729
2023020584,-3.29,-2.0576
2023020585,-3.2351,-2.5314
2023020586,-3.7662,-2.8596
2023020587,-2.9964,-2.9791
2023020588,-2.9895,-2.8839
2023020589,-3.0577,-2.5358
2023020590,-3.0902,-2.7731
2023020591,-2.4165,-3.553
2023020592,-2.8977,-3.5531
2023020593,-2.4578,-2.3583
2023020594,-2.5613,-4.2911
2023020595,-2.1718,-4.1345
2023020596,-3.9976,-2.1501
2023020597,-1.9675,-3.0894
2023020598,-2.641,-2.4852
2023020599,-2.8187,-2.4145
2023020600,-3.1449,-3.0598
2023020601,-2.8717,-1.9424
2023020602,-3.1573,-3.3693
2023020603,-2.7018,-2.0217
2023020604,-2.7704,-1.9563
2023020605,-3.593,-3.5347
2023020606,-2.2932,-2.5149
2023020607,-2.9919,-3.6855
2023020608,-2.6149,-3.5177
2023020609,-3.4435,-3.2161
2023020610,-2.8301,-2.5338
2023020611,-2.8562,-2.5766
2023020612,-2.5292,-3.2077
2023020613,-3.3497,-3.0982
2023020614,-2.6064,-2.506
2023020615,-2.9663,-3.062
2023020616,-3.274,-3.0479
2023020617,-2.8096,-3.5741
2023020618,-2.6455,-3.3558
2023020619,-2.015,-2.5269
2023020620,-2.6521,-3.3296
2023020621,-2.7917,-2.4996
2023020622,-3.4273,-2.5859
2023020623,-3.3425,-2.5039
2023020624,-2.5854,-2.7721
2023020625,-3.2462,-2.4719
2023020626,-3.812,-3.528
2023020627,-2.7153,-3.1978
2023020628,-2.6186,-2.7927
2023020629,-2.6311,-2.5535
2023020630,-3.4234,-2.671
2023020631,-2.6328,-3.4446
2023020632,-3.285,-2.6408
2023020633,-2.1725,-3.5674
2023020634,-4.1264,-3.8857
2023020635,-3.0195,-2.6786
2023020636,-2.5802,-3.0862
2023020637,-2.345,-2.4425
2023020638,-3.109,-3.4966
2023020639,-3.1155,-2.504
2023020640,-3.7576,-2.8476
2023020641,-2.9137,-3.8095
2023020642,-2.7189,-3.2635
2023020643,-2.5304,-2.9819
2023020644,-3.4624,-3.1009
2023020645,-2.5799,-2.7393
2023020646,-2.4775,-2.7003
2023020647,-3.4039,-2.432
2023020648,-2.797,-3.1114
2023020649,-2.1823,-3.7388
2023020650,-3.074,-3.7953
2023020651,-2.3977,-2.2159
2023020652,-3.1605,-3.1039
2023020653,-2.0568,-2.8824
2023020654,-2.9209,-3.1714
2023020655,-3.908,-3.111
2023020656,-2.7699,-3.2921
2023020657,-2.9045,-2.1871
2023020658,-3.2529,-2.9255
2023020659,-3.758,-3.6966
2023020660,-2.2558,-2.5582
2023020661,-3.7418,-3.0069
2023020662,-2.3395,-1.7516
2023020663,-2.6711,-3.1814
2023020664,-3.1976,-2.7309
2023020665,-3.0764,-2.0634
2023020666,-1.9152,-2.8132
2023020667,-3.1974,-3.9286
2023020668,-2.4474,-3.6028
2023020669,-2.8424,-2.353
2023020670,-2.6189,-3.3643
2023020671,-3.8017,-3.1646
2023020672,-3.1855,-3.2105
2023020673,-2.7428,-2.8149
2023020674,-3.0604,-2.9831
2023020675,-2.372,-4.1173
2023020676,-3.0696,-2.3509
2023020677,-2.4686,-3.5876
2023020678,-2.36,-1.8627
2023020679,-3.4753,-3.7672
2023020680,-2.379,-2.2665
2023020681,-2.6627,-4.0865
2023020682,-3.7548,-2.2241
2023020683,-2.9242,-3.3887
2023020684,-2.8489,-3.8469
2023020685,-2.6657,-2.9922
2023020686,-3.1335,-3.6982
2023020687,-3.1796,-2.3989
2023020688,-2.7992,-2.3829
2023020689,-2.8467,-3.1475
2023020690,-4.1141,-2.5065
2023020691,-3.2565,-3.35
2023020692,-3.2356,-3.2498
2023020693,-3.0567,-2.7593
2023020694,-2.9028,-2.7122
2023020695,-3.234,-2.6061
2023020696,-2.8982,-3.2736
2023020697,-2.6982,-2.5318
2023020698,-3.2294,-3.9807
2023020699,-3.9586,-2.6082
2023020700,-3.1921,-3.4961
2023020701,-1.6786,-2.8174
2023020702,-3.324,-3.5212
2023020703,-2.1635,-3.8573
2023020704,-2.4634,-2.507
2023020705,-3.6274,-2.7874
2023020706,-3.1297,-3.0055
2023020707,-2.5127,-3.4476
2023020708,-3.4155,-3.6767
2023020709,-2.9296,-2.8991
2023020710,-2.4203,-2.8493
2023020711,-3.3829,-2.9654
2023020712,-3.3443,-2.2608
2023020713,-2.5358,-3.198
2023020714,-2.798,-2.9563
2023020715,-3.3912,-3.339
2023020716,-1.9685,-2.2486
2023020717,-3.3097,-2.6888
2023020718,-2.6067,-2.7901
2023020719,-3.0497,-2.6935
2023020720,-3.7234,-2.9528
2023020721,-2.8897,-3.1981
2023020722,-4.1006,-2.889
2023020723,-4.0651,-3.3494
2023020724,-2.1357,-2.7705
2023020725,-3.6379,-1.6834
2023020726,-3.4072,-2.6432
2023020727,-3.2002,-2.5343
2023020728,-2.7482,-4.4854
2023020729,-3.6337,-3.1771
2023020730,-2.7375,-3.2915
2023020731,-3.359,-2.8926
2023020732,-2.1946,-3.5874
2023020733,-2.3463,-1.9501
2023020734,-3.0621,-2.6361
2023020735,-2.293,-3.0926
2023020736,-3.228,-2.6331
2023020737,-3.7555,-3.1926
2023020738,-3.4767,-3.0515
2023020739,-2.9158,-3.2274
2023020740,-3.8947,-3.2032
2023020741,-1.6036,-2.8484
2023020742,-3.5211,-3.0508
2023020743,-3.5065,-4.1601
2023020744,-2.8288,-3.7667
2023020745,-3.1149,-3.629
2023020746,-2.6786,-3.2849
2023020747,-3.0323,-3.1244
2023020748,-3.229,-2.1329
2023020749,-2.7127,-2.0068
2023020750,-3.4191,-3.3757
2023020751,-3.4135,-3.9575
2023020752,-2.9993,-3.0696
2023020753,-2.1888,-3.1534
2023020754,-2.7612,-4.2787
2023020755,-3.2565,-2.3237
2023020756,-3.023,-2.8044
2023020757,-2.8375,-3.1638
2023020758,-3.3218,-3.7559
2023020759,-3.1557,-2.1953
2023020760,-3.1686,-3.1504
2023020761,-2.8316,-2.9211
2023020762,-3.4031,-3.7168
2023020763,-2.8961,-3.8576
2023020764,-2.8181,-3.0691
2023020765,-2.7813,-3.682
2023020766,-3.0896,-2.4741
2023020767,-3.1021,-3.0956
2023020768,-3.8065,-3.393
2023020769,-2.795,-2.8027
2023020770,-2.7099,-4.1582
2023020771,-2.5519,-3.9334
2023020772,-2.831,-3.2655
2023020773,-3.9751,-3.1738
2023020774,-3.1603,-3.4754
2023020775,-3.3971,-2.5247
2023020776,-3.6388,-3.7374
2023020777,-3.5392,-2.7906
2023020778,-2.8555,-3.1477
2023020779,-3.2369,-3.3977
2023020780,-3.8287,-2.9467
2023020781,-3.1205,-2.9111
2023020782,-3.148,-2.5414
2023020783,-2.4213,-2.6726
2023020784,-3.4645,-2.8774
2023020785,-3.0324,-2.4936
2023020786,-3.151,-2.5329
2023020787,-3.3219,-3.2853
2023020788,-3.0177,-3.9728
2023020789,-3.3548,-2.8472
2023020790,-3.0909,-3.1536
2023020791,-2.7942,-2.5495
2023020792,-2.5212,-3.0587
2023020793,-4.0189,-3.0063
2023020794,-2.6322,-2.874
2023020795,-3.089,-2.9738
2023020796,-3.5908,-2.6268
2023020797,-2.5537,-3.8011
2023020798,-3.2149,-2.8759
2023020799,-2.6657,-3.0825
2023020800,-3.5782,-3.5347
2023020801,-2.9836,-3.4844
2023020802,-4.8121,-2.3466
2023020803,-3.1297,-3.1532
2023020804,-2.8654,-3.6944
2023020805,-2.9108,-2.875
2023020806,-3.1401,-3.9015
2023020807,-2.7392,-2.7749
2023020808,-2.4934,-3.5451
2023020809,-2.8665,-3.2696
2023020810,-2.6465,-3.3689
2023020811,-3.8054,-3.2623
2023020812,-3.0994,-2.4651
2023020813,-2.7648,-3.3195
2023020814,-3.9524,-4.1367
2023020815,-3.0123,-3.3225
2023020816,-3.7295,-3.0666
2023020817,-2.7963,-3.3279
2023020818,-3.4322,-3.4851
2023020819,-3.4793,-3.5614
2023020820,-3.0103,-2.5505
2023020821,-2.0087,-3.5147
2023020822,-3.3492,-2.6621
2023020823,-2.4966,-3.9496
2023020824,-3.1836,-3.0459
2023020825,-2.997,-3.6636
2023020826,-3.647,-3.4796
2023020827,-1.9689,-3.4123
2023020828,-3.4048,-3.2221
2023020829,-3.0279,-4.0405
2023020830,-3.9523,-2.4385
2023020831,-2.6863,-3.02
2023020832,-4.2362,-3.7578
2023020833,-3.917,-2.4744
2023020834,-3.9231,-2.8429
2023020835,-3.8576,-3.2458
2023020836,-3.3281,-2.5874
2023020837,-2.5442,-3.2471
2023020838,-2.6162,-3.1821
2023020839,-2.8982,-3.7362
2023020840,-2.6084,-3.3361
2023020841,-3.2659,-3.2627
2023020842,-3.9603,-3.5955
2023020843,-2.2479,-2.5217
2023020844,-3.2727,-3.3011
2023020845,-3.961,-3.5825
2023020846,-2.9972,-3.6027
2023020847,-3.0435,-2.8191
2023020848,-3.6145,-2.9752
2023020849,-2.3877,-3.6351
2023020850,-2.3055,-3.764
2023020851,-4.2202,-2.7092
2023020852,-3.2803,-3.3939
2023020853,-2.4128,-3.2652
2023020854,-3.5898,-2.5993
2023020855,-3.2098,-2.9054
2023020856,-3.6988,-3.0115
2023020857,-3.6029,-2.3854
2023020858,-2.7971,-3.2687
2023020859,-3.2694,-2.2012
2023020860,-3.2675,-3.4067
2023020861,-4.076,-3.9082
2023020862,-3.5422,-3.477
2023020863,-3.2821,-2.2806
2023020864,-3.908,-2.6219
2023020865,-3.5535,-3.8781
2023020866,-3.4004,-3.4255
2023020867,-2.1617,-2.6479
2023020868,-3.565,-3.2348
2023020869,-2.837,-3.0468
2023020870,-3.2974,-3.3576
2023020871,-3.7002,-3.5045
2023020872,-3.2715,-3.6202
2023020873,-3.648,-3.151
2023020874,-3.8648,-3.5179
2023020875,-2.9406,-3.5388
2023020876,-3.5188,-3.77
2023020877,-2.7807,-2.8039
2023020878,-3.35,-2.8921
2023020879,-2.4531,-2.8616
2023020880,-3.3912,-2.8417
2023020881,-2.8973,-3.2311
2023020882,-3.4155,-2.5562
2023020883,-3.8179,-3.9432
2023020884,-3.5618,-3.0679
2023020885,-4.0672,-2.8199
2023020886,-3.7434,-4.1656
2023020887,-3.5093,-3.154
2023020888,-3.5769,-2.5734
2023020889,-3.2274,-3.3183
2023020890,-3.4347,-2.7633
2023020891,-3.244,-2.4667
2023020892,-4.0022,-3.097
2023020893,-2.4651,-3.6863
2023020894,-2.848,-2.373
2023020895,-3.5687,-3.6018
2023020896,-3.1706,-3.3641
2023020897,-3.0184,-3.5595
2023020898,-2.4444,-3.2183
2023020899,-3.6078,-3.2293
2023020900,-4.065,-3.5533
2023020901,-3.7435,-3.0746
2023020902,-2.5854,-3.2455
2023020903,-2.6084,-3.3104
2023020904,-3.9024,-2.4322
2023020905,-3.0602,-2.4203
2023020906,-2.8877,-2.5251
2023020907,-3.185,-3.3362
2023020908,-3.2139,-3.1374
2023020909,-2.9785,-2.9937
2023020910,-3.7124,-2.5079
2023020911,-3.9737,-3.6597
2023020912,-2.5687,-2.9368
2023020913,-2.842,-3.262
2023020914,-3.4756,-3.1773
2023020915,-4.1175,-3.8168
2023020916,-3.2712,-2.8411
2023020917,-3.0254,-2.9575
2023020918,-3.5439,-3.2455
2023020919,-3.295,-2.6277
2023020920,-3.6025,-2.3821
2023020921,-3.3818,-3.416
2023020922,-3.7239,-3.136
2023020923,-3.2108,-3.4083
2023020924,-3.2673,-3.2679
2023020925,-2.4233,-3.7567
2023020926,-2.4807,-4.1391
2023020927,-2.8398,-3.0678
2023020928,-2.9665,-3.1844
2023020929,-3.0968,-3.1869
2023020930,-2.9033,-2.7159
2023020931,-3.1381,-2.7287
2023020932,-3.9602,-3.4835
2023020933,-3.909,-3.5364
2023020934,-3.3946,-3.1086
2023020935,-3.114,-3.478
2023020936,-3.0439,-3.1818
2023020937,-3.7166,-3.1746
2023020938,-3.7143,-2.9882
2023020939,-3.1921,-2.8199
2023020940,-2.5046,-2.9791
2023020941,-3.4517,-2.9781
2023020942,-3.1808,-3.6694
2023020943,-2.6597,-3.1831
2023020944,-2.5481,-2.8735
2023020945,-2.7867,-4.0839
2023020946,-2.9063,-3.4034
2023020947,-3.2257,-3.2035
2023020948,-3.7566,-3.3863
2023020949,-3.1689,-3.1572
2023020950,-3.3033,-3.6588
2023020951,-3.376,-2.9722
2023020952,-3.6704,-3.3457
2023020953,-3.7466,-3.432
2023020954,-3.1928,-2.6472
2023020955,-4.1569,-2.9963
2023020956,-3.5006,-3.0035
2023020957,-3.0424,-3.2831
2023020958,-3.3122,-2.4389
2023020959,-3.376,-2.9891
2023020960,-3.8023,-3.0109
2023020961,-2.8796,-2.5435
2023020962,-3.5692,-3.0562
2023020963,-3.5611,-2.9947
2023020964,-3.0859,-2.8593
2023020965,-3.6458,-3.3633
2023020966,-2.8718,-2.533
2023020967,-3.4283,-3.5021
2023020968,-3.6446,-3.5074
2023020969,-2.5395,-3.8396
2023020970,-2.8749,-3.6675
2023020971,-3.8853,-3.4111
2023020972,-3.313,-3.1586
2023020973,-3.8519,-3.7282
2023020974,-3.3639,-3.8393
2023020975,-3.6004,-3.2267
2023020976,-2.8206,-2.7955
2023020977,-2.7479,-3.6509
2023020978,-3.1779,-3.9534
2023020979,-3.3493,-3.1003
2023020980,-3.004,-2.6742
2023020981,-4.006,-3.2149
2023020982,-2.9779,-3.3289
2023020983,-3.7383,-2.6966
2023020984,-2.5531,-3.924
2023020985,-3.0471,-3.3378
2023020986,-3.3396,-3.139
2023020987,-3.6396,-3.6247
2023020988,-3.1168,-3.5113
2023020989,-3.7797,-2.2993
2023020990,-3.2055,-3.8843
2023020991,-2.2978,-2.8681
2023020992,-3.1358,-3.5031
2023020993,-3.5793,-3.1332
2023020994,-3.2036,-3.7032
2023020995,-3.6446,-3.595
2023020996,-3.4555,-3.9167
2023020997,-3.2133,-4.0435
2023020998,-3.5123,-2.6558
2023020999,-3.2604,-2.8888
2023021000,-2.8678,-3.5111
2023021001,-2.9798,-4.0553
2023021002,-3.7544,-3.5108
2023021003,-3.5684,-3.9664
2023021004,-3.2202,-2.4705
2023021005,-3.5253,-2.604
2023021006,-2.0793,-3.6688
2023021007,-3.8519,-2.1764
2023021008,-3.0391,-3.5864
2023021009,-3.5168,-3.6363
2023021010,-3.5529,-2.8952
2023021011,-3.0158,-3.1892
2023021012,-3.1469,-3.7358
2023021013,-3.3483,-3.2815
2023021014,-3.8447,-3.4942
2023021015,-3.687,-4.0762
2023021016,-3.41,-3.6265
2023021017,-2.8869,-3.8773
2023021018,-2.7612,-4.2299
2023021019,-3.7911,-3.0782
2023021020,-3.3902,-3.5158
2023021021,-3.8155,-3.6244
2023021022,-3.7418,-3.9816
2023021023,-3.1792,-3.8447
2023021024,-2.8407,-3.1808
2023021025,-4.0102,-3.2105
2023021026,-3.3325,-2.5529
2023021027,-2.8568,-4.8037
2023021028,-2.9335,-3.285
2023021029,-3.8737,-2.7901
2023021030,-2.9861,-2.5684
2023021031,-3.3836,-4.0785
2023021032,-3.3836,-2.8216
2023021033,-3.9386,-2.4869
2023021034,-4.4557,-3.7504
2023021035,-3.6554,-3.3348
2023021036,-3.4785,-3.2393
2023021037,-3.6012,-3.0324
2023021038,-3.7124,-2.6657
2023021039,-2.3072,-2.041
2023021040,-3.2752,-2.9294
2023021041,-4.6121,-2.4891
2023021042,-3.1888,-4.0615
2023021043,-4.0127,-3.0593
2023021044,-3.3088,-1.9084
2023021045,-3.4791,-3.3893
2023021046,-3.1065,-3.3849
2023021047,-3.4797,-4.1088
2023021048,-3.595,-3.8521
2023021049,-2.5075,-3.1122
2023021050,-3.103,-3.4068
2023021051,-4.0636,-4.1622
2023021052,-2.7687,-3.1403
2023021053,-3.3046,-4.2928
2023021054,-2.5972,-3.6874
2023021055,-2.7608,-3.1374
2023021056,-3.0651,-3.1533
2023021057,-3.5941,-3.2733
2023021058,-2.8179,-2.7551
2023021059,-3.9139,-3.0399
2023021060,-4.0199,-4.414
2023021061,-3.76,-3.3625
2023021062,-3.7501,-4.2928
2023021063,-3.8329,-2.3489
2023021064,-2.8882,-3.81
2023021065,-3.3597,-4.5128
2023021066,-2.5107,-3.0835
2023021067,-2.5316,-2.8854
2023021068,-3.27,-3.5077
2023021069,-4.3785,-2.3942
2023021070,-3.7363,-2.6642
2023021071,-3.2246,-3.6031
2023021072,-2.8529,-3.0831
2023021073,-3.6937,-4.0782
2023021074,-3.6757,-4.1025
2023021075,-3.6253,-3.0582
2023021076,-2.7437,-4.1459
2023021077,-3.9256,-3.4968
2023021078,-3.5406,-3.4318
2023021079,-3.8808,-4.3508
2023021080,-2.1088,-2.6398
2023021081,-3.2454,-3.5709
2023021082,-2.5097,-3.7737
2023021083,-3.8582,-3.4938
2023021084,-4.6164,-3.2996
2023021085,-3.8505,-3.2054
2023021086,-4.0211,-2.3959
2023021087,-3.6204,-3.7654
2023021088,-4.0235,-2.5749
2023021089,-3.9386,-3.0052
2023021090,-3.2882,-2.9027
2023021091,-4.4348,-2.7686
2023021092,-3.0921,-3.7336
2023021093,-3.069,-3.6111
2023021094,-3.2971,-3.0281
2023021095,-3.1171,-2.8471
2023021096,-3.0461,-3.6246
2023021097,-2.7397,-3.7392
2023021098,-2.1614,-3.3787
2023021099,-3.5165,-3.7721
2023021100,-3.2306,-3.7492
2023021101,-3.9277,-3.0312
2023021102,-3.9947,-3.3448
2023021103,-4.1083,-2.8439
2023021104,-2.7191,-4.2156
2023021105,-3.9219,-3.3875
2023021106,-2.5381,-3.6789
2023021107,-3.261,-3.1727
2023021108,-3.683,-3.3717
2023021109,-2.5931,-3.8124
2023021110,-2.9204,-4.3943
2023021111,-3.3852,-3.7868
2023021112,-3.8071,-3.3951
2023021113,-3.9372,-3.9895
2023021114,-3.9179,-2.9573
2023021115,-3.628,-4.18
2023021116,-3.3046,-3.2494
2023021117,-3.4051,-3.6222
2023021118,-3.168,-2.6669
2023021119,-3.2981,-3.7046
2023021120,-2.6733,-2.1104
2023021121,-2.8099,-3.5883
2023021122,-3.2629,-4.2785
2023021123,-2.8613,-3.9984
2023021124,-2.6742,-4.2212
2023021125,-3.265,-4.1731
2023021126,-3.5722,-3.1551
2023021127,-3.9215,-2.1384
2023021128,-3.835,-3.1464
2023021129,-3.6147,-3.903
2023021130,-3.8703,-3.0729
2023021131,-3.5537,-4.1642
2023021132,-2.4469,-4.4008
2023021133,-4.0243,-3.8257
2023021134,-3.6546,-3.4992
2023021135,-2.4147,-2.5408
2023021136,-3.4146,-2.9936
2023021137,-3.6398,-3.6468
2023021138,-4.0772,-3.282
2023021139,-2.9238,-3.905
2023021140,-3.0616,-3.211
2023021141,-3.2177,-3.9286
2023021142,-3.8136,-3.853
2023021143,-4.0722,-3.3057
2023021144,-3.0299,-3.7884
2023021145,-3.1632,-3.1767
2023021146,-3.5454,-3.9334
2023021147,-3.5171,-3.3533
2023021148,-3.4693,-3.2396
2023021149,-3.7469,-3.3238
2023021150,-3.9918,-3.2035
2023021151,-3.1957,-2.9672
2023021152,-3.8299,-3.7998
2023021153,-3.7681,-3.4904
2023021154,-3.4445,-3.5865
2023021155,-3.0215,-2.8589
2023021156,-3.636,-3.6802
2023021157,-3.5041,-4.0528
2023021158,-3.1527,-3.6134
2023021159,-2.9392,-3.1839
2023021160,-4.055,-3.0843
2023021161,-2.8676,-3.7496
2023021162,-3.3027,-3.6846
2023021163,-2.0727,-3.4361
2023021164,-3.4492,-3.8313
2023021165,-2.9079,-3.6779
2023021166,-3.2118,-3.6815
2023021167,-3.7642,-4.2679
2023021168,-2.9105,-3.4706
2023021169,-2.499,-3.2325
2023021170,-3.3844,-2.5161
2023021171,-3.3748,-4.0954
2023021172,-3.6979,-3.742
2023021173,-3.5052,-3.5932
2023021174,-3.492,-3.2848
2023021175,-3.8259,-3.6628
2023021176,-3.1296,-3.3848
2023021177,-3.5941,-4.0144
2023021178,-3.7023,-3.1502
2023021179,-2.8464,-3.0583
2023021180,-2.4683,-4.2088
2023021181,-3.0108,-2.2335
2023021182,-3.3908,-4.6774
2023021183,-3.3732,-3.4493
2023021184,-3.0475,-3.5459
2023021185,-3.065,-3.1504
2023021186,-3.6156,-3.4354
2023021187,-3.3947,-3.4312
2023021188,-3.5412,-3.024
2023021189,-2.6787,-3.0186
2023021190,-3.9317,-3.243
2023021191,-3.7559,-4.3688
2023021192,-3.2587,-3.6557
2023021193,-2.8433,-4.2845
2023021194,-4.0423,-4.0977
2023021195,-3.5536,-4.1936
2023021196,-3.7711,-2.7599
2023021197,-3.1568,-2.6675
2023021198,-3.0871,-3.6766
2023021199,-2.883,-3.7349
2023021200,-3.0427,-2.9902
2023021201,-3.6803,-3.5898
2023021202,-3.4626,-4.0595
2023021203,-1.6618,-3.458
2023021204,-3.4441,-2.6626
2023021205,-3.9849,-3.7814
2023021206,-2.8873,-4.4933
2023021207,-3.2337,-3.3793
2023021208,-3.9921,-3.8333
2023021209,-3.0407,-3.6498
2023021210,-3.3072,-2.9268
2023021211,-2.3981,-2.991
2023021212,-3.4451,-2.9109
2023021213,-4.0337,-3.4836
2023021214,-3.7201,-3.1818
2023021215,-3.8717,-3.8878
2023021216,-2.7186,-2.7021
2023021217,-4.552,-2.6974
2023021218,-3.9691,-3.4579
2023021219,-3.0665,-2.4109
2023021220,-3.4528,-2.6435
2023021221,-2.6189,-4.4495
2023021222,-2.6612,-4.0516
2023021223,-2.907,-2.7944
2023021224,-3.3239,-3.8612
2023021225,-3.0436,-3.3561
2023021226,-4.1951,-3.205
2023021227,-3.4472,-3.8753
2023021228,-3.8474,-2.154
2023021229,-3.173,-2.7505
2023021230,-3.3801,-2.9689
2023021231,-2.758,-2.586
2023021232,-3.1243,-3.2239
2023021233,-3.3433,-3.6998
2023021234,-3.4213,-3.111
2023021235,-4.1063,-4.5141
2023021236,-3.5914,-3.1526
2023021237,-2.5319,-4.0626
2023021238,-3.8169,-3.0083
2023021239,-3.5383,-2.785
2023021240,-3.2618,-3.6845
2023021241,-4.2485,-3.2017
2023021242,-3.6611,-2.9165
2023021243,-3.0746,-2.7163
2023021244,-2.8197,-3.0699
2023021245,-3.7552,-3.4097
2023021246,-2.9771,-2.841
2023021247,-3.5612,-2.9836
2023021248,-3.7705,-2.3948
2023021249,-4.0668,-3.58
2023021250,-3.1821,-2.7738
2023021251,-3.0219,-4.2955
2023021252,-4.5905,-3.1485
2023021253,-3.3538,-2.8607
2023021254,-3.8718,-2.5671
2023021255,-3.2533,-3.8142
2023021256,-3.9903,-3.6472
2023021257,-3.286,-3.5708
2023021258,-4.3105,-3.1592
2023021259,-3.9677,-3.438
2023021260,-2.23,-3.4257
2023021261,-2.7293,-3.5728
2023021262,-2.6269,-3.1456
2023021263,-3.7024,-3.3076
2023021264,-4.2172,-3.6944
2023021265,-3.923,-3.2812
2023021266,-4.2512,-3.0591
2023021267,-3.2944,-3.3485
2023021268,-3.4725,-4.4467
2023021269,-3.353,-2.7498
2023021270,-2.9805,-2.8365
2023021271,-2.6873,-4.0662
2023021272,-3.3794,-3.1152
2023021273,-3.5947,-3.2293
2023021274,-3.7249,-3.1178
2023021275,-3.7545,-3.7248
2023021276,-3.5869,-3.3101
2023021277,-2.5185,-3.6022
2023021278,-3.7133,-4.058
2023021279,-3.8919,-3.285
2023021280,-3.3615,-3.1337
2023021281,-3.2589,-3.865
2023021282,-3.8079,-2.4447
2023021283,-3.899,-3.5104
2023021284,-3.1532,-3.339
2023021285,-3.7005,-3.0313
2023021286,-4.2294,-3.1115
2023021287,-3.65,-3.8099
2023021288,-3.5309,-2.8975
2023021289,-4.3852,-3.8486
2023021290,-3.7514,-3.7476
2023021291,-4.0376,-3.3574
2023021292,-2.965,-3.787
2023021293,-3.1578,-3.7761
2023021294,-3.2897,-2.532
2023021295,-3.8757,-3.9284
2023021296,-3.363,-3.5967
2023021297,-3.4018,-2.3135
2023021298,-4.6132,-3.4914
2023021299,-3.4342,-3.609
2023021300,-3.4001,-3.5111
2023021301,-2.7158,-2.9791
2023021302,-3.1789,-3.8565
2023021303,-2.2673,-3.7891
2023021304,-3.9858,-2.689
2023021305,-2.9864,-3.9392
2023021306,-3.5627,-3.8572
2023021307,-2.915,-3.827
2023021308,-3.3201,-3.3552
2023021309,-4.3667,-3.4053
2023021310,-3.4666,-3.7167
2023021311,-2.5402,-4.059
2023021312,-3.1434,-3.5412
2023030121,-3.3978,-3.5173
2023030141,-3.5357,-2.941
2023030111,-3.2179,-2.9808
2023030131,-2.8359,-3.6939
2023030161,-2.6788,-3.3732
2023030171,-3.3306,-4.6402
2023030122,-3.3784,-3.5303
2023030142,-3.2885,-3.4779
2023030151,-2.2673,-3.4659
2023030181,-3.9544,-2.9846
2023030112,-2.7044,-2.9266
2023030132,-2.6824,-3.9478
2023030162,-2.717,-3.3332
2023030172,-3.5513,-4.6321
2023030123,-3.521,-3.9958
2023030152,-2.7179,-3.1272
2023030182,-3.4974,-3.5128
2023030113,-3.4783,-2.7332
2023030143,-2.9066,-3.9711
2023030133,-3.5537,-2.6702
2023030163,-2.9399,-3.0995
2023030173,-4.5543,-3.5269
2023030183,-3.9937,-3.0486
2023030114,-3.9334,-2.9966
2023030124,-2.9646,-4.3206
2023030144,-2.957,-3.6978
2023030153,-3.1234,-2.6931
2023030134,-3.3386,-3.0454
2023030164,-3.0291,-3.0726
2023030174,-3.955,-3.7114
2023030184,-3.7402,-3.2901
2023030115,-3.2199,-3.6446
2023030154,-3.2864,-2.6177
2023030125,-4.172,-3.4936
2023030145,-3.9748,-2.8868
2023030165,-3.9845,-2.3518
2023030175,-3.7658,-4.0627
2023030155,-2.9787,-2.9981
2023030185,-3.3145,-3.6627
2023030126,-3.6616,-4.0525
2023030156,-3.3354,-2.5587
2023030176,-3.9485,-3.734
2023030127,-4.2385,-3.4674
2023030157,-2.7595,-3.1483
2023030221,-3.0883,-3.5453
2023030211,-3.1889,-3.893
2023030222,-3.2014,-3.3053
2023030231,-2.643,-2.9634
2023030212,-3.5421,-3.4382
2023030241,-3.9119,-3.0102
2023030223,-3.9506,-2.7661
2023030232,-2.8108,-2.7269
2023030213,-3.6281,-2.8409
2023030242,-3.5875,-3.3688
2023030224,-3.4177,-3.5291
2023030233,-3.0457,-2.6066
2023030214,-3.2366,-3.2912
2023030243,-3.4417,-3.0627
2023030225,-3.0341,-3.6833
2023030234,-2.9472,-2.826
2023030215,-3.8086,-2.7691
2023030244,-3.5009,-3.1413
2023030235,-2.9423,-3.0786
2023030226,-3.6502,-3.2767
2023030245,-3.4451,-2.9898
2023030216,-3.2984,-3.8551
2023030236,-3.2558,-3.2319
2023030246,-3.5935,-2.8402
2023030247,-3.3308,-3.2517
2023030311,-3.2973,-4.1141
2023030321,-3.1452,-3.6012
2023030312,-3.0164,-4.1191
2023030322,-3.2011,-3.5269
2023030313,-4.0353,-3.1123
2023030323,-3.8005,-2.7524
2023030314,-3.3835,-3.4152
2023030324,-3.9501,-2.7076
2023030315,-3.7742,-2.9721
2023030325,-2.9292,-3.6636
2023030316,-2.859,-4.107
2023030326,-3.6924,-2.647
2023030411,-2.6944,-3.6102
2023030412,-2.9486,-3.3567
2023030413,-3.6326,-2.5844
2023030414,-3.2484,-2.9602
2023030415,-4.0066,-2.4944
2023030416,-2.9394,-3.675
2023030417,-3.4778,-3.1839
2024020001,-2.4525,-2.9963
2024020002,-2.8874,-2.4764
2024020003,-2.866,-2.7078
2024020004,-1.8846,-1.8223
2024020005,-2.5177,-3.0175
2024020006,-2.4049,-2.5211
2024020007,-2.4234,-3.1393
2024020008,-2.3482,-2.329
2024020009,-2.027,-2.5418
2024020010,-1.7969,-2.2408
2024020011,-1.8388,-2.3178
2024020012,-3.0776,-2.7953
2024020013,-2.8324,-1.7388
2024020014,-2.2401,-2.9198
2024020015,-2.202,-2.5581
2024020016,-2.2817,-2.1594
2024020017,-2.3119,-1.798
2024020018,-2.1371,-2.3295
2024020019,-1.9355,-3.0987
2024020020,-2.166,-1.4282
2024020021,-2.213,-3.0314
2024020022,-2.0755,-1.9539
2024020023,-1.8797,-2.7295
2024020024,-1.3198,-3.3243
2024020025,-2.162,-1.821
2024020026,-2.0602,-2.5104
2024020027,-2.8998,-2.3481
2024020028,-2.6999,-2.1393
2024020030,-2.3679,-2.1418
2024020031,-2.1327,-2.6324
2024020032,-1.9851,-2.3027
2024020033,-1.6752,-2.2972
2024020034,-2.0997,-2.8377
2024020035,-2.8013,-2.2394
2024020036,-2.4655,-2.931
2024020037,-2.291,-2.5856
2024020038,-2.3338,-1.7615
2024020039,-2.2278,-2.3899
2024020040,-2.6838,-2.1266
2024020041,-1.6169,-2.6201
2024020042,-1.9499,-2.3992
2024020043,-3.1513,-2.702
2024020044,-2.819,-2.3098
2024020045,-2.2686,-2.4079
2024020046,-2.0926,-2.9484
2024020047,-2.75,-2.3154
2024020048,-2.1138,-1.6415
2024020049,-2.3086,-1.9415
2024020050,-1.7446,-2.4847
2024020051,-2.4949,-2.0523
2024020052,-3.2683,-1.2727
2024020053,-2.5344,-2.8953
2024020054,-1.8135,-2.1066
2024020055,-2.1567,-2.7211
2024020056,-2.809,-2.9361
2024020057,-2.4553,-2.4749
2024020058,-1.8562,-3.0286
2024020059,-2.5483,-2.1453
2024020060,-2.6025,-2.611
2024020061,-2.5909,-3.2908
2024020062,-2.9395,-2.6047
2024020063,-2.3477,-2.1077
2024020064,-2.1039,-2.39
2024020065,-1.8814,-1.62
2024020066,-1.6312,-1.8944
2024020067,-2.9582,-2.4536
2024020068,-2.5954,-2.2074
2024020069,-2.3076,-2.9335
2024020070,-3.3496,-2.1161
2024020071,-3.1664,-2.9074
2024020072,-2.4114,-1.7128
2024020073,-2.6518,-2.4021
2024020074,-2.8471,-2.5254
2024020075,-2.7087,-1.7359
2024020076,-2.697,-1.8223
2024020077,-1.9918,-2.8159
2024020078,-1.7014,-2.7156
2024020079,-1.9141,-2.3111
2024020080,-2.9236,-1.5149
2024020081,-2.2398,-2.9533
2024020082,-3.0579,-2.0673
2024020083,-2.6767,-1.7002
2024020084,-2.5577,-1.3096
2024020085,-2.8591,-2.3601
2024020086,-2.9045,-2.2508
2024020087,-3.0959,-1.8291
2024020088,-2.402,-2.6147
2024020089,-2.9682,-2.0743
2024020090,-2.8124,-3.2238
2024020091,-1.8911,-1.999
2024020092,-2.2864,-2.3243
2024020093,-1.9577,-1.9446
2024020094,-2.2931,-2.9689
2024020095,-2.4374,-1.8369
2024020096,-3.1463,-2.7808
2024020097,-3.0101,-1.5354
2024020098,-2.273,-2.3647
2024020099,-2.0276,-2.0724
2024020100,-2.9632,-2.8264
2024020101,-2.1655,-2.7525
2024020102,-2.3218,-2.9929
2024020103,-2.8482,-1.8792
2024020104,-2.6527,-2.3712
2024020105,-2.5678,-2.8732
2024020106,-2.7533,-2.0578
2024020107,-2.706,-3.3816
2024020108,-2.8291,-1.9391
2024020109,-2.7192,-2.3554
2024020110,-1.9241,-2.3801
2024020111,-2.0215,-2.3201
2024020112,-2.7544,-1.8504
2024020113,-2.6082,-1.9506
2024020114,-2.1883,-2.029
2024020115,-2.6475,-2.4206
2024020116,-2.555,-1.9899
2024020117,-3.0369,-3.2714
2024020118,-3.0735,-2.9405
2024020119,-2.2691,-2.1228
2024020120,-2.9158,-2.1395
2024020121,-2.8627,-3.0902
2024020122,-2.0255,-2.4158
2024020123,-1.8428,-2.8771
2024020124,-2.5207,-2.0179
2024020125,-2.778,-1.9304
2024020126,-3.4909,-2.3992
2024020127,-1.9266,-2.9802
2024020128,-2.6733,-2.4953
2024020129,-2.1869,-2.2603
2024020130,-2.8874,-1.6514
2024020131,-2.3859,-2.3355
2024020132,-2.4815,-2.4709
2024020133,-3.1991,-3.5846
2024020134,-2.9073,-3.314
2024020135,-2.3908,-2.0606
2024020136,-2.3946,-2.338
2024020137,-1.9642,-3.4646
2024020138,-1.971,-2.8295
2024020139,-2.9648,-3.4755
2024020140,-2.3696,-2.2183
2024020141,-2.4847,-2.0675
2024020142,-2.6199,-2.6391
2024020143,-2.2996,-2.2167
2024020144,-2.7412,-2.9175
2024020145,-2.4412,-3.4179
2024020146,-2.8442,-2.4582
2024020147,-2.7995,-2.2249
2024020148,-2.4142,-1.9263
2024020149,-2.6866,-2.1339
2024020150,-3.5878,-3.1664
2024020151,-2.5371,-1.9465
2024020152,-2.6491,-3.6169
2024020153,-3.8379,-2.7767
2024020154,-3.4071,-1.8716
2024020155,-1.8832,-2.3637
2024020156,-2.1788,-2.3938
2024020157,-1.9067,-1.8375
2024020158,-2.4657,-2.8781
2024020159,-2.7759,-1.88
2024020160,-2.7667,-1.8168
2024020161,-1.9228,-2.534
2024020162,-2.1558,-4.318
2024020163,-3.0551,-3.6827
2024020164,-2.0154,-1.8105
2024020165,-2.7704,-2.1181
2024020166,-2.9857,-3.3179
2024020167,-2.7921,-3.0047
2024020168,-2.044,-1.9493
2024020169,-2.7637,-2.4412
2024020170,-2.6056,-2.956
2024020171,-1.9647,-1.7505
2024020172,-4.1096,-2.3082
2024020173,-3.683,-1.8973
2024020174,-2.6161,-1.4098
2024020175,-2.5383,-2.9889
2024020176,-2.2667,-3.1466
2024020177,-1.5632,-2.1148
2024020178,-3.746,-2.8506
2024020179,-3.0611,-2.6875
2024020180,-3.0518,-2.6535
2024020181,-3.6272,-1.6738
2024020182,-2.6559,-1.6461
2024020183,-2.1269,-2.0542
2024020184,-2.6147,-2.6527
2024020185,-1.9872,-3.2561
2024020186,-1.6287,-2.8549
2024020187,-2.6432,-3.7403
2024020188,-2.2708,-1.2287
2024020189,-3.2701,-2.4773
2024020190,-2.9242,-3.5865
2024020191,-3.7257,-3.4227
2024020192,-2.1724,-2.2138
2024020193,-3.6463,-2.3885
2024020194,-2.9998,-2.7938
2024020195,-2.6791,-2.5681
2024020196,-2.906,-3.0543
2024020197,-1.6244,-3.1062
2024020198,-3.3943,-2.928
2024020199,-3.003,-2.9861
2024020200,-2.6697,-2.302
2024020201,-1.6495,-1.7932
2024020202,-2.3237,-3.6171
2024020203,-2.8949,-2.9543
2024020204,-2.5376,-2.613
2024020205,-1.823,-2.0767
2024020206,-4.1711,-2.972
2024020207,-3.4643,-1.9565
2024020208,-3.5702,-2.9409
2024020209,-3.2941,-3.3609
2024020210,-2.888,-2.7272
2024020211,-1.9446,-2.0003
2024020212,-2.6664,-2.6743
2024020213,-2.0803,-2.4146
2024020214,-1.939,-2.9339
2024020215,-3.059,-2.5228
2024020216,-1.7016,-3.7782
2024020217,-1.5691,-2.2657
2024020218,-2.2913,-2.9079
2024020219,-2.7826,-2.9488
2024020220,-2.0887,-3.0202
2024020221,-1.8302,-3.1061
2024020222,-3.3302,-2.9394
2024020223,-3.8259,-2.7036
2024020224,-2.6418,-3.4257
2024020225,-1.6204,-3.1844
2024020226,-3.0324,-3.4025
2024020227,-1.9189,-3.1154
2024020228,-2.854,-1.9376
2024020229,-2.826,-1.9918
2024020230,-1.9425,-2.2579
2024020231,-3.2184,-2.2517
2024020232,-2.5853,-2.8239
2024020233,-2.1429,-1.9138
2024020234,-2.3301,-2.2824
2024020235,-1.768,-2.7682
2024020236,-2.7042,-2.9252
2024020237,-3.5935,-3.279
2024020238,-2.6868,-2.564
2024020239,-2.4403,-3.0674
2024020240,-2.3799,-2.8087
2024020241,-2.8378,-3.0795
2024020242,-3.4993,-2.1232
2024020243,-1.0084,-2.4096
2024020244,-3.3236,-2.4931
2024020245,-1.9413,-3.3985
2024020246,-1.9272,-2.4412
2024020247,-2.2356,-1.3788
2024020248,-2.7332,-3.2091
2024020249,-2.8838,-2.844
2024020250,-1.7685,-2.9159
2024020251,-3.5058,-2.3914
2024020252,-2.8171,-2.5487
2024020253,-2.2432,-2.2583
2024020254,-3.0035,-2.9003
2024020255,-1.3367,-2.6348
2024020256,-2.8078,-2.7204
2024020257,-2.5086,-3.0787
2024020258,-3.1465,-2.004
2024020259,-1.5463,-1.7263
2024020260,-2.4049,-2.1151
2024020261,-1.9291,-3.4561
2024020262,-3.1033,-2.6884
2024020263,-3.8373,-3.2865
2024020264,-2.0489,-2.1229
2024020265,-1.8966,-3.2375
2024020266,-3.0542,-3.1154
2024020267,-3.0416,-2.2009
2024020268,-1.6382,-2.3135
2024020269,-2.8144,-2.6359
2024020270,-2.8077,-2.8526
2024020271,-3.1038,-3.5231
2024020272,-3.0717,-3.3449
2024020273,-3.1492,-2.8833
2024020274,-2.3224,-1.5786
2024020275,-3.6199,-2.6409
2024020276,-0.9613,-2.0154
2024020277,-2.5103,-2.2111
2024020278,-2.7852,-2.5407
2024020279,-3.1752,-2.864
2024020280,-3.1102,-2.6051
2024020281,-3.1171,-2.6358
2024020282,-2.9358,-3.5913
2024020283,-2.6555,-3.463
2024020284,-2.5324,-3.7769
2024020285,-2.6748,-3.0178
2024020286,-2.6629,-1.9656
2024020287,-3.2992,-2.3477
2024020288,-2.6613,-3.4573
2024020289,-2.4829,-2.0125
2024020290,-2.9374,-1.8897
2024020291,-2.8287,-2.9179
2024020292,-2.9996,-2.3095
2024020293,-2.9967,-3.2893
2024020294,-3.3881,-2.4947
2024020295,-2.9224,-0.7647
2024020296,-3.431,-2.9525
2024020297,-2.6718,-2.145
2024020298,-3.4448,-3.3809
2024020299,-2.5942,-2.6787
2024020300,-2.231,-2.5001
2024020301,-1.1196,-2.5642
2024020302,-2.2876,-2.8526
2024020303,-2.4035,-2.6475
2024020304,-3.1653,-3.0995
2024020305,-3.0051,-2.5289
2024020306,-2.5904,-2.0261
2024020307,-3.2842,-2.9094
2024020308,-3.7546,-3.1052
2024020309,-2.8114,-2.6053
2024020310,-2.5808,-2.2752
2024020311,-3.4213,-1.6427
2024020312,-3.3845,-2.8659
2024020313,-3.4021,-2.8373
2024020314,-2.1384,-2.8847
2024020315,-3.1952,-2.8458
2024020316,-2.1053,-2.0124
2024020317,-3.4484,-3.1022
2024020318,-3.0084,-3.3196
2024020319,-2.3867,-2.5951
2024020320,-2.4323,-2.9375
2024020321,-3.0274,-2.1394
2024020322,-2.3936,-2.6176
2024020323,-3.2869,-1.8234
2024020324,-3.3865,-2.1711
2024020325,-1.6654,-2.458
2024020326,-1.9573,-2.7876
2024020327,-2.5752,-2.888
2024020328,-2.9337,-2.5349
2024020329,-3.2735,-1.9377
2024020330,-3.3505,-2.8996
2024020331,-3.0808,-2.8616
2024020332,-3.1831,-3.012
2024020333,-0.9859,-2.8855
2024020334,-1.4934,-2.2109
2024020335,-2.8858,-2.3466
2024020336,-3.1851,-2.3238
2024020337,-2.8406,-3.0882
2024020338,-3.2286,-2.7139
2024020339,-2.9813,-2.6116
2024020340,-2.7449,-2.6732
2024020341,-3.3155,-2.9888
2024020342,-2.5959,-3.0309
2024020343,-3.5161,-2.8543
2024020344,-2.4807,-2.6174
2024020345,-2.0632,-2.5902
2024020346,-2.2758,-2.3921
2024020347,-3.5905,-2.8168
2024020348,-1.9994,-3.1946
2024020349,-2.757,-2.8946
2024020350,-2.9894,-2.7575
2024020351,-1.795,-2.3794
2024020352,-2.8537,-1.112
2024020353,-3.1231,-2.6569
2024020354,-2.3968,-2.5243
2024020355,-2.7153,-1.9777
2024020356,-3.6566,-2.8413
2024020357,-3.0843,-3.0741
2024020358,-2.464,-2.8583
2024020359,-2.6689,-2.982
2024020360,-3.6236,-2.548
2024020361,-2.5629,-2.5231
2024020362,-3.0071,-3.1584
2024020363,-3.4711,-2.87
2024020364,-2.8642,-2.4176
2024020365,-2.3692,-2.1187
2024020366,-2.4676,-3.1759
2024020367,-2.5633,-2.4222
2024020368,-2.5782,-3.4747
2024020369,-3.3415,-1.6637
2024020370,-3.294,-2.2069
2024020371,-2.0812,-2.4929
2024020372,-2.6822,-2.5414
2024020373,-3.2536,-2.1305
2024020374,-3.3455,-2.9821
2024020375,-2.5345,-2.9917
2024020376,-3.5064,-1.9403
2024020377,-2.1998,-2.6435
2024020378,-1.9818,-2.0418
2024020379,-1.8507,-2.2767
2024020380,-2.6126,-2.9956
2024020381,-3.4102,-2.5042
2024020382,-3.0202,-2.872
2024020383,-2.9576,-2.5037
2024020384,-3.1141,-3.0054
2024020385,-2.5468,-3.0514
2024020386,-2.7599,-2.4982
2024020387,-2.7828,-1.9422
2024020388,-2.2867,-2.8368
2024020389,-1.8849,-2.65
2024020390,-3.2308,-2.8059
2024020391,-3.0995,-3.52
2024020392,-2.861,-2.9361
2024020393,-2.776,-1.5935
2024020394,-2.1389,-2.9754
2024020395,-2.9103,-3.0596
2024020396,-1.5167,-2.2835
2024020397,-2.9795,-2.6631
2024020398,-3.1834,-2.8205
2024020399,-2.719,-1.7764
2024020400,-2.343,-2.4056
2024020401,-3.2129,-2.453
2024020402,-3.0853,-2.8782
2024020403,-3.6653,-3.3005
2024020404,-2.7212,-3.0892
2024020405,-2.3564,-2.9268
2024020406,-2.2245,-3.088
2024020407,-3.1184,-1.9591
2024020408,-2.4835,-2.6936
2024020409,-2.4184,-2.6716
2024020410,-2.466,-3.9203
2024020411,-2.5344,-3.0273
2024020412,-3.0114,-2.0893
2024020413,-2.0546,-2.6487
2024020414,-2.6228,-1.9761
2024020415,-2.9481,-3.2174
2024020416,-3.827,-2.7456
2024020417,-2.5479,-3.1362
2024020418,-2.59,-3.1947
2024020419,-2.2815,-2.3066
2024020420,-2.3838,-3.2944
2024020421,-2.9562,-2.8044
2024020422,-2.9209,-3.4941
2024020423,-2.7299,-2.8815
2024020424,-2.2452,-3.0371
2024020425,-2.2461,-2.3613
2024020426,-2.5797,-3.2575
2024020427,-2.9627,-3.9027
2024020428,-3.1586,-2.9874
2024020429,-2.3395,-2.6675
2024020430,-2.0837,-2.5074
2024020431,-2.7554,-3.4352
2024020432,-2.4481,-3.347
2024020433,-3.2278,-2.4093
2024020434,-2.2942,-2.6502
2024020435,-2.4506,-3.5904
2024020436,-2.5796,-3.31
2024020437,-2.5105,-2.1035
2024020438,-2.9144,-3.3529
2024020439,-3.1714,-3.9515
2024020440,-2.469,-3.3702
2024020441,-2.7103,-2.9006
2024020442,-2.477,-2.1383
2024020443,-2.8427,-2.391
2024020444,-2.3497,-3.6522
2024020445,-1.6449,-2.3338
2024020446,-2.6222,-2.9626
2024020447,-2.5169,-3.6163
2024020448,-3.1619,-2.6087
2024020449,-3.6154,-2.8598
2024020450,-3.7949,-2.2171
2024020451,-3.5312,-2.6578
2024020452,-3.6684,-1.9786
2024020453,-2.6158,-3.0916
2024020454,-2.7916,-2.8522
2024020455,-2.1615,-3.4161
2024020456,-3.0972,-2.1804
2024020457,-2.2749,-2.5132
2024020458,-2.6793,-2.2095
2024020459,-3.0908,-2.6517
2024020460,-2.3294,-2.1237
2024020461,-2.4218,-2.618
2024020462,-2.8846,-3.1064
2024020463,-3.0158,-2.8031
2024020464,-3.0491,-3.6524
2024020465,-3.5132,-2.8487
2024020466,-2.3838,-4.0214
2024020467,-3.0628,-2.8049
2024020468,-3.4411,-2.9188
2024020469,-3.6337,-2.9519
2024020470,-2.8509,-2.5498
2024020471,-2.4588,-2.5615
2024020472,-2.9961,-2.7947
2024020473,-3.0092,-2.0637
2024020474,-2.262,-3.1477
2024020475,-3.1889,-2.4169
2024020476,-2.943,-3.081
2024020477,-3.1124,-2.9526
2024020478,-2.3237,-1.9269
2024020479,-2.7024,-2.4986
2024020480,-2.809,-2.2537
2024020481,-2.9887,-3.3256
2024020482,-3.3143,-2.3238
2024020483,-2.7699,-2.8112
2024020484,-3.2571,-3.6558
2024020485,-2.9859,-2.7769
2024020486,-2.2436,-2.7392
2024020487,-3.073,-3.3112
2024020488,-2.1504,-2.5685
2024020489,-3.4806,-2.72
2024020490,-2.7553,-2.7554
2024020491,-2.7684,-3.209
2024020492,-3.2763,-2.5248
2024020493,-2.702,-2.8533
2024020494,-2.7915,-2.2411
2024020495,-3.3013,-2.9883
2024020496,-2.2928,-3.1509
2024020497,-3.086,-3.1721
2024020498,-2.7012,-3.5318
2024020499,-2.7594,-2.6694
2024020500,-2.4806,-3.3024
2024020501,-2.7332,-2.241
2024020502,-3.8483,-2.6711
2024020503,-2.8666,-2.3741
2024020504,-2.7615,-2.4734
2024020505,-1.8926,-2.0439
2024020506,-2.847,-2.523
2024020507,-2.8007,-3.3158
2024020508,-2.6788,-2.3521
2024020509,-2.7032,-2.8691
2024020510,-3.8071,-2.3229
2024020511,-3.1886,-3.1068
2024020512,-2.3955,-2.9883
2024020513,-3.3648,-2.7116
2024020514,-3.6155,-2.5907
2024020515,-3.5372,-2.7814
2024020516,-2.8826,-2.8479
2024020517,-2.9512,-1.965
2024020518,-3.4365,-2.6309
2024020519,-2.8602,-2.6877
2024020520,-2.5633,-3.2137
2024020521,-3.293,-2.2295
2024020522,-3.0404,-2.7731
2024020523,-2.5742,-2.9561
2024020524,-2.351,-3.0665
2024020525,-2.4138,-2.0615
2024020526,-3.0438,-3.4044
2024020527,-2.9516,-2.4132
2024020528,-3.0407,-2.4691
2024020529,-2.0693,-2.226
2024020530,-3.341,-2.9881
2024020531,-2.771,-3.2479
2024020532,-2.6377,-2.5842
2024020533,-3.3461,-2.2126
2024020534,-2.7832,-3.002
2024020535,-3.2838,-3.4505
2024020536,-3.5844,-2.6852
2024020537,-2.9804,-2.8611
2024020538,-2.6243,-3.4849
2024020539,-3.1211,-3.0852
2024020540,-2.4058,-3.0149
2024020541,-2.4193,-2.1775
2024020542,-3.9355,-2.384
2024020543,-3.0325,-3.4044
2024020544,-3.0764,-2.7956
2024020545,-2.6801,-2.9662
2024020546,-2.3059,-3.0198
2024020547,-2.6597,-1.8907
2024020548,-3.384,-2.8535
2024020549,-2.9099,-2.5155
2024020550,-2.7863,-3.4203
2024020551,-3.6201,-2.7279
2024020552,-2.5777,-3.2254
2024020553,-2.8649,-3.4558
2024020554,-3.1575,-2.2153
2024020555,-2.8543,-3.1401
2024020556,-2.9657,-1.7813
2024020557,-2.4225,-3.4115
2024020558,-3.0523,-2.5204
2024020559,-3.0591,-2.6505
2024020560,-2.4179,-3.6534
2024020561,-3.0517,-2.4179
2024020562,-2.9015,-2.7102
2024020563,-2.486,-2.721
2024020564,-2.2899,-2.8279
2024020565,-3.3748,-2.3901
2024020566,-2.3657,-3.1357
2024020567,-2.6016,-3.5504
2024020568,-3.773,-3.1136
2024020569,-2.5849,-2.7199
2024020570,-2.7163,-2.3747
2024020571,-2.7594,-2.8351
2024020572,-3.1267,-3.0189
2024020573,-2.977,-3.0038
2024020574,-2.655,-3.2293
2024020575,-2.7753,-3.0891
2024020576,-3.4808,-2.138
2024020577,-3.0492,-2.2929
2024020578,-3.9315,-3.08
2024020579,-2.7716,-2.8937
2024020580,-3.0617,-2.8498
2024020581,-3.7581,-2.3531
2024020582,-3.0387,-2.6793
2024020583,-2.6538,-3.6494
2024020584,-2.6078,-3.0605
2024020585,-2.2457,-2.9719
2024020586,-2.6879,-3.3108
2024020587,-2.4654,-3.14
2024020588,-3.5957,-2.5564
2024020589,-3.2726,-2.5635
2024020590,-2.8713,-3.103
2024020591,-2.2277,-3.1157
2024020592,-3.0112,-2.8928
2024020593,-2.3889,-2.5296
2024020594,-2.5649,-2.7466
2024020595,-2.1366,-2.8133
2024020596,-2.7759,-3.4926
2024020597,-3.1287,-1.8128
2024020598,-3.1964,-3.2194
2024020599,-2.7257,-2.9485
2024020600,-3.2309,-2.3472
2024020601,-3.7793,-2.5541
2024020602,-2.2022,-3.5034
2024020603,-2.5915,-2.9913
2024020604,-3.5818,-3.4569
2024020605,-2.8188,-2.9786
2024020606,-2.4256,-2.006
2024020607,-3.2112,-2.8108
2024020608,-1.8462,-3.245
2024020609,-2.0132,-3.054
2024020610,-2.6586,-3.0323
2024020611,-2.9284,-2.9545
2024020612,-2.6592,-2.7675
2024020613,-3.2897,-2.7592
2024020614,-2.5986,-2.5874
2024020615,-2.5224,-3.2674
2024020616,-2.948,-2.9341
2024020617,-3.1415,-3.3389
2024020618,-2.947,-3.3221
2024020619,-2.9185,-3.2718
2024020620,-3.1651,-3.1508
2024020621,-1.9911,-2.3311
2024020622,-2.6678,-4.0679
2024020623,-2.8628,-3.8569
2024020624,-3.2807,-2.647
2024020625,-2.6803,-3.0695
2024020626,-2.9966,-2.8855
2024020627,-3.6469,-3.0613
2024020628,-1.8012,-3.0291
2024020629,-2.3392,-2.996
2024020630,-2.5422,-3.017
2024020631,-2.9062,-2.5892
2024020632,-2.91,-3.3472
2024020633,-3.7186,-2.8263
2024020634,-2.5995,-3.15
2024020635,-3.0433,-2.7449
2024020636,-3.2268,-1.9891
2024020637,-3.4997,-2.7843
2024020638,-2.8379,-2.963
2024020639,-3.0535,-2.6919
2024020640,-2.7947,-3.8897
2024020029,-2.4226,-2.4306
2024020641,-2.9708,-3.0421
2024020642,-2.4614,-3.7727
2024020643,-2.7784,-2.0835
2024020644,-2.9285,-3.1807
2024020645,-3.379,-3.3096
2024020646,-2.8594,-3.0323
2024020647,-2.1778,-3.3492
2024020648,-2.8687,-3.5251
2024020649,-3.1267,-2.3427
2024020650,-3.4126,-3.1986
2024020651,-3.5044,-2.47
2024020652,-2.8418,-2.4449
2024020654,-3.4974,-2.6152
2024020655,-2.4063,-2.9644
2024020656,-2.4443,-3.4438
2024020657,-2.7336,-2.0425
2024020658,-3.1321,-3.0177
2024020659,-2.87,-3.0272
2024020660,-3.1385,-3.2792
2024020661,-3.1656,-2.8377
2024020662,-2.7546,-3.1357
2024020663,-2.4015,-3.5364
2024020664,-2.7834,-3.4822
2024020665,-3.0588,-2.7592
2024020666,-2.7121,-3.4588
2024020667,-2.2154,-3.072
2024020668,-2.3281,-3.22
2024020669,-2.6074,-2.7728
2024020670,-2.3905,-3.6976
2024020671,-2.7593,-3.4069
2024020672,-3.3853,-4.0224
2024020673,-2.914,-1.8349
2024020674,-3.2312,-1.9067
2024020675,-2.6858,-3.1747
2024020676,-3.2142,-3.4462
2024020677,-3.1124,-3.1005
2024020678,-2.545,-3.0393
2024020679,-2.914,-2.8112
2024020680,-2.3689,-3.7129
2024020681,-3.2077,-2.7728
2024020682,-2.6859,-3.0363
2024020683,-2.9908,-2.8639
2024020684,-2.795,-3.163
2024020685,-3.4491,-1.7521
2024020686,-2.8078,-2.9971
2024020687,-2.4645,-2.9982
2024020688,-2.8084,-3.0349
2024020689,-2.3939,-2.1681
2024020690,-3.7117,-2.4718
2024020691,-2.5595,-3.2224
2024020692,-3.6719,-2.6478
2024020693,-3.5619,-2.5221
2024020694,-2.5732,-2.6653
2024020695,-2.3804,-2.6289
2024020696,-2.9661,-3.2951
2024020697,-2.6224,-3.1161
2024020698,-3.4252,-1.9077
2024020699,-3.2857,-2.7854
2024020700,-2.962,-2.9905
2024020701,-3.0957,-2.663
2024020702,-2.4579,-3.3397
2024020703,-3.1357,-3.035
2024020704,-2.6838,-3.0165
2024020705,-2.782,-2.6685
2024020706,-3.3122,-2.8284
2024020707,-3.27,-1.9802
2024020708,-3.2438,-2.5654
2024020709,-3.1744,-3.2563
2024020710,-3.0094,-2.9038
2024020711,-3.2287,-2.5299
2024020712,-3.5155,-2.6115
2024020713,-2.7516,-2.8153
2024020714,-2.9077,-3.0485
2024020715,-2.3963,-3.4943
2024020716,-2.3311,-3.3856
2024020717,-2.2067,-3.3454
2024020718,-2.5491,-2.9231
2024020719,-3.5485,-3.2711
2024020720,-2.3632,-2.7148
2024020721,-3.1421,-2.6868
2024020722,-1.9597,-2.5709
2024020723,-2.9855,-3.2546
2024020724,-2.8847,-2.2849
2024020725,-2.6592,-3.6653
2024020726,-3.6651,-3.5174
2024020727,-3.0829,-3.3328
2024020728,-2.862,-2.7468
2024020729,-2.4969,-3.1678
2024020730,-2.4831,-3.3228
2024020731,-3.2981,-3.0046
2024020732,-3.2537,-2.9089
2024020733,-2.7694,-2.9747
2024020734,-2.8325,-2.5886
2024020735,-3.3257,-2.344
2024020736,-3.0055,-3.5311
2024020737,-2.3155,-3.086
2024020738,-3.4641,-2.4797
2024020739,-2.5527,-3.8589
2024020740,-3.2909,-3.3281
2024020741,-2.828,-3.2372
2024020742,-2.7721,-2.093
2024020743,-3.2046,-3.1322
2024020744,-3.4691,-2.6032
2024020745,-3.0916,-2.7744
2024020746,-2.9774,-2.9661
2024020747,-2.6238,-2.6666
2024020748,-3.7779,-3.5635
2024020749,-2.779,-3.3902
2024020750,-3.1929,-2.9925
2024020751,-2.1412,-3.9022
2024020752,-2.5555,-3.6519
2024020753,-2.4926,-3.0654
2024020754,-3.0493,-2.2067
2024020755,-3.3996,-2.0813
2024020756,-3.2762,-2.7758
2024020757,-2.8216,-2.5738
2024020758,-2.2328,-2.5574
2024020759,-3.3607,-2.7639
2024020760,-4.0241,-2.8097
2024020761,-2.8168,-3.8873
2024020762,-3.6912,-3.1357
2024020763,-2.5162,-2.4172
2024020764,-3.2346,-2.4998
2024020765,-3.5953,-2.3656
2024020766,-3.0937,-2.5263
2024020767,-3.1573,-2.5284
2024020768,-2.2736,-2.6815
2024020769,-3.6104,-3.3633
2024020770,-2.2839,-3.0111
2024020771,-3.2058,-2.9819
2024020772,-2.6936,-2.6675
2024020773,-3.2688,-3.0802
2024020774,-2.0939,-2.6767
2024020775,-3.0345,-2.9691
2024020776,-2.588,-3.507
2024020777,-1.7152,-3.8994
2024020778,-2.9567,-3.5473
2024020779,-3.4331,-2.1875
2024020780,-3.9758,-2.7341
2024020781,-3.2988,-2.7075
2024020782,-3.6476,-3.4666
2024020783,-3.0575,-2.0129
2024020784,-2.7742,-2.6902
2024020785,-3.1484,-2.5519
2024020786,-3.2553,-2.1995
2024020787,-3.275,-2.7342
2024020788,-2.8459,-3.6093
2024020789,-2.2586,-3.385
2024020790,-3.6437,-3.0815
2024020791,-2.8115,-2.8489
2024020792,-2.893,-2.8316
2024020793,-2.9539,-3.4355
2024020794,-2.9262,-3.4431
2024020795,-2.0769,-2.7308
2024020796,-2.8705,-2.7781
2024020797,-2.6535,-3.3087
2024020798,-3.2803,-3.3079
2024020799,-3.0061,-2.7967
2024020800,-2.7694,-2.8545
2024020801,-3.2337,-3.3281
2024020802,-2.336,-2.1927
2024020803,-2.7616,-2.8895
2024020804,-2.6878,-2.614
2024020805,-2.6443,-2.4928
2024020806,-2.8934,-2.9914
2024020807,-3.2438,-2.4089
2024020808,-3.5667,-3.2136
2024020809,-2.8017,-2.3578
2024020810,-3.4493,-2.5641
2024020811,-3.5101,-3.4654
2024020812,-2.4609,-3.1951
2024020813,-2.8005,-2.269
2024020814,-3.3038,-2.5807
2024020815,-2.9204,-3.7139
2024020816,-2.2608,-2.7853
2024020817,-2.4884,-3.2105
2024020818,-2.5913,-2.9751
2024020819,-3.1352,-3.0998
2024020820,-2.7047,-4.2774
2024020821,-3.1851,-2.6611
2024020822,-2.6256,-3.1803
2024020823,-2.7939,-2.6218
2024020824,-3.3303,-3.2326
2024020825,-3.4566,-4.0158
2024020826,-3.1896,-3.684
2024020827,-3.2189,-2.5166
2024020828,-3.2351,-2.2597
2024020829,-2.1738,-2.6689
2024020830,-3.9808,-3.2294
2024020831,-2.6281,-2.9506
2024020832,-1.9831,-4.5988
2024020833,-3.193,-3.3708
2024020834,-2.5608,-3.5529
2024020835,-2.4858,-2.974
2024020836,-3.0309,-1.4259
2024020837,-3.5442,-2.8563
2024020838,-2.7802,-3.5231
2024020839,-2.9062,-3.1824
2024020840,-2.3853,-3.991
2024020841,-3.5123,-3.1612
2024020842,-2.9372,-3.3633
2024020843,-3.0113,-3.1216
2024020844,-3.7407,-2.9588
2024020845,-3.306,-2.0922
2024020846,-2.3222,-3.7789
2024020847,-2.1735,-2.6355
2024020848,-3.4471,-2.9706
2024020849,-2.526,-2.9441
2024020850,-3.5377,-2.924
2024020851,-3.0841,-2.8531
2024020852,-3.09,-2.9104
2024020853,-3.0518,-3.5323
2024020854,-3.6996,-2.1373
2024020855,-2.9854,-2.9567
2024020856,-3.4966,-2.9226
2024020857,-3.1554,-3.1808
2024020858,-3.4773,-2.9883
2024020859,-3.3951,-2.8639
2024020860,-4.4474,-3.4739
2024020861,-3.898,-3.2914
2024020862,-2.4237,-2.6055
2024020863,-3.381,-2.9415
2024020864,-3.1141,-2.6877
2024020865,-3.3771,-2.764
2024020866,-2.4459,-2.7773
2024020867,-2.7558,-3.4573
2024020868,-3.1795,-2.9513
2024020869,-3.0604,-3.3275
2024020870,-3.5698,-2.4988
2024020871,-3.1921,-3.0169
2024020872,-2.5825,-3.6714
2024020873,-3.8741,-3.3249
2024020874,-4.0844,-3.3298
2024020875,-3.3766,-3.3356
2024020876,-3.7829,-3.4185
2024020877,-3.3104,-1.9818
2024020878,-3.2193,-3.8798
2024020879,-3.2403,-2.8481
2024020880,-2.9642,-2.5579
2024020881,-2.8286,-3.2971
2024020882,-2.3956,-2.7169
2024020883,-2.4229,-3.2695
2024020884,-3.6022,-2.9913
2024020885,-3.9254,-2.8473
2024020886,-2.3387,-3.9699
2024020887,-3.507,-3.3503
2024020888,-3.1541,-3.4694
2024020889,-2.5204,-3.3603
2024020890,-3.142,-4.2308
2024020891,-3.5494,-2.5733
2024020892,-2.9673,-3.6434
2024020893,-3.3479,-3.4323
2024020894,-2.796,-3.0991
2024020895,-3.2124,-2.8671
2024020896,-2.4498,-3.2861
2024020897,-3.5092,-2.7568
2024020898,-3.4569,-3.6014
2024020899,-3.1647,-3.564
2024020900,-3.1764,-3.1034
2024020901,-3.0386,-3.2177
2024020902,-2.4763,-3.1442
2024020903,-2.7588,-2.4352
2024020904,-2.6771,-3.7547
2024020905,-3.0252,-3.1979
2024020906,-3.552,-3.8628
2024020907,-3.5241,-3.1839
2024020908,-2.4108,-3.563
2024020909,-3.068,-3.2441
2024020910,-2.4665,-3.3611
2024020911,-3.4504,-3.3873
2024020912,-3.2,-3.0005
2024020913,-3.0791,-2.8689
2024020914,-3.2881,-3.4792
2024020915,-3.2309,-4.0288
2024020916,-2.4313,-3.7276
2024020917,-3.1099,-2.4732
2024020918,-3.4089,-2.5821
2024020919,-2.9475,-3.1488
2024020920,-3.3732,-3.0762
2024020921,-2.3016,-3.8418
2024020922,-2.7856,-3.4009
2024020923,-3.196,-2.9158
2024020924,-2.4798,-2.9305
2024020925,-3.1235,-3.123
2024020926,-2.5892,-3.3782
2024020927,-2.9974,-2.4705
2024020928,-3.4274,-2.6987
2024020929,-2.9418,-3.8213
2024020930,-2.7304,-2.9228
2024020931,-3.3991,-3.9633
2024020932,-3.0514,-4.0412
2024020933,-2.7275,-3.0154
2024020934,-2.956,-3.1949
2024020935,-3.1116,-2.7663
2024020936,-2.3452,-3.1247
2024020937,-2.9618,-4.2106
2024020938,-3.1495,-2.9068
2024020939,-3.134,-2.4391
2024020940,-3.7366,-2.8513
2024020941,-2.8107,-2.8321
2024020942,-2.6593,-2.9764
2024020943,-2.7681,-3.9353
2024020944,-3.1212,-4.0333
2024020945,-3.599,-3.1775
2024020946,-2.5557,-2.8222
2024020947,-3.193,-3.0823
2024020948,-2.7693,-2.9429
2024020949,-3.1581,-2.8069
2024020950,-3.0535,-1.9189
2024020951,-3.0422,-3.5792
2024020952,-3.4279,-2.4617
2024020953,-2.8234,-2.9738
2024020954,-3.2136,-3.3994
2024020955,-3.1509,-4.2357
2024020956,-2.9294,-2.7964
2024020957,-2.409,-4.0064
2024020958,-2.7067,-4.0158
2024020959,-2.9534,-3.7075
2024020960,-3.498,-4.2704
2024020961,-3.0927,-3.514
2024020962,-2.7559,-2.7546
2024020963,-3.5547,-3.3509
2024020964,-1.7305,-2.5018
2024020965,-3.0067,-3.0676
2024020966,-2.7039,-3.699
2024020967,-2.9903,-3.204
2024020968,-2.8391,-3.6647
2024020969,-2.8725,-2.0247
2024020970,-2.934,-1.7987
2024020971,-3.2144,-3.2256
2024020972,-3.4243,-3.7658
2024020973,-2.6925,-3.409
2024020974,-3.2633,-3.7859
2024020975,-3.3232,-2.7902
2024020976,-3.1084,-2.6257
2024020977,-2.9455,-4.1764
2024020978,-2.7972,-2.7832
2024020979,-1.9879,-3.4949
2024020980,-3.3095,-3.3911
2024020981,-3.7494,-3.1833
2024020982,-3.8746,-2.9767
2024020983,-2.4459,-2.4222
2024020984,-3.5654,-3.7737
2024020985,-3.0181,-2.8169
2024020986,-4.0645,-3.6171
2024020987,-3.7766,-2.5142
2024020988,-3.1072,-3.0179
2024020989,-2.7629,-3.2014
2024020990,-2.5537,-2.9299
2024020991,-3.1587,-2.661
2024020992,-2.8818,-2.7922
2024020993,-3.0672,-3.3247
2024020994,-2.6532,-4.0024
2024020995,-3.5435,-2.8555
2024020996,-3.4838,-4.0333
2024020997,-2.5161,-3.0134
2024020998,-2.7186,-3.0824
2024020999,-3.6287,-3.0504
2024021000,-4.0626,-3.1952
2024021001,-2.6214,-3.6091
2024021002,-4.2169,-3.2667
2024021003,-3.5785,-2.665
2024021004,-2.9713,-3.5563
2024021005,-2.7644,-2.6652
2024021006,-2.0155,-3.1315
2024021007,-2.9763,-3.2769
2024021008,-4.0842,-2.7161
2024021009,-3.1084,-3.7419
2024021010,-3.4061,-3.8541
2024021011,-3.3737,-2.6197
2024021012,-3.34,-3.388
2024021013,-2.4379,-3.0293
2024021014,-2.7208,-3.6619
2024021015,-3.214,-3.5801
2024021016,-3.2718,-2.7494
2024021017,-3.3038,-3.5138
2024021018,-2.7158,-3.1261
2024021019,-4.0148,-3.1358
2024021020,-3.857,-3.4957
2024021021,-3.1695,-2.9229
2024021022,-3.5579,-3.1581
2024021023,-3.0287,-4.3172
2024021024,-3.0958,-3.0352
2024021025,-2.3463,-2.3495
2024021026,-2.4017,-3.8521
2024021027,-3.2347,-3.2355
2024021028,-3.4561,-2.7844
2024021029,-2.6065,-2.4386
2024021030,-3.0917,-2.8122
2024021031,-3.0442,-3.1314
2024021032,-3.6503,-3.0099
2024021033,-3.5038,-2.8581
2024021034,-2.8838,-4.2566
2024021035,-2.9905,-2.5378
2024021036,-3.6053,-2.7648
2024021037,-3.8665,-4.3095
2024021038,-3.1001,-3.388
2024021039,-3.8076,-2.8562
2024021040,-3.0331,-2.7485
2024021041,-3.1933,-2.1986
2024021042,-2.2951,-3.3734
2024021043,-3.1187,-3.361
2024021044,-3.13,-3.9847
2024021045,-3.6493,-3.2767
2024021046,-2.8542,-2.9911
2024021047,-2.9015,-3.1356
2024021048,-3.1219,-4.5549
2024021049,-2.2917,-3.0941
2024021050,-4.2577,-3.0335
2024021051,-2.9889,-3.2303
2024021052,-3.7994,-2.9043
2024021053,-3.3855,-3.4192
2024021054,-3.1029,-2.8407
2024021055,-3.0782,-3.3403
2024021056,-3.4409,-2.827
2024021057,-3.1358,-3.3925
2024021058,-2.8048,-2.8132
2024021059,-2.7174,-2.6449
2024021060,-3.5647,-3.0762
2024021061,-3.3063,-2.3821
2024021062,-3.7647,-3.2723
2024021063,-2.667,-3.6724
2024021064,-2.6932,-3.2789
2024021065,-3.8381,-4.2228
2024021066,-3.3088,-3.2554
2024021067,-3.3819,-3.6053
2024021068,-3.3328,-3.0151
2024021069,-3.4471,-3.4849
2024021070,-3.8558,-3.8365
2024021071,-3.6453,-3.3588
2024021072,-2.6205,-2.8448
2024021073,-2.7244,-3.0094
2024021074,-2.9356,-2.6871
2024021075,-3.6172,-3.2242
2024021076,-2.452,-3.1632
2024021077,-3.0943,-2.9243
2024021078,-2.878,-2.9135
2024021079,-2.9559,-3.8801
2024021080,-2.6795,-3.3929
2024021081,-3.7289,-3.4303
2024021082,-3.2419,-2.6301
2024021083,-3.3842,-3.8112
2024021084,-4.2947,-2.5778
2024021085,-3.9205,-3.3363
2024021086,-3.4782,-2.9658
2024021087,-2.1648,-3.4653
2024021088,-2.8103,-3.1479
2024021089,-3.4782,-4.0442
2024021090,-3.4362,-3.4767
2024021091,-3.4607,-2.4003
2024021092,-3.4039,-3.0993
2024021093,-3.521,-4.0513
2024021094,-3.0883,-2.3112
2024021095,-2.7791,-3.5046
2024021096,-3.5135,-3.5898
2024021097,-3.2435,-2.5611
2024021098,-3.9357,-3.1382
2024021099,-3.3965,-3.2798
2024021100,-3.8918,-3.4892
2024021101,-3.1813,-2.3896
2024021102,-2.597,-2.6759
2024021103,-3.0036,-3.8833
2024021104,-3.1743,-3.3457
2024021105,-3.2504,-3.0562
2024021106,-2.7536,-3.6999
2024021107,-2.9717,-4.1022
2024021108,-2.6501,-3.2629
2024021109,-3.282,-3.2473
2024021110,-3.4136,-3.7094
2024021111,-3.2689,-3.1597
2024021112,-2.7708,-4.3523
2024021113,-3.3315,-3.2759
2024021114,-3.3924,-2.7138
2024021115,-2.9054,-3.8111
2024021116,-3.2299,-2.5169
2024021117,-2.337,-2.5825
2024021118,-4.452,-3.1551
2024021119,-3.598,-4.128
2024021120,-3.9726,-3.2946
2024021121,-3.3449,-3.0266
2024021122,-2.5546,-3.5205
2024021123,-3.612,-3.2866
2024021124,-3.0618,-2.9307
2024021125,-2.9622,-2.784
2024021126,-2.2965,-3.1494
2024021127,-3.1479,-2.926
2024021128,-2.6322,-3.5043
2024021129,-4.2815,-3.285
2024021130,-3.0771,-3.5467
2024021131,-3.6557,-3.6904
2024021132,-3.551,-3.4705
2024021133,-3.2056,-3.0454
2024021134,-3.2374,-2.8593
2024021135,-3.2163,-3.1549
2024021136,-3.7872,-3.818
2024021137,-3.8388,-3.0961
2024021138,-2.8203,-3.6426
2024021139,-2.3872,-3.0994
2024021140,-4.0185,-2.7763
2024021141,-2.9313,-2.6664
2024021142,-3.3239,-3.7066
2024021143,-3.5305,-3.8531
2024021144,-3.1651,-3.7701
2024021145,-3.3676,-2.829
2024021146,-3.5278,-3.4455
2024021147,-3.7087,-2.7955
2024021148,-3.2358,-3.2045
2024021149,-3.9816,-2.5833
2024021150,-3.9727,-3.0318
2024021151,-2.5819,-2.4917
2024021152,-1.8669,-3.6123
2024021153,-3.6304,-3.3248
2024021154,-3.1795,-3.1564
2024021155,-3.1484,-2.7111
2024021156,-3.1946,-2.7867
2024021157,-4.0957,-2.8577
2024021158,-3.1401,-3.3542
2024021159,-2.7584,-3.7455
2024021160,-2.7042,-2.9195
2024021161,-3.3516,-3.2382
2024021162,-3.1068,-3.3105
2024021163,-3.0896,-3.0211
2024021164,-3.7156,-3.3114
2024021165,-3.3917,-2.8767
2024021166,-3.4616,-3.6209
2024021167,-3.6713,-3.3997
2024021168,-3.24,-3.9207
2024021169,-2.0362,-3.2152
2024021170,-3.5809,-3.4816
2024021171,-3.3736,-3.6151
2024021172,-2.7064,-2.8634
2024021173,-3.8713,-3.7279
2024021174,-4.1693,-3.4659
2024021175,-3.2001,-3.0315
2024021176,-2.7298,-2.9504
2024021177,-2.8627,-3.4035
2024021178,-3.5909,-2.9303
2024021179,-3.0934,-2.9346
2024021180,-2.9459,-3.4151
2024021181,-2.9114,-3.1648
2024021182,-3.4745,-3.2211
2024021183,-3.5311,-3.5439
2024021184,-3.7939,-3.5917
2024021185,-3.3293,-3.368
2024021186,-3.715,-2.7791
2024021187,-3.501,-3.5474
2024021188,-3.5555,-3.0682
2024021189,-2.8944,-3.6354
2024021190,-2.7253,-3.7373
2024021191,-2.9748,-2.4084
2024021192,-3.361,-3.0962
2024021193,-2.5227,-3.4533
2024021194,-2.8805,-3.6851
2024021195,-4.292,-3.446
2024021196,-3.1204,-2.6089
2024021197,-3.2264,-3.2474
2024021198,-4.122,-3.2138
2024021199,-3.0484,-3.4359
2024021200,-3.3576,-3.4234
2024021201,-3.1789,-3.6741
2024021202,-2.9015,-2.6463
2024021203,-3.3711,-2.8656
2024021204,-2.7478,-2.6172
2024021205,-3.3938,-3.6707
2024021206,-3.5775,-2.9766
2024021207,-3.356,-4.0216
2024021208,-2.9814,-3.0936
2024021209,-3.7268,-3.2702
2024021210,-3.9632,-3.6093
2024021211,-3.1381,-3.6677
2024021212,-3.2552,-3.2474
2024021213,-3.0731,-3.9206
2024021214,-3.2106,-3.5193
2024021215,-3.307,-3.3743
2024021216,-3.0842,-3.5573
2024021217,-2.9587,-2.9238
2024021218,-3.1313,-3.3349
2024021219,-2.5532,-2.3798
2024021220,-2.8895,-2.6111
2024021221,-3.2783,-2.8701
2024021222,-2.6958,-3.3946
2024021223,-3.5389,-3.1122
2024021224,-3.7826,-4.2945
2024021225,-2.8887,-3.9254
2024021226,-3.3686,-3.0286
2024021227,-4.1203,-3.5568
2024021228,-3.3526,-2.8596
2024021229,-3.306,-2.7383
2024021230,-3.5709,-3.3291
2024021231,-2.5725,-2.9362
2024021232,-3.2815,-3.8034
2024021233,-3.4736,-3.133
2024021234,-2.9517,-2.8507
2024021292,-2.9809,-2.6908
2024021293,-4.5772,-3.8172
2024021294,-2.9738,-3.463
2024021295,-3.3728,-3.6637
2024021296,-2.8955,-3.5223
2024021297,-2.7757,-2.0783
2024021298,-3.1272,-3.7609
2024021299,-3.0744,-3.26
2024021300,-3.3838,-3.6775
2024021301,-2.8462,-3.8573
2024021302,-2.5294,-3.6531
2024021303,-3.0527,-3.7282
2024021304,-3.5156,-3.2395
2024021305,-3.5736,-3.4779
2024021306,-3.05,-4.5126
2024020653,-2.576,-3.9593
2024021307,-2.4877,-3.3179
2024021308,-3.1248,-3.3204
2024021309,-4.5914,-3.9234
2024021310,-4.0576,-2.6335
2024021311,-3.1673,-3.4399
2024021312,-3.5538,-3.8256
2024030151,-2.8952,-2.2218
2024030161,-3.9964,-3.1619
2024030111,-2.902,-3.8616
2024030141,-4.1828,-3.5679
2024030171,-3.1388,-3.318
2024030131,-3.571,-2.7521
2024030152,-2.6176,-2.2297
2024030162,-3.5722,-3.5959
2024030181,-2.9169,-3.6501
2024030112,-2.6155,-4.2146
2024030121,-2.645,-4.3046
2024030142,-3.9015,-3.9448
2024030172,-3.0432,-3.4276
2024030132,-3.1092,-3.3019
2024030163,-4.1257,-3.0715
2024030182,-2.5557,-3.5773
2024030113,-3.7444,-3.082
2024030122,-3.8341,-3.6992
2024030153,-3.708,-2.0514
2024030173,-3.3338,-3.12
2024030133,-2.9766,-3.0983
2024030143,-3.9323,-3.6442
2024030183,-3.7224,-3.2363
2024030114,-3.6254,-3.1675
2024030123,-3.9284,-2.7649
2024030164,-3.4025,-3.8013
2024030174,-3.0036,-3.5249
2024030134,-2.3506,-3.7063
2024030144,-3.9961,-3.5475
2024030154,-3.0553,-2.5343
2024030184,-3.7732,-2.9761
2024030124,-3.7899,-2.8804
2024030165,-4.0122,-3.2533
2024030115,-3.4363,-3.464
2024030145,-3.5856,-4.1952
2024030175,-3.2993,-2.9213
2024030185,-3.2751,-3.3842
2024030125,-2.7664,-3.9512
2024030135,-3.3797,-2.5402
2024030155,-3.5461,-2.247
2024030116,-3.6022,-3.4316
2024030166,-3.8233,-3.3757
2024030176,-3.2234,-2.8633
2024030186,-3.3026,-3.4105
2024030156,-2.1936,-3.6357
2024030167,-3.8326,-3.3791
2024030157,-3.7518,-2.031
2024030211,-3.3339,-4.1687
2024030221,-3.5558,-3.3408
2024030241,-3.4305,-3.2701
2024030212,-3.5758,-3.8594
2024030231,-3.5743,-3.5571
2024030222,-3.8109,-3.4092
2024030242,-3.1643,-3.4012
2024030213,-2.9852,-4.036
2024030232,-3.7882,-3.5757
2024030223,-3.4074,-3.8243
2024030243,-3.8652,-3.0818
2024030214,-3.0858,-3.9413
2024030233,-3.8174,-3.4848
2024030224,-3.6014,-3.6365
2024030244,-3.5429,-3.1897
2024030234,-2.4471,-4.3874
2024030215,-4.1385,-3.2722
2024030245,-2.9909,-3.5173
2024030225,-3.3862,-4.1943
2024030235,-4.0448,-2.7796
2024030216,-3.9118,-3.3297
2024030236,-3.1533,-3.5882
2024030217,-3.2441,-3.9595
2024030311,-4.0421,-3.8268
2024030321,-3.5512,-3.3737
2024030312,-4.2359,-3.6883
2024030322,-3.5115,-3.487
2024030313,-3.907,-4.0389
2024030323,-3.5235,-3.7349
2024030314,-4.0473,-4.4021
2024030324,-3.5371,-3.6205
2024030315,-4.1154,-3.8532
2024030325,-3.8294,-3.2946
2024030411,-3.4023,-3.7408
2024030412,-3.4834,-3.616
2024030413,-3.7542,-3.25
2024030414,-3.0629,-3.6522
2024030415,-3.6164,-3.0974
2024030416,-2.9804,-3.9837
2025020001,-1.7023,-3.1042
2025020002,-1.9888,-2.4709
2025020003,-2.2062,-2.4368
2025020004,-2.3098,-1.978
2025020005,-1.9194,-2.5256
2025020006,-2.5624,-1.8796
2025020007,-2.1111,-2.058
2025020008,-2.757,-2.8887
2025020009,-1.929,-2.0423
2025020010,-1.6129,-2.1954
2025020011,-2.8381,-2.5347
2025020012,-1.2926,-2.1293
2025020013,-2.2491,-2.1208
2025020014,-2.9725,-2.5078
2025020015,-1.9665,-2.465
2025020016,-2.322,-2.3829
2025020017,-2.0112,-1.9902
2025020018,-2.6559,-1.6644
2025020019,-1.9296,-2.7101
2025020020,-2.2608,-2.0139
2025020021,-1.5823,-2.4794
2025020022,-1.8371,-2.0773
2025020023,-2.9719,-2.0453
2025020024,-2.7032,-1.705
2025020025,-1.7304,-2.1392
2025020026,-2.3655,-2.6285
2025020027,-1.871,-2.9881
2025020028,-2.6885,-1.6451
2025020029,-1.6267,-2.1067
2025020030,-2.7618,-1.5509
2025020031,-3.4413,-2.1556
2025020032,-2.631,-2.0084
2025020033,-2.2596,-2.2873
2025020034,-2.9051,-2.4323
2025020035,-1.6248,-2.0058
2025020036,-1.8746,-2.7698
2025020037,-1.48,-2.4645
2025020038,-1.9899,-1.609
2025020039,-2.761,-3.0314
2025020040,-2.2145,-1.9857
2025020041,-3.3699,-2.2847
2025020042,-3.1267,-1.3777
2025020043,-2.4677,-1.445
2025020044,-2.4803,-1.4216
2025020045,-3.0801,-2.8142
2025020046,-2.6319,-2.6264
2025020047,-1.6905,-2.741
2025020048,-2.3226,-2.8777
2025020049,-1.6933,-3.111
2025020050,-3.1228,-1.3812
2025020051,-1.9282,-1.3117
2025020052,-1.3,-1.8758
2025020053,-2.6704,-2.4947
2025020054,-2.6826,-1.928
2025020055,-2.1773,-2.3599
2025020056,-2.7038,-1.8888
2025020109,-2.2518,-2.4226
2025020110,-2.4199,-1.9929
2025020111,-2.5518,-2.1507
2025020112,-2.6367,-1.1753
2025020113,-1.4646,-2.2364
2025020114,-2.4236,-2.0606
2025020115,-2.6911,-1.8571
2025020116,-1.5608,-1.5031
2025020117,-3.1503,-3.1532
2025020118,-3.1833,-1.4189
2025020119,-1.7584,-2.6213
2025020120,-2.0834,-2.0605
2025020121,-3.5504,-3.3955
2025020122,-1.679,-2.016
2025020123,-2.6713,-1.8158
2025020124,-3.0635,-2.5207
2025020125,-3.1037,-1.3885
2025020126,-2.4457,-2.5959
2025020182,-1.7284,-2.6076
2025020183,-2.3143,-2.7153
2025020184,-2.6721,-2.6171
2025020185,-2.1132,-1.4761
2025020186,-2.1299,-2.3029
2025020187,-1.6325,-2.6377
2025020188,-1.0756,-1.9247
2025020189,-2.2961,-2.2785
2025020190,-2.6593,-1.7766
2025020191,-3.1432,-2.3354
2025020192,-2.0474,-2.0272
2025020193,-2.1038,-0.8409
2025020194,-3.6986,-1.9757
2025020195,-1.7874,-2.4151
2025020196,-1.3312,-3.3042
2025020197,-2.5244,-2.3236
2025020198,-2.5264,-2.7617
2025020199,-1.927,-2.5094
2025020200,-2.296,-1.8487
2025020201,-2.4507,-2.8596
2025020202,-1.2527,-2.1848
2025020203,-1.4076,-2.896
2025020204,-1.5546,-2.2538
2025020205,-1.6243,-2.3528
2025020206,-2.3178,-3.9297
2025020207,-1.4193,-1.9273
2025020208,-2.0599,-2.1256
2025020209,-2.7183,-2.8663
2025020210,-2.3501,-3.024
2025020211,-2.342,-1.9371
2025020212,-3.1698,-2.0885
2025020213,-2.2976,-2.6366
2025020214,-2.4476,-2.4086
2025020215,-2.8017,-2.5846
2025020216,-3.1857,-2.1656
2025020217,-1.2752,-2.5369
2025020270,-1.2346,-1.8577
2025020271,-2.9012,-1.9661
2025020272,-2.8932,-2.3539
2025020273,-2.2265,-2.1862
2025020274,-2.8493,-1.9087
2025020275,-1.4319,-1.5568
2025020276,-2.2839,-3.2894
2025020277,-1.9646,-1.9968
2025020278,-1.3381,-2.937
2025020279,-3.4515,-2.9775
2025020280,-2.96,-2.8229
2025020281,-1.724,-2.4123
2025020282,-3.2637,-2.2532
2025020283,-1.599,-3.4109
2025020284,-2.0378,-2.7958
2025020285,-1.3225,-2.5244
2025020286,-2.6413,-2.5122
2025020287,-2.2161,-2.1939
2025020288,-2.7521,-2.6407
2025020289,-3.148,-2.6338
2025020290,-2.3375,-2.3828
2025020291,-2.3579,-1.9034
2025020292,-2.5465,-1.5249
2025020293,-1.9073,-3.092
2025020294,-2.3275,-2.5851
2025020295,-1.2286,-2.8443
2025020296,-2.6453,-1.7522
2025020297,-2.9482,-3.5903
2025020298,-2.0509,-2.3182
2025020299,-3.3894,-2.2509
2025020300,-1.021,-2.5877
2025020412,-2.6057,-2.8502
2025020413,-2.055,-2.301
2025020414,-3.1819,-3.4918
2025020415,-2.4489,-1.8619
2025020416,-3.4815,-2.479
2025020417,-1.2564,-3.3464
2025020418,-2.1143,-1.7883
2025020419,-2.7452,-1.8931
2025020420,-2.9261,-2.261
2025020421,-3.1174,-2.2303
2025020422,-1.6082,-2.5311
2025020423,-3.3876,-2.575
2025020424,-2.7164,-2.542
2025020425,-3.6642,-2.4806
2025020426,-3.1648,-2.3171
2025020427,-2.8368,-2.3156
2025020428,-3.939,-1.5588
2025020429,-2.499,-2.9356
2025020430,-2.4929,-1.9402
2025020431,-3.4272,-2.3574
2025020432,-1.932,-2.3585
2025020433,-3.2355,-1.8918
2025020434,-2.0053,-1.2876
2025020435,-3.1344,-2.387
2025020436,-2.969,-2.3699
2025020437,-2.7404,-3.2754
2025020438,-2.463,-3.0936
2025020439,-2.9637,-2.5331
2025020440,-3.0059,-2.6675
2025020441,-2.3417,-2.2801
2025020442,-2.3321,-2.1785
2025020443,-2.7517,-3.1113
2025020444,-2.5229,-1.4526
2025020445,-2.3197,-2.7084
2025020446,-2.6615,-1.7249
2025020447,-3.2178,-3.427
2025020448,-2.7096,-2.4798
2025020449,-2.867,-2.65
2025020450,-1.6436,-2.8841
2025020451,-2.7245,-2.4949
2025020452,-1.5121,-2.1503
2025020453,-2.8351,-2.0197
2025020454,-1.8344,-2.1886
2025020455,-3.033,-3.181
2025020456,-2.4413,-2.131
2025020457,-1.8915,-2.6228
2025020458,-2.4467,-2.1947
2025020459,-2.909,-2.6311
2025020460,-2.5152,-3.027
2025020461,-2.1473,-2.8884
2025020462,-2.2426,-2.4606
2025020463,-2.7766,-2.9051
2025020464,-2.5149,-2.1857
2025020465,-1.5268,-2.888
2025020466,-1.9992,-3.1681
2025020467,-2.459,-3.4919
2025020468,-2.3005,-2.7673
2025020469,-2.6577,-3.2165
2025020470,-2.7614,-2.3098
2025020471,-3.2753,-3.1195
2025020472,-2.6155,-2.6343
2025020473,-2.7459,-1.6095
2025020474,-1.689,-2.7337
2025020475,-2.8159,-2.4741
2025020476,-3.5487,-2.1481
2025020477,-3.1859,-2.4962
2025020478,-2.5756,-1.8481
2025020479,-2.2252,-2.1121
2025020480,-1.6569,-3.7445
2025020481,-3.1652,-3.395
2025020482,-2.4406,-3.3182
2025020483,-2.5902,-2.6924
2025020484,-1.8576,-2.1334
2025020485,-2.4356,-2.8514
2025020486,-3.5624,-2.6689
2025020487,-2.3723,-2.4421
2025020488,-2.3822,-2.2755
2025020489,-2.285,-2.5536
2025020490,-2.9575,-2.3402
2025020491,-1.629,-2.2231
2025020492,-2.2691,-2.7053
2025020493,-2.7731,-2.9856
2025020494,-1.8712,-1.8927
2025020495,-2.5323,-3.6202
2025020496,-2.2155,-2.8505
2025020497,-1.9101,-3.104
2025020498,-2.612,-3.9163
2025020499,-2.4488,-2.1939
2025020500,-2.2894,-2.2073
2025020501,-2.3191,-3.2568
2025020502,-3.2749,-2.6656
2025020503,-2.3811,-2.0679
2025020504,-2.7621,-2.2746
2025020505,-2.6271,-2.7543
2025020506,-2.5438,-2.3893
2025020507,-1.9455,-3.4873
2025020508,-2.3783,-2.6282
2025020509,-2.1387,-1.8046
2025020510,-2.7061,-2.4522
2025020511,-1.9141,-2.2148
2025020512,-2.3785,-2.8027
2025020513,-2.2806,-2.8481
2025020514,-4.2179,-2.7551
2025020515,-2.3126,-3.5865
2025020516,-1.9779,-3.1684
2025020517,-1.9736,-3.0644
2025020518,-2.471,-1.9651
2025020519,-2.5541,-2.6936
2025020520,-2.2714,-2.566
2025020521,-2.219,-2.7089
2025020522,-2.1536,-2.4659
2025020523,-2.5383,-3.1081
2025020524,-1.4581,-3.3413
2025020525,-2.9652,-3.5371
2025020526,-1.7202,-2.5135
2025020527,-2.4347,-3.4426
2025020528,-2.5953,-1.927
2025020529,-2.5688,-2.6173
2025020530,-1.8832,-2.8635
2025020531,-2.0099,-2.2359
2025020532,-3.1498,-2.6763
2025020533,-2.7541,-1.7938
2025020534,-2.4202,-2.8927
2025020535,-2.6902,-2.904
2025020536,-2.0058,-2.4982
2025020537,-2.9309,-1.9973
2025020538,-3.2703,-2.3514
2025020539,-2.4785,-2.1788
2025020540,-2.8446,-2.1279
2025020541,-1.4572,-2.3594
2025020542,-3.6669,-1.6262
2025020543,-2.1669,-1.862
2025020544,-2.7936,-2.3964
2025020545,-2.3276,-3.0828
2025020546,-2.6255,-3.1541
2025020547,-2.6099,-2.4745
2025020548,-3.5219,-1.7521
2025020549,-2.1214,-2.9497
2025020550,-1.9715,-1.8733
2025020551,-2.2191,-2.8872
2025020552,-2.0137,-2.6821
2025020553,-2.9001,-2.6133
2025020554,-2.1975,-1.5718
2025020555,-2.5639,-3.174
2025020556,-1.9677,-2.2684
2025020557,-3.4394,-3.0782
2025020558,-3.0312,-2.0726
2025020559,-3.4855,-2.1095
2025020560,-3.1129,-2.5956
2025020561,-2.8409,-1.6844
2025020562,-2.0498,-1.7372
2025020563,-2.081,-2.3005
2025020564,-2.2254,-2.0089
2025020565,-3.35,-2.4442
2025020566,-2.8558,-1.8642
2025020567,-2.6065,-2.0364
2025020568,-2.3644,-2.9599
2025020569,-1.9643,-3.7399
2025020570,-3.0206,-2.3483
2025020571,-3.0289,-1.6198
2025020572,-3.024,-3.6827
2025020573,-2.6622,-1.6398
2025020574,-2.6029,-2.7639
2025020575,-3.366,-2.3766
2025020576,-1.6814,-2.7754
2025020577,-2.4053,-2.4465
2025020578,-1.9094,-2.5391
2025020579,-2.1476,-2.1043
2025020580,-2.9362,-3.35
2025020581,-3.136,-2.3247
2025020582,-1.5551,-2.159
2025020583,-3.1823,-2.5559
2025020584,-2.6732,-1.9891
2025020585,-2.8221,-3.2557
2025020586,-2.8592,-2.1108
2025020587,-2.3189,-1.9403
2025020588,-2.8919,-2.7912
2025020589,-2.5113,-2.3287
2025020590,-2.9238,-1.5627
2025020591,-2.2734,-3.1323
2025020592,-3.0867,-1.7841
2025020593,-3.9823,-1.8185
2025020594,-3.3143,-1.5379
2025020595,-1.8997,-2.2642
2025020596,-2.3971,-2.3886
2025020597,-1.989,-2.3979
2025020598,-4.1842,-2.0258
2025020599,-4.0594,-3.3187
2025020600,-2.2582,-2.038
2025020601,-2.8089,-2.4454
2025020602,-3.8025,-2.9181
2025020603,-3.155,-2.3986
2025020604,-3.2394,-2.4984
2025020605,-2.998,-3.2723
2025020606,-2.4382,-2.3228
2025020607,-2.015,-1.9233
2025020608,-3.1492,-3.9873
2025020609,-2.8169,-2.0411
2025020610,-1.7143,-2.4728
2025020611,-2.197,-1.847
2025020612,-2.7468,-2.4244
2025020613,-3.7555,-2.9518
2025020614,-2.1183,-2.0986
2025020615,-2.2954,-4.4162
2025020616,-2.817,-2.9637
2025020617,-2.5173,-3.0017
2025020618,-1.8069,-3.2739
2025020619,-2.7707,-3.0914
2025020620,-2.7144,-3.1187
2025020621,-3.5073,-3.3749
2025020622,-2.5467,-3.8376
2025020623,-1.7912,-2.8967
2025020624,-2.1795,-3.3152
2025020625,-4.3656,-2.4379
2025020626,-2.7795,-2.6473
2025020627,-2.2439,-3.2973
2025020628,-1.3859,-2.6283
2025020629,-1.5718,-1.5726
2025020630,-3.4175,-2.6802
2025020631,-2.5417,-3.3112
2025020632,-2.4221,-2.519
2025020633,-2.8603,-2.2985
2025020634,-2.4488,-2.9171
2025020635,-2.7135,-2.7296
2025020636,-3.3311,-3.6003
2025020637,-2.8396,-1.3775
2025020638,-1.943,-2.7253
2025020639,-2.2841,-3.4908
2025020736,-2.6798,-2.7323
2025020737,-3.5737,-2.6352
2025020738,-1.4518,-2.5988
2025020739,-3.2924,-2.5325
2025020740,-1.9671,-2.8434
2025020741,-2.564,-3.415
2025020742,-2.555,-3.4097
2025020743,-2.6461,-4.0292
2025020744,-3.3689,-2.9789
2025020745,-2.4077,-3.1548
2025020746,-3.0549,-1.9965
2025020747,-1.9936,-2.2812
2025020748,-2.6729,-2.3585
2025020749,-3.3922,-3.0374
2025020750,-2.8378,-1.5242
2025020751,-2.1126,-3.2283
2025020752,-1.765,-2.2039
2025020753,-1.5483,-1.2283
2025020754,-2.3746,-2.6158
2025020755,-3.201,-2.9549
2025020756,-3.1036,-2.268
2025020757,-2.9247,-2.6561
2025020758,-3.1121,-2.3117
2025020759,-2.5074,-2.0646
2025020760,-2.893,-2.6033
2025020761,-2.1094,-2.2146
2025020762,-3.3284,-2.1762
2025020763,-2.5172,-3.2964
2025020764,-3.9252,-2.1179
2025020765,-2.6117,-2.0227
2025020766,-1.6566,-1.1424
2025020767,-2.215,-3.4191
2025020768,-3.0516,-2.7463
2025020769,-2.5365,-2.0498
2025020770,-2.5294,-1.767
2025020771,-2.1959,-2.3087
2025020772,-2.925,-2.3805
2025020773,-2.2685,-3.2273
2025020774,-2.4635,-2.9034
2025020775,-2.0662,-2.873
2025020776,-3.0772,-3.008
2025020777,-2.9206,-2.7473
2025020778,-3.7507,-2.4573
2025020779,-1.0741,-3.5326
2025020858,-2.8442,-3.1363
2025020859,-3.2469,-2.287
2025020860,-3.1387,-2.1422
2025020861,-2.6985,-2.9385
2025020862,-2.4902,-3.3804
2025020863,-2.6607,-3.4541
2025020864,-2.3504,-2.2657
2025020865,-2.0067,-2.3945
2025020866,-2.6176,-2.4471
2025020867,-2.5727,-2.9837
2025020868,-2.2405,-2.8135
2025020869,-2.8623,-2.8012
2025020870,-2.4625,-2.171
2025020871,-2.0426,-3.3239
2025020872,-1.5556,-2.6087
2025020873,-2.6891,-3.0206
2025020874,-3.0879,-2.8697
2025020875,-1.8681,-1.5958
2025020876,-3.219,-1.7887
2025020877,-2.5125,-2.2179
2025020878,-1.4072,-2.8611
2025020879,-2.5611,-2.5866
2025020880,-2.6689,-2.6115
2025020881,-2.6021,-2.9426
2025020882,-2.4986,-2.8179
2025020883,-2.1021,-2.6146
2025020884,-2.6221,-2.6887
2025020885,-3.2399,-2.6461
2025020886,-2.2544,-1.9777
2025020887,-2.7356,-2.715
2025020888,-2.6915,-2.2873
2025020889,-2.8219,-1.6567
2025020890,-2.9396,-2.7083
2025020891,-2.8141,-2.7222
2025020892,-1.9232,-2.5796
2025020893,-2.3398,-3.1454
2025020894,-2.8038,-2.3203
2025020895,-3.1252,-2.5435
2025020896,-2.8528,-2.6893
2025020897,-1.9445,-3.6962
2025020898,-2.5244,-2.8697
2025020899,-2.314,-2.0533
2025020900,-3.1887,-2.8168
2025020901,-1.4426,-2.6044
2025020902,-3.3102,-2.0267
2025020903,-2.1225,-2.0123
2025020904,-1.8358,-2.8021
2025020905,-2.8053,-2.5259
2025020906,-3.1807,-3.1779
2025020907,-2.3181,-2.4365
2025020908,-2.3059,-2.8175
2025020909,-1.5696,-2.712
2025020960,-2.7574,-1.341
2025020961,-2.4879,-1.8059
2025020962,-2.4521,-1.954
2025020963,-2.2201,-2.5174
2025020964,-2.9483,-3.6962
2025020965,-2.765,-1.6741
2025020966,-3.0341,-2.6589
2025020967,-2.2986,-2.18
2025020968,-2.0483,-2.326
2025020969,-3.7289,-2.7178
2025020970,-3.1122,-2.0639
2025020971,-2.2211,-2.4708
2025020972,-3.6375,-4.0887
2025020973,-2.7511,-2.4466
2025020974,-2.6839,-2.954
2025020975,-3.2862,-2.1269
2025020976,-2.3967,-2.542
2025020977,-2.2618,-2.3659
2025020978,-2.7228,-2.6052
2025020979,-1.9319,-3.6383
2025020980,-3.5609,-2.6234
2025020981,-2.3893,-2.9139
2025020982,-2.649,-2.8243
2025020983,-3.1731,-3.1421
2025020984,-2.2266,-2.3474
2025020985,-2.9021,-3.7007
2025020986,-2.7939,-3.7598
2025020987,-2.6361,-2.8412
2025020988,-2.1376,-2.0233
2025020989,-3.6696,-3.5693
2025020990,-3.5057,-2.4355
2025020991,-2.4506,-2.4542
2025020992,-2.6074,-2.1019
2025020993,-1.947,-1.9347
2025020994,-2.57,-3.2564
2025020995,-2.3057,-2.4786
2025020996,-2.705,-4.0985
2025020997,-2.3768,-3.0652
2025020998,-2.4922,-3.7998
2025020999,-3.7021,-2.9575
2025021000,-2.5359,-2.8295
2025021001,-2.7205,-2.1419
2025021002,-1.9443,-3.6124
2025021003,-2.8518,-3.5518
2025021004,-1.8265,-2.7481
2025021005,-2.5439,-2.2326
2025021006,-2.2952,-2.8941
2025021007,-2.0382,-2.6252
2025020828,-2.0637,-2.1555
2025021008,-2.1629,-2.3557
2025021009,-2.6764,-3.0136
2025021010,-3.0357,-2.6632
2025021011,-3.4472,-2.7253
2025021012,-3.485,-1.9677
2025021013,-2.767,-3.2476
2025021014,-3.2022,-2.2516
2025021015,-4.0798,-2.72
2025021016,-3.589,-2.5148
2025021017,-2.3878,-3.3095
2025021018,-3.2897,-1.8598
2025021019,-2.4909,-3.0127
2025021020,-1.4685,-2.268
2025021021,-3.1259,-2.4923
2025021022,-2.9069,-2.9162
2025021023,-1.7255,-2.5867
2025021024,-2.4913,-1.9599
2025021025,-3.0187,-2.7364
2025021026,-2.2196,-2.0738
2025021027,-2.5619,-3.6199
2025021028,-2.4403,-2.7446
2025021029,-2.5464,-2.2397
2025021030,-3.6662,-2.6919
2025021031,-3.3341,-2.8283
2025021032,-2.0383,-3.4414
2025021033,-2.5486,-2.4203
2025021034,-1.2947,-2.5642
2025021035,-2.3182,-1.7573
2025021036,-3.0699,-2.1891
2025021037,-2.7093,-3.2193
2025021038,-3.4954,-2.4419
2025021039,-2.2447,-2.757
2025021040,-2.0762,-1.3782
2025021041,-2.7747,-2.6752
2025021042,-2.3359,-2.7636
2025021043,-3.2452,-3.446
2025021044,-2.918,-3.2965
2025021045,-2.7935,-1.5371
2025021046,-1.8774,-2.2879
2025021047,-2.7047,-2.0834
2025021048,-2.7254,-3.142
2025021049,-3.0816,-2.5829
2025021050,-2.3638,-2.8983
2025021051,-3.0215,-3.1372
2025021052,-2.4512,-2.4536
2025021053,-1.4235,-2.9503
2025021054,-2.3818,-2.9245
2025021055,-3.1986,-2.1934
2025021056,-2.0789,-3.8356
2025021057,-2.6854,-2.0191
2025021058,-2.8755,-2.6625
2025021059,-3.2663,-3.5346
2025021060,-1.7128,-2.5606
2025021061,-3.3548,-2.8074
2025021062,-2.5793,-3.4889
2025021063,-2.7318,-4.1289
2025021064,-2.512,-3.8267
2025021065,-2.5724,-2.4798
2025021066,-1.2685,-2.7793
2025021067,-1.7398,-3.1814
2025021068,-2.6363,-2.5681
2025021069,-3.4051,-3.7836
2025021070,-2.93,-2.9378
2025021071,-2.1625,-3.2409
2025021072,-3.7456,-1.5371
2025021073,-2.914,-2.6256
2025021074,-3.0862,-3.7065
2025021075,-1.9916,-2.1697
2025021076,-2.1234,-2.7652
2025021077,-2.6686,-2.7214
2025021078,-3.2004,-3.5524
2025021079,-2.6501,-2.8449
2025021080,-1.9388,-1.947
2025021081,-4.1371,-2.7483
2025021082,-3.3084,-1.7975
2025021083,-3.3355,-2.0135
2025021084,-3.6118,-2.7604
2025021085,-2.525,-3.4043
2025021086,-2.5944,-3.2406
2025021087,-3.4317,-1.9805
2025021088,-2.2243,-2.6322
2025021089,-3.0238,-3.2343
2025021090,-3.4797,-2.981
2025021091,-1.7726,-2.175
2025021092,-2.6938,-2.5882
2025021093,-2.7915,-1.953
2025021094,-2.6161,-3.225
2025021095,-1.8882,-2.9164
2025021096,-2.8217,-2.0231
2025021097,-4.1176,-3.6473
2025021098,-2.1615,-2.9071
2025021099,-3.1503,-2.4053
2025021100,-2.8361,-1.7391
2025021101,-2.3751,-1.8824
2025021102,-2.6824,-2.6
2025021103,-2.7658,-1.8687
2025021104,-2.6273,-2.6684
2025021105,-3.2695,-3.1946
2025021106,-3.0988,-2.2388
2025021107,-3.5117,-2.4387
2025021108,-2.6796,-2.9472
2025021109,-2.1791,-3.1861
2025021110,-3.2737,-2.8178
2025021111,-1.7774,-2.3125
2025021112,-2.7159,-3.6275
2025021113,-2.6478,-2.3095
2025021114,-3.1806,-2.6944
2025021115,-2.8872,-2.6539
2025021116,-3.3017,-3.1928
2025021117,-3.0621,-2.9451
2025021118,-2.0937,-2.504
2025021119,-3.0,-3.0373
2025021120,-2.9944,-2.4326
2025021121,-3.2027,-3.8807
2025021122,-2.7728,-4.0186
2025021123,-4.2822,-2.4554
2025021124,-2.9998,-2.4295
2025021125,-2.7424,-2.8279
2025021126,-2.4331,-2.6226
2025021127,-2.9851,-1.8106
2025021128,-2.5771,-1.5799
2025021129,-2.7946,-2.2457
2025021130,-2.1496,-3.0562
2025021131,-3.1439,-2.9575
2025021132,-2.1309,-2.2245
2025021133,-3.5124,-2.3453
2025021134,-2.6583,-2.6768
2025021135,-2.9405,-2.771
2025021136,-2.6455,-2.4252
2025021137,-3.0166,-2.9349
2025021138,-3.7608,-1.9447
2025021139,-2.7618,-2.7603
2025021140,-3.978,-2.4173
2025021141,-2.4362,-2.6958
2025021142,-2.769,-2.2713
2025021143,-2.8776,-2.9793
2025021144,-2.2786,-2.7075
2025021145,-2.1736,-2.9559
2025021146,-2.3054,-2.104
2025021147,-2.7499,-2.5947
2025021148,-4.1251,-1.9538
2025021149,-2.8753,-2.8184
2025021150,-2.5895,-2.9189
2025021151,-2.6926,-2.7012
2025021152,-2.6687,-3.3771
2025021153,-1.9581,-3.7303
2025021154,-3.3612,-3.5698
2025021155,-3.3788,-2.6023
2025021156,-2.2504,-3.5509
2025021157,-3.7278,-2.9358
2025021158,-3.1428,-2.5866
2025021159,-2.2118,-2.8747
2025021160,-2.3523,-2.4646
2025021161,-1.7017,-3.212
2025021162,-2.5426,-2.503
2025021163,-2.7751,-2.4476
2025021164,-2.3658,-2.2717
2025021165,-2.5309,-3.506
2025021166,-2.8413,-2.3708
2025021167,-2.2732,-3.78
2025021168,-2.4924,-2.1995
2025021169,-3.4785,-2.4229
2025021170,-2.8926,-3.277
2025021171,-3.3307,-2.8789
2025021172,-2.3782,-3.4691
2025021173,-2.1134,-2.3337
2025021174,-2.6219,-2.4673
2025021175,-2.8342,-3.8098
2025021176,-2.9052,-2.5512
2025021177,-2.4595,-2.0591
2025021178,-3.6074,-3.1136
2025021179,-2.6525,-2.521
2025021180,-2.2705,-3.2982
2025021181,-3.4945,-3.6485
2025021182,-2.8242,-2.7811
2025021183,-2.0738,-3.1099
2025021184,-2.5441,-2.7373
2025021185,-2.5743,-3.0662
2025021186,-3.7641,-2.4991
2025021187,-3.1269,-2.922
2025021188,-2.426,-3.2458
2025021189,-2.354,-2.2798
2025021190,-2.4913,-3.6471
2025021191,-4.6648,-2.3517
2025021192,-2.7671,-2.4849
2025021193,-2.7607,-3.6879
2025021194,-2.877,-2.2021
2025021195,-2.6266,-3.0091
2025021196,-2.9966,-2.7381
2025021197,-3.3639,-2.3611
2025021198,-2.9009,-2.6585
2025021199,-2.9566,-2.5252
2025021200,-2.9275,-3.0773
2025021201,-2.59,-3.2116
2025021202,-2.4199,-2.5582
2025021203,-3.3951,-2.4484
2025021204,-2.0096,-2.5337
2025021205,-2.4432,-2.5935
2025021206,-3.679,-3.1829
2025021207,-3.1323,-2.8122
2025021208,-4.157,-2.5879
2025021209,-2.5171,-2.8318
2025021210,-2.1633,-3.6372
2025021211,-3.0729,-2.5413
2025021212,-2.1243,-2.6178
2025021213,-2.3866,-3.0765
2025021214,-3.0928,-2.9107
2025021215,-2.762,-2.4043
2025021216,-3.3397,-3.0986
2025021217,-2.014,-2.1354
2025021218,-2.8153,-2.6459
2025021219,-3.25,-3.4464
2025021220,-2.6968,-2.3731
2025021221,-2.9321,-3.0513
2025021222,-3.5259,-2.4795
2025021223,-2.4311,-3.0532
2025021224,-2.5945,-3.4409
2025021225,-4.2329,-3.2881
2025021226,-2.6455,-2.0311
2025021227,-2.3444,-2.1405
2025021228,-3.0611,-3.4196
2025021229,-2.9759,-2.1181
2025021230,-2.4712,-3.2082
2025021231,-2.4029,-2.9431
2025021232,-1.7591,-3.1974
2025021233,-2.9942,-3.7368
2025021234,-3.85,-2.4544
2025021235,-2.884,-3.0956
2025021236,-2.3436,-2.3716
2025021237,-3.797,-3.3323
2025021238,-3.6142,-3.1274
2025021239,-2.0219,-3.767
2025021240,-3.0836,-2.7634
2025021241,-2.911,-2.7256
2025021242,-3.2214,-2.7488
2025021243,-2.4563,-2.7997
2025021244,-1.8755,-2.5358
2025021245,-2.3593,-2.5502
2025021246,-2.6581,-2.9916
2025021247,-3.1736,-2.6441
2025021248,-3.0093,-2.9322
2025021249,-3.0336,-4.2208
2025021250,-2.9349,-2.4885
2025021251,-2.2551,-1.7634
2025021252,-2.6718,-2.3815
2025021253,-3.1694,-2.8339
2025021254,-1.7249,-2.7999
2025021255,-2.882,-3.1646
2025021256,-3.4596,-3.7504
2025021257,-3.0029,-2.8982
2025021258,-2.9103,-2.6391
2025021259,-3.0113,-2.602
2025021260,-2.1654,-3.0805
2025021261,-4.0294,-3.6852
2025021262,-2.6264,-3.0585
2025021263,-2.0525,-2.453
2025021264,-2.654,-2.8807
2025021265,-2.8552,-2.3726
2025021266,-3.2429,-2.9664
2025021267,-3.4003,-2.6621
2025021268,-1.9076,-1.2987
2025021269,-3.1302,-2.6999
2025021270,-2.8427,-3.6811
2025021271,-2.5998,-3.8496
2025021272,-2.9697,-2.8054
2025021273,-3.0022,-5.1181
2025021274,-3.1374,-2.7281
2025021275,-3.2226,-3.0216
2025021276,-2.3965,-2.1558
2025021277,-2.2776,-2.9818
2025021278,-3.5677,-3.7195
2025021279,-2.4418,-3.4516
2025021280,-2.2344,-3.9102
2025021281,-4.9605,-2.9364
2025021282,-3.9127,-3.3172
2025021283,-3.7259,-2.18
2025021284,-3.1549,-3.4432
2025021285,-2.7804,-1.9183
2025021286,-3.2738,-2.8392
2025021287,-2.9312,-2.906
2025021288,-2.6928,-1.9797
2025021289,-2.7665,-3.3148
2025021290,-3.1467,-2.7598
2025021291,-2.5992,-2.4978
2025021292,-3.8102,-2.591
2025021293,-2.2492,-4.2653
2025021294,-2.7328,-3.6149
2025021295,-3.9081,-2.0411
2025021296,-3.2867,-2.1812
2025021297,-3.7191,-3.3386
2025021298,-2.8831,-3.8138
2025021299,-3.1936,-2.5308
2025021300,-4.2088,-2.3112
2025030161,-2.1889,-2.9486
2025030151,-3.0071,-2.668
2025030171,-2.8069,-3.4396
2025030162,-1.8498,-3.0407
2025030181,-2.6513,-2.4674
2025030152,-2.8313,-2.9258
2025030172,-2.9497,-3.571
2025030163,-2.6533,-2.2636
2025030182,-2.6984,-2.5513
2025030153,-3.133,-2.7911
2025030173,-3.6647,-2.9377
2025030183,-2.8471,-2.4654
2025030144,-2.795,-2.3714
2025030164,-2.3264,-2.7814
2025030154,-2.7476,-2.8531
2025030184,-2.5594,-2.7979
2025030145,-2.891,-2.2683
2025030174,-3.2614,-3.4258
2025030165,-3.0207,-2.4834
2025030185,-2.4419,-2.6697
2025030146,-2.5208,-2.3968
2025030175,-3.6051,-2.8636
2025030166,-3.0807,-2.7544
2025030186,-2.9813,-2.1685
2025030176,-3.2146,-3.1243
2025030221,-3.4147,-2.2554
2025030231,-2.8785,-2.7744
2025030222,-2.9297,-3.0239
2025030241,-3.2807,-2.5691
2025030232,-2.4831,-3.2431
2025030211,-2.3344,-2.5596
2025030242,-3.1447,-2.99
2025030223,-3.0812,-3.0837
2025030212,-2.0569,-2.8438
2025030243,-3.3694,-2.9317
2025030224,-2.2064,-3.5311
2025030233,-3.6878,-2.0189
2025030213,-2.6288,-2.4709
2025030244,-3.4572,-2.8806
2025030234,-3.1561,-2.9189
2025030214,-2.204,-2.5817
2025030245,-3.3996,-2.8785
2025030235,-3.0124,-3.1732
2025030215,-2.262,-2.6128
2025030246,-3.5585,-3.1452
2025030216,-2.056,-3.117
2025030217,-2.6825,-2.6616
2025030321,-2.8862,-2.7904
2025030311,-3.3038,-2.5159
2025030322,-2.548,-2.9731
2025030312,-3.2248,-2.6278
2025030323,-2.797,-2.8184
2025030313,-2.4884,-3.2304
2025030324,-2.3606,-3.3159
2025030314,-2.38,-3.4267
2025030315,-3.2599,-2.6422
2025030411,-2.6643,-2.0724
2025030412,-2.6364,-2.1617
2025030413,-2.1794,-2.5996
2025030414,-2.0952,-2.736
2025030415,-2.941,-1.8808
2025030416,-2.6302,-2.5035
